o mesh
v 0.000000 0.000000 0.030000
v 0.017634 0.000000 0.024271
v 0.028532 0.000000 0.009271
v 0.028532 0.000000 -0.009271
v 0.017634 0.000000 -0.024271
v 0.000000 0.000000 -0.030000
v -0.017634 0.000000 -0.024271
v -0.028532 0.000000 -0.009271
v -0.028532 0.000000 0.009271
v -0.017634 0.000000 0.024271
v 0.000000 0.300000 0.020400
v 0.011991 0.300000 0.016504
v 0.019402 0.300000 0.006304
v 0.019402 0.300000 -0.006304
v 0.011991 0.300000 -0.016504
v 0.000000 0.300000 -0.020400
v -0.011991 0.300000 -0.016504
v -0.019402 0.300000 -0.006304
v -0.019402 0.300000 0.006304
v -0.011991 0.300000 0.016504
f 1 2 12
f 1 12 11
f 2 3 13
f 2 13 12
f 3 4 14
f 3 14 13
f 4 5 15
f 4 15 14
f 5 6 16
f 5 16 15
f 6 7 17
f 6 17 16
f 7 8 18
f 7 18 17
f 8 9 19
f 8 19 18
f 9 10 20
f 9 20 19
f 10 1 11
f 10 11 20
v 0.002544 0.300000 0.020241
v 0.010831 0.308100 0.015272
v 0.014981 0.313106 0.004471
v 0.013408 0.313106 -0.008039
v 0.006714 0.308100 -0.017478
v -0.002544 0.300000 -0.020241
v -0.010831 0.291900 -0.015272
v -0.014981 0.286894 -0.004471
v -0.013408 0.286894 0.008039
v -0.006714 0.291900 0.017478
v -0.109661 0.422551 0.027765
v -0.104026 0.428059 0.024387
v -0.101204 0.431463 0.017041
v -0.102273 0.431463 0.008535
v -0.106825 0.428059 0.002117
v -0.113121 0.422551 0.000238
v -0.118756 0.417043 0.003616
v -0.121578 0.413639 0.010961
v -0.120508 0.413639 0.019468
v -0.115957 0.417043 0.025886
f 21 22 32
f 21 32 31
f 22 23 33
f 22 33 32
f 23 24 34
f 23 34 33
f 24 25 35
f 24 35 34
f 25 26 36
f 25 36 35
f 26 27 37
f 26 37 36
f 27 28 38
f 27 38 37
f 28 29 39
f 28 39 38
f 29 30 40
f 29 40 39
f 30 21 31
f 30 31 40
v -0.111317 0.422551 0.027873
v -0.107877 0.429937 0.025206
v -0.105780 0.434502 0.018258
v -0.105825 0.434502 0.009685
v -0.107997 0.429937 0.002760
v -0.111465 0.422551 0.000130
v -0.114905 0.415165 0.002797
v -0.117002 0.410600 0.009745
v -0.116956 0.410600 0.018318
v -0.114785 0.415165 0.025242
v -0.200359 0.464178 0.023910
v -0.198020 0.469200 0.022096
v -0.196594 0.472305 0.017372
v -0.196625 0.472305 0.011542
v -0.198102 0.469200 0.006833
v -0.200460 0.464178 0.005044
v -0.202799 0.459155 0.006858
v -0.204225 0.456051 0.011583
v -0.204194 0.456051 0.017412
v -0.202718 0.459155 0.022121
f 41 42 52
f 41 52 51
f 42 43 53
f 42 53 52
f 43 44 54
f 43 54 53
f 44 45 55
f 44 55 54
f 45 46 56
f 45 56 55
f 46 47 57
f 46 57 56
f 47 48 58
f 47 58 57
f 48 49 59
f 48 59 58
f 49 50 60
f 49 60 59
f 50 41 51
f 50 51 60
v -0.200410 0.464178 0.014477
v -0.199568 0.463122 0.018371
v -0.198414 0.462731 0.022417
v -0.196835 0.463249 0.026669
v -0.194807 0.464722 0.031138
v -0.192387 0.467033 0.035797
v -0.189695 0.469925 0.040589
v -0.186895 0.473044 0.045432
v -0.184182 0.475979 0.050233
v -0.181749 0.478318 0.054899
v -0.179767 0.479695 0.059346
v -0.178362 0.479840 0.063513
v -0.177603 0.478608 0.067367
v -0.177489 0.475999 0.070908
v -0.177953 0.472158 0.074169
v -0.178868 0.467355 0.077212
v -0.180063 0.461956 0.080118
v -0.181344 0.456373 0.082983
v -0.182518 0.451016 0.085900
v -0.183420 0.446241 0.088949
v -0.183929 0.442304 0.092188
v -0.183990 0.439322 0.095644
v -0.183626 0.437249 0.099307
v -0.182949 0.435841 0.103121
v -0.183790 0.436897 0.099227
v -0.184944 0.437288 0.095182
v -0.186524 0.436770 0.090930
v -0.188551 0.435297 0.086461
v -0.190971 0.432986 0.081801
v -0.193664 0.430094 0.077010
v -0.196463 0.426975 0.072166
v -0.199176 0.424039 0.067365
v -0.201609 0.421701 0.062699
v -0.203592 0.420324 0.058252
v -0.204997 0.420179 0.054085
v -0.205756 0.421411 0.050231
v -0.205869 0.424020 0.046690
v -0.205405 0.427861 0.043429
v -0.204490 0.432664 0.040386
v -0.203296 0.438063 0.037480
v -0.202015 0.443646 0.034615
v -0.200840 0.449003 0.031698
v -0.199939 0.453777 0.028649
v -0.199430 0.457714 0.025410
v -0.199368 0.460696 0.021954
v -0.199733 0.462770 0.018291
f 61 62 63
f 61 63 62
f 61 63 64
f 61 64 63
f 61 64 65
f 61 65 64
f 61 65 66
f 61 66 65
f 61 66 67
f 61 67 66
f 61 67 68
f 61 68 67
f 61 68 69
f 61 69 68
f 61 69 70
f 61 70 69
f 61 70 71
f 61 71 70
f 61 71 72
f 61 72 71
f 61 72 73
f 61 73 72
f 61 73 74
f 61 74 73
f 61 74 75
f 61 75 74
f 61 75 76
f 61 76 75
f 61 76 77
f 61 77 76
f 61 77 78
f 61 78 77
f 61 78 79
f 61 79 78
f 61 79 80
f 61 80 79
f 61 80 81
f 61 81 80
f 61 81 82
f 61 82 81
f 61 82 83
f 61 83 82
f 61 83 84
f 61 84 83
f 61 84 85
f 61 85 84
f 61 85 86
f 61 86 85
f 61 86 87
f 61 87 86
f 61 87 88
f 61 88 87
f 61 88 89
f 61 89 88
f 61 89 90
f 61 90 89
f 61 90 91
f 61 91 90
f 61 91 92
f 61 92 91
f 61 92 93
f 61 93 92
f 61 93 94
f 61 94 93
f 61 94 95
f 61 95 94
f 61 95 96
f 61 96 95
f 61 96 97
f 61 97 96
f 61 97 98
f 61 98 97
f 61 98 99
f 61 99 98
f 61 99 100
f 61 100 99
f 61 100 101
f 61 101 100
f 61 101 102
f 61 102 101
f 61 102 103
f 61 103 102
f 61 103 104
f 61 104 103
f 61 104 105
f 61 105 104
f 61 105 106
f 61 106 105
v -0.200410 0.464178 0.014477
v -0.198516 0.463543 0.011589
v -0.196827 0.462470 0.008646
v -0.195474 0.460678 0.005614
v -0.194520 0.458036 0.002475
v -0.193952 0.454571 -0.000766
v -0.193682 0.450467 -0.004087
v -0.193567 0.446034 -0.007449
v -0.193421 0.441665 -0.010803
v -0.193050 0.437778 -0.014097
v -0.192273 0.434758 -0.017283
v -0.190953 0.432896 -0.020324
v -0.189018 0.432349 -0.023201
v -0.186467 0.433116 -0.025914
v -0.183374 0.435042 -0.028483
v -0.179875 0.437834 -0.030944
v -0.176151 0.441108 -0.033345
v -0.172396 0.444447 -0.035737
v -0.168795 0.447456 -0.038171
v -0.165494 0.449826 -0.040684
v -0.162577 0.451374 -0.043300
v -0.160060 0.452072 -0.046022
v -0.157878 0.452050 -0.048834
v -0.155902 0.451590 -0.051700
v -0.157796 0.452225 -0.048812
v -0.159485 0.453298 -0.045869
v -0.160837 0.455090 -0.042837
v -0.161791 0.457733 -0.039698
v -0.162360 0.461197 -0.036457
v -0.162630 0.465301 -0.033136
v -0.162745 0.469735 -0.029774
v -0.162891 0.474104 -0.026420
v -0.163262 0.477990 -0.023126
v -0.164039 0.481010 -0.019940
v -0.165359 0.482872 -0.016899
v -0.167294 0.483420 -0.014022
v -0.169845 0.482652 -0.011309
v -0.172938 0.480726 -0.008740
v -0.176436 0.477935 -0.006279
v -0.180161 0.474660 -0.003878
v -0.183916 0.471322 -0.001486
v -0.187517 0.468312 0.000948
v -0.190818 0.465942 0.003461
v -0.193734 0.464394 0.006077
v -0.196252 0.463697 0.008799
v -0.198434 0.463718 0.011611
f 107 108 109
f 107 109 108
f 107 109 110
f 107 110 109
f 107 110 111
f 107 111 110
f 107 111 112
f 107 112 111
f 107 112 113
f 107 113 112
f 107 113 114
f 107 114 113
f 107 114 115
f 107 115 114
f 107 115 116
f 107 116 115
f 107 116 117
f 107 117 116
f 107 117 118
f 107 118 117
f 107 118 119
f 107 119 118
f 107 119 120
f 107 120 119
f 107 120 121
f 107 121 120
f 107 121 122
f 107 122 121
f 107 122 123
f 107 123 122
f 107 123 124
f 107 124 123
f 107 124 125
f 107 125 124
f 107 125 126
f 107 126 125
f 107 126 127
f 107 127 126
f 107 127 128
f 107 128 127
f 107 128 129
f 107 129 128
f 107 129 130
f 107 130 129
f 107 130 131
f 107 131 130
f 107 131 132
f 107 132 131
f 107 132 133
f 107 133 132
f 107 133 134
f 107 134 133
f 107 134 135
f 107 135 134
f 107 135 136
f 107 136 135
f 107 136 137
f 107 137 136
f 107 137 138
f 107 138 137
f 107 138 139
f 107 139 138
f 107 139 140
f 107 140 139
f 107 140 141
f 107 141 140
f 107 141 142
f 107 142 141
f 107 142 143
f 107 143 142
f 107 143 144
f 107 144 143
f 107 144 145
f 107 145 144
f 107 145 146
f 107 146 145
f 107 146 147
f 107 147 146
f 107 147 148
f 107 148 147
f 107 148 149
f 107 149 148
f 107 149 150
f 107 150 149
f 107 150 151
f 107 151 150
f 107 151 152
f 107 152 151
v -0.200887 0.464178 0.023898
v -0.201321 0.469697 0.022072
v -0.201407 0.473109 0.017345
v -0.201112 0.473109 0.011523
v -0.200548 0.469697 0.006829
v -0.199932 0.464178 0.005056
v -0.199498 0.458658 0.006882
v -0.199413 0.455247 0.011609
v -0.199708 0.455247 0.017431
v -0.200271 0.458658 0.022125
v -0.259268 0.458597 0.017916
v -0.259562 0.462350 0.016674
v -0.259621 0.464670 0.013460
v -0.259420 0.464670 0.009501
v -0.259037 0.462350 0.006309
v -0.258618 0.458597 0.005104
v -0.258323 0.454844 0.006345
v -0.258265 0.452524 0.009559
v -0.258466 0.452524 0.013519
v -0.258849 0.454844 0.016711
f 153 154 164
f 153 164 163
f 154 155 165
f 154 165 164
f 155 156 166
f 155 166 165
f 156 157 167
f 156 167 166
f 157 158 168
f 157 168 167
f 158 159 169
f 158 169 168
f 159 160 170
f 159 170 169
f 160 161 171
f 160 171 170
f 161 162 172
f 161 172 171
f 162 153 163
f 162 163 172
v -0.258943 0.458597 0.011510
v -0.257126 0.459106 0.015510
v -0.255430 0.460837 0.019596
v -0.253844 0.463685 0.023760
v -0.252349 0.467447 0.027988
v -0.250916 0.471838 0.032260
v -0.249512 0.476523 0.036553
v -0.248101 0.481143 0.040841
v -0.246649 0.485339 0.045100
v -0.245123 0.488787 0.049306
v -0.243496 0.491216 0.053440
v -0.241749 0.492435 0.057490
v -0.239872 0.492343 0.061448
v -0.237866 0.490941 0.065315
v -0.235741 0.488328 0.069096
v -0.233514 0.484697 0.072806
v -0.231214 0.480317 0.076464
v -0.228871 0.475514 0.080092
v -0.226523 0.470645 0.083715
v -0.224203 0.466071 0.087359
v -0.221945 0.462126 0.091047
v -0.219778 0.459093 0.094799
v -0.217722 0.457180 0.098630
v -0.215786 0.456487 0.102546
v -0.217603 0.455977 0.098546
v -0.219299 0.454247 0.094460
v -0.220884 0.451398 0.090296
v -0.222380 0.447637 0.086068
v -0.223813 0.443246 0.081795
v -0.225217 0.438561 0.077503
v -0.226627 0.433941 0.073215
v -0.228080 0.429745 0.068956
v -0.229606 0.426297 0.064750
v -0.231233 0.423868 0.060615
v -0.232980 0.422649 0.056565
v -0.234856 0.422741 0.052607
v -0.236862 0.424143 0.048741
v -0.238988 0.426756 0.044959
v -0.241214 0.430387 0.041249
v -0.243515 0.434767 0.037592
v -0.245857 0.439570 0.033964
v -0.248206 0.444439 0.030340
v -0.250526 0.449013 0.026696
v -0.252783 0.452958 0.023008
v -0.254950 0.455990 0.019256
v -0.257007 0.457904 0.015426
f 173 174 175
f 173 175 174
f 173 175 176
f 173 176 175
f 173 176 177
f 173 177 176
f 173 177 178
f 173 178 177
f 173 178 179
f 173 179 178
f 173 179 180
f 173 180 179
f 173 180 181
f 173 181 180
f 173 181 182
f 173 182 181
f 173 182 183
f 173 183 182
f 173 183 184
f 173 184 183
f 173 184 185
f 173 185 184
f 173 185 186
f 173 186 185
f 173 186 187
f 173 187 186
f 173 187 188
f 173 188 187
f 173 188 189
f 173 189 188
f 173 189 190
f 173 190 189
f 173 190 191
f 173 191 190
f 173 191 192
f 173 192 191
f 173 192 193
f 173 193 192
f 173 193 194
f 173 194 193
f 173 194 195
f 173 195 194
f 173 195 196
f 173 196 195
f 173 196 197
f 173 197 196
f 173 197 198
f 173 198 197
f 173 198 199
f 173 199 198
f 173 199 200
f 173 200 199
f 173 200 201
f 173 201 200
f 173 201 202
f 173 202 201
f 173 202 203
f 173 203 202
f 173 203 204
f 173 204 203
f 173 204 205
f 173 205 204
f 173 205 206
f 173 206 205
f 173 206 207
f 173 207 206
f 173 207 208
f 173 208 207
f 173 208 209
f 173 209 208
f 173 209 210
f 173 210 209
f 173 210 211
f 173 211 210
f 173 211 212
f 173 212 211
f 173 212 213
f 173 213 212
f 173 213 214
f 173 214 213
f 173 214 215
f 173 215 214
f 173 215 216
f 173 216 215
f 173 216 217
f 173 217 216
f 173 217 218
f 173 218 217
v -0.258943 0.458597 0.011510
v -0.257918 0.462674 0.008697
v -0.256796 0.466204 0.005012
v -0.255554 0.469051 0.000238
v -0.254193 0.471220 -0.005618
v -0.252732 0.472822 -0.012378
v -0.251205 0.474053 -0.019729
v -0.249659 0.475170 -0.027263
v -0.248142 0.476454 -0.034530
v -0.246703 0.478184 -0.041085
v -0.245385 0.480601 -0.046545
v -0.244220 0.483884 -0.050624
v -0.243224 0.488126 -0.053174
v -0.242397 0.493327 -0.054194
v -0.241723 0.499393 -0.053834
v -0.241169 0.506147 -0.052378
v -0.240694 0.513346 -0.050211
v -0.240249 0.520714 -0.047776
v -0.239783 0.527966 -0.045525
v -0.239252 0.534848 -0.043865
v -0.238622 0.541163 -0.043108
v -0.237871 0.546799 -0.043434
v -0.237001 0.551753 -0.044849
v -0.236034 0.556160 -0.047136
v -0.237059 0.552083 -0.044323
v -0.238180 0.548553 -0.040638
v -0.239422 0.545705 -0.035864
v -0.240783 0.543537 -0.030008
v -0.242245 0.541935 -0.023248
v -0.243771 0.540704 -0.015897
v -0.245318 0.539587 -0.008363
v -0.246835 0.538303 -0.001096
v -0.248274 0.536573 0.005459
v -0.249591 0.534156 0.010919
v -0.250756 0.530873 0.014999
v -0.251752 0.526631 0.017548
v -0.252579 0.521430 0.018568
v -0.253254 0.515364 0.018208
v -0.253807 0.508610 0.016752
v -0.254282 0.501410 0.014585
v -0.254728 0.494043 0.012151
v -0.255193 0.486791 0.009900
v -0.255724 0.479909 0.008239
v -0.256355 0.473594 0.007483
v -0.257105 0.467957 0.007808
v -0.257976 0.463004 0.009223
f 219 220 221
f 219 221 220
f 219 221 222
f 219 222 221
f 219 222 223
f 219 223 222
f 219 223 224
f 219 224 223
f 219 224 225
f 219 225 224
f 219 225 226
f 219 226 225
f 219 226 227
f 219 227 226
f 219 227 228
f 219 228 227
f 219 228 229
f 219 229 228
f 219 229 230
f 219 230 229
f 219 230 231
f 219 231 230
f 219 231 232
f 219 232 231
f 219 232 233
f 219 233 232
f 219 233 234
f 219 234 233
f 219 234 235
f 219 235 234
f 219 235 236
f 219 236 235
f 219 236 237
f 219 237 236
f 219 237 238
f 219 238 237
f 219 238 239
f 219 239 238
f 219 239 240
f 219 240 239
f 219 240 241
f 219 241 240
f 219 241 242
f 219 242 241
f 219 242 243
f 219 243 242
f 219 243 244
f 219 244 243
f 219 244 245
f 219 245 244
f 219 245 246
f 219 246 245
f 219 246 247
f 219 247 246
f 219 247 248
f 219 248 247
f 219 248 249
f 219 249 248
f 219 249 250
f 219 250 249
f 219 250 251
f 219 251 250
f 219 251 252
f 219 252 251
f 219 252 253
f 219 253 252
f 219 253 254
f 219 254 253
f 219 254 255
f 219 255 254
f 219 255 256
f 219 256 255
f 219 256 257
f 219 257 256
f 219 257 258
f 219 258 257
f 219 258 259
f 219 259 258
f 219 259 260
f 219 260 259
f 219 260 261
f 219 261 260
f 219 261 262
f 219 262 261
f 219 262 263
f 219 263 262
f 219 263 264
f 219 264 263
v -0.258943 0.458597 0.011510
v -0.256916 0.456711 0.009470
v -0.254868 0.454393 0.007813
v -0.252787 0.451449 0.006708
v -0.250673 0.447822 0.006206
v -0.248527 0.443579 0.006248
v -0.246358 0.438891 0.006684
v -0.244180 0.434011 0.007289
v -0.242007 0.429237 0.007800
v -0.239856 0.424877 0.007945
v -0.237738 0.421204 0.007484
v -0.235666 0.418422 0.006236
v -0.233645 0.416641 0.004104
v -0.231674 0.415862 0.001088
v -0.229749 0.415973 -0.002716
v -0.227858 0.416772 -0.007126
v -0.225988 0.417984 -0.011901
v -0.224123 0.419303 -0.016771
v -0.222249 0.420430 -0.021470
v -0.220352 0.421112 -0.025777
v -0.218424 0.421177 -0.029539
v -0.216462 0.420560 -0.032699
v -0.214467 0.419317 -0.035306
v -0.212451 0.417641 -0.037531
v -0.214478 0.419527 -0.035491
v -0.216527 0.421845 -0.033834
v -0.218607 0.424789 -0.032729
v -0.220722 0.428416 -0.032227
v -0.222867 0.432659 -0.032269
v -0.225036 0.437347 -0.032705
v -0.227214 0.442227 -0.033310
v -0.229387 0.447001 -0.033821
v -0.231539 0.451361 -0.033966
v -0.233656 0.455034 -0.033505
v -0.235728 0.457816 -0.032257
v -0.237749 0.459597 -0.030125
v -0.239720 0.460376 -0.027109
v -0.241645 0.460264 -0.023305
v -0.243536 0.459466 -0.018895
v -0.245406 0.458254 -0.014120
v -0.247271 0.456934 -0.009250
v -0.249145 0.455808 -0.004551
v -0.251042 0.455126 -0.000244
v -0.252970 0.455061 0.003518
v -0.254933 0.455678 0.006678
v -0.256927 0.456921 0.009285
f 265 266 267
f 265 267 266
f 265 267 268
f 265 268 267
f 265 268 269
f 265 269 268
f 265 269 270
f 265 270 269
f 265 270 271
f 265 271 270
f 265 271 272
f 265 272 271
f 265 272 273
f 265 273 272
f 265 273 274
f 265 274 273
f 265 274 275
f 265 275 274
f 265 275 276
f 265 276 275
f 265 276 277
f 265 277 276
f 265 277 278
f 265 278 277
f 265 278 279
f 265 279 278
f 265 279 280
f 265 280 279
f 265 280 281
f 265 281 280
f 265 281 282
f 265 282 281
f 265 282 283
f 265 283 282
f 265 283 284
f 265 284 283
f 265 284 285
f 265 285 284
f 265 285 286
f 265 286 285
f 265 286 287
f 265 287 286
f 265 287 288
f 265 288 287
f 265 288 289
f 265 289 288
f 265 289 290
f 265 290 289
f 265 290 291
f 265 291 290
f 265 291 292
f 265 292 291
f 265 292 293
f 265 293 292
f 265 293 294
f 265 294 293
f 265 294 295
f 265 295 294
f 265 295 296
f 265 296 295
f 265 296 297
f 265 297 296
f 265 297 298
f 265 298 297
f 265 298 299
f 265 299 298
f 265 299 300
f 265 300 299
f 265 300 301
f 265 301 300
f 265 301 302
f 265 302 301
f 265 302 303
f 265 303 302
f 265 303 304
f 265 304 303
f 265 304 305
f 265 305 304
f 265 305 306
f 265 306 305
f 265 306 307
f 265 307 306
f 265 307 308
f 265 308 307
f 265 308 309
f 265 309 308
f 265 309 310
f 265 310 309
v -0.192603 0.464178 0.019772
v -0.191834 0.467989 0.015428
v -0.194340 0.470345 0.010721
v -0.199165 0.470345 0.007449
v -0.204466 0.467989 0.006861
v -0.208217 0.464178 0.009183
v -0.208986 0.460366 0.013526
v -0.206479 0.458011 0.018233
v -0.201654 0.458011 0.021506
v -0.196354 0.460366 0.022093
v -0.217371 0.506097 0.050915
v -0.216848 0.508688 0.047961
v -0.218553 0.510290 0.044760
v -0.221834 0.510290 0.042535
v -0.225438 0.508688 0.042136
v -0.227989 0.506097 0.043714
v -0.228512 0.503505 0.046668
v -0.226807 0.501903 0.049869
v -0.223526 0.501903 0.052094
v -0.219922 0.503505 0.052494
f 311 312 322
f 311 322 321
f 312 313 323
f 312 323 322
f 313 314 324
f 313 324 323
f 314 315 325
f 314 325 324
f 315 316 326
f 315 326 325
f 316 317 327
f 316 327 326
f 317 318 328
f 317 328 327
f 318 319 329
f 318 329 328
f 319 320 330
f 319 330 329
f 320 311 321
f 320 321 330
v -0.222680 0.506097 0.047315
v -0.219064 0.506215 0.048222
v -0.215208 0.506969 0.048480
v -0.211102 0.508380 0.048070
v -0.206778 0.510367 0.047071
v -0.202291 0.512786 0.045634
v -0.197713 0.515441 0.043955
v -0.193131 0.518109 0.042262
v -0.188631 0.520562 0.040789
v -0.184293 0.522585 0.039754
v -0.180187 0.523996 0.039343
v -0.176363 0.524666 0.039688
v -0.172845 0.524526 0.040859
v -0.169634 0.523576 0.042855
v -0.166705 0.521884 0.045607
v -0.164007 0.519582 0.048982
v -0.161472 0.516848 0.052796
v -0.159019 0.513900 0.056830
v -0.156561 0.510965 0.060850
v -0.154013 0.508266 0.064629
v -0.151301 0.505998 0.067969
v -0.148371 0.504308 0.070720
v -0.145193 0.503273 0.072802
v -0.141773 0.502874 0.074236
v -0.145389 0.502756 0.073329
v -0.149246 0.502002 0.073071
v -0.153351 0.500591 0.073481
v -0.157675 0.498604 0.074479
v -0.162163 0.496185 0.075917
v -0.166740 0.493530 0.077596
v -0.171322 0.490862 0.079289
v -0.175823 0.488409 0.080762
v -0.180160 0.486386 0.081796
v -0.184266 0.484975 0.082208
v -0.188091 0.484305 0.081863
v -0.191608 0.484445 0.080692
v -0.194819 0.485395 0.078696
v -0.197749 0.487087 0.075944
v -0.200447 0.489390 0.072569
v -0.202981 0.492123 0.068755
v -0.205434 0.495071 0.064721
v -0.207893 0.498006 0.060701
v -0.210441 0.500705 0.056922
v -0.213152 0.502973 0.053582
v -0.216082 0.504663 0.050831
v -0.219260 0.505698 0.048749
f 331 332 333
f 331 333 332
f 331 333 334
f 331 334 333
f 331 334 335
f 331 335 334
f 331 335 336
f 331 336 335
f 331 336 337
f 331 337 336
f 331 337 338
f 331 338 337
f 331 338 339
f 331 339 338
f 331 339 340
f 331 340 339
f 331 340 341
f 331 341 340
f 331 341 342
f 331 342 341
f 331 342 343
f 331 343 342
f 331 343 344
f 331 344 343
f 331 344 345
f 331 345 344
f 331 345 346
f 331 346 345
f 331 346 347
f 331 347 346
f 331 347 348
f 331 348 347
f 331 348 349
f 331 349 348
f 331 349 350
f 331 350 349
f 331 350 351
f 331 351 350
f 331 351 352
f 331 352 351
f 331 352 353
f 331 353 352
f 331 353 354
f 331 354 353
f 331 354 355
f 331 355 354
f 331 355 356
f 331 356 355
f 331 356 357
f 331 357 356
f 331 357 358
f 331 358 357
f 331 358 359
f 331 359 358
f 331 359 360
f 331 360 359
f 331 360 361
f 331 361 360
f 331 361 362
f 331 362 361
f 331 362 363
f 331 363 362
f 331 363 364
f 331 364 363
f 331 364 365
f 331 365 364
f 331 365 366
f 331 366 365
f 331 366 367
f 331 367 366
f 331 367 368
f 331 368 367
f 331 368 369
f 331 369 368
f 331 369 370
f 331 370 369
f 331 370 371
f 331 371 370
f 331 371 372
f 331 372 371
f 331 372 373
f 331 373 372
f 331 373 374
f 331 374 373
f 331 374 375
f 331 375 374
f 331 375 376
f 331 376 375
v -0.222680 0.506097 0.047315
v -0.223490 0.507483 0.042933
v -0.225070 0.508481 0.038525
v -0.227690 0.508955 0.034081
v -0.231394 0.508881 0.029600
v -0.236043 0.508331 0.025087
v -0.241344 0.507452 0.020552
v -0.246892 0.506448 0.016008
v -0.252224 0.505553 0.011471
v -0.256874 0.505003 0.006958
v -0.260432 0.505003 0.002482
v -0.262593 0.505708 -0.001946
v -0.263196 0.507199 -0.006321
v -0.262240 0.509476 -0.010642
v -0.259887 0.512458 -0.014916
v -0.256442 0.515991 -0.019152
v -0.252315 0.519868 -0.023365
v -0.247972 0.523854 -0.027570
v -0.243876 0.527716 -0.031784
v -0.240432 0.531248 -0.036021
v -0.237933 0.534304 -0.040289
v -0.236518 0.536813 -0.044595
v -0.236143 0.538797 -0.048936
v -0.236538 0.540393 -0.053304
v -0.235729 0.539006 -0.048922
v -0.234149 0.538008 -0.044514
v -0.231529 0.537534 -0.040070
v -0.227825 0.537608 -0.035589
v -0.223176 0.538158 -0.031076
v -0.217875 0.539037 -0.026540
v -0.212326 0.540041 -0.021997
v -0.206994 0.540936 -0.017460
v -0.202344 0.541487 -0.012947
v -0.198787 0.541486 -0.008471
v -0.196625 0.540781 -0.004043
v -0.196023 0.539290 0.000332
v -0.196979 0.537013 0.004653
v -0.199332 0.534031 0.008927
v -0.202777 0.530498 0.013163
v -0.206903 0.526621 0.017376
v -0.211247 0.522635 0.021581
v -0.215343 0.518774 0.025795
v -0.218787 0.515241 0.030032
v -0.221286 0.512185 0.034300
v -0.222700 0.509677 0.038606
v -0.223076 0.507692 0.042947
f 377 378 379
f 377 379 378
f 377 379 380
f 377 380 379
f 377 380 381
f 377 381 380
f 377 381 382
f 377 382 381
f 377 382 383
f 377 383 382
f 377 383 384
f 377 384 383
f 377 384 385
f 377 385 384
f 377 385 386
f 377 386 385
f 377 386 387
f 377 387 386
f 377 387 388
f 377 388 387
f 377 388 389
f 377 389 388
f 377 389 390
f 377 390 389
f 377 390 391
f 377 391 390
f 377 391 392
f 377 392 391
f 377 392 393
f 377 393 392
f 377 393 394
f 377 394 393
f 377 394 395
f 377 395 394
f 377 395 396
f 377 396 395
f 377 396 397
f 377 397 396
f 377 397 398
f 377 398 397
f 377 398 399
f 377 399 398
f 377 399 400
f 377 400 399
f 377 400 401
f 377 401 400
f 377 401 402
f 377 402 401
f 377 402 403
f 377 403 402
f 377 403 404
f 377 404 403
f 377 404 405
f 377 405 404
f 377 405 406
f 377 406 405
f 377 406 407
f 377 407 406
f 377 407 408
f 377 408 407
f 377 408 409
f 377 409 408
f 377 409 410
f 377 410 409
f 377 410 411
f 377 411 410
f 377 411 412
f 377 412 411
f 377 412 413
f 377 413 412
f 377 413 414
f 377 414 413
f 377 414 415
f 377 415 414
f 377 415 416
f 377 416 415
f 377 416 417
f 377 417 416
f 377 417 418
f 377 418 417
f 377 418 419
f 377 419 418
f 377 419 420
f 377 420 419
f 377 420 421
f 377 421 420
f 377 421 422
f 377 422 421
v -0.222680 0.506097 0.047315
v -0.224214 0.502550 0.048531
v -0.225266 0.498917 0.050185
v -0.225604 0.495156 0.052487
v -0.225151 0.491252 0.055507
v -0.223973 0.487218 0.059186
v -0.222263 0.483089 0.063347
v -0.220314 0.478916 0.067725
v -0.218477 0.474763 0.072002
v -0.217112 0.470696 0.075849
v -0.216545 0.466771 0.078973
v -0.217019 0.463035 0.081152
v -0.218665 0.459508 0.082266
v -0.221483 0.456193 0.082317
v -0.225342 0.453065 0.081423
v -0.229999 0.450080 0.079805
v -0.235128 0.447180 0.077757
v -0.240370 0.444301 0.075609
v -0.245371 0.441378 0.073677
v -0.249842 0.438359 0.072228
v -0.253587 0.435211 0.071438
v -0.256540 0.431920 0.071365
v -0.258780 0.428500 0.071941
v -0.260539 0.424994 0.072954
v -0.259005 0.428541 0.071737
v -0.257953 0.432174 0.070083
v -0.257614 0.435935 0.067782
v -0.258067 0.439839 0.064761
v -0.259245 0.443873 0.061083
v -0.260955 0.448002 0.056922
v -0.262904 0.452175 0.052544
v -0.264742 0.456328 0.048267
v -0.266107 0.460395 0.044419
v -0.266674 0.464319 0.041295
v -0.266199 0.468056 0.039117
v -0.264553 0.471583 0.038002
v -0.261736 0.474898 0.037951
v -0.257877 0.478026 0.038845
v -0.253220 0.481011 0.040463
v -0.248090 0.483911 0.042511
v -0.242849 0.486790 0.044660
v -0.237847 0.489713 0.046591
v -0.233377 0.492731 0.048040
v -0.229632 0.495880 0.048831
v -0.226678 0.499171 0.048903
v -0.224438 0.502591 0.048328
f 423 424 425
f 423 425 424
f 423 425 426
f 423 426 425
f 423 426 427
f 423 427 426
f 423 427 428
f 423 428 427
f 423 428 429
f 423 429 428
f 423 429 430
f 423 430 429
f 423 430 431
f 423 431 430
f 423 431 432
f 423 432 431
f 423 432 433
f 423 433 432
f 423 433 434
f 423 434 433
f 423 434 435
f 423 435 434
f 423 435 436
f 423 436 435
f 423 436 437
f 423 437 436
f 423 437 438
f 423 438 437
f 423 438 439
f 423 439 438
f 423 439 440
f 423 440 439
f 423 440 441
f 423 441 440
f 423 441 442
f 423 442 441
f 423 442 443
f 423 443 442
f 423 443 444
f 423 444 443
f 423 444 445
f 423 445 444
f 423 445 446
f 423 446 445
f 423 446 447
f 423 447 446
f 423 447 448
f 423 448 447
f 423 448 449
f 423 449 448
f 423 449 450
f 423 450 449
f 423 450 451
f 423 451 450
f 423 451 452
f 423 452 451
f 423 452 453
f 423 453 452
f 423 453 454
f 423 454 453
f 423 454 455
f 423 455 454
f 423 455 456
f 423 456 455
f 423 456 457
f 423 457 456
f 423 457 458
f 423 458 457
f 423 458 459
f 423 459 458
f 423 459 460
f 423 460 459
f 423 460 461
f 423 461 460
f 423 461 462
f 423 462 461
f 423 462 463
f 423 463 462
f 423 463 464
f 423 464 463
f 423 464 465
f 423 465 464
f 423 465 466
f 423 466 465
f 423 466 467
f 423 467 466
f 423 467 468
f 423 468 467
v -0.207988 0.464178 0.020095
v -0.204226 0.468132 0.022144
v -0.199006 0.470576 0.021265
v -0.194323 0.470576 0.017793
v -0.191965 0.468132 0.013055
v -0.192832 0.464178 0.008859
v -0.196594 0.460224 0.006810
v -0.201813 0.457780 0.007689
v -0.206497 0.457780 0.011161
v -0.208855 0.460224 0.015900
v -0.229036 0.502918 -0.013367
v -0.226478 0.505607 -0.011973
v -0.222929 0.507269 -0.012571
v -0.219745 0.507269 -0.014932
v -0.218141 0.505607 -0.018154
v -0.218731 0.502918 -0.021007
v -0.221289 0.500229 -0.022400
v -0.224838 0.498567 -0.021802
v -0.228023 0.498567 -0.019441
v -0.229626 0.500229 -0.016219
f 469 470 480
f 469 480 479
f 470 471 481
f 470 481 480
f 471 472 482
f 471 482 481
f 472 473 483
f 472 483 482
f 473 474 484
f 473 484 483
f 474 475 485
f 474 485 484
f 475 476 486
f 475 486 485
f 476 477 487
f 476 487 486
f 477 478 488
f 477 488 487
f 478 469 479
f 478 479 488
v -0.223884 0.502918 -0.017187
v -0.226181 0.501227 -0.014682
v -0.228377 0.499878 -0.011835
v -0.230399 0.499112 -0.008403
v -0.232210 0.499053 -0.004263
v -0.233814 0.499691 0.000576
v -0.235252 0.500883 0.005970
v -0.236602 0.502371 0.011662
v -0.237962 0.503825 0.017319
v -0.239440 0.504885 0.022581
v -0.241134 0.505221 0.027117
v -0.243118 0.504579 0.030674
v -0.245435 0.502824 0.033114
v -0.248084 0.499955 0.034437
v -0.251024 0.496108 0.034781
v -0.254180 0.491538 0.034398
v -0.257454 0.486574 0.033621
v -0.260738 0.481574 0.032809
v -0.263933 0.476872 0.032294
v -0.266963 0.472723 0.032335
v -0.269786 0.469272 0.033074
v -0.272398 0.466527 0.034523
v -0.274836 0.464366 0.036555
v -0.277172 0.462546 0.038930
v -0.274874 0.464236 0.036426
v -0.272678 0.465585 0.033578
v -0.270656 0.466351 0.030147
v -0.268845 0.466411 0.026007
v -0.267242 0.465773 0.021168
v -0.265803 0.464581 0.015773
v -0.264453 0.463092 0.010081
v -0.263093 0.461638 0.004424
v -0.261615 0.460579 -0.000838
v -0.259922 0.460243 -0.005374
v -0.257937 0.460884 -0.008930
v -0.255620 0.462640 -0.011370
v -0.252971 0.465509 -0.012693
v -0.250031 0.469355 -0.013037
v -0.246875 0.473926 -0.012655
v -0.243601 0.478890 -0.011878
v -0.240318 0.483889 -0.011065
v -0.237122 0.488592 -0.010551
v -0.234092 0.492740 -0.010591
v -0.231269 0.496192 -0.011331
v -0.228658 0.498936 -0.012779
v -0.226220 0.501098 -0.014812
f 489 490 491
f 489 491 490
f 489 491 492
f 489 492 491
f 489 492 493
f 489 493 492
f 489 493 494
f 489 494 493
f 489 494 495
f 489 495 494
f 489 495 496
f 489 496 495
f 489 496 497
f 489 497 496
f 489 497 498
f 489 498 497
f 489 498 499
f 489 499 498
f 489 499 500
f 489 500 499
f 489 500 501
f 489 501 500
f 489 501 502
f 489 502 501
f 489 502 503
f 489 503 502
f 489 503 504
f 489 504 503
f 489 504 505
f 489 505 504
f 489 505 506
f 489 506 505
f 489 506 507
f 489 507 506
f 489 507 508
f 489 508 507
f 489 508 509
f 489 509 508
f 489 509 510
f 489 510 509
f 489 510 511
f 489 511 510
f 489 511 512
f 489 512 511
f 489 512 513
f 489 513 512
f 489 513 514
f 489 514 513
f 489 514 515
f 489 515 514
f 489 515 516
f 489 516 515
f 489 516 517
f 489 517 516
f 489 517 518
f 489 518 517
f 489 518 519
f 489 519 518
f 489 519 520
f 489 520 519
f 489 520 521
f 489 521 520
f 489 521 522
f 489 522 521
f 489 522 523
f 489 523 522
f 489 523 524
f 489 524 523
f 489 524 525
f 489 525 524
f 489 525 526
f 489 526 525
f 489 526 527
f 489 527 526
f 489 527 528
f 489 528 527
f 489 528 529
f 489 529 528
f 489 529 530
f 489 530 529
f 489 530 531
f 489 531 530
f 489 531 532
f 489 532 531
f 489 532 533
f 489 533 532
f 489 533 534
f 489 534 533
v -0.223884 0.502918 -0.017187
v -0.220517 0.504393 -0.015360
v -0.216289 0.505671 -0.014413
v -0.211387 0.506794 -0.014155
v -0.205990 0.507803 -0.014404
v -0.200291 0.508743 -0.014960
v -0.194496 0.509661 -0.015615
v -0.188810 0.510604 -0.016159
v -0.183428 0.511617 -0.016393
v -0.178521 0.512738 -0.016140
v -0.174230 0.514002 -0.015258
v -0.170652 0.515429 -0.013646
v -0.167838 0.517031 -0.011254
v -0.165788 0.518809 -0.008080
v -0.164452 0.520751 -0.004177
v -0.163731 0.522834 0.000355
v -0.163486 0.525026 0.005373
v -0.163544 0.527288 0.010702
v -0.163711 0.529575 0.016142
v -0.163782 0.531840 0.021483
v -0.163552 0.534036 0.026517
v -0.162826 0.536118 0.031044
v -0.161426 0.538045 0.034882
v -0.159165 0.539775 0.037840
v -0.162532 0.538299 0.036013
v -0.166760 0.537021 0.035066
v -0.171662 0.535898 0.034808
v -0.177059 0.534889 0.035057
v -0.182758 0.533949 0.035613
v -0.188553 0.533031 0.036268
v -0.194239 0.532088 0.036812
v -0.199621 0.531076 0.037046
v -0.204528 0.529954 0.036793
v -0.208819 0.528691 0.035911
v -0.212397 0.527264 0.034300
v -0.215211 0.525661 0.031907
v -0.217261 0.523884 0.028734
v -0.218597 0.521942 0.024831
v -0.219318 0.519859 0.020298
v -0.219563 0.517666 0.015280
v -0.219505 0.515404 0.009951
v -0.219338 0.513117 0.004511
v -0.219267 0.510852 -0.000830
v -0.219497 0.508657 -0.005864
v -0.220223 0.506575 -0.010391
v -0.221623 0.504647 -0.014229
f 535 536 537
f 535 537 536
f 535 537 538
f 535 538 537
f 535 538 539
f 535 539 538
f 535 539 540
f 535 540 539
f 535 540 541
f 535 541 540
f 535 541 542
f 535 542 541
f 535 542 543
f 535 543 542
f 535 543 544
f 535 544 543
f 535 544 545
f 535 545 544
f 535 545 546
f 535 546 545
f 535 546 547
f 535 547 546
f 535 547 548
f 535 548 547
f 535 548 549
f 535 549 548
f 535 549 550
f 535 550 549
f 535 550 551
f 535 551 550
f 535 551 552
f 535 552 551
f 535 552 553
f 535 553 552
f 535 553 554
f 535 554 553
f 535 554 555
f 535 555 554
f 535 555 556
f 535 556 555
f 535 556 557
f 535 557 556
f 535 557 558
f 535 558 557
f 535 558 559
f 535 559 558
f 535 559 560
f 535 560 559
f 535 560 561
f 535 561 560
f 535 561 562
f 535 562 561
f 535 562 563
f 535 563 562
f 535 563 564
f 535 564 563
f 535 564 565
f 535 565 564
f 535 565 566
f 535 566 565
f 535 566 567
f 535 567 566
f 535 567 568
f 535 568 567
f 535 568 569
f 535 569 568
f 535 569 570
f 535 570 569
f 535 570 571
f 535 571 570
f 535 571 572
f 535 572 571
f 535 572 573
f 535 573 572
f 535 573 574
f 535 574 573
f 535 574 575
f 535 575 574
f 535 575 576
f 535 576 575
f 535 576 577
f 535 577 576
f 535 577 578
f 535 578 577
f 535 578 579
f 535 579 578
f 535 579 580
f 535 580 579
v -0.223884 0.502918 -0.017187
v -0.222246 0.499126 -0.019433
v -0.221565 0.494783 -0.021643
v -0.221943 0.489830 -0.023816
v -0.223294 0.484316 -0.025953
v -0.225403 0.478366 -0.028062
v -0.227959 0.472158 -0.030154
v -0.230591 0.465907 -0.032244
v -0.232905 0.459838 -0.034346
v -0.234529 0.454168 -0.036473
v -0.235144 0.449078 -0.038636
v -0.234519 0.444703 -0.040845
v -0.232533 0.441112 -0.043104
v -0.229185 0.438305 -0.045412
v -0.224598 0.436213 -0.047766
v -0.219001 0.434702 -0.050156
v -0.212714 0.433588 -0.052572
v -0.206110 0.432657 -0.054999
v -0.199582 0.431683 -0.057423
v -0.193500 0.430452 -0.059831
v -0.188176 0.428783 -0.062212
v -0.183826 0.426554 -0.064557
v -0.180534 0.423715 -0.066863
v -0.178199 0.420325 -0.069134
v -0.179837 0.424117 -0.066888
v -0.180517 0.428460 -0.064678
v -0.180140 0.433413 -0.062505
v -0.178789 0.438927 -0.060368
v -0.176680 0.444877 -0.058259
v -0.174123 0.451085 -0.056167
v -0.171492 0.457336 -0.054077
v -0.169178 0.463404 -0.051975
v -0.167554 0.469075 -0.049848
v -0.166939 0.474165 -0.047685
v -0.167564 0.478540 -0.045476
v -0.169550 0.482131 -0.043217
v -0.172898 0.484938 -0.040909
v -0.177485 0.487030 -0.038555
v -0.183082 0.488541 -0.036165
v -0.189369 0.489655 -0.033749
v -0.195973 0.490586 -0.031322
v -0.202501 0.491560 -0.028898
v -0.208583 0.492791 -0.026490
v -0.213907 0.494460 -0.024109
v -0.218257 0.496689 -0.021764
v -0.221549 0.499528 -0.019458
f 581 582 583
f 581 583 582
f 581 583 584
f 581 584 583
f 581 584 585
f 581 585 584
f 581 585 586
f 581 586 585
f 581 586 587
f 581 587 586
f 581 587 588
f 581 588 587
f 581 588 589
f 581 589 588
f 581 589 590
f 581 590 589
f 581 590 591
f 581 591 590
f 581 591 592
f 581 592 591
f 581 592 593
f 581 593 592
f 581 593 594
f 581 594 593
f 581 594 595
f 581 595 594
f 581 595 596
f 581 596 595
f 581 596 597
f 581 597 596
f 581 597 598
f 581 598 597
f 581 598 599
f 581 599 598
f 581 599 600
f 581 600 599
f 581 600 601
f 581 601 600
f 581 601 602
f 581 602 601
f 581 602 603
f 581 603 602
f 581 603 604
f 581 604 603
f 581 604 605
f 581 605 604
f 581 605 606
f 581 606 605
f 581 606 607
f 581 607 606
f 581 607 608
f 581 608 607
f 581 608 609
f 581 609 608
f 581 609 610
f 581 610 609
f 581 610 611
f 581 611 610
f 581 611 612
f 581 612 611
f 581 612 613
f 581 613 612
f 581 613 614
f 581 614 613
f 581 614 615
f 581 615 614
f 581 615 616
f 581 616 615
f 581 616 617
f 581 617 616
f 581 617 618
f 581 618 617
f 581 618 619
f 581 619 618
f 581 619 620
f 581 620 619
f 581 620 621
f 581 621 620
f 581 621 622
f 581 622 621
f 581 622 623
f 581 623 622
f 581 623 624
f 581 624 623
f 581 624 625
f 581 625 624
f 581 625 626
f 581 626 625
v -0.097901 0.422551 0.017234
v -0.098863 0.426851 0.009880
v -0.104610 0.429509 0.004100
v -0.112947 0.429509 0.002102
v -0.120690 0.426851 0.004649
v -0.124881 0.422551 0.010769
v -0.123919 0.418251 0.018123
v -0.118172 0.415593 0.023903
v -0.109834 0.415593 0.025901
v -0.102092 0.418251 0.023354
v -0.115054 0.511292 0.069767
v -0.115708 0.514216 0.064766
v -0.119617 0.516024 0.060836
v -0.125286 0.516024 0.059477
v -0.130551 0.514216 0.061210
v -0.133401 0.511292 0.065371
v -0.132747 0.508368 0.070372
v -0.128838 0.506561 0.074302
v -0.123169 0.506561 0.075661
v -0.117904 0.508368 0.073929
f 627 628 638
f 627 638 637
f 628 629 639
f 628 639 638
f 629 630 640
f 629 640 639
f 630 631 641
f 630 641 640
f 631 632 642
f 631 642 641
f 632 633 643
f 632 643 642
f 633 634 644
f 633 644 643
f 634 635 645
f 634 645 644
f 635 636 646
f 635 646 645
f 636 627 637
f 636 637 646
v -0.124227 0.511292 0.067569
v -0.120758 0.510497 0.067976
v -0.116920 0.510232 0.067594
v -0.112754 0.510436 0.066513
v -0.108327 0.511015 0.064873
v -0.103723 0.511847 0.062857
v -0.099042 0.512790 0.060674
v -0.094387 0.513697 0.058547
v -0.089860 0.514419 0.056694
v -0.085554 0.514824 0.055313
v -0.081545 0.514803 0.054567
v -0.077888 0.514278 0.054572
v -0.074610 0.513208 0.055388
v -0.071711 0.511595 0.057014
v -0.069164 0.509477 0.059392
v -0.066914 0.506932 0.062405
v -0.064885 0.504071 0.065890
v -0.062984 0.501026 0.069648
v -0.061109 0.497943 0.073463
v -0.059156 0.494972 0.077111
v -0.057027 0.492254 0.080383
v -0.054637 0.489911 0.083096
v -0.051919 0.488038 0.085109
v -0.048832 0.486694 0.086334
v -0.052302 0.487488 0.085928
v -0.056140 0.487754 0.086309
v -0.060306 0.487550 0.087390
v -0.064733 0.486971 0.089030
v -0.069336 0.486139 0.091046
v -0.074018 0.485195 0.093229
v -0.078673 0.484289 0.095357
v -0.083200 0.483567 0.097210
v -0.087506 0.483162 0.098591
v -0.091514 0.483183 0.099336
v -0.095172 0.483708 0.099332
v -0.098450 0.484777 0.098516
v -0.101349 0.486391 0.096889
v -0.103896 0.488509 0.094511
v -0.106146 0.491053 0.091498
v -0.108175 0.493915 0.088014
v -0.110076 0.496960 0.084255
v -0.111951 0.500043 0.080440
v -0.113904 0.503014 0.076792
v -0.116033 0.505732 0.073520
v -0.118423 0.508075 0.070808
v -0.121141 0.509948 0.068794
f 647 648 649
f 647 649 648
f 647 649 650
f 647 650 649
f 647 650 651
f 647 651 650
f 647 651 652
f 647 652 651
f 647 652 653
f 647 653 652
f 647 653 654
f 647 654 653
f 647 654 655
f 647 655 654
f 647 655 656
f 647 656 655
f 647 656 657
f 647 657 656
f 647 657 658
f 647 658 657
f 647 658 659
f 647 659 658
f 647 659 660
f 647 660 659
f 647 660 661
f 647 661 660
f 647 661 662
f 647 662 661
f 647 662 663
f 647 663 662
f 647 663 664
f 647 664 663
f 647 664 665
f 647 665 664
f 647 665 666
f 647 666 665
f 647 666 667
f 647 667 666
f 647 667 668
f 647 668 667
f 647 668 669
f 647 669 668
f 647 669 670
f 647 670 669
f 647 670 671
f 647 671 670
f 647 671 672
f 647 672 671
f 647 672 673
f 647 673 672
f 647 673 674
f 647 674 673
f 647 674 675
f 647 675 674
f 647 675 676
f 647 676 675
f 647 676 677
f 647 677 676
f 647 677 678
f 647 678 677
f 647 678 679
f 647 679 678
f 647 679 680
f 647 680 679
f 647 680 681
f 647 681 680
f 647 681 682
f 647 682 681
f 647 682 683
f 647 683 682
f 647 683 684
f 647 684 683
f 647 684 685
f 647 685 684
f 647 685 686
f 647 686 685
f 647 686 687
f 647 687 686
f 647 687 688
f 647 688 687
f 647 688 689
f 647 689 688
f 647 689 690
f 647 690 689
f 647 690 691
f 647 691 690
f 647 691 692
f 647 692 691
v -0.124227 0.511292 0.067569
v -0.126540 0.510361 0.063988
v -0.129662 0.509000 0.060923
v -0.133657 0.507176 0.058417
v -0.138443 0.504932 0.056417
v -0.143836 0.502367 0.054804
v -0.149578 0.499616 0.053415
v -0.155367 0.496840 0.052056
v -0.160885 0.494208 0.050523
v -0.165833 0.491878 0.048626
v -0.169955 0.489987 0.046201
v -0.173068 0.488631 0.043131
v -0.175074 0.487862 0.039354
v -0.175975 0.487679 0.034870
v -0.175865 0.488033 0.029740
v -0.174931 0.488824 0.024083
v -0.173426 0.489918 0.018061
v -0.171650 0.491156 0.011866
v -0.169921 0.492368 0.005701
v -0.168541 0.493396 -0.000241
v -0.167768 0.494101 -0.005795
v -0.167786 0.494387 -0.010843
v -0.168678 0.494210 -0.015334
v -0.170378 0.493603 -0.019307
v -0.168065 0.494535 -0.015725
v -0.164943 0.495895 -0.012661
v -0.160948 0.497719 -0.010155
v -0.156163 0.499963 -0.008154
v -0.150770 0.502529 -0.006542
v -0.145027 0.505280 -0.005153
v -0.139239 0.508055 -0.003793
v -0.133720 0.510687 -0.002261
v -0.128773 0.513017 -0.000364
v -0.124650 0.514908 0.002061
v -0.121538 0.516264 0.005131
v -0.119531 0.517033 0.008908
v -0.118631 0.517216 0.013393
v -0.118740 0.516862 0.018522
v -0.119675 0.516071 0.024180
v -0.121180 0.514977 0.030202
v -0.122955 0.513740 0.036397
v -0.124685 0.512527 0.042562
v -0.126064 0.511499 0.048504
v -0.126837 0.510794 0.054058
v -0.126819 0.510508 0.059106
v -0.125928 0.510686 0.063596
f 693 694 695
f 693 695 694
f 693 695 696
f 693 696 695
f 693 696 697
f 693 697 696
f 693 697 698
f 693 698 697
f 693 698 699
f 693 699 698
f 693 699 700
f 693 700 699
f 693 700 701
f 693 701 700
f 693 701 702
f 693 702 701
f 693 702 703
f 693 703 702
f 693 703 704
f 693 704 703
f 693 704 705
f 693 705 704
f 693 705 706
f 693 706 705
f 693 706 707
f 693 707 706
f 693 707 708
f 693 708 707
f 693 708 709
f 693 709 708
f 693 709 710
f 693 710 709
f 693 710 711
f 693 711 710
f 693 711 712
f 693 712 711
f 693 712 713
f 693 713 712
f 693 713 714
f 693 714 713
f 693 714 715
f 693 715 714
f 693 715 716
f 693 716 715
f 693 716 717
f 693 717 716
f 693 717 718
f 693 718 717
f 693 718 719
f 693 719 718
f 693 719 720
f 693 720 719
f 693 720 721
f 693 721 720
f 693 721 722
f 693 722 721
f 693 722 723
f 693 723 722
f 693 723 724
f 693 724 723
f 693 724 725
f 693 725 724
f 693 725 726
f 693 726 725
f 693 726 727
f 693 727 726
f 693 727 728
f 693 728 727
f 693 728 729
f 693 729 728
f 693 729 730
f 693 730 729
f 693 730 731
f 693 731 730
f 693 731 732
f 693 732 731
f 693 732 733
f 693 733 732
f 693 733 734
f 693 734 733
f 693 734 735
f 693 735 734
f 693 735 736
f 693 736 735
f 693 736 737
f 693 737 736
f 693 737 738
f 693 738 737
v -0.124227 0.511292 0.067569
v -0.126074 0.508819 0.069894
v -0.127058 0.506031 0.072948
v -0.127363 0.502996 0.076573
v -0.127168 0.499779 0.080620
v -0.126667 0.496451 0.084925
v -0.126067 0.493086 0.089313
v -0.125575 0.489761 0.093611
v -0.125387 0.486547 0.097652
v -0.125677 0.483506 0.101290
v -0.126586 0.480692 0.104406
v -0.128214 0.478138 0.106916
v -0.130611 0.475866 0.108777
v -0.133778 0.473873 0.109990
v -0.137663 0.472143 0.110597
v -0.142168 0.470637 0.110682
v -0.147150 0.469306 0.110364
v -0.152437 0.468086 0.109789
v -0.157831 0.466905 0.109123
v -0.163126 0.465688 0.108542
v -0.168116 0.464360 0.108218
v -0.172606 0.462849 0.108315
v -0.176417 0.461091 0.108984
v -0.179364 0.459019 0.110382
v -0.177517 0.461492 0.108056
v -0.176534 0.464280 0.105003
v -0.176229 0.467315 0.101378
v -0.176424 0.470532 0.097330
v -0.176925 0.473860 0.093026
v -0.177525 0.477225 0.088638
v -0.178017 0.480550 0.084340
v -0.178205 0.483765 0.080299
v -0.177915 0.486805 0.076661
v -0.177005 0.489620 0.073545
v -0.175378 0.492173 0.071035
v -0.172981 0.494446 0.069174
v -0.169814 0.496438 0.067961
v -0.165928 0.498169 0.067354
v -0.161424 0.499674 0.067269
v -0.156442 0.501005 0.067587
v -0.151155 0.502225 0.068162
v -0.145760 0.503406 0.068827
v -0.140465 0.504623 0.069409
v -0.135476 0.505952 0.069733
v -0.130986 0.507462 0.069636
v -0.127175 0.509220 0.068966
f 739 740 741
f 739 741 740
f 739 741 742
f 739 742 741
f 739 742 743
f 739 743 742
f 739 743 744
f 739 744 743
f 739 744 745
f 739 745 744
f 739 745 746
f 739 746 745
f 739 746 747
f 739 747 746
f 739 747 748
f 739 748 747
f 739 748 749
f 739 749 748
f 739 749 750
f 739 750 749
f 739 750 751
f 739 751 750
f 739 751 752
f 739 752 751
f 739 752 753
f 739 753 752
f 739 753 754
f 739 754 753
f 739 754 755
f 739 755 754
f 739 755 756
f 739 756 755
f 739 756 757
f 739 757 756
f 739 757 758
f 739 758 757
f 739 758 759
f 739 759 758
f 739 759 760
f 739 760 759
f 739 760 761
f 739 761 760
f 739 761 762
f 739 762 761
f 739 762 763
f 739 763 762
f 739 763 764
f 739 764 763
f 739 764 765
f 739 765 764
f 739 765 766
f 739 766 765
f 739 766 767
f 739 767 766
f 739 767 768
f 739 768 767
f 739 768 769
f 739 769 768
f 739 769 770
f 739 770 769
f 739 770 771
f 739 771 770
f 739 771 772
f 739 772 771
f 739 772 773
f 739 773 772
f 739 773 774
f 739 774 773
f 739 774 775
f 739 775 774
f 739 775 776
f 739 776 775
f 739 776 777
f 739 777 776
f 739 777 778
f 739 778 777
f 739 778 779
f 739 779 778
f 739 779 780
f 739 780 779
f 739 780 781
f 739 781 780
f 739 781 782
f 739 782 781
f 739 782 783
f 739 783 782
f 739 783 784
f 739 784 783
v -0.114856 0.511292 0.068647
v -0.116407 0.516428 0.066364
v -0.120945 0.519601 0.064542
v -0.126737 0.519601 0.063876
v -0.131570 0.516428 0.064621
v -0.133599 0.511292 0.066491
v -0.132048 0.506157 0.068774
v -0.127510 0.502983 0.070596
v -0.121718 0.502983 0.071262
v -0.116885 0.506157 0.070517
v -0.124952 0.536578 0.130016
v -0.126006 0.540070 0.128464
v -0.129092 0.542229 0.127225
v -0.133031 0.542229 0.126772
v -0.136317 0.540070 0.127279
v -0.137697 0.536578 0.128551
v -0.136642 0.533086 0.130103
v -0.133556 0.530928 0.131342
v -0.129618 0.530928 0.131795
v -0.126331 0.533086 0.131289
f 785 786 796
f 785 796 795
f 786 787 797
f 786 797 796
f 787 788 798
f 787 798 797
f 788 789 799
f 788 799 798
f 789 790 800
f 789 800 799
f 790 791 801
f 790 801 800
f 791 792 802
f 791 802 801
f 792 793 803
f 792 803 802
f 793 794 804
f 793 804 803
f 794 785 795
f 794 795 804
v -0.131324 0.536578 0.129284
v -0.127825 0.535331 0.129296
v -0.124199 0.534421 0.129184
v -0.120324 0.534171 0.128830
v -0.116118 0.534801 0.128155
v -0.111562 0.536361 0.127138
v -0.106706 0.538715 0.125830
v -0.101668 0.541554 0.124346
v -0.096613 0.544435 0.122845
v -0.091730 0.546862 0.121510
v -0.087197 0.548360 0.120516
v -0.083153 0.548561 0.119998
v -0.079673 0.547261 0.120029
v -0.076759 0.544462 0.120610
v -0.074333 0.540365 0.121666
v -0.072258 0.535340 0.123062
v -0.070353 0.529859 0.124625
v -0.068432 0.524423 0.126172
v -0.066330 0.519469 0.127542
v -0.063927 0.515311 0.128621
v -0.061174 0.512083 0.129359
v -0.058091 0.509733 0.129774
v -0.054758 0.508045 0.129948
v -0.051298 0.506693 0.129998
v -0.054797 0.507941 0.129986
v -0.058423 0.508851 0.130098
v -0.062298 0.509100 0.130451
v -0.066504 0.508471 0.131127
v -0.071060 0.506911 0.132144
v -0.075916 0.504556 0.133451
v -0.080954 0.501718 0.134936
v -0.086009 0.498836 0.136437
v -0.090892 0.496410 0.137771
v -0.095425 0.494911 0.138765
v -0.099469 0.494711 0.139284
v -0.102949 0.496010 0.139253
v -0.105863 0.498810 0.138672
v -0.108289 0.502906 0.137616
v -0.110365 0.507932 0.136220
v -0.112269 0.513412 0.134657
v -0.114190 0.518849 0.133110
v -0.116293 0.523802 0.131740
v -0.118695 0.527961 0.130661
v -0.121448 0.531189 0.129923
v -0.124532 0.533539 0.129507
v -0.127864 0.535227 0.129334
f 805 806 807
f 805 807 806
f 805 807 808
f 805 808 807
f 805 808 809
f 805 809 808
f 805 809 810
f 805 810 809
f 805 810 811
f 805 811 810
f 805 811 812
f 805 812 811
f 805 812 813
f 805 813 812
f 805 813 814
f 805 814 813
f 805 814 815
f 805 815 814
f 805 815 816
f 805 816 815
f 805 816 817
f 805 817 816
f 805 817 818
f 805 818 817
f 805 818 819
f 805 819 818
f 805 819 820
f 805 820 819
f 805 820 821
f 805 821 820
f 805 821 822
f 805 822 821
f 805 822 823
f 805 823 822
f 805 823 824
f 805 824 823
f 805 824 825
f 805 825 824
f 805 825 826
f 805 826 825
f 805 826 827
f 805 827 826
f 805 827 828
f 805 828 827
f 805 828 829
f 805 829 828
f 805 829 830
f 805 830 829
f 805 830 831
f 805 831 830
f 805 831 832
f 805 832 831
f 805 832 833
f 805 833 832
f 805 833 834
f 805 834 833
f 805 834 835
f 805 835 834
f 805 835 836
f 805 836 835
f 805 836 837
f 805 837 836
f 805 837 838
f 805 838 837
f 805 838 839
f 805 839 838
f 805 839 840
f 805 840 839
f 805 840 841
f 805 841 840
f 805 841 842
f 805 842 841
f 805 842 843
f 805 843 842
f 805 843 844
f 805 844 843
f 805 844 845
f 805 845 844
f 805 845 846
f 805 846 845
f 805 846 847
f 805 847 846
f 805 847 848
f 805 848 847
f 805 848 849
f 805 849 848
f 805 849 850
f 805 850 849
v -0.131324 0.536578 0.129284
v -0.135289 0.533953 0.126682
v -0.139058 0.530739 0.124343
v -0.142483 0.526491 0.122468
v -0.145484 0.520968 0.121164
v -0.148061 0.514170 0.120432
v -0.150295 0.506343 0.120160
v -0.152341 0.497949 0.120142
v -0.154400 0.489595 0.120106
v -0.156692 0.481941 0.119757
v -0.159421 0.475601 0.118819
v -0.162743 0.471044 0.117082
v -0.166744 0.468526 0.114432
v -0.171423 0.468047 0.110869
v -0.176695 0.469351 0.106506
v -0.182404 0.471968 0.101556
v -0.188346 0.475286 0.096291
v -0.194302 0.478643 0.091009
v -0.200068 0.481434 0.085981
v -0.205493 0.483196 0.081413
v -0.210493 0.483683 0.077417
v -0.215069 0.482894 0.073992
v -0.219301 0.481072 0.071030
v -0.223338 0.478661 0.068332
v -0.219373 0.481287 0.070934
v -0.215604 0.484501 0.073272
v -0.212178 0.488748 0.075148
v -0.209178 0.494271 0.076451
v -0.206601 0.501070 0.077184
v -0.204367 0.508897 0.077456
v -0.202321 0.517291 0.077474
v -0.200262 0.525645 0.077509
v -0.197970 0.533298 0.077859
v -0.195241 0.539639 0.078797
v -0.191918 0.544195 0.080534
v -0.187918 0.546713 0.083184
v -0.183239 0.547193 0.086747
v -0.177967 0.545889 0.091109
v -0.172258 0.543272 0.096060
v -0.166316 0.539954 0.101324
v -0.160360 0.536596 0.106607
v -0.154593 0.533806 0.111635
v -0.149169 0.532043 0.116203
v -0.144169 0.531557 0.120199
v -0.139593 0.532346 0.123624
v -0.135360 0.534167 0.126586
f 851 852 853
f 851 853 852
f 851 853 854
f 851 854 853
f 851 854 855
f 851 855 854
f 851 855 856
f 851 856 855
f 851 856 857
f 851 857 856
f 851 857 858
f 851 858 857
f 851 858 859
f 851 859 858
f 851 859 860
f 851 860 859
f 851 860 861
f 851 861 860
f 851 861 862
f 851 862 861
f 851 862 863
f 851 863 862
f 851 863 864
f 851 864 863
f 851 864 865
f 851 865 864
f 851 865 866
f 851 866 865
f 851 866 867
f 851 867 866
f 851 867 868
f 851 868 867
f 851 868 869
f 851 869 868
f 851 869 870
f 851 870 869
f 851 870 871
f 851 871 870
f 851 871 872
f 851 872 871
f 851 872 873
f 851 873 872
f 851 873 874
f 851 874 873
f 851 874 875
f 851 875 874
f 851 875 876
f 851 876 875
f 851 876 877
f 851 877 876
f 851 877 878
f 851 878 877
f 851 878 879
f 851 879 878
f 851 879 880
f 851 880 879
f 851 880 881
f 851 881 880
f 851 881 882
f 851 882 881
f 851 882 883
f 851 883 882
f 851 883 884
f 851 884 883
f 851 884 885
f 851 885 884
f 851 885 886
f 851 886 885
f 851 886 887
f 851 887 886
f 851 887 888
f 851 888 887
f 851 888 889
f 851 889 888
f 851 889 890
f 851 890 889
f 851 890 891
f 851 891 890
f 851 891 892
f 851 892 891
f 851 892 893
f 851 893 892
f 851 893 894
f 851 894 893
f 851 894 895
f 851 895 894
f 851 895 896
f 851 896 895
v -0.124227 0.508690 0.076636
v -0.118987 0.507445 0.074404
v -0.115749 0.507670 0.069562
v -0.115749 0.509279 0.063958
v -0.118987 0.511656 0.059734
v -0.124227 0.513895 0.058502
v -0.129468 0.515139 0.060734
v -0.132706 0.514914 0.065576
v -0.132706 0.513306 0.071180
v -0.129468 0.510928 0.075404
v -0.106070 0.560002 0.088224
v -0.102506 0.559156 0.086707
v -0.100304 0.559309 0.083414
v -0.100304 0.560403 0.079604
v -0.102506 0.562020 0.076731
v -0.106070 0.563542 0.075894
v -0.109633 0.564388 0.077411
v -0.111835 0.564235 0.080704
v -0.111835 0.563141 0.084514
v -0.109633 0.561524 0.087387
f 897 898 908
f 897 908 907
f 898 899 909
f 898 909 908
f 899 900 910
f 899 910 909
f 900 901 911
f 900 911 910
f 901 902 912
f 901 912 911
f 902 903 913
f 902 913 912
f 903 904 914
f 903 914 913
f 904 905 915
f 904 915 914
f 905 906 916
f 905 916 915
f 906 897 907
f 906 907 916
v -0.106070 0.561772 0.082059
v -0.108398 0.558711 0.085181
v -0.110418 0.555511 0.088400
v -0.111705 0.551980 0.091853
v -0.111883 0.547949 0.095660
v -0.110763 0.543333 0.099879
v -0.108428 0.538168 0.104486
v -0.105246 0.532621 0.109363
v -0.101828 0.526967 0.114314
v -0.098919 0.521544 0.119103
v -0.097261 0.516685 0.123494
v -0.097450 0.512658 0.127297
v -0.099814 0.509614 0.130408
v -0.104354 0.507550 0.132825
v -0.110739 0.506319 0.134654
v -0.118376 0.505653 0.136086
v -0.126522 0.505217 0.137354
v -0.134432 0.504674 0.138698
v -0.141496 0.503749 0.140312
v -0.147344 0.502275 0.142313
v -0.151894 0.500217 0.144727
v -0.155335 0.497658 0.147494
v -0.158043 0.494768 0.150495
v -0.160443 0.491739 0.153594
v -0.158115 0.494800 0.150472
v -0.156094 0.498000 0.147252
v -0.154807 0.501531 0.143799
v -0.154630 0.505562 0.139993
v -0.155749 0.510179 0.135773
v -0.158085 0.515344 0.131166
v -0.161267 0.520890 0.126290
v -0.164685 0.526544 0.121338
v -0.167594 0.531967 0.116549
v -0.169251 0.536826 0.112158
v -0.169063 0.540853 0.108355
v -0.166699 0.543898 0.105245
v -0.162159 0.545961 0.102828
v -0.155773 0.547192 0.100998
v -0.148137 0.547858 0.099567
v -0.139990 0.548295 0.098298
v -0.132080 0.548838 0.096954
v -0.125017 0.549762 0.095340
v -0.119169 0.551236 0.093340
v -0.114619 0.553294 0.090926
v -0.111177 0.555853 0.088159
v -0.108470 0.558743 0.085158
f 917 918 919
f 917 919 918
f 917 919 920
f 917 920 919
f 917 920 921
f 917 921 920
f 917 921 922
f 917 922 921
f 917 922 923
f 917 923 922
f 917 923 924
f 917 924 923
f 917 924 925
f 917 925 924
f 917 925 926
f 917 926 925
f 917 926 927
f 917 927 926
f 917 927 928
f 917 928 927
f 917 928 929
f 917 929 928
f 917 929 930
f 917 930 929
f 917 930 931
f 917 931 930
f 917 931 932
f 917 932 931
f 917 932 933
f 917 933 932
f 917 933 934
f 917 934 933
f 917 934 935
f 917 935 934
f 917 935 936
f 917 936 935
f 917 936 937
f 917 937 936
f 917 937 938
f 917 938 937
f 917 938 939
f 917 939 938
f 917 939 940
f 917 940 939
f 917 940 941
f 917 941 940
f 917 941 942
f 917 942 941
f 917 942 943
f 917 943 942
f 917 943 944
f 917 944 943
f 917 944 945
f 917 945 944
f 917 945 946
f 917 946 945
f 917 946 947
f 917 947 946
f 917 947 948
f 917 948 947
f 917 948 949
f 917 949 948
f 917 949 950
f 917 950 949
f 917 950 951
f 917 951 950
f 917 951 952
f 917 952 951
f 917 952 953
f 917 953 952
f 917 953 954
f 917 954 953
f 917 954 955
f 917 955 954
f 917 955 956
f 917 956 955
f 917 956 957
f 917 957 956
f 917 957 958
f 917 958 957
f 917 958 959
f 917 959 958
f 917 959 960
f 917 960 959
f 917 960 961
f 917 961 960
f 917 961 962
f 917 962 961
v -0.106070 0.561772 0.082059
v -0.106545 0.562134 0.076794
v -0.107370 0.562612 0.071566
v -0.109036 0.563367 0.066425
v -0.111979 0.564543 0.061418
v -0.116423 0.566214 0.056568
v -0.122279 0.568350 0.051865
v -0.129122 0.570812 0.047266
v -0.136247 0.573367 0.042695
v -0.142789 0.575729 0.038064
v -0.147885 0.577615 0.033282
v -0.150844 0.578796 0.028277
v -0.151279 0.579145 0.023008
v -0.149191 0.578663 0.017475
v -0.144966 0.577475 0.011719
v -0.139294 0.575811 0.005812
v -0.133040 0.573954 -0.000156
v -0.127067 0.572190 -0.006094
v -0.122082 0.570752 -0.011929
v -0.118509 0.569780 -0.017617
v -0.116437 0.569302 -0.023148
v -0.115642 0.569245 -0.028546
v -0.115687 0.569466 -0.033856
v -0.116082 0.569802 -0.039129
v -0.115607 0.569439 -0.033864
v -0.114781 0.568962 -0.028636
v -0.113116 0.568207 -0.023495
v -0.110173 0.567031 -0.018488
v -0.105729 0.565360 -0.013638
v -0.099873 0.563224 -0.008935
v -0.093030 0.560762 -0.004335
v -0.085905 0.558207 0.000235
v -0.079363 0.555844 0.004866
v -0.074266 0.553959 0.009648
v -0.071308 0.552778 0.014653
v -0.070873 0.552429 0.019923
v -0.072961 0.552911 0.025455
v -0.077186 0.554099 0.031211
v -0.082857 0.555763 0.037118
v -0.089112 0.557620 0.043086
v -0.095085 0.559384 0.049024
v -0.100070 0.560822 0.054860
v -0.103643 0.561794 0.060547
v -0.105715 0.562272 0.066078
v -0.106510 0.562328 0.071476
v -0.106465 0.562108 0.076786
f 963 964 965
f 963 965 964
f 963 965 966
f 963 966 965
f 963 966 967
f 963 967 966
f 963 967 968
f 963 968 967
f 963 968 969
f 963 969 968
f 963 969 970
f 963 970 969
f 963 970 971
f 963 971 970
f 963 971 972
f 963 972 971
f 963 972 973
f 963 973 972
f 963 973 974
f 963 974 973
f 963 974 975
f 963 975 974
f 963 975 976
f 963 976 975
f 963 976 977
f 963 977 976
f 963 977 978
f 963 978 977
f 963 978 979
f 963 979 978
f 963 979 980
f 963 980 979
f 963 980 981
f 963 981 980
f 963 981 982
f 963 982 981
f 963 982 983
f 963 983 982
f 963 983 984
f 963 984 983
f 963 984 985
f 963 985 984
f 963 985 986
f 963 986 985
f 963 986 987
f 963 987 986
f 963 987 988
f 963 988 987
f 963 988 989
f 963 989 988
f 963 989 990
f 963 990 989
f 963 990 991
f 963 991 990
f 963 991 992
f 963 992 991
f 963 992 993
f 963 993 992
f 963 993 994
f 963 994 993
f 963 994 995
f 963 995 994
f 963 995 996
f 963 996 995
f 963 996 997
f 963 997 996
f 963 997 998
f 963 998 997
f 963 998 999
f 963 999 998
f 963 999 1000
f 963 1000 999
f 963 1000 1001
f 963 1001 1000
f 963 1001 1002
f 963 1002 1001
f 963 1002 1003
f 963 1003 1002
f 963 1003 1004
f 963 1004 1003
f 963 1004 1005
f 963 1005 1004
f 963 1005 1006
f 963 1006 1005
f 963 1006 1007
f 963 1007 1006
f 963 1007 1008
f 963 1008 1007
v -0.123322 0.511292 0.076958
v -0.118968 0.514463 0.074729
v -0.116623 0.516423 0.069764
v -0.117182 0.516423 0.063961
v -0.120433 0.514463 0.059536
v -0.125133 0.511292 0.058180
v -0.129487 0.508121 0.060409
v -0.131832 0.506161 0.065374
v -0.131273 0.506161 0.071177
v -0.128022 0.508121 0.075602
v -0.158811 0.562006 0.077347
v -0.155850 0.564163 0.075831
v -0.154255 0.565496 0.072455
v -0.154635 0.565496 0.068509
v -0.156846 0.564163 0.065500
v -0.160042 0.562006 0.064577
v -0.163003 0.559850 0.066093
v -0.164597 0.558517 0.069469
v -0.164217 0.558517 0.073415
v -0.162007 0.559850 0.076424
f 1009 1010 1020
f 1009 1020 1019
f 1010 1011 1021
f 1010 1021 1020
f 1011 1012 1022
f 1011 1022 1021
f 1012 1013 1023
f 1012 1023 1022
f 1013 1014 1024
f 1013 1024 1023
f 1014 1015 1025
f 1014 1025 1024
f 1015 1016 1026
f 1015 1026 1025
f 1016 1017 1027
f 1016 1027 1026
f 1017 1018 1028
f 1017 1028 1027
f 1018 1009 1019
f 1018 1019 1028
v -0.159426 0.562006 0.070962
v -0.156544 0.561837 0.075227
v -0.152475 0.562520 0.079047
v -0.147428 0.563908 0.082498
v -0.141635 0.565831 0.085668
v -0.135369 0.568096 0.088661
v -0.128923 0.570489 0.091586
v -0.122602 0.572792 0.094558
v -0.116697 0.574797 0.097687
v -0.111468 0.576315 0.101070
v -0.107128 0.577193 0.104787
v -0.103827 0.577325 0.108894
v -0.101641 0.576654 0.113422
v -0.100572 0.575181 0.118369
v -0.100541 0.572960 0.123707
v -0.101399 0.570100 0.129379
v -0.102933 0.566754 0.135306
v -0.104883 0.563109 0.141389
v -0.106958 0.559374 0.147519
v -0.108854 0.555767 0.153581
v -0.110276 0.552502 0.159465
v -0.110953 0.549773 0.165069
v -0.110651 0.547747 0.170305
v -0.109162 0.546575 0.175095
v -0.112044 0.546745 0.170829
v -0.116113 0.546062 0.167010
v -0.121160 0.544674 0.163559
v -0.126953 0.542751 0.160388
v -0.133220 0.540486 0.157396
v -0.139665 0.538093 0.154471
v -0.145986 0.535790 0.151499
v -0.151891 0.533785 0.148370
v -0.157120 0.532267 0.144987
v -0.161460 0.531388 0.141270
v -0.164762 0.531257 0.137162
v -0.166947 0.531928 0.132635
v -0.168016 0.533401 0.127688
v -0.168047 0.535622 0.122350
v -0.167189 0.538482 0.116678
v -0.165655 0.541828 0.110751
v -0.163705 0.545473 0.104668
v -0.161630 0.549208 0.098538
v -0.159734 0.552814 0.092476
v -0.158312 0.556080 0.086591
v -0.157635 0.558809 0.080987
v -0.157937 0.560835 0.075751
f 1029 1030 1031
f 1029 1031 1030
f 1029 1031 1032
f 1029 1032 1031
f 1029 1032 1033
f 1029 1033 1032
f 1029 1033 1034
f 1029 1034 1033
f 1029 1034 1035
f 1029 1035 1034
f 1029 1035 1036
f 1029 1036 1035
f 1029 1036 1037
f 1029 1037 1036
f 1029 1037 1038
f 1029 1038 1037
f 1029 1038 1039
f 1029 1039 1038
f 1029 1039 1040
f 1029 1040 1039
f 1029 1040 1041
f 1029 1041 1040
f 1029 1041 1042
f 1029 1042 1041
f 1029 1042 1043
f 1029 1043 1042
f 1029 1043 1044
f 1029 1044 1043
f 1029 1044 1045
f 1029 1045 1044
f 1029 1045 1046
f 1029 1046 1045
f 1029 1046 1047
f 1029 1047 1046
f 1029 1047 1048
f 1029 1048 1047
f 1029 1048 1049
f 1029 1049 1048
f 1029 1049 1050
f 1029 1050 1049
f 1029 1050 1051
f 1029 1051 1050
f 1029 1051 1052
f 1029 1052 1051
f 1029 1052 1053
f 1029 1053 1052
f 1029 1053 1054
f 1029 1054 1053
f 1029 1054 1055
f 1029 1055 1054
f 1029 1055 1056
f 1029 1056 1055
f 1029 1056 1057
f 1029 1057 1056
f 1029 1057 1058
f 1029 1058 1057
f 1029 1058 1059
f 1029 1059 1058
f 1029 1059 1060
f 1029 1060 1059
f 1029 1060 1061
f 1029 1061 1060
f 1029 1061 1062
f 1029 1062 1061
f 1029 1062 1063
f 1029 1063 1062
f 1029 1063 1064
f 1029 1064 1063
f 1029 1064 1065
f 1029 1065 1064
f 1029 1065 1066
f 1029 1066 1065
f 1029 1066 1067
f 1029 1067 1066
f 1029 1067 1068
f 1029 1068 1067
f 1029 1068 1069
f 1029 1069 1068
f 1029 1069 1070
f 1029 1070 1069
f 1029 1070 1071
f 1029 1071 1070
f 1029 1071 1072
f 1029 1072 1071
f 1029 1072 1073
f 1029 1073 1072
f 1029 1073 1074
f 1029 1074 1073
v -0.159426 0.562006 0.070962
v -0.156854 0.561799 0.069339
v -0.154433 0.561504 0.067482
v -0.152317 0.561027 0.065146
v -0.150618 0.560306 0.062161
v -0.149368 0.559319 0.058474
v -0.148508 0.558102 0.054178
v -0.147893 0.556742 0.049500
v -0.147309 0.555362 0.044773
v -0.146514 0.554108 0.040375
v -0.145275 0.553115 0.036672
v -0.143408 0.552492 0.033948
v -0.140814 0.552298 0.032360
v -0.137492 0.552533 0.031907
v -0.133543 0.553137 0.032434
v -0.129150 0.554004 0.033655
v -0.124545 0.554995 0.035206
v -0.119973 0.555968 0.036708
v -0.115644 0.556797 0.037827
v -0.111706 0.557395 0.038338
v -0.108217 0.557729 0.038147
v -0.105144 0.557817 0.037306
v -0.102377 0.557725 0.035987
v -0.099761 0.557543 0.034434
v -0.102333 0.557751 0.036056
v -0.104755 0.558046 0.037914
v -0.106870 0.558523 0.040249
v -0.108569 0.559244 0.043235
v -0.109820 0.560231 0.046922
v -0.110679 0.561447 0.051218
v -0.111295 0.562808 0.055895
v -0.111878 0.564188 0.060623
v -0.112673 0.565442 0.065020
v -0.113913 0.566435 0.068724
v -0.115780 0.567058 0.071447
v -0.118374 0.567252 0.073036
v -0.121695 0.567017 0.073488
v -0.125644 0.566413 0.072961
v -0.130037 0.565546 0.071740
v -0.134642 0.564554 0.070189
v -0.139215 0.563582 0.068688
v -0.143543 0.562753 0.067568
v -0.147482 0.562155 0.067058
v -0.150971 0.561821 0.067249
v -0.154043 0.561733 0.068089
v -0.156810 0.561825 0.069408
f 1075 1076 1077
f 1075 1077 1076
f 1075 1077 1078
f 1075 1078 1077
f 1075 1078 1079
f 1075 1079 1078
f 1075 1079 1080
f 1075 1080 1079
f 1075 1080 1081
f 1075 1081 1080
f 1075 1081 1082
f 1075 1082 1081
f 1075 1082 1083
f 1075 1083 1082
f 1075 1083 1084
f 1075 1084 1083
f 1075 1084 1085
f 1075 1085 1084
f 1075 1085 1086
f 1075 1086 1085
f 1075 1086 1087
f 1075 1087 1086
f 1075 1087 1088
f 1075 1088 1087
f 1075 1088 1089
f 1075 1089 1088
f 1075 1089 1090
f 1075 1090 1089
f 1075 1090 1091
f 1075 1091 1090
f 1075 1091 1092
f 1075 1092 1091
f 1075 1092 1093
f 1075 1093 1092
f 1075 1093 1094
f 1075 1094 1093
f 1075 1094 1095
f 1075 1095 1094
f 1075 1095 1096
f 1075 1096 1095
f 1075 1096 1097
f 1075 1097 1096
f 1075 1097 1098
f 1075 1098 1097
f 1075 1098 1099
f 1075 1099 1098
f 1075 1099 1100
f 1075 1100 1099
f 1075 1100 1101
f 1075 1101 1100
f 1075 1101 1102
f 1075 1102 1101
f 1075 1102 1103
f 1075 1103 1102
f 1075 1103 1104
f 1075 1104 1103
f 1075 1104 1105
f 1075 1105 1104
f 1075 1105 1106
f 1075 1106 1105
f 1075 1106 1107
f 1075 1107 1106
f 1075 1107 1108
f 1075 1108 1107
f 1075 1108 1109
f 1075 1109 1108
f 1075 1109 1110
f 1075 1110 1109
f 1075 1110 1111
f 1075 1111 1110
f 1075 1111 1112
f 1075 1112 1111
f 1075 1112 1113
f 1075 1113 1112
f 1075 1113 1114
f 1075 1114 1113
f 1075 1114 1115
f 1075 1115 1114
f 1075 1115 1116
f 1075 1116 1115
f 1075 1116 1117
f 1075 1117 1116
f 1075 1117 1118
f 1075 1118 1117
f 1075 1118 1119
f 1075 1119 1118
f 1075 1119 1120
f 1075 1120 1119
v -0.159426 0.562006 0.070962
v -0.162139 0.557647 0.070597
v -0.164860 0.553253 0.070649
v -0.167602 0.548783 0.071628
v -0.170373 0.544203 0.073945
v -0.173178 0.539499 0.077772
v -0.176014 0.534682 0.082969
v -0.178869 0.529789 0.089079
v -0.181729 0.524881 0.095390
v -0.184575 0.520025 0.101058
v -0.187388 0.515290 0.105255
v -0.190154 0.510730 0.107325
v -0.192865 0.506375 0.106907
v -0.195521 0.502225 0.104000
v -0.198130 0.498249 0.098967
v -0.200706 0.494395 0.092463
v -0.203268 0.490593 0.085315
v -0.205835 0.486775 0.078369
v -0.208422 0.482882 0.072335
v -0.211039 0.478876 0.067671
v -0.213689 0.474746 0.064518
v -0.216370 0.470506 0.062703
v -0.219070 0.466189 0.061814
v -0.221780 0.461838 0.061343
v -0.219068 0.466198 0.061707
v -0.216346 0.470592 0.061655
v -0.213604 0.475062 0.060676
v -0.210833 0.479642 0.058359
v -0.208028 0.484346 0.054533
v -0.205193 0.489163 0.049335
v -0.202337 0.494056 0.043225
v -0.199477 0.498964 0.036914
v -0.196632 0.503820 0.031246
v -0.193818 0.508555 0.027049
v -0.191052 0.513115 0.024979
v -0.188341 0.517470 0.025397
v -0.185685 0.521620 0.028304
v -0.183076 0.525596 0.033338
v -0.180500 0.529450 0.039842
v -0.177938 0.533252 0.046989
v -0.175371 0.537070 0.053936
v -0.172785 0.540963 0.059970
v -0.170167 0.544969 0.064633
v -0.167517 0.549099 0.067786
v -0.164837 0.553339 0.069601
v -0.162136 0.557656 0.070490
f 1121 1122 1123
f 1121 1123 1122
f 1121 1123 1124
f 1121 1124 1123
f 1121 1124 1125
f 1121 1125 1124
f 1121 1125 1126
f 1121 1126 1125
f 1121 1126 1127
f 1121 1127 1126
f 1121 1127 1128
f 1121 1128 1127
f 1121 1128 1129
f 1121 1129 1128
f 1121 1129 1130
f 1121 1130 1129
f 1121 1130 1131
f 1121 1131 1130
f 1121 1131 1132
f 1121 1132 1131
f 1121 1132 1133
f 1121 1133 1132
f 1121 1133 1134
f 1121 1134 1133
f 1121 1134 1135
f 1121 1135 1134
f 1121 1135 1136
f 1121 1136 1135
f 1121 1136 1137
f 1121 1137 1136
f 1121 1137 1138
f 1121 1138 1137
f 1121 1138 1139
f 1121 1139 1138
f 1121 1139 1140
f 1121 1140 1139
f 1121 1140 1141
f 1121 1141 1140
f 1121 1141 1142
f 1121 1142 1141
f 1121 1142 1143
f 1121 1143 1142
f 1121 1143 1144
f 1121 1144 1143
f 1121 1144 1145
f 1121 1145 1144
f 1121 1145 1146
f 1121 1146 1145
f 1121 1146 1147
f 1121 1147 1146
f 1121 1147 1148
f 1121 1148 1147
f 1121 1148 1149
f 1121 1149 1148
f 1121 1149 1150
f 1121 1150 1149
f 1121 1150 1151
f 1121 1151 1150
f 1121 1151 1152
f 1121 1152 1151
f 1121 1152 1153
f 1121 1153 1152
f 1121 1153 1154
f 1121 1154 1153
f 1121 1154 1155
f 1121 1155 1154
f 1121 1155 1156
f 1121 1156 1155
f 1121 1156 1157
f 1121 1157 1156
f 1121 1157 1158
f 1121 1158 1157
f 1121 1158 1159
f 1121 1159 1158
f 1121 1159 1160
f 1121 1160 1159
f 1121 1160 1161
f 1121 1161 1160
f 1121 1161 1162
f 1121 1162 1161
f 1121 1162 1163
f 1121 1163 1162
f 1121 1163 1164
f 1121 1164 1163
f 1121 1164 1165
f 1121 1165 1164
f 1121 1165 1166
f 1121 1166 1165
v -0.123849 0.422551 0.020103
v -0.118925 0.428296 0.024134
v -0.111123 0.431846 0.024295
v -0.103423 0.431846 0.020524
v -0.098767 0.428296 0.014262
v -0.098933 0.422551 0.007900
v -0.103857 0.416806 0.003869
v -0.111659 0.413256 0.003708
v -0.119359 0.413256 0.007479
v -0.124015 0.416806 0.013741
v -0.152025 0.496206 -0.047522
v -0.148677 0.500113 -0.044780
v -0.143371 0.502527 -0.044671
v -0.138136 0.502527 -0.047235
v -0.134969 0.500113 -0.051493
v -0.135082 0.496206 -0.055820
v -0.138431 0.492300 -0.058561
v -0.143736 0.489886 -0.058670
v -0.148972 0.489886 -0.056106
v -0.152138 0.492300 -0.051848
f 1167 1168 1178
f 1167 1178 1177
f 1168 1169 1179
f 1168 1179 1178
f 1169 1170 1180
f 1169 1180 1179
f 1170 1171 1181
f 1170 1181 1180
f 1171 1172 1182
f 1171 1182 1181
f 1172 1173 1183
f 1172 1183 1182
f 1173 1174 1184
f 1173 1184 1183
f 1174 1175 1185
f 1174 1185 1184
f 1175 1176 1186
f 1175 1186 1185
f 1176 1167 1177
f 1176 1177 1186
v -0.143554 0.496206 -0.051671
v -0.146250 0.494805 -0.050150
v -0.148971 0.493938 -0.048019
v -0.151718 0.493652 -0.045223
v -0.154490 0.493895 -0.041821
v -0.157280 0.494547 -0.037953
v -0.160082 0.495435 -0.033813
v -0.162884 0.496358 -0.029634
v -0.165679 0.497103 -0.025659
v -0.168456 0.497468 -0.022118
v -0.171208 0.497282 -0.019207
v -0.173929 0.496421 -0.017069
v -0.176616 0.494820 -0.015777
v -0.179270 0.492479 -0.015332
v -0.181892 0.489462 -0.015660
v -0.184488 0.485895 -0.016617
v -0.187068 0.481949 -0.018009
v -0.189639 0.477824 -0.019605
v -0.192212 0.473733 -0.021161
v -0.194795 0.469880 -0.022447
v -0.197398 0.466434 -0.023265
v -0.200024 0.463518 -0.023478
v -0.202678 0.461183 -0.023026
v -0.205356 0.459382 -0.021963
v -0.202659 0.460784 -0.023483
v -0.199939 0.461651 -0.025614
v -0.197191 0.461937 -0.028410
v -0.194420 0.461693 -0.031812
v -0.191629 0.461042 -0.035681
v -0.188828 0.460154 -0.039820
v -0.186025 0.459231 -0.043999
v -0.183230 0.458486 -0.047975
v -0.180453 0.458121 -0.051516
v -0.177701 0.458307 -0.054426
v -0.174980 0.459168 -0.056565
v -0.172293 0.460769 -0.057856
v -0.169640 0.463110 -0.058301
v -0.167018 0.466126 -0.057974
v -0.164421 0.469693 -0.057016
v -0.161842 0.473640 -0.055624
v -0.159270 0.477765 -0.054029
v -0.156698 0.481855 -0.052472
v -0.154114 0.485709 -0.051187
v -0.151512 0.489155 -0.050368
v -0.148885 0.492071 -0.050155
v -0.146232 0.494406 -0.050607
f 1187 1188 1189
f 1187 1189 1188
f 1187 1189 1190
f 1187 1190 1189
f 1187 1190 1191
f 1187 1191 1190
f 1187 1191 1192
f 1187 1192 1191
f 1187 1192 1193
f 1187 1193 1192
f 1187 1193 1194
f 1187 1194 1193
f 1187 1194 1195
f 1187 1195 1194
f 1187 1195 1196
f 1187 1196 1195
f 1187 1196 1197
f 1187 1197 1196
f 1187 1197 1198
f 1187 1198 1197
f 1187 1198 1199
f 1187 1199 1198
f 1187 1199 1200
f 1187 1200 1199
f 1187 1200 1201
f 1187 1201 1200
f 1187 1201 1202
f 1187 1202 1201
f 1187 1202 1203
f 1187 1203 1202
f 1187 1203 1204
f 1187 1204 1203
f 1187 1204 1205
f 1187 1205 1204
f 1187 1205 1206
f 1187 1206 1205
f 1187 1206 1207
f 1187 1207 1206
f 1187 1207 1208
f 1187 1208 1207
f 1187 1208 1209
f 1187 1209 1208
f 1187 1209 1210
f 1187 1210 1209
f 1187 1210 1211
f 1187 1211 1210
f 1187 1211 1212
f 1187 1212 1211
f 1187 1212 1213
f 1187 1213 1212
f 1187 1213 1214
f 1187 1214 1213
f 1187 1214 1215
f 1187 1215 1214
f 1187 1215 1216
f 1187 1216 1215
f 1187 1216 1217
f 1187 1217 1216
f 1187 1217 1218
f 1187 1218 1217
f 1187 1218 1219
f 1187 1219 1218
f 1187 1219 1220
f 1187 1220 1219
f 1187 1220 1221
f 1187 1221 1220
f 1187 1221 1222
f 1187 1222 1221
f 1187 1222 1223
f 1187 1223 1222
f 1187 1223 1224
f 1187 1224 1223
f 1187 1224 1225
f 1187 1225 1224
f 1187 1225 1226
f 1187 1226 1225
f 1187 1226 1227
f 1187 1227 1226
f 1187 1227 1228
f 1187 1228 1227
f 1187 1228 1229
f 1187 1229 1228
f 1187 1229 1230
f 1187 1230 1229
f 1187 1230 1231
f 1187 1231 1230
f 1187 1231 1232
f 1187 1232 1231
v -0.143554 0.496206 -0.051671
v -0.141076 0.498188 -0.049013
v -0.138174 0.500080 -0.046664
v -0.134543 0.501817 -0.044846
v -0.130024 0.503366 -0.043674
v -0.124624 0.504728 -0.043142
v -0.118521 0.505941 -0.043122
v -0.112039 0.507074 -0.043377
v -0.105596 0.508215 -0.043604
v -0.099647 0.509461 -0.043473
v -0.094609 0.510900 -0.042678
v -0.090804 0.512600 -0.040986
v -0.088405 0.514598 -0.038271
v -0.087413 0.516895 -0.034533
v -0.087654 0.519453 -0.029898
v -0.088806 0.522204 -0.024599
v -0.090452 0.525059 -0.018943
v -0.092137 0.527923 -0.013257
v -0.093443 0.530706 -0.007848
v -0.094045 0.533341 -0.002949
v -0.093768 0.535789 0.001309
v -0.092602 0.538048 0.004920
v -0.090706 0.540153 0.008001
v -0.088387 0.542168 0.010774
v -0.090865 0.540187 0.008117
v -0.093766 0.538295 0.005768
v -0.097397 0.536558 0.003949
v -0.101917 0.535009 0.002777
v -0.107317 0.533647 0.002245
v -0.113419 0.532433 0.002225
v -0.119901 0.531301 0.002481
v -0.126344 0.530159 0.002708
v -0.132294 0.528914 0.002576
v -0.137332 0.527475 0.001781
v -0.141137 0.525775 0.000089
v -0.143536 0.523776 -0.002626
v -0.144528 0.521480 -0.006364
v -0.144287 0.518922 -0.010999
v -0.143134 0.516171 -0.016297
v -0.141488 0.513316 -0.021954
v -0.139803 0.510452 -0.027640
v -0.138498 0.507668 -0.033049
v -0.137895 0.505034 -0.037948
v -0.138173 0.502586 -0.042206
v -0.139339 0.500327 -0.045817
v -0.141234 0.498222 -0.048898
f 1233 1234 1235
f 1233 1235 1234
f 1233 1235 1236
f 1233 1236 1235
f 1233 1236 1237
f 1233 1237 1236
f 1233 1237 1238
f 1233 1238 1237
f 1233 1238 1239
f 1233 1239 1238
f 1233 1239 1240
f 1233 1240 1239
f 1233 1240 1241
f 1233 1241 1240
f 1233 1241 1242
f 1233 1242 1241
f 1233 1242 1243
f 1233 1243 1242
f 1233 1243 1244
f 1233 1244 1243
f 1233 1244 1245
f 1233 1245 1244
f 1233 1245 1246
f 1233 1246 1245
f 1233 1246 1247
f 1233 1247 1246
f 1233 1247 1248
f 1233 1248 1247
f 1233 1248 1249
f 1233 1249 1248
f 1233 1249 1250
f 1233 1250 1249
f 1233 1250 1251
f 1233 1251 1250
f 1233 1251 1252
f 1233 1252 1251
f 1233 1252 1253
f 1233 1253 1252
f 1233 1253 1254
f 1233 1254 1253
f 1233 1254 1255
f 1233 1255 1254
f 1233 1255 1256
f 1233 1256 1255
f 1233 1256 1257
f 1233 1257 1256
f 1233 1257 1258
f 1233 1258 1257
f 1233 1258 1259
f 1233 1259 1258
f 1233 1259 1260
f 1233 1260 1259
f 1233 1260 1261
f 1233 1261 1260
f 1233 1261 1262
f 1233 1262 1261
f 1233 1262 1263
f 1233 1263 1262
f 1233 1263 1264
f 1233 1264 1263
f 1233 1264 1265
f 1233 1265 1264
f 1233 1265 1266
f 1233 1266 1265
f 1233 1266 1267
f 1233 1267 1266
f 1233 1267 1268
f 1233 1268 1267
f 1233 1268 1269
f 1233 1269 1268
f 1233 1269 1270
f 1233 1270 1269
f 1233 1270 1271
f 1233 1271 1270
f 1233 1271 1272
f 1233 1272 1271
f 1233 1272 1273
f 1233 1273 1272
f 1233 1273 1274
f 1233 1274 1273
f 1233 1274 1275
f 1233 1275 1274
f 1233 1275 1276
f 1233 1276 1275
f 1233 1276 1277
f 1233 1277 1276
f 1233 1277 1278
f 1233 1278 1277
v -0.143554 0.496206 -0.051671
v -0.142432 0.492490 -0.053072
v -0.141722 0.488626 -0.054436
v -0.141804 0.484481 -0.055728
v -0.142923 0.479966 -0.056926
v -0.145130 0.475064 -0.058026
v -0.148257 0.469835 -0.059043
v -0.151933 0.464410 -0.060010
v -0.155644 0.458973 -0.060974
v -0.158811 0.453729 -0.061987
v -0.160888 0.448873 -0.063099
v -0.161449 0.444557 -0.064348
v -0.160261 0.440864 -0.065755
v -0.157325 0.437793 -0.067320
v -0.152873 0.435262 -0.069023
v -0.147330 0.433120 -0.070823
v -0.141243 0.431170 -0.072674
v -0.135192 0.429209 -0.074520
v -0.129690 0.427051 -0.076318
v -0.125108 0.424567 -0.078032
v -0.121613 0.421695 -0.079647
v -0.119155 0.418454 -0.081169
v -0.117490 0.414930 -0.082619
v -0.116237 0.411261 -0.084032
v -0.117359 0.414977 -0.082631
v -0.118069 0.418841 -0.081267
v -0.117987 0.422986 -0.079975
v -0.116867 0.427501 -0.078777
v -0.114660 0.432403 -0.077677
v -0.111534 0.437632 -0.076660
v -0.107858 0.443057 -0.075693
v -0.104147 0.448494 -0.074729
v -0.100979 0.453738 -0.073716
v -0.098902 0.458594 -0.072604
v -0.098342 0.462909 -0.071355
v -0.099530 0.466603 -0.069948
v -0.102466 0.469674 -0.068383
v -0.106918 0.472205 -0.066680
v -0.112461 0.474347 -0.064879
v -0.118547 0.476297 -0.063029
v -0.124598 0.478258 -0.061183
v -0.130100 0.480416 -0.059385
v -0.134683 0.482900 -0.057671
v -0.138178 0.485772 -0.056056
v -0.140635 0.489013 -0.054534
v -0.142300 0.492536 -0.053084
f 1279 1280 1281
f 1279 1281 1280
f 1279 1281 1282
f 1279 1282 1281
f 1279 1282 1283
f 1279 1283 1282
f 1279 1283 1284
f 1279 1284 1283
f 1279 1284 1285
f 1279 1285 1284
f 1279 1285 1286
f 1279 1286 1285
f 1279 1286 1287
f 1279 1287 1286
f 1279 1287 1288
f 1279 1288 1287
f 1279 1288 1289
f 1279 1289 1288
f 1279 1289 1290
f 1279 1290 1289
f 1279 1290 1291
f 1279 1291 1290
f 1279 1291 1292
f 1279 1292 1291
f 1279 1292 1293
f 1279 1293 1292
f 1279 1293 1294
f 1279 1294 1293
f 1279 1294 1295
f 1279 1295 1294
f 1279 1295 1296
f 1279 1296 1295
f 1279 1296 1297
f 1279 1297 1296
f 1279 1297 1298
f 1279 1298 1297
f 1279 1298 1299
f 1279 1299 1298
f 1279 1299 1300
f 1279 1300 1299
f 1279 1300 1301
f 1279 1301 1300
f 1279 1301 1302
f 1279 1302 1301
f 1279 1302 1303
f 1279 1303 1302
f 1279 1303 1304
f 1279 1304 1303
f 1279 1304 1305
f 1279 1305 1304
f 1279 1305 1306
f 1279 1306 1305
f 1279 1306 1307
f 1279 1307 1306
f 1279 1307 1308
f 1279 1308 1307
f 1279 1308 1309
f 1279 1309 1308
f 1279 1309 1310
f 1279 1310 1309
f 1279 1310 1311
f 1279 1311 1310
f 1279 1311 1312
f 1279 1312 1311
f 1279 1312 1313
f 1279 1313 1312
f 1279 1313 1314
f 1279 1314 1313
f 1279 1314 1315
f 1279 1315 1314
f 1279 1315 1316
f 1279 1316 1315
f 1279 1316 1317
f 1279 1317 1316
f 1279 1317 1318
f 1279 1318 1317
f 1279 1318 1319
f 1279 1319 1318
f 1279 1319 1320
f 1279 1320 1319
f 1279 1320 1321
f 1279 1321 1320
f 1279 1321 1322
f 1279 1322 1321
f 1279 1322 1323
f 1279 1323 1322
f 1279 1323 1324
f 1279 1324 1323
v -0.152569 0.496206 -0.048894
v -0.150318 0.501452 -0.047708
v -0.145484 0.504694 -0.048036
v -0.139913 0.504694 -0.049752
v -0.135732 0.501452 -0.052201
v -0.134539 0.496206 -0.054448
v -0.136789 0.490961 -0.055633
v -0.141623 0.487719 -0.055305
v -0.147195 0.487719 -0.053589
v -0.151376 0.490961 -0.051140
v -0.165608 0.514722 -0.101476
v -0.164078 0.518289 -0.100670
v -0.160791 0.520494 -0.100893
v -0.157002 0.520494 -0.102060
v -0.154159 0.518289 -0.103726
v -0.153348 0.514722 -0.105253
v -0.154878 0.511155 -0.106060
v -0.158166 0.508950 -0.105837
v -0.161954 0.508950 -0.104669
v -0.164797 0.511155 -0.103004
f 1325 1326 1336
f 1325 1336 1335
f 1326 1327 1337
f 1326 1337 1336
f 1327 1328 1338
f 1327 1338 1337
f 1328 1329 1339
f 1328 1339 1338
f 1329 1330 1340
f 1329 1340 1339
f 1330 1331 1341
f 1330 1341 1340
f 1331 1332 1342
f 1331 1342 1341
f 1332 1333 1343
f 1332 1343 1342
f 1333 1334 1344
f 1333 1344 1343
f 1334 1325 1335
f 1334 1335 1344
v -0.159478 0.514722 -0.103365
v -0.163590 0.513237 -0.100913
v -0.167803 0.512395 -0.098201
v -0.172179 0.512602 -0.095062
v -0.176749 0.514045 -0.091421
v -0.181505 0.516681 -0.087296
v -0.186405 0.520240 -0.082795
v -0.191380 0.524271 -0.078102
v -0.196339 0.528205 -0.073449
v -0.201188 0.531435 -0.069082
v -0.205840 0.533407 -0.065226
v -0.210230 0.533699 -0.062053
v -0.214322 0.532085 -0.059654
v -0.218115 0.528564 -0.058030
v -0.221646 0.523363 -0.057088
v -0.224980 0.516905 -0.056658
v -0.228205 0.509742 -0.056514
v -0.231414 0.502482 -0.056409
v -0.234696 0.495694 -0.056113
v -0.238124 0.489830 -0.055441
v -0.241737 0.485158 -0.054285
v -0.245544 0.481722 -0.052626
v -0.249515 0.479336 -0.050541
v -0.253586 0.477591 -0.048195
v -0.249475 0.479076 -0.050647
v -0.245262 0.479918 -0.053359
v -0.240886 0.479711 -0.056498
v -0.236316 0.478268 -0.060139
v -0.231560 0.475633 -0.064264
v -0.226659 0.472073 -0.068765
v -0.221685 0.468042 -0.073458
v -0.216726 0.464108 -0.078111
v -0.211877 0.460878 -0.082478
v -0.207225 0.458907 -0.086334
v -0.202835 0.458614 -0.089508
v -0.198743 0.460229 -0.091906
v -0.194950 0.463750 -0.093530
v -0.191419 0.468950 -0.094472
v -0.188084 0.475409 -0.094902
v -0.184860 0.482571 -0.095046
v -0.181651 0.489832 -0.095151
v -0.178368 0.496620 -0.095447
v -0.174941 0.502484 -0.096119
v -0.171327 0.507156 -0.097275
v -0.167521 0.510591 -0.098934
v -0.163550 0.512978 -0.101019
f 1345 1346 1347
f 1345 1347 1346
f 1345 1347 1348
f 1345 1348 1347
f 1345 1348 1349
f 1345 1349 1348
f 1345 1349 1350
f 1345 1350 1349
f 1345 1350 1351
f 1345 1351 1350
f 1345 1351 1352
f 1345 1352 1351
f 1345 1352 1353
f 1345 1353 1352
f 1345 1353 1354
f 1345 1354 1353
f 1345 1354 1355
f 1345 1355 1354
f 1345 1355 1356
f 1345 1356 1355
f 1345 1356 1357
f 1345 1357 1356
f 1345 1357 1358
f 1345 1358 1357
f 1345 1358 1359
f 1345 1359 1358
f 1345 1359 1360
f 1345 1360 1359
f 1345 1360 1361
f 1345 1361 1360
f 1345 1361 1362
f 1345 1362 1361
f 1345 1362 1363
f 1345 1363 1362
f 1345 1363 1364
f 1345 1364 1363
f 1345 1364 1365
f 1345 1365 1364
f 1345 1365 1366
f 1345 1366 1365
f 1345 1366 1367
f 1345 1367 1366
f 1345 1367 1368
f 1345 1368 1367
f 1345 1368 1369
f 1345 1369 1368
f 1345 1369 1370
f 1345 1370 1369
f 1345 1370 1371
f 1345 1371 1370
f 1345 1371 1372
f 1345 1372 1371
f 1345 1372 1373
f 1345 1373 1372
f 1345 1373 1374
f 1345 1374 1373
f 1345 1374 1375
f 1345 1375 1374
f 1345 1375 1376
f 1345 1376 1375
f 1345 1376 1377
f 1345 1377 1376
f 1345 1377 1378
f 1345 1378 1377
f 1345 1378 1379
f 1345 1379 1378
f 1345 1379 1380
f 1345 1380 1379
f 1345 1380 1381
f 1345 1381 1380
f 1345 1381 1382
f 1345 1382 1381
f 1345 1382 1383
f 1345 1383 1382
f 1345 1383 1384
f 1345 1384 1383
f 1345 1384 1385
f 1345 1385 1384
f 1345 1385 1386
f 1345 1386 1385
f 1345 1386 1387
f 1345 1387 1386
f 1345 1387 1388
f 1345 1388 1387
f 1345 1388 1389
f 1345 1389 1388
f 1345 1389 1390
f 1345 1390 1389
v -0.159478 0.514722 -0.103365
v -0.155559 0.512989 -0.103778
v -0.151965 0.510082 -0.104511
v -0.148647 0.506181 -0.105516
v -0.145542 0.501511 -0.106731
v -0.142575 0.496340 -0.108082
v -0.139664 0.490969 -0.109487
v -0.136722 0.485707 -0.110863
v -0.133667 0.480856 -0.112127
v -0.130424 0.476685 -0.113205
v -0.126930 0.473416 -0.114038
v -0.123144 0.471204 -0.114581
v -0.119042 0.470131 -0.114815
v -0.114624 0.470197 -0.114737
v -0.109914 0.471321 -0.114371
v -0.104953 0.473346 -0.113759
v -0.099805 0.476051 -0.112961
v -0.094542 0.479167 -0.112051
v -0.089249 0.482392 -0.111112
v -0.084012 0.485417 -0.110227
v -0.078913 0.487941 -0.109478
v -0.074028 0.489696 -0.108940
v -0.069417 0.490458 -0.108673
v -0.065133 0.490045 -0.108726
v -0.069052 0.491777 -0.108313
v -0.072646 0.494684 -0.107579
v -0.075964 0.498585 -0.106575
v -0.079069 0.503256 -0.105360
v -0.082036 0.508426 -0.104009
v -0.084947 0.513798 -0.102603
v -0.087888 0.519059 -0.101227
v -0.090944 0.523911 -0.099963
v -0.094187 0.528081 -0.098885
v -0.097681 0.531351 -0.098053
v -0.101467 0.533562 -0.097509
v -0.105569 0.534635 -0.097276
v -0.109987 0.534569 -0.097354
v -0.114697 0.533446 -0.097720
v -0.119657 0.531421 -0.098332
v -0.124806 0.528716 -0.099130
v -0.130069 0.525600 -0.100039
v -0.135362 0.522375 -0.100979
v -0.140599 0.519350 -0.101864
v -0.145698 0.516825 -0.102612
v -0.150583 0.515070 -0.103151
v -0.155193 0.514309 -0.103418
f 1391 1392 1393
f 1391 1393 1392
f 1391 1393 1394
f 1391 1394 1393
f 1391 1394 1395
f 1391 1395 1394
f 1391 1395 1396
f 1391 1396 1395
f 1391 1396 1397
f 1391 1397 1396
f 1391 1397 1398
f 1391 1398 1397
f 1391 1398 1399
f 1391 1399 1398
f 1391 1399 1400
f 1391 1400 1399
f 1391 1400 1401
f 1391 1401 1400
f 1391 1401 1402
f 1391 1402 1401
f 1391 1402 1403
f 1391 1403 1402
f 1391 1403 1404
f 1391 1404 1403
f 1391 1404 1405
f 1391 1405 1404
f 1391 1405 1406
f 1391 1406 1405
f 1391 1406 1407
f 1391 1407 1406
f 1391 1407 1408
f 1391 1408 1407
f 1391 1408 1409
f 1391 1409 1408
f 1391 1409 1410
f 1391 1410 1409
f 1391 1410 1411
f 1391 1411 1410
f 1391 1411 1412
f 1391 1412 1411
f 1391 1412 1413
f 1391 1413 1412
f 1391 1413 1414
f 1391 1414 1413
f 1391 1414 1415
f 1391 1415 1414
f 1391 1415 1416
f 1391 1416 1415
f 1391 1416 1417
f 1391 1417 1416
f 1391 1417 1418
f 1391 1418 1417
f 1391 1418 1419
f 1391 1419 1418
f 1391 1419 1420
f 1391 1420 1419
f 1391 1420 1421
f 1391 1421 1420
f 1391 1421 1422
f 1391 1422 1421
f 1391 1422 1423
f 1391 1423 1422
f 1391 1423 1424
f 1391 1424 1423
f 1391 1424 1425
f 1391 1425 1424
f 1391 1425 1426
f 1391 1426 1425
f 1391 1426 1427
f 1391 1427 1426
f 1391 1427 1428
f 1391 1428 1427
f 1391 1428 1429
f 1391 1429 1428
f 1391 1429 1430
f 1391 1430 1429
f 1391 1430 1431
f 1391 1431 1430
f 1391 1431 1432
f 1391 1432 1431
f 1391 1432 1433
f 1391 1433 1432
f 1391 1433 1434
f 1391 1434 1433
f 1391 1434 1435
f 1391 1435 1434
f 1391 1435 1436
f 1391 1436 1435
v -0.145762 0.496206 -0.042500
v -0.141139 0.499680 -0.043239
v -0.137438 0.501827 -0.047199
v -0.136073 0.501827 -0.052867
v -0.137565 0.499680 -0.058078
v -0.141345 0.496206 -0.060841
v -0.145968 0.492733 -0.060102
v -0.149669 0.490586 -0.056142
v -0.151034 0.490586 -0.050474
v -0.149542 0.492733 -0.045263
v -0.184992 0.547312 -0.055053
v -0.181848 0.549674 -0.055556
v -0.179331 0.551134 -0.058249
v -0.178403 0.551134 -0.062103
v -0.179418 0.549674 -0.065646
v -0.181988 0.547312 -0.067525
v -0.185132 0.544950 -0.067022
v -0.187648 0.543490 -0.064329
v -0.188577 0.543490 -0.060475
v -0.187562 0.544950 -0.056932
f 1437 1438 1448
f 1437 1448 1447
f 1438 1439 1449
f 1438 1449 1448
f 1439 1440 1450
f 1439 1450 1449
f 1440 1441 1451
f 1440 1451 1450
f 1441 1442 1452
f 1441 1452 1451
f 1442 1443 1453
f 1442 1453 1452
f 1443 1444 1454
f 1443 1454 1453
f 1444 1445 1455
f 1444 1455 1454
f 1445 1446 1456
f 1445 1456 1455
f 1446 1437 1447
f 1446 1447 1456
v -0.183490 0.547312 -0.061289
v -0.183649 0.545925 -0.058546
v -0.183619 0.544703 -0.055706
v -0.183187 0.543836 -0.052655
v -0.182189 0.543467 -0.049309
v -0.180564 0.543648 -0.045636
v -0.178381 0.544322 -0.041671
v -0.175835 0.545313 -0.037518
v -0.173223 0.546363 -0.033329
v -0.170890 0.547168 -0.029287
v -0.169172 0.547433 -0.025564
v -0.168332 0.546924 -0.022301
v -0.168516 0.545515 -0.019572
v -0.169724 0.543204 -0.017377
v -0.171812 0.540121 -0.015641
v -0.174513 0.536497 -0.014226
v -0.177494 0.532627 -0.012956
v -0.180408 0.528817 -0.011651
v -0.182959 0.525324 -0.010158
v -0.184953 0.522323 -0.008373
v -0.186320 0.519874 -0.006261
v -0.187120 0.517922 -0.003853
v -0.187518 0.516324 -0.001236
v -0.187728 0.514892 0.001480
v -0.187569 0.516279 -0.001263
v -0.187599 0.517501 -0.004103
v -0.188031 0.518368 -0.007154
v -0.189029 0.518738 -0.010500
v -0.190654 0.518556 -0.014173
v -0.192837 0.517883 -0.018138
v -0.195383 0.516891 -0.022292
v -0.197995 0.515841 -0.026480
v -0.200328 0.515036 -0.030523
v -0.202046 0.514771 -0.034245
v -0.202886 0.515280 -0.037508
v -0.202702 0.516690 -0.040237
v -0.201494 0.519000 -0.042432
v -0.199406 0.522084 -0.044168
v -0.196705 0.525708 -0.045583
v -0.193724 0.529577 -0.046853
v -0.190810 0.533388 -0.048158
v -0.188259 0.536880 -0.049651
v -0.186265 0.539881 -0.051436
v -0.184898 0.542331 -0.053548
v -0.184098 0.544282 -0.055956
v -0.183700 0.545880 -0.058573
f 1457 1458 1459
f 1457 1459 1458
f 1457 1459 1460
f 1457 1460 1459
f 1457 1460 1461
f 1457 1461 1460
f 1457 1461 1462
f 1457 1462 1461
f 1457 1462 1463
f 1457 1463 1462
f 1457 1463 1464
f 1457 1464 1463
f 1457 1464 1465
f 1457 1465 1464
f 1457 1465 1466
f 1457 1466 1465
f 1457 1466 1467
f 1457 1467 1466
f 1457 1467 1468
f 1457 1468 1467
f 1457 1468 1469
f 1457 1469 1468
f 1457 1469 1470
f 1457 1470 1469
f 1457 1470 1471
f 1457 1471 1470
f 1457 1471 1472
f 1457 1472 1471
f 1457 1472 1473
f 1457 1473 1472
f 1457 1473 1474
f 1457 1474 1473
f 1457 1474 1475
f 1457 1475 1474
f 1457 1475 1476
f 1457 1476 1475
f 1457 1476 1477
f 1457 1477 1476
f 1457 1477 1478
f 1457 1478 1477
f 1457 1478 1479
f 1457 1479 1478
f 1457 1479 1480
f 1457 1480 1479
f 1457 1480 1481
f 1457 1481 1480
f 1457 1481 1482
f 1457 1482 1481
f 1457 1482 1483
f 1457 1483 1482
f 1457 1483 1484
f 1457 1484 1483
f 1457 1484 1485
f 1457 1485 1484
f 1457 1485 1486
f 1457 1486 1485
f 1457 1486 1487
f 1457 1487 1486
f 1457 1487 1488
f 1457 1488 1487
f 1457 1488 1489
f 1457 1489 1488
f 1457 1489 1490
f 1457 1490 1489
f 1457 1490 1491
f 1457 1491 1490
f 1457 1491 1492
f 1457 1492 1491
f 1457 1492 1493
f 1457 1493 1492
f 1457 1493 1494
f 1457 1494 1493
f 1457 1494 1495
f 1457 1495 1494
f 1457 1495 1496
f 1457 1496 1495
f 1457 1496 1497
f 1457 1497 1496
f 1457 1497 1498
f 1457 1498 1497
f 1457 1498 1499
f 1457 1499 1498
f 1457 1499 1500
f 1457 1500 1499
f 1457 1500 1501
f 1457 1501 1500
f 1457 1501 1502
f 1457 1502 1501
v -0.183490 0.547312 -0.061289
v -0.180348 0.547987 -0.062882
v -0.177430 0.548351 -0.065199
v -0.174769 0.548361 -0.068336
v -0.172346 0.548038 -0.072243
v -0.170114 0.547453 -0.076758
v -0.167995 0.546710 -0.081640
v -0.165900 0.545934 -0.086598
v -0.163731 0.545260 -0.091320
v -0.161396 0.544817 -0.095506
v -0.158814 0.544716 -0.098900
v -0.155928 0.545036 -0.101317
v -0.152708 0.545821 -0.102658
v -0.149152 0.547069 -0.102923
v -0.145292 0.548740 -0.102210
v -0.141186 0.550752 -0.100707
v -0.136913 0.552995 -0.098667
v -0.132566 0.555340 -0.096391
v -0.128243 0.557652 -0.094190
v -0.124034 0.559806 -0.092357
v -0.120015 0.561697 -0.091133
v -0.116235 0.563257 -0.090677
v -0.112710 0.564462 -0.091043
v -0.109411 0.565356 -0.092132
v -0.112553 0.564680 -0.090538
v -0.115470 0.564316 -0.088222
v -0.118132 0.564307 -0.085084
v -0.120554 0.564629 -0.081178
v -0.122787 0.565214 -0.076663
v -0.124906 0.565958 -0.071780
v -0.127001 0.566734 -0.066822
v -0.129169 0.567408 -0.062101
v -0.131505 0.567850 -0.057915
v -0.134086 0.567952 -0.054520
v -0.136972 0.567632 -0.052104
v -0.140193 0.566847 -0.050763
v -0.143749 0.565598 -0.050497
v -0.147609 0.563928 -0.051210
v -0.151715 0.561916 -0.052714
v -0.155988 0.559673 -0.054753
v -0.160335 0.557328 -0.057030
v -0.164658 0.555015 -0.059230
v -0.168867 0.552862 -0.061063
v -0.172886 0.550970 -0.062288
v -0.176666 0.549411 -0.062743
v -0.180191 0.548205 -0.062377
f 1503 1504 1505
f 1503 1505 1504
f 1503 1505 1506
f 1503 1506 1505
f 1503 1506 1507
f 1503 1507 1506
f 1503 1507 1508
f 1503 1508 1507
f 1503 1508 1509
f 1503 1509 1508
f 1503 1509 1510
f 1503 1510 1509
f 1503 1510 1511
f 1503 1511 1510
f 1503 1511 1512
f 1503 1512 1511
f 1503 1512 1513
f 1503 1513 1512
f 1503 1513 1514
f 1503 1514 1513
f 1503 1514 1515
f 1503 1515 1514
f 1503 1515 1516
f 1503 1516 1515
f 1503 1516 1517
f 1503 1517 1516
f 1503 1517 1518
f 1503 1518 1517
f 1503 1518 1519
f 1503 1519 1518
f 1503 1519 1520
f 1503 1520 1519
f 1503 1520 1521
f 1503 1521 1520
f 1503 1521 1522
f 1503 1522 1521
f 1503 1522 1523
f 1503 1523 1522
f 1503 1523 1524
f 1503 1524 1523
f 1503 1524 1525
f 1503 1525 1524
f 1503 1525 1526
f 1503 1526 1525
f 1503 1526 1527
f 1503 1527 1526
f 1503 1527 1528
f 1503 1528 1527
f 1503 1528 1529
f 1503 1529 1528
f 1503 1529 1530
f 1503 1530 1529
f 1503 1530 1531
f 1503 1531 1530
f 1503 1531 1532
f 1503 1532 1531
f 1503 1532 1533
f 1503 1533 1532
f 1503 1533 1534
f 1503 1534 1533
f 1503 1534 1535
f 1503 1535 1534
f 1503 1535 1536
f 1503 1536 1535
f 1503 1536 1537
f 1503 1537 1536
f 1503 1537 1538
f 1503 1538 1537
f 1503 1538 1539
f 1503 1539 1538
f 1503 1539 1540
f 1503 1540 1539
f 1503 1540 1541
f 1503 1541 1540
f 1503 1541 1542
f 1503 1542 1541
f 1503 1542 1543
f 1503 1543 1542
f 1503 1543 1544
f 1503 1544 1543
f 1503 1544 1545
f 1503 1545 1544
f 1503 1545 1546
f 1503 1546 1545
f 1503 1546 1547
f 1503 1547 1546
f 1503 1547 1548
f 1503 1548 1547
v -0.183490 0.547312 -0.061289
v -0.185525 0.543602 -0.062461
v -0.188178 0.539618 -0.062524
v -0.191345 0.535405 -0.061668
v -0.194904 0.531018 -0.060108
v -0.198714 0.526520 -0.058099
v -0.202621 0.521979 -0.055917
v -0.206464 0.517465 -0.053848
v -0.210091 0.513049 -0.052167
v -0.213363 0.508789 -0.051121
v -0.216170 0.504736 -0.050909
v -0.218432 0.500926 -0.051675
v -0.220108 0.497375 -0.053490
v -0.221197 0.494085 -0.056355
v -0.221742 0.491038 -0.060197
v -0.221821 0.488197 -0.064874
v -0.221545 0.485513 -0.070186
v -0.221054 0.482926 -0.075885
v -0.220498 0.480366 -0.081697
v -0.220040 0.477764 -0.087338
v -0.219832 0.475051 -0.092528
v -0.220017 0.472163 -0.097015
v -0.220715 0.469047 -0.100582
v -0.222031 0.465656 -0.103041
v -0.219996 0.469366 -0.101869
v -0.217343 0.473350 -0.101805
v -0.214176 0.477563 -0.102662
v -0.210617 0.481950 -0.104221
v -0.206807 0.486448 -0.106231
v -0.202900 0.490990 -0.108413
v -0.199057 0.495503 -0.110482
v -0.195430 0.499920 -0.112162
v -0.192158 0.504179 -0.113209
v -0.189351 0.508232 -0.113420
v -0.187089 0.512042 -0.112655
v -0.185413 0.515593 -0.110840
v -0.184324 0.518883 -0.107974
v -0.183779 0.521930 -0.104132
v -0.183700 0.524771 -0.099455
v -0.183976 0.527455 -0.094144
v -0.184468 0.530042 -0.088445
v -0.185023 0.532602 -0.082632
v -0.185482 0.535204 -0.076992
v -0.185689 0.537917 -0.071802
v -0.185505 0.540805 -0.067315
v -0.184807 0.543921 -0.063748
f 1549 1550 1551
f 1549 1551 1550
f 1549 1551 1552
f 1549 1552 1551
f 1549 1552 1553
f 1549 1553 1552
f 1549 1553 1554
f 1549 1554 1553
f 1549 1554 1555
f 1549 1555 1554
f 1549 1555 1556
f 1549 1556 1555
f 1549 1556 1557
f 1549 1557 1556
f 1549 1557 1558
f 1549 1558 1557
f 1549 1558 1559
f 1549 1559 1558
f 1549 1559 1560
f 1549 1560 1559
f 1549 1560 1561
f 1549 1561 1560
f 1549 1561 1562
f 1549 1562 1561
f 1549 1562 1563
f 1549 1563 1562
f 1549 1563 1564
f 1549 1564 1563
f 1549 1564 1565
f 1549 1565 1564
f 1549 1565 1566
f 1549 1566 1565
f 1549 1566 1567
f 1549 1567 1566
f 1549 1567 1568
f 1549 1568 1567
f 1549 1568 1569
f 1549 1569 1568
f 1549 1569 1570
f 1549 1570 1569
f 1549 1570 1571
f 1549 1571 1570
f 1549 1571 1572
f 1549 1572 1571
f 1549 1572 1573
f 1549 1573 1572
f 1549 1573 1574
f 1549 1574 1573
f 1549 1574 1575
f 1549 1575 1574
f 1549 1575 1576
f 1549 1576 1575
f 1549 1576 1577
f 1549 1577 1576
f 1549 1577 1578
f 1549 1578 1577
f 1549 1578 1579
f 1549 1579 1578
f 1549 1579 1580
f 1549 1580 1579
f 1549 1580 1581
f 1549 1581 1580
f 1549 1581 1582
f 1549 1582 1581
f 1549 1582 1583
f 1549 1583 1582
f 1549 1583 1584
f 1549 1584 1583
f 1549 1584 1585
f 1549 1585 1584
f 1549 1585 1586
f 1549 1586 1585
f 1549 1586 1587
f 1549 1587 1586
f 1549 1587 1588
f 1549 1588 1587
f 1549 1588 1589
f 1549 1589 1588
f 1549 1589 1590
f 1549 1590 1589
f 1549 1590 1591
f 1549 1591 1590
f 1549 1591 1592
f 1549 1592 1591
f 1549 1592 1593
f 1549 1593 1592
f 1549 1593 1594
f 1549 1594 1593
v -0.151914 0.496206 -0.056039
v -0.152377 0.499519 -0.051264
v -0.149469 0.501566 -0.046644
v -0.144302 0.501566 -0.043944
v -0.138849 0.499519 -0.044195
v -0.135193 0.496206 -0.047302
v -0.134731 0.492894 -0.052077
v -0.137638 0.490847 -0.056697
v -0.142805 0.490847 -0.059397
v -0.148258 0.492894 -0.059146
v -0.132607 0.544416 -0.086469
v -0.132921 0.546668 -0.083222
v -0.130944 0.548060 -0.080080
v -0.127431 0.548060 -0.078244
v -0.123723 0.546668 -0.078415
v -0.121237 0.544416 -0.080527
v -0.120922 0.542163 -0.083774
v -0.122899 0.540771 -0.086916
v -0.126413 0.540771 -0.088752
v -0.130121 0.542163 -0.088581
f 1595 1596 1606
f 1595 1606 1605
f 1596 1597 1607
f 1596 1607 1606
f 1597 1598 1608
f 1597 1608 1607
f 1598 1599 1609
f 1598 1609 1608
f 1599 1600 1610
f 1599 1610 1609
f 1600 1601 1611
f 1600 1611 1610
f 1601 1602 1612
f 1601 1612 1611
f 1602 1603 1613
f 1602 1613 1612
f 1603 1604 1614
f 1603 1614 1613
f 1604 1595 1605
f 1604 1605 1614
v -0.126922 0.544416 -0.083498
v -0.130396 0.542455 -0.085273
v -0.134103 0.540710 -0.086843
v -0.138310 0.539430 -0.087970
v -0.143223 0.538806 -0.088472
v -0.148920 0.538910 -0.088282
v -0.155316 0.539662 -0.087474
v -0.162167 0.540838 -0.086264
v -0.169103 0.542092 -0.084978
v -0.175692 0.543025 -0.083999
v -0.181515 0.543245 -0.083698
v -0.186238 0.542445 -0.084368
v -0.189681 0.540455 -0.086171
v -0.191842 0.537275 -0.089107
v -0.192905 0.533074 -0.093014
v -0.193200 0.528162 -0.097600
v -0.193149 0.522927 -0.102492
v -0.193183 0.517771 -0.107309
v -0.193672 0.513038 -0.111723
v -0.194860 0.508955 -0.115519
v -0.196832 0.505599 -0.118623
v -0.199510 0.502898 -0.121102
v -0.202688 0.500662 -0.123139
v -0.206099 0.498643 -0.124970
v -0.202625 0.500604 -0.123195
v -0.198918 0.502348 -0.121625
v -0.194710 0.503628 -0.120499
v -0.189797 0.504252 -0.119996
v -0.184101 0.504149 -0.120186
v -0.177705 0.503396 -0.120994
v -0.170854 0.502221 -0.122204
v -0.163917 0.500966 -0.123490
v -0.157328 0.500034 -0.124470
v -0.151506 0.499814 -0.124771
v -0.146782 0.500614 -0.124100
v -0.143340 0.502604 -0.122297
v -0.141178 0.505784 -0.119361
v -0.140116 0.509984 -0.115454
v -0.139820 0.514897 -0.110868
v -0.139872 0.520132 -0.105976
v -0.139837 0.525287 -0.101159
v -0.139348 0.530020 -0.096745
v -0.138160 0.534104 -0.092949
v -0.136188 0.537460 -0.089845
v -0.133511 0.540161 -0.087366
v -0.130333 0.542396 -0.085329
f 1615 1616 1617
f 1615 1617 1616
f 1615 1617 1618
f 1615 1618 1617
f 1615 1618 1619
f 1615 1619 1618
f 1615 1619 1620
f 1615 1620 1619
f 1615 1620 1621
f 1615 1621 1620
f 1615 1621 1622
f 1615 1622 1621
f 1615 1622 1623
f 1615 1623 1622
f 1615 1623 1624
f 1615 1624 1623
f 1615 1624 1625
f 1615 1625 1624
f 1615 1625 1626
f 1615 1626 1625
f 1615 1626 1627
f 1615 1627 1626
f 1615 1627 1628
f 1615 1628 1627
f 1615 1628 1629
f 1615 1629 1628
f 1615 1629 1630
f 1615 1630 1629
f 1615 1630 1631
f 1615 1631 1630
f 1615 1631 1632
f 1615 1632 1631
f 1615 1632 1633
f 1615 1633 1632
f 1615 1633 1634
f 1615 1634 1633
f 1615 1634 1635
f 1615 1635 1634
f 1615 1635 1636
f 1615 1636 1635
f 1615 1636 1637
f 1615 1637 1636
f 1615 1637 1638
f 1615 1638 1637
f 1615 1638 1639
f 1615 1639 1638
f 1615 1639 1640
f 1615 1640 1639
f 1615 1640 1641
f 1615 1641 1640
f 1615 1641 1642
f 1615 1642 1641
f 1615 1642 1643
f 1615 1643 1642
f 1615 1643 1644
f 1615 1644 1643
f 1615 1644 1645
f 1615 1645 1644
f 1615 1645 1646
f 1615 1646 1645
f 1615 1646 1647
f 1615 1647 1646
f 1615 1647 1648
f 1615 1648 1647
f 1615 1648 1649
f 1615 1649 1648
f 1615 1649 1650
f 1615 1650 1649
f 1615 1650 1651
f 1615 1651 1650
f 1615 1651 1652
f 1615 1652 1651
f 1615 1652 1653
f 1615 1653 1652
f 1615 1653 1654
f 1615 1654 1653
f 1615 1654 1655
f 1615 1655 1654
f 1615 1655 1656
f 1615 1656 1655
f 1615 1656 1657
f 1615 1657 1656
f 1615 1657 1658
f 1615 1658 1657
f 1615 1658 1659
f 1615 1659 1658
f 1615 1659 1660
f 1615 1660 1659
v -0.126922 0.544416 -0.083498
v -0.127773 0.544466 -0.078474
v -0.128047 0.544392 -0.073339
v -0.127276 0.544090 -0.068001
v -0.125188 0.543502 -0.062409
v -0.121761 0.542623 -0.056557
v -0.117238 0.541506 -0.050494
v -0.112092 0.540254 -0.044310
v -0.106959 0.539004 -0.038129
v -0.102537 0.537909 -0.032085
v -0.099481 0.537111 -0.026305
v -0.098292 0.536718 -0.020887
v -0.099244 0.536791 -0.015883
v -0.102337 0.537329 -0.011293
v -0.107298 0.538272 -0.007064
v -0.113624 0.539513 -0.003099
v -0.120662 0.540908 0.000728
v -0.127712 0.542305 0.004553
v -0.134140 0.543568 0.008498
v -0.139471 0.544592 0.012655
v -0.143464 0.545325 0.017071
v -0.146140 0.545772 0.021742
v -0.147770 0.545993 0.026615
v -0.148823 0.546087 0.031600
v -0.147971 0.546036 0.026576
v -0.147697 0.546111 0.021441
v -0.148468 0.546413 0.016103
v -0.150557 0.547001 0.010511
v -0.153984 0.547880 0.004659
v -0.158507 0.548997 -0.001404
v -0.163653 0.550249 -0.007588
v -0.168786 0.551499 -0.013769
v -0.173207 0.552594 -0.019813
v -0.176264 0.553392 -0.025593
v -0.177453 0.553785 -0.031011
v -0.176501 0.553712 -0.036015
v -0.173407 0.553174 -0.040605
v -0.168446 0.552230 -0.044834
v -0.162120 0.550990 -0.048799
v -0.155083 0.549595 -0.052626
v -0.148032 0.548197 -0.056451
v -0.141605 0.546935 -0.060396
v -0.136274 0.545911 -0.064553
v -0.132281 0.545177 -0.068969
v -0.129605 0.544730 -0.073640
v -0.127974 0.544510 -0.078513
f 1661 1662 1663
f 1661 1663 1662
f 1661 1663 1664
f 1661 1664 1663
f 1661 1664 1665
f 1661 1665 1664
f 1661 1665 1666
f 1661 1666 1665
f 1661 1666 1667
f 1661 1667 1666
f 1661 1667 1668
f 1661 1668 1667
f 1661 1668 1669
f 1661 1669 1668
f 1661 1669 1670
f 1661 1670 1669
f 1661 1670 1671
f 1661 1671 1670
f 1661 1671 1672
f 1661 1672 1671
f 1661 1672 1673
f 1661 1673 1672
f 1661 1673 1674
f 1661 1674 1673
f 1661 1674 1675
f 1661 1675 1674
f 1661 1675 1676
f 1661 1676 1675
f 1661 1676 1677
f 1661 1677 1676
f 1661 1677 1678
f 1661 1678 1677
f 1661 1678 1679
f 1661 1679 1678
f 1661 1679 1680
f 1661 1680 1679
f 1661 1680 1681
f 1661 1681 1680
f 1661 1681 1682
f 1661 1682 1681
f 1661 1682 1683
f 1661 1683 1682
f 1661 1683 1684
f 1661 1684 1683
f 1661 1684 1685
f 1661 1685 1684
f 1661 1685 1686
f 1661 1686 1685
f 1661 1686 1687
f 1661 1687 1686
f 1661 1687 1688
f 1661 1688 1687
f 1661 1688 1689
f 1661 1689 1688
f 1661 1689 1690
f 1661 1690 1689
f 1661 1690 1691
f 1661 1691 1690
f 1661 1691 1692
f 1661 1692 1691
f 1661 1692 1693
f 1661 1693 1692
f 1661 1693 1694
f 1661 1694 1693
f 1661 1694 1695
f 1661 1695 1694
f 1661 1695 1696
f 1661 1696 1695
f 1661 1696 1697
f 1661 1697 1696
f 1661 1697 1698
f 1661 1698 1697
f 1661 1698 1699
f 1661 1699 1698
f 1661 1699 1700
f 1661 1700 1699
f 1661 1700 1701
f 1661 1701 1700
f 1661 1701 1702
f 1661 1702 1701
f 1661 1702 1703
f 1661 1703 1702
f 1661 1703 1704
f 1661 1704 1703
f 1661 1704 1705
f 1661 1705 1704
f 1661 1705 1706
f 1661 1706 1705
v -0.126922 0.544416 -0.083498
v -0.124702 0.539882 -0.084248
v -0.123120 0.535093 -0.085716
v -0.122363 0.529974 -0.088117
v -0.122448 0.524518 -0.091468
v -0.123252 0.518775 -0.095630
v -0.124538 0.512838 -0.100336
v -0.125992 0.506835 -0.105231
v -0.127258 0.500907 -0.109914
v -0.127983 0.495195 -0.113987
v -0.127859 0.489823 -0.117102
v -0.126657 0.484882 -0.119000
v -0.124257 0.480420 -0.119546
v -0.120657 0.476439 -0.118738
v -0.115981 0.472888 -0.116715
v -0.110454 0.469677 -0.113733
v -0.104388 0.466682 -0.110141
v -0.098133 0.463763 -0.106337
v -0.092045 0.460776 -0.102721
v -0.086441 0.457597 -0.099651
v -0.081555 0.454130 -0.097391
v -0.077510 0.450326 -0.096081
v -0.074292 0.446192 -0.095704
v -0.071710 0.441803 -0.096045
v -0.073929 0.446337 -0.095295
v -0.075512 0.451125 -0.093827
v -0.076269 0.456245 -0.091426
v -0.076183 0.461700 -0.088075
v -0.075380 0.467444 -0.083913
v -0.074094 0.473380 -0.079207
v -0.072640 0.479383 -0.074312
v -0.071374 0.485312 -0.069629
v -0.070649 0.491024 -0.065556
v -0.070773 0.496396 -0.062441
v -0.071975 0.501337 -0.060543
v -0.074375 0.505798 -0.059997
v -0.077974 0.509780 -0.060805
v -0.082651 0.513331 -0.062828
v -0.088177 0.516542 -0.065810
v -0.094244 0.519536 -0.069402
v -0.100499 0.522456 -0.073206
v -0.106586 0.525442 -0.076822
v -0.112191 0.528622 -0.079892
v -0.117077 0.532089 -0.082152
v -0.121122 0.535892 -0.083462
v -0.124340 0.540027 -0.083839
f 1707 1708 1709
f 1707 1709 1708
f 1707 1709 1710
f 1707 1710 1709
f 1707 1710 1711
f 1707 1711 1710
f 1707 1711 1712
f 1707 1712 1711
f 1707 1712 1713
f 1707 1713 1712
f 1707 1713 1714
f 1707 1714 1713
f 1707 1714 1715
f 1707 1715 1714
f 1707 1715 1716
f 1707 1716 1715
f 1707 1716 1717
f 1707 1717 1716
f 1707 1717 1718
f 1707 1718 1717
f 1707 1718 1719
f 1707 1719 1718
f 1707 1719 1720
f 1707 1720 1719
f 1707 1720 1721
f 1707 1721 1720
f 1707 1721 1722
f 1707 1722 1721
f 1707 1722 1723
f 1707 1723 1722
f 1707 1723 1724
f 1707 1724 1723
f 1707 1724 1725
f 1707 1725 1724
f 1707 1725 1726
f 1707 1726 1725
f 1707 1726 1727
f 1707 1727 1726
f 1707 1727 1728
f 1707 1728 1727
f 1707 1728 1729
f 1707 1729 1728
f 1707 1729 1730
f 1707 1730 1729
f 1707 1730 1731
f 1707 1731 1730
f 1707 1731 1732
f 1707 1732 1731
f 1707 1732 1733
f 1707 1733 1732
f 1707 1733 1734
f 1707 1734 1733
f 1707 1734 1735
f 1707 1735 1734
f 1707 1735 1736
f 1707 1736 1735
f 1707 1736 1737
f 1707 1737 1736
f 1707 1737 1738
f 1707 1738 1737
f 1707 1738 1739
f 1707 1739 1738
f 1707 1739 1740
f 1707 1740 1739
f 1707 1740 1741
f 1707 1741 1740
f 1707 1741 1742
f 1707 1742 1741
f 1707 1742 1743
f 1707 1743 1742
f 1707 1743 1744
f 1707 1744 1743
f 1707 1744 1745
f 1707 1745 1744
f 1707 1745 1746
f 1707 1746 1745
f 1707 1746 1747
f 1707 1747 1746
f 1707 1747 1748
f 1707 1748 1747
f 1707 1748 1749
f 1707 1749 1748
f 1707 1749 1750
f 1707 1750 1749
f 1707 1750 1751
f 1707 1751 1750
f 1707 1751 1752
f 1707 1752 1751
v 0.020370 0.300000 -0.001109
v 0.015965 0.307362 -0.010347
v 0.005462 0.311912 -0.015634
v -0.007127 0.311912 -0.014949
v -0.016994 0.307362 -0.008554
v -0.020370 0.300000 0.001109
v -0.015965 0.292638 0.010347
v -0.005462 0.288088 0.015634
v 0.007127 0.288088 0.014949
v 0.016994 0.292638 0.008554
v 0.019479 0.433103 0.102632
v 0.016484 0.438110 0.096350
v 0.009342 0.441204 0.092755
v 0.000781 0.441204 0.093221
v -0.005929 0.438110 0.097570
v -0.008224 0.433103 0.104140
v -0.005229 0.428097 0.110423
v 0.001913 0.425003 0.114017
v 0.010474 0.425003 0.113551
v 0.017183 0.428097 0.109203
f 1753 1754 1764
f 1753 1764 1763
f 1754 1755 1765
f 1754 1765 1764
f 1755 1756 1766
f 1755 1766 1765
f 1756 1757 1767
f 1756 1767 1766
f 1757 1758 1768
f 1757 1768 1767
f 1758 1759 1769
f 1758 1769 1768
f 1759 1760 1770
f 1759 1770 1769
f 1760 1761 1771
f 1760 1771 1770
f 1761 1762 1772
f 1761 1772 1771
f 1762 1753 1763
f 1762 1763 1772
v 0.019441 0.433103 0.102119
v 0.016530 0.440690 0.099386
v 0.009454 0.445379 0.098181
v 0.000917 0.445379 0.098964
v -0.005821 0.440690 0.101437
v -0.008187 0.433103 0.104654
v -0.005276 0.425517 0.107387
v 0.001800 0.420828 0.108591
v 0.010338 0.420828 0.107808
v 0.017076 0.425517 0.105336
v 0.022674 0.466089 0.185942
v 0.020694 0.471248 0.184084
v 0.015883 0.474436 0.183265
v 0.010077 0.474436 0.183797
v 0.005495 0.471248 0.185478
v 0.003887 0.466089 0.187666
v 0.005867 0.460930 0.189524
v 0.010678 0.457741 0.190344
v 0.016484 0.457741 0.189811
v 0.021066 0.460930 0.188130
f 1773 1774 1784
f 1773 1784 1783
f 1774 1775 1785
f 1774 1785 1784
f 1775 1776 1786
f 1775 1786 1785
f 1776 1777 1787
f 1776 1787 1786
f 1777 1778 1788
f 1777 1788 1787
f 1778 1779 1789
f 1778 1789 1788
f 1779 1780 1790
f 1779 1790 1789
f 1780 1781 1791
f 1780 1791 1790
f 1781 1782 1792
f 1781 1792 1791
f 1782 1773 1783
f 1782 1783 1792
v 0.013280 0.466089 0.186804
v 0.017707 0.465228 0.185133
v 0.022154 0.464726 0.183318
v 0.026644 0.465025 0.181182
v 0.031199 0.466484 0.178581
v 0.035826 0.469259 0.175454
v 0.040520 0.473231 0.171847
v 0.045257 0.478003 0.167920
v 0.050004 0.482956 0.163920
v 0.054721 0.487353 0.160143
v 0.059367 0.490470 0.156879
v 0.063911 0.491734 0.154357
v 0.068335 0.490828 0.152703
v 0.072640 0.487752 0.151919
v 0.076842 0.482822 0.151877
v 0.080974 0.476614 0.152348
v 0.085075 0.469848 0.153041
v 0.089186 0.463264 0.153662
v 0.093341 0.457480 0.153962
v 0.097562 0.452893 0.153783
v 0.101856 0.449621 0.153077
v 0.106214 0.447510 0.151907
v 0.110615 0.446200 0.150415
v 0.115037 0.445248 0.148780
v 0.110610 0.446109 0.150452
v 0.106164 0.446611 0.152267
v 0.101673 0.446312 0.154402
v 0.097119 0.444853 0.157003
v 0.092491 0.442078 0.160131
v 0.087798 0.438106 0.163737
v 0.083061 0.433334 0.167665
v 0.078313 0.428381 0.171664
v 0.073597 0.423984 0.175441
v 0.068951 0.420867 0.178706
v 0.064407 0.419603 0.181228
v 0.059982 0.420509 0.182881
v 0.055678 0.423585 0.183665
v 0.051476 0.428515 0.183707
v 0.047344 0.434723 0.183237
v 0.043243 0.441489 0.182543
v 0.039132 0.448073 0.181923
v 0.034977 0.453857 0.181622
v 0.030756 0.458444 0.181801
v 0.026462 0.461716 0.182507
v 0.022104 0.463827 0.183678
v 0.017702 0.465137 0.185169
f 1793 1794 1795
f 1793 1795 1794
f 1793 1795 1796
f 1793 1796 1795
f 1793 1796 1797
f 1793 1797 1796
f 1793 1797 1798
f 1793 1798 1797
f 1793 1798 1799
f 1793 1799 1798
f 1793 1799 1800
f 1793 1800 1799
f 1793 1800 1801
f 1793 1801 1800
f 1793 1801 1802
f 1793 1802 1801
f 1793 1802 1803
f 1793 1803 1802
f 1793 1803 1804
f 1793 1804 1803
f 1793 1804 1805
f 1793 1805 1804
f 1793 1805 1806
f 1793 1806 1805
f 1793 1806 1807
f 1793 1807 1806
f 1793 1807 1808
f 1793 1808 1807
f 1793 1808 1809
f 1793 1809 1808
f 1793 1809 1810
f 1793 1810 1809
f 1793 1810 1811
f 1793 1811 1810
f 1793 1811 1812
f 1793 1812 1811
f 1793 1812 1813
f 1793 1813 1812
f 1793 1813 1814
f 1793 1814 1813
f 1793 1814 1815
f 1793 1815 1814
f 1793 1815 1816
f 1793 1816 1815
f 1793 1816 1817
f 1793 1817 1816
f 1793 1817 1818
f 1793 1818 1817
f 1793 1818 1819
f 1793 1819 1818
f 1793 1819 1820
f 1793 1820 1819
f 1793 1820 1821
f 1793 1821 1820
f 1793 1821 1822
f 1793 1822 1821
f 1793 1822 1823
f 1793 1823 1822
f 1793 1823 1824
f 1793 1824 1823
f 1793 1824 1825
f 1793 1825 1824
f 1793 1825 1826
f 1793 1826 1825
f 1793 1826 1827
f 1793 1827 1826
f 1793 1827 1828
f 1793 1828 1827
f 1793 1828 1829
f 1793 1829 1828
f 1793 1829 1830
f 1793 1830 1829
f 1793 1830 1831
f 1793 1831 1830
f 1793 1831 1832
f 1793 1832 1831
f 1793 1832 1833
f 1793 1833 1832
f 1793 1833 1834
f 1793 1834 1833
f 1793 1834 1835
f 1793 1835 1834
f 1793 1835 1836
f 1793 1836 1835
f 1793 1836 1837
f 1793 1837 1836
f 1793 1837 1838
f 1793 1838 1837
v 0.013280 0.466089 0.186804
v 0.008560 0.465869 0.184197
v 0.003577 0.464659 0.182006
v -0.001733 0.462214 0.180334
v -0.007367 0.458544 0.179175
v -0.013271 0.453851 0.178445
v -0.019352 0.448493 0.177995
v -0.025486 0.442929 0.177631
v -0.031541 0.437670 0.177140
v -0.037381 0.433217 0.176310
v -0.042894 0.430006 0.174958
v -0.047993 0.428355 0.172952
v -0.052634 0.428436 0.170219
v -0.056818 0.430249 0.166760
v -0.060588 0.433622 0.162645
v -0.064029 0.438237 0.158009
v -0.067258 0.443658 0.153035
v -0.070405 0.449384 0.147933
v -0.073607 0.454904 0.142917
v -0.076986 0.459759 0.138180
v -0.080634 0.463591 0.133873
v -0.084607 0.466199 0.130080
v -0.088907 0.467571 0.126805
v -0.093468 0.467952 0.123946
v -0.088748 0.468172 0.126552
v -0.083765 0.469382 0.128743
v -0.078455 0.471827 0.130416
v -0.072821 0.475498 0.131575
v -0.066917 0.480190 0.132304
v -0.060836 0.485548 0.132754
v -0.054702 0.491112 0.133118
v -0.048647 0.496371 0.133610
v -0.042807 0.500824 0.134440
v -0.037294 0.504036 0.135791
v -0.032195 0.505686 0.137798
v -0.027554 0.505605 0.140531
v -0.023370 0.503793 0.143990
v -0.019600 0.500419 0.148105
v -0.016159 0.495804 0.152741
v -0.012930 0.490383 0.157715
v -0.009783 0.484657 0.162817
v -0.006581 0.479137 0.167833
v -0.003202 0.474282 0.172569
v 0.000446 0.470450 0.176877
v 0.004419 0.467843 0.180670
v 0.008719 0.466470 0.183945
f 1839 1840 1841
f 1839 1841 1840
f 1839 1841 1842
f 1839 1842 1841
f 1839 1842 1843
f 1839 1843 1842
f 1839 1843 1844
f 1839 1844 1843
f 1839 1844 1845
f 1839 1845 1844
f 1839 1845 1846
f 1839 1846 1845
f 1839 1846 1847
f 1839 1847 1846
f 1839 1847 1848
f 1839 1848 1847
f 1839 1848 1849
f 1839 1849 1848
f 1839 1849 1850
f 1839 1850 1849
f 1839 1850 1851
f 1839 1851 1850
f 1839 1851 1852
f 1839 1852 1851
f 1839 1852 1853
f 1839 1853 1852
f 1839 1853 1854
f 1839 1854 1853
f 1839 1854 1855
f 1839 1855 1854
f 1839 1855 1856
f 1839 1856 1855
f 1839 1856 1857
f 1839 1857 1856
f 1839 1857 1858
f 1839 1858 1857
f 1839 1858 1859
f 1839 1859 1858
f 1839 1859 1860
f 1839 1860 1859
f 1839 1860 1861
f 1839 1861 1860
f 1839 1861 1862
f 1839 1862 1861
f 1839 1862 1863
f 1839 1863 1862
f 1839 1863 1864
f 1839 1864 1863
f 1839 1864 1865
f 1839 1865 1864
f 1839 1865 1866
f 1839 1866 1865
f 1839 1866 1867
f 1839 1867 1866
f 1839 1867 1868
f 1839 1868 1867
f 1839 1868 1869
f 1839 1869 1868
f 1839 1869 1870
f 1839 1870 1869
f 1839 1870 1871
f 1839 1871 1870
f 1839 1871 1872
f 1839 1872 1871
f 1839 1872 1873
f 1839 1873 1872
f 1839 1873 1874
f 1839 1874 1873
f 1839 1874 1875
f 1839 1875 1874
f 1839 1875 1876
f 1839 1876 1875
f 1839 1876 1877
f 1839 1877 1876
f 1839 1877 1878
f 1839 1878 1877
f 1839 1878 1879
f 1839 1879 1878
f 1839 1879 1880
f 1839 1880 1879
f 1839 1880 1881
f 1839 1881 1880
f 1839 1881 1882
f 1839 1882 1881
f 1839 1882 1883
f 1839 1883 1882
f 1839 1883 1884
f 1839 1884 1883
v 0.022705 0.466089 0.186408
v 0.020941 0.471568 0.187330
v 0.016250 0.474955 0.188051
v 0.010426 0.474955 0.188296
v 0.005691 0.471568 0.187971
v 0.003856 0.466089 0.187200
v 0.005620 0.460609 0.186278
v 0.010311 0.457223 0.185557
v 0.016135 0.457223 0.185312
v 0.020870 0.460609 0.185637
v 0.021790 0.458352 0.236535
v 0.020590 0.462078 0.237162
v 0.017400 0.464381 0.237652
v 0.013440 0.464381 0.237818
v 0.010220 0.462078 0.237597
v 0.008972 0.458352 0.237073
v 0.010172 0.454626 0.236446
v 0.013361 0.452323 0.235956
v 0.017322 0.452323 0.235789
v 0.020542 0.454626 0.236011
f 1885 1886 1896
f 1885 1896 1895
f 1886 1887 1897
f 1886 1897 1896
f 1887 1888 1898
f 1887 1898 1897
f 1888 1889 1899
f 1888 1899 1898
f 1889 1890 1900
f 1889 1900 1899
f 1890 1891 1901
f 1890 1901 1900
f 1891 1892 1902
f 1891 1902 1901
f 1892 1893 1903
f 1892 1903 1902
f 1893 1894 1904
f 1893 1904 1903
f 1894 1885 1895
f 1894 1895 1904
v 0.015381 0.458352 0.236804
v 0.018897 0.458653 0.235165
v 0.022451 0.459710 0.233641
v 0.026052 0.461741 0.232266
v 0.029702 0.464757 0.231041
v 0.033394 0.468609 0.229944
v 0.037112 0.473020 0.228933
v 0.040841 0.477620 0.227950
v 0.044558 0.481994 0.226932
v 0.048244 0.485731 0.225818
v 0.051880 0.488474 0.224552
v 0.055455 0.489956 0.223093
v 0.058960 0.490039 0.221420
v 0.062396 0.488721 0.219534
v 0.065770 0.486143 0.217455
v 0.069095 0.482570 0.215225
v 0.072389 0.478361 0.212897
v 0.075671 0.473926 0.210535
v 0.078963 0.469680 0.208202
v 0.082282 0.465992 0.205954
v 0.085642 0.463140 0.203833
v 0.089052 0.461274 0.201863
v 0.092509 0.460382 0.200042
v 0.096003 0.460245 0.198336
v 0.092487 0.459945 0.199975
v 0.088934 0.458887 0.201499
v 0.085332 0.456856 0.202874
v 0.081682 0.453840 0.204098
v 0.077991 0.449988 0.205195
v 0.074272 0.445577 0.206207
v 0.070544 0.440978 0.207190
v 0.066826 0.436604 0.208207
v 0.063141 0.432866 0.209322
v 0.059504 0.430124 0.210588
v 0.055930 0.428641 0.212047
v 0.052424 0.428558 0.213719
v 0.048988 0.429877 0.215606
v 0.045614 0.432455 0.217684
v 0.042289 0.436027 0.219915
v 0.038996 0.440237 0.222243
v 0.035713 0.444672 0.224605
v 0.032422 0.448918 0.226938
v 0.029102 0.452606 0.229186
v 0.025742 0.455457 0.231307
v 0.022333 0.457323 0.233277
v 0.018875 0.458216 0.235098
f 1905 1906 1907
f 1905 1907 1906
f 1905 1907 1908
f 1905 1908 1907
f 1905 1908 1909
f 1905 1909 1908
f 1905 1909 1910
f 1905 1910 1909
f 1905 1910 1911
f 1905 1911 1910
f 1905 1911 1912
f 1905 1912 1911
f 1905 1912 1913
f 1905 1913 1912
f 1905 1913 1914
f 1905 1914 1913
f 1905 1914 1915
f 1905 1915 1914
f 1905 1915 1916
f 1905 1916 1915
f 1905 1916 1917
f 1905 1917 1916
f 1905 1917 1918
f 1905 1918 1917
f 1905 1918 1919
f 1905 1919 1918
f 1905 1919 1920
f 1905 1920 1919
f 1905 1920 1921
f 1905 1921 1920
f 1905 1921 1922
f 1905 1922 1921
f 1905 1922 1923
f 1905 1923 1922
f 1905 1923 1924
f 1905 1924 1923
f 1905 1924 1925
f 1905 1925 1924
f 1905 1925 1926
f 1905 1926 1925
f 1905 1926 1927
f 1905 1927 1926
f 1905 1927 1928
f 1905 1928 1927
f 1905 1928 1929
f 1905 1929 1928
f 1905 1929 1930
f 1905 1930 1929
f 1905 1930 1931
f 1905 1931 1930
f 1905 1931 1932
f 1905 1932 1931
f 1905 1932 1933
f 1905 1933 1932
f 1905 1933 1934
f 1905 1934 1933
f 1905 1934 1935
f 1905 1935 1934
f 1905 1935 1936
f 1905 1936 1935
f 1905 1936 1937
f 1905 1937 1936
f 1905 1937 1938
f 1905 1938 1937
f 1905 1938 1939
f 1905 1939 1938
f 1905 1939 1940
f 1905 1940 1939
f 1905 1940 1941
f 1905 1941 1940
f 1905 1941 1942
f 1905 1942 1941
f 1905 1942 1943
f 1905 1943 1942
f 1905 1943 1944
f 1905 1944 1943
f 1905 1944 1945
f 1905 1945 1944
f 1905 1945 1946
f 1905 1946 1945
f 1905 1946 1947
f 1905 1947 1946
f 1905 1947 1948
f 1905 1948 1947
f 1905 1948 1949
f 1905 1949 1948
f 1905 1949 1950
f 1905 1950 1949
v 0.015381 0.458352 0.236804
v 0.012632 0.460723 0.235012
v 0.009711 0.462878 0.233195
v 0.006371 0.464509 0.231314
v 0.002391 0.465339 0.229335
v -0.002343 0.465223 0.227242
v -0.007791 0.464215 0.225041
v -0.013739 0.462579 0.222764
v -0.019834 0.460760 0.220465
v -0.025638 0.459305 0.218210
v -0.030716 0.458759 0.216065
v -0.034717 0.459562 0.214083
v -0.037446 0.461958 0.212295
v -0.038903 0.465947 0.210699
v -0.039283 0.471284 0.209267
v -0.038936 0.477531 0.207946
v -0.038299 0.484142 0.206668
v -0.037809 0.490570 0.205368
v -0.037819 0.496370 0.203992
v -0.038542 0.501278 0.202508
v -0.040020 0.505240 0.200910
v -0.042138 0.508401 0.199214
v -0.044675 0.511038 0.197455
v -0.047384 0.513459 0.195669
v -0.044636 0.511087 0.197460
v -0.041714 0.508932 0.199278
v -0.038374 0.507301 0.201159
v -0.034395 0.506472 0.203138
v -0.029660 0.506587 0.205230
v -0.024213 0.507596 0.207432
v -0.018264 0.509232 0.209709
v -0.012169 0.511051 0.212008
v -0.006365 0.512506 0.214263
v -0.001287 0.513051 0.216408
v 0.002714 0.512248 0.218390
v 0.005443 0.509852 0.220178
v 0.006900 0.505864 0.221774
v 0.007280 0.500526 0.223206
v 0.006933 0.494279 0.224527
v 0.006296 0.487668 0.225805
v 0.005805 0.481240 0.227105
v 0.005816 0.475440 0.228481
v 0.006539 0.470533 0.229965
v 0.008017 0.466570 0.231563
v 0.010135 0.463409 0.233259
v 0.012672 0.460772 0.235018
f 1951 1952 1953
f 1951 1953 1952
f 1951 1953 1954
f 1951 1954 1953
f 1951 1954 1955
f 1951 1955 1954
f 1951 1955 1956
f 1951 1956 1955
f 1951 1956 1957
f 1951 1957 1956
f 1951 1957 1958
f 1951 1958 1957
f 1951 1958 1959
f 1951 1959 1958
f 1951 1959 1960
f 1951 1960 1959
f 1951 1960 1961
f 1951 1961 1960
f 1951 1961 1962
f 1951 1962 1961
f 1951 1962 1963
f 1951 1963 1962
f 1951 1963 1964
f 1951 1964 1963
f 1951 1964 1965
f 1951 1965 1964
f 1951 1965 1966
f 1951 1966 1965
f 1951 1966 1967
f 1951 1967 1966
f 1951 1967 1968
f 1951 1968 1967
f 1951 1968 1969
f 1951 1969 1968
f 1951 1969 1970
f 1951 1970 1969
f 1951 1970 1971
f 1951 1971 1970
f 1951 1971 1972
f 1951 1972 1971
f 1951 1972 1973
f 1951 1973 1972
f 1951 1973 1974
f 1951 1974 1973
f 1951 1974 1975
f 1951 1975 1974
f 1951 1975 1976
f 1951 1976 1975
f 1951 1976 1977
f 1951 1977 1976
f 1951 1977 1978
f 1951 1978 1977
f 1951 1978 1979
f 1951 1979 1978
f 1951 1979 1980
f 1951 1980 1979
f 1951 1980 1981
f 1951 1981 1980
f 1951 1981 1982
f 1951 1982 1981
f 1951 1982 1983
f 1951 1983 1982
f 1951 1983 1984
f 1951 1984 1983
f 1951 1984 1985
f 1951 1985 1984
f 1951 1985 1986
f 1951 1986 1985
f 1951 1986 1987
f 1951 1987 1986
f 1951 1987 1988
f 1951 1988 1987
f 1951 1988 1989
f 1951 1989 1988
f 1951 1989 1990
f 1951 1990 1989
f 1951 1990 1991
f 1951 1991 1990
f 1951 1991 1992
f 1951 1992 1991
f 1951 1992 1993
f 1951 1993 1992
f 1951 1993 1994
f 1951 1994 1993
f 1951 1994 1995
f 1951 1995 1994
f 1951 1995 1996
f 1951 1996 1995
v 0.015381 0.458352 0.236804
v 0.013401 0.456419 0.235090
v 0.011908 0.453990 0.233278
v 0.010998 0.450968 0.231350
v 0.010650 0.447375 0.229310
v 0.010760 0.443316 0.227179
v 0.011158 0.438963 0.224990
v 0.011632 0.434533 0.222787
v 0.011951 0.430261 0.220614
v 0.011891 0.426376 0.218517
v 0.011257 0.423073 0.216534
v 0.009909 0.420497 0.214693
v 0.007770 0.418725 0.213010
v 0.004842 0.417756 0.211485
v 0.001199 0.417515 0.210102
v -0.003017 0.417856 0.208834
v -0.007613 0.418583 0.207641
v -0.012364 0.419469 0.206479
v -0.017039 0.420277 0.205302
v -0.021425 0.420791 0.204068
v -0.025354 0.420840 0.202742
v -0.028720 0.420317 0.201304
v -0.031504 0.419202 0.199750
v -0.033801 0.417590 0.198098
v -0.031820 0.419523 0.199813
v -0.030328 0.421952 0.201624
v -0.029417 0.424974 0.203552
v -0.029070 0.428567 0.205592
v -0.029179 0.432626 0.207723
v -0.029578 0.436979 0.209912
v -0.030052 0.441409 0.212116
v -0.030371 0.445681 0.214289
v -0.030310 0.449567 0.216386
v -0.029677 0.452869 0.218369
v -0.028328 0.455445 0.220209
v -0.026190 0.457217 0.221892
v -0.023262 0.458186 0.223417
v -0.019619 0.458428 0.224800
v -0.015403 0.458086 0.226068
v -0.010807 0.457359 0.227261
v -0.006056 0.456474 0.228423
v -0.001381 0.455666 0.229600
v 0.003005 0.455151 0.230835
v 0.006934 0.455102 0.232161
v 0.010301 0.455625 0.233598
v 0.013085 0.456740 0.235153
f 1997 1998 1999
f 1997 1999 1998
f 1997 1999 2000
f 1997 2000 1999
f 1997 2000 2001
f 1997 2001 2000
f 1997 2001 2002
f 1997 2002 2001
f 1997 2002 2003
f 1997 2003 2002
f 1997 2003 2004
f 1997 2004 2003
f 1997 2004 2005
f 1997 2005 2004
f 1997 2005 2006
f 1997 2006 2005
f 1997 2006 2007
f 1997 2007 2006
f 1997 2007 2008
f 1997 2008 2007
f 1997 2008 2009
f 1997 2009 2008
f 1997 2009 2010
f 1997 2010 2009
f 1997 2010 2011
f 1997 2011 2010
f 1997 2011 2012
f 1997 2012 2011
f 1997 2012 2013
f 1997 2013 2012
f 1997 2013 2014
f 1997 2014 2013
f 1997 2014 2015
f 1997 2015 2014
f 1997 2015 2016
f 1997 2016 2015
f 1997 2016 2017
f 1997 2017 2016
f 1997 2017 2018
f 1997 2018 2017
f 1997 2018 2019
f 1997 2019 2018
f 1997 2019 2020
f 1997 2020 2019
f 1997 2020 2021
f 1997 2021 2020
f 1997 2021 2022
f 1997 2022 2021
f 1997 2022 2023
f 1997 2023 2022
f 1997 2023 2024
f 1997 2024 2023
f 1997 2024 2025
f 1997 2025 2024
f 1997 2025 2026
f 1997 2026 2025
f 1997 2026 2027
f 1997 2027 2026
f 1997 2027 2028
f 1997 2028 2027
f 1997 2028 2029
f 1997 2029 2028
f 1997 2029 2030
f 1997 2030 2029
f 1997 2030 2031
f 1997 2031 2030
f 1997 2031 2032
f 1997 2032 2031
f 1997 2032 2033
f 1997 2033 2032
f 1997 2033 2034
f 1997 2034 2033
f 1997 2034 2035
f 1997 2035 2034
f 1997 2035 2036
f 1997 2036 2035
f 1997 2036 2037
f 1997 2037 2036
f 1997 2037 2038
f 1997 2038 2037
f 1997 2038 2039
f 1997 2039 2038
f 1997 2039 2040
f 1997 2040 2039
f 1997 2040 2041
f 1997 2041 2040
f 1997 2041 2042
f 1997 2042 2041
v 0.019505 0.466089 0.179717
v 0.015831 0.470538 0.178887
v 0.011182 0.473288 0.181081
v 0.007335 0.473288 0.185461
v 0.005758 0.470538 0.190354
v 0.007056 0.466089 0.193891
v 0.010730 0.461640 0.194721
v 0.015379 0.458890 0.192527
v 0.019226 0.458890 0.188147
v 0.020803 0.461640 0.183254
v 0.050964 0.499198 0.211365
v 0.048465 0.502223 0.210800
v 0.045304 0.504093 0.212293
v 0.042688 0.504093 0.215271
v 0.041616 0.502223 0.218598
v 0.042498 0.499198 0.221004
v 0.044997 0.496173 0.221568
v 0.048158 0.494303 0.220076
v 0.050774 0.494303 0.217097
v 0.051846 0.496173 0.213770
f 2043 2044 2054
f 2043 2054 2053
f 2044 2045 2055
f 2044 2055 2054
f 2045 2046 2056
f 2045 2056 2055
f 2046 2047 2057
f 2046 2057 2056
f 2047 2048 2058
f 2047 2058 2057
f 2048 2049 2059
f 2048 2059 2058
f 2049 2050 2060
f 2049 2060 2059
f 2050 2051 2061
f 2050 2061 2060
f 2051 2052 2062
f 2051 2062 2061
f 2052 2043 2053
f 2052 2053 2062
v 0.046731 0.499198 0.216184
v 0.048552 0.497121 0.211550
v 0.050020 0.496201 0.206015
v 0.051166 0.496332 0.199660
v 0.052051 0.497318 0.192640
v 0.052758 0.498891 0.185162
v 0.053381 0.500735 0.177473
v 0.054024 0.502512 0.169836
v 0.054790 0.503889 0.162511
v 0.055772 0.504560 0.155736
v 0.057046 0.504275 0.149706
v 0.058667 0.502853 0.144562
v 0.060663 0.500201 0.140376
v 0.063035 0.496319 0.137148
v 0.065754 0.491301 0.134805
v 0.068766 0.485326 0.133208
v 0.071993 0.478646 0.132161
v 0.075342 0.471565 0.131426
v 0.078712 0.464417 0.130743
v 0.081999 0.457541 0.129849
v 0.085107 0.451251 0.128497
v 0.087953 0.445816 0.126480
v 0.090479 0.441433 0.123642
v 0.092651 0.438206 0.119905
v 0.090830 0.440283 0.124539
v 0.089362 0.441203 0.130074
v 0.088216 0.441072 0.136428
v 0.087330 0.440086 0.143449
v 0.086624 0.438514 0.150926
v 0.086001 0.436670 0.158615
v 0.085357 0.434892 0.166253
v 0.084591 0.433515 0.173578
v 0.083610 0.432844 0.180353
v 0.082336 0.433129 0.186383
v 0.080715 0.434551 0.191527
v 0.078719 0.437203 0.195713
v 0.076347 0.441085 0.198941
v 0.073627 0.446103 0.201284
v 0.070616 0.452078 0.202880
v 0.067389 0.458758 0.203927
v 0.064039 0.465839 0.204662
v 0.060670 0.472987 0.205345
v 0.057383 0.479863 0.206240
v 0.054275 0.486153 0.207592
v 0.051429 0.491588 0.209609
v 0.048903 0.495971 0.212446
f 2063 2064 2065
f 2063 2065 2064
f 2063 2065 2066
f 2063 2066 2065
f 2063 2066 2067
f 2063 2067 2066
f 2063 2067 2068
f 2063 2068 2067
f 2063 2068 2069
f 2063 2069 2068
f 2063 2069 2070
f 2063 2070 2069
f 2063 2070 2071
f 2063 2071 2070
f 2063 2071 2072
f 2063 2072 2071
f 2063 2072 2073
f 2063 2073 2072
f 2063 2073 2074
f 2063 2074 2073
f 2063 2074 2075
f 2063 2075 2074
f 2063 2075 2076
f 2063 2076 2075
f 2063 2076 2077
f 2063 2077 2076
f 2063 2077 2078
f 2063 2078 2077
f 2063 2078 2079
f 2063 2079 2078
f 2063 2079 2080
f 2063 2080 2079
f 2063 2080 2081
f 2063 2081 2080
f 2063 2081 2082
f 2063 2082 2081
f 2063 2082 2083
f 2063 2083 2082
f 2063 2083 2084
f 2063 2084 2083
f 2063 2084 2085
f 2063 2085 2084
f 2063 2085 2086
f 2063 2086 2085
f 2063 2086 2087
f 2063 2087 2086
f 2063 2087 2088
f 2063 2088 2087
f 2063 2088 2089
f 2063 2089 2088
f 2063 2089 2090
f 2063 2090 2089
f 2063 2090 2091
f 2063 2091 2090
f 2063 2091 2092
f 2063 2092 2091
f 2063 2092 2093
f 2063 2093 2092
f 2063 2093 2094
f 2063 2094 2093
f 2063 2094 2095
f 2063 2095 2094
f 2063 2095 2096
f 2063 2096 2095
f 2063 2096 2097
f 2063 2097 2096
f 2063 2097 2098
f 2063 2098 2097
f 2063 2098 2099
f 2063 2099 2098
f 2063 2099 2100
f 2063 2100 2099
f 2063 2100 2101
f 2063 2101 2100
f 2063 2101 2102
f 2063 2102 2101
f 2063 2102 2103
f 2063 2103 2102
f 2063 2103 2104
f 2063 2104 2103
f 2063 2104 2105
f 2063 2105 2104
f 2063 2105 2106
f 2063 2106 2105
f 2063 2106 2107
f 2063 2107 2106
f 2063 2107 2108
f 2063 2108 2107
v 0.046731 0.499198 0.216184
v 0.041922 0.501682 0.216273
v 0.036623 0.503565 0.217598
v 0.030855 0.504875 0.220101
v 0.024694 0.505706 0.223593
v 0.018254 0.506196 0.227786
v 0.011676 0.506516 0.232328
v 0.005113 0.506854 0.236832
v -0.001281 0.507400 0.240910
v -0.007365 0.508325 0.244206
v -0.013019 0.509775 0.246422
v -0.018159 0.511853 0.247346
v -0.022741 0.514614 0.246866
v -0.026766 0.518056 0.244982
v -0.030277 0.522126 0.241806
v -0.033359 0.526721 0.237550
v -0.036130 0.531696 0.232511
v -0.038731 0.536877 0.227047
v -0.041318 0.542077 0.221545
v -0.044044 0.547108 0.216392
v -0.047048 0.551798 0.211940
v -0.050444 0.556008 0.208476
v -0.054310 0.559645 0.206192
v -0.058666 0.562681 0.205143
v -0.053857 0.560198 0.205054
v -0.048558 0.558314 0.203729
v -0.042790 0.557004 0.201225
v -0.036629 0.556173 0.197734
v -0.030189 0.555684 0.193541
v -0.023611 0.555363 0.188999
v -0.017048 0.555025 0.184495
v -0.010654 0.554480 0.180416
v -0.004570 0.553554 0.177121
v 0.001084 0.552104 0.174904
v 0.006224 0.550026 0.173981
v 0.010806 0.547265 0.174461
v 0.014831 0.543823 0.176345
v 0.018342 0.539753 0.179521
v 0.021424 0.535159 0.183777
v 0.024195 0.530184 0.188816
v 0.026796 0.525002 0.194280
v 0.029383 0.519802 0.199782
v 0.032109 0.514771 0.204935
v 0.035113 0.510081 0.209387
v 0.038509 0.505871 0.212851
v 0.042375 0.502235 0.215135
f 2109 2110 2111
f 2109 2111 2110
f 2109 2111 2112
f 2109 2112 2111
f 2109 2112 2113
f 2109 2113 2112
f 2109 2113 2114
f 2109 2114 2113
f 2109 2114 2115
f 2109 2115 2114
f 2109 2115 2116
f 2109 2116 2115
f 2109 2116 2117
f 2109 2117 2116
f 2109 2117 2118
f 2109 2118 2117
f 2109 2118 2119
f 2109 2119 2118
f 2109 2119 2120
f 2109 2120 2119
f 2109 2120 2121
f 2109 2121 2120
f 2109 2121 2122
f 2109 2122 2121
f 2109 2122 2123
f 2109 2123 2122
f 2109 2123 2124
f 2109 2124 2123
f 2109 2124 2125
f 2109 2125 2124
f 2109 2125 2126
f 2109 2126 2125
f 2109 2126 2127
f 2109 2127 2126
f 2109 2127 2128
f 2109 2128 2127
f 2109 2128 2129
f 2109 2129 2128
f 2109 2129 2130
f 2109 2130 2129
f 2109 2130 2131
f 2109 2131 2130
f 2109 2131 2132
f 2109 2132 2131
f 2109 2132 2133
f 2109 2133 2132
f 2109 2133 2134
f 2109 2134 2133
f 2109 2134 2135
f 2109 2135 2134
f 2109 2135 2136
f 2109 2136 2135
f 2109 2136 2137
f 2109 2137 2136
f 2109 2137 2138
f 2109 2138 2137
f 2109 2138 2139
f 2109 2139 2138
f 2109 2139 2140
f 2109 2140 2139
f 2109 2140 2141
f 2109 2141 2140
f 2109 2141 2142
f 2109 2142 2141
f 2109 2142 2143
f 2109 2143 2142
f 2109 2143 2144
f 2109 2144 2143
f 2109 2144 2145
f 2109 2145 2144
f 2109 2145 2146
f 2109 2146 2145
f 2109 2146 2147
f 2109 2147 2146
f 2109 2147 2148
f 2109 2148 2147
f 2109 2148 2149
f 2109 2149 2148
f 2109 2149 2150
f 2109 2150 2149
f 2109 2150 2151
f 2109 2151 2150
f 2109 2151 2152
f 2109 2152 2151
f 2109 2152 2153
f 2109 2153 2152
f 2109 2153 2154
f 2109 2154 2153
v 0.046731 0.499198 0.216184
v 0.047062 0.494689 0.218416
v 0.047672 0.490089 0.220430
v 0.048943 0.485276 0.221933
v 0.051205 0.480143 0.222668
v 0.054620 0.474639 0.222509
v 0.059110 0.468787 0.221517
v 0.064343 0.462696 0.219949
v 0.069778 0.456539 0.218225
v 0.074753 0.450531 0.216857
v 0.078616 0.444882 0.216352
v 0.080841 0.439761 0.217115
v 0.081138 0.435263 0.219372
v 0.079508 0.431386 0.223123
v 0.076240 0.428038 0.228143
v 0.071859 0.425049 0.234025
v 0.067020 0.422208 0.240263
v 0.062381 0.419302 0.246345
v 0.058485 0.416156 0.251851
v 0.055665 0.412663 0.256524
v 0.053998 0.408799 0.260303
v 0.053322 0.404614 0.263315
v 0.053306 0.400217 0.265815
v 0.053570 0.395729 0.268097
v 0.053240 0.400238 0.265866
v 0.052630 0.404838 0.263851
v 0.051359 0.409651 0.262349
v 0.049097 0.414783 0.261614
v 0.045682 0.420288 0.261773
v 0.041192 0.426139 0.262765
v 0.035958 0.432231 0.264332
v 0.030524 0.438387 0.266056
v 0.025548 0.444395 0.267424
v 0.021686 0.450045 0.267930
v 0.019460 0.455165 0.267167
v 0.019163 0.459664 0.264909
v 0.020794 0.463541 0.261158
v 0.024061 0.466889 0.256139
v 0.028442 0.469878 0.250256
v 0.033282 0.472719 0.244019
v 0.037921 0.475625 0.237937
v 0.041816 0.478770 0.232430
v 0.044636 0.482263 0.227758
v 0.046303 0.486128 0.223978
v 0.046980 0.490312 0.220967
v 0.046995 0.494710 0.218467
f 2155 2156 2157
f 2155 2157 2156
f 2155 2157 2158
f 2155 2158 2157
f 2155 2158 2159
f 2155 2159 2158
f 2155 2159 2160
f 2155 2160 2159
f 2155 2160 2161
f 2155 2161 2160
f 2155 2161 2162
f 2155 2162 2161
f 2155 2162 2163
f 2155 2163 2162
f 2155 2163 2164
f 2155 2164 2163
f 2155 2164 2165
f 2155 2165 2164
f 2155 2165 2166
f 2155 2166 2165
f 2155 2166 2167
f 2155 2167 2166
f 2155 2167 2168
f 2155 2168 2167
f 2155 2168 2169
f 2155 2169 2168
f 2155 2169 2170
f 2155 2170 2169
f 2155 2170 2171
f 2155 2171 2170
f 2155 2171 2172
f 2155 2172 2171
f 2155 2172 2173
f 2155 2173 2172
f 2155 2173 2174
f 2155 2174 2173
f 2155 2174 2175
f 2155 2175 2174
f 2155 2175 2176
f 2155 2176 2175
f 2155 2176 2177
f 2155 2177 2176
f 2155 2177 2178
f 2155 2178 2177
f 2155 2178 2179
f 2155 2179 2178
f 2155 2179 2180
f 2155 2180 2179
f 2155 2180 2181
f 2155 2181 2180
f 2155 2181 2182
f 2155 2182 2181
f 2155 2182 2183
f 2155 2183 2182
f 2155 2183 2184
f 2155 2184 2183
f 2155 2184 2185
f 2155 2185 2184
f 2155 2185 2186
f 2155 2186 2185
f 2155 2186 2187
f 2155 2187 2186
f 2155 2187 2188
f 2155 2188 2187
f 2155 2188 2189
f 2155 2189 2188
f 2155 2189 2190
f 2155 2190 2189
f 2155 2190 2191
f 2155 2191 2190
f 2155 2191 2192
f 2155 2192 2191
f 2155 2192 2193
f 2155 2193 2192
f 2155 2193 2194
f 2155 2194 2193
f 2155 2194 2195
f 2155 2195 2194
f 2155 2195 2196
f 2155 2196 2195
f 2155 2196 2197
f 2155 2197 2196
f 2155 2197 2198
f 2155 2198 2197
f 2155 2198 2199
f 2155 2199 2198
f 2155 2199 2200
f 2155 2200 2199
v 0.019236 0.466089 0.194120
v 0.020763 0.470440 0.190553
v 0.019433 0.473129 0.185554
v 0.015753 0.473129 0.181033
v 0.011128 0.470440 0.178716
v 0.007325 0.466089 0.179488
v 0.005798 0.461738 0.183055
v 0.007128 0.459049 0.188054
v 0.010808 0.459049 0.192575
v 0.015433 0.461738 0.194892
v -0.012250 0.496213 0.215857
v -0.011211 0.499172 0.213432
v -0.012116 0.501000 0.210033
v -0.014618 0.501000 0.206958
v -0.017763 0.499172 0.205383
v -0.020349 0.496213 0.205908
v -0.021388 0.493254 0.208333
v -0.020483 0.491425 0.211732
v -0.017980 0.491425 0.214807
v -0.014836 0.493254 0.216383
f 2201 2202 2212
f 2201 2212 2211
f 2202 2203 2213
f 2202 2213 2212
f 2203 2204 2214
f 2203 2214 2213
f 2204 2205 2215
f 2204 2215 2214
f 2205 2206 2216
f 2205 2216 2215
f 2206 2207 2217
f 2206 2217 2216
f 2207 2208 2218
f 2207 2218 2217
f 2208 2209 2219
f 2208 2219 2218
f 2209 2210 2220
f 2209 2220 2219
f 2210 2201 2211
f 2210 2211 2220
v -0.016299 0.496213 0.210883
v -0.012283 0.495612 0.213295
v -0.008024 0.495465 0.215439
v -0.003334 0.496118 0.217111
v 0.001890 0.497765 0.218195
v 0.007651 0.500412 0.218689
v 0.013846 0.503866 0.218706
v 0.020284 0.507771 0.218457
v 0.026707 0.511650 0.218223
v 0.032839 0.514985 0.218310
v 0.038419 0.517295 0.219002
v 0.043249 0.518210 0.220519
v 0.047222 0.517528 0.222980
v 0.050336 0.515250 0.226383
v 0.052700 0.511577 0.230610
v 0.054513 0.506878 0.235444
v 0.056034 0.501635 0.240598
v 0.057541 0.496367 0.245768
v 0.059290 0.491549 0.250671
v 0.061473 0.487540 0.255097
v 0.064194 0.484529 0.258934
v 0.067448 0.482512 0.262182
v 0.071133 0.481296 0.264958
v 0.075062 0.480533 0.267466
v 0.071046 0.481134 0.265054
v 0.066787 0.481281 0.262910
v 0.062097 0.480628 0.261238
v 0.056873 0.478980 0.260154
v 0.051112 0.476334 0.259660
v 0.044916 0.472880 0.259643
v 0.038479 0.468975 0.259892
v 0.032055 0.465096 0.260126
v 0.025924 0.461761 0.260039
v 0.020343 0.459451 0.259347
v 0.015513 0.458536 0.257830
v 0.011541 0.459218 0.255369
v 0.008427 0.461496 0.251966
v 0.006063 0.465169 0.247739
v 0.004250 0.469868 0.242905
v 0.002729 0.475111 0.237751
v 0.001222 0.480379 0.232581
v -0.000527 0.485197 0.227678
v -0.002711 0.489206 0.223252
v -0.005431 0.492217 0.219415
v -0.008686 0.494234 0.216167
v -0.012371 0.495450 0.213391
f 2221 2222 2223
f 2221 2223 2222
f 2221 2223 2224
f 2221 2224 2223
f 2221 2224 2225
f 2221 2225 2224
f 2221 2225 2226
f 2221 2226 2225
f 2221 2226 2227
f 2221 2227 2226
f 2221 2227 2228
f 2221 2228 2227
f 2221 2228 2229
f 2221 2229 2228
f 2221 2229 2230
f 2221 2230 2229
f 2221 2230 2231
f 2221 2231 2230
f 2221 2231 2232
f 2221 2232 2231
f 2221 2232 2233
f 2221 2233 2232
f 2221 2233 2234
f 2221 2234 2233
f 2221 2234 2235
f 2221 2235 2234
f 2221 2235 2236
f 2221 2236 2235
f 2221 2236 2237
f 2221 2237 2236
f 2221 2237 2238
f 2221 2238 2237
f 2221 2238 2239
f 2221 2239 2238
f 2221 2239 2240
f 2221 2240 2239
f 2221 2240 2241
f 2221 2241 2240
f 2221 2241 2242
f 2221 2242 2241
f 2221 2242 2243
f 2221 2243 2242
f 2221 2243 2244
f 2221 2244 2243
f 2221 2244 2245
f 2221 2245 2244
f 2221 2245 2246
f 2221 2246 2245
f 2221 2246 2247
f 2221 2247 2246
f 2221 2247 2248
f 2221 2248 2247
f 2221 2248 2249
f 2221 2249 2248
f 2221 2249 2250
f 2221 2250 2249
f 2221 2250 2251
f 2221 2251 2250
f 2221 2251 2252
f 2221 2252 2251
f 2221 2252 2253
f 2221 2253 2252
f 2221 2253 2254
f 2221 2254 2253
f 2221 2254 2255
f 2221 2255 2254
f 2221 2255 2256
f 2221 2256 2255
f 2221 2256 2257
f 2221 2257 2256
f 2221 2257 2258
f 2221 2258 2257
f 2221 2258 2259
f 2221 2259 2258
f 2221 2259 2260
f 2221 2260 2259
f 2221 2260 2261
f 2221 2261 2260
f 2221 2261 2262
f 2221 2262 2261
f 2221 2262 2263
f 2221 2263 2262
f 2221 2263 2264
f 2221 2264 2263
f 2221 2264 2265
f 2221 2265 2264
f 2221 2265 2266
f 2221 2266 2265
v -0.016299 0.496213 0.210883
v -0.017783 0.495607 0.208179
v -0.019688 0.494371 0.205748
v -0.022020 0.492496 0.203591
v -0.024722 0.490066 0.201674
v -0.027697 0.487228 0.199932
v -0.030818 0.484170 0.198285
v -0.033943 0.481108 0.196640
v -0.036924 0.478261 0.194902
v -0.039625 0.475833 0.192983
v -0.041930 0.473997 0.190810
v -0.043758 0.472877 0.188329
v -0.045065 0.472536 0.185511
v -0.045850 0.472976 0.182358
v -0.046158 0.474131 0.178897
v -0.046071 0.475877 0.175181
v -0.045704 0.478044 0.171284
v -0.045193 0.480425 0.167294
v -0.044685 0.482802 0.163307
v -0.044323 0.484960 0.159414
v -0.044235 0.486708 0.155697
v -0.044517 0.487902 0.152219
v -0.045225 0.488458 0.149016
v -0.046355 0.488382 0.146084
v -0.044871 0.488987 0.148788
v -0.042966 0.490224 0.151219
v -0.040635 0.492099 0.153376
v -0.037933 0.494528 0.155293
v -0.034958 0.497367 0.157035
v -0.031836 0.500425 0.158682
v -0.028711 0.503487 0.160327
v -0.025730 0.506334 0.162065
v -0.023030 0.508762 0.163984
v -0.020724 0.510598 0.166157
v -0.018896 0.511718 0.168638
v -0.017590 0.512059 0.171456
v -0.016804 0.511619 0.174609
v -0.016496 0.510464 0.178070
v -0.016583 0.508718 0.181786
v -0.016951 0.506551 0.185683
v -0.017462 0.504170 0.189673
v -0.017970 0.501793 0.193660
v -0.018331 0.499635 0.197553
v -0.018420 0.497887 0.201270
v -0.018138 0.496693 0.204748
v -0.017429 0.496137 0.207951
f 2267 2268 2269
f 2267 2269 2268
f 2267 2269 2270
f 2267 2270 2269
f 2267 2270 2271
f 2267 2271 2270
f 2267 2271 2272
f 2267 2272 2271
f 2267 2272 2273
f 2267 2273 2272
f 2267 2273 2274
f 2267 2274 2273
f 2267 2274 2275
f 2267 2275 2274
f 2267 2275 2276
f 2267 2276 2275
f 2267 2276 2277
f 2267 2277 2276
f 2267 2277 2278
f 2267 2278 2277
f 2267 2278 2279
f 2267 2279 2278
f 2267 2279 2280
f 2267 2280 2279
f 2267 2280 2281
f 2267 2281 2280
f 2267 2281 2282
f 2267 2282 2281
f 2267 2282 2283
f 2267 2283 2282
f 2267 2283 2284
f 2267 2284 2283
f 2267 2284 2285
f 2267 2285 2284
f 2267 2285 2286
f 2267 2286 2285
f 2267 2286 2287
f 2267 2287 2286
f 2267 2287 2288
f 2267 2288 2287
f 2267 2288 2289
f 2267 2289 2288
f 2267 2289 2290
f 2267 2290 2289
f 2267 2290 2291
f 2267 2291 2290
f 2267 2291 2292
f 2267 2292 2291
f 2267 2292 2293
f 2267 2293 2292
f 2267 2293 2294
f 2267 2294 2293
f 2267 2294 2295
f 2267 2295 2294
f 2267 2295 2296
f 2267 2296 2295
f 2267 2296 2297
f 2267 2297 2296
f 2267 2297 2298
f 2267 2298 2297
f 2267 2298 2299
f 2267 2299 2298
f 2267 2299 2300
f 2267 2300 2299
f 2267 2300 2301
f 2267 2301 2300
f 2267 2301 2302
f 2267 2302 2301
f 2267 2302 2303
f 2267 2303 2302
f 2267 2303 2304
f 2267 2304 2303
f 2267 2304 2305
f 2267 2305 2304
f 2267 2305 2306
f 2267 2306 2305
f 2267 2306 2307
f 2267 2307 2306
f 2267 2307 2308
f 2267 2308 2307
f 2267 2308 2309
f 2267 2309 2308
f 2267 2309 2310
f 2267 2310 2309
f 2267 2310 2311
f 2267 2311 2310
f 2267 2311 2312
f 2267 2312 2311
v 0.008938 0.433103 0.089915
v 0.002933 0.439093 0.091168
v -0.002043 0.442795 0.097087
v -0.004089 0.442795 0.105413
v -0.002424 0.439093 0.112964
v 0.002317 0.433103 0.116857
v 0.008321 0.427114 0.115605
v 0.013297 0.423412 0.109685
v 0.015343 0.423412 0.101360
v 0.013678 0.427114 0.093808
v 0.075081 0.497022 0.110741
v 0.070998 0.501095 0.111593
v 0.067615 0.503612 0.115618
v 0.066223 0.503612 0.121280
v 0.067356 0.501095 0.126415
v 0.070579 0.497022 0.129062
v 0.074662 0.492949 0.128211
v 0.078046 0.490432 0.124185
v 0.079437 0.490432 0.118524
v 0.078305 0.492949 0.113389
f 2313 2314 2324
f 2313 2324 2323
f 2314 2315 2325
f 2314 2325 2324
f 2315 2316 2326
f 2315 2326 2325
f 2316 2317 2327
f 2316 2327 2326
f 2317 2318 2328
f 2317 2328 2327
f 2318 2319 2329
f 2318 2329 2328
f 2319 2320 2330
f 2319 2330 2329
f 2320 2321 2331
f 2320 2331 2330
f 2321 2322 2332
f 2321 2332 2331
f 2322 2313 2323
f 2322 2323 2332
v 0.072830 0.497022 0.119902
v 0.072352 0.495722 0.116856
v 0.071694 0.494626 0.113748
v 0.070642 0.493981 0.110502
v 0.069028 0.493977 0.107060
v 0.066783 0.494693 0.103397
v 0.063971 0.496056 0.099537
v 0.060785 0.497848 0.095546
v 0.057521 0.499727 0.091527
v 0.054530 0.501295 0.087605
v 0.052155 0.502160 0.083897
v 0.050665 0.502014 0.080498
v 0.050210 0.500687 0.077460
v 0.050790 0.498178 0.074784
v 0.052256 0.494658 0.072417
v 0.054337 0.490436 0.070265
v 0.056691 0.485902 0.068208
v 0.058968 0.481456 0.066125
v 0.060871 0.477437 0.063910
v 0.062206 0.474067 0.061497
v 0.062910 0.471416 0.058865
v 0.063053 0.469407 0.056036
v 0.062801 0.467848 0.053069
v 0.062370 0.466494 0.050040
v 0.062848 0.467794 0.053086
v 0.063506 0.468889 0.056194
v 0.064558 0.469535 0.059440
v 0.066172 0.469539 0.062882
v 0.068417 0.468823 0.066545
v 0.071229 0.467459 0.070405
v 0.074416 0.465668 0.074396
v 0.077679 0.463789 0.078414
v 0.080670 0.462221 0.082337
v 0.083046 0.461356 0.086045
v 0.084535 0.461501 0.089444
v 0.084990 0.462829 0.092482
v 0.084410 0.465338 0.095158
v 0.082944 0.468858 0.097525
v 0.080863 0.473080 0.099677
v 0.078509 0.477614 0.101733
v 0.076232 0.482060 0.103817
v 0.074329 0.486078 0.106032
v 0.072994 0.489449 0.108444
v 0.072290 0.492100 0.111077
v 0.072148 0.494108 0.113906
v 0.072399 0.495668 0.116873
f 2333 2334 2335
f 2333 2335 2334
f 2333 2335 2336
f 2333 2336 2335
f 2333 2336 2337
f 2333 2337 2336
f 2333 2337 2338
f 2333 2338 2337
f 2333 2338 2339
f 2333 2339 2338
f 2333 2339 2340
f 2333 2340 2339
f 2333 2340 2341
f 2333 2341 2340
f 2333 2341 2342
f 2333 2342 2341
f 2333 2342 2343
f 2333 2343 2342
f 2333 2343 2344
f 2333 2344 2343
f 2333 2344 2345
f 2333 2345 2344
f 2333 2345 2346
f 2333 2346 2345
f 2333 2346 2347
f 2333 2347 2346
f 2333 2347 2348
f 2333 2348 2347
f 2333 2348 2349
f 2333 2349 2348
f 2333 2349 2350
f 2333 2350 2349
f 2333 2350 2351
f 2333 2351 2350
f 2333 2351 2352
f 2333 2352 2351
f 2333 2352 2353
f 2333 2353 2352
f 2333 2353 2354
f 2333 2354 2353
f 2333 2354 2355
f 2333 2355 2354
f 2333 2355 2356
f 2333 2356 2355
f 2333 2356 2357
f 2333 2357 2356
f 2333 2357 2358
f 2333 2358 2357
f 2333 2358 2359
f 2333 2359 2358
f 2333 2359 2360
f 2333 2360 2359
f 2333 2360 2361
f 2333 2361 2360
f 2333 2361 2362
f 2333 2362 2361
f 2333 2362 2363
f 2333 2363 2362
f 2333 2363 2364
f 2333 2364 2363
f 2333 2364 2365
f 2333 2365 2364
f 2333 2365 2366
f 2333 2366 2365
f 2333 2366 2367
f 2333 2367 2366
f 2333 2367 2368
f 2333 2368 2367
f 2333 2368 2369
f 2333 2369 2368
f 2333 2369 2370
f 2333 2370 2369
f 2333 2370 2371
f 2333 2371 2370
f 2333 2371 2372
f 2333 2372 2371
f 2333 2372 2373
f 2333 2373 2372
f 2333 2373 2374
f 2333 2374 2373
f 2333 2374 2375
f 2333 2375 2374
f 2333 2375 2376
f 2333 2376 2375
f 2333 2376 2377
f 2333 2377 2376
f 2333 2377 2378
f 2333 2378 2377
v 0.072830 0.497022 0.119902
v 0.068482 0.499662 0.120674
v 0.064131 0.502139 0.122090
v 0.059774 0.504337 0.124609
v 0.055409 0.506195 0.128473
v 0.051038 0.507718 0.133666
v 0.046660 0.508972 0.139919
v 0.042280 0.510082 0.146744
v 0.037900 0.511208 0.153507
v 0.033524 0.512522 0.159523
v 0.029155 0.514185 0.164161
v 0.024797 0.516318 0.166937
v 0.020449 0.518989 0.167589
v 0.016114 0.522196 0.166116
v 0.011788 0.525874 0.162781
v 0.007469 0.529900 0.158067
v 0.003155 0.534115 0.152607
v -0.001159 0.538345 0.147086
v -0.005476 0.542431 0.142136
v -0.009799 0.546249 0.138246
v -0.014129 0.549731 0.135685
v -0.018466 0.552873 0.134468
v -0.022809 0.555737 0.134356
v -0.027156 0.558437 0.134887
v -0.022808 0.555798 0.134114
v -0.018457 0.553321 0.132699
v -0.014099 0.551123 0.130179
v -0.009735 0.549264 0.126315
v -0.005363 0.547742 0.121122
v -0.000986 0.546487 0.114869
v 0.003394 0.545377 0.108045
v 0.007774 0.544251 0.101282
v 0.012150 0.542937 0.095265
v 0.016519 0.541274 0.090627
v 0.020878 0.539141 0.087851
v 0.025225 0.536471 0.087200
v 0.029561 0.533264 0.088673
v 0.033887 0.529586 0.092008
v 0.038205 0.525560 0.096721
v 0.042519 0.521345 0.102181
v 0.046833 0.517115 0.107703
v 0.051151 0.513029 0.112652
v 0.055473 0.509211 0.116543
v 0.059803 0.505729 0.119103
v 0.064141 0.502586 0.120320
v 0.068484 0.499723 0.120433
f 2379 2380 2381
f 2379 2381 2380
f 2379 2381 2382
f 2379 2382 2381
f 2379 2382 2383
f 2379 2383 2382
f 2379 2383 2384
f 2379 2384 2383
f 2379 2384 2385
f 2379 2385 2384
f 2379 2385 2386
f 2379 2386 2385
f 2379 2386 2387
f 2379 2387 2386
f 2379 2387 2388
f 2379 2388 2387
f 2379 2388 2389
f 2379 2389 2388
f 2379 2389 2390
f 2379 2390 2389
f 2379 2390 2391
f 2379 2391 2390
f 2379 2391 2392
f 2379 2392 2391
f 2379 2392 2393
f 2379 2393 2392
f 2379 2393 2394
f 2379 2394 2393
f 2379 2394 2395
f 2379 2395 2394
f 2379 2395 2396
f 2379 2396 2395
f 2379 2396 2397
f 2379 2397 2396
f 2379 2397 2398
f 2379 2398 2397
f 2379 2398 2399
f 2379 2399 2398
f 2379 2399 2400
f 2379 2400 2399
f 2379 2400 2401
f 2379 2401 2400
f 2379 2401 2402
f 2379 2402 2401
f 2379 2402 2403
f 2379 2403 2402
f 2379 2403 2404
f 2379 2404 2403
f 2379 2404 2405
f 2379 2405 2404
f 2379 2405 2406
f 2379 2406 2405
f 2379 2406 2407
f 2379 2407 2406
f 2379 2407 2408
f 2379 2408 2407
f 2379 2408 2409
f 2379 2409 2408
f 2379 2409 2410
f 2379 2410 2409
f 2379 2410 2411
f 2379 2411 2410
f 2379 2411 2412
f 2379 2412 2411
f 2379 2412 2413
f 2379 2413 2412
f 2379 2413 2414
f 2379 2414 2413
f 2379 2414 2415
f 2379 2415 2414
f 2379 2415 2416
f 2379 2416 2415
f 2379 2416 2417
f 2379 2417 2416
f 2379 2417 2418
f 2379 2418 2417
f 2379 2418 2419
f 2379 2419 2418
f 2379 2419 2420
f 2379 2420 2419
f 2379 2420 2421
f 2379 2421 2420
f 2379 2421 2422
f 2379 2422 2421
f 2379 2422 2423
f 2379 2423 2422
f 2379 2423 2424
f 2379 2424 2423
v 0.072830 0.497022 0.119902
v 0.073655 0.493391 0.120784
v 0.074901 0.489539 0.120812
v 0.076574 0.485462 0.119972
v 0.078619 0.481189 0.118376
v 0.080940 0.476771 0.116220
v 0.083409 0.472274 0.113762
v 0.085883 0.467775 0.111295
v 0.088214 0.463352 0.109119
v 0.090264 0.459076 0.107513
v 0.091918 0.455009 0.106713
v 0.093091 0.451195 0.106887
v 0.093741 0.447656 0.108124
v 0.093868 0.444393 0.110425
v 0.093514 0.441383 0.113701
v 0.092764 0.438582 0.117782
v 0.091734 0.435929 0.122433
v 0.090560 0.433351 0.127375
v 0.089390 0.430770 0.132307
v 0.088370 0.428112 0.136938
v 0.087624 0.425308 0.141010
v 0.087252 0.422308 0.144324
v 0.087306 0.419083 0.146771
v 0.087781 0.415637 0.148364
v 0.086956 0.419267 0.147483
v 0.085711 0.423119 0.147454
v 0.084038 0.427197 0.148294
v 0.081992 0.431470 0.149891
v 0.079672 0.435888 0.152046
v 0.077202 0.440385 0.154504
v 0.074728 0.444884 0.156971
v 0.072397 0.449307 0.159147
v 0.070347 0.453583 0.160753
v 0.068694 0.457650 0.161554
v 0.067520 0.461464 0.161379
v 0.066870 0.465002 0.160142
v 0.066744 0.468265 0.157841
v 0.067097 0.471275 0.154566
v 0.067847 0.474077 0.150485
v 0.068878 0.476730 0.145833
v 0.070052 0.479308 0.140891
v 0.071221 0.481889 0.135959
v 0.072242 0.484547 0.131328
v 0.072987 0.487351 0.127257
v 0.073360 0.490351 0.123942
v 0.073305 0.493576 0.121495
f 2425 2426 2427
f 2425 2427 2426
f 2425 2427 2428
f 2425 2428 2427
f 2425 2428 2429
f 2425 2429 2428
f 2425 2429 2430
f 2425 2430 2429
f 2425 2430 2431
f 2425 2431 2430
f 2425 2431 2432
f 2425 2432 2431
f 2425 2432 2433
f 2425 2433 2432
f 2425 2433 2434
f 2425 2434 2433
f 2425 2434 2435
f 2425 2435 2434
f 2425 2435 2436
f 2425 2436 2435
f 2425 2436 2437
f 2425 2437 2436
f 2425 2437 2438
f 2425 2438 2437
f 2425 2438 2439
f 2425 2439 2438
f 2425 2439 2440
f 2425 2440 2439
f 2425 2440 2441
f 2425 2441 2440
f 2425 2441 2442
f 2425 2442 2441
f 2425 2442 2443
f 2425 2443 2442
f 2425 2443 2444
f 2425 2444 2443
f 2425 2444 2445
f 2425 2445 2444
f 2425 2445 2446
f 2425 2446 2445
f 2425 2446 2447
f 2425 2447 2446
f 2425 2447 2448
f 2425 2448 2447
f 2425 2448 2449
f 2425 2449 2448
f 2425 2449 2450
f 2425 2450 2449
f 2425 2450 2451
f 2425 2451 2450
f 2425 2451 2452
f 2425 2452 2451
f 2425 2452 2453
f 2425 2453 2452
f 2425 2453 2454
f 2425 2454 2453
f 2425 2454 2455
f 2425 2455 2454
f 2425 2455 2456
f 2425 2456 2455
f 2425 2456 2457
f 2425 2457 2456
f 2425 2457 2458
f 2425 2458 2457
f 2425 2458 2459
f 2425 2459 2458
f 2425 2459 2460
f 2425 2460 2459
f 2425 2460 2461
f 2425 2461 2460
f 2425 2461 2462
f 2425 2462 2461
f 2425 2462 2463
f 2425 2463 2462
f 2425 2463 2464
f 2425 2464 2463
f 2425 2464 2465
f 2425 2465 2464
f 2425 2465 2466
f 2425 2466 2465
f 2425 2466 2467
f 2425 2467 2466
f 2425 2467 2468
f 2425 2468 2467
f 2425 2468 2469
f 2425 2469 2468
f 2425 2469 2470
f 2425 2470 2469
v 0.076813 0.497022 0.111351
v 0.076096 0.502566 0.113005
v 0.074133 0.505993 0.117293
v 0.071671 0.505993 0.122578
v 0.069653 0.502566 0.126840
v 0.068848 0.497022 0.128453
v 0.069564 0.491478 0.126799
v 0.071528 0.488051 0.122511
v 0.073989 0.488051 0.117226
v 0.076008 0.491478 0.112963
v 0.129902 0.496493 0.139406
v 0.129415 0.500263 0.140530
v 0.128079 0.502593 0.143446
v 0.126406 0.502593 0.147040
v 0.125033 0.500263 0.149939
v 0.124486 0.496493 0.151035
v 0.124973 0.492723 0.149911
v 0.126308 0.490393 0.146995
v 0.127982 0.490393 0.143401
v 0.129355 0.492723 0.140502
f 2471 2472 2482
f 2471 2482 2481
f 2472 2473 2483
f 2472 2483 2482
f 2473 2474 2484
f 2473 2484 2483
f 2474 2475 2485
f 2474 2485 2484
f 2475 2476 2486
f 2475 2486 2485
f 2476 2477 2487
f 2476 2487 2486
f 2477 2478 2488
f 2477 2488 2487
f 2478 2479 2489
f 2478 2489 2488
f 2479 2480 2490
f 2479 2490 2489
f 2480 2471 2481
f 2480 2481 2490
v 0.127194 0.496493 0.145221
v 0.128039 0.495155 0.140418
v 0.129010 0.494656 0.135363
v 0.130158 0.495336 0.129952
v 0.131496 0.497276 0.124161
v 0.133002 0.500339 0.118031
v 0.134628 0.504196 0.111661
v 0.136303 0.508380 0.105193
v 0.137944 0.512343 0.098792
v 0.139469 0.515529 0.092625
v 0.140803 0.517447 0.086841
v 0.141892 0.517728 0.081550
v 0.142705 0.516177 0.076812
v 0.143242 0.512793 0.072627
v 0.143534 0.507772 0.068935
v 0.143636 0.501483 0.065627
v 0.143621 0.494417 0.062552
v 0.143572 0.487131 0.059544
v 0.143573 0.480171 0.056438
v 0.143693 0.474005 0.053092
v 0.143981 0.468962 0.049407
v 0.144459 0.465180 0.045342
v 0.145114 0.462576 0.040922
v 0.145896 0.460812 0.036248
v 0.145050 0.462150 0.041050
v 0.144079 0.462649 0.046106
v 0.142931 0.461969 0.051517
v 0.141593 0.460029 0.057308
v 0.140087 0.456966 0.063438
v 0.138461 0.453108 0.069807
v 0.136787 0.448925 0.076275
v 0.135145 0.444962 0.082676
v 0.133621 0.441776 0.088844
v 0.132286 0.439858 0.094628
v 0.131198 0.439576 0.099919
v 0.130385 0.441128 0.104657
v 0.129847 0.444512 0.108842
v 0.129555 0.449532 0.112533
v 0.129454 0.455822 0.115842
v 0.129469 0.462887 0.118917
v 0.129517 0.470174 0.121925
v 0.129516 0.477134 0.125031
v 0.129396 0.483299 0.128377
v 0.129108 0.488343 0.132062
v 0.128630 0.492125 0.136126
v 0.127975 0.494729 0.140547
f 2491 2492 2493
f 2491 2493 2492
f 2491 2493 2494
f 2491 2494 2493
f 2491 2494 2495
f 2491 2495 2494
f 2491 2495 2496
f 2491 2496 2495
f 2491 2496 2497
f 2491 2497 2496
f 2491 2497 2498
f 2491 2498 2497
f 2491 2498 2499
f 2491 2499 2498
f 2491 2499 2500
f 2491 2500 2499
f 2491 2500 2501
f 2491 2501 2500
f 2491 2501 2502
f 2491 2502 2501
f 2491 2502 2503
f 2491 2503 2502
f 2491 2503 2504
f 2491 2504 2503
f 2491 2504 2505
f 2491 2505 2504
f 2491 2505 2506
f 2491 2506 2505
f 2491 2506 2507
f 2491 2507 2506
f 2491 2507 2508
f 2491 2508 2507
f 2491 2508 2509
f 2491 2509 2508
f 2491 2509 2510
f 2491 2510 2509
f 2491 2510 2511
f 2491 2511 2510
f 2491 2511 2512
f 2491 2512 2511
f 2491 2512 2513
f 2491 2513 2512
f 2491 2513 2514
f 2491 2514 2513
f 2491 2514 2515
f 2491 2515 2514
f 2491 2515 2516
f 2491 2516 2515
f 2491 2516 2517
f 2491 2517 2516
f 2491 2517 2518
f 2491 2518 2517
f 2491 2518 2519
f 2491 2519 2518
f 2491 2519 2520
f 2491 2520 2519
f 2491 2520 2521
f 2491 2521 2520
f 2491 2521 2522
f 2491 2522 2521
f 2491 2522 2523
f 2491 2523 2522
f 2491 2523 2524
f 2491 2524 2523
f 2491 2524 2525
f 2491 2525 2524
f 2491 2525 2526
f 2491 2526 2525
f 2491 2526 2527
f 2491 2527 2526
f 2491 2527 2528
f 2491 2528 2527
f 2491 2528 2529
f 2491 2529 2528
f 2491 2529 2530
f 2491 2530 2529
f 2491 2530 2531
f 2491 2531 2530
f 2491 2531 2532
f 2491 2532 2531
f 2491 2532 2533
f 2491 2533 2532
f 2491 2533 2534
f 2491 2534 2533
f 2491 2534 2535
f 2491 2535 2534
f 2491 2535 2536
f 2491 2536 2535
v 0.127194 0.496493 0.145221
v 0.125034 0.497555 0.148006
v 0.122811 0.498187 0.150920
v 0.120475 0.498058 0.154060
v 0.117999 0.496988 0.157480
v 0.115384 0.494974 0.161180
v 0.112655 0.492198 0.165108
v 0.109864 0.488999 0.169161
v 0.107076 0.485826 0.173206
v 0.104365 0.483168 0.177098
v 0.101798 0.481481 0.180702
v 0.099426 0.481113 0.183913
v 0.097278 0.482253 0.186675
v 0.095354 0.484901 0.188989
v 0.093625 0.488869 0.190911
v 0.092040 0.493806 0.192543
v 0.090532 0.499259 0.194023
v 0.089027 0.504739 0.195495
v 0.087460 0.509795 0.197092
v 0.085779 0.514089 0.198917
v 0.083959 0.517440 0.201022
v 0.081999 0.519849 0.203407
v 0.079927 0.521498 0.206018
v 0.077790 0.522716 0.208757
v 0.079950 0.521653 0.205972
v 0.082173 0.521022 0.203058
v 0.084509 0.521151 0.199918
v 0.086985 0.522221 0.196498
v 0.089600 0.524235 0.192798
v 0.092329 0.527011 0.188870
v 0.095120 0.530210 0.184817
v 0.097908 0.533383 0.180772
v 0.100619 0.536041 0.176880
v 0.103186 0.537728 0.173276
v 0.105557 0.538096 0.170065
v 0.107705 0.536956 0.167303
v 0.109630 0.534308 0.164989
v 0.111359 0.530340 0.163068
v 0.112944 0.525402 0.161435
v 0.114452 0.519949 0.159955
v 0.115957 0.514470 0.158483
v 0.117524 0.509413 0.156886
v 0.119205 0.505119 0.155061
v 0.121025 0.501769 0.152956
v 0.122985 0.499360 0.150571
v 0.125057 0.497711 0.147960
f 2537 2538 2539
f 2537 2539 2538
f 2537 2539 2540
f 2537 2540 2539
f 2537 2540 2541
f 2537 2541 2540
f 2537 2541 2542
f 2537 2542 2541
f 2537 2542 2543
f 2537 2543 2542
f 2537 2543 2544
f 2537 2544 2543
f 2537 2544 2545
f 2537 2545 2544
f 2537 2545 2546
f 2537 2546 2545
f 2537 2546 2547
f 2537 2547 2546
f 2537 2547 2548
f 2537 2548 2547
f 2537 2548 2549
f 2537 2549 2548
f 2537 2549 2550
f 2537 2550 2549
f 2537 2550 2551
f 2537 2551 2550
f 2537 2551 2552
f 2537 2552 2551
f 2537 2552 2553
f 2537 2553 2552
f 2537 2553 2554
f 2537 2554 2553
f 2537 2554 2555
f 2537 2555 2554
f 2537 2555 2556
f 2537 2556 2555
f 2537 2556 2557
f 2537 2557 2556
f 2537 2557 2558
f 2537 2558 2557
f 2537 2558 2559
f 2537 2559 2558
f 2537 2559 2560
f 2537 2560 2559
f 2537 2560 2561
f 2537 2561 2560
f 2537 2561 2562
f 2537 2562 2561
f 2537 2562 2563
f 2537 2563 2562
f 2537 2563 2564
f 2537 2564 2563
f 2537 2564 2565
f 2537 2565 2564
f 2537 2565 2566
f 2537 2566 2565
f 2537 2566 2567
f 2537 2567 2566
f 2537 2567 2568
f 2537 2568 2567
f 2537 2568 2569
f 2537 2569 2568
f 2537 2569 2570
f 2537 2570 2569
f 2537 2570 2571
f 2537 2571 2570
f 2537 2571 2572
f 2537 2572 2571
f 2537 2572 2573
f 2537 2573 2572
f 2537 2573 2574
f 2537 2574 2573
f 2537 2574 2575
f 2537 2575 2574
f 2537 2575 2576
f 2537 2576 2575
f 2537 2576 2577
f 2537 2577 2576
f 2537 2577 2578
f 2537 2578 2577
f 2537 2578 2579
f 2537 2579 2578
f 2537 2579 2580
f 2537 2580 2579
f 2537 2580 2581
f 2537 2581 2580
f 2537 2581 2582
f 2537 2582 2581
v 0.067164 0.497022 0.112360
v 0.064495 0.499977 0.116619
v 0.065010 0.501803 0.122131
v 0.068512 0.501803 0.126792
v 0.073663 0.499977 0.128821
v 0.078496 0.497022 0.127443
v 0.081165 0.494067 0.123185
v 0.080650 0.492241 0.117672
v 0.077148 0.492241 0.113012
v 0.071997 0.494067 0.110982
v 0.093685 0.546091 0.096210
v 0.091870 0.548100 0.099106
v 0.092220 0.549342 0.102855
v 0.094601 0.549342 0.106024
v 0.098104 0.548100 0.107404
v 0.101391 0.546091 0.106467
v 0.103205 0.544082 0.103571
v 0.102855 0.542840 0.099823
v 0.100474 0.542840 0.096653
v 0.096971 0.544082 0.095273
f 2583 2584 2594
f 2583 2594 2593
f 2584 2585 2595
f 2584 2595 2594
f 2585 2586 2596
f 2585 2596 2595
f 2586 2587 2597
f 2586 2597 2596
f 2587 2588 2598
f 2587 2598 2597
f 2588 2589 2599
f 2588 2599 2598
f 2589 2590 2600
f 2589 2600 2599
f 2590 2591 2601
f 2590 2601 2600
f 2591 2592 2602
f 2591 2602 2601
f 2592 2583 2593
f 2592 2593 2602
v 0.097538 0.546091 0.101339
v 0.092680 0.544806 0.098991
v 0.086885 0.544350 0.097591
v 0.080254 0.544637 0.097036
v 0.072950 0.545519 0.097161
v 0.065190 0.546804 0.097747
v 0.057226 0.548271 0.098540
v 0.049325 0.549682 0.099269
v 0.041749 0.550805 0.099669
v 0.034737 0.551429 0.099499
v 0.028485 0.551379 0.098561
v 0.023134 0.550531 0.096712
v 0.018756 0.548820 0.093880
v 0.015351 0.546248 0.090064
v 0.012847 0.542878 0.085338
v 0.011103 0.538834 0.079843
v 0.009923 0.534291 0.073778
v 0.009068 0.529459 0.067384
v 0.008276 0.524572 0.060927
v 0.007280 0.519866 0.054676
v 0.005828 0.515564 0.048887
v 0.003703 0.511858 0.043776
v 0.000741 0.508893 0.039513
v -0.003157 0.506758 0.036195
v 0.001701 0.508042 0.038542
v 0.007495 0.508498 0.039943
v 0.014127 0.508212 0.040498
v 0.021431 0.507330 0.040372
v 0.029190 0.506044 0.039787
v 0.037154 0.504577 0.038994
v 0.045056 0.503166 0.038265
v 0.052632 0.502043 0.037865
v 0.059644 0.501419 0.038034
v 0.065896 0.501470 0.038973
v 0.071247 0.502318 0.040822
v 0.075625 0.504028 0.043654
v 0.079030 0.506600 0.047470
v 0.081534 0.509970 0.052196
v 0.083278 0.514014 0.057691
v 0.084458 0.518557 0.063756
v 0.085313 0.523389 0.070150
v 0.086105 0.528276 0.076607
v 0.087101 0.532982 0.082857
v 0.088553 0.537284 0.088647
v 0.090678 0.540991 0.093757
v 0.093640 0.543956 0.098021
f 2603 2604 2605
f 2603 2605 2604
f 2603 2605 2606
f 2603 2606 2605
f 2603 2606 2607
f 2603 2607 2606
f 2603 2607 2608
f 2603 2608 2607
f 2603 2608 2609
f 2603 2609 2608
f 2603 2609 2610
f 2603 2610 2609
f 2603 2610 2611
f 2603 2611 2610
f 2603 2611 2612
f 2603 2612 2611
f 2603 2612 2613
f 2603 2613 2612
f 2603 2613 2614
f 2603 2614 2613
f 2603 2614 2615
f 2603 2615 2614
f 2603 2615 2616
f 2603 2616 2615
f 2603 2616 2617
f 2603 2617 2616
f 2603 2617 2618
f 2603 2618 2617
f 2603 2618 2619
f 2603 2619 2618
f 2603 2619 2620
f 2603 2620 2619
f 2603 2620 2621
f 2603 2621 2620
f 2603 2621 2622
f 2603 2622 2621
f 2603 2622 2623
f 2603 2623 2622
f 2603 2623 2624
f 2603 2624 2623
f 2603 2624 2625
f 2603 2625 2624
f 2603 2625 2626
f 2603 2626 2625
f 2603 2626 2627
f 2603 2627 2626
f 2603 2627 2628
f 2603 2628 2627
f 2603 2628 2629
f 2603 2629 2628
f 2603 2629 2630
f 2603 2630 2629
f 2603 2630 2631
f 2603 2631 2630
f 2603 2631 2632
f 2603 2632 2631
f 2603 2632 2633
f 2603 2633 2632
f 2603 2633 2634
f 2603 2634 2633
f 2603 2634 2635
f 2603 2635 2634
f 2603 2635 2636
f 2603 2636 2635
f 2603 2636 2637
f 2603 2637 2636
f 2603 2637 2638
f 2603 2638 2637
f 2603 2638 2639
f 2603 2639 2638
f 2603 2639 2640
f 2603 2640 2639
f 2603 2640 2641
f 2603 2641 2640
f 2603 2641 2642
f 2603 2642 2641
f 2603 2642 2643
f 2603 2643 2642
f 2603 2643 2644
f 2603 2644 2643
f 2603 2644 2645
f 2603 2645 2644
f 2603 2645 2646
f 2603 2646 2645
f 2603 2646 2647
f 2603 2647 2646
f 2603 2647 2648
f 2603 2648 2647
v 0.097538 0.546091 0.101339
v 0.098076 0.544788 0.104520
v 0.099451 0.542994 0.107518
v 0.101570 0.540764 0.110350
v 0.104286 0.538183 0.113052
v 0.107405 0.535365 0.115664
v 0.110703 0.532442 0.118236
v 0.113944 0.529553 0.120821
v 0.116895 0.526835 0.123471
v 0.119343 0.524411 0.126231
v 0.121114 0.522384 0.129141
v 0.122086 0.520827 0.132227
v 0.122194 0.519778 0.135504
v 0.121436 0.519236 0.138972
v 0.119879 0.519163 0.142616
v 0.117646 0.519488 0.146410
v 0.114910 0.520107 0.150314
v 0.111884 0.520897 0.154283
v 0.108800 0.521721 0.158265
v 0.105896 0.522439 0.162207
v 0.103395 0.522921 0.166059
v 0.101490 0.523053 0.169781
v 0.100330 0.522747 0.173337
v 0.100006 0.521951 0.176710
v 0.099467 0.523253 0.173528
v 0.098092 0.525047 0.170531
v 0.095973 0.527278 0.167698
v 0.093257 0.529859 0.164997
v 0.090138 0.532676 0.162385
v 0.086840 0.535599 0.159812
v 0.083599 0.538488 0.157227
v 0.080649 0.541207 0.154578
v 0.078201 0.543630 0.151817
v 0.076429 0.545657 0.148908
v 0.075457 0.547214 0.145822
v 0.075350 0.548264 0.142545
v 0.076107 0.548806 0.139077
v 0.077664 0.548878 0.135432
v 0.079898 0.548554 0.131639
v 0.082633 0.547934 0.127734
v 0.085659 0.547144 0.123765
v 0.088743 0.546321 0.119784
v 0.091648 0.545602 0.115842
v 0.094149 0.545121 0.111989
v 0.096053 0.544989 0.108268
v 0.097214 0.545295 0.104711
f 2649 2650 2651
f 2649 2651 2650
f 2649 2651 2652
f 2649 2652 2651
f 2649 2652 2653
f 2649 2653 2652
f 2649 2653 2654
f 2649 2654 2653
f 2649 2654 2655
f 2649 2655 2654
f 2649 2655 2656
f 2649 2656 2655
f 2649 2656 2657
f 2649 2657 2656
f 2649 2657 2658
f 2649 2658 2657
f 2649 2658 2659
f 2649 2659 2658
f 2649 2659 2660
f 2649 2660 2659
f 2649 2660 2661
f 2649 2661 2660
f 2649 2661 2662
f 2649 2662 2661
f 2649 2662 2663
f 2649 2663 2662
f 2649 2663 2664
f 2649 2664 2663
f 2649 2664 2665
f 2649 2665 2664
f 2649 2665 2666
f 2649 2666 2665
f 2649 2666 2667
f 2649 2667 2666
f 2649 2667 2668
f 2649 2668 2667
f 2649 2668 2669
f 2649 2669 2668
f 2649 2669 2670
f 2649 2670 2669
f 2649 2670 2671
f 2649 2671 2670
f 2649 2671 2672
f 2649 2672 2671
f 2649 2672 2673
f 2649 2673 2672
f 2649 2673 2674
f 2649 2674 2673
f 2649 2674 2675
f 2649 2675 2674
f 2649 2675 2676
f 2649 2676 2675
f 2649 2676 2677
f 2649 2677 2676
f 2649 2677 2678
f 2649 2678 2677
f 2649 2678 2679
f 2649 2679 2678
f 2649 2679 2680
f 2649 2680 2679
f 2649 2680 2681
f 2649 2681 2680
f 2649 2681 2682
f 2649 2682 2681
f 2649 2682 2683
f 2649 2683 2682
f 2649 2683 2684
f 2649 2684 2683
f 2649 2684 2685
f 2649 2685 2684
f 2649 2685 2686
f 2649 2686 2685
f 2649 2686 2687
f 2649 2687 2686
f 2649 2687 2688
f 2649 2688 2687
f 2649 2688 2689
f 2649 2689 2688
f 2649 2689 2690
f 2649 2690 2689
f 2649 2690 2691
f 2649 2691 2690
f 2649 2691 2692
f 2649 2692 2691
f 2649 2692 2693
f 2649 2693 2692
f 2649 2693 2694
f 2649 2694 2693
v 0.081141 0.497022 0.115440
v 0.077289 0.499815 0.112072
v 0.071733 0.501541 0.111695
v 0.066596 0.501541 0.114452
v 0.063841 0.499815 0.119291
v 0.064519 0.497022 0.124363
v 0.068372 0.494229 0.127731
v 0.073927 0.492503 0.128109
v 0.079064 0.492503 0.125352
v 0.081820 0.494229 0.120513
v 0.091291 0.543472 0.140730
v 0.088671 0.545371 0.138440
v 0.084893 0.546545 0.138183
v 0.081400 0.546545 0.140058
v 0.079527 0.545371 0.143348
v 0.079988 0.543472 0.146798
v 0.082608 0.541573 0.149088
v 0.086385 0.540399 0.149345
v 0.089878 0.540399 0.147470
v 0.091752 0.541573 0.144179
f 2695 2696 2706
f 2695 2706 2705
f 2696 2697 2707
f 2696 2707 2706
f 2697 2698 2708
f 2697 2708 2707
f 2698 2699 2709
f 2698 2709 2708
f 2699 2700 2710
f 2699 2710 2709
f 2700 2701 2711
f 2700 2711 2710
f 2701 2702 2712
f 2701 2712 2711
f 2702 2703 2713
f 2702 2713 2712
f 2703 2704 2714
f 2703 2714 2713
f 2704 2695 2705
f 2704 2705 2714
v 0.085639 0.543472 0.143764
v 0.088559 0.543417 0.140143
v 0.090881 0.543815 0.135962
v 0.092448 0.544785 0.131072
v 0.093257 0.546329 0.125471
v 0.093431 0.548355 0.119274
v 0.093185 0.550699 0.112684
v 0.092803 0.553145 0.105967
v 0.092604 0.555454 0.099420
v 0.092898 0.557388 0.093336
v 0.093957 0.558743 0.087971
v 0.095982 0.559366 0.083511
v 0.099079 0.559177 0.080056
v 0.103248 0.558175 0.077607
v 0.108383 0.556442 0.076064
v 0.114283 0.554129 0.075239
v 0.120677 0.551442 0.074877
v 0.127252 0.548618 0.074686
v 0.133692 0.545896 0.074367
v 0.139713 0.543491 0.073655
v 0.145097 0.541569 0.072347
v 0.149725 0.540220 0.070328
v 0.153597 0.539444 0.067601
v 0.156871 0.539120 0.064312
v 0.153952 0.539175 0.067933
v 0.151630 0.538777 0.072114
v 0.150063 0.537807 0.077005
v 0.149254 0.536263 0.082605
v 0.149080 0.534237 0.088802
v 0.149326 0.531893 0.095392
v 0.149707 0.529447 0.102109
v 0.149907 0.527139 0.108656
v 0.149613 0.525204 0.114740
v 0.148554 0.523850 0.120106
v 0.146529 0.523227 0.124566
v 0.143431 0.523416 0.128020
v 0.139262 0.524417 0.130469
v 0.134128 0.526150 0.132012
v 0.128228 0.528463 0.132837
v 0.121834 0.531150 0.133199
v 0.115259 0.533975 0.133391
v 0.108819 0.536697 0.133709
v 0.102798 0.539101 0.134421
v 0.097413 0.541023 0.135730
v 0.092786 0.542372 0.137748
v 0.088914 0.543148 0.140476
f 2715 2716 2717
f 2715 2717 2716
f 2715 2717 2718
f 2715 2718 2717
f 2715 2718 2719
f 2715 2719 2718
f 2715 2719 2720
f 2715 2720 2719
f 2715 2720 2721
f 2715 2721 2720
f 2715 2721 2722
f 2715 2722 2721
f 2715 2722 2723
f 2715 2723 2722
f 2715 2723 2724
f 2715 2724 2723
f 2715 2724 2725
f 2715 2725 2724
f 2715 2725 2726
f 2715 2726 2725
f 2715 2726 2727
f 2715 2727 2726
f 2715 2727 2728
f 2715 2728 2727
f 2715 2728 2729
f 2715 2729 2728
f 2715 2729 2730
f 2715 2730 2729
f 2715 2730 2731
f 2715 2731 2730
f 2715 2731 2732
f 2715 2732 2731
f 2715 2732 2733
f 2715 2733 2732
f 2715 2733 2734
f 2715 2734 2733
f 2715 2734 2735
f 2715 2735 2734
f 2715 2735 2736
f 2715 2736 2735
f 2715 2736 2737
f 2715 2737 2736
f 2715 2737 2738
f 2715 2738 2737
f 2715 2738 2739
f 2715 2739 2738
f 2715 2739 2740
f 2715 2740 2739
f 2715 2740 2741
f 2715 2741 2740
f 2715 2741 2742
f 2715 2742 2741
f 2715 2742 2743
f 2715 2743 2742
f 2715 2743 2744
f 2715 2744 2743
f 2715 2744 2745
f 2715 2745 2744
f 2715 2745 2746
f 2715 2746 2745
f 2715 2746 2747
f 2715 2747 2746
f 2715 2747 2748
f 2715 2748 2747
f 2715 2748 2749
f 2715 2749 2748
f 2715 2749 2750
f 2715 2750 2749
f 2715 2750 2751
f 2715 2751 2750
f 2715 2751 2752
f 2715 2752 2751
f 2715 2752 2753
f 2715 2753 2752
f 2715 2753 2754
f 2715 2754 2753
f 2715 2754 2755
f 2715 2755 2754
f 2715 2755 2756
f 2715 2756 2755
f 2715 2756 2757
f 2715 2757 2756
f 2715 2757 2758
f 2715 2758 2757
f 2715 2758 2759
f 2715 2759 2758
f 2715 2759 2760
f 2715 2760 2759
v 0.085639 0.543472 0.143764
v 0.081512 0.543862 0.142217
v 0.076690 0.543893 0.141741
v 0.071308 0.543634 0.142131
v 0.065504 0.543157 0.143171
v 0.059436 0.542544 0.144618
v 0.053274 0.541883 0.146210
v 0.047191 0.541262 0.147680
v 0.041352 0.540767 0.148774
v 0.035904 0.540474 0.149265
v 0.030966 0.540445 0.148968
v 0.026623 0.540723 0.147755
v 0.022918 0.541331 0.145557
v 0.019851 0.542269 0.142374
v 0.017378 0.543514 0.138274
v 0.015416 0.545023 0.133388
v 0.013844 0.546733 0.127898
v 0.012516 0.548570 0.122032
v 0.011268 0.550447 0.116044
v 0.009925 0.552276 0.110201
v 0.008319 0.553969 0.104765
v 0.006291 0.555444 0.099979
v 0.003702 0.556629 0.096058
v 0.000419 0.557455 0.093209
v 0.004546 0.557065 0.094756
v 0.009368 0.557034 0.095232
v 0.014750 0.557293 0.094842
v 0.020554 0.557770 0.093802
v 0.026622 0.558383 0.092355
v 0.032784 0.559044 0.090763
v 0.038867 0.559665 0.089293
v 0.044706 0.560160 0.088199
v 0.050154 0.560452 0.087709
v 0.055092 0.560481 0.088005
v 0.059435 0.560203 0.089219
v 0.063140 0.559595 0.091417
v 0.066207 0.558657 0.094599
v 0.068680 0.557413 0.098699
v 0.070642 0.555904 0.103586
v 0.072214 0.554193 0.109076
v 0.073542 0.552357 0.114942
v 0.074790 0.550479 0.120929
v 0.076133 0.548650 0.126772
v 0.077739 0.546958 0.132208
v 0.079767 0.545483 0.136994
v 0.082356 0.544298 0.140915
f 2761 2762 2763
f 2761 2763 2762
f 2761 2763 2764
f 2761 2764 2763
f 2761 2764 2765
f 2761 2765 2764
f 2761 2765 2766
f 2761 2766 2765
f 2761 2766 2767
f 2761 2767 2766
f 2761 2767 2768
f 2761 2768 2767
f 2761 2768 2769
f 2761 2769 2768
f 2761 2769 2770
f 2761 2770 2769
f 2761 2770 2771
f 2761 2771 2770
f 2761 2771 2772
f 2761 2772 2771
f 2761 2772 2773
f 2761 2773 2772
f 2761 2773 2774
f 2761 2774 2773
f 2761 2774 2775
f 2761 2775 2774
f 2761 2775 2776
f 2761 2776 2775
f 2761 2776 2777
f 2761 2777 2776
f 2761 2777 2778
f 2761 2778 2777
f 2761 2778 2779
f 2761 2779 2778
f 2761 2779 2780
f 2761 2780 2779
f 2761 2780 2781
f 2761 2781 2780
f 2761 2781 2782
f 2761 2782 2781
f 2761 2782 2783
f 2761 2783 2782
f 2761 2783 2784
f 2761 2784 2783
f 2761 2784 2785
f 2761 2785 2784
f 2761 2785 2786
f 2761 2786 2785
f 2761 2786 2787
f 2761 2787 2786
f 2761 2787 2788
f 2761 2788 2787
f 2761 2788 2789
f 2761 2789 2788
f 2761 2789 2790
f 2761 2790 2789
f 2761 2790 2791
f 2761 2791 2790
f 2761 2791 2792
f 2761 2792 2791
f 2761 2792 2793
f 2761 2793 2792
f 2761 2793 2794
f 2761 2794 2793
f 2761 2794 2795
f 2761 2795 2794
f 2761 2795 2796
f 2761 2796 2795
f 2761 2796 2797
f 2761 2797 2796
f 2761 2797 2798
f 2761 2798 2797
f 2761 2798 2799
f 2761 2799 2798
f 2761 2799 2800
f 2761 2800 2799
f 2761 2800 2801
f 2761 2801 2800
f 2761 2801 2802
f 2761 2802 2801
f 2761 2802 2803
f 2761 2803 2802
f 2761 2803 2804
f 2761 2804 2803
f 2761 2804 2805
f 2761 2805 2804
f 2761 2805 2806
f 2761 2806 2805
v 0.085639 0.543472 0.143764
v 0.084342 0.539250 0.147010
v 0.084406 0.534544 0.150467
v 0.085789 0.529369 0.154128
v 0.088285 0.523798 0.157963
v 0.091578 0.517944 0.161921
v 0.095275 0.511947 0.165941
v 0.098942 0.505960 0.169957
v 0.102141 0.500140 0.173901
v 0.104467 0.494630 0.177709
v 0.105583 0.489550 0.181329
v 0.105249 0.484985 0.184724
v 0.103337 0.480982 0.187875
v 0.099848 0.477539 0.190781
v 0.094907 0.474611 0.193461
v 0.088757 0.472114 0.195954
v 0.081735 0.469927 0.198312
v 0.074244 0.467906 0.200597
v 0.066723 0.465896 0.202877
v 0.059606 0.463743 0.205220
v 0.053286 0.461306 0.207687
v 0.048080 0.458473 0.210326
v 0.044192 0.455172 0.213170
v 0.041666 0.451387 0.216226
v 0.042963 0.455609 0.212980
v 0.042899 0.460315 0.209523
v 0.041516 0.465490 0.205861
v 0.039020 0.471060 0.202027
v 0.035727 0.476914 0.198069
v 0.032030 0.482912 0.194048
v 0.028363 0.488899 0.190032
v 0.025164 0.494719 0.186089
v 0.022838 0.500229 0.182281
v 0.021721 0.505309 0.178660
v 0.022056 0.509873 0.175265
v 0.023968 0.513877 0.172115
v 0.027457 0.517320 0.169209
v 0.032397 0.520247 0.166528
v 0.038547 0.522745 0.164035
v 0.045570 0.524932 0.161677
v 0.053061 0.526952 0.159392
v 0.060582 0.528962 0.157112
v 0.067699 0.531116 0.154769
v 0.074018 0.533553 0.152302
v 0.079225 0.536385 0.149663
v 0.083113 0.539687 0.146819
f 2807 2808 2809
f 2807 2809 2808
f 2807 2809 2810
f 2807 2810 2809
f 2807 2810 2811
f 2807 2811 2810
f 2807 2811 2812
f 2807 2812 2811
f 2807 2812 2813
f 2807 2813 2812
f 2807 2813 2814
f 2807 2814 2813
f 2807 2814 2815
f 2807 2815 2814
f 2807 2815 2816
f 2807 2816 2815
f 2807 2816 2817
f 2807 2817 2816
f 2807 2817 2818
f 2807 2818 2817
f 2807 2818 2819
f 2807 2819 2818
f 2807 2819 2820
f 2807 2820 2819
f 2807 2820 2821
f 2807 2821 2820
f 2807 2821 2822
f 2807 2822 2821
f 2807 2822 2823
f 2807 2823 2822
f 2807 2823 2824
f 2807 2824 2823
f 2807 2824 2825
f 2807 2825 2824
f 2807 2825 2826
f 2807 2826 2825
f 2807 2826 2827
f 2807 2827 2826
f 2807 2827 2828
f 2807 2828 2827
f 2807 2828 2829
f 2807 2829 2828
f 2807 2829 2830
f 2807 2830 2829
f 2807 2830 2831
f 2807 2831 2830
f 2807 2831 2832
f 2807 2832 2831
f 2807 2832 2833
f 2807 2833 2832
f 2807 2833 2834
f 2807 2834 2833
f 2807 2834 2835
f 2807 2835 2834
f 2807 2835 2836
f 2807 2836 2835
f 2807 2836 2837
f 2807 2837 2836
f 2807 2837 2838
f 2807 2838 2837
f 2807 2838 2839
f 2807 2839 2838
f 2807 2839 2840
f 2807 2840 2839
f 2807 2840 2841
f 2807 2841 2840
f 2807 2841 2842
f 2807 2842 2841
f 2807 2842 2843
f 2807 2843 2842
f 2807 2843 2844
f 2807 2844 2843
f 2807 2844 2845
f 2807 2845 2844
f 2807 2845 2846
f 2807 2846 2845
f 2807 2846 2847
f 2807 2847 2846
f 2807 2847 2848
f 2807 2848 2847
f 2807 2848 2849
f 2807 2849 2848
f 2807 2849 2850
f 2807 2850 2849
f 2807 2850 2851
f 2807 2851 2850
f 2807 2851 2852
f 2807 2852 2851
v 0.013858 0.433103 0.114553
v 0.017782 0.437560 0.108369
v 0.017064 0.440314 0.100282
v 0.011978 0.440314 0.093381
v 0.004465 0.437560 0.090301
v -0.002603 0.433103 0.092220
v -0.006528 0.428647 0.098403
v -0.005810 0.425893 0.106491
v -0.000723 0.425893 0.113392
v 0.006789 0.428647 0.116472
v -0.030269 0.512086 0.141562
v -0.027600 0.515116 0.137357
v -0.028089 0.516989 0.131857
v -0.031547 0.516989 0.127164
v -0.036656 0.515116 0.125070
v -0.041462 0.512086 0.126375
v -0.044131 0.509055 0.130580
v -0.043643 0.507182 0.136079
v -0.040184 0.507182 0.140772
v -0.035076 0.509055 0.142866
f 2853 2854 2864
f 2853 2864 2863
f 2854 2855 2865
f 2854 2865 2864
f 2855 2856 2866
f 2855 2866 2865
f 2856 2857 2867
f 2856 2867 2866
f 2857 2858 2868
f 2857 2868 2867
f 2858 2859 2869
f 2858 2869 2868
f 2859 2860 2870
f 2859 2870 2869
f 2860 2861 2871
f 2860 2871 2870
f 2861 2862 2872
f 2861 2872 2871
f 2862 2853 2863
f 2862 2863 2872
v -0.035866 0.512086 0.133968
v -0.031471 0.510834 0.136429
v -0.026716 0.509937 0.138462
v -0.021341 0.509652 0.139754
v -0.015206 0.510117 0.140142
v -0.008318 0.511325 0.139632
v -0.000828 0.513128 0.138403
v 0.006990 0.515254 0.136785
v 0.014777 0.517349 0.135204
v 0.022143 0.519030 0.134123
v 0.028730 0.519941 0.133972
v 0.034262 0.519811 0.135078
v 0.038590 0.518493 0.137618
v 0.041714 0.515987 0.141594
v 0.043784 0.512441 0.146826
v 0.045074 0.508125 0.152988
v 0.045943 0.503394 0.159650
v 0.046782 0.498632 0.166349
v 0.047947 0.494194 0.172659
v 0.049715 0.490350 0.178250
v 0.052237 0.487249 0.182944
v 0.055518 0.484898 0.186732
v 0.059420 0.483160 0.189781
v 0.063681 0.481776 0.192401
v 0.059286 0.483028 0.189940
v 0.054532 0.483925 0.187908
v 0.049156 0.484209 0.186615
v 0.043022 0.483744 0.186227
v 0.036133 0.482536 0.186738
v 0.028643 0.480733 0.187966
v 0.020825 0.478607 0.189585
v 0.013038 0.476512 0.191166
v 0.005672 0.474832 0.192246
v -0.000915 0.473921 0.192397
v -0.006447 0.474050 0.191292
v -0.010775 0.475368 0.188751
v -0.013899 0.477874 0.184776
v -0.015969 0.481421 0.179543
v -0.017259 0.485737 0.173382
v -0.018128 0.490467 0.166720
v -0.018967 0.495229 0.160020
v -0.020132 0.499668 0.153711
v -0.021900 0.503512 0.148119
v -0.024422 0.506612 0.143426
v -0.027703 0.508963 0.139637
v -0.031605 0.510702 0.136589
f 2873 2874 2875
f 2873 2875 2874
f 2873 2875 2876
f 2873 2876 2875
f 2873 2876 2877
f 2873 2877 2876
f 2873 2877 2878
f 2873 2878 2877
f 2873 2878 2879
f 2873 2879 2878
f 2873 2879 2880
f 2873 2880 2879
f 2873 2880 2881
f 2873 2881 2880
f 2873 2881 2882
f 2873 2882 2881
f 2873 2882 2883
f 2873 2883 2882
f 2873 2883 2884
f 2873 2884 2883
f 2873 2884 2885
f 2873 2885 2884
f 2873 2885 2886
f 2873 2886 2885
f 2873 2886 2887
f 2873 2887 2886
f 2873 2887 2888
f 2873 2888 2887
f 2873 2888 2889
f 2873 2889 2888
f 2873 2889 2890
f 2873 2890 2889
f 2873 2890 2891
f 2873 2891 2890
f 2873 2891 2892
f 2873 2892 2891
f 2873 2892 2893
f 2873 2893 2892
f 2873 2893 2894
f 2873 2894 2893
f 2873 2894 2895
f 2873 2895 2894
f 2873 2895 2896
f 2873 2896 2895
f 2873 2896 2897
f 2873 2897 2896
f 2873 2897 2898
f 2873 2898 2897
f 2873 2898 2899
f 2873 2899 2898
f 2873 2899 2900
f 2873 2900 2899
f 2873 2900 2901
f 2873 2901 2900
f 2873 2901 2902
f 2873 2902 2901
f 2873 2902 2903
f 2873 2903 2902
f 2873 2903 2904
f 2873 2904 2903
f 2873 2904 2905
f 2873 2905 2904
f 2873 2905 2906
f 2873 2906 2905
f 2873 2906 2907
f 2873 2907 2906
f 2873 2907 2908
f 2873 2908 2907
f 2873 2908 2909
f 2873 2909 2908
f 2873 2909 2910
f 2873 2910 2909
f 2873 2910 2911
f 2873 2911 2910
f 2873 2911 2912
f 2873 2912 2911
f 2873 2912 2913
f 2873 2913 2912
f 2873 2913 2914
f 2873 2914 2913
f 2873 2914 2915
f 2873 2915 2914
f 2873 2915 2916
f 2873 2916 2915
f 2873 2916 2917
f 2873 2917 2916
f 2873 2917 2918
f 2873 2918 2917
v -0.035866 0.512086 0.133968
v -0.037281 0.509886 0.130199
v -0.039254 0.507228 0.126857
v -0.041984 0.503947 0.124097
v -0.045511 0.500011 0.121947
v -0.049735 0.495502 0.120332
v -0.054443 0.490594 0.119089
v -0.059340 0.485532 0.117989
v -0.064082 0.480597 0.116772
v -0.068326 0.476071 0.115172
v -0.071769 0.472205 0.112958
v -0.074184 0.469182 0.109956
v -0.075453 0.467104 0.106074
v -0.075574 0.465969 0.101312
v -0.074667 0.465678 0.095762
v -0.072960 0.466047 0.089597
v -0.070754 0.466825 0.083050
v -0.068395 0.467730 0.076386
v -0.066223 0.468480 0.069865
v -0.064535 0.468832 0.063716
v -0.063545 0.468611 0.058101
v -0.063351 0.467735 0.053098
v -0.063915 0.466235 0.048676
v -0.065036 0.464277 0.044681
v -0.063621 0.466477 0.048450
v -0.061648 0.469135 0.051792
v -0.058918 0.472416 0.054552
v -0.055391 0.476352 0.056702
v -0.051167 0.480861 0.058317
v -0.046459 0.485769 0.059561
v -0.041562 0.490831 0.060660
v -0.036820 0.495766 0.061878
v -0.032576 0.500292 0.063477
v -0.029133 0.504158 0.065691
v -0.026718 0.507181 0.068693
v -0.025449 0.509259 0.072575
v -0.025328 0.510394 0.077337
v -0.026235 0.510685 0.082887
v -0.027942 0.510316 0.089052
v -0.030148 0.509538 0.095599
v -0.032507 0.508633 0.102263
v -0.034679 0.507883 0.108784
v -0.036367 0.507531 0.114933
v -0.037357 0.507752 0.120548
v -0.037551 0.508628 0.125551
v -0.036987 0.510128 0.129973
f 2919 2920 2921
f 2919 2921 2920
f 2919 2921 2922
f 2919 2922 2921
f 2919 2922 2923
f 2919 2923 2922
f 2919 2923 2924
f 2919 2924 2923
f 2919 2924 2925
f 2919 2925 2924
f 2919 2925 2926
f 2919 2926 2925
f 2919 2926 2927
f 2919 2927 2926
f 2919 2927 2928
f 2919 2928 2927
f 2919 2928 2929
f 2919 2929 2928
f 2919 2929 2930
f 2919 2930 2929
f 2919 2930 2931
f 2919 2931 2930
f 2919 2931 2932
f 2919 2932 2931
f 2919 2932 2933
f 2919 2933 2932
f 2919 2933 2934
f 2919 2934 2933
f 2919 2934 2935
f 2919 2935 2934
f 2919 2935 2936
f 2919 2936 2935
f 2919 2936 2937
f 2919 2937 2936
f 2919 2937 2938
f 2919 2938 2937
f 2919 2938 2939
f 2919 2939 2938
f 2919 2939 2940
f 2919 2940 2939
f 2919 2940 2941
f 2919 2941 2940
f 2919 2941 2942
f 2919 2942 2941
f 2919 2942 2943
f 2919 2943 2942
f 2919 2943 2944
f 2919 2944 2943
f 2919 2944 2945
f 2919 2945 2944
f 2919 2945 2946
f 2919 2946 2945
f 2919 2946 2947
f 2919 2947 2946
f 2919 2947 2948
f 2919 2948 2947
f 2919 2948 2949
f 2919 2949 2948
f 2919 2949 2950
f 2919 2950 2949
f 2919 2950 2951
f 2919 2951 2950
f 2919 2951 2952
f 2919 2952 2951
f 2919 2952 2953
f 2919 2953 2952
f 2919 2953 2954
f 2919 2954 2953
f 2919 2954 2955
f 2919 2955 2954
f 2919 2955 2956
f 2919 2956 2955
f 2919 2956 2957
f 2919 2957 2956
f 2919 2957 2958
f 2919 2958 2957
f 2919 2958 2959
f 2919 2959 2958
f 2919 2959 2960
f 2919 2960 2959
f 2919 2960 2961
f 2919 2961 2960
f 2919 2961 2962
f 2919 2962 2961
f 2919 2962 2963
f 2919 2963 2962
f 2919 2963 2964
f 2919 2964 2963
v -0.029901 0.512086 0.141276
v -0.030129 0.517504 0.139136
v -0.032548 0.520853 0.135023
v -0.036235 0.520853 0.130507
v -0.039781 0.517504 0.127313
v -0.041831 0.512086 0.126661
v -0.041603 0.506667 0.128800
v -0.039183 0.503318 0.132914
v -0.035497 0.503318 0.137430
v -0.031951 0.506667 0.140624
v -0.077316 0.524837 0.176085
v -0.077471 0.528522 0.174631
v -0.079117 0.530799 0.171833
v -0.081624 0.530799 0.168762
v -0.084035 0.528522 0.166590
v -0.085429 0.524837 0.166147
v -0.085274 0.521153 0.167602
v -0.083629 0.518875 0.170399
v -0.081122 0.518875 0.173470
v -0.078711 0.521153 0.175642
f 2965 2966 2976
f 2965 2976 2975
f 2966 2967 2977
f 2966 2977 2976
f 2967 2968 2978
f 2967 2978 2977
f 2968 2969 2979
f 2968 2979 2978
f 2969 2970 2980
f 2969 2980 2979
f 2970 2971 2981
f 2970 2981 2980
f 2971 2972 2982
f 2971 2982 2981
f 2972 2973 2983
f 2972 2983 2982
f 2973 2974 2984
f 2973 2984 2983
f 2974 2965 2975
f 2974 2975 2984
v -0.081373 0.524837 0.171116
v -0.078660 0.526139 0.172946
v -0.076005 0.528044 0.174497
v -0.073426 0.530750 0.175682
v -0.070926 0.534281 0.176486
v -0.068493 0.538525 0.176963
v -0.066106 0.543254 0.177217
v -0.063736 0.548161 0.177390
v -0.061350 0.552893 0.177642
v -0.058913 0.557102 0.178136
v -0.056398 0.560478 0.179012
v -0.053782 0.562795 0.180375
v -0.051054 0.563930 0.182281
v -0.048214 0.563883 0.184729
v -0.045273 0.562777 0.187666
v -0.042253 0.560838 0.190984
v -0.039183 0.558375 0.194543
v -0.036097 0.555738 0.198183
v -0.033028 0.553279 0.201741
v -0.030005 0.551305 0.205075
v -0.027049 0.550044 0.208082
v -0.024172 0.549608 0.210710
v -0.021370 0.549973 0.212970
v -0.018627 0.550941 0.214953
v -0.021339 0.549640 0.213123
v -0.023994 0.547734 0.211571
v -0.026573 0.545029 0.210387
v -0.029073 0.541497 0.209583
v -0.031506 0.537254 0.209106
v -0.033893 0.532524 0.208852
v -0.036263 0.527618 0.208679
v -0.038649 0.522885 0.208427
v -0.041086 0.518676 0.207933
v -0.043601 0.515300 0.207057
v -0.046217 0.512984 0.205694
v -0.048945 0.511849 0.203788
v -0.051785 0.511895 0.201340
v -0.054726 0.513002 0.198403
v -0.057746 0.514940 0.195085
v -0.060816 0.517403 0.191526
v -0.063902 0.520040 0.187886
v -0.066971 0.522499 0.184328
v -0.069995 0.524473 0.180994
v -0.072950 0.525734 0.177987
v -0.075827 0.526170 0.175359
v -0.078629 0.525805 0.173099
f 2985 2986 2987
f 2985 2987 2986
f 2985 2987 2988
f 2985 2988 2987
f 2985 2988 2989
f 2985 2989 2988
f 2985 2989 2990
f 2985 2990 2989
f 2985 2990 2991
f 2985 2991 2990
f 2985 2991 2992
f 2985 2992 2991
f 2985 2992 2993
f 2985 2993 2992
f 2985 2993 2994
f 2985 2994 2993
f 2985 2994 2995
f 2985 2995 2994
f 2985 2995 2996
f 2985 2996 2995
f 2985 2996 2997
f 2985 2997 2996
f 2985 2997 2998
f 2985 2998 2997
f 2985 2998 2999
f 2985 2999 2998
f 2985 2999 3000
f 2985 3000 2999
f 2985 3000 3001
f 2985 3001 3000
f 2985 3001 3002
f 2985 3002 3001
f 2985 3002 3003
f 2985 3003 3002
f 2985 3003 3004
f 2985 3004 3003
f 2985 3004 3005
f 2985 3005 3004
f 2985 3005 3006
f 2985 3006 3005
f 2985 3006 3007
f 2985 3007 3006
f 2985 3007 3008
f 2985 3008 3007
f 2985 3008 3009
f 2985 3009 3008
f 2985 3009 3010
f 2985 3010 3009
f 2985 3010 3011
f 2985 3011 3010
f 2985 3011 3012
f 2985 3012 3011
f 2985 3012 3013
f 2985 3013 3012
f 2985 3013 3014
f 2985 3014 3013
f 2985 3014 3015
f 2985 3015 3014
f 2985 3015 3016
f 2985 3016 3015
f 2985 3016 3017
f 2985 3017 3016
f 2985 3017 3018
f 2985 3018 3017
f 2985 3018 3019
f 2985 3019 3018
f 2985 3019 3020
f 2985 3020 3019
f 2985 3020 3021
f 2985 3021 3020
f 2985 3021 3022
f 2985 3022 3021
f 2985 3022 3023
f 2985 3023 3022
f 2985 3023 3024
f 2985 3024 3023
f 2985 3024 3025
f 2985 3025 3024
f 2985 3025 3026
f 2985 3026 3025
f 2985 3026 3027
f 2985 3027 3026
f 2985 3027 3028
f 2985 3028 3027
f 2985 3028 3029
f 2985 3029 3028
f 2985 3029 3030
f 2985 3030 3029
v -0.081373 0.524837 0.171116
v -0.081742 0.525229 0.167307
v -0.082473 0.524756 0.163352
v -0.083587 0.523371 0.159242
v -0.085041 0.521172 0.154993
v -0.086752 0.518358 0.150641
v -0.088609 0.515199 0.146229
v -0.090479 0.512006 0.141812
v -0.092227 0.509104 0.137445
v -0.093726 0.506800 0.133179
v -0.094866 0.505350 0.129057
v -0.095570 0.504942 0.125113
v -0.095797 0.505674 0.121362
v -0.095547 0.507545 0.117804
v -0.094861 0.510457 0.114423
v -0.093817 0.514225 0.111187
v -0.092523 0.518590 0.108052
v -0.091106 0.523246 0.104967
v -0.089704 0.527868 0.101876
v -0.088447 0.532145 0.098727
v -0.087447 0.535807 0.095473
v -0.086788 0.538655 0.092080
v -0.086511 0.540591 0.088534
v -0.086595 0.541662 0.084840
v -0.086226 0.541271 0.088649
v -0.085494 0.541744 0.092605
v -0.084381 0.543129 0.096715
v -0.082927 0.545327 0.100963
v -0.081216 0.548141 0.105316
v -0.079359 0.551301 0.109727
v -0.077489 0.554494 0.114144
v -0.075741 0.557395 0.118512
v -0.074242 0.559700 0.122778
v -0.073102 0.561149 0.126899
v -0.072398 0.561557 0.130844
v -0.072171 0.560826 0.134595
v -0.072421 0.558955 0.138153
v -0.073107 0.556042 0.141534
v -0.074151 0.552274 0.144770
v -0.075445 0.547910 0.147904
v -0.076861 0.543254 0.150990
v -0.078264 0.538631 0.154080
v -0.079521 0.534354 0.157230
v -0.080521 0.530693 0.160484
v -0.081180 0.527845 0.163876
v -0.081457 0.525908 0.167423
f 3031 3032 3033
f 3031 3033 3032
f 3031 3033 3034
f 3031 3034 3033
f 3031 3034 3035
f 3031 3035 3034
f 3031 3035 3036
f 3031 3036 3035
f 3031 3036 3037
f 3031 3037 3036
f 3031 3037 3038
f 3031 3038 3037
f 3031 3038 3039
f 3031 3039 3038
f 3031 3039 3040
f 3031 3040 3039
f 3031 3040 3041
f 3031 3041 3040
f 3031 3041 3042
f 3031 3042 3041
f 3031 3042 3043
f 3031 3043 3042
f 3031 3043 3044
f 3031 3044 3043
f 3031 3044 3045
f 3031 3045 3044
f 3031 3045 3046
f 3031 3046 3045
f 3031 3046 3047
f 3031 3047 3046
f 3031 3047 3048
f 3031 3048 3047
f 3031 3048 3049
f 3031 3049 3048
f 3031 3049 3050
f 3031 3050 3049
f 3031 3050 3051
f 3031 3051 3050
f 3031 3051 3052
f 3031 3052 3051
f 3031 3052 3053
f 3031 3053 3052
f 3031 3053 3054
f 3031 3054 3053
f 3031 3054 3055
f 3031 3055 3054
f 3031 3055 3056
f 3031 3056 3055
f 3031 3056 3057
f 3031 3057 3056
f 3031 3057 3058
f 3031 3058 3057
f 3031 3058 3059
f 3031 3059 3058
f 3031 3059 3060
f 3031 3060 3059
f 3031 3060 3061
f 3031 3061 3060
f 3031 3061 3062
f 3031 3062 3061
f 3031 3062 3063
f 3031 3063 3062
f 3031 3063 3064
f 3031 3064 3063
f 3031 3064 3065
f 3031 3065 3064
f 3031 3065 3066
f 3031 3066 3065
f 3031 3066 3067
f 3031 3067 3066
f 3031 3067 3068
f 3031 3068 3067
f 3031 3068 3069
f 3031 3069 3068
f 3031 3069 3070
f 3031 3070 3069
f 3031 3070 3071
f 3031 3071 3070
f 3031 3071 3072
f 3031 3072 3071
f 3031 3072 3073
f 3031 3073 3072
f 3031 3073 3074
f 3031 3074 3073
f 3031 3074 3075
f 3031 3075 3074
f 3031 3075 3076
f 3031 3076 3075
v -0.028417 0.512086 0.128181
v -0.032564 0.515404 0.125779
v -0.037973 0.517456 0.126505
v -0.042577 0.517456 0.130082
v -0.044617 0.515404 0.135143
v -0.043315 0.512086 0.139756
v -0.039167 0.508767 0.142158
v -0.033759 0.506715 0.141432
v -0.029155 0.506715 0.137855
v -0.027114 0.508767 0.132794
v -0.009714 0.558080 0.157174
v -0.012534 0.560336 0.155541
v -0.016212 0.561731 0.156034
v -0.019343 0.561731 0.158466
v -0.020730 0.560336 0.161908
v -0.019845 0.558080 0.165045
v -0.017024 0.555823 0.166678
v -0.013346 0.554428 0.166184
v -0.010216 0.554428 0.163752
v -0.008828 0.555823 0.160311
f 3077 3078 3088
f 3077 3088 3087
f 3078 3079 3089
f 3078 3089 3088
f 3079 3080 3090
f 3079 3090 3089
f 3080 3081 3091
f 3080 3091 3090
f 3081 3082 3092
f 3081 3092 3091
f 3082 3083 3093
f 3082 3093 3092
f 3083 3084 3094
f 3083 3094 3093
f 3084 3085 3095
f 3084 3095 3094
f 3085 3086 3096
f 3085 3096 3095
f 3086 3077 3087
f 3086 3087 3096
v -0.014779 0.558080 0.161109
v -0.012515 0.558186 0.155982
v -0.011322 0.559187 0.150169
v -0.011113 0.561012 0.143726
v -0.011708 0.563510 0.136768
v -0.012861 0.566473 0.129454
v -0.014274 0.569654 0.121973
v -0.015632 0.572789 0.114527
v -0.016619 0.575614 0.107318
v -0.016947 0.577888 0.100532
v -0.016379 0.579412 0.094319
v -0.014745 0.580045 0.088788
v -0.011956 0.579713 0.083996
v -0.008013 0.578415 0.079943
v -0.003003 0.576226 0.076573
v 0.002903 0.573287 0.073776
v 0.009468 0.569798 0.071401
v 0.016403 0.565998 0.069263
v 0.023395 0.562152 0.067161
v 0.030125 0.558524 0.064892
v 0.036298 0.555362 0.062266
v 0.041667 0.552872 0.059125
v 0.046051 0.551206 0.055355
v 0.049365 0.550435 0.050899
v 0.047101 0.550329 0.056026
v 0.045907 0.549327 0.061839
v 0.045698 0.547502 0.068282
v 0.046294 0.545005 0.075240
v 0.047446 0.542042 0.082554
v 0.048860 0.538860 0.090036
v 0.050218 0.535725 0.097481
v 0.051205 0.532901 0.104690
v 0.051533 0.530627 0.111477
v 0.050965 0.529102 0.117690
v 0.049331 0.528469 0.123220
v 0.046542 0.528801 0.128012
v 0.042598 0.530099 0.132065
v 0.037589 0.532288 0.135435
v 0.031683 0.535227 0.138232
v 0.025118 0.538717 0.140607
v 0.018182 0.542516 0.142745
v 0.011191 0.546363 0.144847
v 0.004461 0.549990 0.147117
v -0.001713 0.553153 0.149742
v -0.007081 0.555642 0.152883
v -0.011466 0.557309 0.156653
f 3097 3098 3099
f 3097 3099 3098
f 3097 3099 3100
f 3097 3100 3099
f 3097 3100 3101
f 3097 3101 3100
f 3097 3101 3102
f 3097 3102 3101
f 3097 3102 3103
f 3097 3103 3102
f 3097 3103 3104
f 3097 3104 3103
f 3097 3104 3105
f 3097 3105 3104
f 3097 3105 3106
f 3097 3106 3105
f 3097 3106 3107
f 3097 3107 3106
f 3097 3107 3108
f 3097 3108 3107
f 3097 3108 3109
f 3097 3109 3108
f 3097 3109 3110
f 3097 3110 3109
f 3097 3110 3111
f 3097 3111 3110
f 3097 3111 3112
f 3097 3112 3111
f 3097 3112 3113
f 3097 3113 3112
f 3097 3113 3114
f 3097 3114 3113
f 3097 3114 3115
f 3097 3115 3114
f 3097 3115 3116
f 3097 3116 3115
f 3097 3116 3117
f 3097 3117 3116
f 3097 3117 3118
f 3097 3118 3117
f 3097 3118 3119
f 3097 3119 3118
f 3097 3119 3120
f 3097 3120 3119
f 3097 3120 3121
f 3097 3121 3120
f 3097 3121 3122
f 3097 3122 3121
f 3097 3122 3123
f 3097 3123 3122
f 3097 3123 3124
f 3097 3124 3123
f 3097 3124 3125
f 3097 3125 3124
f 3097 3125 3126
f 3097 3126 3125
f 3097 3126 3127
f 3097 3127 3126
f 3097 3127 3128
f 3097 3128 3127
f 3097 3128 3129
f 3097 3129 3128
f 3097 3129 3130
f 3097 3130 3129
f 3097 3130 3131
f 3097 3131 3130
f 3097 3131 3132
f 3097 3132 3131
f 3097 3132 3133
f 3097 3133 3132
f 3097 3133 3134
f 3097 3134 3133
f 3097 3134 3135
f 3097 3135 3134
f 3097 3135 3136
f 3097 3136 3135
f 3097 3136 3137
f 3097 3137 3136
f 3097 3137 3138
f 3097 3138 3137
f 3097 3138 3139
f 3097 3139 3138
f 3097 3139 3140
f 3097 3140 3139
f 3097 3140 3141
f 3097 3141 3140
f 3097 3141 3142
f 3097 3142 3141
v -0.014779 0.558080 0.161109
v -0.019266 0.555924 0.162982
v -0.023145 0.552877 0.165895
v -0.026477 0.549028 0.169743
v -0.029369 0.544533 0.174342
v -0.031962 0.539598 0.179454
v -0.034420 0.534465 0.184798
v -0.036916 0.529389 0.190075
v -0.039624 0.524623 0.194990
v -0.042699 0.520396 0.199277
v -0.046271 0.516899 0.202715
v -0.050431 0.514264 0.205146
v -0.055227 0.512563 0.206490
v -0.060659 0.511795 0.206747
v -0.066679 0.511890 0.205997
v -0.073195 0.512715 0.204399
v -0.080079 0.514078 0.202172
v -0.087174 0.515752 0.199583
v -0.094308 0.517482 0.196928
v -0.101307 0.519015 0.194504
v -0.108007 0.520107 0.192592
v -0.114266 0.520554 0.191433
v -0.119979 0.520199 0.191209
v -0.125084 0.518952 0.192024
v -0.120597 0.521107 0.190151
v -0.116719 0.524155 0.187238
v -0.113386 0.528004 0.183391
v -0.110494 0.532499 0.178791
v -0.107901 0.537434 0.173679
v -0.105444 0.542567 0.168335
v -0.102947 0.547643 0.163059
v -0.100239 0.552409 0.158143
v -0.097164 0.556635 0.153856
v -0.093592 0.560133 0.150419
v -0.089432 0.562768 0.147987
v -0.084636 0.564469 0.146643
v -0.079205 0.565237 0.146386
v -0.073185 0.565141 0.147136
v -0.066668 0.564317 0.148735
v -0.059784 0.562953 0.150962
v -0.052689 0.561280 0.153550
v -0.045555 0.559549 0.156205
v -0.038556 0.558017 0.158629
v -0.031857 0.556924 0.160541
v -0.025597 0.556477 0.161700
v -0.019884 0.556832 0.161925
f 3143 3144 3145
f 3143 3145 3144
f 3143 3145 3146
f 3143 3146 3145
f 3143 3146 3147
f 3143 3147 3146
f 3143 3147 3148
f 3143 3148 3147
f 3143 3148 3149
f 3143 3149 3148
f 3143 3149 3150
f 3143 3150 3149
f 3143 3150 3151
f 3143 3151 3150
f 3143 3151 3152
f 3143 3152 3151
f 3143 3152 3153
f 3143 3153 3152
f 3143 3153 3154
f 3143 3154 3153
f 3143 3154 3155
f 3143 3155 3154
f 3143 3155 3156
f 3143 3156 3155
f 3143 3156 3157
f 3143 3157 3156
f 3143 3157 3158
f 3143 3158 3157
f 3143 3158 3159
f 3143 3159 3158
f 3143 3159 3160
f 3143 3160 3159
f 3143 3160 3161
f 3143 3161 3160
f 3143 3161 3162
f 3143 3162 3161
f 3143 3162 3163
f 3143 3163 3162
f 3143 3163 3164
f 3143 3164 3163
f 3143 3164 3165
f 3143 3165 3164
f 3143 3165 3166
f 3143 3166 3165
f 3143 3166 3167
f 3143 3167 3166
f 3143 3167 3168
f 3143 3168 3167
f 3143 3168 3169
f 3143 3169 3168
f 3143 3169 3170
f 3143 3170 3169
f 3143 3170 3171
f 3143 3171 3170
f 3143 3171 3172
f 3143 3172 3171
f 3143 3172 3173
f 3143 3173 3172
f 3143 3173 3174
f 3143 3174 3173
f 3143 3174 3175
f 3143 3175 3174
f 3143 3175 3176
f 3143 3176 3175
f 3143 3176 3177
f 3143 3177 3176
f 3143 3177 3178
f 3143 3178 3177
f 3143 3178 3179
f 3143 3179 3178
f 3143 3179 3180
f 3143 3180 3179
f 3143 3180 3181
f 3143 3181 3180
f 3143 3181 3182
f 3143 3182 3181
f 3143 3182 3183
f 3143 3183 3182
f 3143 3183 3184
f 3143 3184 3183
f 3143 3184 3185
f 3143 3185 3184
f 3143 3185 3186
f 3143 3186 3185
f 3143 3186 3187
f 3143 3187 3186
f 3143 3187 3188
f 3143 3188 3187
v -0.042194 0.512086 0.140963
v -0.037722 0.515457 0.142580
v -0.032540 0.517541 0.140908
v -0.028629 0.517541 0.136585
v -0.027482 0.515457 0.131262
v -0.029537 0.512086 0.126973
v -0.034010 0.508714 0.125356
v -0.039191 0.506630 0.127029
v -0.043103 0.506630 0.131352
v -0.044250 0.508714 0.136674
v -0.066692 0.558780 0.114728
v -0.063651 0.561073 0.115828
v -0.060127 0.562490 0.114691
v -0.057467 0.562490 0.111751
v -0.056687 0.561073 0.108132
v -0.058085 0.558780 0.105215
v -0.061127 0.556488 0.104116
v -0.064650 0.555071 0.105253
v -0.067310 0.555071 0.108193
v -0.068090 0.556488 0.111812
f 3189 3190 3200
f 3189 3200 3199
f 3190 3191 3201
f 3190 3201 3200
f 3191 3192 3202
f 3191 3202 3201
f 3192 3193 3203
f 3192 3203 3202
f 3193 3194 3204
f 3193 3204 3203
f 3194 3195 3205
f 3194 3205 3204
f 3195 3196 3206
f 3195 3206 3205
f 3196 3197 3207
f 3196 3207 3206
f 3197 3198 3208
f 3197 3208 3207
f 3198 3189 3199
f 3198 3199 3208
v -0.062389 0.558780 0.109972
v -0.063865 0.558415 0.115133
v -0.064892 0.558388 0.120458
v -0.065067 0.559005 0.126093
v -0.064136 0.560457 0.132130
v -0.062054 0.562778 0.138586
v -0.059005 0.565828 0.145393
v -0.055386 0.569309 0.152408
v -0.051740 0.572810 0.159432
v -0.048679 0.575870 0.166244
v -0.046776 0.578056 0.172635
v -0.046477 0.579030 0.178442
v -0.048027 0.578609 0.183577
v -0.051425 0.576793 0.188039
v -0.056427 0.573765 0.191918
v -0.062589 0.569863 0.195376
v -0.069334 0.565520 0.198621
v -0.076053 0.561196 0.201875
v -0.082200 0.557304 0.205338
v -0.087382 0.554141 0.209152
v -0.091413 0.551847 0.213384
v -0.094338 0.550388 0.218019
v -0.096410 0.549573 0.222963
v -0.098033 0.549096 0.228072
v -0.096556 0.549462 0.222910
v -0.095529 0.549489 0.217585
v -0.095354 0.548872 0.211951
v -0.096285 0.547420 0.205913
v -0.098368 0.545099 0.199458
v -0.101416 0.542049 0.192650
v -0.105036 0.538568 0.185635
v -0.108681 0.535067 0.178611
v -0.111743 0.532007 0.171799
v -0.113646 0.529821 0.165408
v -0.113944 0.528847 0.159602
v -0.112394 0.529268 0.154467
v -0.108997 0.531084 0.150004
v -0.103994 0.534112 0.146125
v -0.097833 0.538014 0.142668
v -0.091088 0.542357 0.139423
v -0.084369 0.546681 0.136168
v -0.078221 0.550573 0.132706
v -0.073039 0.553736 0.128892
v -0.069008 0.556030 0.124660
v -0.066084 0.557489 0.120025
v -0.064011 0.558304 0.115080
f 3209 3210 3211
f 3209 3211 3210
f 3209 3211 3212
f 3209 3212 3211
f 3209 3212 3213
f 3209 3213 3212
f 3209 3213 3214
f 3209 3214 3213
f 3209 3214 3215
f 3209 3215 3214
f 3209 3215 3216
f 3209 3216 3215
f 3209 3216 3217
f 3209 3217 3216
f 3209 3217 3218
f 3209 3218 3217
f 3209 3218 3219
f 3209 3219 3218
f 3209 3219 3220
f 3209 3220 3219
f 3209 3220 3221
f 3209 3221 3220
f 3209 3221 3222
f 3209 3222 3221
f 3209 3222 3223
f 3209 3223 3222
f 3209 3223 3224
f 3209 3224 3223
f 3209 3224 3225
f 3209 3225 3224
f 3209 3225 3226
f 3209 3226 3225
f 3209 3226 3227
f 3209 3227 3226
f 3209 3227 3228
f 3209 3228 3227
f 3209 3228 3229
f 3209 3229 3228
f 3209 3229 3230
f 3209 3230 3229
f 3209 3230 3231
f 3209 3231 3230
f 3209 3231 3232
f 3209 3232 3231
f 3209 3232 3233
f 3209 3233 3232
f 3209 3233 3234
f 3209 3234 3233
f 3209 3234 3235
f 3209 3235 3234
f 3209 3235 3236
f 3209 3236 3235
f 3209 3236 3237
f 3209 3237 3236
f 3209 3237 3238
f 3209 3238 3237
f 3209 3238 3239
f 3209 3239 3238
f 3209 3239 3240
f 3209 3240 3239
f 3209 3240 3241
f 3209 3241 3240
f 3209 3241 3242
f 3209 3242 3241
f 3209 3242 3243
f 3209 3243 3242
f 3209 3243 3244
f 3209 3244 3243
f 3209 3244 3245
f 3209 3245 3244
f 3209 3245 3246
f 3209 3246 3245
f 3209 3246 3247
f 3209 3247 3246
f 3209 3247 3248
f 3209 3248 3247
f 3209 3248 3249
f 3209 3249 3248
f 3209 3249 3250
f 3209 3250 3249
f 3209 3250 3251
f 3209 3251 3250
f 3209 3251 3252
f 3209 3252 3251
f 3209 3252 3253
f 3209 3253 3252
f 3209 3253 3254
f 3209 3254 3253
v -0.062389 0.558780 0.109972
v -0.060955 0.557178 0.107347
v -0.060240 0.555055 0.104500
v -0.060210 0.552433 0.101443
v -0.060754 0.549396 0.098209
v -0.061705 0.546062 0.094850
v -0.062858 0.542582 0.091429
v -0.063988 0.539119 0.088015
v -0.064871 0.535835 0.084677
v -0.065299 0.532881 0.081479
v -0.065100 0.530383 0.078473
v -0.064150 0.528430 0.075699
v -0.062385 0.527068 0.073176
v -0.059805 0.526299 0.070904
v -0.056474 0.526075 0.068863
v -0.052516 0.526306 0.067014
v -0.048103 0.526868 0.065306
v -0.043442 0.527609 0.063674
v -0.038760 0.528367 0.062049
v -0.034279 0.528978 0.060362
v -0.030205 0.529293 0.058549
v -0.026705 0.529192 0.056560
v -0.023890 0.528593 0.054360
v -0.021793 0.527473 0.051939
v -0.023227 0.529075 0.054564
v -0.023942 0.531199 0.057410
v -0.023971 0.533820 0.060468
v -0.023427 0.536858 0.063701
v -0.022477 0.540191 0.067060
v -0.021324 0.543671 0.070482
v -0.020194 0.547135 0.073896
v -0.019311 0.550419 0.077234
v -0.018883 0.553372 0.080432
v -0.019082 0.555871 0.083437
v -0.020032 0.557824 0.086211
v -0.021797 0.559185 0.088734
v -0.024377 0.559954 0.091007
v -0.027708 0.560178 0.093048
v -0.031666 0.559947 0.094896
v -0.036079 0.559385 0.096604
v -0.040739 0.558644 0.098237
v -0.045422 0.557886 0.099862
v -0.049903 0.557276 0.101549
v -0.053977 0.556960 0.103362
v -0.057477 0.557061 0.105351
v -0.060292 0.557660 0.107551
f 3255 3256 3257
f 3255 3257 3256
f 3255 3257 3258
f 3255 3258 3257
f 3255 3258 3259
f 3255 3259 3258
f 3255 3259 3260
f 3255 3260 3259
f 3255 3260 3261
f 3255 3261 3260
f 3255 3261 3262
f 3255 3262 3261
f 3255 3262 3263
f 3255 3263 3262
f 3255 3263 3264
f 3255 3264 3263
f 3255 3264 3265
f 3255 3265 3264
f 3255 3265 3266
f 3255 3266 3265
f 3255 3266 3267
f 3255 3267 3266
f 3255 3267 3268
f 3255 3268 3267
f 3255 3268 3269
f 3255 3269 3268
f 3255 3269 3270
f 3255 3270 3269
f 3255 3270 3271
f 3255 3271 3270
f 3255 3271 3272
f 3255 3272 3271
f 3255 3272 3273
f 3255 3273 3272
f 3255 3273 3274
f 3255 3274 3273
f 3255 3274 3275
f 3255 3275 3274
f 3255 3275 3276
f 3255 3276 3275
f 3255 3276 3277
f 3255 3277 3276
f 3255 3277 3278
f 3255 3278 3277
f 3255 3278 3279
f 3255 3279 3278
f 3255 3279 3280
f 3255 3280 3279
f 3255 3280 3281
f 3255 3281 3280
f 3255 3281 3282
f 3255 3282 3281
f 3255 3282 3283
f 3255 3283 3282
f 3255 3283 3284
f 3255 3284 3283
f 3255 3284 3285
f 3255 3285 3284
f 3255 3285 3286
f 3255 3286 3285
f 3255 3286 3287
f 3255 3287 3286
f 3255 3287 3288
f 3255 3288 3287
f 3255 3288 3289
f 3255 3289 3288
f 3255 3289 3290
f 3255 3290 3289
f 3255 3290 3291
f 3255 3291 3290
f 3255 3291 3292
f 3255 3292 3291
f 3255 3292 3293
f 3255 3293 3292
f 3255 3293 3294
f 3255 3294 3293
f 3255 3294 3295
f 3255 3295 3294
f 3255 3295 3296
f 3255 3296 3295
f 3255 3296 3297
f 3255 3297 3296
f 3255 3297 3298
f 3255 3298 3297
f 3255 3298 3299
f 3255 3299 3298
f 3255 3299 3300
f 3255 3300 3299
v -0.000815 0.300000 -0.020384
v -0.010607 0.306684 -0.016093
v -0.016347 0.310814 -0.005655
v -0.015843 0.310814 0.006943
v -0.009288 0.306684 0.016889
v 0.000815 0.300000 0.020384
v 0.010607 0.293316 0.016093
v 0.016347 0.289186 0.005655
v 0.015843 0.289186 -0.006943
v 0.009288 0.293316 -0.016889
v 0.100081 0.450015 -0.017886
v 0.093423 0.454560 -0.014968
v 0.089520 0.457369 -0.007871
v 0.089862 0.457369 0.000696
v 0.094320 0.454560 0.007459
v 0.101190 0.450015 0.009836
v 0.107849 0.445470 0.006918
v 0.111752 0.442661 -0.000180
v 0.111409 0.442661 -0.008746
v 0.106951 0.445470 -0.015510
f 3301 3302 3312
f 3301 3312 3311
f 3302 3303 3313
f 3302 3313 3312
f 3303 3304 3314
f 3303 3314 3313
f 3304 3305 3315
f 3304 3315 3314
f 3305 3306 3316
f 3305 3316 3315
f 3306 3307 3317
f 3306 3317 3316
f 3307 3308 3318
f 3307 3318 3317
f 3308 3309 3319
f 3308 3319 3318
f 3309 3310 3320
f 3309 3320 3319
f 3310 3301 3311
f 3310 3311 3320
v 0.099842 0.450015 -0.017875
v 0.098195 0.457967 -0.015127
v 0.097479 0.462882 -0.008138
v 0.097970 0.462882 0.000421
v 0.099478 0.457967 0.007282
v 0.101429 0.450015 0.009824
v 0.103077 0.442063 0.007076
v 0.103792 0.437149 0.000088
v 0.103302 0.437149 -0.008472
v 0.101793 0.442063 -0.015333
v 0.211734 0.475359 -0.019839
v 0.210613 0.480767 -0.017970
v 0.210127 0.484109 -0.013218
v 0.210460 0.484109 -0.007397
v 0.211486 0.480767 -0.002732
v 0.212813 0.475359 -0.001004
v 0.213933 0.469952 -0.002872
v 0.214420 0.466610 -0.007624
v 0.214086 0.466610 -0.013445
v 0.213060 0.469952 -0.018110
f 3321 3322 3332
f 3321 3332 3331
f 3322 3323 3333
f 3322 3333 3332
f 3323 3324 3334
f 3323 3334 3333
f 3324 3325 3335
f 3324 3335 3334
f 3325 3326 3336
f 3325 3336 3335
f 3326 3327 3337
f 3326 3337 3336
f 3327 3328 3338
f 3327 3338 3337
f 3328 3329 3339
f 3328 3339 3338
f 3329 3330 3340
f 3329 3340 3339
f 3330 3321 3331
f 3330 3331 3340
v 0.212273 0.475359 -0.010421
v 0.211608 0.474324 -0.014087
v 0.210831 0.473750 -0.017874
v 0.209860 0.473974 -0.021873
v 0.208652 0.475180 -0.026131
v 0.207208 0.477362 -0.030648
v 0.205574 0.480326 -0.035371
v 0.203837 0.483717 -0.040208
v 0.202108 0.487072 -0.045035
v 0.200511 0.489885 -0.049718
v 0.199158 0.491690 -0.054135
v 0.198135 0.492129 -0.058191
v 0.197490 0.491009 -0.061834
v 0.197223 0.488330 -0.065064
v 0.197287 0.484285 -0.067933
v 0.197594 0.479232 -0.070536
v 0.198033 0.473637 -0.072995
v 0.198481 0.468006 -0.075444
v 0.198825 0.462801 -0.078007
v 0.198980 0.458380 -0.080776
v 0.198899 0.454934 -0.083804
v 0.198579 0.452469 -0.087091
v 0.198067 0.450804 -0.090590
v 0.197442 0.449599 -0.094210
v 0.198108 0.450634 -0.090545
v 0.198885 0.451208 -0.086757
v 0.199855 0.450984 -0.082759
v 0.201063 0.449778 -0.078500
v 0.202508 0.447596 -0.073984
v 0.204142 0.444632 -0.069260
v 0.205879 0.441241 -0.064423
v 0.207607 0.437886 -0.059597
v 0.209205 0.435073 -0.054913
v 0.210558 0.433268 -0.050496
v 0.211580 0.432829 -0.046440
v 0.212225 0.433949 -0.042797
v 0.212492 0.436628 -0.039567
v 0.212429 0.440673 -0.036698
v 0.212121 0.445726 -0.034096
v 0.211682 0.451321 -0.031636
v 0.211235 0.456952 -0.029187
v 0.210890 0.462157 -0.026625
v 0.210735 0.466578 -0.023855
v 0.210817 0.470024 -0.020827
v 0.211136 0.472489 -0.017540
v 0.211649 0.474154 -0.014042
f 3341 3342 3343
f 3341 3343 3342
f 3341 3343 3344
f 3341 3344 3343
f 3341 3344 3345
f 3341 3345 3344
f 3341 3345 3346
f 3341 3346 3345
f 3341 3346 3347
f 3341 3347 3346
f 3341 3347 3348
f 3341 3348 3347
f 3341 3348 3349
f 3341 3349 3348
f 3341 3349 3350
f 3341 3350 3349
f 3341 3350 3351
f 3341 3351 3350
f 3341 3351 3352
f 3341 3352 3351
f 3341 3352 3353
f 3341 3353 3352
f 3341 3353 3354
f 3341 3354 3353
f 3341 3354 3355
f 3341 3355 3354
f 3341 3355 3356
f 3341 3356 3355
f 3341 3356 3357
f 3341 3357 3356
f 3341 3357 3358
f 3341 3358 3357
f 3341 3358 3359
f 3341 3359 3358
f 3341 3359 3360
f 3341 3360 3359
f 3341 3360 3361
f 3341 3361 3360
f 3341 3361 3362
f 3341 3362 3361
f 3341 3362 3363
f 3341 3363 3362
f 3341 3363 3364
f 3341 3364 3363
f 3341 3364 3365
f 3341 3365 3364
f 3341 3365 3366
f 3341 3366 3365
f 3341 3366 3367
f 3341 3367 3366
f 3341 3367 3368
f 3341 3368 3367
f 3341 3368 3369
f 3341 3369 3368
f 3341 3369 3370
f 3341 3370 3369
f 3341 3370 3371
f 3341 3371 3370
f 3341 3371 3372
f 3341 3372 3371
f 3341 3372 3373
f 3341 3373 3372
f 3341 3373 3374
f 3341 3374 3373
f 3341 3374 3375
f 3341 3375 3374
f 3341 3375 3376
f 3341 3376 3375
f 3341 3376 3377
f 3341 3377 3376
f 3341 3377 3378
f 3341 3378 3377
f 3341 3378 3379
f 3341 3379 3378
f 3341 3379 3380
f 3341 3380 3379
f 3341 3380 3381
f 3341 3381 3380
f 3341 3381 3382
f 3341 3382 3381
f 3341 3382 3383
f 3341 3383 3382
f 3341 3383 3384
f 3341 3384 3383
f 3341 3384 3385
f 3341 3385 3384
f 3341 3385 3386
f 3341 3386 3385
v 0.212273 0.475359 -0.010421
v 0.209599 0.478934 -0.008014
v 0.207068 0.482101 -0.004732
v 0.204723 0.484733 -0.000306
v 0.202570 0.486819 0.005295
v 0.200581 0.488435 0.011902
v 0.198704 0.489734 0.019191
v 0.196866 0.490919 0.026722
v 0.194986 0.492224 0.033998
v 0.192984 0.493878 0.040524
v 0.190789 0.496084 0.045867
v 0.188348 0.498991 0.049705
v 0.185634 0.502680 0.051867
v 0.182647 0.507149 0.052354
v 0.179414 0.512320 0.051337
v 0.175988 0.518044 0.049136
v 0.172440 0.524116 0.046184
v 0.168851 0.530308 0.042979
v 0.165300 0.536386 0.040015
v 0.161861 0.542147 0.037732
v 0.158587 0.547439 0.036457
v 0.155503 0.552183 0.036355
v 0.152607 0.556393 0.037399
v 0.149853 0.560196 0.039316
v 0.152527 0.556622 0.036909
v 0.155058 0.553455 0.033628
v 0.157403 0.550822 0.029201
v 0.159556 0.548736 0.023601
v 0.161545 0.547120 0.016993
v 0.163422 0.545822 0.009704
v 0.165260 0.544636 0.002173
v 0.167140 0.543332 -0.005103
v 0.169142 0.541678 -0.011629
v 0.171337 0.539472 -0.016971
v 0.173778 0.536564 -0.020809
v 0.176492 0.532876 -0.022972
v 0.179479 0.528406 -0.023459
v 0.182712 0.523235 -0.022441
v 0.186138 0.517512 -0.020240
v 0.189686 0.511439 -0.017289
v 0.193275 0.505247 -0.014083
v 0.196826 0.499169 -0.011119
v 0.200265 0.493408 -0.008837
v 0.203540 0.488116 -0.007562
v 0.206623 0.483372 -0.007460
v 0.209519 0.479162 -0.008504
f 3387 3388 3389
f 3387 3389 3388
f 3387 3389 3390
f 3387 3390 3389
f 3387 3390 3391
f 3387 3391 3390
f 3387 3391 3392
f 3387 3392 3391
f 3387 3392 3393
f 3387 3393 3392
f 3387 3393 3394
f 3387 3394 3393
f 3387 3394 3395
f 3387 3395 3394
f 3387 3395 3396
f 3387 3396 3395
f 3387 3396 3397
f 3387 3397 3396
f 3387 3397 3398
f 3387 3398 3397
f 3387 3398 3399
f 3387 3399 3398
f 3387 3399 3400
f 3387 3400 3399
f 3387 3400 3401
f 3387 3401 3400
f 3387 3401 3402
f 3387 3402 3401
f 3387 3402 3403
f 3387 3403 3402
f 3387 3403 3404
f 3387 3404 3403
f 3387 3404 3405
f 3387 3405 3404
f 3387 3405 3406
f 3387 3406 3405
f 3387 3406 3407
f 3387 3407 3406
f 3387 3407 3408
f 3387 3408 3407
f 3387 3408 3409
f 3387 3409 3408
f 3387 3409 3410
f 3387 3410 3409
f 3387 3410 3411
f 3387 3411 3410
f 3387 3411 3412
f 3387 3412 3411
f 3387 3412 3413
f 3387 3413 3412
f 3387 3413 3414
f 3387 3414 3413
f 3387 3414 3415
f 3387 3415 3414
f 3387 3415 3416
f 3387 3416 3415
f 3387 3416 3417
f 3387 3417 3416
f 3387 3417 3418
f 3387 3418 3417
f 3387 3418 3419
f 3387 3419 3418
f 3387 3419 3420
f 3387 3420 3419
f 3387 3420 3421
f 3387 3421 3420
f 3387 3421 3422
f 3387 3422 3421
f 3387 3422 3423
f 3387 3423 3422
f 3387 3423 3424
f 3387 3424 3423
f 3387 3424 3425
f 3387 3425 3424
f 3387 3425 3426
f 3387 3426 3425
f 3387 3426 3427
f 3387 3427 3426
f 3387 3427 3428
f 3387 3428 3427
f 3387 3428 3429
f 3387 3429 3428
f 3387 3429 3430
f 3387 3430 3429
f 3387 3430 3431
f 3387 3431 3430
f 3387 3431 3432
f 3387 3432 3431
v 0.212273 0.475359 -0.010421
v 0.211641 0.470906 -0.007287
v 0.211136 0.465658 -0.005089
v 0.210776 0.459497 -0.003968
v 0.210554 0.452473 -0.003863
v 0.210441 0.444763 -0.004569
v 0.210395 0.436633 -0.005769
v 0.210364 0.428410 -0.007078
v 0.210292 0.420446 -0.008082
v 0.210125 0.413078 -0.008385
v 0.209816 0.406594 -0.007644
v 0.209333 0.401206 -0.005611
v 0.208658 0.397025 -0.002156
v 0.207790 0.394050 0.002722
v 0.206747 0.392172 0.008892
v 0.205563 0.391178 0.016105
v 0.204284 0.390779 0.024020
v 0.202964 0.390639 0.032239
v 0.201659 0.390407 0.040350
v 0.200421 0.389755 0.047966
v 0.199292 0.388415 0.054771
v 0.198300 0.386215 0.060561
v 0.197455 0.383100 0.065274
v 0.196736 0.379191 0.069050
v 0.197368 0.383644 0.065916
v 0.197873 0.388892 0.063718
v 0.198233 0.395053 0.062597
v 0.198455 0.402077 0.062493
v 0.198568 0.409787 0.063198
v 0.198614 0.417917 0.064398
v 0.198645 0.426140 0.065707
v 0.198717 0.434104 0.066711
v 0.198884 0.441472 0.067014
v 0.199193 0.447956 0.066273
v 0.199676 0.453344 0.064240
v 0.200351 0.457525 0.060785
v 0.201219 0.460500 0.055907
v 0.202262 0.462378 0.049737
v 0.203446 0.463372 0.042524
v 0.204725 0.463771 0.034609
v 0.206045 0.463911 0.026390
v 0.207350 0.464143 0.018279
v 0.208588 0.464795 0.010663
v 0.209717 0.466135 0.003858
v 0.210709 0.468335 -0.001932
v 0.211554 0.471450 -0.006645
f 3433 3434 3435
f 3433 3435 3434
f 3433 3435 3436
f 3433 3436 3435
f 3433 3436 3437
f 3433 3437 3436
f 3433 3437 3438
f 3433 3438 3437
f 3433 3438 3439
f 3433 3439 3438
f 3433 3439 3440
f 3433 3440 3439
f 3433 3440 3441
f 3433 3441 3440
f 3433 3441 3442
f 3433 3442 3441
f 3433 3442 3443
f 3433 3443 3442
f 3433 3443 3444
f 3433 3444 3443
f 3433 3444 3445
f 3433 3445 3444
f 3433 3445 3446
f 3433 3446 3445
f 3433 3446 3447
f 3433 3447 3446
f 3433 3447 3448
f 3433 3448 3447
f 3433 3448 3449
f 3433 3449 3448
f 3433 3449 3450
f 3433 3450 3449
f 3433 3450 3451
f 3433 3451 3450
f 3433 3451 3452
f 3433 3452 3451
f 3433 3452 3453
f 3433 3453 3452
f 3433 3453 3454
f 3433 3454 3453
f 3433 3454 3455
f 3433 3455 3454
f 3433 3455 3456
f 3433 3456 3455
f 3433 3456 3457
f 3433 3457 3456
f 3433 3457 3458
f 3433 3458 3457
f 3433 3458 3459
f 3433 3459 3458
f 3433 3459 3460
f 3433 3460 3459
f 3433 3460 3461
f 3433 3461 3460
f 3433 3461 3462
f 3433 3462 3461
f 3433 3462 3463
f 3433 3463 3462
f 3433 3463 3464
f 3433 3464 3463
f 3433 3464 3465
f 3433 3465 3464
f 3433 3465 3466
f 3433 3466 3465
f 3433 3466 3467
f 3433 3467 3466
f 3433 3467 3468
f 3433 3468 3467
f 3433 3468 3469
f 3433 3469 3468
f 3433 3469 3470
f 3433 3470 3469
f 3433 3470 3471
f 3433 3471 3470
f 3433 3471 3472
f 3433 3472 3471
f 3433 3472 3473
f 3433 3473 3472
f 3433 3473 3474
f 3433 3474 3473
f 3433 3474 3475
f 3433 3475 3474
f 3433 3475 3476
f 3433 3476 3475
f 3433 3476 3477
f 3433 3477 3476
f 3433 3477 3478
f 3433 3478 3477
v 0.211853 0.475359 -0.019845
v 0.213387 0.480709 -0.018110
v 0.214496 0.484016 -0.013438
v 0.214755 0.484016 -0.007614
v 0.214067 0.480709 -0.002862
v 0.212694 0.475359 -0.000998
v 0.211159 0.470009 -0.002732
v 0.210051 0.466702 -0.007404
v 0.209791 0.466702 -0.013228
v 0.210479 0.470009 -0.017980
v 0.280114 0.456811 -0.019868
v 0.281157 0.460449 -0.018689
v 0.281911 0.462697 -0.015512
v 0.282087 0.462697 -0.011551
v 0.281619 0.460449 -0.008320
v 0.280685 0.456811 -0.007052
v 0.279642 0.453172 -0.008232
v 0.278888 0.450924 -0.011409
v 0.278711 0.450924 -0.015369
v 0.279180 0.453172 -0.018600
f 3479 3480 3490
f 3479 3490 3489
f 3480 3481 3491
f 3480 3491 3490
f 3481 3482 3492
f 3481 3492 3491
f 3482 3483 3493
f 3482 3493 3492
f 3483 3484 3494
f 3483 3494 3493
f 3484 3485 3495
f 3484 3495 3494
f 3485 3486 3496
f 3485 3496 3495
f 3486 3487 3497
f 3486 3497 3496
f 3487 3488 3498
f 3487 3498 3497
f 3488 3479 3489
f 3488 3489 3498
v 0.280399 0.456811 -0.013460
v 0.277773 0.457186 -0.018244
v 0.275373 0.458410 -0.023124
v 0.273310 0.460895 -0.028146
v 0.271620 0.464778 -0.033326
v 0.270274 0.469944 -0.038650
v 0.269179 0.476052 -0.044082
v 0.268198 0.482585 -0.049561
v 0.267164 0.488923 -0.055018
v 0.265908 0.494426 -0.060381
v 0.264274 0.498518 -0.065585
v 0.262149 0.500769 -0.070580
v 0.259469 0.500947 -0.075342
v 0.256236 0.499053 -0.079869
v 0.252510 0.495317 -0.084188
v 0.248408 0.490171 -0.088349
v 0.244082 0.484189 -0.092414
v 0.239705 0.478013 -0.096458
v 0.235441 0.472261 -0.100550
v 0.231428 0.467451 -0.104748
v 0.227759 0.463924 -0.109091
v 0.224463 0.461796 -0.113592
v 0.221504 0.460929 -0.118235
v 0.218772 0.460910 -0.122974
v 0.221398 0.460534 -0.118191
v 0.223799 0.459310 -0.113311
v 0.225862 0.456826 -0.108289
v 0.227551 0.452942 -0.103109
v 0.228898 0.447776 -0.097784
v 0.229992 0.441668 -0.092353
v 0.230974 0.435135 -0.086874
v 0.232007 0.428797 -0.081416
v 0.233264 0.423295 -0.076054
v 0.234897 0.419202 -0.070850
v 0.237023 0.416951 -0.065854
v 0.239702 0.416773 -0.061093
v 0.242935 0.418667 -0.056566
v 0.246661 0.422403 -0.052246
v 0.250763 0.427549 -0.048086
v 0.255089 0.433531 -0.044020
v 0.259466 0.439708 -0.039977
v 0.263731 0.445459 -0.035885
v 0.267743 0.450269 -0.031687
v 0.271413 0.453796 -0.027344
v 0.274708 0.455924 -0.022843
v 0.277667 0.456791 -0.018199
f 3499 3500 3501
f 3499 3501 3500
f 3499 3501 3502
f 3499 3502 3501
f 3499 3502 3503
f 3499 3503 3502
f 3499 3503 3504
f 3499 3504 3503
f 3499 3504 3505
f 3499 3505 3504
f 3499 3505 3506
f 3499 3506 3505
f 3499 3506 3507
f 3499 3507 3506
f 3499 3507 3508
f 3499 3508 3507
f 3499 3508 3509
f 3499 3509 3508
f 3499 3509 3510
f 3499 3510 3509
f 3499 3510 3511
f 3499 3511 3510
f 3499 3511 3512
f 3499 3512 3511
f 3499 3512 3513
f 3499 3513 3512
f 3499 3513 3514
f 3499 3514 3513
f 3499 3514 3515
f 3499 3515 3514
f 3499 3515 3516
f 3499 3516 3515
f 3499 3516 3517
f 3499 3517 3516
f 3499 3517 3518
f 3499 3518 3517
f 3499 3518 3519
f 3499 3519 3518
f 3499 3519 3520
f 3499 3520 3519
f 3499 3520 3521
f 3499 3521 3520
f 3499 3521 3522
f 3499 3522 3521
f 3499 3522 3523
f 3499 3523 3522
f 3499 3523 3524
f 3499 3524 3523
f 3499 3524 3525
f 3499 3525 3524
f 3499 3525 3526
f 3499 3526 3525
f 3499 3526 3527
f 3499 3527 3526
f 3499 3527 3528
f 3499 3528 3527
f 3499 3528 3529
f 3499 3529 3528
f 3499 3529 3530
f 3499 3530 3529
f 3499 3530 3531
f 3499 3531 3530
f 3499 3531 3532
f 3499 3532 3531
f 3499 3532 3533
f 3499 3533 3532
f 3499 3533 3534
f 3499 3534 3533
f 3499 3534 3535
f 3499 3535 3534
f 3499 3535 3536
f 3499 3536 3535
f 3499 3536 3537
f 3499 3537 3536
f 3499 3537 3538
f 3499 3538 3537
f 3499 3538 3539
f 3499 3539 3538
f 3499 3539 3540
f 3499 3540 3539
f 3499 3540 3541
f 3499 3541 3540
f 3499 3541 3542
f 3499 3542 3541
f 3499 3542 3543
f 3499 3543 3542
f 3499 3543 3544
f 3499 3544 3543
v 0.280399 0.456811 -0.013460
v 0.280321 0.459499 -0.010131
v 0.280068 0.461426 -0.006042
v 0.279639 0.462575 -0.001179
v 0.279055 0.463045 0.004361
v 0.278356 0.463012 0.010402
v 0.277596 0.462707 0.016714
v 0.276833 0.462392 0.023035
v 0.276129 0.462336 0.029099
v 0.275541 0.462791 0.034654
v 0.275118 0.463968 0.039489
v 0.274894 0.466019 0.043454
v 0.274888 0.469024 0.046469
v 0.275098 0.472982 0.048534
v 0.275508 0.477815 0.049727
v 0.276082 0.483369 0.050202
v 0.276773 0.489434 0.050168
v 0.277523 0.495759 0.049876
v 0.278270 0.502073 0.049593
v 0.278956 0.508116 0.049582
v 0.279527 0.513655 0.050072
v 0.279943 0.518515 0.051238
v 0.280182 0.522598 0.053179
v 0.280247 0.525919 0.055879
v 0.280326 0.523230 0.052549
v 0.280578 0.521304 0.048460
v 0.281007 0.520155 0.043597
v 0.281591 0.519685 0.038058
v 0.282290 0.519717 0.032017
v 0.283051 0.520023 0.025705
v 0.283814 0.520338 0.019383
v 0.284518 0.520393 0.013320
v 0.285105 0.519938 0.007765
v 0.285528 0.518762 0.002929
v 0.285752 0.516711 -0.001036
v 0.285759 0.513706 -0.004050
v 0.285548 0.509747 -0.006115
v 0.285138 0.504915 -0.007309
v 0.284564 0.499360 -0.007783
v 0.283873 0.493295 -0.007749
v 0.283124 0.486971 -0.007457
v 0.282376 0.480656 -0.007175
v 0.281691 0.474614 -0.007164
v 0.281120 0.469075 -0.007654
v 0.280704 0.464214 -0.008820
v 0.280465 0.460131 -0.010760
f 3545 3546 3547
f 3545 3547 3546
f 3545 3547 3548
f 3545 3548 3547
f 3545 3548 3549
f 3545 3549 3548
f 3545 3549 3550
f 3545 3550 3549
f 3545 3550 3551
f 3545 3551 3550
f 3545 3551 3552
f 3545 3552 3551
f 3545 3552 3553
f 3545 3553 3552
f 3545 3553 3554
f 3545 3554 3553
f 3545 3554 3555
f 3545 3555 3554
f 3545 3555 3556
f 3545 3556 3555
f 3545 3556 3557
f 3545 3557 3556
f 3545 3557 3558
f 3545 3558 3557
f 3545 3558 3559
f 3545 3559 3558
f 3545 3559 3560
f 3545 3560 3559
f 3545 3560 3561
f 3545 3561 3560
f 3545 3561 3562
f 3545 3562 3561
f 3545 3562 3563
f 3545 3563 3562
f 3545 3563 3564
f 3545 3564 3563
f 3545 3564 3565
f 3545 3565 3564
f 3545 3565 3566
f 3545 3566 3565
f 3545 3566 3567
f 3545 3567 3566
f 3545 3567 3568
f 3545 3568 3567
f 3545 3568 3569
f 3545 3569 3568
f 3545 3569 3570
f 3545 3570 3569
f 3545 3570 3571
f 3545 3571 3570
f 3545 3571 3572
f 3545 3572 3571
f 3545 3572 3573
f 3545 3573 3572
f 3545 3573 3574
f 3545 3574 3573
f 3545 3574 3575
f 3545 3575 3574
f 3545 3575 3576
f 3545 3576 3575
f 3545 3576 3577
f 3545 3577 3576
f 3545 3577 3578
f 3545 3578 3577
f 3545 3578 3579
f 3545 3579 3578
f 3545 3579 3580
f 3545 3580 3579
f 3545 3580 3581
f 3545 3581 3580
f 3545 3581 3582
f 3545 3582 3581
f 3545 3582 3583
f 3545 3583 3582
f 3545 3583 3584
f 3545 3584 3583
f 3545 3584 3585
f 3545 3585 3584
f 3545 3585 3586
f 3545 3586 3585
f 3545 3586 3587
f 3545 3587 3586
f 3545 3587 3588
f 3545 3588 3587
f 3545 3588 3589
f 3545 3589 3588
f 3545 3589 3590
f 3545 3590 3589
v 0.280399 0.456811 -0.013460
v 0.277062 0.452984 -0.013020
v 0.273589 0.448886 -0.013929
v 0.269990 0.444531 -0.016115
v 0.266285 0.439961 -0.019365
v 0.262506 0.435240 -0.023364
v 0.258690 0.430445 -0.027732
v 0.254878 0.425659 -0.032051
v 0.251113 0.420968 -0.035904
v 0.247433 0.416447 -0.038909
v 0.243868 0.412162 -0.040747
v 0.240443 0.408158 -0.041189
v 0.237168 0.404459 -0.040118
v 0.234043 0.401065 -0.037533
v 0.231058 0.397952 -0.033553
v 0.228188 0.395075 -0.028405
v 0.225403 0.392368 -0.022409
v 0.222664 0.389756 -0.015947
v 0.219930 0.387153 -0.009437
v 0.217159 0.384476 -0.003295
v 0.214314 0.381647 0.002096
v 0.211363 0.378605 0.006425
v 0.208285 0.375305 0.009477
v 0.205073 0.371733 0.011179
v 0.208411 0.375559 0.010739
v 0.211883 0.379658 0.011648
v 0.215482 0.384013 0.013835
v 0.219187 0.388583 0.017084
v 0.222966 0.393304 0.021083
v 0.226782 0.398099 0.025451
v 0.230594 0.402884 0.029770
v 0.234359 0.407576 0.033624
v 0.238039 0.412096 0.036628
v 0.241604 0.416382 0.038466
v 0.245029 0.420386 0.038908
v 0.248305 0.424085 0.037837
v 0.251429 0.427479 0.035252
v 0.254415 0.430591 0.031272
v 0.257284 0.433469 0.026124
v 0.260069 0.436175 0.020128
v 0.262808 0.438788 0.013667
v 0.265542 0.441391 0.007156
v 0.268313 0.444068 0.001015
v 0.271158 0.446896 -0.004377
v 0.274109 0.449939 -0.008706
v 0.277187 0.453239 -0.011758
f 3591 3592 3593
f 3591 3593 3592
f 3591 3593 3594
f 3591 3594 3593
f 3591 3594 3595
f 3591 3595 3594
f 3591 3595 3596
f 3591 3596 3595
f 3591 3596 3597
f 3591 3597 3596
f 3591 3597 3598
f 3591 3598 3597
f 3591 3598 3599
f 3591 3599 3598
f 3591 3599 3600
f 3591 3600 3599
f 3591 3600 3601
f 3591 3601 3600
f 3591 3601 3602
f 3591 3602 3601
f 3591 3602 3603
f 3591 3603 3602
f 3591 3603 3604
f 3591 3604 3603
f 3591 3604 3605
f 3591 3605 3604
f 3591 3605 3606
f 3591 3606 3605
f 3591 3606 3607
f 3591 3607 3606
f 3591 3607 3608
f 3591 3608 3607
f 3591 3608 3609
f 3591 3609 3608
f 3591 3609 3610
f 3591 3610 3609
f 3591 3610 3611
f 3591 3611 3610
f 3591 3611 3612
f 3591 3612 3611
f 3591 3612 3613
f 3591 3613 3612
f 3591 3613 3614
f 3591 3614 3613
f 3591 3614 3615
f 3591 3615 3614
f 3591 3615 3616
f 3591 3616 3615
f 3591 3616 3617
f 3591 3617 3616
f 3591 3617 3618
f 3591 3618 3617
f 3591 3618 3619
f 3591 3619 3618
f 3591 3619 3620
f 3591 3620 3619
f 3591 3620 3621
f 3591 3621 3620
f 3591 3621 3622
f 3591 3622 3621
f 3591 3622 3623
f 3591 3623 3622
f 3591 3623 3624
f 3591 3624 3623
f 3591 3624 3625
f 3591 3625 3624
f 3591 3625 3626
f 3591 3626 3625
f 3591 3626 3627
f 3591 3627 3626
f 3591 3627 3628
f 3591 3628 3627
f 3591 3628 3629
f 3591 3629 3628
f 3591 3629 3630
f 3591 3630 3629
f 3591 3630 3631
f 3591 3631 3630
f 3591 3631 3632
f 3591 3632 3631
f 3591 3632 3633
f 3591 3633 3632
f 3591 3633 3634
f 3591 3634 3633
f 3591 3634 3635
f 3591 3635 3634
f 3591 3635 3636
f 3591 3636 3635
v 0.204673 0.475359 -0.016009
v 0.204283 0.479950 -0.012436
v 0.206945 0.482787 -0.008094
v 0.211642 0.482787 -0.004641
v 0.216580 0.479950 -0.003396
v 0.219873 0.475359 -0.004834
v 0.220263 0.470769 -0.008406
v 0.217602 0.467931 -0.012748
v 0.212905 0.467931 -0.016201
v 0.207966 0.470769 -0.017447
v 0.242221 0.515514 -0.061985
v 0.241956 0.518635 -0.059556
v 0.243766 0.520565 -0.056603
v 0.246960 0.520565 -0.054255
v 0.250318 0.518635 -0.053408
v 0.252557 0.515514 -0.054386
v 0.252823 0.512392 -0.056815
v 0.251013 0.510463 -0.059768
v 0.247819 0.510463 -0.062116
v 0.244461 0.512392 -0.062963
f 3637 3638 3648
f 3637 3648 3647
f 3638 3639 3649
f 3638 3649 3648
f 3639 3640 3650
f 3639 3650 3649
f 3640 3641 3651
f 3640 3651 3650
f 3641 3642 3652
f 3641 3652 3651
f 3642 3643 3653
f 3642 3653 3652
f 3643 3644 3654
f 3643 3654 3653
f 3644 3645 3655
f 3644 3655 3654
f 3645 3646 3656
f 3645 3656 3655
f 3646 3637 3647
f 3646 3647 3656
v 0.247389 0.515514 -0.058186
v 0.243658 0.515176 -0.058266
v 0.239868 0.515250 -0.058042
v 0.235984 0.516004 -0.057318
v 0.231985 0.517564 -0.055999
v 0.227877 0.519906 -0.054102
v 0.223683 0.522860 -0.051756
v 0.219445 0.526129 -0.049176
v 0.215215 0.529341 -0.046639
v 0.211049 0.532096 -0.044439
v 0.206998 0.534029 -0.042845
v 0.203102 0.534861 -0.042062
v 0.199382 0.534442 -0.042203
v 0.195838 0.532772 -0.043266
v 0.192448 0.530000 -0.045140
v 0.189174 0.526407 -0.047621
v 0.185964 0.522357 -0.050439
v 0.182762 0.518249 -0.053299
v 0.179516 0.514457 -0.055926
v 0.176184 0.511276 -0.058103
v 0.172742 0.508877 -0.059703
v 0.169187 0.507285 -0.060708
v 0.165536 0.506373 -0.061212
v 0.161827 0.505872 -0.061413
v 0.165559 0.506210 -0.061333
v 0.169348 0.506136 -0.061556
v 0.173233 0.505383 -0.062280
v 0.177231 0.503822 -0.063600
v 0.181339 0.501480 -0.065496
v 0.185533 0.498526 -0.067842
v 0.189772 0.495257 -0.070422
v 0.194002 0.492045 -0.072959
v 0.198168 0.489290 -0.075160
v 0.202218 0.487357 -0.076754
v 0.206114 0.486525 -0.077536
v 0.209834 0.486944 -0.077396
v 0.213379 0.488615 -0.076333
v 0.216768 0.491386 -0.074458
v 0.220043 0.494979 -0.071977
v 0.223252 0.499029 -0.069159
v 0.226454 0.503137 -0.066299
v 0.229701 0.506929 -0.063672
v 0.233033 0.510110 -0.061495
v 0.236475 0.512509 -0.059895
v 0.240030 0.514101 -0.058890
v 0.243681 0.515013 -0.058386
f 3657 3658 3659
f 3657 3659 3658
f 3657 3659 3660
f 3657 3660 3659
f 3657 3660 3661
f 3657 3661 3660
f 3657 3661 3662
f 3657 3662 3661
f 3657 3662 3663
f 3657 3663 3662
f 3657 3663 3664
f 3657 3664 3663
f 3657 3664 3665
f 3657 3665 3664
f 3657 3665 3666
f 3657 3666 3665
f 3657 3666 3667
f 3657 3667 3666
f 3657 3667 3668
f 3657 3668 3667
f 3657 3668 3669
f 3657 3669 3668
f 3657 3669 3670
f 3657 3670 3669
f 3657 3670 3671
f 3657 3671 3670
f 3657 3671 3672
f 3657 3672 3671
f 3657 3672 3673
f 3657 3673 3672
f 3657 3673 3674
f 3657 3674 3673
f 3657 3674 3675
f 3657 3675 3674
f 3657 3675 3676
f 3657 3676 3675
f 3657 3676 3677
f 3657 3677 3676
f 3657 3677 3678
f 3657 3678 3677
f 3657 3678 3679
f 3657 3679 3678
f 3657 3679 3680
f 3657 3680 3679
f 3657 3680 3681
f 3657 3681 3680
f 3657 3681 3682
f 3657 3682 3681
f 3657 3682 3683
f 3657 3683 3682
f 3657 3683 3684
f 3657 3684 3683
f 3657 3684 3685
f 3657 3685 3684
f 3657 3685 3686
f 3657 3686 3685
f 3657 3686 3687
f 3657 3687 3686
f 3657 3687 3688
f 3657 3688 3687
f 3657 3688 3689
f 3657 3689 3688
f 3657 3689 3690
f 3657 3690 3689
f 3657 3690 3691
f 3657 3691 3690
f 3657 3691 3692
f 3657 3692 3691
f 3657 3692 3693
f 3657 3693 3692
f 3657 3693 3694
f 3657 3694 3693
f 3657 3694 3695
f 3657 3695 3694
f 3657 3695 3696
f 3657 3696 3695
f 3657 3696 3697
f 3657 3697 3696
f 3657 3697 3698
f 3657 3698 3697
f 3657 3698 3699
f 3657 3699 3698
f 3657 3699 3700
f 3657 3700 3699
f 3657 3700 3701
f 3657 3701 3700
f 3657 3701 3702
f 3657 3702 3701
v 0.247389 0.515514 -0.058186
v 0.249959 0.513151 -0.054805
v 0.252650 0.510029 -0.051972
v 0.255500 0.505921 -0.049853
v 0.258512 0.500807 -0.048459
v 0.261662 0.494835 -0.047686
v 0.264904 0.488286 -0.047329
v 0.268180 0.481536 -0.047118
v 0.271419 0.475009 -0.046745
v 0.274554 0.469129 -0.045906
v 0.277526 0.464262 -0.044334
v 0.280291 0.460683 -0.041832
v 0.282825 0.458536 -0.038295
v 0.285129 0.457821 -0.033724
v 0.287227 0.458393 -0.028223
v 0.289161 0.459980 -0.021989
v 0.290991 0.462212 -0.015289
v 0.292785 0.464667 -0.008427
v 0.294611 0.466922 -0.001711
v 0.296531 0.468600 0.004589
v 0.298588 0.469420 0.010269
v 0.300807 0.469234 0.015222
v 0.303185 0.468061 0.019463
v 0.305685 0.466130 0.023155
v 0.303115 0.468493 0.019774
v 0.300424 0.471614 0.016942
v 0.297574 0.475723 0.014822
v 0.294562 0.480836 0.013429
v 0.291412 0.486809 0.012655
v 0.288170 0.493358 0.012299
v 0.284895 0.500108 0.012088
v 0.281656 0.506634 0.011715
v 0.278520 0.512515 0.010875
v 0.275548 0.517382 0.009303
v 0.272783 0.520961 0.006801
v 0.270249 0.523108 0.003265
v 0.267945 0.523823 -0.001306
v 0.265847 0.523251 -0.006807
v 0.263914 0.521664 -0.013041
v 0.262083 0.519432 -0.019741
v 0.260289 0.516976 -0.026603
v 0.258463 0.514721 -0.033320
v 0.256544 0.513043 -0.039620
v 0.254486 0.512224 -0.045299
v 0.252267 0.512410 -0.050253
v 0.249889 0.513582 -0.054493
f 3703 3704 3705
f 3703 3705 3704
f 3703 3705 3706
f 3703 3706 3705
f 3703 3706 3707
f 3703 3707 3706
f 3703 3707 3708
f 3703 3708 3707
f 3703 3708 3709
f 3703 3709 3708
f 3703 3709 3710
f 3703 3710 3709
f 3703 3710 3711
f 3703 3711 3710
f 3703 3711 3712
f 3703 3712 3711
f 3703 3712 3713
f 3703 3713 3712
f 3703 3713 3714
f 3703 3714 3713
f 3703 3714 3715
f 3703 3715 3714
f 3703 3715 3716
f 3703 3716 3715
f 3703 3716 3717
f 3703 3717 3716
f 3703 3717 3718
f 3703 3718 3717
f 3703 3718 3719
f 3703 3719 3718
f 3703 3719 3720
f 3703 3720 3719
f 3703 3720 3721
f 3703 3721 3720
f 3703 3721 3722
f 3703 3722 3721
f 3703 3722 3723
f 3703 3723 3722
f 3703 3723 3724
f 3703 3724 3723
f 3703 3724 3725
f 3703 3725 3724
f 3703 3725 3726
f 3703 3726 3725
f 3703 3726 3727
f 3703 3727 3726
f 3703 3727 3728
f 3703 3728 3727
f 3703 3728 3729
f 3703 3729 3728
f 3703 3729 3730
f 3703 3730 3729
f 3703 3730 3731
f 3703 3731 3730
f 3703 3731 3732
f 3703 3732 3731
f 3703 3732 3733
f 3703 3733 3732
f 3703 3733 3734
f 3703 3734 3733
f 3703 3734 3735
f 3703 3735 3734
f 3703 3735 3736
f 3703 3736 3735
f 3703 3736 3737
f 3703 3737 3736
f 3703 3737 3738
f 3703 3738 3737
f 3703 3738 3739
f 3703 3739 3738
f 3703 3739 3740
f 3703 3740 3739
f 3703 3740 3741
f 3703 3741 3740
f 3703 3741 3742
f 3703 3742 3741
f 3703 3742 3743
f 3703 3743 3742
f 3703 3743 3744
f 3703 3744 3743
f 3703 3744 3745
f 3703 3745 3744
f 3703 3745 3746
f 3703 3746 3745
f 3703 3746 3747
f 3703 3747 3746
f 3703 3747 3748
f 3703 3748 3747
v 0.216475 0.475359 -0.018867
v 0.212477 0.479602 -0.018843
v 0.208401 0.482225 -0.015603
v 0.205805 0.482225 -0.010384
v 0.205679 0.479602 -0.005178
v 0.208071 0.475359 -0.001976
v 0.212069 0.471116 -0.001999
v 0.216145 0.468494 -0.005239
v 0.218742 0.468494 -0.010459
v 0.218868 0.471116 -0.015664
v 0.261583 0.518999 0.006947
v 0.258864 0.521884 0.006963
v 0.256093 0.523667 0.009166
v 0.254327 0.523667 0.012715
v 0.254241 0.521884 0.016255
v 0.255869 0.518999 0.018433
v 0.258587 0.516113 0.018417
v 0.261359 0.514330 0.016214
v 0.263124 0.514330 0.012664
v 0.263210 0.516113 0.009125
f 3749 3750 3760
f 3749 3760 3759
f 3750 3751 3761
f 3750 3761 3760
f 3751 3752 3762
f 3751 3762 3761
f 3752 3753 3763
f 3752 3763 3762
f 3753 3754 3764
f 3753 3764 3763
f 3754 3755 3765
f 3754 3765 3764
f 3755 3756 3766
f 3755 3766 3765
f 3756 3757 3767
f 3756 3767 3766
f 3757 3758 3768
f 3757 3768 3767
f 3758 3749 3759
f 3758 3759 3768
v 0.258726 0.518999 0.012690
v 0.259130 0.517664 0.007685
v 0.258866 0.517259 0.002272
v 0.257858 0.517885 -0.003595
v 0.256164 0.519463 -0.009881
v 0.253936 0.521782 -0.016494
v 0.251392 0.524541 -0.023299
v 0.248792 0.527376 -0.030139
v 0.246414 0.529905 -0.036843
v 0.244520 0.531759 -0.043251
v 0.243337 0.532630 -0.049226
v 0.243025 0.532289 -0.054667
v 0.243673 0.530618 -0.059524
v 0.245278 0.527617 -0.063795
v 0.247756 0.523405 -0.067533
v 0.250943 0.518208 -0.070837
v 0.254616 0.512338 -0.073846
v 0.258510 0.506161 -0.076719
v 0.262348 0.500060 -0.079626
v 0.265871 0.494398 -0.082726
v 0.268858 0.489479 -0.086153
v 0.271160 0.485511 -0.089998
v 0.272719 0.482574 -0.094297
v 0.273609 0.480567 -0.099006
v 0.273204 0.481901 -0.094001
v 0.273469 0.482306 -0.088588
v 0.274477 0.481680 -0.082721
v 0.276170 0.480103 -0.076435
v 0.278399 0.477783 -0.069822
v 0.280943 0.475024 -0.063016
v 0.283543 0.472189 -0.056177
v 0.285921 0.469661 -0.049473
v 0.287814 0.467806 -0.043065
v 0.288998 0.466936 -0.037090
v 0.289309 0.467277 -0.031648
v 0.288662 0.468948 -0.026792
v 0.287057 0.471949 -0.022521
v 0.284579 0.476161 -0.018783
v 0.281391 0.481358 -0.015478
v 0.277719 0.487228 -0.012470
v 0.273825 0.493405 -0.009597
v 0.269986 0.499506 -0.006690
v 0.266464 0.505167 -0.003590
v 0.263477 0.510087 -0.000163
v 0.261174 0.514055 0.003682
v 0.259615 0.516991 0.007982
f 3769 3770 3771
f 3769 3771 3770
f 3769 3771 3772
f 3769 3772 3771
f 3769 3772 3773
f 3769 3773 3772
f 3769 3773 3774
f 3769 3774 3773
f 3769 3774 3775
f 3769 3775 3774
f 3769 3775 3776
f 3769 3776 3775
f 3769 3776 3777
f 3769 3777 3776
f 3769 3777 3778
f 3769 3778 3777
f 3769 3778 3779
f 3769 3779 3778
f 3769 3779 3780
f 3769 3780 3779
f 3769 3780 3781
f 3769 3781 3780
f 3769 3781 3782
f 3769 3782 3781
f 3769 3782 3783
f 3769 3783 3782
f 3769 3783 3784
f 3769 3784 3783
f 3769 3784 3785
f 3769 3785 3784
f 3769 3785 3786
f 3769 3786 3785
f 3769 3786 3787
f 3769 3787 3786
f 3769 3787 3788
f 3769 3788 3787
f 3769 3788 3789
f 3769 3789 3788
f 3769 3789 3790
f 3769 3790 3789
f 3769 3790 3791
f 3769 3791 3790
f 3769 3791 3792
f 3769 3792 3791
f 3769 3792 3793
f 3769 3793 3792
f 3769 3793 3794
f 3769 3794 3793
f 3769 3794 3795
f 3769 3795 3794
f 3769 3795 3796
f 3769 3796 3795
f 3769 3796 3797
f 3769 3797 3796
f 3769 3797 3798
f 3769 3798 3797
f 3769 3798 3799
f 3769 3799 3798
f 3769 3799 3800
f 3769 3800 3799
f 3769 3800 3801
f 3769 3801 3800
f 3769 3801 3802
f 3769 3802 3801
f 3769 3802 3803
f 3769 3803 3802
f 3769 3803 3804
f 3769 3804 3803
f 3769 3804 3805
f 3769 3805 3804
f 3769 3805 3806
f 3769 3806 3805
f 3769 3806 3807
f 3769 3807 3806
f 3769 3807 3808
f 3769 3808 3807
f 3769 3808 3809
f 3769 3809 3808
f 3769 3809 3810
f 3769 3810 3809
f 3769 3810 3811
f 3769 3811 3810
f 3769 3811 3812
f 3769 3812 3811
f 3769 3812 3813
f 3769 3813 3812
f 3769 3813 3814
f 3769 3814 3813
v 0.258726 0.518999 0.012690
v 0.254788 0.517279 0.015615
v 0.251549 0.514461 0.019206
v 0.248942 0.510654 0.023398
v 0.246843 0.506049 0.028075
v 0.245091 0.500899 0.033083
v 0.243498 0.495501 0.038240
v 0.241860 0.490173 0.043356
v 0.239980 0.485225 0.048241
v 0.237675 0.480942 0.052721
v 0.234798 0.477559 0.056656
v 0.231240 0.475241 0.059944
v 0.226948 0.474077 0.062532
v 0.221922 0.474065 0.064421
v 0.216216 0.475119 0.065662
v 0.209936 0.477072 0.066358
v 0.203233 0.479690 0.066649
v 0.196287 0.482689 0.066710
v 0.189296 0.485757 0.066728
v 0.182464 0.488578 0.066897
v 0.175979 0.490854 0.067397
v 0.170003 0.492331 0.068381
v 0.164657 0.492819 0.069966
v 0.160012 0.492210 0.072217
v 0.163950 0.493930 0.069292
v 0.167188 0.496748 0.065701
v 0.169796 0.500554 0.061508
v 0.171894 0.505160 0.056832
v 0.173646 0.510310 0.051824
v 0.175240 0.515707 0.046667
v 0.176877 0.521036 0.041551
v 0.178758 0.525984 0.036666
v 0.181062 0.530267 0.032186
v 0.183940 0.533650 0.028251
v 0.187497 0.535967 0.024963
v 0.191789 0.537132 0.022375
v 0.196816 0.537144 0.020486
v 0.202522 0.536090 0.019245
v 0.208801 0.534137 0.018549
v 0.215505 0.531519 0.018258
v 0.222451 0.528519 0.018197
v 0.229441 0.525451 0.018178
v 0.236273 0.522631 0.018009
v 0.242758 0.520355 0.017510
v 0.248734 0.518877 0.016526
v 0.254080 0.518389 0.014941
f 3815 3816 3817
f 3815 3817 3816
f 3815 3817 3818
f 3815 3818 3817
f 3815 3818 3819
f 3815 3819 3818
f 3815 3819 3820
f 3815 3820 3819
f 3815 3820 3821
f 3815 3821 3820
f 3815 3821 3822
f 3815 3822 3821
f 3815 3822 3823
f 3815 3823 3822
f 3815 3823 3824
f 3815 3824 3823
f 3815 3824 3825
f 3815 3825 3824
f 3815 3825 3826
f 3815 3826 3825
f 3815 3826 3827
f 3815 3827 3826
f 3815 3827 3828
f 3815 3828 3827
f 3815 3828 3829
f 3815 3829 3828
f 3815 3829 3830
f 3815 3830 3829
f 3815 3830 3831
f 3815 3831 3830
f 3815 3831 3832
f 3815 3832 3831
f 3815 3832 3833
f 3815 3833 3832
f 3815 3833 3834
f 3815 3834 3833
f 3815 3834 3835
f 3815 3835 3834
f 3815 3835 3836
f 3815 3836 3835
f 3815 3836 3837
f 3815 3837 3836
f 3815 3837 3838
f 3815 3838 3837
f 3815 3838 3839
f 3815 3839 3838
f 3815 3839 3840
f 3815 3840 3839
f 3815 3840 3841
f 3815 3841 3840
f 3815 3841 3842
f 3815 3842 3841
f 3815 3842 3843
f 3815 3843 3842
f 3815 3843 3844
f 3815 3844 3843
f 3815 3844 3845
f 3815 3845 3844
f 3815 3845 3846
f 3815 3846 3845
f 3815 3846 3847
f 3815 3847 3846
f 3815 3847 3848
f 3815 3848 3847
f 3815 3848 3849
f 3815 3849 3848
f 3815 3849 3850
f 3815 3850 3849
f 3815 3850 3851
f 3815 3851 3850
f 3815 3851 3852
f 3815 3852 3851
f 3815 3852 3853
f 3815 3853 3852
f 3815 3853 3854
f 3815 3854 3853
f 3815 3854 3855
f 3815 3855 3854
f 3815 3855 3856
f 3815 3856 3855
f 3815 3856 3857
f 3815 3857 3856
f 3815 3857 3858
f 3815 3858 3857
f 3815 3858 3859
f 3815 3859 3858
f 3815 3859 3860
f 3815 3860 3859
v 0.088195 0.450015 -0.010161
v 0.087404 0.453917 -0.002568
v 0.091667 0.456329 0.004468
v 0.099357 0.456329 0.008260
v 0.107534 0.453917 0.007360
v 0.113077 0.450015 0.002110
v 0.113868 0.446113 -0.005483
v 0.109604 0.443702 -0.012519
v 0.101915 0.443702 -0.016311
v 0.093737 0.446113 -0.015410
v 0.113814 0.539776 -0.052074
v 0.113277 0.542429 -0.046911
v 0.116176 0.544069 -0.042126
v 0.121404 0.544069 -0.039548
v 0.126965 0.542429 -0.040160
v 0.130734 0.539776 -0.043729
v 0.131272 0.537122 -0.048893
v 0.128373 0.535482 -0.053677
v 0.123144 0.535482 -0.056256
v 0.117583 0.537122 -0.055643
f 3861 3862 3872
f 3861 3872 3871
f 3862 3863 3873
f 3862 3873 3872
f 3863 3864 3874
f 3863 3874 3873
f 3864 3865 3875
f 3864 3875 3874
f 3865 3866 3876
f 3865 3876 3875
f 3866 3867 3877
f 3866 3877 3876
f 3867 3868 3878
f 3867 3878 3877
f 3868 3869 3879
f 3868 3879 3878
f 3869 3870 3880
f 3869 3880 3879
f 3870 3861 3871
f 3870 3871 3880
v 0.122274 0.539776 -0.047902
v 0.118312 0.539726 -0.047378
v 0.114276 0.540208 -0.045801
v 0.110180 0.541132 -0.043350
v 0.106038 0.542394 -0.040231
v 0.101866 0.543871 -0.036686
v 0.097683 0.545431 -0.032978
v 0.093507 0.546936 -0.029378
v 0.089357 0.548254 -0.026147
v 0.085248 0.549268 -0.023519
v 0.081195 0.549881 -0.021683
v 0.077206 0.550025 -0.020776
v 0.073285 0.549665 -0.020865
v 0.069434 0.548800 -0.021952
v 0.065647 0.547467 -0.023966
v 0.061915 0.545734 -0.026773
v 0.058225 0.543695 -0.030182
v 0.054560 0.541470 -0.033961
v 0.050903 0.539190 -0.037848
v 0.047234 0.536993 -0.041572
v 0.043536 0.535011 -0.044869
v 0.039792 0.533367 -0.047499
v 0.035987 0.532164 -0.049256
v 0.032109 0.531495 -0.049958
v 0.036072 0.531545 -0.050482
v 0.040107 0.531062 -0.052059
v 0.044204 0.530138 -0.054510
v 0.048346 0.528876 -0.057629
v 0.052518 0.527399 -0.061174
v 0.056701 0.525839 -0.064882
v 0.060877 0.524335 -0.068482
v 0.065027 0.523016 -0.071713
v 0.069135 0.522002 -0.074341
v 0.073188 0.521390 -0.076176
v 0.077178 0.521246 -0.077084
v 0.081098 0.521606 -0.076995
v 0.084949 0.522470 -0.075908
v 0.088736 0.523803 -0.073894
v 0.092468 0.525537 -0.071087
v 0.096159 0.527575 -0.067677
v 0.099823 0.529800 -0.063899
v 0.103481 0.532080 -0.060012
v 0.107149 0.534277 -0.056288
v 0.110847 0.536259 -0.052990
v 0.114592 0.537903 -0.050360
v 0.118396 0.539106 -0.048604
f 3881 3882 3883
f 3881 3883 3882
f 3881 3883 3884
f 3881 3884 3883
f 3881 3884 3885
f 3881 3885 3884
f 3881 3885 3886
f 3881 3886 3885
f 3881 3886 3887
f 3881 3887 3886
f 3881 3887 3888
f 3881 3888 3887
f 3881 3888 3889
f 3881 3889 3888
f 3881 3889 3890
f 3881 3890 3889
f 3881 3890 3891
f 3881 3891 3890
f 3881 3891 3892
f 3881 3892 3891
f 3881 3892 3893
f 3881 3893 3892
f 3881 3893 3894
f 3881 3894 3893
f 3881 3894 3895
f 3881 3895 3894
f 3881 3895 3896
f 3881 3896 3895
f 3881 3896 3897
f 3881 3897 3896
f 3881 3897 3898
f 3881 3898 3897
f 3881 3898 3899
f 3881 3899 3898
f 3881 3899 3900
f 3881 3900 3899
f 3881 3900 3901
f 3881 3901 3900
f 3881 3901 3902
f 3881 3902 3901
f 3881 3902 3903
f 3881 3903 3902
f 3881 3903 3904
f 3881 3904 3903
f 3881 3904 3905
f 3881 3905 3904
f 3881 3905 3906
f 3881 3906 3905
f 3881 3906 3907
f 3881 3907 3906
f 3881 3907 3908
f 3881 3908 3907
f 3881 3908 3909
f 3881 3909 3908
f 3881 3909 3910
f 3881 3910 3909
f 3881 3910 3911
f 3881 3911 3910
f 3881 3911 3912
f 3881 3912 3911
f 3881 3912 3913
f 3881 3913 3912
f 3881 3913 3914
f 3881 3914 3913
f 3881 3914 3915
f 3881 3915 3914
f 3881 3915 3916
f 3881 3916 3915
f 3881 3916 3917
f 3881 3917 3916
f 3881 3917 3918
f 3881 3918 3917
f 3881 3918 3919
f 3881 3919 3918
f 3881 3919 3920
f 3881 3920 3919
f 3881 3920 3921
f 3881 3921 3920
f 3881 3921 3922
f 3881 3922 3921
f 3881 3922 3923
f 3881 3923 3922
f 3881 3923 3924
f 3881 3924 3923
f 3881 3924 3925
f 3881 3925 3924
f 3881 3925 3926
f 3881 3926 3925
v 0.122274 0.539776 -0.047902
v 0.121724 0.539902 -0.043533
v 0.121907 0.539915 -0.039038
v 0.123137 0.539764 -0.034360
v 0.125500 0.539436 -0.029485
v 0.128882 0.538949 -0.024433
v 0.132993 0.538349 -0.019253
v 0.137414 0.537700 -0.014020
v 0.141650 0.537080 -0.008819
v 0.145194 0.536568 -0.003739
v 0.147598 0.536234 0.001143
v 0.148525 0.536130 0.005768
v 0.147794 0.536285 0.010105
v 0.145407 0.536699 0.014154
v 0.141543 0.537342 0.017946
v 0.136537 0.538164 0.021539
v 0.130841 0.539094 0.025012
v 0.124959 0.540053 0.028452
v 0.119387 0.540963 0.031947
v 0.114545 0.541759 0.035568
v 0.110721 0.542397 0.039367
v 0.108030 0.542858 0.043363
v 0.106387 0.543155 0.047541
v 0.105476 0.543338 0.051846
v 0.106026 0.543211 0.047478
v 0.105843 0.543199 0.042982
v 0.104613 0.543350 0.038304
v 0.102250 0.543678 0.033429
v 0.098869 0.544164 0.028377
v 0.094757 0.544765 0.023198
v 0.090336 0.545414 0.017965
v 0.086101 0.546034 0.012764
v 0.082556 0.546546 0.007683
v 0.080152 0.546880 0.002801
v 0.079226 0.546984 -0.001824
v 0.079956 0.546829 -0.006161
v 0.082343 0.546415 -0.010210
v 0.086208 0.545771 -0.014001
v 0.091213 0.544949 -0.017594
v 0.096909 0.544020 -0.021067
v 0.102791 0.543061 -0.024508
v 0.108363 0.542151 -0.028002
v 0.113206 0.541354 -0.031624
v 0.117029 0.540717 -0.035422
v 0.119720 0.540256 -0.039418
v 0.121363 0.539959 -0.043596
f 3927 3928 3929
f 3927 3929 3928
f 3927 3929 3930
f 3927 3930 3929
f 3927 3930 3931
f 3927 3931 3930
f 3927 3931 3932
f 3927 3932 3931
f 3927 3932 3933
f 3927 3933 3932
f 3927 3933 3934
f 3927 3934 3933
f 3927 3934 3935
f 3927 3935 3934
f 3927 3935 3936
f 3927 3936 3935
f 3927 3936 3937
f 3927 3937 3936
f 3927 3937 3938
f 3927 3938 3937
f 3927 3938 3939
f 3927 3939 3938
f 3927 3939 3940
f 3927 3940 3939
f 3927 3940 3941
f 3927 3941 3940
f 3927 3941 3942
f 3927 3942 3941
f 3927 3942 3943
f 3927 3943 3942
f 3927 3943 3944
f 3927 3944 3943
f 3927 3944 3945
f 3927 3945 3944
f 3927 3945 3946
f 3927 3946 3945
f 3927 3946 3947
f 3927 3947 3946
f 3927 3947 3948
f 3927 3948 3947
f 3927 3948 3949
f 3927 3949 3948
f 3927 3949 3950
f 3927 3950 3949
f 3927 3950 3951
f 3927 3951 3950
f 3927 3951 3952
f 3927 3952 3951
f 3927 3952 3953
f 3927 3953 3952
f 3927 3953 3954
f 3927 3954 3953
f 3927 3954 3955
f 3927 3955 3954
f 3927 3955 3956
f 3927 3956 3955
f 3927 3956 3957
f 3927 3957 3956
f 3927 3957 3958
f 3927 3958 3957
f 3927 3958 3959
f 3927 3959 3958
f 3927 3959 3960
f 3927 3960 3959
f 3927 3960 3961
f 3927 3961 3960
f 3927 3961 3962
f 3927 3962 3961
f 3927 3962 3963
f 3927 3963 3962
f 3927 3963 3964
f 3927 3964 3963
f 3927 3964 3965
f 3927 3965 3964
f 3927 3965 3966
f 3927 3966 3965
f 3927 3966 3967
f 3927 3967 3966
f 3927 3967 3968
f 3927 3968 3967
f 3927 3968 3969
f 3927 3969 3968
f 3927 3969 3970
f 3927 3970 3969
f 3927 3970 3971
f 3927 3971 3970
f 3927 3971 3972
f 3927 3972 3971
v 0.122274 0.539776 -0.047902
v 0.126002 0.536308 -0.048723
v 0.129350 0.532553 -0.050318
v 0.132165 0.528398 -0.052996
v 0.134413 0.523816 -0.056827
v 0.136156 0.518854 -0.061685
v 0.137543 0.513623 -0.067266
v 0.138784 0.508283 -0.073143
v 0.140127 0.503020 -0.078815
v 0.141819 0.498019 -0.083775
v 0.144083 0.493449 -0.087573
v 0.147084 0.489434 -0.089874
v 0.150909 0.486039 -0.090498
v 0.155559 0.483265 -0.089446
v 0.160944 0.481045 -0.086896
v 0.166902 0.479255 -0.083185
v 0.173209 0.477730 -0.078761
v 0.179618 0.476280 -0.074133
v 0.185881 0.474720 -0.069799
v 0.191788 0.472893 -0.066191
v 0.197191 0.470685 -0.063607
v 0.202025 0.468051 -0.062179
v 0.206328 0.465015 -0.061832
v 0.210250 0.461693 -0.062259
v 0.206522 0.465161 -0.061437
v 0.203174 0.468916 -0.059842
v 0.200359 0.473071 -0.057165
v 0.198111 0.477653 -0.053333
v 0.196368 0.482615 -0.048476
v 0.194981 0.487846 -0.042894
v 0.193740 0.493186 -0.037017
v 0.192397 0.498449 -0.031345
v 0.190705 0.503450 -0.026385
v 0.188441 0.508020 -0.022587
v 0.185440 0.512035 -0.020287
v 0.181615 0.515430 -0.019662
v 0.176965 0.518204 -0.020715
v 0.171580 0.520424 -0.023264
v 0.165622 0.522214 -0.026976
v 0.159315 0.523740 -0.031399
v 0.152906 0.525190 -0.036028
v 0.146643 0.526749 -0.040361
v 0.140736 0.528576 -0.043970
v 0.135334 0.530784 -0.046553
v 0.130499 0.533418 -0.047982
v 0.126196 0.536454 -0.048329
f 3973 3974 3975
f 3973 3975 3974
f 3973 3975 3976
f 3973 3976 3975
f 3973 3976 3977
f 3973 3977 3976
f 3973 3977 3978
f 3973 3978 3977
f 3973 3978 3979
f 3973 3979 3978
f 3973 3979 3980
f 3973 3980 3979
f 3973 3980 3981
f 3973 3981 3980
f 3973 3981 3982
f 3973 3982 3981
f 3973 3982 3983
f 3973 3983 3982
f 3973 3983 3984
f 3973 3984 3983
f 3973 3984 3985
f 3973 3985 3984
f 3973 3985 3986
f 3973 3986 3985
f 3973 3986 3987
f 3973 3987 3986
f 3973 3987 3988
f 3973 3988 3987
f 3973 3988 3989
f 3973 3989 3988
f 3973 3989 3990
f 3973 3990 3989
f 3973 3990 3991
f 3973 3991 3990
f 3973 3991 3992
f 3973 3992 3991
f 3973 3992 3993
f 3973 3993 3992
f 3973 3993 3994
f 3973 3994 3993
f 3973 3994 3995
f 3973 3995 3994
f 3973 3995 3996
f 3973 3996 3995
f 3973 3996 3997
f 3973 3997 3996
f 3973 3997 3998
f 3973 3998 3997
f 3973 3998 3999
f 3973 3999 3998
f 3973 3999 4000
f 3973 4000 3999
f 3973 4000 4001
f 3973 4001 4000
f 3973 4001 4002
f 3973 4002 4001
f 3973 4002 4003
f 3973 4003 4002
f 3973 4003 4004
f 3973 4004 4003
f 3973 4004 4005
f 3973 4005 4004
f 3973 4005 4006
f 3973 4006 4005
f 3973 4006 4007
f 3973 4007 4006
f 3973 4007 4008
f 3973 4008 4007
f 3973 4008 4009
f 3973 4009 4008
f 3973 4009 4010
f 3973 4010 4009
f 3973 4010 4011
f 3973 4011 4010
f 3973 4011 4012
f 3973 4012 4011
f 3973 4012 4013
f 3973 4013 4012
f 3973 4013 4014
f 3973 4014 4013
f 3973 4014 4015
f 3973 4015 4014
f 3973 4015 4016
f 3973 4016 4015
f 3973 4016 4017
f 3973 4017 4016
f 3973 4017 4018
f 3973 4018 4017
v 0.113942 0.539776 -0.052324
v 0.114448 0.544813 -0.049434
v 0.117943 0.547927 -0.045959
v 0.123092 0.547927 -0.043225
v 0.127929 0.544813 -0.042278
v 0.130606 0.539776 -0.043479
v 0.130101 0.534738 -0.046370
v 0.126606 0.531624 -0.049845
v 0.121456 0.531624 -0.052578
v 0.116619 0.534738 -0.053525
v 0.144573 0.567196 -0.103597
v 0.144917 0.570622 -0.101632
v 0.147294 0.572739 -0.099268
v 0.150795 0.572739 -0.097410
v 0.154085 0.570622 -0.096766
v 0.155905 0.567196 -0.097583
v 0.155561 0.563770 -0.099548
v 0.153184 0.561653 -0.101911
v 0.149683 0.561653 -0.103770
v 0.146394 0.563770 -0.104414
f 4019 4020 4030
f 4019 4030 4029
f 4020 4021 4031
f 4020 4031 4030
f 4021 4022 4032
f 4021 4032 4031
f 4022 4023 4033
f 4022 4033 4032
f 4023 4024 4034
f 4023 4034 4033
f 4024 4025 4035
f 4024 4035 4034
f 4025 4026 4036
f 4025 4036 4035
f 4026 4027 4037
f 4026 4037 4036
f 4027 4028 4038
f 4027 4038 4037
f 4028 4019 4029
f 4028 4029 4038
v 0.150239 0.567196 -0.100590
v 0.146372 0.565939 -0.102290
v 0.142239 0.565236 -0.103843
v 0.137677 0.565424 -0.105159
v 0.132617 0.566651 -0.106200
v 0.127080 0.568869 -0.106977
v 0.121176 0.571849 -0.107553
v 0.115090 0.575211 -0.108027
v 0.109049 0.578479 -0.108526
v 0.103294 0.581150 -0.109183
v 0.098045 0.582768 -0.110120
v 0.093470 0.582984 -0.111429
v 0.089659 0.581612 -0.113160
v 0.086610 0.578651 -0.115312
v 0.084235 0.574289 -0.117836
v 0.082367 0.568872 -0.120640
v 0.080785 0.562860 -0.123602
v 0.079248 0.556753 -0.126588
v 0.077528 0.551029 -0.129474
v 0.075442 0.546066 -0.132157
v 0.072879 0.542094 -0.134578
v 0.069817 0.539162 -0.136722
v 0.066327 0.537119 -0.138630
v 0.062571 0.535632 -0.140391
v 0.066438 0.536889 -0.138692
v 0.070571 0.537592 -0.137139
v 0.075133 0.537404 -0.135822
v 0.080193 0.536177 -0.134782
v 0.085730 0.533959 -0.134004
v 0.091634 0.530979 -0.133429
v 0.097720 0.527617 -0.132954
v 0.103761 0.524349 -0.132455
v 0.109516 0.521678 -0.131798
v 0.114765 0.520060 -0.130861
v 0.119340 0.519844 -0.129552
v 0.123151 0.521216 -0.127822
v 0.126200 0.524177 -0.125669
v 0.128575 0.528540 -0.123145
v 0.130443 0.533956 -0.120342
v 0.132025 0.539968 -0.117380
v 0.133562 0.546075 -0.114393
v 0.135282 0.551800 -0.111507
v 0.137368 0.556763 -0.108824
v 0.139931 0.560734 -0.106404
v 0.142993 0.563667 -0.104259
v 0.146483 0.565709 -0.102351
f 4039 4040 4041
f 4039 4041 4040
f 4039 4041 4042
f 4039 4042 4041
f 4039 4042 4043
f 4039 4043 4042
f 4039 4043 4044
f 4039 4044 4043
f 4039 4044 4045
f 4039 4045 4044
f 4039 4045 4046
f 4039 4046 4045
f 4039 4046 4047
f 4039 4047 4046
f 4039 4047 4048
f 4039 4048 4047
f 4039 4048 4049
f 4039 4049 4048
f 4039 4049 4050
f 4039 4050 4049
f 4039 4050 4051
f 4039 4051 4050
f 4039 4051 4052
f 4039 4052 4051
f 4039 4052 4053
f 4039 4053 4052
f 4039 4053 4054
f 4039 4054 4053
f 4039 4054 4055
f 4039 4055 4054
f 4039 4055 4056
f 4039 4056 4055
f 4039 4056 4057
f 4039 4057 4056
f 4039 4057 4058
f 4039 4058 4057
f 4039 4058 4059
f 4039 4059 4058
f 4039 4059 4060
f 4039 4060 4059
f 4039 4060 4061
f 4039 4061 4060
f 4039 4061 4062
f 4039 4062 4061
f 4039 4062 4063
f 4039 4063 4062
f 4039 4063 4064
f 4039 4064 4063
f 4039 4064 4065
f 4039 4065 4064
f 4039 4065 4066
f 4039 4066 4065
f 4039 4066 4067
f 4039 4067 4066
f 4039 4067 4068
f 4039 4068 4067
f 4039 4068 4069
f 4039 4069 4068
f 4039 4069 4070
f 4039 4070 4069
f 4039 4070 4071
f 4039 4071 4070
f 4039 4071 4072
f 4039 4072 4071
f 4039 4072 4073
f 4039 4073 4072
f 4039 4073 4074
f 4039 4074 4073
f 4039 4074 4075
f 4039 4075 4074
f 4039 4075 4076
f 4039 4076 4075
f 4039 4076 4077
f 4039 4077 4076
f 4039 4077 4078
f 4039 4078 4077
f 4039 4078 4079
f 4039 4079 4078
f 4039 4079 4080
f 4039 4080 4079
f 4039 4080 4081
f 4039 4081 4080
f 4039 4081 4082
f 4039 4082 4081
f 4039 4082 4083
f 4039 4083 4082
f 4039 4083 4084
f 4039 4084 4083
v 0.150239 0.567196 -0.100590
v 0.149949 0.569676 -0.098195
v 0.150328 0.572027 -0.095513
v 0.151511 0.574222 -0.092485
v 0.153476 0.576266 -0.089121
v 0.156080 0.578187 -0.085482
v 0.159091 0.580028 -0.081668
v 0.162213 0.581849 -0.077806
v 0.165124 0.583710 -0.074034
v 0.167510 0.585673 -0.070489
v 0.169100 0.587789 -0.067286
v 0.169697 0.590098 -0.064510
v 0.169194 0.592619 -0.062207
v 0.167592 0.595353 -0.060377
v 0.164995 0.598279 -0.058975
v 0.161603 0.601359 -0.057915
v 0.157687 0.604540 -0.057080
v 0.153559 0.607762 -0.056337
v 0.149542 0.610963 -0.055545
v 0.145931 0.614085 -0.054579
v 0.142961 0.617084 -0.053338
v 0.140772 0.619931 -0.051760
v 0.139387 0.622623 -0.049837
v 0.138671 0.625185 -0.047626
v 0.138961 0.622705 -0.050020
v 0.138583 0.620354 -0.052702
v 0.137399 0.618159 -0.055730
v 0.135435 0.616115 -0.059094
v 0.132830 0.614195 -0.062734
v 0.129819 0.612353 -0.066548
v 0.126697 0.610533 -0.070410
v 0.123786 0.608672 -0.074181
v 0.121400 0.606709 -0.077726
v 0.119810 0.604592 -0.080930
v 0.119214 0.602284 -0.083705
v 0.119716 0.599762 -0.086008
v 0.121319 0.597029 -0.087838
v 0.123915 0.594103 -0.089240
v 0.127307 0.591023 -0.090301
v 0.131224 0.587841 -0.091135
v 0.135352 0.584619 -0.091879
v 0.139368 0.581418 -0.092670
v 0.142979 0.578296 -0.093636
v 0.145950 0.575298 -0.094877
v 0.148139 0.572450 -0.096455
v 0.149523 0.569759 -0.098379
f 4085 4086 4087
f 4085 4087 4086
f 4085 4087 4088
f 4085 4088 4087
f 4085 4088 4089
f 4085 4089 4088
f 4085 4089 4090
f 4085 4090 4089
f 4085 4090 4091
f 4085 4091 4090
f 4085 4091 4092
f 4085 4092 4091
f 4085 4092 4093
f 4085 4093 4092
f 4085 4093 4094
f 4085 4094 4093
f 4085 4094 4095
f 4085 4095 4094
f 4085 4095 4096
f 4085 4096 4095
f 4085 4096 4097
f 4085 4097 4096
f 4085 4097 4098
f 4085 4098 4097
f 4085 4098 4099
f 4085 4099 4098
f 4085 4099 4100
f 4085 4100 4099
f 4085 4100 4101
f 4085 4101 4100
f 4085 4101 4102
f 4085 4102 4101
f 4085 4102 4103
f 4085 4103 4102
f 4085 4103 4104
f 4085 4104 4103
f 4085 4104 4105
f 4085 4105 4104
f 4085 4105 4106
f 4085 4106 4105
f 4085 4106 4107
f 4085 4107 4106
f 4085 4107 4108
f 4085 4108 4107
f 4085 4108 4109
f 4085 4109 4108
f 4085 4109 4110
f 4085 4110 4109
f 4085 4110 4111
f 4085 4111 4110
f 4085 4111 4112
f 4085 4112 4111
f 4085 4112 4113
f 4085 4113 4112
f 4085 4113 4114
f 4085 4114 4113
f 4085 4114 4115
f 4085 4115 4114
f 4085 4115 4116
f 4085 4116 4115
f 4085 4116 4117
f 4085 4117 4116
f 4085 4117 4118
f 4085 4118 4117
f 4085 4118 4119
f 4085 4119 4118
f 4085 4119 4120
f 4085 4120 4119
f 4085 4120 4121
f 4085 4121 4120
f 4085 4121 4122
f 4085 4122 4121
f 4085 4122 4123
f 4085 4123 4122
f 4085 4123 4124
f 4085 4124 4123
f 4085 4124 4125
f 4085 4125 4124
f 4085 4125 4126
f 4085 4126 4125
f 4085 4126 4127
f 4085 4127 4126
f 4085 4127 4128
f 4085 4128 4127
f 4085 4128 4129
f 4085 4129 4128
f 4085 4129 4130
f 4085 4130 4129
v 0.150239 0.567196 -0.100590
v 0.153030 0.562888 -0.100110
v 0.155465 0.558299 -0.099965
v 0.157226 0.553181 -0.100453
v 0.158112 0.547375 -0.101764
v 0.158089 0.540853 -0.103929
v 0.157304 0.533733 -0.106811
v 0.156069 0.526258 -0.110116
v 0.154814 0.518768 -0.113439
v 0.154021 0.511642 -0.116328
v 0.154144 0.505235 -0.118356
v 0.155534 0.499825 -0.119193
v 0.158384 0.495562 -0.118658
v 0.162692 0.492447 -0.116752
v 0.168268 0.490329 -0.113654
v 0.174759 0.488931 -0.109696
v 0.181713 0.487895 -0.105303
v 0.188647 0.486845 -0.100929
v 0.195130 0.485441 -0.096978
v 0.200852 0.483437 -0.093743
v 0.205664 0.480718 -0.091363
v 0.209603 0.477312 -0.089805
v 0.212866 0.473375 -0.088880
v 0.215774 0.469158 -0.088291
v 0.212982 0.473466 -0.088771
v 0.210548 0.478055 -0.088916
v 0.208787 0.483174 -0.088428
v 0.207901 0.488980 -0.087117
v 0.207924 0.495501 -0.084952
v 0.208709 0.502622 -0.082070
v 0.209944 0.510096 -0.078765
v 0.211199 0.517586 -0.075442
v 0.211991 0.524713 -0.072553
v 0.211869 0.531119 -0.070525
v 0.210479 0.536529 -0.069688
v 0.207629 0.540792 -0.070223
v 0.203321 0.543907 -0.072129
v 0.197745 0.546025 -0.075227
v 0.191253 0.547424 -0.079185
v 0.184300 0.548459 -0.083578
v 0.177366 0.549509 -0.087952
v 0.170882 0.550914 -0.091903
v 0.165161 0.552918 -0.095138
v 0.160348 0.555636 -0.097518
v 0.156410 0.559043 -0.099076
v 0.153146 0.562979 -0.100000
f 4131 4132 4133
f 4131 4133 4132
f 4131 4133 4134
f 4131 4134 4133
f 4131 4134 4135
f 4131 4135 4134
f 4131 4135 4136
f 4131 4136 4135
f 4131 4136 4137
f 4131 4137 4136
f 4131 4137 4138
f 4131 4138 4137
f 4131 4138 4139
f 4131 4139 4138
f 4131 4139 4140
f 4131 4140 4139
f 4131 4140 4141
f 4131 4141 4140
f 4131 4141 4142
f 4131 4142 4141
f 4131 4142 4143
f 4131 4143 4142
f 4131 4143 4144
f 4131 4144 4143
f 4131 4144 4145
f 4131 4145 4144
f 4131 4145 4146
f 4131 4146 4145
f 4131 4146 4147
f 4131 4147 4146
f 4131 4147 4148
f 4131 4148 4147
f 4131 4148 4149
f 4131 4149 4148
f 4131 4149 4150
f 4131 4150 4149
f 4131 4150 4151
f 4131 4151 4150
f 4131 4151 4152
f 4131 4152 4151
f 4131 4152 4153
f 4131 4153 4152
f 4131 4153 4154
f 4131 4154 4153
f 4131 4154 4155
f 4131 4155 4154
f 4131 4155 4156
f 4131 4156 4155
f 4131 4156 4157
f 4131 4157 4156
f 4131 4157 4158
f 4131 4158 4157
f 4131 4158 4159
f 4131 4159 4158
f 4131 4159 4160
f 4131 4160 4159
f 4131 4160 4161
f 4131 4161 4160
f 4131 4161 4162
f 4131 4162 4161
f 4131 4162 4163
f 4131 4163 4162
f 4131 4163 4164
f 4131 4164 4163
f 4131 4164 4165
f 4131 4165 4164
f 4131 4165 4166
f 4131 4166 4165
f 4131 4166 4167
f 4131 4167 4166
f 4131 4167 4168
f 4131 4168 4167
f 4131 4168 4169
f 4131 4169 4168
f 4131 4169 4170
f 4131 4170 4169
f 4131 4170 4171
f 4131 4171 4170
f 4131 4171 4172
f 4131 4172 4171
f 4131 4172 4173
f 4131 4173 4172
f 4131 4173 4174
f 4131 4174 4173
f 4131 4174 4175
f 4131 4175 4174
f 4131 4175 4176
f 4131 4176 4175
v 0.122274 0.542289 -0.038810
v 0.127512 0.543563 -0.041031
v 0.130749 0.543390 -0.045877
v 0.130749 0.541836 -0.051496
v 0.127512 0.539496 -0.055742
v 0.122274 0.537262 -0.056994
v 0.117037 0.535989 -0.054772
v 0.113800 0.536162 -0.049927
v 0.113800 0.537715 -0.044308
v 0.117037 0.540055 -0.040061
v 0.102969 0.595050 -0.056527
v 0.106530 0.595916 -0.058038
v 0.108731 0.595799 -0.061333
v 0.108731 0.594743 -0.065154
v 0.106530 0.593151 -0.068041
v 0.102969 0.591632 -0.068893
v 0.099407 0.590766 -0.067382
v 0.097206 0.590884 -0.064087
v 0.097206 0.591940 -0.060266
v 0.099407 0.593532 -0.057379
f 4177 4178 4188
f 4177 4188 4187
f 4178 4179 4189
f 4178 4189 4188
f 4179 4180 4190
f 4179 4190 4189
f 4180 4181 4191
f 4180 4191 4190
f 4181 4182 4192
f 4181 4192 4191
f 4182 4183 4193
f 4182 4193 4192
f 4183 4184 4194
f 4183 4194 4193
f 4184 4185 4195
f 4184 4195 4194
f 4185 4186 4196
f 4185 4196 4195
f 4186 4177 4187
f 4186 4187 4196
v 0.102969 0.593341 -0.062710
v 0.104577 0.593546 -0.057763
v 0.107239 0.594056 -0.053087
v 0.111154 0.594928 -0.048733
v 0.116273 0.596148 -0.044689
v 0.122370 0.597652 -0.040896
v 0.129082 0.599333 -0.037261
v 0.135952 0.601060 -0.033667
v 0.142485 0.602690 -0.029987
v 0.148203 0.604083 -0.026097
v 0.152691 0.605121 -0.021890
v 0.155647 0.605716 -0.017290
v 0.156911 0.605821 -0.012254
v 0.156484 0.605437 -0.006784
v 0.154525 0.604610 -0.000919
v 0.151337 0.603427 0.005261
v 0.147332 0.602008 0.011652
v 0.142991 0.600491 0.018129
v 0.138809 0.599021 0.024565
v 0.135240 0.597728 0.030843
v 0.132650 0.596718 0.036870
v 0.131265 0.596056 0.042587
v 0.131131 0.595757 0.047982
v 0.132052 0.595763 0.053106
v 0.130444 0.595558 0.048159
v 0.127781 0.595049 0.043483
v 0.123867 0.594177 0.039129
v 0.118748 0.592956 0.035085
v 0.112650 0.591453 0.031292
v 0.105939 0.589771 0.027657
v 0.099069 0.588044 0.024063
v 0.092535 0.586415 0.020383
v 0.086818 0.585021 0.016493
v 0.082330 0.583983 0.012286
v 0.079374 0.583389 0.007686
v 0.078109 0.583283 0.002650
v 0.078537 0.583667 -0.002820
v 0.080496 0.584495 -0.008685
v 0.083684 0.585678 -0.014865
v 0.087689 0.587097 -0.021256
v 0.092030 0.588613 -0.027733
v 0.096212 0.590084 -0.034169
v 0.099781 0.591377 -0.040448
v 0.102371 0.592387 -0.046474
v 0.103756 0.593048 -0.052191
v 0.103889 0.593347 -0.057586
f 4197 4198 4199
f 4197 4199 4198
f 4197 4199 4200
f 4197 4200 4199
f 4197 4200 4201
f 4197 4201 4200
f 4197 4201 4202
f 4197 4202 4201
f 4197 4202 4203
f 4197 4203 4202
f 4197 4203 4204
f 4197 4204 4203
f 4197 4204 4205
f 4197 4205 4204
f 4197 4205 4206
f 4197 4206 4205
f 4197 4206 4207
f 4197 4207 4206
f 4197 4207 4208
f 4197 4208 4207
f 4197 4208 4209
f 4197 4209 4208
f 4197 4209 4210
f 4197 4210 4209
f 4197 4210 4211
f 4197 4211 4210
f 4197 4211 4212
f 4197 4212 4211
f 4197 4212 4213
f 4197 4213 4212
f 4197 4213 4214
f 4197 4214 4213
f 4197 4214 4215
f 4197 4215 4214
f 4197 4215 4216
f 4197 4216 4215
f 4197 4216 4217
f 4197 4217 4216
f 4197 4217 4218
f 4197 4218 4217
f 4197 4218 4219
f 4197 4219 4218
f 4197 4219 4220
f 4197 4220 4219
f 4197 4220 4221
f 4197 4221 4220
f 4197 4221 4222
f 4197 4222 4221
f 4197 4222 4223
f 4197 4223 4222
f 4197 4223 4224
f 4197 4224 4223
f 4197 4224 4225
f 4197 4225 4224
f 4197 4225 4226
f 4197 4226 4225
f 4197 4226 4227
f 4197 4227 4226
f 4197 4227 4228
f 4197 4228 4227
f 4197 4228 4229
f 4197 4229 4228
f 4197 4229 4230
f 4197 4230 4229
f 4197 4230 4231
f 4197 4231 4230
f 4197 4231 4232
f 4197 4232 4231
f 4197 4232 4233
f 4197 4233 4232
f 4197 4233 4234
f 4197 4234 4233
f 4197 4234 4235
f 4197 4235 4234
f 4197 4235 4236
f 4197 4236 4235
f 4197 4236 4237
f 4197 4237 4236
f 4197 4237 4238
f 4197 4238 4237
f 4197 4238 4239
f 4197 4239 4238
f 4197 4239 4240
f 4197 4240 4239
f 4197 4240 4241
f 4197 4241 4240
f 4197 4241 4242
f 4197 4242 4241
v 0.102969 0.593341 -0.062710
v 0.102576 0.590832 -0.065733
v 0.101346 0.588080 -0.068540
v 0.099161 0.585053 -0.071099
v 0.096081 0.581768 -0.073426
v 0.092291 0.578277 -0.075570
v 0.088071 0.574662 -0.077601
v 0.083760 0.571021 -0.079610
v 0.079723 0.567459 -0.081689
v 0.076308 0.564077 -0.083929
v 0.073814 0.560961 -0.086408
v 0.072458 0.558173 -0.089182
v 0.072356 0.555747 -0.092281
v 0.073507 0.553684 -0.095704
v 0.075796 0.551949 -0.099423
v 0.079006 0.550479 -0.103380
v 0.082839 0.549190 -0.107498
v 0.086945 0.547980 -0.111687
v 0.090960 0.546743 -0.115853
v 0.094545 0.545382 -0.119907
v 0.097421 0.543817 -0.123777
v 0.099400 0.541992 -0.127415
v 0.100426 0.539892 -0.130806
v 0.100614 0.537550 -0.133980
v 0.101007 0.540060 -0.130957
v 0.102237 0.542811 -0.128150
v 0.104422 0.545838 -0.125591
v 0.107502 0.549124 -0.123264
v 0.111292 0.552615 -0.121121
v 0.115512 0.556229 -0.119089
v 0.119823 0.559870 -0.117081
v 0.123860 0.563432 -0.115001
v 0.127275 0.566815 -0.112761
v 0.129769 0.569931 -0.110282
v 0.131124 0.572719 -0.107508
v 0.131227 0.575144 -0.104409
v 0.130076 0.577208 -0.100986
v 0.127787 0.578943 -0.097267
v 0.124577 0.580412 -0.093310
v 0.120744 0.581702 -0.089192
v 0.116638 0.582912 -0.085003
v 0.112623 0.584148 -0.080837
v 0.109037 0.585509 -0.076783
v 0.106162 0.587075 -0.072913
v 0.104182 0.588900 -0.069275
v 0.103157 0.591000 -0.065884
f 4243 4244 4245
f 4243 4245 4244
f 4243 4245 4246
f 4243 4246 4245
f 4243 4246 4247
f 4243 4247 4246
f 4243 4247 4248
f 4243 4248 4247
f 4243 4248 4249
f 4243 4249 4248
f 4243 4249 4250
f 4243 4250 4249
f 4243 4250 4251
f 4243 4251 4250
f 4243 4251 4252
f 4243 4252 4251
f 4243 4252 4253
f 4243 4253 4252
f 4243 4253 4254
f 4243 4254 4253
f 4243 4254 4255
f 4243 4255 4254
f 4243 4255 4256
f 4243 4256 4255
f 4243 4256 4257
f 4243 4257 4256
f 4243 4257 4258
f 4243 4258 4257
f 4243 4258 4259
f 4243 4259 4258
f 4243 4259 4260
f 4243 4260 4259
f 4243 4260 4261
f 4243 4261 4260
f 4243 4261 4262
f 4243 4262 4261
f 4243 4262 4263
f 4243 4263 4262
f 4243 4263 4264
f 4243 4264 4263
f 4243 4264 4265
f 4243 4265 4264
f 4243 4265 4266
f 4243 4266 4265
f 4243 4266 4267
f 4243 4267 4266
f 4243 4267 4268
f 4243 4268 4267
f 4243 4268 4269
f 4243 4269 4268
f 4243 4269 4270
f 4243 4270 4269
f 4243 4270 4271
f 4243 4271 4270
f 4243 4271 4272
f 4243 4272 4271
f 4243 4272 4273
f 4243 4273 4272
f 4243 4273 4274
f 4243 4274 4273
f 4243 4274 4275
f 4243 4275 4274
f 4243 4275 4276
f 4243 4276 4275
f 4243 4276 4277
f 4243 4277 4276
f 4243 4277 4278
f 4243 4278 4277
f 4243 4278 4279
f 4243 4279 4278
f 4243 4279 4280
f 4243 4280 4279
f 4243 4280 4281
f 4243 4281 4280
f 4243 4281 4282
f 4243 4282 4281
f 4243 4282 4283
f 4243 4283 4282
f 4243 4283 4284
f 4243 4284 4283
f 4243 4284 4285
f 4243 4285 4284
f 4243 4285 4286
f 4243 4286 4285
f 4243 4286 4287
f 4243 4287 4286
f 4243 4287 4288
f 4243 4288 4287
v 0.123794 0.539776 -0.057212
v 0.118796 0.542603 -0.056202
v 0.115127 0.544350 -0.052022
v 0.114188 0.544350 -0.046268
v 0.116338 0.542603 -0.041138
v 0.120755 0.539776 -0.038592
v 0.125753 0.536949 -0.039602
v 0.129422 0.535202 -0.043782
v 0.130361 0.535202 -0.049536
v 0.128211 0.536949 -0.054665
v 0.153379 0.591187 -0.049325
v 0.149981 0.593109 -0.048638
v 0.147486 0.594297 -0.045796
v 0.146847 0.594297 -0.041883
v 0.148309 0.593109 -0.038395
v 0.151313 0.591187 -0.036663
v 0.154711 0.589264 -0.037350
v 0.157206 0.588076 -0.040193
v 0.157845 0.588076 -0.044105
v 0.156383 0.589264 -0.047593
f 4289 4290 4300
f 4289 4300 4299
f 4290 4291 4301
f 4290 4301 4300
f 4291 4292 4302
f 4291 4302 4301
f 4292 4293 4303
f 4292 4303 4302
f 4293 4294 4304
f 4293 4304 4303
f 4294 4295 4305
f 4294 4305 4304
f 4295 4296 4306
f 4295 4306 4305
f 4296 4297 4307
f 4296 4307 4306
f 4297 4298 4308
f 4297 4308 4307
f 4298 4289 4299
f 4298 4299 4308
v 0.152346 0.591187 -0.042994
v 0.152175 0.588866 -0.047942
v 0.151044 0.587140 -0.053225
v 0.148766 0.586123 -0.058910
v 0.145377 0.585792 -0.064983
v 0.141083 0.586021 -0.071372
v 0.136219 0.586603 -0.077961
v 0.131203 0.587278 -0.084603
v 0.126491 0.587766 -0.091138
v 0.122529 0.587790 -0.097412
v 0.119697 0.587115 -0.103290
v 0.118276 0.585567 -0.108674
v 0.118415 0.583055 -0.113514
v 0.120114 0.579579 -0.117808
v 0.123223 0.575231 -0.121609
v 0.127464 0.570183 -0.125015
v 0.132453 0.564672 -0.128159
v 0.137747 0.558973 -0.131196
v 0.142889 0.553368 -0.134286
v 0.147460 0.548115 -0.137576
v 0.151127 0.543422 -0.141183
v 0.153684 0.539416 -0.145177
v 0.155092 0.536119 -0.149573
v 0.155541 0.533415 -0.154304
v 0.155712 0.535736 -0.149356
v 0.156843 0.537462 -0.144072
v 0.159121 0.538479 -0.138388
v 0.162510 0.538810 -0.132315
v 0.166804 0.538581 -0.125926
v 0.171668 0.537999 -0.119337
v 0.176684 0.537324 -0.112695
v 0.181396 0.536836 -0.106160
v 0.185359 0.536812 -0.099886
v 0.188190 0.537487 -0.094008
v 0.189611 0.539035 -0.088623
v 0.189472 0.541547 -0.083784
v 0.187774 0.545023 -0.079489
v 0.184664 0.549371 -0.075688
v 0.180423 0.554419 -0.072283
v 0.175434 0.559930 -0.069139
v 0.170140 0.565629 -0.066102
v 0.164998 0.571234 -0.063011
v 0.160427 0.576487 -0.059721
v 0.156760 0.581180 -0.056115
v 0.154203 0.585186 -0.052121
v 0.152795 0.588483 -0.047725
f 4309 4310 4311
f 4309 4311 4310
f 4309 4311 4312
f 4309 4312 4311
f 4309 4312 4313
f 4309 4313 4312
f 4309 4313 4314
f 4309 4314 4313
f 4309 4314 4315
f 4309 4315 4314
f 4309 4315 4316
f 4309 4316 4315
f 4309 4316 4317
f 4309 4317 4316
f 4309 4317 4318
f 4309 4318 4317
f 4309 4318 4319
f 4309 4319 4318
f 4309 4319 4320
f 4309 4320 4319
f 4309 4320 4321
f 4309 4321 4320
f 4309 4321 4322
f 4309 4322 4321
f 4309 4322 4323
f 4309 4323 4322
f 4309 4323 4324
f 4309 4324 4323
f 4309 4324 4325
f 4309 4325 4324
f 4309 4325 4326
f 4309 4326 4325
f 4309 4326 4327
f 4309 4327 4326
f 4309 4327 4328
f 4309 4328 4327
f 4309 4328 4329
f 4309 4329 4328
f 4309 4329 4330
f 4309 4330 4329
f 4309 4330 4331
f 4309 4331 4330
f 4309 4331 4332
f 4309 4332 4331
f 4309 4332 4333
f 4309 4333 4332
f 4309 4333 4334
f 4309 4334 4333
f 4309 4334 4335
f 4309 4335 4334
f 4309 4335 4336
f 4309 4336 4335
f 4309 4336 4337
f 4309 4337 4336
f 4309 4337 4338
f 4309 4338 4337
f 4309 4338 4339
f 4309 4339 4338
f 4309 4339 4340
f 4309 4340 4339
f 4309 4340 4341
f 4309 4341 4340
f 4309 4341 4342
f 4309 4342 4341
f 4309 4342 4343
f 4309 4343 4342
f 4309 4343 4344
f 4309 4344 4343
f 4309 4344 4345
f 4309 4345 4344
f 4309 4345 4346
f 4309 4346 4345
f 4309 4346 4347
f 4309 4347 4346
f 4309 4347 4348
f 4309 4348 4347
f 4309 4348 4349
f 4309 4349 4348
f 4309 4349 4350
f 4309 4350 4349
f 4309 4350 4351
f 4309 4351 4350
f 4309 4351 4352
f 4309 4352 4351
f 4309 4352 4353
f 4309 4353 4352
f 4309 4353 4354
f 4309 4354 4353
v 0.152346 0.591187 -0.042994
v 0.151186 0.589058 -0.038647
v 0.151162 0.586249 -0.034144
v 0.152231 0.582787 -0.029490
v 0.154221 0.578775 -0.024709
v 0.156866 0.574370 -0.019839
v 0.159842 0.569768 -0.014923
v 0.162788 0.565183 -0.010011
v 0.165344 0.560832 -0.005152
v 0.167175 0.556914 -0.000394
v 0.168005 0.553596 0.004227
v 0.167633 0.550996 0.008683
v 0.165956 0.549176 0.012959
v 0.162974 0.548136 0.017055
v 0.158792 0.547815 0.020986
v 0.153607 0.548093 0.024780
v 0.147698 0.548805 0.028473
v 0.141398 0.549750 0.032113
v 0.135069 0.550713 0.035749
v 0.129070 0.551478 0.039430
v 0.123727 0.551850 0.043202
v 0.119305 0.551673 0.047100
v 0.115975 0.550841 0.051149
v 0.113782 0.549331 0.055354
v 0.114942 0.551460 0.051006
v 0.114966 0.554268 0.046503
v 0.113897 0.557730 0.041849
v 0.111907 0.561742 0.037069
v 0.109262 0.566147 0.032198
v 0.106286 0.570749 0.027282
v 0.103340 0.575334 0.022370
v 0.100784 0.579685 0.017512
v 0.098953 0.583603 0.012753
v 0.098123 0.586922 0.008132
v 0.098495 0.589522 0.003677
v 0.100172 0.591342 -0.000599
v 0.103154 0.592381 -0.004696
v 0.107336 0.592702 -0.008627
v 0.112521 0.592424 -0.012420
v 0.118430 0.591712 -0.016114
v 0.124730 0.590767 -0.019754
v 0.131059 0.589805 -0.023390
v 0.137058 0.589039 -0.027071
v 0.142401 0.588667 -0.030842
v 0.146823 0.588845 -0.034741
v 0.150153 0.589676 -0.038789
f 4355 4356 4357
f 4355 4357 4356
f 4355 4357 4358
f 4355 4358 4357
f 4355 4358 4359
f 4355 4359 4358
f 4355 4359 4360
f 4355 4360 4359
f 4355 4360 4361
f 4355 4361 4360
f 4355 4361 4362
f 4355 4362 4361
f 4355 4362 4363
f 4355 4363 4362
f 4355 4363 4364
f 4355 4364 4363
f 4355 4364 4365
f 4355 4365 4364
f 4355 4365 4366
f 4355 4366 4365
f 4355 4366 4367
f 4355 4367 4366
f 4355 4367 4368
f 4355 4368 4367
f 4355 4368 4369
f 4355 4369 4368
f 4355 4369 4370
f 4355 4370 4369
f 4355 4370 4371
f 4355 4371 4370
f 4355 4371 4372
f 4355 4372 4371
f 4355 4372 4373
f 4355 4373 4372
f 4355 4373 4374
f 4355 4374 4373
f 4355 4374 4375
f 4355 4375 4374
f 4355 4375 4376
f 4355 4376 4375
f 4355 4376 4377
f 4355 4377 4376
f 4355 4377 4378
f 4355 4378 4377
f 4355 4378 4379
f 4355 4379 4378
f 4355 4379 4380
f 4355 4380 4379
f 4355 4380 4381
f 4355 4381 4380
f 4355 4381 4382
f 4355 4382 4381
f 4355 4382 4383
f 4355 4383 4382
f 4355 4383 4384
f 4355 4384 4383
f 4355 4384 4385
f 4355 4385 4384
f 4355 4385 4386
f 4355 4386 4385
f 4355 4386 4387
f 4355 4387 4386
f 4355 4387 4388
f 4355 4388 4387
f 4355 4388 4389
f 4355 4389 4388
f 4355 4389 4390
f 4355 4390 4389
f 4355 4390 4391
f 4355 4391 4390
f 4355 4391 4392
f 4355 4392 4391
f 4355 4392 4393
f 4355 4393 4392
f 4355 4393 4394
f 4355 4394 4393
f 4355 4394 4395
f 4355 4395 4394
f 4355 4395 4396
f 4355 4396 4395
f 4355 4396 4397
f 4355 4397 4396
f 4355 4397 4398
f 4355 4398 4397
f 4355 4398 4399
f 4355 4399 4398
f 4355 4399 4400
f 4355 4400 4399
v 0.113401 0.450015 -0.009454
v 0.108465 0.455088 -0.014292
v 0.100538 0.458222 -0.015209
v 0.092649 0.458222 -0.011853
v 0.087810 0.455088 -0.005508
v 0.087870 0.450015 0.001404
v 0.092807 0.444943 0.006242
v 0.100734 0.441808 0.007158
v 0.108623 0.441808 0.003803
v 0.113462 0.444943 -0.002543
v 0.132556 0.524753 0.046929
v 0.129199 0.528202 0.043639
v 0.123809 0.530333 0.043016
v 0.118444 0.530333 0.045298
v 0.115154 0.528202 0.049612
v 0.115195 0.524753 0.054312
v 0.118552 0.521303 0.057602
v 0.123942 0.519172 0.058225
v 0.129307 0.519172 0.055944
v 0.132597 0.521303 0.051629
f 4401 4402 4412
f 4401 4412 4411
f 4402 4403 4413
f 4402 4413 4412
f 4403 4404 4414
f 4403 4414 4413
f 4404 4405 4415
f 4404 4415 4414
f 4405 4406 4416
f 4405 4416 4415
f 4406 4407 4417
f 4406 4417 4416
f 4407 4408 4418
f 4407 4418 4417
f 4408 4409 4419
f 4408 4419 4418
f 4409 4410 4420
f 4409 4420 4419
f 4410 4401 4411
f 4410 4411 4420
v 0.123875 0.524753 0.050621
v 0.126890 0.525008 0.047618
v 0.129698 0.525469 0.044420
v 0.132050 0.526387 0.040792
v 0.133748 0.527961 0.036545
v 0.134710 0.530272 0.031603
v 0.135005 0.533250 0.026032
v 0.134860 0.536670 0.020045
v 0.134620 0.540185 0.013968
v 0.134696 0.543383 0.008189
v 0.135490 0.545862 0.003089
v 0.137320 0.547303 -0.001033
v 0.140361 0.547531 -0.004010
v 0.144614 0.546546 -0.005844
v 0.149902 0.544524 -0.006699
v 0.155908 0.541782 -0.006876
v 0.162230 0.538724 -0.006754
v 0.168458 0.535760 -0.006721
v 0.174245 0.533239 -0.007106
v 0.179366 0.531384 -0.008119
v 0.183750 0.530267 -0.009828
v 0.187480 0.529805 -0.012155
v 0.190754 0.529800 -0.014912
v 0.193822 0.530001 -0.017864
v 0.190808 0.529746 -0.014861
v 0.188000 0.529284 -0.011663
v 0.185648 0.528366 -0.008035
v 0.183950 0.526793 -0.003789
v 0.182988 0.524481 0.001153
v 0.182692 0.521503 0.006724
v 0.182838 0.518083 0.012712
v 0.183078 0.514569 0.018789
v 0.183002 0.511371 0.024567
v 0.182208 0.508892 0.029667
v 0.180378 0.507450 0.033789
v 0.177337 0.507222 0.036767
v 0.173084 0.508207 0.038600
v 0.167796 0.510230 0.039455
v 0.161790 0.512971 0.039632
v 0.155467 0.516029 0.039510
v 0.149239 0.518993 0.039478
v 0.143453 0.521515 0.039862
v 0.138332 0.523370 0.040875
v 0.133948 0.524487 0.042584
v 0.130218 0.524949 0.044911
v 0.126943 0.524954 0.047668
f 4421 4422 4423
f 4421 4423 4422
f 4421 4423 4424
f 4421 4424 4423
f 4421 4424 4425
f 4421 4425 4424
f 4421 4425 4426
f 4421 4426 4425
f 4421 4426 4427
f 4421 4427 4426
f 4421 4427 4428
f 4421 4428 4427
f 4421 4428 4429
f 4421 4429 4428
f 4421 4429 4430
f 4421 4430 4429
f 4421 4430 4431
f 4421 4431 4430
f 4421 4431 4432
f 4421 4432 4431
f 4421 4432 4433
f 4421 4433 4432
f 4421 4433 4434
f 4421 4434 4433
f 4421 4434 4435
f 4421 4435 4434
f 4421 4435 4436
f 4421 4436 4435
f 4421 4436 4437
f 4421 4437 4436
f 4421 4437 4438
f 4421 4438 4437
f 4421 4438 4439
f 4421 4439 4438
f 4421 4439 4440
f 4421 4440 4439
f 4421 4440 4441
f 4421 4441 4440
f 4421 4441 4442
f 4421 4442 4441
f 4421 4442 4443
f 4421 4443 4442
f 4421 4443 4444
f 4421 4444 4443
f 4421 4444 4445
f 4421 4445 4444
f 4421 4445 4446
f 4421 4446 4445
f 4421 4446 4447
f 4421 4447 4446
f 4421 4447 4448
f 4421 4448 4447
f 4421 4448 4449
f 4421 4449 4448
f 4421 4449 4450
f 4421 4450 4449
f 4421 4450 4451
f 4421 4451 4450
f 4421 4451 4452
f 4421 4452 4451
f 4421 4452 4453
f 4421 4453 4452
f 4421 4453 4454
f 4421 4454 4453
f 4421 4454 4455
f 4421 4455 4454
f 4421 4455 4456
f 4421 4456 4455
f 4421 4456 4457
f 4421 4457 4456
f 4421 4457 4458
f 4421 4458 4457
f 4421 4458 4459
f 4421 4459 4458
f 4421 4459 4460
f 4421 4460 4459
f 4421 4460 4461
f 4421 4461 4460
f 4421 4461 4462
f 4421 4462 4461
f 4421 4462 4463
f 4421 4463 4462
f 4421 4463 4464
f 4421 4464 4463
f 4421 4464 4465
f 4421 4465 4464
f 4421 4465 4466
f 4421 4466 4465
v 0.123875 0.524753 0.050621
v 0.121965 0.525347 0.048225
v 0.119492 0.525851 0.046193
v 0.116350 0.526247 0.044594
v 0.112562 0.526538 0.043412
v 0.108250 0.526744 0.042569
v 0.103609 0.526898 0.041938
v 0.098883 0.527037 0.041363
v 0.094336 0.527205 0.040672
v 0.090226 0.527444 0.039698
v 0.086774 0.527790 0.038300
v 0.084142 0.528268 0.036370
v 0.082415 0.528892 0.033856
v 0.081594 0.529663 0.030756
v 0.081593 0.530567 0.027126
v 0.082250 0.531577 0.023071
v 0.083343 0.532658 0.018733
v 0.084617 0.533768 0.014279
v 0.085804 0.534864 0.009881
v 0.086663 0.535906 0.005695
v 0.086997 0.536864 0.001848
v 0.086687 0.537718 -0.001582
v 0.085707 0.538463 -0.004579
v 0.084164 0.539117 -0.007212
v 0.086074 0.538522 -0.004816
v 0.088547 0.538019 -0.002784
v 0.091690 0.537623 -0.001185
v 0.095477 0.537332 -0.000004
v 0.099789 0.537126 0.000840
v 0.104430 0.536972 0.001470
v 0.109156 0.536833 0.002045
v 0.113703 0.536665 0.002737
v 0.117813 0.536426 0.003710
v 0.121265 0.536080 0.005109
v 0.123898 0.535602 0.007038
v 0.125624 0.534977 0.009553
v 0.126445 0.534206 0.012652
v 0.126446 0.533303 0.016283
v 0.125789 0.532293 0.020338
v 0.124696 0.531212 0.024676
v 0.123423 0.530102 0.029129
v 0.122235 0.529006 0.033528
v 0.121376 0.527964 0.037714
v 0.121042 0.527006 0.041561
v 0.121352 0.526152 0.044991
v 0.122332 0.525407 0.047988
f 4467 4468 4469
f 4467 4469 4468
f 4467 4469 4470
f 4467 4470 4469
f 4467 4470 4471
f 4467 4471 4470
f 4467 4471 4472
f 4467 4472 4471
f 4467 4472 4473
f 4467 4473 4472
f 4467 4473 4474
f 4467 4474 4473
f 4467 4474 4475
f 4467 4475 4474
f 4467 4475 4476
f 4467 4476 4475
f 4467 4476 4477
f 4467 4477 4476
f 4467 4477 4478
f 4467 4478 4477
f 4467 4478 4479
f 4467 4479 4478
f 4467 4479 4480
f 4467 4480 4479
f 4467 4480 4481
f 4467 4481 4480
f 4467 4481 4482
f 4467 4482 4481
f 4467 4482 4483
f 4467 4483 4482
f 4467 4483 4484
f 4467 4484 4483
f 4467 4484 4485
f 4467 4485 4484
f 4467 4485 4486
f 4467 4486 4485
f 4467 4486 4487
f 4467 4487 4486
f 4467 4487 4488
f 4467 4488 4487
f 4467 4488 4489
f 4467 4489 4488
f 4467 4489 4490
f 4467 4490 4489
f 4467 4490 4491
f 4467 4491 4490
f 4467 4491 4492
f 4467 4492 4491
f 4467 4492 4493
f 4467 4493 4492
f 4467 4493 4494
f 4467 4494 4493
f 4467 4494 4495
f 4467 4495 4494
f 4467 4495 4496
f 4467 4496 4495
f 4467 4496 4497
f 4467 4497 4496
f 4467 4497 4498
f 4467 4498 4497
f 4467 4498 4499
f 4467 4499 4498
f 4467 4499 4500
f 4467 4500 4499
f 4467 4500 4501
f 4467 4501 4500
f 4467 4501 4502
f 4467 4502 4501
f 4467 4502 4503
f 4467 4503 4502
f 4467 4503 4504
f 4467 4504 4503
f 4467 4504 4505
f 4467 4505 4504
f 4467 4505 4506
f 4467 4506 4505
f 4467 4506 4507
f 4467 4507 4506
f 4467 4507 4508
f 4467 4508 4507
f 4467 4508 4509
f 4467 4509 4508
f 4467 4509 4510
f 4467 4510 4509
f 4467 4510 4511
f 4467 4511 4510
f 4467 4511 4512
f 4467 4512 4511
v 0.123875 0.524753 0.050621
v 0.123062 0.522002 0.052058
v 0.122957 0.518992 0.053548
v 0.123635 0.515697 0.055096
v 0.125030 0.512140 0.056696
v 0.126982 0.508380 0.058338
v 0.129262 0.504500 0.060003
v 0.131595 0.500601 0.061673
v 0.133693 0.496787 0.063325
v 0.135281 0.493160 0.064940
v 0.136124 0.489805 0.066500
v 0.136053 0.486783 0.067992
v 0.134979 0.484126 0.069410
v 0.132903 0.481836 0.070755
v 0.129912 0.479880 0.072031
v 0.126177 0.478195 0.073253
v 0.121931 0.476696 0.074438
v 0.117450 0.475283 0.075605
v 0.113023 0.473851 0.076776
v 0.108923 0.472299 0.077971
v 0.105381 0.470544 0.079207
v 0.102556 0.468527 0.080496
v 0.100512 0.466224 0.081843
v 0.099178 0.463663 0.083242
v 0.099992 0.466414 0.081805
v 0.100096 0.469424 0.080315
v 0.099419 0.472719 0.078767
v 0.098024 0.476276 0.077167
v 0.096072 0.480036 0.075525
v 0.093792 0.483916 0.073860
v 0.091459 0.487815 0.072190
v 0.089361 0.491628 0.070538
v 0.087773 0.495256 0.068923
v 0.086930 0.498611 0.067363
v 0.087001 0.501633 0.065871
v 0.088074 0.504289 0.064453
v 0.090151 0.506579 0.063108
v 0.093142 0.508536 0.061831
v 0.096877 0.510221 0.060609
v 0.101123 0.511720 0.059425
v 0.105603 0.513133 0.058258
v 0.110031 0.514565 0.057087
v 0.114131 0.516117 0.055892
v 0.117673 0.517872 0.054656
v 0.120498 0.519889 0.053367
v 0.122541 0.522191 0.052020
f 4513 4514 4515
f 4513 4515 4514
f 4513 4515 4516
f 4513 4516 4515
f 4513 4516 4517
f 4513 4517 4516
f 4513 4517 4518
f 4513 4518 4517
f 4513 4518 4519
f 4513 4519 4518
f 4513 4519 4520
f 4513 4520 4519
f 4513 4520 4521
f 4513 4521 4520
f 4513 4521 4522
f 4513 4522 4521
f 4513 4522 4523
f 4513 4523 4522
f 4513 4523 4524
f 4513 4524 4523
f 4513 4524 4525
f 4513 4525 4524
f 4513 4525 4526
f 4513 4526 4525
f 4513 4526 4527
f 4513 4527 4526
f 4513 4527 4528
f 4513 4528 4527
f 4513 4528 4529
f 4513 4529 4528
f 4513 4529 4530
f 4513 4530 4529
f 4513 4530 4531
f 4513 4531 4530
f 4513 4531 4532
f 4513 4532 4531
f 4513 4532 4533
f 4513 4533 4532
f 4513 4533 4534
f 4513 4534 4533
f 4513 4534 4535
f 4513 4535 4534
f 4513 4535 4536
f 4513 4536 4535
f 4513 4536 4537
f 4513 4537 4536
f 4513 4537 4538
f 4513 4538 4537
f 4513 4538 4539
f 4513 4539 4538
f 4513 4539 4540
f 4513 4540 4539
f 4513 4540 4541
f 4513 4541 4540
f 4513 4541 4542
f 4513 4542 4541
f 4513 4542 4543
f 4513 4543 4542
f 4513 4543 4544
f 4513 4544 4543
f 4513 4544 4545
f 4513 4545 4544
f 4513 4545 4546
f 4513 4546 4545
f 4513 4546 4547
f 4513 4547 4546
f 4513 4547 4548
f 4513 4548 4547
f 4513 4548 4549
f 4513 4549 4548
f 4513 4549 4550
f 4513 4550 4549
f 4513 4550 4551
f 4513 4551 4550
f 4513 4551 4552
f 4513 4552 4551
f 4513 4552 4553
f 4513 4553 4552
f 4513 4553 4554
f 4513 4554 4553
f 4513 4554 4555
f 4513 4555 4554
f 4513 4555 4556
f 4513 4556 4555
f 4513 4556 4557
f 4513 4557 4556
f 4513 4557 4558
f 4513 4558 4557
v 0.131861 0.524753 0.045600
v 0.129850 0.530221 0.045785
v 0.125556 0.533601 0.047817
v 0.120620 0.533601 0.050919
v 0.116928 0.530221 0.053908
v 0.115889 0.524753 0.055641
v 0.117901 0.519284 0.055456
v 0.122195 0.515904 0.053425
v 0.127131 0.515904 0.050322
v 0.130823 0.519284 0.047333
v 0.157663 0.533662 0.092315
v 0.156294 0.537381 0.092441
v 0.153375 0.539679 0.093822
v 0.150018 0.539679 0.095932
v 0.147508 0.537381 0.097964
v 0.146802 0.533662 0.099143
v 0.148170 0.529944 0.099017
v 0.151089 0.527646 0.097636
v 0.154446 0.527646 0.095526
v 0.156956 0.529944 0.093494
f 4559 4560 4570
f 4559 4570 4569
f 4560 4561 4571
f 4560 4571 4570
f 4561 4562 4572
f 4561 4572 4571
f 4562 4563 4573
f 4562 4573 4572
f 4563 4564 4574
f 4563 4574 4573
f 4564 4565 4575
f 4564 4575 4574
f 4565 4566 4576
f 4565 4576 4575
f 4566 4567 4577
f 4566 4577 4576
f 4567 4568 4578
f 4567 4578 4577
f 4568 4559 4569
f 4568 4569 4578
v 0.152232 0.533662 0.095729
v 0.154544 0.533208 0.093063
v 0.156876 0.533421 0.090252
v 0.159235 0.534510 0.087251
v 0.161622 0.536495 0.084056
v 0.164033 0.539251 0.080693
v 0.166461 0.542528 0.077217
v 0.168894 0.545990 0.073702
v 0.171321 0.549257 0.070228
v 0.173730 0.551952 0.066879
v 0.176111 0.553741 0.063726
v 0.178456 0.554381 0.060822
v 0.180762 0.553740 0.058197
v 0.183028 0.551818 0.055849
v 0.185259 0.548746 0.053751
v 0.187461 0.544769 0.051850
v 0.189646 0.540219 0.050072
v 0.191824 0.535474 0.048337
v 0.194009 0.530915 0.046562
v 0.196209 0.526877 0.044674
v 0.198433 0.523609 0.042618
v 0.200686 0.521238 0.040368
v 0.202965 0.519743 0.037928
v 0.205265 0.518915 0.035343
v 0.202953 0.519369 0.038009
v 0.200621 0.519156 0.040820
v 0.198262 0.518067 0.043821
v 0.195875 0.516082 0.047016
v 0.193463 0.513326 0.050379
v 0.191036 0.510050 0.053855
v 0.188603 0.506587 0.057371
v 0.186176 0.503320 0.060844
v 0.183767 0.500625 0.064194
v 0.181386 0.498836 0.067347
v 0.179041 0.498196 0.070250
v 0.176735 0.498837 0.072875
v 0.174469 0.500759 0.075223
v 0.172238 0.503832 0.077321
v 0.170036 0.507808 0.079223
v 0.167851 0.512358 0.081000
v 0.165673 0.517103 0.082735
v 0.163488 0.521662 0.084510
v 0.161288 0.525700 0.086398
v 0.159063 0.528968 0.088454
v 0.156811 0.531339 0.090704
v 0.154532 0.532834 0.093144
f 4579 4580 4581
f 4579 4581 4580
f 4579 4581 4582
f 4579 4582 4581
f 4579 4582 4583
f 4579 4583 4582
f 4579 4583 4584
f 4579 4584 4583
f 4579 4584 4585
f 4579 4585 4584
f 4579 4585 4586
f 4579 4586 4585
f 4579 4586 4587
f 4579 4587 4586
f 4579 4587 4588
f 4579 4588 4587
f 4579 4588 4589
f 4579 4589 4588
f 4579 4589 4590
f 4579 4590 4589
f 4579 4590 4591
f 4579 4591 4590
f 4579 4591 4592
f 4579 4592 4591
f 4579 4592 4593
f 4579 4593 4592
f 4579 4593 4594
f 4579 4594 4593
f 4579 4594 4595
f 4579 4595 4594
f 4579 4595 4596
f 4579 4596 4595
f 4579 4596 4597
f 4579 4597 4596
f 4579 4597 4598
f 4579 4598 4597
f 4579 4598 4599
f 4579 4599 4598
f 4579 4599 4600
f 4579 4600 4599
f 4579 4600 4601
f 4579 4601 4600
f 4579 4601 4602
f 4579 4602 4601
f 4579 4602 4603
f 4579 4603 4602
f 4579 4603 4604
f 4579 4604 4603
f 4579 4604 4605
f 4579 4605 4604
f 4579 4605 4606
f 4579 4606 4605
f 4579 4606 4607
f 4579 4607 4606
f 4579 4607 4608
f 4579 4608 4607
f 4579 4608 4609
f 4579 4609 4608
f 4579 4609 4610
f 4579 4610 4609
f 4579 4610 4611
f 4579 4611 4610
f 4579 4611 4612
f 4579 4612 4611
f 4579 4612 4613
f 4579 4613 4612
f 4579 4613 4614
f 4579 4614 4613
f 4579 4614 4615
f 4579 4615 4614
f 4579 4615 4616
f 4579 4616 4615
f 4579 4616 4617
f 4579 4617 4616
f 4579 4617 4618
f 4579 4618 4617
f 4579 4618 4619
f 4579 4619 4618
f 4579 4619 4620
f 4579 4620 4619
f 4579 4620 4621
f 4579 4621 4620
f 4579 4621 4622
f 4579 4622 4621
f 4579 4622 4623
f 4579 4623 4622
f 4579 4623 4624
f 4579 4624 4623
v 0.152232 0.533662 0.095729
v 0.147318 0.535466 0.097296
v 0.142258 0.536731 0.099061
v 0.136920 0.536971 0.101203
v 0.131220 0.535879 0.103836
v 0.125144 0.533398 0.106980
v 0.118751 0.529750 0.110553
v 0.112171 0.525411 0.114381
v 0.105582 0.521038 0.118221
v 0.099183 0.517367 0.121803
v 0.093163 0.515093 0.124870
v 0.087668 0.514755 0.127226
v 0.082778 0.516646 0.128760
v 0.078492 0.520767 0.129474
v 0.074732 0.526823 0.129476
v 0.071350 0.534277 0.128964
v 0.068159 0.542432 0.128193
v 0.064959 0.550553 0.127435
v 0.061571 0.557984 0.126931
v 0.057866 0.564247 0.126857
v 0.053785 0.569122 0.127293
v 0.049343 0.572664 0.128220
v 0.044623 0.575182 0.129524
v 0.039756 0.577161 0.131027
v 0.044670 0.575357 0.129460
v 0.049730 0.574092 0.127695
v 0.055068 0.573852 0.125552
v 0.060768 0.574944 0.122920
v 0.066844 0.577425 0.119776
v 0.073237 0.581073 0.116203
v 0.079817 0.585412 0.112375
v 0.086406 0.589785 0.108535
v 0.092805 0.593456 0.104953
v 0.098825 0.595730 0.101886
v 0.104320 0.596068 0.099530
v 0.109210 0.594177 0.097996
v 0.113496 0.590056 0.097281
v 0.117256 0.584000 0.097280
v 0.120638 0.576547 0.097792
v 0.123829 0.568391 0.098563
v 0.127030 0.560270 0.099321
v 0.130417 0.552840 0.099825
v 0.134122 0.546576 0.099899
v 0.138203 0.541701 0.099463
v 0.142645 0.538159 0.098536
v 0.147365 0.535641 0.097231
f 4625 4626 4627
f 4625 4627 4626
f 4625 4627 4628
f 4625 4628 4627
f 4625 4628 4629
f 4625 4629 4628
f 4625 4629 4630
f 4625 4630 4629
f 4625 4630 4631
f 4625 4631 4630
f 4625 4631 4632
f 4625 4632 4631
f 4625 4632 4633
f 4625 4633 4632
f 4625 4633 4634
f 4625 4634 4633
f 4625 4634 4635
f 4625 4635 4634
f 4625 4635 4636
f 4625 4636 4635
f 4625 4636 4637
f 4625 4637 4636
f 4625 4637 4638
f 4625 4638 4637
f 4625 4638 4639
f 4625 4639 4638
f 4625 4639 4640
f 4625 4640 4639
f 4625 4640 4641
f 4625 4641 4640
f 4625 4641 4642
f 4625 4642 4641
f 4625 4642 4643
f 4625 4643 4642
f 4625 4643 4644
f 4625 4644 4643
f 4625 4644 4645
f 4625 4645 4644
f 4625 4645 4646
f 4625 4646 4645
f 4625 4646 4647
f 4625 4647 4646
f 4625 4647 4648
f 4625 4648 4647
f 4625 4648 4649
f 4625 4649 4648
f 4625 4649 4650
f 4625 4650 4649
f 4625 4650 4651
f 4625 4651 4650
f 4625 4651 4652
f 4625 4652 4651
f 4625 4652 4653
f 4625 4653 4652
f 4625 4653 4654
f 4625 4654 4653
f 4625 4654 4655
f 4625 4655 4654
f 4625 4655 4656
f 4625 4656 4655
f 4625 4656 4657
f 4625 4657 4656
f 4625 4657 4658
f 4625 4658 4657
f 4625 4658 4659
f 4625 4659 4658
f 4625 4659 4660
f 4625 4660 4659
f 4625 4660 4661
f 4625 4661 4660
f 4625 4661 4662
f 4625 4662 4661
f 4625 4662 4663
f 4625 4663 4662
f 4625 4663 4664
f 4625 4664 4663
f 4625 4664 4665
f 4625 4665 4664
f 4625 4665 4666
f 4625 4666 4665
f 4625 4666 4667
f 4625 4667 4666
f 4625 4667 4668
f 4625 4668 4667
f 4625 4668 4669
f 4625 4669 4668
f 4625 4669 4670
f 4625 4670 4669
v 0.126204 0.524753 0.041480
v 0.121182 0.527657 0.042060
v 0.117190 0.529453 0.045910
v 0.115751 0.529453 0.051559
v 0.117415 0.527657 0.056850
v 0.121547 0.524753 0.059762
v 0.126568 0.521848 0.059182
v 0.130561 0.520052 0.055332
v 0.132000 0.520052 0.049682
v 0.130336 0.521848 0.044391
v 0.156022 0.576027 0.052189
v 0.152607 0.578002 0.052584
v 0.149892 0.579223 0.055202
v 0.148914 0.579223 0.059043
v 0.150045 0.578002 0.062641
v 0.152855 0.576027 0.064621
v 0.156270 0.574052 0.064226
v 0.158985 0.572831 0.061608
v 0.159963 0.572831 0.057767
v 0.158831 0.574052 0.054169
f 4671 4672 4682
f 4671 4682 4681
f 4672 4673 4683
f 4672 4683 4682
f 4673 4674 4684
f 4673 4684 4683
f 4674 4675 4685
f 4674 4685 4684
f 4675 4676 4686
f 4675 4686 4685
f 4676 4677 4687
f 4676 4687 4686
f 4677 4678 4688
f 4677 4688 4687
f 4678 4679 4689
f 4678 4689 4688
f 4679 4680 4690
f 4679 4690 4689
f 4680 4671 4681
f 4680 4681 4690
v 0.154438 0.576027 0.058405
v 0.153221 0.575533 0.053935
v 0.151074 0.575577 0.049566
v 0.147885 0.576226 0.045309
v 0.143728 0.577435 0.041157
v 0.138813 0.579084 0.037088
v 0.133445 0.580996 0.033067
v 0.127991 0.582957 0.029056
v 0.122844 0.584740 0.025011
v 0.118377 0.586130 0.020893
v 0.114909 0.586940 0.016667
v 0.112671 0.587038 0.012307
v 0.111785 0.586351 0.007801
v 0.112251 0.584881 0.003149
v 0.113949 0.582697 -0.001636
v 0.116644 0.579935 -0.006530
v 0.120020 0.576778 -0.011497
v 0.123702 0.573444 -0.016497
v 0.127298 0.570159 -0.021489
v 0.130442 0.567137 -0.026431
v 0.132827 0.564555 -0.031291
v 0.134245 0.562533 -0.036046
v 0.134620 0.561116 -0.040688
v 0.134066 0.560237 -0.045230
v 0.135284 0.560731 -0.040760
v 0.137431 0.560686 -0.036391
v 0.140620 0.560038 -0.032134
v 0.144777 0.558829 -0.027983
v 0.149692 0.557179 -0.023913
v 0.155060 0.555268 -0.019892
v 0.160513 0.553307 -0.015881
v 0.165660 0.551523 -0.011836
v 0.170128 0.550134 -0.007718
v 0.173596 0.549323 -0.003492
v 0.175834 0.549226 0.000868
v 0.176720 0.549913 0.005373
v 0.176253 0.551383 0.010026
v 0.174556 0.553567 0.014811
v 0.171861 0.556329 0.019705
v 0.168485 0.559486 0.024672
v 0.164803 0.562820 0.029672
v 0.161206 0.566104 0.034663
v 0.158063 0.569127 0.039606
v 0.155678 0.571709 0.044466
v 0.154260 0.573730 0.049221
v 0.153884 0.575148 0.053863
f 4691 4692 4693
f 4691 4693 4692
f 4691 4693 4694
f 4691 4694 4693
f 4691 4694 4695
f 4691 4695 4694
f 4691 4695 4696
f 4691 4696 4695
f 4691 4696 4697
f 4691 4697 4696
f 4691 4697 4698
f 4691 4698 4697
f 4691 4698 4699
f 4691 4699 4698
f 4691 4699 4700
f 4691 4700 4699
f 4691 4700 4701
f 4691 4701 4700
f 4691 4701 4702
f 4691 4702 4701
f 4691 4702 4703
f 4691 4703 4702
f 4691 4703 4704
f 4691 4704 4703
f 4691 4704 4705
f 4691 4705 4704
f 4691 4705 4706
f 4691 4706 4705
f 4691 4706 4707
f 4691 4707 4706
f 4691 4707 4708
f 4691 4708 4707
f 4691 4708 4709
f 4691 4709 4708
f 4691 4709 4710
f 4691 4710 4709
f 4691 4710 4711
f 4691 4711 4710
f 4691 4711 4712
f 4691 4712 4711
f 4691 4712 4713
f 4691 4713 4712
f 4691 4713 4714
f 4691 4714 4713
f 4691 4714 4715
f 4691 4715 4714
f 4691 4715 4716
f 4691 4716 4715
f 4691 4716 4717
f 4691 4717 4716
f 4691 4717 4718
f 4691 4718 4717
f 4691 4718 4719
f 4691 4719 4718
f 4691 4719 4720
f 4691 4720 4719
f 4691 4720 4721
f 4691 4721 4720
f 4691 4721 4722
f 4691 4722 4721
f 4691 4722 4723
f 4691 4723 4722
f 4691 4723 4724
f 4691 4724 4723
f 4691 4724 4725
f 4691 4725 4724
f 4691 4725 4726
f 4691 4726 4725
f 4691 4726 4727
f 4691 4727 4726
f 4691 4727 4728
f 4691 4728 4727
f 4691 4728 4729
f 4691 4729 4728
f 4691 4729 4730
f 4691 4730 4729
f 4691 4730 4731
f 4691 4731 4730
f 4691 4731 4732
f 4691 4732 4731
f 4691 4732 4733
f 4691 4733 4732
f 4691 4733 4734
f 4691 4734 4733
f 4691 4734 4735
f 4691 4735 4734
f 4691 4735 4736
f 4691 4736 4735
v 0.154438 0.576027 0.058405
v 0.153182 0.574206 0.061076
v 0.152167 0.572238 0.063765
v 0.151687 0.569946 0.066493
v 0.151979 0.567185 0.069276
v 0.153143 0.563895 0.072122
v 0.155096 0.560125 0.075026
v 0.157576 0.556036 0.077967
v 0.160171 0.551878 0.080917
v 0.162394 0.547944 0.083840
v 0.163768 0.544526 0.086701
v 0.163916 0.541853 0.089474
v 0.162629 0.540050 0.092143
v 0.159907 0.539119 0.094709
v 0.155958 0.538933 0.097185
v 0.151161 0.539261 0.099600
v 0.145991 0.539815 0.101989
v 0.140938 0.540299 0.104385
v 0.136410 0.540464 0.106820
v 0.132672 0.540150 0.109312
v 0.129806 0.539306 0.111867
v 0.127711 0.537994 0.114477
v 0.126152 0.536357 0.117127
v 0.124834 0.534573 0.119794
v 0.126090 0.536394 0.117122
v 0.127105 0.538362 0.114434
v 0.127585 0.540654 0.111706
v 0.127293 0.543415 0.108923
v 0.126129 0.546705 0.106077
v 0.124176 0.550475 0.103173
v 0.121696 0.554564 0.100232
v 0.119102 0.558722 0.097282
v 0.116879 0.562656 0.094359
v 0.115504 0.566074 0.091497
v 0.115356 0.568747 0.088724
v 0.116643 0.570550 0.086055
v 0.119365 0.571481 0.083490
v 0.123314 0.571667 0.081013
v 0.128112 0.571339 0.078598
v 0.133281 0.570785 0.076210
v 0.138334 0.570301 0.073813
v 0.142862 0.570136 0.071379
v 0.146600 0.570450 0.068887
v 0.149467 0.571294 0.066332
v 0.151561 0.572606 0.063721
v 0.153120 0.574243 0.061072
f 4737 4738 4739
f 4737 4739 4738
f 4737 4739 4740
f 4737 4740 4739
f 4737 4740 4741
f 4737 4741 4740
f 4737 4741 4742
f 4737 4742 4741
f 4737 4742 4743
f 4737 4743 4742
f 4737 4743 4744
f 4737 4744 4743
f 4737 4744 4745
f 4737 4745 4744
f 4737 4745 4746
f 4737 4746 4745
f 4737 4746 4747
f 4737 4747 4746
f 4737 4747 4748
f 4737 4748 4747
f 4737 4748 4749
f 4737 4749 4748
f 4737 4749 4750
f 4737 4750 4749
f 4737 4750 4751
f 4737 4751 4750
f 4737 4751 4752
f 4737 4752 4751
f 4737 4752 4753
f 4737 4753 4752
f 4737 4753 4754
f 4737 4754 4753
f 4737 4754 4755
f 4737 4755 4754
f 4737 4755 4756
f 4737 4756 4755
f 4737 4756 4757
f 4737 4757 4756
f 4737 4757 4758
f 4737 4758 4757
f 4737 4758 4759
f 4737 4759 4758
f 4737 4759 4760
f 4737 4760 4759
f 4737 4760 4761
f 4737 4761 4760
f 4737 4761 4762
f 4737 4762 4761
f 4737 4762 4763
f 4737 4763 4762
f 4737 4763 4764
f 4737 4764 4763
f 4737 4764 4765
f 4737 4765 4764
f 4737 4765 4766
f 4737 4766 4765
f 4737 4766 4767
f 4737 4767 4766
f 4737 4767 4768
f 4737 4768 4767
f 4737 4768 4769
f 4737 4769 4768
f 4737 4769 4770
f 4737 4770 4769
f 4737 4770 4771
f 4737 4771 4770
f 4737 4771 4772
f 4737 4772 4771
f 4737 4772 4773
f 4737 4773 4772
f 4737 4773 4774
f 4737 4774 4773
f 4737 4774 4775
f 4737 4775 4774
f 4737 4775 4776
f 4737 4776 4775
f 4737 4776 4777
f 4737 4777 4776
f 4737 4777 4778
f 4737 4778 4777
f 4737 4778 4779
f 4737 4779 4778
f 4737 4779 4780
f 4737 4780 4779
f 4737 4780 4781
f 4737 4781 4780
f 4737 4781 4782
f 4737 4782 4781
v 0.129062 0.524753 0.058500
v 0.131760 0.528106 0.054567
v 0.131446 0.530178 0.049127
v 0.128241 0.530178 0.044258
v 0.123368 0.528106 0.041818
v 0.118689 0.524753 0.042741
v 0.115991 0.521399 0.046674
v 0.116305 0.519327 0.052114
v 0.119510 0.519327 0.056984
v 0.124383 0.521399 0.059423
v 0.100528 0.567122 0.073668
v 0.102362 0.569402 0.070993
v 0.102149 0.570811 0.067294
v 0.099969 0.570811 0.063983
v 0.096656 0.569402 0.062324
v 0.093474 0.567122 0.062952
v 0.091640 0.564842 0.065626
v 0.091853 0.563433 0.069325
v 0.094032 0.563433 0.072637
v 0.097346 0.564842 0.074295
f 4783 4784 4794
f 4783 4794 4793
f 4784 4785 4795
f 4784 4795 4794
f 4785 4786 4796
f 4785 4796 4795
f 4786 4787 4797
f 4786 4797 4796
f 4787 4788 4798
f 4787 4798 4797
f 4788 4789 4799
f 4788 4799 4798
f 4789 4790 4800
f 4789 4800 4799
f 4790 4791 4801
f 4790 4801 4800
f 4791 4792 4802
f 4791 4802 4801
f 4792 4783 4793
f 4792 4793 4802
v 0.097001 0.567122 0.068310
v 0.101208 0.565468 0.070718
v 0.106429 0.564718 0.072499
v 0.112510 0.564737 0.073746
v 0.119258 0.565352 0.074580
v 0.126440 0.566355 0.075144
v 0.133798 0.567514 0.075600
v 0.141062 0.568590 0.076114
v 0.147972 0.569349 0.076847
v 0.154294 0.569583 0.077945
v 0.159836 0.569121 0.079526
v 0.164462 0.567841 0.081675
v 0.168103 0.565680 0.084435
v 0.170757 0.562639 0.087807
v 0.172497 0.558780 0.091745
v 0.173456 0.554225 0.096167
v 0.173826 0.549145 0.100954
v 0.173843 0.543748 0.105961
v 0.173766 0.538267 0.111025
v 0.173865 0.532943 0.115981
v 0.174398 0.528008 0.120667
v 0.175598 0.523668 0.124939
v 0.177658 0.520096 0.128679
v 0.180732 0.517429 0.131791
v 0.176524 0.519083 0.129382
v 0.171303 0.519832 0.127602
v 0.165223 0.519813 0.126354
v 0.158475 0.519199 0.125520
v 0.151292 0.518196 0.124956
v 0.143935 0.517037 0.124500
v 0.136670 0.515961 0.123986
v 0.129760 0.515201 0.123253
v 0.123438 0.514967 0.122155
v 0.117896 0.515430 0.120574
v 0.113270 0.516710 0.118425
v 0.109630 0.518870 0.115665
v 0.106975 0.521911 0.112294
v 0.105236 0.525770 0.108355
v 0.104277 0.530325 0.103933
v 0.103906 0.535406 0.099146
v 0.103889 0.540803 0.094140
v 0.103966 0.546283 0.089075
v 0.103868 0.551607 0.084120
v 0.103335 0.556543 0.079434
v 0.102135 0.560883 0.075161
v 0.100074 0.564455 0.071421
f 4803 4804 4805
f 4803 4805 4804
f 4803 4805 4806
f 4803 4806 4805
f 4803 4806 4807
f 4803 4807 4806
f 4803 4807 4808
f 4803 4808 4807
f 4803 4808 4809
f 4803 4809 4808
f 4803 4809 4810
f 4803 4810 4809
f 4803 4810 4811
f 4803 4811 4810
f 4803 4811 4812
f 4803 4812 4811
f 4803 4812 4813
f 4803 4813 4812
f 4803 4813 4814
f 4803 4814 4813
f 4803 4814 4815
f 4803 4815 4814
f 4803 4815 4816
f 4803 4816 4815
f 4803 4816 4817
f 4803 4817 4816
f 4803 4817 4818
f 4803 4818 4817
f 4803 4818 4819
f 4803 4819 4818
f 4803 4819 4820
f 4803 4820 4819
f 4803 4820 4821
f 4803 4821 4820
f 4803 4821 4822
f 4803 4822 4821
f 4803 4822 4823
f 4803 4823 4822
f 4803 4823 4824
f 4803 4824 4823
f 4803 4824 4825
f 4803 4825 4824
f 4803 4825 4826
f 4803 4826 4825
f 4803 4826 4827
f 4803 4827 4826
f 4803 4827 4828
f 4803 4828 4827
f 4803 4828 4829
f 4803 4829 4828
f 4803 4829 4830
f 4803 4830 4829
f 4803 4830 4831
f 4803 4831 4830
f 4803 4831 4832
f 4803 4832 4831
f 4803 4832 4833
f 4803 4833 4832
f 4803 4833 4834
f 4803 4834 4833
f 4803 4834 4835
f 4803 4835 4834
f 4803 4835 4836
f 4803 4836 4835
f 4803 4836 4837
f 4803 4837 4836
f 4803 4837 4838
f 4803 4838 4837
f 4803 4838 4839
f 4803 4839 4838
f 4803 4839 4840
f 4803 4840 4839
f 4803 4840 4841
f 4803 4841 4840
f 4803 4841 4842
f 4803 4842 4841
f 4803 4842 4843
f 4803 4843 4842
f 4803 4843 4844
f 4803 4844 4843
f 4803 4844 4845
f 4803 4845 4844
f 4803 4845 4846
f 4803 4846 4845
f 4803 4846 4847
f 4803 4847 4846
f 4803 4847 4848
f 4803 4848 4847
v 0.097001 0.567122 0.068310
v 0.096924 0.566562 0.065156
v 0.096462 0.565741 0.062044
v 0.095388 0.564505 0.058998
v 0.093605 0.562787 0.056027
v 0.091148 0.560612 0.053129
v 0.088177 0.558087 0.050286
v 0.084951 0.555389 0.047470
v 0.081793 0.552738 0.044647
v 0.079044 0.550364 0.041780
v 0.077014 0.548478 0.038836
v 0.075938 0.547240 0.035790
v 0.075941 0.546736 0.032628
v 0.077025 0.546964 0.029350
v 0.079062 0.547841 0.025970
v 0.081818 0.549205 0.022513
v 0.084983 0.550847 0.019011
v 0.088217 0.552536 0.015503
v 0.091196 0.554052 0.012022
v 0.093660 0.555218 0.008596
v 0.095450 0.555926 0.005243
v 0.096531 0.556153 0.001965
v 0.097000 0.555964 -0.001247
v 0.097085 0.555515 -0.004418
v 0.097162 0.556074 -0.001264
v 0.097624 0.556895 0.001848
v 0.098698 0.558131 0.004894
v 0.100480 0.559849 0.007865
v 0.102937 0.562025 0.010763
v 0.105908 0.564549 0.013606
v 0.109135 0.567247 0.016422
v 0.112293 0.569899 0.019245
v 0.115042 0.572273 0.022112
v 0.117072 0.574158 0.025056
v 0.118148 0.575396 0.028102
v 0.118144 0.575901 0.031264
v 0.117061 0.575672 0.034542
v 0.115023 0.574796 0.037922
v 0.112267 0.573432 0.041379
v 0.109102 0.571789 0.044880
v 0.105868 0.570101 0.048389
v 0.102890 0.568585 0.051870
v 0.100426 0.567419 0.055296
v 0.098636 0.566711 0.058649
v 0.097555 0.566484 0.061927
v 0.097085 0.566672 0.065139
f 4849 4850 4851
f 4849 4851 4850
f 4849 4851 4852
f 4849 4852 4851
f 4849 4852 4853
f 4849 4853 4852
f 4849 4853 4854
f 4849 4854 4853
f 4849 4854 4855
f 4849 4855 4854
f 4849 4855 4856
f 4849 4856 4855
f 4849 4856 4857
f 4849 4857 4856
f 4849 4857 4858
f 4849 4858 4857
f 4849 4858 4859
f 4849 4859 4858
f 4849 4859 4860
f 4849 4860 4859
f 4849 4860 4861
f 4849 4861 4860
f 4849 4861 4862
f 4849 4862 4861
f 4849 4862 4863
f 4849 4863 4862
f 4849 4863 4864
f 4849 4864 4863
f 4849 4864 4865
f 4849 4865 4864
f 4849 4865 4866
f 4849 4866 4865
f 4849 4866 4867
f 4849 4867 4866
f 4849 4867 4868
f 4849 4868 4867
f 4849 4868 4869
f 4849 4869 4868
f 4849 4869 4870
f 4849 4870 4869
f 4849 4870 4871
f 4849 4871 4870
f 4849 4871 4872
f 4849 4872 4871
f 4849 4872 4873
f 4849 4873 4872
f 4849 4873 4874
f 4849 4874 4873
f 4849 4874 4875
f 4849 4875 4874
f 4849 4875 4876
f 4849 4876 4875
f 4849 4876 4877
f 4849 4877 4876
f 4849 4877 4878
f 4849 4878 4877
f 4849 4878 4879
f 4849 4879 4878
f 4849 4879 4880
f 4849 4880 4879
f 4849 4880 4881
f 4849 4881 4880
f 4849 4881 4882
f 4849 4882 4881
f 4849 4882 4883
f 4849 4883 4882
f 4849 4883 4884
f 4849 4884 4883
f 4849 4884 4885
f 4849 4885 4884
f 4849 4885 4886
f 4849 4886 4885
f 4849 4886 4887
f 4849 4887 4886
f 4849 4887 4888
f 4849 4888 4887
f 4849 4888 4889
f 4849 4889 4888
f 4849 4889 4890
f 4849 4890 4889
f 4849 4890 4891
f 4849 4891 4890
f 4849 4891 4892
f 4849 4892 4891
f 4849 4892 4893
f 4849 4893 4892
f 4849 4893 4894
f 4849 4894 4893
v -0.020343 0.300000 0.001524
v -0.015813 0.308316 0.009847
v -0.005242 0.313455 0.014410
v 0.007330 0.313455 0.013468
v 0.017103 0.308316 0.007382
v 0.020343 0.300000 -0.001524
v 0.015813 0.291684 -0.009847
v 0.005242 0.286545 -0.014410
v -0.007330 0.286545 -0.013468
v -0.017103 0.291684 -0.007382
v -0.022268 0.417316 -0.111578
v -0.019187 0.422971 -0.105918
v -0.011999 0.426465 -0.102816
v -0.003450 0.426465 -0.103456
v 0.003195 0.422971 -0.107595
v 0.005399 0.417316 -0.113651
v 0.002318 0.411661 -0.119311
v -0.004870 0.408166 -0.122413
v -0.013419 0.408166 -0.121773
v -0.020065 0.411661 -0.117634
f 4895 4896 4906
f 4895 4906 4905
f 4896 4897 4907
f 4896 4907 4906
f 4897 4898 4908
f 4897 4908 4907
f 4898 4899 4909
f 4898 4909 4908
f 4899 4900 4910
f 4899 4910 4909
f 4900 4901 4911
f 4900 4911 4910
f 4901 4902 4912
f 4901 4912 4911
f 4902 4903 4913
f 4902 4913 4912
f 4903 4904 4914
f 4903 4914 4913
f 4904 4895 4905
f 4904 4905 4914
v -0.021943 0.417316 -0.109457
v -0.019100 0.425387 -0.108936
v -0.012184 0.430376 -0.109820
v -0.003835 0.430376 -0.111772
v 0.002756 0.425387 -0.114045
v 0.005073 0.417316 -0.115772
v 0.002231 0.409244 -0.116293
v -0.004686 0.404256 -0.115409
v -0.013034 0.404256 -0.113457
v -0.019625 0.409244 -0.111184
v -0.038850 0.430654 -0.201292
v -0.036917 0.436143 -0.200937
v -0.032214 0.439535 -0.201538
v -0.026537 0.439535 -0.202865
v -0.022055 0.436143 -0.204411
v -0.020479 0.430654 -0.205586
v -0.022412 0.425165 -0.205940
v -0.027115 0.421773 -0.205339
v -0.032792 0.421773 -0.204012
v -0.037274 0.425165 -0.202466
f 4915 4916 4926
f 4915 4926 4925
f 4916 4917 4927
f 4916 4927 4926
f 4917 4918 4928
f 4917 4928 4927
f 4918 4919 4929
f 4918 4929 4928
f 4919 4920 4930
f 4919 4930 4929
f 4920 4921 4931
f 4920 4931 4930
f 4921 4922 4932
f 4921 4932 4931
f 4922 4923 4933
f 4922 4933 4932
f 4923 4924 4934
f 4923 4934 4933
f 4924 4915 4925
f 4924 4925 4934
v -0.029664 0.430654 -0.203439
v -0.034119 0.430023 -0.201528
v -0.038743 0.430483 -0.199418
v -0.043557 0.432177 -0.197083
v -0.048549 0.435021 -0.194536
v -0.053681 0.438773 -0.191824
v -0.058898 0.443069 -0.189012
v -0.064131 0.447474 -0.186180
v -0.069309 0.451520 -0.183414
v -0.074362 0.454762 -0.180795
v -0.079232 0.456818 -0.178393
v -0.083876 0.457411 -0.176259
v -0.088271 0.456395 -0.174419
v -0.092418 0.453769 -0.172874
v -0.096338 0.449681 -0.171596
v -0.100075 0.444407 -0.170535
v -0.103687 0.438328 -0.169622
v -0.107245 0.431892 -0.168774
v -0.110818 0.425562 -0.167906
v -0.114477 0.419779 -0.166939
v -0.118275 0.414902 -0.165806
v -0.122251 0.411176 -0.164462
v -0.126418 0.408683 -0.162892
v -0.130754 0.407282 -0.161123
v -0.126299 0.407913 -0.163033
v -0.121676 0.407453 -0.165143
v -0.116861 0.405759 -0.167479
v -0.111869 0.402915 -0.170025
v -0.106737 0.399163 -0.172737
v -0.101521 0.394867 -0.175549
v -0.096287 0.390462 -0.178381
v -0.091110 0.386416 -0.181147
v -0.086056 0.383174 -0.183766
v -0.081186 0.381118 -0.186168
v -0.076542 0.380525 -0.188303
v -0.072147 0.381541 -0.190142
v -0.068000 0.384166 -0.191688
v -0.064080 0.388255 -0.192965
v -0.060343 0.393529 -0.194026
v -0.056731 0.399608 -0.194939
v -0.053174 0.406044 -0.195787
v -0.049600 0.412373 -0.196655
v -0.045942 0.418157 -0.197622
v -0.042143 0.423034 -0.198756
v -0.038167 0.426760 -0.200100
v -0.034000 0.429253 -0.201669
f 4935 4936 4937
f 4935 4937 4936
f 4935 4937 4938
f 4935 4938 4937
f 4935 4938 4939
f 4935 4939 4938
f 4935 4939 4940
f 4935 4940 4939
f 4935 4940 4941
f 4935 4941 4940
f 4935 4941 4942
f 4935 4942 4941
f 4935 4942 4943
f 4935 4943 4942
f 4935 4943 4944
f 4935 4944 4943
f 4935 4944 4945
f 4935 4945 4944
f 4935 4945 4946
f 4935 4946 4945
f 4935 4946 4947
f 4935 4947 4946
f 4935 4947 4948
f 4935 4948 4947
f 4935 4948 4949
f 4935 4949 4948
f 4935 4949 4950
f 4935 4950 4949
f 4935 4950 4951
f 4935 4951 4950
f 4935 4951 4952
f 4935 4952 4951
f 4935 4952 4953
f 4935 4953 4952
f 4935 4953 4954
f 4935 4954 4953
f 4935 4954 4955
f 4935 4955 4954
f 4935 4955 4956
f 4935 4956 4955
f 4935 4956 4957
f 4935 4957 4956
f 4935 4957 4958
f 4935 4958 4957
f 4935 4958 4959
f 4935 4959 4958
f 4935 4959 4960
f 4935 4960 4959
f 4935 4960 4961
f 4935 4961 4960
f 4935 4961 4962
f 4935 4962 4961
f 4935 4962 4963
f 4935 4963 4962
f 4935 4963 4964
f 4935 4964 4963
f 4935 4964 4965
f 4935 4965 4964
f 4935 4965 4966
f 4935 4966 4965
f 4935 4966 4967
f 4935 4967 4966
f 4935 4967 4968
f 4935 4968 4967
f 4935 4968 4969
f 4935 4969 4968
f 4935 4969 4970
f 4935 4970 4969
f 4935 4970 4971
f 4935 4971 4970
f 4935 4971 4972
f 4935 4972 4971
f 4935 4972 4973
f 4935 4973 4972
f 4935 4973 4974
f 4935 4974 4973
f 4935 4974 4975
f 4935 4975 4974
f 4935 4975 4976
f 4935 4976 4975
f 4935 4976 4977
f 4935 4977 4976
f 4935 4977 4978
f 4935 4978 4977
f 4935 4978 4979
f 4935 4979 4978
f 4935 4979 4980
f 4935 4980 4979
v -0.029664 0.430654 -0.203439
v -0.025984 0.432746 -0.202705
v -0.021530 0.433952 -0.202283
v -0.016386 0.434366 -0.202138
v -0.010689 0.434145 -0.202215
v -0.004617 0.433495 -0.202443
v 0.001622 0.432653 -0.202739
v 0.007808 0.431871 -0.203013
v 0.013725 0.431398 -0.203179
v 0.019178 0.431458 -0.203158
v 0.024004 0.432236 -0.202886
v 0.028088 0.433866 -0.202314
v 0.031371 0.436414 -0.201421
v 0.033853 0.439882 -0.200205
v 0.035593 0.444201 -0.198691
v 0.036706 0.449238 -0.196925
v 0.037355 0.454809 -0.194972
v 0.037735 0.460688 -0.192911
v 0.038062 0.466627 -0.190829
v 0.038557 0.472375 -0.188814
v 0.039426 0.477693 -0.186950
v 0.040848 0.482376 -0.185308
v 0.042960 0.486268 -0.183943
v 0.045845 0.489273 -0.182890
v 0.042164 0.487180 -0.183623
v 0.037710 0.485975 -0.184046
v 0.032566 0.485561 -0.184191
v 0.026869 0.485782 -0.184113
v 0.020798 0.486432 -0.183885
v 0.014559 0.487274 -0.183590
v 0.008373 0.488055 -0.183315
v 0.002456 0.488529 -0.183149
v -0.002997 0.488469 -0.183170
v -0.007823 0.487690 -0.183443
v -0.011907 0.486061 -0.184014
v -0.015190 0.483512 -0.184907
v -0.017672 0.480044 -0.186123
v -0.019412 0.475726 -0.187637
v -0.020526 0.470688 -0.189403
v -0.021174 0.465118 -0.191356
v -0.021554 0.459239 -0.193417
v -0.021881 0.453299 -0.195500
v -0.022376 0.447552 -0.197515
v -0.023245 0.442234 -0.199379
v -0.024667 0.437551 -0.201021
v -0.026779 0.433659 -0.202385
f 4981 4982 4983
f 4981 4983 4982
f 4981 4983 4984
f 4981 4984 4983
f 4981 4984 4985
f 4981 4985 4984
f 4981 4985 4986
f 4981 4986 4985
f 4981 4986 4987
f 4981 4987 4986
f 4981 4987 4988
f 4981 4988 4987
f 4981 4988 4989
f 4981 4989 4988
f 4981 4989 4990
f 4981 4990 4989
f 4981 4990 4991
f 4981 4991 4990
f 4981 4991 4992
f 4981 4992 4991
f 4981 4992 4993
f 4981 4993 4992
f 4981 4993 4994
f 4981 4994 4993
f 4981 4994 4995
f 4981 4995 4994
f 4981 4995 4996
f 4981 4996 4995
f 4981 4996 4997
f 4981 4997 4996
f 4981 4997 4998
f 4981 4998 4997
f 4981 4998 4999
f 4981 4999 4998
f 4981 4999 5000
f 4981 5000 4999
f 4981 5000 5001
f 4981 5001 5000
f 4981 5001 5002
f 4981 5002 5001
f 4981 5002 5003
f 4981 5003 5002
f 4981 5003 5004
f 4981 5004 5003
f 4981 5004 5005
f 4981 5005 5004
f 4981 5005 5006
f 4981 5006 5005
f 4981 5006 5007
f 4981 5007 5006
f 4981 5007 5008
f 4981 5008 5007
f 4981 5008 5009
f 4981 5009 5008
f 4981 5009 5010
f 4981 5010 5009
f 4981 5010 5011
f 4981 5011 5010
f 4981 5011 5012
f 4981 5012 5011
f 4981 5012 5013
f 4981 5013 5012
f 4981 5013 5014
f 4981 5014 5013
f 4981 5014 5015
f 4981 5015 5014
f 4981 5015 5016
f 4981 5016 5015
f 4981 5016 5017
f 4981 5017 5016
f 4981 5017 5018
f 4981 5018 5017
f 4981 5018 5019
f 4981 5019 5018
f 4981 5019 5020
f 4981 5020 5019
f 4981 5020 5021
f 4981 5021 5020
f 4981 5021 5022
f 4981 5022 5021
f 4981 5022 5023
f 4981 5023 5022
f 4981 5023 5024
f 4981 5024 5023
f 4981 5024 5025
f 4981 5025 5024
f 4981 5025 5026
f 4981 5026 5025
v -0.029664 0.430654 -0.203439
v -0.028632 0.426873 -0.202891
v -0.028619 0.422671 -0.202167
v -0.029520 0.418092 -0.201286
v -0.031155 0.413208 -0.200276
v -0.033290 0.408118 -0.199181
v -0.035650 0.402935 -0.198047
v -0.037943 0.397779 -0.196924
v -0.039881 0.392771 -0.195863
v -0.041205 0.388016 -0.194908
v -0.041698 0.383605 -0.194096
v -0.041208 0.379600 -0.193455
v -0.039655 0.376035 -0.192998
v -0.037038 0.372909 -0.192724
v -0.033439 0.370190 -0.192621
v -0.029009 0.367814 -0.192662
v -0.023964 0.365693 -0.192808
v -0.018565 0.363718 -0.193017
v -0.013099 0.361771 -0.193236
v -0.007857 0.359731 -0.193417
v -0.003115 0.357484 -0.193512
v 0.000892 0.354934 -0.193479
v 0.003986 0.352005 -0.193288
v 0.006059 0.348655 -0.192921
v 0.005027 0.352436 -0.193468
v 0.005014 0.356638 -0.194192
v 0.005915 0.361217 -0.195074
v 0.007550 0.366101 -0.196083
v 0.009685 0.371191 -0.197179
v 0.012045 0.376374 -0.198313
v 0.014338 0.381530 -0.199436
v 0.016276 0.386539 -0.200497
v 0.017600 0.391293 -0.201452
v 0.018093 0.395704 -0.202263
v 0.017603 0.399709 -0.202905
v 0.016050 0.403274 -0.203362
v 0.013433 0.406400 -0.203635
v 0.009834 0.409119 -0.203739
v 0.005404 0.411495 -0.203698
v 0.000359 0.413616 -0.203551
v -0.005040 0.415591 -0.203343
v -0.010506 0.417538 -0.203123
v -0.015748 0.419579 -0.202942
v -0.020490 0.421825 -0.202848
v -0.024497 0.424376 -0.202881
v -0.027591 0.427304 -0.203071
f 5027 5028 5029
f 5027 5029 5028
f 5027 5029 5030
f 5027 5030 5029
f 5027 5030 5031
f 5027 5031 5030
f 5027 5031 5032
f 5027 5032 5031
f 5027 5032 5033
f 5027 5033 5032
f 5027 5033 5034
f 5027 5034 5033
f 5027 5034 5035
f 5027 5035 5034
f 5027 5035 5036
f 5027 5036 5035
f 5027 5036 5037
f 5027 5037 5036
f 5027 5037 5038
f 5027 5038 5037
f 5027 5038 5039
f 5027 5039 5038
f 5027 5039 5040
f 5027 5040 5039
f 5027 5040 5041
f 5027 5041 5040
f 5027 5041 5042
f 5027 5042 5041
f 5027 5042 5043
f 5027 5043 5042
f 5027 5043 5044
f 5027 5044 5043
f 5027 5044 5045
f 5027 5045 5044
f 5027 5045 5046
f 5027 5046 5045
f 5027 5046 5047
f 5027 5047 5046
f 5027 5047 5048
f 5027 5048 5047
f 5027 5048 5049
f 5027 5049 5048
f 5027 5049 5050
f 5027 5050 5049
f 5027 5050 5051
f 5027 5051 5050
f 5027 5051 5052
f 5027 5052 5051
f 5027 5052 5053
f 5027 5053 5052
f 5027 5053 5054
f 5027 5054 5053
f 5027 5054 5055
f 5027 5055 5054
f 5027 5055 5056
f 5027 5056 5055
f 5027 5056 5057
f 5027 5057 5056
f 5027 5057 5058
f 5027 5058 5057
f 5027 5058 5059
f 5027 5059 5058
f 5027 5059 5060
f 5027 5060 5059
f 5027 5060 5061
f 5027 5061 5060
f 5027 5061 5062
f 5027 5062 5061
f 5027 5062 5063
f 5027 5063 5062
f 5027 5063 5064
f 5027 5064 5063
f 5027 5064 5065
f 5027 5065 5064
f 5027 5065 5066
f 5027 5066 5065
f 5027 5066 5067
f 5027 5067 5066
f 5027 5067 5068
f 5027 5068 5067
f 5027 5068 5069
f 5027 5069 5068
f 5027 5069 5070
f 5027 5070 5069
f 5027 5070 5071
f 5027 5071 5070
f 5027 5071 5072
f 5027 5072 5071
v -0.038105 0.430654 -0.199228
v -0.037638 0.435570 -0.202327
v -0.034125 0.438608 -0.205850
v -0.028908 0.438608 -0.208452
v -0.023980 0.435570 -0.209139
v -0.021223 0.430654 -0.207649
v -0.021691 0.425738 -0.204551
v -0.025204 0.422699 -0.201027
v -0.030421 0.422699 -0.198425
v -0.035349 0.425738 -0.197738
v -0.058594 0.403558 -0.247066
v -0.058276 0.406901 -0.249173
v -0.055887 0.408967 -0.251569
v -0.052340 0.408967 -0.253338
v -0.048989 0.406901 -0.253805
v -0.047114 0.403558 -0.252792
v -0.047432 0.400215 -0.250685
v -0.049821 0.398149 -0.248289
v -0.053369 0.398149 -0.246520
v -0.056720 0.400215 -0.246052
f 5073 5074 5084
f 5073 5084 5083
f 5074 5075 5085
f 5074 5085 5084
f 5075 5076 5086
f 5075 5086 5085
f 5076 5077 5087
f 5076 5087 5086
f 5077 5078 5088
f 5077 5088 5087
f 5078 5079 5089
f 5078 5089 5088
f 5079 5080 5090
f 5079 5090 5089
f 5080 5081 5091
f 5080 5091 5090
f 5081 5082 5092
f 5081 5092 5091
f 5082 5073 5083
f 5082 5083 5092
v -0.052854 0.403558 -0.249929
v -0.055595 0.404465 -0.245123
v -0.058566 0.405959 -0.240544
v -0.061953 0.408505 -0.236371
v -0.065861 0.412373 -0.232708
v -0.070298 0.417580 -0.229562
v -0.075166 0.423880 -0.226838
v -0.080277 0.430797 -0.224352
v -0.085381 0.437696 -0.221859
v -0.090203 0.443878 -0.219090
v -0.094485 0.448693 -0.215793
v -0.098030 0.451639 -0.211774
v -0.100729 0.452444 -0.206929
v -0.102584 0.451108 -0.201257
v -0.103702 0.447904 -0.194864
v -0.104280 0.443331 -0.187943
v -0.104576 0.438043 -0.180745
v -0.104864 0.432735 -0.173541
v -0.105396 0.428046 -0.166575
v -0.106359 0.424449 -0.160030
v -0.107850 0.422192 -0.154003
v -0.109863 0.421255 -0.148485
v -0.112291 0.421372 -0.143375
v -0.114951 0.422075 -0.138490
v -0.112210 0.421167 -0.143295
v -0.109239 0.419673 -0.147875
v -0.105852 0.417127 -0.152048
v -0.101944 0.413259 -0.155711
v -0.097507 0.408053 -0.158857
v -0.092639 0.401753 -0.161581
v -0.087528 0.394835 -0.164067
v -0.082423 0.387937 -0.166559
v -0.077602 0.381754 -0.169329
v -0.073320 0.376939 -0.172626
v -0.069775 0.373993 -0.176645
v -0.067075 0.373188 -0.181490
v -0.065220 0.374524 -0.187162
v -0.064103 0.377729 -0.193555
v -0.063525 0.382301 -0.200476
v -0.063229 0.387590 -0.207673
v -0.062941 0.392897 -0.214878
v -0.062409 0.397586 -0.221844
v -0.061446 0.401183 -0.228388
v -0.059955 0.403441 -0.234416
v -0.057942 0.404377 -0.239933
v -0.055514 0.404260 -0.245044
f 5093 5094 5095
f 5093 5095 5094
f 5093 5095 5096
f 5093 5096 5095
f 5093 5096 5097
f 5093 5097 5096
f 5093 5097 5098
f 5093 5098 5097
f 5093 5098 5099
f 5093 5099 5098
f 5093 5099 5100
f 5093 5100 5099
f 5093 5100 5101
f 5093 5101 5100
f 5093 5101 5102
f 5093 5102 5101
f 5093 5102 5103
f 5093 5103 5102
f 5093 5103 5104
f 5093 5104 5103
f 5093 5104 5105
f 5093 5105 5104
f 5093 5105 5106
f 5093 5106 5105
f 5093 5106 5107
f 5093 5107 5106
f 5093 5107 5108
f 5093 5108 5107
f 5093 5108 5109
f 5093 5109 5108
f 5093 5109 5110
f 5093 5110 5109
f 5093 5110 5111
f 5093 5111 5110
f 5093 5111 5112
f 5093 5112 5111
f 5093 5112 5113
f 5093 5113 5112
f 5093 5113 5114
f 5093 5114 5113
f 5093 5114 5115
f 5093 5115 5114
f 5093 5115 5116
f 5093 5116 5115
f 5093 5116 5117
f 5093 5117 5116
f 5093 5117 5118
f 5093 5118 5117
f 5093 5118 5119
f 5093 5119 5118
f 5093 5119 5120
f 5093 5120 5119
f 5093 5120 5121
f 5093 5121 5120
f 5093 5121 5122
f 5093 5122 5121
f 5093 5122 5123
f 5093 5123 5122
f 5093 5123 5124
f 5093 5124 5123
f 5093 5124 5125
f 5093 5125 5124
f 5093 5125 5126
f 5093 5126 5125
f 5093 5126 5127
f 5093 5127 5126
f 5093 5127 5128
f 5093 5128 5127
f 5093 5128 5129
f 5093 5129 5128
f 5093 5129 5130
f 5093 5130 5129
f 5093 5130 5131
f 5093 5131 5130
f 5093 5131 5132
f 5093 5132 5131
f 5093 5132 5133
f 5093 5133 5132
f 5093 5133 5134
f 5093 5134 5133
f 5093 5134 5135
f 5093 5135 5134
f 5093 5135 5136
f 5093 5136 5135
f 5093 5136 5137
f 5093 5137 5136
f 5093 5137 5138
f 5093 5138 5137
v -0.052854 0.403558 -0.249929
v -0.050189 0.406854 -0.250203
v -0.046611 0.409558 -0.250586
v -0.042114 0.411664 -0.251080
v -0.036821 0.413252 -0.251669
v -0.030942 0.414460 -0.252329
v -0.024752 0.415466 -0.253025
v -0.018558 0.416469 -0.253723
v -0.012676 0.417674 -0.254383
v -0.007398 0.419273 -0.254970
v -0.002971 0.421424 -0.255455
v 0.000428 0.424244 -0.255817
v 0.002707 0.427792 -0.256045
v 0.003865 0.432068 -0.256138
v 0.003996 0.437012 -0.256108
v 0.003275 0.442509 -0.255975
v 0.001950 0.448399 -0.255771
v 0.000314 0.454492 -0.255528
v -0.001319 0.460582 -0.255287
v -0.002640 0.466470 -0.255082
v -0.003376 0.471977 -0.254948
v -0.003315 0.476967 -0.254910
v -0.002336 0.481359 -0.254981
v -0.000444 0.485158 -0.255162
v -0.003109 0.481861 -0.254889
v -0.006687 0.479158 -0.254505
v -0.011184 0.477052 -0.254011
v -0.016477 0.475463 -0.253422
v -0.022355 0.474255 -0.252763
v -0.028546 0.473250 -0.252066
v -0.034739 0.472247 -0.251369
v -0.040622 0.471041 -0.250709
v -0.045900 0.469443 -0.250121
v -0.050327 0.467291 -0.249636
v -0.053726 0.464472 -0.249274
v -0.056004 0.460924 -0.249047
v -0.057163 0.456648 -0.248953
v -0.057293 0.451704 -0.248984
v -0.056573 0.446207 -0.249116
v -0.055248 0.440316 -0.249321
v -0.053612 0.434224 -0.249563
v -0.051979 0.428133 -0.249805
v -0.050658 0.422246 -0.250009
v -0.049922 0.416739 -0.250143
v -0.049982 0.411749 -0.250182
v -0.050962 0.407357 -0.250110
f 5139 5140 5141
f 5139 5141 5140
f 5139 5141 5142
f 5139 5142 5141
f 5139 5142 5143
f 5139 5143 5142
f 5139 5143 5144
f 5139 5144 5143
f 5139 5144 5145
f 5139 5145 5144
f 5139 5145 5146
f 5139 5146 5145
f 5139 5146 5147
f 5139 5147 5146
f 5139 5147 5148
f 5139 5148 5147
f 5139 5148 5149
f 5139 5149 5148
f 5139 5149 5150
f 5139 5150 5149
f 5139 5150 5151
f 5139 5151 5150
f 5139 5151 5152
f 5139 5152 5151
f 5139 5152 5153
f 5139 5153 5152
f 5139 5153 5154
f 5139 5154 5153
f 5139 5154 5155
f 5139 5155 5154
f 5139 5155 5156
f 5139 5156 5155
f 5139 5156 5157
f 5139 5157 5156
f 5139 5157 5158
f 5139 5158 5157
f 5139 5158 5159
f 5139 5159 5158
f 5139 5159 5160
f 5139 5160 5159
f 5139 5160 5161
f 5139 5161 5160
f 5139 5161 5162
f 5139 5162 5161
f 5139 5162 5163
f 5139 5163 5162
f 5139 5163 5164
f 5139 5164 5163
f 5139 5164 5165
f 5139 5165 5164
f 5139 5165 5166
f 5139 5166 5165
f 5139 5166 5167
f 5139 5167 5166
f 5139 5167 5168
f 5139 5168 5167
f 5139 5168 5169
f 5139 5169 5168
f 5139 5169 5170
f 5139 5170 5169
f 5139 5170 5171
f 5139 5171 5170
f 5139 5171 5172
f 5139 5172 5171
f 5139 5172 5173
f 5139 5173 5172
f 5139 5173 5174
f 5139 5174 5173
f 5139 5174 5175
f 5139 5175 5174
f 5139 5175 5176
f 5139 5176 5175
f 5139 5176 5177
f 5139 5177 5176
f 5139 5177 5178
f 5139 5178 5177
f 5139 5178 5179
f 5139 5179 5178
f 5139 5179 5180
f 5139 5180 5179
f 5139 5180 5181
f 5139 5181 5180
f 5139 5181 5182
f 5139 5182 5181
f 5139 5182 5183
f 5139 5183 5182
f 5139 5183 5184
f 5139 5184 5183
v -0.052854 0.403558 -0.249929
v -0.049607 0.402133 -0.249179
v -0.046495 0.400491 -0.248234
v -0.043672 0.398387 -0.246876
v -0.041253 0.395637 -0.244940
v -0.039278 0.392175 -0.242367
v -0.037698 0.388082 -0.239231
v -0.036371 0.383584 -0.235730
v -0.035089 0.379014 -0.232167
v -0.033606 0.374764 -0.228890
v -0.031687 0.371213 -0.226237
v -0.029146 0.368658 -0.224476
v -0.025879 0.367264 -0.223753
v -0.021888 0.367031 -0.224068
v -0.017274 0.367794 -0.225275
v -0.012223 0.369255 -0.227106
v -0.006972 0.371037 -0.229224
v -0.001766 0.372748 -0.231278
v 0.003186 0.374052 -0.232969
v 0.007744 0.374726 -0.234095
v 0.011858 0.374688 -0.234585
v 0.015568 0.374004 -0.234497
v 0.018990 0.372858 -0.233996
v 0.022275 0.371494 -0.233300
v 0.019028 0.372918 -0.234050
v 0.015916 0.374561 -0.234995
v 0.013093 0.376665 -0.236354
v 0.010674 0.379415 -0.238289
v 0.008699 0.382877 -0.240862
v 0.007119 0.386969 -0.243999
v 0.005792 0.391468 -0.247499
v 0.004510 0.396038 -0.251062
v 0.003027 0.400288 -0.254340
v 0.001108 0.403839 -0.256992
v -0.001433 0.406394 -0.258753
v -0.004700 0.407788 -0.259476
v -0.008691 0.408021 -0.259161
v -0.013305 0.407258 -0.257955
v -0.018356 0.405797 -0.256123
v -0.023606 0.404015 -0.254006
v -0.028813 0.402304 -0.251951
v -0.033765 0.401000 -0.250261
v -0.038323 0.400326 -0.249134
v -0.042437 0.400364 -0.248644
v -0.046147 0.401048 -0.248732
v -0.049569 0.402194 -0.249233
f 5185 5186 5187
f 5185 5187 5186
f 5185 5187 5188
f 5185 5188 5187
f 5185 5188 5189
f 5185 5189 5188
f 5185 5189 5190
f 5185 5190 5189
f 5185 5190 5191
f 5185 5191 5190
f 5185 5191 5192
f 5185 5192 5191
f 5185 5192 5193
f 5185 5193 5192
f 5185 5193 5194
f 5185 5194 5193
f 5185 5194 5195
f 5185 5195 5194
f 5185 5195 5196
f 5185 5196 5195
f 5185 5196 5197
f 5185 5197 5196
f 5185 5197 5198
f 5185 5198 5197
f 5185 5198 5199
f 5185 5199 5198
f 5185 5199 5200
f 5185 5200 5199
f 5185 5200 5201
f 5185 5201 5200
f 5185 5201 5202
f 5185 5202 5201
f 5185 5202 5203
f 5185 5203 5202
f 5185 5203 5204
f 5185 5204 5203
f 5185 5204 5205
f 5185 5205 5204
f 5185 5205 5206
f 5185 5206 5205
f 5185 5206 5207
f 5185 5207 5206
f 5185 5207 5208
f 5185 5208 5207
f 5185 5208 5209
f 5185 5209 5208
f 5185 5209 5210
f 5185 5210 5209
f 5185 5210 5211
f 5185 5211 5210
f 5185 5211 5212
f 5185 5212 5211
f 5185 5212 5213
f 5185 5213 5212
f 5185 5213 5214
f 5185 5214 5213
f 5185 5214 5215
f 5185 5215 5214
f 5185 5215 5216
f 5185 5216 5215
f 5185 5216 5217
f 5185 5217 5216
f 5185 5217 5218
f 5185 5218 5217
f 5185 5218 5219
f 5185 5219 5218
f 5185 5219 5220
f 5185 5220 5219
f 5185 5220 5221
f 5185 5221 5220
f 5185 5221 5222
f 5185 5222 5221
f 5185 5222 5223
f 5185 5223 5222
f 5185 5223 5224
f 5185 5224 5223
f 5185 5224 5225
f 5185 5225 5224
f 5185 5225 5226
f 5185 5226 5225
f 5185 5226 5227
f 5185 5227 5226
f 5185 5227 5228
f 5185 5228 5227
f 5185 5228 5229
f 5185 5229 5228
f 5185 5229 5230
f 5185 5230 5229
v -0.033737 0.430654 -0.194930
v -0.030712 0.435607 -0.195480
v -0.027287 0.438669 -0.199069
v -0.024770 0.438669 -0.204328
v -0.024123 0.435607 -0.209247
v -0.025592 0.430654 -0.211947
v -0.028617 0.425700 -0.211398
v -0.032041 0.422639 -0.207808
v -0.034558 0.422639 -0.202549
v -0.035206 0.425700 -0.197630
v -0.077719 0.455900 -0.219327
v -0.075662 0.459268 -0.219701
v -0.073333 0.461350 -0.222142
v -0.071622 0.461350 -0.225718
v -0.071182 0.459268 -0.229063
v -0.072181 0.455900 -0.230899
v -0.074237 0.452531 -0.230525
v -0.076566 0.450450 -0.228084
v -0.078278 0.450450 -0.224508
v -0.078718 0.452531 -0.221163
f 5231 5232 5242
f 5231 5242 5241
f 5232 5233 5243
f 5232 5243 5242
f 5233 5234 5244
f 5233 5244 5243
f 5234 5235 5245
f 5234 5245 5244
f 5235 5236 5246
f 5235 5246 5245
f 5236 5237 5247
f 5236 5247 5246
f 5237 5238 5248
f 5237 5248 5247
f 5238 5239 5249
f 5238 5249 5248
f 5239 5240 5250
f 5239 5250 5249
f 5240 5231 5241
f 5240 5241 5250
v -0.074950 0.455900 -0.225113
v -0.074674 0.457360 -0.221369
v -0.073749 0.459813 -0.217827
v -0.072295 0.463073 -0.214449
v -0.070442 0.466941 -0.211195
v -0.068340 0.471191 -0.208019
v -0.066146 0.475580 -0.204871
v -0.064025 0.479859 -0.201700
v -0.062133 0.483788 -0.198459
v -0.060607 0.487157 -0.195103
v -0.059562 0.489793 -0.191598
v -0.059076 0.491573 -0.187919
v -0.059193 0.492436 -0.184054
v -0.059910 0.492380 -0.180002
v -0.061187 0.491469 -0.175775
v -0.062945 0.489824 -0.171400
v -0.065070 0.487619 -0.166911
v -0.067423 0.485065 -0.162350
v -0.069848 0.482400 -0.157767
v -0.072183 0.479874 -0.153213
v -0.074267 0.477731 -0.148736
v -0.075953 0.476195 -0.144383
v -0.077111 0.475467 -0.140194
v -0.077619 0.475731 -0.136207
v -0.077894 0.474271 -0.139951
v -0.078820 0.471818 -0.143492
v -0.080274 0.468558 -0.146870
v -0.082126 0.464690 -0.150124
v -0.084229 0.460440 -0.153301
v -0.086422 0.456051 -0.156449
v -0.088543 0.451772 -0.159619
v -0.090436 0.447843 -0.162861
v -0.091961 0.444473 -0.166217
v -0.093007 0.441838 -0.169721
v -0.093492 0.440057 -0.173400
v -0.093376 0.439195 -0.177266
v -0.092658 0.439251 -0.181318
v -0.091381 0.440162 -0.185544
v -0.089624 0.441807 -0.189919
v -0.087499 0.444012 -0.194409
v -0.085146 0.446566 -0.198969
v -0.082720 0.449231 -0.203552
v -0.080386 0.451757 -0.208107
v -0.078301 0.453900 -0.212584
v -0.076615 0.455436 -0.216937
v -0.075457 0.456164 -0.221126
f 5251 5252 5253
f 5251 5253 5252
f 5251 5253 5254
f 5251 5254 5253
f 5251 5254 5255
f 5251 5255 5254
f 5251 5255 5256
f 5251 5256 5255
f 5251 5256 5257
f 5251 5257 5256
f 5251 5257 5258
f 5251 5258 5257
f 5251 5258 5259
f 5251 5259 5258
f 5251 5259 5260
f 5251 5260 5259
f 5251 5260 5261
f 5251 5261 5260
f 5251 5261 5262
f 5251 5262 5261
f 5251 5262 5263
f 5251 5263 5262
f 5251 5263 5264
f 5251 5264 5263
f 5251 5264 5265
f 5251 5265 5264
f 5251 5265 5266
f 5251 5266 5265
f 5251 5266 5267
f 5251 5267 5266
f 5251 5267 5268
f 5251 5268 5267
f 5251 5268 5269
f 5251 5269 5268
f 5251 5269 5270
f 5251 5270 5269
f 5251 5270 5271
f 5251 5271 5270
f 5251 5271 5272
f 5251 5272 5271
f 5251 5272 5273
f 5251 5273 5272
f 5251 5273 5274
f 5251 5274 5273
f 5251 5274 5275
f 5251 5275 5274
f 5251 5275 5276
f 5251 5276 5275
f 5251 5276 5277
f 5251 5277 5276
f 5251 5277 5278
f 5251 5278 5277
f 5251 5278 5279
f 5251 5279 5278
f 5251 5279 5280
f 5251 5280 5279
f 5251 5280 5281
f 5251 5281 5280
f 5251 5281 5282
f 5251 5282 5281
f 5251 5282 5283
f 5251 5283 5282
f 5251 5283 5284
f 5251 5284 5283
f 5251 5284 5285
f 5251 5285 5284
f 5251 5285 5286
f 5251 5286 5285
f 5251 5286 5287
f 5251 5287 5286
f 5251 5287 5288
f 5251 5288 5287
f 5251 5288 5289
f 5251 5289 5288
f 5251 5289 5290
f 5251 5290 5289
f 5251 5290 5291
f 5251 5291 5290
f 5251 5291 5292
f 5251 5292 5291
f 5251 5292 5293
f 5251 5293 5292
f 5251 5293 5294
f 5251 5294 5293
f 5251 5294 5295
f 5251 5295 5294
f 5251 5295 5296
f 5251 5296 5295
v -0.074950 0.455900 -0.225113
v -0.071853 0.457188 -0.225815
v -0.068548 0.458046 -0.227455
v -0.065083 0.458577 -0.229806
v -0.061505 0.458874 -0.232668
v -0.057860 0.459032 -0.235833
v -0.054195 0.459151 -0.239084
v -0.050559 0.459330 -0.242204
v -0.046998 0.459660 -0.244993
v -0.043549 0.460225 -0.247272
v -0.040247 0.461089 -0.248898
v -0.037112 0.462299 -0.249770
v -0.034157 0.463879 -0.249836
v -0.031382 0.465828 -0.249096
v -0.028775 0.468123 -0.247602
v -0.026313 0.470718 -0.245455
v -0.023965 0.473547 -0.242798
v -0.021691 0.476528 -0.239810
v -0.019446 0.479568 -0.236692
v -0.017182 0.482569 -0.233659
v -0.014851 0.485432 -0.230928
v -0.012405 0.488060 -0.228709
v -0.009801 0.490361 -0.227201
v -0.006988 0.492233 -0.226631
v -0.010084 0.490945 -0.225930
v -0.013390 0.490087 -0.224290
v -0.016854 0.489555 -0.221939
v -0.020432 0.489259 -0.219076
v -0.024078 0.489100 -0.215911
v -0.027743 0.488981 -0.212661
v -0.031378 0.488803 -0.209540
v -0.034940 0.488472 -0.206751
v -0.038388 0.487908 -0.204472
v -0.041691 0.487044 -0.202846
v -0.044825 0.485834 -0.201974
v -0.047780 0.484254 -0.201908
v -0.050555 0.482304 -0.202648
v -0.053163 0.480009 -0.204142
v -0.055624 0.477414 -0.206289
v -0.057972 0.474586 -0.208946
v -0.060246 0.471605 -0.211935
v -0.062491 0.468564 -0.215053
v -0.064755 0.465563 -0.218086
v -0.067087 0.462701 -0.220816
v -0.069533 0.460073 -0.223035
v -0.072137 0.457771 -0.224543
f 5297 5298 5299
f 5297 5299 5298
f 5297 5299 5300
f 5297 5300 5299
f 5297 5300 5301
f 5297 5301 5300
f 5297 5301 5302
f 5297 5302 5301
f 5297 5302 5303
f 5297 5303 5302
f 5297 5303 5304
f 5297 5304 5303
f 5297 5304 5305
f 5297 5305 5304
f 5297 5305 5306
f 5297 5306 5305
f 5297 5306 5307
f 5297 5307 5306
f 5297 5307 5308
f 5297 5308 5307
f 5297 5308 5309
f 5297 5309 5308
f 5297 5309 5310
f 5297 5310 5309
f 5297 5310 5311
f 5297 5311 5310
f 5297 5311 5312
f 5297 5312 5311
f 5297 5312 5313
f 5297 5313 5312
f 5297 5313 5314
f 5297 5314 5313
f 5297 5314 5315
f 5297 5315 5314
f 5297 5315 5316
f 5297 5316 5315
f 5297 5316 5317
f 5297 5317 5316
f 5297 5317 5318
f 5297 5318 5317
f 5297 5318 5319
f 5297 5319 5318
f 5297 5319 5320
f 5297 5320 5319
f 5297 5320 5321
f 5297 5321 5320
f 5297 5321 5322
f 5297 5322 5321
f 5297 5322 5323
f 5297 5323 5322
f 5297 5323 5324
f 5297 5324 5323
f 5297 5324 5325
f 5297 5325 5324
f 5297 5325 5326
f 5297 5326 5325
f 5297 5326 5327
f 5297 5327 5326
f 5297 5327 5328
f 5297 5328 5327
f 5297 5328 5329
f 5297 5329 5328
f 5297 5329 5330
f 5297 5330 5329
f 5297 5330 5331
f 5297 5331 5330
f 5297 5331 5332
f 5297 5332 5331
f 5297 5332 5333
f 5297 5333 5332
f 5297 5333 5334
f 5297 5334 5333
f 5297 5334 5335
f 5297 5335 5334
f 5297 5335 5336
f 5297 5336 5335
f 5297 5336 5337
f 5297 5337 5336
f 5297 5337 5338
f 5297 5338 5337
f 5297 5338 5339
f 5297 5339 5338
f 5297 5339 5340
f 5297 5340 5339
f 5297 5340 5341
f 5297 5341 5340
f 5297 5341 5342
f 5297 5342 5341
v -0.074950 0.455900 -0.225113
v -0.074629 0.450853 -0.227597
v -0.075255 0.444975 -0.229071
v -0.076711 0.438370 -0.229659
v -0.078825 0.431187 -0.229544
v -0.081379 0.423618 -0.228959
v -0.084123 0.415882 -0.228171
v -0.086796 0.408210 -0.227461
v -0.089138 0.400826 -0.227102
v -0.090919 0.393936 -0.227342
v -0.091947 0.387706 -0.228387
v -0.092085 0.382256 -0.230381
v -0.091265 0.377648 -0.233399
v -0.089485 0.373881 -0.237442
v -0.086815 0.370895 -0.242433
v -0.083393 0.368569 -0.248228
v -0.079409 0.366736 -0.254624
v -0.075095 0.365192 -0.261370
v -0.070709 0.363711 -0.268195
v -0.066513 0.362063 -0.274815
v -0.062758 0.360030 -0.280966
v -0.059661 0.357419 -0.286415
v -0.057393 0.354079 -0.290977
v -0.056072 0.349910 -0.294529
v -0.056392 0.354957 -0.292045
v -0.055767 0.360834 -0.290571
v -0.054311 0.367440 -0.289983
v -0.052197 0.374623 -0.290098
v -0.049643 0.382191 -0.290683
v -0.046899 0.389927 -0.291471
v -0.044226 0.397600 -0.292182
v -0.041884 0.404983 -0.292541
v -0.040103 0.411874 -0.292300
v -0.039075 0.418104 -0.291255
v -0.038936 0.423554 -0.289261
v -0.039757 0.428162 -0.286243
v -0.041537 0.431929 -0.282201
v -0.044207 0.434915 -0.277209
v -0.047629 0.437241 -0.271414
v -0.051613 0.439074 -0.265019
v -0.055927 0.440618 -0.258272
v -0.060313 0.442099 -0.251448
v -0.064509 0.443746 -0.244827
v -0.068264 0.445780 -0.238676
v -0.071361 0.448391 -0.233227
v -0.073629 0.451731 -0.228665
f 5343 5344 5345
f 5343 5345 5344
f 5343 5345 5346
f 5343 5346 5345
f 5343 5346 5347
f 5343 5347 5346
f 5343 5347 5348
f 5343 5348 5347
f 5343 5348 5349
f 5343 5349 5348
f 5343 5349 5350
f 5343 5350 5349
f 5343 5350 5351
f 5343 5351 5350
f 5343 5351 5352
f 5343 5352 5351
f 5343 5352 5353
f 5343 5353 5352
f 5343 5353 5354
f 5343 5354 5353
f 5343 5354 5355
f 5343 5355 5354
f 5343 5355 5356
f 5343 5356 5355
f 5343 5356 5357
f 5343 5357 5356
f 5343 5357 5358
f 5343 5358 5357
f 5343 5358 5359
f 5343 5359 5358
f 5343 5359 5360
f 5343 5360 5359
f 5343 5360 5361
f 5343 5361 5360
f 5343 5361 5362
f 5343 5362 5361
f 5343 5362 5363
f 5343 5363 5362
f 5343 5363 5364
f 5343 5364 5363
f 5343 5364 5365
f 5343 5365 5364
f 5343 5365 5366
f 5343 5366 5365
f 5343 5366 5367
f 5343 5367 5366
f 5343 5367 5368
f 5343 5368 5367
f 5343 5368 5369
f 5343 5369 5368
f 5343 5369 5370
f 5343 5370 5369
f 5343 5370 5371
f 5343 5371 5370
f 5343 5371 5372
f 5343 5372 5371
f 5343 5372 5373
f 5343 5373 5372
f 5343 5373 5374
f 5343 5374 5373
f 5343 5374 5375
f 5343 5375 5374
f 5343 5375 5376
f 5343 5376 5375
f 5343 5376 5377
f 5343 5377 5376
f 5343 5377 5378
f 5343 5378 5377
f 5343 5378 5379
f 5343 5379 5378
f 5343 5379 5380
f 5343 5380 5379
f 5343 5380 5381
f 5343 5381 5380
f 5343 5381 5382
f 5343 5382 5381
f 5343 5382 5383
f 5343 5383 5382
f 5343 5383 5384
f 5343 5384 5383
f 5343 5384 5385
f 5343 5385 5384
f 5343 5385 5386
f 5343 5386 5385
f 5343 5386 5387
f 5343 5387 5386
f 5343 5387 5388
f 5343 5388 5387
v -0.038638 0.430654 -0.206347
v -0.038042 0.434848 -0.202342
v -0.034246 0.437441 -0.198756
v -0.028700 0.437441 -0.196959
v -0.023522 0.434848 -0.197637
v -0.020691 0.430654 -0.200531
v -0.021287 0.426459 -0.204535
v -0.025083 0.423867 -0.208121
v -0.030629 0.423867 -0.209919
v -0.035806 0.426459 -0.209241
v -0.022234 0.468602 -0.247175
v -0.021829 0.471454 -0.244452
v -0.019248 0.473217 -0.242013
v -0.015476 0.473217 -0.240791
v -0.011955 0.471454 -0.241252
v -0.010030 0.468602 -0.243220
v -0.010435 0.465750 -0.245943
v -0.013016 0.463987 -0.248382
v -0.016788 0.463987 -0.249604
v -0.020308 0.465750 -0.249143
f 5389 5390 5400
f 5389 5400 5399
f 5390 5391 5401
f 5390 5401 5400
f 5391 5392 5402
f 5391 5402 5401
f 5392 5393 5403
f 5392 5403 5402
f 5393 5394 5404
f 5393 5404 5403
f 5394 5395 5405
f 5394 5405 5404
f 5395 5396 5406
f 5395 5406 5405
f 5396 5397 5407
f 5396 5407 5406
f 5397 5398 5408
f 5397 5408 5407
f 5398 5389 5399
f 5398 5399 5408
v -0.016132 0.468602 -0.245198
v -0.021103 0.466330 -0.245219
v -0.026587 0.464954 -0.244593
v -0.032666 0.464617 -0.243215
v -0.039310 0.465266 -0.241124
v -0.046406 0.466705 -0.238461
v -0.053781 0.468631 -0.235447
v -0.061221 0.470670 -0.232351
v -0.068494 0.472418 -0.229465
v -0.075380 0.473489 -0.227069
v -0.081687 0.473550 -0.225403
v -0.087276 0.472357 -0.224644
v -0.092074 0.469783 -0.224884
v -0.096080 0.465827 -0.226123
v -0.099369 0.460618 -0.228268
v -0.102079 0.454399 -0.231145
v -0.104401 0.447501 -0.234511
v -0.106557 0.440314 -0.238086
v -0.108778 0.433240 -0.241580
v -0.111277 0.426652 -0.244723
v -0.114229 0.420855 -0.247294
v -0.117745 0.416043 -0.249152
v -0.121857 0.412271 -0.250258
v -0.126481 0.409394 -0.250716
v -0.121510 0.411666 -0.250695
v -0.116027 0.413043 -0.251321
v -0.109948 0.413380 -0.252699
v -0.103304 0.412730 -0.254790
v -0.096207 0.411291 -0.257453
v -0.088832 0.409365 -0.260467
v -0.081393 0.407327 -0.263563
v -0.074119 0.405578 -0.266449
v -0.067234 0.404507 -0.268845
v -0.060927 0.404446 -0.270511
v -0.055338 0.405639 -0.271270
v -0.050540 0.408213 -0.271030
v -0.046533 0.412169 -0.269791
v -0.043244 0.417378 -0.267646
v -0.040534 0.423598 -0.264769
v -0.038212 0.430495 -0.261403
v -0.036056 0.437682 -0.257828
v -0.033836 0.444756 -0.254334
v -0.031337 0.451344 -0.251191
v -0.028385 0.457142 -0.248620
v -0.024868 0.461953 -0.246762
v -0.020757 0.465725 -0.245656
f 5409 5410 5411
f 5409 5411 5410
f 5409 5411 5412
f 5409 5412 5411
f 5409 5412 5413
f 5409 5413 5412
f 5409 5413 5414
f 5409 5414 5413
f 5409 5414 5415
f 5409 5415 5414
f 5409 5415 5416
f 5409 5416 5415
f 5409 5416 5417
f 5409 5417 5416
f 5409 5417 5418
f 5409 5418 5417
f 5409 5418 5419
f 5409 5419 5418
f 5409 5419 5420
f 5409 5420 5419
f 5409 5420 5421
f 5409 5421 5420
f 5409 5421 5422
f 5409 5422 5421
f 5409 5422 5423
f 5409 5423 5422
f 5409 5423 5424
f 5409 5424 5423
f 5409 5424 5425
f 5409 5425 5424
f 5409 5425 5426
f 5409 5426 5425
f 5409 5426 5427
f 5409 5427 5426
f 5409 5427 5428
f 5409 5428 5427
f 5409 5428 5429
f 5409 5429 5428
f 5409 5429 5430
f 5409 5430 5429
f 5409 5430 5431
f 5409 5431 5430
f 5409 5431 5432
f 5409 5432 5431
f 5409 5432 5433
f 5409 5433 5432
f 5409 5433 5434
f 5409 5434 5433
f 5409 5434 5435
f 5409 5435 5434
f 5409 5435 5436
f 5409 5436 5435
f 5409 5436 5437
f 5409 5437 5436
f 5409 5437 5438
f 5409 5438 5437
f 5409 5438 5439
f 5409 5439 5438
f 5409 5439 5440
f 5409 5440 5439
f 5409 5440 5441
f 5409 5441 5440
f 5409 5441 5442
f 5409 5442 5441
f 5409 5442 5443
f 5409 5443 5442
f 5409 5443 5444
f 5409 5444 5443
f 5409 5444 5445
f 5409 5445 5444
f 5409 5445 5446
f 5409 5446 5445
f 5409 5446 5447
f 5409 5447 5446
f 5409 5447 5448
f 5409 5448 5447
f 5409 5448 5449
f 5409 5449 5448
f 5409 5449 5450
f 5409 5450 5449
f 5409 5450 5451
f 5409 5451 5450
f 5409 5451 5452
f 5409 5452 5451
f 5409 5452 5453
f 5409 5453 5452
f 5409 5453 5454
f 5409 5454 5453
v -0.016132 0.468602 -0.245198
v -0.013760 0.467640 -0.242259
v -0.010832 0.465917 -0.239831
v -0.007386 0.463487 -0.237878
v -0.003513 0.460475 -0.236315
v 0.000657 0.457057 -0.235026
v 0.004969 0.453446 -0.233866
v 0.009256 0.449869 -0.232683
v 0.013350 0.446554 -0.231324
v 0.017098 0.443712 -0.229647
v 0.020375 0.441514 -0.227538
v 0.023088 0.440085 -0.224913
v 0.025192 0.439488 -0.221729
v 0.026686 0.439724 -0.217986
v 0.027618 0.440728 -0.213728
v 0.028077 0.442377 -0.209036
v 0.028191 0.444497 -0.204028
v 0.028112 0.446881 -0.198843
v 0.028008 0.449299 -0.193635
v 0.028046 0.451523 -0.188557
v 0.028381 0.453341 -0.183751
v 0.029142 0.454577 -0.179337
v 0.030422 0.455106 -0.175397
v 0.032258 0.454875 -0.171968
v 0.029886 0.455837 -0.174906
v 0.026958 0.457560 -0.177334
v 0.023511 0.459990 -0.179287
v 0.019639 0.463002 -0.180850
v 0.015469 0.466420 -0.182140
v 0.011157 0.470031 -0.183299
v 0.006870 0.473609 -0.184482
v 0.002776 0.476923 -0.185842
v -0.000973 0.479765 -0.187518
v -0.004249 0.481963 -0.189627
v -0.006963 0.483392 -0.192252
v -0.009067 0.483989 -0.195436
v -0.010561 0.483753 -0.199179
v -0.011492 0.482749 -0.203437
v -0.011951 0.481100 -0.208129
v -0.012065 0.478980 -0.213137
v -0.011986 0.476597 -0.218322
v -0.011882 0.474178 -0.223531
v -0.011920 0.471954 -0.228608
v -0.012255 0.470136 -0.233414
v -0.013017 0.468900 -0.237828
v -0.014296 0.468371 -0.241768
f 5455 5456 5457
f 5455 5457 5456
f 5455 5457 5458
f 5455 5458 5457
f 5455 5458 5459
f 5455 5459 5458
f 5455 5459 5460
f 5455 5460 5459
f 5455 5460 5461
f 5455 5461 5460
f 5455 5461 5462
f 5455 5462 5461
f 5455 5462 5463
f 5455 5463 5462
f 5455 5463 5464
f 5455 5464 5463
f 5455 5464 5465
f 5455 5465 5464
f 5455 5465 5466
f 5455 5466 5465
f 5455 5466 5467
f 5455 5467 5466
f 5455 5467 5468
f 5455 5468 5467
f 5455 5468 5469
f 5455 5469 5468
f 5455 5469 5470
f 5455 5470 5469
f 5455 5470 5471
f 5455 5471 5470
f 5455 5471 5472
f 5455 5472 5471
f 5455 5472 5473
f 5455 5473 5472
f 5455 5473 5474
f 5455 5474 5473
f 5455 5474 5475
f 5455 5475 5474
f 5455 5475 5476
f 5455 5476 5475
f 5455 5476 5477
f 5455 5477 5476
f 5455 5477 5478
f 5455 5478 5477
f 5455 5478 5479
f 5455 5479 5478
f 5455 5479 5480
f 5455 5480 5479
f 5455 5480 5481
f 5455 5481 5480
f 5455 5481 5482
f 5455 5482 5481
f 5455 5482 5483
f 5455 5483 5482
f 5455 5483 5484
f 5455 5484 5483
f 5455 5484 5485
f 5455 5485 5484
f 5455 5485 5486
f 5455 5486 5485
f 5455 5486 5487
f 5455 5487 5486
f 5455 5487 5488
f 5455 5488 5487
f 5455 5488 5489
f 5455 5489 5488
f 5455 5489 5490
f 5455 5490 5489
f 5455 5490 5491
f 5455 5491 5490
f 5455 5491 5492
f 5455 5492 5491
f 5455 5492 5493
f 5455 5493 5492
f 5455 5493 5494
f 5455 5494 5493
f 5455 5494 5495
f 5455 5495 5494
f 5455 5495 5496
f 5455 5496 5495
f 5455 5496 5497
f 5455 5497 5496
f 5455 5497 5498
f 5455 5498 5497
f 5455 5498 5499
f 5455 5499 5498
f 5455 5499 5500
f 5455 5500 5499
v -0.012574 0.417316 -0.099375
v -0.005672 0.422364 -0.099992
v 0.000175 0.425484 -0.105432
v 0.002733 0.425484 -0.113614
v 0.001026 0.422364 -0.121415
v -0.004295 0.417316 -0.125855
v -0.011197 0.412268 -0.125237
v -0.017044 0.409148 -0.119797
v -0.019602 0.409148 -0.111615
v -0.017895 0.412268 -0.103814
v -0.072499 0.498715 -0.122760
v -0.067806 0.502148 -0.123180
v -0.063830 0.504269 -0.126879
v -0.062090 0.504269 -0.132443
v -0.063251 0.502148 -0.137748
v -0.066870 0.498715 -0.140767
v -0.071563 0.495282 -0.140346
v -0.075539 0.493161 -0.136648
v -0.077278 0.493161 -0.131084
v -0.076117 0.495282 -0.125779
f 5501 5502 5512
f 5501 5512 5511
f 5502 5503 5513
f 5502 5513 5512
f 5503 5504 5514
f 5503 5514 5513
f 5504 5505 5515
f 5504 5515 5514
f 5505 5506 5516
f 5505 5516 5515
f 5506 5507 5517
f 5506 5517 5516
f 5507 5508 5518
f 5507 5518 5517
f 5508 5509 5519
f 5508 5519 5518
f 5509 5510 5520
f 5509 5520 5519
f 5510 5501 5511
f 5510 5511 5520
v -0.069684 0.498715 -0.131763
v -0.069285 0.498579 -0.128547
v -0.068693 0.498583 -0.125346
v -0.067652 0.498918 -0.122181
v -0.065939 0.499744 -0.119073
v -0.063448 0.501141 -0.116028
v -0.060234 0.503068 -0.113042
v -0.056522 0.505361 -0.110097
v -0.052678 0.507749 -0.107164
v -0.049146 0.509909 -0.104204
v -0.046367 0.511518 -0.101183
v -0.044691 0.512317 -0.098071
v -0.044315 0.512164 -0.094852
v -0.045237 0.511059 -0.091527
v -0.047263 0.509144 -0.088111
v -0.050041 0.506678 -0.084633
v -0.053131 0.503983 -0.081129
v -0.056090 0.501385 -0.077636
v -0.058551 0.499152 -0.074184
v -0.060289 0.497448 -0.070792
v -0.061248 0.496316 -0.067463
v -0.061536 0.495676 -0.064190
v -0.061374 0.495365 -0.060954
v -0.061020 0.495195 -0.057733
v -0.061420 0.495331 -0.060950
v -0.062012 0.495327 -0.064151
v -0.063053 0.494993 -0.067315
v -0.064766 0.494166 -0.070424
v -0.067257 0.492769 -0.073469
v -0.070471 0.490842 -0.076454
v -0.074183 0.488550 -0.079399
v -0.078027 0.486161 -0.082333
v -0.081559 0.484001 -0.085292
v -0.084338 0.482392 -0.088313
v -0.086013 0.481593 -0.091425
v -0.086390 0.481746 -0.094644
v -0.085468 0.482852 -0.097970
v -0.083442 0.484766 -0.101386
v -0.080664 0.487232 -0.104864
v -0.077573 0.489927 -0.108367
v -0.074615 0.492525 -0.111860
v -0.072154 0.494759 -0.115312
v -0.070416 0.496462 -0.118705
v -0.069457 0.497594 -0.122033
v -0.069169 0.498234 -0.125306
v -0.069331 0.498545 -0.128543
f 5521 5522 5523
f 5521 5523 5522
f 5521 5523 5524
f 5521 5524 5523
f 5521 5524 5525
f 5521 5525 5524
f 5521 5525 5526
f 5521 5526 5525
f 5521 5526 5527
f 5521 5527 5526
f 5521 5527 5528
f 5521 5528 5527
f 5521 5528 5529
f 5521 5529 5528
f 5521 5529 5530
f 5521 5530 5529
f 5521 5530 5531
f 5521 5531 5530
f 5521 5531 5532
f 5521 5532 5531
f 5521 5532 5533
f 5521 5533 5532
f 5521 5533 5534
f 5521 5534 5533
f 5521 5534 5535
f 5521 5535 5534
f 5521 5535 5536
f 5521 5536 5535
f 5521 5536 5537
f 5521 5537 5536
f 5521 5537 5538
f 5521 5538 5537
f 5521 5538 5539
f 5521 5539 5538
f 5521 5539 5540
f 5521 5540 5539
f 5521 5540 5541
f 5521 5541 5540
f 5521 5541 5542
f 5521 5542 5541
f 5521 5542 5543
f 5521 5543 5542
f 5521 5543 5544
f 5521 5544 5543
f 5521 5544 5545
f 5521 5545 5544
f 5521 5545 5546
f 5521 5546 5545
f 5521 5546 5547
f 5521 5547 5546
f 5521 5547 5548
f 5521 5548 5547
f 5521 5548 5549
f 5521 5549 5548
f 5521 5549 5550
f 5521 5550 5549
f 5521 5550 5551
f 5521 5551 5550
f 5521 5551 5552
f 5521 5552 5551
f 5521 5552 5553
f 5521 5553 5552
f 5521 5553 5554
f 5521 5554 5553
f 5521 5554 5555
f 5521 5555 5554
f 5521 5555 5556
f 5521 5556 5555
f 5521 5556 5557
f 5521 5557 5556
f 5521 5557 5558
f 5521 5558 5557
f 5521 5558 5559
f 5521 5559 5558
f 5521 5559 5560
f 5521 5560 5559
f 5521 5560 5561
f 5521 5561 5560
f 5521 5561 5562
f 5521 5562 5561
f 5521 5562 5563
f 5521 5563 5562
f 5521 5563 5564
f 5521 5564 5563
f 5521 5564 5565
f 5521 5565 5564
f 5521 5565 5566
f 5521 5566 5565
v -0.069684 0.498715 -0.131763
v -0.065142 0.498910 -0.132553
v -0.060666 0.498943 -0.133820
v -0.056315 0.498669 -0.135987
v -0.052126 0.498001 -0.139317
v -0.048106 0.496922 -0.143853
v -0.044226 0.495500 -0.149396
v -0.040429 0.493877 -0.155530
v -0.036634 0.492247 -0.161686
v -0.032754 0.490826 -0.167226
v -0.028704 0.489819 -0.171550
v -0.024420 0.489383 -0.174194
v -0.019866 0.489606 -0.174904
v -0.015043 0.490485 -0.173681
v -0.009985 0.491937 -0.170778
v -0.004758 0.493802 -0.166659
v 0.000555 0.495876 -0.161925
v 0.005865 0.497943 -0.157211
v 0.011093 0.499809 -0.153089
v 0.016180 0.501332 -0.149975
v 0.021099 0.502445 -0.148066
v 0.025855 0.503163 -0.147319
v 0.030487 0.503575 -0.147473
v 0.035052 0.503824 -0.148105
v 0.030509 0.503628 -0.147316
v 0.026033 0.503596 -0.146048
v 0.021682 0.503869 -0.143881
v 0.017494 0.504538 -0.140551
v 0.013473 0.505617 -0.136015
v 0.009593 0.507039 -0.130473
v 0.005796 0.508662 -0.124338
v 0.002001 0.510292 -0.118182
v -0.001879 0.511712 -0.112642
v -0.005929 0.512719 -0.108318
v -0.010213 0.513155 -0.105674
v -0.014767 0.512933 -0.104964
v -0.019590 0.512053 -0.106187
v -0.024648 0.510602 -0.109090
v -0.029875 0.508737 -0.113209
v -0.035188 0.506663 -0.117944
v -0.040498 0.504595 -0.122657
v -0.045725 0.502729 -0.126779
v -0.050812 0.501206 -0.129893
v -0.055731 0.500093 -0.131802
v -0.060488 0.499375 -0.132549
v -0.065120 0.498964 -0.132395
f 5567 5568 5569
f 5567 5569 5568
f 5567 5569 5570
f 5567 5570 5569
f 5567 5570 5571
f 5567 5571 5570
f 5567 5571 5572
f 5567 5572 5571
f 5567 5572 5573
f 5567 5573 5572
f 5567 5573 5574
f 5567 5574 5573
f 5567 5574 5575
f 5567 5575 5574
f 5567 5575 5576
f 5567 5576 5575
f 5567 5576 5577
f 5567 5577 5576
f 5567 5577 5578
f 5567 5578 5577
f 5567 5578 5579
f 5567 5579 5578
f 5567 5579 5580
f 5567 5580 5579
f 5567 5580 5581
f 5567 5581 5580
f 5567 5581 5582
f 5567 5582 5581
f 5567 5582 5583
f 5567 5583 5582
f 5567 5583 5584
f 5567 5584 5583
f 5567 5584 5585
f 5567 5585 5584
f 5567 5585 5586
f 5567 5586 5585
f 5567 5586 5587
f 5567 5587 5586
f 5567 5587 5588
f 5567 5588 5587
f 5567 5588 5589
f 5567 5589 5588
f 5567 5589 5590
f 5567 5590 5589
f 5567 5590 5591
f 5567 5591 5590
f 5567 5591 5592
f 5567 5592 5591
f 5567 5592 5593
f 5567 5593 5592
f 5567 5593 5594
f 5567 5594 5593
f 5567 5594 5595
f 5567 5595 5594
f 5567 5595 5596
f 5567 5596 5595
f 5567 5596 5597
f 5567 5597 5596
f 5567 5597 5598
f 5567 5598 5597
f 5567 5598 5599
f 5567 5599 5598
f 5567 5599 5600
f 5567 5600 5599
f 5567 5600 5601
f 5567 5601 5600
f 5567 5601 5602
f 5567 5602 5601
f 5567 5602 5603
f 5567 5603 5602
f 5567 5603 5604
f 5567 5604 5603
f 5567 5604 5605
f 5567 5605 5604
f 5567 5605 5606
f 5567 5606 5605
f 5567 5606 5607
f 5567 5607 5606
f 5567 5607 5608
f 5567 5608 5607
f 5567 5608 5609
f 5567 5609 5608
f 5567 5609 5610
f 5567 5610 5609
f 5567 5610 5611
f 5567 5611 5610
f 5567 5611 5612
f 5567 5612 5611
v -0.069684 0.498715 -0.131763
v -0.070557 0.495849 -0.133195
v -0.071697 0.492867 -0.134264
v -0.073273 0.489697 -0.134740
v -0.075361 0.486305 -0.134518
v -0.077943 0.482700 -0.133626
v -0.080907 0.478929 -0.132213
v -0.084066 0.475075 -0.130536
v -0.087183 0.471238 -0.128915
v -0.090008 0.467527 -0.127692
v -0.092311 0.464042 -0.127178
v -0.093920 0.460858 -0.127610
v -0.094738 0.458016 -0.129115
v -0.094767 0.455515 -0.131695
v -0.094100 0.453314 -0.135221
v -0.092912 0.451340 -0.139455
v -0.091432 0.449491 -0.144088
v -0.089910 0.447661 -0.148776
v -0.088583 0.445746 -0.153200
v -0.087638 0.443666 -0.157104
v -0.087187 0.441373 -0.160337
v -0.087248 0.438857 -0.162872
v -0.087745 0.436154 -0.164816
v -0.088509 0.433335 -0.166395
v -0.087637 0.436201 -0.164963
v -0.086497 0.439183 -0.163895
v -0.084921 0.442353 -0.163419
v -0.082833 0.445745 -0.163640
v -0.080251 0.449350 -0.164533
v -0.077287 0.453120 -0.165945
v -0.074128 0.456975 -0.167622
v -0.071011 0.460812 -0.169243
v -0.068186 0.464522 -0.170467
v -0.065882 0.468007 -0.170981
v -0.064274 0.471191 -0.170549
v -0.063456 0.474034 -0.169043
v -0.063427 0.476535 -0.166464
v -0.064094 0.478735 -0.162938
v -0.065282 0.480710 -0.158703
v -0.066762 0.482559 -0.154071
v -0.068284 0.484389 -0.149382
v -0.069611 0.486304 -0.144959
v -0.070555 0.488384 -0.141055
v -0.071007 0.490677 -0.137822
v -0.070945 0.493192 -0.135286
v -0.070449 0.495896 -0.133343
f 5613 5614 5615
f 5613 5615 5614
f 5613 5615 5616
f 5613 5616 5615
f 5613 5616 5617
f 5613 5617 5616
f 5613 5617 5618
f 5613 5618 5617
f 5613 5618 5619
f 5613 5619 5618
f 5613 5619 5620
f 5613 5620 5619
f 5613 5620 5621
f 5613 5621 5620
f 5613 5621 5622
f 5613 5622 5621
f 5613 5622 5623
f 5613 5623 5622
f 5613 5623 5624
f 5613 5624 5623
f 5613 5624 5625
f 5613 5625 5624
f 5613 5625 5626
f 5613 5626 5625
f 5613 5626 5627
f 5613 5627 5626
f 5613 5627 5628
f 5613 5628 5627
f 5613 5628 5629
f 5613 5629 5628
f 5613 5629 5630
f 5613 5630 5629
f 5613 5630 5631
f 5613 5631 5630
f 5613 5631 5632
f 5613 5632 5631
f 5613 5632 5633
f 5613 5633 5632
f 5613 5633 5634
f 5613 5634 5633
f 5613 5634 5635
f 5613 5635 5634
f 5613 5635 5636
f 5613 5636 5635
f 5613 5636 5637
f 5613 5637 5636
f 5613 5637 5638
f 5613 5638 5637
f 5613 5638 5639
f 5613 5639 5638
f 5613 5639 5640
f 5613 5640 5639
f 5613 5640 5641
f 5613 5641 5640
f 5613 5641 5642
f 5613 5642 5641
f 5613 5642 5643
f 5613 5643 5642
f 5613 5643 5644
f 5613 5644 5643
f 5613 5644 5645
f 5613 5645 5644
f 5613 5645 5646
f 5613 5646 5645
f 5613 5646 5647
f 5613 5647 5646
f 5613 5647 5648
f 5613 5648 5647
f 5613 5648 5649
f 5613 5649 5648
f 5613 5649 5650
f 5613 5650 5649
f 5613 5650 5651
f 5613 5651 5650
f 5613 5651 5652
f 5613 5652 5651
f 5613 5652 5653
f 5613 5653 5652
f 5613 5653 5654
f 5613 5654 5653
f 5613 5654 5655
f 5613 5655 5654
f 5613 5655 5656
f 5613 5656 5655
f 5613 5656 5657
f 5613 5657 5656
f 5613 5657 5658
f 5613 5658 5657
v -0.073455 0.498715 -0.123117
v -0.070782 0.503834 -0.123917
v -0.067690 0.506998 -0.127714
v -0.065360 0.506998 -0.133058
v -0.064682 0.503834 -0.137908
v -0.065914 0.498715 -0.140410
v -0.068587 0.493596 -0.139610
v -0.071678 0.490432 -0.135813
v -0.074008 0.490432 -0.130469
v -0.074687 0.493596 -0.125619
v -0.129230 0.524579 -0.150729
v -0.127413 0.528060 -0.151273
v -0.125311 0.530211 -0.153855
v -0.123726 0.530211 -0.157489
v -0.123265 0.528060 -0.160787
v -0.124103 0.524579 -0.162489
v -0.125920 0.521098 -0.161945
v -0.128023 0.518947 -0.159363
v -0.129607 0.518947 -0.155729
v -0.130068 0.521098 -0.152431
f 5659 5660 5670
f 5659 5670 5669
f 5660 5661 5671
f 5660 5671 5670
f 5661 5662 5672
f 5661 5672 5671
f 5662 5663 5673
f 5662 5673 5672
f 5663 5664 5674
f 5663 5674 5673
f 5664 5665 5675
f 5664 5675 5674
f 5665 5666 5676
f 5665 5676 5675
f 5666 5667 5677
f 5666 5677 5676
f 5667 5668 5678
f 5667 5678 5677
f 5668 5659 5669
f 5668 5669 5678
v -0.126667 0.524579 -0.156609
v -0.126404 0.523683 -0.153178
v -0.125994 0.523220 -0.149633
v -0.125336 0.523488 -0.145894
v -0.124380 0.524637 -0.141924
v -0.123132 0.526648 -0.137725
v -0.121652 0.529341 -0.133347
v -0.120051 0.532396 -0.128873
v -0.118466 0.535400 -0.124413
v -0.117049 0.537911 -0.120082
v -0.115936 0.539522 -0.115989
v -0.115234 0.539922 -0.112216
v -0.114999 0.538943 -0.108807
v -0.115231 0.536584 -0.105762
v -0.115874 0.533014 -0.103037
v -0.116821 0.528544 -0.100549
v -0.117936 0.523581 -0.098192
v -0.119068 0.518568 -0.095847
v -0.120077 0.513916 -0.093408
v -0.120856 0.509946 -0.090788
v -0.121342 0.506839 -0.087941
v -0.121529 0.504612 -0.084861
v -0.121469 0.503116 -0.081588
v -0.121263 0.502053 -0.078201
v -0.121526 0.502949 -0.081632
v -0.121936 0.503412 -0.085178
v -0.122594 0.503144 -0.088916
v -0.123549 0.501995 -0.092887
v -0.124798 0.499984 -0.097085
v -0.126277 0.497291 -0.101463
v -0.127879 0.494236 -0.105937
v -0.129463 0.491232 -0.110398
v -0.130881 0.488721 -0.114728
v -0.131994 0.487110 -0.118821
v -0.132696 0.486710 -0.122594
v -0.132931 0.487689 -0.126003
v -0.132698 0.490048 -0.129048
v -0.132056 0.493618 -0.131773
v -0.131108 0.498088 -0.134261
v -0.129993 0.503051 -0.136618
v -0.128862 0.508064 -0.138963
v -0.127852 0.512716 -0.141403
v -0.127074 0.516686 -0.144022
v -0.126588 0.519793 -0.146870
v -0.126400 0.522020 -0.149949
v -0.126460 0.523516 -0.153222
f 5679 5680 5681
f 5679 5681 5680
f 5679 5681 5682
f 5679 5682 5681
f 5679 5682 5683
f 5679 5683 5682
f 5679 5683 5684
f 5679 5684 5683
f 5679 5684 5685
f 5679 5685 5684
f 5679 5685 5686
f 5679 5686 5685
f 5679 5686 5687
f 5679 5687 5686
f 5679 5687 5688
f 5679 5688 5687
f 5679 5688 5689
f 5679 5689 5688
f 5679 5689 5690
f 5679 5690 5689
f 5679 5690 5691
f 5679 5691 5690
f 5679 5691 5692
f 5679 5692 5691
f 5679 5692 5693
f 5679 5693 5692
f 5679 5693 5694
f 5679 5694 5693
f 5679 5694 5695
f 5679 5695 5694
f 5679 5695 5696
f 5679 5696 5695
f 5679 5696 5697
f 5679 5697 5696
f 5679 5697 5698
f 5679 5698 5697
f 5679 5698 5699
f 5679 5699 5698
f 5679 5699 5700
f 5679 5700 5699
f 5679 5700 5701
f 5679 5701 5700
f 5679 5701 5702
f 5679 5702 5701
f 5679 5702 5703
f 5679 5703 5702
f 5679 5703 5704
f 5679 5704 5703
f 5679 5704 5705
f 5679 5705 5704
f 5679 5705 5706
f 5679 5706 5705
f 5679 5706 5707
f 5679 5707 5706
f 5679 5707 5708
f 5679 5708 5707
f 5679 5708 5709
f 5679 5709 5708
f 5679 5709 5710
f 5679 5710 5709
f 5679 5710 5711
f 5679 5711 5710
f 5679 5711 5712
f 5679 5712 5711
f 5679 5712 5713
f 5679 5713 5712
f 5679 5713 5714
f 5679 5714 5713
f 5679 5714 5715
f 5679 5715 5714
f 5679 5715 5716
f 5679 5716 5715
f 5679 5716 5717
f 5679 5717 5716
f 5679 5717 5718
f 5679 5718 5717
f 5679 5718 5719
f 5679 5719 5718
f 5679 5719 5720
f 5679 5720 5719
f 5679 5720 5721
f 5679 5721 5720
f 5679 5721 5722
f 5679 5722 5721
f 5679 5722 5723
f 5679 5723 5722
f 5679 5723 5724
f 5679 5724 5723
v -0.126667 0.524579 -0.156609
v -0.124276 0.526282 -0.157986
v -0.121841 0.527575 -0.159891
v -0.119351 0.528362 -0.162450
v -0.116806 0.528649 -0.165656
v -0.114216 0.528519 -0.169399
v -0.111597 0.528120 -0.173490
v -0.108968 0.527639 -0.177687
v -0.106353 0.527284 -0.181720
v -0.103775 0.527260 -0.185326
v -0.101251 0.527744 -0.188277
v -0.098798 0.528866 -0.190404
v -0.096421 0.530694 -0.191619
v -0.094121 0.533228 -0.191922
v -0.091891 0.536401 -0.191401
v -0.089717 0.540081 -0.190226
v -0.087578 0.544091 -0.188623
v -0.085453 0.548228 -0.186857
v -0.083319 0.552284 -0.185196
v -0.081156 0.556070 -0.183883
v -0.078948 0.559440 -0.183108
v -0.076685 0.562309 -0.182979
v -0.074366 0.564671 -0.183504
v -0.072003 0.566625 -0.184557
v -0.074393 0.564922 -0.183180
v -0.076828 0.563628 -0.181275
v -0.079319 0.562841 -0.178716
v -0.081863 0.562555 -0.175510
v -0.084454 0.562685 -0.171767
v -0.087073 0.563084 -0.167676
v -0.089702 0.563565 -0.163480
v -0.092316 0.563920 -0.159447
v -0.094895 0.563944 -0.155841
v -0.097418 0.563460 -0.152890
v -0.099872 0.562338 -0.150762
v -0.102249 0.560510 -0.149547
v -0.104548 0.557976 -0.149244
v -0.106778 0.554803 -0.149765
v -0.108953 0.551123 -0.150941
v -0.111092 0.547113 -0.152543
v -0.113217 0.542975 -0.154310
v -0.115350 0.538920 -0.155971
v -0.117514 0.535134 -0.157283
v -0.119722 0.531764 -0.158058
v -0.121985 0.528895 -0.158188
v -0.124304 0.526532 -0.157662
f 5725 5726 5727
f 5725 5727 5726
f 5725 5727 5728
f 5725 5728 5727
f 5725 5728 5729
f 5725 5729 5728
f 5725 5729 5730
f 5725 5730 5729
f 5725 5730 5731
f 5725 5731 5730
f 5725 5731 5732
f 5725 5732 5731
f 5725 5732 5733
f 5725 5733 5732
f 5725 5733 5734
f 5725 5734 5733
f 5725 5734 5735
f 5725 5735 5734
f 5725 5735 5736
f 5725 5736 5735
f 5725 5736 5737
f 5725 5737 5736
f 5725 5737 5738
f 5725 5738 5737
f 5725 5738 5739
f 5725 5739 5738
f 5725 5739 5740
f 5725 5740 5739
f 5725 5740 5741
f 5725 5741 5740
f 5725 5741 5742
f 5725 5742 5741
f 5725 5742 5743
f 5725 5743 5742
f 5725 5743 5744
f 5725 5744 5743
f 5725 5744 5745
f 5725 5745 5744
f 5725 5745 5746
f 5725 5746 5745
f 5725 5746 5747
f 5725 5747 5746
f 5725 5747 5748
f 5725 5748 5747
f 5725 5748 5749
f 5725 5749 5748
f 5725 5749 5750
f 5725 5750 5749
f 5725 5750 5751
f 5725 5751 5750
f 5725 5751 5752
f 5725 5752 5751
f 5725 5752 5753
f 5725 5753 5752
f 5725 5753 5754
f 5725 5754 5753
f 5725 5754 5755
f 5725 5755 5754
f 5725 5755 5756
f 5725 5756 5755
f 5725 5756 5757
f 5725 5757 5756
f 5725 5757 5758
f 5725 5758 5757
f 5725 5758 5759
f 5725 5759 5758
f 5725 5759 5760
f 5725 5760 5759
f 5725 5760 5761
f 5725 5761 5760
f 5725 5761 5762
f 5725 5762 5761
f 5725 5762 5763
f 5725 5763 5762
f 5725 5763 5764
f 5725 5764 5763
f 5725 5764 5765
f 5725 5765 5764
f 5725 5765 5766
f 5725 5766 5765
f 5725 5766 5767
f 5725 5767 5766
f 5725 5767 5768
f 5725 5768 5767
f 5725 5768 5769
f 5725 5769 5768
f 5725 5769 5770
f 5725 5770 5769
v -0.126667 0.524579 -0.156609
v -0.124923 0.520867 -0.158282
v -0.123861 0.516291 -0.159291
v -0.123384 0.510973 -0.159729
v -0.123365 0.505076 -0.159722
v -0.123646 0.498797 -0.159422
v -0.124052 0.492360 -0.159001
v -0.124398 0.485999 -0.158638
v -0.124507 0.479940 -0.158507
v -0.124216 0.474386 -0.158764
v -0.123395 0.469505 -0.159538
v -0.121949 0.465415 -0.160920
v -0.119831 0.462177 -0.162958
v -0.117040 0.459792 -0.165651
v -0.113625 0.458199 -0.168952
v -0.109679 0.457277 -0.172770
v -0.105334 0.456862 -0.176976
v -0.100751 0.456748 -0.181415
v -0.096109 0.456710 -0.185911
v -0.091591 0.456513 -0.190286
v -0.087374 0.455936 -0.194369
v -0.083614 0.454779 -0.198005
v -0.080440 0.452880 -0.201072
v -0.077947 0.450117 -0.203474
v -0.079691 0.453829 -0.201801
v -0.080753 0.458405 -0.200792
v -0.081230 0.463723 -0.200354
v -0.081249 0.469621 -0.200361
v -0.080968 0.475899 -0.200661
v -0.080562 0.482336 -0.201082
v -0.080216 0.488697 -0.201445
v -0.080107 0.494756 -0.201576
v -0.080398 0.500310 -0.201319
v -0.081219 0.505191 -0.200545
v -0.082665 0.509281 -0.199163
v -0.084783 0.512519 -0.197125
v -0.087574 0.514904 -0.194432
v -0.090989 0.516498 -0.191131
v -0.094935 0.517419 -0.187313
v -0.099280 0.517834 -0.183107
v -0.103863 0.517948 -0.178668
v -0.108505 0.517987 -0.174172
v -0.113023 0.518183 -0.169797
v -0.117240 0.518760 -0.165714
v -0.121000 0.519917 -0.162078
v -0.124174 0.521816 -0.159011
f 5771 5772 5773
f 5771 5773 5772
f 5771 5773 5774
f 5771 5774 5773
f 5771 5774 5775
f 5771 5775 5774
f 5771 5775 5776
f 5771 5776 5775
f 5771 5776 5777
f 5771 5777 5776
f 5771 5777 5778
f 5771 5778 5777
f 5771 5778 5779
f 5771 5779 5778
f 5771 5779 5780
f 5771 5780 5779
f 5771 5780 5781
f 5771 5781 5780
f 5771 5781 5782
f 5771 5782 5781
f 5771 5782 5783
f 5771 5783 5782
f 5771 5783 5784
f 5771 5784 5783
f 5771 5784 5785
f 5771 5785 5784
f 5771 5785 5786
f 5771 5786 5785
f 5771 5786 5787
f 5771 5787 5786
f 5771 5787 5788
f 5771 5788 5787
f 5771 5788 5789
f 5771 5789 5788
f 5771 5789 5790
f 5771 5790 5789
f 5771 5790 5791
f 5771 5791 5790
f 5771 5791 5792
f 5771 5792 5791
f 5771 5792 5793
f 5771 5793 5792
f 5771 5793 5794
f 5771 5794 5793
f 5771 5794 5795
f 5771 5795 5794
f 5771 5795 5796
f 5771 5796 5795
f 5771 5796 5797
f 5771 5797 5796
f 5771 5797 5798
f 5771 5798 5797
f 5771 5798 5799
f 5771 5799 5798
f 5771 5799 5800
f 5771 5800 5799
f 5771 5800 5801
f 5771 5801 5800
f 5771 5801 5802
f 5771 5802 5801
f 5771 5802 5803
f 5771 5803 5802
f 5771 5803 5804
f 5771 5804 5803
f 5771 5804 5805
f 5771 5805 5804
f 5771 5805 5806
f 5771 5806 5805
f 5771 5806 5807
f 5771 5807 5806
f 5771 5807 5808
f 5771 5808 5807
f 5771 5808 5809
f 5771 5809 5808
f 5771 5809 5810
f 5771 5810 5809
f 5771 5810 5811
f 5771 5811 5810
f 5771 5811 5812
f 5771 5812 5811
f 5771 5812 5813
f 5771 5813 5812
f 5771 5813 5814
f 5771 5814 5813
f 5771 5814 5815
f 5771 5815 5814
f 5771 5815 5816
f 5771 5816 5815
v -0.069684 0.495215 -0.123004
v -0.064247 0.496891 -0.124274
v -0.060887 0.499264 -0.128405
v -0.060887 0.501427 -0.133819
v -0.064247 0.502554 -0.138448
v -0.069684 0.502215 -0.140523
v -0.075122 0.500538 -0.139253
v -0.078482 0.498166 -0.135122
v -0.078482 0.496003 -0.129708
v -0.075122 0.494876 -0.125079
v -0.082523 0.556069 -0.101942
v -0.078826 0.557209 -0.102805
v -0.076541 0.558822 -0.105614
v -0.076541 0.560293 -0.109296
v -0.078826 0.561060 -0.112443
v -0.082523 0.560829 -0.113855
v -0.086221 0.559689 -0.112991
v -0.088506 0.558076 -0.110182
v -0.088506 0.556605 -0.106501
v -0.086221 0.555838 -0.103353
f 5817 5818 5828
f 5817 5828 5827
f 5818 5819 5829
f 5818 5829 5828
f 5819 5820 5830
f 5819 5830 5829
f 5820 5821 5831
f 5820 5831 5830
f 5821 5822 5832
f 5821 5832 5831
f 5822 5823 5833
f 5822 5833 5832
f 5823 5824 5834
f 5823 5834 5833
f 5824 5825 5835
f 5824 5835 5834
f 5825 5826 5836
f 5825 5836 5835
f 5826 5817 5827
f 5826 5827 5836
v -0.082523 0.558449 -0.107898
v -0.082822 0.555741 -0.105705
v -0.082775 0.553068 -0.103414
v -0.082053 0.550462 -0.100928
v -0.080437 0.547946 -0.098186
v -0.077875 0.545525 -0.095173
v -0.074507 0.543185 -0.091928
v -0.070651 0.540894 -0.088544
v -0.066754 0.538607 -0.085147
v -0.063321 0.536273 -0.081884
v -0.060832 0.533845 -0.078892
v -0.059662 0.531284 -0.076278
v -0.060014 0.528571 -0.074100
v -0.061889 0.525705 -0.072360
v -0.065082 0.522706 -0.070997
v -0.069220 0.519613 -0.069906
v -0.073822 0.516473 -0.068947
v -0.078383 0.513338 -0.067977
v -0.082455 0.510251 -0.066867
v -0.085722 0.507245 -0.065526
v -0.088043 0.504334 -0.063913
v -0.089470 0.501513 -0.062044
v -0.090221 0.498760 -0.059981
v -0.090627 0.496041 -0.057819
v -0.090329 0.498749 -0.060012
v -0.090376 0.501422 -0.062304
v -0.091098 0.504028 -0.064789
v -0.092714 0.506544 -0.067532
v -0.095276 0.508965 -0.070545
v -0.098644 0.511305 -0.073789
v -0.102500 0.513596 -0.077174
v -0.106397 0.515883 -0.080570
v -0.109830 0.518217 -0.083833
v -0.112319 0.520645 -0.086826
v -0.113489 0.523206 -0.089440
v -0.113137 0.525919 -0.091617
v -0.111262 0.528785 -0.093358
v -0.108068 0.531784 -0.094720
v -0.103931 0.534877 -0.095812
v -0.099329 0.538017 -0.096770
v -0.094768 0.541152 -0.097740
v -0.090696 0.544239 -0.098850
v -0.087429 0.547245 -0.100192
v -0.085108 0.550156 -0.101804
v -0.083681 0.552977 -0.103673
v -0.082930 0.555730 -0.105736
f 5837 5838 5839
f 5837 5839 5838
f 5837 5839 5840
f 5837 5840 5839
f 5837 5840 5841
f 5837 5841 5840
f 5837 5841 5842
f 5837 5842 5841
f 5837 5842 5843
f 5837 5843 5842
f 5837 5843 5844
f 5837 5844 5843
f 5837 5844 5845
f 5837 5845 5844
f 5837 5845 5846
f 5837 5846 5845
f 5837 5846 5847
f 5837 5847 5846
f 5837 5847 5848
f 5837 5848 5847
f 5837 5848 5849
f 5837 5849 5848
f 5837 5849 5850
f 5837 5850 5849
f 5837 5850 5851
f 5837 5851 5850
f 5837 5851 5852
f 5837 5852 5851
f 5837 5852 5853
f 5837 5853 5852
f 5837 5853 5854
f 5837 5854 5853
f 5837 5854 5855
f 5837 5855 5854
f 5837 5855 5856
f 5837 5856 5855
f 5837 5856 5857
f 5837 5857 5856
f 5837 5857 5858
f 5837 5858 5857
f 5837 5858 5859
f 5837 5859 5858
f 5837 5859 5860
f 5837 5860 5859
f 5837 5860 5861
f 5837 5861 5860
f 5837 5861 5862
f 5837 5862 5861
f 5837 5862 5863
f 5837 5863 5862
f 5837 5863 5864
f 5837 5864 5863
f 5837 5864 5865
f 5837 5865 5864
f 5837 5865 5866
f 5837 5866 5865
f 5837 5866 5867
f 5837 5867 5866
f 5837 5867 5868
f 5837 5868 5867
f 5837 5868 5869
f 5837 5869 5868
f 5837 5869 5870
f 5837 5870 5869
f 5837 5870 5871
f 5837 5871 5870
f 5837 5871 5872
f 5837 5872 5871
f 5837 5872 5873
f 5837 5873 5872
f 5837 5873 5874
f 5837 5874 5873
f 5837 5874 5875
f 5837 5875 5874
f 5837 5875 5876
f 5837 5876 5875
f 5837 5876 5877
f 5837 5877 5876
f 5837 5877 5878
f 5837 5878 5877
f 5837 5878 5879
f 5837 5879 5878
f 5837 5879 5880
f 5837 5880 5879
f 5837 5880 5881
f 5837 5881 5880
f 5837 5881 5882
f 5837 5882 5881
v -0.082523 0.558449 -0.107898
v -0.081747 0.558131 -0.111548
v -0.081952 0.557742 -0.115549
v -0.083052 0.557289 -0.119870
v -0.084879 0.556784 -0.124452
v -0.087206 0.556243 -0.129213
v -0.089764 0.555686 -0.134057
v -0.092265 0.555132 -0.138881
v -0.094427 0.554603 -0.143583
v -0.095988 0.554117 -0.148069
v -0.096736 0.553689 -0.152265
v -0.096517 0.553331 -0.156114
v -0.095252 0.553048 -0.159589
v -0.092941 0.552840 -0.162688
v -0.089664 0.552702 -0.165442
v -0.085572 0.552621 -0.167904
v -0.080881 0.552585 -0.170151
v -0.075850 0.552572 -0.172276
v -0.070762 0.552564 -0.174382
v -0.065906 0.552538 -0.176570
v -0.061549 0.552477 -0.178937
v -0.057919 0.552364 -0.181564
v -0.055184 0.552187 -0.184512
v -0.053431 0.551939 -0.187811
v -0.054207 0.552257 -0.184162
v -0.054002 0.552646 -0.180161
v -0.052902 0.553099 -0.175839
v -0.051075 0.553604 -0.171257
v -0.048748 0.554145 -0.166496
v -0.046190 0.554702 -0.161652
v -0.043689 0.555256 -0.156829
v -0.041527 0.555785 -0.152127
v -0.039966 0.556271 -0.147640
v -0.039218 0.556699 -0.143445
v -0.039437 0.557057 -0.139595
v -0.040702 0.557340 -0.136121
v -0.043013 0.557548 -0.133021
v -0.046291 0.557686 -0.130268
v -0.050382 0.557766 -0.127806
v -0.055073 0.557803 -0.125558
v -0.060104 0.557816 -0.123433
v -0.065192 0.557824 -0.121328
v -0.070048 0.557849 -0.119140
v -0.074405 0.557910 -0.116773
v -0.078035 0.558024 -0.114146
v -0.080770 0.558201 -0.111198
f 5883 5884 5885
f 5883 5885 5884
f 5883 5885 5886
f 5883 5886 5885
f 5883 5886 5887
f 5883 5887 5886
f 5883 5887 5888
f 5883 5888 5887
f 5883 5888 5889
f 5883 5889 5888
f 5883 5889 5890
f 5883 5890 5889
f 5883 5890 5891
f 5883 5891 5890
f 5883 5891 5892
f 5883 5892 5891
f 5883 5892 5893
f 5883 5893 5892
f 5883 5893 5894
f 5883 5894 5893
f 5883 5894 5895
f 5883 5895 5894
f 5883 5895 5896
f 5883 5896 5895
f 5883 5896 5897
f 5883 5897 5896
f 5883 5897 5898
f 5883 5898 5897
f 5883 5898 5899
f 5883 5899 5898
f 5883 5899 5900
f 5883 5900 5899
f 5883 5900 5901
f 5883 5901 5900
f 5883 5901 5902
f 5883 5902 5901
f 5883 5902 5903
f 5883 5903 5902
f 5883 5903 5904
f 5883 5904 5903
f 5883 5904 5905
f 5883 5905 5904
f 5883 5905 5906
f 5883 5906 5905
f 5883 5906 5907
f 5883 5907 5906
f 5883 5907 5908
f 5883 5908 5907
f 5883 5908 5909
f 5883 5909 5908
f 5883 5909 5910
f 5883 5910 5909
f 5883 5910 5911
f 5883 5911 5910
f 5883 5911 5912
f 5883 5912 5911
f 5883 5912 5913
f 5883 5913 5912
f 5883 5913 5914
f 5883 5914 5913
f 5883 5914 5915
f 5883 5915 5914
f 5883 5915 5916
f 5883 5916 5915
f 5883 5916 5917
f 5883 5917 5916
f 5883 5917 5918
f 5883 5918 5917
f 5883 5918 5919
f 5883 5919 5918
f 5883 5919 5920
f 5883 5920 5919
f 5883 5920 5921
f 5883 5921 5920
f 5883 5921 5922
f 5883 5922 5921
f 5883 5922 5923
f 5883 5923 5922
f 5883 5923 5924
f 5883 5924 5923
f 5883 5924 5925
f 5883 5925 5924
f 5883 5925 5926
f 5883 5926 5925
f 5883 5926 5927
f 5883 5927 5926
f 5883 5927 5928
f 5883 5928 5927
v -0.079095 0.498715 -0.132405
v -0.077632 0.501305 -0.127392
v -0.073132 0.502906 -0.124048
v -0.067316 0.502906 -0.123651
v -0.062404 0.501305 -0.126353
v -0.060273 0.498715 -0.131122
v -0.061737 0.496125 -0.136135
v -0.066236 0.494524 -0.139479
v -0.072053 0.494524 -0.139876
v -0.076965 0.496125 -0.137174
v -0.074328 0.547546 -0.157940
v -0.073333 0.549307 -0.154531
v -0.070273 0.550395 -0.152257
v -0.066318 0.550395 -0.151987
v -0.062978 0.549307 -0.153824
v -0.061529 0.547546 -0.157067
v -0.062525 0.545784 -0.160476
v -0.065584 0.544696 -0.162750
v -0.069539 0.544696 -0.163020
v -0.072879 0.545784 -0.161182
f 5929 5930 5940
f 5929 5940 5939
f 5930 5931 5941
f 5930 5941 5940
f 5931 5932 5942
f 5931 5942 5941
f 5932 5933 5943
f 5932 5943 5942
f 5933 5934 5944
f 5933 5944 5943
f 5934 5935 5945
f 5934 5945 5944
f 5935 5936 5946
f 5935 5946 5945
f 5936 5937 5947
f 5936 5947 5946
f 5937 5938 5948
f 5937 5948 5947
f 5938 5929 5939
f 5938 5939 5948
v -0.067929 0.547546 -0.157503
v -0.070877 0.545449 -0.157512
v -0.073924 0.543485 -0.157278
v -0.077189 0.541814 -0.156501
v -0.080770 0.540567 -0.154944
v -0.084707 0.539798 -0.152503
v -0.088967 0.539462 -0.149260
v -0.093443 0.539416 -0.145485
v -0.097966 0.539434 -0.141591
v -0.102337 0.539248 -0.138074
v -0.106362 0.538596 -0.135416
v -0.109885 0.537271 -0.134001
v -0.112821 0.535158 -0.134041
v -0.115169 0.532257 -0.135536
v -0.117016 0.528682 -0.138274
v -0.118517 0.524642 -0.141872
v -0.119865 0.520399 -0.145846
v -0.121261 0.516219 -0.149702
v -0.122872 0.512328 -0.153025
v -0.124807 0.508871 -0.155546
v -0.127098 0.505892 -0.157184
v -0.129704 0.503337 -0.158041
v -0.132529 0.501075 -0.158356
v -0.135452 0.498945 -0.158427
v -0.132504 0.501041 -0.158418
v -0.129457 0.503006 -0.158653
v -0.126192 0.504676 -0.159429
v -0.122611 0.505924 -0.160987
v -0.118674 0.506693 -0.163428
v -0.114414 0.507028 -0.166670
v -0.109938 0.507074 -0.170446
v -0.105415 0.507057 -0.174340
v -0.101044 0.507243 -0.177857
v -0.097019 0.507895 -0.180515
v -0.093496 0.509220 -0.181930
v -0.090561 0.511333 -0.181890
v -0.088212 0.514234 -0.180394
v -0.086365 0.517808 -0.177656
v -0.084865 0.521848 -0.174058
v -0.083516 0.526092 -0.170084
v -0.082120 0.530272 -0.166228
v -0.080509 0.534163 -0.162906
v -0.078574 0.537620 -0.160385
v -0.076283 0.540598 -0.158746
v -0.073677 0.543154 -0.157890
v -0.070852 0.545415 -0.157575
f 5949 5950 5951
f 5949 5951 5950
f 5949 5951 5952
f 5949 5952 5951
f 5949 5952 5953
f 5949 5953 5952
f 5949 5953 5954
f 5949 5954 5953
f 5949 5954 5955
f 5949 5955 5954
f 5949 5955 5956
f 5949 5956 5955
f 5949 5956 5957
f 5949 5957 5956
f 5949 5957 5958
f 5949 5958 5957
f 5949 5958 5959
f 5949 5959 5958
f 5949 5959 5960
f 5949 5960 5959
f 5949 5960 5961
f 5949 5961 5960
f 5949 5961 5962
f 5949 5962 5961
f 5949 5962 5963
f 5949 5963 5962
f 5949 5963 5964
f 5949 5964 5963
f 5949 5964 5965
f 5949 5965 5964
f 5949 5965 5966
f 5949 5966 5965
f 5949 5966 5967
f 5949 5967 5966
f 5949 5967 5968
f 5949 5968 5967
f 5949 5968 5969
f 5949 5969 5968
f 5949 5969 5970
f 5949 5970 5969
f 5949 5970 5971
f 5949 5971 5970
f 5949 5971 5972
f 5949 5972 5971
f 5949 5972 5973
f 5949 5973 5972
f 5949 5973 5974
f 5949 5974 5973
f 5949 5974 5975
f 5949 5975 5974
f 5949 5975 5976
f 5949 5976 5975
f 5949 5976 5977
f 5949 5977 5976
f 5949 5977 5978
f 5949 5978 5977
f 5949 5978 5979
f 5949 5979 5978
f 5949 5979 5980
f 5949 5980 5979
f 5949 5980 5981
f 5949 5981 5980
f 5949 5981 5982
f 5949 5982 5981
f 5949 5982 5983
f 5949 5983 5982
f 5949 5983 5984
f 5949 5984 5983
f 5949 5984 5985
f 5949 5985 5984
f 5949 5985 5986
f 5949 5986 5985
f 5949 5986 5987
f 5949 5987 5986
f 5949 5987 5988
f 5949 5988 5987
f 5949 5988 5989
f 5949 5989 5988
f 5949 5989 5990
f 5949 5990 5989
f 5949 5990 5991
f 5949 5991 5990
f 5949 5991 5992
f 5949 5992 5991
f 5949 5992 5993
f 5949 5993 5992
f 5949 5993 5994
f 5949 5994 5993
v -0.067929 0.547546 -0.157503
v -0.064225 0.547586 -0.153945
v -0.059376 0.547144 -0.151222
v -0.053553 0.546291 -0.149213
v -0.046969 0.545118 -0.147759
v -0.039889 0.543736 -0.146668
v -0.032606 0.542268 -0.145725
v -0.025426 0.540844 -0.144707
v -0.018645 0.539588 -0.143397
v -0.012531 0.538613 -0.141600
v -0.007302 0.538011 -0.139156
v -0.003112 0.537846 -0.135952
v -0.000042 0.538154 -0.131929
v 0.001908 0.538933 -0.127088
v 0.002818 0.540150 -0.121487
v 0.002843 0.541740 -0.115239
v 0.002202 0.543610 -0.108504
v 0.001162 0.545649 -0.101477
v 0.000018 0.547731 -0.094375
v -0.000922 0.549728 -0.087421
v -0.001366 0.551516 -0.080830
v -0.001050 0.552983 -0.074795
v 0.000241 0.554040 -0.069472
v 0.002677 0.554614 -0.064986
v -0.001027 0.554574 -0.068545
v -0.005875 0.555016 -0.071268
v -0.011699 0.555869 -0.073277
v -0.018283 0.557042 -0.074731
v -0.025363 0.558424 -0.075822
v -0.032646 0.559891 -0.076765
v -0.039826 0.561316 -0.077783
v -0.046607 0.562571 -0.079093
v -0.052721 0.563547 -0.080890
v -0.057950 0.564149 -0.083334
v -0.062140 0.564314 -0.086538
v -0.065210 0.564006 -0.090560
v -0.067160 0.563227 -0.095401
v -0.068070 0.562010 -0.101002
v -0.068095 0.560420 -0.107250
v -0.067454 0.558550 -0.113985
v -0.066414 0.556511 -0.121012
v -0.065270 0.554428 -0.128115
v -0.064330 0.552432 -0.135068
v -0.063886 0.550644 -0.141659
v -0.064202 0.549177 -0.147695
v -0.065493 0.548120 -0.153017
f 5995 5996 5997
f 5995 5997 5996
f 5995 5997 5998
f 5995 5998 5997
f 5995 5998 5999
f 5995 5999 5998
f 5995 5999 6000
f 5995 6000 5999
f 5995 6000 6001
f 5995 6001 6000
f 5995 6001 6002
f 5995 6002 6001
f 5995 6002 6003
f 5995 6003 6002
f 5995 6003 6004
f 5995 6004 6003
f 5995 6004 6005
f 5995 6005 6004
f 5995 6005 6006
f 5995 6006 6005
f 5995 6006 6007
f 5995 6007 6006
f 5995 6007 6008
f 5995 6008 6007
f 5995 6008 6009
f 5995 6009 6008
f 5995 6009 6010
f 5995 6010 6009
f 5995 6010 6011
f 5995 6011 6010
f 5995 6011 6012
f 5995 6012 6011
f 5995 6012 6013
f 5995 6013 6012
f 5995 6013 6014
f 5995 6014 6013
f 5995 6014 6015
f 5995 6015 6014
f 5995 6015 6016
f 5995 6016 6015
f 5995 6016 6017
f 5995 6017 6016
f 5995 6017 6018
f 5995 6018 6017
f 5995 6018 6019
f 5995 6019 6018
f 5995 6019 6020
f 5995 6020 6019
f 5995 6020 6021
f 5995 6021 6020
f 5995 6021 6022
f 5995 6022 6021
f 5995 6022 6023
f 5995 6023 6022
f 5995 6023 6024
f 5995 6024 6023
f 5995 6024 6025
f 5995 6025 6024
f 5995 6025 6026
f 5995 6026 6025
f 5995 6026 6027
f 5995 6027 6026
f 5995 6027 6028
f 5995 6028 6027
f 5995 6028 6029
f 5995 6029 6028
f 5995 6029 6030
f 5995 6030 6029
f 5995 6030 6031
f 5995 6031 6030
f 5995 6031 6032
f 5995 6032 6031
f 5995 6032 6033
f 5995 6033 6032
f 5995 6033 6034
f 5995 6034 6033
f 5995 6034 6035
f 5995 6035 6034
f 5995 6035 6036
f 5995 6036 6035
f 5995 6036 6037
f 5995 6037 6036
f 5995 6037 6038
f 5995 6038 6037
f 5995 6038 6039
f 5995 6039 6038
f 5995 6039 6040
f 5995 6040 6039
v -0.067929 0.547546 -0.157503
v -0.066903 0.544225 -0.159340
v -0.066691 0.540757 -0.161514
v -0.067408 0.537119 -0.164072
v -0.068996 0.533322 -0.166991
v -0.071273 0.529399 -0.170196
v -0.073970 0.525400 -0.173575
v -0.076754 0.521385 -0.176990
v -0.079272 0.517419 -0.180294
v -0.081184 0.513563 -0.183348
v -0.082201 0.509870 -0.186031
v -0.082111 0.506379 -0.188255
v -0.080802 0.503111 -0.189974
v -0.078275 0.500065 -0.191189
v -0.074641 0.497221 -0.191944
v -0.070111 0.494540 -0.192329
v -0.064976 0.491970 -0.192462
v -0.059575 0.489448 -0.192486
v -0.054261 0.486910 -0.192546
v -0.049366 0.484296 -0.192779
v -0.045161 0.481556 -0.193298
v -0.041827 0.478657 -0.194178
v -0.039421 0.475589 -0.195443
v -0.037830 0.472372 -0.197045
v -0.038855 0.475692 -0.195208
v -0.039067 0.479161 -0.193035
v -0.038350 0.482799 -0.190476
v -0.036763 0.486596 -0.187557
v -0.034485 0.490518 -0.184352
v -0.031789 0.494518 -0.180973
v -0.029005 0.498533 -0.177559
v -0.026487 0.502499 -0.174254
v -0.024574 0.506355 -0.171200
v -0.023557 0.510048 -0.168517
v -0.023648 0.513539 -0.166293
v -0.024956 0.516807 -0.164574
v -0.027483 0.519853 -0.163360
v -0.031118 0.522697 -0.162604
v -0.035648 0.525378 -0.162220
v -0.040783 0.527948 -0.162086
v -0.046184 0.530470 -0.162062
v -0.051498 0.533008 -0.162003
v -0.056393 0.535622 -0.161769
v -0.060597 0.538362 -0.161250
v -0.063931 0.541261 -0.160370
v -0.066337 0.544329 -0.159105
f 6041 6042 6043
f 6041 6043 6042
f 6041 6043 6044
f 6041 6044 6043
f 6041 6044 6045
f 6041 6045 6044
f 6041 6045 6046
f 6041 6046 6045
f 6041 6046 6047
f 6041 6047 6046
f 6041 6047 6048
f 6041 6048 6047
f 6041 6048 6049
f 6041 6049 6048
f 6041 6049 6050
f 6041 6050 6049
f 6041 6050 6051
f 6041 6051 6050
f 6041 6051 6052
f 6041 6052 6051
f 6041 6052 6053
f 6041 6053 6052
f 6041 6053 6054
f 6041 6054 6053
f 6041 6054 6055
f 6041 6055 6054
f 6041 6055 6056
f 6041 6056 6055
f 6041 6056 6057
f 6041 6057 6056
f 6041 6057 6058
f 6041 6058 6057
f 6041 6058 6059
f 6041 6059 6058
f 6041 6059 6060
f 6041 6060 6059
f 6041 6060 6061
f 6041 6061 6060
f 6041 6061 6062
f 6041 6062 6061
f 6041 6062 6063
f 6041 6063 6062
f 6041 6063 6064
f 6041 6064 6063
f 6041 6064 6065
f 6041 6065 6064
f 6041 6065 6066
f 6041 6066 6065
f 6041 6066 6067
f 6041 6067 6066
f 6041 6067 6068
f 6041 6068 6067
f 6041 6068 6069
f 6041 6069 6068
f 6041 6069 6070
f 6041 6070 6069
f 6041 6070 6071
f 6041 6071 6070
f 6041 6071 6072
f 6041 6072 6071
f 6041 6072 6073
f 6041 6073 6072
f 6041 6073 6074
f 6041 6074 6073
f 6041 6074 6075
f 6041 6075 6074
f 6041 6075 6076
f 6041 6076 6075
f 6041 6076 6077
f 6041 6077 6076
f 6041 6077 6078
f 6041 6078 6077
f 6041 6078 6079
f 6041 6079 6078
f 6041 6079 6080
f 6041 6080 6079
f 6041 6080 6081
f 6041 6081 6080
f 6041 6081 6082
f 6041 6082 6081
f 6041 6082 6083
f 6041 6083 6082
f 6041 6083 6084
f 6041 6084 6083
f 6041 6084 6085
f 6041 6085 6084
f 6041 6085 6086
f 6041 6086 6085
v -0.014406 0.417316 -0.125136
v -0.019237 0.422082 -0.119897
v -0.019942 0.425028 -0.111876
v -0.016251 0.425028 -0.104138
v -0.009575 0.422082 -0.099637
v -0.002464 0.417316 -0.100093
v 0.002367 0.412550 -0.105332
v 0.003072 0.409604 -0.113353
v -0.000618 0.409604 -0.121091
v -0.007294 0.412550 -0.125592
v 0.042887 0.502480 -0.147539
v 0.039602 0.505721 -0.143977
v 0.039122 0.507724 -0.138523
v 0.041632 0.507724 -0.133260
v 0.046171 0.505721 -0.130200
v 0.051007 0.502480 -0.130510
v 0.054293 0.499239 -0.134073
v 0.054772 0.497236 -0.139527
v 0.052263 0.497236 -0.144789
v 0.047723 0.499239 -0.147849
f 6087 6088 6098
f 6087 6098 6097
f 6088 6089 6099
f 6088 6099 6098
f 6089 6090 6100
f 6089 6100 6099
f 6090 6091 6101
f 6090 6101 6100
f 6091 6092 6102
f 6091 6102 6101
f 6092 6093 6103
f 6092 6103 6102
f 6093 6094 6104
f 6093 6104 6103
f 6094 6095 6105
f 6094 6105 6104
f 6095 6096 6106
f 6095 6106 6105
f 6096 6087 6097
f 6096 6097 6106
v 0.046947 0.502480 -0.139025
v 0.044217 0.500813 -0.141475
v 0.041254 0.499335 -0.143801
v 0.037772 0.498281 -0.145849
v 0.033538 0.497841 -0.147494
v 0.028455 0.498094 -0.148685
v 0.022598 0.498978 -0.149463
v 0.016226 0.500284 -0.149964
v 0.009738 0.501684 -0.150403
v 0.003610 0.502789 -0.151035
v -0.001690 0.503220 -0.152110
v -0.005793 0.502672 -0.153826
v -0.008493 0.500981 -0.156292
v -0.009792 0.498145 -0.159508
v -0.009893 0.494331 -0.163366
v -0.009166 0.489842 -0.167666
v -0.008080 0.485059 -0.172159
v -0.007108 0.480370 -0.176590
v -0.006653 0.476102 -0.180745
v -0.006971 0.472466 -0.184486
v -0.008139 0.469523 -0.187773
v -0.010058 0.467193 -0.190657
v -0.012496 0.465288 -0.193264
v -0.015167 0.463572 -0.195746
v -0.012437 0.465239 -0.193295
v -0.009474 0.466717 -0.190970
v -0.005992 0.467770 -0.188922
v -0.001758 0.468211 -0.187276
v 0.003325 0.467958 -0.186085
v 0.009181 0.467073 -0.185308
v 0.015554 0.465768 -0.184807
v 0.022042 0.464368 -0.184368
v 0.028170 0.463262 -0.183735
v 0.033470 0.462832 -0.182660
v 0.037572 0.463379 -0.180945
v 0.040273 0.465071 -0.178479
v 0.041572 0.467907 -0.175262
v 0.041673 0.471721 -0.171405
v 0.040946 0.476210 -0.167105
v 0.039860 0.480993 -0.162612
v 0.038888 0.485682 -0.158180
v 0.038433 0.489949 -0.154025
v 0.038751 0.493586 -0.150284
v 0.039919 0.496529 -0.146998
v 0.041838 0.498858 -0.144113
v 0.044276 0.500764 -0.141507
f 6107 6108 6109
f 6107 6109 6108
f 6107 6109 6110
f 6107 6110 6109
f 6107 6110 6111
f 6107 6111 6110
f 6107 6111 6112
f 6107 6112 6111
f 6107 6112 6113
f 6107 6113 6112
f 6107 6113 6114
f 6107 6114 6113
f 6107 6114 6115
f 6107 6115 6114
f 6107 6115 6116
f 6107 6116 6115
f 6107 6116 6117
f 6107 6117 6116
f 6107 6117 6118
f 6107 6118 6117
f 6107 6118 6119
f 6107 6119 6118
f 6107 6119 6120
f 6107 6120 6119
f 6107 6120 6121
f 6107 6121 6120
f 6107 6121 6122
f 6107 6122 6121
f 6107 6122 6123
f 6107 6123 6122
f 6107 6123 6124
f 6107 6124 6123
f 6107 6124 6125
f 6107 6125 6124
f 6107 6125 6126
f 6107 6126 6125
f 6107 6126 6127
f 6107 6127 6126
f 6107 6127 6128
f 6107 6128 6127
f 6107 6128 6129
f 6107 6129 6128
f 6107 6129 6130
f 6107 6130 6129
f 6107 6130 6131
f 6107 6131 6130
f 6107 6131 6132
f 6107 6132 6131
f 6107 6132 6133
f 6107 6133 6132
f 6107 6133 6134
f 6107 6134 6133
f 6107 6134 6135
f 6107 6135 6134
f 6107 6135 6136
f 6107 6136 6135
f 6107 6136 6137
f 6107 6137 6136
f 6107 6137 6138
f 6107 6138 6137
f 6107 6138 6139
f 6107 6139 6138
f 6107 6139 6140
f 6107 6140 6139
f 6107 6140 6141
f 6107 6141 6140
f 6107 6141 6142
f 6107 6142 6141
f 6107 6142 6143
f 6107 6143 6142
f 6107 6143 6144
f 6107 6144 6143
f 6107 6144 6145
f 6107 6145 6144
f 6107 6145 6146
f 6107 6146 6145
f 6107 6146 6147
f 6107 6147 6146
f 6107 6147 6148
f 6107 6148 6147
f 6107 6148 6149
f 6107 6149 6148
f 6107 6149 6150
f 6107 6150 6149
f 6107 6150 6151
f 6107 6151 6150
f 6107 6151 6152
f 6107 6152 6151
v 0.046947 0.502480 -0.139025
v 0.043076 0.503407 -0.136231
v 0.039587 0.504267 -0.132850
v 0.036708 0.505022 -0.128529
v 0.034536 0.505655 -0.123117
v 0.033040 0.506172 -0.116666
v 0.032059 0.506600 -0.109420
v 0.031335 0.506983 -0.101779
v 0.030545 0.507378 -0.094240
v 0.029346 0.507843 -0.087330
v 0.027429 0.508432 -0.081526
v 0.024559 0.509186 -0.077191
v 0.020608 0.510126 -0.074521
v 0.015576 0.511253 -0.073515
v 0.009591 0.512544 -0.073979
v 0.002888 0.513960 -0.075549
v -0.004224 0.515445 -0.077747
v -0.011402 0.516943 -0.080048
v -0.018323 0.518395 -0.081954
v -0.024729 0.519759 -0.083064
v -0.030459 0.521007 -0.083136
v -0.035482 0.522132 -0.082116
v -0.039895 0.523152 -0.080158
v -0.043926 0.524106 -0.077611
v -0.040055 0.523179 -0.080404
v -0.036566 0.522319 -0.083786
v -0.033686 0.521564 -0.088107
v -0.031515 0.520931 -0.093518
v -0.030018 0.520414 -0.099969
v -0.029038 0.519986 -0.107215
v -0.028314 0.519603 -0.114856
v -0.027523 0.519208 -0.122395
v -0.026325 0.518743 -0.129306
v -0.024408 0.518154 -0.135109
v -0.021538 0.517400 -0.139444
v -0.017587 0.516460 -0.142114
v -0.012555 0.515333 -0.143120
v -0.006570 0.514042 -0.142656
v 0.000134 0.512626 -0.141086
v 0.007245 0.511141 -0.138888
v 0.014423 0.509643 -0.136587
v 0.021345 0.508190 -0.134681
v 0.027750 0.506827 -0.133571
v 0.033481 0.505579 -0.133500
v 0.038503 0.504454 -0.134519
v 0.042916 0.503434 -0.136478
f 6153 6154 6155
f 6153 6155 6154
f 6153 6155 6156
f 6153 6156 6155
f 6153 6156 6157
f 6153 6157 6156
f 6153 6157 6158
f 6153 6158 6157
f 6153 6158 6159
f 6153 6159 6158
f 6153 6159 6160
f 6153 6160 6159
f 6153 6160 6161
f 6153 6161 6160
f 6153 6161 6162
f 6153 6162 6161
f 6153 6162 6163
f 6153 6163 6162
f 6153 6163 6164
f 6153 6164 6163
f 6153 6164 6165
f 6153 6165 6164
f 6153 6165 6166
f 6153 6166 6165
f 6153 6166 6167
f 6153 6167 6166
f 6153 6167 6168
f 6153 6168 6167
f 6153 6168 6169
f 6153 6169 6168
f 6153 6169 6170
f 6153 6170 6169
f 6153 6170 6171
f 6153 6171 6170
f 6153 6171 6172
f 6153 6172 6171
f 6153 6172 6173
f 6153 6173 6172
f 6153 6173 6174
f 6153 6174 6173
f 6153 6174 6175
f 6153 6175 6174
f 6153 6175 6176
f 6153 6176 6175
f 6153 6176 6177
f 6153 6177 6176
f 6153 6177 6178
f 6153 6178 6177
f 6153 6178 6179
f 6153 6179 6178
f 6153 6179 6180
f 6153 6180 6179
f 6153 6180 6181
f 6153 6181 6180
f 6153 6181 6182
f 6153 6182 6181
f 6153 6182 6183
f 6153 6183 6182
f 6153 6183 6184
f 6153 6184 6183
f 6153 6184 6185
f 6153 6185 6184
f 6153 6185 6186
f 6153 6186 6185
f 6153 6186 6187
f 6153 6187 6186
f 6153 6187 6188
f 6153 6188 6187
f 6153 6188 6189
f 6153 6189 6188
f 6153 6189 6190
f 6153 6190 6189
f 6153 6190 6191
f 6153 6191 6190
f 6153 6191 6192
f 6153 6192 6191
f 6153 6192 6193
f 6153 6193 6192
f 6153 6193 6194
f 6153 6194 6193
f 6153 6194 6195
f 6153 6195 6194
f 6153 6195 6196
f 6153 6196 6195
f 6153 6196 6197
f 6153 6197 6196
f 6153 6197 6198
f 6153 6198 6197
v 0.046947 0.502480 -0.139025
v 0.049543 0.499432 -0.139584
v 0.051932 0.496287 -0.140890
v 0.054049 0.493017 -0.143171
v 0.055889 0.489617 -0.146449
v 0.057491 0.486108 -0.150579
v 0.058933 0.482525 -0.155285
v 0.060319 0.478915 -0.160193
v 0.061766 0.475333 -0.164882
v 0.063390 0.471834 -0.168934
v 0.065294 0.468465 -0.171980
v 0.067554 0.465261 -0.173750
v 0.070208 0.462239 -0.174099
v 0.073259 0.459402 -0.173027
v 0.076665 0.456729 -0.170679
v 0.080350 0.454186 -0.167325
v 0.084213 0.451725 -0.163334
v 0.088137 0.449293 -0.159123
v 0.092005 0.446834 -0.155115
v 0.095712 0.444301 -0.151683
v 0.099182 0.441658 -0.149104
v 0.102375 0.438886 -0.147520
v 0.105296 0.435989 -0.146912
v 0.108010 0.432995 -0.147051
v 0.105413 0.436043 -0.146491
v 0.103025 0.439188 -0.145185
v 0.100908 0.442458 -0.142904
v 0.099068 0.445858 -0.139627
v 0.097466 0.449367 -0.135496
v 0.096023 0.452950 -0.130791
v 0.094638 0.456560 -0.125882
v 0.093191 0.460142 -0.121193
v 0.091567 0.463641 -0.117141
v 0.089663 0.467010 -0.114095
v 0.087403 0.470215 -0.112325
v 0.084748 0.473236 -0.111976
v 0.081698 0.476073 -0.113048
v 0.078292 0.478746 -0.115397
v 0.074607 0.481289 -0.118750
v 0.070744 0.483750 -0.122742
v 0.066820 0.486182 -0.126952
v 0.062952 0.488641 -0.130960
v 0.059245 0.491174 -0.134392
v 0.055775 0.493817 -0.136972
v 0.052582 0.496589 -0.138555
v 0.049661 0.499486 -0.139163
f 6199 6200 6201
f 6199 6201 6200
f 6199 6201 6202
f 6199 6202 6201
f 6199 6202 6203
f 6199 6203 6202
f 6199 6203 6204
f 6199 6204 6203
f 6199 6204 6205
f 6199 6205 6204
f 6199 6205 6206
f 6199 6206 6205
f 6199 6206 6207
f 6199 6207 6206
f 6199 6207 6208
f 6199 6208 6207
f 6199 6208 6209
f 6199 6209 6208
f 6199 6209 6210
f 6199 6210 6209
f 6199 6210 6211
f 6199 6211 6210
f 6199 6211 6212
f 6199 6212 6211
f 6199 6212 6213
f 6199 6213 6212
f 6199 6213 6214
f 6199 6214 6213
f 6199 6214 6215
f 6199 6215 6214
f 6199 6215 6216
f 6199 6216 6215
f 6199 6216 6217
f 6199 6217 6216
f 6199 6217 6218
f 6199 6218 6217
f 6199 6218 6219
f 6199 6219 6218
f 6199 6219 6220
f 6199 6220 6219
f 6199 6220 6221
f 6199 6221 6220
f 6199 6221 6222
f 6199 6222 6221
f 6199 6222 6223
f 6199 6223 6222
f 6199 6223 6224
f 6199 6224 6223
f 6199 6224 6225
f 6199 6225 6224
f 6199 6225 6226
f 6199 6226 6225
f 6199 6226 6227
f 6199 6227 6226
f 6199 6227 6228
f 6199 6228 6227
f 6199 6228 6229
f 6199 6229 6228
f 6199 6229 6230
f 6199 6230 6229
f 6199 6230 6231
f 6199 6231 6230
f 6199 6231 6232
f 6199 6232 6231
f 6199 6232 6233
f 6199 6233 6232
f 6199 6233 6234
f 6199 6234 6233
f 6199 6234 6235
f 6199 6235 6234
f 6199 6235 6236
f 6199 6236 6235
f 6199 6236 6237
f 6199 6237 6236
f 6199 6237 6238
f 6199 6238 6237
f 6199 6238 6239
f 6199 6239 6238
f 6199 6239 6240
f 6199 6240 6239
f 6199 6240 6241
f 6199 6241 6240
f 6199 6241 6242
f 6199 6242 6241
f 6199 6242 6243
f 6199 6243 6242
f 6199 6243 6244
f 6199 6244 6243
v 0.044735 0.502480 -0.148194
v 0.044277 0.507950 -0.146231
v 0.044839 0.511331 -0.141514
v 0.046206 0.511331 -0.135847
v 0.047857 0.507950 -0.131394
v 0.049160 0.502480 -0.129855
v 0.049618 0.497010 -0.131819
v 0.049056 0.493629 -0.136535
v 0.047688 0.493629 -0.142202
v 0.046038 0.497010 -0.146656
v 0.104881 0.512606 -0.159602
v 0.104570 0.516326 -0.158267
v 0.104952 0.518625 -0.155060
v 0.105882 0.518625 -0.151206
v 0.107004 0.516326 -0.148178
v 0.107890 0.512606 -0.147131
v 0.108202 0.508886 -0.148467
v 0.107820 0.506588 -0.151674
v 0.106890 0.506588 -0.155528
v 0.105767 0.508886 -0.158556
f 6245 6246 6256
f 6245 6256 6255
f 6246 6247 6257
f 6246 6257 6256
f 6247 6248 6258
f 6247 6258 6257
f 6248 6249 6259
f 6248 6259 6258
f 6249 6250 6260
f 6249 6260 6259
f 6250 6251 6261
f 6250 6261 6260
f 6251 6252 6262
f 6251 6262 6261
f 6252 6253 6263
f 6252 6263 6262
f 6253 6254 6264
f 6253 6264 6263
f 6254 6245 6255
f 6254 6255 6264
v 0.106386 0.512606 -0.153367
v 0.104105 0.513213 -0.157398
v 0.101679 0.514865 -0.161288
v 0.099090 0.517706 -0.165017
v 0.096348 0.521662 -0.168596
v 0.093483 0.526501 -0.172056
v 0.090545 0.531875 -0.175443
v 0.087592 0.537360 -0.178815
v 0.084686 0.542503 -0.182234
v 0.081886 0.546871 -0.185757
v 0.079245 0.550092 -0.189435
v 0.076799 0.551895 -0.193304
v 0.074568 0.552139 -0.197385
v 0.072551 0.550823 -0.201675
v 0.070730 0.548089 -0.206158
v 0.069067 0.544209 -0.210795
v 0.067511 0.539552 -0.215536
v 0.066002 0.534555 -0.220324
v 0.064478 0.529668 -0.225097
v 0.062880 0.525316 -0.229798
v 0.061160 0.521848 -0.234380
v 0.059287 0.519494 -0.238811
v 0.057249 0.518329 -0.243081
v 0.055068 0.518209 -0.247210
v 0.057350 0.517602 -0.243179
v 0.059775 0.515950 -0.239289
v 0.062364 0.513109 -0.235560
v 0.065107 0.509153 -0.231981
v 0.067971 0.504314 -0.228521
v 0.070909 0.498940 -0.225134
v 0.073862 0.493455 -0.221762
v 0.076768 0.488312 -0.218343
v 0.079568 0.483944 -0.214820
v 0.082209 0.480723 -0.211142
v 0.084655 0.478920 -0.207273
v 0.086887 0.478676 -0.203192
v 0.088903 0.479992 -0.198902
v 0.090724 0.482726 -0.194419
v 0.092387 0.486607 -0.189782
v 0.093943 0.491263 -0.185041
v 0.095452 0.496260 -0.180253
v 0.096977 0.501147 -0.175480
v 0.098575 0.505499 -0.170779
v 0.100294 0.508967 -0.166197
v 0.102168 0.511321 -0.161766
v 0.104205 0.512486 -0.157496
f 6265 6266 6267
f 6265 6267 6266
f 6265 6267 6268
f 6265 6268 6267
f 6265 6268 6269
f 6265 6269 6268
f 6265 6269 6270
f 6265 6270 6269
f 6265 6270 6271
f 6265 6271 6270
f 6265 6271 6272
f 6265 6272 6271
f 6265 6272 6273
f 6265 6273 6272
f 6265 6273 6274
f 6265 6274 6273
f 6265 6274 6275
f 6265 6275 6274
f 6265 6275 6276
f 6265 6276 6275
f 6265 6276 6277
f 6265 6277 6276
f 6265 6277 6278
f 6265 6278 6277
f 6265 6278 6279
f 6265 6279 6278
f 6265 6279 6280
f 6265 6280 6279
f 6265 6280 6281
f 6265 6281 6280
f 6265 6281 6282
f 6265 6282 6281
f 6265 6282 6283
f 6265 6283 6282
f 6265 6283 6284
f 6265 6284 6283
f 6265 6284 6285
f 6265 6285 6284
f 6265 6285 6286
f 6265 6286 6285
f 6265 6286 6287
f 6265 6287 6286
f 6265 6287 6288
f 6265 6288 6287
f 6265 6288 6289
f 6265 6289 6288
f 6265 6289 6290
f 6265 6290 6289
f 6265 6290 6291
f 6265 6291 6290
f 6265 6291 6292
f 6265 6292 6291
f 6265 6292 6293
f 6265 6293 6292
f 6265 6293 6294
f 6265 6294 6293
f 6265 6294 6295
f 6265 6295 6294
f 6265 6295 6296
f 6265 6296 6295
f 6265 6296 6297
f 6265 6297 6296
f 6265 6297 6298
f 6265 6298 6297
f 6265 6298 6299
f 6265 6299 6298
f 6265 6299 6300
f 6265 6300 6299
f 6265 6300 6301
f 6265 6301 6300
f 6265 6301 6302
f 6265 6302 6301
f 6265 6302 6303
f 6265 6303 6302
f 6265 6303 6304
f 6265 6304 6303
f 6265 6304 6305
f 6265 6305 6304
f 6265 6305 6306
f 6265 6306 6305
f 6265 6306 6307
f 6265 6307 6306
f 6265 6307 6308
f 6265 6308 6307
f 6265 6308 6309
f 6265 6309 6308
f 6265 6309 6310
f 6265 6310 6309
v 0.106386 0.512606 -0.153367
v 0.104386 0.515920 -0.150748
v 0.102644 0.518840 -0.147340
v 0.101233 0.521252 -0.142915
v 0.100159 0.523149 -0.137461
v 0.099370 0.524609 -0.131133
v 0.098771 0.525778 -0.124221
v 0.098237 0.526848 -0.117112
v 0.097626 0.528036 -0.110238
v 0.096798 0.529556 -0.104029
v 0.095631 0.531596 -0.098859
v 0.094034 0.534293 -0.095005
v 0.091959 0.537721 -0.092615
v 0.089407 0.541881 -0.091687
v 0.086426 0.546698 -0.092076
v 0.083105 0.552035 -0.093504
v 0.079567 0.557704 -0.095597
v 0.075952 0.563490 -0.097925
v 0.072401 0.569178 -0.100056
v 0.069042 0.574574 -0.101603
v 0.065967 0.579534 -0.102276
v 0.063228 0.583979 -0.101920
v 0.060822 0.587916 -0.100548
v 0.058673 0.591458 -0.098385
v 0.060673 0.588144 -0.101004
v 0.062415 0.585224 -0.104412
v 0.063825 0.582812 -0.108837
v 0.064900 0.580915 -0.114291
v 0.065689 0.579455 -0.120619
v 0.066287 0.578286 -0.127531
v 0.066822 0.577216 -0.134640
v 0.067433 0.576028 -0.141514
v 0.068260 0.574508 -0.147723
v 0.069428 0.572469 -0.152893
v 0.071025 0.569771 -0.156747
v 0.073099 0.566343 -0.159137
v 0.075651 0.562184 -0.160065
v 0.078633 0.557366 -0.159676
v 0.081954 0.552030 -0.158248
v 0.085492 0.546361 -0.156155
v 0.089107 0.540574 -0.153827
v 0.092657 0.534886 -0.151696
v 0.096017 0.529490 -0.150149
v 0.099092 0.524531 -0.149476
v 0.101830 0.520085 -0.149832
v 0.104237 0.516148 -0.151204
f 6311 6312 6313
f 6311 6313 6312
f 6311 6313 6314
f 6311 6314 6313
f 6311 6314 6315
f 6311 6315 6314
f 6311 6315 6316
f 6311 6316 6315
f 6311 6316 6317
f 6311 6317 6316
f 6311 6317 6318
f 6311 6318 6317
f 6311 6318 6319
f 6311 6319 6318
f 6311 6319 6320
f 6311 6320 6319
f 6311 6320 6321
f 6311 6321 6320
f 6311 6321 6322
f 6311 6322 6321
f 6311 6322 6323
f 6311 6323 6322
f 6311 6323 6324
f 6311 6324 6323
f 6311 6324 6325
f 6311 6325 6324
f 6311 6325 6326
f 6311 6326 6325
f 6311 6326 6327
f 6311 6327 6326
f 6311 6327 6328
f 6311 6328 6327
f 6311 6328 6329
f 6311 6329 6328
f 6311 6329 6330
f 6311 6330 6329
f 6311 6330 6331
f 6311 6331 6330
f 6311 6331 6332
f 6311 6332 6331
f 6311 6332 6333
f 6311 6333 6332
f 6311 6333 6334
f 6311 6334 6333
f 6311 6334 6335
f 6311 6335 6334
f 6311 6335 6336
f 6311 6336 6335
f 6311 6336 6337
f 6311 6337 6336
f 6311 6337 6338
f 6311 6338 6337
f 6311 6338 6339
f 6311 6339 6338
f 6311 6339 6340
f 6311 6340 6339
f 6311 6340 6341
f 6311 6341 6340
f 6311 6341 6342
f 6311 6342 6341
f 6311 6342 6343
f 6311 6343 6342
f 6311 6343 6344
f 6311 6344 6343
f 6311 6344 6345
f 6311 6345 6344
f 6311 6345 6346
f 6311 6346 6345
f 6311 6346 6347
f 6311 6347 6346
f 6311 6347 6348
f 6311 6348 6347
f 6311 6348 6349
f 6311 6349 6348
f 6311 6349 6350
f 6311 6350 6349
f 6311 6350 6351
f 6311 6351 6350
f 6311 6351 6352
f 6311 6352 6351
f 6311 6352 6353
f 6311 6353 6352
f 6311 6353 6354
f 6311 6354 6353
f 6311 6354 6355
f 6311 6355 6354
f 6311 6355 6356
f 6311 6356 6355
v 0.106386 0.512606 -0.153367
v 0.105093 0.509515 -0.151340
v 0.103715 0.505834 -0.150081
v 0.102248 0.501536 -0.149627
v 0.100702 0.496690 -0.149889
v 0.099096 0.491429 -0.150691
v 0.097457 0.485937 -0.151794
v 0.095815 0.480425 -0.152923
v 0.094202 0.475112 -0.153793
v 0.092647 0.470203 -0.154136
v 0.091175 0.465873 -0.153725
v 0.089805 0.462245 -0.152396
v 0.088546 0.459387 -0.150065
v 0.087398 0.457298 -0.146731
v 0.086351 0.455912 -0.142480
v 0.085387 0.455105 -0.137474
v 0.084483 0.454702 -0.131942
v 0.083606 0.454497 -0.126150
v 0.082727 0.454273 -0.120385
v 0.081814 0.453817 -0.114921
v 0.080842 0.452948 -0.109996
v 0.079791 0.451529 -0.105788
v 0.078650 0.449493 -0.102385
v 0.077425 0.446869 -0.099749
v 0.078718 0.449960 -0.101776
v 0.080095 0.453640 -0.103035
v 0.081562 0.457938 -0.103489
v 0.083108 0.462785 -0.103227
v 0.084714 0.468046 -0.102426
v 0.086353 0.473538 -0.101322
v 0.087995 0.479049 -0.100193
v 0.089609 0.484363 -0.099323
v 0.091164 0.489271 -0.098980
v 0.092635 0.493602 -0.099391
v 0.094006 0.497229 -0.100720
v 0.095265 0.500088 -0.103051
v 0.096413 0.502177 -0.106385
v 0.097460 0.503562 -0.110636
v 0.098423 0.504370 -0.115642
v 0.099328 0.504773 -0.121174
v 0.100204 0.504977 -0.126966
v 0.101084 0.505202 -0.132731
v 0.101996 0.505657 -0.138195
v 0.102968 0.506527 -0.143120
v 0.104020 0.507945 -0.147328
v 0.105160 0.509981 -0.150731
f 6357 6358 6359
f 6357 6359 6358
f 6357 6359 6360
f 6357 6360 6359
f 6357 6360 6361
f 6357 6361 6360
f 6357 6361 6362
f 6357 6362 6361
f 6357 6362 6363
f 6357 6363 6362
f 6357 6363 6364
f 6357 6364 6363
f 6357 6364 6365
f 6357 6365 6364
f 6357 6365 6366
f 6357 6366 6365
f 6357 6366 6367
f 6357 6367 6366
f 6357 6367 6368
f 6357 6368 6367
f 6357 6368 6369
f 6357 6369 6368
f 6357 6369 6370
f 6357 6370 6369
f 6357 6370 6371
f 6357 6371 6370
f 6357 6371 6372
f 6357 6372 6371
f 6357 6372 6373
f 6357 6373 6372
f 6357 6373 6374
f 6357 6374 6373
f 6357 6374 6375
f 6357 6375 6374
f 6357 6375 6376
f 6357 6376 6375
f 6357 6376 6377
f 6357 6377 6376
f 6357 6377 6378
f 6357 6378 6377
f 6357 6378 6379
f 6357 6379 6378
f 6357 6379 6380
f 6357 6380 6379
f 6357 6380 6381
f 6357 6381 6380
f 6357 6381 6382
f 6357 6382 6381
f 6357 6382 6383
f 6357 6383 6382
f 6357 6383 6384
f 6357 6384 6383
f 6357 6384 6385
f 6357 6385 6384
f 6357 6385 6386
f 6357 6386 6385
f 6357 6386 6387
f 6357 6387 6386
f 6357 6387 6388
f 6357 6388 6387
f 6357 6388 6389
f 6357 6389 6388
f 6357 6389 6390
f 6357 6390 6389
f 6357 6390 6391
f 6357 6391 6390
f 6357 6391 6392
f 6357 6392 6391
f 6357 6392 6393
f 6357 6393 6392
f 6357 6393 6394
f 6357 6394 6393
f 6357 6394 6395
f 6357 6395 6394
f 6357 6395 6396
f 6357 6396 6395
f 6357 6396 6397
f 6357 6397 6396
f 6357 6397 6398
f 6357 6398 6397
f 6357 6398 6399
f 6357 6399 6398
f 6357 6399 6400
f 6357 6400 6399
f 6357 6400 6401
f 6357 6401 6400
f 6357 6401 6402
f 6357 6402 6401
v 0.038165 0.502480 -0.135581
v 0.041471 0.505773 -0.132086
v 0.046868 0.507808 -0.131241
v 0.052296 0.507808 -0.133369
v 0.055680 0.505773 -0.137657
v 0.055729 0.502480 -0.142468
v 0.052424 0.499187 -0.145963
v 0.047026 0.497152 -0.146809
v 0.041599 0.497152 -0.144681
v 0.038214 0.499187 -0.140392
v 0.028801 0.547665 -0.167734
v 0.031049 0.549904 -0.165357
v 0.034719 0.551288 -0.164783
v 0.038410 0.551288 -0.166230
v 0.040712 0.549904 -0.169146
v 0.040745 0.547665 -0.172417
v 0.038497 0.545426 -0.174794
v 0.034827 0.544042 -0.175369
v 0.031136 0.544042 -0.173922
v 0.028835 0.545426 -0.171006
f 6403 6404 6414
f 6403 6414 6413
f 6404 6405 6415
f 6404 6415 6414
f 6405 6406 6416
f 6405 6416 6415
f 6406 6407 6417
f 6406 6417 6416
f 6407 6408 6418
f 6407 6418 6417
f 6408 6409 6419
f 6408 6419 6418
f 6409 6410 6420
f 6409 6420 6419
f 6410 6411 6421
f 6410 6421 6420
f 6411 6412 6422
f 6411 6422 6421
f 6412 6403 6413
f 6412 6413 6422
v 0.034773 0.547665 -0.170076
v 0.030498 0.546035 -0.167222
v 0.026461 0.545179 -0.163336
v 0.022681 0.545151 -0.158346
v 0.019130 0.545867 -0.152363
v 0.015754 0.547151 -0.145622
v 0.012478 0.548759 -0.138450
v 0.009214 0.550404 -0.131227
v 0.005870 0.551790 -0.124351
v 0.002359 0.552635 -0.118196
v -0.001393 0.552700 -0.113081
v -0.005438 0.551814 -0.109235
v -0.009806 0.549886 -0.106780
v -0.014495 0.546917 -0.105714
v -0.019478 0.542996 -0.105917
v -0.024701 0.538296 -0.107160
v -0.030092 0.533054 -0.109124
v -0.035563 0.527553 -0.111436
v -0.041022 0.522091 -0.113696
v -0.046381 0.516951 -0.115525
v -0.051565 0.512379 -0.116597
v -0.056518 0.508552 -0.116675
v -0.061217 0.505552 -0.115649
v -0.065676 0.503327 -0.113591
v -0.061401 0.504956 -0.116444
v -0.057365 0.505812 -0.120331
v -0.053584 0.505840 -0.125320
v -0.050033 0.505124 -0.131304
v -0.046657 0.503840 -0.138044
v -0.043382 0.502233 -0.145217
v -0.040118 0.500587 -0.152440
v -0.036773 0.499201 -0.159316
v -0.033262 0.498357 -0.165470
v -0.029510 0.498291 -0.170585
v -0.025465 0.499177 -0.174431
v -0.021097 0.501105 -0.176887
v -0.016408 0.504075 -0.177953
v -0.011425 0.507996 -0.177750
v -0.006202 0.512696 -0.176507
v -0.000811 0.517937 -0.174542
v 0.004659 0.523438 -0.172231
v 0.010118 0.528901 -0.169970
v 0.015478 0.534040 -0.168141
v 0.020661 0.538612 -0.167070
v 0.025615 0.542439 -0.166992
v 0.030314 0.545439 -0.168017
f 6423 6424 6425
f 6423 6425 6424
f 6423 6425 6426
f 6423 6426 6425
f 6423 6426 6427
f 6423 6427 6426
f 6423 6427 6428
f 6423 6428 6427
f 6423 6428 6429
f 6423 6429 6428
f 6423 6429 6430
f 6423 6430 6429
f 6423 6430 6431
f 6423 6431 6430
f 6423 6431 6432
f 6423 6432 6431
f 6423 6432 6433
f 6423 6433 6432
f 6423 6433 6434
f 6423 6434 6433
f 6423 6434 6435
f 6423 6435 6434
f 6423 6435 6436
f 6423 6436 6435
f 6423 6436 6437
f 6423 6437 6436
f 6423 6437 6438
f 6423 6438 6437
f 6423 6438 6439
f 6423 6439 6438
f 6423 6439 6440
f 6423 6440 6439
f 6423 6440 6441
f 6423 6441 6440
f 6423 6441 6442
f 6423 6442 6441
f 6423 6442 6443
f 6423 6443 6442
f 6423 6443 6444
f 6423 6444 6443
f 6423 6444 6445
f 6423 6445 6444
f 6423 6445 6446
f 6423 6446 6445
f 6423 6446 6447
f 6423 6447 6446
f 6423 6447 6448
f 6423 6448 6447
f 6423 6448 6449
f 6423 6449 6448
f 6423 6449 6450
f 6423 6450 6449
f 6423 6450 6451
f 6423 6451 6450
f 6423 6451 6452
f 6423 6452 6451
f 6423 6452 6453
f 6423 6453 6452
f 6423 6453 6454
f 6423 6454 6453
f 6423 6454 6455
f 6423 6455 6454
f 6423 6455 6456
f 6423 6456 6455
f 6423 6456 6457
f 6423 6457 6456
f 6423 6457 6458
f 6423 6458 6457
f 6423 6458 6459
f 6423 6459 6458
f 6423 6459 6460
f 6423 6460 6459
f 6423 6460 6461
f 6423 6461 6460
f 6423 6461 6462
f 6423 6462 6461
f 6423 6462 6463
f 6423 6463 6462
f 6423 6463 6464
f 6423 6464 6463
f 6423 6464 6465
f 6423 6465 6464
f 6423 6465 6466
f 6423 6466 6465
f 6423 6466 6467
f 6423 6467 6466
f 6423 6467 6468
f 6423 6468 6467
v 0.034773 0.547665 -0.170076
v 0.038676 0.547981 -0.167369
v 0.042815 0.548145 -0.164976
v 0.047456 0.547987 -0.163250
v 0.052801 0.547375 -0.162459
v 0.058923 0.546264 -0.162699
v 0.065734 0.544709 -0.163856
v 0.072990 0.542868 -0.165603
v 0.080325 0.540975 -0.167456
v 0.087312 0.539307 -0.168846
v 0.093537 0.538129 -0.169225
v 0.098675 0.537651 -0.168158
v 0.102545 0.537988 -0.165408
v 0.105148 0.539141 -0.160974
v 0.106663 0.540993 -0.155096
v 0.107417 0.543336 -0.148206
v 0.107822 0.545903 -0.140853
v 0.108307 0.548419 -0.133605
v 0.109237 0.550648 -0.126949
v 0.110856 0.552434 -0.121208
v 0.113251 0.553720 -0.116499
v 0.116351 0.554554 -0.112725
v 0.119952 0.555064 -0.109617
v 0.123790 0.555422 -0.106824
v 0.119887 0.555106 -0.109531
v 0.115748 0.554942 -0.111924
v 0.111107 0.555101 -0.113650
v 0.105762 0.555712 -0.114441
v 0.099640 0.556823 -0.114200
v 0.092829 0.558378 -0.113044
v 0.085573 0.560220 -0.111297
v 0.078238 0.562112 -0.109444
v 0.071251 0.563780 -0.108054
v 0.065026 0.564958 -0.107675
v 0.059888 0.565436 -0.108742
v 0.056018 0.565099 -0.111492
v 0.053415 0.563946 -0.115925
v 0.051900 0.562094 -0.121804
v 0.051146 0.559751 -0.128694
v 0.050741 0.557184 -0.136047
v 0.050256 0.554668 -0.143295
v 0.049326 0.552439 -0.149951
v 0.047707 0.550653 -0.155692
v 0.045312 0.549367 -0.160401
v 0.042212 0.548533 -0.164175
v 0.038611 0.548023 -0.167282
f 6469 6470 6471
f 6469 6471 6470
f 6469 6471 6472
f 6469 6472 6471
f 6469 6472 6473
f 6469 6473 6472
f 6469 6473 6474
f 6469 6474 6473
f 6469 6474 6475
f 6469 6475 6474
f 6469 6475 6476
f 6469 6476 6475
f 6469 6476 6477
f 6469 6477 6476
f 6469 6477 6478
f 6469 6478 6477
f 6469 6478 6479
f 6469 6479 6478
f 6469 6479 6480
f 6469 6480 6479
f 6469 6480 6481
f 6469 6481 6480
f 6469 6481 6482
f 6469 6482 6481
f 6469 6482 6483
f 6469 6483 6482
f 6469 6483 6484
f 6469 6484 6483
f 6469 6484 6485
f 6469 6485 6484
f 6469 6485 6486
f 6469 6486 6485
f 6469 6486 6487
f 6469 6487 6486
f 6469 6487 6488
f 6469 6488 6487
f 6469 6488 6489
f 6469 6489 6488
f 6469 6489 6490
f 6469 6490 6489
f 6469 6490 6491
f 6469 6491 6490
f 6469 6491 6492
f 6469 6492 6491
f 6469 6492 6493
f 6469 6493 6492
f 6469 6493 6494
f 6469 6494 6493
f 6469 6494 6495
f 6469 6495 6494
f 6469 6495 6496
f 6469 6496 6495
f 6469 6496 6497
f 6469 6497 6496
f 6469 6497 6498
f 6469 6498 6497
f 6469 6498 6499
f 6469 6499 6498
f 6469 6499 6500
f 6469 6500 6499
f 6469 6500 6501
f 6469 6501 6500
f 6469 6501 6502
f 6469 6502 6501
f 6469 6502 6503
f 6469 6503 6502
f 6469 6503 6504
f 6469 6504 6503
f 6469 6504 6505
f 6469 6505 6504
f 6469 6505 6506
f 6469 6506 6505
f 6469 6506 6507
f 6469 6507 6506
f 6469 6507 6508
f 6469 6508 6507
f 6469 6508 6509
f 6469 6509 6508
f 6469 6509 6510
f 6469 6510 6509
f 6469 6510 6511
f 6469 6511 6510
f 6469 6511 6512
f 6469 6512 6511
f 6469 6512 6513
f 6469 6513 6512
f 6469 6513 6514
f 6469 6514 6513
v 0.034773 0.547665 -0.170076
v 0.036812 0.544854 -0.172650
v 0.038053 0.541628 -0.175517
v 0.038354 0.537911 -0.178729
v 0.037752 0.533724 -0.182270
v 0.036420 0.529157 -0.186080
v 0.034632 0.524352 -0.190056
v 0.032730 0.519487 -0.194074
v 0.031083 0.514756 -0.197998
v 0.030049 0.510344 -0.201698
v 0.029938 0.506413 -0.205061
v 0.030973 0.503079 -0.208003
v 0.033274 0.500405 -0.210481
v 0.036841 0.498390 -0.212496
v 0.041556 0.496974 -0.214091
v 0.047191 0.496037 -0.215349
v 0.053441 0.495421 -0.216381
v 0.059945 0.494937 -0.217321
v 0.066336 0.494394 -0.218302
v 0.072270 0.493613 -0.219450
v 0.077474 0.492452 -0.220865
v 0.081776 0.490820 -0.222611
v 0.085137 0.488699 -0.224702
v 0.087701 0.486161 -0.227084
v 0.085662 0.488972 -0.224509
v 0.084421 0.492198 -0.221643
v 0.084121 0.495915 -0.218431
v 0.084722 0.500102 -0.214889
v 0.086054 0.504669 -0.211080
v 0.087842 0.509474 -0.207104
v 0.089744 0.514339 -0.203086
v 0.091391 0.519070 -0.199161
v 0.092425 0.523482 -0.195461
v 0.092536 0.527413 -0.192099
v 0.091501 0.530747 -0.189157
v 0.089200 0.533421 -0.186678
v 0.085633 0.535436 -0.184663
v 0.080919 0.536852 -0.183068
v 0.075283 0.537789 -0.181811
v 0.069033 0.538405 -0.180778
v 0.062529 0.538889 -0.179839
v 0.056139 0.539432 -0.178858
v 0.050204 0.540213 -0.177710
v 0.045000 0.541374 -0.176295
v 0.040698 0.543006 -0.174549
v 0.037337 0.545128 -0.172458
f 6515 6516 6517
f 6515 6517 6516
f 6515 6517 6518
f 6515 6518 6517
f 6515 6518 6519
f 6515 6519 6518
f 6515 6519 6520
f 6515 6520 6519
f 6515 6520 6521
f 6515 6521 6520
f 6515 6521 6522
f 6515 6522 6521
f 6515 6522 6523
f 6515 6523 6522
f 6515 6523 6524
f 6515 6524 6523
f 6515 6524 6525
f 6515 6525 6524
f 6515 6525 6526
f 6515 6526 6525
f 6515 6526 6527
f 6515 6527 6526
f 6515 6527 6528
f 6515 6528 6527
f 6515 6528 6529
f 6515 6529 6528
f 6515 6529 6530
f 6515 6530 6529
f 6515 6530 6531
f 6515 6531 6530
f 6515 6531 6532
f 6515 6532 6531
f 6515 6532 6533
f 6515 6533 6532
f 6515 6533 6534
f 6515 6534 6533
f 6515 6534 6535
f 6515 6535 6534
f 6515 6535 6536
f 6515 6536 6535
f 6515 6536 6537
f 6515 6537 6536
f 6515 6537 6538
f 6515 6538 6537
f 6515 6538 6539
f 6515 6539 6538
f 6515 6539 6540
f 6515 6540 6539
f 6515 6540 6541
f 6515 6541 6540
f 6515 6541 6542
f 6515 6542 6541
f 6515 6542 6543
f 6515 6543 6542
f 6515 6543 6544
f 6515 6544 6543
f 6515 6544 6545
f 6515 6545 6544
f 6515 6545 6546
f 6515 6546 6545
f 6515 6546 6547
f 6515 6547 6546
f 6515 6547 6548
f 6515 6548 6547
f 6515 6548 6549
f 6515 6549 6548
f 6515 6549 6550
f 6515 6550 6549
f 6515 6550 6551
f 6515 6551 6550
f 6515 6551 6552
f 6515 6552 6551
f 6515 6552 6553
f 6515 6553 6552
f 6515 6553 6554
f 6515 6554 6553
f 6515 6554 6555
f 6515 6555 6554
f 6515 6555 6556
f 6515 6556 6555
f 6515 6556 6557
f 6515 6557 6556
f 6515 6557 6558
f 6515 6558 6557
f 6515 6558 6559
f 6515 6559 6558
f 6515 6559 6560
f 6515 6560 6559
v 0.054108 0.502480 -0.145165
v 0.049744 0.505572 -0.147486
v 0.044312 0.507483 -0.146575
v 0.039887 0.507483 -0.142780
v 0.038158 0.505572 -0.137551
v 0.039787 0.502480 -0.132884
v 0.044150 0.499388 -0.130563
v 0.049582 0.497477 -0.131474
v 0.054008 0.497477 -0.135269
v 0.055736 0.499388 -0.140499
v 0.074919 0.555307 -0.116260
v 0.071951 0.557410 -0.117839
v 0.068258 0.558709 -0.117219
v 0.065248 0.558709 -0.114638
v 0.064073 0.557410 -0.111082
v 0.065180 0.555307 -0.107909
v 0.068147 0.553205 -0.106331
v 0.071841 0.551906 -0.106950
v 0.074851 0.551906 -0.109531
v 0.076026 0.553205 -0.113087
f 6561 6562 6572
f 6561 6572 6571
f 6562 6563 6573
f 6562 6573 6572
f 6563 6564 6574
f 6563 6574 6573
f 6564 6565 6575
f 6564 6575 6574
f 6565 6566 6576
f 6565 6576 6575
f 6566 6567 6577
f 6566 6577 6576
f 6567 6568 6578
f 6567 6578 6577
f 6568 6569 6579
f 6568 6579 6578
f 6569 6570 6580
f 6569 6580 6579
f 6570 6561 6571
f 6570 6571 6580
v 0.070049 0.555307 -0.112085
v 0.071282 0.554981 -0.114900
v 0.072007 0.555047 -0.118050
v 0.072169 0.555549 -0.121572
v 0.071813 0.556453 -0.125436
v 0.071051 0.557670 -0.129568
v 0.070051 0.559072 -0.133858
v 0.069009 0.560506 -0.138176
v 0.068135 0.561811 -0.142382
v 0.067629 0.562830 -0.146346
v 0.067659 0.563434 -0.149955
v 0.068350 0.563527 -0.153128
v 0.069767 0.563058 -0.155821
v 0.071908 0.562028 -0.158035
v 0.074711 0.560486 -0.159813
v 0.078050 0.558528 -0.161236
v 0.081756 0.556286 -0.162416
v 0.085631 0.553914 -0.163486
v 0.089464 0.551574 -0.164583
v 0.093058 0.549419 -0.165837
v 0.096247 0.547578 -0.167360
v 0.098917 0.546138 -0.169224
v 0.101025 0.545134 -0.171461
v 0.102626 0.544522 -0.174033
v 0.101393 0.544849 -0.171218
v 0.100668 0.544782 -0.168068
v 0.100506 0.544280 -0.164546
v 0.100862 0.543377 -0.160681
v 0.101624 0.542160 -0.156549
v 0.102624 0.540758 -0.152259
v 0.103666 0.539323 -0.147942
v 0.104540 0.538019 -0.143735
v 0.105046 0.536999 -0.139772
v 0.105016 0.536395 -0.136163
v 0.104325 0.536303 -0.132990
v 0.102908 0.536771 -0.130297
v 0.100767 0.537802 -0.128082
v 0.097964 0.539344 -0.126305
v 0.094625 0.541302 -0.124882
v 0.090918 0.543544 -0.123701
v 0.087044 0.545916 -0.122632
v 0.083211 0.548256 -0.121535
v 0.079617 0.550411 -0.120280
v 0.076428 0.552252 -0.118758
v 0.073757 0.553692 -0.116893
v 0.071650 0.554696 -0.114656
f 6581 6582 6583
f 6581 6583 6582
f 6581 6583 6584
f 6581 6584 6583
f 6581 6584 6585
f 6581 6585 6584
f 6581 6585 6586
f 6581 6586 6585
f 6581 6586 6587
f 6581 6587 6586
f 6581 6587 6588
f 6581 6588 6587
f 6581 6588 6589
f 6581 6589 6588
f 6581 6589 6590
f 6581 6590 6589
f 6581 6590 6591
f 6581 6591 6590
f 6581 6591 6592
f 6581 6592 6591
f 6581 6592 6593
f 6581 6593 6592
f 6581 6593 6594
f 6581 6594 6593
f 6581 6594 6595
f 6581 6595 6594
f 6581 6595 6596
f 6581 6596 6595
f 6581 6596 6597
f 6581 6597 6596
f 6581 6597 6598
f 6581 6598 6597
f 6581 6598 6599
f 6581 6599 6598
f 6581 6599 6600
f 6581 6600 6599
f 6581 6600 6601
f 6581 6601 6600
f 6581 6601 6602
f 6581 6602 6601
f 6581 6602 6603
f 6581 6603 6602
f 6581 6603 6604
f 6581 6604 6603
f 6581 6604 6605
f 6581 6605 6604
f 6581 6605 6606
f 6581 6606 6605
f 6581 6606 6607
f 6581 6607 6606
f 6581 6607 6608
f 6581 6608 6607
f 6581 6608 6609
f 6581 6609 6608
f 6581 6609 6610
f 6581 6610 6609
f 6581 6610 6611
f 6581 6611 6610
f 6581 6611 6612
f 6581 6612 6611
f 6581 6612 6613
f 6581 6613 6612
f 6581 6613 6614
f 6581 6614 6613
f 6581 6614 6615
f 6581 6615 6614
f 6581 6615 6616
f 6581 6616 6615
f 6581 6616 6617
f 6581 6617 6616
f 6581 6617 6618
f 6581 6618 6617
f 6581 6618 6619
f 6581 6619 6618
f 6581 6619 6620
f 6581 6620 6619
f 6581 6620 6621
f 6581 6621 6620
f 6581 6621 6622
f 6581 6622 6621
f 6581 6622 6623
f 6581 6623 6622
f 6581 6623 6624
f 6581 6624 6623
f 6581 6624 6625
f 6581 6625 6624
f 6581 6625 6626
f 6581 6626 6625
v 0.070049 0.555307 -0.112085
v 0.065953 0.553658 -0.110942
v 0.062171 0.551292 -0.108665
v 0.058640 0.548357 -0.105487
v 0.055294 0.545001 -0.101640
v 0.052062 0.541383 -0.097381
v 0.048869 0.537678 -0.092983
v 0.045638 0.534060 -0.088722
v 0.042297 0.530693 -0.084859
v 0.038780 0.527725 -0.081629
v 0.035035 0.525276 -0.079219
v 0.031025 0.523428 -0.077763
v 0.026732 0.522227 -0.077330
v 0.022154 0.521671 -0.077919
v 0.017312 0.521717 -0.079462
v 0.012242 0.522281 -0.081826
v 0.006996 0.523245 -0.084822
v 0.001640 0.524460 -0.088217
v -0.003754 0.525761 -0.091749
v -0.009110 0.526975 -0.095141
v -0.014351 0.527928 -0.098121
v -0.019407 0.528460 -0.100432
v -0.024212 0.528422 -0.101843
v -0.028703 0.527668 -0.102119
v -0.024606 0.529318 -0.103262
v -0.020825 0.531684 -0.105539
v -0.017293 0.534619 -0.108717
v -0.013947 0.537975 -0.112564
v -0.010716 0.541592 -0.116823
v -0.007523 0.545297 -0.121221
v -0.004292 0.548916 -0.125482
v -0.000950 0.552283 -0.129345
v 0.002567 0.555251 -0.132575
v 0.006312 0.557700 -0.134985
v 0.010321 0.559547 -0.136441
v 0.014615 0.560749 -0.136874
v 0.019192 0.561305 -0.136285
v 0.024035 0.561259 -0.134742
v 0.029105 0.560695 -0.132378
v 0.034350 0.559731 -0.129382
v 0.039707 0.558516 -0.125987
v 0.045101 0.557215 -0.122455
v 0.050457 0.556001 -0.119063
v 0.055698 0.555047 -0.116083
v 0.060753 0.554516 -0.113772
v 0.065559 0.554554 -0.112361
f 6627 6628 6629
f 6627 6629 6628
f 6627 6629 6630
f 6627 6630 6629
f 6627 6630 6631
f 6627 6631 6630
f 6627 6631 6632
f 6627 6632 6631
f 6627 6632 6633
f 6627 6633 6632
f 6627 6633 6634
f 6627 6634 6633
f 6627 6634 6635
f 6627 6635 6634
f 6627 6635 6636
f 6627 6636 6635
f 6627 6636 6637
f 6627 6637 6636
f 6627 6637 6638
f 6627 6638 6637
f 6627 6638 6639
f 6627 6639 6638
f 6627 6639 6640
f 6627 6640 6639
f 6627 6640 6641
f 6627 6641 6640
f 6627 6641 6642
f 6627 6642 6641
f 6627 6642 6643
f 6627 6643 6642
f 6627 6643 6644
f 6627 6644 6643
f 6627 6644 6645
f 6627 6645 6644
f 6627 6645 6646
f 6627 6646 6645
f 6627 6646 6647
f 6627 6647 6646
f 6627 6647 6648
f 6627 6648 6647
f 6627 6648 6649
f 6627 6649 6648
f 6627 6649 6650
f 6627 6650 6649
f 6627 6650 6651
f 6627 6651 6650
f 6627 6651 6652
f 6627 6652 6651
f 6627 6652 6653
f 6627 6653 6652
f 6627 6653 6654
f 6627 6654 6653
f 6627 6654 6655
f 6627 6655 6654
f 6627 6655 6656
f 6627 6656 6655
f 6627 6656 6657
f 6627 6657 6656
f 6627 6657 6658
f 6627 6658 6657
f 6627 6658 6659
f 6627 6659 6658
f 6627 6659 6660
f 6627 6660 6659
f 6627 6660 6661
f 6627 6661 6660
f 6627 6661 6662
f 6627 6662 6661
f 6627 6662 6663
f 6627 6663 6662
f 6627 6663 6664
f 6627 6664 6663
f 6627 6664 6665
f 6627 6665 6664
f 6627 6665 6666
f 6627 6666 6665
f 6627 6666 6667
f 6627 6667 6666
f 6627 6667 6668
f 6627 6668 6667
f 6627 6668 6669
f 6627 6669 6668
f 6627 6669 6670
f 6627 6670 6669
f 6627 6670 6671
f 6627 6671 6670
f 6627 6671 6672
f 6627 6672 6671
