o mesh
v 0.000000 0.000000 0.020000
v 0.012524 0.000000 0.017238
v 0.019538 0.000000 0.006348
v 0.019538 0.000000 -0.006348
v 0.012524 0.000000 -0.017238
v 0.000000 0.000000 -0.020000
v -0.012524 0.000000 -0.017238
v -0.019538 0.000000 -0.006348
v -0.019538 0.000000 0.006348
v -0.012524 0.000000 0.017238
v 0.000000 0.220000 0.013600
v 0.008516 0.220000 0.011722
v 0.013286 0.220000 0.004317
v 0.013286 0.220000 -0.004317
v 0.008516 0.220000 -0.011722
v 0.000000 0.220000 -0.013600
v -0.008516 0.220000 -0.011722
v -0.013286 0.220000 -0.004317
v -0.013286 0.220000 0.004317
v -0.008516 0.220000 0.011722
f 1 2 12
f 1 12 11
f 2 3 13
f 2 13 12
f 3 4 14
f 3 14 13
f 4 5 15
f 4 15 14
f 5 6 16
f 5 16 15
f 6 7 17
f 6 17 16
f 7 8 18
f 7 18 17
f 8 9 19
f 8 19 18
f 9 10 20
f 9 20 19
f 10 1 11
f 10 11 20
v -0.002134 0.220000 0.013432
v 0.003234 0.226793 0.012383
v 0.007237 0.230597 0.005521
v 0.008592 0.230597 -0.003006
v 0.006913 0.226793 -0.010771
v 0.002134 0.220000 -0.013432
v -0.003234 0.213207 -0.012383
v -0.007237 0.209403 -0.005521
v -0.008592 0.209403 0.003006
v -0.006913 0.213207 0.010771
v -0.100559 0.295888 -0.006614
v -0.096909 0.300507 -0.007327
v -0.094187 0.303094 -0.011993
v -0.093266 0.303094 -0.017791
v -0.094407 0.300507 -0.023072
v -0.097657 0.295888 -0.024881
v -0.101307 0.291269 -0.024168
v -0.104029 0.288682 -0.019502
v -0.104950 0.288682 -0.013704
v -0.103809 0.291269 -0.008424
f 21 22 32
f 21 32 31
f 22 23 33
f 22 33 32
f 23 24 34
f 23 34 33
f 24 25 35
f 24 35 34
f 25 26 36
f 25 36 35
f 26 27 37
f 26 37 36
f 27 28 38
f 27 38 37
f 28 29 39
f 28 39 38
f 29 30 40
f 29 40 39
f 30 21 31
f 30 31 40
v -0.101390 0.295888 -0.006785
v -0.101626 0.301651 -0.008163
v -0.100692 0.304879 -0.013122
v -0.099243 0.304879 -0.018811
v -0.097692 0.301651 -0.023612
v -0.096826 0.295888 -0.024710
v -0.096590 0.290125 -0.023332
v -0.097524 0.286897 -0.018373
v -0.098973 0.286897 -0.012684
v -0.100524 0.290125 -0.007883
v -0.163335 0.289508 -0.025612
v -0.163495 0.293427 -0.026549
v -0.162860 0.295622 -0.029921
v -0.161875 0.295622 -0.033789
v -0.160820 0.293427 -0.037054
v -0.160231 0.289508 -0.037800
v -0.160071 0.285589 -0.036863
v -0.160706 0.283395 -0.033492
v -0.161691 0.283395 -0.029623
v -0.162746 0.285589 -0.026358
f 41 42 52
f 41 52 51
f 42 43 53
f 42 53 52
f 43 44 54
f 43 54 53
f 44 45 55
f 44 55 54
f 45 46 56
f 45 56 55
f 46 47 57
f 46 57 56
f 47 48 58
f 47 58 57
f 48 49 59
f 48 59 58
f 49 50 60
f 49 60 59
f 50 41 51
f 50 51 60
v -0.163806 0.289508 -0.025752
v -0.165733 0.292683 -0.027324
v -0.165867 0.294461 -0.030986
v -0.164583 0.294461 -0.034766
v -0.162245 0.292683 -0.037588
v -0.159760 0.289508 -0.037661
v -0.157833 0.286334 -0.036089
v -0.157699 0.284556 -0.032427
v -0.158983 0.284556 -0.028647
v -0.161320 0.286334 -0.025824
v -0.193538 0.265957 -0.037980
v -0.194848 0.268115 -0.039049
v -0.194939 0.269324 -0.041539
v -0.194066 0.269324 -0.044110
v -0.192477 0.268115 -0.046029
v -0.190786 0.265957 -0.046078
v -0.189476 0.263798 -0.045009
v -0.189385 0.262589 -0.042519
v -0.190258 0.262589 -0.039949
v -0.191848 0.263798 -0.038029
f 61 62 72
f 61 72 71
f 62 63 73
f 62 73 72
f 63 64 74
f 63 74 73
f 64 65 75
f 64 75 74
f 65 66 76
f 65 76 75
f 66 67 77
f 66 77 76
f 67 68 78
f 67 78 77
f 68 69 79
f 68 79 78
f 69 70 80
f 69 80 79
f 70 61 71
f 70 71 80
v -0.192162 0.265957 -0.042029
v -0.192181 0.265964 -0.039448
v -0.192381 0.266204 -0.036864
v -0.192915 0.266872 -0.034273
v -0.193877 0.268087 -0.031672
v -0.195276 0.269863 -0.029063
v -0.197039 0.272104 -0.026447
v -0.199011 0.274613 -0.023826
v -0.200984 0.277125 -0.021205
v -0.202730 0.279344 -0.018589
v -0.204031 0.280994 -0.015982
v -0.204721 0.281861 -0.013387
v -0.204709 0.281829 -0.010807
v -0.203994 0.280898 -0.008241
v -0.202669 0.279184 -0.005688
v -0.200900 0.276901 -0.003144
v -0.198902 0.274325 -0.000605
v -0.196906 0.271752 0.001934
v -0.195119 0.269447 0.004478
v -0.193695 0.267607 0.007029
v -0.192710 0.266328 0.009589
v -0.192151 0.265596 0.012158
v -0.191927 0.265292 0.014734
v -0.191884 0.265221 0.017313
v -0.191866 0.265214 0.014732
v -0.191666 0.264974 0.012148
v -0.191131 0.264306 0.009557
v -0.190170 0.263091 0.006956
v -0.188770 0.261315 0.004347
v -0.187008 0.259074 0.001731
v -0.185036 0.256565 -0.000890
v -0.183062 0.254053 -0.003511
v -0.181317 0.251834 -0.006127
v -0.180016 0.250184 -0.008734
v -0.179326 0.249317 -0.011329
v -0.179338 0.249349 -0.013909
v -0.180052 0.250280 -0.016475
v -0.181377 0.251994 -0.019028
v -0.183147 0.254277 -0.021572
v -0.185145 0.256853 -0.024111
v -0.187141 0.259426 -0.026650
v -0.188927 0.261731 -0.029194
v -0.190351 0.263571 -0.031745
v -0.191337 0.264850 -0.034305
v -0.191895 0.265582 -0.036874
v -0.192120 0.265886 -0.039450
f 81 82 83
f 81 83 82
f 81 83 84
f 81 84 83
f 81 84 85
f 81 85 84
f 81 85 86
f 81 86 85
f 81 86 87
f 81 87 86
f 81 87 88
f 81 88 87
f 81 88 89
f 81 89 88
f 81 89 90
f 81 90 89
f 81 90 91
f 81 91 90
f 81 91 92
f 81 92 91
f 81 92 93
f 81 93 92
f 81 93 94
f 81 94 93
f 81 94 95
f 81 95 94
f 81 95 96
f 81 96 95
f 81 96 97
f 81 97 96
f 81 97 98
f 81 98 97
f 81 98 99
f 81 99 98
f 81 99 100
f 81 100 99
f 81 100 101
f 81 101 100
f 81 101 102
f 81 102 101
f 81 102 103
f 81 103 102
f 81 103 104
f 81 104 103
f 81 104 105
f 81 105 104
f 81 105 106
f 81 106 105
f 81 106 107
f 81 107 106
f 81 107 108
f 81 108 107
f 81 108 109
f 81 109 108
f 81 109 110
f 81 110 109
f 81 110 111
f 81 111 110
f 81 111 112
f 81 112 111
f 81 112 113
f 81 113 112
f 81 113 114
f 81 114 113
f 81 114 115
f 81 115 114
f 81 115 116
f 81 116 115
f 81 116 117
f 81 117 116
f 81 117 118
f 81 118 117
f 81 118 119
f 81 119 118
f 81 119 120
f 81 120 119
f 81 120 121
f 81 121 120
f 81 121 122
f 81 122 121
f 81 122 123
f 81 123 122
f 81 123 124
f 81 124 123
f 81 124 125
f 81 125 124
f 81 125 126
f 81 126 125
v -0.192162 0.265957 -0.042029
v -0.190642 0.266337 -0.043843
v -0.189008 0.266546 -0.045600
v -0.187132 0.266392 -0.047239
v -0.184919 0.265730 -0.048712
v -0.182335 0.264508 -0.050002
v -0.179420 0.262790 -0.051129
v -0.176293 0.260751 -0.052152
v -0.173129 0.258656 -0.053157
v -0.170132 0.256813 -0.054243
v -0.167499 0.255520 -0.055510
v -0.165388 0.255010 -0.057032
v -0.163883 0.255414 -0.058854
v -0.162985 0.256731 -0.060974
v -0.162608 0.258833 -0.063350
v -0.162596 0.261484 -0.065906
v -0.162750 0.264387 -0.068544
v -0.162868 0.267234 -0.071164
v -0.162773 0.269760 -0.073679
v -0.162348 0.271790 -0.076032
v -0.161551 0.273260 -0.078202
v -0.160417 0.274222 -0.080206
v -0.159042 0.274821 -0.082091
v -0.157553 0.275248 -0.083920
v -0.159073 0.274868 -0.082106
v -0.160707 0.274659 -0.080349
v -0.162583 0.274813 -0.078710
v -0.164796 0.275475 -0.077237
v -0.167380 0.276697 -0.075947
v -0.170295 0.278415 -0.074820
v -0.173422 0.280454 -0.073797
v -0.176586 0.282549 -0.072792
v -0.179583 0.284392 -0.071706
v -0.182216 0.285686 -0.070439
v -0.184327 0.286195 -0.068916
v -0.185832 0.285791 -0.067095
v -0.186730 0.284474 -0.064975
v -0.187107 0.282372 -0.062599
v -0.187119 0.279721 -0.060043
v -0.186965 0.276818 -0.057405
v -0.186847 0.273972 -0.054785
v -0.186942 0.271445 -0.052270
v -0.187367 0.269415 -0.049917
v -0.188164 0.267945 -0.047747
v -0.189298 0.266983 -0.045743
v -0.190673 0.266384 -0.043858
f 127 128 129
f 127 129 128
f 127 129 130
f 127 130 129
f 127 130 131
f 127 131 130
f 127 131 132
f 127 132 131
f 127 132 133
f 127 133 132
f 127 133 134
f 127 134 133
f 127 134 135
f 127 135 134
f 127 135 136
f 127 136 135
f 127 136 137
f 127 137 136
f 127 137 138
f 127 138 137
f 127 138 139
f 127 139 138
f 127 139 140
f 127 140 139
f 127 140 141
f 127 141 140
f 127 141 142
f 127 142 141
f 127 142 143
f 127 143 142
f 127 143 144
f 127 144 143
f 127 144 145
f 127 145 144
f 127 145 146
f 127 146 145
f 127 146 147
f 127 147 146
f 127 147 148
f 127 148 147
f 127 148 149
f 127 149 148
f 127 149 150
f 127 150 149
f 127 150 151
f 127 151 150
f 127 151 152
f 127 152 151
f 127 152 153
f 127 153 152
f 127 153 154
f 127 154 153
f 127 154 155
f 127 155 154
f 127 155 156
f 127 156 155
f 127 156 157
f 127 157 156
f 127 157 158
f 127 158 157
f 127 158 159
f 127 159 158
f 127 159 160
f 127 160 159
f 127 160 161
f 127 161 160
f 127 161 162
f 127 162 161
f 127 162 163
f 127 163 162
f 127 163 164
f 127 164 163
f 127 164 165
f 127 165 164
f 127 165 166
f 127 166 165
f 127 166 167
f 127 167 166
f 127 167 168
f 127 168 167
f 127 168 169
f 127 169 168
f 127 169 170
f 127 170 169
f 127 170 171
f 127 171 170
f 127 171 172
f 127 172 171
v -0.192162 0.265979 -0.046305
v -0.189495 0.266216 -0.045714
v -0.188002 0.266338 -0.043384
v -0.188002 0.266325 -0.040670
v -0.189495 0.266178 -0.038342
v -0.192162 0.265935 -0.037753
v -0.194829 0.265698 -0.038345
v -0.196323 0.265575 -0.040674
v -0.196323 0.265589 -0.043388
v -0.194829 0.265735 -0.045716
v -0.189972 0.241652 -0.045061
v -0.188158 0.241813 -0.044659
v -0.187143 0.241896 -0.043075
v -0.187143 0.241887 -0.041229
v -0.188158 0.241787 -0.039646
v -0.189972 0.241622 -0.039245
v -0.191786 0.241461 -0.039648
v -0.192801 0.241377 -0.041232
v -0.192801 0.241387 -0.043078
v -0.191786 0.241486 -0.044660
f 173 174 184
f 173 184 183
f 174 175 185
f 174 185 184
f 175 176 186
f 175 186 185
f 176 177 187
f 176 187 186
f 177 178 188
f 177 188 187
f 178 179 189
f 178 189 188
f 179 180 190
f 179 190 189
f 180 181 191
f 180 191 190
f 181 182 192
f 181 192 191
f 182 173 183
f 182 183 192
v -0.189972 0.241637 -0.042153
v -0.189149 0.243011 -0.044000
v -0.187705 0.244440 -0.045637
v -0.185666 0.245922 -0.047074
v -0.183130 0.247447 -0.048342
v -0.180241 0.249004 -0.049491
v -0.177175 0.250576 -0.050581
v -0.174128 0.252147 -0.051677
v -0.171295 0.253699 -0.052845
v -0.168856 0.255216 -0.054146
v -0.166961 0.256685 -0.055631
v -0.165717 0.258096 -0.057336
v -0.165180 0.259445 -0.059279
v -0.165350 0.260731 -0.061461
v -0.166172 0.261960 -0.063863
v -0.167537 0.263141 -0.066449
v -0.169296 0.264287 -0.069167
v -0.171269 0.265415 -0.071958
v -0.173260 0.266540 -0.074755
v -0.175076 0.267681 -0.077493
v -0.176538 0.268854 -0.080111
v -0.177502 0.270070 -0.082562
v -0.177873 0.271339 -0.084811
v -0.177622 0.272662 -0.086851
v -0.178445 0.271288 -0.085004
v -0.179889 0.269859 -0.083367
v -0.181927 0.268378 -0.081931
v -0.184463 0.266852 -0.080662
v -0.187353 0.265295 -0.079513
v -0.190418 0.263723 -0.078424
v -0.193465 0.262152 -0.077328
v -0.196298 0.260601 -0.076159
v -0.198737 0.259084 -0.074858
v -0.200632 0.257615 -0.073373
v -0.201876 0.256203 -0.071669
v -0.202413 0.254854 -0.069725
v -0.202243 0.253568 -0.067543
v -0.201422 0.252339 -0.065141
v -0.200057 0.251158 -0.062556
v -0.198298 0.250012 -0.059837
v -0.196325 0.248885 -0.057046
v -0.194333 0.247759 -0.054249
v -0.192518 0.246618 -0.051512
v -0.191056 0.245446 -0.048893
v -0.190091 0.244229 -0.046443
v -0.189721 0.242961 -0.044193
f 193 194 195
f 193 195 194
f 193 195 196
f 193 196 195
f 193 196 197
f 193 197 196
f 193 197 198
f 193 198 197
f 193 198 199
f 193 199 198
f 193 199 200
f 193 200 199
f 193 200 201
f 193 201 200
f 193 201 202
f 193 202 201
f 193 202 203
f 193 203 202
f 193 203 204
f 193 204 203
f 193 204 205
f 193 205 204
f 193 205 206
f 193 206 205
f 193 206 207
f 193 207 206
f 193 207 208
f 193 208 207
f 193 208 209
f 193 209 208
f 193 209 210
f 193 210 209
f 193 210 211
f 193 211 210
f 193 211 212
f 193 212 211
f 193 212 213
f 193 213 212
f 193 213 214
f 193 214 213
f 193 214 215
f 193 215 214
f 193 215 216
f 193 216 215
f 193 216 217
f 193 217 216
f 193 217 218
f 193 218 217
f 193 218 219
f 193 219 218
f 193 219 220
f 193 220 219
f 193 220 221
f 193 221 220
f 193 221 222
f 193 222 221
f 193 222 223
f 193 223 222
f 193 223 224
f 193 224 223
f 193 224 225
f 193 225 224
f 193 225 226
f 193 226 225
f 193 226 227
f 193 227 226
f 193 227 228
f 193 228 227
f 193 228 229
f 193 229 228
f 193 229 230
f 193 230 229
f 193 230 231
f 193 231 230
f 193 231 232
f 193 232 231
f 193 232 233
f 193 233 232
f 193 233 234
f 193 234 233
f 193 234 235
f 193 235 234
f 193 235 236
f 193 236 235
f 193 236 237
f 193 237 236
f 193 237 238
f 193 238 237
v -0.189972 0.241637 -0.042153
v -0.190437 0.242377 -0.040490
v -0.191056 0.243104 -0.038862
v -0.192012 0.243800 -0.037310
v -0.193446 0.244454 -0.035867
v -0.195415 0.245061 -0.034545
v -0.197863 0.245625 -0.033332
v -0.200627 0.246161 -0.032190
v -0.203454 0.246691 -0.031063
v -0.206047 0.247242 -0.029882
v -0.208118 0.247839 -0.028584
v -0.209439 0.248503 -0.027115
v -0.209883 0.249246 -0.025447
v -0.209450 0.250066 -0.023581
v -0.208268 0.250952 -0.021544
v -0.206563 0.251885 -0.019389
v -0.204624 0.252839 -0.017181
v -0.202749 0.253788 -0.014987
v -0.201189 0.254708 -0.012865
v -0.200108 0.255585 -0.010851
v -0.199562 0.256416 -0.008959
v -0.199495 0.257203 -0.007175
v -0.199764 0.257961 -0.005468
v -0.200188 0.258705 -0.003796
v -0.199723 0.257964 -0.005459
v -0.199104 0.257238 -0.007087
v -0.198148 0.256541 -0.008638
v -0.196714 0.255887 -0.010082
v -0.194745 0.255281 -0.011404
v -0.192296 0.254717 -0.012617
v -0.189533 0.254181 -0.013758
v -0.186706 0.253651 -0.014886
v -0.184113 0.253100 -0.016066
v -0.182042 0.252502 -0.017365
v -0.180721 0.251838 -0.018834
v -0.180277 0.251096 -0.020502
v -0.180709 0.250276 -0.022368
v -0.181892 0.249389 -0.024405
v -0.183597 0.248456 -0.026560
v -0.185535 0.247502 -0.028768
v -0.187410 0.246554 -0.030962
v -0.188971 0.245634 -0.033084
v -0.190051 0.244756 -0.035097
v -0.190597 0.243926 -0.036990
v -0.190665 0.243138 -0.038773
v -0.190396 0.242381 -0.040481
f 239 240 241
f 239 241 240
f 239 241 242
f 239 242 241
f 239 242 243
f 239 243 242
f 239 243 244
f 239 244 243
f 239 244 245
f 239 245 244
f 239 245 246
f 239 246 245
f 239 246 247
f 239 247 246
f 239 247 248
f 239 248 247
f 239 248 249
f 239 249 248
f 239 249 250
f 239 250 249
f 239 250 251
f 239 251 250
f 239 251 252
f 239 252 251
f 239 252 253
f 239 253 252
f 239 253 254
f 239 254 253
f 239 254 255
f 239 255 254
f 239 255 256
f 239 256 255
f 239 256 257
f 239 257 256
f 239 257 258
f 239 258 257
f 239 258 259
f 239 259 258
f 239 259 260
f 239 260 259
f 239 260 261
f 239 261 260
f 239 261 262
f 239 262 261
f 239 262 263
f 239 263 262
f 239 263 264
f 239 264 263
f 239 264 265
f 239 265 264
f 239 265 266
f 239 266 265
f 239 266 267
f 239 267 266
f 239 267 268
f 239 268 267
f 239 268 269
f 239 269 268
f 239 269 270
f 239 270 269
f 239 270 271
f 239 271 270
f 239 271 272
f 239 272 271
f 239 272 273
f 239 273 272
f 239 273 274
f 239 274 273
f 239 274 275
f 239 275 274
f 239 275 276
f 239 276 275
f 239 276 277
f 239 277 276
f 239 277 278
f 239 278 277
f 239 278 279
f 239 279 278
f 239 279 280
f 239 280 279
f 239 280 281
f 239 281 280
f 239 281 282
f 239 282 281
f 239 282 283
f 239 283 282
f 239 283 284
f 239 284 283
v -0.190337 0.265957 -0.038162
v -0.190370 0.268624 -0.038799
v -0.191241 0.270117 -0.040963
v -0.192400 0.270117 -0.043418
v -0.193517 0.268624 -0.045465
v -0.193988 0.265957 -0.045896
v -0.193955 0.263290 -0.045259
v -0.193083 0.261796 -0.043095
v -0.191924 0.261796 -0.040640
v -0.190808 0.263290 -0.038593
v -0.209678 0.267840 -0.030544
v -0.209700 0.269654 -0.030978
v -0.210293 0.270669 -0.032449
v -0.211081 0.270669 -0.034118
v -0.211840 0.269654 -0.035510
v -0.212160 0.267840 -0.035803
v -0.212138 0.266027 -0.035370
v -0.211545 0.265011 -0.033899
v -0.210757 0.265011 -0.032229
v -0.209998 0.266027 -0.030837
f 285 286 296
f 285 296 295
f 286 287 297
f 286 297 296
f 287 288 298
f 287 298 297
f 288 289 299
f 288 299 298
f 289 290 300
f 289 300 299
f 290 291 301
f 290 301 300
f 291 292 302
f 291 302 301
f 292 293 303
f 292 303 302
f 293 294 304
f 293 304 303
f 294 285 295
f 294 295 304
v -0.210919 0.267840 -0.033174
v -0.209414 0.268534 -0.031408
v -0.207898 0.269927 -0.029767
v -0.206372 0.271909 -0.028230
v -0.204838 0.274347 -0.026773
v -0.203299 0.277081 -0.025369
v -0.201758 0.279932 -0.023985
v -0.200218 0.282718 -0.022590
v -0.198682 0.285258 -0.021151
v -0.197153 0.287395 -0.019641
v -0.195633 0.288997 -0.018037
v -0.194124 0.289972 -0.016321
v -0.192626 0.290271 -0.014486
v -0.191139 0.289895 -0.012532
v -0.189663 0.288892 -0.010466
v -0.188197 0.287354 -0.008306
v -0.186736 0.285412 -0.006075
v -0.185281 0.283226 -0.003800
v -0.183826 0.280973 -0.001513
v -0.182369 0.278838 0.000753
v -0.180907 0.276999 0.002966
v -0.179438 0.275615 0.005099
v -0.177958 0.274821 0.007127
v -0.176467 0.274726 0.009032
v -0.177971 0.274032 0.007267
v -0.179488 0.272639 0.005625
v -0.181014 0.270657 0.004088
v -0.182548 0.268219 0.002631
v -0.184087 0.265485 0.001227
v -0.185628 0.262634 -0.000156
v -0.187168 0.259849 -0.001552
v -0.188704 0.257308 -0.002990
v -0.190233 0.255171 -0.004500
v -0.191753 0.253569 -0.006105
v -0.193262 0.252594 -0.007820
v -0.194760 0.252295 -0.009655
v -0.196247 0.252671 -0.011610
v -0.197723 0.253674 -0.013675
v -0.199189 0.255212 -0.015835
v -0.200649 0.257154 -0.018067
v -0.202105 0.259341 -0.020342
v -0.203560 0.261593 -0.022628
v -0.205017 0.263728 -0.024894
v -0.206479 0.265568 -0.027108
v -0.207948 0.266951 -0.029240
v -0.209428 0.267745 -0.031269
f 305 306 307
f 305 307 306
f 305 307 308
f 305 308 307
f 305 308 309
f 305 309 308
f 305 309 310
f 305 310 309
f 305 310 311
f 305 311 310
f 305 311 312
f 305 312 311
f 305 312 313
f 305 313 312
f 305 313 314
f 305 314 313
f 305 314 315
f 305 315 314
f 305 315 316
f 305 316 315
f 305 316 317
f 305 317 316
f 305 317 318
f 305 318 317
f 305 318 319
f 305 319 318
f 305 319 320
f 305 320 319
f 305 320 321
f 305 321 320
f 305 321 322
f 305 322 321
f 305 322 323
f 305 323 322
f 305 323 324
f 305 324 323
f 305 324 325
f 305 325 324
f 305 325 326
f 305 326 325
f 305 326 327
f 305 327 326
f 305 327 328
f 305 328 327
f 305 328 329
f 305 329 328
f 305 329 330
f 305 330 329
f 305 330 331
f 305 331 330
f 305 331 332
f 305 332 331
f 305 332 333
f 305 333 332
f 305 333 334
f 305 334 333
f 305 334 335
f 305 335 334
f 305 335 336
f 305 336 335
f 305 336 337
f 305 337 336
f 305 337 338
f 305 338 337
f 305 338 339
f 305 339 338
f 305 339 340
f 305 340 339
f 305 340 341
f 305 341 340
f 305 341 342
f 305 342 341
f 305 342 343
f 305 343 342
f 305 343 344
f 305 344 343
f 305 344 345
f 305 345 344
f 305 345 346
f 305 346 345
f 305 346 347
f 305 347 346
f 305 347 348
f 305 348 347
f 305 348 349
f 305 349 348
f 305 349 350
f 305 350 349
v -0.195700 0.265957 -0.039627
v -0.195187 0.268634 -0.039923
v -0.193247 0.270134 -0.041210
v -0.191001 0.270134 -0.042734
v -0.189088 0.268634 -0.044063
v -0.188624 0.265957 -0.044431
v -0.189137 0.263279 -0.044135
v -0.191078 0.261780 -0.042848
v -0.193324 0.261780 -0.041324
v -0.195237 0.263279 -0.039996
v -0.208016 0.266351 -0.060208
v -0.207667 0.268171 -0.060409
v -0.206348 0.269191 -0.061284
v -0.204820 0.269191 -0.062321
v -0.203520 0.268171 -0.063224
v -0.203204 0.266351 -0.063475
v -0.203553 0.264530 -0.063274
v -0.204873 0.263510 -0.062399
v -0.206400 0.263510 -0.061362
v -0.207701 0.264530 -0.060459
f 351 352 362
f 351 362 361
f 352 353 363
f 352 363 362
f 353 354 364
f 353 364 363
f 354 355 365
f 354 365 364
f 355 356 366
f 355 366 365
f 356 357 367
f 356 367 366
f 357 358 368
f 357 368 367
f 358 359 369
f 358 369 368
f 359 360 370
f 359 370 369
f 360 351 361
f 360 361 370
v -0.205610 0.266351 -0.061842
v -0.206463 0.266307 -0.060145
v -0.207392 0.266791 -0.058386
v -0.208389 0.267748 -0.056572
v -0.209440 0.269085 -0.054713
v -0.210528 0.270681 -0.052824
v -0.211633 0.272393 -0.050921
v -0.212734 0.274071 -0.049023
v -0.213807 0.275566 -0.047145
v -0.214836 0.276743 -0.045305
v -0.215802 0.277490 -0.043516
v -0.216696 0.277728 -0.041786
v -0.217510 0.277416 -0.040121
v -0.218246 0.276554 -0.038520
v -0.218909 0.275182 -0.036979
v -0.219510 0.273381 -0.035488
v -0.220065 0.271262 -0.034035
v -0.220594 0.268959 -0.032603
v -0.221118 0.266623 -0.031175
v -0.221659 0.264403 -0.029733
v -0.222237 0.262441 -0.028261
v -0.222870 0.260860 -0.026744
v -0.223570 0.259752 -0.025172
v -0.224346 0.259171 -0.023539
v -0.223493 0.259215 -0.025235
v -0.222564 0.258731 -0.026994
v -0.221568 0.257775 -0.028808
v -0.220517 0.256437 -0.030667
v -0.219428 0.254842 -0.032556
v -0.218323 0.253129 -0.034459
v -0.217223 0.251451 -0.036357
v -0.216149 0.249956 -0.038235
v -0.215121 0.248779 -0.040075
v -0.214154 0.248032 -0.041864
v -0.213261 0.247794 -0.043594
v -0.212446 0.248106 -0.045259
v -0.211710 0.248968 -0.046860
v -0.211048 0.250340 -0.048401
v -0.210447 0.252141 -0.049892
v -0.209891 0.254260 -0.051346
v -0.209362 0.256563 -0.052778
v -0.208838 0.258899 -0.054205
v -0.208297 0.261119 -0.055647
v -0.207719 0.263081 -0.057119
v -0.207087 0.264662 -0.058636
v -0.206386 0.265770 -0.060208
f 371 372 373
f 371 373 372
f 371 373 374
f 371 374 373
f 371 374 375
f 371 375 374
f 371 375 376
f 371 376 375
f 371 376 377
f 371 377 376
f 371 377 378
f 371 378 377
f 371 378 379
f 371 379 378
f 371 379 380
f 371 380 379
f 371 380 381
f 371 381 380
f 371 381 382
f 371 382 381
f 371 382 383
f 371 383 382
f 371 383 384
f 371 384 383
f 371 384 385
f 371 385 384
f 371 385 386
f 371 386 385
f 371 386 387
f 371 387 386
f 371 387 388
f 371 388 387
f 371 388 389
f 371 389 388
f 371 389 390
f 371 390 389
f 371 390 391
f 371 391 390
f 371 391 392
f 371 392 391
f 371 392 393
f 371 393 392
f 371 393 394
f 371 394 393
f 371 394 395
f 371 395 394
f 371 395 396
f 371 396 395
f 371 396 397
f 371 397 396
f 371 397 398
f 371 398 397
f 371 398 399
f 371 399 398
f 371 399 400
f 371 400 399
f 371 400 401
f 371 401 400
f 371 401 402
f 371 402 401
f 371 402 403
f 371 403 402
f 371 403 404
f 371 404 403
f 371 404 405
f 371 405 404
f 371 405 406
f 371 406 405
f 371 406 407
f 371 407 406
f 371 407 408
f 371 408 407
f 371 408 409
f 371 409 408
f 371 409 410
f 371 410 409
f 371 410 411
f 371 411 410
f 371 411 412
f 371 412 411
f 371 412 413
f 371 413 412
f 371 413 414
f 371 414 413
f 371 414 415
f 371 415 414
f 371 415 416
f 371 416 415
v -0.159704 0.289508 -0.025771
v -0.158889 0.293269 -0.026977
v -0.159404 0.295375 -0.030424
v -0.160724 0.295375 -0.034192
v -0.162473 0.293269 -0.037208
v -0.163862 0.289508 -0.037641
v -0.164677 0.285747 -0.036436
v -0.164162 0.283641 -0.032988
v -0.162842 0.283641 -0.029220
v -0.161093 0.285747 -0.026205
v -0.190695 0.299483 -0.017049
v -0.190141 0.302040 -0.017869
v -0.190491 0.303473 -0.020213
v -0.191388 0.303473 -0.022775
v -0.192577 0.302040 -0.024826
v -0.193522 0.299483 -0.025121
v -0.194076 0.296926 -0.024301
v -0.193726 0.295493 -0.021956
v -0.192828 0.295493 -0.019394
v -0.191639 0.296926 -0.017344
f 417 418 428
f 417 428 427
f 418 419 429
f 418 429 428
f 419 420 430
f 419 430 429
f 420 421 431
f 420 431 430
f 421 422 432
f 421 432 431
f 422 423 433
f 422 433 432
f 423 424 434
f 423 434 433
f 424 425 435
f 424 435 434
f 425 426 436
f 425 436 435
f 426 417 427
f 426 427 436
v -0.192108 0.299483 -0.021085
v -0.190075 0.299009 -0.018866
v -0.187855 0.299106 -0.016650
v -0.185395 0.299937 -0.014437
v -0.182692 0.301509 -0.012228
v -0.179783 0.303712 -0.010021
v -0.176736 0.306335 -0.007816
v -0.173642 0.309100 -0.005611
v -0.170604 0.311695 -0.003406
v -0.167724 0.313810 -0.001198
v -0.165088 0.315176 0.001012
v -0.162764 0.315593 0.003227
v -0.160784 0.314954 0.005446
v -0.159151 0.313261 0.007670
v -0.157828 0.310618 0.009898
v -0.156750 0.307226 0.012129
v -0.155830 0.303354 0.014362
v -0.154965 0.299312 0.016596
v -0.154054 0.295412 0.018829
v -0.153005 0.291933 0.021060
v -0.151750 0.289083 0.023289
v -0.150251 0.286976 0.025515
v -0.148513 0.285602 0.027737
v -0.146588 0.284799 0.029957
v -0.148621 0.285272 0.027739
v -0.150841 0.285176 0.025522
v -0.153301 0.284345 0.023310
v -0.156004 0.282773 0.021100
v -0.158913 0.280570 0.018893
v -0.161960 0.277947 0.016688
v -0.165054 0.275182 0.014483
v -0.168092 0.272587 0.012278
v -0.170973 0.270471 0.010071
v -0.173608 0.269106 0.007860
v -0.175932 0.268689 0.005645
v -0.177912 0.269328 0.003426
v -0.179545 0.271021 0.001202
v -0.180868 0.273664 -0.001025
v -0.181946 0.277056 -0.003256
v -0.182866 0.280928 -0.005490
v -0.183731 0.284970 -0.007724
v -0.184642 0.288870 -0.009957
v -0.185691 0.292349 -0.012188
v -0.186946 0.295199 -0.014417
v -0.188445 0.297306 -0.016643
v -0.190183 0.298680 -0.018865
f 437 438 439
f 437 439 438
f 437 439 440
f 437 440 439
f 437 440 441
f 437 441 440
f 437 441 442
f 437 442 441
f 437 442 443
f 437 443 442
f 437 443 444
f 437 444 443
f 437 444 445
f 437 445 444
f 437 445 446
f 437 446 445
f 437 446 447
f 437 447 446
f 437 447 448
f 437 448 447
f 437 448 449
f 437 449 448
f 437 449 450
f 437 450 449
f 437 450 451
f 437 451 450
f 437 451 452
f 437 452 451
f 437 452 453
f 437 453 452
f 437 453 454
f 437 454 453
f 437 454 455
f 437 455 454
f 437 455 456
f 437 456 455
f 437 456 457
f 437 457 456
f 437 457 458
f 437 458 457
f 437 458 459
f 437 459 458
f 437 459 460
f 437 460 459
f 437 460 461
f 437 461 460
f 437 461 462
f 437 462 461
f 437 462 463
f 437 463 462
f 437 463 464
f 437 464 463
f 437 464 465
f 437 465 464
f 437 465 466
f 437 466 465
f 437 466 467
f 437 467 466
f 437 467 468
f 437 468 467
f 437 468 469
f 437 469 468
f 437 469 470
f 437 470 469
f 437 470 471
f 437 471 470
f 437 471 472
f 437 472 471
f 437 472 473
f 437 473 472
f 437 473 474
f 437 474 473
f 437 474 475
f 437 475 474
f 437 475 476
f 437 476 475
f 437 476 477
f 437 477 476
f 437 477 478
f 437 478 477
f 437 478 479
f 437 479 478
f 437 479 480
f 437 480 479
f 437 480 481
f 437 481 480
f 437 481 482
f 437 482 481
v -0.192108 0.299483 -0.021085
v -0.191868 0.299571 -0.023338
v -0.191874 0.299073 -0.025742
v -0.192093 0.298065 -0.028278
v -0.192481 0.296655 -0.030917
v -0.192980 0.294980 -0.033624
v -0.193526 0.293191 -0.036360
v -0.194053 0.291450 -0.039085
v -0.194493 0.289913 -0.041756
v -0.194789 0.288723 -0.044339
v -0.194891 0.287994 -0.046802
v -0.194765 0.287810 -0.049126
v -0.194393 0.288213 -0.051298
v -0.193775 0.289204 -0.053319
v -0.192928 0.290739 -0.055199
v -0.191888 0.292736 -0.056961
v -0.190703 0.295079 -0.058634
v -0.189432 0.297627 -0.060254
v -0.188141 0.300222 -0.061861
v -0.186898 0.302704 -0.063498
v -0.185766 0.304920 -0.065204
v -0.184802 0.306734 -0.067013
v -0.184052 0.308039 -0.068953
v -0.183548 0.308758 -0.071044
v -0.183788 0.308670 -0.068790
v -0.183782 0.309168 -0.066386
v -0.183563 0.310176 -0.063851
v -0.183176 0.311585 -0.061212
v -0.182677 0.313261 -0.058504
v -0.182130 0.315050 -0.055768
v -0.181604 0.316791 -0.053044
v -0.181163 0.318327 -0.050372
v -0.180867 0.319518 -0.047790
v -0.180765 0.320247 -0.045326
v -0.180891 0.320431 -0.043003
v -0.181263 0.320028 -0.040831
v -0.181881 0.319037 -0.038810
v -0.182728 0.317502 -0.036929
v -0.183768 0.315505 -0.035167
v -0.184953 0.313162 -0.033495
v -0.186224 0.310614 -0.031875
v -0.187515 0.308019 -0.030267
v -0.188758 0.305537 -0.028630
v -0.189890 0.303321 -0.026925
v -0.190854 0.301507 -0.025116
v -0.191604 0.300202 -0.023176
f 483 484 485
f 483 485 484
f 483 485 486
f 483 486 485
f 483 486 487
f 483 487 486
f 483 487 488
f 483 488 487
f 483 488 489
f 483 489 488
f 483 489 490
f 483 490 489
f 483 490 491
f 483 491 490
f 483 491 492
f 483 492 491
f 483 492 493
f 483 493 492
f 483 493 494
f 483 494 493
f 483 494 495
f 483 495 494
f 483 495 496
f 483 496 495
f 483 496 497
f 483 497 496
f 483 497 498
f 483 498 497
f 483 498 499
f 483 499 498
f 483 499 500
f 483 500 499
f 483 500 501
f 483 501 500
f 483 501 502
f 483 502 501
f 483 502 503
f 483 503 502
f 483 503 504
f 483 504 503
f 483 504 505
f 483 505 504
f 483 505 506
f 483 506 505
f 483 506 507
f 483 507 506
f 483 507 508
f 483 508 507
f 483 508 509
f 483 509 508
f 483 509 510
f 483 510 509
f 483 510 511
f 483 511 510
f 483 511 512
f 483 512 511
f 483 512 513
f 483 513 512
f 483 513 514
f 483 514 513
f 483 514 515
f 483 515 514
f 483 515 516
f 483 516 515
f 483 516 517
f 483 517 516
f 483 517 518
f 483 518 517
f 483 518 519
f 483 519 518
f 483 519 520
f 483 520 519
f 483 520 521
f 483 521 520
f 483 521 522
f 483 522 521
f 483 522 523
f 483 523 522
f 483 523 524
f 483 524 523
f 483 524 525
f 483 525 524
f 483 525 526
f 483 526 525
f 483 526 527
f 483 527 526
f 483 527 528
f 483 528 527
v -0.190553 0.299483 -0.017101
v -0.191922 0.301857 -0.017201
v -0.193415 0.303186 -0.019118
v -0.194402 0.303186 -0.021646
v -0.194603 0.301857 -0.024068
v -0.193663 0.299483 -0.025068
v -0.192294 0.297109 -0.024969
v -0.190801 0.295780 -0.023052
v -0.189814 0.295780 -0.020523
v -0.189614 0.297109 -0.018102
v -0.207466 0.290287 -0.011969
v -0.208397 0.291901 -0.012037
v -0.209412 0.292805 -0.013340
v -0.210083 0.292805 -0.015060
v -0.210219 0.291901 -0.016706
v -0.209581 0.290287 -0.017387
v -0.208650 0.288672 -0.017319
v -0.207635 0.287768 -0.016015
v -0.206963 0.287768 -0.014296
v -0.206827 0.288672 -0.012649
f 529 530 540
f 529 540 539
f 530 531 541
f 530 541 540
f 531 532 542
f 531 542 541
f 532 533 543
f 532 543 542
f 533 534 544
f 533 544 543
f 534 535 545
f 534 545 544
f 535 536 546
f 535 546 545
f 536 537 547
f 536 547 546
f 537 538 548
f 537 548 547
f 538 529 539
f 538 539 548
v -0.208523 0.290287 -0.014678
v -0.207231 0.290230 -0.012764
v -0.206055 0.290445 -0.010755
v -0.205071 0.291116 -0.008586
v -0.204317 0.292332 -0.006225
v -0.203789 0.294080 -0.003677
v -0.203437 0.296246 -0.000982
v -0.203179 0.298631 0.001789
v -0.202905 0.300982 0.004549
v -0.202502 0.303026 0.007201
v -0.201864 0.304514 0.009657
v -0.200909 0.305255 0.011851
v -0.199595 0.305145 0.013746
v -0.197921 0.304185 0.015342
v -0.195931 0.302477 0.016676
v -0.193705 0.300213 0.017814
v -0.191350 0.297643 0.018844
v -0.188980 0.295038 0.019862
v -0.186702 0.292652 0.020957
v -0.184602 0.290684 0.022199
v -0.182727 0.289249 0.023628
v -0.181082 0.288358 0.025249
v -0.179630 0.287923 0.027030
v -0.178294 0.287760 0.028906
v -0.179585 0.287817 0.026992
v -0.180762 0.287601 0.024983
v -0.181746 0.286931 0.022814
v -0.182500 0.285715 0.020453
v -0.183028 0.283967 0.017905
v -0.183380 0.281801 0.015210
v -0.183638 0.279416 0.012439
v -0.183912 0.277065 0.009679
v -0.184314 0.275020 0.007027
v -0.184953 0.273533 0.004571
v -0.185908 0.272792 0.002377
v -0.187222 0.272902 0.000482
v -0.188896 0.273862 -0.001114
v -0.190886 0.275570 -0.002448
v -0.193112 0.277834 -0.003586
v -0.195467 0.280404 -0.004616
v -0.197837 0.283009 -0.005634
v -0.200114 0.285395 -0.006729
v -0.202215 0.287363 -0.007971
v -0.204090 0.288798 -0.009400
v -0.205734 0.289689 -0.011021
v -0.207186 0.290124 -0.012801
f 549 550 551
f 549 551 550
f 549 551 552
f 549 552 551
f 549 552 553
f 549 553 552
f 549 553 554
f 549 554 553
f 549 554 555
f 549 555 554
f 549 555 556
f 549 556 555
f 549 556 557
f 549 557 556
f 549 557 558
f 549 558 557
f 549 558 559
f 549 559 558
f 549 559 560
f 549 560 559
f 549 560 561
f 549 561 560
f 549 561 562
f 549 562 561
f 549 562 563
f 549 563 562
f 549 563 564
f 549 564 563
f 549 564 565
f 549 565 564
f 549 565 566
f 549 566 565
f 549 566 567
f 549 567 566
f 549 567 568
f 549 568 567
f 549 568 569
f 549 569 568
f 549 569 570
f 549 570 569
f 549 570 571
f 549 571 570
f 549 571 572
f 549 572 571
f 549 572 573
f 549 573 572
f 549 573 574
f 549 574 573
f 549 574 575
f 549 575 574
f 549 575 576
f 549 576 575
f 549 576 577
f 549 577 576
f 549 577 578
f 549 578 577
f 549 578 579
f 549 579 578
f 549 579 580
f 549 580 579
f 549 580 581
f 549 581 580
f 549 581 582
f 549 582 581
f 549 582 583
f 549 583 582
f 549 583 584
f 549 584 583
f 549 584 585
f 549 585 584
f 549 585 586
f 549 586 585
f 549 586 587
f 549 587 586
f 549 587 588
f 549 588 587
f 549 588 589
f 549 589 588
f 549 589 590
f 549 590 589
f 549 590 591
f 549 591 590
f 549 591 592
f 549 592 591
f 549 592 593
f 549 593 592
f 549 593 594
f 549 594 593
v -0.187943 0.299483 -0.020115
v -0.188140 0.301576 -0.021876
v -0.190195 0.302748 -0.023315
v -0.192839 0.302748 -0.023931
v -0.195319 0.301576 -0.023548
v -0.196273 0.299483 -0.022055
v -0.196077 0.297390 -0.020294
v -0.194021 0.296218 -0.018854
v -0.191377 0.296218 -0.018239
v -0.188897 0.297390 -0.018622
v -0.192324 0.310213 -0.007333
v -0.192458 0.311636 -0.008530
v -0.193856 0.312433 -0.009509
v -0.195654 0.312433 -0.009927
v -0.197340 0.311636 -0.009667
v -0.197989 0.310213 -0.008652
v -0.197855 0.308790 -0.007454
v -0.196457 0.307993 -0.006476
v -0.194659 0.307993 -0.006057
v -0.192973 0.308790 -0.006317
f 595 596 606
f 595 606 605
f 596 597 607
f 596 607 606
f 597 598 608
f 597 608 607
f 598 599 609
f 598 609 608
f 599 600 610
f 599 610 609
f 600 601 611
f 600 611 610
f 601 602 612
f 601 612 611
f 602 603 613
f 602 613 612
f 603 604 614
f 603 614 613
f 604 595 605
f 604 605 614
v -0.195157 0.310213 -0.007992
v -0.193047 0.309231 -0.007586
v -0.190797 0.308471 -0.007330
v -0.188304 0.308095 -0.007332
v -0.185516 0.308187 -0.007649
v -0.182436 0.308743 -0.008277
v -0.179122 0.309669 -0.009154
v -0.175681 0.310795 -0.010167
v -0.172253 0.311901 -0.011165
v -0.168988 0.312748 -0.011989
v -0.166027 0.313114 -0.012490
v -0.163476 0.312832 -0.012555
v -0.161393 0.311808 -0.012121
v -0.159777 0.310043 -0.011189
v -0.158571 0.307630 -0.009821
v -0.157668 0.304736 -0.008129
v -0.156929 0.301582 -0.006263
v -0.156203 0.298409 -0.004383
v -0.155350 0.295435 -0.002638
v -0.154264 0.292833 -0.001142
v -0.152884 0.290693 0.000042
v -0.151210 0.289022 0.000911
v -0.149293 0.287734 0.001522
v -0.147236 0.286669 0.001984
v -0.149346 0.287651 0.001578
v -0.151596 0.288411 0.001322
v -0.154088 0.288787 0.001324
v -0.156876 0.288695 0.001641
v -0.159957 0.288139 0.002269
v -0.163271 0.287213 0.003146
v -0.166712 0.286087 0.004158
v -0.170140 0.284981 0.005157
v -0.173404 0.284134 0.005981
v -0.176365 0.283768 0.006482
v -0.178916 0.284050 0.006547
v -0.181000 0.285074 0.006113
v -0.182616 0.286839 0.005181
v -0.183822 0.289252 0.003812
v -0.184724 0.292146 0.002121
v -0.185463 0.295300 0.000255
v -0.186189 0.298473 -0.001625
v -0.187042 0.301446 -0.003370
v -0.188129 0.304049 -0.004866
v -0.189508 0.306189 -0.006050
v -0.191183 0.307860 -0.006919
v -0.193099 0.309148 -0.007530
f 615 616 617
f 615 617 616
f 615 617 618
f 615 618 617
f 615 618 619
f 615 619 618
f 615 619 620
f 615 620 619
f 615 620 621
f 615 621 620
f 615 621 622
f 615 622 621
f 615 622 623
f 615 623 622
f 615 623 624
f 615 624 623
f 615 624 625
f 615 625 624
f 615 625 626
f 615 626 625
f 615 626 627
f 615 627 626
f 615 627 628
f 615 628 627
f 615 628 629
f 615 629 628
f 615 629 630
f 615 630 629
f 615 630 631
f 615 631 630
f 615 631 632
f 615 632 631
f 615 632 633
f 615 633 632
f 615 633 634
f 615 634 633
f 615 634 635
f 615 635 634
f 615 635 636
f 615 636 635
f 615 636 637
f 615 637 636
f 615 637 638
f 615 638 637
f 615 638 639
f 615 639 638
f 615 639 640
f 615 640 639
f 615 640 641
f 615 641 640
f 615 641 642
f 615 642 641
f 615 642 643
f 615 643 642
f 615 643 644
f 615 644 643
f 615 644 645
f 615 645 644
f 615 645 646
f 615 646 645
f 615 646 647
f 615 647 646
f 615 647 648
f 615 648 647
f 615 648 649
f 615 649 648
f 615 649 650
f 615 650 649
f 615 650 651
f 615 651 650
f 615 651 652
f 615 652 651
f 615 652 653
f 615 653 652
f 615 653 654
f 615 654 653
f 615 654 655
f 615 655 654
f 615 655 656
f 615 656 655
f 615 656 657
f 615 657 656
f 615 657 658
f 615 658 657
f 615 658 659
f 615 659 658
f 615 659 660
f 615 660 659
v -0.193648 0.299483 -0.017095
v -0.191813 0.301520 -0.017020
v -0.190067 0.302661 -0.018842
v -0.189090 0.302661 -0.021375
v -0.189160 0.301520 -0.023898
v -0.190569 0.299483 -0.025074
v -0.192403 0.297446 -0.025149
v -0.194149 0.296305 -0.023327
v -0.195127 0.296305 -0.020795
v -0.195057 0.297446 -0.018272
v -0.206440 0.311633 -0.023497
v -0.205192 0.313018 -0.023447
v -0.204005 0.313794 -0.024686
v -0.203341 0.313794 -0.026408
v -0.203388 0.313018 -0.028123
v -0.204346 0.311633 -0.028923
v -0.205594 0.310248 -0.028974
v -0.206781 0.309472 -0.027735
v -0.207446 0.309472 -0.026013
v -0.207398 0.310248 -0.024298
f 661 662 672
f 661 672 671
f 662 663 673
f 662 673 672
f 663 664 674
f 663 674 673
f 664 665 675
f 664 675 674
f 665 666 676
f 665 676 675
f 666 667 677
f 666 677 676
f 667 668 678
f 667 678 677
f 668 669 679
f 668 679 678
f 669 670 680
f 669 680 679
f 670 661 671
f 670 671 680
v -0.205393 0.311633 -0.026210
v -0.205869 0.310808 -0.023462
v -0.205935 0.310629 -0.020248
v -0.205691 0.310936 -0.016684
v -0.205225 0.311591 -0.012869
v -0.204630 0.312450 -0.008906
v -0.203999 0.313365 -0.004904
v -0.203426 0.314189 -0.000967
v -0.202999 0.314785 0.002805
v -0.202794 0.315030 0.006325
v -0.202874 0.314829 0.009523
v -0.203281 0.314112 0.012349
v -0.204040 0.312844 0.014778
v -0.205149 0.311025 0.016810
v -0.206586 0.308690 0.018470
v -0.208308 0.305908 0.019807
v -0.210253 0.302777 0.020893
v -0.212343 0.299417 0.021814
v -0.214491 0.295966 0.022669
v -0.216603 0.292571 0.023565
v -0.218586 0.289379 0.024608
v -0.220347 0.286536 0.025901
v -0.221798 0.284179 0.027545
v -0.222839 0.282468 0.029655
v -0.222363 0.283293 0.026906
v -0.222297 0.283472 0.023692
v -0.222541 0.283165 0.020128
v -0.223007 0.282510 0.016313
v -0.223602 0.281651 0.012351
v -0.224233 0.280736 0.008348
v -0.224806 0.279912 0.004411
v -0.225233 0.279316 0.000639
v -0.225438 0.279071 -0.002881
v -0.225359 0.279272 -0.006079
v -0.224951 0.279989 -0.008905
v -0.224192 0.281257 -0.011333
v -0.223083 0.283076 -0.013365
v -0.221646 0.285411 -0.015025
v -0.219924 0.288193 -0.016363
v -0.217979 0.291324 -0.017449
v -0.215889 0.294684 -0.018370
v -0.213741 0.298135 -0.019225
v -0.211629 0.301530 -0.020121
v -0.209646 0.304722 -0.021163
v -0.207885 0.307565 -0.022457
v -0.206434 0.309922 -0.024101
f 681 682 683
f 681 683 682
f 681 683 684
f 681 684 683
f 681 684 685
f 681 685 684
f 681 685 686
f 681 686 685
f 681 686 687
f 681 687 686
f 681 687 688
f 681 688 687
f 681 688 689
f 681 689 688
f 681 689 690
f 681 690 689
f 681 690 691
f 681 691 690
f 681 691 692
f 681 692 691
f 681 692 693
f 681 693 692
f 681 693 694
f 681 694 693
f 681 694 695
f 681 695 694
f 681 695 696
f 681 696 695
f 681 696 697
f 681 697 696
f 681 697 698
f 681 698 697
f 681 698 699
f 681 699 698
f 681 699 700
f 681 700 699
f 681 700 701
f 681 701 700
f 681 701 702
f 681 702 701
f 681 702 703
f 681 703 702
f 681 703 704
f 681 704 703
f 681 704 705
f 681 705 704
f 681 705 706
f 681 706 705
f 681 706 707
f 681 707 706
f 681 707 708
f 681 708 707
f 681 708 709
f 681 709 708
f 681 709 710
f 681 710 709
f 681 710 711
f 681 711 710
f 681 711 712
f 681 712 711
f 681 712 713
f 681 713 712
f 681 713 714
f 681 714 713
f 681 714 715
f 681 715 714
f 681 715 716
f 681 716 715
f 681 716 717
f 681 717 716
f 681 717 718
f 681 718 717
f 681 718 719
f 681 719 718
f 681 719 720
f 681 720 719
f 681 720 721
f 681 721 720
f 681 721 722
f 681 722 721
f 681 722 723
f 681 723 722
f 681 723 724
f 681 724 723
f 681 724 725
f 681 725 724
f 681 725 726
f 681 726 725
v -0.166450 0.289508 -0.027491
v -0.164849 0.293179 -0.027015
v -0.161773 0.295235 -0.028717
v -0.158810 0.295235 -0.031393
v -0.156805 0.293179 -0.034281
v -0.157116 0.289508 -0.035921
v -0.158716 0.285838 -0.036398
v -0.161793 0.283782 -0.034695
v -0.164756 0.283782 -0.032019
v -0.166761 0.285838 -0.029132
v -0.188436 0.303117 -0.054835
v -0.187347 0.305613 -0.054511
v -0.185256 0.307011 -0.055669
v -0.183241 0.307011 -0.057489
v -0.181877 0.305613 -0.059452
v -0.182089 0.303117 -0.060568
v -0.183177 0.300621 -0.060892
v -0.185269 0.299223 -0.059734
v -0.187284 0.299223 -0.057915
v -0.188647 0.300621 -0.055951
f 727 728 738
f 727 738 737
f 728 729 739
f 728 739 738
f 729 730 740
f 729 740 739
f 730 731 741
f 730 741 740
f 731 732 742
f 731 742 741
f 732 733 743
f 732 743 742
f 733 734 744
f 733 744 743
f 734 735 745
f 734 745 744
f 735 736 746
f 735 746 745
f 736 727 737
f 736 737 746
v -0.185262 0.303117 -0.057702
v -0.186210 0.302760 -0.055263
v -0.187054 0.302814 -0.052705
v -0.187744 0.303464 -0.049972
v -0.188268 0.304767 -0.047049
v -0.188640 0.306662 -0.043952
v -0.188903 0.308984 -0.040730
v -0.189118 0.311494 -0.037454
v -0.189359 0.313903 -0.034207
v -0.189700 0.315918 -0.031075
v -0.190210 0.317275 -0.028135
v -0.190938 0.317779 -0.025445
v -0.191911 0.317323 -0.023036
v -0.193130 0.315908 -0.020907
v -0.194568 0.313640 -0.019028
v -0.196173 0.310714 -0.017341
v -0.197880 0.307393 -0.015770
v -0.199612 0.303973 -0.014228
v -0.201296 0.300739 -0.012631
v -0.202870 0.297933 -0.010909
v -0.204294 0.295719 -0.009014
v -0.205550 0.294158 -0.006928
v -0.206654 0.293193 -0.004667
v -0.207653 0.292638 -0.002287
v -0.206704 0.292995 -0.004725
v -0.205861 0.292942 -0.007284
v -0.205171 0.292291 -0.010016
v -0.204647 0.290989 -0.012940
v -0.204275 0.289094 -0.016036
v -0.204012 0.286772 -0.019258
v -0.203797 0.284262 -0.022535
v -0.203556 0.281853 -0.025782
v -0.203215 0.279838 -0.028914
v -0.202705 0.278481 -0.031853
v -0.201977 0.277977 -0.034543
v -0.201003 0.278432 -0.036953
v -0.199785 0.279847 -0.039081
v -0.198347 0.282116 -0.040960
v -0.196742 0.285042 -0.042647
v -0.195035 0.288363 -0.044219
v -0.193303 0.291783 -0.045761
v -0.191619 0.295017 -0.047358
v -0.190045 0.297823 -0.049080
v -0.188621 0.300037 -0.050975
v -0.187365 0.301598 -0.053061
v -0.186261 0.302563 -0.055321
f 747 748 749
f 747 749 748
f 747 749 750
f 747 750 749
f 747 750 751
f 747 751 750
f 747 751 752
f 747 752 751
f 747 752 753
f 747 753 752
f 747 753 754
f 747 754 753
f 747 754 755
f 747 755 754
f 747 755 756
f 747 756 755
f 747 756 757
f 747 757 756
f 747 757 758
f 747 758 757
f 747 758 759
f 747 759 758
f 747 759 760
f 747 760 759
f 747 760 761
f 747 761 760
f 747 761 762
f 747 762 761
f 747 762 763
f 747 763 762
f 747 763 764
f 747 764 763
f 747 764 765
f 747 765 764
f 747 765 766
f 747 766 765
f 747 766 767
f 747 767 766
f 747 767 768
f 747 768 767
f 747 768 769
f 747 769 768
f 747 769 770
f 747 770 769
f 747 770 771
f 747 771 770
f 747 771 772
f 747 772 771
f 747 772 773
f 747 773 772
f 747 773 774
f 747 774 773
f 747 774 775
f 747 775 774
f 747 775 776
f 747 776 775
f 747 776 777
f 747 777 776
f 747 777 778
f 747 778 777
f 747 778 779
f 747 779 778
f 747 779 780
f 747 780 779
f 747 780 781
f 747 781 780
f 747 781 782
f 747 782 781
f 747 782 783
f 747 783 782
f 747 783 784
f 747 784 783
f 747 784 785
f 747 785 784
f 747 785 786
f 747 786 785
f 747 786 787
f 747 787 786
f 747 787 788
f 747 788 787
f 747 788 789
f 747 789 788
f 747 789 790
f 747 790 789
f 747 790 791
f 747 791 790
f 747 791 792
f 747 792 791
v -0.185262 0.303117 -0.057702
v -0.182892 0.302321 -0.059181
v -0.180747 0.300727 -0.060875
v -0.178788 0.298466 -0.062749
v -0.176973 0.295695 -0.064761
v -0.175250 0.292596 -0.066862
v -0.173563 0.289370 -0.068996
v -0.171853 0.286223 -0.071110
v -0.170065 0.283356 -0.073148
v -0.168148 0.280948 -0.075062
v -0.166062 0.279143 -0.076813
v -0.163776 0.278046 -0.078373
v -0.161278 0.277710 -0.079728
v -0.158565 0.278135 -0.080877
v -0.155654 0.279267 -0.081836
v -0.152573 0.281004 -0.082631
v -0.149363 0.283199 -0.083303
v -0.146075 0.285673 -0.083899
v -0.142765 0.288227 -0.084474
v -0.139490 0.290654 -0.085083
v -0.136307 0.292753 -0.085780
v -0.133268 0.294341 -0.086616
v -0.130416 0.295264 -0.087631
v -0.127788 0.295388 -0.088862
v -0.130157 0.296184 -0.087383
v -0.132303 0.297778 -0.085688
v -0.134261 0.300038 -0.083814
v -0.136076 0.302810 -0.081802
v -0.137799 0.305909 -0.079702
v -0.139487 0.309135 -0.077567
v -0.141196 0.312282 -0.075454
v -0.142985 0.315149 -0.073416
v -0.144901 0.317557 -0.071502
v -0.146988 0.319362 -0.069750
v -0.149273 0.320459 -0.068190
v -0.151772 0.320795 -0.066836
v -0.154485 0.320370 -0.065686
v -0.157396 0.319238 -0.064728
v -0.160477 0.317501 -0.063932
v -0.163686 0.315306 -0.063261
v -0.166975 0.312832 -0.062664
v -0.170285 0.310278 -0.062089
v -0.173560 0.307851 -0.061480
v -0.176743 0.305752 -0.060783
v -0.179782 0.304164 -0.059947
v -0.182634 0.303241 -0.058932
f 793 794 795
f 793 795 794
f 793 795 796
f 793 796 795
f 793 796 797
f 793 797 796
f 793 797 798
f 793 798 797
f 793 798 799
f 793 799 798
f 793 799 800
f 793 800 799
f 793 800 801
f 793 801 800
f 793 801 802
f 793 802 801
f 793 802 803
f 793 803 802
f 793 803 804
f 793 804 803
f 793 804 805
f 793 805 804
f 793 805 806
f 793 806 805
f 793 806 807
f 793 807 806
f 793 807 808
f 793 808 807
f 793 808 809
f 793 809 808
f 793 809 810
f 793 810 809
f 793 810 811
f 793 811 810
f 793 811 812
f 793 812 811
f 793 812 813
f 793 813 812
f 793 813 814
f 793 814 813
f 793 814 815
f 793 815 814
f 793 815 816
f 793 816 815
f 793 816 817
f 793 817 816
f 793 817 818
f 793 818 817
f 793 818 819
f 793 819 818
f 793 819 820
f 793 820 819
f 793 820 821
f 793 821 820
f 793 821 822
f 793 822 821
f 793 822 823
f 793 823 822
f 793 823 824
f 793 824 823
f 793 824 825
f 793 825 824
f 793 825 826
f 793 826 825
f 793 826 827
f 793 827 826
f 793 827 828
f 793 828 827
f 793 828 829
f 793 829 828
f 793 829 830
f 793 830 829
f 793 830 831
f 793 831 830
f 793 831 832
f 793 832 831
f 793 832 833
f 793 833 832
f 793 833 834
f 793 834 833
f 793 834 835
f 793 835 834
f 793 835 836
f 793 836 835
f 793 836 837
f 793 837 836
f 793 837 838
f 793 838 837
v -0.188908 0.303117 -0.055467
v -0.188708 0.305732 -0.056270
v -0.186893 0.307196 -0.057764
v -0.184578 0.307196 -0.059183
v -0.182423 0.305732 -0.060123
v -0.181616 0.303117 -0.059936
v -0.181817 0.300503 -0.059133
v -0.183632 0.299039 -0.057639
v -0.185946 0.299039 -0.056221
v -0.188101 0.300503 -0.055281
v -0.198006 0.298758 -0.072927
v -0.197870 0.300535 -0.073474
v -0.196635 0.301531 -0.074490
v -0.195062 0.301531 -0.075454
v -0.193596 0.300535 -0.076093
v -0.193048 0.298758 -0.075967
v -0.193184 0.296980 -0.075421
v -0.194418 0.295985 -0.074405
v -0.195992 0.295985 -0.073440
v -0.197457 0.296980 -0.072801
f 839 840 850
f 839 850 849
f 840 841 851
f 840 851 850
f 841 842 852
f 841 852 851
f 842 843 853
f 842 853 852
f 843 844 854
f 843 854 853
f 844 845 855
f 844 855 854
f 845 846 856
f 845 856 855
f 846 847 857
f 846 857 856
f 847 848 858
f 847 858 857
f 848 839 849
f 848 849 858
v -0.195527 0.298758 -0.074447
v -0.196725 0.299319 -0.072189
v -0.197931 0.300165 -0.070000
v -0.199154 0.301542 -0.067939
v -0.200396 0.303603 -0.066044
v -0.201660 0.306369 -0.064319
v -0.202942 0.309721 -0.062736
v -0.204233 0.313415 -0.061236
v -0.205525 0.317118 -0.059738
v -0.206806 0.320457 -0.058152
v -0.208066 0.323083 -0.056394
v -0.209296 0.324727 -0.054397
v -0.210493 0.325241 -0.052128
v -0.211655 0.324624 -0.049584
v -0.212789 0.323025 -0.046803
v -0.213901 0.320713 -0.043850
v -0.215002 0.318037 -0.040808
v -0.216103 0.315370 -0.037768
v -0.217215 0.313045 -0.034812
v -0.218344 0.311306 -0.031997
v -0.219495 0.310273 -0.029353
v -0.220665 0.309922 -0.026874
v -0.221852 0.310103 -0.024523
v -0.223047 0.310570 -0.022242
v -0.221849 0.310009 -0.024501
v -0.220642 0.309162 -0.026690
v -0.219420 0.307785 -0.028750
v -0.218177 0.305724 -0.030646
v -0.216914 0.302959 -0.032371
v -0.215632 0.299606 -0.033953
v -0.214340 0.295912 -0.035453
v -0.213049 0.292209 -0.036951
v -0.211768 0.288870 -0.038537
v -0.210508 0.286244 -0.040296
v -0.209278 0.284600 -0.042292
v -0.208081 0.284087 -0.044562
v -0.206918 0.284703 -0.047105
v -0.205785 0.286303 -0.049886
v -0.204673 0.288614 -0.052840
v -0.203572 0.291290 -0.055881
v -0.202470 0.293957 -0.058921
v -0.201359 0.296282 -0.061878
v -0.200230 0.298021 -0.064693
v -0.199079 0.299054 -0.067337
v -0.197909 0.299405 -0.069816
v -0.196722 0.299224 -0.072166
f 859 860 861
f 859 861 860
f 859 861 862
f 859 862 861
f 859 862 863
f 859 863 862
f 859 863 864
f 859 864 863
f 859 864 865
f 859 865 864
f 859 865 866
f 859 866 865
f 859 866 867
f 859 867 866
f 859 867 868
f 859 868 867
f 859 868 869
f 859 869 868
f 859 869 870
f 859 870 869
f 859 870 871
f 859 871 870
f 859 871 872
f 859 872 871
f 859 872 873
f 859 873 872
f 859 873 874
f 859 874 873
f 859 874 875
f 859 875 874
f 859 875 876
f 859 876 875
f 859 876 877
f 859 877 876
f 859 877 878
f 859 878 877
f 859 878 879
f 859 879 878
f 859 879 880
f 859 880 879
f 859 880 881
f 859 881 880
f 859 881 882
f 859 882 881
f 859 882 883
f 859 883 882
f 859 883 884
f 859 884 883
f 859 884 885
f 859 885 884
f 859 885 886
f 859 886 885
f 859 886 887
f 859 887 886
f 859 887 888
f 859 888 887
f 859 888 889
f 859 889 888
f 859 889 890
f 859 890 889
f 859 890 891
f 859 891 890
f 859 891 892
f 859 892 891
f 859 892 893
f 859 893 892
f 859 893 894
f 859 894 893
f 859 894 895
f 859 895 894
f 859 895 896
f 859 896 895
f 859 896 897
f 859 897 896
f 859 897 898
f 859 898 897
f 859 898 899
f 859 899 898
f 859 899 900
f 859 900 899
f 859 900 901
f 859 901 900
f 859 901 902
f 859 902 901
f 859 902 903
f 859 903 902
f 859 903 904
f 859 904 903
v -0.195527 0.298758 -0.074447
v -0.193783 0.298941 -0.074921
v -0.191981 0.298816 -0.075351
v -0.190096 0.298257 -0.075719
v -0.188122 0.297233 -0.076020
v -0.186068 0.295794 -0.076262
v -0.183959 0.294061 -0.076462
v -0.181826 0.292206 -0.076644
v -0.179708 0.290431 -0.076837
v -0.177645 0.288942 -0.077072
v -0.175672 0.287922 -0.077374
v -0.173814 0.287505 -0.077762
v -0.172085 0.287766 -0.078247
v -0.170485 0.288704 -0.078829
v -0.169001 0.290246 -0.079498
v -0.167607 0.292256 -0.080234
v -0.166267 0.294552 -0.081011
v -0.164942 0.296929 -0.081799
v -0.163594 0.299183 -0.082570
v -0.162190 0.301143 -0.083299
v -0.160707 0.302689 -0.083968
v -0.159135 0.303769 -0.084571
v -0.157479 0.304415 -0.085111
v -0.155766 0.304753 -0.085607
v -0.157509 0.304570 -0.085133
v -0.159312 0.304695 -0.084703
v -0.161197 0.305254 -0.084336
v -0.163171 0.306278 -0.084034
v -0.165224 0.307717 -0.083793
v -0.167334 0.309450 -0.083593
v -0.169467 0.311305 -0.083411
v -0.171584 0.313080 -0.083217
v -0.173647 0.314569 -0.082983
v -0.175621 0.315590 -0.082681
v -0.177479 0.316006 -0.082293
v -0.179208 0.315745 -0.081808
v -0.180807 0.314808 -0.081225
v -0.182291 0.313266 -0.080557
v -0.183686 0.311255 -0.079821
v -0.185026 0.308959 -0.079044
v -0.186350 0.306583 -0.078255
v -0.187698 0.304328 -0.077485
v -0.189102 0.302368 -0.076756
v -0.190586 0.300822 -0.076087
v -0.192158 0.299742 -0.075484
v -0.193813 0.299096 -0.074943
f 905 906 907
f 905 907 906
f 905 907 908
f 905 908 907
f 905 908 909
f 905 909 908
f 905 909 910
f 905 910 909
f 905 910 911
f 905 911 910
f 905 911 912
f 905 912 911
f 905 912 913
f 905 913 912
f 905 913 914
f 905 914 913
f 905 914 915
f 905 915 914
f 905 915 916
f 905 916 915
f 905 916 917
f 905 917 916
f 905 917 918
f 905 918 917
f 905 918 919
f 905 919 918
f 905 919 920
f 905 920 919
f 905 920 921
f 905 921 920
f 905 921 922
f 905 922 921
f 905 922 923
f 905 923 922
f 905 923 924
f 905 924 923
f 905 924 925
f 905 925 924
f 905 925 926
f 905 926 925
f 905 926 927
f 905 927 926
f 905 927 928
f 905 928 927
f 905 928 929
f 905 929 928
f 905 929 930
f 905 930 929
f 905 930 931
f 905 931 930
f 905 931 932
f 905 932 931
f 905 932 933
f 905 933 932
f 905 933 934
f 905 934 933
f 905 934 935
f 905 935 934
f 905 935 936
f 905 936 935
f 905 936 937
f 905 937 936
f 905 937 938
f 905 938 937
f 905 938 939
f 905 939 938
f 905 939 940
f 905 940 939
f 905 940 941
f 905 941 940
f 905 941 942
f 905 942 941
f 905 942 943
f 905 943 942
f 905 943 944
f 905 944 943
f 905 944 945
f 905 945 944
f 905 945 946
f 905 946 945
f 905 946 947
f 905 947 946
f 905 947 948
f 905 948 947
f 905 948 949
f 905 949 948
f 905 949 950
f 905 950 949
v -0.185159 0.303117 -0.053427
v -0.183556 0.305252 -0.054056
v -0.182707 0.306447 -0.056406
v -0.182773 0.306447 -0.059119
v -0.183734 0.305252 -0.061425
v -0.185365 0.303117 -0.061977
v -0.186968 0.300983 -0.061347
v -0.187817 0.299788 -0.058998
v -0.187752 0.299788 -0.056284
v -0.186790 0.300983 -0.053978
v -0.203258 0.316812 -0.054359
v -0.202168 0.318263 -0.054787
v -0.201591 0.319076 -0.056385
v -0.201635 0.319076 -0.058230
v -0.202289 0.318263 -0.059798
v -0.203398 0.316812 -0.060173
v -0.204488 0.315361 -0.059745
v -0.205066 0.314548 -0.058147
v -0.205021 0.314548 -0.056302
v -0.204367 0.315361 -0.054734
f 951 952 962
f 951 962 961
f 952 953 963
f 952 963 962
f 953 954 964
f 953 964 963
f 954 955 965
f 954 965 964
f 955 956 966
f 955 966 965
f 956 957 967
f 956 967 966
f 957 958 968
f 957 968 967
f 958 959 969
f 958 969 968
f 959 960 970
f 959 970 969
f 960 951 961
f 960 961 970
v -0.203328 0.316812 -0.057266
v -0.202020 0.316257 -0.054664
v -0.200167 0.316418 -0.051979
v -0.197891 0.317135 -0.049228
v -0.195307 0.318257 -0.046430
v -0.192537 0.319623 -0.043603
v -0.189709 0.321065 -0.040767
v -0.186953 0.322413 -0.037943
v -0.184388 0.323509 -0.035148
v -0.182123 0.324211 -0.032399
v -0.180245 0.324405 -0.029709
v -0.178814 0.324012 -0.027089
v -0.177862 0.322989 -0.024542
v -0.177388 0.321337 -0.022068
v -0.177362 0.319097 -0.019664
v -0.177722 0.316349 -0.017319
v -0.178382 0.313207 -0.015021
v -0.179234 0.309813 -0.012751
v -0.180157 0.306325 -0.010493
v -0.181023 0.302913 -0.008226
v -0.181702 0.299745 -0.005931
v -0.182073 0.296983 -0.003587
v -0.182022 0.294776 -0.001179
v -0.181426 0.293285 0.001313
v -0.182734 0.293840 -0.001289
v -0.184587 0.293679 -0.003975
v -0.186863 0.292962 -0.006725
v -0.189447 0.291840 -0.009523
v -0.192217 0.290474 -0.012350
v -0.195045 0.289032 -0.015186
v -0.197801 0.287684 -0.018010
v -0.200366 0.286588 -0.020806
v -0.202631 0.285886 -0.023555
v -0.204509 0.285692 -0.026244
v -0.205940 0.286085 -0.028865
v -0.206892 0.287108 -0.031412
v -0.207366 0.288760 -0.033885
v -0.207392 0.291001 -0.036289
v -0.207032 0.293748 -0.038634
v -0.206372 0.296890 -0.040933
v -0.205520 0.300285 -0.043202
v -0.204597 0.303772 -0.045460
v -0.203731 0.307184 -0.047727
v -0.203052 0.310352 -0.050023
v -0.202681 0.313114 -0.052366
v -0.202732 0.315321 -0.054774
f 971 972 973
f 971 973 972
f 971 973 974
f 971 974 973
f 971 974 975
f 971 975 974
f 971 975 976
f 971 976 975
f 971 976 977
f 971 977 976
f 971 977 978
f 971 978 977
f 971 978 979
f 971 979 978
f 971 979 980
f 971 980 979
f 971 980 981
f 971 981 980
f 971 981 982
f 971 982 981
f 971 982 983
f 971 983 982
f 971 983 984
f 971 984 983
f 971 984 985
f 971 985 984
f 971 985 986
f 971 986 985
f 971 986 987
f 971 987 986
f 971 987 988
f 971 988 987
f 971 988 989
f 971 989 988
f 971 989 990
f 971 990 989
f 971 990 991
f 971 991 990
f 971 991 992
f 971 992 991
f 971 992 993
f 971 993 992
f 971 993 994
f 971 994 993
f 971 994 995
f 971 995 994
f 971 995 996
f 971 996 995
f 971 996 997
f 971 997 996
f 971 997 998
f 971 998 997
f 971 998 999
f 971 999 998
f 971 999 1000
f 971 1000 999
f 971 1000 1001
f 971 1001 1000
f 971 1001 1002
f 971 1002 1001
f 971 1002 1003
f 971 1003 1002
f 971 1003 1004
f 971 1004 1003
f 971 1004 1005
f 971 1005 1004
f 971 1005 1006
f 971 1006 1005
f 971 1006 1007
f 971 1007 1006
f 971 1007 1008
f 971 1008 1007
f 971 1008 1009
f 971 1009 1008
f 971 1009 1010
f 971 1010 1009
f 971 1010 1011
f 971 1011 1010
f 971 1011 1012
f 971 1012 1011
f 971 1012 1013
f 971 1013 1012
f 971 1013 1014
f 971 1014 1013
f 971 1014 1015
f 971 1015 1014
f 971 1015 1016
f 971 1016 1015
v -0.203328 0.316812 -0.057266
v -0.201840 0.316294 -0.059748
v -0.200483 0.315604 -0.062275
v -0.199429 0.314518 -0.064906
v -0.198825 0.312842 -0.067692
v -0.198741 0.310486 -0.070658
v -0.199139 0.307500 -0.073789
v -0.199867 0.304083 -0.077034
v -0.200679 0.300555 -0.080308
v -0.201280 0.297303 -0.083509
v -0.201379 0.294709 -0.086537
v -0.200741 0.293078 -0.089312
v -0.199237 0.292580 -0.091788
v -0.196867 0.293215 -0.093966
v -0.193761 0.294814 -0.095891
v -0.190151 0.297071 -0.097642
v -0.186331 0.299603 -0.099321
v -0.182596 0.302024 -0.101029
v -0.179190 0.304014 -0.102851
v -0.176266 0.305375 -0.104838
v -0.173861 0.306055 -0.107004
v -0.171908 0.306146 -0.109326
v -0.170257 0.305839 -0.111752
v -0.168737 0.305362 -0.114223
v -0.170225 0.305881 -0.111741
v -0.171583 0.306570 -0.109214
v -0.172637 0.307656 -0.106583
v -0.173241 0.309332 -0.103796
v -0.173324 0.311688 -0.100831
v -0.172927 0.314674 -0.097700
v -0.172199 0.318091 -0.094455
v -0.171387 0.321619 -0.091181
v -0.170785 0.324871 -0.087980
v -0.170687 0.327465 -0.084952
v -0.171325 0.329096 -0.082177
v -0.172829 0.329594 -0.079701
v -0.175199 0.328959 -0.077523
v -0.178305 0.327360 -0.075598
v -0.181915 0.325104 -0.073846
v -0.185735 0.322571 -0.072168
v -0.189470 0.320150 -0.070460
v -0.192876 0.318160 -0.068638
v -0.195800 0.316799 -0.066651
v -0.198204 0.316119 -0.064484
v -0.200158 0.316029 -0.062163
v -0.201809 0.316335 -0.059737
f 1017 1018 1019
f 1017 1019 1018
f 1017 1019 1020
f 1017 1020 1019
f 1017 1020 1021
f 1017 1021 1020
f 1017 1021 1022
f 1017 1022 1021
f 1017 1022 1023
f 1017 1023 1022
f 1017 1023 1024
f 1017 1024 1023
f 1017 1024 1025
f 1017 1025 1024
f 1017 1025 1026
f 1017 1026 1025
f 1017 1026 1027
f 1017 1027 1026
f 1017 1027 1028
f 1017 1028 1027
f 1017 1028 1029
f 1017 1029 1028
f 1017 1029 1030
f 1017 1030 1029
f 1017 1030 1031
f 1017 1031 1030
f 1017 1031 1032
f 1017 1032 1031
f 1017 1032 1033
f 1017 1033 1032
f 1017 1033 1034
f 1017 1034 1033
f 1017 1034 1035
f 1017 1035 1034
f 1017 1035 1036
f 1017 1036 1035
f 1017 1036 1037
f 1017 1037 1036
f 1017 1037 1038
f 1017 1038 1037
f 1017 1038 1039
f 1017 1039 1038
f 1017 1039 1040
f 1017 1040 1039
f 1017 1040 1041
f 1017 1041 1040
f 1017 1041 1042
f 1017 1042 1041
f 1017 1042 1043
f 1017 1043 1042
f 1017 1043 1044
f 1017 1044 1043
f 1017 1044 1045
f 1017 1045 1044
f 1017 1045 1046
f 1017 1046 1045
f 1017 1046 1047
f 1017 1047 1046
f 1017 1047 1048
f 1017 1048 1047
f 1017 1048 1049
f 1017 1049 1048
f 1017 1049 1050
f 1017 1050 1049
f 1017 1050 1051
f 1017 1051 1050
f 1017 1051 1052
f 1017 1052 1051
f 1017 1052 1053
f 1017 1053 1052
f 1017 1053 1054
f 1017 1054 1053
f 1017 1054 1055
f 1017 1055 1054
f 1017 1055 1056
f 1017 1056 1055
f 1017 1056 1057
f 1017 1057 1056
f 1017 1057 1058
f 1017 1058 1057
f 1017 1058 1059
f 1017 1059 1058
f 1017 1059 1060
f 1017 1060 1059
f 1017 1060 1061
f 1017 1061 1060
f 1017 1061 1062
f 1017 1062 1061
v -0.189475 0.303117 -0.058438
v -0.189219 0.305009 -0.056469
v -0.187108 0.306069 -0.055023
v -0.184434 0.306069 -0.054556
v -0.181958 0.305009 -0.055200
v -0.181050 0.303117 -0.056966
v -0.181305 0.301226 -0.058934
v -0.183416 0.300166 -0.060381
v -0.186091 0.300166 -0.060848
v -0.188567 0.301226 -0.060203
v -0.185358 0.319237 -0.074052
v -0.185184 0.320523 -0.072713
v -0.183749 0.321243 -0.071730
v -0.181930 0.321243 -0.071412
v -0.180246 0.320523 -0.071850
v -0.179629 0.319237 -0.073051
v -0.179803 0.317950 -0.074390
v -0.181238 0.317230 -0.075373
v -0.183057 0.317230 -0.075691
v -0.184741 0.317950 -0.075252
f 1063 1064 1074
f 1063 1074 1073
f 1064 1065 1075
f 1064 1075 1074
f 1065 1066 1076
f 1065 1076 1075
f 1066 1067 1077
f 1066 1077 1076
f 1067 1068 1078
f 1067 1078 1077
f 1068 1069 1079
f 1068 1079 1078
f 1069 1070 1080
f 1069 1080 1079
f 1070 1071 1081
f 1070 1081 1080
f 1071 1072 1082
f 1071 1082 1081
f 1072 1063 1073
f 1072 1073 1082
v -0.182493 0.319237 -0.073551
v -0.185014 0.318521 -0.074054
v -0.187628 0.317992 -0.074382
v -0.190423 0.317831 -0.074367
v -0.193461 0.318161 -0.073896
v -0.196755 0.319012 -0.072940
v -0.200269 0.320308 -0.071570
v -0.203917 0.321875 -0.069947
v -0.207578 0.323468 -0.068300
v -0.211113 0.324808 -0.066889
v -0.214393 0.325628 -0.065962
v -0.217314 0.325722 -0.065710
v -0.219821 0.324977 -0.066239
v -0.221913 0.323393 -0.067549
v -0.223647 0.321084 -0.069535
v -0.225126 0.318255 -0.072004
v -0.226478 0.315172 -0.074709
v -0.227844 0.312115 -0.077391
v -0.229343 0.309329 -0.079819
v -0.231063 0.306989 -0.081834
v -0.233039 0.305169 -0.083363
v -0.235257 0.303840 -0.084436
v -0.237657 0.302879 -0.085167
v -0.240150 0.302106 -0.085723
v -0.237629 0.302822 -0.085220
v -0.235016 0.303351 -0.084892
v -0.232220 0.303511 -0.084907
v -0.229183 0.303181 -0.085378
v -0.225889 0.302330 -0.086334
v -0.222374 0.301034 -0.087704
v -0.218726 0.299467 -0.089327
v -0.215066 0.297874 -0.090974
v -0.211530 0.296535 -0.092385
v -0.208251 0.295714 -0.093312
v -0.205330 0.295620 -0.093564
v -0.202823 0.296365 -0.093035
v -0.200730 0.297949 -0.091725
v -0.198996 0.300259 -0.089739
v -0.197518 0.303088 -0.087270
v -0.196165 0.306170 -0.084565
v -0.194800 0.309227 -0.081883
v -0.193300 0.312013 -0.079455
v -0.191581 0.314353 -0.077440
v -0.189605 0.316173 -0.075911
v -0.187386 0.317502 -0.074837
v -0.184986 0.318463 -0.074107
f 1083 1084 1085
f 1083 1085 1084
f 1083 1085 1086
f 1083 1086 1085
f 1083 1086 1087
f 1083 1087 1086
f 1083 1087 1088
f 1083 1088 1087
f 1083 1088 1089
f 1083 1089 1088
f 1083 1089 1090
f 1083 1090 1089
f 1083 1090 1091
f 1083 1091 1090
f 1083 1091 1092
f 1083 1092 1091
f 1083 1092 1093
f 1083 1093 1092
f 1083 1093 1094
f 1083 1094 1093
f 1083 1094 1095
f 1083 1095 1094
f 1083 1095 1096
f 1083 1096 1095
f 1083 1096 1097
f 1083 1097 1096
f 1083 1097 1098
f 1083 1098 1097
f 1083 1098 1099
f 1083 1099 1098
f 1083 1099 1100
f 1083 1100 1099
f 1083 1100 1101
f 1083 1101 1100
f 1083 1101 1102
f 1083 1102 1101
f 1083 1102 1103
f 1083 1103 1102
f 1083 1103 1104
f 1083 1104 1103
f 1083 1104 1105
f 1083 1105 1104
f 1083 1105 1106
f 1083 1106 1105
f 1083 1106 1107
f 1083 1107 1106
f 1083 1107 1108
f 1083 1108 1107
f 1083 1108 1109
f 1083 1109 1108
f 1083 1109 1110
f 1083 1110 1109
f 1083 1110 1111
f 1083 1111 1110
f 1083 1111 1112
f 1083 1112 1111
f 1083 1112 1113
f 1083 1113 1112
f 1083 1113 1114
f 1083 1114 1113
f 1083 1114 1115
f 1083 1115 1114
f 1083 1115 1116
f 1083 1116 1115
f 1083 1116 1117
f 1083 1117 1116
f 1083 1117 1118
f 1083 1118 1117
f 1083 1118 1119
f 1083 1119 1118
f 1083 1119 1120
f 1083 1120 1119
f 1083 1120 1121
f 1083 1121 1120
f 1083 1121 1122
f 1083 1122 1121
f 1083 1122 1123
f 1083 1123 1122
f 1083 1123 1124
f 1083 1124 1123
f 1083 1124 1125
f 1083 1125 1124
f 1083 1125 1126
f 1083 1126 1125
f 1083 1126 1127
f 1083 1127 1126
f 1083 1127 1128
f 1083 1128 1127
v -0.092340 0.295888 -0.009445
v -0.090070 0.299268 -0.013756
v -0.091961 0.301162 -0.019115
v -0.096257 0.301162 -0.023116
v -0.101737 0.299268 -0.024621
v -0.105876 0.295888 -0.022050
v -0.108146 0.292507 -0.017739
v -0.106255 0.290614 -0.012380
v -0.101959 0.290614 -0.008379
v -0.096480 0.292507 -0.006874
v -0.124964 0.358050 0.021242
v -0.123420 0.360349 0.018311
v -0.124705 0.361636 0.014667
v -0.127627 0.361636 0.011946
v -0.131353 0.360349 0.010923
v -0.134168 0.358050 0.012671
v -0.135711 0.355752 0.015602
v -0.134426 0.354464 0.019246
v -0.131504 0.354464 0.021967
v -0.127778 0.355752 0.022991
f 1129 1130 1140
f 1129 1140 1139
f 1130 1131 1141
f 1130 1141 1140
f 1131 1132 1142
f 1131 1142 1141
f 1132 1133 1143
f 1132 1143 1142
f 1133 1134 1144
f 1133 1144 1143
f 1134 1135 1145
f 1134 1145 1144
f 1135 1136 1146
f 1135 1146 1145
f 1136 1137 1147
f 1136 1147 1146
f 1137 1138 1148
f 1137 1148 1147
f 1138 1129 1139
f 1138 1139 1148
v -0.125004 0.358050 0.021285
v -0.125286 0.361956 0.020321
v -0.127574 0.364143 0.017758
v -0.130470 0.364143 0.015010
v -0.133149 0.361956 0.012859
v -0.134127 0.358050 0.012628
v -0.133846 0.354145 0.013593
v -0.131557 0.351958 0.016155
v -0.128661 0.351958 0.018903
v -0.125982 0.354145 0.021055
v -0.159027 0.364179 0.054216
v -0.159219 0.366835 0.053560
v -0.160775 0.368322 0.051818
v -0.162744 0.368322 0.049949
v -0.164566 0.366835 0.048486
v -0.165231 0.364179 0.048329
v -0.165039 0.361523 0.048985
v -0.163483 0.360036 0.050728
v -0.161514 0.360036 0.052597
v -0.159692 0.361523 0.054059
f 1149 1150 1160
f 1149 1160 1159
f 1150 1151 1161
f 1150 1161 1160
f 1151 1152 1162
f 1151 1162 1161
f 1152 1153 1163
f 1152 1163 1162
f 1153 1154 1164
f 1153 1164 1163
f 1154 1155 1165
f 1154 1165 1164
f 1155 1156 1166
f 1155 1166 1165
f 1156 1157 1167
f 1156 1167 1166
f 1157 1158 1168
f 1157 1168 1167
f 1158 1149 1159
f 1158 1159 1168
v -0.162129 0.364179 0.051273
v -0.159529 0.365074 0.052374
v -0.156983 0.366276 0.053370
v -0.154538 0.368055 0.054166
v -0.152223 0.370576 0.054707
v -0.150042 0.373864 0.054983
v -0.147974 0.377791 0.055039
v -0.145971 0.382091 0.054965
v -0.143969 0.386402 0.054889
v -0.141899 0.390318 0.054948
v -0.139693 0.393460 0.055274
v -0.137299 0.395532 0.055970
v -0.134690 0.396376 0.057089
v -0.131866 0.395990 0.058632
v -0.128854 0.394535 0.060544
v -0.125706 0.392305 0.062723
v -0.122490 0.389681 0.065038
v -0.119275 0.387067 0.067350
v -0.116125 0.384827 0.069533
v -0.113088 0.383226 0.071495
v -0.110185 0.382392 0.073193
v -0.107412 0.382299 0.074635
v -0.104740 0.382783 0.075878
v -0.102122 0.383576 0.077015
v -0.104722 0.382681 0.075913
v -0.107268 0.381479 0.074918
v -0.109713 0.379699 0.074122
v -0.112028 0.377178 0.073581
v -0.114209 0.373891 0.073305
v -0.116277 0.369964 0.073249
v -0.118280 0.365664 0.073322
v -0.120281 0.361353 0.073399
v -0.122352 0.357437 0.073340
v -0.124558 0.354295 0.073013
v -0.126951 0.352222 0.072318
v -0.129560 0.351379 0.071199
v -0.132385 0.351765 0.069656
v -0.135397 0.353220 0.067744
v -0.138544 0.355450 0.065564
v -0.141761 0.358074 0.063249
v -0.144976 0.360687 0.060938
v -0.148126 0.362928 0.058755
v -0.151163 0.364529 0.056793
v -0.154066 0.365363 0.055095
v -0.156839 0.365455 0.053653
v -0.159511 0.364971 0.052410
f 1169 1170 1171
f 1169 1171 1170
f 1169 1171 1172
f 1169 1172 1171
f 1169 1172 1173
f 1169 1173 1172
f 1169 1173 1174
f 1169 1174 1173
f 1169 1174 1175
f 1169 1175 1174
f 1169 1175 1176
f 1169 1176 1175
f 1169 1176 1177
f 1169 1177 1176
f 1169 1177 1178
f 1169 1178 1177
f 1169 1178 1179
f 1169 1179 1178
f 1169 1179 1180
f 1169 1180 1179
f 1169 1180 1181
f 1169 1181 1180
f 1169 1181 1182
f 1169 1182 1181
f 1169 1182 1183
f 1169 1183 1182
f 1169 1183 1184
f 1169 1184 1183
f 1169 1184 1185
f 1169 1185 1184
f 1169 1185 1186
f 1169 1186 1185
f 1169 1186 1187
f 1169 1187 1186
f 1169 1187 1188
f 1169 1188 1187
f 1169 1188 1189
f 1169 1189 1188
f 1169 1189 1190
f 1169 1190 1189
f 1169 1190 1191
f 1169 1191 1190
f 1169 1191 1192
f 1169 1192 1191
f 1169 1192 1193
f 1169 1193 1192
f 1169 1193 1194
f 1169 1194 1193
f 1169 1194 1195
f 1169 1195 1194
f 1169 1195 1196
f 1169 1196 1195
f 1169 1196 1197
f 1169 1197 1196
f 1169 1197 1198
f 1169 1198 1197
f 1169 1198 1199
f 1169 1199 1198
f 1169 1199 1200
f 1169 1200 1199
f 1169 1200 1201
f 1169 1201 1200
f 1169 1201 1202
f 1169 1202 1201
f 1169 1202 1203
f 1169 1203 1202
f 1169 1203 1204
f 1169 1204 1203
f 1169 1204 1205
f 1169 1205 1204
f 1169 1205 1206
f 1169 1206 1205
f 1169 1206 1207
f 1169 1207 1206
f 1169 1207 1208
f 1169 1208 1207
f 1169 1208 1209
f 1169 1209 1208
f 1169 1209 1210
f 1169 1210 1209
f 1169 1210 1211
f 1169 1211 1210
f 1169 1211 1212
f 1169 1212 1211
f 1169 1212 1213
f 1169 1213 1212
f 1169 1213 1214
f 1169 1214 1213
v -0.162129 0.364179 0.051273
v -0.162908 0.363089 0.049062
v -0.163596 0.361466 0.047032
v -0.164177 0.359218 0.045215
v -0.164656 0.356375 0.043601
v -0.165054 0.353052 0.042151
v -0.165400 0.349432 0.040802
v -0.165734 0.345740 0.039478
v -0.166098 0.342219 0.038095
v -0.166531 0.339105 0.036573
v -0.167068 0.336600 0.034844
v -0.167734 0.334853 0.032857
v -0.168544 0.333940 0.030585
v -0.169496 0.333863 0.028029
v -0.170577 0.334542 0.025215
v -0.171763 0.335831 0.022193
v -0.173018 0.337527 0.019032
v -0.174302 0.339394 0.015813
v -0.175575 0.341190 0.012618
v -0.176796 0.342687 0.009525
v -0.177935 0.343706 0.006595
v -0.178973 0.344128 0.003869
v -0.179903 0.343926 0.001355
v -0.180743 0.343191 -0.000977
v -0.179964 0.344282 0.001234
v -0.179276 0.345905 0.003263
v -0.178695 0.348152 0.005080
v -0.178216 0.350995 0.006694
v -0.177818 0.354318 0.008144
v -0.177472 0.357939 0.009493
v -0.177138 0.361631 0.010818
v -0.176774 0.365152 0.012201
v -0.176341 0.368266 0.013722
v -0.175804 0.370770 0.015451
v -0.175138 0.372518 0.017439
v -0.174328 0.373430 0.019710
v -0.173376 0.373508 0.022267
v -0.172295 0.372828 0.025081
v -0.171109 0.371539 0.028103
v -0.169854 0.369844 0.031263
v -0.168570 0.367976 0.034483
v -0.167297 0.366181 0.037677
v -0.166076 0.364683 0.040770
v -0.164937 0.363665 0.043700
v -0.163899 0.363242 0.046427
v -0.162969 0.363444 0.048941
f 1215 1216 1217
f 1215 1217 1216
f 1215 1217 1218
f 1215 1218 1217
f 1215 1218 1219
f 1215 1219 1218
f 1215 1219 1220
f 1215 1220 1219
f 1215 1220 1221
f 1215 1221 1220
f 1215 1221 1222
f 1215 1222 1221
f 1215 1222 1223
f 1215 1223 1222
f 1215 1223 1224
f 1215 1224 1223
f 1215 1224 1225
f 1215 1225 1224
f 1215 1225 1226
f 1215 1226 1225
f 1215 1226 1227
f 1215 1227 1226
f 1215 1227 1228
f 1215 1228 1227
f 1215 1228 1229
f 1215 1229 1228
f 1215 1229 1230
f 1215 1230 1229
f 1215 1230 1231
f 1215 1231 1230
f 1215 1231 1232
f 1215 1232 1231
f 1215 1232 1233
f 1215 1233 1232
f 1215 1233 1234
f 1215 1234 1233
f 1215 1234 1235
f 1215 1235 1234
f 1215 1235 1236
f 1215 1236 1235
f 1215 1236 1237
f 1215 1237 1236
f 1215 1237 1238
f 1215 1238 1237
f 1215 1238 1239
f 1215 1239 1238
f 1215 1239 1240
f 1215 1240 1239
f 1215 1240 1241
f 1215 1241 1240
f 1215 1241 1242
f 1215 1242 1241
f 1215 1242 1243
f 1215 1243 1242
f 1215 1243 1244
f 1215 1244 1243
f 1215 1244 1245
f 1215 1245 1244
f 1215 1245 1246
f 1215 1246 1245
f 1215 1246 1247
f 1215 1247 1246
f 1215 1247 1248
f 1215 1248 1247
f 1215 1248 1249
f 1215 1249 1248
f 1215 1249 1250
f 1215 1250 1249
f 1215 1250 1251
f 1215 1251 1250
f 1215 1251 1252
f 1215 1252 1251
f 1215 1252 1253
f 1215 1253 1252
f 1215 1253 1254
f 1215 1254 1253
f 1215 1254 1255
f 1215 1255 1254
f 1215 1255 1256
f 1215 1256 1255
f 1215 1256 1257
f 1215 1257 1256
f 1215 1257 1258
f 1215 1258 1257
f 1215 1258 1259
f 1215 1259 1258
f 1215 1259 1260
f 1215 1260 1259
v -0.159682 0.364179 0.054780
v -0.160972 0.366592 0.054960
v -0.162838 0.367943 0.053423
v -0.164391 0.367943 0.051196
v -0.165190 0.366592 0.048915
v -0.164576 0.364179 0.047766
v -0.163286 0.361766 0.047586
v -0.161420 0.360415 0.049123
v -0.159867 0.360415 0.051350
v -0.159068 0.361766 0.053631
v -0.181145 0.352046 0.068087
v -0.182022 0.353687 0.068209
v -0.183291 0.354606 0.067164
v -0.184347 0.354606 0.065650
v -0.184891 0.353687 0.064098
v -0.184473 0.352046 0.063317
v -0.183596 0.350405 0.063195
v -0.182327 0.349486 0.064240
v -0.181271 0.349486 0.065754
v -0.180727 0.350405 0.067306
f 1261 1262 1272
f 1261 1272 1271
f 1262 1263 1273
f 1262 1273 1272
f 1263 1264 1274
f 1263 1274 1273
f 1264 1265 1275
f 1264 1275 1274
f 1265 1266 1276
f 1265 1276 1275
f 1266 1267 1277
f 1266 1277 1276
f 1267 1268 1278
f 1267 1278 1277
f 1268 1269 1279
f 1268 1279 1278
f 1269 1270 1280
f 1269 1280 1279
f 1270 1261 1271
f 1270 1271 1280
v -0.182809 0.352046 0.065702
v -0.181069 0.352568 0.066853
v -0.179507 0.353572 0.068154
v -0.178131 0.355080 0.069612
v -0.176921 0.357035 0.071208
v -0.175836 0.359326 0.072909
v -0.174819 0.361805 0.074668
v -0.173809 0.364300 0.076432
v -0.172738 0.366631 0.078146
v -0.171545 0.368633 0.079757
v -0.170178 0.370164 0.081221
v -0.168599 0.371121 0.082508
v -0.166788 0.371452 0.083600
v -0.164745 0.371156 0.084497
v -0.162490 0.370288 0.085217
v -0.160061 0.368948 0.085790
v -0.157509 0.367278 0.086260
v -0.154898 0.365445 0.086680
v -0.152292 0.363628 0.087105
v -0.149756 0.361998 0.087588
v -0.147344 0.360705 0.088175
v -0.145097 0.359859 0.088902
v -0.143037 0.359517 0.089785
v -0.141155 0.359656 0.090817
v -0.142896 0.359134 0.089666
v -0.144457 0.358129 0.088364
v -0.145833 0.356622 0.086907
v -0.147043 0.354667 0.085311
v -0.148129 0.352375 0.083610
v -0.149145 0.349896 0.081850
v -0.150156 0.347402 0.080086
v -0.151226 0.345070 0.078373
v -0.152419 0.343069 0.076762
v -0.153786 0.341538 0.075297
v -0.155366 0.340581 0.074011
v -0.157177 0.340250 0.072919
v -0.159219 0.340545 0.072022
v -0.161474 0.341414 0.071302
v -0.163904 0.342754 0.070729
v -0.166455 0.344424 0.070259
v -0.169066 0.346257 0.069839
v -0.171672 0.348074 0.069414
v -0.174209 0.349704 0.068931
v -0.176620 0.350997 0.068344
v -0.178867 0.351843 0.067617
v -0.180927 0.352185 0.066734
f 1281 1282 1283
f 1281 1283 1282
f 1281 1283 1284
f 1281 1284 1283
f 1281 1284 1285
f 1281 1285 1284
f 1281 1285 1286
f 1281 1286 1285
f 1281 1286 1287
f 1281 1287 1286
f 1281 1287 1288
f 1281 1288 1287
f 1281 1288 1289
f 1281 1289 1288
f 1281 1289 1290
f 1281 1290 1289
f 1281 1290 1291
f 1281 1291 1290
f 1281 1291 1292
f 1281 1292 1291
f 1281 1292 1293
f 1281 1293 1292
f 1281 1293 1294
f 1281 1294 1293
f 1281 1294 1295
f 1281 1295 1294
f 1281 1295 1296
f 1281 1296 1295
f 1281 1296 1297
f 1281 1297 1296
f 1281 1297 1298
f 1281 1298 1297
f 1281 1298 1299
f 1281 1299 1298
f 1281 1299 1300
f 1281 1300 1299
f 1281 1300 1301
f 1281 1301 1300
f 1281 1301 1302
f 1281 1302 1301
f 1281 1302 1303
f 1281 1303 1302
f 1281 1303 1304
f 1281 1304 1303
f 1281 1304 1305
f 1281 1305 1304
f 1281 1305 1306
f 1281 1306 1305
f 1281 1306 1307
f 1281 1307 1306
f 1281 1307 1308
f 1281 1308 1307
f 1281 1308 1309
f 1281 1309 1308
f 1281 1309 1310
f 1281 1310 1309
f 1281 1310 1311
f 1281 1311 1310
f 1281 1311 1312
f 1281 1312 1311
f 1281 1312 1313
f 1281 1313 1312
f 1281 1313 1314
f 1281 1314 1313
f 1281 1314 1315
f 1281 1315 1314
f 1281 1315 1316
f 1281 1316 1315
f 1281 1316 1317
f 1281 1317 1316
f 1281 1317 1318
f 1281 1318 1317
f 1281 1318 1319
f 1281 1319 1318
f 1281 1319 1320
f 1281 1320 1319
f 1281 1320 1321
f 1281 1321 1320
f 1281 1321 1322
f 1281 1322 1321
f 1281 1322 1323
f 1281 1323 1322
f 1281 1323 1324
f 1281 1324 1323
f 1281 1324 1325
f 1281 1325 1324
f 1281 1325 1326
f 1281 1326 1325
v -0.182809 0.352046 0.065702
v -0.183290 0.352667 0.063287
v -0.183616 0.352765 0.060656
v -0.183767 0.352276 0.057782
v -0.183755 0.351241 0.054681
v -0.183616 0.349778 0.051404
v -0.183400 0.348060 0.048020
v -0.183170 0.346292 0.044617
v -0.182992 0.344697 0.041284
v -0.182927 0.343486 0.038111
v -0.183031 0.342837 0.035170
v -0.183340 0.342882 0.032517
v -0.183877 0.343690 0.030180
v -0.184642 0.345260 0.028158
v -0.185612 0.347525 0.026424
v -0.186751 0.350353 0.024923
v -0.188004 0.353563 0.023581
v -0.189307 0.356946 0.022310
v -0.190597 0.360281 0.021018
v -0.191810 0.363360 0.019621
v -0.192896 0.366010 0.018047
v -0.193819 0.368115 0.016247
v -0.194568 0.369633 0.014203
v -0.195160 0.370627 0.011943
v -0.194679 0.370006 0.014358
v -0.194353 0.369907 0.016989
v -0.194202 0.370397 0.019863
v -0.194214 0.371431 0.022964
v -0.194353 0.372894 0.026241
v -0.194569 0.374613 0.029625
v -0.194799 0.376380 0.033028
v -0.194977 0.377975 0.036361
v -0.195042 0.379187 0.039534
v -0.194939 0.379836 0.042475
v -0.194629 0.379791 0.045128
v -0.194092 0.378983 0.047465
v -0.193328 0.377412 0.049487
v -0.192357 0.375148 0.051221
v -0.191218 0.372320 0.052722
v -0.189966 0.369110 0.054064
v -0.188662 0.365727 0.055336
v -0.187372 0.362392 0.056627
v -0.186159 0.359313 0.058024
v -0.185073 0.356663 0.059598
v -0.184150 0.354558 0.061398
v -0.183401 0.353040 0.063442
f 1327 1328 1329
f 1327 1329 1328
f 1327 1329 1330
f 1327 1330 1329
f 1327 1330 1331
f 1327 1331 1330
f 1327 1331 1332
f 1327 1332 1331
f 1327 1332 1333
f 1327 1333 1332
f 1327 1333 1334
f 1327 1334 1333
f 1327 1334 1335
f 1327 1335 1334
f 1327 1335 1336
f 1327 1336 1335
f 1327 1336 1337
f 1327 1337 1336
f 1327 1337 1338
f 1327 1338 1337
f 1327 1338 1339
f 1327 1339 1338
f 1327 1339 1340
f 1327 1340 1339
f 1327 1340 1341
f 1327 1341 1340
f 1327 1341 1342
f 1327 1342 1341
f 1327 1342 1343
f 1327 1343 1342
f 1327 1343 1344
f 1327 1344 1343
f 1327 1344 1345
f 1327 1345 1344
f 1327 1345 1346
f 1327 1346 1345
f 1327 1346 1347
f 1327 1347 1346
f 1327 1347 1348
f 1327 1348 1347
f 1327 1348 1349
f 1327 1349 1348
f 1327 1349 1350
f 1327 1350 1349
f 1327 1350 1351
f 1327 1351 1350
f 1327 1351 1352
f 1327 1352 1351
f 1327 1352 1353
f 1327 1353 1352
f 1327 1353 1354
f 1327 1354 1353
f 1327 1354 1355
f 1327 1355 1354
f 1327 1355 1356
f 1327 1356 1355
f 1327 1356 1357
f 1327 1357 1356
f 1327 1357 1358
f 1327 1358 1357
f 1327 1358 1359
f 1327 1359 1358
f 1327 1359 1360
f 1327 1360 1359
f 1327 1360 1361
f 1327 1361 1360
f 1327 1361 1362
f 1327 1362 1361
f 1327 1362 1363
f 1327 1363 1362
f 1327 1363 1364
f 1327 1364 1363
f 1327 1364 1365
f 1327 1365 1364
f 1327 1365 1366
f 1327 1366 1365
f 1327 1366 1367
f 1327 1367 1366
f 1327 1367 1368
f 1327 1368 1367
f 1327 1368 1369
f 1327 1369 1368
f 1327 1369 1370
f 1327 1370 1369
f 1327 1370 1371
f 1327 1371 1370
f 1327 1371 1372
f 1327 1372 1371
v -0.157884 0.364179 0.050756
v -0.158636 0.366478 0.049465
v -0.161040 0.367766 0.048983
v -0.163735 0.367766 0.049311
v -0.165954 0.366478 0.050355
v -0.166374 0.364179 0.051789
v -0.165622 0.361880 0.053081
v -0.163218 0.360592 0.053563
v -0.160523 0.360592 0.053235
v -0.158304 0.361880 0.052190
v -0.156623 0.377127 0.072451
v -0.157134 0.378691 0.071573
v -0.158769 0.379566 0.071246
v -0.160602 0.379566 0.071469
v -0.162110 0.378691 0.072179
v -0.162396 0.377127 0.073154
v -0.161885 0.375564 0.074032
v -0.160250 0.374688 0.074360
v -0.158417 0.374688 0.074137
v -0.156909 0.375564 0.073427
f 1373 1374 1384
f 1373 1384 1383
f 1374 1375 1385
f 1374 1385 1384
f 1375 1376 1386
f 1375 1386 1385
f 1376 1377 1387
f 1376 1387 1386
f 1377 1378 1388
f 1377 1388 1387
f 1378 1379 1389
f 1378 1389 1388
f 1379 1380 1390
f 1379 1390 1389
f 1380 1381 1391
f 1380 1391 1390
f 1381 1382 1392
f 1381 1392 1391
f 1382 1373 1383
f 1382 1383 1392
v -0.159509 0.377127 0.072803
v -0.157093 0.376479 0.072141
v -0.154649 0.376059 0.071339
v -0.152153 0.376081 0.070265
v -0.149586 0.376690 0.068829
v -0.146945 0.377917 0.067012
v -0.144241 0.379671 0.064871
v -0.141498 0.381745 0.062533
v -0.138753 0.383844 0.060180
v -0.136044 0.385639 0.058013
v -0.133409 0.386815 0.056228
v -0.130877 0.387128 0.054974
v -0.128465 0.386445 0.054334
v -0.126172 0.384766 0.054308
v -0.123983 0.382223 0.054814
v -0.121867 0.379062 0.055700
v -0.119788 0.375597 0.056774
v -0.117706 0.372157 0.057832
v -0.115586 0.369037 0.058693
v -0.113403 0.366444 0.059230
v -0.111145 0.364469 0.059386
v -0.108817 0.363080 0.059180
v -0.106436 0.362135 0.058702
v -0.104029 0.361416 0.058084
v -0.106445 0.362064 0.058746
v -0.108889 0.362484 0.059547
v -0.111385 0.362462 0.060622
v -0.113952 0.361853 0.062057
v -0.116593 0.360626 0.063874
v -0.119297 0.358872 0.066015
v -0.122040 0.356799 0.068353
v -0.124785 0.354699 0.070707
v -0.127494 0.352905 0.072873
v -0.130129 0.351728 0.074658
v -0.132661 0.351415 0.075912
v -0.135073 0.352098 0.076552
v -0.137366 0.353778 0.076578
v -0.139555 0.356320 0.076073
v -0.141671 0.359481 0.075187
v -0.143750 0.362947 0.074113
v -0.145832 0.366386 0.073055
v -0.147952 0.369506 0.072193
v -0.150135 0.372100 0.071657
v -0.152393 0.374074 0.071501
v -0.154721 0.375463 0.071706
v -0.157101 0.376409 0.072185
f 1393 1394 1395
f 1393 1395 1394
f 1393 1395 1396
f 1393 1396 1395
f 1393 1396 1397
f 1393 1397 1396
f 1393 1397 1398
f 1393 1398 1397
f 1393 1398 1399
f 1393 1399 1398
f 1393 1399 1400
f 1393 1400 1399
f 1393 1400 1401
f 1393 1401 1400
f 1393 1401 1402
f 1393 1402 1401
f 1393 1402 1403
f 1393 1403 1402
f 1393 1403 1404
f 1393 1404 1403
f 1393 1404 1405
f 1393 1405 1404
f 1393 1405 1406
f 1393 1406 1405
f 1393 1406 1407
f 1393 1407 1406
f 1393 1407 1408
f 1393 1408 1407
f 1393 1408 1409
f 1393 1409 1408
f 1393 1409 1410
f 1393 1410 1409
f 1393 1410 1411
f 1393 1411 1410
f 1393 1411 1412
f 1393 1412 1411
f 1393 1412 1413
f 1393 1413 1412
f 1393 1413 1414
f 1393 1414 1413
f 1393 1414 1415
f 1393 1415 1414
f 1393 1415 1416
f 1393 1416 1415
f 1393 1416 1417
f 1393 1417 1416
f 1393 1417 1418
f 1393 1418 1417
f 1393 1418 1419
f 1393 1419 1418
f 1393 1419 1420
f 1393 1420 1419
f 1393 1420 1421
f 1393 1421 1420
f 1393 1421 1422
f 1393 1422 1421
f 1393 1422 1423
f 1393 1423 1422
f 1393 1423 1424
f 1393 1424 1423
f 1393 1424 1425
f 1393 1425 1424
f 1393 1425 1426
f 1393 1426 1425
f 1393 1426 1427
f 1393 1427 1426
f 1393 1427 1428
f 1393 1428 1427
f 1393 1428 1429
f 1393 1429 1428
f 1393 1429 1430
f 1393 1430 1429
f 1393 1430 1431
f 1393 1431 1430
f 1393 1431 1432
f 1393 1432 1431
f 1393 1432 1433
f 1393 1433 1432
f 1393 1433 1434
f 1393 1434 1433
f 1393 1434 1435
f 1393 1435 1434
f 1393 1435 1436
f 1393 1436 1435
f 1393 1436 1437
f 1393 1437 1436
f 1393 1437 1438
f 1393 1438 1437
v -0.159509 0.377127 0.072803
v -0.162214 0.376768 0.072650
v -0.164900 0.376162 0.072645
v -0.167547 0.375077 0.072922
v -0.170144 0.373364 0.073571
v -0.172689 0.370992 0.074610
v -0.175189 0.368060 0.075980
v -0.177662 0.364794 0.077549
v -0.180133 0.361503 0.079131
v -0.182631 0.358541 0.080519
v -0.185181 0.356241 0.081516
v -0.187805 0.354860 0.081969
v -0.190513 0.354540 0.081793
v -0.193306 0.355282 0.080990
v -0.196172 0.356943 0.079642
v -0.199091 0.359266 0.077904
v -0.202036 0.361917 0.075971
v -0.204979 0.364544 0.074051
v -0.207895 0.366836 0.072330
v -0.210767 0.368570 0.070940
v -0.213586 0.369643 0.069941
v -0.216355 0.370088 0.069313
v -0.219086 0.370056 0.068968
v -0.221798 0.369775 0.068769
v -0.219093 0.370134 0.068921
v -0.216407 0.370740 0.068927
v -0.213760 0.371825 0.068650
v -0.211163 0.373538 0.068001
v -0.208618 0.375910 0.066961
v -0.206118 0.378842 0.065591
v -0.203645 0.382109 0.064023
v -0.201174 0.385399 0.062441
v -0.198676 0.388361 0.061052
v -0.196126 0.390662 0.060056
v -0.193502 0.392043 0.059603
v -0.190794 0.392362 0.059778
v -0.188001 0.391621 0.060582
v -0.185135 0.389959 0.061929
v -0.182217 0.387636 0.063668
v -0.179272 0.384986 0.065601
v -0.176328 0.382358 0.067520
v -0.173412 0.380066 0.069241
v -0.170540 0.378333 0.070631
v -0.167721 0.377259 0.071631
v -0.164952 0.376814 0.072259
v -0.162221 0.376847 0.072604
f 1439 1440 1441
f 1439 1441 1440
f 1439 1441 1442
f 1439 1442 1441
f 1439 1442 1443
f 1439 1443 1442
f 1439 1443 1444
f 1439 1444 1443
f 1439 1444 1445
f 1439 1445 1444
f 1439 1445 1446
f 1439 1446 1445
f 1439 1446 1447
f 1439 1447 1446
f 1439 1447 1448
f 1439 1448 1447
f 1439 1448 1449
f 1439 1449 1448
f 1439 1449 1450
f 1439 1450 1449
f 1439 1450 1451
f 1439 1451 1450
f 1439 1451 1452
f 1439 1452 1451
f 1439 1452 1453
f 1439 1453 1452
f 1439 1453 1454
f 1439 1454 1453
f 1439 1454 1455
f 1439 1455 1454
f 1439 1455 1456
f 1439 1456 1455
f 1439 1456 1457
f 1439 1457 1456
f 1439 1457 1458
f 1439 1458 1457
f 1439 1458 1459
f 1439 1459 1458
f 1439 1459 1460
f 1439 1460 1459
f 1439 1460 1461
f 1439 1461 1460
f 1439 1461 1462
f 1439 1462 1461
f 1439 1462 1463
f 1439 1463 1462
f 1439 1463 1464
f 1439 1464 1463
f 1439 1464 1465
f 1439 1465 1464
f 1439 1465 1466
f 1439 1466 1465
f 1439 1466 1467
f 1439 1467 1466
f 1439 1467 1468
f 1439 1468 1467
f 1439 1468 1469
f 1439 1469 1468
f 1439 1469 1470
f 1439 1470 1469
f 1439 1470 1471
f 1439 1471 1470
f 1439 1471 1472
f 1439 1472 1471
f 1439 1472 1473
f 1439 1473 1472
f 1439 1473 1474
f 1439 1474 1473
f 1439 1474 1475
f 1439 1475 1474
f 1439 1475 1476
f 1439 1476 1475
f 1439 1476 1477
f 1439 1477 1476
f 1439 1477 1478
f 1439 1478 1477
f 1439 1478 1479
f 1439 1479 1478
f 1439 1479 1480
f 1439 1480 1479
f 1439 1480 1481
f 1439 1481 1480
f 1439 1481 1482
f 1439 1482 1481
f 1439 1482 1483
f 1439 1483 1482
f 1439 1483 1484
f 1439 1484 1483
v -0.162140 0.364179 0.055549
v -0.160689 0.366431 0.054962
v -0.159872 0.367692 0.052636
v -0.159864 0.367692 0.049921
v -0.160670 0.366431 0.047591
v -0.162118 0.364179 0.046997
v -0.163569 0.361927 0.047583
v -0.164386 0.360666 0.049910
v -0.164394 0.360666 0.052624
v -0.163588 0.361927 0.054955
v -0.183176 0.377721 0.054126
v -0.182190 0.379253 0.053727
v -0.181633 0.380110 0.052145
v -0.181629 0.380110 0.050299
v -0.182176 0.379253 0.048714
v -0.183161 0.377721 0.048310
v -0.184148 0.376190 0.048709
v -0.184704 0.375333 0.050291
v -0.184708 0.375333 0.052137
v -0.184161 0.376190 0.053722
f 1485 1486 1496
f 1485 1496 1495
f 1486 1487 1497
f 1486 1497 1496
f 1487 1488 1498
f 1487 1498 1497
f 1488 1489 1499
f 1488 1499 1498
f 1489 1490 1500
f 1489 1500 1499
f 1490 1491 1501
f 1490 1501 1500
f 1491 1492 1502
f 1491 1502 1501
f 1492 1493 1503
f 1492 1503 1502
f 1493 1494 1504
f 1493 1504 1503
f 1494 1485 1495
f 1494 1495 1504
v -0.183169 0.377721 0.051218
v -0.182021 0.378140 0.053773
v -0.180475 0.379177 0.056149
v -0.178545 0.380810 0.058353
v -0.176291 0.382946 0.060411
v -0.173805 0.385440 0.062367
v -0.171203 0.388116 0.064269
v -0.168611 0.390776 0.066177
v -0.166156 0.393224 0.068145
v -0.163955 0.395277 0.070228
v -0.162107 0.396783 0.072469
v -0.160681 0.397633 0.074899
v -0.159715 0.397771 0.077534
v -0.159207 0.397197 0.080375
v -0.159121 0.395967 0.083406
v -0.159388 0.394191 0.086595
v -0.159910 0.392019 0.089897
v -0.160568 0.389635 0.093261
v -0.161237 0.387236 0.096630
v -0.161788 0.385017 0.099946
v -0.162109 0.383158 0.103158
v -0.162105 0.381801 0.106226
v -0.161718 0.381040 0.109121
v -0.160932 0.380898 0.111838
v -0.162079 0.380479 0.109283
v -0.163625 0.379442 0.106907
v -0.165556 0.377809 0.104703
v -0.167810 0.375674 0.102644
v -0.170295 0.373179 0.100689
v -0.172897 0.370504 0.098786
v -0.175489 0.367843 0.096879
v -0.177944 0.365395 0.094910
v -0.180145 0.363343 0.092828
v -0.181993 0.361837 0.090587
v -0.183419 0.360986 0.088157
v -0.184386 0.360848 0.085521
v -0.184894 0.361422 0.082680
v -0.184979 0.362652 0.079649
v -0.184712 0.364429 0.076461
v -0.184190 0.366600 0.073158
v -0.183532 0.368984 0.069794
v -0.182864 0.371384 0.066426
v -0.182312 0.373602 0.063110
v -0.181992 0.375461 0.059897
v -0.181995 0.376818 0.056830
v -0.182382 0.377579 0.053935
f 1505 1506 1507
f 1505 1507 1506
f 1505 1507 1508
f 1505 1508 1507
f 1505 1508 1509
f 1505 1509 1508
f 1505 1509 1510
f 1505 1510 1509
f 1505 1510 1511
f 1505 1511 1510
f 1505 1511 1512
f 1505 1512 1511
f 1505 1512 1513
f 1505 1513 1512
f 1505 1513 1514
f 1505 1514 1513
f 1505 1514 1515
f 1505 1515 1514
f 1505 1515 1516
f 1505 1516 1515
f 1505 1516 1517
f 1505 1517 1516
f 1505 1517 1518
f 1505 1518 1517
f 1505 1518 1519
f 1505 1519 1518
f 1505 1519 1520
f 1505 1520 1519
f 1505 1520 1521
f 1505 1521 1520
f 1505 1521 1522
f 1505 1522 1521
f 1505 1522 1523
f 1505 1523 1522
f 1505 1523 1524
f 1505 1524 1523
f 1505 1524 1525
f 1505 1525 1524
f 1505 1525 1526
f 1505 1526 1525
f 1505 1526 1527
f 1505 1527 1526
f 1505 1527 1528
f 1505 1528 1527
f 1505 1528 1529
f 1505 1529 1528
f 1505 1529 1530
f 1505 1530 1529
f 1505 1530 1531
f 1505 1531 1530
f 1505 1531 1532
f 1505 1532 1531
f 1505 1532 1533
f 1505 1533 1532
f 1505 1533 1534
f 1505 1534 1533
f 1505 1534 1535
f 1505 1535 1534
f 1505 1535 1536
f 1505 1536 1535
f 1505 1536 1537
f 1505 1537 1536
f 1505 1537 1538
f 1505 1538 1537
f 1505 1538 1539
f 1505 1539 1538
f 1505 1539 1540
f 1505 1540 1539
f 1505 1540 1541
f 1505 1541 1540
f 1505 1541 1542
f 1505 1542 1541
f 1505 1542 1543
f 1505 1543 1542
f 1505 1543 1544
f 1505 1544 1543
f 1505 1544 1545
f 1505 1545 1544
f 1505 1545 1546
f 1505 1546 1545
f 1505 1546 1547
f 1505 1547 1546
f 1505 1547 1548
f 1505 1548 1547
f 1505 1548 1549
f 1505 1549 1548
f 1505 1549 1550
f 1505 1550 1549
v -0.183169 0.377721 0.051218
v -0.181918 0.377477 0.049498
v -0.180754 0.377097 0.047731
v -0.179788 0.376411 0.045861
v -0.179110 0.375275 0.043838
v -0.178761 0.373627 0.041640
v -0.178715 0.371510 0.039283
v -0.178873 0.369074 0.036818
v -0.179079 0.366563 0.034327
v -0.179149 0.364264 0.031909
v -0.178898 0.362464 0.029659
v -0.178183 0.361387 0.027656
v -0.176922 0.361159 0.025942
v -0.175115 0.361780 0.024516
v -0.172842 0.363125 0.023336
v -0.170250 0.364968 0.022325
v -0.167521 0.367024 0.021387
v -0.164841 0.369003 0.020422
v -0.162364 0.370666 0.019350
v -0.160190 0.371858 0.018119
v -0.158346 0.372538 0.016712
v -0.156790 0.372768 0.015154
v -0.155431 0.372692 0.013491
v -0.154159 0.372481 0.011782
v -0.155409 0.372726 0.013502
v -0.156573 0.373105 0.015268
v -0.157540 0.373792 0.017139
v -0.158218 0.374927 0.019162
v -0.158566 0.376575 0.021359
v -0.158612 0.378693 0.023716
v -0.158455 0.381128 0.026182
v -0.158248 0.383640 0.028672
v -0.158179 0.385938 0.031091
v -0.158429 0.387739 0.033340
v -0.159144 0.388816 0.035344
v -0.160406 0.389044 0.037058
v -0.162213 0.388422 0.038484
v -0.164485 0.387077 0.039664
v -0.167077 0.385235 0.040675
v -0.169806 0.383179 0.041613
v -0.172487 0.381199 0.042577
v -0.174963 0.379537 0.043649
v -0.177137 0.378345 0.044881
v -0.178982 0.377665 0.046287
v -0.180538 0.377434 0.047846
v -0.181896 0.377510 0.049509
f 1551 1552 1553
f 1551 1553 1552
f 1551 1553 1554
f 1551 1554 1553
f 1551 1554 1555
f 1551 1555 1554
f 1551 1555 1556
f 1551 1556 1555
f 1551 1556 1557
f 1551 1557 1556
f 1551 1557 1558
f 1551 1558 1557
f 1551 1558 1559
f 1551 1559 1558
f 1551 1559 1560
f 1551 1560 1559
f 1551 1560 1561
f 1551 1561 1560
f 1551 1561 1562
f 1551 1562 1561
f 1551 1562 1563
f 1551 1563 1562
f 1551 1563 1564
f 1551 1564 1563
f 1551 1564 1565
f 1551 1565 1564
f 1551 1565 1566
f 1551 1566 1565
f 1551 1566 1567
f 1551 1567 1566
f 1551 1567 1568
f 1551 1568 1567
f 1551 1568 1569
f 1551 1569 1568
f 1551 1569 1570
f 1551 1570 1569
f 1551 1570 1571
f 1551 1571 1570
f 1551 1571 1572
f 1551 1572 1571
f 1551 1572 1573
f 1551 1573 1572
f 1551 1573 1574
f 1551 1574 1573
f 1551 1574 1575
f 1551 1575 1574
f 1551 1575 1576
f 1551 1576 1575
f 1551 1576 1577
f 1551 1577 1576
f 1551 1577 1578
f 1551 1578 1577
f 1551 1578 1579
f 1551 1579 1578
f 1551 1579 1580
f 1551 1580 1579
f 1551 1580 1581
f 1551 1581 1580
f 1551 1581 1582
f 1551 1582 1581
f 1551 1582 1583
f 1551 1583 1582
f 1551 1583 1584
f 1551 1584 1583
f 1551 1584 1585
f 1551 1585 1584
f 1551 1585 1586
f 1551 1586 1585
f 1551 1586 1587
f 1551 1587 1586
f 1551 1587 1588
f 1551 1588 1587
f 1551 1588 1589
f 1551 1589 1588
f 1551 1589 1590
f 1551 1590 1589
f 1551 1590 1591
f 1551 1591 1590
f 1551 1591 1592
f 1551 1592 1591
f 1551 1592 1593
f 1551 1593 1592
f 1551 1593 1594
f 1551 1594 1593
f 1551 1594 1595
f 1551 1595 1594
f 1551 1595 1596
f 1551 1596 1595
v -0.125057 0.358050 0.012573
v -0.127384 0.361137 0.011425
v -0.130793 0.362866 0.012830
v -0.133656 0.362866 0.015613
v -0.135156 0.361137 0.018982
v -0.134074 0.358050 0.021340
v -0.131747 0.354963 0.022488
v -0.128338 0.353235 0.021083
v -0.125476 0.353235 0.018300
v -0.123975 0.354963 0.014931
v -0.101841 0.386067 0.039337
v -0.103424 0.388167 0.038557
v -0.105742 0.389342 0.039512
v -0.107689 0.389342 0.041405
v -0.108709 0.388167 0.043696
v -0.107973 0.386067 0.045299
v -0.106391 0.383968 0.046080
v -0.104072 0.382793 0.045124
v -0.102126 0.382793 0.043232
v -0.101106 0.383968 0.040941
f 1597 1598 1608
f 1597 1608 1607
f 1598 1599 1609
f 1598 1609 1608
f 1599 1600 1610
f 1599 1610 1609
f 1600 1601 1611
f 1600 1611 1610
f 1601 1602 1612
f 1601 1612 1611
f 1602 1603 1613
f 1602 1613 1612
f 1603 1604 1614
f 1603 1614 1613
f 1604 1605 1615
f 1604 1615 1614
f 1605 1606 1616
f 1605 1616 1615
f 1606 1597 1607
f 1606 1607 1616
v -0.104907 0.386067 0.042318
v -0.103778 0.385418 0.040238
v -0.102797 0.385074 0.037966
v -0.102039 0.385189 0.035403
v -0.101531 0.385815 0.032518
v -0.101251 0.386913 0.029335
v -0.101142 0.388360 0.025931
v -0.101109 0.389965 0.022427
v -0.101044 0.391503 0.018967
v -0.100830 0.392736 0.015698
v -0.100366 0.393453 0.012755
v -0.099572 0.393494 0.010239
v -0.098409 0.392775 0.008203
v -0.096875 0.391295 0.006648
v -0.095012 0.389139 0.005520
v -0.092898 0.386467 0.004718
v -0.090637 0.383491 0.004107
v -0.088342 0.380447 0.003540
v -0.086124 0.377562 0.002872
v -0.084076 0.375025 0.001985
v -0.082258 0.372960 0.000799
v -0.080688 0.371407 -0.000710
v -0.079342 0.370311 -0.002508
v -0.078144 0.369522 -0.004499
v -0.079274 0.370171 -0.002420
v -0.080255 0.370515 -0.000147
v -0.081012 0.370400 0.002416
v -0.081521 0.369774 0.005301
v -0.081800 0.368676 0.008484
v -0.081910 0.367230 0.011888
v -0.081942 0.365624 0.015392
v -0.082008 0.364087 0.018852
v -0.082221 0.362854 0.022121
v -0.082686 0.362137 0.025064
v -0.083479 0.362095 0.027580
v -0.084643 0.362815 0.029615
v -0.086177 0.364295 0.031170
v -0.088039 0.366451 0.032299
v -0.090153 0.369122 0.033101
v -0.092415 0.372098 0.033712
v -0.094710 0.375143 0.034279
v -0.096927 0.378028 0.034947
v -0.098975 0.380564 0.035834
v -0.100794 0.382629 0.037020
v -0.102363 0.384183 0.038529
v -0.103710 0.385278 0.040327
f 1617 1618 1619
f 1617 1619 1618
f 1617 1619 1620
f 1617 1620 1619
f 1617 1620 1621
f 1617 1621 1620
f 1617 1621 1622
f 1617 1622 1621
f 1617 1622 1623
f 1617 1623 1622
f 1617 1623 1624
f 1617 1624 1623
f 1617 1624 1625
f 1617 1625 1624
f 1617 1625 1626
f 1617 1626 1625
f 1617 1626 1627
f 1617 1627 1626
f 1617 1627 1628
f 1617 1628 1627
f 1617 1628 1629
f 1617 1629 1628
f 1617 1629 1630
f 1617 1630 1629
f 1617 1630 1631
f 1617 1631 1630
f 1617 1631 1632
f 1617 1632 1631
f 1617 1632 1633
f 1617 1633 1632
f 1617 1633 1634
f 1617 1634 1633
f 1617 1634 1635
f 1617 1635 1634
f 1617 1635 1636
f 1617 1636 1635
f 1617 1636 1637
f 1617 1637 1636
f 1617 1637 1638
f 1617 1638 1637
f 1617 1638 1639
f 1617 1639 1638
f 1617 1639 1640
f 1617 1640 1639
f 1617 1640 1641
f 1617 1641 1640
f 1617 1641 1642
f 1617 1642 1641
f 1617 1642 1643
f 1617 1643 1642
f 1617 1643 1644
f 1617 1644 1643
f 1617 1644 1645
f 1617 1645 1644
f 1617 1645 1646
f 1617 1646 1645
f 1617 1646 1647
f 1617 1647 1646
f 1617 1647 1648
f 1617 1648 1647
f 1617 1648 1649
f 1617 1649 1648
f 1617 1649 1650
f 1617 1650 1649
f 1617 1650 1651
f 1617 1651 1650
f 1617 1651 1652
f 1617 1652 1651
f 1617 1652 1653
f 1617 1653 1652
f 1617 1653 1654
f 1617 1654 1653
f 1617 1654 1655
f 1617 1655 1654
f 1617 1655 1656
f 1617 1656 1655
f 1617 1656 1657
f 1617 1657 1656
f 1617 1657 1658
f 1617 1658 1657
f 1617 1658 1659
f 1617 1659 1658
f 1617 1659 1660
f 1617 1660 1659
f 1617 1660 1661
f 1617 1661 1660
f 1617 1661 1662
f 1617 1662 1661
v -0.102265 0.386067 0.038956
v -0.102278 0.388708 0.039697
v -0.103520 0.390186 0.041683
v -0.105197 0.390186 0.043817
v -0.106833 0.388708 0.045493
v -0.107550 0.386067 0.045680
v -0.107537 0.383427 0.044939
v -0.106295 0.381949 0.042954
v -0.104618 0.381949 0.040820
v -0.102982 0.383427 0.039144
v -0.082621 0.381649 0.056138
v -0.082630 0.383444 0.056642
v -0.083475 0.384450 0.057992
v -0.084616 0.384450 0.059443
v -0.085728 0.383444 0.060583
v -0.086215 0.381649 0.060710
v -0.086207 0.379853 0.060207
v -0.085362 0.378848 0.058856
v -0.084221 0.378848 0.057405
v -0.083109 0.379853 0.056266
f 1663 1664 1674
f 1663 1674 1673
f 1664 1665 1675
f 1664 1675 1674
f 1665 1666 1676
f 1665 1676 1675
f 1666 1667 1677
f 1666 1677 1676
f 1667 1668 1678
f 1667 1678 1677
f 1668 1669 1679
f 1668 1679 1678
f 1669 1670 1680
f 1669 1680 1679
f 1670 1671 1681
f 1670 1681 1680
f 1671 1672 1682
f 1671 1682 1681
f 1672 1663 1673
f 1672 1673 1682
v -0.084418 0.381649 0.058424
v -0.083189 0.382796 0.055941
v -0.081982 0.384156 0.053543
v -0.080822 0.386002 0.051340
v -0.079734 0.388564 0.049424
v -0.078727 0.391950 0.047838
v -0.077796 0.396093 0.046556
v -0.076916 0.400751 0.045479
v -0.076048 0.405537 0.044455
v -0.075147 0.409985 0.043294
v -0.074167 0.413635 0.041814
v -0.073071 0.416123 0.039868
v -0.071840 0.417244 0.037375
v -0.070473 0.417000 0.034334
v -0.068990 0.415593 0.030827
v -0.067428 0.413388 0.027001
v -0.065832 0.410845 0.023039
v -0.064249 0.408431 0.019129
v -0.062717 0.406531 0.015424
v -0.061261 0.405389 0.012024
v -0.059886 0.405070 0.008953
v -0.058583 0.405467 0.006169
v -0.057328 0.406351 0.003581
v -0.056093 0.407446 0.001077
v -0.057322 0.406299 0.003560
v -0.058530 0.404939 0.005958
v -0.059690 0.403093 0.008161
v -0.060778 0.400531 0.010077
v -0.061785 0.397145 0.011663
v -0.062716 0.393002 0.012945
v -0.063596 0.388344 0.014022
v -0.064463 0.383559 0.015046
v -0.065364 0.379111 0.016207
v -0.066345 0.375460 0.017687
v -0.067440 0.372972 0.019633
v -0.068672 0.371851 0.022126
v -0.070039 0.372095 0.025167
v -0.071522 0.373502 0.028674
v -0.073084 0.375707 0.032500
v -0.074680 0.378250 0.036462
v -0.076263 0.380664 0.040372
v -0.077794 0.382564 0.044077
v -0.079251 0.383706 0.047477
v -0.080626 0.384026 0.050548
v -0.081929 0.383628 0.053332
v -0.083184 0.382744 0.055920
f 1683 1684 1685
f 1683 1685 1684
f 1683 1685 1686
f 1683 1686 1685
f 1683 1686 1687
f 1683 1687 1686
f 1683 1687 1688
f 1683 1688 1687
f 1683 1688 1689
f 1683 1689 1688
f 1683 1689 1690
f 1683 1690 1689
f 1683 1690 1691
f 1683 1691 1690
f 1683 1691 1692
f 1683 1692 1691
f 1683 1692 1693
f 1683 1693 1692
f 1683 1693 1694
f 1683 1694 1693
f 1683 1694 1695
f 1683 1695 1694
f 1683 1695 1696
f 1683 1696 1695
f 1683 1696 1697
f 1683 1697 1696
f 1683 1697 1698
f 1683 1698 1697
f 1683 1698 1699
f 1683 1699 1698
f 1683 1699 1700
f 1683 1700 1699
f 1683 1700 1701
f 1683 1701 1700
f 1683 1701 1702
f 1683 1702 1701
f 1683 1702 1703
f 1683 1703 1702
f 1683 1703 1704
f 1683 1704 1703
f 1683 1704 1705
f 1683 1705 1704
f 1683 1705 1706
f 1683 1706 1705
f 1683 1706 1707
f 1683 1707 1706
f 1683 1707 1708
f 1683 1708 1707
f 1683 1708 1709
f 1683 1709 1708
f 1683 1709 1710
f 1683 1710 1709
f 1683 1710 1711
f 1683 1711 1710
f 1683 1711 1712
f 1683 1712 1711
f 1683 1712 1713
f 1683 1713 1712
f 1683 1713 1714
f 1683 1714 1713
f 1683 1714 1715
f 1683 1715 1714
f 1683 1715 1716
f 1683 1716 1715
f 1683 1716 1717
f 1683 1717 1716
f 1683 1717 1718
f 1683 1718 1717
f 1683 1718 1719
f 1683 1719 1718
f 1683 1719 1720
f 1683 1720 1719
f 1683 1720 1721
f 1683 1721 1720
f 1683 1721 1722
f 1683 1722 1721
f 1683 1722 1723
f 1683 1723 1722
f 1683 1723 1724
f 1683 1724 1723
f 1683 1724 1725
f 1683 1725 1724
f 1683 1725 1726
f 1683 1726 1725
f 1683 1726 1727
f 1683 1727 1726
f 1683 1727 1728
f 1683 1728 1727
v -0.105853 0.386067 0.038148
v -0.107848 0.387623 0.039206
v -0.108524 0.388494 0.041746
v -0.107924 0.388494 0.044394
v -0.106218 0.387623 0.046395
v -0.103962 0.386067 0.046489
v -0.101967 0.384512 0.045431
v -0.101291 0.383641 0.042890
v -0.101891 0.383641 0.040243
v -0.103596 0.384512 0.038242
v -0.092277 0.405141 0.036473
v -0.093633 0.406198 0.037193
v -0.094093 0.406791 0.038920
v -0.093685 0.406791 0.040721
v -0.092525 0.406198 0.042081
v -0.090991 0.405141 0.042145
v -0.089634 0.404083 0.041426
v -0.089175 0.403491 0.039698
v -0.089583 0.403491 0.037898
v -0.090742 0.404083 0.036537
f 1729 1730 1740
f 1729 1740 1739
f 1730 1731 1741
f 1730 1741 1740
f 1731 1732 1742
f 1731 1742 1741
f 1732 1733 1743
f 1732 1743 1742
f 1733 1734 1744
f 1733 1744 1743
f 1734 1735 1745
f 1734 1745 1744
f 1735 1736 1746
f 1735 1746 1745
f 1736 1737 1747
f 1736 1747 1746
f 1737 1738 1748
f 1737 1748 1747
f 1738 1729 1739
f 1738 1739 1748
v -0.091634 0.405141 0.039309
v -0.093106 0.404025 0.037354
v -0.094993 0.403215 0.035496
v -0.097419 0.402799 0.033767
v -0.100393 0.402785 0.032168
v -0.103833 0.403114 0.030680
v -0.107587 0.403672 0.029266
v -0.111449 0.404309 0.027878
v -0.115188 0.404857 0.026460
v -0.118575 0.405146 0.024959
v -0.121409 0.405029 0.023327
v -0.123542 0.404399 0.021528
v -0.124895 0.403196 0.019544
v -0.125468 0.401422 0.017375
v -0.125340 0.399134 0.015039
v -0.124660 0.396440 0.012572
v -0.123627 0.393487 0.010021
v -0.122471 0.390445 0.007442
v -0.121423 0.387482 0.004887
v -0.120689 0.384748 0.002407
v -0.120422 0.382357 0.000038
v -0.120702 0.380368 -0.002200
v -0.121521 0.378774 -0.004311
v -0.122755 0.377484 -0.006324
v -0.121283 0.378600 -0.004368
v -0.119396 0.379411 -0.002511
v -0.116970 0.379826 -0.000781
v -0.113996 0.379840 0.000818
v -0.110556 0.379512 0.002306
v -0.106802 0.378953 0.003720
v -0.102940 0.378316 0.005108
v -0.099201 0.377768 0.006525
v -0.095814 0.377479 0.008026
v -0.092980 0.377596 0.009659
v -0.090847 0.378226 0.011458
v -0.089494 0.379429 0.013442
v -0.088921 0.381203 0.015611
v -0.089049 0.383492 0.017947
v -0.089729 0.386186 0.020414
v -0.090762 0.389138 0.022964
v -0.091918 0.392180 0.025544
v -0.092966 0.395143 0.028099
v -0.093700 0.397877 0.030578
v -0.093967 0.400268 0.032947
v -0.093687 0.402257 0.035186
v -0.092868 0.403851 0.037297
f 1749 1750 1751
f 1749 1751 1750
f 1749 1751 1752
f 1749 1752 1751
f 1749 1752 1753
f 1749 1753 1752
f 1749 1753 1754
f 1749 1754 1753
f 1749 1754 1755
f 1749 1755 1754
f 1749 1755 1756
f 1749 1756 1755
f 1749 1756 1757
f 1749 1757 1756
f 1749 1757 1758
f 1749 1758 1757
f 1749 1758 1759
f 1749 1759 1758
f 1749 1759 1760
f 1749 1760 1759
f 1749 1760 1761
f 1749 1761 1760
f 1749 1761 1762
f 1749 1762 1761
f 1749 1762 1763
f 1749 1763 1762
f 1749 1763 1764
f 1749 1764 1763
f 1749 1764 1765
f 1749 1765 1764
f 1749 1765 1766
f 1749 1766 1765
f 1749 1766 1767
f 1749 1767 1766
f 1749 1767 1768
f 1749 1768 1767
f 1749 1768 1769
f 1749 1769 1768
f 1749 1769 1770
f 1749 1770 1769
f 1749 1770 1771
f 1749 1771 1770
f 1749 1771 1772
f 1749 1772 1771
f 1749 1772 1773
f 1749 1773 1772
f 1749 1773 1774
f 1749 1774 1773
f 1749 1774 1775
f 1749 1775 1774
f 1749 1775 1776
f 1749 1776 1775
f 1749 1776 1777
f 1749 1777 1776
f 1749 1777 1778
f 1749 1778 1777
f 1749 1778 1779
f 1749 1779 1778
f 1749 1779 1780
f 1749 1780 1779
f 1749 1780 1781
f 1749 1781 1780
f 1749 1781 1782
f 1749 1782 1781
f 1749 1782 1783
f 1749 1783 1782
f 1749 1783 1784
f 1749 1784 1783
f 1749 1784 1785
f 1749 1785 1784
f 1749 1785 1786
f 1749 1786 1785
f 1749 1786 1787
f 1749 1787 1786
f 1749 1787 1788
f 1749 1788 1787
f 1749 1788 1789
f 1749 1789 1788
f 1749 1789 1790
f 1749 1790 1789
f 1749 1790 1791
f 1749 1791 1790
f 1749 1791 1792
f 1749 1792 1791
f 1749 1792 1793
f 1749 1793 1792
f 1749 1793 1794
f 1749 1794 1793
v -0.091634 0.405141 0.039309
v -0.092072 0.404690 0.041600
v -0.092338 0.404122 0.043903
v -0.092235 0.403301 0.046233
v -0.091618 0.402128 0.048599
v -0.090431 0.400565 0.051007
v -0.088738 0.398656 0.053451
v -0.086719 0.396524 0.055919
v -0.084642 0.394351 0.058391
v -0.082819 0.392353 0.060845
v -0.081555 0.390737 0.063258
v -0.081088 0.389667 0.065614
v -0.081550 0.389233 0.067903
v -0.082941 0.389435 0.070124
v -0.085130 0.390183 0.072289
v -0.087877 0.391313 0.074413
v -0.090878 0.392618 0.076519
v -0.093822 0.393882 0.078629
v -0.096439 0.394923 0.080762
v -0.098550 0.395618 0.082932
v -0.100092 0.395923 0.085143
v -0.101118 0.395875 0.087391
v -0.101777 0.395576 0.089666
v -0.102263 0.395158 0.091953
v -0.101825 0.395608 0.089662
v -0.101559 0.396177 0.087359
v -0.101661 0.396997 0.085030
v -0.102279 0.398171 0.082663
v -0.103466 0.399734 0.080255
v -0.105159 0.401643 0.077811
v -0.107178 0.403775 0.075343
v -0.109255 0.405948 0.072871
v -0.111078 0.407946 0.070418
v -0.112342 0.409562 0.068005
v -0.112809 0.410632 0.065649
v -0.112347 0.411066 0.063360
v -0.110956 0.410864 0.061138
v -0.108767 0.410116 0.058974
v -0.106020 0.408986 0.056850
v -0.103018 0.407681 0.054744
v -0.100075 0.406417 0.052634
v -0.097458 0.405376 0.050500
v -0.095347 0.404681 0.048330
v -0.093805 0.404376 0.046119
v -0.092778 0.404424 0.043871
v -0.092120 0.404723 0.041597
f 1795 1796 1797
f 1795 1797 1796
f 1795 1797 1798
f 1795 1798 1797
f 1795 1798 1799
f 1795 1799 1798
f 1795 1799 1800
f 1795 1800 1799
f 1795 1800 1801
f 1795 1801 1800
f 1795 1801 1802
f 1795 1802 1801
f 1795 1802 1803
f 1795 1803 1802
f 1795 1803 1804
f 1795 1804 1803
f 1795 1804 1805
f 1795 1805 1804
f 1795 1805 1806
f 1795 1806 1805
f 1795 1806 1807
f 1795 1807 1806
f 1795 1807 1808
f 1795 1808 1807
f 1795 1808 1809
f 1795 1809 1808
f 1795 1809 1810
f 1795 1810 1809
f 1795 1810 1811
f 1795 1811 1810
f 1795 1811 1812
f 1795 1812 1811
f 1795 1812 1813
f 1795 1813 1812
f 1795 1813 1814
f 1795 1814 1813
f 1795 1814 1815
f 1795 1815 1814
f 1795 1815 1816
f 1795 1816 1815
f 1795 1816 1817
f 1795 1817 1816
f 1795 1817 1818
f 1795 1818 1817
f 1795 1818 1819
f 1795 1819 1818
f 1795 1819 1820
f 1795 1820 1819
f 1795 1820 1821
f 1795 1821 1820
f 1795 1821 1822
f 1795 1822 1821
f 1795 1822 1823
f 1795 1823 1822
f 1795 1823 1824
f 1795 1824 1823
f 1795 1824 1825
f 1795 1825 1824
f 1795 1825 1826
f 1795 1826 1825
f 1795 1826 1827
f 1795 1827 1826
f 1795 1827 1828
f 1795 1828 1827
f 1795 1828 1829
f 1795 1829 1828
f 1795 1829 1830
f 1795 1830 1829
f 1795 1830 1831
f 1795 1831 1830
f 1795 1831 1832
f 1795 1832 1831
f 1795 1832 1833
f 1795 1833 1832
f 1795 1833 1834
f 1795 1834 1833
f 1795 1834 1835
f 1795 1835 1834
f 1795 1835 1836
f 1795 1836 1835
f 1795 1836 1837
f 1795 1837 1836
f 1795 1837 1838
f 1795 1838 1837
f 1795 1838 1839
f 1795 1839 1838
f 1795 1839 1840
f 1795 1840 1839
v -0.100643 0.386067 0.042637
v -0.101060 0.387417 0.040286
v -0.103285 0.388172 0.038821
v -0.105992 0.388172 0.038619
v -0.108411 0.387417 0.039737
v -0.109172 0.386067 0.042000
v -0.108755 0.384718 0.044350
v -0.106530 0.383963 0.045816
v -0.103823 0.383963 0.046018
v -0.101404 0.384718 0.044900
v -0.103012 0.409186 0.055983
v -0.103296 0.410104 0.054384
v -0.104809 0.410617 0.053388
v -0.106650 0.410617 0.053250
v -0.108294 0.410104 0.054011
v -0.108812 0.409186 0.055550
v -0.108529 0.408269 0.057148
v -0.107015 0.407755 0.058144
v -0.105174 0.407755 0.058282
v -0.103530 0.408269 0.057521
f 1841 1842 1852
f 1841 1852 1851
f 1842 1843 1853
f 1842 1853 1852
f 1843 1844 1854
f 1843 1854 1853
f 1844 1845 1855
f 1844 1855 1854
f 1845 1846 1856
f 1845 1856 1855
f 1846 1847 1857
f 1846 1857 1856
f 1847 1848 1858
f 1847 1858 1857
f 1848 1849 1859
f 1848 1859 1858
f 1849 1850 1860
f 1849 1860 1859
f 1850 1841 1851
f 1850 1851 1860
v -0.105912 0.409186 0.055766
v -0.104151 0.408593 0.055677
v -0.102340 0.408150 0.055331
v -0.100455 0.407932 0.054606
v -0.098487 0.407961 0.053460
v -0.096445 0.408218 0.051929
v -0.094347 0.408642 0.050116
v -0.092225 0.409141 0.048176
v -0.090114 0.409604 0.046295
v -0.088052 0.409920 0.044665
v -0.086073 0.409985 0.043460
v -0.084202 0.409723 0.042808
v -0.082453 0.409094 0.042778
v -0.080825 0.408098 0.043371
v -0.079305 0.406775 0.044517
v -0.077868 0.405202 0.046087
v -0.076479 0.403480 0.047909
v -0.075103 0.401724 0.049790
v -0.073702 0.400042 0.051543
v -0.072245 0.398527 0.053015
v -0.070714 0.397240 0.054101
v -0.069100 0.396200 0.054767
v -0.067412 0.395385 0.055054
v -0.065674 0.394721 0.055084
v -0.067436 0.395315 0.055173
v -0.069247 0.395757 0.055519
v -0.071132 0.395975 0.056244
v -0.073099 0.395946 0.057390
v -0.075142 0.395689 0.058921
v -0.077239 0.395265 0.060734
v -0.079362 0.394766 0.062674
v -0.081473 0.394303 0.064555
v -0.083534 0.393987 0.066185
v -0.085513 0.393922 0.067390
v -0.087384 0.394184 0.068042
v -0.089134 0.394813 0.068072
v -0.090762 0.395809 0.067479
v -0.092282 0.397132 0.066333
v -0.093719 0.398705 0.064763
v -0.095107 0.400427 0.062941
v -0.096483 0.402183 0.061060
v -0.097885 0.403865 0.059306
v -0.099341 0.405380 0.057835
v -0.100873 0.406667 0.056748
v -0.102487 0.407707 0.056083
v -0.104174 0.408522 0.055796
f 1861 1862 1863
f 1861 1863 1862
f 1861 1863 1864
f 1861 1864 1863
f 1861 1864 1865
f 1861 1865 1864
f 1861 1865 1866
f 1861 1866 1865
f 1861 1866 1867
f 1861 1867 1866
f 1861 1867 1868
f 1861 1868 1867
f 1861 1868 1869
f 1861 1869 1868
f 1861 1869 1870
f 1861 1870 1869
f 1861 1870 1871
f 1861 1871 1870
f 1861 1871 1872
f 1861 1872 1871
f 1861 1872 1873
f 1861 1873 1872
f 1861 1873 1874
f 1861 1874 1873
f 1861 1874 1875
f 1861 1875 1874
f 1861 1875 1876
f 1861 1876 1875
f 1861 1876 1877
f 1861 1877 1876
f 1861 1877 1878
f 1861 1878 1877
f 1861 1878 1879
f 1861 1879 1878
f 1861 1879 1880
f 1861 1880 1879
f 1861 1880 1881
f 1861 1881 1880
f 1861 1881 1882
f 1861 1882 1881
f 1861 1882 1883
f 1861 1883 1882
f 1861 1883 1884
f 1861 1884 1883
f 1861 1884 1885
f 1861 1885 1884
f 1861 1885 1886
f 1861 1886 1885
f 1861 1886 1887
f 1861 1887 1886
f 1861 1887 1888
f 1861 1888 1887
f 1861 1888 1889
f 1861 1889 1888
f 1861 1889 1890
f 1861 1890 1889
f 1861 1890 1891
f 1861 1891 1890
f 1861 1891 1892
f 1861 1892 1891
f 1861 1892 1893
f 1861 1893 1892
f 1861 1893 1894
f 1861 1894 1893
f 1861 1894 1895
f 1861 1895 1894
f 1861 1895 1896
f 1861 1896 1895
f 1861 1896 1897
f 1861 1897 1896
f 1861 1897 1898
f 1861 1898 1897
f 1861 1898 1899
f 1861 1899 1898
f 1861 1899 1900
f 1861 1900 1899
f 1861 1900 1901
f 1861 1901 1900
f 1861 1901 1902
f 1861 1902 1901
f 1861 1902 1903
f 1861 1903 1902
f 1861 1903 1904
f 1861 1904 1903
f 1861 1904 1905
f 1861 1905 1904
f 1861 1905 1906
f 1861 1906 1905
v -0.131653 0.358050 0.022889
v -0.128132 0.359990 0.023207
v -0.125185 0.361076 0.020614
v -0.123860 0.361076 0.016849
v -0.124534 0.359990 0.012981
v -0.127478 0.358050 0.011025
v -0.130999 0.356111 0.010706
v -0.133946 0.355025 0.013299
v -0.135272 0.355025 0.017065
v -0.134598 0.356111 0.020932
v -0.150436 0.394485 0.014145
v -0.148042 0.395804 0.014362
v -0.146038 0.396542 0.012599
v -0.145137 0.396542 0.010038
v -0.145595 0.395804 0.007408
v -0.147597 0.394485 0.006078
v -0.149991 0.393166 0.005861
v -0.151995 0.392427 0.007624
v -0.152897 0.392427 0.010185
v -0.152438 0.393166 0.012815
f 1907 1908 1918
f 1907 1918 1917
f 1908 1909 1919
f 1908 1919 1918
f 1909 1910 1920
f 1909 1920 1919
f 1910 1911 1921
f 1910 1921 1920
f 1911 1912 1922
f 1911 1922 1921
f 1912 1913 1923
f 1912 1923 1922
f 1913 1914 1924
f 1913 1924 1923
f 1914 1915 1925
f 1914 1925 1924
f 1915 1916 1926
f 1915 1926 1925
f 1916 1907 1917
f 1916 1917 1926
v -0.149017 0.394485 0.010112
v -0.149705 0.393567 0.011822
v -0.150214 0.392773 0.013677
v -0.150414 0.392191 0.015783
v -0.150233 0.391870 0.018199
v -0.149674 0.391808 0.020921
v -0.148811 0.391955 0.023890
v -0.147784 0.392215 0.026992
v -0.146771 0.392466 0.030083
v -0.145968 0.392572 0.033004
v -0.145555 0.392410 0.035607
v -0.145672 0.391885 0.037781
v -0.146393 0.390945 0.039464
v -0.147719 0.389590 0.040657
v -0.149573 0.387872 0.041420
v -0.151819 0.385886 0.041866
v -0.154274 0.383756 0.042142
v -0.156744 0.381615 0.042406
v -0.159048 0.379589 0.042804
v -0.161049 0.377770 0.043448
v -0.162672 0.376211 0.044400
v -0.163915 0.374913 0.045659
v -0.164848 0.373828 0.047171
v -0.165602 0.372865 0.048827
v -0.164914 0.373782 0.047117
v -0.164405 0.374577 0.045262
v -0.164205 0.375159 0.043155
v -0.164386 0.375480 0.040740
v -0.164945 0.375541 0.038018
v -0.165807 0.375395 0.035049
v -0.166835 0.375134 0.031947
v -0.167848 0.374884 0.028856
v -0.168651 0.374778 0.025935
v -0.169063 0.374940 0.023332
v -0.168947 0.375465 0.021158
v -0.168225 0.376405 0.019475
v -0.166900 0.377760 0.018282
v -0.165045 0.379478 0.017519
v -0.162800 0.381464 0.017073
v -0.160345 0.383594 0.016797
v -0.157875 0.385734 0.016533
v -0.155571 0.387761 0.016135
v -0.153569 0.389580 0.015491
v -0.151946 0.391139 0.014539
v -0.150704 0.392437 0.013280
v -0.149771 0.393522 0.011768
f 1927 1928 1929
f 1927 1929 1928
f 1927 1929 1930
f 1927 1930 1929
f 1927 1930 1931
f 1927 1931 1930
f 1927 1931 1932
f 1927 1932 1931
f 1927 1932 1933
f 1927 1933 1932
f 1927 1933 1934
f 1927 1934 1933
f 1927 1934 1935
f 1927 1935 1934
f 1927 1935 1936
f 1927 1936 1935
f 1927 1936 1937
f 1927 1937 1936
f 1927 1937 1938
f 1927 1938 1937
f 1927 1938 1939
f 1927 1939 1938
f 1927 1939 1940
f 1927 1940 1939
f 1927 1940 1941
f 1927 1941 1940
f 1927 1941 1942
f 1927 1942 1941
f 1927 1942 1943
f 1927 1943 1942
f 1927 1943 1944
f 1927 1944 1943
f 1927 1944 1945
f 1927 1945 1944
f 1927 1945 1946
f 1927 1946 1945
f 1927 1946 1947
f 1927 1947 1946
f 1927 1947 1948
f 1927 1948 1947
f 1927 1948 1949
f 1927 1949 1948
f 1927 1949 1950
f 1927 1950 1949
f 1927 1950 1951
f 1927 1951 1950
f 1927 1951 1952
f 1927 1952 1951
f 1927 1952 1953
f 1927 1953 1952
f 1927 1953 1954
f 1927 1954 1953
f 1927 1954 1955
f 1927 1955 1954
f 1927 1955 1956
f 1927 1956 1955
f 1927 1956 1957
f 1927 1957 1956
f 1927 1957 1958
f 1927 1958 1957
f 1927 1958 1959
f 1927 1959 1958
f 1927 1959 1960
f 1927 1960 1959
f 1927 1960 1961
f 1927 1961 1960
f 1927 1961 1962
f 1927 1962 1961
f 1927 1962 1963
f 1927 1963 1962
f 1927 1963 1964
f 1927 1964 1963
f 1927 1964 1965
f 1927 1965 1964
f 1927 1965 1966
f 1927 1966 1965
f 1927 1966 1967
f 1927 1967 1966
f 1927 1967 1968
f 1927 1968 1967
f 1927 1968 1969
f 1927 1969 1968
f 1927 1969 1970
f 1927 1970 1969
f 1927 1970 1971
f 1927 1971 1970
f 1927 1971 1972
f 1927 1972 1971
v -0.149573 0.394485 0.014351
v -0.149072 0.397128 0.013822
v -0.148531 0.398608 0.011544
v -0.148178 0.398608 0.008853
v -0.148112 0.397128 0.006513
v -0.148460 0.394485 0.005872
v -0.148961 0.391841 0.006401
v -0.149502 0.390361 0.008679
v -0.149856 0.390361 0.011370
v -0.149921 0.391841 0.013710
v -0.173163 0.398367 0.009874
v -0.172822 0.400165 0.009514
v -0.172454 0.401171 0.007965
v -0.172214 0.401171 0.006135
v -0.172169 0.400165 0.004544
v -0.172406 0.398367 0.004108
v -0.172747 0.396570 0.004468
v -0.173115 0.395563 0.006017
v -0.173355 0.395563 0.007847
v -0.173399 0.396570 0.009438
f 1973 1974 1984
f 1973 1984 1983
f 1974 1975 1985
f 1974 1985 1984
f 1975 1976 1986
f 1975 1986 1985
f 1976 1977 1987
f 1976 1987 1986
f 1977 1978 1988
f 1977 1988 1987
f 1978 1979 1989
f 1978 1989 1988
f 1979 1980 1990
f 1979 1990 1989
f 1980 1981 1991
f 1980 1991 1990
f 1981 1982 1992
f 1981 1992 1991
f 1982 1973 1983
f 1982 1983 1992
v -0.172784 0.398367 0.006991
v -0.171986 0.398341 0.008702
v -0.171117 0.398767 0.010434
v -0.170171 0.399677 0.012188
v -0.169157 0.401025 0.013963
v -0.168090 0.402706 0.015753
v -0.166993 0.404578 0.017552
v -0.165892 0.406474 0.019352
v -0.164816 0.408217 0.021145
v -0.163789 0.409643 0.022923
v -0.162834 0.410613 0.024680
v -0.161967 0.411024 0.026411
v -0.161196 0.410824 0.028114
v -0.160521 0.410013 0.029789
v -0.159934 0.408643 0.031438
v -0.159419 0.406817 0.033065
v -0.158954 0.404673 0.034679
v -0.158512 0.402378 0.036285
v -0.158067 0.400106 0.037892
v -0.157592 0.398024 0.039508
v -0.157065 0.396277 0.041139
v -0.156468 0.394966 0.042791
v -0.155796 0.394140 0.044465
v -0.155052 0.393766 0.046160
v -0.155850 0.393793 0.044449
v -0.156720 0.393367 0.042717
v -0.157666 0.392456 0.040962
v -0.158680 0.391108 0.039188
v -0.159747 0.389427 0.037398
v -0.160844 0.387555 0.035599
v -0.161944 0.385660 0.033799
v -0.163021 0.383917 0.032006
v -0.164048 0.382490 0.030228
v -0.165002 0.381521 0.028471
v -0.165870 0.381109 0.026739
v -0.166641 0.381309 0.025036
v -0.167315 0.382121 0.023362
v -0.167902 0.383490 0.021713
v -0.168418 0.385317 0.020085
v -0.168883 0.387460 0.018472
v -0.169324 0.389755 0.016866
v -0.169769 0.392028 0.015259
v -0.170244 0.394109 0.013643
v -0.170772 0.395857 0.012011
v -0.171368 0.397168 0.010360
v -0.172041 0.397994 0.008686
f 1993 1994 1995
f 1993 1995 1994
f 1993 1995 1996
f 1993 1996 1995
f 1993 1996 1997
f 1993 1997 1996
f 1993 1997 1998
f 1993 1998 1997
f 1993 1998 1999
f 1993 1999 1998
f 1993 1999 2000
f 1993 2000 1999
f 1993 2000 2001
f 1993 2001 2000
f 1993 2001 2002
f 1993 2002 2001
f 1993 2002 2003
f 1993 2003 2002
f 1993 2003 2004
f 1993 2004 2003
f 1993 2004 2005
f 1993 2005 2004
f 1993 2005 2006
f 1993 2006 2005
f 1993 2006 2007
f 1993 2007 2006
f 1993 2007 2008
f 1993 2008 2007
f 1993 2008 2009
f 1993 2009 2008
f 1993 2009 2010
f 1993 2010 2009
f 1993 2010 2011
f 1993 2011 2010
f 1993 2011 2012
f 1993 2012 2011
f 1993 2012 2013
f 1993 2013 2012
f 1993 2013 2014
f 1993 2014 2013
f 1993 2014 2015
f 1993 2015 2014
f 1993 2015 2016
f 1993 2016 2015
f 1993 2016 2017
f 1993 2017 2016
f 1993 2017 2018
f 1993 2018 2017
f 1993 2018 2019
f 1993 2019 2018
f 1993 2019 2020
f 1993 2020 2019
f 1993 2020 2021
f 1993 2021 2020
f 1993 2021 2022
f 1993 2022 2021
f 1993 2022 2023
f 1993 2023 2022
f 1993 2023 2024
f 1993 2024 2023
f 1993 2024 2025
f 1993 2025 2024
f 1993 2025 2026
f 1993 2026 2025
f 1993 2026 2027
f 1993 2027 2026
f 1993 2027 2028
f 1993 2028 2027
f 1993 2028 2029
f 1993 2029 2028
f 1993 2029 2030
f 1993 2030 2029
f 1993 2030 2031
f 1993 2031 2030
f 1993 2031 2032
f 1993 2032 2031
f 1993 2032 2033
f 1993 2033 2032
f 1993 2033 2034
f 1993 2034 2033
f 1993 2034 2035
f 1993 2035 2034
f 1993 2035 2036
f 1993 2036 2035
f 1993 2036 2037
f 1993 2037 2036
f 1993 2037 2038
f 1993 2038 2037
v -0.144984 0.394485 0.011534
v -0.144748 0.395708 0.009091
v -0.146500 0.396393 0.007059
v -0.149060 0.396393 0.006156
v -0.151700 0.395708 0.006639
v -0.153049 0.394485 0.008689
v -0.153285 0.393261 0.011132
v -0.151533 0.392576 0.013164
v -0.148973 0.392576 0.014067
v -0.146333 0.393261 0.013584
v -0.149604 0.413974 0.020518
v -0.149444 0.414806 0.018857
v -0.150635 0.415272 0.017475
v -0.152376 0.415272 0.016860
v -0.154171 0.414806 0.017189
v -0.155089 0.413974 0.018583
v -0.155249 0.413142 0.020244
v -0.154058 0.412676 0.021626
v -0.152317 0.412676 0.022241
v -0.150522 0.413142 0.021912
f 2039 2040 2050
f 2039 2050 2049
f 2040 2041 2051
f 2040 2051 2050
f 2041 2042 2052
f 2041 2052 2051
f 2042 2043 2053
f 2042 2053 2052
f 2043 2044 2054
f 2043 2054 2053
f 2044 2045 2055
f 2044 2055 2054
f 2045 2046 2056
f 2045 2056 2055
f 2046 2047 2057
f 2046 2057 2056
f 2047 2048 2058
f 2047 2058 2057
f 2048 2039 2049
f 2048 2049 2058
v -0.152346 0.413974 0.019550
v -0.150039 0.412836 0.020559
v -0.147540 0.411850 0.021322
v -0.144707 0.411129 0.021656
v -0.141461 0.410733 0.021463
v -0.137804 0.410663 0.020743
v -0.133816 0.410854 0.019600
v -0.129648 0.411189 0.018225
v -0.125494 0.411512 0.016869
v -0.121567 0.411655 0.015803
v -0.118063 0.411464 0.015280
v -0.115135 0.410817 0.015493
v -0.112863 0.409651 0.016547
v -0.111248 0.407966 0.018442
v -0.110208 0.405826 0.021073
v -0.109591 0.403351 0.024247
v -0.109202 0.400696 0.027711
v -0.108827 0.398030 0.031193
v -0.108270 0.395507 0.034444
v -0.107384 0.393245 0.037272
v -0.106086 0.391309 0.039573
v -0.104376 0.389698 0.041347
v -0.102332 0.388353 0.042692
v -0.100095 0.387159 0.043791
v -0.102402 0.388297 0.042782
v -0.104901 0.389283 0.042019
v -0.107735 0.390004 0.041685
v -0.110981 0.390400 0.041879
v -0.114638 0.390470 0.042598
v -0.118626 0.390279 0.043741
v -0.122794 0.389944 0.045116
v -0.126948 0.389621 0.046472
v -0.130875 0.389478 0.047538
v -0.134378 0.389669 0.048061
v -0.137307 0.390316 0.047848
v -0.139579 0.391482 0.046794
v -0.141194 0.393167 0.044899
v -0.142234 0.395307 0.042268
v -0.142851 0.397782 0.039095
v -0.143240 0.400437 0.035630
v -0.143615 0.403103 0.032148
v -0.144172 0.405626 0.028897
v -0.145058 0.407888 0.026070
v -0.146356 0.409824 0.023768
v -0.148065 0.411435 0.021994
v -0.150110 0.412780 0.020649
f 2059 2060 2061
f 2059 2061 2060
f 2059 2061 2062
f 2059 2062 2061
f 2059 2062 2063
f 2059 2063 2062
f 2059 2063 2064
f 2059 2064 2063
f 2059 2064 2065
f 2059 2065 2064
f 2059 2065 2066
f 2059 2066 2065
f 2059 2066 2067
f 2059 2067 2066
f 2059 2067 2068
f 2059 2068 2067
f 2059 2068 2069
f 2059 2069 2068
f 2059 2069 2070
f 2059 2070 2069
f 2059 2070 2071
f 2059 2071 2070
f 2059 2071 2072
f 2059 2072 2071
f 2059 2072 2073
f 2059 2073 2072
f 2059 2073 2074
f 2059 2074 2073
f 2059 2074 2075
f 2059 2075 2074
f 2059 2075 2076
f 2059 2076 2075
f 2059 2076 2077
f 2059 2077 2076
f 2059 2077 2078
f 2059 2078 2077
f 2059 2078 2079
f 2059 2079 2078
f 2059 2079 2080
f 2059 2080 2079
f 2059 2080 2081
f 2059 2081 2080
f 2059 2081 2082
f 2059 2082 2081
f 2059 2082 2083
f 2059 2083 2082
f 2059 2083 2084
f 2059 2084 2083
f 2059 2084 2085
f 2059 2085 2084
f 2059 2085 2086
f 2059 2086 2085
f 2059 2086 2087
f 2059 2087 2086
f 2059 2087 2088
f 2059 2088 2087
f 2059 2088 2089
f 2059 2089 2088
f 2059 2089 2090
f 2059 2090 2089
f 2059 2090 2091
f 2059 2091 2090
f 2059 2091 2092
f 2059 2092 2091
f 2059 2092 2093
f 2059 2093 2092
f 2059 2093 2094
f 2059 2094 2093
f 2059 2094 2095
f 2059 2095 2094
f 2059 2095 2096
f 2059 2096 2095
f 2059 2096 2097
f 2059 2097 2096
f 2059 2097 2098
f 2059 2098 2097
f 2059 2098 2099
f 2059 2099 2098
f 2059 2099 2100
f 2059 2100 2099
f 2059 2100 2101
f 2059 2101 2100
f 2059 2101 2102
f 2059 2102 2101
f 2059 2102 2103
f 2059 2103 2102
f 2059 2103 2104
f 2059 2104 2103
v -0.152346 0.413974 0.019550
v -0.153985 0.413602 0.018153
v -0.155945 0.413001 0.017115
v -0.158248 0.412156 0.016459
v -0.160859 0.411093 0.016147
v -0.163704 0.409863 0.016096
v -0.166682 0.408538 0.016193
v -0.169674 0.407203 0.016307
v -0.172559 0.405944 0.016300
v -0.175219 0.404846 0.016043
v -0.177557 0.403976 0.015427
v -0.179501 0.403387 0.014371
v -0.181015 0.403103 0.012834
v -0.182099 0.403127 0.010817
v -0.182789 0.403430 0.008360
v -0.183156 0.403962 0.005544
v -0.183299 0.404654 0.002477
v -0.183335 0.405423 -0.000710
v -0.183385 0.406181 -0.003881
v -0.183568 0.406845 -0.006903
v -0.183985 0.407342 -0.009664
v -0.184709 0.407620 -0.012082
v -0.185777 0.407655 -0.014117
v -0.187166 0.407460 -0.015793
v -0.185528 0.407832 -0.014395
v -0.183567 0.408433 -0.013357
v -0.181264 0.409278 -0.012701
v -0.178653 0.410341 -0.012389
v -0.175809 0.411572 -0.012338
v -0.172831 0.412896 -0.012436
v -0.169838 0.414232 -0.012550
v -0.166954 0.415490 -0.012543
v -0.164294 0.416589 -0.012286
v -0.161956 0.417458 -0.011669
v -0.160011 0.418048 -0.010613
v -0.158497 0.418331 -0.009076
v -0.157414 0.418308 -0.007059
v -0.156724 0.418005 -0.004603
v -0.156357 0.417472 -0.001786
v -0.156213 0.416780 0.001280
v -0.156178 0.416012 0.004468
v -0.156128 0.415253 0.007638
v -0.155945 0.414589 0.010661
v -0.155528 0.414092 0.013422
v -0.154803 0.413814 0.015840
v -0.153736 0.413779 0.017875
f 2105 2106 2107
f 2105 2107 2106
f 2105 2107 2108
f 2105 2108 2107
f 2105 2108 2109
f 2105 2109 2108
f 2105 2109 2110
f 2105 2110 2109
f 2105 2110 2111
f 2105 2111 2110
f 2105 2111 2112
f 2105 2112 2111
f 2105 2112 2113
f 2105 2113 2112
f 2105 2113 2114
f 2105 2114 2113
f 2105 2114 2115
f 2105 2115 2114
f 2105 2115 2116
f 2105 2116 2115
f 2105 2116 2117
f 2105 2117 2116
f 2105 2117 2118
f 2105 2118 2117
f 2105 2118 2119
f 2105 2119 2118
f 2105 2119 2120
f 2105 2120 2119
f 2105 2120 2121
f 2105 2121 2120
f 2105 2121 2122
f 2105 2122 2121
f 2105 2122 2123
f 2105 2123 2122
f 2105 2123 2124
f 2105 2124 2123
f 2105 2124 2125
f 2105 2125 2124
f 2105 2125 2126
f 2105 2126 2125
f 2105 2126 2127
f 2105 2127 2126
f 2105 2127 2128
f 2105 2128 2127
f 2105 2128 2129
f 2105 2129 2128
f 2105 2129 2130
f 2105 2130 2129
f 2105 2130 2131
f 2105 2131 2130
f 2105 2131 2132
f 2105 2132 2131
f 2105 2132 2133
f 2105 2133 2132
f 2105 2133 2134
f 2105 2134 2133
f 2105 2134 2135
f 2105 2135 2134
f 2105 2135 2136
f 2105 2136 2135
f 2105 2136 2137
f 2105 2137 2136
f 2105 2137 2138
f 2105 2138 2137
f 2105 2138 2139
f 2105 2139 2138
f 2105 2139 2140
f 2105 2140 2139
f 2105 2140 2141
f 2105 2141 2140
f 2105 2141 2142
f 2105 2142 2141
f 2105 2142 2143
f 2105 2143 2142
f 2105 2143 2144
f 2105 2144 2143
f 2105 2144 2145
f 2105 2145 2144
f 2105 2145 2146
f 2105 2146 2145
f 2105 2146 2147
f 2105 2147 2146
f 2105 2147 2148
f 2105 2148 2147
f 2105 2148 2149
f 2105 2149 2148
f 2105 2149 2150
f 2105 2150 2149
v -0.153292 0.394485 0.010019
v -0.152751 0.395895 0.012307
v -0.150450 0.396685 0.013632
v -0.147736 0.396685 0.013691
v -0.145381 0.395895 0.012467
v -0.144741 0.394485 0.010204
v -0.145282 0.393074 0.007916
v -0.147583 0.392284 0.006591
v -0.150297 0.392284 0.006532
v -0.152652 0.393074 0.007756
v -0.151639 0.415718 -0.003107
v -0.151271 0.416677 -0.001551
v -0.149707 0.417215 -0.000650
v -0.147861 0.417215 -0.000610
v -0.146260 0.416677 -0.001443
v -0.145825 0.415718 -0.002981
v -0.146193 0.414759 -0.004538
v -0.147757 0.414222 -0.005438
v -0.149602 0.414222 -0.005478
v -0.151204 0.414759 -0.004646
f 2151 2152 2162
f 2151 2162 2161
f 2152 2153 2163
f 2152 2163 2162
f 2153 2154 2164
f 2153 2164 2163
f 2154 2155 2165
f 2154 2165 2164
f 2155 2156 2166
f 2155 2166 2165
f 2156 2157 2167
f 2156 2167 2166
f 2157 2158 2168
f 2157 2168 2167
f 2158 2159 2169
f 2158 2169 2168
f 2159 2160 2170
f 2159 2170 2169
f 2160 2151 2161
f 2160 2161 2170
v -0.148732 0.415718 -0.003044
v -0.150915 0.415214 -0.002383
v -0.153127 0.415069 -0.001142
v -0.155361 0.415229 0.000591
v -0.157614 0.415626 0.002705
v -0.159878 0.416176 0.005066
v -0.162147 0.416788 0.007528
v -0.164414 0.417367 0.009935
v -0.166671 0.417820 0.012139
v -0.168911 0.418064 0.014007
v -0.171131 0.418031 0.015429
v -0.173326 0.417674 0.016328
v -0.175494 0.416968 0.016663
v -0.177636 0.415912 0.016435
v -0.179752 0.414531 0.015684
v -0.181848 0.412874 0.014486
v -0.183927 0.411008 0.012953
v -0.185997 0.409017 0.011216
v -0.188065 0.406992 0.009425
v -0.190137 0.405028 0.007734
v -0.192221 0.403219 0.006291
v -0.194322 0.401645 0.005229
v -0.196448 0.400377 0.004658
v -0.198600 0.399469 0.004668
v -0.196417 0.399973 0.004007
v -0.194206 0.400118 0.002766
v -0.191971 0.399957 0.001033
v -0.189718 0.399561 -0.001081
v -0.187454 0.399011 -0.003443
v -0.185185 0.398399 -0.005904
v -0.182919 0.397820 -0.008311
v -0.180662 0.397367 -0.010516
v -0.178421 0.397123 -0.012384
v -0.176201 0.397156 -0.013806
v -0.174006 0.397513 -0.014705
v -0.171838 0.398219 -0.015040
v -0.169696 0.399275 -0.014812
v -0.167580 0.400656 -0.014060
v -0.165484 0.402313 -0.012863
v -0.163405 0.404178 -0.011329
v -0.161335 0.406170 -0.009593
v -0.159267 0.408195 -0.007802
v -0.157195 0.410158 -0.006111
v -0.155112 0.411968 -0.004668
v -0.153010 0.413541 -0.003605
v -0.150885 0.414810 -0.003035
f 2171 2172 2173
f 2171 2173 2172
f 2171 2173 2174
f 2171 2174 2173
f 2171 2174 2175
f 2171 2175 2174
f 2171 2175 2176
f 2171 2176 2175
f 2171 2176 2177
f 2171 2177 2176
f 2171 2177 2178
f 2171 2178 2177
f 2171 2178 2179
f 2171 2179 2178
f 2171 2179 2180
f 2171 2180 2179
f 2171 2180 2181
f 2171 2181 2180
f 2171 2181 2182
f 2171 2182 2181
f 2171 2182 2183
f 2171 2183 2182
f 2171 2183 2184
f 2171 2184 2183
f 2171 2184 2185
f 2171 2185 2184
f 2171 2185 2186
f 2171 2186 2185
f 2171 2186 2187
f 2171 2187 2186
f 2171 2187 2188
f 2171 2188 2187
f 2171 2188 2189
f 2171 2189 2188
f 2171 2189 2190
f 2171 2190 2189
f 2171 2190 2191
f 2171 2191 2190
f 2171 2191 2192
f 2171 2192 2191
f 2171 2192 2193
f 2171 2193 2192
f 2171 2193 2194
f 2171 2194 2193
f 2171 2194 2195
f 2171 2195 2194
f 2171 2195 2196
f 2171 2196 2195
f 2171 2196 2197
f 2171 2197 2196
f 2171 2197 2198
f 2171 2198 2197
f 2171 2198 2199
f 2171 2199 2198
f 2171 2199 2200
f 2171 2200 2199
f 2171 2200 2201
f 2171 2201 2200
f 2171 2201 2202
f 2171 2202 2201
f 2171 2202 2203
f 2171 2203 2202
f 2171 2203 2204
f 2171 2204 2203
f 2171 2204 2205
f 2171 2205 2204
f 2171 2205 2206
f 2171 2206 2205
f 2171 2206 2207
f 2171 2207 2206
f 2171 2207 2208
f 2171 2208 2207
f 2171 2208 2209
f 2171 2209 2208
f 2171 2209 2210
f 2171 2210 2209
f 2171 2210 2211
f 2171 2211 2210
f 2171 2211 2212
f 2171 2212 2211
f 2171 2212 2213
f 2171 2213 2212
f 2171 2213 2214
f 2171 2214 2213
f 2171 2214 2215
f 2171 2215 2214
f 2171 2215 2216
f 2171 2216 2215
v -0.148732 0.415718 -0.003044
v -0.145857 0.415315 -0.002077
v -0.142732 0.414515 -0.001745
v -0.139356 0.413316 -0.002051
v -0.135762 0.411772 -0.002908
v -0.132009 0.409975 -0.004171
v -0.128170 0.408044 -0.005650
v -0.124332 0.406111 -0.007129
v -0.120578 0.404314 -0.008392
v -0.116990 0.402780 -0.009235
v -0.113635 0.401614 -0.009488
v -0.110560 0.400894 -0.009028
v -0.107792 0.400659 -0.007790
v -0.105330 0.400910 -0.005776
v -0.103149 0.401607 -0.003049
v -0.101200 0.402672 0.000269
v -0.099417 0.404000 0.004006
v -0.097719 0.405463 0.007961
v -0.096020 0.406925 0.011913
v -0.094237 0.408253 0.015651
v -0.092294 0.409327 0.018983
v -0.090134 0.410057 0.021764
v -0.087722 0.410388 0.023906
v -0.085060 0.410322 0.025413
v -0.087935 0.410725 0.024446
v -0.091060 0.411525 0.024114
v -0.094436 0.412724 0.024420
v -0.098030 0.414268 0.025277
v -0.101783 0.416065 0.026540
v -0.105622 0.417996 0.028019
v -0.109460 0.419929 0.029498
v -0.113214 0.421726 0.030761
v -0.116802 0.423260 0.031604
v -0.120157 0.424426 0.031857
v -0.123231 0.425146 0.031397
v -0.126000 0.425381 0.030159
v -0.128462 0.425130 0.028145
v -0.130643 0.424433 0.025418
v -0.132592 0.423368 0.022100
v -0.134375 0.422040 0.018363
v -0.136073 0.420577 0.014408
v -0.137772 0.419115 0.010456
v -0.139555 0.417787 0.006718
v -0.141498 0.416713 0.003386
v -0.143658 0.415983 0.000605
v -0.146070 0.415652 -0.001537
f 2217 2218 2219
f 2217 2219 2218
f 2217 2219 2220
f 2217 2220 2219
f 2217 2220 2221
f 2217 2221 2220
f 2217 2221 2222
f 2217 2222 2221
f 2217 2222 2223
f 2217 2223 2222
f 2217 2223 2224
f 2217 2224 2223
f 2217 2224 2225
f 2217 2225 2224
f 2217 2225 2226
f 2217 2226 2225
f 2217 2226 2227
f 2217 2227 2226
f 2217 2227 2228
f 2217 2228 2227
f 2217 2228 2229
f 2217 2229 2228
f 2217 2229 2230
f 2217 2230 2229
f 2217 2230 2231
f 2217 2231 2230
f 2217 2231 2232
f 2217 2232 2231
f 2217 2232 2233
f 2217 2233 2232
f 2217 2233 2234
f 2217 2234 2233
f 2217 2234 2235
f 2217 2235 2234
f 2217 2235 2236
f 2217 2236 2235
f 2217 2236 2237
f 2217 2237 2236
f 2217 2237 2238
f 2217 2238 2237
f 2217 2238 2239
f 2217 2239 2238
f 2217 2239 2240
f 2217 2240 2239
f 2217 2240 2241
f 2217 2241 2240
f 2217 2241 2242
f 2217 2242 2241
f 2217 2242 2243
f 2217 2243 2242
f 2217 2243 2244
f 2217 2244 2243
f 2217 2244 2245
f 2217 2245 2244
f 2217 2245 2246
f 2217 2246 2245
f 2217 2246 2247
f 2217 2247 2246
f 2217 2247 2248
f 2217 2248 2247
f 2217 2248 2249
f 2217 2249 2248
f 2217 2249 2250
f 2217 2250 2249
f 2217 2250 2251
f 2217 2251 2250
f 2217 2251 2252
f 2217 2252 2251
f 2217 2252 2253
f 2217 2253 2252
f 2217 2253 2254
f 2217 2254 2253
f 2217 2254 2255
f 2217 2255 2254
f 2217 2255 2256
f 2217 2256 2255
f 2217 2256 2257
f 2217 2257 2256
f 2217 2257 2258
f 2217 2258 2257
f 2217 2258 2259
f 2217 2259 2258
f 2217 2259 2260
f 2217 2260 2259
f 2217 2260 2261
f 2217 2261 2260
f 2217 2261 2262
f 2217 2262 2261
v -0.108306 0.295888 -0.014788
v -0.106625 0.300113 -0.010981
v -0.101387 0.302478 -0.009297
v -0.095548 0.302478 -0.009906
v -0.090769 0.300113 -0.012635
v -0.089910 0.295888 -0.016707
v -0.091591 0.291663 -0.020514
v -0.096829 0.289297 -0.022198
v -0.102669 0.289297 -0.021589
v -0.107447 0.291663 -0.018860
v -0.110302 0.340537 -0.062459
v -0.109159 0.343410 -0.059870
v -0.105597 0.345019 -0.058724
v -0.101626 0.345019 -0.059139
v -0.098377 0.343410 -0.060994
v -0.097793 0.340537 -0.063763
v -0.098936 0.337665 -0.066352
v -0.102498 0.336056 -0.067497
v -0.106469 0.336056 -0.067083
v -0.109718 0.337665 -0.065228
f 2263 2264 2274
f 2263 2274 2273
f 2264 2265 2275
f 2264 2275 2274
f 2265 2266 2276
f 2265 2276 2275
f 2266 2267 2277
f 2266 2277 2276
f 2267 2268 2278
f 2267 2278 2277
f 2268 2269 2279
f 2268 2279 2278
f 2269 2270 2280
f 2269 2280 2279
f 2270 2271 2281
f 2270 2281 2280
f 2271 2272 2282
f 2271 2282 2281
f 2272 2263 2273
f 2272 2273 2282
v -0.110326 0.340537 -0.063467
v -0.109438 0.344458 -0.063788
v -0.106008 0.346654 -0.063802
v -0.102022 0.346654 -0.063575
v -0.098615 0.344458 -0.063174
v -0.097769 0.340537 -0.062754
v -0.098657 0.336617 -0.062433
v -0.102087 0.334421 -0.062420
v -0.106073 0.334421 -0.062646
v -0.109480 0.336617 -0.063048
v -0.106353 0.337260 -0.097944
v -0.105749 0.339926 -0.098163
v -0.103416 0.341418 -0.098172
v -0.100706 0.341418 -0.098018
v -0.098389 0.339926 -0.097745
v -0.097814 0.337260 -0.097459
v -0.098418 0.334594 -0.097241
v -0.100751 0.333101 -0.097232
v -0.103461 0.333101 -0.097386
v -0.105778 0.334594 -0.097659
f 2283 2284 2294
f 2283 2294 2293
f 2284 2285 2295
f 2284 2295 2294
f 2285 2286 2296
f 2285 2296 2295
f 2286 2287 2297
f 2286 2297 2296
f 2287 2288 2298
f 2287 2298 2297
f 2288 2289 2299
f 2288 2299 2298
f 2289 2290 2300
f 2289 2300 2299
f 2290 2291 2301
f 2290 2301 2300
f 2291 2292 2302
f 2291 2302 2301
f 2292 2283 2293
f 2292 2293 2302
v -0.102083 0.337260 -0.097702
v -0.104459 0.337927 -0.097463
v -0.106741 0.339248 -0.097281
v -0.108932 0.341199 -0.097154
v -0.111047 0.343681 -0.097073
v -0.113107 0.346542 -0.097024
v -0.115140 0.349594 -0.096992
v -0.117175 0.352631 -0.096959
v -0.119243 0.355442 -0.096906
v -0.121370 0.357837 -0.096817
v -0.123581 0.359653 -0.096678
v -0.125891 0.360776 -0.096479
v -0.128309 0.361147 -0.096214
v -0.130836 0.360765 -0.095885
v -0.133462 0.359689 -0.095495
v -0.136171 0.358036 -0.095056
v -0.138940 0.355966 -0.094580
v -0.141742 0.353670 -0.094085
v -0.144546 0.351359 -0.093589
v -0.147322 0.349239 -0.093109
v -0.150044 0.347498 -0.092662
v -0.152690 0.346288 -0.092260
v -0.155245 0.345708 -0.091914
v -0.157706 0.345782 -0.091624
v -0.155330 0.345115 -0.091863
v -0.153048 0.343794 -0.092044
v -0.150857 0.341843 -0.092172
v -0.148742 0.339361 -0.092253
v -0.146682 0.336500 -0.092302
v -0.144649 0.333447 -0.092334
v -0.142614 0.330411 -0.092367
v -0.140547 0.327599 -0.092420
v -0.138419 0.325205 -0.092509
v -0.136209 0.323389 -0.092648
v -0.133899 0.322265 -0.092847
v -0.131480 0.321895 -0.093111
v -0.128954 0.322277 -0.093441
v -0.126327 0.323352 -0.093830
v -0.123618 0.325005 -0.094270
v -0.120849 0.327076 -0.094746
v -0.118047 0.329371 -0.095241
v -0.115243 0.331683 -0.095737
v -0.112467 0.333803 -0.096217
v -0.109745 0.335544 -0.096664
v -0.107099 0.336754 -0.097065
v -0.104544 0.337334 -0.097412
f 2303 2304 2305
f 2303 2305 2304
f 2303 2305 2306
f 2303 2306 2305
f 2303 2306 2307
f 2303 2307 2306
f 2303 2307 2308
f 2303 2308 2307
f 2303 2308 2309
f 2303 2309 2308
f 2303 2309 2310
f 2303 2310 2309
f 2303 2310 2311
f 2303 2311 2310
f 2303 2311 2312
f 2303 2312 2311
f 2303 2312 2313
f 2303 2313 2312
f 2303 2313 2314
f 2303 2314 2313
f 2303 2314 2315
f 2303 2315 2314
f 2303 2315 2316
f 2303 2316 2315
f 2303 2316 2317
f 2303 2317 2316
f 2303 2317 2318
f 2303 2318 2317
f 2303 2318 2319
f 2303 2319 2318
f 2303 2319 2320
f 2303 2320 2319
f 2303 2320 2321
f 2303 2321 2320
f 2303 2321 2322
f 2303 2322 2321
f 2303 2322 2323
f 2303 2323 2322
f 2303 2323 2324
f 2303 2324 2323
f 2303 2324 2325
f 2303 2325 2324
f 2303 2325 2326
f 2303 2326 2325
f 2303 2326 2327
f 2303 2327 2326
f 2303 2327 2328
f 2303 2328 2327
f 2303 2328 2329
f 2303 2329 2328
f 2303 2329 2330
f 2303 2330 2329
f 2303 2330 2331
f 2303 2331 2330
f 2303 2331 2332
f 2303 2332 2331
f 2303 2332 2333
f 2303 2333 2332
f 2303 2333 2334
f 2303 2334 2333
f 2303 2334 2335
f 2303 2335 2334
f 2303 2335 2336
f 2303 2336 2335
f 2303 2336 2337
f 2303 2337 2336
f 2303 2337 2338
f 2303 2338 2337
f 2303 2338 2339
f 2303 2339 2338
f 2303 2339 2340
f 2303 2340 2339
f 2303 2340 2341
f 2303 2341 2340
f 2303 2341 2342
f 2303 2342 2341
f 2303 2342 2343
f 2303 2343 2342
f 2303 2343 2344
f 2303 2344 2343
f 2303 2344 2345
f 2303 2345 2344
f 2303 2345 2346
f 2303 2346 2345
f 2303 2346 2347
f 2303 2347 2346
f 2303 2347 2348
f 2303 2348 2347
v -0.105945 0.337260 -0.099540
v -0.104477 0.338822 -0.101249
v -0.101851 0.339697 -0.101348
v -0.099400 0.339697 -0.100182
v -0.097821 0.338822 -0.098081
v -0.098222 0.337260 -0.095864
v -0.099690 0.335697 -0.094154
v -0.102316 0.334822 -0.094055
v -0.104767 0.334822 -0.095222
v -0.106346 0.335697 -0.097322
v -0.100206 0.322679 -0.108413
v -0.099208 0.323741 -0.109575
v -0.097422 0.324336 -0.109642
v -0.095755 0.324336 -0.108849
v -0.094682 0.323741 -0.107421
v -0.094955 0.322679 -0.105913
v -0.095953 0.321616 -0.104750
v -0.097738 0.321021 -0.104683
v -0.099405 0.321021 -0.105477
v -0.100479 0.321616 -0.106905
f 2349 2350 2360
f 2349 2360 2359
f 2350 2351 2361
f 2350 2361 2360
f 2351 2352 2362
f 2351 2362 2361
f 2352 2353 2363
f 2352 2363 2362
f 2353 2354 2364
f 2353 2364 2363
f 2354 2355 2365
f 2354 2365 2364
f 2355 2356 2366
f 2355 2366 2365
f 2356 2357 2367
f 2356 2367 2366
f 2357 2358 2368
f 2357 2368 2367
f 2358 2349 2359
f 2358 2359 2368
v -0.097580 0.322679 -0.107163
v -0.099336 0.323256 -0.107958
v -0.101018 0.323922 -0.108855
v -0.102530 0.324794 -0.109987
v -0.103792 0.325966 -0.111465
v -0.104770 0.327482 -0.113336
v -0.105485 0.329315 -0.115571
v -0.106023 0.331362 -0.118051
v -0.106517 0.333461 -0.120592
v -0.107129 0.335419 -0.122969
v -0.108017 0.337042 -0.124964
v -0.109309 0.338179 -0.126401
v -0.111074 0.338745 -0.127183
v -0.113313 0.338740 -0.127310
v -0.115954 0.338249 -0.126880
v -0.118872 0.337424 -0.126067
v -0.121908 0.336456 -0.125091
v -0.124901 0.335541 -0.124174
v -0.127715 0.334840 -0.123504
v -0.130268 0.334456 -0.123197
v -0.132535 0.334416 -0.123284
v -0.134554 0.334677 -0.123716
v -0.136402 0.335142 -0.124383
v -0.138176 0.335697 -0.125152
v -0.136420 0.335120 -0.124357
v -0.134739 0.334453 -0.123460
v -0.133227 0.333582 -0.122327
v -0.131964 0.332410 -0.120850
v -0.130987 0.330893 -0.118978
v -0.130271 0.329061 -0.116744
v -0.129734 0.327014 -0.114263
v -0.129240 0.324914 -0.111723
v -0.128628 0.322957 -0.109345
v -0.127739 0.321334 -0.107351
v -0.126447 0.320197 -0.105914
v -0.124682 0.319631 -0.105132
v -0.122444 0.319636 -0.105004
v -0.119803 0.320127 -0.105435
v -0.116884 0.320952 -0.106248
v -0.113848 0.321920 -0.107224
v -0.110856 0.322835 -0.108140
v -0.108041 0.323535 -0.108811
v -0.105488 0.323920 -0.109118
v -0.103221 0.323960 -0.109031
v -0.101203 0.323699 -0.108599
v -0.099354 0.323234 -0.107932
f 2369 2370 2371
f 2369 2371 2370
f 2369 2371 2372
f 2369 2372 2371
f 2369 2372 2373
f 2369 2373 2372
f 2369 2373 2374
f 2369 2374 2373
f 2369 2374 2375
f 2369 2375 2374
f 2369 2375 2376
f 2369 2376 2375
f 2369 2376 2377
f 2369 2377 2376
f 2369 2377 2378
f 2369 2378 2377
f 2369 2378 2379
f 2369 2379 2378
f 2369 2379 2380
f 2369 2380 2379
f 2369 2380 2381
f 2369 2381 2380
f 2369 2381 2382
f 2369 2382 2381
f 2369 2382 2383
f 2369 2383 2382
f 2369 2383 2384
f 2369 2384 2383
f 2369 2384 2385
f 2369 2385 2384
f 2369 2385 2386
f 2369 2386 2385
f 2369 2386 2387
f 2369 2387 2386
f 2369 2387 2388
f 2369 2388 2387
f 2369 2388 2389
f 2369 2389 2388
f 2369 2389 2390
f 2369 2390 2389
f 2369 2390 2391
f 2369 2391 2390
f 2369 2391 2392
f 2369 2392 2391
f 2369 2392 2393
f 2369 2393 2392
f 2369 2393 2394
f 2369 2394 2393
f 2369 2394 2395
f 2369 2395 2394
f 2369 2395 2396
f 2369 2396 2395
f 2369 2396 2397
f 2369 2397 2396
f 2369 2397 2398
f 2369 2398 2397
f 2369 2398 2399
f 2369 2399 2398
f 2369 2399 2400
f 2369 2400 2399
f 2369 2400 2401
f 2369 2401 2400
f 2369 2401 2402
f 2369 2402 2401
f 2369 2402 2403
f 2369 2403 2402
f 2369 2403 2404
f 2369 2404 2403
f 2369 2404 2405
f 2369 2405 2404
f 2369 2405 2406
f 2369 2406 2405
f 2369 2406 2407
f 2369 2407 2406
f 2369 2407 2408
f 2369 2408 2407
f 2369 2408 2409
f 2369 2409 2408
f 2369 2409 2410
f 2369 2410 2409
f 2369 2410 2411
f 2369 2411 2410
f 2369 2411 2412
f 2369 2412 2411
f 2369 2412 2413
f 2369 2413 2412
f 2369 2413 2414
f 2369 2414 2413
v -0.097580 0.322679 -0.107163
v -0.096486 0.323446 -0.105950
v -0.095516 0.323944 -0.104381
v -0.094670 0.324170 -0.102451
v -0.093932 0.324160 -0.100210
v -0.093274 0.323977 -0.097738
v -0.092658 0.323700 -0.095144
v -0.092043 0.323422 -0.092547
v -0.091386 0.323236 -0.090072
v -0.090647 0.323228 -0.087834
v -0.089792 0.323473 -0.085930
v -0.088799 0.324022 -0.084428
v -0.087653 0.324904 -0.083366
v -0.086355 0.326117 -0.082743
v -0.084918 0.327635 -0.082523
v -0.083365 0.329405 -0.082637
v -0.081731 0.331353 -0.082987
v -0.080055 0.333394 -0.083459
v -0.078379 0.335433 -0.083929
v -0.076746 0.337379 -0.084276
v -0.075192 0.339152 -0.084393
v -0.073746 0.340688 -0.084198
v -0.072425 0.341953 -0.083643
v -0.071227 0.342948 -0.082731
v -0.072321 0.342180 -0.083944
v -0.073291 0.341682 -0.085513
v -0.074137 0.341456 -0.087442
v -0.074875 0.341466 -0.089684
v -0.075533 0.341650 -0.092156
v -0.076149 0.341926 -0.094750
v -0.076764 0.342205 -0.097347
v -0.077422 0.342391 -0.099821
v -0.078161 0.342398 -0.102060
v -0.079015 0.342153 -0.103964
v -0.080009 0.341604 -0.105466
v -0.081155 0.340723 -0.106528
v -0.082452 0.339510 -0.107151
v -0.083890 0.337992 -0.107371
v -0.085442 0.336222 -0.107257
v -0.087076 0.334273 -0.106907
v -0.088753 0.332232 -0.106435
v -0.090429 0.330193 -0.105965
v -0.092062 0.328247 -0.105618
v -0.093616 0.326475 -0.105501
v -0.095061 0.324938 -0.105696
v -0.096382 0.323674 -0.106251
f 2415 2416 2417
f 2415 2417 2416
f 2415 2417 2418
f 2415 2418 2417
f 2415 2418 2419
f 2415 2419 2418
f 2415 2419 2420
f 2415 2420 2419
f 2415 2420 2421
f 2415 2421 2420
f 2415 2421 2422
f 2415 2422 2421
f 2415 2422 2423
f 2415 2423 2422
f 2415 2423 2424
f 2415 2424 2423
f 2415 2424 2425
f 2415 2425 2424
f 2415 2425 2426
f 2415 2426 2425
f 2415 2426 2427
f 2415 2427 2426
f 2415 2427 2428
f 2415 2428 2427
f 2415 2428 2429
f 2415 2429 2428
f 2415 2429 2430
f 2415 2430 2429
f 2415 2430 2431
f 2415 2431 2430
f 2415 2431 2432
f 2415 2432 2431
f 2415 2432 2433
f 2415 2433 2432
f 2415 2433 2434
f 2415 2434 2433
f 2415 2434 2435
f 2415 2435 2434
f 2415 2435 2436
f 2415 2436 2435
f 2415 2436 2437
f 2415 2437 2436
f 2415 2437 2438
f 2415 2438 2437
f 2415 2438 2439
f 2415 2439 2438
f 2415 2439 2440
f 2415 2440 2439
f 2415 2440 2441
f 2415 2441 2440
f 2415 2441 2442
f 2415 2442 2441
f 2415 2442 2443
f 2415 2443 2442
f 2415 2443 2444
f 2415 2444 2443
f 2415 2444 2445
f 2415 2445 2444
f 2415 2445 2446
f 2415 2446 2445
f 2415 2446 2447
f 2415 2447 2446
f 2415 2447 2448
f 2415 2448 2447
f 2415 2448 2449
f 2415 2449 2448
f 2415 2449 2450
f 2415 2450 2449
f 2415 2450 2451
f 2415 2451 2450
f 2415 2451 2452
f 2415 2452 2451
f 2415 2452 2453
f 2415 2453 2452
f 2415 2453 2454
f 2415 2454 2453
f 2415 2454 2455
f 2415 2455 2454
f 2415 2455 2456
f 2415 2456 2455
f 2415 2456 2457
f 2415 2457 2456
f 2415 2457 2458
f 2415 2458 2457
f 2415 2458 2459
f 2415 2459 2458
f 2415 2459 2460
f 2415 2460 2459
v -0.105186 0.337260 -0.094759
v -0.104292 0.339851 -0.094675
v -0.102342 0.341302 -0.096002
v -0.100372 0.341302 -0.097870
v -0.098944 0.339851 -0.099747
v -0.098980 0.337260 -0.100644
v -0.099874 0.334669 -0.100729
v -0.101825 0.333218 -0.099402
v -0.103795 0.333218 -0.097534
v -0.105223 0.334669 -0.095657
v -0.116064 0.341764 -0.108219
v -0.115456 0.343526 -0.108162
v -0.114130 0.344512 -0.109064
v -0.112791 0.344512 -0.110334
v -0.111819 0.343526 -0.111611
v -0.111844 0.341764 -0.112221
v -0.112452 0.340002 -0.112278
v -0.113778 0.339015 -0.111376
v -0.115118 0.339015 -0.110106
v -0.116090 0.340002 -0.108829
f 2461 2462 2472
f 2461 2472 2471
f 2462 2463 2473
f 2462 2473 2472
f 2463 2464 2474
f 2463 2474 2473
f 2464 2465 2475
f 2464 2475 2474
f 2465 2466 2476
f 2465 2476 2475
f 2466 2467 2477
f 2466 2477 2476
f 2467 2468 2478
f 2467 2478 2477
f 2468 2469 2479
f 2468 2479 2478
f 2469 2470 2480
f 2469 2480 2479
f 2470 2461 2471
f 2470 2471 2480
v -0.113954 0.341764 -0.110220
v -0.114805 0.341188 -0.108654
v -0.115680 0.340982 -0.106932
v -0.116584 0.341219 -0.105022
v -0.117516 0.341886 -0.102932
v -0.118471 0.342904 -0.100694
v -0.119441 0.344144 -0.098362
v -0.120414 0.345443 -0.096005
v -0.121380 0.346625 -0.093697
v -0.122327 0.347518 -0.091512
v -0.123245 0.347974 -0.089511
v -0.124127 0.347883 -0.087740
v -0.124970 0.347188 -0.086224
v -0.125774 0.345890 -0.084962
v -0.126542 0.344046 -0.083931
v -0.127282 0.341764 -0.083085
v -0.128002 0.339193 -0.082360
v -0.128715 0.336504 -0.081685
v -0.129432 0.333876 -0.080984
v -0.130163 0.331469 -0.080190
v -0.130917 0.329413 -0.079248
v -0.131700 0.327787 -0.078125
v -0.132511 0.326604 -0.076815
v -0.133346 0.325790 -0.075349
v -0.132495 0.326366 -0.076915
v -0.131620 0.326572 -0.078637
v -0.130716 0.326335 -0.080546
v -0.129784 0.325668 -0.082637
v -0.128829 0.324650 -0.084875
v -0.127860 0.323410 -0.087207
v -0.126887 0.322111 -0.089564
v -0.125921 0.320929 -0.091872
v -0.124974 0.320036 -0.094057
v -0.124056 0.319581 -0.096058
v -0.123173 0.319671 -0.097829
v -0.122330 0.320366 -0.099345
v -0.121526 0.321664 -0.100607
v -0.120758 0.323509 -0.101638
v -0.120019 0.325790 -0.102484
v -0.119298 0.328362 -0.103209
v -0.118586 0.331050 -0.103884
v -0.117869 0.333679 -0.104585
v -0.117137 0.336085 -0.105379
v -0.116383 0.338141 -0.106321
v -0.115601 0.339768 -0.107444
v -0.114790 0.340951 -0.108754
f 2481 2482 2483
f 2481 2483 2482
f 2481 2483 2484
f 2481 2484 2483
f 2481 2484 2485
f 2481 2485 2484
f 2481 2485 2486
f 2481 2486 2485
f 2481 2486 2487
f 2481 2487 2486
f 2481 2487 2488
f 2481 2488 2487
f 2481 2488 2489
f 2481 2489 2488
f 2481 2489 2490
f 2481 2490 2489
f 2481 2490 2491
f 2481 2491 2490
f 2481 2491 2492
f 2481 2492 2491
f 2481 2492 2493
f 2481 2493 2492
f 2481 2493 2494
f 2481 2494 2493
f 2481 2494 2495
f 2481 2495 2494
f 2481 2495 2496
f 2481 2496 2495
f 2481 2496 2497
f 2481 2497 2496
f 2481 2497 2498
f 2481 2498 2497
f 2481 2498 2499
f 2481 2499 2498
f 2481 2499 2500
f 2481 2500 2499
f 2481 2500 2501
f 2481 2501 2500
f 2481 2501 2502
f 2481 2502 2501
f 2481 2502 2503
f 2481 2503 2502
f 2481 2503 2504
f 2481 2504 2503
f 2481 2504 2505
f 2481 2505 2504
f 2481 2505 2506
f 2481 2506 2505
f 2481 2506 2507
f 2481 2507 2506
f 2481 2507 2508
f 2481 2508 2507
f 2481 2508 2509
f 2481 2509 2508
f 2481 2509 2510
f 2481 2510 2509
f 2481 2510 2511
f 2481 2511 2510
f 2481 2511 2512
f 2481 2512 2511
f 2481 2512 2513
f 2481 2513 2512
f 2481 2513 2514
f 2481 2514 2513
f 2481 2514 2515
f 2481 2515 2514
f 2481 2515 2516
f 2481 2516 2515
f 2481 2516 2517
f 2481 2517 2516
f 2481 2517 2518
f 2481 2518 2517
f 2481 2518 2519
f 2481 2519 2518
f 2481 2519 2520
f 2481 2520 2519
f 2481 2520 2521
f 2481 2521 2520
f 2481 2521 2522
f 2481 2522 2521
f 2481 2522 2523
f 2481 2523 2522
f 2481 2523 2524
f 2481 2524 2523
f 2481 2524 2525
f 2481 2525 2524
f 2481 2525 2526
f 2481 2526 2525
v -0.105281 0.337260 -0.100542
v -0.105731 0.339576 -0.099145
v -0.104490 0.340873 -0.097036
v -0.102460 0.340873 -0.095234
v -0.100220 0.339576 -0.094250
v -0.098886 0.337260 -0.094862
v -0.098436 0.334943 -0.096259
v -0.099677 0.333646 -0.098367
v -0.101707 0.333646 -0.100170
v -0.103947 0.334943 -0.101154
v -0.092083 0.347892 -0.113340
v -0.092389 0.349467 -0.112391
v -0.091545 0.350349 -0.110957
v -0.090165 0.350349 -0.109731
v -0.088642 0.349467 -0.109062
v -0.087735 0.347892 -0.109478
v -0.087428 0.346317 -0.110428
v -0.088272 0.345434 -0.111862
v -0.089653 0.345434 -0.113088
v -0.091176 0.346317 -0.113757
f 2527 2528 2538
f 2527 2538 2537
f 2528 2529 2539
f 2528 2539 2538
f 2529 2530 2540
f 2529 2540 2539
f 2530 2531 2541
f 2530 2541 2540
f 2531 2532 2542
f 2531 2542 2541
f 2532 2533 2543
f 2532 2543 2542
f 2533 2534 2544
f 2533 2544 2543
f 2534 2535 2545
f 2534 2545 2544
f 2535 2536 2546
f 2535 2546 2545
f 2536 2527 2537
f 2536 2537 2546
v -0.089909 0.347892 -0.111409
v -0.092191 0.346967 -0.112060
v -0.094602 0.346291 -0.112634
v -0.097252 0.346073 -0.113063
v -0.100206 0.346441 -0.113309
v -0.103472 0.347409 -0.113366
v -0.106997 0.348875 -0.113267
v -0.110672 0.350628 -0.113078
v -0.114347 0.352384 -0.112888
v -0.117860 0.353826 -0.112797
v -0.121057 0.354660 -0.112896
v -0.123817 0.354655 -0.113258
v -0.126077 0.353689 -0.113923
v -0.127837 0.351760 -0.114889
v -0.129161 0.348993 -0.116119
v -0.130169 0.345616 -0.117539
v -0.131013 0.341927 -0.119058
v -0.131859 0.338241 -0.120576
v -0.132855 0.334842 -0.122004
v -0.134109 0.331940 -0.123276
v -0.135675 0.329639 -0.124359
v -0.137546 0.327923 -0.125259
v -0.139655 0.326666 -0.126014
v -0.141893 0.325657 -0.126692
v -0.139611 0.326582 -0.126041
v -0.137200 0.327258 -0.125467
v -0.134550 0.327476 -0.125038
v -0.131596 0.327108 -0.124792
v -0.128330 0.326140 -0.124735
v -0.124805 0.324674 -0.124834
v -0.121131 0.322921 -0.125023
v -0.117455 0.321166 -0.125213
v -0.113942 0.319723 -0.125305
v -0.110745 0.318889 -0.125205
v -0.107985 0.318894 -0.124843
v -0.105725 0.319860 -0.124178
v -0.103965 0.321790 -0.123212
v -0.102641 0.324557 -0.121982
v -0.101633 0.327933 -0.120562
v -0.100789 0.331622 -0.119043
v -0.099943 0.335308 -0.117525
v -0.098948 0.338708 -0.116097
v -0.097694 0.341609 -0.114825
v -0.096127 0.343910 -0.113742
v -0.094256 0.345626 -0.112842
v -0.092147 0.346883 -0.112087
f 2547 2548 2549
f 2547 2549 2548
f 2547 2549 2550
f 2547 2550 2549
f 2547 2550 2551
f 2547 2551 2550
f 2547 2551 2552
f 2547 2552 2551
f 2547 2552 2553
f 2547 2553 2552
f 2547 2553 2554
f 2547 2554 2553
f 2547 2554 2555
f 2547 2555 2554
f 2547 2555 2556
f 2547 2556 2555
f 2547 2556 2557
f 2547 2557 2556
f 2547 2557 2558
f 2547 2558 2557
f 2547 2558 2559
f 2547 2559 2558
f 2547 2559 2560
f 2547 2560 2559
f 2547 2560 2561
f 2547 2561 2560
f 2547 2561 2562
f 2547 2562 2561
f 2547 2562 2563
f 2547 2563 2562
f 2547 2563 2564
f 2547 2564 2563
f 2547 2564 2565
f 2547 2565 2564
f 2547 2565 2566
f 2547 2566 2565
f 2547 2566 2567
f 2547 2567 2566
f 2547 2567 2568
f 2547 2568 2567
f 2547 2568 2569
f 2547 2569 2568
f 2547 2569 2570
f 2547 2570 2569
f 2547 2570 2571
f 2547 2571 2570
f 2547 2571 2572
f 2547 2572 2571
f 2547 2572 2573
f 2547 2573 2572
f 2547 2573 2574
f 2547 2574 2573
f 2547 2574 2575
f 2547 2575 2574
f 2547 2575 2576
f 2547 2576 2575
f 2547 2576 2577
f 2547 2577 2576
f 2547 2577 2578
f 2547 2578 2577
f 2547 2578 2579
f 2547 2579 2578
f 2547 2579 2580
f 2547 2580 2579
f 2547 2580 2581
f 2547 2581 2580
f 2547 2581 2582
f 2547 2582 2581
f 2547 2582 2583
f 2547 2583 2582
f 2547 2583 2584
f 2547 2584 2583
f 2547 2584 2585
f 2547 2585 2584
f 2547 2585 2586
f 2547 2586 2585
f 2547 2586 2587
f 2547 2587 2586
f 2547 2587 2588
f 2547 2588 2587
f 2547 2588 2589
f 2547 2589 2588
f 2547 2589 2590
f 2547 2590 2589
f 2547 2590 2591
f 2547 2591 2590
f 2547 2591 2592
f 2547 2592 2591
v -0.089909 0.347892 -0.111409
v -0.089111 0.347506 -0.108921
v -0.088144 0.346809 -0.106524
v -0.086899 0.345600 -0.104278
v -0.085327 0.343786 -0.102209
v -0.083437 0.341387 -0.100313
v -0.081301 0.338534 -0.098550
v -0.079038 0.335447 -0.096856
v -0.076800 0.332406 -0.095148
v -0.074748 0.329709 -0.093339
v -0.073031 0.327628 -0.091349
v -0.071760 0.326370 -0.089117
v -0.070996 0.326047 -0.086610
v -0.070739 0.326659 -0.083828
v -0.070929 0.328095 -0.080805
v -0.071453 0.330146 -0.077600
v -0.072163 0.332542 -0.074294
v -0.072898 0.334983 -0.070974
v -0.073506 0.337191 -0.067723
v -0.073868 0.338944 -0.064606
v -0.073913 0.340113 -0.061660
v -0.073630 0.340676 -0.058893
v -0.073069 0.340728 -0.056276
v -0.072339 0.340468 -0.053751
v -0.073137 0.340853 -0.056239
v -0.074104 0.341551 -0.058636
v -0.075348 0.342760 -0.060882
v -0.076921 0.344574 -0.062951
v -0.078811 0.346973 -0.064847
v -0.080947 0.349826 -0.066610
v -0.083210 0.352913 -0.068304
v -0.085448 0.355954 -0.070012
v -0.087499 0.358651 -0.071821
v -0.089217 0.360732 -0.073811
v -0.090488 0.361990 -0.076043
v -0.091252 0.362313 -0.078550
v -0.091508 0.361700 -0.081331
v -0.091319 0.360265 -0.084355
v -0.090795 0.358213 -0.087560
v -0.090085 0.355818 -0.090866
v -0.089350 0.353377 -0.094186
v -0.088742 0.351169 -0.097437
v -0.088380 0.349416 -0.100554
v -0.088335 0.348247 -0.103499
v -0.088618 0.347684 -0.106267
v -0.089179 0.347632 -0.108884
f 2593 2594 2595
f 2593 2595 2594
f 2593 2595 2596
f 2593 2596 2595
f 2593 2596 2597
f 2593 2597 2596
f 2593 2597 2598
f 2593 2598 2597
f 2593 2598 2599
f 2593 2599 2598
f 2593 2599 2600
f 2593 2600 2599
f 2593 2600 2601
f 2593 2601 2600
f 2593 2601 2602
f 2593 2602 2601
f 2593 2602 2603
f 2593 2603 2602
f 2593 2603 2604
f 2593 2604 2603
f 2593 2604 2605
f 2593 2605 2604
f 2593 2605 2606
f 2593 2606 2605
f 2593 2606 2607
f 2593 2607 2606
f 2593 2607 2608
f 2593 2608 2607
f 2593 2608 2609
f 2593 2609 2608
f 2593 2609 2610
f 2593 2610 2609
f 2593 2610 2611
f 2593 2611 2610
f 2593 2611 2612
f 2593 2612 2611
f 2593 2612 2613
f 2593 2613 2612
f 2593 2613 2614
f 2593 2614 2613
f 2593 2614 2615
f 2593 2615 2614
f 2593 2615 2616
f 2593 2616 2615
f 2593 2616 2617
f 2593 2617 2616
f 2593 2617 2618
f 2593 2618 2617
f 2593 2618 2619
f 2593 2619 2618
f 2593 2619 2620
f 2593 2620 2619
f 2593 2620 2621
f 2593 2621 2620
f 2593 2621 2622
f 2593 2622 2621
f 2593 2622 2623
f 2593 2623 2622
f 2593 2623 2624
f 2593 2624 2623
f 2593 2624 2625
f 2593 2625 2624
f 2593 2625 2626
f 2593 2626 2625
f 2593 2626 2627
f 2593 2627 2626
f 2593 2627 2628
f 2593 2628 2627
f 2593 2628 2629
f 2593 2629 2628
f 2593 2629 2630
f 2593 2630 2629
f 2593 2630 2631
f 2593 2631 2630
f 2593 2631 2632
f 2593 2632 2631
f 2593 2632 2633
f 2593 2633 2632
f 2593 2633 2634
f 2593 2634 2633
f 2593 2634 2635
f 2593 2635 2634
f 2593 2635 2636
f 2593 2636 2635
f 2593 2636 2637
f 2593 2637 2636
f 2593 2637 2638
f 2593 2638 2637
v -0.104324 0.340537 -0.056828
v -0.101188 0.342965 -0.057559
v -0.099302 0.344324 -0.060904
v -0.099127 0.344324 -0.064892
v -0.100711 0.342965 -0.068389
v -0.103771 0.340537 -0.069393
v -0.106907 0.338110 -0.068662
v -0.108793 0.336751 -0.065318
v -0.108968 0.336751 -0.061330
v -0.107384 0.338110 -0.057832
v -0.125009 0.367104 -0.059754
v -0.122876 0.368755 -0.060251
v -0.121594 0.369679 -0.062525
v -0.121474 0.369679 -0.065238
v -0.122552 0.368755 -0.067616
v -0.124632 0.367104 -0.068298
v -0.126765 0.365454 -0.067801
v -0.128047 0.364530 -0.065527
v -0.128167 0.364530 -0.062815
v -0.127090 0.365454 -0.060437
f 2639 2640 2650
f 2639 2650 2649
f 2640 2641 2651
f 2640 2651 2650
f 2641 2642 2652
f 2641 2652 2651
f 2642 2643 2653
f 2642 2653 2652
f 2643 2644 2654
f 2643 2654 2653
f 2644 2645 2655
f 2644 2655 2654
f 2645 2646 2656
f 2645 2656 2655
f 2646 2647 2657
f 2646 2657 2656
f 2647 2648 2658
f 2647 2658 2657
f 2648 2639 2649
f 2648 2649 2658
v -0.124821 0.367104 -0.064026
v -0.123831 0.366414 -0.061883
v -0.122675 0.365853 -0.059773
v -0.121160 0.365569 -0.057732
v -0.119141 0.365677 -0.055790
v -0.116561 0.366220 -0.053957
v -0.113481 0.367150 -0.052222
v -0.110076 0.368332 -0.050550
v -0.106609 0.369562 -0.048889
v -0.103391 0.370600 -0.047181
v -0.100721 0.371212 -0.045366
v -0.098837 0.371215 -0.043397
v -0.097870 0.370507 -0.041250
v -0.097820 0.369089 -0.038924
v -0.098555 0.367061 -0.036445
v -0.099839 0.364608 -0.033859
v -0.101372 0.361963 -0.031224
v -0.102843 0.359365 -0.028602
v -0.103989 0.357019 -0.026043
v -0.104634 0.355061 -0.023581
v -0.104719 0.353538 -0.021229
v -0.104299 0.352406 -0.018975
v -0.103521 0.351551 -0.016791
v -0.102577 0.350826 -0.014639
v -0.103566 0.351517 -0.016782
v -0.104723 0.352078 -0.018892
v -0.106237 0.352361 -0.020933
v -0.108256 0.352253 -0.022875
v -0.110836 0.351711 -0.024708
v -0.113916 0.350781 -0.026444
v -0.117322 0.349598 -0.028116
v -0.120788 0.348368 -0.029776
v -0.124007 0.347331 -0.031484
v -0.126676 0.346719 -0.033300
v -0.128560 0.346716 -0.035268
v -0.129527 0.347424 -0.037416
v -0.129578 0.348842 -0.039742
v -0.128842 0.350870 -0.042221
v -0.127558 0.353323 -0.044807
v -0.126026 0.355968 -0.047441
v -0.124554 0.358566 -0.050064
v -0.123409 0.360912 -0.052623
v -0.122763 0.362869 -0.055084
v -0.122678 0.364393 -0.057437
v -0.123098 0.365525 -0.059691
v -0.123876 0.366379 -0.061875
f 2659 2660 2661
f 2659 2661 2660
f 2659 2661 2662
f 2659 2662 2661
f 2659 2662 2663
f 2659 2663 2662
f 2659 2663 2664
f 2659 2664 2663
f 2659 2664 2665
f 2659 2665 2664
f 2659 2665 2666
f 2659 2666 2665
f 2659 2666 2667
f 2659 2667 2666
f 2659 2667 2668
f 2659 2668 2667
f 2659 2668 2669
f 2659 2669 2668
f 2659 2669 2670
f 2659 2670 2669
f 2659 2670 2671
f 2659 2671 2670
f 2659 2671 2672
f 2659 2672 2671
f 2659 2672 2673
f 2659 2673 2672
f 2659 2673 2674
f 2659 2674 2673
f 2659 2674 2675
f 2659 2675 2674
f 2659 2675 2676
f 2659 2676 2675
f 2659 2676 2677
f 2659 2677 2676
f 2659 2677 2678
f 2659 2678 2677
f 2659 2678 2679
f 2659 2679 2678
f 2659 2679 2680
f 2659 2680 2679
f 2659 2680 2681
f 2659 2681 2680
f 2659 2681 2682
f 2659 2682 2681
f 2659 2682 2683
f 2659 2683 2682
f 2659 2683 2684
f 2659 2684 2683
f 2659 2684 2685
f 2659 2685 2684
f 2659 2685 2686
f 2659 2686 2685
f 2659 2686 2687
f 2659 2687 2686
f 2659 2687 2688
f 2659 2688 2687
f 2659 2688 2689
f 2659 2689 2688
f 2659 2689 2690
f 2659 2690 2689
f 2659 2690 2691
f 2659 2691 2690
f 2659 2691 2692
f 2659 2692 2691
f 2659 2692 2693
f 2659 2693 2692
f 2659 2693 2694
f 2659 2694 2693
f 2659 2694 2695
f 2659 2695 2694
f 2659 2695 2696
f 2659 2696 2695
f 2659 2696 2697
f 2659 2697 2696
f 2659 2697 2698
f 2659 2698 2697
f 2659 2698 2699
f 2659 2699 2698
f 2659 2699 2700
f 2659 2700 2699
f 2659 2700 2701
f 2659 2701 2700
f 2659 2701 2702
f 2659 2702 2701
f 2659 2702 2703
f 2659 2703 2702
f 2659 2703 2704
f 2659 2704 2703
v -0.124821 0.367104 -0.064026
v -0.123921 0.366198 -0.066326
v -0.123214 0.365142 -0.068645
v -0.122902 0.363774 -0.071003
v -0.123136 0.361978 -0.073417
v -0.123966 0.359714 -0.075891
v -0.125317 0.357040 -0.078417
v -0.127000 0.354106 -0.080977
v -0.128733 0.351132 -0.083541
v -0.130192 0.348374 -0.086078
v -0.131064 0.346077 -0.088556
v -0.131105 0.344433 -0.090950
v -0.130179 0.343548 -0.093247
v -0.128286 0.343422 -0.095447
v -0.125561 0.343950 -0.097562
v -0.122249 0.344938 -0.099619
v -0.118663 0.346142 -0.101648
v -0.115128 0.347306 -0.103682
v -0.111924 0.348210 -0.105749
v -0.109242 0.348704 -0.107869
v -0.107155 0.348731 -0.110049
v -0.105614 0.348329 -0.112284
v -0.104469 0.347616 -0.114559
v -0.103516 0.346752 -0.116853
v -0.104415 0.347658 -0.114553
v -0.105123 0.348715 -0.112235
v -0.105434 0.350082 -0.109876
v -0.105200 0.351879 -0.107462
v -0.104371 0.354143 -0.104989
v -0.103019 0.356816 -0.102462
v -0.101336 0.359750 -0.099903
v -0.099603 0.362724 -0.097338
v -0.098144 0.365482 -0.094801
v -0.097272 0.367780 -0.092323
v -0.097232 0.369424 -0.089929
v -0.098158 0.370309 -0.087632
v -0.100051 0.370434 -0.085433
v -0.102776 0.369907 -0.083317
v -0.106087 0.368918 -0.081261
v -0.109673 0.367714 -0.079232
v -0.113208 0.366550 -0.077197
v -0.116412 0.365646 -0.075130
v -0.119094 0.365152 -0.073010
v -0.121181 0.365125 -0.070830
v -0.122722 0.365527 -0.068595
v -0.123867 0.366241 -0.066320
f 2705 2706 2707
f 2705 2707 2706
f 2705 2707 2708
f 2705 2708 2707
f 2705 2708 2709
f 2705 2709 2708
f 2705 2709 2710
f 2705 2710 2709
f 2705 2710 2711
f 2705 2711 2710
f 2705 2711 2712
f 2705 2712 2711
f 2705 2712 2713
f 2705 2713 2712
f 2705 2713 2714
f 2705 2714 2713
f 2705 2714 2715
f 2705 2715 2714
f 2705 2715 2716
f 2705 2716 2715
f 2705 2716 2717
f 2705 2717 2716
f 2705 2717 2718
f 2705 2718 2717
f 2705 2718 2719
f 2705 2719 2718
f 2705 2719 2720
f 2705 2720 2719
f 2705 2720 2721
f 2705 2721 2720
f 2705 2721 2722
f 2705 2722 2721
f 2705 2722 2723
f 2705 2723 2722
f 2705 2723 2724
f 2705 2724 2723
f 2705 2724 2725
f 2705 2725 2724
f 2705 2725 2726
f 2705 2726 2725
f 2705 2726 2727
f 2705 2727 2726
f 2705 2727 2728
f 2705 2728 2727
f 2705 2728 2729
f 2705 2729 2728
f 2705 2729 2730
f 2705 2730 2729
f 2705 2730 2731
f 2705 2731 2730
f 2705 2731 2732
f 2705 2732 2731
f 2705 2732 2733
f 2705 2733 2732
f 2705 2733 2734
f 2705 2734 2733
f 2705 2734 2735
f 2705 2735 2734
f 2705 2735 2736
f 2705 2736 2735
f 2705 2736 2737
f 2705 2737 2736
f 2705 2737 2738
f 2705 2738 2737
f 2705 2738 2739
f 2705 2739 2738
f 2705 2739 2740
f 2705 2740 2739
f 2705 2740 2741
f 2705 2741 2740
f 2705 2741 2742
f 2705 2742 2741
f 2705 2742 2743
f 2705 2743 2742
f 2705 2743 2744
f 2705 2744 2743
f 2705 2744 2745
f 2705 2745 2744
f 2705 2745 2746
f 2705 2746 2745
f 2705 2746 2747
f 2705 2747 2746
f 2705 2747 2748
f 2705 2748 2747
f 2705 2748 2749
f 2705 2749 2748
f 2705 2749 2750
f 2705 2750 2749
v -0.124283 0.367104 -0.059784
v -0.123352 0.369583 -0.060497
v -0.123082 0.370971 -0.062878
v -0.123423 0.370971 -0.065572
v -0.124279 0.369583 -0.067810
v -0.125358 0.367104 -0.068269
v -0.126289 0.364626 -0.067556
v -0.126559 0.363238 -0.065174
v -0.126218 0.363238 -0.062481
v -0.125363 0.364626 -0.060242
v -0.143367 0.374897 -0.058746
v -0.142734 0.376582 -0.059231
v -0.142550 0.377526 -0.060850
v -0.142782 0.377526 -0.062681
v -0.143364 0.376582 -0.064203
v -0.144098 0.374897 -0.064515
v -0.144731 0.373211 -0.064030
v -0.144915 0.372267 -0.062411
v -0.144683 0.372267 -0.060580
v -0.144101 0.373211 -0.059057
f 2751 2752 2762
f 2751 2762 2761
f 2752 2753 2763
f 2752 2763 2762
f 2753 2754 2764
f 2753 2764 2763
f 2754 2755 2765
f 2754 2765 2764
f 2755 2756 2766
f 2755 2766 2765
f 2756 2757 2767
f 2756 2767 2766
f 2757 2758 2768
f 2757 2768 2767
f 2758 2759 2769
f 2758 2769 2768
f 2759 2760 2770
f 2759 2770 2769
f 2760 2751 2761
f 2760 2761 2770
v -0.143732 0.374897 -0.061630
v -0.142143 0.375098 -0.059909
v -0.140394 0.375736 -0.058344
v -0.138448 0.376911 -0.056969
v -0.136308 0.378613 -0.055783
v -0.134008 0.380751 -0.054752
v -0.131606 0.383170 -0.053821
v -0.129172 0.385671 -0.052919
v -0.126789 0.388036 -0.051969
v -0.124535 0.390051 -0.050894
v -0.122477 0.391532 -0.049628
v -0.120665 0.392340 -0.048124
v -0.119125 0.392406 -0.046354
v -0.117859 0.391729 -0.044320
v -0.116838 0.390380 -0.042046
v -0.116014 0.388496 -0.039582
v -0.115319 0.386262 -0.036993
v -0.114673 0.383892 -0.034356
v -0.113997 0.381604 -0.031748
v -0.113218 0.379598 -0.029240
v -0.112279 0.378027 -0.026888
v -0.111147 0.376984 -0.024723
v -0.109818 0.376477 -0.022750
v -0.108328 0.376407 -0.020932
v -0.109917 0.376206 -0.022653
v -0.111666 0.375568 -0.024219
v -0.113613 0.374393 -0.025593
v -0.115752 0.372692 -0.026780
v -0.118052 0.370554 -0.027811
v -0.120455 0.368135 -0.028742
v -0.122888 0.365633 -0.029643
v -0.125271 0.363268 -0.030594
v -0.127525 0.361253 -0.031669
v -0.129584 0.359773 -0.032934
v -0.131396 0.358964 -0.034439
v -0.132935 0.358898 -0.036208
v -0.134202 0.359576 -0.038243
v -0.135222 0.360924 -0.040516
v -0.136046 0.362808 -0.042980
v -0.136741 0.365042 -0.045569
v -0.137387 0.367412 -0.048206
v -0.138063 0.369700 -0.050814
v -0.138842 0.371706 -0.053322
v -0.139781 0.373277 -0.055675
v -0.140913 0.374320 -0.057839
v -0.142243 0.374827 -0.059813
f 2771 2772 2773
f 2771 2773 2772
f 2771 2773 2774
f 2771 2774 2773
f 2771 2774 2775
f 2771 2775 2774
f 2771 2775 2776
f 2771 2776 2775
f 2771 2776 2777
f 2771 2777 2776
f 2771 2777 2778
f 2771 2778 2777
f 2771 2778 2779
f 2771 2779 2778
f 2771 2779 2780
f 2771 2780 2779
f 2771 2780 2781
f 2771 2781 2780
f 2771 2781 2782
f 2771 2782 2781
f 2771 2782 2783
f 2771 2783 2782
f 2771 2783 2784
f 2771 2784 2783
f 2771 2784 2785
f 2771 2785 2784
f 2771 2785 2786
f 2771 2786 2785
f 2771 2786 2787
f 2771 2787 2786
f 2771 2787 2788
f 2771 2788 2787
f 2771 2788 2789
f 2771 2789 2788
f 2771 2789 2790
f 2771 2790 2789
f 2771 2790 2791
f 2771 2791 2790
f 2771 2791 2792
f 2771 2792 2791
f 2771 2792 2793
f 2771 2793 2792
f 2771 2793 2794
f 2771 2794 2793
f 2771 2794 2795
f 2771 2795 2794
f 2771 2795 2796
f 2771 2796 2795
f 2771 2796 2797
f 2771 2797 2796
f 2771 2797 2798
f 2771 2798 2797
f 2771 2798 2799
f 2771 2799 2798
f 2771 2799 2800
f 2771 2800 2799
f 2771 2800 2801
f 2771 2801 2800
f 2771 2801 2802
f 2771 2802 2801
f 2771 2802 2803
f 2771 2803 2802
f 2771 2803 2804
f 2771 2804 2803
f 2771 2804 2805
f 2771 2805 2804
f 2771 2805 2806
f 2771 2806 2805
f 2771 2806 2807
f 2771 2807 2806
f 2771 2807 2808
f 2771 2808 2807
f 2771 2808 2809
f 2771 2809 2808
f 2771 2809 2810
f 2771 2810 2809
f 2771 2810 2811
f 2771 2811 2810
f 2771 2811 2812
f 2771 2812 2811
f 2771 2812 2813
f 2771 2813 2812
f 2771 2813 2814
f 2771 2814 2813
f 2771 2814 2815
f 2771 2815 2814
f 2771 2815 2816
f 2771 2816 2815
v -0.120561 0.367104 -0.063649
v -0.120952 0.368577 -0.065929
v -0.123161 0.369401 -0.067383
v -0.125865 0.369401 -0.067622
v -0.128295 0.368577 -0.066580
v -0.129080 0.367104 -0.064404
v -0.128689 0.365632 -0.062123
v -0.126481 0.364808 -0.060670
v -0.123776 0.364808 -0.060431
v -0.121347 0.365632 -0.061473
v -0.122809 0.382336 -0.053784
v -0.123074 0.383337 -0.055335
v -0.124576 0.383898 -0.056323
v -0.126415 0.383898 -0.056486
v -0.128067 0.383337 -0.055777
v -0.128602 0.382336 -0.054298
v -0.128336 0.381335 -0.052747
v -0.126834 0.380775 -0.051759
v -0.124995 0.380775 -0.051596
v -0.123343 0.381335 -0.052305
f 2817 2818 2828
f 2817 2828 2827
f 2818 2819 2829
f 2818 2829 2828
f 2819 2820 2830
f 2819 2830 2829
f 2820 2821 2831
f 2820 2831 2830
f 2821 2822 2832
f 2821 2832 2831
f 2822 2823 2833
f 2822 2833 2832
f 2823 2824 2834
f 2823 2834 2833
f 2824 2825 2835
f 2824 2835 2834
f 2825 2826 2836
f 2825 2836 2835
f 2826 2817 2827
f 2826 2827 2836
v -0.125705 0.382336 -0.054041
v -0.123385 0.382261 -0.054745
v -0.121145 0.382410 -0.055798
v -0.119016 0.382876 -0.057342
v -0.117007 0.383680 -0.059415
v -0.115106 0.384787 -0.061959
v -0.113280 0.386109 -0.064838
v -0.111486 0.387521 -0.067855
v -0.109672 0.388874 -0.070782
v -0.107783 0.390018 -0.073384
v -0.105774 0.390821 -0.075455
v -0.103609 0.391184 -0.076840
v -0.101269 0.391053 -0.077456
v -0.098755 0.390428 -0.077303
v -0.096084 0.389362 -0.076465
v -0.093293 0.387955 -0.075095
v -0.090428 0.386339 -0.073400
v -0.087543 0.384666 -0.071615
v -0.084689 0.383081 -0.069969
v -0.081911 0.381711 -0.068657
v -0.079240 0.380644 -0.067816
v -0.076689 0.379917 -0.067504
v -0.074250 0.379505 -0.067683
v -0.071890 0.379317 -0.068212
v -0.074210 0.379392 -0.067508
v -0.076450 0.379243 -0.066455
v -0.078579 0.378778 -0.064910
v -0.080588 0.377973 -0.062838
v -0.082490 0.376866 -0.060294
v -0.084315 0.375544 -0.057415
v -0.086109 0.374133 -0.054397
v -0.087924 0.372780 -0.051471
v -0.089812 0.371635 -0.048869
v -0.091821 0.370832 -0.046798
v -0.093986 0.370469 -0.045413
v -0.096326 0.370601 -0.044797
v -0.098841 0.371226 -0.044949
v -0.101511 0.372292 -0.045788
v -0.104302 0.373699 -0.047158
v -0.107167 0.375314 -0.048852
v -0.110053 0.376988 -0.050638
v -0.112907 0.378572 -0.052284
v -0.115685 0.379942 -0.053596
v -0.118356 0.381009 -0.054436
v -0.120906 0.381737 -0.054749
v -0.123345 0.382149 -0.054569
f 2837 2838 2839
f 2837 2839 2838
f 2837 2839 2840
f 2837 2840 2839
f 2837 2840 2841
f 2837 2841 2840
f 2837 2841 2842
f 2837 2842 2841
f 2837 2842 2843
f 2837 2843 2842
f 2837 2843 2844
f 2837 2844 2843
f 2837 2844 2845
f 2837 2845 2844
f 2837 2845 2846
f 2837 2846 2845
f 2837 2846 2847
f 2837 2847 2846
f 2837 2847 2848
f 2837 2848 2847
f 2837 2848 2849
f 2837 2849 2848
f 2837 2849 2850
f 2837 2850 2849
f 2837 2850 2851
f 2837 2851 2850
f 2837 2851 2852
f 2837 2852 2851
f 2837 2852 2853
f 2837 2853 2852
f 2837 2853 2854
f 2837 2854 2853
f 2837 2854 2855
f 2837 2855 2854
f 2837 2855 2856
f 2837 2856 2855
f 2837 2856 2857
f 2837 2857 2856
f 2837 2857 2858
f 2837 2858 2857
f 2837 2858 2859
f 2837 2859 2858
f 2837 2859 2860
f 2837 2860 2859
f 2837 2860 2861
f 2837 2861 2860
f 2837 2861 2862
f 2837 2862 2861
f 2837 2862 2863
f 2837 2863 2862
f 2837 2863 2864
f 2837 2864 2863
f 2837 2864 2865
f 2837 2865 2864
f 2837 2865 2866
f 2837 2866 2865
f 2837 2866 2867
f 2837 2867 2866
f 2837 2867 2868
f 2837 2868 2867
f 2837 2868 2869
f 2837 2869 2868
f 2837 2869 2870
f 2837 2870 2869
f 2837 2870 2871
f 2837 2871 2870
f 2837 2871 2872
f 2837 2872 2871
f 2837 2872 2873
f 2837 2873 2872
f 2837 2873 2874
f 2837 2874 2873
f 2837 2874 2875
f 2837 2875 2874
f 2837 2875 2876
f 2837 2876 2875
f 2837 2876 2877
f 2837 2877 2876
f 2837 2877 2878
f 2837 2878 2877
f 2837 2878 2879
f 2837 2879 2878
f 2837 2879 2880
f 2837 2880 2879
f 2837 2880 2881
f 2837 2881 2880
f 2837 2881 2882
f 2837 2882 2881
v -0.128966 0.367104 -0.062978
v -0.127810 0.368327 -0.060813
v -0.125225 0.369012 -0.060091
v -0.122593 0.369012 -0.060756
v -0.120663 0.368327 -0.062620
v -0.120675 0.367104 -0.065075
v -0.121831 0.365881 -0.067240
v -0.124416 0.365197 -0.067962
v -0.127048 0.365197 -0.067297
v -0.128978 0.365881 -0.065432
v -0.129785 0.384147 -0.071795
v -0.128998 0.384978 -0.070323
v -0.127241 0.385444 -0.069832
v -0.125451 0.385444 -0.070284
v -0.124138 0.384978 -0.071552
v -0.124146 0.384147 -0.073221
v -0.124933 0.383315 -0.074693
v -0.126690 0.382850 -0.075184
v -0.128480 0.382850 -0.074732
v -0.129792 0.383315 -0.073464
f 2883 2884 2894
f 2883 2894 2893
f 2884 2885 2895
f 2884 2895 2894
f 2885 2886 2896
f 2885 2896 2895
f 2886 2887 2897
f 2886 2897 2896
f 2887 2888 2898
f 2887 2898 2897
f 2888 2889 2899
f 2888 2899 2898
f 2889 2890 2900
f 2889 2900 2899
f 2890 2891 2901
f 2890 2901 2900
f 2891 2892 2902
f 2891 2902 2901
f 2892 2883 2893
f 2892 2893 2902
v -0.126965 0.384147 -0.072508
v -0.129137 0.383481 -0.070825
v -0.131155 0.382970 -0.068869
v -0.132902 0.382733 -0.066433
v -0.134314 0.382834 -0.063402
v -0.135390 0.383273 -0.059775
v -0.136195 0.383986 -0.055667
v -0.136851 0.384851 -0.051293
v -0.137516 0.385705 -0.046936
v -0.138365 0.386374 -0.042905
v -0.139559 0.386695 -0.039486
v -0.141222 0.386543 -0.036901
v -0.143421 0.385849 -0.035267
v -0.146157 0.384613 -0.034586
v -0.149362 0.382904 -0.034738
v -0.152911 0.380847 -0.035502
v -0.156645 0.378605 -0.036592
v -0.160388 0.376353 -0.037699
v -0.163981 0.374252 -0.038541
v -0.167303 0.372424 -0.038901
v -0.170290 0.370936 -0.038665
v -0.172942 0.369785 -0.037835
v -0.175323 0.368908 -0.036524
v -0.177550 0.368186 -0.034940
v -0.175378 0.368852 -0.036623
v -0.173361 0.369362 -0.038579
v -0.171614 0.369600 -0.041015
v -0.170202 0.369499 -0.044046
v -0.169125 0.369059 -0.047673
v -0.168320 0.368346 -0.051781
v -0.167664 0.367482 -0.056155
v -0.166999 0.366628 -0.060512
v -0.166150 0.365958 -0.064543
v -0.164956 0.365637 -0.067961
v -0.163293 0.365790 -0.070547
v -0.161094 0.366484 -0.072180
v -0.158358 0.367719 -0.072861
v -0.155154 0.369428 -0.072710
v -0.151604 0.371485 -0.071946
v -0.147870 0.373728 -0.070856
v -0.144127 0.375980 -0.069748
v -0.140534 0.378081 -0.068907
v -0.137212 0.379908 -0.068547
v -0.134225 0.381397 -0.068783
v -0.131574 0.382547 -0.069613
v -0.129193 0.383425 -0.070924
f 2903 2904 2905
f 2903 2905 2904
f 2903 2905 2906
f 2903 2906 2905
f 2903 2906 2907
f 2903 2907 2906
f 2903 2907 2908
f 2903 2908 2907
f 2903 2908 2909
f 2903 2909 2908
f 2903 2909 2910
f 2903 2910 2909
f 2903 2910 2911
f 2903 2911 2910
f 2903 2911 2912
f 2903 2912 2911
f 2903 2912 2913
f 2903 2913 2912
f 2903 2913 2914
f 2903 2914 2913
f 2903 2914 2915
f 2903 2915 2914
f 2903 2915 2916
f 2903 2916 2915
f 2903 2916 2917
f 2903 2917 2916
f 2903 2917 2918
f 2903 2918 2917
f 2903 2918 2919
f 2903 2919 2918
f 2903 2919 2920
f 2903 2920 2919
f 2903 2920 2921
f 2903 2921 2920
f 2903 2921 2922
f 2903 2922 2921
f 2903 2922 2923
f 2903 2923 2922
f 2903 2923 2924
f 2903 2924 2923
f 2903 2924 2925
f 2903 2925 2924
f 2903 2925 2926
f 2903 2926 2925
f 2903 2926 2927
f 2903 2927 2926
f 2903 2927 2928
f 2903 2928 2927
f 2903 2928 2929
f 2903 2929 2928
f 2903 2929 2930
f 2903 2930 2929
f 2903 2930 2931
f 2903 2931 2930
f 2903 2931 2932
f 2903 2932 2931
f 2903 2932 2933
f 2903 2933 2932
f 2903 2933 2934
f 2903 2934 2933
f 2903 2934 2935
f 2903 2935 2934
f 2903 2935 2936
f 2903 2936 2935
f 2903 2936 2937
f 2903 2937 2936
f 2903 2937 2938
f 2903 2938 2937
f 2903 2938 2939
f 2903 2939 2938
f 2903 2939 2940
f 2903 2940 2939
f 2903 2940 2941
f 2903 2941 2940
f 2903 2941 2942
f 2903 2942 2941
f 2903 2942 2943
f 2903 2943 2942
f 2903 2943 2944
f 2903 2944 2943
f 2903 2944 2945
f 2903 2945 2944
f 2903 2945 2946
f 2903 2946 2945
f 2903 2946 2947
f 2903 2947 2946
f 2903 2947 2948
f 2903 2948 2947
v -0.106082 0.340537 -0.069061
v -0.108391 0.343369 -0.067354
v -0.108734 0.344954 -0.063618
v -0.107443 0.344954 -0.059841
v -0.104884 0.343369 -0.057097
v -0.102013 0.340537 -0.057160
v -0.099704 0.337706 -0.058867
v -0.099361 0.336121 -0.062603
v -0.100652 0.336121 -0.066381
v -0.103211 0.337706 -0.069125
v -0.079841 0.366686 -0.075905
v -0.081412 0.368611 -0.074744
v -0.081645 0.369689 -0.072204
v -0.080767 0.369689 -0.069635
v -0.079027 0.368611 -0.067769
v -0.077075 0.366686 -0.067812
v -0.075505 0.364760 -0.068973
v -0.075271 0.363682 -0.071513
v -0.076150 0.363682 -0.074082
v -0.077889 0.364760 -0.075948
f 2949 2950 2960
f 2949 2960 2959
f 2950 2951 2961
f 2950 2961 2960
f 2951 2952 2962
f 2951 2962 2961
f 2952 2953 2963
f 2952 2963 2962
f 2953 2954 2964
f 2953 2964 2963
f 2954 2955 2965
f 2954 2965 2964
f 2955 2956 2966
f 2955 2966 2965
f 2956 2957 2967
f 2956 2967 2966
f 2957 2958 2968
f 2957 2968 2967
f 2958 2949 2959
f 2958 2959 2968
v -0.078458 0.366686 -0.071858
v -0.080021 0.365476 -0.073628
v -0.081912 0.364598 -0.075367
v -0.084261 0.364184 -0.077060
v -0.087099 0.364264 -0.078707
v -0.090372 0.364784 -0.080312
v -0.093953 0.365614 -0.081887
v -0.097659 0.366571 -0.083450
v -0.101278 0.367441 -0.085021
v -0.104595 0.368005 -0.086621
v -0.107420 0.368072 -0.088269
v -0.109610 0.367497 -0.089978
v -0.111090 0.366203 -0.091756
v -0.111859 0.364191 -0.093603
v -0.111993 0.361538 -0.095511
v -0.111634 0.358386 -0.097466
v -0.110974 0.354929 -0.099451
v -0.110227 0.351385 -0.101444
v -0.109606 0.347967 -0.103425
v -0.109291 0.344860 -0.105376
v -0.109412 0.342193 -0.107285
v -0.110022 0.340021 -0.109147
v -0.111091 0.338311 -0.110965
v -0.112487 0.336934 -0.112751
v -0.110924 0.338143 -0.110981
v -0.109033 0.339021 -0.109243
v -0.106684 0.339435 -0.107549
v -0.103846 0.339355 -0.105902
v -0.100573 0.338835 -0.104297
v -0.096992 0.338005 -0.102723
v -0.093286 0.337048 -0.101160
v -0.089667 0.336178 -0.099588
v -0.086350 0.335614 -0.097988
v -0.083525 0.335547 -0.096340
v -0.081335 0.336122 -0.094631
v -0.079855 0.337416 -0.092853
v -0.079086 0.339428 -0.091006
v -0.078952 0.342082 -0.089098
v -0.079311 0.345233 -0.087143
v -0.079971 0.348690 -0.085158
v -0.080718 0.352234 -0.083165
v -0.081339 0.355652 -0.081184
v -0.081653 0.358759 -0.079233
v -0.081533 0.361426 -0.077324
v -0.080923 0.363599 -0.075462
v -0.079854 0.365308 -0.073644
f 2969 2970 2971
f 2969 2971 2970
f 2969 2971 2972
f 2969 2972 2971
f 2969 2972 2973
f 2969 2973 2972
f 2969 2973 2974
f 2969 2974 2973
f 2969 2974 2975
f 2969 2975 2974
f 2969 2975 2976
f 2969 2976 2975
f 2969 2976 2977
f 2969 2977 2976
f 2969 2977 2978
f 2969 2978 2977
f 2969 2978 2979
f 2969 2979 2978
f 2969 2979 2980
f 2969 2980 2979
f 2969 2980 2981
f 2969 2981 2980
f 2969 2981 2982
f 2969 2982 2981
f 2969 2982 2983
f 2969 2983 2982
f 2969 2983 2984
f 2969 2984 2983
f 2969 2984 2985
f 2969 2985 2984
f 2969 2985 2986
f 2969 2986 2985
f 2969 2986 2987
f 2969 2987 2986
f 2969 2987 2988
f 2969 2988 2987
f 2969 2988 2989
f 2969 2989 2988
f 2969 2989 2990
f 2969 2990 2989
f 2969 2990 2991
f 2969 2991 2990
f 2969 2991 2992
f 2969 2992 2991
f 2969 2992 2993
f 2969 2993 2992
f 2969 2993 2994
f 2969 2994 2993
f 2969 2994 2995
f 2969 2995 2994
f 2969 2995 2996
f 2969 2996 2995
f 2969 2996 2997
f 2969 2997 2996
f 2969 2997 2998
f 2969 2998 2997
f 2969 2998 2999
f 2969 2999 2998
f 2969 2999 3000
f 2969 3000 2999
f 2969 3000 3001
f 2969 3001 3000
f 2969 3001 3002
f 2969 3002 3001
f 2969 3002 3003
f 2969 3003 3002
f 2969 3003 3004
f 2969 3004 3003
f 2969 3004 3005
f 2969 3005 3004
f 2969 3005 3006
f 2969 3006 3005
f 2969 3006 3007
f 2969 3007 3006
f 2969 3007 3008
f 2969 3008 3007
f 2969 3008 3009
f 2969 3009 3008
f 2969 3009 3010
f 2969 3010 3009
f 2969 3010 3011
f 2969 3011 3010
f 2969 3011 3012
f 2969 3012 3011
f 2969 3012 3013
f 2969 3013 3012
f 2969 3013 3014
f 2969 3014 3013
v -0.079911 0.366686 -0.075880
v -0.080327 0.369282 -0.075102
v -0.079881 0.370736 -0.072788
v -0.078959 0.370736 -0.070234
v -0.077823 0.369282 -0.068169
v -0.077005 0.366686 -0.067837
v -0.076589 0.364089 -0.068615
v -0.077035 0.362635 -0.070929
v -0.077957 0.362635 -0.073483
v -0.079094 0.364089 -0.075548
v -0.060216 0.371849 -0.081540
v -0.060499 0.373615 -0.081011
v -0.060196 0.374604 -0.079437
v -0.059569 0.374604 -0.077700
v -0.058796 0.373615 -0.076296
v -0.058240 0.371849 -0.076070
v -0.057957 0.370084 -0.076599
v -0.058261 0.369095 -0.078173
v -0.058888 0.369095 -0.079909
v -0.059660 0.370084 -0.081314
f 3015 3016 3026
f 3015 3026 3025
f 3016 3017 3027
f 3016 3027 3026
f 3017 3018 3028
f 3017 3028 3027
f 3018 3019 3029
f 3018 3029 3028
f 3019 3020 3030
f 3019 3030 3029
f 3020 3021 3031
f 3020 3031 3030
f 3021 3022 3032
f 3021 3032 3031
f 3022 3023 3033
f 3022 3033 3032
f 3023 3024 3034
f 3023 3034 3033
f 3024 3015 3025
f 3024 3025 3034
v -0.059228 0.371849 -0.078805
v -0.061767 0.372769 -0.080088
v -0.064407 0.374536 -0.081021
v -0.067123 0.376938 -0.081692
v -0.069894 0.379792 -0.082177
v -0.072695 0.382912 -0.082553
v -0.075506 0.386101 -0.082899
v -0.078302 0.389171 -0.083295
v -0.081062 0.391940 -0.083815
v -0.083767 0.394251 -0.084524
v -0.086402 0.395978 -0.085474
v -0.088957 0.397031 -0.086701
v -0.091426 0.397365 -0.088226
v -0.093809 0.396979 -0.090047
v -0.096111 0.395919 -0.092146
v -0.098343 0.394275 -0.094486
v -0.100521 0.392173 -0.097015
v -0.102663 0.389771 -0.099668
v -0.104790 0.387248 -0.102370
v -0.106926 0.384796 -0.105043
v -0.109093 0.382608 -0.107608
v -0.111315 0.380873 -0.109985
v -0.113612 0.379774 -0.112101
v -0.116011 0.379521 -0.113867
v -0.113472 0.378602 -0.112584
v -0.110832 0.376835 -0.111651
v -0.108116 0.374433 -0.110979
v -0.105346 0.371578 -0.110495
v -0.102544 0.368459 -0.110119
v -0.099734 0.365269 -0.109773
v -0.096938 0.362200 -0.109376
v -0.094178 0.359431 -0.108857
v -0.091472 0.357119 -0.108148
v -0.088837 0.355392 -0.107198
v -0.086282 0.354339 -0.105970
v -0.083813 0.354006 -0.104446
v -0.081431 0.354392 -0.102625
v -0.079128 0.355451 -0.100526
v -0.076896 0.357096 -0.098185
v -0.074718 0.359198 -0.095657
v -0.072577 0.361600 -0.093004
v -0.070449 0.364123 -0.090301
v -0.068313 0.366575 -0.087628
v -0.066146 0.368763 -0.085064
v -0.063925 0.370497 -0.082686
v -0.061627 0.371597 -0.080571
f 3035 3036 3037
f 3035 3037 3036
f 3035 3037 3038
f 3035 3038 3037
f 3035 3038 3039
f 3035 3039 3038
f 3035 3039 3040
f 3035 3040 3039
f 3035 3040 3041
f 3035 3041 3040
f 3035 3041 3042
f 3035 3042 3041
f 3035 3042 3043
f 3035 3043 3042
f 3035 3043 3044
f 3035 3044 3043
f 3035 3044 3045
f 3035 3045 3044
f 3035 3045 3046
f 3035 3046 3045
f 3035 3046 3047
f 3035 3047 3046
f 3035 3047 3048
f 3035 3048 3047
f 3035 3048 3049
f 3035 3049 3048
f 3035 3049 3050
f 3035 3050 3049
f 3035 3050 3051
f 3035 3051 3050
f 3035 3051 3052
f 3035 3052 3051
f 3035 3052 3053
f 3035 3053 3052
f 3035 3053 3054
f 3035 3054 3053
f 3035 3054 3055
f 3035 3055 3054
f 3035 3055 3056
f 3035 3056 3055
f 3035 3056 3057
f 3035 3057 3056
f 3035 3057 3058
f 3035 3058 3057
f 3035 3058 3059
f 3035 3059 3058
f 3035 3059 3060
f 3035 3060 3059
f 3035 3060 3061
f 3035 3061 3060
f 3035 3061 3062
f 3035 3062 3061
f 3035 3062 3063
f 3035 3063 3062
f 3035 3063 3064
f 3035 3064 3063
f 3035 3064 3065
f 3035 3065 3064
f 3035 3065 3066
f 3035 3066 3065
f 3035 3066 3067
f 3035 3067 3066
f 3035 3067 3068
f 3035 3068 3067
f 3035 3068 3069
f 3035 3069 3068
f 3035 3069 3070
f 3035 3070 3069
f 3035 3070 3071
f 3035 3071 3070
f 3035 3071 3072
f 3035 3072 3071
f 3035 3072 3073
f 3035 3073 3072
f 3035 3073 3074
f 3035 3074 3073
f 3035 3074 3075
f 3035 3075 3074
f 3035 3075 3076
f 3035 3076 3075
f 3035 3076 3077
f 3035 3077 3076
f 3035 3077 3078
f 3035 3078 3077
f 3035 3078 3079
f 3035 3079 3078
f 3035 3079 3080
f 3035 3080 3079
v -0.059228 0.371849 -0.078805
v -0.059479 0.372417 -0.075993
v -0.059518 0.372430 -0.073007
v -0.059303 0.371779 -0.069811
v -0.058842 0.370485 -0.066413
v -0.058181 0.368668 -0.062849
v -0.057393 0.366519 -0.059180
v -0.056571 0.364281 -0.055484
v -0.055817 0.362220 -0.051844
v -0.055228 0.360592 -0.048340
v -0.054890 0.359619 -0.045042
v -0.054864 0.359462 -0.042002
v -0.055183 0.360209 -0.039247
v -0.055848 0.361859 -0.036777
v -0.056825 0.364326 -0.034564
v -0.058053 0.367447 -0.032558
v -0.059447 0.371002 -0.030689
v -0.060907 0.374733 -0.028875
v -0.062334 0.378375 -0.027033
v -0.063635 0.381686 -0.025087
v -0.064735 0.384474 -0.022976
v -0.065589 0.386618 -0.020662
v -0.066189 0.388098 -0.018138
v -0.066577 0.389024 -0.015439
v -0.066326 0.388456 -0.018251
v -0.066287 0.388443 -0.021237
v -0.066502 0.389094 -0.024433
v -0.066963 0.390388 -0.027832
v -0.067624 0.392206 -0.031396
v -0.068412 0.394355 -0.035064
v -0.069234 0.396592 -0.038760
v -0.069988 0.398653 -0.042401
v -0.070577 0.400281 -0.045905
v -0.070915 0.401255 -0.049202
v -0.070941 0.401411 -0.052242
v -0.070622 0.400664 -0.054997
v -0.069957 0.399015 -0.057467
v -0.068980 0.396548 -0.059680
v -0.067752 0.393426 -0.061686
v -0.066358 0.389872 -0.063555
v -0.064898 0.386141 -0.065369
v -0.063471 0.382498 -0.067211
v -0.062170 0.379187 -0.069157
v -0.061070 0.376400 -0.071268
v -0.060216 0.374255 -0.073583
v -0.059616 0.372775 -0.076106
f 3081 3082 3083
f 3081 3083 3082
f 3081 3083 3084
f 3081 3084 3083
f 3081 3084 3085
f 3081 3085 3084
f 3081 3085 3086
f 3081 3086 3085
f 3081 3086 3087
f 3081 3087 3086
f 3081 3087 3088
f 3081 3088 3087
f 3081 3088 3089
f 3081 3089 3088
f 3081 3089 3090
f 3081 3090 3089
f 3081 3090 3091
f 3081 3091 3090
f 3081 3091 3092
f 3081 3092 3091
f 3081 3092 3093
f 3081 3093 3092
f 3081 3093 3094
f 3081 3094 3093
f 3081 3094 3095
f 3081 3095 3094
f 3081 3095 3096
f 3081 3096 3095
f 3081 3096 3097
f 3081 3097 3096
f 3081 3097 3098
f 3081 3098 3097
f 3081 3098 3099
f 3081 3099 3098
f 3081 3099 3100
f 3081 3100 3099
f 3081 3100 3101
f 3081 3101 3100
f 3081 3101 3102
f 3081 3102 3101
f 3081 3102 3103
f 3081 3103 3102
f 3081 3103 3104
f 3081 3104 3103
f 3081 3104 3105
f 3081 3105 3104
f 3081 3105 3106
f 3081 3106 3105
f 3081 3106 3107
f 3081 3107 3106
f 3081 3107 3108
f 3081 3108 3107
f 3081 3108 3109
f 3081 3109 3108
f 3081 3109 3110
f 3081 3110 3109
f 3081 3110 3111
f 3081 3111 3110
f 3081 3111 3112
f 3081 3112 3111
f 3081 3112 3113
f 3081 3113 3112
f 3081 3113 3114
f 3081 3114 3113
f 3081 3114 3115
f 3081 3115 3114
f 3081 3115 3116
f 3081 3116 3115
f 3081 3116 3117
f 3081 3117 3116
f 3081 3117 3118
f 3081 3118 3117
f 3081 3118 3119
f 3081 3119 3118
f 3081 3119 3120
f 3081 3120 3119
f 3081 3120 3121
f 3081 3121 3120
f 3081 3121 3122
f 3081 3122 3121
f 3081 3122 3123
f 3081 3123 3122
f 3081 3123 3124
f 3081 3124 3123
f 3081 3124 3125
f 3081 3125 3124
f 3081 3125 3126
f 3081 3126 3125
v -0.082545 0.366686 -0.073117
v -0.082588 0.368392 -0.070971
v -0.080703 0.369347 -0.069181
v -0.078109 0.369347 -0.068382
v -0.075543 0.368392 -0.068801
v -0.074371 0.366686 -0.070600
v -0.074328 0.364979 -0.072746
v -0.076213 0.364024 -0.074536
v -0.078808 0.364024 -0.075335
v -0.081373 0.364979 -0.074916
v -0.077075 0.383788 -0.086227
v -0.077104 0.384948 -0.084768
v -0.075822 0.385598 -0.083551
v -0.074058 0.385598 -0.083007
v -0.072314 0.384948 -0.083292
v -0.071517 0.383788 -0.084515
v -0.071487 0.382627 -0.085975
v -0.072769 0.381977 -0.087192
v -0.074533 0.381977 -0.087735
v -0.076278 0.382627 -0.087450
f 3127 3128 3138
f 3127 3138 3137
f 3128 3129 3139
f 3128 3139 3138
f 3129 3130 3140
f 3129 3140 3139
f 3130 3131 3141
f 3130 3141 3140
f 3131 3132 3142
f 3131 3142 3141
f 3132 3133 3143
f 3132 3143 3142
f 3133 3134 3144
f 3133 3144 3143
f 3134 3135 3145
f 3134 3145 3144
f 3135 3136 3146
f 3135 3146 3145
f 3136 3127 3137
f 3136 3137 3146
v -0.074296 0.383788 -0.085371
v -0.076480 0.383411 -0.085245
v -0.078690 0.383215 -0.084899
v -0.080943 0.383329 -0.084173
v -0.083250 0.383820 -0.082987
v -0.085609 0.384685 -0.081344
v -0.088010 0.385847 -0.079337
v -0.090433 0.387170 -0.077134
v -0.092854 0.388475 -0.074952
v -0.095246 0.389571 -0.073026
v -0.097583 0.390280 -0.071573
v -0.099847 0.390467 -0.070760
v -0.102026 0.390056 -0.070675
v -0.104122 0.389049 -0.071319
v -0.106144 0.387520 -0.072603
v -0.108111 0.385603 -0.074360
v -0.110049 0.383477 -0.076372
v -0.111985 0.381333 -0.078406
v -0.113943 0.379350 -0.080243
v -0.115943 0.377665 -0.081717
v -0.117996 0.376353 -0.082734
v -0.120102 0.375419 -0.083290
v -0.122251 0.374794 -0.083467
v -0.124426 0.374350 -0.083424
v -0.122241 0.374726 -0.083550
v -0.120032 0.374922 -0.083897
v -0.117778 0.374809 -0.084622
v -0.115472 0.374317 -0.085809
v -0.113113 0.373453 -0.087452
v -0.110712 0.372291 -0.089458
v -0.108288 0.370968 -0.091661
v -0.105867 0.369662 -0.093843
v -0.103475 0.368566 -0.095769
v -0.101138 0.367857 -0.097222
v -0.098875 0.367671 -0.098036
v -0.096695 0.368081 -0.098120
v -0.094600 0.369088 -0.097476
v -0.092578 0.370618 -0.096192
v -0.090610 0.372535 -0.094436
v -0.088672 0.374661 -0.092423
v -0.086737 0.376804 -0.090389
v -0.084778 0.378787 -0.088552
v -0.082778 0.380472 -0.087079
v -0.080726 0.381784 -0.086061
v -0.078620 0.382719 -0.085505
v -0.076471 0.383343 -0.085328
f 3147 3148 3149
f 3147 3149 3148
f 3147 3149 3150
f 3147 3150 3149
f 3147 3150 3151
f 3147 3151 3150
f 3147 3151 3152
f 3147 3152 3151
f 3147 3152 3153
f 3147 3153 3152
f 3147 3153 3154
f 3147 3154 3153
f 3147 3154 3155
f 3147 3155 3154
f 3147 3155 3156
f 3147 3156 3155
f 3147 3156 3157
f 3147 3157 3156
f 3147 3157 3158
f 3147 3158 3157
f 3147 3158 3159
f 3147 3159 3158
f 3147 3159 3160
f 3147 3160 3159
f 3147 3160 3161
f 3147 3161 3160
f 3147 3161 3162
f 3147 3162 3161
f 3147 3162 3163
f 3147 3163 3162
f 3147 3163 3164
f 3147 3164 3163
f 3147 3164 3165
f 3147 3165 3164
f 3147 3165 3166
f 3147 3166 3165
f 3147 3166 3167
f 3147 3167 3166
f 3147 3167 3168
f 3147 3168 3167
f 3147 3168 3169
f 3147 3169 3168
f 3147 3169 3170
f 3147 3170 3169
f 3147 3170 3171
f 3147 3171 3170
f 3147 3171 3172
f 3147 3172 3171
f 3147 3172 3173
f 3147 3173 3172
f 3147 3173 3174
f 3147 3174 3173
f 3147 3174 3175
f 3147 3175 3174
f 3147 3175 3176
f 3147 3176 3175
f 3147 3176 3177
f 3147 3177 3176
f 3147 3177 3178
f 3147 3178 3177
f 3147 3178 3179
f 3147 3179 3178
f 3147 3179 3180
f 3147 3180 3179
f 3147 3180 3181
f 3147 3181 3180
f 3147 3181 3182
f 3147 3182 3181
f 3147 3182 3183
f 3147 3183 3182
f 3147 3183 3184
f 3147 3184 3183
f 3147 3184 3185
f 3147 3185 3184
f 3147 3185 3186
f 3147 3186 3185
f 3147 3186 3187
f 3147 3187 3186
f 3147 3187 3188
f 3147 3188 3187
f 3147 3188 3189
f 3147 3189 3188
f 3147 3189 3190
f 3147 3190 3189
f 3147 3190 3191
f 3147 3191 3190
f 3147 3191 3192
f 3147 3192 3191
v -0.075235 0.366686 -0.074669
v -0.076871 0.368658 -0.075646
v -0.079293 0.369762 -0.074881
v -0.081339 0.369762 -0.073096
v -0.082427 0.368658 -0.070801
v -0.081681 0.366686 -0.069048
v -0.080045 0.364714 -0.068071
v -0.077624 0.363609 -0.068836
v -0.075578 0.363609 -0.070621
v -0.074490 0.364714 -0.072915
v -0.066724 0.380024 -0.062827
v -0.067836 0.381365 -0.063492
v -0.069483 0.382116 -0.062971
v -0.070874 0.382116 -0.061758
v -0.071614 0.381365 -0.060197
v -0.071107 0.380024 -0.059005
v -0.069995 0.378683 -0.058340
v -0.068348 0.377932 -0.058861
v -0.066957 0.377932 -0.060074
v -0.066217 0.378683 -0.061635
f 3193 3194 3204
f 3193 3204 3203
f 3194 3195 3205
f 3194 3205 3204
f 3195 3196 3206
f 3195 3206 3205
f 3196 3197 3207
f 3196 3207 3206
f 3197 3198 3208
f 3197 3208 3207
f 3198 3199 3209
f 3198 3209 3208
f 3199 3200 3210
f 3199 3210 3209
f 3200 3201 3211
f 3200 3211 3210
f 3201 3202 3212
f 3201 3212 3211
f 3202 3193 3203
f 3202 3203 3212
v -0.068916 0.380024 -0.060916
v -0.067919 0.380291 -0.063550
v -0.067414 0.381105 -0.066421
v -0.067370 0.382432 -0.069516
v -0.067708 0.384184 -0.072796
v -0.068313 0.386233 -0.076205
v -0.069049 0.388427 -0.079677
v -0.069764 0.390599 -0.083140
v -0.070310 0.392582 -0.086520
v -0.070549 0.394224 -0.089752
v -0.070367 0.395397 -0.092780
v -0.069682 0.396011 -0.095565
v -0.068452 0.396019 -0.098086
v -0.066678 0.395421 -0.100343
v -0.064402 0.394264 -0.102357
v -0.061704 0.392638 -0.104167
v -0.058699 0.390671 -0.105828
v -0.055525 0.388515 -0.107407
v -0.052330 0.386337 -0.108976
v -0.049266 0.384303 -0.110609
v -0.046469 0.382567 -0.112371
v -0.044055 0.381256 -0.114318
v -0.042101 0.380458 -0.116488
v -0.040638 0.380207 -0.118896
v -0.041635 0.379940 -0.116262
v -0.042140 0.379126 -0.113391
v -0.042184 0.377800 -0.110296
v -0.041846 0.376048 -0.107016
v -0.041241 0.373998 -0.103607
v -0.040505 0.371804 -0.100135
v -0.039790 0.369632 -0.096672
v -0.039244 0.367649 -0.093292
v -0.039005 0.366008 -0.090060
v -0.039188 0.364835 -0.087032
v -0.039872 0.364220 -0.084247
v -0.041102 0.364212 -0.081726
v -0.042876 0.364811 -0.079469
v -0.045153 0.365968 -0.077455
v -0.047850 0.367593 -0.075645
v -0.050855 0.369561 -0.073984
v -0.054029 0.371717 -0.072405
v -0.057224 0.373895 -0.070836
v -0.060288 0.375929 -0.069203
v -0.063085 0.377664 -0.067441
v -0.065500 0.378975 -0.065494
v -0.067453 0.379773 -0.063324
f 3213 3214 3215
f 3213 3215 3214
f 3213 3215 3216
f 3213 3216 3215
f 3213 3216 3217
f 3213 3217 3216
f 3213 3217 3218
f 3213 3218 3217
f 3213 3218 3219
f 3213 3219 3218
f 3213 3219 3220
f 3213 3220 3219
f 3213 3220 3221
f 3213 3221 3220
f 3213 3221 3222
f 3213 3222 3221
f 3213 3222 3223
f 3213 3223 3222
f 3213 3223 3224
f 3213 3224 3223
f 3213 3224 3225
f 3213 3225 3224
f 3213 3225 3226
f 3213 3226 3225
f 3213 3226 3227
f 3213 3227 3226
f 3213 3227 3228
f 3213 3228 3227
f 3213 3228 3229
f 3213 3229 3228
f 3213 3229 3230
f 3213 3230 3229
f 3213 3230 3231
f 3213 3231 3230
f 3213 3231 3232
f 3213 3232 3231
f 3213 3232 3233
f 3213 3233 3232
f 3213 3233 3234
f 3213 3234 3233
f 3213 3234 3235
f 3213 3235 3234
f 3213 3235 3236
f 3213 3236 3235
f 3213 3236 3237
f 3213 3237 3236
f 3213 3237 3238
f 3213 3238 3237
f 3213 3238 3239
f 3213 3239 3238
f 3213 3239 3240
f 3213 3240 3239
f 3213 3240 3241
f 3213 3241 3240
f 3213 3241 3242
f 3213 3242 3241
f 3213 3242 3243
f 3213 3243 3242
f 3213 3243 3244
f 3213 3244 3243
f 3213 3244 3245
f 3213 3245 3244
f 3213 3245 3246
f 3213 3246 3245
f 3213 3246 3247
f 3213 3247 3246
f 3213 3247 3248
f 3213 3248 3247
f 3213 3248 3249
f 3213 3249 3248
f 3213 3249 3250
f 3213 3250 3249
f 3213 3250 3251
f 3213 3251 3250
f 3213 3251 3252
f 3213 3252 3251
f 3213 3252 3253
f 3213 3253 3252
f 3213 3253 3254
f 3213 3254 3253
f 3213 3254 3255
f 3213 3255 3254
f 3213 3255 3256
f 3213 3256 3255
f 3213 3256 3257
f 3213 3257 3256
f 3213 3257 3258
f 3213 3258 3257
v -0.068916 0.380024 -0.060916
v -0.070490 0.379546 -0.060004
v -0.071959 0.378903 -0.058984
v -0.073235 0.377965 -0.057772
v -0.074269 0.376654 -0.056315
v -0.075058 0.374964 -0.054612
v -0.075646 0.372965 -0.052706
v -0.076121 0.370790 -0.050686
v -0.076598 0.368620 -0.048668
v -0.077206 0.366651 -0.046782
v -0.078064 0.365068 -0.045149
v -0.079264 0.364013 -0.043860
v -0.080858 0.363564 -0.042966
v -0.082843 0.363719 -0.042468
v -0.085172 0.364402 -0.042315
v -0.087750 0.365472 -0.042414
v -0.090459 0.366743 -0.042645
v -0.093172 0.368018 -0.042878
v -0.095770 0.369117 -0.042997
v -0.098167 0.369907 -0.042913
v -0.100319 0.370319 -0.042583
v -0.102230 0.370358 -0.042009
v -0.103948 0.370101 -0.041241
v -0.105559 0.369680 -0.040366
v -0.103985 0.370158 -0.041278
v -0.102517 0.370801 -0.042298
v -0.101241 0.371739 -0.043511
v -0.100206 0.373051 -0.044967
v -0.099417 0.374740 -0.046670
v -0.098829 0.376739 -0.048576
v -0.098355 0.378914 -0.050596
v -0.097878 0.381084 -0.052614
v -0.097270 0.383053 -0.054500
v -0.096411 0.384636 -0.056133
v -0.095211 0.385691 -0.057422
v -0.093618 0.386141 -0.058316
v -0.091632 0.385985 -0.058814
v -0.089304 0.385302 -0.058967
v -0.086725 0.384233 -0.058868
v -0.084016 0.382962 -0.058637
v -0.081304 0.381687 -0.058404
v -0.078705 0.380587 -0.058285
v -0.076308 0.379797 -0.058369
v -0.074156 0.379385 -0.058699
v -0.072246 0.379346 -0.059274
v -0.070528 0.379603 -0.060041
f 3259 3260 3261
f 3259 3261 3260
f 3259 3261 3262
f 3259 3262 3261
f 3259 3262 3263
f 3259 3263 3262
f 3259 3263 3264
f 3259 3264 3263
f 3259 3264 3265
f 3259 3265 3264
f 3259 3265 3266
f 3259 3266 3265
f 3259 3266 3267
f 3259 3267 3266
f 3259 3267 3268
f 3259 3268 3267
f 3259 3268 3269
f 3259 3269 3268
f 3259 3269 3270
f 3259 3270 3269
f 3259 3270 3271
f 3259 3271 3270
f 3259 3271 3272
f 3259 3272 3271
f 3259 3272 3273
f 3259 3273 3272
f 3259 3273 3274
f 3259 3274 3273
f 3259 3274 3275
f 3259 3275 3274
f 3259 3275 3276
f 3259 3276 3275
f 3259 3276 3277
f 3259 3277 3276
f 3259 3277 3278
f 3259 3278 3277
f 3259 3278 3279
f 3259 3279 3278
f 3259 3279 3280
f 3259 3280 3279
f 3259 3280 3281
f 3259 3281 3280
f 3259 3281 3282
f 3259 3282 3281
f 3259 3282 3283
f 3259 3283 3282
f 3259 3283 3284
f 3259 3284 3283
f 3259 3284 3285
f 3259 3285 3284
f 3259 3285 3286
f 3259 3286 3285
f 3259 3286 3287
f 3259 3287 3286
f 3259 3287 3288
f 3259 3288 3287
f 3259 3288 3289
f 3259 3289 3288
f 3259 3289 3290
f 3259 3290 3289
f 3259 3290 3291
f 3259 3291 3290
f 3259 3291 3292
f 3259 3292 3291
f 3259 3292 3293
f 3259 3293 3292
f 3259 3293 3294
f 3259 3294 3293
f 3259 3294 3295
f 3259 3295 3294
f 3259 3295 3296
f 3259 3296 3295
f 3259 3296 3297
f 3259 3297 3296
f 3259 3297 3298
f 3259 3298 3297
f 3259 3298 3299
f 3259 3299 3298
f 3259 3299 3300
f 3259 3300 3299
f 3259 3300 3301
f 3259 3301 3300
f 3259 3301 3302
f 3259 3302 3301
f 3259 3302 3303
f 3259 3303 3302
f 3259 3303 3304
f 3259 3304 3303
v 0.011518 0.220000 -0.007232
v 0.006924 0.226374 -0.011016
v -0.001029 0.229944 -0.009758
v -0.008341 0.229944 -0.005167
v -0.012931 0.226374 0.001450
v -0.011518 0.220000 0.007232
v -0.006924 0.213626 0.011016
v 0.001029 0.210056 0.009758
v 0.008341 0.210056 0.005167
v 0.012931 0.213626 -0.001450
v 0.061718 0.309796 0.080908
v 0.058594 0.314130 0.078335
v 0.053186 0.316557 0.079190
v 0.048213 0.316557 0.082312
v 0.045092 0.314130 0.086811
v 0.046053 0.309796 0.090743
v 0.049177 0.305461 0.093317
v 0.054585 0.303034 0.092461
v 0.059557 0.303034 0.089339
v 0.062678 0.305461 0.084840
f 3305 3306 3316
f 3305 3316 3315
f 3306 3307 3317
f 3306 3317 3316
f 3307 3308 3318
f 3307 3318 3317
f 3308 3309 3319
f 3308 3319 3318
f 3309 3310 3320
f 3309 3320 3319
f 3310 3311 3321
f 3310 3321 3320
f 3311 3312 3322
f 3311 3322 3321
f 3312 3313 3323
f 3312 3323 3322
f 3313 3314 3324
f 3313 3324 3323
f 3314 3305 3315
f 3314 3315 3324
v 0.061720 0.309796 0.080911
v 0.060988 0.315549 0.082149
v 0.056919 0.318771 0.085138
v 0.051946 0.318771 0.088257
v 0.047484 0.315549 0.090620
v 0.046051 0.309796 0.090740
v 0.046782 0.304042 0.089502
v 0.050852 0.300820 0.086514
v 0.055825 0.300820 0.083394
v 0.060287 0.304042 0.081031
v 0.098317 0.301357 0.144822
v 0.097820 0.305269 0.145664
v 0.095053 0.307460 0.147696
v 0.091671 0.307460 0.149817
v 0.088637 0.305269 0.151424
v 0.087663 0.301357 0.151506
v 0.088160 0.297444 0.150664
v 0.090927 0.295253 0.148632
v 0.094309 0.295253 0.146510
v 0.097343 0.297444 0.144903
f 3325 3326 3336
f 3325 3336 3335
f 3326 3327 3337
f 3326 3337 3336
f 3327 3328 3338
f 3327 3338 3337
f 3328 3329 3339
f 3328 3339 3338
f 3329 3330 3340
f 3329 3340 3339
f 3330 3331 3341
f 3330 3341 3340
f 3331 3332 3342
f 3331 3342 3341
f 3332 3333 3343
f 3332 3343 3342
f 3333 3334 3344
f 3333 3344 3343
f 3334 3325 3335
f 3334 3335 3344
v 0.098822 0.301357 0.145811
v 0.099099 0.304029 0.148819
v 0.096530 0.305525 0.151602
v 0.092827 0.305525 0.153095
v 0.089046 0.304029 0.152874
v 0.087158 0.301357 0.150516
v 0.086881 0.298685 0.147509
v 0.089451 0.297188 0.144726
v 0.093153 0.297188 0.143232
v 0.096935 0.298685 0.143454
v 0.106832 0.272779 0.171048
v 0.107021 0.274596 0.173093
v 0.105273 0.275613 0.174986
v 0.102756 0.275613 0.176001
v 0.100184 0.274596 0.175851
v 0.098901 0.272779 0.174247
v 0.098713 0.270962 0.172202
v 0.100460 0.269944 0.170310
v 0.102977 0.269944 0.169294
v 0.105549 0.270962 0.169445
f 3345 3346 3356
f 3345 3356 3355
f 3346 3347 3357
f 3346 3357 3356
f 3347 3348 3358
f 3347 3358 3357
f 3348 3349 3359
f 3348 3359 3358
f 3349 3350 3360
f 3349 3360 3359
f 3350 3351 3361
f 3350 3361 3360
f 3351 3352 3362
f 3351 3362 3361
f 3352 3353 3363
f 3352 3363 3362
f 3353 3354 3364
f 3353 3364 3363
f 3354 3345 3355
f 3354 3355 3364
v 0.102867 0.272779 0.172648
v 0.105141 0.273293 0.171523
v 0.107567 0.274191 0.170785
v 0.110170 0.275542 0.170504
v 0.112944 0.277328 0.170662
v 0.115857 0.279466 0.171176
v 0.118857 0.281825 0.171912
v 0.121878 0.284240 0.172704
v 0.124851 0.286531 0.173372
v 0.127708 0.288528 0.173742
v 0.130391 0.290080 0.173664
v 0.132856 0.291078 0.173028
v 0.135081 0.291467 0.171776
v 0.137066 0.291245 0.169908
v 0.138834 0.290469 0.167483
v 0.140427 0.289250 0.164609
v 0.141904 0.287734 0.161437
v 0.143333 0.286096 0.158141
v 0.144784 0.284514 0.154902
v 0.146321 0.283152 0.151885
v 0.147997 0.282143 0.149223
v 0.149844 0.281568 0.147000
v 0.151869 0.281447 0.145234
v 0.154044 0.281710 0.143855
v 0.151770 0.281195 0.144980
v 0.149345 0.280298 0.145718
v 0.146741 0.278947 0.145999
v 0.143967 0.277161 0.145841
v 0.141054 0.275022 0.145327
v 0.138054 0.272663 0.144591
v 0.135033 0.270249 0.143799
v 0.132060 0.267957 0.143131
v 0.129203 0.265961 0.142761
v 0.126520 0.264409 0.142839
v 0.124055 0.263410 0.143475
v 0.121830 0.263022 0.144727
v 0.119845 0.263244 0.146595
v 0.118077 0.264019 0.149020
v 0.116484 0.265239 0.151894
v 0.115007 0.266754 0.155066
v 0.113578 0.268392 0.158362
v 0.112127 0.269974 0.161601
v 0.110590 0.271336 0.164618
v 0.108914 0.272345 0.167280
v 0.107067 0.272920 0.169503
v 0.105042 0.273041 0.171269
f 3365 3366 3367
f 3365 3367 3366
f 3365 3367 3368
f 3365 3368 3367
f 3365 3368 3369
f 3365 3369 3368
f 3365 3369 3370
f 3365 3370 3369
f 3365 3370 3371
f 3365 3371 3370
f 3365 3371 3372
f 3365 3372 3371
f 3365 3372 3373
f 3365 3373 3372
f 3365 3373 3374
f 3365 3374 3373
f 3365 3374 3375
f 3365 3375 3374
f 3365 3375 3376
f 3365 3376 3375
f 3365 3376 3377
f 3365 3377 3376
f 3365 3377 3378
f 3365 3378 3377
f 3365 3378 3379
f 3365 3379 3378
f 3365 3379 3380
f 3365 3380 3379
f 3365 3380 3381
f 3365 3381 3380
f 3365 3381 3382
f 3365 3382 3381
f 3365 3382 3383
f 3365 3383 3382
f 3365 3383 3384
f 3365 3384 3383
f 3365 3384 3385
f 3365 3385 3384
f 3365 3385 3386
f 3365 3386 3385
f 3365 3386 3387
f 3365 3387 3386
f 3365 3387 3388
f 3365 3388 3387
f 3365 3388 3389
f 3365 3389 3388
f 3365 3389 3390
f 3365 3390 3389
f 3365 3390 3391
f 3365 3391 3390
f 3365 3391 3392
f 3365 3392 3391
f 3365 3392 3393
f 3365 3393 3392
f 3365 3393 3394
f 3365 3394 3393
f 3365 3394 3395
f 3365 3395 3394
f 3365 3395 3396
f 3365 3396 3395
f 3365 3396 3397
f 3365 3397 3396
f 3365 3397 3398
f 3365 3398 3397
f 3365 3398 3399
f 3365 3399 3398
f 3365 3399 3400
f 3365 3400 3399
f 3365 3400 3401
f 3365 3401 3400
f 3365 3401 3402
f 3365 3402 3401
f 3365 3402 3403
f 3365 3403 3402
f 3365 3403 3404
f 3365 3404 3403
f 3365 3404 3405
f 3365 3405 3404
f 3365 3405 3406
f 3365 3406 3405
f 3365 3406 3407
f 3365 3407 3406
f 3365 3407 3408
f 3365 3408 3407
f 3365 3408 3409
f 3365 3409 3408
f 3365 3409 3410
f 3365 3410 3409
v 0.100305 0.272779 0.176072
v 0.098779 0.274067 0.174193
v 0.099121 0.274789 0.171541
v 0.100748 0.274789 0.169367
v 0.103195 0.274067 0.168290
v 0.105428 0.272779 0.169224
v 0.106954 0.271490 0.171103
v 0.106612 0.270768 0.173754
v 0.104986 0.270768 0.175928
v 0.102538 0.271490 0.177005
v 0.092580 0.253343 0.168584
v 0.091543 0.254219 0.167306
v 0.091776 0.254710 0.165503
v 0.092881 0.254710 0.164025
v 0.094546 0.254219 0.163293
v 0.096064 0.253343 0.163927
v 0.097102 0.252467 0.165205
v 0.096869 0.251976 0.167008
v 0.095763 0.251976 0.168486
v 0.094099 0.252467 0.169219
f 3411 3412 3422
f 3411 3422 3421
f 3412 3413 3423
f 3412 3423 3422
f 3413 3414 3424
f 3413 3424 3423
f 3414 3415 3425
f 3414 3425 3424
f 3415 3416 3426
f 3415 3426 3425
f 3416 3417 3427
f 3416 3427 3426
f 3417 3418 3428
f 3417 3428 3427
f 3418 3419 3429
f 3418 3429 3428
f 3419 3420 3430
f 3419 3430 3429
f 3420 3411 3421
f 3420 3421 3430
v 0.094322 0.253343 0.166256
v 0.093175 0.253895 0.168428
v 0.091674 0.254674 0.170383
v 0.089701 0.255755 0.172050
v 0.087239 0.257150 0.173418
v 0.084353 0.258816 0.174526
v 0.081176 0.260668 0.175458
v 0.077893 0.262589 0.176323
v 0.074711 0.264446 0.177251
v 0.071838 0.266103 0.178367
v 0.069457 0.267446 0.179785
v 0.067706 0.268385 0.181588
v 0.066656 0.268875 0.183819
v 0.066306 0.268916 0.186479
v 0.066586 0.268554 0.189523
v 0.067358 0.267876 0.192869
v 0.068439 0.267000 0.196404
v 0.069622 0.266060 0.200001
v 0.070697 0.265188 0.203532
v 0.071483 0.264502 0.206885
v 0.071844 0.264087 0.209980
v 0.071717 0.263986 0.212776
v 0.071117 0.264187 0.215282
v 0.070163 0.264615 0.217573
v 0.071310 0.264063 0.215401
v 0.072811 0.263284 0.213445
v 0.074785 0.262203 0.211778
v 0.077247 0.260808 0.210410
v 0.080133 0.259142 0.209302
v 0.083309 0.257290 0.208371
v 0.086593 0.255369 0.207505
v 0.089775 0.253513 0.206578
v 0.092648 0.251855 0.205461
v 0.095028 0.250513 0.204043
v 0.096780 0.249573 0.202241
v 0.097830 0.249083 0.200009
v 0.098179 0.249042 0.197349
v 0.097900 0.249404 0.194305
v 0.097128 0.250082 0.190959
v 0.096046 0.250958 0.187424
v 0.094863 0.251899 0.183828
v 0.093788 0.252771 0.180297
v 0.093003 0.253457 0.176943
v 0.092641 0.253871 0.173848
v 0.092769 0.253972 0.171053
v 0.093369 0.253771 0.168546
f 3431 3432 3433
f 3431 3433 3432
f 3431 3433 3434
f 3431 3434 3433
f 3431 3434 3435
f 3431 3435 3434
f 3431 3435 3436
f 3431 3436 3435
f 3431 3436 3437
f 3431 3437 3436
f 3431 3437 3438
f 3431 3438 3437
f 3431 3438 3439
f 3431 3439 3438
f 3431 3439 3440
f 3431 3440 3439
f 3431 3440 3441
f 3431 3441 3440
f 3431 3441 3442
f 3431 3442 3441
f 3431 3442 3443
f 3431 3443 3442
f 3431 3443 3444
f 3431 3444 3443
f 3431 3444 3445
f 3431 3445 3444
f 3431 3445 3446
f 3431 3446 3445
f 3431 3446 3447
f 3431 3447 3446
f 3431 3447 3448
f 3431 3448 3447
f 3431 3448 3449
f 3431 3449 3448
f 3431 3449 3450
f 3431 3450 3449
f 3431 3450 3451
f 3431 3451 3450
f 3431 3451 3452
f 3431 3452 3451
f 3431 3452 3453
f 3431 3453 3452
f 3431 3453 3454
f 3431 3454 3453
f 3431 3454 3455
f 3431 3455 3454
f 3431 3455 3456
f 3431 3456 3455
f 3431 3456 3457
f 3431 3457 3456
f 3431 3457 3458
f 3431 3458 3457
f 3431 3458 3459
f 3431 3459 3458
f 3431 3459 3460
f 3431 3460 3459
f 3431 3460 3461
f 3431 3461 3460
f 3431 3461 3462
f 3431 3462 3461
f 3431 3462 3463
f 3431 3463 3462
f 3431 3463 3464
f 3431 3464 3463
f 3431 3464 3465
f 3431 3465 3464
f 3431 3465 3466
f 3431 3466 3465
f 3431 3466 3467
f 3431 3467 3466
f 3431 3467 3468
f 3431 3468 3467
f 3431 3468 3469
f 3431 3469 3468
f 3431 3469 3470
f 3431 3470 3469
f 3431 3470 3471
f 3431 3471 3470
f 3431 3471 3472
f 3431 3472 3471
f 3431 3472 3473
f 3431 3473 3472
f 3431 3473 3474
f 3431 3474 3473
f 3431 3474 3475
f 3431 3475 3474
f 3431 3475 3476
f 3431 3476 3475
v 0.094322 0.253343 0.166256
v 0.096791 0.254150 0.165039
v 0.099512 0.254739 0.164149
v 0.102607 0.255005 0.163741
v 0.106115 0.254914 0.163866
v 0.110001 0.254496 0.164478
v 0.114163 0.253841 0.165445
v 0.118448 0.253078 0.166572
v 0.122675 0.252367 0.167623
v 0.126653 0.251870 0.168354
v 0.130216 0.251732 0.168549
v 0.133235 0.252063 0.168044
v 0.135644 0.252922 0.166751
v 0.137442 0.254308 0.164670
v 0.138697 0.256163 0.161890
v 0.139536 0.258377 0.158572
v 0.140128 0.260805 0.154936
v 0.140660 0.263285 0.151223
v 0.141316 0.265658 0.147669
v 0.142248 0.267792 0.144472
v 0.143557 0.269600 0.141761
v 0.145280 0.271051 0.139583
v 0.147376 0.272180 0.137887
v 0.149725 0.273090 0.136518
v 0.147257 0.272282 0.137734
v 0.144536 0.271694 0.138624
v 0.141441 0.271428 0.139032
v 0.137932 0.271519 0.138907
v 0.134047 0.271936 0.138296
v 0.129885 0.272592 0.137328
v 0.125599 0.273354 0.136201
v 0.121373 0.274065 0.135150
v 0.117394 0.274563 0.134419
v 0.113832 0.274700 0.134224
v 0.110812 0.274369 0.134730
v 0.108404 0.273511 0.136023
v 0.106605 0.272125 0.138103
v 0.105350 0.270270 0.140884
v 0.104511 0.268055 0.144201
v 0.103920 0.265627 0.147838
v 0.103388 0.263148 0.151550
v 0.102732 0.260775 0.155104
v 0.101800 0.258641 0.158302
v 0.100491 0.256833 0.161012
v 0.098768 0.255381 0.163190
v 0.096672 0.254253 0.164886
f 3477 3478 3479
f 3477 3479 3478
f 3477 3479 3480
f 3477 3480 3479
f 3477 3480 3481
f 3477 3481 3480
f 3477 3481 3482
f 3477 3482 3481
f 3477 3482 3483
f 3477 3483 3482
f 3477 3483 3484
f 3477 3484 3483
f 3477 3484 3485
f 3477 3485 3484
f 3477 3485 3486
f 3477 3486 3485
f 3477 3486 3487
f 3477 3487 3486
f 3477 3487 3488
f 3477 3488 3487
f 3477 3488 3489
f 3477 3489 3488
f 3477 3489 3490
f 3477 3490 3489
f 3477 3490 3491
f 3477 3491 3490
f 3477 3491 3492
f 3477 3492 3491
f 3477 3492 3493
f 3477 3493 3492
f 3477 3493 3494
f 3477 3494 3493
f 3477 3494 3495
f 3477 3495 3494
f 3477 3495 3496
f 3477 3496 3495
f 3477 3496 3497
f 3477 3497 3496
f 3477 3497 3498
f 3477 3498 3497
f 3477 3498 3499
f 3477 3499 3498
f 3477 3499 3500
f 3477 3500 3499
f 3477 3500 3501
f 3477 3501 3500
f 3477 3501 3502
f 3477 3502 3501
f 3477 3502 3503
f 3477 3503 3502
f 3477 3503 3504
f 3477 3504 3503
f 3477 3504 3505
f 3477 3505 3504
f 3477 3505 3506
f 3477 3506 3505
f 3477 3506 3507
f 3477 3507 3506
f 3477 3507 3508
f 3477 3508 3507
f 3477 3508 3509
f 3477 3509 3508
f 3477 3509 3510
f 3477 3510 3509
f 3477 3510 3511
f 3477 3511 3510
f 3477 3511 3512
f 3477 3512 3511
f 3477 3512 3513
f 3477 3513 3512
f 3477 3513 3514
f 3477 3514 3513
f 3477 3514 3515
f 3477 3515 3514
f 3477 3515 3516
f 3477 3516 3515
f 3477 3516 3517
f 3477 3517 3516
f 3477 3517 3518
f 3477 3518 3517
f 3477 3518 3519
f 3477 3519 3518
f 3477 3519 3520
f 3477 3520 3519
f 3477 3520 3521
f 3477 3521 3520
f 3477 3521 3522
f 3477 3522 3521
v 0.105701 0.272779 0.169446
v 0.105558 0.275436 0.170108
v 0.104154 0.276924 0.171974
v 0.102354 0.276924 0.174007
v 0.100672 0.275436 0.175628
v 0.100032 0.272779 0.175850
v 0.100175 0.270121 0.175188
v 0.101580 0.268633 0.173321
v 0.103379 0.268633 0.171288
v 0.105061 0.270121 0.169668
v 0.120562 0.270150 0.184427
v 0.120465 0.271957 0.184877
v 0.119510 0.272969 0.186146
v 0.118287 0.272969 0.187529
v 0.117143 0.271957 0.188631
v 0.116708 0.270150 0.188782
v 0.116805 0.268344 0.188332
v 0.117760 0.267332 0.187062
v 0.118983 0.267332 0.185680
v 0.120127 0.268344 0.184578
f 3523 3524 3534
f 3523 3534 3533
f 3524 3525 3535
f 3524 3535 3534
f 3525 3526 3536
f 3525 3536 3535
f 3526 3527 3537
f 3526 3537 3536
f 3527 3528 3538
f 3527 3538 3537
f 3528 3529 3539
f 3528 3539 3538
f 3529 3530 3540
f 3529 3540 3539
f 3530 3531 3541
f 3530 3541 3540
f 3531 3532 3542
f 3531 3542 3541
f 3532 3523 3533
f 3532 3533 3542
v 0.118635 0.270150 0.186604
v 0.119017 0.270042 0.184578
v 0.119430 0.270094 0.182547
v 0.119912 0.270508 0.180506
v 0.120495 0.271449 0.178451
v 0.121192 0.272988 0.176379
v 0.121994 0.275076 0.174292
v 0.122866 0.277531 0.172195
v 0.123755 0.280072 0.170095
v 0.124596 0.282363 0.168003
v 0.125325 0.284071 0.165926
v 0.125893 0.284933 0.163873
v 0.126272 0.284805 0.161847
v 0.126461 0.283686 0.159848
v 0.126488 0.281721 0.157873
v 0.126404 0.279175 0.155914
v 0.126273 0.276377 0.153962
v 0.126157 0.273665 0.152007
v 0.126113 0.271321 0.150043
v 0.126172 0.269525 0.148063
v 0.126347 0.268328 0.146066
v 0.126621 0.267658 0.144056
v 0.126966 0.267349 0.142035
v 0.127340 0.267201 0.140009
v 0.126958 0.267309 0.142036
v 0.126545 0.267257 0.144067
v 0.126063 0.266843 0.146107
v 0.125480 0.265903 0.148163
v 0.124783 0.264363 0.150235
v 0.123981 0.262276 0.152322
v 0.123109 0.259820 0.154419
v 0.122220 0.257279 0.156518
v 0.121379 0.254989 0.158611
v 0.120650 0.253280 0.160688
v 0.120082 0.252418 0.162741
v 0.119704 0.252546 0.164767
v 0.119515 0.253665 0.166765
v 0.119487 0.255630 0.168740
v 0.119571 0.258177 0.170700
v 0.119702 0.260974 0.172652
v 0.119818 0.263686 0.174606
v 0.119863 0.266030 0.176571
v 0.119803 0.267826 0.178551
v 0.119629 0.269023 0.180547
v 0.119354 0.269693 0.182558
v 0.119010 0.270002 0.184579
f 3543 3544 3545
f 3543 3545 3544
f 3543 3545 3546
f 3543 3546 3545
f 3543 3546 3547
f 3543 3547 3546
f 3543 3547 3548
f 3543 3548 3547
f 3543 3548 3549
f 3543 3549 3548
f 3543 3549 3550
f 3543 3550 3549
f 3543 3550 3551
f 3543 3551 3550
f 3543 3551 3552
f 3543 3552 3551
f 3543 3552 3553
f 3543 3553 3552
f 3543 3553 3554
f 3543 3554 3553
f 3543 3554 3555
f 3543 3555 3554
f 3543 3555 3556
f 3543 3556 3555
f 3543 3556 3557
f 3543 3557 3556
f 3543 3557 3558
f 3543 3558 3557
f 3543 3558 3559
f 3543 3559 3558
f 3543 3559 3560
f 3543 3560 3559
f 3543 3560 3561
f 3543 3561 3560
f 3543 3561 3562
f 3543 3562 3561
f 3543 3562 3563
f 3543 3563 3562
f 3543 3563 3564
f 3543 3564 3563
f 3543 3564 3565
f 3543 3565 3564
f 3543 3565 3566
f 3543 3566 3565
f 3543 3566 3567
f 3543 3567 3566
f 3543 3567 3568
f 3543 3568 3567
f 3543 3568 3569
f 3543 3569 3568
f 3543 3569 3570
f 3543 3570 3569
f 3543 3570 3571
f 3543 3571 3570
f 3543 3571 3572
f 3543 3572 3571
f 3543 3572 3573
f 3543 3573 3572
f 3543 3573 3574
f 3543 3574 3573
f 3543 3574 3575
f 3543 3575 3574
f 3543 3575 3576
f 3543 3576 3575
f 3543 3576 3577
f 3543 3577 3576
f 3543 3577 3578
f 3543 3578 3577
f 3543 3578 3579
f 3543 3579 3578
f 3543 3579 3580
f 3543 3580 3579
f 3543 3580 3581
f 3543 3581 3580
f 3543 3581 3582
f 3543 3582 3581
f 3543 3582 3583
f 3543 3583 3582
f 3543 3583 3584
f 3543 3584 3583
f 3543 3584 3585
f 3543 3585 3584
f 3543 3585 3586
f 3543 3586 3585
f 3543 3586 3587
f 3543 3587 3586
f 3543 3587 3588
f 3543 3588 3587
v 0.106752 0.272779 0.174434
v 0.105895 0.275344 0.174884
v 0.103600 0.276781 0.174302
v 0.101134 0.276781 0.173168
v 0.099197 0.275344 0.171805
v 0.098981 0.272779 0.170861
v 0.099838 0.270213 0.170411
v 0.102133 0.268776 0.170994
v 0.104600 0.268776 0.172128
v 0.106536 0.270213 0.173491
v 0.096807 0.266553 0.192789
v 0.096224 0.268298 0.193095
v 0.094664 0.269275 0.192699
v 0.092986 0.269275 0.191928
v 0.091670 0.268298 0.191001
v 0.091523 0.266553 0.190360
v 0.092105 0.264808 0.190054
v 0.093666 0.263831 0.190450
v 0.095343 0.263831 0.191221
v 0.096660 0.264808 0.192148
f 3589 3590 3600
f 3589 3600 3599
f 3590 3591 3601
f 3590 3601 3600
f 3591 3592 3602
f 3591 3602 3601
f 3592 3593 3603
f 3592 3603 3602
f 3593 3594 3604
f 3593 3604 3603
f 3594 3595 3605
f 3594 3605 3604
f 3595 3596 3606
f 3595 3606 3605
f 3596 3597 3607
f 3596 3607 3606
f 3597 3598 3608
f 3597 3608 3607
f 3598 3589 3599
f 3598 3599 3608
v 0.094165 0.266553 0.191575
v 0.095967 0.266219 0.191522
v 0.097801 0.266040 0.191536
v 0.099704 0.266181 0.191686
v 0.101700 0.266761 0.192023
v 0.103798 0.267817 0.192563
v 0.105984 0.269290 0.193282
v 0.108227 0.271026 0.194113
v 0.110477 0.272800 0.194960
v 0.112681 0.274354 0.195713
v 0.114784 0.275436 0.196265
v 0.116746 0.275854 0.196533
v 0.118543 0.275497 0.196470
v 0.120175 0.274368 0.196078
v 0.121666 0.272573 0.195402
v 0.123056 0.270307 0.194524
v 0.124399 0.267821 0.193553
v 0.125751 0.265373 0.192598
v 0.127158 0.263188 0.191755
v 0.128654 0.261419 0.191090
v 0.130252 0.260127 0.190628
v 0.131943 0.259274 0.190354
v 0.133702 0.258740 0.190216
v 0.135494 0.258362 0.190144
v 0.133692 0.258696 0.190197
v 0.131858 0.258874 0.190183
v 0.129955 0.258733 0.190033
v 0.127959 0.258153 0.189696
v 0.125861 0.257097 0.189155
v 0.123674 0.255624 0.188437
v 0.121432 0.253888 0.187606
v 0.119181 0.252114 0.186759
v 0.116978 0.250561 0.186006
v 0.114874 0.249478 0.185454
v 0.112913 0.249061 0.185186
v 0.111116 0.249417 0.185248
v 0.109484 0.250547 0.185640
v 0.107993 0.252342 0.186317
v 0.106603 0.254607 0.187194
v 0.105260 0.257094 0.188166
v 0.103908 0.259542 0.189121
v 0.102501 0.261727 0.189964
v 0.101005 0.263495 0.190629
v 0.099407 0.264787 0.191091
v 0.097716 0.265641 0.191365
v 0.095957 0.266174 0.191503
f 3609 3610 3611
f 3609 3611 3610
f 3609 3611 3612
f 3609 3612 3611
f 3609 3612 3613
f 3609 3613 3612
f 3609 3613 3614
f 3609 3614 3613
f 3609 3614 3615
f 3609 3615 3614
f 3609 3615 3616
f 3609 3616 3615
f 3609 3616 3617
f 3609 3617 3616
f 3609 3617 3618
f 3609 3618 3617
f 3609 3618 3619
f 3609 3619 3618
f 3609 3619 3620
f 3609 3620 3619
f 3609 3620 3621
f 3609 3621 3620
f 3609 3621 3622
f 3609 3622 3621
f 3609 3622 3623
f 3609 3623 3622
f 3609 3623 3624
f 3609 3624 3623
f 3609 3624 3625
f 3609 3625 3624
f 3609 3625 3626
f 3609 3626 3625
f 3609 3626 3627
f 3609 3627 3626
f 3609 3627 3628
f 3609 3628 3627
f 3609 3628 3629
f 3609 3629 3628
f 3609 3629 3630
f 3609 3630 3629
f 3609 3630 3631
f 3609 3631 3630
f 3609 3631 3632
f 3609 3632 3631
f 3609 3632 3633
f 3609 3633 3632
f 3609 3633 3634
f 3609 3634 3633
f 3609 3634 3635
f 3609 3635 3634
f 3609 3635 3636
f 3609 3636 3635
f 3609 3636 3637
f 3609 3637 3636
f 3609 3637 3638
f 3609 3638 3637
f 3609 3638 3639
f 3609 3639 3638
f 3609 3639 3640
f 3609 3640 3639
f 3609 3640 3641
f 3609 3641 3640
f 3609 3641 3642
f 3609 3642 3641
f 3609 3642 3643
f 3609 3643 3642
f 3609 3643 3644
f 3609 3644 3643
f 3609 3644 3645
f 3609 3645 3644
f 3609 3645 3646
f 3609 3646 3645
f 3609 3646 3647
f 3609 3647 3646
f 3609 3647 3648
f 3609 3648 3647
f 3609 3648 3649
f 3609 3649 3648
f 3609 3649 3650
f 3609 3650 3649
f 3609 3650 3651
f 3609 3651 3650
f 3609 3651 3652
f 3609 3652 3651
f 3609 3652 3653
f 3609 3653 3652
f 3609 3653 3654
f 3609 3654 3653
v 0.094165 0.266553 0.191575
v 0.092766 0.266993 0.189968
v 0.091252 0.266826 0.188109
v 0.089651 0.266195 0.186058
v 0.087987 0.265230 0.183867
v 0.086285 0.264067 0.181594
v 0.084573 0.262845 0.179297
v 0.082876 0.261706 0.177034
v 0.081220 0.260781 0.174860
v 0.079626 0.260187 0.172824
v 0.078112 0.260018 0.170964
v 0.076690 0.260340 0.169309
v 0.075368 0.261187 0.167871
v 0.074144 0.262558 0.166651
v 0.073013 0.264421 0.165636
v 0.071961 0.266708 0.164797
v 0.070973 0.269326 0.164095
v 0.070024 0.272159 0.163483
v 0.069091 0.275074 0.162905
v 0.068148 0.277931 0.162303
v 0.067166 0.280589 0.161618
v 0.066122 0.282913 0.160794
v 0.064990 0.284773 0.159778
v 0.063744 0.286027 0.158509
v 0.065144 0.285587 0.160116
v 0.066657 0.285754 0.161975
v 0.068258 0.286384 0.164026
v 0.069922 0.287349 0.166217
v 0.071624 0.288513 0.168490
v 0.073336 0.289734 0.170787
v 0.075033 0.290874 0.173050
v 0.076690 0.291798 0.175224
v 0.078284 0.292392 0.177260
v 0.079798 0.292561 0.179120
v 0.081219 0.292239 0.180776
v 0.082542 0.291392 0.182213
v 0.083766 0.290021 0.183433
v 0.084897 0.288159 0.184448
v 0.085948 0.285871 0.185287
v 0.086937 0.283253 0.185989
v 0.087885 0.280421 0.186601
v 0.088818 0.277506 0.187179
v 0.089762 0.274649 0.187781
v 0.090743 0.271990 0.188466
v 0.091787 0.269667 0.189290
v 0.092919 0.267806 0.190306
f 3655 3656 3657
f 3655 3657 3656
f 3655 3657 3658
f 3655 3658 3657
f 3655 3658 3659
f 3655 3659 3658
f 3655 3659 3660
f 3655 3660 3659
f 3655 3660 3661
f 3655 3661 3660
f 3655 3661 3662
f 3655 3662 3661
f 3655 3662 3663
f 3655 3663 3662
f 3655 3663 3664
f 3655 3664 3663
f 3655 3664 3665
f 3655 3665 3664
f 3655 3665 3666
f 3655 3666 3665
f 3655 3666 3667
f 3655 3667 3666
f 3655 3667 3668
f 3655 3668 3667
f 3655 3668 3669
f 3655 3669 3668
f 3655 3669 3670
f 3655 3670 3669
f 3655 3670 3671
f 3655 3671 3670
f 3655 3671 3672
f 3655 3672 3671
f 3655 3672 3673
f 3655 3673 3672
f 3655 3673 3674
f 3655 3674 3673
f 3655 3674 3675
f 3655 3675 3674
f 3655 3675 3676
f 3655 3676 3675
f 3655 3676 3677
f 3655 3677 3676
f 3655 3677 3678
f 3655 3678 3677
f 3655 3678 3679
f 3655 3679 3678
f 3655 3679 3680
f 3655 3680 3679
f 3655 3680 3681
f 3655 3681 3680
f 3655 3681 3682
f 3655 3682 3681
f 3655 3682 3683
f 3655 3683 3682
f 3655 3683 3684
f 3655 3684 3683
f 3655 3684 3685
f 3655 3685 3684
f 3655 3685 3686
f 3655 3686 3685
f 3655 3686 3687
f 3655 3687 3686
f 3655 3687 3688
f 3655 3688 3687
f 3655 3688 3689
f 3655 3689 3688
f 3655 3689 3690
f 3655 3690 3689
f 3655 3690 3691
f 3655 3691 3690
f 3655 3691 3692
f 3655 3692 3691
f 3655 3692 3693
f 3655 3693 3692
f 3655 3693 3694
f 3655 3694 3693
f 3655 3694 3695
f 3655 3695 3694
f 3655 3695 3696
f 3655 3696 3695
f 3655 3696 3697
f 3655 3697 3696
f 3655 3697 3698
f 3655 3698 3697
f 3655 3698 3699
f 3655 3699 3698
f 3655 3699 3700
f 3655 3700 3699
v 0.094102 0.301357 0.141974
v 0.092412 0.304972 0.142553
v 0.090946 0.306997 0.145769
v 0.090240 0.306997 0.149698
v 0.090495 0.304972 0.153223
v 0.091878 0.301357 0.154353
v 0.093569 0.297742 0.153775
v 0.095035 0.295717 0.150559
v 0.095741 0.295717 0.146630
v 0.095485 0.297742 0.143105
v 0.133620 0.318855 0.151117
v 0.132471 0.321313 0.151510
v 0.131474 0.322690 0.153697
v 0.130994 0.322690 0.156369
v 0.131168 0.321313 0.158766
v 0.132108 0.318855 0.159535
v 0.133258 0.316396 0.159141
v 0.134255 0.315020 0.156955
v 0.134735 0.315020 0.154283
v 0.134561 0.316396 0.151886
f 3701 3702 3712
f 3701 3712 3711
f 3702 3703 3713
f 3702 3713 3712
f 3703 3704 3714
f 3703 3714 3713
f 3704 3705 3715
f 3704 3715 3714
f 3705 3706 3716
f 3705 3716 3715
f 3706 3707 3717
f 3706 3717 3716
f 3707 3708 3718
f 3707 3718 3717
f 3708 3709 3719
f 3708 3719 3718
f 3709 3710 3720
f 3709 3720 3719
f 3710 3701 3711
f 3710 3711 3720
v 0.132864 0.318855 0.155326
v 0.132295 0.318596 0.153484
v 0.131632 0.318556 0.151635
v 0.130801 0.318901 0.149774
v 0.129762 0.319727 0.147898
v 0.128513 0.321037 0.146006
v 0.127095 0.322739 0.144103
v 0.125581 0.324661 0.142192
v 0.124073 0.326571 0.140282
v 0.122677 0.328219 0.138380
v 0.121497 0.329371 0.136494
v 0.120610 0.329848 0.134629
v 0.120057 0.329551 0.132788
v 0.119840 0.328480 0.130971
v 0.119915 0.326734 0.129176
v 0.120206 0.324492 0.127396
v 0.120609 0.321987 0.125624
v 0.121018 0.319471 0.123853
v 0.121332 0.317175 0.122075
v 0.121475 0.315271 0.120284
v 0.121409 0.313851 0.118479
v 0.121135 0.312911 0.116658
v 0.120694 0.312358 0.114825
v 0.120158 0.312022 0.112985
v 0.120728 0.312280 0.114827
v 0.121391 0.312321 0.116676
v 0.122222 0.311976 0.118537
v 0.123261 0.311150 0.120414
v 0.124509 0.309840 0.122305
v 0.125928 0.308137 0.124209
v 0.127441 0.306216 0.126119
v 0.128950 0.304306 0.128029
v 0.130345 0.302657 0.129931
v 0.131525 0.301505 0.131818
v 0.132413 0.301029 0.133683
v 0.132965 0.301326 0.135524
v 0.133183 0.302397 0.137340
v 0.133107 0.304143 0.139136
v 0.132817 0.306385 0.140915
v 0.132413 0.308890 0.142687
v 0.132005 0.311405 0.144458
v 0.131691 0.313702 0.146237
v 0.131547 0.315606 0.148027
v 0.131613 0.317026 0.149833
v 0.131887 0.317965 0.151653
v 0.132329 0.318519 0.153486
f 3721 3722 3723
f 3721 3723 3722
f 3721 3723 3724
f 3721 3724 3723
f 3721 3724 3725
f 3721 3725 3724
f 3721 3725 3726
f 3721 3726 3725
f 3721 3726 3727
f 3721 3727 3726
f 3721 3727 3728
f 3721 3728 3727
f 3721 3728 3729
f 3721 3729 3728
f 3721 3729 3730
f 3721 3730 3729
f 3721 3730 3731
f 3721 3731 3730
f 3721 3731 3732
f 3721 3732 3731
f 3721 3732 3733
f 3721 3733 3732
f 3721 3733 3734
f 3721 3734 3733
f 3721 3734 3735
f 3721 3735 3734
f 3721 3735 3736
f 3721 3736 3735
f 3721 3736 3737
f 3721 3737 3736
f 3721 3737 3738
f 3721 3738 3737
f 3721 3738 3739
f 3721 3739 3738
f 3721 3739 3740
f 3721 3740 3739
f 3721 3740 3741
f 3721 3741 3740
f 3721 3741 3742
f 3721 3742 3741
f 3721 3742 3743
f 3721 3743 3742
f 3721 3743 3744
f 3721 3744 3743
f 3721 3744 3745
f 3721 3745 3744
f 3721 3745 3746
f 3721 3746 3745
f 3721 3746 3747
f 3721 3747 3746
f 3721 3747 3748
f 3721 3748 3747
f 3721 3748 3749
f 3721 3749 3748
f 3721 3749 3750
f 3721 3750 3749
f 3721 3750 3751
f 3721 3751 3750
f 3721 3751 3752
f 3721 3752 3751
f 3721 3752 3753
f 3721 3753 3752
f 3721 3753 3754
f 3721 3754 3753
f 3721 3754 3755
f 3721 3755 3754
f 3721 3755 3756
f 3721 3756 3755
f 3721 3756 3757
f 3721 3757 3756
f 3721 3757 3758
f 3721 3758 3757
f 3721 3758 3759
f 3721 3759 3758
f 3721 3759 3760
f 3721 3760 3759
f 3721 3760 3761
f 3721 3761 3760
f 3721 3761 3762
f 3721 3762 3761
f 3721 3762 3763
f 3721 3763 3762
f 3721 3763 3764
f 3721 3764 3763
f 3721 3764 3765
f 3721 3765 3764
f 3721 3765 3766
f 3721 3766 3765
v 0.134582 0.318855 0.151410
v 0.135209 0.321361 0.152329
v 0.134757 0.322764 0.154674
v 0.133667 0.322764 0.157160
v 0.132248 0.321361 0.159080
v 0.131147 0.318855 0.159242
v 0.130520 0.316349 0.158322
v 0.130971 0.314945 0.155978
v 0.132061 0.314945 0.153492
v 0.133480 0.316349 0.151571
v 0.154919 0.310267 0.161822
v 0.155346 0.311971 0.162447
v 0.155039 0.312926 0.164042
v 0.154297 0.312926 0.165732
v 0.153333 0.311971 0.167038
v 0.152584 0.310267 0.167148
v 0.152157 0.308563 0.166523
v 0.152464 0.307609 0.164928
v 0.153205 0.307609 0.163238
v 0.154170 0.308563 0.161932
f 3767 3768 3778
f 3767 3778 3777
f 3768 3769 3779
f 3768 3779 3778
f 3769 3770 3780
f 3769 3780 3779
f 3770 3771 3781
f 3770 3781 3780
f 3771 3772 3782
f 3771 3782 3781
f 3772 3773 3783
f 3772 3783 3782
f 3773 3774 3784
f 3773 3784 3783
f 3774 3775 3785
f 3774 3785 3784
f 3775 3776 3786
f 3775 3786 3785
f 3776 3767 3777
f 3776 3777 3786
v 0.153751 0.310267 0.164485
v 0.153959 0.310549 0.162293
v 0.154284 0.311162 0.160141
v 0.154787 0.312271 0.158051
v 0.155488 0.313934 0.156028
v 0.156371 0.316107 0.154068
v 0.157388 0.318656 0.152154
v 0.158467 0.321377 0.150261
v 0.159519 0.324023 0.148358
v 0.160454 0.326341 0.146416
v 0.161189 0.328100 0.144405
v 0.161663 0.329128 0.142304
v 0.161843 0.329334 0.140103
v 0.161729 0.328716 0.137801
v 0.161354 0.327368 0.135409
v 0.160779 0.325462 0.132949
v 0.160087 0.323227 0.130448
v 0.159368 0.320917 0.127938
v 0.158710 0.318779 0.125450
v 0.158187 0.317017 0.123007
v 0.157846 0.315766 0.120627
v 0.157703 0.315067 0.118315
v 0.157738 0.314866 0.116064
v 0.157890 0.314995 0.113853
v 0.157683 0.314713 0.116045
v 0.157358 0.314100 0.118196
v 0.156855 0.312991 0.120287
v 0.156154 0.311328 0.122310
v 0.155271 0.309156 0.124270
v 0.154254 0.306607 0.126184
v 0.153175 0.303886 0.128077
v 0.152122 0.301239 0.129979
v 0.151188 0.298922 0.131922
v 0.150453 0.297163 0.133933
v 0.149979 0.296134 0.136033
v 0.149799 0.295929 0.138235
v 0.149913 0.296546 0.140537
v 0.150288 0.297894 0.142929
v 0.150863 0.299800 0.145389
v 0.151555 0.302036 0.147890
v 0.152274 0.304346 0.150399
v 0.152932 0.306484 0.152888
v 0.153455 0.308245 0.155331
v 0.153796 0.309497 0.157711
v 0.153939 0.310195 0.160023
v 0.153904 0.310397 0.162274
f 3787 3788 3789
f 3787 3789 3788
f 3787 3789 3790
f 3787 3790 3789
f 3787 3790 3791
f 3787 3791 3790
f 3787 3791 3792
f 3787 3792 3791
f 3787 3792 3793
f 3787 3793 3792
f 3787 3793 3794
f 3787 3794 3793
f 3787 3794 3795
f 3787 3795 3794
f 3787 3795 3796
f 3787 3796 3795
f 3787 3796 3797
f 3787 3797 3796
f 3787 3797 3798
f 3787 3798 3797
f 3787 3798 3799
f 3787 3799 3798
f 3787 3799 3800
f 3787 3800 3799
f 3787 3800 3801
f 3787 3801 3800
f 3787 3801 3802
f 3787 3802 3801
f 3787 3802 3803
f 3787 3803 3802
f 3787 3803 3804
f 3787 3804 3803
f 3787 3804 3805
f 3787 3805 3804
f 3787 3805 3806
f 3787 3806 3805
f 3787 3806 3807
f 3787 3807 3806
f 3787 3807 3808
f 3787 3808 3807
f 3787 3808 3809
f 3787 3809 3808
f 3787 3809 3810
f 3787 3810 3809
f 3787 3810 3811
f 3787 3811 3810
f 3787 3811 3812
f 3787 3812 3811
f 3787 3812 3813
f 3787 3813 3812
f 3787 3813 3814
f 3787 3814 3813
f 3787 3814 3815
f 3787 3815 3814
f 3787 3815 3816
f 3787 3816 3815
f 3787 3816 3817
f 3787 3817 3816
f 3787 3817 3818
f 3787 3818 3817
f 3787 3818 3819
f 3787 3819 3818
f 3787 3819 3820
f 3787 3820 3819
f 3787 3820 3821
f 3787 3821 3820
f 3787 3821 3822
f 3787 3822 3821
f 3787 3822 3823
f 3787 3823 3822
f 3787 3823 3824
f 3787 3824 3823
f 3787 3824 3825
f 3787 3825 3824
f 3787 3825 3826
f 3787 3826 3825
f 3787 3826 3827
f 3787 3827 3826
f 3787 3827 3828
f 3787 3828 3827
f 3787 3828 3829
f 3787 3829 3828
f 3787 3829 3830
f 3787 3830 3829
f 3787 3830 3831
f 3787 3831 3830
f 3787 3831 3832
f 3787 3832 3831
v 0.153751 0.310267 0.164485
v 0.152089 0.309990 0.165957
v 0.150260 0.309131 0.167265
v 0.148279 0.307745 0.168424
v 0.146176 0.305931 0.169461
v 0.143989 0.303824 0.170415
v 0.141763 0.301581 0.171330
v 0.139547 0.299373 0.172256
v 0.137388 0.297366 0.173238
v 0.135331 0.295713 0.174321
v 0.133412 0.294540 0.175540
v 0.131656 0.293936 0.176920
v 0.130077 0.293949 0.178474
v 0.128674 0.294577 0.180204
v 0.127435 0.295775 0.182094
v 0.126333 0.297453 0.184121
v 0.125333 0.299484 0.186248
v 0.124391 0.301717 0.188432
v 0.123459 0.303985 0.190626
v 0.122487 0.306117 0.192781
v 0.121432 0.307955 0.194854
v 0.120254 0.309366 0.196805
v 0.118924 0.310250 0.198606
v 0.117428 0.310552 0.200243
v 0.119091 0.310830 0.198771
v 0.120920 0.311689 0.197463
v 0.122900 0.313075 0.196305
v 0.125004 0.314889 0.195267
v 0.127191 0.316996 0.194313
v 0.129417 0.319238 0.193398
v 0.131633 0.321447 0.192472
v 0.133792 0.323454 0.191490
v 0.135849 0.325107 0.190407
v 0.137768 0.326280 0.189189
v 0.139524 0.326883 0.187809
v 0.141103 0.326871 0.186254
v 0.142506 0.326243 0.184524
v 0.143745 0.325045 0.182634
v 0.144847 0.323367 0.180607
v 0.145847 0.321335 0.178480
v 0.146789 0.319102 0.176296
v 0.147721 0.316835 0.174102
v 0.148693 0.314703 0.171947
v 0.149748 0.312864 0.169875
v 0.150926 0.311453 0.167924
v 0.152255 0.310570 0.166122
f 3833 3834 3835
f 3833 3835 3834
f 3833 3835 3836
f 3833 3836 3835
f 3833 3836 3837
f 3833 3837 3836
f 3833 3837 3838
f 3833 3838 3837
f 3833 3838 3839
f 3833 3839 3838
f 3833 3839 3840
f 3833 3840 3839
f 3833 3840 3841
f 3833 3841 3840
f 3833 3841 3842
f 3833 3842 3841
f 3833 3842 3843
f 3833 3843 3842
f 3833 3843 3844
f 3833 3844 3843
f 3833 3844 3845
f 3833 3845 3844
f 3833 3845 3846
f 3833 3846 3845
f 3833 3846 3847
f 3833 3847 3846
f 3833 3847 3848
f 3833 3848 3847
f 3833 3848 3849
f 3833 3849 3848
f 3833 3849 3850
f 3833 3850 3849
f 3833 3850 3851
f 3833 3851 3850
f 3833 3851 3852
f 3833 3852 3851
f 3833 3852 3853
f 3833 3853 3852
f 3833 3853 3854
f 3833 3854 3853
f 3833 3854 3855
f 3833 3855 3854
f 3833 3855 3856
f 3833 3856 3855
f 3833 3856 3857
f 3833 3857 3856
f 3833 3857 3858
f 3833 3858 3857
f 3833 3858 3859
f 3833 3859 3858
f 3833 3859 3860
f 3833 3860 3859
f 3833 3860 3861
f 3833 3861 3860
f 3833 3861 3862
f 3833 3862 3861
f 3833 3862 3863
f 3833 3863 3862
f 3833 3863 3864
f 3833 3864 3863
f 3833 3864 3865
f 3833 3865 3864
f 3833 3865 3866
f 3833 3866 3865
f 3833 3866 3867
f 3833 3867 3866
f 3833 3867 3868
f 3833 3868 3867
f 3833 3868 3869
f 3833 3869 3868
f 3833 3869 3870
f 3833 3870 3869
f 3833 3870 3871
f 3833 3871 3870
f 3833 3871 3872
f 3833 3872 3871
f 3833 3872 3873
f 3833 3873 3872
f 3833 3873 3874
f 3833 3874 3873
f 3833 3874 3875
f 3833 3875 3874
f 3833 3875 3876
f 3833 3876 3875
f 3833 3876 3877
f 3833 3877 3876
f 3833 3877 3878
f 3833 3878 3877
v 0.129486 0.318855 0.152705
v 0.129066 0.321109 0.154208
v 0.130410 0.322372 0.156275
v 0.132555 0.322372 0.157939
v 0.134890 0.321109 0.158727
v 0.136243 0.318855 0.157947
v 0.136662 0.316600 0.156444
v 0.135318 0.315338 0.154377
v 0.133174 0.315338 0.152713
v 0.130838 0.316600 0.151925
v 0.143701 0.332587 0.136615
v 0.143416 0.334120 0.137637
v 0.144330 0.334978 0.139043
v 0.145788 0.334978 0.140174
v 0.147377 0.334120 0.140710
v 0.148296 0.332587 0.140180
v 0.148581 0.331054 0.139158
v 0.147668 0.330195 0.137752
v 0.146209 0.330195 0.136621
v 0.144621 0.331054 0.136085
f 3879 3880 3890
f 3879 3890 3889
f 3880 3881 3891
f 3880 3891 3890
f 3881 3882 3892
f 3881 3892 3891
f 3882 3883 3893
f 3882 3893 3892
f 3883 3884 3894
f 3883 3894 3893
f 3884 3885 3895
f 3884 3895 3894
f 3885 3886 3896
f 3885 3896 3895
f 3886 3887 3897
f 3886 3897 3896
f 3887 3888 3898
f 3887 3898 3897
f 3888 3879 3889
f 3888 3889 3898
v 0.145999 0.332587 0.138397
v 0.143159 0.332601 0.138327
v 0.140299 0.332964 0.138524
v 0.137409 0.333859 0.139130
v 0.134485 0.335357 0.140197
v 0.131528 0.337416 0.141694
v 0.128547 0.339893 0.143513
v 0.125556 0.342568 0.145483
v 0.122568 0.345170 0.147397
v 0.119600 0.347417 0.149039
v 0.116668 0.349057 0.150215
v 0.113781 0.349896 0.150778
v 0.110945 0.349833 0.150648
v 0.108162 0.348868 0.149827
v 0.105424 0.347103 0.148392
v 0.102721 0.344729 0.146491
v 0.100038 0.342001 0.144318
v 0.097359 0.339201 0.142090
v 0.094669 0.336597 0.140012
v 0.091955 0.334413 0.138256
v 0.089209 0.332789 0.136930
v 0.086428 0.331768 0.136066
v 0.083617 0.331280 0.135610
v 0.080787 0.331139 0.135421
v 0.083626 0.331125 0.135491
v 0.086486 0.330762 0.135294
v 0.089376 0.329866 0.134689
v 0.092301 0.328369 0.133621
v 0.095257 0.326310 0.132124
v 0.098238 0.323833 0.130305
v 0.101230 0.321158 0.128336
v 0.104218 0.318556 0.126422
v 0.107185 0.316309 0.124779
v 0.110118 0.314669 0.123603
v 0.113005 0.313830 0.123041
v 0.115840 0.313893 0.123170
v 0.118624 0.314858 0.123992
v 0.121362 0.316623 0.125426
v 0.124065 0.318997 0.127327
v 0.126748 0.321724 0.129500
v 0.129426 0.324525 0.131729
v 0.132116 0.327128 0.133806
v 0.134830 0.329313 0.135562
v 0.137577 0.330936 0.136888
v 0.140357 0.331958 0.137753
v 0.143168 0.332446 0.138209
f 3899 3900 3901
f 3899 3901 3900
f 3899 3901 3902
f 3899 3902 3901
f 3899 3902 3903
f 3899 3903 3902
f 3899 3903 3904
f 3899 3904 3903
f 3899 3904 3905
f 3899 3905 3904
f 3899 3905 3906
f 3899 3906 3905
f 3899 3906 3907
f 3899 3907 3906
f 3899 3907 3908
f 3899 3908 3907
f 3899 3908 3909
f 3899 3909 3908
f 3899 3909 3910
f 3899 3910 3909
f 3899 3910 3911
f 3899 3911 3910
f 3899 3911 3912
f 3899 3912 3911
f 3899 3912 3913
f 3899 3913 3912
f 3899 3913 3914
f 3899 3914 3913
f 3899 3914 3915
f 3899 3915 3914
f 3899 3915 3916
f 3899 3916 3915
f 3899 3916 3917
f 3899 3917 3916
f 3899 3917 3918
f 3899 3918 3917
f 3899 3918 3919
f 3899 3919 3918
f 3899 3919 3920
f 3899 3920 3919
f 3899 3920 3921
f 3899 3921 3920
f 3899 3921 3922
f 3899 3922 3921
f 3899 3922 3923
f 3899 3923 3922
f 3899 3923 3924
f 3899 3924 3923
f 3899 3924 3925
f 3899 3925 3924
f 3899 3925 3926
f 3899 3926 3925
f 3899 3926 3927
f 3899 3927 3926
f 3899 3927 3928
f 3899 3928 3927
f 3899 3928 3929
f 3899 3929 3928
f 3899 3929 3930
f 3899 3930 3929
f 3899 3930 3931
f 3899 3931 3930
f 3899 3931 3932
f 3899 3932 3931
f 3899 3932 3933
f 3899 3933 3932
f 3899 3933 3934
f 3899 3934 3933
f 3899 3934 3935
f 3899 3935 3934
f 3899 3935 3936
f 3899 3936 3935
f 3899 3936 3937
f 3899 3937 3936
f 3899 3937 3938
f 3899 3938 3937
f 3899 3938 3939
f 3899 3939 3938
f 3899 3939 3940
f 3899 3940 3939
f 3899 3940 3941
f 3899 3941 3940
f 3899 3941 3942
f 3899 3942 3941
f 3899 3942 3943
f 3899 3943 3942
f 3899 3943 3944
f 3899 3944 3943
v 0.145999 0.332587 0.138397
v 0.147190 0.332040 0.139638
v 0.148446 0.331241 0.140722
v 0.149795 0.330076 0.141583
v 0.151245 0.328513 0.142199
v 0.152787 0.326591 0.142595
v 0.154394 0.324410 0.142832
v 0.156031 0.322117 0.143000
v 0.157651 0.319886 0.143207
v 0.159209 0.317897 0.143562
v 0.160666 0.316309 0.144163
v 0.161990 0.315241 0.145083
v 0.163166 0.314756 0.146361
v 0.164193 0.314855 0.147997
v 0.165088 0.315474 0.149952
v 0.165880 0.316493 0.152152
v 0.166611 0.317754 0.154501
v 0.167327 0.319077 0.156889
v 0.168070 0.320289 0.159208
v 0.168880 0.321242 0.161368
v 0.169781 0.321835 0.163307
v 0.170783 0.322031 0.165002
v 0.171879 0.321861 0.166473
v 0.173039 0.321437 0.167789
v 0.171848 0.321984 0.166549
v 0.170592 0.322783 0.165464
v 0.169243 0.323948 0.164604
v 0.167793 0.325511 0.163987
v 0.166251 0.327433 0.163591
v 0.164643 0.329615 0.163355
v 0.163007 0.331908 0.163186
v 0.161387 0.334138 0.162979
v 0.159828 0.336127 0.162624
v 0.158372 0.337715 0.162024
v 0.157047 0.338783 0.161104
v 0.155872 0.339268 0.159826
v 0.154845 0.339169 0.158190
v 0.153950 0.338551 0.156235
v 0.153158 0.337531 0.154034
v 0.152426 0.336270 0.151685
v 0.151711 0.334947 0.149298
v 0.150968 0.333735 0.146979
v 0.150158 0.332782 0.144819
v 0.149257 0.332189 0.142879
v 0.148254 0.331993 0.141184
v 0.147159 0.332163 0.139713
f 3945 3946 3947
f 3945 3947 3946
f 3945 3947 3948
f 3945 3948 3947
f 3945 3948 3949
f 3945 3949 3948
f 3945 3949 3950
f 3945 3950 3949
f 3945 3950 3951
f 3945 3951 3950
f 3945 3951 3952
f 3945 3952 3951
f 3945 3952 3953
f 3945 3953 3952
f 3945 3953 3954
f 3945 3954 3953
f 3945 3954 3955
f 3945 3955 3954
f 3945 3955 3956
f 3945 3956 3955
f 3945 3956 3957
f 3945 3957 3956
f 3945 3957 3958
f 3945 3958 3957
f 3945 3958 3959
f 3945 3959 3958
f 3945 3959 3960
f 3945 3960 3959
f 3945 3960 3961
f 3945 3961 3960
f 3945 3961 3962
f 3945 3962 3961
f 3945 3962 3963
f 3945 3963 3962
f 3945 3963 3964
f 3945 3964 3963
f 3945 3964 3965
f 3945 3965 3964
f 3945 3965 3966
f 3945 3966 3965
f 3945 3966 3967
f 3945 3967 3966
f 3945 3967 3968
f 3945 3968 3967
f 3945 3968 3969
f 3945 3969 3968
f 3945 3969 3970
f 3945 3970 3969
f 3945 3970 3971
f 3945 3971 3970
f 3945 3971 3972
f 3945 3972 3971
f 3945 3972 3973
f 3945 3973 3972
f 3945 3973 3974
f 3945 3974 3973
f 3945 3974 3975
f 3945 3975 3974
f 3945 3975 3976
f 3945 3976 3975
f 3945 3976 3977
f 3945 3977 3976
f 3945 3977 3978
f 3945 3978 3977
f 3945 3978 3979
f 3945 3979 3978
f 3945 3979 3980
f 3945 3980 3979
f 3945 3980 3981
f 3945 3981 3980
f 3945 3981 3982
f 3945 3982 3981
f 3945 3982 3983
f 3945 3983 3982
f 3945 3983 3984
f 3945 3984 3983
f 3945 3984 3985
f 3945 3985 3984
f 3945 3985 3986
f 3945 3986 3985
f 3945 3986 3987
f 3945 3987 3986
f 3945 3987 3988
f 3945 3988 3987
f 3945 3988 3989
f 3945 3989 3988
f 3945 3989 3990
f 3945 3990 3989
v 0.137063 0.318855 0.154516
v 0.136109 0.320661 0.152687
v 0.133613 0.321673 0.152041
v 0.130947 0.321673 0.152555
v 0.128871 0.320661 0.154083
v 0.128665 0.318855 0.156136
v 0.129620 0.317048 0.157965
v 0.132116 0.316037 0.158611
v 0.134781 0.316037 0.158097
v 0.136858 0.317048 0.156569
v 0.139262 0.339312 0.173131
v 0.138613 0.340540 0.171888
v 0.136915 0.341228 0.171449
v 0.135103 0.341228 0.171798
v 0.133691 0.340540 0.172837
v 0.133551 0.339312 0.174233
v 0.134200 0.338083 0.175477
v 0.135897 0.337395 0.175916
v 0.137710 0.337395 0.175566
v 0.139122 0.338083 0.174527
f 3991 3992 4002
f 3991 4002 4001
f 3992 3993 4003
f 3992 4003 4002
f 3993 3994 4004
f 3993 4004 4003
f 3994 3995 4005
f 3994 4005 4004
f 3995 3996 4006
f 3995 4006 4005
f 3996 3997 4007
f 3996 4007 4006
f 3997 3998 4008
f 3997 4008 4007
f 3998 3999 4009
f 3998 4009 4008
f 3999 4000 4010
f 3999 4010 4009
f 4000 3991 4001
f 4000 4001 4010
v 0.136406 0.339312 0.173682
v 0.139070 0.338759 0.173004
v 0.141852 0.338754 0.171693
v 0.144729 0.339185 0.169877
v 0.147677 0.339940 0.167685
v 0.150669 0.340897 0.165262
v 0.153675 0.341922 0.162759
v 0.156668 0.342882 0.160331
v 0.159618 0.343650 0.158126
v 0.162502 0.344111 0.156274
v 0.165300 0.344176 0.154882
v 0.167997 0.343778 0.154024
v 0.170586 0.342885 0.153739
v 0.173067 0.341497 0.154028
v 0.175447 0.339646 0.154850
v 0.177741 0.337398 0.156132
v 0.179968 0.334844 0.157768
v 0.182154 0.332098 0.159626
v 0.184325 0.329287 0.161560
v 0.186511 0.326544 0.163414
v 0.188741 0.324003 0.165036
v 0.191042 0.321785 0.166282
v 0.193437 0.320005 0.167024
v 0.195952 0.318771 0.167133
v 0.193289 0.319324 0.167812
v 0.190507 0.319329 0.169123
v 0.187630 0.318898 0.170939
v 0.184682 0.318143 0.173130
v 0.181690 0.317186 0.175554
v 0.178683 0.316161 0.178057
v 0.175691 0.315201 0.180485
v 0.172740 0.314433 0.182690
v 0.169856 0.313972 0.184542
v 0.167059 0.313907 0.185934
v 0.164362 0.314305 0.186791
v 0.161773 0.315198 0.187076
v 0.159292 0.316586 0.186788
v 0.156912 0.318437 0.185965
v 0.154618 0.320685 0.184683
v 0.152390 0.323239 0.183048
v 0.150205 0.325985 0.181189
v 0.148034 0.328796 0.179256
v 0.145847 0.331539 0.177402
v 0.143618 0.334080 0.175780
v 0.141317 0.336298 0.174533
v 0.138921 0.338078 0.173791
f 4011 4012 4013
f 4011 4013 4012
f 4011 4013 4014
f 4011 4014 4013
f 4011 4014 4015
f 4011 4015 4014
f 4011 4015 4016
f 4011 4016 4015
f 4011 4016 4017
f 4011 4017 4016
f 4011 4017 4018
f 4011 4018 4017
f 4011 4018 4019
f 4011 4019 4018
f 4011 4019 4020
f 4011 4020 4019
f 4011 4020 4021
f 4011 4021 4020
f 4011 4021 4022
f 4011 4022 4021
f 4011 4022 4023
f 4011 4023 4022
f 4011 4023 4024
f 4011 4024 4023
f 4011 4024 4025
f 4011 4025 4024
f 4011 4025 4026
f 4011 4026 4025
f 4011 4026 4027
f 4011 4027 4026
f 4011 4027 4028
f 4011 4028 4027
f 4011 4028 4029
f 4011 4029 4028
f 4011 4029 4030
f 4011 4030 4029
f 4011 4030 4031
f 4011 4031 4030
f 4011 4031 4032
f 4011 4032 4031
f 4011 4032 4033
f 4011 4033 4032
f 4011 4033 4034
f 4011 4034 4033
f 4011 4034 4035
f 4011 4035 4034
f 4011 4035 4036
f 4011 4036 4035
f 4011 4036 4037
f 4011 4037 4036
f 4011 4037 4038
f 4011 4038 4037
f 4011 4038 4039
f 4011 4039 4038
f 4011 4039 4040
f 4011 4040 4039
f 4011 4040 4041
f 4011 4041 4040
f 4011 4041 4042
f 4011 4042 4041
f 4011 4042 4043
f 4011 4043 4042
f 4011 4043 4044
f 4011 4044 4043
f 4011 4044 4045
f 4011 4045 4044
f 4011 4045 4046
f 4011 4046 4045
f 4011 4046 4047
f 4011 4047 4046
f 4011 4047 4048
f 4011 4048 4047
f 4011 4048 4049
f 4011 4049 4048
f 4011 4049 4050
f 4011 4050 4049
f 4011 4050 4051
f 4011 4051 4050
f 4011 4051 4052
f 4011 4052 4051
f 4011 4052 4053
f 4011 4053 4052
f 4011 4053 4054
f 4011 4054 4053
f 4011 4054 4055
f 4011 4055 4054
f 4011 4055 4056
f 4011 4056 4055
v 0.098911 0.301357 0.150282
v 0.098518 0.305088 0.148805
v 0.095531 0.307178 0.146988
v 0.091772 0.307178 0.145643
v 0.088311 0.305088 0.145153
v 0.087069 0.301357 0.146045
v 0.087463 0.297625 0.147522
v 0.090450 0.295535 0.149339
v 0.094208 0.295535 0.150684
v 0.097670 0.297625 0.151174
v 0.082778 0.315607 0.189398
v 0.082511 0.318145 0.188393
v 0.080480 0.319566 0.187158
v 0.077924 0.319566 0.186243
v 0.075570 0.318145 0.185910
v 0.074726 0.315607 0.186517
v 0.074994 0.313070 0.187521
v 0.077025 0.311649 0.188757
v 0.079581 0.311649 0.189671
v 0.081934 0.313070 0.190004
f 4057 4058 4068
f 4057 4068 4067
f 4058 4059 4069
f 4058 4069 4068
f 4059 4060 4070
f 4059 4070 4069
f 4060 4061 4071
f 4060 4071 4070
f 4061 4062 4072
f 4061 4072 4071
f 4062 4063 4073
f 4062 4073 4072
f 4063 4064 4074
f 4063 4074 4073
f 4064 4065 4075
f 4064 4075 4074
f 4065 4066 4076
f 4065 4076 4075
f 4066 4057 4067
f 4066 4067 4076
v 0.078752 0.315607 0.187957
v 0.081211 0.315384 0.187588
v 0.083681 0.315378 0.187145
v 0.086176 0.315826 0.186548
v 0.088704 0.316898 0.185740
v 0.091270 0.318652 0.184700
v 0.093867 0.321005 0.183458
v 0.096485 0.323739 0.182087
v 0.099107 0.326533 0.180695
v 0.101711 0.329013 0.179410
v 0.104279 0.330821 0.178352
v 0.106796 0.331676 0.177618
v 0.109253 0.331421 0.177259
v 0.111650 0.330059 0.177275
v 0.113996 0.327742 0.177615
v 0.116306 0.324754 0.178183
v 0.118598 0.321453 0.178856
v 0.120894 0.318210 0.179510
v 0.123211 0.315349 0.180034
v 0.125559 0.313087 0.180356
v 0.127945 0.311506 0.180446
v 0.130364 0.310551 0.180325
v 0.132808 0.310048 0.180050
v 0.135263 0.309763 0.179702
v 0.132804 0.309986 0.180071
v 0.130334 0.309992 0.180514
v 0.127839 0.309545 0.181111
v 0.125311 0.308473 0.181919
v 0.122745 0.306718 0.182958
v 0.120148 0.304365 0.184201
v 0.117530 0.301631 0.185572
v 0.114908 0.298838 0.186964
v 0.112304 0.296357 0.188249
v 0.109736 0.294549 0.189307
v 0.107219 0.293695 0.190041
v 0.104762 0.293949 0.190400
v 0.102365 0.295312 0.190383
v 0.100019 0.297628 0.190044
v 0.097709 0.300616 0.189476
v 0.095417 0.303918 0.188803
v 0.093121 0.307160 0.188149
v 0.090804 0.310022 0.187625
v 0.088456 0.312284 0.187303
v 0.086070 0.313864 0.187213
v 0.083651 0.314819 0.187334
v 0.081207 0.315322 0.187609
f 4077 4078 4079
f 4077 4079 4078
f 4077 4079 4080
f 4077 4080 4079
f 4077 4080 4081
f 4077 4081 4080
f 4077 4081 4082
f 4077 4082 4081
f 4077 4082 4083
f 4077 4083 4082
f 4077 4083 4084
f 4077 4084 4083
f 4077 4084 4085
f 4077 4085 4084
f 4077 4085 4086
f 4077 4086 4085
f 4077 4086 4087
f 4077 4087 4086
f 4077 4087 4088
f 4077 4088 4087
f 4077 4088 4089
f 4077 4089 4088
f 4077 4089 4090
f 4077 4090 4089
f 4077 4090 4091
f 4077 4091 4090
f 4077 4091 4092
f 4077 4092 4091
f 4077 4092 4093
f 4077 4093 4092
f 4077 4093 4094
f 4077 4094 4093
f 4077 4094 4095
f 4077 4095 4094
f 4077 4095 4096
f 4077 4096 4095
f 4077 4096 4097
f 4077 4097 4096
f 4077 4097 4098
f 4077 4098 4097
f 4077 4098 4099
f 4077 4099 4098
f 4077 4099 4100
f 4077 4100 4099
f 4077 4100 4101
f 4077 4101 4100
f 4077 4101 4102
f 4077 4102 4101
f 4077 4102 4103
f 4077 4103 4102
f 4077 4103 4104
f 4077 4104 4103
f 4077 4104 4105
f 4077 4105 4104
f 4077 4105 4106
f 4077 4106 4105
f 4077 4106 4107
f 4077 4107 4106
f 4077 4107 4108
f 4077 4108 4107
f 4077 4108 4109
f 4077 4109 4108
f 4077 4109 4110
f 4077 4110 4109
f 4077 4110 4111
f 4077 4111 4110
f 4077 4111 4112
f 4077 4112 4111
f 4077 4112 4113
f 4077 4113 4112
f 4077 4113 4114
f 4077 4114 4113
f 4077 4114 4115
f 4077 4115 4114
f 4077 4115 4116
f 4077 4116 4115
f 4077 4116 4117
f 4077 4117 4116
f 4077 4117 4118
f 4077 4118 4117
f 4077 4118 4119
f 4077 4119 4118
f 4077 4119 4120
f 4077 4120 4119
f 4077 4120 4121
f 4077 4121 4120
f 4077 4121 4122
f 4077 4122 4121
v 0.078752 0.315607 0.187957
v 0.077089 0.315448 0.186731
v 0.075212 0.314702 0.185640
v 0.073175 0.313516 0.184648
v 0.071025 0.312017 0.183728
v 0.068808 0.310336 0.182849
v 0.066574 0.308607 0.181982
v 0.064371 0.306963 0.181095
v 0.062243 0.305526 0.180161
v 0.060230 0.304407 0.179154
v 0.058365 0.303692 0.178055
v 0.056669 0.303444 0.176850
v 0.055154 0.303694 0.175531
v 0.053820 0.304442 0.174098
v 0.052656 0.305656 0.172559
v 0.051638 0.307275 0.170928
v 0.050736 0.309211 0.169225
v 0.049910 0.311355 0.167474
v 0.049114 0.313584 0.165703
v 0.048301 0.315764 0.163944
v 0.047422 0.317762 0.162226
v 0.046429 0.319448 0.160580
v 0.045276 0.320694 0.159034
v 0.043909 0.321352 0.157622
v 0.045573 0.321511 0.158848
v 0.047450 0.322257 0.159939
v 0.049486 0.323443 0.160931
v 0.051637 0.324942 0.161851
v 0.053853 0.326623 0.162730
v 0.056088 0.328352 0.163597
v 0.058291 0.329997 0.164484
v 0.060419 0.331433 0.165418
v 0.062431 0.332552 0.166425
v 0.064297 0.333267 0.167524
v 0.065993 0.333515 0.168729
v 0.067507 0.333265 0.170048
v 0.068841 0.332518 0.171481
v 0.070006 0.331304 0.173020
v 0.071023 0.329685 0.174651
v 0.071925 0.327749 0.176354
v 0.072751 0.325604 0.178105
v 0.073547 0.323376 0.179876
v 0.074360 0.321195 0.181635
v 0.075240 0.319197 0.183353
v 0.076233 0.317511 0.184999
v 0.077386 0.316265 0.186545
f 4123 4124 4125
f 4123 4125 4124
f 4123 4125 4126
f 4123 4126 4125
f 4123 4126 4127
f 4123 4127 4126
f 4123 4127 4128
f 4123 4128 4127
f 4123 4128 4129
f 4123 4129 4128
f 4123 4129 4130
f 4123 4130 4129
f 4123 4130 4131
f 4123 4131 4130
f 4123 4131 4132
f 4123 4132 4131
f 4123 4132 4133
f 4123 4133 4132
f 4123 4133 4134
f 4123 4134 4133
f 4123 4134 4135
f 4123 4135 4134
f 4123 4135 4136
f 4123 4136 4135
f 4123 4136 4137
f 4123 4137 4136
f 4123 4137 4138
f 4123 4138 4137
f 4123 4138 4139
f 4123 4139 4138
f 4123 4139 4140
f 4123 4140 4139
f 4123 4140 4141
f 4123 4141 4140
f 4123 4141 4142
f 4123 4142 4141
f 4123 4142 4143
f 4123 4143 4142
f 4123 4143 4144
f 4123 4144 4143
f 4123 4144 4145
f 4123 4145 4144
f 4123 4145 4146
f 4123 4146 4145
f 4123 4146 4147
f 4123 4147 4146
f 4123 4147 4148
f 4123 4148 4147
f 4123 4148 4149
f 4123 4149 4148
f 4123 4149 4150
f 4123 4150 4149
f 4123 4150 4151
f 4123 4151 4150
f 4123 4151 4152
f 4123 4152 4151
f 4123 4152 4153
f 4123 4153 4152
f 4123 4153 4154
f 4123 4154 4153
f 4123 4154 4155
f 4123 4155 4154
f 4123 4155 4156
f 4123 4156 4155
f 4123 4156 4157
f 4123 4157 4156
f 4123 4157 4158
f 4123 4158 4157
f 4123 4158 4159
f 4123 4159 4158
f 4123 4159 4160
f 4123 4160 4159
f 4123 4160 4161
f 4123 4161 4160
f 4123 4161 4162
f 4123 4162 4161
f 4123 4162 4163
f 4123 4163 4162
f 4123 4163 4164
f 4123 4164 4163
f 4123 4164 4165
f 4123 4165 4164
f 4123 4165 4166
f 4123 4166 4165
f 4123 4166 4167
f 4123 4167 4166
f 4123 4167 4168
f 4123 4168 4167
v 0.082766 0.315607 0.189433
v 0.082059 0.318248 0.189644
v 0.079788 0.319727 0.189072
v 0.077240 0.319727 0.188135
v 0.075140 0.318248 0.187100
v 0.074739 0.315607 0.186481
v 0.075445 0.312966 0.186270
v 0.077716 0.311487 0.186842
v 0.080264 0.311487 0.187779
v 0.082364 0.312966 0.188815
v 0.073459 0.311720 0.210774
v 0.072979 0.313516 0.210917
v 0.071435 0.314522 0.210529
v 0.069702 0.314522 0.209891
v 0.068274 0.313516 0.209187
v 0.068001 0.311720 0.208767
v 0.068482 0.309924 0.208623
v 0.070026 0.308919 0.209012
v 0.071758 0.308919 0.209649
v 0.073186 0.309924 0.210353
f 4169 4170 4180
f 4169 4180 4179
f 4170 4171 4181
f 4170 4181 4180
f 4171 4172 4182
f 4171 4182 4181
f 4172 4173 4183
f 4172 4183 4182
f 4173 4174 4184
f 4173 4184 4183
f 4174 4175 4185
f 4174 4185 4184
f 4175 4176 4186
f 4175 4186 4185
f 4176 4177 4187
f 4176 4187 4186
f 4177 4178 4188
f 4177 4188 4187
f 4178 4169 4179
f 4178 4179 4188
v 0.070730 0.311720 0.209770
v 0.073674 0.311691 0.210020
v 0.076628 0.312065 0.210344
v 0.079596 0.313100 0.210792
v 0.082583 0.314918 0.211386
v 0.085586 0.317489 0.212121
v 0.088603 0.320647 0.212965
v 0.091627 0.324106 0.213865
v 0.094650 0.327504 0.214754
v 0.097662 0.330459 0.215560
v 0.100656 0.332617 0.216218
v 0.103626 0.333713 0.216677
v 0.106568 0.333602 0.216912
v 0.109483 0.332285 0.216920
v 0.112373 0.329904 0.216731
v 0.115246 0.326728 0.216393
v 0.118108 0.323107 0.215973
v 0.120968 0.319427 0.215541
v 0.123836 0.316047 0.215165
v 0.126717 0.313253 0.214899
v 0.129615 0.311214 0.214773
v 0.132531 0.309957 0.214793
v 0.135462 0.309361 0.214937
v 0.138403 0.309169 0.215156
v 0.135459 0.309198 0.214907
v 0.132505 0.308824 0.214582
v 0.129537 0.307789 0.214134
v 0.126550 0.305971 0.213540
v 0.123547 0.303400 0.212805
v 0.120530 0.300242 0.211961
v 0.117506 0.296783 0.211061
v 0.114483 0.293385 0.210172
v 0.111471 0.290430 0.209366
v 0.108477 0.288272 0.208708
v 0.105507 0.287176 0.208249
v 0.102565 0.287287 0.208015
v 0.099650 0.288604 0.208006
v 0.096760 0.290985 0.208195
v 0.093887 0.294161 0.208533
v 0.091025 0.297782 0.208953
v 0.088165 0.301462 0.209385
v 0.085297 0.304842 0.209761
v 0.082416 0.307636 0.210027
v 0.079518 0.309675 0.210153
v 0.076602 0.310932 0.210133
v 0.073671 0.311528 0.209989
f 4189 4190 4191
f 4189 4191 4190
f 4189 4191 4192
f 4189 4192 4191
f 4189 4192 4193
f 4189 4193 4192
f 4189 4193 4194
f 4189 4194 4193
f 4189 4194 4195
f 4189 4195 4194
f 4189 4195 4196
f 4189 4196 4195
f 4189 4196 4197
f 4189 4197 4196
f 4189 4197 4198
f 4189 4198 4197
f 4189 4198 4199
f 4189 4199 4198
f 4189 4199 4200
f 4189 4200 4199
f 4189 4200 4201
f 4189 4201 4200
f 4189 4201 4202
f 4189 4202 4201
f 4189 4202 4203
f 4189 4203 4202
f 4189 4203 4204
f 4189 4204 4203
f 4189 4204 4205
f 4189 4205 4204
f 4189 4205 4206
f 4189 4206 4205
f 4189 4206 4207
f 4189 4207 4206
f 4189 4207 4208
f 4189 4208 4207
f 4189 4208 4209
f 4189 4209 4208
f 4189 4209 4210
f 4189 4210 4209
f 4189 4210 4211
f 4189 4211 4210
f 4189 4211 4212
f 4189 4212 4211
f 4189 4212 4213
f 4189 4213 4212
f 4189 4213 4214
f 4189 4214 4213
f 4189 4214 4215
f 4189 4215 4214
f 4189 4215 4216
f 4189 4216 4215
f 4189 4216 4217
f 4189 4217 4216
f 4189 4217 4218
f 4189 4218 4217
f 4189 4218 4219
f 4189 4219 4218
f 4189 4219 4220
f 4189 4220 4219
f 4189 4220 4221
f 4189 4221 4220
f 4189 4221 4222
f 4189 4222 4221
f 4189 4222 4223
f 4189 4223 4222
f 4189 4223 4224
f 4189 4224 4223
f 4189 4224 4225
f 4189 4225 4224
f 4189 4225 4226
f 4189 4226 4225
f 4189 4226 4227
f 4189 4227 4226
f 4189 4227 4228
f 4189 4228 4227
f 4189 4228 4229
f 4189 4229 4228
f 4189 4229 4230
f 4189 4230 4229
f 4189 4230 4231
f 4189 4231 4230
f 4189 4231 4232
f 4189 4232 4231
f 4189 4232 4233
f 4189 4233 4232
f 4189 4233 4234
f 4189 4234 4233
v 0.070730 0.311720 0.209770
v 0.069277 0.312227 0.207896
v 0.067781 0.312375 0.205942
v 0.066218 0.311969 0.203864
v 0.064581 0.310933 0.201647
v 0.062873 0.309308 0.199299
v 0.061111 0.307241 0.196853
v 0.059325 0.304963 0.194360
v 0.057548 0.302758 0.191883
v 0.055814 0.300921 0.189488
v 0.054157 0.299721 0.187234
v 0.052600 0.299359 0.185167
v 0.051156 0.299945 0.183310
v 0.049825 0.301477 0.181663
v 0.048595 0.303848 0.180203
v 0.047441 0.306855 0.178884
v 0.046331 0.310230 0.177647
v 0.045229 0.313679 0.176426
v 0.044103 0.316917 0.175159
v 0.042923 0.319712 0.173793
v 0.041673 0.321918 0.172296
v 0.040348 0.323494 0.170659
v 0.038956 0.324517 0.168899
v 0.037522 0.325181 0.167060
v 0.038975 0.324675 0.168934
v 0.040471 0.324527 0.170889
v 0.042034 0.324933 0.172966
v 0.043672 0.325969 0.175183
v 0.045380 0.327593 0.177531
v 0.047141 0.329660 0.179977
v 0.048927 0.331939 0.182470
v 0.050705 0.334144 0.184947
v 0.052438 0.335980 0.187342
v 0.054096 0.337181 0.189596
v 0.055653 0.337542 0.191663
v 0.057097 0.336957 0.193520
v 0.058427 0.335425 0.195167
v 0.059657 0.333054 0.196627
v 0.060812 0.330047 0.197946
v 0.061922 0.326671 0.199183
v 0.063023 0.323223 0.200404
v 0.064150 0.319985 0.201671
v 0.065329 0.317190 0.203037
v 0.066579 0.314984 0.204534
v 0.067904 0.313407 0.206171
v 0.069296 0.312384 0.207931
f 4235 4236 4237
f 4235 4237 4236
f 4235 4237 4238
f 4235 4238 4237
f 4235 4238 4239
f 4235 4239 4238
f 4235 4239 4240
f 4235 4240 4239
f 4235 4240 4241
f 4235 4241 4240
f 4235 4241 4242
f 4235 4242 4241
f 4235 4242 4243
f 4235 4243 4242
f 4235 4243 4244
f 4235 4244 4243
f 4235 4244 4245
f 4235 4245 4244
f 4235 4245 4246
f 4235 4246 4245
f 4235 4246 4247
f 4235 4247 4246
f 4235 4247 4248
f 4235 4248 4247
f 4235 4248 4249
f 4235 4249 4248
f 4235 4249 4250
f 4235 4250 4249
f 4235 4250 4251
f 4235 4251 4250
f 4235 4251 4252
f 4235 4252 4251
f 4235 4252 4253
f 4235 4253 4252
f 4235 4253 4254
f 4235 4254 4253
f 4235 4254 4255
f 4235 4255 4254
f 4235 4255 4256
f 4235 4256 4255
f 4235 4256 4257
f 4235 4257 4256
f 4235 4257 4258
f 4235 4258 4257
f 4235 4258 4259
f 4235 4259 4258
f 4235 4259 4260
f 4235 4260 4259
f 4235 4260 4261
f 4235 4261 4260
f 4235 4261 4262
f 4235 4262 4261
f 4235 4262 4263
f 4235 4263 4262
f 4235 4263 4264
f 4235 4264 4263
f 4235 4264 4265
f 4235 4265 4264
f 4235 4265 4266
f 4235 4266 4265
f 4235 4266 4267
f 4235 4267 4266
f 4235 4267 4268
f 4235 4268 4267
f 4235 4268 4269
f 4235 4269 4268
f 4235 4269 4270
f 4235 4270 4269
f 4235 4270 4271
f 4235 4271 4270
f 4235 4271 4272
f 4235 4272 4271
f 4235 4272 4273
f 4235 4273 4272
f 4235 4273 4274
f 4235 4274 4273
f 4235 4274 4275
f 4235 4275 4274
f 4235 4275 4276
f 4235 4276 4275
f 4235 4276 4277
f 4235 4277 4276
f 4235 4277 4278
f 4235 4278 4277
f 4235 4278 4279
f 4235 4279 4278
f 4235 4279 4280
f 4235 4280 4279
v 0.081675 0.315607 0.184835
v 0.080166 0.317816 0.184232
v 0.077955 0.319053 0.185352
v 0.076100 0.319053 0.187334
v 0.075128 0.317816 0.189613
v 0.075830 0.315607 0.191079
v 0.077338 0.313398 0.191683
v 0.079549 0.312162 0.190562
v 0.081404 0.312162 0.188581
v 0.082377 0.313398 0.186301
v 0.097368 0.331224 0.201403
v 0.096342 0.332726 0.200992
v 0.094839 0.333567 0.201754
v 0.093577 0.333567 0.203101
v 0.092916 0.332726 0.204651
v 0.093393 0.331224 0.205648
v 0.094419 0.329722 0.206059
v 0.095922 0.328881 0.205297
v 0.097184 0.328881 0.203950
v 0.097845 0.329722 0.202400
f 4281 4282 4292
f 4281 4292 4291
f 4282 4283 4293
f 4282 4293 4292
f 4283 4284 4294
f 4283 4294 4293
f 4284 4285 4295
f 4284 4295 4294
f 4285 4286 4296
f 4285 4296 4295
f 4286 4287 4297
f 4286 4297 4296
f 4287 4288 4298
f 4287 4298 4297
f 4288 4289 4299
f 4288 4299 4298
f 4289 4290 4300
f 4289 4300 4299
f 4290 4281 4291
f 4290 4291 4300
v 0.095381 0.331224 0.203526
v 0.096613 0.330714 0.201976
v 0.097738 0.330572 0.200173
v 0.098738 0.330855 0.198077
v 0.099622 0.331537 0.195705
v 0.100412 0.332537 0.193114
v 0.101145 0.333731 0.190389
v 0.101865 0.334968 0.187635
v 0.102621 0.336085 0.184963
v 0.103458 0.336926 0.182481
v 0.104415 0.337357 0.180283
v 0.105521 0.337280 0.178436
v 0.106791 0.336643 0.176974
v 0.108224 0.335447 0.175898
v 0.109807 0.333744 0.175172
v 0.111510 0.331630 0.174730
v 0.113293 0.329240 0.174478
v 0.115112 0.326730 0.174309
v 0.116919 0.324262 0.174110
v 0.118668 0.321989 0.173778
v 0.120325 0.320035 0.173225
v 0.121864 0.318479 0.172398
v 0.123279 0.317348 0.171277
v 0.124585 0.316585 0.169903
v 0.123353 0.317095 0.171452
v 0.122228 0.317236 0.173255
v 0.121228 0.316954 0.175351
v 0.120344 0.316272 0.177723
v 0.119554 0.315272 0.180314
v 0.118821 0.314077 0.183039
v 0.118101 0.312840 0.185794
v 0.117345 0.311723 0.188466
v 0.116508 0.310882 0.190947
v 0.115551 0.310452 0.193145
v 0.114445 0.310529 0.194993
v 0.113176 0.311165 0.196455
v 0.111742 0.312361 0.197531
v 0.110159 0.314065 0.198256
v 0.108457 0.316179 0.198699
v 0.106673 0.318569 0.198950
v 0.104854 0.321079 0.199120
v 0.103047 0.323546 0.199318
v 0.101298 0.325819 0.199651
v 0.099642 0.327774 0.200203
v 0.098102 0.329329 0.201031
v 0.096688 0.330461 0.202151
f 4301 4302 4303
f 4301 4303 4302
f 4301 4303 4304
f 4301 4304 4303
f 4301 4304 4305
f 4301 4305 4304
f 4301 4305 4306
f 4301 4306 4305
f 4301 4306 4307
f 4301 4307 4306
f 4301 4307 4308
f 4301 4308 4307
f 4301 4308 4309
f 4301 4309 4308
f 4301 4309 4310
f 4301 4310 4309
f 4301 4310 4311
f 4301 4311 4310
f 4301 4311 4312
f 4301 4312 4311
f 4301 4312 4313
f 4301 4313 4312
f 4301 4313 4314
f 4301 4314 4313
f 4301 4314 4315
f 4301 4315 4314
f 4301 4315 4316
f 4301 4316 4315
f 4301 4316 4317
f 4301 4317 4316
f 4301 4317 4318
f 4301 4318 4317
f 4301 4318 4319
f 4301 4319 4318
f 4301 4319 4320
f 4301 4320 4319
f 4301 4320 4321
f 4301 4321 4320
f 4301 4321 4322
f 4301 4322 4321
f 4301 4322 4323
f 4301 4323 4322
f 4301 4323 4324
f 4301 4324 4323
f 4301 4324 4325
f 4301 4325 4324
f 4301 4325 4326
f 4301 4326 4325
f 4301 4326 4327
f 4301 4327 4326
f 4301 4327 4328
f 4301 4328 4327
f 4301 4328 4329
f 4301 4329 4328
f 4301 4329 4330
f 4301 4330 4329
f 4301 4330 4331
f 4301 4331 4330
f 4301 4331 4332
f 4301 4332 4331
f 4301 4332 4333
f 4301 4333 4332
f 4301 4333 4334
f 4301 4334 4333
f 4301 4334 4335
f 4301 4335 4334
f 4301 4335 4336
f 4301 4336 4335
f 4301 4336 4337
f 4301 4337 4336
f 4301 4337 4338
f 4301 4338 4337
f 4301 4338 4339
f 4301 4339 4338
f 4301 4339 4340
f 4301 4340 4339
f 4301 4340 4341
f 4301 4341 4340
f 4301 4341 4342
f 4301 4342 4341
f 4301 4342 4343
f 4301 4343 4342
f 4301 4343 4344
f 4301 4344 4343
f 4301 4344 4345
f 4301 4345 4344
f 4301 4345 4346
f 4301 4346 4345
v 0.079346 0.315607 0.192192
v 0.080827 0.317770 0.191388
v 0.081379 0.318982 0.188960
v 0.081002 0.318982 0.186271
v 0.079804 0.317770 0.184088
v 0.078159 0.315607 0.183722
v 0.076678 0.313444 0.184526
v 0.076125 0.312232 0.186955
v 0.076502 0.312232 0.189643
v 0.077701 0.313444 0.191826
v 0.056741 0.332120 0.193978
v 0.057748 0.333591 0.193432
v 0.058124 0.334415 0.191780
v 0.057867 0.334415 0.189952
v 0.057053 0.333591 0.188468
v 0.055934 0.332120 0.188219
v 0.054927 0.330649 0.188766
v 0.054551 0.329825 0.190417
v 0.054808 0.329825 0.192245
v 0.055623 0.330649 0.193730
f 4347 4348 4358
f 4347 4358 4357
f 4348 4349 4359
f 4348 4359 4358
f 4349 4350 4360
f 4349 4360 4359
f 4350 4351 4361
f 4350 4361 4360
f 4351 4352 4362
f 4351 4362 4361
f 4352 4353 4363
f 4352 4363 4362
f 4353 4354 4364
f 4353 4364 4363
f 4354 4355 4365
f 4354 4365 4364
f 4355 4356 4366
f 4355 4366 4365
f 4356 4347 4357
f 4356 4357 4366
v 0.056338 0.332120 0.191099
v 0.057039 0.331252 0.193165
v 0.057992 0.330710 0.195306
v 0.059292 0.330621 0.197550
v 0.060963 0.331013 0.199902
v 0.062960 0.331830 0.202350
v 0.065187 0.332947 0.204866
v 0.067506 0.334183 0.207410
v 0.069758 0.335332 0.209933
v 0.071781 0.336183 0.212389
v 0.073432 0.336550 0.214735
v 0.074604 0.336294 0.216941
v 0.075241 0.335341 0.218989
v 0.075342 0.333691 0.220879
v 0.074965 0.331419 0.222628
v 0.074216 0.328662 0.224268
v 0.073238 0.325608 0.225840
v 0.072192 0.322466 0.227392
v 0.071239 0.319443 0.228971
v 0.070515 0.316720 0.230618
v 0.070119 0.314423 0.232362
v 0.070092 0.312606 0.234214
v 0.070413 0.311242 0.236169
v 0.070985 0.310205 0.238198
v 0.070283 0.311074 0.236131
v 0.069331 0.311616 0.233990
v 0.068030 0.311705 0.231747
v 0.066360 0.311313 0.229395
v 0.064363 0.310495 0.226946
v 0.062136 0.309379 0.224430
v 0.059816 0.308142 0.221887
v 0.057565 0.306993 0.219363
v 0.055542 0.306142 0.216907
v 0.053891 0.305776 0.214561
v 0.052719 0.306032 0.212355
v 0.052082 0.306985 0.210308
v 0.051980 0.308634 0.208418
v 0.052357 0.310907 0.206668
v 0.053107 0.313663 0.205029
v 0.054085 0.316718 0.203457
v 0.055130 0.319860 0.201904
v 0.056084 0.322882 0.200325
v 0.056807 0.325605 0.198678
v 0.057204 0.327903 0.196934
v 0.057231 0.329720 0.195082
v 0.056910 0.331083 0.193127
f 4367 4368 4369
f 4367 4369 4368
f 4367 4369 4370
f 4367 4370 4369
f 4367 4370 4371
f 4367 4371 4370
f 4367 4371 4372
f 4367 4372 4371
f 4367 4372 4373
f 4367 4373 4372
f 4367 4373 4374
f 4367 4374 4373
f 4367 4374 4375
f 4367 4375 4374
f 4367 4375 4376
f 4367 4376 4375
f 4367 4376 4377
f 4367 4377 4376
f 4367 4377 4378
f 4367 4378 4377
f 4367 4378 4379
f 4367 4379 4378
f 4367 4379 4380
f 4367 4380 4379
f 4367 4380 4381
f 4367 4381 4380
f 4367 4381 4382
f 4367 4382 4381
f 4367 4382 4383
f 4367 4383 4382
f 4367 4383 4384
f 4367 4384 4383
f 4367 4384 4385
f 4367 4385 4384
f 4367 4385 4386
f 4367 4386 4385
f 4367 4386 4387
f 4367 4387 4386
f 4367 4387 4388
f 4367 4388 4387
f 4367 4388 4389
f 4367 4389 4388
f 4367 4389 4390
f 4367 4390 4389
f 4367 4390 4391
f 4367 4391 4390
f 4367 4391 4392
f 4367 4392 4391
f 4367 4392 4393
f 4367 4393 4392
f 4367 4393 4394
f 4367 4394 4393
f 4367 4394 4395
f 4367 4395 4394
f 4367 4395 4396
f 4367 4396 4395
f 4367 4396 4397
f 4367 4397 4396
f 4367 4397 4398
f 4367 4398 4397
f 4367 4398 4399
f 4367 4399 4398
f 4367 4399 4400
f 4367 4400 4399
f 4367 4400 4401
f 4367 4401 4400
f 4367 4401 4402
f 4367 4402 4401
f 4367 4402 4403
f 4367 4403 4402
f 4367 4403 4404
f 4367 4404 4403
f 4367 4404 4405
f 4367 4405 4404
f 4367 4405 4406
f 4367 4406 4405
f 4367 4406 4407
f 4367 4407 4406
f 4367 4407 4408
f 4367 4408 4407
f 4367 4408 4409
f 4367 4409 4408
f 4367 4409 4410
f 4367 4410 4409
f 4367 4410 4411
f 4367 4411 4410
f 4367 4411 4412
f 4367 4412 4411
v 0.052480 0.309796 0.076685
v 0.048820 0.314077 0.078540
v 0.047426 0.316475 0.083849
v 0.048319 0.316475 0.089651
v 0.051242 0.314077 0.094297
v 0.055291 0.309796 0.094966
v 0.058951 0.305514 0.093111
v 0.060344 0.303117 0.087803
v 0.059452 0.303117 0.082000
v 0.056529 0.305514 0.077355
v 0.104168 0.357013 0.071733
v 0.101679 0.359925 0.072995
v 0.100732 0.361555 0.076605
v 0.101338 0.361555 0.080550
v 0.103326 0.359925 0.083709
v 0.106079 0.357013 0.084165
v 0.108568 0.354102 0.082903
v 0.109516 0.352472 0.079293
v 0.108909 0.352472 0.075348
v 0.106921 0.354102 0.072189
f 4413 4414 4424
f 4413 4424 4423
f 4414 4415 4425
f 4414 4425 4424
f 4415 4416 4426
f 4415 4426 4425
f 4416 4417 4427
f 4416 4427 4426
f 4417 4418 4428
f 4417 4428 4427
f 4418 4419 4429
f 4418 4429 4428
f 4419 4420 4430
f 4419 4430 4429
f 4420 4421 4431
f 4420 4431 4430
f 4421 4422 4432
f 4421 4432 4431
f 4422 4413 4423
f 4422 4423 4432
v 0.105142 0.357013 0.071660
v 0.105680 0.360914 0.072530
v 0.105972 0.363099 0.075955
v 0.105960 0.363099 0.079948
v 0.105648 0.360914 0.083371
v 0.105105 0.357013 0.084238
v 0.104568 0.353113 0.083368
v 0.104275 0.350928 0.079943
v 0.104287 0.350928 0.075950
v 0.104599 0.353113 0.072527
v 0.142347 0.351861 0.073781
v 0.142712 0.354514 0.074372
v 0.142911 0.355999 0.076701
v 0.142903 0.355999 0.079416
v 0.142691 0.354514 0.081744
v 0.142322 0.351861 0.082333
v 0.141956 0.349209 0.081742
v 0.141758 0.347723 0.079413
v 0.141765 0.347723 0.076698
v 0.141978 0.349209 0.074370
f 4433 4434 4444
f 4433 4444 4443
f 4434 4435 4445
f 4434 4445 4444
f 4435 4436 4446
f 4435 4446 4445
f 4436 4437 4447
f 4436 4447 4446
f 4437 4438 4448
f 4437 4448 4447
f 4438 4439 4449
f 4438 4449 4448
f 4439 4440 4450
f 4439 4450 4449
f 4440 4441 4451
f 4440 4451 4450
f 4441 4442 4452
f 4441 4452 4451
f 4442 4433 4443
f 4442 4443 4452
v 0.142334 0.351861 0.078057
v 0.141659 0.352510 0.075684
v 0.141089 0.353915 0.073337
v 0.140604 0.355932 0.071013
v 0.140181 0.358407 0.068704
v 0.139799 0.361169 0.066405
v 0.139430 0.364032 0.064111
v 0.139050 0.366809 0.061813
v 0.138632 0.369320 0.059505
v 0.138156 0.371405 0.057183
v 0.137603 0.372934 0.054841
v 0.136960 0.373815 0.052476
v 0.136221 0.374002 0.050086
v 0.135387 0.373494 0.047672
v 0.134462 0.372338 0.045235
v 0.133461 0.370627 0.042779
v 0.132400 0.368490 0.040307
v 0.131303 0.366087 0.037826
v 0.130194 0.363597 0.035341
v 0.129099 0.361208 0.032861
v 0.128043 0.359107 0.030390
v 0.127051 0.357463 0.027936
v 0.126144 0.356431 0.025503
v 0.125341 0.356156 0.023098
v 0.126016 0.355508 0.025471
v 0.126586 0.354103 0.027817
v 0.127072 0.352086 0.030142
v 0.127494 0.349611 0.032451
v 0.127877 0.346849 0.034749
v 0.128245 0.343986 0.037044
v 0.128626 0.341209 0.039342
v 0.129043 0.338698 0.041649
v 0.129519 0.336613 0.043972
v 0.130073 0.335084 0.046314
v 0.130715 0.334203 0.048679
v 0.131454 0.334016 0.051068
v 0.132289 0.334524 0.053482
v 0.133214 0.335679 0.055919
v 0.134215 0.337391 0.058376
v 0.135275 0.339528 0.060848
v 0.136373 0.341931 0.063329
v 0.137482 0.344421 0.065813
v 0.138577 0.346809 0.068294
v 0.139632 0.348911 0.070764
v 0.140624 0.350554 0.073218
v 0.141532 0.351587 0.075651
f 4453 4454 4455
f 4453 4455 4454
f 4453 4455 4456
f 4453 4456 4455
f 4453 4456 4457
f 4453 4457 4456
f 4453 4457 4458
f 4453 4458 4457
f 4453 4458 4459
f 4453 4459 4458
f 4453 4459 4460
f 4453 4460 4459
f 4453 4460 4461
f 4453 4461 4460
f 4453 4461 4462
f 4453 4462 4461
f 4453 4462 4463
f 4453 4463 4462
f 4453 4463 4464
f 4453 4464 4463
f 4453 4464 4465
f 4453 4465 4464
f 4453 4465 4466
f 4453 4466 4465
f 4453 4466 4467
f 4453 4467 4466
f 4453 4467 4468
f 4453 4468 4467
f 4453 4468 4469
f 4453 4469 4468
f 4453 4469 4470
f 4453 4470 4469
f 4453 4470 4471
f 4453 4471 4470
f 4453 4471 4472
f 4453 4472 4471
f 4453 4472 4473
f 4453 4473 4472
f 4453 4473 4474
f 4453 4474 4473
f 4453 4474 4475
f 4453 4475 4474
f 4453 4475 4476
f 4453 4476 4475
f 4453 4476 4477
f 4453 4477 4476
f 4453 4477 4478
f 4453 4478 4477
f 4453 4478 4479
f 4453 4479 4478
f 4453 4479 4480
f 4453 4480 4479
f 4453 4480 4481
f 4453 4481 4480
f 4453 4481 4482
f 4453 4482 4481
f 4453 4482 4483
f 4453 4483 4482
f 4453 4483 4484
f 4453 4484 4483
f 4453 4484 4485
f 4453 4485 4484
f 4453 4485 4486
f 4453 4486 4485
f 4453 4486 4487
f 4453 4487 4486
f 4453 4487 4488
f 4453 4488 4487
f 4453 4488 4489
f 4453 4489 4488
f 4453 4489 4490
f 4453 4490 4489
f 4453 4490 4491
f 4453 4491 4490
f 4453 4491 4492
f 4453 4492 4491
f 4453 4492 4493
f 4453 4493 4492
f 4453 4493 4494
f 4453 4494 4493
f 4453 4494 4495
f 4453 4495 4494
f 4453 4495 4496
f 4453 4496 4495
f 4453 4496 4497
f 4453 4497 4496
f 4453 4497 4498
f 4453 4498 4497
v 0.142334 0.351861 0.078057
v 0.140909 0.351454 0.080384
v 0.139435 0.350698 0.082632
v 0.137880 0.349349 0.084743
v 0.136226 0.347281 0.086690
v 0.134474 0.344506 0.088476
v 0.132645 0.341170 0.090133
v 0.130774 0.337534 0.091722
v 0.128909 0.333936 0.093319
v 0.127099 0.330738 0.095008
v 0.125390 0.328276 0.096865
v 0.123818 0.326805 0.098949
v 0.122402 0.326465 0.101292
v 0.121141 0.327254 0.103893
v 0.120017 0.329035 0.106720
v 0.118995 0.331551 0.109716
v 0.118027 0.334468 0.112804
v 0.117065 0.337423 0.115900
v 0.116061 0.340077 0.118927
v 0.114980 0.342171 0.121826
v 0.113802 0.343558 0.124564
v 0.112524 0.344227 0.127137
v 0.111165 0.344301 0.129575
v 0.109758 0.344027 0.131932
v 0.111184 0.344434 0.129605
v 0.112657 0.345190 0.127358
v 0.114213 0.346540 0.125246
v 0.115867 0.348608 0.123299
v 0.117619 0.351383 0.121513
v 0.119448 0.354719 0.119856
v 0.121318 0.358355 0.118267
v 0.123184 0.361953 0.116670
v 0.124994 0.365150 0.114981
v 0.126702 0.367612 0.113124
v 0.128274 0.369083 0.111040
v 0.129691 0.369424 0.108697
v 0.130951 0.368634 0.106097
v 0.132075 0.366853 0.103269
v 0.133098 0.364337 0.100273
v 0.134066 0.361420 0.097186
v 0.135028 0.358466 0.094089
v 0.136032 0.355811 0.091062
v 0.137112 0.353717 0.088163
v 0.138291 0.352330 0.085425
v 0.139568 0.351662 0.082852
v 0.140927 0.351587 0.080415
f 4499 4500 4501
f 4499 4501 4500
f 4499 4501 4502
f 4499 4502 4501
f 4499 4502 4503
f 4499 4503 4502
f 4499 4503 4504
f 4499 4504 4503
f 4499 4504 4505
f 4499 4505 4504
f 4499 4505 4506
f 4499 4506 4505
f 4499 4506 4507
f 4499 4507 4506
f 4499 4507 4508
f 4499 4508 4507
f 4499 4508 4509
f 4499 4509 4508
f 4499 4509 4510
f 4499 4510 4509
f 4499 4510 4511
f 4499 4511 4510
f 4499 4511 4512
f 4499 4512 4511
f 4499 4512 4513
f 4499 4513 4512
f 4499 4513 4514
f 4499 4514 4513
f 4499 4514 4515
f 4499 4515 4514
f 4499 4515 4516
f 4499 4516 4515
f 4499 4516 4517
f 4499 4517 4516
f 4499 4517 4518
f 4499 4518 4517
f 4499 4518 4519
f 4499 4519 4518
f 4499 4519 4520
f 4499 4520 4519
f 4499 4520 4521
f 4499 4521 4520
f 4499 4521 4522
f 4499 4522 4521
f 4499 4522 4523
f 4499 4523 4522
f 4499 4523 4524
f 4499 4524 4523
f 4499 4524 4525
f 4499 4525 4524
f 4499 4525 4526
f 4499 4526 4525
f 4499 4526 4527
f 4499 4527 4526
f 4499 4527 4528
f 4499 4528 4527
f 4499 4528 4529
f 4499 4529 4528
f 4499 4529 4530
f 4499 4530 4529
f 4499 4530 4531
f 4499 4531 4530
f 4499 4531 4532
f 4499 4532 4531
f 4499 4532 4533
f 4499 4533 4532
f 4499 4533 4534
f 4499 4534 4533
f 4499 4534 4535
f 4499 4535 4534
f 4499 4535 4536
f 4499 4536 4535
f 4499 4536 4537
f 4499 4537 4536
f 4499 4537 4538
f 4499 4538 4537
f 4499 4538 4539
f 4499 4539 4538
f 4499 4539 4540
f 4499 4540 4539
f 4499 4540 4541
f 4499 4541 4540
f 4499 4541 4542
f 4499 4542 4541
f 4499 4542 4543
f 4499 4543 4542
f 4499 4543 4544
f 4499 4544 4543
v 0.142468 0.351861 0.073783
v 0.144041 0.354014 0.074423
v 0.144860 0.355220 0.076778
v 0.144775 0.355220 0.079491
v 0.143811 0.354014 0.081791
v 0.142201 0.351861 0.082331
v 0.140627 0.349709 0.081691
v 0.139809 0.348503 0.079336
v 0.139894 0.348503 0.076623
v 0.140858 0.349709 0.074323
v 0.161406 0.337813 0.075744
v 0.162475 0.339277 0.076179
v 0.163032 0.340096 0.077781
v 0.162974 0.340096 0.079626
v 0.162319 0.339277 0.081189
v 0.161224 0.337813 0.081557
v 0.160154 0.336349 0.081122
v 0.159597 0.335529 0.079520
v 0.159655 0.335529 0.077675
v 0.160311 0.336349 0.076112
f 4545 4546 4556
f 4545 4556 4555
f 4546 4547 4557
f 4546 4557 4556
f 4547 4548 4558
f 4547 4558 4557
f 4548 4549 4559
f 4548 4559 4558
f 4549 4550 4560
f 4549 4560 4559
f 4550 4551 4561
f 4550 4561 4560
f 4551 4552 4562
f 4551 4562 4561
f 4552 4553 4563
f 4552 4563 4562
f 4553 4554 4564
f 4553 4564 4563
f 4554 4545 4555
f 4554 4555 4564
v 0.161315 0.337813 0.078651
v 0.160667 0.339181 0.076630
v 0.160416 0.341091 0.074740
v 0.160542 0.343515 0.072975
v 0.160980 0.346366 0.071314
v 0.161640 0.349519 0.069725
v 0.162409 0.352821 0.068173
v 0.163164 0.356104 0.066616
v 0.163781 0.359199 0.065013
v 0.164149 0.361953 0.063328
v 0.164173 0.364238 0.061530
v 0.163786 0.365962 0.059595
v 0.162952 0.367077 0.057513
v 0.161673 0.367583 0.055283
v 0.159982 0.367528 0.052917
v 0.157948 0.367004 0.050438
v 0.155664 0.366138 0.047876
v 0.153242 0.365085 0.045269
v 0.150807 0.364013 0.042657
v 0.148480 0.363090 0.040081
v 0.146375 0.362468 0.037578
v 0.144583 0.362275 0.035179
v 0.143167 0.362594 0.032904
v 0.142148 0.363456 0.030760
v 0.142796 0.362088 0.032781
v 0.143047 0.360178 0.034671
v 0.142921 0.357754 0.036436
v 0.142482 0.354903 0.038097
v 0.141823 0.351749 0.039686
v 0.141054 0.348448 0.041238
v 0.140299 0.345165 0.042795
v 0.139681 0.342070 0.044398
v 0.139314 0.339315 0.046083
v 0.139290 0.337030 0.047881
v 0.139677 0.335307 0.049816
v 0.140511 0.334192 0.051898
v 0.141790 0.333686 0.054128
v 0.143480 0.333741 0.056493
v 0.145515 0.334265 0.058973
v 0.147799 0.335131 0.061535
v 0.150220 0.336184 0.064142
v 0.152656 0.337255 0.066754
v 0.154982 0.338179 0.069330
v 0.157088 0.338800 0.071833
v 0.158880 0.338994 0.074232
v 0.160296 0.338674 0.076507
f 4565 4566 4567
f 4565 4567 4566
f 4565 4567 4568
f 4565 4568 4567
f 4565 4568 4569
f 4565 4569 4568
f 4565 4569 4570
f 4565 4570 4569
f 4565 4570 4571
f 4565 4571 4570
f 4565 4571 4572
f 4565 4572 4571
f 4565 4572 4573
f 4565 4573 4572
f 4565 4573 4574
f 4565 4574 4573
f 4565 4574 4575
f 4565 4575 4574
f 4565 4575 4576
f 4565 4576 4575
f 4565 4576 4577
f 4565 4577 4576
f 4565 4577 4578
f 4565 4578 4577
f 4565 4578 4579
f 4565 4579 4578
f 4565 4579 4580
f 4565 4580 4579
f 4565 4580 4581
f 4565 4581 4580
f 4565 4581 4582
f 4565 4582 4581
f 4565 4582 4583
f 4565 4583 4582
f 4565 4583 4584
f 4565 4584 4583
f 4565 4584 4585
f 4565 4585 4584
f 4565 4585 4586
f 4565 4586 4585
f 4565 4586 4587
f 4565 4587 4586
f 4565 4587 4588
f 4565 4588 4587
f 4565 4588 4589
f 4565 4589 4588
f 4565 4589 4590
f 4565 4590 4589
f 4565 4590 4591
f 4565 4591 4590
f 4565 4591 4592
f 4565 4592 4591
f 4565 4592 4593
f 4565 4593 4592
f 4565 4593 4594
f 4565 4594 4593
f 4565 4594 4595
f 4565 4595 4594
f 4565 4595 4596
f 4565 4596 4595
f 4565 4596 4597
f 4565 4597 4596
f 4565 4597 4598
f 4565 4598 4597
f 4565 4598 4599
f 4565 4599 4598
f 4565 4599 4600
f 4565 4600 4599
f 4565 4600 4601
f 4565 4601 4600
f 4565 4601 4602
f 4565 4602 4601
f 4565 4602 4603
f 4565 4603 4602
f 4565 4603 4604
f 4565 4604 4603
f 4565 4604 4605
f 4565 4605 4604
f 4565 4605 4606
f 4565 4606 4605
f 4565 4606 4607
f 4565 4607 4606
f 4565 4607 4608
f 4565 4608 4607
f 4565 4608 4609
f 4565 4609 4608
f 4565 4609 4610
f 4565 4610 4609
v 0.161315 0.337813 0.078651
v 0.160095 0.337481 0.079940
v 0.158578 0.336739 0.081005
v 0.156835 0.335685 0.081898
v 0.154930 0.334407 0.082669
v 0.152929 0.332995 0.083366
v 0.150900 0.331546 0.084043
v 0.148913 0.330153 0.084751
v 0.147030 0.328906 0.085538
v 0.145309 0.327882 0.086448
v 0.143795 0.327144 0.087515
v 0.142521 0.326737 0.088764
v 0.141501 0.326684 0.090206
v 0.140738 0.326984 0.091841
v 0.140213 0.327615 0.093658
v 0.139896 0.328532 0.095632
v 0.139740 0.329672 0.097728
v 0.139689 0.330958 0.099904
v 0.139679 0.332301 0.102111
v 0.139642 0.333605 0.104298
v 0.139508 0.334777 0.106411
v 0.139213 0.335724 0.108402
v 0.138691 0.336359 0.110221
v 0.137873 0.336583 0.111815
v 0.139093 0.336915 0.110526
v 0.140610 0.337657 0.109461
v 0.142353 0.338711 0.108568
v 0.144258 0.339989 0.107797
v 0.146259 0.341401 0.107100
v 0.148287 0.342850 0.106423
v 0.150275 0.344243 0.105715
v 0.152157 0.345490 0.104927
v 0.153878 0.346514 0.104017
v 0.155392 0.347252 0.102950
v 0.156667 0.347659 0.101702
v 0.157686 0.347712 0.100260
v 0.158450 0.347412 0.098625
v 0.158974 0.346781 0.096808
v 0.159292 0.345864 0.094834
v 0.159448 0.344724 0.092737
v 0.159499 0.343438 0.090561
v 0.159509 0.342096 0.088354
v 0.159546 0.340791 0.086168
v 0.159679 0.339619 0.084055
v 0.159975 0.338672 0.082064
v 0.160496 0.338037 0.080245
f 4611 4612 4613
f 4611 4613 4612
f 4611 4613 4614
f 4611 4614 4613
f 4611 4614 4615
f 4611 4615 4614
f 4611 4615 4616
f 4611 4616 4615
f 4611 4616 4617
f 4611 4617 4616
f 4611 4617 4618
f 4611 4618 4617
f 4611 4618 4619
f 4611 4619 4618
f 4611 4619 4620
f 4611 4620 4619
f 4611 4620 4621
f 4611 4621 4620
f 4611 4621 4622
f 4611 4622 4621
f 4611 4622 4623
f 4611 4623 4622
f 4611 4623 4624
f 4611 4624 4623
f 4611 4624 4625
f 4611 4625 4624
f 4611 4625 4626
f 4611 4626 4625
f 4611 4626 4627
f 4611 4627 4626
f 4611 4627 4628
f 4611 4628 4627
f 4611 4628 4629
f 4611 4629 4628
f 4611 4629 4630
f 4611 4630 4629
f 4611 4630 4631
f 4611 4631 4630
f 4611 4631 4632
f 4611 4632 4631
f 4611 4632 4633
f 4611 4633 4632
f 4611 4633 4634
f 4611 4634 4633
f 4611 4634 4635
f 4611 4635 4634
f 4611 4635 4636
f 4611 4636 4635
f 4611 4636 4637
f 4611 4637 4636
f 4611 4637 4638
f 4611 4638 4637
f 4611 4638 4639
f 4611 4639 4638
f 4611 4639 4640
f 4611 4640 4639
f 4611 4640 4641
f 4611 4641 4640
f 4611 4641 4642
f 4611 4642 4641
f 4611 4642 4643
f 4611 4643 4642
f 4611 4643 4644
f 4611 4644 4643
f 4611 4644 4645
f 4611 4645 4644
f 4611 4645 4646
f 4611 4646 4645
f 4611 4646 4647
f 4611 4647 4646
f 4611 4647 4648
f 4611 4648 4647
f 4611 4648 4649
f 4611 4649 4648
f 4611 4649 4650
f 4611 4650 4649
f 4611 4650 4651
f 4611 4651 4650
f 4611 4651 4652
f 4611 4652 4651
f 4611 4652 4653
f 4611 4653 4652
f 4611 4653 4654
f 4611 4654 4653
f 4611 4654 4655
f 4611 4655 4654
f 4611 4655 4656
f 4611 4656 4655
v 0.139475 0.351861 0.074877
v 0.139147 0.354356 0.075967
v 0.140299 0.355754 0.078062
v 0.142114 0.355754 0.080081
v 0.144076 0.354356 0.081448
v 0.145194 0.351861 0.081237
v 0.145522 0.349366 0.080147
v 0.144370 0.347969 0.078052
v 0.142555 0.347969 0.076033
v 0.140593 0.349366 0.074666
v 0.156439 0.360274 0.061463
v 0.156216 0.361971 0.062204
v 0.156999 0.362921 0.063629
v 0.158234 0.362921 0.065002
v 0.159568 0.361971 0.065932
v 0.160328 0.360274 0.065788
v 0.160551 0.358577 0.065047
v 0.159768 0.357627 0.063622
v 0.158534 0.357627 0.062250
v 0.157199 0.358577 0.061320
f 4657 4658 4668
f 4657 4668 4667
f 4658 4659 4669
f 4658 4669 4668
f 4659 4660 4670
f 4659 4670 4669
f 4660 4661 4671
f 4660 4671 4670
f 4661 4662 4672
f 4661 4672 4671
f 4662 4663 4673
f 4662 4673 4672
f 4663 4664 4674
f 4663 4674 4673
f 4664 4665 4675
f 4664 4675 4674
f 4665 4666 4676
f 4665 4676 4675
f 4666 4657 4667
f 4666 4667 4676
v 0.158384 0.360274 0.063626
v 0.156042 0.359790 0.061817
v 0.153430 0.359955 0.060085
v 0.150520 0.360833 0.058437
v 0.147334 0.362369 0.056867
v 0.143936 0.364414 0.055356
v 0.140412 0.366760 0.053881
v 0.136867 0.369156 0.052412
v 0.133412 0.371336 0.050918
v 0.130152 0.373050 0.049369
v 0.127177 0.374083 0.047739
v 0.124551 0.374281 0.046011
v 0.122309 0.373560 0.044174
v 0.120451 0.371921 0.042229
v 0.118942 0.369447 0.040186
v 0.117718 0.366291 0.038062
v 0.116689 0.362670 0.035883
v 0.115749 0.358833 0.033679
v 0.114789 0.355046 0.031480
v 0.113704 0.351559 0.029317
v 0.112405 0.348582 0.027214
v 0.110832 0.346262 0.025189
v 0.108960 0.344657 0.023248
v 0.106817 0.343699 0.021383
v 0.109158 0.344183 0.023192
v 0.111770 0.344018 0.024924
v 0.114681 0.343139 0.026572
v 0.117866 0.341604 0.028143
v 0.121264 0.339559 0.029653
v 0.124789 0.337213 0.031128
v 0.128333 0.334817 0.032597
v 0.131788 0.332637 0.034091
v 0.135048 0.330923 0.035640
v 0.138024 0.329889 0.037270
v 0.140649 0.329692 0.038998
v 0.142891 0.330413 0.040835
v 0.144750 0.332051 0.042780
v 0.146258 0.334526 0.044823
v 0.147483 0.337681 0.046947
v 0.148512 0.341303 0.049126
v 0.149451 0.345140 0.051331
v 0.150411 0.348927 0.053529
v 0.151496 0.352414 0.055692
v 0.152795 0.355391 0.057795
v 0.154369 0.357711 0.059820
v 0.156241 0.359316 0.061761
f 4677 4678 4679
f 4677 4679 4678
f 4677 4679 4680
f 4677 4680 4679
f 4677 4680 4681
f 4677 4681 4680
f 4677 4681 4682
f 4677 4682 4681
f 4677 4682 4683
f 4677 4683 4682
f 4677 4683 4684
f 4677 4684 4683
f 4677 4684 4685
f 4677 4685 4684
f 4677 4685 4686
f 4677 4686 4685
f 4677 4686 4687
f 4677 4687 4686
f 4677 4687 4688
f 4677 4688 4687
f 4677 4688 4689
f 4677 4689 4688
f 4677 4689 4690
f 4677 4690 4689
f 4677 4690 4691
f 4677 4691 4690
f 4677 4691 4692
f 4677 4692 4691
f 4677 4692 4693
f 4677 4693 4692
f 4677 4693 4694
f 4677 4694 4693
f 4677 4694 4695
f 4677 4695 4694
f 4677 4695 4696
f 4677 4696 4695
f 4677 4696 4697
f 4677 4697 4696
f 4677 4697 4698
f 4677 4698 4697
f 4677 4698 4699
f 4677 4699 4698
f 4677 4699 4700
f 4677 4700 4699
f 4677 4700 4701
f 4677 4701 4700
f 4677 4701 4702
f 4677 4702 4701
f 4677 4702 4703
f 4677 4703 4702
f 4677 4703 4704
f 4677 4704 4703
f 4677 4704 4705
f 4677 4705 4704
f 4677 4705 4706
f 4677 4706 4705
f 4677 4706 4707
f 4677 4707 4706
f 4677 4707 4708
f 4677 4708 4707
f 4677 4708 4709
f 4677 4709 4708
f 4677 4709 4710
f 4677 4710 4709
f 4677 4710 4711
f 4677 4711 4710
f 4677 4711 4712
f 4677 4712 4711
f 4677 4712 4713
f 4677 4713 4712
f 4677 4713 4714
f 4677 4714 4713
f 4677 4714 4715
f 4677 4715 4714
f 4677 4715 4716
f 4677 4716 4715
f 4677 4716 4717
f 4677 4717 4716
f 4677 4717 4718
f 4677 4718 4717
f 4677 4718 4719
f 4677 4719 4718
f 4677 4719 4720
f 4677 4720 4719
f 4677 4720 4721
f 4677 4721 4720
f 4677 4721 4722
f 4677 4722 4721
v 0.158384 0.360274 0.063626
v 0.159623 0.359707 0.065629
v 0.160937 0.358771 0.067500
v 0.162361 0.357294 0.069178
v 0.163906 0.355221 0.070643
v 0.165560 0.352607 0.071915
v 0.167295 0.349598 0.073046
v 0.169065 0.346415 0.074114
v 0.170817 0.343321 0.075214
v 0.172497 0.340584 0.076442
v 0.174054 0.338447 0.077884
v 0.175454 0.337091 0.079605
v 0.176675 0.336612 0.081640
v 0.177719 0.337010 0.083988
v 0.178604 0.338189 0.086615
v 0.179367 0.339967 0.089456
v 0.180058 0.342104 0.092425
v 0.180730 0.344329 0.095425
v 0.181438 0.346379 0.098364
v 0.182227 0.348035 0.101161
v 0.183125 0.349150 0.103765
v 0.184143 0.349669 0.106156
v 0.185272 0.349647 0.108354
v 0.186476 0.349256 0.110420
v 0.185236 0.349822 0.108417
v 0.183922 0.350758 0.106545
v 0.182498 0.352236 0.104868
v 0.180954 0.354308 0.103402
v 0.179299 0.356923 0.102131
v 0.177564 0.359931 0.101000
v 0.175794 0.363114 0.099931
v 0.174042 0.366209 0.098831
v 0.172363 0.368945 0.097603
v 0.170805 0.371082 0.096161
v 0.169405 0.372439 0.094440
v 0.168184 0.372918 0.092406
v 0.167141 0.372520 0.090058
v 0.166256 0.371341 0.087431
v 0.165492 0.369562 0.084590
v 0.164802 0.367426 0.081621
v 0.164129 0.365201 0.078620
v 0.163421 0.363150 0.075682
v 0.162633 0.361494 0.072884
v 0.161735 0.360380 0.070281
v 0.160716 0.359861 0.067889
v 0.159587 0.359883 0.065692
f 4723 4724 4725
f 4723 4725 4724
f 4723 4725 4726
f 4723 4726 4725
f 4723 4726 4727
f 4723 4727 4726
f 4723 4727 4728
f 4723 4728 4727
f 4723 4728 4729
f 4723 4729 4728
f 4723 4729 4730
f 4723 4730 4729
f 4723 4730 4731
f 4723 4731 4730
f 4723 4731 4732
f 4723 4732 4731
f 4723 4732 4733
f 4723 4733 4732
f 4723 4733 4734
f 4723 4734 4733
f 4723 4734 4735
f 4723 4735 4734
f 4723 4735 4736
f 4723 4736 4735
f 4723 4736 4737
f 4723 4737 4736
f 4723 4737 4738
f 4723 4738 4737
f 4723 4738 4739
f 4723 4739 4738
f 4723 4739 4740
f 4723 4740 4739
f 4723 4740 4741
f 4723 4741 4740
f 4723 4741 4742
f 4723 4742 4741
f 4723 4742 4743
f 4723 4743 4742
f 4723 4743 4744
f 4723 4744 4743
f 4723 4744 4745
f 4723 4745 4744
f 4723 4745 4746
f 4723 4746 4745
f 4723 4746 4747
f 4723 4747 4746
f 4723 4747 4748
f 4723 4748 4747
f 4723 4748 4749
f 4723 4749 4748
f 4723 4749 4750
f 4723 4750 4749
f 4723 4750 4751
f 4723 4751 4750
f 4723 4751 4752
f 4723 4752 4751
f 4723 4752 4753
f 4723 4753 4752
f 4723 4753 4754
f 4723 4754 4753
f 4723 4754 4755
f 4723 4755 4754
f 4723 4755 4756
f 4723 4756 4755
f 4723 4756 4757
f 4723 4757 4756
f 4723 4757 4758
f 4723 4758 4757
f 4723 4758 4759
f 4723 4759 4758
f 4723 4759 4760
f 4723 4760 4759
f 4723 4760 4761
f 4723 4761 4760
f 4723 4761 4762
f 4723 4762 4761
f 4723 4762 4763
f 4723 4763 4762
f 4723 4763 4764
f 4723 4764 4763
f 4723 4764 4765
f 4723 4765 4764
f 4723 4765 4766
f 4723 4766 4765
f 4723 4766 4767
f 4723 4767 4766
f 4723 4767 4768
f 4723 4768 4767
v 0.145412 0.351861 0.075088
v 0.143775 0.353892 0.074242
v 0.141421 0.355029 0.075154
v 0.139467 0.355029 0.077039
v 0.138469 0.353892 0.079359
v 0.139256 0.351861 0.081026
v 0.140894 0.349831 0.081872
v 0.143248 0.348694 0.080960
v 0.145202 0.348694 0.079075
v 0.146199 0.349831 0.076755
v 0.155344 0.365383 0.087357
v 0.154230 0.366764 0.086781
v 0.152629 0.367537 0.087401
v 0.151300 0.367537 0.088683
v 0.150622 0.366764 0.090261
v 0.151158 0.365383 0.091394
v 0.152271 0.364002 0.091970
v 0.153872 0.363229 0.091349
v 0.155201 0.363229 0.090068
v 0.155879 0.364002 0.088490
f 4769 4770 4780
f 4769 4780 4779
f 4770 4771 4781
f 4770 4781 4780
f 4771 4772 4782
f 4771 4782 4781
f 4772 4773 4783
f 4772 4783 4782
f 4773 4774 4784
f 4773 4784 4783
f 4774 4775 4785
f 4774 4785 4784
f 4775 4776 4786
f 4775 4786 4785
f 4776 4777 4787
f 4776 4787 4786
f 4777 4778 4788
f 4777 4788 4787
f 4778 4769 4779
f 4778 4779 4788
v 0.153251 0.365383 0.089375
v 0.155068 0.364596 0.087749
v 0.156779 0.364255 0.085693
v 0.158376 0.364387 0.083182
v 0.159872 0.364942 0.080262
v 0.161292 0.365819 0.077032
v 0.162667 0.366878 0.073626
v 0.164038 0.367956 0.070203
v 0.165445 0.368884 0.066924
v 0.166926 0.369502 0.063943
v 0.168514 0.369676 0.061391
v 0.170231 0.369308 0.059361
v 0.172090 0.368348 0.057902
v 0.174091 0.366794 0.057015
v 0.176222 0.364698 0.056650
v 0.178459 0.362158 0.056714
v 0.180770 0.359308 0.057076
v 0.183117 0.356309 0.057582
v 0.185459 0.353328 0.058070
v 0.187758 0.350529 0.058383
v 0.189980 0.348052 0.058386
v 0.192101 0.345999 0.057981
v 0.194108 0.344418 0.057119
v 0.196009 0.343283 0.055828
v 0.194191 0.344071 0.057454
v 0.192481 0.344412 0.059510
v 0.190883 0.344280 0.062022
v 0.189387 0.343725 0.064942
v 0.187968 0.342847 0.068172
v 0.186592 0.341789 0.071577
v 0.185221 0.340711 0.075001
v 0.183814 0.339783 0.078280
v 0.182333 0.339164 0.081260
v 0.180746 0.338990 0.083813
v 0.179029 0.339358 0.085843
v 0.177169 0.340319 0.087302
v 0.175168 0.341873 0.088189
v 0.173038 0.343969 0.088553
v 0.170801 0.346509 0.088490
v 0.168490 0.349358 0.088128
v 0.166143 0.352358 0.087621
v 0.163800 0.355339 0.087133
v 0.161501 0.358137 0.086820
v 0.159279 0.360615 0.086817
v 0.157159 0.362668 0.087223
v 0.155151 0.364249 0.088084
f 4789 4790 4791
f 4789 4791 4790
f 4789 4791 4792
f 4789 4792 4791
f 4789 4792 4793
f 4789 4793 4792
f 4789 4793 4794
f 4789 4794 4793
f 4789 4794 4795
f 4789 4795 4794
f 4789 4795 4796
f 4789 4796 4795
f 4789 4796 4797
f 4789 4797 4796
f 4789 4797 4798
f 4789 4798 4797
f 4789 4798 4799
f 4789 4799 4798
f 4789 4799 4800
f 4789 4800 4799
f 4789 4800 4801
f 4789 4801 4800
f 4789 4801 4802
f 4789 4802 4801
f 4789 4802 4803
f 4789 4803 4802
f 4789 4803 4804
f 4789 4804 4803
f 4789 4804 4805
f 4789 4805 4804
f 4789 4805 4806
f 4789 4806 4805
f 4789 4806 4807
f 4789 4807 4806
f 4789 4807 4808
f 4789 4808 4807
f 4789 4808 4809
f 4789 4809 4808
f 4789 4809 4810
f 4789 4810 4809
f 4789 4810 4811
f 4789 4811 4810
f 4789 4811 4812
f 4789 4812 4811
f 4789 4812 4813
f 4789 4813 4812
f 4789 4813 4814
f 4789 4814 4813
f 4789 4814 4815
f 4789 4815 4814
f 4789 4815 4816
f 4789 4816 4815
f 4789 4816 4817
f 4789 4817 4816
f 4789 4817 4818
f 4789 4818 4817
f 4789 4818 4819
f 4789 4819 4818
f 4789 4819 4820
f 4789 4820 4819
f 4789 4820 4821
f 4789 4821 4820
f 4789 4821 4822
f 4789 4822 4821
f 4789 4822 4823
f 4789 4823 4822
f 4789 4823 4824
f 4789 4824 4823
f 4789 4824 4825
f 4789 4825 4824
f 4789 4825 4826
f 4789 4826 4825
f 4789 4826 4827
f 4789 4827 4826
f 4789 4827 4828
f 4789 4828 4827
f 4789 4828 4829
f 4789 4829 4828
f 4789 4829 4830
f 4789 4830 4829
f 4789 4830 4831
f 4789 4831 4830
f 4789 4831 4832
f 4789 4832 4831
f 4789 4832 4833
f 4789 4833 4832
f 4789 4833 4834
f 4789 4834 4833
v 0.153251 0.365383 0.089375
v 0.151131 0.364645 0.090955
v 0.149180 0.363665 0.092661
v 0.147537 0.362246 0.094594
v 0.146284 0.360270 0.096816
v 0.145430 0.357726 0.099333
v 0.144902 0.354715 0.102093
v 0.144562 0.351436 0.104991
v 0.144220 0.348160 0.107887
v 0.143669 0.345184 0.110629
v 0.142712 0.342785 0.113070
v 0.141200 0.341179 0.115101
v 0.139051 0.340482 0.116659
v 0.136266 0.340694 0.117746
v 0.132924 0.341698 0.118422
v 0.129178 0.343281 0.118798
v 0.125222 0.345163 0.119018
v 0.121264 0.347047 0.119238
v 0.117494 0.348664 0.119596
v 0.114051 0.349814 0.120196
v 0.111006 0.350396 0.121091
v 0.108351 0.350421 0.122275
v 0.106004 0.350006 0.123687
v 0.103826 0.349351 0.125224
v 0.105946 0.350089 0.123644
v 0.107897 0.351069 0.121939
v 0.109540 0.352488 0.120005
v 0.110792 0.354464 0.117783
v 0.111647 0.357008 0.115266
v 0.112174 0.360019 0.112507
v 0.112514 0.363298 0.109609
v 0.112856 0.366574 0.106712
v 0.113408 0.369550 0.103971
v 0.114364 0.371949 0.101529
v 0.115876 0.373555 0.099499
v 0.118025 0.374252 0.097940
v 0.120811 0.374040 0.096853
v 0.124152 0.373036 0.096177
v 0.127898 0.371453 0.095802
v 0.131854 0.369571 0.095581
v 0.135812 0.367687 0.095362
v 0.139583 0.366070 0.095004
v 0.143026 0.364920 0.094403
v 0.146071 0.364338 0.093508
v 0.148726 0.364313 0.092324
v 0.151073 0.364728 0.090912
f 4835 4836 4837
f 4835 4837 4836
f 4835 4837 4838
f 4835 4838 4837
f 4835 4838 4839
f 4835 4839 4838
f 4835 4839 4840
f 4835 4840 4839
f 4835 4840 4841
f 4835 4841 4840
f 4835 4841 4842
f 4835 4842 4841
f 4835 4842 4843
f 4835 4843 4842
f 4835 4843 4844
f 4835 4844 4843
f 4835 4844 4845
f 4835 4845 4844
f 4835 4845 4846
f 4835 4846 4845
f 4835 4846 4847
f 4835 4847 4846
f 4835 4847 4848
f 4835 4848 4847
f 4835 4848 4849
f 4835 4849 4848
f 4835 4849 4850
f 4835 4850 4849
f 4835 4850 4851
f 4835 4851 4850
f 4835 4851 4852
f 4835 4852 4851
f 4835 4852 4853
f 4835 4853 4852
f 4835 4853 4854
f 4835 4854 4853
f 4835 4854 4855
f 4835 4855 4854
f 4835 4855 4856
f 4835 4856 4855
f 4835 4856 4857
f 4835 4857 4856
f 4835 4857 4858
f 4835 4858 4857
f 4835 4858 4859
f 4835 4859 4858
f 4835 4859 4860
f 4835 4860 4859
f 4835 4860 4861
f 4835 4861 4860
f 4835 4861 4862
f 4835 4862 4861
f 4835 4862 4863
f 4835 4863 4862
f 4835 4863 4864
f 4835 4864 4863
f 4835 4864 4865
f 4835 4865 4864
f 4835 4865 4866
f 4835 4866 4865
f 4835 4866 4867
f 4835 4867 4866
f 4835 4867 4868
f 4835 4868 4867
f 4835 4868 4869
f 4835 4869 4868
f 4835 4869 4870
f 4835 4870 4869
f 4835 4870 4871
f 4835 4871 4870
f 4835 4871 4872
f 4835 4872 4871
f 4835 4872 4873
f 4835 4873 4872
f 4835 4873 4874
f 4835 4874 4873
f 4835 4874 4875
f 4835 4875 4874
f 4835 4875 4876
f 4835 4876 4875
f 4835 4876 4877
f 4835 4877 4876
f 4835 4877 4878
f 4835 4878 4877
f 4835 4878 4879
f 4835 4879 4878
f 4835 4879 4880
f 4835 4880 4879
v 0.099468 0.357013 0.075200
v 0.099007 0.359740 0.078135
v 0.101391 0.361267 0.081063
v 0.104981 0.361267 0.082808
v 0.108756 0.359740 0.082874
v 0.110779 0.357013 0.080698
v 0.111241 0.354287 0.077763
v 0.108857 0.352760 0.074835
v 0.105266 0.352760 0.073090
v 0.101491 0.354287 0.073024
v 0.112896 0.384704 0.052181
v 0.112582 0.386558 0.054176
v 0.114203 0.387597 0.056168
v 0.116645 0.387597 0.057354
v 0.119212 0.386558 0.057399
v 0.120587 0.384704 0.055920
v 0.120901 0.382850 0.053924
v 0.119280 0.381812 0.051933
v 0.116839 0.381812 0.050746
v 0.114271 0.382850 0.050701
f 4881 4882 4892
f 4881 4892 4891
f 4882 4883 4893
f 4882 4893 4892
f 4883 4884 4894
f 4883 4894 4893
f 4884 4885 4895
f 4884 4895 4894
f 4885 4886 4896
f 4885 4896 4895
f 4886 4887 4897
f 4886 4897 4896
f 4887 4888 4898
f 4887 4898 4897
f 4888 4889 4899
f 4888 4899 4898
f 4889 4890 4900
f 4889 4900 4899
f 4890 4881 4891
f 4890 4891 4900
v 0.116742 0.384704 0.054050
v 0.114079 0.383938 0.053278
v 0.111327 0.383329 0.052646
v 0.108377 0.383075 0.052329
v 0.105137 0.383338 0.052469
v 0.101568 0.384187 0.053129
v 0.097700 0.385571 0.054263
v 0.093630 0.387314 0.055715
v 0.089515 0.389139 0.057240
v 0.085537 0.390717 0.058546
v 0.081879 0.391726 0.059347
v 0.078685 0.391908 0.059416
v 0.076033 0.391121 0.058626
v 0.073924 0.389366 0.056978
v 0.072279 0.386784 0.054598
v 0.070953 0.383632 0.051712
v 0.069765 0.380234 0.048608
v 0.068531 0.376918 0.045577
v 0.067096 0.373961 0.042864
v 0.065361 0.371539 0.040625
v 0.063297 0.369703 0.038906
v 0.060944 0.368383 0.037644
v 0.058392 0.367419 0.036696
v 0.055752 0.366612 0.035889
v 0.058415 0.367379 0.036661
v 0.061166 0.367987 0.037293
v 0.064117 0.368241 0.037610
v 0.067357 0.367978 0.037470
v 0.070925 0.367129 0.036810
v 0.074794 0.365745 0.035676
v 0.078863 0.364003 0.034224
v 0.082979 0.362178 0.032699
v 0.086956 0.360599 0.031393
v 0.090614 0.359591 0.030592
v 0.093809 0.359409 0.030523
v 0.096460 0.360195 0.031313
v 0.098569 0.361951 0.032961
v 0.100215 0.364532 0.035341
v 0.101541 0.367684 0.038227
v 0.102728 0.371082 0.041331
v 0.103963 0.374398 0.044362
v 0.105398 0.377355 0.047075
v 0.107133 0.379777 0.049314
v 0.109196 0.381613 0.051034
v 0.111549 0.382933 0.052296
v 0.114101 0.383898 0.053243
f 4901 4902 4903
f 4901 4903 4902
f 4901 4903 4904
f 4901 4904 4903
f 4901 4904 4905
f 4901 4905 4904
f 4901 4905 4906
f 4901 4906 4905
f 4901 4906 4907
f 4901 4907 4906
f 4901 4907 4908
f 4901 4908 4907
f 4901 4908 4909
f 4901 4909 4908
f 4901 4909 4910
f 4901 4910 4909
f 4901 4910 4911
f 4901 4911 4910
f 4901 4911 4912
f 4901 4912 4911
f 4901 4912 4913
f 4901 4913 4912
f 4901 4913 4914
f 4901 4914 4913
f 4901 4914 4915
f 4901 4915 4914
f 4901 4915 4916
f 4901 4916 4915
f 4901 4916 4917
f 4901 4917 4916
f 4901 4917 4918
f 4901 4918 4917
f 4901 4918 4919
f 4901 4919 4918
f 4901 4919 4920
f 4901 4920 4919
f 4901 4920 4921
f 4901 4921 4920
f 4901 4921 4922
f 4901 4922 4921
f 4901 4922 4923
f 4901 4923 4922
f 4901 4923 4924
f 4901 4924 4923
f 4901 4924 4925
f 4901 4925 4924
f 4901 4925 4926
f 4901 4926 4925
f 4901 4926 4927
f 4901 4927 4926
f 4901 4927 4928
f 4901 4928 4927
f 4901 4928 4929
f 4901 4929 4928
f 4901 4929 4930
f 4901 4930 4929
f 4901 4930 4931
f 4901 4931 4930
f 4901 4931 4932
f 4901 4932 4931
f 4901 4932 4933
f 4901 4933 4932
f 4901 4933 4934
f 4901 4934 4933
f 4901 4934 4935
f 4901 4935 4934
f 4901 4935 4936
f 4901 4936 4935
f 4901 4936 4937
f 4901 4937 4936
f 4901 4937 4938
f 4901 4938 4937
f 4901 4938 4939
f 4901 4939 4938
f 4901 4939 4940
f 4901 4940 4939
f 4901 4940 4941
f 4901 4941 4940
f 4901 4941 4942
f 4901 4942 4941
f 4901 4942 4943
f 4901 4943 4942
f 4901 4943 4944
f 4901 4944 4943
f 4901 4944 4945
f 4901 4945 4944
f 4901 4945 4946
f 4901 4946 4945
v 0.113279 0.384704 0.051541
v 0.113427 0.387322 0.052343
v 0.115127 0.388788 0.053965
v 0.117326 0.388788 0.055558
v 0.119396 0.387322 0.056668
v 0.120204 0.384704 0.056559
v 0.120056 0.382086 0.055757
v 0.118356 0.380620 0.054136
v 0.116158 0.380620 0.052543
v 0.114087 0.382086 0.051432
v 0.126466 0.389130 0.035672
v 0.126567 0.390910 0.036218
v 0.127723 0.391907 0.037320
v 0.129218 0.391907 0.038403
v 0.130626 0.390910 0.039159
v 0.131176 0.389130 0.039085
v 0.131075 0.387349 0.038539
v 0.129919 0.386352 0.037437
v 0.128424 0.386352 0.036354
v 0.127016 0.387349 0.035598
f 4947 4948 4958
f 4947 4958 4957
f 4948 4949 4959
f 4948 4959 4958
f 4949 4950 4960
f 4949 4960 4959
f 4950 4951 4961
f 4950 4961 4960
f 4951 4952 4962
f 4951 4962 4961
f 4952 4953 4963
f 4952 4963 4962
f 4953 4954 4964
f 4953 4964 4963
f 4954 4955 4965
f 4954 4965 4964
f 4955 4956 4966
f 4955 4966 4965
f 4956 4947 4957
f 4956 4957 4966
v 0.128821 0.389130 0.037378
v 0.126469 0.388180 0.036580
v 0.124005 0.387501 0.035773
v 0.121330 0.387332 0.034947
v 0.118381 0.387823 0.034099
v 0.115149 0.388996 0.033226
v 0.111681 0.390740 0.032334
v 0.108074 0.392820 0.031430
v 0.104462 0.394910 0.030526
v 0.100994 0.396652 0.029634
v 0.097813 0.397704 0.028766
v 0.095026 0.397805 0.027931
v 0.092693 0.396810 0.027134
v 0.090814 0.394720 0.026376
v 0.089329 0.391677 0.025651
v 0.088131 0.387946 0.024950
v 0.087077 0.383866 0.024261
v 0.086018 0.379797 0.023571
v 0.084820 0.376063 0.022870
v 0.083386 0.372900 0.022149
v 0.081669 0.370420 0.021404
v 0.079678 0.368599 0.020636
v 0.077476 0.367288 0.019851
v 0.075162 0.366248 0.019056
v 0.077513 0.367198 0.019854
v 0.079977 0.367877 0.020662
v 0.082653 0.368045 0.021487
v 0.085602 0.367555 0.022335
v 0.088834 0.366381 0.023208
v 0.092302 0.364637 0.024100
v 0.095909 0.362558 0.025004
v 0.099521 0.360467 0.025908
v 0.102988 0.358726 0.026800
v 0.106170 0.357673 0.027668
v 0.108957 0.357573 0.028503
v 0.111290 0.358568 0.029300
v 0.113169 0.360658 0.030058
v 0.114653 0.363700 0.030783
v 0.115852 0.367431 0.031485
v 0.116906 0.371512 0.032174
v 0.117965 0.375581 0.032863
v 0.119162 0.379314 0.033564
v 0.120597 0.382478 0.034285
v 0.122314 0.384958 0.035030
v 0.124304 0.386779 0.035798
v 0.126506 0.388090 0.036583
f 4967 4968 4969
f 4967 4969 4968
f 4967 4969 4970
f 4967 4970 4969
f 4967 4970 4971
f 4967 4971 4970
f 4967 4971 4972
f 4967 4972 4971
f 4967 4972 4973
f 4967 4973 4972
f 4967 4973 4974
f 4967 4974 4973
f 4967 4974 4975
f 4967 4975 4974
f 4967 4975 4976
f 4967 4976 4975
f 4967 4976 4977
f 4967 4977 4976
f 4967 4977 4978
f 4967 4978 4977
f 4967 4978 4979
f 4967 4979 4978
f 4967 4979 4980
f 4967 4980 4979
f 4967 4980 4981
f 4967 4981 4980
f 4967 4981 4982
f 4967 4982 4981
f 4967 4982 4983
f 4967 4983 4982
f 4967 4983 4984
f 4967 4984 4983
f 4967 4984 4985
f 4967 4985 4984
f 4967 4985 4986
f 4967 4986 4985
f 4967 4986 4987
f 4967 4987 4986
f 4967 4987 4988
f 4967 4988 4987
f 4967 4988 4989
f 4967 4989 4988
f 4967 4989 4990
f 4967 4990 4989
f 4967 4990 4991
f 4967 4991 4990
f 4967 4991 4992
f 4967 4992 4991
f 4967 4992 4993
f 4967 4993 4992
f 4967 4993 4994
f 4967 4994 4993
f 4967 4994 4995
f 4967 4995 4994
f 4967 4995 4996
f 4967 4996 4995
f 4967 4996 4997
f 4967 4997 4996
f 4967 4997 4998
f 4967 4998 4997
f 4967 4998 4999
f 4967 4999 4998
f 4967 4999 5000
f 4967 5000 4999
f 4967 5000 5001
f 4967 5001 5000
f 4967 5001 5002
f 4967 5002 5001
f 4967 5002 5003
f 4967 5003 5002
f 4967 5003 5004
f 4967 5004 5003
f 4967 5004 5005
f 4967 5005 5004
f 4967 5005 5006
f 4967 5006 5005
f 4967 5006 5007
f 4967 5007 5006
f 4967 5007 5008
f 4967 5008 5007
f 4967 5008 5009
f 4967 5009 5008
f 4967 5009 5010
f 4967 5010 5009
f 4967 5010 5011
f 4967 5011 5010
f 4967 5011 5012
f 4967 5012 5011
v 0.113877 0.384704 0.057226
v 0.115847 0.386341 0.058207
v 0.118288 0.387257 0.057273
v 0.120106 0.387257 0.055257
v 0.120784 0.386341 0.052733
v 0.119606 0.384704 0.050875
v 0.117636 0.383068 0.049894
v 0.115195 0.382151 0.050828
v 0.113377 0.382151 0.052843
v 0.112699 0.383068 0.055367
v 0.104680 0.402345 0.047087
v 0.106019 0.403457 0.047754
v 0.107679 0.404081 0.047119
v 0.108915 0.404081 0.045748
v 0.109376 0.403457 0.044032
v 0.108575 0.402345 0.042768
v 0.107236 0.401232 0.042101
v 0.105576 0.400608 0.042736
v 0.104340 0.400608 0.044107
v 0.103878 0.401232 0.045823
f 5013 5014 5024
f 5013 5024 5023
f 5014 5015 5025
f 5014 5025 5024
f 5015 5016 5026
f 5015 5026 5025
f 5016 5017 5027
f 5016 5027 5026
f 5017 5018 5028
f 5017 5028 5027
f 5018 5019 5029
f 5018 5029 5028
f 5019 5020 5030
f 5019 5030 5029
f 5020 5021 5031
f 5020 5031 5030
f 5021 5022 5032
f 5021 5032 5031
f 5022 5013 5023
f 5022 5023 5032
v 0.106627 0.402345 0.044928
v 0.105906 0.401712 0.046766
v 0.105383 0.401274 0.048762
v 0.105164 0.401136 0.050999
v 0.105289 0.401336 0.053509
v 0.105736 0.401852 0.056274
v 0.106423 0.402604 0.059229
v 0.107223 0.403467 0.062274
v 0.107982 0.404291 0.065286
v 0.108539 0.404915 0.068138
v 0.108748 0.405197 0.070715
v 0.108500 0.405029 0.072928
v 0.107734 0.404353 0.074732
v 0.106452 0.403169 0.076126
v 0.104712 0.401536 0.077157
v 0.102625 0.399559 0.077913
v 0.100335 0.397384 0.078508
v 0.098004 0.395169 0.079071
v 0.095786 0.393065 0.079723
v 0.093809 0.391197 0.080566
v 0.092153 0.389645 0.081664
v 0.090841 0.388432 0.083034
v 0.089833 0.387518 0.084646
v 0.089024 0.386799 0.086415
v 0.089745 0.387432 0.084576
v 0.090268 0.387869 0.082580
v 0.090487 0.388008 0.080343
v 0.090362 0.387808 0.077833
v 0.089915 0.387292 0.075069
v 0.089229 0.386540 0.072114
v 0.088428 0.385676 0.069069
v 0.087669 0.384853 0.066056
v 0.087112 0.384229 0.063204
v 0.086903 0.383946 0.060628
v 0.087152 0.384114 0.058415
v 0.087917 0.384790 0.056611
v 0.089199 0.385974 0.055217
v 0.090939 0.387608 0.054185
v 0.093026 0.389584 0.053430
v 0.095316 0.391759 0.052835
v 0.097648 0.393975 0.052272
v 0.099865 0.396079 0.051620
v 0.101843 0.397946 0.050777
v 0.103499 0.399498 0.049679
v 0.104810 0.400711 0.048308
v 0.105818 0.401625 0.046697
f 5033 5034 5035
f 5033 5035 5034
f 5033 5035 5036
f 5033 5036 5035
f 5033 5036 5037
f 5033 5037 5036
f 5033 5037 5038
f 5033 5038 5037
f 5033 5038 5039
f 5033 5039 5038
f 5033 5039 5040
f 5033 5040 5039
f 5033 5040 5041
f 5033 5041 5040
f 5033 5041 5042
f 5033 5042 5041
f 5033 5042 5043
f 5033 5043 5042
f 5033 5043 5044
f 5033 5044 5043
f 5033 5044 5045
f 5033 5045 5044
f 5033 5045 5046
f 5033 5046 5045
f 5033 5046 5047
f 5033 5047 5046
f 5033 5047 5048
f 5033 5048 5047
f 5033 5048 5049
f 5033 5049 5048
f 5033 5049 5050
f 5033 5050 5049
f 5033 5050 5051
f 5033 5051 5050
f 5033 5051 5052
f 5033 5052 5051
f 5033 5052 5053
f 5033 5053 5052
f 5033 5053 5054
f 5033 5054 5053
f 5033 5054 5055
f 5033 5055 5054
f 5033 5055 5056
f 5033 5056 5055
f 5033 5056 5057
f 5033 5057 5056
f 5033 5057 5058
f 5033 5058 5057
f 5033 5058 5059
f 5033 5059 5058
f 5033 5059 5060
f 5033 5060 5059
f 5033 5060 5061
f 5033 5061 5060
f 5033 5061 5062
f 5033 5062 5061
f 5033 5062 5063
f 5033 5063 5062
f 5033 5063 5064
f 5033 5064 5063
f 5033 5064 5065
f 5033 5065 5064
f 5033 5065 5066
f 5033 5066 5065
f 5033 5066 5067
f 5033 5067 5066
f 5033 5067 5068
f 5033 5068 5067
f 5033 5068 5069
f 5033 5069 5068
f 5033 5069 5070
f 5033 5070 5069
f 5033 5070 5071
f 5033 5071 5070
f 5033 5071 5072
f 5033 5072 5071
f 5033 5072 5073
f 5033 5073 5072
f 5033 5073 5074
f 5033 5074 5073
f 5033 5074 5075
f 5033 5075 5074
f 5033 5075 5076
f 5033 5076 5075
f 5033 5076 5077
f 5033 5077 5076
f 5033 5077 5078
f 5033 5078 5077
v 0.116513 0.384704 0.049780
v 0.114574 0.386514 0.050475
v 0.113594 0.387527 0.052859
v 0.113739 0.387527 0.055570
v 0.114967 0.386514 0.057836
v 0.116970 0.384704 0.058320
v 0.118910 0.382895 0.057625
v 0.119889 0.381881 0.055241
v 0.119744 0.381881 0.052530
v 0.118516 0.382895 0.050264
v 0.130051 0.399412 0.050426
v 0.128732 0.400643 0.050899
v 0.128066 0.401332 0.052520
v 0.128165 0.401332 0.054363
v 0.129000 0.400643 0.055904
v 0.130362 0.399412 0.056233
v 0.131681 0.398182 0.055761
v 0.132347 0.397493 0.054139
v 0.132248 0.397493 0.052296
v 0.131413 0.398182 0.050755
f 5079 5080 5090
f 5079 5090 5089
f 5080 5081 5091
f 5080 5091 5090
f 5081 5082 5092
f 5081 5092 5091
f 5082 5083 5093
f 5082 5093 5092
f 5083 5084 5094
f 5083 5094 5093
f 5084 5085 5095
f 5084 5095 5094
f 5085 5086 5096
f 5085 5096 5095
f 5086 5087 5097
f 5086 5097 5096
f 5087 5088 5098
f 5087 5098 5097
f 5088 5079 5089
f 5088 5089 5098
v 0.130207 0.399412 0.053330
v 0.128693 0.398676 0.051023
v 0.127018 0.398091 0.048772
v 0.124979 0.397844 0.046645
v 0.122413 0.398089 0.044697
v 0.119249 0.398891 0.042953
v 0.115540 0.400202 0.041396
v 0.111466 0.401852 0.039962
v 0.107308 0.403581 0.038557
v 0.103403 0.405074 0.037066
v 0.100080 0.406025 0.035377
v 0.097599 0.406190 0.033400
v 0.096106 0.405434 0.031087
v 0.095601 0.403758 0.028436
v 0.095938 0.401296 0.025499
v 0.096858 0.398292 0.022363
v 0.098029 0.395053 0.019141
v 0.099117 0.391891 0.015948
v 0.099841 0.389070 0.012879
v 0.100019 0.386757 0.009996
v 0.099599 0.385001 0.007317
v 0.098652 0.383737 0.004817
v 0.097342 0.382811 0.002442
v 0.095869 0.382036 0.000121
v 0.097383 0.382773 0.002427
v 0.099058 0.383358 0.004679
v 0.101097 0.383605 0.006806
v 0.103663 0.383360 0.008754
v 0.106827 0.382558 0.010497
v 0.110536 0.381247 0.012055
v 0.114610 0.379596 0.013489
v 0.118768 0.377868 0.014894
v 0.122673 0.376375 0.016385
v 0.125996 0.375424 0.018074
v 0.128477 0.375259 0.020051
v 0.129970 0.376015 0.022364
v 0.130475 0.377691 0.025014
v 0.130137 0.380152 0.027952
v 0.129218 0.383156 0.031088
v 0.128047 0.386396 0.034309
v 0.126958 0.389557 0.037503
v 0.126235 0.392379 0.040572
v 0.126057 0.394692 0.043455
v 0.126477 0.396448 0.046134
v 0.127424 0.397712 0.048634
v 0.128734 0.398638 0.051009
f 5099 5100 5101
f 5099 5101 5100
f 5099 5101 5102
f 5099 5102 5101
f 5099 5102 5103
f 5099 5103 5102
f 5099 5103 5104
f 5099 5104 5103
f 5099 5104 5105
f 5099 5105 5104
f 5099 5105 5106
f 5099 5106 5105
f 5099 5106 5107
f 5099 5107 5106
f 5099 5107 5108
f 5099 5108 5107
f 5099 5108 5109
f 5099 5109 5108
f 5099 5109 5110
f 5099 5110 5109
f 5099 5110 5111
f 5099 5111 5110
f 5099 5111 5112
f 5099 5112 5111
f 5099 5112 5113
f 5099 5113 5112
f 5099 5113 5114
f 5099 5114 5113
f 5099 5114 5115
f 5099 5115 5114
f 5099 5115 5116
f 5099 5116 5115
f 5099 5116 5117
f 5099 5117 5116
f 5099 5117 5118
f 5099 5118 5117
f 5099 5118 5119
f 5099 5119 5118
f 5099 5119 5120
f 5099 5120 5119
f 5099 5120 5121
f 5099 5121 5120
f 5099 5121 5122
f 5099 5122 5121
f 5099 5122 5123
f 5099 5123 5122
f 5099 5123 5124
f 5099 5124 5123
f 5099 5124 5125
f 5099 5125 5124
f 5099 5125 5126
f 5099 5126 5125
f 5099 5126 5127
f 5099 5127 5126
f 5099 5127 5128
f 5099 5128 5127
f 5099 5128 5129
f 5099 5129 5128
f 5099 5129 5130
f 5099 5130 5129
f 5099 5130 5131
f 5099 5131 5130
f 5099 5131 5132
f 5099 5132 5131
f 5099 5132 5133
f 5099 5133 5132
f 5099 5133 5134
f 5099 5134 5133
f 5099 5134 5135
f 5099 5135 5134
f 5099 5135 5136
f 5099 5136 5135
f 5099 5136 5137
f 5099 5137 5136
f 5099 5137 5138
f 5099 5138 5137
f 5099 5138 5139
f 5099 5139 5138
f 5099 5139 5140
f 5099 5140 5139
f 5099 5140 5141
f 5099 5141 5140
f 5099 5141 5142
f 5099 5142 5141
f 5099 5142 5143
f 5099 5143 5142
f 5099 5143 5144
f 5099 5144 5143
v 0.110288 0.357013 0.074361
v 0.108037 0.359883 0.072642
v 0.104363 0.361490 0.073355
v 0.101084 0.361490 0.075633
v 0.099134 0.359883 0.078827
v 0.099959 0.357013 0.081537
v 0.102211 0.354143 0.083256
v 0.105884 0.352536 0.082543
v 0.109163 0.352536 0.080265
v 0.111114 0.354143 0.077071
v 0.124073 0.382438 0.097731
v 0.122542 0.384389 0.096562
v 0.120044 0.385482 0.097047
v 0.117814 0.385482 0.098596
v 0.116488 0.384389 0.100768
v 0.117049 0.382438 0.102611
v 0.118580 0.380486 0.103780
v 0.121078 0.379393 0.103295
v 0.123308 0.379393 0.101746
v 0.124634 0.380486 0.099574
f 5145 5146 5156
f 5145 5156 5155
f 5146 5147 5157
f 5146 5157 5156
f 5147 5148 5158
f 5147 5158 5157
f 5148 5149 5159
f 5148 5159 5158
f 5149 5150 5160
f 5149 5160 5159
f 5150 5151 5161
f 5150 5161 5160
f 5151 5152 5162
f 5151 5162 5161
f 5152 5153 5163
f 5152 5163 5162
f 5153 5154 5164
f 5153 5164 5163
f 5154 5145 5155
f 5154 5155 5164
v 0.120561 0.382438 0.100171
v 0.122496 0.382063 0.098186
v 0.124263 0.382003 0.095957
v 0.125774 0.382424 0.093356
v 0.126995 0.383391 0.090332
v 0.127945 0.384866 0.086915
v 0.128692 0.386721 0.083204
v 0.129345 0.388755 0.079354
v 0.130032 0.390723 0.075555
v 0.130890 0.392371 0.072004
v 0.132041 0.393469 0.068879
v 0.133578 0.393841 0.066316
v 0.135550 0.393397 0.064385
v 0.137957 0.392134 0.063087
v 0.140751 0.390148 0.062350
v 0.143837 0.387610 0.062039
v 0.147094 0.384752 0.061977
v 0.150386 0.381829 0.061965
v 0.153583 0.379085 0.061815
v 0.156577 0.376720 0.061371
v 0.159301 0.374864 0.060533
v 0.161734 0.373553 0.059272
v 0.163911 0.372724 0.057639
v 0.165921 0.372209 0.055763
v 0.163986 0.372584 0.057748
v 0.162218 0.372644 0.059976
v 0.160707 0.372223 0.062577
v 0.159487 0.371256 0.065601
v 0.158537 0.369781 0.069018
v 0.157789 0.367926 0.072729
v 0.157137 0.365892 0.076579
v 0.156450 0.363923 0.080378
v 0.155592 0.362275 0.083929
v 0.154441 0.361178 0.087054
v 0.152904 0.360805 0.089618
v 0.150932 0.361250 0.091548
v 0.148524 0.362512 0.092846
v 0.145731 0.364499 0.093583
v 0.142645 0.367036 0.093894
v 0.139387 0.369894 0.093956
v 0.136095 0.372818 0.093968
v 0.132899 0.375562 0.094118
v 0.129904 0.377927 0.094563
v 0.127181 0.379783 0.095401
v 0.124747 0.381094 0.096661
v 0.122570 0.381923 0.098294
f 5165 5166 5167
f 5165 5167 5166
f 5165 5167 5168
f 5165 5168 5167
f 5165 5168 5169
f 5165 5169 5168
f 5165 5169 5170
f 5165 5170 5169
f 5165 5170 5171
f 5165 5171 5170
f 5165 5171 5172
f 5165 5172 5171
f 5165 5172 5173
f 5165 5173 5172
f 5165 5173 5174
f 5165 5174 5173
f 5165 5174 5175
f 5165 5175 5174
f 5165 5175 5176
f 5165 5176 5175
f 5165 5176 5177
f 5165 5177 5176
f 5165 5177 5178
f 5165 5178 5177
f 5165 5178 5179
f 5165 5179 5178
f 5165 5179 5180
f 5165 5180 5179
f 5165 5180 5181
f 5165 5181 5180
f 5165 5181 5182
f 5165 5182 5181
f 5165 5182 5183
f 5165 5183 5182
f 5165 5183 5184
f 5165 5184 5183
f 5165 5184 5185
f 5165 5185 5184
f 5165 5185 5186
f 5165 5186 5185
f 5165 5186 5187
f 5165 5187 5186
f 5165 5187 5188
f 5165 5188 5187
f 5165 5188 5189
f 5165 5189 5188
f 5165 5189 5190
f 5165 5190 5189
f 5165 5190 5191
f 5165 5191 5190
f 5165 5191 5192
f 5165 5192 5191
f 5165 5192 5193
f 5165 5193 5192
f 5165 5193 5194
f 5165 5194 5193
f 5165 5194 5195
f 5165 5195 5194
f 5165 5195 5196
f 5165 5196 5195
f 5165 5196 5197
f 5165 5197 5196
f 5165 5197 5198
f 5165 5198 5197
f 5165 5198 5199
f 5165 5199 5198
f 5165 5199 5200
f 5165 5200 5199
f 5165 5200 5201
f 5165 5201 5200
f 5165 5201 5202
f 5165 5202 5201
f 5165 5202 5203
f 5165 5203 5202
f 5165 5203 5204
f 5165 5204 5203
f 5165 5204 5205
f 5165 5205 5204
f 5165 5205 5206
f 5165 5206 5205
f 5165 5206 5207
f 5165 5207 5206
f 5165 5207 5208
f 5165 5208 5207
f 5165 5208 5209
f 5165 5209 5208
f 5165 5209 5210
f 5165 5210 5209
v 0.123999 0.382438 0.097628
v 0.123446 0.385112 0.097873
v 0.121530 0.386610 0.099199
v 0.119347 0.386610 0.100813
v 0.117519 0.385112 0.102257
v 0.117123 0.382438 0.102713
v 0.117676 0.379763 0.102468
v 0.119592 0.378265 0.101143
v 0.121774 0.378265 0.099529
v 0.123603 0.379763 0.098085
v 0.135757 0.383502 0.115828
v 0.135381 0.385321 0.115995
v 0.134078 0.386339 0.116896
v 0.132594 0.386339 0.117993
v 0.131350 0.385321 0.118975
v 0.131081 0.383502 0.119286
v 0.131457 0.381683 0.119119
v 0.132760 0.380665 0.118218
v 0.134244 0.380665 0.117120
v 0.135487 0.381683 0.116138
f 5211 5212 5222
f 5211 5222 5221
f 5212 5213 5223
f 5212 5223 5222
f 5213 5214 5224
f 5213 5224 5223
f 5214 5215 5225
f 5214 5225 5224
f 5215 5216 5226
f 5215 5226 5225
f 5216 5217 5227
f 5216 5227 5226
f 5217 5218 5228
f 5217 5228 5227
f 5218 5219 5229
f 5218 5229 5228
f 5219 5220 5230
f 5219 5230 5229
f 5220 5211 5221
f 5220 5221 5230
v 0.133419 0.383502 0.117557
v 0.134362 0.384040 0.116101
v 0.135237 0.384815 0.114680
v 0.136001 0.385982 0.113318
v 0.136633 0.387615 0.112026
v 0.137136 0.389699 0.110801
v 0.137539 0.392135 0.109628
v 0.137889 0.394754 0.108483
v 0.138250 0.397339 0.107333
v 0.138685 0.399661 0.106143
v 0.139256 0.401508 0.104883
v 0.140007 0.402720 0.103527
v 0.140963 0.403211 0.102065
v 0.142125 0.402980 0.100494
v 0.143468 0.402114 0.098828
v 0.144945 0.400774 0.097092
v 0.146498 0.399170 0.095316
v 0.148060 0.397532 0.093536
v 0.149571 0.396078 0.091782
v 0.150981 0.394975 0.090082
v 0.152262 0.394323 0.088448
v 0.153411 0.394137 0.086884
v 0.154449 0.394343 0.085379
v 0.155419 0.394787 0.083909
v 0.154476 0.394249 0.085365
v 0.153600 0.393474 0.086785
v 0.152836 0.392306 0.088147
v 0.152205 0.390674 0.089439
v 0.151702 0.388590 0.090665
v 0.151299 0.386153 0.091837
v 0.150948 0.383535 0.092982
v 0.150588 0.380950 0.094133
v 0.150152 0.378628 0.095322
v 0.149582 0.376781 0.096583
v 0.148831 0.375568 0.097938
v 0.147874 0.375078 0.099401
v 0.146712 0.375309 0.100972
v 0.145370 0.376175 0.102637
v 0.143892 0.377515 0.104373
v 0.142339 0.379119 0.106149
v 0.140777 0.380756 0.107930
v 0.139267 0.382211 0.109683
v 0.137857 0.383314 0.111384
v 0.136575 0.383965 0.113017
v 0.135426 0.384151 0.114581
v 0.134389 0.383945 0.116087
f 5231 5232 5233
f 5231 5233 5232
f 5231 5233 5234
f 5231 5234 5233
f 5231 5234 5235
f 5231 5235 5234
f 5231 5235 5236
f 5231 5236 5235
f 5231 5236 5237
f 5231 5237 5236
f 5231 5237 5238
f 5231 5238 5237
f 5231 5238 5239
f 5231 5239 5238
f 5231 5239 5240
f 5231 5240 5239
f 5231 5240 5241
f 5231 5241 5240
f 5231 5241 5242
f 5231 5242 5241
f 5231 5242 5243
f 5231 5243 5242
f 5231 5243 5244
f 5231 5244 5243
f 5231 5244 5245
f 5231 5245 5244
f 5231 5245 5246
f 5231 5246 5245
f 5231 5246 5247
f 5231 5247 5246
f 5231 5247 5248
f 5231 5248 5247
f 5231 5248 5249
f 5231 5249 5248
f 5231 5249 5250
f 5231 5250 5249
f 5231 5250 5251
f 5231 5251 5250
f 5231 5251 5252
f 5231 5252 5251
f 5231 5252 5253
f 5231 5253 5252
f 5231 5253 5254
f 5231 5254 5253
f 5231 5254 5255
f 5231 5255 5254
f 5231 5255 5256
f 5231 5256 5255
f 5231 5256 5257
f 5231 5257 5256
f 5231 5257 5258
f 5231 5258 5257
f 5231 5258 5259
f 5231 5259 5258
f 5231 5259 5260
f 5231 5260 5259
f 5231 5260 5261
f 5231 5261 5260
f 5231 5261 5262
f 5231 5262 5261
f 5231 5262 5263
f 5231 5263 5262
f 5231 5263 5264
f 5231 5264 5263
f 5231 5264 5265
f 5231 5265 5264
f 5231 5265 5266
f 5231 5266 5265
f 5231 5266 5267
f 5231 5267 5266
f 5231 5267 5268
f 5231 5268 5267
f 5231 5268 5269
f 5231 5269 5268
f 5231 5269 5270
f 5231 5270 5269
f 5231 5270 5271
f 5231 5271 5270
f 5231 5271 5272
f 5231 5272 5271
f 5231 5272 5273
f 5231 5273 5272
f 5231 5273 5274
f 5231 5274 5273
f 5231 5274 5275
f 5231 5275 5274
f 5231 5275 5276
f 5231 5276 5275
v 0.120094 0.382438 0.095920
v 0.118182 0.384232 0.096724
v 0.117330 0.385236 0.099160
v 0.117626 0.385236 0.101859
v 0.118987 0.384232 0.104052
v 0.121028 0.382438 0.104421
v 0.122940 0.380644 0.103617
v 0.123792 0.379639 0.101181
v 0.123496 0.379639 0.098483
v 0.122135 0.380644 0.096290
v 0.133800 0.397552 0.095792
v 0.132499 0.398772 0.096338
v 0.131920 0.399455 0.097995
v 0.132121 0.399455 0.099830
v 0.133047 0.398772 0.101321
v 0.134434 0.397552 0.101573
v 0.135734 0.396332 0.101026
v 0.136314 0.395649 0.099369
v 0.136113 0.395649 0.097534
v 0.135187 0.396332 0.096043
f 5277 5278 5288
f 5277 5288 5287
f 5278 5279 5289
f 5278 5289 5288
f 5279 5280 5290
f 5279 5290 5289
f 5280 5281 5291
f 5280 5291 5290
f 5281 5282 5292
f 5281 5292 5291
f 5282 5283 5293
f 5282 5293 5292
f 5283 5284 5294
f 5283 5294 5293
f 5284 5285 5295
f 5284 5295 5294
f 5285 5286 5296
f 5285 5296 5295
f 5286 5277 5287
f 5286 5287 5296
v 0.134117 0.397552 0.098682
v 0.132105 0.397058 0.096515
v 0.129920 0.396731 0.094466
v 0.127369 0.396757 0.092666
v 0.124307 0.397275 0.091216
v 0.120683 0.398335 0.090149
v 0.116560 0.399877 0.089422
v 0.112116 0.401727 0.088915
v 0.107616 0.403632 0.088445
v 0.103370 0.405292 0.087802
v 0.099676 0.406419 0.086783
v 0.096770 0.406787 0.085226
v 0.094782 0.406270 0.083042
v 0.093711 0.404869 0.080233
v 0.093429 0.402708 0.076885
v 0.093698 0.400014 0.073161
v 0.094221 0.397076 0.069264
v 0.094689 0.394191 0.065405
v 0.094835 0.391616 0.061765
v 0.094483 0.389522 0.058465
v 0.093568 0.387970 0.055549
v 0.092143 0.386911 0.052981
v 0.090351 0.386205 0.050664
v 0.088387 0.385665 0.048464
v 0.090399 0.386159 0.050631
v 0.092584 0.386486 0.052680
v 0.095135 0.386460 0.054480
v 0.098197 0.385942 0.055930
v 0.101821 0.384881 0.056997
v 0.105944 0.383340 0.057724
v 0.110388 0.381489 0.058232
v 0.114888 0.379585 0.058701
v 0.119134 0.377925 0.059344
v 0.122828 0.376797 0.060363
v 0.125733 0.376430 0.061921
v 0.127722 0.376946 0.064104
v 0.128792 0.378348 0.066913
v 0.129075 0.380509 0.070261
v 0.128806 0.383203 0.073985
v 0.128282 0.386141 0.077882
v 0.127815 0.389025 0.081741
v 0.127668 0.391600 0.085382
v 0.128021 0.393694 0.088681
v 0.128935 0.395246 0.091597
v 0.130361 0.396306 0.094165
v 0.132153 0.397012 0.096482
f 5297 5298 5299
f 5297 5299 5298
f 5297 5299 5300
f 5297 5300 5299
f 5297 5300 5301
f 5297 5301 5300
f 5297 5301 5302
f 5297 5302 5301
f 5297 5302 5303
f 5297 5303 5302
f 5297 5303 5304
f 5297 5304 5303
f 5297 5304 5305
f 5297 5305 5304
f 5297 5305 5306
f 5297 5306 5305
f 5297 5306 5307
f 5297 5307 5306
f 5297 5307 5308
f 5297 5308 5307
f 5297 5308 5309
f 5297 5309 5308
f 5297 5309 5310
f 5297 5310 5309
f 5297 5310 5311
f 5297 5311 5310
f 5297 5311 5312
f 5297 5312 5311
f 5297 5312 5313
f 5297 5313 5312
f 5297 5313 5314
f 5297 5314 5313
f 5297 5314 5315
f 5297 5315 5314
f 5297 5315 5316
f 5297 5316 5315
f 5297 5316 5317
f 5297 5317 5316
f 5297 5317 5318
f 5297 5318 5317
f 5297 5318 5319
f 5297 5319 5318
f 5297 5319 5320
f 5297 5320 5319
f 5297 5320 5321
f 5297 5321 5320
f 5297 5321 5322
f 5297 5322 5321
f 5297 5322 5323
f 5297 5323 5322
f 5297 5323 5324
f 5297 5324 5323
f 5297 5324 5325
f 5297 5325 5324
f 5297 5325 5326
f 5297 5326 5325
f 5297 5326 5327
f 5297 5327 5326
f 5297 5327 5328
f 5297 5328 5327
f 5297 5328 5329
f 5297 5329 5328
f 5297 5329 5330
f 5297 5330 5329
f 5297 5330 5331
f 5297 5331 5330
f 5297 5331 5332
f 5297 5332 5331
f 5297 5332 5333
f 5297 5333 5332
f 5297 5333 5334
f 5297 5334 5333
f 5297 5334 5335
f 5297 5335 5334
f 5297 5335 5336
f 5297 5336 5335
f 5297 5336 5337
f 5297 5337 5336
f 5297 5337 5338
f 5297 5338 5337
f 5297 5338 5339
f 5297 5339 5338
f 5297 5339 5340
f 5297 5340 5339
f 5297 5340 5341
f 5297 5341 5340
f 5297 5341 5342
f 5297 5342 5341
v 0.134117 0.397552 0.098682
v 0.134496 0.396769 0.100343
v 0.135289 0.395602 0.101871
v 0.136389 0.394150 0.103299
v 0.137706 0.392496 0.104657
v 0.139151 0.390724 0.105974
v 0.140627 0.388922 0.107281
v 0.142043 0.387176 0.108607
v 0.143313 0.385566 0.109981
v 0.144361 0.384162 0.111426
v 0.145125 0.383022 0.112963
v 0.145563 0.382185 0.114605
v 0.145652 0.381672 0.116360
v 0.145393 0.381481 0.118227
v 0.144808 0.381594 0.120199
v 0.143939 0.381971 0.122263
v 0.142848 0.382553 0.124399
v 0.141610 0.383272 0.126582
v 0.140312 0.384047 0.128784
v 0.139047 0.384791 0.130976
v 0.137907 0.385419 0.133127
v 0.136986 0.385843 0.135208
v 0.136373 0.385983 0.137189
v 0.136172 0.385738 0.139037
v 0.135793 0.386521 0.137376
v 0.135000 0.387688 0.135849
v 0.133900 0.389140 0.134420
v 0.132582 0.390795 0.133062
v 0.131138 0.392566 0.131745
v 0.129662 0.394368 0.130438
v 0.128245 0.396114 0.129112
v 0.126975 0.397724 0.127738
v 0.125928 0.399128 0.126293
v 0.125164 0.400268 0.124756
v 0.124726 0.401105 0.123114
v 0.124637 0.401619 0.121360
v 0.124896 0.401809 0.119493
v 0.125481 0.401696 0.117520
v 0.126350 0.401320 0.115456
v 0.127441 0.400737 0.113321
v 0.128679 0.400018 0.111138
v 0.129977 0.399244 0.108936
v 0.131242 0.398499 0.106744
v 0.132381 0.397872 0.104593
v 0.133303 0.397447 0.102512
v 0.133916 0.397308 0.100530
f 5343 5344 5345
f 5343 5345 5344
f 5343 5345 5346
f 5343 5346 5345
f 5343 5346 5347
f 5343 5347 5346
f 5343 5347 5348
f 5343 5348 5347
f 5343 5348 5349
f 5343 5349 5348
f 5343 5349 5350
f 5343 5350 5349
f 5343 5350 5351
f 5343 5351 5350
f 5343 5351 5352
f 5343 5352 5351
f 5343 5352 5353
f 5343 5353 5352
f 5343 5353 5354
f 5343 5354 5353
f 5343 5354 5355
f 5343 5355 5354
f 5343 5355 5356
f 5343 5356 5355
f 5343 5356 5357
f 5343 5357 5356
f 5343 5357 5358
f 5343 5358 5357
f 5343 5358 5359
f 5343 5359 5358
f 5343 5359 5360
f 5343 5360 5359
f 5343 5360 5361
f 5343 5361 5360
f 5343 5361 5362
f 5343 5362 5361
f 5343 5362 5363
f 5343 5363 5362
f 5343 5363 5364
f 5343 5364 5363
f 5343 5364 5365
f 5343 5365 5364
f 5343 5365 5366
f 5343 5366 5365
f 5343 5366 5367
f 5343 5367 5366
f 5343 5367 5368
f 5343 5368 5367
f 5343 5368 5369
f 5343 5369 5368
f 5343 5369 5370
f 5343 5370 5369
f 5343 5370 5371
f 5343 5371 5370
f 5343 5371 5372
f 5343 5372 5371
f 5343 5372 5373
f 5343 5373 5372
f 5343 5373 5374
f 5343 5374 5373
f 5343 5374 5375
f 5343 5375 5374
f 5343 5375 5376
f 5343 5376 5375
f 5343 5376 5377
f 5343 5377 5376
f 5343 5377 5378
f 5343 5378 5377
f 5343 5378 5379
f 5343 5379 5378
f 5343 5379 5380
f 5343 5380 5379
f 5343 5380 5381
f 5343 5381 5380
f 5343 5381 5382
f 5343 5382 5381
f 5343 5382 5383
f 5343 5383 5382
f 5343 5383 5384
f 5343 5384 5383
f 5343 5384 5385
f 5343 5385 5384
f 5343 5385 5386
f 5343 5386 5385
f 5343 5386 5387
f 5343 5387 5386
f 5343 5387 5388
f 5343 5388 5387
v 0.124488 0.382438 0.101864
v 0.124734 0.384229 0.099802
v 0.123037 0.385232 0.097857
v 0.120544 0.385232 0.096782
v 0.117965 0.384229 0.096883
v 0.116634 0.382438 0.098477
v 0.116388 0.380647 0.100539
v 0.118085 0.379643 0.102485
v 0.120578 0.379643 0.103560
v 0.123157 0.380647 0.103458
v 0.117760 0.397791 0.114008
v 0.117927 0.399009 0.112606
v 0.116774 0.399691 0.111283
v 0.115079 0.399691 0.110552
v 0.113325 0.399009 0.110621
v 0.112420 0.397791 0.111705
v 0.112252 0.396573 0.113107
v 0.113406 0.395891 0.114430
v 0.115101 0.395891 0.115161
v 0.116855 0.396573 0.115092
f 5389 5390 5400
f 5389 5400 5399
f 5390 5391 5401
f 5390 5401 5400
f 5391 5392 5402
f 5391 5402 5401
f 5392 5393 5403
f 5392 5403 5402
f 5393 5394 5404
f 5393 5404 5403
f 5394 5395 5405
f 5394 5405 5404
f 5395 5396 5406
f 5395 5406 5405
f 5396 5397 5407
f 5396 5407 5406
f 5397 5398 5408
f 5397 5408 5407
f 5398 5389 5399
f 5398 5399 5408
v 0.115090 0.397791 0.112857
v 0.117689 0.396886 0.113272
v 0.120494 0.396331 0.113351
v 0.123571 0.396242 0.112985
v 0.126929 0.396632 0.112160
v 0.130529 0.397436 0.110939
v 0.134294 0.398522 0.109447
v 0.138119 0.399711 0.107858
v 0.141885 0.400798 0.106365
v 0.145473 0.401581 0.105163
v 0.148777 0.401881 0.104425
v 0.151722 0.401565 0.104276
v 0.154264 0.400563 0.104784
v 0.156405 0.398874 0.105950
v 0.158185 0.396571 0.107705
v 0.159682 0.393784 0.109922
v 0.161001 0.390692 0.112432
v 0.162261 0.387499 0.115038
v 0.163581 0.384409 0.117546
v 0.165065 0.381601 0.119784
v 0.166793 0.379207 0.121625
v 0.168801 0.377292 0.123008
v 0.171081 0.375842 0.123945
v 0.173566 0.374743 0.124546
v 0.170967 0.375648 0.124130
v 0.168162 0.376202 0.124051
v 0.165086 0.376292 0.124417
v 0.161728 0.375901 0.125242
v 0.158128 0.375097 0.126464
v 0.154363 0.374012 0.127955
v 0.150537 0.372823 0.129545
v 0.146771 0.371736 0.131038
v 0.143184 0.370953 0.132239
v 0.139879 0.370653 0.132977
v 0.136935 0.370969 0.133126
v 0.134392 0.371971 0.132618
v 0.132252 0.373659 0.131453
v 0.130471 0.375963 0.129698
v 0.128974 0.378750 0.127480
v 0.127655 0.381842 0.124971
v 0.126396 0.385035 0.122365
v 0.125076 0.388125 0.119857
v 0.123591 0.390933 0.117619
v 0.121864 0.393327 0.115777
v 0.119856 0.395242 0.114395
v 0.117576 0.396692 0.113458
f 5409 5410 5411
f 5409 5411 5410
f 5409 5411 5412
f 5409 5412 5411
f 5409 5412 5413
f 5409 5413 5412
f 5409 5413 5414
f 5409 5414 5413
f 5409 5414 5415
f 5409 5415 5414
f 5409 5415 5416
f 5409 5416 5415
f 5409 5416 5417
f 5409 5417 5416
f 5409 5417 5418
f 5409 5418 5417
f 5409 5418 5419
f 5409 5419 5418
f 5409 5419 5420
f 5409 5420 5419
f 5409 5420 5421
f 5409 5421 5420
f 5409 5421 5422
f 5409 5422 5421
f 5409 5422 5423
f 5409 5423 5422
f 5409 5423 5424
f 5409 5424 5423
f 5409 5424 5425
f 5409 5425 5424
f 5409 5425 5426
f 5409 5426 5425
f 5409 5426 5427
f 5409 5427 5426
f 5409 5427 5428
f 5409 5428 5427
f 5409 5428 5429
f 5409 5429 5428
f 5409 5429 5430
f 5409 5430 5429
f 5409 5430 5431
f 5409 5431 5430
f 5409 5431 5432
f 5409 5432 5431
f 5409 5432 5433
f 5409 5433 5432
f 5409 5433 5434
f 5409 5434 5433
f 5409 5434 5435
f 5409 5435 5434
f 5409 5435 5436
f 5409 5436 5435
f 5409 5436 5437
f 5409 5437 5436
f 5409 5437 5438
f 5409 5438 5437
f 5409 5438 5439
f 5409 5439 5438
f 5409 5439 5440
f 5409 5440 5439
f 5409 5440 5441
f 5409 5441 5440
f 5409 5441 5442
f 5409 5442 5441
f 5409 5442 5443
f 5409 5443 5442
f 5409 5443 5444
f 5409 5444 5443
f 5409 5444 5445
f 5409 5445 5444
f 5409 5445 5446
f 5409 5446 5445
f 5409 5446 5447
f 5409 5447 5446
f 5409 5447 5448
f 5409 5448 5447
f 5409 5448 5449
f 5409 5449 5448
f 5409 5449 5450
f 5409 5450 5449
f 5409 5450 5451
f 5409 5451 5450
f 5409 5451 5452
f 5409 5452 5451
f 5409 5452 5453
f 5409 5453 5452
f 5409 5453 5454
f 5409 5454 5453
v 0.115090 0.397791 0.112857
v 0.113412 0.397370 0.111735
v 0.111689 0.396849 0.110717
v 0.109860 0.396091 0.109940
v 0.107873 0.394978 0.109523
v 0.105703 0.393454 0.109525
v 0.103362 0.391547 0.109917
v 0.100904 0.389377 0.110577
v 0.098414 0.387136 0.111308
v 0.095998 0.385061 0.111872
v 0.093760 0.383383 0.112031
v 0.091781 0.382288 0.111596
v 0.090108 0.381880 0.110462
v 0.088742 0.382158 0.108630
v 0.087635 0.383020 0.106203
v 0.086706 0.384279 0.103372
v 0.085850 0.385702 0.100374
v 0.084963 0.387056 0.097447
v 0.083958 0.388146 0.094788
v 0.082783 0.388854 0.092518
v 0.081425 0.389150 0.090667
v 0.079908 0.389092 0.089177
v 0.078286 0.388797 0.087928
v 0.076619 0.388401 0.086782
v 0.078297 0.388821 0.087903
v 0.080020 0.389342 0.088922
v 0.081849 0.390101 0.089699
v 0.083835 0.391214 0.090115
v 0.086006 0.392738 0.090113
v 0.088346 0.394644 0.089722
v 0.090805 0.396815 0.089062
v 0.093294 0.399055 0.088330
v 0.095710 0.401130 0.087767
v 0.097949 0.402809 0.087608
v 0.099928 0.403903 0.088043
v 0.101600 0.404312 0.089176
v 0.102967 0.404033 0.091009
v 0.104073 0.403172 0.093435
v 0.105003 0.401913 0.096266
v 0.105859 0.400489 0.099265
v 0.106746 0.399135 0.102192
v 0.107750 0.398045 0.104851
v 0.108925 0.397338 0.107121
v 0.110284 0.397041 0.108972
v 0.111800 0.397099 0.110462
v 0.113423 0.397395 0.111711
f 5455 5456 5457
f 5455 5457 5456
f 5455 5457 5458
f 5455 5458 5457
f 5455 5458 5459
f 5455 5459 5458
f 5455 5459 5460
f 5455 5460 5459
f 5455 5460 5461
f 5455 5461 5460
f 5455 5461 5462
f 5455 5462 5461
f 5455 5462 5463
f 5455 5463 5462
f 5455 5463 5464
f 5455 5464 5463
f 5455 5464 5465
f 5455 5465 5464
f 5455 5465 5466
f 5455 5466 5465
f 5455 5466 5467
f 5455 5467 5466
f 5455 5467 5468
f 5455 5468 5467
f 5455 5468 5469
f 5455 5469 5468
f 5455 5469 5470
f 5455 5470 5469
f 5455 5470 5471
f 5455 5471 5470
f 5455 5471 5472
f 5455 5472 5471
f 5455 5472 5473
f 5455 5473 5472
f 5455 5473 5474
f 5455 5474 5473
f 5455 5474 5475
f 5455 5475 5474
f 5455 5475 5476
f 5455 5476 5475
f 5455 5476 5477
f 5455 5477 5476
f 5455 5477 5478
f 5455 5478 5477
f 5455 5478 5479
f 5455 5479 5478
f 5455 5479 5480
f 5455 5480 5479
f 5455 5480 5481
f 5455 5481 5480
f 5455 5481 5482
f 5455 5482 5481
f 5455 5482 5483
f 5455 5483 5482
f 5455 5483 5484
f 5455 5484 5483
f 5455 5484 5485
f 5455 5485 5484
f 5455 5485 5486
f 5455 5486 5485
f 5455 5486 5487
f 5455 5487 5486
f 5455 5487 5488
f 5455 5488 5487
f 5455 5488 5489
f 5455 5489 5488
f 5455 5489 5490
f 5455 5490 5489
f 5455 5490 5491
f 5455 5491 5490
f 5455 5491 5492
f 5455 5492 5491
f 5455 5492 5493
f 5455 5493 5492
f 5455 5493 5494
f 5455 5494 5493
f 5455 5494 5495
f 5455 5495 5494
f 5455 5495 5496
f 5455 5496 5495
f 5455 5496 5497
f 5455 5497 5496
f 5455 5497 5498
f 5455 5498 5497
f 5455 5498 5499
f 5455 5499 5498
f 5455 5499 5500
f 5455 5500 5499
v 0.061845 0.309796 0.090534
v 0.063092 0.313302 0.085917
v 0.060072 0.315266 0.081131
v 0.055019 0.315266 0.078143
v 0.049371 0.313302 0.077801
v 0.045926 0.309796 0.081117
v 0.044678 0.306289 0.085735
v 0.047698 0.304326 0.090520
v 0.052751 0.304326 0.093509
v 0.058399 0.306289 0.093851
v 0.033048 0.377573 0.133407
v 0.033896 0.379958 0.130267
v 0.031842 0.381293 0.127013
v 0.028406 0.381293 0.124981
v 0.024565 0.379958 0.124748
v 0.022222 0.377573 0.127003
v 0.021374 0.375189 0.130143
v 0.023428 0.373854 0.133397
v 0.026864 0.373854 0.135430
v 0.030705 0.375189 0.135662
f 5501 5502 5512
f 5501 5512 5511
f 5502 5503 5513
f 5502 5513 5512
f 5503 5504 5514
f 5503 5514 5513
f 5504 5505 5515
f 5504 5515 5514
f 5505 5506 5516
f 5505 5516 5515
f 5506 5507 5517
f 5506 5517 5516
f 5507 5508 5518
f 5507 5518 5517
f 5508 5509 5519
f 5508 5519 5518
f 5509 5510 5520
f 5509 5520 5519
f 5510 5501 5511
f 5510 5511 5520
v 0.033503 0.377573 0.132466
v 0.032984 0.381427 0.131397
v 0.029952 0.383585 0.129743
v 0.026227 0.383585 0.128307
v 0.022869 0.381427 0.127500
v 0.021767 0.377573 0.127944
v 0.022286 0.373720 0.129013
v 0.025318 0.371562 0.130667
v 0.029043 0.371562 0.132103
v 0.032401 0.373720 0.132910
v 0.014547 0.387565 0.176068
v 0.014194 0.390185 0.175341
v 0.012133 0.391653 0.174216
v 0.009599 0.391653 0.173240
v 0.007316 0.390185 0.172691
v 0.006566 0.387565 0.172993
v 0.006919 0.384944 0.173720
v 0.008981 0.383477 0.174845
v 0.011514 0.383477 0.175821
v 0.013798 0.384944 0.176370
f 5521 5522 5532
f 5521 5532 5531
f 5522 5523 5533
f 5522 5533 5532
f 5523 5524 5534
f 5523 5534 5533
f 5524 5525 5535
f 5524 5535 5534
f 5525 5526 5536
f 5525 5536 5535
f 5526 5527 5537
f 5526 5537 5536
f 5527 5528 5538
f 5527 5538 5537
f 5528 5529 5539
f 5528 5539 5538
f 5529 5530 5540
f 5529 5540 5539
f 5530 5521 5531
f 5530 5531 5540
v 0.010557 0.387565 0.174530
v 0.013505 0.387832 0.175028
v 0.016580 0.388991 0.175373
v 0.019754 0.390847 0.175599
v 0.023001 0.393213 0.175738
v 0.026291 0.395891 0.175824
v 0.029596 0.398667 0.175893
v 0.032885 0.401331 0.175981
v 0.036129 0.403680 0.176123
v 0.039303 0.405538 0.176349
v 0.042387 0.406759 0.176683
v 0.045366 0.407243 0.177144
v 0.048234 0.406938 0.177739
v 0.050989 0.405843 0.178469
v 0.053639 0.404011 0.179324
v 0.056200 0.401543 0.180289
v 0.058690 0.398582 0.181337
v 0.061136 0.395308 0.182439
v 0.063566 0.391921 0.183560
v 0.066010 0.388633 0.184665
v 0.068498 0.385656 0.185716
v 0.071058 0.383190 0.186680
v 0.073718 0.381420 0.187525
v 0.076503 0.380541 0.188218
v 0.073555 0.380273 0.187721
v 0.070480 0.379114 0.187376
v 0.067306 0.377259 0.187149
v 0.064059 0.374892 0.187010
v 0.060769 0.372215 0.186924
v 0.057464 0.369439 0.186855
v 0.054175 0.366775 0.186767
v 0.050931 0.364426 0.186625
v 0.047757 0.362568 0.186399
v 0.044673 0.361347 0.186065
v 0.041694 0.360862 0.185605
v 0.038827 0.361168 0.185010
v 0.036071 0.362263 0.184280
v 0.033421 0.364095 0.183424
v 0.030861 0.366563 0.182460
v 0.028370 0.369523 0.181411
v 0.025924 0.372798 0.180309
v 0.023495 0.376185 0.179188
v 0.021051 0.379473 0.178084
v 0.018563 0.382450 0.177032
v 0.016002 0.384916 0.176068
v 0.013343 0.386686 0.175223
f 5541 5542 5543
f 5541 5543 5542
f 5541 5543 5544
f 5541 5544 5543
f 5541 5544 5545
f 5541 5545 5544
f 5541 5545 5546
f 5541 5546 5545
f 5541 5546 5547
f 5541 5547 5546
f 5541 5547 5548
f 5541 5548 5547
f 5541 5548 5549
f 5541 5549 5548
f 5541 5549 5550
f 5541 5550 5549
f 5541 5550 5551
f 5541 5551 5550
f 5541 5551 5552
f 5541 5552 5551
f 5541 5552 5553
f 5541 5553 5552
f 5541 5553 5554
f 5541 5554 5553
f 5541 5554 5555
f 5541 5555 5554
f 5541 5555 5556
f 5541 5556 5555
f 5541 5556 5557
f 5541 5557 5556
f 5541 5557 5558
f 5541 5558 5557
f 5541 5558 5559
f 5541 5559 5558
f 5541 5559 5560
f 5541 5560 5559
f 5541 5560 5561
f 5541 5561 5560
f 5541 5561 5562
f 5541 5562 5561
f 5541 5562 5563
f 5541 5563 5562
f 5541 5563 5564
f 5541 5564 5563
f 5541 5564 5565
f 5541 5565 5564
f 5541 5565 5566
f 5541 5566 5565
f 5541 5566 5567
f 5541 5567 5566
f 5541 5567 5568
f 5541 5568 5567
f 5541 5568 5569
f 5541 5569 5568
f 5541 5569 5570
f 5541 5570 5569
f 5541 5570 5571
f 5541 5571 5570
f 5541 5571 5572
f 5541 5572 5571
f 5541 5572 5573
f 5541 5573 5572
f 5541 5573 5574
f 5541 5574 5573
f 5541 5574 5575
f 5541 5575 5574
f 5541 5575 5576
f 5541 5576 5575
f 5541 5576 5577
f 5541 5577 5576
f 5541 5577 5578
f 5541 5578 5577
f 5541 5578 5579
f 5541 5579 5578
f 5541 5579 5580
f 5541 5580 5579
f 5541 5580 5581
f 5541 5581 5580
f 5541 5581 5582
f 5541 5582 5581
f 5541 5582 5583
f 5541 5583 5582
f 5541 5583 5584
f 5541 5584 5583
f 5541 5584 5585
f 5541 5585 5584
f 5541 5585 5586
f 5541 5586 5585
v 0.010557 0.387565 0.174530
v 0.008986 0.387671 0.173494
v 0.007381 0.387593 0.172486
v 0.005706 0.387148 0.171534
v 0.003940 0.386214 0.170656
v 0.002076 0.384761 0.169859
v 0.000128 0.382862 0.169129
v -0.001871 0.380691 0.168441
v -0.003875 0.378493 0.167757
v -0.005832 0.376548 0.167034
v -0.007691 0.375120 0.166232
v -0.009414 0.374417 0.165320
v -0.010979 0.374552 0.164279
v -0.012387 0.375526 0.163110
v -0.013658 0.377224 0.161830
v -0.014832 0.379440 0.160471
v -0.015958 0.381909 0.159073
v -0.017089 0.384351 0.157680
v -0.018272 0.386520 0.156328
v -0.019538 0.388244 0.155044
v -0.020902 0.389448 0.153840
v -0.022358 0.390164 0.152711
v -0.023883 0.390513 0.151637
v -0.025443 0.390676 0.150592
v -0.023873 0.390569 0.151628
v -0.022267 0.390648 0.152636
v -0.020593 0.391093 0.153589
v -0.018827 0.392026 0.154466
v -0.016963 0.393480 0.155264
v -0.015015 0.395379 0.155994
v -0.013016 0.397550 0.156682
v -0.011011 0.399748 0.157366
v -0.009055 0.401693 0.158088
v -0.007195 0.403121 0.158890
v -0.005472 0.403824 0.159803
v -0.003907 0.403689 0.160843
v -0.002500 0.402715 0.162012
v -0.001229 0.401017 0.163292
v -0.000055 0.398801 0.164651
v 0.001071 0.396332 0.166049
v 0.002203 0.393890 0.167442
v 0.003385 0.391721 0.168794
v 0.004652 0.389997 0.170078
v 0.006016 0.388793 0.171282
v 0.007472 0.388077 0.172412
v 0.008997 0.387728 0.173485
f 5587 5588 5589
f 5587 5589 5588
f 5587 5589 5590
f 5587 5590 5589
f 5587 5590 5591
f 5587 5591 5590
f 5587 5591 5592
f 5587 5592 5591
f 5587 5592 5593
f 5587 5593 5592
f 5587 5593 5594
f 5587 5594 5593
f 5587 5594 5595
f 5587 5595 5594
f 5587 5595 5596
f 5587 5596 5595
f 5587 5596 5597
f 5587 5597 5596
f 5587 5597 5598
f 5587 5598 5597
f 5587 5598 5599
f 5587 5599 5598
f 5587 5599 5600
f 5587 5600 5599
f 5587 5600 5601
f 5587 5601 5600
f 5587 5601 5602
f 5587 5602 5601
f 5587 5602 5603
f 5587 5603 5602
f 5587 5603 5604
f 5587 5604 5603
f 5587 5604 5605
f 5587 5605 5604
f 5587 5605 5606
f 5587 5606 5605
f 5587 5606 5607
f 5587 5607 5606
f 5587 5607 5608
f 5587 5608 5607
f 5587 5608 5609
f 5587 5609 5608
f 5587 5609 5610
f 5587 5610 5609
f 5587 5610 5611
f 5587 5611 5610
f 5587 5611 5612
f 5587 5612 5611
f 5587 5612 5613
f 5587 5613 5612
f 5587 5613 5614
f 5587 5614 5613
f 5587 5614 5615
f 5587 5615 5614
f 5587 5615 5616
f 5587 5616 5615
f 5587 5616 5617
f 5587 5617 5616
f 5587 5617 5618
f 5587 5618 5617
f 5587 5618 5619
f 5587 5619 5618
f 5587 5619 5620
f 5587 5620 5619
f 5587 5620 5621
f 5587 5621 5620
f 5587 5621 5622
f 5587 5622 5621
f 5587 5622 5623
f 5587 5623 5622
f 5587 5623 5624
f 5587 5624 5623
f 5587 5624 5625
f 5587 5625 5624
f 5587 5625 5626
f 5587 5626 5625
f 5587 5626 5627
f 5587 5627 5626
f 5587 5627 5628
f 5587 5628 5627
f 5587 5628 5629
f 5587 5629 5628
f 5587 5629 5630
f 5587 5630 5629
f 5587 5630 5631
f 5587 5631 5630
f 5587 5631 5632
f 5587 5632 5631
v 0.014137 0.387565 0.176869
v 0.012714 0.389634 0.177968
v 0.010244 0.390794 0.177492
v 0.007971 0.390794 0.176007
v 0.006542 0.389634 0.173938
v 0.006976 0.387565 0.172192
v 0.008400 0.385495 0.171093
v 0.010869 0.384335 0.171569
v 0.013142 0.384335 0.173054
v 0.014572 0.385495 0.175123
v 0.001440 0.370225 0.193808
v 0.000473 0.371633 0.194556
v -0.001207 0.372421 0.194232
v -0.002752 0.372421 0.193223
v -0.003724 0.371633 0.191815
v -0.003429 0.370225 0.190628
v -0.002461 0.368818 0.189881
v -0.000782 0.368030 0.190205
v 0.000764 0.368030 0.191214
v 0.001736 0.368818 0.192622
f 5633 5634 5644
f 5633 5644 5643
f 5634 5635 5645
f 5634 5645 5644
f 5635 5636 5646
f 5635 5646 5645
f 5636 5637 5647
f 5636 5647 5646
f 5637 5638 5648
f 5637 5648 5647
f 5638 5639 5649
f 5638 5649 5648
f 5639 5640 5650
f 5639 5650 5649
f 5640 5641 5651
f 5640 5651 5650
f 5641 5642 5652
f 5641 5652 5651
f 5642 5633 5643
f 5642 5643 5652
v -0.000994 0.370225 0.192218
v 0.001621 0.371034 0.192802
v 0.004101 0.372163 0.193612
v 0.006368 0.373796 0.194777
v 0.008389 0.376009 0.196351
v 0.010179 0.378771 0.198311
v 0.011793 0.381950 0.200564
v 0.013321 0.385332 0.202960
v 0.014874 0.388653 0.205314
v 0.016570 0.391639 0.207432
v 0.018514 0.394036 0.209135
v 0.020786 0.395656 0.210290
v 0.023430 0.396396 0.210826
v 0.026446 0.396256 0.210742
v 0.029791 0.395339 0.210111
v 0.033384 0.393833 0.209065
v 0.037119 0.391991 0.207782
v 0.040880 0.390090 0.206457
v 0.044555 0.388391 0.205276
v 0.048053 0.387109 0.204388
v 0.051320 0.386376 0.203886
v 0.054342 0.386223 0.203792
v 0.057150 0.386574 0.204054
v 0.059824 0.387245 0.204542
v 0.057208 0.386437 0.203958
v 0.054728 0.385308 0.203148
v 0.052462 0.383675 0.201983
v 0.050440 0.381461 0.200409
v 0.048650 0.378699 0.198449
v 0.047036 0.375521 0.196196
v 0.045508 0.372139 0.193800
v 0.043955 0.368817 0.191446
v 0.042259 0.365832 0.189328
v 0.040316 0.363434 0.187625
v 0.038043 0.361815 0.186470
v 0.035399 0.361075 0.185934
v 0.032383 0.361215 0.186018
v 0.029038 0.362132 0.186649
v 0.025445 0.363637 0.187695
v 0.021710 0.365479 0.188978
v 0.017949 0.367381 0.190303
v 0.014275 0.369079 0.191484
v 0.010776 0.370361 0.192373
v 0.007509 0.371095 0.192875
v 0.004488 0.371248 0.192968
v 0.001679 0.370897 0.192706
f 5653 5654 5655
f 5653 5655 5654
f 5653 5655 5656
f 5653 5656 5655
f 5653 5656 5657
f 5653 5657 5656
f 5653 5657 5658
f 5653 5658 5657
f 5653 5658 5659
f 5653 5659 5658
f 5653 5659 5660
f 5653 5660 5659
f 5653 5660 5661
f 5653 5661 5660
f 5653 5661 5662
f 5653 5662 5661
f 5653 5662 5663
f 5653 5663 5662
f 5653 5663 5664
f 5653 5664 5663
f 5653 5664 5665
f 5653 5665 5664
f 5653 5665 5666
f 5653 5666 5665
f 5653 5666 5667
f 5653 5667 5666
f 5653 5667 5668
f 5653 5668 5667
f 5653 5668 5669
f 5653 5669 5668
f 5653 5669 5670
f 5653 5670 5669
f 5653 5670 5671
f 5653 5671 5670
f 5653 5671 5672
f 5653 5672 5671
f 5653 5672 5673
f 5653 5673 5672
f 5653 5673 5674
f 5653 5674 5673
f 5653 5674 5675
f 5653 5675 5674
f 5653 5675 5676
f 5653 5676 5675
f 5653 5676 5677
f 5653 5677 5676
f 5653 5677 5678
f 5653 5678 5677
f 5653 5678 5679
f 5653 5679 5678
f 5653 5679 5680
f 5653 5680 5679
f 5653 5680 5681
f 5653 5681 5680
f 5653 5681 5682
f 5653 5682 5681
f 5653 5682 5683
f 5653 5683 5682
f 5653 5683 5684
f 5653 5684 5683
f 5653 5684 5685
f 5653 5685 5684
f 5653 5685 5686
f 5653 5686 5685
f 5653 5686 5687
f 5653 5687 5686
f 5653 5687 5688
f 5653 5688 5687
f 5653 5688 5689
f 5653 5689 5688
f 5653 5689 5690
f 5653 5690 5689
f 5653 5690 5691
f 5653 5691 5690
f 5653 5691 5692
f 5653 5692 5691
f 5653 5692 5693
f 5653 5693 5692
f 5653 5693 5694
f 5653 5694 5693
f 5653 5694 5695
f 5653 5695 5694
f 5653 5695 5696
f 5653 5696 5695
f 5653 5696 5697
f 5653 5697 5696
f 5653 5697 5698
f 5653 5698 5697
v 0.014264 0.387565 0.172399
v 0.013045 0.389835 0.171463
v 0.010630 0.391107 0.171934
v 0.008276 0.391107 0.173287
v 0.006654 0.389835 0.175136
v 0.006849 0.387565 0.176661
v 0.008069 0.385294 0.177598
v 0.010484 0.384023 0.177127
v 0.012837 0.384023 0.175774
v 0.014460 0.385294 0.173925
v 0.025575 0.403246 0.194823
v 0.024745 0.404790 0.194186
v 0.023103 0.405655 0.194506
v 0.021503 0.405655 0.195426
v 0.020399 0.404790 0.196684
v 0.020532 0.403246 0.197721
v 0.021362 0.401702 0.198358
v 0.023004 0.400838 0.198038
v 0.024604 0.400838 0.197118
v 0.025708 0.401702 0.195860
f 5699 5700 5710
f 5699 5710 5709
f 5700 5701 5711
f 5700 5711 5710
f 5701 5702 5712
f 5701 5712 5711
f 5702 5703 5713
f 5702 5713 5712
f 5703 5704 5714
f 5703 5714 5713
f 5704 5705 5715
f 5704 5715 5714
f 5705 5706 5716
f 5705 5716 5715
f 5706 5707 5717
f 5706 5717 5716
f 5707 5708 5718
f 5707 5718 5717
f 5708 5699 5709
f 5708 5709 5718
v 0.023054 0.403246 0.196272
v 0.024104 0.403615 0.194023
v 0.024787 0.404524 0.191596
v 0.025118 0.405947 0.189000
v 0.025154 0.407801 0.186262
v 0.024982 0.409961 0.183424
v 0.024706 0.412273 0.180536
v 0.024441 0.414568 0.177654
v 0.024303 0.416678 0.174832
v 0.024399 0.418446 0.172123
v 0.024816 0.419743 0.169568
v 0.025618 0.420477 0.167199
v 0.026838 0.420597 0.165031
v 0.028477 0.420106 0.163065
v 0.030501 0.419051 0.161283
v 0.032846 0.417524 0.159657
v 0.035425 0.415656 0.158143
v 0.038130 0.413602 0.156690
v 0.040847 0.411532 0.155242
v 0.043460 0.409614 0.153745
v 0.045864 0.408001 0.152147
v 0.047974 0.406820 0.150407
v 0.049732 0.406153 0.148498
v 0.051122 0.406026 0.146412
v 0.050072 0.405656 0.148661
v 0.049389 0.404748 0.151088
v 0.049058 0.403325 0.153684
v 0.049021 0.401471 0.156422
v 0.049193 0.399311 0.159260
v 0.049470 0.396999 0.162148
v 0.049734 0.394704 0.165030
v 0.049872 0.392594 0.167852
v 0.049777 0.390825 0.170561
v 0.049360 0.389528 0.173116
v 0.048558 0.388795 0.175485
v 0.047337 0.388674 0.177653
v 0.045699 0.389166 0.179619
v 0.043675 0.390221 0.181401
v 0.041330 0.391748 0.183027
v 0.038751 0.393616 0.184541
v 0.036045 0.395670 0.185994
v 0.033329 0.397740 0.187442
v 0.030716 0.399658 0.188939
v 0.028312 0.401270 0.190537
v 0.026202 0.402452 0.192277
v 0.024444 0.403118 0.194186
f 5719 5720 5721
f 5719 5721 5720
f 5719 5721 5722
f 5719 5722 5721
f 5719 5722 5723
f 5719 5723 5722
f 5719 5723 5724
f 5719 5724 5723
f 5719 5724 5725
f 5719 5725 5724
f 5719 5725 5726
f 5719 5726 5725
f 5719 5726 5727
f 5719 5727 5726
f 5719 5727 5728
f 5719 5728 5727
f 5719 5728 5729
f 5719 5729 5728
f 5719 5729 5730
f 5719 5730 5729
f 5719 5730 5731
f 5719 5731 5730
f 5719 5731 5732
f 5719 5732 5731
f 5719 5732 5733
f 5719 5733 5732
f 5719 5733 5734
f 5719 5734 5733
f 5719 5734 5735
f 5719 5735 5734
f 5719 5735 5736
f 5719 5736 5735
f 5719 5736 5737
f 5719 5737 5736
f 5719 5737 5738
f 5719 5738 5737
f 5719 5738 5739
f 5719 5739 5738
f 5719 5739 5740
f 5719 5740 5739
f 5719 5740 5741
f 5719 5741 5740
f 5719 5741 5742
f 5719 5742 5741
f 5719 5742 5743
f 5719 5743 5742
f 5719 5743 5744
f 5719 5744 5743
f 5719 5744 5745
f 5719 5745 5744
f 5719 5745 5746
f 5719 5746 5745
f 5719 5746 5747
f 5719 5747 5746
f 5719 5747 5748
f 5719 5748 5747
f 5719 5748 5749
f 5719 5749 5748
f 5719 5749 5750
f 5719 5750 5749
f 5719 5750 5751
f 5719 5751 5750
f 5719 5751 5752
f 5719 5752 5751
f 5719 5752 5753
f 5719 5753 5752
f 5719 5753 5754
f 5719 5754 5753
f 5719 5754 5755
f 5719 5755 5754
f 5719 5755 5756
f 5719 5756 5755
f 5719 5756 5757
f 5719 5757 5756
f 5719 5757 5758
f 5719 5758 5757
f 5719 5758 5759
f 5719 5759 5758
f 5719 5759 5760
f 5719 5760 5759
f 5719 5760 5761
f 5719 5761 5760
f 5719 5761 5762
f 5719 5762 5761
f 5719 5762 5763
f 5719 5763 5762
f 5719 5763 5764
f 5719 5764 5763
v 0.011355 0.387565 0.178732
v 0.012834 0.389699 0.177850
v 0.013289 0.390894 0.175393
v 0.012782 0.390894 0.172726
v 0.011458 0.389699 0.170608
v 0.009759 0.387565 0.170329
v 0.008280 0.385430 0.171211
v 0.007825 0.384235 0.173668
v 0.008331 0.384235 0.176335
v 0.009656 0.385430 0.178453
v -0.011625 0.405096 0.181704
v -0.010620 0.406547 0.181104
v -0.010310 0.407360 0.179434
v -0.010655 0.407360 0.177620
v -0.011555 0.406547 0.176179
v -0.012711 0.405096 0.175990
v -0.013716 0.403645 0.176590
v -0.014026 0.402832 0.178260
v -0.013681 0.402832 0.180074
v -0.012781 0.403645 0.181515
f 5765 5766 5776
f 5765 5776 5775
f 5766 5767 5777
f 5766 5777 5776
f 5767 5768 5778
f 5767 5778 5777
f 5768 5769 5779
f 5768 5779 5778
f 5769 5770 5780
f 5769 5780 5779
f 5770 5771 5781
f 5770 5781 5780
f 5771 5772 5782
f 5771 5782 5781
f 5772 5773 5783
f 5772 5783 5782
f 5773 5774 5784
f 5773 5784 5783
f 5774 5765 5775
f 5774 5775 5784
v -0.012168 0.405096 0.178847
v -0.010219 0.405656 0.180580
v -0.007879 0.406816 0.181929
v -0.005236 0.408443 0.182979
v -0.002372 0.410411 0.183810
v 0.000626 0.412585 0.184510
v 0.003666 0.414824 0.185168
v 0.006656 0.416984 0.185876
v 0.009507 0.418933 0.186719
v 0.012145 0.420552 0.187775
v 0.014505 0.421743 0.189103
v 0.016544 0.422441 0.190748
v 0.018239 0.422611 0.192732
v 0.019591 0.422251 0.195055
v 0.020622 0.421398 0.197694
v 0.021376 0.420118 0.200606
v 0.021916 0.418508 0.203730
v 0.022317 0.416686 0.206989
v 0.022668 0.414786 0.210299
v 0.023061 0.412950 0.213567
v 0.023588 0.411321 0.216703
v 0.024336 0.410032 0.219621
v 0.025388 0.409210 0.222240
v 0.026830 0.408989 0.224474
v 0.024880 0.408429 0.222740
v 0.022541 0.407268 0.221392
v 0.019898 0.405641 0.220342
v 0.017034 0.403673 0.219510
v 0.014035 0.401499 0.218811
v 0.010995 0.399261 0.218153
v 0.008006 0.397100 0.217445
v 0.005154 0.395151 0.216601
v 0.002517 0.393533 0.215546
v 0.000157 0.392341 0.214217
v -0.001882 0.391643 0.212572
v -0.003578 0.391474 0.210589
v -0.004930 0.391833 0.208266
v -0.005961 0.392687 0.205627
v -0.006715 0.393967 0.202715
v -0.007254 0.395577 0.199591
v -0.007656 0.397399 0.196331
v -0.008007 0.399299 0.193022
v -0.008400 0.401134 0.189754
v -0.008927 0.402764 0.186618
v -0.009675 0.404052 0.183700
v -0.010726 0.404874 0.181081
f 5785 5786 5787
f 5785 5787 5786
f 5785 5787 5788
f 5785 5788 5787
f 5785 5788 5789
f 5785 5789 5788
f 5785 5789 5790
f 5785 5790 5789
f 5785 5790 5791
f 5785 5791 5790
f 5785 5791 5792
f 5785 5792 5791
f 5785 5792 5793
f 5785 5793 5792
f 5785 5793 5794
f 5785 5794 5793
f 5785 5794 5795
f 5785 5795 5794
f 5785 5795 5796
f 5785 5796 5795
f 5785 5796 5797
f 5785 5797 5796
f 5785 5797 5798
f 5785 5798 5797
f 5785 5798 5799
f 5785 5799 5798
f 5785 5799 5800
f 5785 5800 5799
f 5785 5800 5801
f 5785 5801 5800
f 5785 5801 5802
f 5785 5802 5801
f 5785 5802 5803
f 5785 5803 5802
f 5785 5803 5804
f 5785 5804 5803
f 5785 5804 5805
f 5785 5805 5804
f 5785 5805 5806
f 5785 5806 5805
f 5785 5806 5807
f 5785 5807 5806
f 5785 5807 5808
f 5785 5808 5807
f 5785 5808 5809
f 5785 5809 5808
f 5785 5809 5810
f 5785 5810 5809
f 5785 5810 5811
f 5785 5811 5810
f 5785 5811 5812
f 5785 5812 5811
f 5785 5812 5813
f 5785 5813 5812
f 5785 5813 5814
f 5785 5814 5813
f 5785 5814 5815
f 5785 5815 5814
f 5785 5815 5816
f 5785 5816 5815
f 5785 5816 5817
f 5785 5817 5816
f 5785 5817 5818
f 5785 5818 5817
f 5785 5818 5819
f 5785 5819 5818
f 5785 5819 5820
f 5785 5820 5819
f 5785 5820 5821
f 5785 5821 5820
f 5785 5821 5822
f 5785 5822 5821
f 5785 5822 5823
f 5785 5823 5822
f 5785 5823 5824
f 5785 5824 5823
f 5785 5824 5825
f 5785 5825 5824
f 5785 5825 5826
f 5785 5826 5825
f 5785 5826 5827
f 5785 5827 5826
f 5785 5827 5828
f 5785 5828 5827
f 5785 5828 5829
f 5785 5829 5828
f 5785 5829 5830
f 5785 5830 5829
v -0.012168 0.405096 0.178847
v -0.012025 0.404005 0.176809
v -0.012033 0.402694 0.174872
v -0.012308 0.400994 0.173112
v -0.012913 0.398811 0.171570
v -0.013849 0.396146 0.170248
v -0.015053 0.393090 0.169103
v -0.016404 0.389818 0.168056
v -0.017746 0.386560 0.167003
v -0.018908 0.383566 0.165829
v -0.019729 0.381068 0.164431
v -0.020087 0.379246 0.162726
v -0.019917 0.378196 0.160670
v -0.019217 0.377918 0.158264
v -0.018055 0.378314 0.155551
v -0.016552 0.379208 0.152613
v -0.014869 0.380365 0.149554
v -0.013176 0.381536 0.146490
v -0.011631 0.382492 0.143524
v -0.010354 0.383056 0.140735
v -0.009408 0.383138 0.138165
v -0.008792 0.382738 0.135814
v -0.008442 0.381949 0.133640
v -0.008244 0.380938 0.131566
v -0.008387 0.382029 0.133604
v -0.008379 0.383340 0.135541
v -0.008104 0.385040 0.137301
v -0.007499 0.387223 0.138843
v -0.006563 0.389888 0.140165
v -0.005359 0.392944 0.141310
v -0.004008 0.396216 0.142357
v -0.002666 0.399474 0.143410
v -0.001504 0.402468 0.144584
v -0.000683 0.404966 0.145982
v -0.000325 0.406788 0.147687
v -0.000496 0.407838 0.149743
v -0.001195 0.408117 0.152149
v -0.002357 0.407720 0.154862
v -0.003860 0.406826 0.157800
v -0.005543 0.405669 0.160858
v -0.007236 0.404498 0.163923
v -0.008781 0.403543 0.166889
v -0.010058 0.402978 0.169678
v -0.011004 0.402896 0.172248
v -0.011621 0.403296 0.174599
v -0.011970 0.404085 0.176773
f 5831 5832 5833
f 5831 5833 5832
f 5831 5833 5834
f 5831 5834 5833
f 5831 5834 5835
f 5831 5835 5834
f 5831 5835 5836
f 5831 5836 5835
f 5831 5836 5837
f 5831 5837 5836
f 5831 5837 5838
f 5831 5838 5837
f 5831 5838 5839
f 5831 5839 5838
f 5831 5839 5840
f 5831 5840 5839
f 5831 5840 5841
f 5831 5841 5840
f 5831 5841 5842
f 5831 5842 5841
f 5831 5842 5843
f 5831 5843 5842
f 5831 5843 5844
f 5831 5844 5843
f 5831 5844 5845
f 5831 5845 5844
f 5831 5845 5846
f 5831 5846 5845
f 5831 5846 5847
f 5831 5847 5846
f 5831 5847 5848
f 5831 5848 5847
f 5831 5848 5849
f 5831 5849 5848
f 5831 5849 5850
f 5831 5850 5849
f 5831 5850 5851
f 5831 5851 5850
f 5831 5851 5852
f 5831 5852 5851
f 5831 5852 5853
f 5831 5853 5852
f 5831 5853 5854
f 5831 5854 5853
f 5831 5854 5855
f 5831 5855 5854
f 5831 5855 5856
f 5831 5856 5855
f 5831 5856 5857
f 5831 5857 5856
f 5831 5857 5858
f 5831 5858 5857
f 5831 5858 5859
f 5831 5859 5858
f 5831 5859 5860
f 5831 5860 5859
f 5831 5860 5861
f 5831 5861 5860
f 5831 5861 5862
f 5831 5862 5861
f 5831 5862 5863
f 5831 5863 5862
f 5831 5863 5864
f 5831 5864 5863
f 5831 5864 5865
f 5831 5865 5864
f 5831 5865 5866
f 5831 5866 5865
f 5831 5866 5867
f 5831 5867 5866
f 5831 5867 5868
f 5831 5868 5867
f 5831 5868 5869
f 5831 5869 5868
f 5831 5869 5870
f 5831 5870 5869
f 5831 5870 5871
f 5831 5871 5870
f 5831 5871 5872
f 5831 5872 5871
f 5831 5872 5873
f 5831 5873 5872
f 5831 5873 5874
f 5831 5874 5873
f 5831 5874 5875
f 5831 5875 5874
f 5831 5875 5876
f 5831 5876 5875
v 0.031823 0.377573 0.125514
v 0.029266 0.380485 0.124395
v 0.025878 0.382115 0.125961
v 0.023219 0.382115 0.128939
v 0.022047 0.380485 0.132482
v 0.023447 0.377573 0.134896
v 0.026004 0.374662 0.136015
v 0.029392 0.373032 0.134449
v 0.032051 0.373032 0.131471
v 0.033223 0.374662 0.127928
v 0.055840 0.408539 0.149652
v 0.054101 0.410519 0.148891
v 0.051797 0.411627 0.149955
v 0.049990 0.411627 0.151981
v 0.049192 0.410519 0.154390
v 0.050144 0.408539 0.156032
v 0.051883 0.406560 0.156792
v 0.054187 0.405451 0.155728
v 0.055995 0.405451 0.153703
v 0.056792 0.406560 0.151293
f 5877 5878 5888
f 5877 5888 5887
f 5878 5879 5889
f 5878 5889 5888
f 5879 5880 5890
f 5879 5890 5889
f 5880 5881 5891
f 5880 5891 5890
f 5881 5882 5892
f 5881 5892 5891
f 5882 5883 5893
f 5882 5893 5892
f 5883 5884 5894
f 5883 5894 5893
f 5884 5885 5895
f 5884 5895 5894
f 5885 5886 5896
f 5885 5896 5895
f 5886 5877 5887
f 5886 5887 5896
v 0.052992 0.408539 0.152842
v 0.054281 0.407851 0.150491
v 0.055439 0.407370 0.148003
v 0.056341 0.407296 0.145245
v 0.056899 0.407767 0.142126
v 0.057091 0.408819 0.138623
v 0.056971 0.410368 0.134790
v 0.056658 0.412221 0.130756
v 0.056327 0.414105 0.126702
v 0.056172 0.415708 0.122833
v 0.056381 0.416734 0.119347
v 0.057100 0.416950 0.116398
v 0.058408 0.416231 0.114067
v 0.060306 0.414575 0.112357
v 0.062713 0.412111 0.111182
v 0.065484 0.409070 0.110390
v 0.068432 0.405747 0.109784
v 0.071361 0.402455 0.109158
v 0.074098 0.399467 0.108330
v 0.076522 0.396977 0.107173
v 0.078580 0.395067 0.105632
v 0.080295 0.393702 0.103729
v 0.081753 0.392745 0.101556
v 0.083081 0.391994 0.099247
v 0.081793 0.392682 0.101598
v 0.080634 0.393164 0.104086
v 0.079733 0.393237 0.106844
v 0.079175 0.392766 0.109963
v 0.078982 0.391714 0.113466
v 0.079102 0.390165 0.117298
v 0.079415 0.388312 0.121333
v 0.079746 0.386428 0.125387
v 0.079901 0.384825 0.129255
v 0.079692 0.383800 0.132741
v 0.078973 0.383583 0.135691
v 0.077665 0.384303 0.138021
v 0.075767 0.385958 0.139732
v 0.073360 0.388422 0.140906
v 0.070589 0.391463 0.141698
v 0.067641 0.394786 0.142304
v 0.064712 0.398078 0.142930
v 0.061975 0.401066 0.143758
v 0.059551 0.403556 0.144915
v 0.057493 0.405466 0.146457
v 0.055778 0.406831 0.148359
v 0.054320 0.407788 0.150532
f 5897 5898 5899
f 5897 5899 5898
f 5897 5899 5900
f 5897 5900 5899
f 5897 5900 5901
f 5897 5901 5900
f 5897 5901 5902
f 5897 5902 5901
f 5897 5902 5903
f 5897 5903 5902
f 5897 5903 5904
f 5897 5904 5903
f 5897 5904 5905
f 5897 5905 5904
f 5897 5905 5906
f 5897 5906 5905
f 5897 5906 5907
f 5897 5907 5906
f 5897 5907 5908
f 5897 5908 5907
f 5897 5908 5909
f 5897 5909 5908
f 5897 5909 5910
f 5897 5910 5909
f 5897 5910 5911
f 5897 5911 5910
f 5897 5911 5912
f 5897 5912 5911
f 5897 5912 5913
f 5897 5913 5912
f 5897 5913 5914
f 5897 5914 5913
f 5897 5914 5915
f 5897 5915 5914
f 5897 5915 5916
f 5897 5916 5915
f 5897 5916 5917
f 5897 5917 5916
f 5897 5917 5918
f 5897 5918 5917
f 5897 5918 5919
f 5897 5919 5918
f 5897 5919 5920
f 5897 5920 5919
f 5897 5920 5921
f 5897 5921 5920
f 5897 5921 5922
f 5897 5922 5921
f 5897 5922 5923
f 5897 5923 5922
f 5897 5923 5924
f 5897 5924 5923
f 5897 5924 5925
f 5897 5925 5924
f 5897 5925 5926
f 5897 5926 5925
f 5897 5926 5927
f 5897 5927 5926
f 5897 5927 5928
f 5897 5928 5927
f 5897 5928 5929
f 5897 5929 5928
f 5897 5929 5930
f 5897 5930 5929
f 5897 5930 5931
f 5897 5931 5930
f 5897 5931 5932
f 5897 5932 5931
f 5897 5932 5933
f 5897 5933 5932
f 5897 5933 5934
f 5897 5934 5933
f 5897 5934 5935
f 5897 5935 5934
f 5897 5935 5936
f 5897 5936 5935
f 5897 5936 5937
f 5897 5937 5936
f 5897 5937 5938
f 5897 5938 5937
f 5897 5938 5939
f 5897 5939 5938
f 5897 5939 5940
f 5897 5940 5939
f 5897 5940 5941
f 5897 5941 5940
f 5897 5941 5942
f 5897 5942 5941
v 0.055834 0.408539 0.149646
v 0.055558 0.411212 0.150191
v 0.054077 0.412709 0.151990
v 0.052273 0.412709 0.154018
v 0.050660 0.411212 0.155700
v 0.050151 0.408539 0.156037
v 0.050426 0.405866 0.155492
v 0.051908 0.404369 0.153694
v 0.053712 0.404369 0.151665
v 0.055324 0.405866 0.149983
v 0.074096 0.407036 0.167716
v 0.073909 0.408854 0.168087
v 0.072901 0.409872 0.169310
v 0.071674 0.409872 0.170689
v 0.070578 0.408854 0.171833
v 0.070231 0.407036 0.172062
v 0.070419 0.405218 0.171691
v 0.071426 0.404200 0.170469
v 0.072653 0.404200 0.169089
v 0.073750 0.405218 0.167946
f 5943 5944 5954
f 5943 5954 5953
f 5944 5945 5955
f 5944 5955 5954
f 5945 5946 5956
f 5945 5956 5955
f 5946 5947 5957
f 5946 5957 5956
f 5947 5948 5958
f 5947 5958 5957
f 5948 5949 5959
f 5948 5959 5958
f 5949 5950 5960
f 5949 5960 5959
f 5950 5951 5961
f 5950 5961 5960
f 5951 5952 5962
f 5951 5962 5961
f 5952 5943 5953
f 5952 5953 5962
v 0.072164 0.407036 0.169889
v 0.073330 0.407304 0.167770
v 0.074492 0.407782 0.165674
v 0.075649 0.408712 0.163624
v 0.076795 0.410279 0.161641
v 0.077932 0.412551 0.159732
v 0.079059 0.415452 0.157888
v 0.080181 0.418762 0.156088
v 0.081301 0.422148 0.154295
v 0.082426 0.425220 0.152470
v 0.083561 0.427602 0.150572
v 0.084711 0.428994 0.148571
v 0.085877 0.429233 0.146449
v 0.087060 0.428319 0.144206
v 0.088258 0.426415 0.141860
v 0.089465 0.423821 0.139442
v 0.090677 0.420913 0.136991
v 0.091889 0.418081 0.134548
v 0.093094 0.415658 0.132148
v 0.094290 0.413864 0.129813
v 0.095475 0.412775 0.127552
v 0.096652 0.412322 0.125358
v 0.097822 0.412322 0.123211
v 0.098988 0.412532 0.121086
v 0.097822 0.412265 0.123205
v 0.096660 0.411786 0.125302
v 0.095503 0.410856 0.127352
v 0.094357 0.409289 0.129335
v 0.093220 0.407017 0.131244
v 0.092093 0.404116 0.133087
v 0.090971 0.400806 0.134888
v 0.089851 0.397420 0.136681
v 0.088726 0.394348 0.138506
v 0.087591 0.391966 0.140404
v 0.086441 0.390574 0.142405
v 0.085275 0.390335 0.144527
v 0.084092 0.391249 0.146769
v 0.082894 0.393153 0.149115
v 0.081687 0.395747 0.151534
v 0.080474 0.398655 0.153985
v 0.079263 0.401487 0.156428
v 0.078058 0.403910 0.158828
v 0.076862 0.405705 0.161163
v 0.075677 0.406794 0.163423
v 0.074500 0.407246 0.165617
v 0.073330 0.407246 0.167764
f 5963 5964 5965
f 5963 5965 5964
f 5963 5965 5966
f 5963 5966 5965
f 5963 5966 5967
f 5963 5967 5966
f 5963 5967 5968
f 5963 5968 5967
f 5963 5968 5969
f 5963 5969 5968
f 5963 5969 5970
f 5963 5970 5969
f 5963 5970 5971
f 5963 5971 5970
f 5963 5971 5972
f 5963 5972 5971
f 5963 5972 5973
f 5963 5973 5972
f 5963 5973 5974
f 5963 5974 5973
f 5963 5974 5975
f 5963 5975 5974
f 5963 5975 5976
f 5963 5976 5975
f 5963 5976 5977
f 5963 5977 5976
f 5963 5977 5978
f 5963 5978 5977
f 5963 5978 5979
f 5963 5979 5978
f 5963 5979 5980
f 5963 5980 5979
f 5963 5980 5981
f 5963 5981 5980
f 5963 5981 5982
f 5963 5982 5981
f 5963 5982 5983
f 5963 5983 5982
f 5963 5983 5984
f 5963 5984 5983
f 5963 5984 5985
f 5963 5985 5984
f 5963 5985 5986
f 5963 5986 5985
f 5963 5986 5987
f 5963 5987 5986
f 5963 5987 5988
f 5963 5988 5987
f 5963 5988 5989
f 5963 5989 5988
f 5963 5989 5990
f 5963 5990 5989
f 5963 5990 5991
f 5963 5991 5990
f 5963 5991 5992
f 5963 5992 5991
f 5963 5992 5993
f 5963 5993 5992
f 5963 5993 5994
f 5963 5994 5993
f 5963 5994 5995
f 5963 5995 5994
f 5963 5995 5996
f 5963 5996 5995
f 5963 5996 5997
f 5963 5997 5996
f 5963 5997 5998
f 5963 5998 5997
f 5963 5998 5999
f 5963 5999 5998
f 5963 5999 6000
f 5963 6000 5999
f 5963 6000 6001
f 5963 6001 6000
f 5963 6001 6002
f 5963 6002 6001
f 5963 6002 6003
f 5963 6003 6002
f 5963 6003 6004
f 5963 6004 6003
f 5963 6004 6005
f 5963 6005 6004
f 5963 6005 6006
f 5963 6006 6005
f 5963 6006 6007
f 5963 6007 6006
f 5963 6007 6008
f 5963 6008 6007
v 0.072164 0.407036 0.169889
v 0.070051 0.406523 0.170838
v 0.067975 0.405446 0.171695
v 0.065940 0.403761 0.172453
v 0.063940 0.401526 0.173123
v 0.061968 0.398869 0.173723
v 0.060013 0.395970 0.174285
v 0.058059 0.393038 0.174841
v 0.056093 0.390296 0.175428
v 0.054101 0.387950 0.176079
v 0.052071 0.386178 0.176824
v 0.049995 0.385109 0.177682
v 0.047868 0.384810 0.178665
v 0.045690 0.385280 0.179773
v 0.043467 0.386453 0.180995
v 0.041205 0.388200 0.182310
v 0.038917 0.390344 0.183690
v 0.036617 0.392676 0.185100
v 0.034319 0.394977 0.186505
v 0.032037 0.397035 0.187870
v 0.029783 0.398671 0.189167
v 0.027565 0.399757 0.190375
v 0.025387 0.400235 0.191484
v 0.023246 0.400149 0.192502
v 0.025359 0.400662 0.191554
v 0.027435 0.401739 0.190697
v 0.029470 0.403424 0.189938
v 0.031470 0.405659 0.189269
v 0.033442 0.408315 0.188668
v 0.035397 0.411215 0.188107
v 0.037351 0.414146 0.187550
v 0.039317 0.416889 0.186963
v 0.041309 0.419235 0.186312
v 0.043339 0.421006 0.185568
v 0.045415 0.422075 0.184709
v 0.047542 0.422375 0.183726
v 0.049720 0.421905 0.182618
v 0.051943 0.420732 0.181396
v 0.054205 0.418985 0.180081
v 0.056492 0.416841 0.178702
v 0.058793 0.414509 0.177292
v 0.061090 0.412208 0.175887
v 0.063372 0.410150 0.174521
v 0.065627 0.408514 0.173224
v 0.067845 0.407428 0.172016
v 0.070023 0.406950 0.170907
f 6009 6010 6011
f 6009 6011 6010
f 6009 6011 6012
f 6009 6012 6011
f 6009 6012 6013
f 6009 6013 6012
f 6009 6013 6014
f 6009 6014 6013
f 6009 6014 6015
f 6009 6015 6014
f 6009 6015 6016
f 6009 6016 6015
f 6009 6016 6017
f 6009 6017 6016
f 6009 6017 6018
f 6009 6018 6017
f 6009 6018 6019
f 6009 6019 6018
f 6009 6019 6020
f 6009 6020 6019
f 6009 6020 6021
f 6009 6021 6020
f 6009 6021 6022
f 6009 6022 6021
f 6009 6022 6023
f 6009 6023 6022
f 6009 6023 6024
f 6009 6024 6023
f 6009 6024 6025
f 6009 6025 6024
f 6009 6025 6026
f 6009 6026 6025
f 6009 6026 6027
f 6009 6027 6026
f 6009 6027 6028
f 6009 6028 6027
f 6009 6028 6029
f 6009 6029 6028
f 6009 6029 6030
f 6009 6030 6029
f 6009 6030 6031
f 6009 6031 6030
f 6009 6031 6032
f 6009 6032 6031
f 6009 6032 6033
f 6009 6033 6032
f 6009 6033 6034
f 6009 6034 6033
f 6009 6034 6035
f 6009 6035 6034
f 6009 6035 6036
f 6009 6036 6035
f 6009 6036 6037
f 6009 6037 6036
f 6009 6037 6038
f 6009 6038 6037
f 6009 6038 6039
f 6009 6039 6038
f 6009 6039 6040
f 6009 6040 6039
f 6009 6040 6041
f 6009 6041 6040
f 6009 6041 6042
f 6009 6042 6041
f 6009 6042 6043
f 6009 6043 6042
f 6009 6043 6044
f 6009 6044 6043
f 6009 6044 6045
f 6009 6045 6044
f 6009 6045 6046
f 6009 6046 6045
f 6009 6046 6047
f 6009 6047 6046
f 6009 6047 6048
f 6009 6048 6047
f 6009 6048 6049
f 6009 6049 6048
f 6009 6049 6050
f 6009 6050 6049
f 6009 6050 6051
f 6009 6051 6050
f 6009 6051 6052
f 6009 6052 6051
f 6009 6052 6053
f 6009 6053 6052
f 6009 6053 6054
f 6009 6054 6053
v 0.049587 0.408539 0.150255
v 0.048729 0.410073 0.152360
v 0.049840 0.410932 0.154747
v 0.052001 0.410932 0.156389
v 0.054599 0.410073 0.156819
v 0.056397 0.408539 0.155429
v 0.057255 0.407005 0.153324
v 0.056145 0.406146 0.150936
v 0.053983 0.406146 0.149294
v 0.051385 0.407005 0.148864
v 0.059907 0.430374 0.138935
v 0.059323 0.431417 0.140366
v 0.060078 0.432001 0.141990
v 0.061548 0.432001 0.143106
v 0.063315 0.431417 0.143399
v 0.064537 0.430374 0.142453
v 0.065121 0.429331 0.141022
v 0.064366 0.428747 0.139398
v 0.062896 0.428747 0.138281
v 0.061129 0.429331 0.137989
f 6055 6056 6066
f 6055 6066 6065
f 6056 6057 6067
f 6056 6067 6066
f 6057 6058 6068
f 6057 6068 6067
f 6058 6059 6069
f 6058 6069 6068
f 6059 6060 6070
f 6059 6070 6069
f 6060 6061 6071
f 6060 6071 6070
f 6061 6062 6072
f 6061 6072 6071
f 6062 6063 6073
f 6062 6073 6072
f 6063 6064 6074
f 6063 6074 6073
f 6064 6055 6065
f 6064 6065 6074
v 0.062222 0.430374 0.140694
v 0.060333 0.429738 0.140154
v 0.058323 0.429265 0.139815
v 0.056113 0.429061 0.139807
v 0.053668 0.429174 0.140191
v 0.050996 0.429593 0.140952
v 0.048146 0.430250 0.142006
v 0.045206 0.431030 0.143211
v 0.042284 0.431785 0.144387
v 0.039495 0.432361 0.145340
v 0.036946 0.432613 0.145895
v 0.034718 0.432434 0.145919
v 0.032853 0.431766 0.145338
v 0.031353 0.430607 0.144153
v 0.030173 0.429017 0.142436
v 0.029232 0.427104 0.140322
v 0.028426 0.425011 0.137985
v 0.027637 0.422894 0.135618
v 0.026757 0.420899 0.133402
v 0.025701 0.419142 0.131480
v 0.024417 0.417691 0.129935
v 0.022898 0.416558 0.128782
v 0.021179 0.415693 0.127959
v 0.019339 0.414991 0.127338
v 0.021228 0.415627 0.127878
v 0.023239 0.416100 0.128216
v 0.025448 0.416304 0.128224
v 0.027893 0.416191 0.127841
v 0.030566 0.415772 0.127080
v 0.033415 0.415114 0.126026
v 0.036355 0.414335 0.124820
v 0.039278 0.413579 0.123645
v 0.042066 0.413004 0.122692
v 0.044615 0.412752 0.122136
v 0.046843 0.412930 0.122113
v 0.048708 0.413599 0.122694
v 0.050208 0.414758 0.123878
v 0.051389 0.416348 0.125595
v 0.052329 0.418261 0.127710
v 0.053136 0.420354 0.130047
v 0.053924 0.422471 0.132413
v 0.054804 0.424466 0.134629
v 0.055860 0.426223 0.136552
v 0.057144 0.427673 0.138096
v 0.058663 0.428807 0.139250
v 0.060382 0.429672 0.140073
f 6075 6076 6077
f 6075 6077 6076
f 6075 6077 6078
f 6075 6078 6077
f 6075 6078 6079
f 6075 6079 6078
f 6075 6079 6080
f 6075 6080 6079
f 6075 6080 6081
f 6075 6081 6080
f 6075 6081 6082
f 6075 6082 6081
f 6075 6082 6083
f 6075 6083 6082
f 6075 6083 6084
f 6075 6084 6083
f 6075 6084 6085
f 6075 6085 6084
f 6075 6085 6086
f 6075 6086 6085
f 6075 6086 6087
f 6075 6087 6086
f 6075 6087 6088
f 6075 6088 6087
f 6075 6088 6089
f 6075 6089 6088
f 6075 6089 6090
f 6075 6090 6089
f 6075 6090 6091
f 6075 6091 6090
f 6075 6091 6092
f 6075 6092 6091
f 6075 6092 6093
f 6075 6093 6092
f 6075 6093 6094
f 6075 6094 6093
f 6075 6094 6095
f 6075 6095 6094
f 6075 6095 6096
f 6075 6096 6095
f 6075 6096 6097
f 6075 6097 6096
f 6075 6097 6098
f 6075 6098 6097
f 6075 6098 6099
f 6075 6099 6098
f 6075 6099 6100
f 6075 6100 6099
f 6075 6100 6101
f 6075 6101 6100
f 6075 6101 6102
f 6075 6102 6101
f 6075 6102 6103
f 6075 6103 6102
f 6075 6103 6104
f 6075 6104 6103
f 6075 6104 6105
f 6075 6105 6104
f 6075 6105 6106
f 6075 6106 6105
f 6075 6106 6107
f 6075 6107 6106
f 6075 6107 6108
f 6075 6108 6107
f 6075 6108 6109
f 6075 6109 6108
f 6075 6109 6110
f 6075 6110 6109
f 6075 6110 6111
f 6075 6111 6110
f 6075 6111 6112
f 6075 6112 6111
f 6075 6112 6113
f 6075 6113 6112
f 6075 6113 6114
f 6075 6114 6113
f 6075 6114 6115
f 6075 6115 6114
f 6075 6115 6116
f 6075 6116 6115
f 6075 6116 6117
f 6075 6117 6116
f 6075 6117 6118
f 6075 6118 6117
f 6075 6118 6119
f 6075 6119 6118
f 6075 6119 6120
f 6075 6120 6119
v 0.057022 0.408539 0.154272
v 0.057191 0.410111 0.152032
v 0.055403 0.410992 0.150109
v 0.052845 0.410992 0.149200
v 0.050244 0.410111 0.149566
v 0.048962 0.408539 0.151411
v 0.048794 0.406967 0.153651
v 0.050582 0.406087 0.155574
v 0.053140 0.406087 0.156483
v 0.055740 0.406967 0.156118
v 0.050088 0.431806 0.169714
v 0.050202 0.432875 0.168191
v 0.048987 0.433473 0.166883
v 0.047247 0.433473 0.166265
v 0.045479 0.432875 0.166514
v 0.044607 0.431806 0.167768
v 0.044492 0.430737 0.169292
v 0.045708 0.430138 0.170600
v 0.047448 0.430138 0.171217
v 0.049216 0.430737 0.170969
f 6121 6122 6132
f 6121 6132 6131
f 6122 6123 6133
f 6122 6133 6132
f 6123 6124 6134
f 6123 6134 6133
f 6124 6125 6135
f 6124 6135 6134
f 6125 6126 6136
f 6125 6136 6135
f 6126 6127 6137
f 6126 6137 6136
f 6127 6128 6138
f 6127 6138 6137
f 6128 6129 6139
f 6128 6139 6138
f 6129 6130 6140
f 6129 6140 6139
f 6130 6121 6131
f 6130 6131 6140
v 0.047347 0.431806 0.168741
v 0.049872 0.431366 0.169414
v 0.052497 0.431108 0.169856
v 0.055303 0.431181 0.169879
v 0.058339 0.431671 0.169371
v 0.061608 0.432588 0.168324
v 0.065069 0.433854 0.166832
v 0.068639 0.435320 0.165088
v 0.072208 0.436782 0.163347
v 0.075653 0.438020 0.161892
v 0.078861 0.438824 0.160987
v 0.081742 0.439034 0.160835
v 0.084250 0.438563 0.161548
v 0.086384 0.437410 0.163125
v 0.088191 0.435663 0.165456
v 0.089761 0.433482 0.168337
v 0.091208 0.431077 0.171504
v 0.092653 0.428668 0.174674
v 0.094207 0.426459 0.177591
v 0.095953 0.424600 0.180065
v 0.097933 0.423166 0.181998
v 0.100142 0.422150 0.183402
v 0.102532 0.421465 0.184385
v 0.105023 0.420963 0.185138
v 0.102498 0.421403 0.184465
v 0.099873 0.421661 0.184023
v 0.097067 0.421588 0.184000
v 0.094031 0.421097 0.184508
v 0.090762 0.420181 0.185556
v 0.087301 0.418914 0.187047
v 0.083731 0.417449 0.188791
v 0.080162 0.415986 0.190532
v 0.076717 0.414748 0.191987
v 0.073509 0.413944 0.192893
v 0.070628 0.413734 0.193044
v 0.068120 0.414206 0.192331
v 0.065986 0.415359 0.190754
v 0.064179 0.417106 0.188423
v 0.062609 0.419286 0.185542
v 0.061162 0.421692 0.182375
v 0.059717 0.424100 0.179205
v 0.058163 0.426310 0.176288
v 0.056417 0.428169 0.173814
v 0.054437 0.429603 0.171881
v 0.052228 0.430618 0.170478
v 0.049838 0.431303 0.169494
f 6141 6142 6143
f 6141 6143 6142
f 6141 6143 6144
f 6141 6144 6143
f 6141 6144 6145
f 6141 6145 6144
f 6141 6145 6146
f 6141 6146 6145
f 6141 6146 6147
f 6141 6147 6146
f 6141 6147 6148
f 6141 6148 6147
f 6141 6148 6149
f 6141 6149 6148
f 6141 6149 6150
f 6141 6150 6149
f 6141 6150 6151
f 6141 6151 6150
f 6141 6151 6152
f 6141 6152 6151
f 6141 6152 6153
f 6141 6153 6152
f 6141 6153 6154
f 6141 6154 6153
f 6141 6154 6155
f 6141 6155 6154
f 6141 6155 6156
f 6141 6156 6155
f 6141 6156 6157
f 6141 6157 6156
f 6141 6157 6158
f 6141 6158 6157
f 6141 6158 6159
f 6141 6159 6158
f 6141 6159 6160
f 6141 6160 6159
f 6141 6160 6161
f 6141 6161 6160
f 6141 6161 6162
f 6141 6162 6161
f 6141 6162 6163
f 6141 6163 6162
f 6141 6163 6164
f 6141 6164 6163
f 6141 6164 6165
f 6141 6165 6164
f 6141 6165 6166
f 6141 6166 6165
f 6141 6166 6167
f 6141 6167 6166
f 6141 6167 6168
f 6141 6168 6167
f 6141 6168 6169
f 6141 6169 6168
f 6141 6169 6170
f 6141 6170 6169
f 6141 6170 6171
f 6141 6171 6170
f 6141 6171 6172
f 6141 6172 6171
f 6141 6172 6173
f 6141 6173 6172
f 6141 6173 6174
f 6141 6174 6173
f 6141 6174 6175
f 6141 6175 6174
f 6141 6175 6176
f 6141 6176 6175
f 6141 6176 6177
f 6141 6177 6176
f 6141 6177 6178
f 6141 6178 6177
f 6141 6178 6179
f 6141 6179 6178
f 6141 6179 6180
f 6141 6180 6179
f 6141 6180 6181
f 6141 6181 6180
f 6141 6181 6182
f 6141 6182 6181
f 6141 6182 6183
f 6141 6183 6182
f 6141 6183 6184
f 6141 6184 6183
f 6141 6184 6185
f 6141 6185 6184
f 6141 6185 6186
f 6141 6186 6185
v 0.025786 0.377573 0.136216
v 0.029182 0.379745 0.136351
v 0.031946 0.380962 0.133619
v 0.033120 0.380962 0.129803
v 0.032368 0.379745 0.125990
v 0.029484 0.377573 0.124194
v 0.026088 0.375401 0.124059
v 0.023324 0.374185 0.126791
v 0.022150 0.374185 0.130607
v 0.022902 0.375401 0.134420
v -0.000300 0.419788 0.126088
v 0.002009 0.421265 0.126180
v 0.003889 0.422092 0.124322
v 0.004687 0.422092 0.121728
v 0.004176 0.421265 0.119134
v 0.002214 0.419788 0.117913
v -0.000095 0.418311 0.117821
v -0.001975 0.417484 0.119679
v -0.002773 0.417484 0.122274
v -0.002261 0.418311 0.124867
f 6187 6188 6198
f 6187 6198 6197
f 6188 6189 6199
f 6188 6199 6198
f 6189 6190 6200
f 6189 6200 6199
f 6190 6191 6201
f 6190 6201 6200
f 6191 6192 6202
f 6191 6202 6201
f 6192 6193 6203
f 6192 6203 6202
f 6193 6194 6204
f 6193 6204 6203
f 6194 6195 6205
f 6194 6205 6204
f 6195 6196 6206
f 6195 6206 6205
f 6196 6187 6197
f 6196 6197 6206
v 0.000957 0.419788 0.122001
v 0.001682 0.419246 0.124308
v 0.002572 0.418803 0.126588
v 0.003837 0.418585 0.128808
v 0.005648 0.418696 0.130941
v 0.008082 0.419180 0.132974
v 0.011085 0.420006 0.134916
v 0.014470 0.421063 0.136796
v 0.017946 0.422173 0.138663
v 0.021161 0.423127 0.140570
v 0.023772 0.423718 0.142575
v 0.025505 0.423782 0.144720
v 0.026209 0.423227 0.147031
v 0.025883 0.422053 0.149506
v 0.024679 0.420352 0.152122
v 0.022871 0.418288 0.154834
v 0.020803 0.416068 0.157589
v 0.018825 0.413902 0.160329
v 0.017229 0.411965 0.163008
v 0.016203 0.410371 0.165595
v 0.015799 0.409150 0.168083
v 0.015941 0.408258 0.170483
v 0.016458 0.407591 0.172823
v 0.017141 0.407024 0.175137
v 0.016417 0.407566 0.172830
v 0.015526 0.408009 0.170550
v 0.014262 0.408227 0.168329
v 0.012450 0.408116 0.166197
v 0.010016 0.407632 0.164164
v 0.007014 0.406805 0.162222
v 0.003628 0.405749 0.160341
v 0.000152 0.404639 0.158475
v -0.003063 0.403685 0.156567
v -0.005674 0.403094 0.154563
v -0.007407 0.403030 0.152417
v -0.008110 0.403585 0.150107
v -0.007785 0.404759 0.147632
v -0.006581 0.406459 0.145016
v -0.004773 0.408524 0.142303
v -0.002705 0.410744 0.139549
v -0.000726 0.412910 0.136809
v 0.000869 0.414847 0.134130
v 0.001895 0.416441 0.131542
v 0.002299 0.417662 0.129055
v 0.002157 0.418554 0.126654
v 0.001640 0.419221 0.124314
f 6207 6208 6209
f 6207 6209 6208
f 6207 6209 6210
f 6207 6210 6209
f 6207 6210 6211
f 6207 6211 6210
f 6207 6211 6212
f 6207 6212 6211
f 6207 6212 6213
f 6207 6213 6212
f 6207 6213 6214
f 6207 6214 6213
f 6207 6214 6215
f 6207 6215 6214
f 6207 6215 6216
f 6207 6216 6215
f 6207 6216 6217
f 6207 6217 6216
f 6207 6217 6218
f 6207 6218 6217
f 6207 6218 6219
f 6207 6219 6218
f 6207 6219 6220
f 6207 6220 6219
f 6207 6220 6221
f 6207 6221 6220
f 6207 6221 6222
f 6207 6222 6221
f 6207 6222 6223
f 6207 6223 6222
f 6207 6223 6224
f 6207 6224 6223
f 6207 6224 6225
f 6207 6225 6224
f 6207 6225 6226
f 6207 6226 6225
f 6207 6226 6227
f 6207 6227 6226
f 6207 6227 6228
f 6207 6228 6227
f 6207 6228 6229
f 6207 6229 6228
f 6207 6229 6230
f 6207 6230 6229
f 6207 6230 6231
f 6207 6231 6230
f 6207 6231 6232
f 6207 6232 6231
f 6207 6232 6233
f 6207 6233 6232
f 6207 6233 6234
f 6207 6234 6233
f 6207 6234 6235
f 6207 6235 6234
f 6207 6235 6236
f 6207 6236 6235
f 6207 6236 6237
f 6207 6237 6236
f 6207 6237 6238
f 6207 6238 6237
f 6207 6238 6239
f 6207 6239 6238
f 6207 6239 6240
f 6207 6240 6239
f 6207 6240 6241
f 6207 6241 6240
f 6207 6241 6242
f 6207 6242 6241
f 6207 6242 6243
f 6207 6243 6242
f 6207 6243 6244
f 6207 6244 6243
f 6207 6244 6245
f 6207 6245 6244
f 6207 6245 6246
f 6207 6246 6245
f 6207 6246 6247
f 6207 6247 6246
f 6207 6247 6248
f 6207 6248 6247
f 6207 6248 6249
f 6207 6249 6248
f 6207 6249 6250
f 6207 6250 6249
f 6207 6250 6251
f 6207 6251 6250
f 6207 6251 6252
f 6207 6252 6251
v 0.000724 0.419788 0.126271
v 0.001206 0.422428 0.125705
v 0.001585 0.423906 0.123394
v 0.001733 0.423906 0.120684
v 0.001608 0.422428 0.118345
v 0.001190 0.419788 0.117731
v 0.000708 0.417149 0.118296
v 0.000329 0.415670 0.120607
v 0.000181 0.415670 0.123318
v 0.000306 0.417149 0.125656
v -0.029692 0.425003 0.123240
v -0.029365 0.426798 0.122856
v -0.029107 0.427803 0.121284
v -0.029006 0.427803 0.119441
v -0.029091 0.426798 0.117851
v -0.029376 0.425003 0.117433
v -0.029704 0.423208 0.117817
v -0.029961 0.422203 0.119389
v -0.030062 0.422203 0.121232
v -0.029977 0.423208 0.122823
f 6253 6254 6264
f 6253 6264 6263
f 6254 6255 6265
f 6254 6265 6264
f 6255 6256 6266
f 6255 6266 6265
f 6256 6257 6267
f 6256 6267 6266
f 6257 6258 6268
f 6257 6268 6267
f 6258 6259 6269
f 6258 6269 6268
f 6259 6260 6270
f 6259 6270 6269
f 6260 6261 6271
f 6260 6271 6270
f 6261 6262 6272
f 6261 6272 6271
f 6262 6253 6263
f 6262 6263 6272
v -0.029534 0.425003 0.120337
v -0.029040 0.425277 0.123069
v -0.028502 0.425796 0.125771
v -0.027872 0.426831 0.128412
v -0.027115 0.428587 0.130967
v -0.026217 0.431134 0.133428
v -0.025195 0.434382 0.135805
v -0.024093 0.438079 0.138128
v -0.022977 0.441853 0.140442
v -0.021925 0.445269 0.142798
v -0.021011 0.447908 0.145248
v -0.020293 0.449438 0.147830
v -0.019805 0.449678 0.150566
v -0.019546 0.448628 0.153456
v -0.019483 0.446470 0.156478
v -0.019559 0.443534 0.159594
v -0.019698 0.440241 0.162752
v -0.019823 0.437024 0.165901
v -0.019869 0.434256 0.168996
v -0.019790 0.432190 0.172008
v -0.019571 0.430914 0.174925
v -0.019224 0.430359 0.177756
v -0.018785 0.430320 0.180525
v -0.018302 0.430526 0.183266
v -0.018797 0.430252 0.180534
v -0.019335 0.429733 0.177831
v -0.019964 0.428698 0.175190
v -0.020722 0.426942 0.172635
v -0.021619 0.424395 0.170174
v -0.022642 0.421147 0.167798
v -0.023744 0.417450 0.165475
v -0.024859 0.413676 0.163161
v -0.025912 0.410260 0.160804
v -0.026826 0.407621 0.158355
v -0.027543 0.406091 0.155773
v -0.028031 0.405851 0.153037
v -0.028291 0.406901 0.150147
v -0.028353 0.409059 0.147124
v -0.028278 0.411995 0.144009
v -0.028139 0.415288 0.140850
v -0.028013 0.418506 0.137701
v -0.027968 0.421273 0.134606
v -0.028047 0.423340 0.131594
v -0.028266 0.424615 0.128677
v -0.028613 0.425170 0.125846
v -0.029052 0.425209 0.123077
f 6273 6274 6275
f 6273 6275 6274
f 6273 6275 6276
f 6273 6276 6275
f 6273 6276 6277
f 6273 6277 6276
f 6273 6277 6278
f 6273 6278 6277
f 6273 6278 6279
f 6273 6279 6278
f 6273 6279 6280
f 6273 6280 6279
f 6273 6280 6281
f 6273 6281 6280
f 6273 6281 6282
f 6273 6282 6281
f 6273 6282 6283
f 6273 6283 6282
f 6273 6283 6284
f 6273 6284 6283
f 6273 6284 6285
f 6273 6285 6284
f 6273 6285 6286
f 6273 6286 6285
f 6273 6286 6287
f 6273 6287 6286
f 6273 6287 6288
f 6273 6288 6287
f 6273 6288 6289
f 6273 6289 6288
f 6273 6289 6290
f 6273 6290 6289
f 6273 6290 6291
f 6273 6291 6290
f 6273 6291 6292
f 6273 6292 6291
f 6273 6292 6293
f 6273 6293 6292
f 6273 6293 6294
f 6273 6294 6293
f 6273 6294 6295
f 6273 6295 6294
f 6273 6295 6296
f 6273 6296 6295
f 6273 6296 6297
f 6273 6297 6296
f 6273 6297 6298
f 6273 6298 6297
f 6273 6298 6299
f 6273 6299 6298
f 6273 6299 6300
f 6273 6300 6299
f 6273 6300 6301
f 6273 6301 6300
f 6273 6301 6302
f 6273 6302 6301
f 6273 6302 6303
f 6273 6303 6302
f 6273 6303 6304
f 6273 6304 6303
f 6273 6304 6305
f 6273 6305 6304
f 6273 6305 6306
f 6273 6306 6305
f 6273 6306 6307
f 6273 6307 6306
f 6273 6307 6308
f 6273 6308 6307
f 6273 6308 6309
f 6273 6309 6308
f 6273 6309 6310
f 6273 6310 6309
f 6273 6310 6311
f 6273 6311 6310
f 6273 6311 6312
f 6273 6312 6311
f 6273 6312 6313
f 6273 6313 6312
f 6273 6313 6314
f 6273 6314 6313
f 6273 6314 6315
f 6273 6315 6314
f 6273 6315 6316
f 6273 6316 6315
f 6273 6316 6317
f 6273 6317 6316
f 6273 6317 6318
f 6273 6318 6317
v -0.029534 0.425003 0.120337
v -0.028645 0.424491 0.117781
v -0.027854 0.423419 0.115265
v -0.027184 0.421655 0.112797
v -0.026634 0.419207 0.110376
v -0.026182 0.416192 0.107995
v -0.025795 0.412809 0.105640
v -0.025428 0.409316 0.103292
v -0.025030 0.405996 0.100933
v -0.024553 0.403128 0.098542
v -0.023954 0.400953 0.096102
v -0.023204 0.399649 0.093602
v -0.022285 0.399309 0.091034
v -0.021197 0.399934 0.088400
v -0.019958 0.401429 0.085704
v -0.018597 0.403618 0.082960
v -0.017156 0.406258 0.080185
v -0.015686 0.409073 0.077398
v -0.014235 0.411776 0.074618
v -0.012848 0.414112 0.071864
v -0.011561 0.415880 0.069150
v -0.010393 0.416965 0.066483
v -0.009346 0.417358 0.063864
v -0.008397 0.417190 0.061285
v -0.009286 0.417702 0.063840
v -0.010077 0.418773 0.066357
v -0.010747 0.420538 0.068825
v -0.011297 0.422985 0.071245
v -0.011748 0.426001 0.073626
v -0.012135 0.429384 0.075981
v -0.012503 0.432877 0.078329
v -0.012901 0.436197 0.080689
v -0.013378 0.439065 0.083080
v -0.013976 0.441240 0.085519
v -0.014727 0.442544 0.088020
v -0.015646 0.442884 0.090587
v -0.016733 0.442259 0.093222
v -0.017973 0.440763 0.095917
v -0.019334 0.438575 0.098661
v -0.020774 0.435934 0.101436
v -0.022245 0.433120 0.104224
v -0.023696 0.430416 0.107003
v -0.025082 0.428081 0.109757
v -0.026370 0.426312 0.112472
v -0.027538 0.425227 0.115139
v -0.028585 0.424835 0.117757
f 6319 6320 6321
f 6319 6321 6320
f 6319 6321 6322
f 6319 6322 6321
f 6319 6322 6323
f 6319 6323 6322
f 6319 6323 6324
f 6319 6324 6323
f 6319 6324 6325
f 6319 6325 6324
f 6319 6325 6326
f 6319 6326 6325
f 6319 6326 6327
f 6319 6327 6326
f 6319 6327 6328
f 6319 6328 6327
f 6319 6328 6329
f 6319 6329 6328
f 6319 6329 6330
f 6319 6330 6329
f 6319 6330 6331
f 6319 6331 6330
f 6319 6331 6332
f 6319 6332 6331
f 6319 6332 6333
f 6319 6333 6332
f 6319 6333 6334
f 6319 6334 6333
f 6319 6334 6335
f 6319 6335 6334
f 6319 6335 6336
f 6319 6336 6335
f 6319 6336 6337
f 6319 6337 6336
f 6319 6337 6338
f 6319 6338 6337
f 6319 6338 6339
f 6319 6339 6338
f 6319 6339 6340
f 6319 6340 6339
f 6319 6340 6341
f 6319 6341 6340
f 6319 6341 6342
f 6319 6342 6341
f 6319 6342 6343
f 6319 6343 6342
f 6319 6343 6344
f 6319 6344 6343
f 6319 6344 6345
f 6319 6345 6344
f 6319 6345 6346
f 6319 6346 6345
f 6319 6346 6347
f 6319 6347 6346
f 6319 6347 6348
f 6319 6348 6347
f 6319 6348 6349
f 6319 6349 6348
f 6319 6349 6350
f 6319 6350 6349
f 6319 6350 6351
f 6319 6351 6350
f 6319 6351 6352
f 6319 6352 6351
f 6319 6352 6353
f 6319 6353 6352
f 6319 6353 6354
f 6319 6354 6353
f 6319 6354 6355
f 6319 6355 6354
f 6319 6355 6356
f 6319 6356 6355
f 6319 6356 6357
f 6319 6357 6356
f 6319 6357 6358
f 6319 6358 6357
f 6319 6358 6359
f 6319 6359 6358
f 6319 6359 6360
f 6319 6360 6359
f 6319 6360 6361
f 6319 6361 6360
f 6319 6361 6362
f 6319 6362 6361
f 6319 6362 6363
f 6319 6363 6362
f 6319 6363 6364
f 6319 6364 6363
v 0.005032 0.419788 0.123298
v 0.005132 0.421339 0.121039
v 0.003284 0.422207 0.119167
v 0.000697 0.422207 0.118343
v -0.001893 0.421339 0.118802
v -0.003118 0.419788 0.120703
v -0.003217 0.418238 0.122963
v -0.001370 0.417369 0.124834
v 0.001217 0.417369 0.125658
v 0.003807 0.418238 0.125199
v -0.000959 0.441541 0.137604
v -0.000892 0.442595 0.136067
v -0.002148 0.443186 0.134795
v -0.003907 0.443186 0.134234
v -0.005668 0.442595 0.134546
v -0.006501 0.441541 0.135839
v -0.006569 0.440487 0.137376
v -0.005312 0.439896 0.138648
v -0.003553 0.439896 0.139208
v -0.001793 0.440487 0.138896
f 6365 6366 6376
f 6365 6376 6375
f 6366 6367 6377
f 6366 6377 6376
f 6367 6368 6378
f 6367 6378 6377
f 6368 6369 6379
f 6368 6379 6378
f 6369 6370 6380
f 6369 6380 6379
f 6370 6371 6381
f 6370 6381 6380
f 6371 6372 6382
f 6371 6382 6381
f 6372 6373 6383
f 6372 6383 6382
f 6373 6374 6384
f 6373 6384 6383
f 6374 6365 6375
f 6374 6375 6384
v -0.003730 0.441541 0.136721
v -0.000997 0.441311 0.136825
v 0.001763 0.441238 0.136705
v 0.004574 0.441478 0.136139
v 0.007454 0.442136 0.134977
v 0.010408 0.443240 0.133178
v 0.013425 0.444729 0.130833
v 0.016481 0.446453 0.128152
v 0.019541 0.448202 0.125435
v 0.022565 0.449736 0.123025
v 0.025516 0.450825 0.121248
v 0.028365 0.451292 0.120359
v 0.031095 0.451038 0.120496
v 0.033706 0.450064 0.121661
v 0.036214 0.448466 0.123713
v 0.038649 0.446425 0.126398
v 0.041049 0.444168 0.129390
v 0.043453 0.441937 0.132347
v 0.045895 0.439941 0.134968
v 0.048401 0.438328 0.137041
v 0.050981 0.437162 0.138479
v 0.053629 0.436415 0.139320
v 0.056329 0.435980 0.139715
v 0.059055 0.435703 0.139887
v 0.056321 0.435933 0.139783
v 0.053562 0.436005 0.139903
v 0.050750 0.435766 0.140469
v 0.047870 0.435108 0.141631
v 0.044917 0.434003 0.143430
v 0.041900 0.432515 0.145775
v 0.038844 0.430791 0.148456
v 0.035784 0.429042 0.151173
v 0.032759 0.427508 0.153583
v 0.029808 0.426418 0.155360
v 0.026960 0.425952 0.156249
v 0.024230 0.426205 0.156112
v 0.021619 0.427180 0.154947
v 0.019110 0.428777 0.152895
v 0.016675 0.430819 0.150210
v 0.014276 0.433075 0.147218
v 0.011872 0.435307 0.144261
v 0.009429 0.437303 0.141641
v 0.006923 0.438915 0.139567
v 0.004344 0.440081 0.138129
v 0.001696 0.440828 0.137289
v -0.001004 0.441263 0.136893
f 6385 6386 6387
f 6385 6387 6386
f 6385 6387 6388
f 6385 6388 6387
f 6385 6388 6389
f 6385 6389 6388
f 6385 6389 6390
f 6385 6390 6389
f 6385 6390 6391
f 6385 6391 6390
f 6385 6391 6392
f 6385 6392 6391
f 6385 6392 6393
f 6385 6393 6392
f 6385 6393 6394
f 6385 6394 6393
f 6385 6394 6395
f 6385 6395 6394
f 6385 6395 6396
f 6385 6396 6395
f 6385 6396 6397
f 6385 6397 6396
f 6385 6397 6398
f 6385 6398 6397
f 6385 6398 6399
f 6385 6399 6398
f 6385 6399 6400
f 6385 6400 6399
f 6385 6400 6401
f 6385 6401 6400
f 6385 6401 6402
f 6385 6402 6401
f 6385 6402 6403
f 6385 6403 6402
f 6385 6403 6404
f 6385 6404 6403
f 6385 6404 6405
f 6385 6405 6404
f 6385 6405 6406
f 6385 6406 6405
f 6385 6406 6407
f 6385 6407 6406
f 6385 6407 6408
f 6385 6408 6407
f 6385 6408 6409
f 6385 6409 6408
f 6385 6409 6410
f 6385 6410 6409
f 6385 6410 6411
f 6385 6411 6410
f 6385 6411 6412
f 6385 6412 6411
f 6385 6412 6413
f 6385 6413 6412
f 6385 6413 6414
f 6385 6414 6413
f 6385 6414 6415
f 6385 6415 6414
f 6385 6415 6416
f 6385 6416 6415
f 6385 6416 6417
f 6385 6417 6416
f 6385 6417 6418
f 6385 6418 6417
f 6385 6418 6419
f 6385 6419 6418
f 6385 6419 6420
f 6385 6420 6419
f 6385 6420 6421
f 6385 6421 6420
f 6385 6421 6422
f 6385 6422 6421
f 6385 6422 6423
f 6385 6423 6422
f 6385 6423 6424
f 6385 6424 6423
f 6385 6424 6425
f 6385 6425 6424
f 6385 6425 6426
f 6385 6426 6425
f 6385 6426 6427
f 6385 6427 6426
f 6385 6427 6428
f 6385 6428 6427
f 6385 6428 6429
f 6385 6429 6428
f 6385 6429 6430
f 6385 6430 6429
v -0.003315 0.419788 0.121803
v -0.002821 0.421461 0.123919
v -0.000550 0.422398 0.125196
v 0.002162 0.422398 0.125322
v 0.004542 0.421461 0.124260
v 0.005229 0.419788 0.122199
v 0.004736 0.418115 0.120082
v 0.002464 0.417179 0.118805
v -0.000248 0.417179 0.118679
v -0.002628 0.418115 0.119741
v -0.001168 0.440854 0.105030
v -0.000832 0.441991 0.106469
v 0.000712 0.442628 0.107338
v 0.002556 0.442628 0.107423
v 0.004175 0.441991 0.106701
v 0.004642 0.440854 0.105299
v 0.004307 0.439716 0.103860
v 0.002762 0.439079 0.102992
v 0.000918 0.439079 0.102906
v -0.000701 0.439716 0.103628
f 6431 6432 6442
f 6431 6442 6441
f 6432 6433 6443
f 6432 6443 6442
f 6433 6434 6444
f 6433 6444 6443
f 6434 6435 6445
f 6434 6445 6444
f 6435 6436 6446
f 6435 6446 6445
f 6436 6437 6447
f 6436 6447 6446
f 6437 6438 6448
f 6437 6448 6447
f 6438 6439 6449
f 6438 6449 6448
f 6439 6440 6450
f 6439 6450 6449
f 6440 6431 6441
f 6440 6441 6450
v 0.001737 0.440854 0.105165
v -0.000358 0.439905 0.104742
v -0.002534 0.439067 0.104455
v -0.004886 0.438476 0.104467
v -0.007493 0.438237 0.104909
v -0.010385 0.438395 0.105834
v -0.013535 0.438911 0.107196
v -0.016855 0.439665 0.108847
v -0.020212 0.440469 0.110559
v -0.023446 0.441103 0.112063
v -0.026402 0.441349 0.113097
v -0.028956 0.441038 0.113450
v -0.031041 0.440074 0.113010
v -0.032657 0.438459 0.111774
v -0.033871 0.436285 0.109860
v -0.034806 0.433724 0.107474
v -0.035619 0.430993 0.104881
v -0.036468 0.428312 0.102349
v -0.037488 0.425868 0.100105
v -0.038766 0.423783 0.098299
v -0.040329 0.422095 0.096975
v -0.042146 0.420759 0.096082
v -0.044141 0.419670 0.095487
v -0.046215 0.418692 0.095029
v -0.044120 0.419641 0.095452
v -0.041944 0.420478 0.095739
v -0.039592 0.421070 0.095727
v -0.036985 0.421308 0.095285
v -0.034093 0.421150 0.094359
v -0.030943 0.420634 0.092998
v -0.027623 0.419880 0.091347
v -0.024266 0.419076 0.089635
v -0.021032 0.418443 0.088130
v -0.018076 0.418196 0.087097
v -0.015522 0.418507 0.086743
v -0.013437 0.419471 0.087184
v -0.011821 0.421087 0.088419
v -0.010607 0.423260 0.090334
v -0.009671 0.425821 0.092719
v -0.008859 0.428552 0.095313
v -0.008010 0.431233 0.097845
v -0.006990 0.433677 0.100088
v -0.005712 0.435762 0.101895
v -0.004149 0.437450 0.103218
v -0.002331 0.438786 0.104112
v -0.000337 0.439876 0.104706
f 6451 6452 6453
f 6451 6453 6452
f 6451 6453 6454
f 6451 6454 6453
f 6451 6454 6455
f 6451 6455 6454
f 6451 6455 6456
f 6451 6456 6455
f 6451 6456 6457
f 6451 6457 6456
f 6451 6457 6458
f 6451 6458 6457
f 6451 6458 6459
f 6451 6459 6458
f 6451 6459 6460
f 6451 6460 6459
f 6451 6460 6461
f 6451 6461 6460
f 6451 6461 6462
f 6451 6462 6461
f 6451 6462 6463
f 6451 6463 6462
f 6451 6463 6464
f 6451 6464 6463
f 6451 6464 6465
f 6451 6465 6464
f 6451 6465 6466
f 6451 6466 6465
f 6451 6466 6467
f 6451 6467 6466
f 6451 6467 6468
f 6451 6468 6467
f 6451 6468 6469
f 6451 6469 6468
f 6451 6469 6470
f 6451 6470 6469
f 6451 6470 6471
f 6451 6471 6470
f 6451 6471 6472
f 6451 6472 6471
f 6451 6472 6473
f 6451 6473 6472
f 6451 6473 6474
f 6451 6474 6473
f 6451 6474 6475
f 6451 6475 6474
f 6451 6475 6476
f 6451 6476 6475
f 6451 6476 6477
f 6451 6477 6476
f 6451 6477 6478
f 6451 6478 6477
f 6451 6478 6479
f 6451 6479 6478
f 6451 6479 6480
f 6451 6480 6479
f 6451 6480 6481
f 6451 6481 6480
f 6451 6481 6482
f 6451 6482 6481
f 6451 6482 6483
f 6451 6483 6482
f 6451 6483 6484
f 6451 6484 6483
f 6451 6484 6485
f 6451 6485 6484
f 6451 6485 6486
f 6451 6486 6485
f 6451 6486 6487
f 6451 6487 6486
f 6451 6487 6488
f 6451 6488 6487
f 6451 6488 6489
f 6451 6489 6488
f 6451 6489 6490
f 6451 6490 6489
f 6451 6490 6491
f 6451 6491 6490
f 6451 6491 6492
f 6451 6492 6491
f 6451 6492 6493
f 6451 6493 6492
f 6451 6493 6494
f 6451 6494 6493
f 6451 6494 6495
f 6451 6495 6494
f 6451 6495 6496
f 6451 6496 6495
v -0.013202 0.220000 -0.003267
v -0.012703 0.226490 0.002537
v -0.006257 0.230124 0.007314
v 0.002124 0.230124 0.009388
v 0.010054 0.226490 0.008169
v 0.013202 0.220000 0.003267
v 0.012703 0.213510 -0.002537
v 0.006257 0.209876 -0.007314
v -0.002124 0.209876 -0.009388
v -0.010054 0.213510 -0.008169
v 0.012823 0.297106 -0.090309
v 0.013162 0.301519 -0.086363
v 0.017546 0.303991 -0.083114
v 0.023245 0.303991 -0.081704
v 0.028637 0.301519 -0.082533
v 0.030778 0.297106 -0.085866
v 0.030439 0.292693 -0.089813
v 0.026055 0.290221 -0.093061
v 0.020356 0.290221 -0.094471
v 0.014964 0.292693 -0.093643
f 6497 6498 6508
f 6497 6508 6507
f 6498 6499 6509
f 6498 6509 6508
f 6499 6500 6510
f 6499 6510 6509
f 6500 6501 6511
f 6500 6511 6510
f 6501 6502 6512
f 6501 6512 6511
f 6502 6503 6513
f 6502 6513 6512
f 6503 6504 6514
f 6503 6514 6513
f 6504 6505 6515
f 6504 6515 6514
f 6505 6506 6516
f 6505 6516 6515
f 6506 6497 6507
f 6506 6507 6516
v 0.013311 0.297106 -0.091756
v 0.013952 0.302740 -0.090019
v 0.018277 0.305895 -0.087333
v 0.023666 0.305895 -0.085004
v 0.028586 0.302740 -0.083695
v 0.030290 0.297106 -0.084419
v 0.029649 0.291472 -0.086156
v 0.025325 0.288317 -0.088843
v 0.019935 0.288317 -0.091171
v 0.015015 0.291472 -0.092480
v 0.042274 0.312846 -0.151317
v 0.042710 0.316677 -0.150136
v 0.045651 0.318823 -0.148309
v 0.049315 0.318823 -0.146726
v 0.052661 0.316677 -0.145836
v 0.053820 0.312846 -0.146328
v 0.053384 0.309015 -0.147509
v 0.050443 0.306870 -0.149336
v 0.046779 0.306870 -0.150920
v 0.043433 0.309015 -0.151809
f 6517 6518 6528
f 6517 6528 6527
f 6518 6519 6529
f 6518 6529 6528
f 6519 6520 6530
f 6519 6530 6529
f 6520 6521 6531
f 6520 6531 6530
f 6521 6522 6532
f 6521 6532 6531
f 6522 6523 6533
f 6522 6533 6532
f 6523 6524 6534
f 6523 6534 6533
f 6524 6525 6535
f 6524 6535 6534
f 6525 6526 6536
f 6525 6536 6535
f 6526 6517 6527
f 6526 6527 6536
v 0.042224 0.312846 -0.151198
v 0.043985 0.315862 -0.153214
v 0.047691 0.317552 -0.153234
v 0.051387 0.317552 -0.151726
v 0.054022 0.315862 -0.149120
v 0.053870 0.312846 -0.146448
v 0.052110 0.309830 -0.144431
v 0.048404 0.308141 -0.144412
v 0.044707 0.308141 -0.145919
v 0.042072 0.309830 -0.148525
v 0.056455 0.285360 -0.180758
v 0.057652 0.287411 -0.182129
v 0.060172 0.288560 -0.182142
v 0.062685 0.288560 -0.181117
v 0.064477 0.287411 -0.179345
v 0.064374 0.285360 -0.177528
v 0.063177 0.283309 -0.176157
v 0.060657 0.282161 -0.176143
v 0.058143 0.282161 -0.177169
v 0.056351 0.283309 -0.178941
f 6537 6538 6548
f 6537 6548 6547
f 6538 6539 6549
f 6538 6549 6548
f 6539 6540 6550
f 6539 6550 6549
f 6540 6541 6551
f 6540 6551 6550
f 6541 6542 6552
f 6541 6552 6551
f 6542 6543 6553
f 6542 6553 6552
f 6543 6544 6554
f 6543 6554 6553
f 6544 6545 6555
f 6544 6555 6554
f 6545 6546 6556
f 6545 6556 6555
f 6546 6537 6547
f 6546 6547 6556
v 0.060414 0.285360 -0.179143
v 0.057991 0.286054 -0.179699
v 0.055708 0.287102 -0.180520
v 0.053616 0.288640 -0.181706
v 0.051726 0.290694 -0.183278
v 0.050015 0.293203 -0.185189
v 0.048428 0.296030 -0.187338
v 0.046891 0.298983 -0.189581
v 0.045316 0.301839 -0.191752
v 0.043614 0.304374 -0.193682
v 0.041709 0.306388 -0.195225
v 0.039543 0.307735 -0.196269
v 0.037083 0.308336 -0.196755
v 0.034332 0.308190 -0.196684
v 0.031318 0.307376 -0.196115
v 0.028101 0.306043 -0.195158
v 0.024758 0.304388 -0.193960
v 0.021377 0.302636 -0.192690
v 0.018045 0.301010 -0.191514
v 0.014838 0.299702 -0.190576
v 0.011809 0.298849 -0.189977
v 0.008982 0.298513 -0.189764
v 0.006347 0.298665 -0.189916
v 0.003852 0.299173 -0.190333
v 0.006275 0.298479 -0.189777
v 0.008558 0.297431 -0.188956
v 0.010650 0.295893 -0.187770
v 0.012540 0.293839 -0.186198
v 0.014251 0.291330 -0.184287
v 0.015838 0.288503 -0.182138
v 0.017375 0.285550 -0.179895
v 0.018950 0.282694 -0.177724
v 0.020652 0.280160 -0.175794
v 0.022557 0.278145 -0.174251
v 0.024723 0.276798 -0.173207
v 0.027183 0.276197 -0.172721
v 0.029934 0.276343 -0.172792
v 0.032948 0.277157 -0.173361
v 0.036165 0.278490 -0.174318
v 0.039508 0.280145 -0.175516
v 0.042889 0.281897 -0.176786
v 0.046221 0.283523 -0.177962
v 0.049428 0.284831 -0.178900
v 0.052457 0.285684 -0.179499
v 0.055284 0.286021 -0.179712
v 0.057919 0.285868 -0.179560
f 6557 6558 6559
f 6557 6559 6558
f 6557 6559 6560
f 6557 6560 6559
f 6557 6560 6561
f 6557 6561 6560
f 6557 6561 6562
f 6557 6562 6561
f 6557 6562 6563
f 6557 6563 6562
f 6557 6563 6564
f 6557 6564 6563
f 6557 6564 6565
f 6557 6565 6564
f 6557 6565 6566
f 6557 6566 6565
f 6557 6566 6567
f 6557 6567 6566
f 6557 6567 6568
f 6557 6568 6567
f 6557 6568 6569
f 6557 6569 6568
f 6557 6569 6570
f 6557 6570 6569
f 6557 6570 6571
f 6557 6571 6570
f 6557 6571 6572
f 6557 6572 6571
f 6557 6572 6573
f 6557 6573 6572
f 6557 6573 6574
f 6557 6574 6573
f 6557 6574 6575
f 6557 6575 6574
f 6557 6575 6576
f 6557 6576 6575
f 6557 6576 6577
f 6557 6577 6576
f 6557 6577 6578
f 6557 6578 6577
f 6557 6578 6579
f 6557 6579 6578
f 6557 6579 6580
f 6557 6580 6579
f 6557 6580 6581
f 6557 6581 6580
f 6557 6581 6582
f 6557 6582 6581
f 6557 6582 6583
f 6557 6583 6582
f 6557 6583 6584
f 6557 6584 6583
f 6557 6584 6585
f 6557 6585 6584
f 6557 6585 6586
f 6557 6586 6585
f 6557 6586 6587
f 6557 6587 6586
f 6557 6587 6588
f 6557 6588 6587
f 6557 6588 6589
f 6557 6589 6588
f 6557 6589 6590
f 6557 6590 6589
f 6557 6590 6591
f 6557 6591 6590
f 6557 6591 6592
f 6557 6592 6591
f 6557 6592 6593
f 6557 6593 6592
f 6557 6593 6594
f 6557 6594 6593
f 6557 6594 6595
f 6557 6595 6594
f 6557 6595 6596
f 6557 6596 6595
f 6557 6596 6597
f 6557 6597 6596
f 6557 6597 6598
f 6557 6598 6597
f 6557 6598 6599
f 6557 6599 6598
f 6557 6599 6600
f 6557 6600 6599
f 6557 6600 6601
f 6557 6601 6600
f 6557 6601 6602
f 6557 6602 6601
v 0.060414 0.285360 -0.179143
v 0.062564 0.286213 -0.177302
v 0.064622 0.286599 -0.175076
v 0.066566 0.286410 -0.172374
v 0.068398 0.285651 -0.169202
v 0.070137 0.284419 -0.165638
v 0.071815 0.282880 -0.161822
v 0.073475 0.281248 -0.157928
v 0.075164 0.279760 -0.154154
v 0.076926 0.278649 -0.150690
v 0.078803 0.278115 -0.147704
v 0.080822 0.278306 -0.145316
v 0.083000 0.279300 -0.143593
v 0.085336 0.281099 -0.142533
v 0.087814 0.283623 -0.142073
v 0.090407 0.286724 -0.142090
v 0.093074 0.290201 -0.142417
v 0.095769 0.293822 -0.142864
v 0.098446 0.297351 -0.143233
v 0.101062 0.300572 -0.143350
v 0.103585 0.303321 -0.143075
v 0.105996 0.305500 -0.142330
v 0.108294 0.307103 -0.141109
v 0.110499 0.308240 -0.139503
v 0.108350 0.307388 -0.141344
v 0.106292 0.307001 -0.143570
v 0.104348 0.307191 -0.146272
v 0.102516 0.307950 -0.149445
v 0.100777 0.309182 -0.153008
v 0.099099 0.310721 -0.156825
v 0.097438 0.312353 -0.160718
v 0.095750 0.313840 -0.164492
v 0.093987 0.314952 -0.167956
v 0.092111 0.315486 -0.170942
v 0.090092 0.315295 -0.173330
v 0.087914 0.314300 -0.175053
v 0.085578 0.312502 -0.176113
v 0.083099 0.309978 -0.176573
v 0.080507 0.306877 -0.176556
v 0.077840 0.303400 -0.176229
v 0.075145 0.299779 -0.175783
v 0.072468 0.296250 -0.175413
v 0.069852 0.293028 -0.175296
v 0.067328 0.290280 -0.175571
v 0.064917 0.288101 -0.176316
v 0.062620 0.286498 -0.177537
f 6603 6604 6605
f 6603 6605 6604
f 6603 6605 6606
f 6603 6606 6605
f 6603 6606 6607
f 6603 6607 6606
f 6603 6607 6608
f 6603 6608 6607
f 6603 6608 6609
f 6603 6609 6608
f 6603 6609 6610
f 6603 6610 6609
f 6603 6610 6611
f 6603 6611 6610
f 6603 6611 6612
f 6603 6612 6611
f 6603 6612 6613
f 6603 6613 6612
f 6603 6613 6614
f 6603 6614 6613
f 6603 6614 6615
f 6603 6615 6614
f 6603 6615 6616
f 6603 6616 6615
f 6603 6616 6617
f 6603 6617 6616
f 6603 6617 6618
f 6603 6618 6617
f 6603 6618 6619
f 6603 6619 6618
f 6603 6619 6620
f 6603 6620 6619
f 6603 6620 6621
f 6603 6621 6620
f 6603 6621 6622
f 6603 6622 6621
f 6603 6622 6623
f 6603 6623 6622
f 6603 6623 6624
f 6603 6624 6623
f 6603 6624 6625
f 6603 6625 6624
f 6603 6625 6626
f 6603 6626 6625
f 6603 6626 6627
f 6603 6627 6626
f 6603 6627 6628
f 6603 6628 6627
f 6603 6628 6629
f 6603 6629 6628
f 6603 6629 6630
f 6603 6630 6629
f 6603 6630 6631
f 6603 6631 6630
f 6603 6631 6632
f 6603 6632 6631
f 6603 6632 6633
f 6603 6633 6632
f 6603 6633 6634
f 6603 6634 6633
f 6603 6634 6635
f 6603 6635 6634
f 6603 6635 6636
f 6603 6636 6635
f 6603 6636 6637
f 6603 6637 6636
f 6603 6637 6638
f 6603 6638 6637
f 6603 6638 6639
f 6603 6639 6638
f 6603 6639 6640
f 6603 6640 6639
f 6603 6640 6641
f 6603 6641 6640
f 6603 6641 6642
f 6603 6642 6641
f 6603 6642 6643
f 6603 6643 6642
f 6603 6643 6644
f 6603 6644 6643
f 6603 6644 6645
f 6603 6645 6644
f 6603 6645 6646
f 6603 6646 6645
f 6603 6646 6647
f 6603 6647 6646
f 6603 6647 6648
f 6603 6648 6647
v 0.060414 0.285435 -0.183418
v 0.063092 0.285407 -0.182828
v 0.064592 0.285356 -0.180500
v 0.064592 0.285309 -0.177786
v 0.063092 0.285278 -0.175458
v 0.060414 0.285285 -0.174867
v 0.057737 0.285314 -0.175457
v 0.056237 0.285365 -0.177785
v 0.056237 0.285412 -0.180499
v 0.057737 0.285443 -0.182828
v 0.060244 0.259971 -0.182496
v 0.062065 0.259952 -0.182095
v 0.063084 0.259917 -0.180512
v 0.063084 0.259885 -0.178666
v 0.062065 0.259864 -0.177083
v 0.060244 0.259869 -0.176681
v 0.058423 0.259888 -0.177083
v 0.057403 0.259923 -0.178666
v 0.057403 0.259955 -0.180511
v 0.058423 0.259976 -0.182095
f 6649 6650 6660
f 6649 6660 6659
f 6650 6651 6661
f 6650 6661 6660
f 6651 6652 6662
f 6651 6662 6661
f 6652 6653 6663
f 6652 6663 6662
f 6653 6654 6664
f 6653 6664 6663
f 6654 6655 6665
f 6654 6665 6664
f 6655 6656 6666
f 6655 6666 6665
f 6656 6657 6667
f 6656 6667 6666
f 6657 6658 6668
f 6657 6668 6667
f 6658 6649 6659
f 6658 6659 6668
v 0.060244 0.259920 -0.179589
v 0.060915 0.260661 -0.181714
v 0.061996 0.261396 -0.183733
v 0.063640 0.262126 -0.185606
v 0.065879 0.262849 -0.187326
v 0.068642 0.263565 -0.188910
v 0.071773 0.264278 -0.190399
v 0.075048 0.264989 -0.191850
v 0.078213 0.265702 -0.193331
v 0.081007 0.266418 -0.194907
v 0.083201 0.267141 -0.196638
v 0.084627 0.267873 -0.198568
v 0.085191 0.268615 -0.200720
v 0.084896 0.269366 -0.203095
v 0.083831 0.270126 -0.205669
v 0.082166 0.270893 -0.208397
v 0.080132 0.271663 -0.211222
v 0.077986 0.272435 -0.214075
v 0.075985 0.273206 -0.216891
v 0.074351 0.273972 -0.219612
v 0.073241 0.274733 -0.222197
v 0.072727 0.275486 -0.224628
v 0.072776 0.276234 -0.226914
v 0.073234 0.276976 -0.229094
v 0.072563 0.276236 -0.226969
v 0.071482 0.275500 -0.224950
v 0.069838 0.274771 -0.223077
v 0.067599 0.274048 -0.221357
v 0.064835 0.273331 -0.219773
v 0.061705 0.272618 -0.218284
v 0.058429 0.271907 -0.216833
v 0.055265 0.271195 -0.215352
v 0.052471 0.270478 -0.213776
v 0.050276 0.269755 -0.212045
v 0.048851 0.269023 -0.210115
v 0.048286 0.268282 -0.207963
v 0.048582 0.267531 -0.205588
v 0.049647 0.266771 -0.203014
v 0.051312 0.266004 -0.200285
v 0.053346 0.265233 -0.197461
v 0.055492 0.264461 -0.194608
v 0.057493 0.263691 -0.191792
v 0.059127 0.262924 -0.189071
v 0.060236 0.262164 -0.186486
v 0.060751 0.261410 -0.184055
v 0.060702 0.260663 -0.181769
f 6669 6670 6671
f 6669 6671 6670
f 6669 6671 6672
f 6669 6672 6671
f 6669 6672 6673
f 6669 6673 6672
f 6669 6673 6674
f 6669 6674 6673
f 6669 6674 6675
f 6669 6675 6674
f 6669 6675 6676
f 6669 6676 6675
f 6669 6676 6677
f 6669 6677 6676
f 6669 6677 6678
f 6669 6678 6677
f 6669 6678 6679
f 6669 6679 6678
f 6669 6679 6680
f 6669 6680 6679
f 6669 6680 6681
f 6669 6681 6680
f 6669 6681 6682
f 6669 6682 6681
f 6669 6682 6683
f 6669 6683 6682
f 6669 6683 6684
f 6669 6684 6683
f 6669 6684 6685
f 6669 6685 6684
f 6669 6685 6686
f 6669 6686 6685
f 6669 6686 6687
f 6669 6687 6686
f 6669 6687 6688
f 6669 6688 6687
f 6669 6688 6689
f 6669 6689 6688
f 6669 6689 6690
f 6669 6690 6689
f 6669 6690 6691
f 6669 6691 6690
f 6669 6691 6692
f 6669 6692 6691
f 6669 6692 6693
f 6669 6693 6692
f 6669 6693 6694
f 6669 6694 6693
f 6669 6694 6695
f 6669 6695 6694
f 6669 6695 6696
f 6669 6696 6695
f 6669 6696 6697
f 6669 6697 6696
f 6669 6697 6698
f 6669 6698 6697
f 6669 6698 6699
f 6669 6699 6698
f 6669 6699 6700
f 6669 6700 6699
f 6669 6700 6701
f 6669 6701 6700
f 6669 6701 6702
f 6669 6702 6701
f 6669 6702 6703
f 6669 6703 6702
f 6669 6703 6704
f 6669 6704 6703
f 6669 6704 6705
f 6669 6705 6704
f 6669 6705 6706
f 6669 6706 6705
f 6669 6706 6707
f 6669 6707 6706
f 6669 6707 6708
f 6669 6708 6707
f 6669 6708 6709
f 6669 6709 6708
f 6669 6709 6710
f 6669 6710 6709
f 6669 6710 6711
f 6669 6711 6710
f 6669 6711 6712
f 6669 6712 6711
f 6669 6712 6713
f 6669 6713 6712
f 6669 6713 6714
f 6669 6714 6713
v 0.056616 0.285360 -0.177178
v 0.057005 0.288022 -0.177711
v 0.058998 0.289513 -0.178927
v 0.061409 0.289513 -0.180174
v 0.063553 0.288022 -0.181097
v 0.064213 0.285360 -0.181107
v 0.063823 0.282699 -0.180575
v 0.061831 0.281208 -0.179359
v 0.059419 0.281208 -0.178112
v 0.057276 0.282699 -0.177188
v 0.046887 0.282727 -0.198970
v 0.047152 0.284537 -0.199333
v 0.048506 0.285551 -0.200159
v 0.050146 0.285551 -0.201007
v 0.051604 0.284537 -0.201635
v 0.052053 0.282727 -0.201642
v 0.051788 0.280918 -0.201280
v 0.050433 0.279904 -0.200453
v 0.048793 0.279904 -0.199605
v 0.047335 0.280918 -0.198977
f 6715 6716 6726
f 6715 6726 6725
f 6716 6717 6727
f 6716 6727 6726
f 6717 6718 6728
f 6717 6728 6727
f 6718 6719 6729
f 6718 6729 6728
f 6719 6720 6730
f 6719 6730 6729
f 6720 6721 6731
f 6720 6731 6730
f 6721 6722 6732
f 6721 6732 6731
f 6722 6723 6733
f 6722 6733 6732
f 6723 6724 6734
f 6723 6734 6733
f 6724 6715 6725
f 6724 6725 6734
v 0.049470 0.282727 -0.200306
v 0.048105 0.283151 -0.198765
v 0.046764 0.283915 -0.197277
v 0.045457 0.285178 -0.195870
v 0.044188 0.286992 -0.194551
v 0.042953 0.289307 -0.193311
v 0.041744 0.291987 -0.192130
v 0.040545 0.294828 -0.190975
v 0.039341 0.297588 -0.189807
v 0.038114 0.300018 -0.188586
v 0.036849 0.301894 -0.187277
v 0.035535 0.303048 -0.185852
v 0.034165 0.303390 -0.184297
v 0.032739 0.302921 -0.182613
v 0.031264 0.301730 -0.180813
v 0.029751 0.299986 -0.178925
v 0.028215 0.297910 -0.176984
v 0.026674 0.295754 -0.175030
v 0.025143 0.293759 -0.173102
v 0.023638 0.292129 -0.171232
v 0.022167 0.291000 -0.169442
v 0.020734 0.290421 -0.167740
v 0.019335 0.290342 -0.166118
v 0.017960 0.290604 -0.164551
v 0.019324 0.290181 -0.166092
v 0.020665 0.289417 -0.167580
v 0.021972 0.288153 -0.168987
v 0.023241 0.286340 -0.170306
v 0.024476 0.284025 -0.171546
v 0.025686 0.281345 -0.172727
v 0.026884 0.278503 -0.173882
v 0.028089 0.275743 -0.175050
v 0.029315 0.273313 -0.176271
v 0.030580 0.271438 -0.177580
v 0.031895 0.270284 -0.179005
v 0.033265 0.269941 -0.180560
v 0.034690 0.270410 -0.182244
v 0.036165 0.271601 -0.184043
v 0.037679 0.273346 -0.185932
v 0.039214 0.275421 -0.187873
v 0.040756 0.277578 -0.189827
v 0.042286 0.279573 -0.191755
v 0.043791 0.281203 -0.193625
v 0.045262 0.282332 -0.195415
v 0.046695 0.282910 -0.197117
v 0.048094 0.282989 -0.198739
f 6735 6736 6737
f 6735 6737 6736
f 6735 6737 6738
f 6735 6738 6737
f 6735 6738 6739
f 6735 6739 6738
f 6735 6739 6740
f 6735 6740 6739
f 6735 6740 6741
f 6735 6741 6740
f 6735 6741 6742
f 6735 6742 6741
f 6735 6742 6743
f 6735 6743 6742
f 6735 6743 6744
f 6735 6744 6743
f 6735 6744 6745
f 6735 6745 6744
f 6735 6745 6746
f 6735 6746 6745
f 6735 6746 6747
f 6735 6747 6746
f 6735 6747 6748
f 6735 6748 6747
f 6735 6748 6749
f 6735 6749 6748
f 6735 6749 6750
f 6735 6750 6749
f 6735 6750 6751
f 6735 6751 6750
f 6735 6751 6752
f 6735 6752 6751
f 6735 6752 6753
f 6735 6753 6752
f 6735 6753 6754
f 6735 6754 6753
f 6735 6754 6755
f 6735 6755 6754
f 6735 6755 6756
f 6735 6756 6755
f 6735 6756 6757
f 6735 6757 6756
f 6735 6757 6758
f 6735 6758 6757
f 6735 6758 6759
f 6735 6759 6758
f 6735 6759 6760
f 6735 6760 6759
f 6735 6760 6761
f 6735 6761 6760
f 6735 6761 6762
f 6735 6762 6761
f 6735 6762 6763
f 6735 6763 6762
f 6735 6763 6764
f 6735 6764 6763
f 6735 6764 6765
f 6735 6765 6764
f 6735 6765 6766
f 6735 6766 6765
f 6735 6766 6767
f 6735 6767 6766
f 6735 6767 6768
f 6735 6768 6767
f 6735 6768 6769
f 6735 6769 6768
f 6735 6769 6770
f 6735 6770 6769
f 6735 6770 6771
f 6735 6771 6770
f 6735 6771 6772
f 6735 6772 6771
f 6735 6772 6773
f 6735 6773 6772
f 6735 6773 6774
f 6735 6774 6773
f 6735 6774 6775
f 6735 6775 6774
f 6735 6775 6776
f 6735 6776 6775
f 6735 6776 6777
f 6735 6777 6776
f 6735 6777 6778
f 6735 6778 6777
f 6735 6778 6779
f 6735 6779 6778
f 6735 6779 6780
f 6735 6780 6779
v 0.058556 0.285360 -0.182994
v 0.058340 0.287986 -0.182234
v 0.059087 0.289457 -0.180009
v 0.060266 0.289457 -0.177564
v 0.061543 0.287986 -0.175595
v 0.062272 0.285360 -0.175291
v 0.062489 0.282735 -0.176051
v 0.061742 0.281264 -0.178276
v 0.060562 0.281264 -0.180721
v 0.059286 0.282735 -0.182691
v 0.082649 0.290578 -0.193098
v 0.082502 0.292364 -0.192581
v 0.083009 0.293364 -0.191068
v 0.083812 0.293364 -0.189406
v 0.084680 0.292364 -0.188067
v 0.085176 0.290578 -0.187860
v 0.085323 0.288793 -0.188377
v 0.084815 0.287793 -0.189890
v 0.084013 0.287793 -0.191552
v 0.083145 0.288793 -0.192892
f 6781 6782 6792
f 6781 6792 6791
f 6782 6783 6793
f 6782 6793 6792
f 6783 6784 6794
f 6783 6794 6793
f 6784 6785 6795
f 6784 6795 6794
f 6785 6786 6796
f 6785 6796 6795
f 6786 6787 6797
f 6786 6797 6796
f 6787 6788 6798
f 6787 6798 6797
f 6788 6789 6799
f 6788 6799 6798
f 6789 6790 6800
f 6789 6800 6799
f 6790 6781 6791
f 6790 6791 6800
v 0.083912 0.290578 -0.190479
v 0.081932 0.291032 -0.191547
v 0.079939 0.291851 -0.192473
v 0.077929 0.293192 -0.193195
v 0.075899 0.295098 -0.193697
v 0.073852 0.297511 -0.194001
v 0.071793 0.300287 -0.194164
v 0.069728 0.303216 -0.194267
v 0.067667 0.306052 -0.194406
v 0.065617 0.308544 -0.194680
v 0.063587 0.310467 -0.195175
v 0.061581 0.311655 -0.195957
v 0.059604 0.312018 -0.197060
v 0.057655 0.311555 -0.198485
v 0.055731 0.310358 -0.200197
v 0.053826 0.308592 -0.202130
v 0.051933 0.306481 -0.204198
v 0.050043 0.304278 -0.206301
v 0.048148 0.302228 -0.208345
v 0.046240 0.300540 -0.210248
v 0.044316 0.299360 -0.211953
v 0.042372 0.298744 -0.213437
v 0.040410 0.298650 -0.214719
v 0.038436 0.298923 -0.215857
v 0.040416 0.298469 -0.214789
v 0.042409 0.297650 -0.213864
v 0.044419 0.296309 -0.213142
v 0.046449 0.294403 -0.212640
v 0.048496 0.291990 -0.212335
v 0.050555 0.289214 -0.212173
v 0.052620 0.286285 -0.212069
v 0.054681 0.283449 -0.211930
v 0.056731 0.280957 -0.211656
v 0.058761 0.279034 -0.211161
v 0.060767 0.277846 -0.210379
v 0.062744 0.277483 -0.209276
v 0.064693 0.277945 -0.207851
v 0.066617 0.279143 -0.206139
v 0.068522 0.280909 -0.204206
v 0.070415 0.283020 -0.202139
v 0.072305 0.285223 -0.200035
v 0.074200 0.287273 -0.197991
v 0.076108 0.288961 -0.196089
v 0.078032 0.290141 -0.194384
v 0.079976 0.290757 -0.192899
v 0.081938 0.290851 -0.191618
f 6801 6802 6803
f 6801 6803 6802
f 6801 6803 6804
f 6801 6804 6803
f 6801 6804 6805
f 6801 6805 6804
f 6801 6805 6806
f 6801 6806 6805
f 6801 6806 6807
f 6801 6807 6806
f 6801 6807 6808
f 6801 6808 6807
f 6801 6808 6809
f 6801 6809 6808
f 6801 6809 6810
f 6801 6810 6809
f 6801 6810 6811
f 6801 6811 6810
f 6801 6811 6812
f 6801 6812 6811
f 6801 6812 6813
f 6801 6813 6812
f 6801 6813 6814
f 6801 6814 6813
f 6801 6814 6815
f 6801 6815 6814
f 6801 6815 6816
f 6801 6816 6815
f 6801 6816 6817
f 6801 6817 6816
f 6801 6817 6818
f 6801 6818 6817
f 6801 6818 6819
f 6801 6819 6818
f 6801 6819 6820
f 6801 6820 6819
f 6801 6820 6821
f 6801 6821 6820
f 6801 6821 6822
f 6801 6822 6821
f 6801 6822 6823
f 6801 6823 6822
f 6801 6823 6824
f 6801 6824 6823
f 6801 6824 6825
f 6801 6825 6824
f 6801 6825 6826
f 6801 6826 6825
f 6801 6826 6827
f 6801 6827 6826
f 6801 6827 6828
f 6801 6828 6827
f 6801 6828 6829
f 6801 6829 6828
f 6801 6829 6830
f 6801 6830 6829
f 6801 6830 6831
f 6801 6831 6830
f 6801 6831 6832
f 6801 6832 6831
f 6801 6832 6833
f 6801 6833 6832
f 6801 6833 6834
f 6801 6834 6833
f 6801 6834 6835
f 6801 6835 6834
f 6801 6835 6836
f 6801 6836 6835
f 6801 6836 6837
f 6801 6837 6836
f 6801 6837 6838
f 6801 6838 6837
f 6801 6838 6839
f 6801 6839 6838
f 6801 6839 6840
f 6801 6840 6839
f 6801 6840 6841
f 6801 6841 6840
f 6801 6841 6842
f 6801 6842 6841
f 6801 6842 6843
f 6801 6843 6842
f 6801 6843 6844
f 6801 6844 6843
f 6801 6844 6845
f 6801 6845 6844
f 6801 6845 6846
f 6801 6846 6845
v 0.083912 0.290578 -0.190479
v 0.083962 0.290235 -0.188366
v 0.084171 0.289252 -0.186218
v 0.084499 0.287789 -0.184044
v 0.084913 0.285984 -0.181850
v 0.085375 0.283980 -0.179646
v 0.085852 0.281922 -0.177439
v 0.086305 0.279955 -0.175237
v 0.086702 0.278215 -0.173048
v 0.087013 0.276820 -0.170877
v 0.087215 0.275868 -0.168731
v 0.087290 0.275424 -0.166612
v 0.087230 0.275523 -0.164523
v 0.087034 0.276167 -0.162465
v 0.086713 0.277319 -0.160434
v 0.086281 0.278912 -0.158427
v 0.085764 0.280852 -0.156439
v 0.085190 0.283018 -0.154464
v 0.084594 0.285275 -0.152494
v 0.084011 0.287479 -0.150521
v 0.083477 0.289483 -0.148536
v 0.083029 0.291145 -0.146533
v 0.082700 0.292328 -0.144504
v 0.082530 0.292871 -0.142440
v 0.082480 0.293214 -0.144553
v 0.082271 0.294197 -0.146701
v 0.081942 0.295660 -0.148875
v 0.081529 0.297465 -0.151068
v 0.081066 0.299469 -0.153273
v 0.080590 0.301527 -0.155480
v 0.080137 0.303494 -0.157682
v 0.079740 0.305234 -0.159871
v 0.079428 0.306629 -0.162042
v 0.079227 0.307581 -0.164188
v 0.079152 0.308025 -0.166307
v 0.079212 0.307925 -0.168395
v 0.079407 0.307282 -0.170454
v 0.079729 0.306130 -0.172485
v 0.080160 0.304537 -0.174492
v 0.080678 0.302597 -0.176480
v 0.081251 0.300431 -0.178455
v 0.081848 0.298174 -0.180425
v 0.082431 0.295970 -0.182398
v 0.082964 0.293965 -0.184383
v 0.083413 0.292303 -0.186385
v 0.083742 0.291121 -0.188415
f 6847 6848 6849
f 6847 6849 6848
f 6847 6849 6850
f 6847 6850 6849
f 6847 6850 6851
f 6847 6851 6850
f 6847 6851 6852
f 6847 6852 6851
f 6847 6852 6853
f 6847 6853 6852
f 6847 6853 6854
f 6847 6854 6853
f 6847 6854 6855
f 6847 6855 6854
f 6847 6855 6856
f 6847 6856 6855
f 6847 6856 6857
f 6847 6857 6856
f 6847 6857 6858
f 6847 6858 6857
f 6847 6858 6859
f 6847 6859 6858
f 6847 6859 6860
f 6847 6860 6859
f 6847 6860 6861
f 6847 6861 6860
f 6847 6861 6862
f 6847 6862 6861
f 6847 6862 6863
f 6847 6863 6862
f 6847 6863 6864
f 6847 6864 6863
f 6847 6864 6865
f 6847 6865 6864
f 6847 6865 6866
f 6847 6866 6865
f 6847 6866 6867
f 6847 6867 6866
f 6847 6867 6868
f 6847 6868 6867
f 6847 6868 6869
f 6847 6869 6868
f 6847 6869 6870
f 6847 6870 6869
f 6847 6870 6871
f 6847 6871 6870
f 6847 6871 6872
f 6847 6872 6871
f 6847 6872 6873
f 6847 6873 6872
f 6847 6873 6874
f 6847 6874 6873
f 6847 6874 6875
f 6847 6875 6874
f 6847 6875 6876
f 6847 6876 6875
f 6847 6876 6877
f 6847 6877 6876
f 6847 6877 6878
f 6847 6878 6877
f 6847 6878 6879
f 6847 6879 6878
f 6847 6879 6880
f 6847 6880 6879
f 6847 6880 6881
f 6847 6881 6880
f 6847 6881 6882
f 6847 6882 6881
f 6847 6882 6883
f 6847 6883 6882
f 6847 6883 6884
f 6847 6884 6883
f 6847 6884 6885
f 6847 6885 6884
f 6847 6885 6886
f 6847 6886 6885
f 6847 6886 6887
f 6847 6887 6886
f 6847 6887 6888
f 6847 6888 6887
f 6847 6888 6889
f 6847 6889 6888
f 6847 6889 6890
f 6847 6890 6889
f 6847 6890 6891
f 6847 6891 6890
f 6847 6891 6892
f 6847 6892 6891
v 0.043024 0.312846 -0.145039
v 0.045235 0.315871 -0.143547
v 0.048819 0.317565 -0.144480
v 0.052008 0.317565 -0.146882
v 0.053893 0.315871 -0.150070
v 0.053070 0.312846 -0.152606
v 0.050859 0.309821 -0.154098
v 0.047275 0.308127 -0.153165
v 0.044086 0.308127 -0.150763
v 0.042201 0.309821 -0.147575
v 0.024840 0.340262 -0.172522
v 0.026344 0.342319 -0.171508
v 0.028781 0.343471 -0.172142
v 0.030950 0.343471 -0.173775
v 0.032232 0.342319 -0.175943
v 0.031672 0.340262 -0.177668
v 0.030168 0.338205 -0.178682
v 0.027731 0.337053 -0.178048
v 0.025563 0.337053 -0.176415
v 0.024281 0.338205 -0.174247
f 6893 6894 6904
f 6893 6904 6903
f 6894 6895 6905
f 6894 6905 6904
f 6895 6896 6906
f 6895 6906 6905
f 6896 6897 6907
f 6896 6907 6906
f 6897 6898 6908
f 6897 6908 6907
f 6898 6899 6909
f 6898 6909 6908
f 6899 6900 6910
f 6899 6910 6909
f 6900 6901 6911
f 6900 6911 6910
f 6901 6902 6912
f 6901 6912 6911
f 6902 6893 6903
f 6902 6903 6912
v 0.028256 0.340262 -0.175095
v 0.026625 0.339753 -0.173394
v 0.025136 0.339634 -0.171392
v 0.023817 0.339987 -0.169026
v 0.022664 0.340800 -0.166307
v 0.021648 0.341989 -0.163296
v 0.020719 0.343419 -0.160101
v 0.019814 0.344916 -0.156854
v 0.018865 0.346290 -0.153701
v 0.017804 0.347356 -0.150785
v 0.016574 0.347956 -0.148230
v 0.015133 0.347970 -0.146126
v 0.013457 0.347338 -0.144520
v 0.011548 0.346060 -0.143412
v 0.009427 0.344197 -0.142754
v 0.007137 0.341867 -0.142458
v 0.004736 0.339229 -0.142398
v 0.002290 0.336468 -0.142433
v -0.000131 0.333774 -0.142416
v -0.002466 0.331321 -0.142214
v -0.004664 0.329245 -0.141721
v -0.006695 0.327628 -0.140874
v -0.008556 0.326483 -0.139663
v -0.010276 0.325727 -0.138152
v -0.008646 0.326236 -0.139854
v -0.007156 0.326355 -0.141856
v -0.005837 0.326002 -0.144221
v -0.004685 0.325189 -0.146941
v -0.003668 0.324000 -0.149951
v -0.002739 0.322570 -0.153146
v -0.001834 0.321073 -0.156394
v -0.000885 0.319699 -0.159546
v 0.000176 0.318633 -0.162462
v 0.001406 0.318033 -0.165017
v 0.002847 0.318019 -0.167122
v 0.004522 0.318651 -0.168728
v 0.006432 0.319929 -0.169836
v 0.008552 0.321792 -0.170493
v 0.010842 0.324122 -0.170790
v 0.013244 0.326760 -0.170850
v 0.015689 0.329521 -0.170815
v 0.018111 0.332215 -0.170831
v 0.020445 0.334668 -0.171034
v 0.022643 0.336744 -0.171526
v 0.024675 0.338361 -0.172373
v 0.026536 0.339506 -0.173584
f 6913 6914 6915
f 6913 6915 6914
f 6913 6915 6916
f 6913 6916 6915
f 6913 6916 6917
f 6913 6917 6916
f 6913 6917 6918
f 6913 6918 6917
f 6913 6918 6919
f 6913 6919 6918
f 6913 6919 6920
f 6913 6920 6919
f 6913 6920 6921
f 6913 6921 6920
f 6913 6921 6922
f 6913 6922 6921
f 6913 6922 6923
f 6913 6923 6922
f 6913 6923 6924
f 6913 6924 6923
f 6913 6924 6925
f 6913 6925 6924
f 6913 6925 6926
f 6913 6926 6925
f 6913 6926 6927
f 6913 6927 6926
f 6913 6927 6928
f 6913 6928 6927
f 6913 6928 6929
f 6913 6929 6928
f 6913 6929 6930
f 6913 6930 6929
f 6913 6930 6931
f 6913 6931 6930
f 6913 6931 6932
f 6913 6932 6931
f 6913 6932 6933
f 6913 6933 6932
f 6913 6933 6934
f 6913 6934 6933
f 6913 6934 6935
f 6913 6935 6934
f 6913 6935 6936
f 6913 6936 6935
f 6913 6936 6937
f 6913 6937 6936
f 6913 6937 6938
f 6913 6938 6937
f 6913 6938 6939
f 6913 6939 6938
f 6913 6939 6940
f 6913 6940 6939
f 6913 6940 6941
f 6913 6941 6940
f 6913 6941 6942
f 6913 6942 6941
f 6913 6942 6943
f 6913 6943 6942
f 6913 6943 6944
f 6913 6944 6943
f 6913 6944 6945
f 6913 6945 6944
f 6913 6945 6946
f 6913 6946 6945
f 6913 6946 6947
f 6913 6947 6946
f 6913 6947 6948
f 6913 6948 6947
f 6913 6948 6949
f 6913 6949 6948
f 6913 6949 6950
f 6913 6950 6949
f 6913 6950 6951
f 6913 6951 6950
f 6913 6951 6952
f 6913 6952 6951
f 6913 6952 6953
f 6913 6953 6952
f 6913 6953 6954
f 6913 6954 6953
f 6913 6954 6955
f 6913 6955 6954
f 6913 6955 6956
f 6913 6956 6955
f 6913 6956 6957
f 6913 6957 6956
f 6913 6957 6958
f 6913 6958 6957
v 0.028256 0.340262 -0.175095
v 0.029686 0.339820 -0.176117
v 0.030947 0.339107 -0.177293
v 0.031990 0.338044 -0.178671
v 0.032811 0.336626 -0.180251
v 0.033442 0.334906 -0.182005
v 0.033948 0.332984 -0.183874
v 0.034410 0.330992 -0.185783
v 0.034923 0.329082 -0.187646
v 0.035579 0.327400 -0.189378
v 0.036458 0.326076 -0.190905
v 0.037622 0.325207 -0.192171
v 0.039101 0.324842 -0.193148
v 0.040895 0.324983 -0.193836
v 0.042973 0.325578 -0.194263
v 0.045275 0.326531 -0.194485
v 0.047721 0.327714 -0.194576
v 0.050216 0.328976 -0.194621
v 0.052668 0.330170 -0.194706
v 0.054994 0.331161 -0.194906
v 0.057131 0.331850 -0.195280
v 0.059047 0.332185 -0.195857
v 0.060743 0.332169 -0.196634
v 0.062271 0.331882 -0.197567
v 0.060840 0.332325 -0.196545
v 0.059579 0.333038 -0.195368
v 0.058537 0.334100 -0.193991
v 0.057716 0.335518 -0.192410
v 0.057084 0.337238 -0.190657
v 0.056579 0.339160 -0.188787
v 0.056116 0.341152 -0.186878
v 0.055604 0.343062 -0.185015
v 0.054948 0.344744 -0.183284
v 0.054069 0.346068 -0.181757
v 0.052905 0.346937 -0.180491
v 0.051426 0.347302 -0.179514
v 0.049632 0.347161 -0.178826
v 0.047554 0.346566 -0.178398
v 0.045251 0.345613 -0.178176
v 0.042806 0.344430 -0.178085
v 0.040311 0.343168 -0.178040
v 0.037859 0.341974 -0.177956
v 0.035533 0.340983 -0.177755
v 0.033396 0.340294 -0.177382
v 0.031480 0.339959 -0.176805
v 0.029784 0.339975 -0.176027
f 6959 6960 6961
f 6959 6961 6960
f 6959 6961 6962
f 6959 6962 6961
f 6959 6962 6963
f 6959 6963 6962
f 6959 6963 6964
f 6959 6964 6963
f 6959 6964 6965
f 6959 6965 6964
f 6959 6965 6966
f 6959 6966 6965
f 6959 6966 6967
f 6959 6967 6966
f 6959 6967 6968
f 6959 6968 6967
f 6959 6968 6969
f 6959 6969 6968
f 6959 6969 6970
f 6959 6970 6969
f 6959 6970 6971
f 6959 6971 6970
f 6959 6971 6972
f 6959 6972 6971
f 6959 6972 6973
f 6959 6973 6972
f 6959 6973 6974
f 6959 6974 6973
f 6959 6974 6975
f 6959 6975 6974
f 6959 6975 6976
f 6959 6976 6975
f 6959 6976 6977
f 6959 6977 6976
f 6959 6977 6978
f 6959 6978 6977
f 6959 6978 6979
f 6959 6979 6978
f 6959 6979 6980
f 6959 6980 6979
f 6959 6980 6981
f 6959 6981 6980
f 6959 6981 6982
f 6959 6982 6981
f 6959 6982 6983
f 6959 6983 6982
f 6959 6983 6984
f 6959 6984 6983
f 6959 6984 6985
f 6959 6985 6984
f 6959 6985 6986
f 6959 6986 6985
f 6959 6986 6987
f 6959 6987 6986
f 6959 6987 6988
f 6959 6988 6987
f 6959 6988 6989
f 6959 6989 6988
f 6959 6989 6990
f 6959 6990 6989
f 6959 6990 6991
f 6959 6991 6990
f 6959 6991 6992
f 6959 6992 6991
f 6959 6992 6993
f 6959 6993 6992
f 6959 6993 6994
f 6959 6994 6993
f 6959 6994 6995
f 6959 6995 6994
f 6959 6995 6996
f 6959 6996 6995
f 6959 6996 6997
f 6959 6997 6996
f 6959 6997 6998
f 6959 6998 6997
f 6959 6998 6999
f 6959 6999 6998
f 6959 6999 7000
f 6959 7000 6999
f 6959 7000 7001
f 6959 7001 7000
f 6959 7001 7002
f 6959 7002 7001
f 6959 7002 7003
f 6959 7003 7002
f 6959 7003 7004
f 6959 7004 7003
v 0.025290 0.340262 -0.172015
v 0.025431 0.342913 -0.172699
v 0.026896 0.344398 -0.174521
v 0.028779 0.344398 -0.176476
v 0.030545 0.342913 -0.178008
v 0.031223 0.340262 -0.178175
v 0.031081 0.337610 -0.177491
v 0.029616 0.336125 -0.175669
v 0.027733 0.336125 -0.173714
v 0.025968 0.337610 -0.172182
v 0.009298 0.336957 -0.189317
v 0.009394 0.338760 -0.189782
v 0.010391 0.339770 -0.191021
v 0.011671 0.339770 -0.192351
v 0.012872 0.338760 -0.193392
v 0.013333 0.336957 -0.193506
v 0.013237 0.335154 -0.193041
v 0.012241 0.334144 -0.191802
v 0.010960 0.334144 -0.190473
v 0.009759 0.335154 -0.189431
f 7005 7006 7016
f 7005 7016 7015
f 7006 7007 7017
f 7006 7017 7016
f 7007 7008 7018
f 7007 7018 7017
f 7008 7009 7019
f 7008 7019 7018
f 7009 7010 7020
f 7009 7020 7019
f 7010 7011 7021
f 7010 7021 7020
f 7011 7012 7022
f 7011 7022 7021
f 7012 7013 7023
f 7012 7023 7022
f 7013 7014 7024
f 7013 7024 7023
f 7014 7005 7015
f 7014 7015 7024
v 0.011316 0.336957 -0.191412
v 0.010490 0.336706 -0.189717
v 0.009489 0.336963 -0.187942
v 0.008332 0.337666 -0.186097
v 0.007052 0.338726 -0.184195
v 0.005688 0.340026 -0.182255
v 0.004288 0.341430 -0.180299
v 0.002901 0.342797 -0.178349
v 0.001575 0.343988 -0.176426
v 0.000354 0.344876 -0.174552
v -0.000726 0.345359 -0.172741
v -0.001639 0.345361 -0.171006
v -0.002373 0.344845 -0.169353
v -0.002926 0.343812 -0.167782
v -0.003313 0.342298 -0.166287
v -0.003559 0.340378 -0.164856
v -0.003699 0.338156 -0.163473
v -0.003779 0.335757 -0.162117
v -0.003846 0.333321 -0.160768
v -0.003949 0.330990 -0.159402
v -0.004135 0.328899 -0.157998
v -0.004445 0.327164 -0.156537
v -0.004910 0.325876 -0.155006
v -0.005552 0.325095 -0.153395
v -0.004726 0.325346 -0.155090
v -0.003725 0.325090 -0.156865
v -0.002568 0.324386 -0.158710
v -0.001288 0.323326 -0.160612
v 0.000076 0.322027 -0.162552
v 0.001476 0.320622 -0.164508
v 0.002863 0.319255 -0.166458
v 0.004189 0.318064 -0.168381
v 0.005410 0.317176 -0.170255
v 0.006490 0.316693 -0.172066
v 0.007403 0.316691 -0.173801
v 0.008137 0.317207 -0.175454
v 0.008690 0.318241 -0.177025
v 0.009077 0.319754 -0.178520
v 0.009323 0.321674 -0.179951
v 0.009463 0.323897 -0.181334
v 0.009543 0.326295 -0.182690
v 0.009610 0.328731 -0.184039
v 0.009713 0.331062 -0.185405
v 0.009899 0.333153 -0.186809
v 0.010209 0.334888 -0.188270
v 0.010674 0.336176 -0.189801
f 7025 7026 7027
f 7025 7027 7026
f 7025 7027 7028
f 7025 7028 7027
f 7025 7028 7029
f 7025 7029 7028
f 7025 7029 7030
f 7025 7030 7029
f 7025 7030 7031
f 7025 7031 7030
f 7025 7031 7032
f 7025 7032 7031
f 7025 7032 7033
f 7025 7033 7032
f 7025 7033 7034
f 7025 7034 7033
f 7025 7034 7035
f 7025 7035 7034
f 7025 7035 7036
f 7025 7036 7035
f 7025 7036 7037
f 7025 7037 7036
f 7025 7037 7038
f 7025 7038 7037
f 7025 7038 7039
f 7025 7039 7038
f 7025 7039 7040
f 7025 7040 7039
f 7025 7040 7041
f 7025 7041 7040
f 7025 7041 7042
f 7025 7042 7041
f 7025 7042 7043
f 7025 7043 7042
f 7025 7043 7044
f 7025 7044 7043
f 7025 7044 7045
f 7025 7045 7044
f 7025 7045 7046
f 7025 7046 7045
f 7025 7046 7047
f 7025 7047 7046
f 7025 7047 7048
f 7025 7048 7047
f 7025 7048 7049
f 7025 7049 7048
f 7025 7049 7050
f 7025 7050 7049
f 7025 7050 7051
f 7025 7051 7050
f 7025 7051 7052
f 7025 7052 7051
f 7025 7052 7053
f 7025 7053 7052
f 7025 7053 7054
f 7025 7054 7053
f 7025 7054 7055
f 7025 7055 7054
f 7025 7055 7056
f 7025 7056 7055
f 7025 7056 7057
f 7025 7057 7056
f 7025 7057 7058
f 7025 7058 7057
f 7025 7058 7059
f 7025 7059 7058
f 7025 7059 7060
f 7025 7060 7059
f 7025 7060 7061
f 7025 7061 7060
f 7025 7061 7062
f 7025 7062 7061
f 7025 7062 7063
f 7025 7063 7062
f 7025 7063 7064
f 7025 7064 7063
f 7025 7064 7065
f 7025 7065 7064
f 7025 7065 7066
f 7025 7066 7065
f 7025 7066 7067
f 7025 7067 7066
f 7025 7067 7068
f 7025 7068 7067
f 7025 7068 7069
f 7025 7069 7068
f 7025 7069 7070
f 7025 7070 7069
v 0.031088 0.340262 -0.171890
v 0.032312 0.341850 -0.173760
v 0.031675 0.342740 -0.176305
v 0.029878 0.342740 -0.178339
v 0.027431 0.341850 -0.179285
v 0.025425 0.340262 -0.178300
v 0.024200 0.338673 -0.176430
v 0.024837 0.337784 -0.173885
v 0.026635 0.337784 -0.171851
v 0.029081 0.338673 -0.170905
v 0.020399 0.357979 -0.164272
v 0.021232 0.359059 -0.165544
v 0.020799 0.359664 -0.167274
v 0.019576 0.359664 -0.168657
v 0.017913 0.359059 -0.169300
v 0.016548 0.357979 -0.168630
v 0.015716 0.356899 -0.167359
v 0.016149 0.356294 -0.165629
v 0.017371 0.356294 -0.164245
v 0.019035 0.356899 -0.163602
f 7071 7072 7082
f 7071 7082 7081
f 7072 7073 7083
f 7072 7083 7082
f 7073 7074 7084
f 7073 7084 7083
f 7074 7075 7085
f 7074 7085 7084
f 7075 7076 7086
f 7075 7086 7085
f 7076 7077 7087
f 7076 7087 7086
f 7077 7078 7088
f 7077 7088 7087
f 7078 7079 7089
f 7078 7089 7088
f 7079 7080 7090
f 7079 7090 7089
f 7080 7071 7081
f 7080 7081 7090
v 0.018474 0.357979 -0.166451
v 0.020249 0.356289 -0.164902
v 0.022396 0.354857 -0.163463
v 0.025097 0.353812 -0.162189
v 0.028413 0.353196 -0.161098
v 0.032295 0.352974 -0.160175
v 0.036593 0.353043 -0.159376
v 0.041079 0.353242 -0.158633
v 0.045480 0.353382 -0.157865
v 0.049514 0.353267 -0.156988
v 0.052928 0.352718 -0.155926
v 0.055530 0.351604 -0.154622
v 0.057219 0.349854 -0.153047
v 0.057995 0.347467 -0.151200
v 0.057960 0.344514 -0.149112
v 0.057305 0.341128 -0.146840
v 0.056282 0.337487 -0.144458
v 0.055175 0.333786 -0.142051
v 0.054256 0.330217 -0.139700
v 0.053752 0.326937 -0.137472
v 0.053814 0.324052 -0.135413
v 0.054492 0.321596 -0.133537
v 0.055723 0.319526 -0.131826
v 0.057326 0.317715 -0.130225
v 0.055551 0.319406 -0.131775
v 0.053404 0.320837 -0.133213
v 0.050703 0.321882 -0.134488
v 0.047386 0.322498 -0.135578
v 0.043505 0.322720 -0.136501
v 0.039207 0.322652 -0.137300
v 0.034721 0.322452 -0.138043
v 0.030320 0.322312 -0.138811
v 0.026286 0.322428 -0.139689
v 0.022872 0.322976 -0.140751
v 0.020270 0.324090 -0.142054
v 0.018581 0.325841 -0.143629
v 0.017805 0.328228 -0.145476
v 0.017839 0.331181 -0.147564
v 0.018495 0.334566 -0.149837
v 0.019518 0.338208 -0.152219
v 0.020625 0.341909 -0.154626
v 0.021544 0.345478 -0.156977
v 0.022048 0.348757 -0.159204
v 0.021986 0.351643 -0.161263
v 0.021308 0.354099 -0.163139
v 0.020077 0.356169 -0.164851
f 7091 7092 7093
f 7091 7093 7092
f 7091 7093 7094
f 7091 7094 7093
f 7091 7094 7095
f 7091 7095 7094
f 7091 7095 7096
f 7091 7096 7095
f 7091 7096 7097
f 7091 7097 7096
f 7091 7097 7098
f 7091 7098 7097
f 7091 7098 7099
f 7091 7099 7098
f 7091 7099 7100
f 7091 7100 7099
f 7091 7100 7101
f 7091 7101 7100
f 7091 7101 7102
f 7091 7102 7101
f 7091 7102 7103
f 7091 7103 7102
f 7091 7103 7104
f 7091 7104 7103
f 7091 7104 7105
f 7091 7105 7104
f 7091 7105 7106
f 7091 7106 7105
f 7091 7106 7107
f 7091 7107 7106
f 7091 7107 7108
f 7091 7108 7107
f 7091 7108 7109
f 7091 7109 7108
f 7091 7109 7110
f 7091 7110 7109
f 7091 7110 7111
f 7091 7111 7110
f 7091 7111 7112
f 7091 7112 7111
f 7091 7112 7113
f 7091 7113 7112
f 7091 7113 7114
f 7091 7114 7113
f 7091 7114 7115
f 7091 7115 7114
f 7091 7115 7116
f 7091 7116 7115
f 7091 7116 7117
f 7091 7117 7116
f 7091 7117 7118
f 7091 7118 7117
f 7091 7118 7119
f 7091 7119 7118
f 7091 7119 7120
f 7091 7120 7119
f 7091 7120 7121
f 7091 7121 7120
f 7091 7121 7122
f 7091 7122 7121
f 7091 7122 7123
f 7091 7123 7122
f 7091 7123 7124
f 7091 7124 7123
f 7091 7124 7125
f 7091 7125 7124
f 7091 7125 7126
f 7091 7126 7125
f 7091 7126 7127
f 7091 7127 7126
f 7091 7127 7128
f 7091 7128 7127
f 7091 7128 7129
f 7091 7129 7128
f 7091 7129 7130
f 7091 7130 7129
f 7091 7130 7131
f 7091 7131 7130
f 7091 7131 7132
f 7091 7132 7131
f 7091 7132 7133
f 7091 7133 7132
f 7091 7133 7134
f 7091 7134 7133
f 7091 7134 7135
f 7091 7135 7134
f 7091 7135 7136
f 7091 7136 7135
v 0.024420 0.340262 -0.176984
v 0.024170 0.342275 -0.175140
v 0.025822 0.343403 -0.173224
v 0.028257 0.343403 -0.172025
v 0.030783 0.342275 -0.171883
v 0.032092 0.340262 -0.173206
v 0.032343 0.338248 -0.175050
v 0.030690 0.337120 -0.176966
v 0.028255 0.337120 -0.178165
v 0.025729 0.338248 -0.178307
v 0.033767 0.356374 -0.192867
v 0.033597 0.357744 -0.191613
v 0.034720 0.358510 -0.190310
v 0.036376 0.358510 -0.189495
v 0.038094 0.357744 -0.189398
v 0.038984 0.356374 -0.190298
v 0.039154 0.355005 -0.191552
v 0.038031 0.354238 -0.192855
v 0.036375 0.354238 -0.193670
v 0.034658 0.355005 -0.193767
f 7137 7138 7148
f 7137 7148 7147
f 7138 7139 7149
f 7138 7149 7148
f 7139 7140 7150
f 7139 7150 7149
f 7140 7141 7151
f 7140 7151 7150
f 7141 7142 7152
f 7141 7152 7151
f 7142 7143 7153
f 7142 7153 7152
f 7143 7144 7154
f 7143 7154 7153
f 7144 7145 7155
f 7144 7155 7154
f 7145 7146 7156
f 7145 7156 7155
f 7146 7137 7147
f 7146 7147 7156
v 0.036376 0.356374 -0.191583
v 0.034362 0.356559 -0.191810
v 0.032332 0.356980 -0.191815
v 0.030279 0.357753 -0.191487
v 0.028200 0.358921 -0.190786
v 0.026097 0.360452 -0.189742
v 0.023976 0.362250 -0.188446
v 0.021847 0.364170 -0.187034
v 0.019722 0.366038 -0.185672
v 0.017612 0.367671 -0.184532
v 0.015528 0.368907 -0.183767
v 0.013479 0.369623 -0.183493
v 0.011469 0.369753 -0.183772
v 0.009497 0.369298 -0.184604
v 0.007560 0.368323 -0.185927
v 0.005649 0.366951 -0.187625
v 0.003754 0.365344 -0.189545
v 0.001862 0.363685 -0.191515
v -0.000038 0.362148 -0.193370
v -0.001956 0.360878 -0.194971
v -0.003898 0.359971 -0.196230
v -0.005866 0.359458 -0.197117
v -0.007857 0.359299 -0.197670
v -0.009863 0.359375 -0.198000
v -0.007850 0.359190 -0.197773
v -0.005820 0.358770 -0.197768
v -0.003767 0.357996 -0.198096
v -0.001688 0.356828 -0.198797
v 0.000415 0.355298 -0.199841
v 0.002536 0.353499 -0.201137
v 0.004665 0.351579 -0.202549
v 0.006791 0.349711 -0.203911
v 0.008900 0.348078 -0.205051
v 0.010984 0.346843 -0.205816
v 0.013033 0.346127 -0.206090
v 0.015044 0.345996 -0.205811
v 0.017015 0.346451 -0.204979
v 0.018952 0.347426 -0.203656
v 0.020863 0.348798 -0.201958
v 0.022759 0.350405 -0.200038
v 0.024651 0.352064 -0.198068
v 0.026550 0.353602 -0.196213
v 0.028468 0.354871 -0.194612
v 0.030410 0.355778 -0.193353
v 0.032378 0.356291 -0.192466
v 0.034369 0.356451 -0.191913
f 7157 7158 7159
f 7157 7159 7158
f 7157 7159 7160
f 7157 7160 7159
f 7157 7160 7161
f 7157 7161 7160
f 7157 7161 7162
f 7157 7162 7161
f 7157 7162 7163
f 7157 7163 7162
f 7157 7163 7164
f 7157 7164 7163
f 7157 7164 7165
f 7157 7165 7164
f 7157 7165 7166
f 7157 7166 7165
f 7157 7166 7167
f 7157 7167 7166
f 7157 7167 7168
f 7157 7168 7167
f 7157 7168 7169
f 7157 7169 7168
f 7157 7169 7170
f 7157 7170 7169
f 7157 7170 7171
f 7157 7171 7170
f 7157 7171 7172
f 7157 7172 7171
f 7157 7172 7173
f 7157 7173 7172
f 7157 7173 7174
f 7157 7174 7173
f 7157 7174 7175
f 7157 7175 7174
f 7157 7175 7176
f 7157 7176 7175
f 7157 7176 7177
f 7157 7177 7176
f 7157 7177 7178
f 7157 7178 7177
f 7157 7178 7179
f 7157 7179 7178
f 7157 7179 7180
f 7157 7180 7179
f 7157 7180 7181
f 7157 7181 7180
f 7157 7181 7182
f 7157 7182 7181
f 7157 7182 7183
f 7157 7183 7182
f 7157 7183 7184
f 7157 7184 7183
f 7157 7184 7185
f 7157 7185 7184
f 7157 7185 7186
f 7157 7186 7185
f 7157 7186 7187
f 7157 7187 7186
f 7157 7187 7188
f 7157 7188 7187
f 7157 7188 7189
f 7157 7189 7188
f 7157 7189 7190
f 7157 7190 7189
f 7157 7190 7191
f 7157 7191 7190
f 7157 7191 7192
f 7157 7192 7191
f 7157 7192 7193
f 7157 7193 7192
f 7157 7193 7194
f 7157 7194 7193
f 7157 7194 7195
f 7157 7195 7194
f 7157 7195 7196
f 7157 7196 7195
f 7157 7196 7197
f 7157 7197 7196
f 7157 7197 7198
f 7157 7198 7197
f 7157 7198 7199
f 7157 7199 7198
f 7157 7199 7200
f 7157 7200 7199
f 7157 7200 7201
f 7157 7201 7200
f 7157 7201 7202
f 7157 7202 7201
v 0.047591 0.312846 -0.155095
v 0.045452 0.316107 -0.154069
v 0.044468 0.317933 -0.150564
v 0.044757 0.317933 -0.146582
v 0.046238 0.316107 -0.143257
v 0.048503 0.312846 -0.142551
v 0.050642 0.309585 -0.143577
v 0.051627 0.307759 -0.147081
v 0.051337 0.307759 -0.151063
v 0.049856 0.309585 -0.154389
v 0.079403 0.334340 -0.155390
v 0.077949 0.336557 -0.154692
v 0.077279 0.337799 -0.152309
v 0.077476 0.337799 -0.149601
v 0.078483 0.336557 -0.147340
v 0.080023 0.334340 -0.146860
v 0.081478 0.332122 -0.147557
v 0.082148 0.330880 -0.149941
v 0.081951 0.330880 -0.152648
v 0.080943 0.332122 -0.154910
f 7203 7204 7214
f 7203 7214 7213
f 7204 7205 7215
f 7204 7215 7214
f 7205 7206 7216
f 7205 7216 7215
f 7206 7207 7217
f 7206 7217 7216
f 7207 7208 7218
f 7207 7218 7217
f 7208 7209 7219
f 7208 7219 7218
f 7209 7210 7220
f 7209 7220 7219
f 7210 7211 7221
f 7210 7221 7220
f 7211 7212 7222
f 7211 7222 7221
f 7212 7203 7213
f 7212 7213 7222
v 0.079713 0.334340 -0.151125
v 0.078700 0.334619 -0.153203
v 0.077542 0.335122 -0.155187
v 0.076125 0.336023 -0.157004
v 0.074387 0.337421 -0.158612
v 0.072324 0.339319 -0.160011
v 0.069998 0.341624 -0.161239
v 0.067525 0.344155 -0.162372
v 0.065059 0.346675 -0.163510
v 0.062768 0.348925 -0.164761
v 0.060810 0.350662 -0.166227
v 0.059304 0.351700 -0.167986
v 0.058317 0.351939 -0.170081
v 0.057848 0.351379 -0.172512
v 0.057832 0.350120 -0.175235
v 0.058148 0.348348 -0.178174
v 0.058640 0.346306 -0.181226
v 0.059138 0.344253 -0.184282
v 0.059490 0.342427 -0.187244
v 0.059578 0.341007 -0.190035
v 0.059342 0.340087 -0.192616
v 0.058784 0.339664 -0.194989
v 0.057968 0.339639 -0.197194
v 0.057006 0.339838 -0.199306
v 0.058020 0.339559 -0.197228
v 0.059178 0.339056 -0.195244
v 0.060595 0.338154 -0.193427
v 0.062333 0.336756 -0.191818
v 0.064396 0.334858 -0.190420
v 0.066722 0.332554 -0.189191
v 0.069195 0.330023 -0.188058
v 0.071661 0.327502 -0.186921
v 0.073952 0.325253 -0.185670
v 0.075910 0.323516 -0.184204
v 0.077416 0.322477 -0.182444
v 0.078403 0.322238 -0.180349
v 0.078872 0.322799 -0.177919
v 0.078888 0.324058 -0.175196
v 0.078572 0.325829 -0.172257
v 0.078080 0.327871 -0.169205
v 0.077582 0.329924 -0.166148
v 0.077230 0.331751 -0.163187
v 0.077142 0.333171 -0.160396
v 0.077378 0.334090 -0.157815
v 0.077936 0.334514 -0.155442
v 0.078752 0.334539 -0.153236
f 7223 7224 7225
f 7223 7225 7224
f 7223 7225 7226
f 7223 7226 7225
f 7223 7226 7227
f 7223 7227 7226
f 7223 7227 7228
f 7223 7228 7227
f 7223 7228 7229
f 7223 7229 7228
f 7223 7229 7230
f 7223 7230 7229
f 7223 7230 7231
f 7223 7231 7230
f 7223 7231 7232
f 7223 7232 7231
f 7223 7232 7233
f 7223 7233 7232
f 7223 7233 7234
f 7223 7234 7233
f 7223 7234 7235
f 7223 7235 7234
f 7223 7235 7236
f 7223 7236 7235
f 7223 7236 7237
f 7223 7237 7236
f 7223 7237 7238
f 7223 7238 7237
f 7223 7238 7239
f 7223 7239 7238
f 7223 7239 7240
f 7223 7240 7239
f 7223 7240 7241
f 7223 7241 7240
f 7223 7241 7242
f 7223 7242 7241
f 7223 7242 7243
f 7223 7243 7242
f 7223 7243 7244
f 7223 7244 7243
f 7223 7244 7245
f 7223 7245 7244
f 7223 7245 7246
f 7223 7246 7245
f 7223 7246 7247
f 7223 7247 7246
f 7223 7247 7248
f 7223 7248 7247
f 7223 7248 7249
f 7223 7249 7248
f 7223 7249 7250
f 7223 7250 7249
f 7223 7250 7251
f 7223 7251 7250
f 7223 7251 7252
f 7223 7252 7251
f 7223 7252 7253
f 7223 7253 7252
f 7223 7253 7254
f 7223 7254 7253
f 7223 7254 7255
f 7223 7255 7254
f 7223 7255 7256
f 7223 7256 7255
f 7223 7256 7257
f 7223 7257 7256
f 7223 7257 7258
f 7223 7258 7257
f 7223 7258 7259
f 7223 7259 7258
f 7223 7259 7260
f 7223 7260 7259
f 7223 7260 7261
f 7223 7261 7260
f 7223 7261 7262
f 7223 7262 7261
f 7223 7262 7263
f 7223 7263 7262
f 7223 7263 7264
f 7223 7264 7263
f 7223 7264 7265
f 7223 7265 7264
f 7223 7265 7266
f 7223 7266 7265
f 7223 7266 7267
f 7223 7267 7266
f 7223 7267 7268
f 7223 7268 7267
v 0.080199 0.334340 -0.155373
v 0.080777 0.336938 -0.154713
v 0.080875 0.338392 -0.152358
v 0.080566 0.338392 -0.149661
v 0.079941 0.336938 -0.147389
v 0.079228 0.334340 -0.146876
v 0.078649 0.331742 -0.147536
v 0.078552 0.330287 -0.149891
v 0.078860 0.330287 -0.152588
v 0.079486 0.331742 -0.154860
v 0.102566 0.328670 -0.151440
v 0.102960 0.330436 -0.150991
v 0.103026 0.331425 -0.149390
v 0.102816 0.331425 -0.147556
v 0.102391 0.330436 -0.146011
v 0.101906 0.328670 -0.145662
v 0.101513 0.326903 -0.146111
v 0.101446 0.325914 -0.147712
v 0.101656 0.325914 -0.149546
v 0.102082 0.326903 -0.151091
f 7269 7270 7280
f 7269 7280 7279
f 7270 7271 7281
f 7270 7281 7280
f 7271 7272 7282
f 7271 7282 7281
f 7272 7273 7283
f 7272 7283 7282
f 7273 7274 7284
f 7273 7284 7283
f 7274 7275 7285
f 7274 7285 7284
f 7275 7276 7286
f 7275 7286 7285
f 7276 7277 7287
f 7276 7287 7286
f 7277 7278 7288
f 7277 7288 7287
f 7278 7269 7279
f 7278 7279 7288
v 0.102236 0.328670 -0.148551
v 0.101874 0.329288 -0.150383
v 0.101579 0.330208 -0.152139
v 0.101383 0.331576 -0.153783
v 0.101299 0.333439 -0.155302
v 0.101316 0.335758 -0.156707
v 0.101407 0.338412 -0.158028
v 0.101532 0.341216 -0.159311
v 0.101642 0.343951 -0.160611
v 0.101686 0.346390 -0.161986
v 0.101618 0.348328 -0.163487
v 0.101404 0.349612 -0.165152
v 0.101026 0.350161 -0.167001
v 0.100484 0.349974 -0.169035
v 0.099796 0.349133 -0.171233
v 0.098997 0.347792 -0.173557
v 0.098131 0.346154 -0.175956
v 0.097250 0.344447 -0.178371
v 0.096402 0.342891 -0.180749
v 0.095630 0.341670 -0.183043
v 0.094958 0.340903 -0.185223
v 0.094398 0.340633 -0.187278
v 0.093937 0.340811 -0.189220
v 0.093543 0.341289 -0.191087
v 0.093906 0.340671 -0.189256
v 0.094201 0.339751 -0.187499
v 0.094396 0.338383 -0.185856
v 0.094481 0.336520 -0.184336
v 0.094464 0.334200 -0.182932
v 0.094372 0.331547 -0.181611
v 0.094247 0.328743 -0.180328
v 0.094137 0.326008 -0.179027
v 0.094094 0.323569 -0.177652
v 0.094162 0.321631 -0.176152
v 0.094376 0.320347 -0.174487
v 0.094753 0.319798 -0.172638
v 0.095296 0.319985 -0.170604
v 0.095983 0.320826 -0.168405
v 0.096783 0.322167 -0.166081
v 0.097648 0.323804 -0.163683
v 0.098530 0.325511 -0.161267
v 0.099377 0.327067 -0.158889
v 0.100150 0.328289 -0.156595
v 0.100821 0.329056 -0.154416
v 0.101382 0.329326 -0.152361
v 0.101842 0.329148 -0.150418
f 7289 7290 7291
f 7289 7291 7290
f 7289 7291 7292
f 7289 7292 7291
f 7289 7292 7293
f 7289 7293 7292
f 7289 7293 7294
f 7289 7294 7293
f 7289 7294 7295
f 7289 7295 7294
f 7289 7295 7296
f 7289 7296 7295
f 7289 7296 7297
f 7289 7297 7296
f 7289 7297 7298
f 7289 7298 7297
f 7289 7298 7299
f 7289 7299 7298
f 7289 7299 7300
f 7289 7300 7299
f 7289 7300 7301
f 7289 7301 7300
f 7289 7301 7302
f 7289 7302 7301
f 7289 7302 7303
f 7289 7303 7302
f 7289 7303 7304
f 7289 7304 7303
f 7289 7304 7305
f 7289 7305 7304
f 7289 7305 7306
f 7289 7306 7305
f 7289 7306 7307
f 7289 7307 7306
f 7289 7307 7308
f 7289 7308 7307
f 7289 7308 7309
f 7289 7309 7308
f 7289 7309 7310
f 7289 7310 7309
f 7289 7310 7311
f 7289 7311 7310
f 7289 7311 7312
f 7289 7312 7311
f 7289 7312 7313
f 7289 7313 7312
f 7289 7313 7314
f 7289 7314 7313
f 7289 7314 7315
f 7289 7315 7314
f 7289 7315 7316
f 7289 7316 7315
f 7289 7316 7317
f 7289 7317 7316
f 7289 7317 7318
f 7289 7318 7317
f 7289 7318 7319
f 7289 7319 7318
f 7289 7319 7320
f 7289 7320 7319
f 7289 7320 7321
f 7289 7321 7320
f 7289 7321 7322
f 7289 7322 7321
f 7289 7322 7323
f 7289 7323 7322
f 7289 7323 7324
f 7289 7324 7323
f 7289 7324 7325
f 7289 7325 7324
f 7289 7325 7326
f 7289 7326 7325
f 7289 7326 7327
f 7289 7327 7326
f 7289 7327 7328
f 7289 7328 7327
f 7289 7328 7329
f 7289 7329 7328
f 7289 7329 7330
f 7289 7330 7329
f 7289 7330 7331
f 7289 7331 7330
f 7289 7331 7332
f 7289 7332 7331
f 7289 7332 7333
f 7289 7333 7332
f 7289 7333 7334
f 7289 7334 7333
v 0.102236 0.328670 -0.148551
v 0.101102 0.329178 -0.146109
v 0.099801 0.329075 -0.143556
v 0.098315 0.328294 -0.140878
v 0.096660 0.326892 -0.138086
v 0.094873 0.325006 -0.135205
v 0.093009 0.322835 -0.132273
v 0.091131 0.320617 -0.129331
v 0.089308 0.318601 -0.126427
v 0.087607 0.317027 -0.123604
v 0.086080 0.316098 -0.120898
v 0.084770 0.315961 -0.118338
v 0.083697 0.316693 -0.115938
v 0.082861 0.318295 -0.113696
v 0.082241 0.320690 -0.111600
v 0.081797 0.323729 -0.109622
v 0.081474 0.327209 -0.107725
v 0.081205 0.330892 -0.105865
v 0.080924 0.334528 -0.103996
v 0.080565 0.337879 -0.102075
v 0.080074 0.340747 -0.100065
v 0.079414 0.342992 -0.097942
v 0.078569 0.344560 -0.095694
v 0.077557 0.345517 -0.093335
v 0.078691 0.345008 -0.095776
v 0.079992 0.345111 -0.098330
v 0.081477 0.345892 -0.101008
v 0.083132 0.347294 -0.103800
v 0.084919 0.349180 -0.106680
v 0.086784 0.351351 -0.109613
v 0.088662 0.353569 -0.112555
v 0.090484 0.355585 -0.115459
v 0.092186 0.357159 -0.118282
v 0.093712 0.358088 -0.120987
v 0.095023 0.358225 -0.123547
v 0.096096 0.357493 -0.125948
v 0.096931 0.355891 -0.128190
v 0.097551 0.353496 -0.130286
v 0.097995 0.350458 -0.132264
v 0.098319 0.346977 -0.134161
v 0.098587 0.343294 -0.136021
v 0.098869 0.339658 -0.137890
v 0.099228 0.336307 -0.139811
v 0.099719 0.333440 -0.141820
v 0.100379 0.331194 -0.143944
v 0.101224 0.329626 -0.146191
f 7335 7336 7337
f 7335 7337 7336
f 7335 7337 7338
f 7335 7338 7337
f 7335 7338 7339
f 7335 7339 7338
f 7335 7339 7340
f 7335 7340 7339
f 7335 7340 7341
f 7335 7341 7340
f 7335 7341 7342
f 7335 7342 7341
f 7335 7342 7343
f 7335 7343 7342
f 7335 7343 7344
f 7335 7344 7343
f 7335 7344 7345
f 7335 7345 7344
f 7335 7345 7346
f 7335 7346 7345
f 7335 7346 7347
f 7335 7347 7346
f 7335 7347 7348
f 7335 7348 7347
f 7335 7348 7349
f 7335 7349 7348
f 7335 7349 7350
f 7335 7350 7349
f 7335 7350 7351
f 7335 7351 7350
f 7335 7351 7352
f 7335 7352 7351
f 7335 7352 7353
f 7335 7353 7352
f 7335 7353 7354
f 7335 7354 7353
f 7335 7354 7355
f 7335 7355 7354
f 7335 7355 7356
f 7335 7356 7355
f 7335 7356 7357
f 7335 7357 7356
f 7335 7357 7358
f 7335 7358 7357
f 7335 7358 7359
f 7335 7359 7358
f 7335 7359 7360
f 7335 7360 7359
f 7335 7360 7361
f 7335 7361 7360
f 7335 7361 7362
f 7335 7362 7361
f 7335 7362 7363
f 7335 7363 7362
f 7335 7363 7364
f 7335 7364 7363
f 7335 7364 7365
f 7335 7365 7364
f 7335 7365 7366
f 7335 7366 7365
f 7335 7366 7367
f 7335 7367 7366
f 7335 7367 7368
f 7335 7368 7367
f 7335 7368 7369
f 7335 7369 7368
f 7335 7369 7370
f 7335 7370 7369
f 7335 7370 7371
f 7335 7371 7370
f 7335 7371 7372
f 7335 7372 7371
f 7335 7372 7373
f 7335 7373 7372
f 7335 7373 7374
f 7335 7374 7373
f 7335 7374 7375
f 7335 7375 7374
f 7335 7375 7376
f 7335 7376 7375
f 7335 7376 7377
f 7335 7377 7376
f 7335 7377 7378
f 7335 7378 7377
f 7335 7378 7379
f 7335 7379 7378
f 7335 7379 7380
f 7335 7380 7379
v 0.076424 0.334340 -0.153857
v 0.075488 0.335901 -0.151806
v 0.076501 0.336776 -0.149381
v 0.078589 0.336776 -0.147647
v 0.081158 0.335901 -0.147096
v 0.083003 0.334340 -0.148392
v 0.083939 0.332778 -0.150443
v 0.082926 0.331904 -0.152868
v 0.080838 0.331904 -0.154603
v 0.078268 0.332778 -0.155153
v 0.085230 0.351246 -0.162316
v 0.084594 0.352307 -0.160922
v 0.085282 0.352902 -0.159273
v 0.086702 0.352902 -0.158093
v 0.088449 0.352307 -0.157719
v 0.089704 0.351246 -0.158600
v 0.090340 0.350184 -0.159995
v 0.089651 0.349589 -0.161644
v 0.088231 0.349589 -0.162823
v 0.086484 0.350184 -0.163198
f 7381 7382 7392
f 7381 7392 7391
f 7382 7383 7393
f 7382 7393 7392
f 7383 7384 7394
f 7383 7394 7393
f 7384 7385 7395
f 7384 7395 7394
f 7385 7386 7396
f 7385 7396 7395
f 7386 7387 7397
f 7386 7397 7396
f 7387 7388 7398
f 7387 7398 7397
f 7388 7389 7399
f 7388 7399 7398
f 7389 7390 7400
f 7389 7400 7399
f 7390 7381 7391
f 7390 7391 7400
v 0.087467 0.351246 -0.160458
v 0.085779 0.350320 -0.161015
v 0.083732 0.349716 -0.161291
v 0.081355 0.349404 -0.161310
v 0.078711 0.349331 -0.161119
v 0.075882 0.349422 -0.160783
v 0.072967 0.349589 -0.160381
v 0.070072 0.349739 -0.159994
v 0.067302 0.349778 -0.159704
v 0.064752 0.349621 -0.159587
v 0.062501 0.349197 -0.159704
v 0.060607 0.348456 -0.160099
v 0.059097 0.347372 -0.160796
v 0.057972 0.345946 -0.161794
v 0.057203 0.344202 -0.163069
v 0.056734 0.342193 -0.164580
v 0.056485 0.339986 -0.166262
v 0.056360 0.337669 -0.168042
v 0.056256 0.335334 -0.169838
v 0.056065 0.333076 -0.171566
v 0.055690 0.330982 -0.173150
v 0.055047 0.329127 -0.174525
v 0.054075 0.327564 -0.175642
v 0.052744 0.326322 -0.176477
v 0.054431 0.327247 -0.175920
v 0.056479 0.327852 -0.175644
v 0.058855 0.328164 -0.175626
v 0.061499 0.328237 -0.175817
v 0.064328 0.328146 -0.176152
v 0.067243 0.327979 -0.176555
v 0.070138 0.327829 -0.176942
v 0.072909 0.327790 -0.177231
v 0.075458 0.327947 -0.177348
v 0.077709 0.328371 -0.177231
v 0.079604 0.329112 -0.176836
v 0.081113 0.330196 -0.176140
v 0.082238 0.331622 -0.175142
v 0.083007 0.333365 -0.173866
v 0.083476 0.335375 -0.172356
v 0.083726 0.337581 -0.170673
v 0.083850 0.339899 -0.168893
v 0.083955 0.342233 -0.167098
v 0.084145 0.344492 -0.165369
v 0.084520 0.346586 -0.163785
v 0.085163 0.348441 -0.162411
v 0.086135 0.350004 -0.161294
f 7401 7402 7403
f 7401 7403 7402
f 7401 7403 7404
f 7401 7404 7403
f 7401 7404 7405
f 7401 7405 7404
f 7401 7405 7406
f 7401 7406 7405
f 7401 7406 7407
f 7401 7407 7406
f 7401 7407 7408
f 7401 7408 7407
f 7401 7408 7409
f 7401 7409 7408
f 7401 7409 7410
f 7401 7410 7409
f 7401 7410 7411
f 7401 7411 7410
f 7401 7411 7412
f 7401 7412 7411
f 7401 7412 7413
f 7401 7413 7412
f 7401 7413 7414
f 7401 7414 7413
f 7401 7414 7415
f 7401 7415 7414
f 7401 7415 7416
f 7401 7416 7415
f 7401 7416 7417
f 7401 7417 7416
f 7401 7417 7418
f 7401 7418 7417
f 7401 7418 7419
f 7401 7419 7418
f 7401 7419 7420
f 7401 7420 7419
f 7401 7420 7421
f 7401 7421 7420
f 7401 7421 7422
f 7401 7422 7421
f 7401 7422 7423
f 7401 7423 7422
f 7401 7423 7424
f 7401 7424 7423
f 7401 7424 7425
f 7401 7425 7424
f 7401 7425 7426
f 7401 7426 7425
f 7401 7426 7427
f 7401 7427 7426
f 7401 7427 7428
f 7401 7428 7427
f 7401 7428 7429
f 7401 7429 7428
f 7401 7429 7430
f 7401 7430 7429
f 7401 7430 7431
f 7401 7431 7430
f 7401 7431 7432
f 7401 7432 7431
f 7401 7432 7433
f 7401 7433 7432
f 7401 7433 7434
f 7401 7434 7433
f 7401 7434 7435
f 7401 7435 7434
f 7401 7435 7436
f 7401 7436 7435
f 7401 7436 7437
f 7401 7437 7436
f 7401 7437 7438
f 7401 7438 7437
f 7401 7438 7439
f 7401 7439 7438
f 7401 7439 7440
f 7401 7440 7439
f 7401 7440 7441
f 7401 7441 7440
f 7401 7441 7442
f 7401 7442 7441
f 7401 7442 7443
f 7401 7443 7442
f 7401 7443 7444
f 7401 7444 7443
f 7401 7444 7445
f 7401 7445 7444
f 7401 7445 7446
f 7401 7446 7445
v 0.083866 0.334340 -0.152144
v 0.082811 0.336096 -0.153967
v 0.080280 0.337079 -0.154511
v 0.077643 0.337079 -0.153864
v 0.075652 0.336096 -0.152209
v 0.075560 0.334340 -0.150105
v 0.076616 0.332584 -0.148282
v 0.079147 0.331600 -0.147738
v 0.081784 0.331600 -0.148385
v 0.083775 0.332584 -0.150040
v 0.085625 0.349252 -0.139240
v 0.084907 0.350446 -0.140480
v 0.083186 0.351115 -0.140850
v 0.081393 0.351115 -0.140410
v 0.080039 0.350446 -0.139285
v 0.079977 0.349252 -0.137854
v 0.080695 0.348058 -0.136614
v 0.082416 0.347390 -0.136244
v 0.084209 0.347390 -0.136684
v 0.085563 0.348058 -0.137809
f 7447 7448 7458
f 7447 7458 7457
f 7448 7449 7459
f 7448 7459 7458
f 7449 7450 7460
f 7449 7460 7459
f 7450 7451 7461
f 7450 7461 7460
f 7451 7452 7462
f 7451 7462 7461
f 7452 7453 7463
f 7452 7463 7462
f 7453 7454 7464
f 7453 7464 7463
f 7454 7455 7465
f 7454 7465 7464
f 7455 7456 7466
f 7455 7466 7465
f 7456 7447 7457
f 7456 7457 7466
v 0.082801 0.349252 -0.138547
v 0.084301 0.349426 -0.139848
v 0.085659 0.349756 -0.141301
v 0.086778 0.350354 -0.143012
v 0.087604 0.351277 -0.145036
v 0.088143 0.352520 -0.147369
v 0.088454 0.354016 -0.149947
v 0.088642 0.355649 -0.152657
v 0.088845 0.357265 -0.155351
v 0.089211 0.358701 -0.157870
v 0.089875 0.359804 -0.160069
v 0.090942 0.360459 -0.161834
v 0.092469 0.360603 -0.163107
v 0.094454 0.360235 -0.163886
v 0.096843 0.359420 -0.164232
v 0.099531 0.358271 -0.164258
v 0.102381 0.356942 -0.164109
v 0.105245 0.355597 -0.163945
v 0.107987 0.354387 -0.163911
v 0.110501 0.353432 -0.164123
v 0.112728 0.352797 -0.164644
v 0.114663 0.352486 -0.165478
v 0.116357 0.352443 -0.166570
v 0.117910 0.352557 -0.167814
v 0.116411 0.352383 -0.166513
v 0.115052 0.352053 -0.165060
v 0.113934 0.351455 -0.163349
v 0.113107 0.350532 -0.161325
v 0.112568 0.349289 -0.158992
v 0.112258 0.347793 -0.156414
v 0.112069 0.346160 -0.153704
v 0.111866 0.344543 -0.151010
v 0.111501 0.343108 -0.148491
v 0.110836 0.342005 -0.146292
v 0.109769 0.341350 -0.144527
v 0.108243 0.341206 -0.143254
v 0.106257 0.341574 -0.142475
v 0.103868 0.342389 -0.142128
v 0.101181 0.343538 -0.142103
v 0.098331 0.344867 -0.142252
v 0.095466 0.346212 -0.142416
v 0.092724 0.347422 -0.142449
v 0.090210 0.348377 -0.142238
v 0.087983 0.349012 -0.141717
v 0.086049 0.349323 -0.140883
v 0.084354 0.349366 -0.139791
f 7467 7468 7469
f 7467 7469 7468
f 7467 7469 7470
f 7467 7470 7469
f 7467 7470 7471
f 7467 7471 7470
f 7467 7471 7472
f 7467 7472 7471
f 7467 7472 7473
f 7467 7473 7472
f 7467 7473 7474
f 7467 7474 7473
f 7467 7474 7475
f 7467 7475 7474
f 7467 7475 7476
f 7467 7476 7475
f 7467 7476 7477
f 7467 7477 7476
f 7467 7477 7478
f 7467 7478 7477
f 7467 7478 7479
f 7467 7479 7478
f 7467 7479 7480
f 7467 7480 7479
f 7467 7480 7481
f 7467 7481 7480
f 7467 7481 7482
f 7467 7482 7481
f 7467 7482 7483
f 7467 7483 7482
f 7467 7483 7484
f 7467 7484 7483
f 7467 7484 7485
f 7467 7485 7484
f 7467 7485 7486
f 7467 7486 7485
f 7467 7486 7487
f 7467 7487 7486
f 7467 7487 7488
f 7467 7488 7487
f 7467 7488 7489
f 7467 7489 7488
f 7467 7489 7490
f 7467 7490 7489
f 7467 7490 7491
f 7467 7491 7490
f 7467 7491 7492
f 7467 7492 7491
f 7467 7492 7493
f 7467 7493 7492
f 7467 7493 7494
f 7467 7494 7493
f 7467 7494 7495
f 7467 7495 7494
f 7467 7495 7496
f 7467 7496 7495
f 7467 7496 7497
f 7467 7497 7496
f 7467 7497 7498
f 7467 7498 7497
f 7467 7498 7499
f 7467 7499 7498
f 7467 7499 7500
f 7467 7500 7499
f 7467 7500 7501
f 7467 7501 7500
f 7467 7501 7502
f 7467 7502 7501
f 7467 7502 7503
f 7467 7503 7502
f 7467 7503 7504
f 7467 7504 7503
f 7467 7504 7505
f 7467 7505 7504
f 7467 7505 7506
f 7467 7506 7505
f 7467 7506 7507
f 7467 7507 7506
f 7467 7507 7508
f 7467 7508 7507
f 7467 7508 7509
f 7467 7509 7508
f 7467 7509 7510
f 7467 7510 7509
f 7467 7510 7511
f 7467 7511 7510
f 7467 7511 7512
f 7467 7512 7511
v 0.082801 0.349252 -0.138547
v 0.079927 0.348737 -0.138049
v 0.077133 0.347981 -0.137286
v 0.074481 0.346802 -0.136056
v 0.072004 0.345100 -0.134249
v 0.069703 0.342875 -0.131864
v 0.067542 0.340227 -0.129013
v 0.065460 0.337346 -0.125905
v 0.063372 0.334481 -0.122814
v 0.061189 0.331903 -0.120040
v 0.058825 0.329864 -0.117861
v 0.056216 0.328556 -0.116488
v 0.053327 0.328085 -0.116039
v 0.050158 0.328450 -0.116513
v 0.046744 0.329547 -0.117794
v 0.043150 0.331182 -0.119669
v 0.039460 0.333104 -0.121861
v 0.035764 0.335042 -0.124071
v 0.032147 0.336747 -0.126023
v 0.028671 0.338030 -0.127509
v 0.025370 0.338789 -0.128417
v 0.022244 0.339026 -0.128749
v 0.019260 0.338839 -0.128614
v 0.016356 0.338411 -0.128213
v 0.019231 0.338926 -0.128710
v 0.022024 0.339682 -0.129474
v 0.024676 0.340861 -0.130704
v 0.027153 0.342563 -0.132511
v 0.029455 0.344789 -0.134896
v 0.031615 0.347436 -0.137747
v 0.033697 0.350317 -0.140855
v 0.035785 0.353182 -0.143945
v 0.037969 0.355760 -0.146719
v 0.040332 0.357800 -0.148899
v 0.042941 0.359108 -0.150271
v 0.045830 0.359579 -0.150721
v 0.048999 0.359214 -0.150247
v 0.052413 0.358117 -0.148966
v 0.056007 0.356482 -0.147090
v 0.059697 0.354559 -0.144898
v 0.063393 0.352621 -0.142689
v 0.067010 0.350916 -0.140737
v 0.070487 0.349634 -0.139251
v 0.073787 0.348874 -0.138342
v 0.076913 0.348638 -0.138011
v 0.079897 0.348825 -0.138146
f 7513 7514 7515
f 7513 7515 7514
f 7513 7515 7516
f 7513 7516 7515
f 7513 7516 7517
f 7513 7517 7516
f 7513 7517 7518
f 7513 7518 7517
f 7513 7518 7519
f 7513 7519 7518
f 7513 7519 7520
f 7513 7520 7519
f 7513 7520 7521
f 7513 7521 7520
f 7513 7521 7522
f 7513 7522 7521
f 7513 7522 7523
f 7513 7523 7522
f 7513 7523 7524
f 7513 7524 7523
f 7513 7524 7525
f 7513 7525 7524
f 7513 7525 7526
f 7513 7526 7525
f 7513 7526 7527
f 7513 7527 7526
f 7513 7527 7528
f 7513 7528 7527
f 7513 7528 7529
f 7513 7529 7528
f 7513 7529 7530
f 7513 7530 7529
f 7513 7530 7531
f 7513 7531 7530
f 7513 7531 7532
f 7513 7532 7531
f 7513 7532 7533
f 7513 7533 7532
f 7513 7533 7534
f 7513 7534 7533
f 7513 7534 7535
f 7513 7535 7534
f 7513 7535 7536
f 7513 7536 7535
f 7513 7536 7537
f 7513 7537 7536
f 7513 7537 7538
f 7513 7538 7537
f 7513 7538 7539
f 7513 7539 7538
f 7513 7539 7540
f 7513 7540 7539
f 7513 7540 7541
f 7513 7541 7540
f 7513 7541 7542
f 7513 7542 7541
f 7513 7542 7543
f 7513 7543 7542
f 7513 7543 7544
f 7513 7544 7543
f 7513 7544 7545
f 7513 7545 7544
f 7513 7545 7546
f 7513 7546 7545
f 7513 7546 7547
f 7513 7547 7546
f 7513 7547 7548
f 7513 7548 7547
f 7513 7548 7549
f 7513 7549 7548
f 7513 7549 7550
f 7513 7550 7549
f 7513 7550 7551
f 7513 7551 7550
f 7513 7551 7552
f 7513 7552 7551
f 7513 7552 7553
f 7513 7553 7552
f 7513 7553 7554
f 7513 7554 7553
f 7513 7554 7555
f 7513 7555 7554
f 7513 7555 7556
f 7513 7556 7555
f 7513 7556 7557
f 7513 7557 7556
f 7513 7557 7558
f 7513 7558 7557
v 0.015245 0.297106 -0.081565
v 0.019661 0.300066 -0.078937
v 0.025197 0.301724 -0.080513
v 0.029358 0.301724 -0.084654
v 0.030962 0.300066 -0.090182
v 0.028356 0.297106 -0.094611
v 0.023940 0.294146 -0.097238
v 0.018405 0.292488 -0.095662
v 0.014243 0.292488 -0.091521
v 0.012640 0.294146 -0.085994
v -0.005779 0.352222 -0.106890
v -0.002776 0.354235 -0.105103
v 0.000988 0.355363 -0.106175
v 0.003818 0.355363 -0.108990
v 0.004908 0.354235 -0.112749
v 0.003136 0.352222 -0.115761
v 0.000133 0.350209 -0.117548
v -0.003631 0.349082 -0.116476
v -0.006461 0.349082 -0.113660
v -0.007551 0.350209 -0.109902
f 7559 7560 7570
f 7559 7570 7569
f 7560 7561 7571
f 7560 7571 7570
f 7561 7562 7572
f 7561 7572 7571
f 7562 7563 7573
f 7562 7573 7572
f 7563 7564 7574
f 7563 7574 7573
f 7564 7565 7575
f 7564 7575 7574
f 7565 7566 7576
f 7565 7576 7575
f 7566 7567 7577
f 7566 7577 7576
f 7567 7568 7578
f 7567 7578 7577
f 7568 7559 7569
f 7568 7569 7578
v -0.004723 0.352222 -0.106036
v -0.003107 0.355917 -0.106029
v -0.000613 0.357986 -0.108496
v 0.001547 0.357986 -0.111854
v 0.002757 0.355917 -0.115147
v 0.002080 0.352222 -0.116614
v 0.000464 0.348528 -0.116621
v -0.002030 0.346459 -0.114154
v -0.004190 0.346459 -0.110797
v -0.005400 0.348528 -0.107504
v -0.033406 0.365281 -0.126877
v -0.032307 0.367793 -0.126873
v -0.030610 0.369200 -0.128550
v -0.029142 0.369200 -0.130833
v -0.028319 0.367793 -0.133072
v -0.028779 0.365281 -0.134070
v -0.029878 0.362768 -0.134075
v -0.031574 0.361361 -0.132398
v -0.033043 0.361361 -0.130114
v -0.033866 0.362768 -0.127875
f 7579 7580 7590
f 7579 7590 7589
f 7580 7581 7591
f 7580 7591 7590
f 7581 7582 7592
f 7581 7592 7591
f 7582 7583 7593
f 7582 7593 7592
f 7583 7584 7594
f 7583 7594 7593
f 7584 7585 7595
f 7584 7595 7594
f 7585 7586 7596
f 7585 7596 7595
f 7586 7587 7597
f 7586 7597 7596
f 7587 7588 7598
f 7587 7598 7597
f 7588 7579 7589
f 7588 7589 7598
v -0.031092 0.365281 -0.130474
v -0.031627 0.365040 -0.128108
v -0.032025 0.365276 -0.125630
v -0.032257 0.366096 -0.123013
v -0.032323 0.367493 -0.120259
v -0.032253 0.369366 -0.117392
v -0.032095 0.371546 -0.114452
v -0.031912 0.373817 -0.111491
v -0.031770 0.375940 -0.108565
v -0.031738 0.377681 -0.105729
v -0.031873 0.378838 -0.103032
v -0.032218 0.379262 -0.100509
v -0.032795 0.378874 -0.098179
v -0.033604 0.377675 -0.096041
v -0.034622 0.375742 -0.094076
v -0.035808 0.373225 -0.092251
v -0.037103 0.370327 -0.090516
v -0.038441 0.367280 -0.088816
v -0.039752 0.364324 -0.087095
v -0.040976 0.361675 -0.085301
v -0.042063 0.359503 -0.083394
v -0.042986 0.357906 -0.081350
v -0.043741 0.356895 -0.079167
v -0.044360 0.356360 -0.076872
v -0.043825 0.356600 -0.079237
v -0.043427 0.356365 -0.081716
v -0.043195 0.355544 -0.084333
v -0.043129 0.354147 -0.087087
v -0.043199 0.352274 -0.089953
v -0.043357 0.350094 -0.092893
v -0.043540 0.347823 -0.095855
v -0.043682 0.345700 -0.098781
v -0.043714 0.343959 -0.101616
v -0.043579 0.342802 -0.104313
v -0.043234 0.342378 -0.106836
v -0.042657 0.342766 -0.109167
v -0.041848 0.343966 -0.111305
v -0.040830 0.345898 -0.113269
v -0.039644 0.348415 -0.115094
v -0.038349 0.351314 -0.116829
v -0.037011 0.354360 -0.118529
v -0.035700 0.357317 -0.120250
v -0.034476 0.359965 -0.122045
v -0.033389 0.362138 -0.123952
v -0.032466 0.363734 -0.125996
v -0.031711 0.364745 -0.128178
f 7599 7600 7601
f 7599 7601 7600
f 7599 7601 7602
f 7599 7602 7601
f 7599 7602 7603
f 7599 7603 7602
f 7599 7603 7604
f 7599 7604 7603
f 7599 7604 7605
f 7599 7605 7604
f 7599 7605 7606
f 7599 7606 7605
f 7599 7606 7607
f 7599 7607 7606
f 7599 7607 7608
f 7599 7608 7607
f 7599 7608 7609
f 7599 7609 7608
f 7599 7609 7610
f 7599 7610 7609
f 7599 7610 7611
f 7599 7611 7610
f 7599 7611 7612
f 7599 7612 7611
f 7599 7612 7613
f 7599 7613 7612
f 7599 7613 7614
f 7599 7614 7613
f 7599 7614 7615
f 7599 7615 7614
f 7599 7615 7616
f 7599 7616 7615
f 7599 7616 7617
f 7599 7617 7616
f 7599 7617 7618
f 7599 7618 7617
f 7599 7618 7619
f 7599 7619 7618
f 7599 7619 7620
f 7599 7620 7619
f 7599 7620 7621
f 7599 7621 7620
f 7599 7621 7622
f 7599 7622 7621
f 7599 7622 7623
f 7599 7623 7622
f 7599 7623 7624
f 7599 7624 7623
f 7599 7624 7625
f 7599 7625 7624
f 7599 7625 7626
f 7599 7626 7625
f 7599 7626 7627
f 7599 7627 7626
f 7599 7627 7628
f 7599 7628 7627
f 7599 7628 7629
f 7599 7629 7628
f 7599 7629 7630
f 7599 7630 7629
f 7599 7630 7631
f 7599 7631 7630
f 7599 7631 7632
f 7599 7632 7631
f 7599 7632 7633
f 7599 7633 7632
f 7599 7633 7634
f 7599 7634 7633
f 7599 7634 7635
f 7599 7635 7634
f 7599 7635 7636
f 7599 7636 7635
f 7599 7636 7637
f 7599 7637 7636
f 7599 7637 7638
f 7599 7638 7637
f 7599 7638 7639
f 7599 7639 7638
f 7599 7639 7640
f 7599 7640 7639
f 7599 7640 7641
f 7599 7641 7640
f 7599 7641 7642
f 7599 7642 7641
f 7599 7642 7643
f 7599 7643 7642
f 7599 7643 7644
f 7599 7644 7643
v -0.033280 0.365281 -0.126800
v -0.033419 0.367909 -0.127570
v -0.032475 0.369380 -0.129718
v -0.031086 0.369380 -0.132050
v -0.029648 0.367909 -0.133904
v -0.028904 0.365281 -0.134148
v -0.028765 0.362652 -0.133378
v -0.029709 0.361181 -0.131230
v -0.031098 0.361181 -0.128898
v -0.032537 0.362652 -0.127044
v -0.051779 0.360913 -0.139407
v -0.051874 0.362700 -0.139931
v -0.051232 0.363701 -0.141391
v -0.050287 0.363701 -0.142978
v -0.049309 0.362700 -0.144238
v -0.048803 0.360913 -0.144404
v -0.048709 0.359126 -0.143880
v -0.049351 0.358125 -0.142420
v -0.050295 0.358125 -0.140834
v -0.051273 0.359126 -0.139574
f 7645 7646 7656
f 7645 7656 7655
f 7646 7647 7657
f 7646 7657 7656
f 7647 7648 7658
f 7647 7658 7657
f 7648 7649 7659
f 7648 7659 7658
f 7649 7650 7660
f 7649 7660 7659
f 7650 7651 7661
f 7650 7661 7660
f 7651 7652 7662
f 7651 7662 7661
f 7652 7653 7663
f 7652 7663 7662
f 7653 7654 7664
f 7653 7664 7663
f 7654 7645 7655
f 7654 7655 7664
v -0.050291 0.360913 -0.141906
v -0.050842 0.361374 -0.139788
v -0.051407 0.361989 -0.137707
v -0.052004 0.362972 -0.135711
v -0.052651 0.364508 -0.133843
v -0.053356 0.366695 -0.132126
v -0.054115 0.369489 -0.130551
v -0.054912 0.372708 -0.129074
v -0.055720 0.376045 -0.127624
v -0.056505 0.379128 -0.126116
v -0.057234 0.381584 -0.124462
v -0.057880 0.383117 -0.122593
v -0.058430 0.383560 -0.120472
v -0.058882 0.382915 -0.118097
v -0.059252 0.381345 -0.115509
v -0.059566 0.379150 -0.112775
v -0.059857 0.376700 -0.109981
v -0.060158 0.374368 -0.107216
v -0.060498 0.372460 -0.104548
v -0.060892 0.371161 -0.102022
v -0.061343 0.370511 -0.099647
v -0.061845 0.370416 -0.097401
v -0.062379 0.370688 -0.095240
v -0.062927 0.371113 -0.093114
v -0.062376 0.370652 -0.095231
v -0.061811 0.370037 -0.097313
v -0.061213 0.369055 -0.099309
v -0.060567 0.367518 -0.101177
v -0.059862 0.365332 -0.102893
v -0.059102 0.362537 -0.104469
v -0.058305 0.359318 -0.105946
v -0.057498 0.355981 -0.107395
v -0.056713 0.352898 -0.108904
v -0.055984 0.350442 -0.110558
v -0.055337 0.348909 -0.112427
v -0.054788 0.348466 -0.114548
v -0.054336 0.349111 -0.116922
v -0.053966 0.350681 -0.119511
v -0.053652 0.352876 -0.122245
v -0.053361 0.355326 -0.125038
v -0.053059 0.357658 -0.127804
v -0.052720 0.359566 -0.130471
v -0.052326 0.360865 -0.132997
v -0.051874 0.361515 -0.135373
v -0.051373 0.361610 -0.137619
v -0.050839 0.361339 -0.139780
f 7665 7666 7667
f 7665 7667 7666
f 7665 7667 7668
f 7665 7668 7667
f 7665 7668 7669
f 7665 7669 7668
f 7665 7669 7670
f 7665 7670 7669
f 7665 7670 7671
f 7665 7671 7670
f 7665 7671 7672
f 7665 7672 7671
f 7665 7672 7673
f 7665 7673 7672
f 7665 7673 7674
f 7665 7674 7673
f 7665 7674 7675
f 7665 7675 7674
f 7665 7675 7676
f 7665 7676 7675
f 7665 7676 7677
f 7665 7677 7676
f 7665 7677 7678
f 7665 7678 7677
f 7665 7678 7679
f 7665 7679 7678
f 7665 7679 7680
f 7665 7680 7679
f 7665 7680 7681
f 7665 7681 7680
f 7665 7681 7682
f 7665 7682 7681
f 7665 7682 7683
f 7665 7683 7682
f 7665 7683 7684
f 7665 7684 7683
f 7665 7684 7685
f 7665 7685 7684
f 7665 7685 7686
f 7665 7686 7685
f 7665 7686 7687
f 7665 7687 7686
f 7665 7687 7688
f 7665 7688 7687
f 7665 7688 7689
f 7665 7689 7688
f 7665 7689 7690
f 7665 7690 7689
f 7665 7690 7691
f 7665 7691 7690
f 7665 7691 7692
f 7665 7692 7691
f 7665 7692 7693
f 7665 7693 7692
f 7665 7693 7694
f 7665 7694 7693
f 7665 7694 7695
f 7665 7695 7694
f 7665 7695 7696
f 7665 7696 7695
f 7665 7696 7697
f 7665 7697 7696
f 7665 7697 7698
f 7665 7698 7697
f 7665 7698 7699
f 7665 7699 7698
f 7665 7699 7700
f 7665 7700 7699
f 7665 7700 7701
f 7665 7701 7700
f 7665 7701 7702
f 7665 7702 7701
f 7665 7702 7703
f 7665 7703 7702
f 7665 7703 7704
f 7665 7704 7703
f 7665 7704 7705
f 7665 7705 7704
f 7665 7705 7706
f 7665 7706 7705
f 7665 7706 7707
f 7665 7707 7706
f 7665 7707 7708
f 7665 7708 7707
f 7665 7708 7709
f 7665 7709 7708
f 7665 7709 7710
f 7665 7710 7709
v -0.029904 0.365281 -0.126366
v -0.028052 0.366944 -0.127517
v -0.027571 0.367876 -0.130080
v -0.028325 0.367876 -0.132688
v -0.030101 0.366944 -0.134598
v -0.032281 0.365281 -0.134582
v -0.034132 0.363617 -0.133431
v -0.034614 0.362685 -0.130868
v -0.033859 0.362685 -0.128260
v -0.032084 0.363617 -0.126350
v -0.044114 0.383439 -0.123679
v -0.042855 0.384571 -0.124461
v -0.042527 0.385204 -0.126204
v -0.043040 0.385204 -0.127978
v -0.044248 0.384571 -0.129277
v -0.045730 0.383439 -0.129266
v -0.046989 0.382308 -0.128483
v -0.047317 0.381675 -0.126740
v -0.046804 0.381675 -0.124967
v -0.045596 0.382308 -0.123668
f 7711 7712 7722
f 7711 7722 7721
f 7712 7713 7723
f 7712 7723 7722
f 7713 7714 7724
f 7713 7724 7723
f 7714 7715 7725
f 7714 7725 7724
f 7715 7716 7726
f 7715 7726 7725
f 7716 7717 7727
f 7716 7727 7726
f 7717 7718 7728
f 7717 7728 7727
f 7718 7719 7729
f 7718 7729 7728
f 7719 7720 7730
f 7719 7730 7729
f 7720 7711 7721
f 7720 7721 7730
v -0.044922 0.383439 -0.126472
v -0.044570 0.382664 -0.124723
v -0.044041 0.382018 -0.122947
v -0.043183 0.381612 -0.121122
v -0.041905 0.381512 -0.119235
v -0.040196 0.381725 -0.117284
v -0.038130 0.382200 -0.115280
v -0.035857 0.382825 -0.113245
v -0.033581 0.383452 -0.111210
v -0.031530 0.383916 -0.109209
v -0.029916 0.384061 -0.107272
v -0.028903 0.383767 -0.105424
v -0.028581 0.382970 -0.103679
v -0.028950 0.381670 -0.102036
v -0.029920 0.379931 -0.100482
v -0.031327 0.377873 -0.098994
v -0.032959 0.375652 -0.097538
v -0.034588 0.373433 -0.096082
v -0.036010 0.371365 -0.094596
v -0.037075 0.369557 -0.093056
v -0.037708 0.368063 -0.091453
v -0.037922 0.366876 -0.089787
v -0.037807 0.365928 -0.088073
v -0.037515 0.365109 -0.086332
v -0.037867 0.365884 -0.088082
v -0.038397 0.366530 -0.089858
v -0.039255 0.366936 -0.091682
v -0.040532 0.367037 -0.093569
v -0.042241 0.366823 -0.095520
v -0.044307 0.366348 -0.097524
v -0.046580 0.365723 -0.099559
v -0.048856 0.365096 -0.101594
v -0.050907 0.364633 -0.103596
v -0.052522 0.364488 -0.105533
v -0.053535 0.364781 -0.107380
v -0.053857 0.365578 -0.109126
v -0.053488 0.366878 -0.110768
v -0.052518 0.368617 -0.112322
v -0.051110 0.370675 -0.113811
v -0.049479 0.372896 -0.115266
v -0.047850 0.375115 -0.116722
v -0.046427 0.377183 -0.118208
v -0.045363 0.378991 -0.119748
v -0.044729 0.380485 -0.121351
v -0.044515 0.381672 -0.123017
v -0.044630 0.382621 -0.124732
f 7731 7732 7733
f 7731 7733 7732
f 7731 7733 7734
f 7731 7734 7733
f 7731 7734 7735
f 7731 7735 7734
f 7731 7735 7736
f 7731 7736 7735
f 7731 7736 7737
f 7731 7737 7736
f 7731 7737 7738
f 7731 7738 7737
f 7731 7738 7739
f 7731 7739 7738
f 7731 7739 7740
f 7731 7740 7739
f 7731 7740 7741
f 7731 7741 7740
f 7731 7741 7742
f 7731 7742 7741
f 7731 7742 7743
f 7731 7743 7742
f 7731 7743 7744
f 7731 7744 7743
f 7731 7744 7745
f 7731 7745 7744
f 7731 7745 7746
f 7731 7746 7745
f 7731 7746 7747
f 7731 7747 7746
f 7731 7747 7748
f 7731 7748 7747
f 7731 7748 7749
f 7731 7749 7748
f 7731 7749 7750
f 7731 7750 7749
f 7731 7750 7751
f 7731 7751 7750
f 7731 7751 7752
f 7731 7752 7751
f 7731 7752 7753
f 7731 7753 7752
f 7731 7753 7754
f 7731 7754 7753
f 7731 7754 7755
f 7731 7755 7754
f 7731 7755 7756
f 7731 7756 7755
f 7731 7756 7757
f 7731 7757 7756
f 7731 7757 7758
f 7731 7758 7757
f 7731 7758 7759
f 7731 7759 7758
f 7731 7759 7760
f 7731 7760 7759
f 7731 7760 7761
f 7731 7761 7760
f 7731 7761 7762
f 7731 7762 7761
f 7731 7762 7763
f 7731 7763 7762
f 7731 7763 7764
f 7731 7764 7763
f 7731 7764 7765
f 7731 7765 7764
f 7731 7765 7766
f 7731 7766 7765
f 7731 7766 7767
f 7731 7767 7766
f 7731 7767 7768
f 7731 7768 7767
f 7731 7768 7769
f 7731 7769 7768
f 7731 7769 7770
f 7731 7770 7769
f 7731 7770 7771
f 7731 7771 7770
f 7731 7771 7772
f 7731 7772 7771
f 7731 7772 7773
f 7731 7773 7772
f 7731 7773 7774
f 7731 7774 7773
f 7731 7774 7775
f 7731 7775 7774
f 7731 7775 7776
f 7731 7776 7775
v -0.035353 0.365281 -0.130838
v -0.034879 0.367599 -0.129452
v -0.032623 0.368897 -0.128506
v -0.029918 0.368897 -0.128275
v -0.027534 0.367599 -0.128824
v -0.026832 0.365281 -0.130109
v -0.027306 0.362962 -0.131495
v -0.029562 0.361664 -0.132442
v -0.032266 0.361664 -0.132673
v -0.034650 0.362962 -0.132123
v -0.032291 0.376807 -0.150584
v -0.031968 0.378383 -0.149642
v -0.030434 0.379266 -0.148999
v -0.028595 0.379266 -0.148841
v -0.026974 0.378383 -0.149215
v -0.026496 0.376807 -0.150089
v -0.026819 0.375231 -0.151031
v -0.028353 0.374348 -0.151675
v -0.030192 0.374348 -0.151832
v -0.031813 0.375231 -0.151458
f 7777 7778 7788
f 7777 7788 7787
f 7778 7779 7789
f 7778 7789 7788
f 7779 7780 7790
f 7779 7790 7789
f 7780 7781 7791
f 7780 7791 7790
f 7781 7782 7792
f 7781 7792 7791
f 7782 7783 7793
f 7782 7793 7792
f 7783 7784 7794
f 7783 7794 7793
f 7784 7785 7795
f 7784 7795 7794
f 7785 7786 7796
f 7785 7796 7795
f 7786 7777 7787
f 7786 7787 7796
v -0.029394 0.376807 -0.150337
v -0.030891 0.377231 -0.149490
v -0.032222 0.378060 -0.148394
v -0.033404 0.379248 -0.147077
v -0.034467 0.380722 -0.145584
v -0.035450 0.382390 -0.143971
v -0.036398 0.384144 -0.142306
v -0.037358 0.385869 -0.140658
v -0.038376 0.387453 -0.139098
v -0.039494 0.388794 -0.137686
v -0.040747 0.389810 -0.136475
v -0.042159 0.390440 -0.135501
v -0.043744 0.390654 -0.134784
v -0.045501 0.390452 -0.134323
v -0.047418 0.389864 -0.134099
v -0.049469 0.388951 -0.134076
v -0.051621 0.387795 -0.134202
v -0.053830 0.386498 -0.134415
v -0.056052 0.385173 -0.134645
v -0.058238 0.383933 -0.134823
v -0.060345 0.382886 -0.134882
v -0.062332 0.382126 -0.134764
v -0.064171 0.381726 -0.134425
v -0.065843 0.381730 -0.133837
v -0.064345 0.381305 -0.134684
v -0.063015 0.380477 -0.135780
v -0.061833 0.379289 -0.137097
v -0.060770 0.377814 -0.138591
v -0.059787 0.376146 -0.140203
v -0.058839 0.374393 -0.141868
v -0.057879 0.372668 -0.143516
v -0.056861 0.371084 -0.145076
v -0.055743 0.369742 -0.146488
v -0.054490 0.368727 -0.147699
v -0.053077 0.368096 -0.148673
v -0.051493 0.367882 -0.149390
v -0.049736 0.368085 -0.149851
v -0.047819 0.368672 -0.150075
v -0.045768 0.369586 -0.150098
v -0.043616 0.370742 -0.149972
v -0.041406 0.372038 -0.149759
v -0.039185 0.373364 -0.149529
v -0.036998 0.374604 -0.149351
v -0.034892 0.375650 -0.149292
v -0.032904 0.376410 -0.149410
v -0.031065 0.376811 -0.149749
f 7797 7798 7799
f 7797 7799 7798
f 7797 7799 7800
f 7797 7800 7799
f 7797 7800 7801
f 7797 7801 7800
f 7797 7801 7802
f 7797 7802 7801
f 7797 7802 7803
f 7797 7803 7802
f 7797 7803 7804
f 7797 7804 7803
f 7797 7804 7805
f 7797 7805 7804
f 7797 7805 7806
f 7797 7806 7805
f 7797 7806 7807
f 7797 7807 7806
f 7797 7807 7808
f 7797 7808 7807
f 7797 7808 7809
f 7797 7809 7808
f 7797 7809 7810
f 7797 7810 7809
f 7797 7810 7811
f 7797 7811 7810
f 7797 7811 7812
f 7797 7812 7811
f 7797 7812 7813
f 7797 7813 7812
f 7797 7813 7814
f 7797 7814 7813
f 7797 7814 7815
f 7797 7815 7814
f 7797 7815 7816
f 7797 7816 7815
f 7797 7816 7817
f 7797 7817 7816
f 7797 7817 7818
f 7797 7818 7817
f 7797 7818 7819
f 7797 7819 7818
f 7797 7819 7820
f 7797 7820 7819
f 7797 7820 7821
f 7797 7821 7820
f 7797 7821 7822
f 7797 7822 7821
f 7797 7822 7823
f 7797 7823 7822
f 7797 7823 7824
f 7797 7824 7823
f 7797 7824 7825
f 7797 7825 7824
f 7797 7825 7826
f 7797 7826 7825
f 7797 7826 7827
f 7797 7827 7826
f 7797 7827 7828
f 7797 7828 7827
f 7797 7828 7829
f 7797 7829 7828
f 7797 7829 7830
f 7797 7830 7829
f 7797 7830 7831
f 7797 7831 7830
f 7797 7831 7832
f 7797 7832 7831
f 7797 7832 7833
f 7797 7833 7832
f 7797 7833 7834
f 7797 7834 7833
f 7797 7834 7835
f 7797 7835 7834
f 7797 7835 7836
f 7797 7836 7835
f 7797 7836 7837
f 7797 7837 7836
f 7797 7837 7838
f 7797 7838 7837
f 7797 7838 7839
f 7797 7839 7838
f 7797 7839 7840
f 7797 7840 7839
f 7797 7840 7841
f 7797 7841 7840
f 7797 7841 7842
f 7797 7842 7841
v 0.003706 0.352222 -0.107548
v 0.004816 0.354769 -0.110470
v 0.003089 0.356195 -0.113872
v -0.000103 0.356195 -0.116270
v -0.003850 0.354769 -0.116983
v -0.006349 0.352222 -0.115103
v -0.007459 0.349675 -0.112180
v -0.005732 0.348249 -0.108779
v -0.002540 0.348249 -0.106380
v 0.001207 0.349675 -0.105668
v -0.012387 0.380656 -0.089481
v -0.011632 0.382388 -0.091468
v -0.012806 0.383358 -0.093782
v -0.014977 0.383358 -0.095412
v -0.017525 0.382388 -0.095897
v -0.019224 0.380656 -0.094619
v -0.019979 0.378924 -0.092631
v -0.018805 0.377954 -0.090318
v -0.016634 0.377954 -0.088687
v -0.014086 0.378924 -0.088203
f 7843 7844 7854
f 7843 7854 7853
f 7844 7845 7855
f 7844 7855 7854
f 7845 7846 7856
f 7845 7856 7855
f 7846 7847 7857
f 7846 7857 7856
f 7847 7848 7858
f 7847 7858 7857
f 7848 7849 7859
f 7848 7859 7858
f 7849 7850 7860
f 7849 7860 7859
f 7850 7851 7861
f 7850 7861 7860
f 7851 7852 7862
f 7851 7862 7861
f 7852 7843 7853
f 7852 7853 7862
v -0.015806 0.380656 -0.092050
v -0.013378 0.379949 -0.091280
v -0.010530 0.379742 -0.090931
v -0.007328 0.379954 -0.090935
v -0.003855 0.380489 -0.091211
v -0.000206 0.381232 -0.091662
v 0.003512 0.382057 -0.092182
v 0.007189 0.382833 -0.092661
v 0.010718 0.383434 -0.092993
v 0.014005 0.383747 -0.093082
v 0.016971 0.383680 -0.092851
v 0.019562 0.383167 -0.092245
v 0.021749 0.382175 -0.091235
v 0.023532 0.380704 -0.089821
v 0.024940 0.378787 -0.088032
v 0.026028 0.376489 -0.085923
v 0.026873 0.373904 -0.083572
v 0.027570 0.371144 -0.081073
v 0.028227 0.368335 -0.078533
v 0.028952 0.365607 -0.076062
v 0.029853 0.363088 -0.073766
v 0.031025 0.360892 -0.071742
v 0.032551 0.359115 -0.070071
v 0.034498 0.357838 -0.068821
v 0.032070 0.358545 -0.069591
v 0.029222 0.358752 -0.069940
v 0.026020 0.358539 -0.069936
v 0.022547 0.358005 -0.069660
v 0.018898 0.357262 -0.069209
v 0.015180 0.356437 -0.068689
v 0.011504 0.355661 -0.068210
v 0.007974 0.355060 -0.067878
v 0.004688 0.354747 -0.067789
v 0.001721 0.354814 -0.068020
v -0.000870 0.355327 -0.068626
v -0.003057 0.356319 -0.069636
v -0.004840 0.357790 -0.071050
v -0.006248 0.359707 -0.072839
v -0.007335 0.362005 -0.074948
v -0.008180 0.364590 -0.077299
v -0.008878 0.367350 -0.079798
v -0.009534 0.370159 -0.082338
v -0.010260 0.372886 -0.084809
v -0.011160 0.375405 -0.087105
v -0.012333 0.377602 -0.089129
v -0.013859 0.379379 -0.090800
f 7863 7864 7865
f 7863 7865 7864
f 7863 7865 7866
f 7863 7866 7865
f 7863 7866 7867
f 7863 7867 7866
f 7863 7867 7868
f 7863 7868 7867
f 7863 7868 7869
f 7863 7869 7868
f 7863 7869 7870
f 7863 7870 7869
f 7863 7870 7871
f 7863 7871 7870
f 7863 7871 7872
f 7863 7872 7871
f 7863 7872 7873
f 7863 7873 7872
f 7863 7873 7874
f 7863 7874 7873
f 7863 7874 7875
f 7863 7875 7874
f 7863 7875 7876
f 7863 7876 7875
f 7863 7876 7877
f 7863 7877 7876
f 7863 7877 7878
f 7863 7878 7877
f 7863 7878 7879
f 7863 7879 7878
f 7863 7879 7880
f 7863 7880 7879
f 7863 7880 7881
f 7863 7881 7880
f 7863 7881 7882
f 7863 7882 7881
f 7863 7882 7883
f 7863 7883 7882
f 7863 7883 7884
f 7863 7884 7883
f 7863 7884 7885
f 7863 7885 7884
f 7863 7885 7886
f 7863 7886 7885
f 7863 7886 7887
f 7863 7887 7886
f 7863 7887 7888
f 7863 7888 7887
f 7863 7888 7889
f 7863 7889 7888
f 7863 7889 7890
f 7863 7890 7889
f 7863 7890 7891
f 7863 7891 7890
f 7863 7891 7892
f 7863 7892 7891
f 7863 7892 7893
f 7863 7893 7892
f 7863 7893 7894
f 7863 7894 7893
f 7863 7894 7895
f 7863 7895 7894
f 7863 7895 7896
f 7863 7896 7895
f 7863 7896 7897
f 7863 7897 7896
f 7863 7897 7898
f 7863 7898 7897
f 7863 7898 7899
f 7863 7899 7898
f 7863 7899 7900
f 7863 7900 7899
f 7863 7900 7901
f 7863 7901 7900
f 7863 7901 7902
f 7863 7902 7901
f 7863 7902 7903
f 7863 7903 7902
f 7863 7903 7904
f 7863 7904 7903
f 7863 7904 7905
f 7863 7905 7904
f 7863 7905 7906
f 7863 7906 7905
f 7863 7906 7907
f 7863 7907 7906
f 7863 7907 7908
f 7863 7908 7907
v -0.012905 0.380656 -0.088907
v -0.012670 0.383190 -0.089928
v -0.013893 0.384610 -0.091968
v -0.015734 0.384610 -0.093963
v -0.017669 0.383190 -0.095345
v -0.018706 0.380656 -0.095192
v -0.018941 0.378122 -0.094171
v -0.017718 0.376703 -0.092132
v -0.015877 0.376703 -0.090137
v -0.013942 0.378122 -0.088754
v -0.028098 0.387283 -0.076748
v -0.027938 0.389007 -0.077442
v -0.028769 0.389972 -0.078829
v -0.030021 0.389972 -0.080185
v -0.031337 0.389007 -0.081125
v -0.032042 0.387283 -0.081022
v -0.032202 0.385560 -0.080327
v -0.031370 0.384595 -0.078940
v -0.030118 0.384595 -0.077584
v -0.028802 0.385560 -0.076644
f 7909 7910 7920
f 7909 7920 7919
f 7910 7911 7921
f 7910 7921 7920
f 7911 7912 7922
f 7911 7922 7921
f 7912 7913 7923
f 7912 7923 7922
f 7913 7914 7924
f 7913 7924 7923
f 7914 7915 7925
f 7914 7925 7924
f 7915 7916 7926
f 7915 7926 7925
f 7916 7917 7927
f 7916 7927 7926
f 7917 7918 7928
f 7917 7928 7927
f 7918 7909 7919
f 7918 7919 7928
v -0.030070 0.387283 -0.078885
v -0.027703 0.387613 -0.078422
v -0.025339 0.388208 -0.078096
v -0.022981 0.389273 -0.078013
v -0.020630 0.390921 -0.078232
v -0.018286 0.393154 -0.078752
v -0.015949 0.395859 -0.079517
v -0.013614 0.398827 -0.080417
v -0.011279 0.401779 -0.081309
v -0.008940 0.404412 -0.082037
v -0.006594 0.406445 -0.082454
v -0.004238 0.407660 -0.082449
v -0.001870 0.407942 -0.081961
v 0.000509 0.407288 -0.080990
v 0.002898 0.405818 -0.079597
v 0.005294 0.403747 -0.077894
v 0.007695 0.401357 -0.076026
v 0.010095 0.398952 -0.074150
v 0.012493 0.396809 -0.072409
v 0.014884 0.395138 -0.070913
v 0.017269 0.394053 -0.069719
v 0.019646 0.393550 -0.068826
v 0.022018 0.393517 -0.068176
v 0.024386 0.393750 -0.067663
v 0.022019 0.393421 -0.068126
v 0.019655 0.392825 -0.068452
v 0.017297 0.391760 -0.068534
v 0.014946 0.390112 -0.068316
v 0.012602 0.387879 -0.067796
v 0.010265 0.385174 -0.067031
v 0.007930 0.382206 -0.066131
v 0.005595 0.379254 -0.065239
v 0.003256 0.376621 -0.064511
v 0.000910 0.374588 -0.064094
v -0.001446 0.373373 -0.064099
v -0.003814 0.373092 -0.064587
v -0.006193 0.373745 -0.065558
v -0.008582 0.375215 -0.066951
v -0.010978 0.377286 -0.068654
v -0.013379 0.379676 -0.070522
v -0.015779 0.382081 -0.072398
v -0.018177 0.384224 -0.074138
v -0.020568 0.385895 -0.075635
v -0.022953 0.386980 -0.076829
v -0.025330 0.387483 -0.077722
v -0.027702 0.387517 -0.078372
f 7929 7930 7931
f 7929 7931 7930
f 7929 7931 7932
f 7929 7932 7931
f 7929 7932 7933
f 7929 7933 7932
f 7929 7933 7934
f 7929 7934 7933
f 7929 7934 7935
f 7929 7935 7934
f 7929 7935 7936
f 7929 7936 7935
f 7929 7936 7937
f 7929 7937 7936
f 7929 7937 7938
f 7929 7938 7937
f 7929 7938 7939
f 7929 7939 7938
f 7929 7939 7940
f 7929 7940 7939
f 7929 7940 7941
f 7929 7941 7940
f 7929 7941 7942
f 7929 7942 7941
f 7929 7942 7943
f 7929 7943 7942
f 7929 7943 7944
f 7929 7944 7943
f 7929 7944 7945
f 7929 7945 7944
f 7929 7945 7946
f 7929 7946 7945
f 7929 7946 7947
f 7929 7947 7946
f 7929 7947 7948
f 7929 7948 7947
f 7929 7948 7949
f 7929 7949 7948
f 7929 7949 7950
f 7929 7950 7949
f 7929 7950 7951
f 7929 7951 7950
f 7929 7951 7952
f 7929 7952 7951
f 7929 7952 7953
f 7929 7953 7952
f 7929 7953 7954
f 7929 7954 7953
f 7929 7954 7955
f 7929 7955 7954
f 7929 7955 7956
f 7929 7956 7955
f 7929 7956 7957
f 7929 7957 7956
f 7929 7957 7958
f 7929 7958 7957
f 7929 7958 7959
f 7929 7959 7958
f 7929 7959 7960
f 7929 7960 7959
f 7929 7960 7961
f 7929 7961 7960
f 7929 7961 7962
f 7929 7962 7961
f 7929 7962 7963
f 7929 7963 7962
f 7929 7963 7964
f 7929 7964 7963
f 7929 7964 7965
f 7929 7965 7964
f 7929 7965 7966
f 7929 7966 7965
f 7929 7966 7967
f 7929 7967 7966
f 7929 7967 7968
f 7929 7968 7967
f 7929 7968 7969
f 7929 7969 7968
f 7929 7969 7970
f 7929 7970 7969
f 7929 7970 7971
f 7929 7971 7970
f 7929 7971 7972
f 7929 7972 7971
f 7929 7972 7973
f 7929 7973 7972
f 7929 7973 7974
f 7929 7974 7973
v -0.013196 0.380656 -0.095438
v -0.015427 0.381920 -0.096410
v -0.017895 0.382627 -0.095373
v -0.019552 0.382627 -0.093222
v -0.019925 0.381920 -0.090570
v -0.018415 0.380656 -0.088662
v -0.016184 0.379393 -0.087689
v -0.013716 0.378685 -0.088727
v -0.012059 0.378685 -0.090878
v -0.011686 0.379393 -0.093529
v -0.006500 0.398417 -0.088553
v -0.008017 0.399276 -0.089215
v -0.009695 0.399758 -0.088509
v -0.010822 0.399758 -0.087046
v -0.011076 0.399276 -0.085243
v -0.010049 0.398417 -0.083945
v -0.008532 0.397558 -0.083284
v -0.006853 0.397077 -0.083990
v -0.005727 0.397077 -0.085452
v -0.005473 0.397558 -0.087255
f 7975 7976 7986
f 7975 7986 7985
f 7976 7977 7987
f 7976 7987 7986
f 7977 7978 7988
f 7977 7988 7987
f 7978 7979 7989
f 7978 7989 7988
f 7979 7980 7990
f 7979 7990 7989
f 7980 7981 7991
f 7980 7991 7990
f 7981 7982 7992
f 7981 7992 7991
f 7982 7983 7993
f 7982 7993 7992
f 7983 7984 7994
f 7983 7994 7993
f 7984 7975 7985
f 7984 7985 7994
v -0.008274 0.398417 -0.086249
v -0.007073 0.397950 -0.088217
v -0.006205 0.397722 -0.090487
v -0.005732 0.397780 -0.093118
v -0.005639 0.398113 -0.096096
v -0.005857 0.398669 -0.099356
v -0.006269 0.399365 -0.102793
v -0.006732 0.400099 -0.106277
v -0.007088 0.400755 -0.109663
v -0.007187 0.401226 -0.112815
v -0.006897 0.401416 -0.115613
v -0.006123 0.401256 -0.117970
v -0.004814 0.400711 -0.119839
v -0.002970 0.399779 -0.121220
v -0.000641 0.398498 -0.122160
v 0.002076 0.396937 -0.122746
v 0.005051 0.395189 -0.123097
v 0.008133 0.393365 -0.123352
v 0.011163 0.391577 -0.123653
v 0.013999 0.389930 -0.124131
v 0.016525 0.388506 -0.124891
v 0.018671 0.387357 -0.125998
v 0.020421 0.386494 -0.127465
v 0.021838 0.385870 -0.129236
v 0.020637 0.386338 -0.127268
v 0.019768 0.386565 -0.124998
v 0.019295 0.386508 -0.122367
v 0.019203 0.386175 -0.119389
v 0.019421 0.385619 -0.116129
v 0.019833 0.384922 -0.112692
v 0.020295 0.384189 -0.109208
v 0.020652 0.383533 -0.105821
v 0.020751 0.383062 -0.102670
v 0.020461 0.382872 -0.099872
v 0.019687 0.383031 -0.097515
v 0.018378 0.383577 -0.095646
v 0.016533 0.384508 -0.094265
v 0.014205 0.385790 -0.093325
v 0.011487 0.387351 -0.092739
v 0.008512 0.389099 -0.092387
v 0.005431 0.390923 -0.092133
v 0.002401 0.392710 -0.091832
v -0.000435 0.394358 -0.091354
v -0.002962 0.395781 -0.090594
v -0.005107 0.396930 -0.089487
v -0.006857 0.397794 -0.088020
f 7995 7996 7997
f 7995 7997 7996
f 7995 7997 7998
f 7995 7998 7997
f 7995 7998 7999
f 7995 7999 7998
f 7995 7999 8000
f 7995 8000 7999
f 7995 8000 8001
f 7995 8001 8000
f 7995 8001 8002
f 7995 8002 8001
f 7995 8002 8003
f 7995 8003 8002
f 7995 8003 8004
f 7995 8004 8003
f 7995 8004 8005
f 7995 8005 8004
f 7995 8005 8006
f 7995 8006 8005
f 7995 8006 8007
f 7995 8007 8006
f 7995 8007 8008
f 7995 8008 8007
f 7995 8008 8009
f 7995 8009 8008
f 7995 8009 8010
f 7995 8010 8009
f 7995 8010 8011
f 7995 8011 8010
f 7995 8011 8012
f 7995 8012 8011
f 7995 8012 8013
f 7995 8013 8012
f 7995 8013 8014
f 7995 8014 8013
f 7995 8014 8015
f 7995 8015 8014
f 7995 8015 8016
f 7995 8016 8015
f 7995 8016 8017
f 7995 8017 8016
f 7995 8017 8018
f 7995 8018 8017
f 7995 8018 8019
f 7995 8019 8018
f 7995 8019 8020
f 7995 8020 8019
f 7995 8020 8021
f 7995 8021 8020
f 7995 8021 8022
f 7995 8022 8021
f 7995 8022 8023
f 7995 8023 8022
f 7995 8023 8024
f 7995 8024 8023
f 7995 8024 8025
f 7995 8025 8024
f 7995 8025 8026
f 7995 8026 8025
f 7995 8026 8027
f 7995 8027 8026
f 7995 8027 8028
f 7995 8028 8027
f 7995 8028 8029
f 7995 8029 8028
f 7995 8029 8030
f 7995 8030 8029
f 7995 8030 8031
f 7995 8031 8030
f 7995 8031 8032
f 7995 8032 8031
f 7995 8032 8033
f 7995 8033 8032
f 7995 8033 8034
f 7995 8034 8033
f 7995 8034 8035
f 7995 8035 8034
f 7995 8035 8036
f 7995 8036 8035
f 7995 8036 8037
f 7995 8037 8036
f 7995 8037 8038
f 7995 8038 8037
f 7995 8038 8039
f 7995 8039 8038
f 7995 8039 8040
f 7995 8040 8039
v -0.018482 0.380656 -0.088715
v -0.016469 0.382308 -0.087856
v -0.014091 0.383233 -0.088933
v -0.012392 0.383233 -0.091050
v -0.011855 0.382308 -0.093605
v -0.013129 0.380656 -0.095385
v -0.015142 0.379004 -0.096243
v -0.017520 0.378079 -0.095166
v -0.019219 0.378079 -0.093049
v -0.019756 0.379004 -0.090495
v -0.028188 0.397936 -0.098260
v -0.026819 0.399060 -0.097676
v -0.025202 0.399689 -0.098408
v -0.024046 0.399689 -0.099848
v -0.023681 0.399060 -0.101585
v -0.024547 0.397936 -0.102795
v -0.025916 0.396813 -0.103379
v -0.027533 0.396184 -0.102647
v -0.028689 0.396184 -0.101207
v -0.029054 0.396813 -0.099470
f 8041 8042 8052
f 8041 8052 8051
f 8042 8043 8053
f 8042 8053 8052
f 8043 8044 8054
f 8043 8054 8053
f 8044 8045 8055
f 8044 8055 8054
f 8045 8046 8056
f 8045 8056 8055
f 8046 8047 8057
f 8046 8057 8056
f 8047 8048 8058
f 8047 8058 8057
f 8048 8049 8059
f 8048 8059 8058
f 8049 8050 8060
f 8049 8060 8059
f 8050 8041 8051
f 8050 8051 8060
v -0.026367 0.397936 -0.100527
v -0.027467 0.397436 -0.097721
v -0.028052 0.397452 -0.094501
v -0.028158 0.397951 -0.090895
v -0.027867 0.398848 -0.086971
v -0.027299 0.400024 -0.082825
v -0.026598 0.401333 -0.078572
v -0.025920 0.402620 -0.074336
v -0.025419 0.403729 -0.070243
v -0.025238 0.404515 -0.066408
v -0.025495 0.404862 -0.062924
v -0.026274 0.404683 -0.059860
v -0.027619 0.403936 -0.057251
v -0.029530 0.402619 -0.055096
v -0.031964 0.400777 -0.053361
v -0.034835 0.398495 -0.051978
v -0.038026 0.395892 -0.050853
v -0.041394 0.393110 -0.049869
v -0.044786 0.390305 -0.048904
v -0.048043 0.387634 -0.047832
v -0.051024 0.385242 -0.046537
v -0.053609 0.383247 -0.044924
v -0.055714 0.381736 -0.042926
v -0.057305 0.380741 -0.040514
v -0.056206 0.381242 -0.043321
v -0.055620 0.381225 -0.046540
v -0.055515 0.380727 -0.050146
v -0.055806 0.379829 -0.054070
v -0.056373 0.378654 -0.058216
v -0.057074 0.377344 -0.062470
v -0.057753 0.376057 -0.066705
v -0.058254 0.374949 -0.070798
v -0.058434 0.374162 -0.074633
v -0.058177 0.373816 -0.078117
v -0.057398 0.373994 -0.081181
v -0.056053 0.374742 -0.083790
v -0.054142 0.376059 -0.085945
v -0.051709 0.377900 -0.087680
v -0.048838 0.380182 -0.089063
v -0.045647 0.382786 -0.090189
v -0.042278 0.385568 -0.091172
v -0.038887 0.388373 -0.092137
v -0.035629 0.391044 -0.093209
v -0.032648 0.393436 -0.094504
v -0.030063 0.395430 -0.096117
v -0.027958 0.396942 -0.098115
f 8061 8062 8063
f 8061 8063 8062
f 8061 8063 8064
f 8061 8064 8063
f 8061 8064 8065
f 8061 8065 8064
f 8061 8065 8066
f 8061 8066 8065
f 8061 8066 8067
f 8061 8067 8066
f 8061 8067 8068
f 8061 8068 8067
f 8061 8068 8069
f 8061 8069 8068
f 8061 8069 8070
f 8061 8070 8069
f 8061 8070 8071
f 8061 8071 8070
f 8061 8071 8072
f 8061 8072 8071
f 8061 8072 8073
f 8061 8073 8072
f 8061 8073 8074
f 8061 8074 8073
f 8061 8074 8075
f 8061 8075 8074
f 8061 8075 8076
f 8061 8076 8075
f 8061 8076 8077
f 8061 8077 8076
f 8061 8077 8078
f 8061 8078 8077
f 8061 8078 8079
f 8061 8079 8078
f 8061 8079 8080
f 8061 8080 8079
f 8061 8080 8081
f 8061 8081 8080
f 8061 8081 8082
f 8061 8082 8081
f 8061 8082 8083
f 8061 8083 8082
f 8061 8083 8084
f 8061 8084 8083
f 8061 8084 8085
f 8061 8085 8084
f 8061 8085 8086
f 8061 8086 8085
f 8061 8086 8087
f 8061 8087 8086
f 8061 8087 8088
f 8061 8088 8087
f 8061 8088 8089
f 8061 8089 8088
f 8061 8089 8090
f 8061 8090 8089
f 8061 8090 8091
f 8061 8091 8090
f 8061 8091 8092
f 8061 8092 8091
f 8061 8092 8093
f 8061 8093 8092
f 8061 8093 8094
f 8061 8094 8093
f 8061 8094 8095
f 8061 8095 8094
f 8061 8095 8096
f 8061 8096 8095
f 8061 8096 8097
f 8061 8097 8096
f 8061 8097 8098
f 8061 8098 8097
f 8061 8098 8099
f 8061 8099 8098
f 8061 8099 8100
f 8061 8100 8099
f 8061 8100 8101
f 8061 8101 8100
f 8061 8101 8102
f 8061 8102 8101
f 8061 8102 8103
f 8061 8103 8102
f 8061 8103 8104
f 8061 8104 8103
f 8061 8104 8105
f 8061 8105 8104
f 8061 8105 8106
f 8061 8106 8105
v -0.004775 0.352222 -0.116581
v -0.006794 0.354788 -0.114215
v -0.006312 0.356225 -0.110435
v -0.004120 0.356225 -0.107098
v -0.000842 0.354788 -0.105155
v 0.002132 0.352222 -0.106070
v 0.004151 0.349656 -0.108436
v 0.003669 0.348219 -0.112216
v 0.001477 0.348219 -0.115553
v -0.001801 0.349656 -0.117496
v 0.015337 0.378697 -0.127388
v 0.013964 0.380442 -0.125779
v 0.014292 0.381419 -0.123208
v 0.015783 0.381419 -0.120940
v 0.018012 0.380442 -0.119618
v 0.020034 0.378697 -0.120240
v 0.021407 0.376952 -0.121849
v 0.021079 0.375975 -0.124420
v 0.019588 0.375975 -0.126689
v 0.017359 0.376952 -0.128010
f 8107 8108 8118
f 8107 8118 8117
f 8108 8109 8119
f 8108 8119 8118
f 8109 8110 8120
f 8109 8120 8119
f 8110 8111 8121
f 8110 8121 8120
f 8111 8112 8122
f 8111 8122 8121
f 8112 8113 8123
f 8112 8123 8122
f 8113 8114 8124
f 8113 8124 8123
f 8114 8115 8125
f 8114 8125 8124
f 8115 8116 8126
f 8115 8126 8125
f 8116 8107 8117
f 8116 8117 8126
v 0.017686 0.378697 -0.123814
v 0.015934 0.377908 -0.125106
v 0.013904 0.377400 -0.126229
v 0.011497 0.377269 -0.127124
v 0.008699 0.377530 -0.127784
v 0.005562 0.378132 -0.128238
v 0.002191 0.378968 -0.128551
v -0.001267 0.379892 -0.128811
v -0.004647 0.380736 -0.129119
v -0.007780 0.381334 -0.129576
v -0.010520 0.381537 -0.130270
v -0.012756 0.381235 -0.131269
v -0.014431 0.380370 -0.132606
v -0.015546 0.378943 -0.134283
v -0.016157 0.377011 -0.136263
v -0.016374 0.374684 -0.138482
v -0.016345 0.372110 -0.140849
v -0.016237 0.369457 -0.143264
v -0.016217 0.366892 -0.145626
v -0.016430 0.364561 -0.147847
v -0.016983 0.362571 -0.149863
v -0.017927 0.360973 -0.151642
v -0.019247 0.359752 -0.153194
v -0.020847 0.358811 -0.154578
v -0.019096 0.359600 -0.153286
v -0.017065 0.360108 -0.152163
v -0.014658 0.360239 -0.151268
v -0.011861 0.359978 -0.150608
v -0.008723 0.359376 -0.150154
v -0.005353 0.358540 -0.149841
v -0.001894 0.357616 -0.149581
v 0.001486 0.356771 -0.149273
v 0.004619 0.356174 -0.148816
v 0.007358 0.355971 -0.148122
v 0.009595 0.356273 -0.147123
v 0.011270 0.357138 -0.145786
v 0.012384 0.358565 -0.144109
v 0.012995 0.360497 -0.142129
v 0.013213 0.362824 -0.139910
v 0.013184 0.365397 -0.137543
v 0.013076 0.368051 -0.135128
v 0.013056 0.370616 -0.132766
v 0.013269 0.372947 -0.130545
v 0.013822 0.374937 -0.128529
v 0.014766 0.376535 -0.126750
v 0.016086 0.377756 -0.125197
f 8127 8128 8129
f 8127 8129 8128
f 8127 8129 8130
f 8127 8130 8129
f 8127 8130 8131
f 8127 8131 8130
f 8127 8131 8132
f 8127 8132 8131
f 8127 8132 8133
f 8127 8133 8132
f 8127 8133 8134
f 8127 8134 8133
f 8127 8134 8135
f 8127 8135 8134
f 8127 8135 8136
f 8127 8136 8135
f 8127 8136 8137
f 8127 8137 8136
f 8127 8137 8138
f 8127 8138 8137
f 8127 8138 8139
f 8127 8139 8138
f 8127 8139 8140
f 8127 8140 8139
f 8127 8140 8141
f 8127 8141 8140
f 8127 8141 8142
f 8127 8142 8141
f 8127 8142 8143
f 8127 8143 8142
f 8127 8143 8144
f 8127 8144 8143
f 8127 8144 8145
f 8127 8145 8144
f 8127 8145 8146
f 8127 8146 8145
f 8127 8146 8147
f 8127 8147 8146
f 8127 8147 8148
f 8127 8148 8147
f 8127 8148 8149
f 8127 8149 8148
f 8127 8149 8150
f 8127 8150 8149
f 8127 8150 8151
f 8127 8151 8150
f 8127 8151 8152
f 8127 8152 8151
f 8127 8152 8153
f 8127 8153 8152
f 8127 8153 8154
f 8127 8154 8153
f 8127 8154 8155
f 8127 8155 8154
f 8127 8155 8156
f 8127 8156 8155
f 8127 8156 8157
f 8127 8157 8156
f 8127 8157 8158
f 8127 8158 8157
f 8127 8158 8159
f 8127 8159 8158
f 8127 8159 8160
f 8127 8160 8159
f 8127 8160 8161
f 8127 8161 8160
f 8127 8161 8162
f 8127 8162 8161
f 8127 8162 8163
f 8127 8163 8162
f 8127 8163 8164
f 8127 8164 8163
f 8127 8164 8165
f 8127 8165 8164
f 8127 8165 8166
f 8127 8166 8165
f 8127 8166 8167
f 8127 8167 8166
f 8127 8167 8168
f 8127 8168 8167
f 8127 8168 8169
f 8127 8169 8168
f 8127 8169 8170
f 8127 8170 8169
f 8127 8170 8171
f 8127 8171 8170
f 8127 8171 8172
f 8127 8172 8171
v 0.015676 0.378697 -0.127589
v 0.016031 0.381373 -0.127109
v 0.017168 0.382872 -0.125076
v 0.018444 0.382872 -0.122680
v 0.019495 0.381373 -0.120602
v 0.019695 0.378697 -0.120039
v 0.019340 0.376020 -0.120519
v 0.018203 0.374521 -0.122552
v 0.016927 0.374521 -0.124948
v 0.015876 0.376020 -0.127026
v 0.033478 0.378060 -0.135514
v 0.033719 0.379880 -0.135188
v 0.034492 0.380900 -0.133806
v 0.035360 0.380900 -0.132177
v 0.036074 0.379880 -0.130763
v 0.036210 0.378060 -0.130381
v 0.035969 0.376240 -0.130707
v 0.035196 0.375221 -0.132089
v 0.034328 0.375221 -0.133719
v 0.033614 0.376240 -0.135132
f 8173 8174 8184
f 8173 8184 8183
f 8174 8175 8185
f 8174 8185 8184
f 8175 8176 8186
f 8175 8186 8185
f 8176 8177 8187
f 8176 8187 8186
f 8177 8178 8188
f 8177 8188 8187
f 8178 8179 8189
f 8178 8189 8188
f 8179 8180 8190
f 8179 8190 8189
f 8180 8181 8191
f 8180 8191 8190
f 8181 8182 8192
f 8181 8192 8191
f 8182 8173 8183
f 8182 8183 8192
v 0.034844 0.378060 -0.132948
v 0.032794 0.378854 -0.134170
v 0.030783 0.379849 -0.135333
v 0.028857 0.381282 -0.136365
v 0.027053 0.383337 -0.137213
v 0.025384 0.386085 -0.137855
v 0.023837 0.389455 -0.138312
v 0.022369 0.393234 -0.138648
v 0.020917 0.397093 -0.138960
v 0.019406 0.400648 -0.139363
v 0.017762 0.403525 -0.139966
v 0.015929 0.405429 -0.140859
v 0.013873 0.406195 -0.142090
v 0.011595 0.405825 -0.143658
v 0.009128 0.404482 -0.145515
v 0.006528 0.402460 -0.147574
v 0.003869 0.400134 -0.149723
v 0.001225 0.397890 -0.151848
v -0.001338 0.396053 -0.153852
v -0.003781 0.394838 -0.155671
v -0.006088 0.394317 -0.157284
v -0.008273 0.394418 -0.158712
v -0.010374 0.394956 -0.160011
v -0.012434 0.395696 -0.161249
v -0.010384 0.394902 -0.160027
v -0.008373 0.393907 -0.158864
v -0.006447 0.392474 -0.157831
v -0.004643 0.390420 -0.156984
v -0.002974 0.387671 -0.156342
v -0.001427 0.384301 -0.155884
v 0.000041 0.380523 -0.155548
v 0.001493 0.376664 -0.155236
v 0.003004 0.373109 -0.154834
v 0.004647 0.370231 -0.154231
v 0.006481 0.368328 -0.153338
v 0.008537 0.367561 -0.152107
v 0.010814 0.367931 -0.150539
v 0.013282 0.369275 -0.148682
v 0.015882 0.371297 -0.146623
v 0.018541 0.373622 -0.144474
v 0.021184 0.375867 -0.142349
v 0.023748 0.377703 -0.140345
v 0.026190 0.378918 -0.138526
v 0.028497 0.379439 -0.136913
v 0.030683 0.379339 -0.135484
v 0.032783 0.378800 -0.134186
f 8193 8194 8195
f 8193 8195 8194
f 8193 8195 8196
f 8193 8196 8195
f 8193 8196 8197
f 8193 8197 8196
f 8193 8197 8198
f 8193 8198 8197
f 8193 8198 8199
f 8193 8199 8198
f 8193 8199 8200
f 8193 8200 8199
f 8193 8200 8201
f 8193 8201 8200
f 8193 8201 8202
f 8193 8202 8201
f 8193 8202 8203
f 8193 8203 8202
f 8193 8203 8204
f 8193 8204 8203
f 8193 8204 8205
f 8193 8205 8204
f 8193 8205 8206
f 8193 8206 8205
f 8193 8206 8207
f 8193 8207 8206
f 8193 8207 8208
f 8193 8208 8207
f 8193 8208 8209
f 8193 8209 8208
f 8193 8209 8210
f 8193 8210 8209
f 8193 8210 8211
f 8193 8211 8210
f 8193 8211 8212
f 8193 8212 8211
f 8193 8212 8213
f 8193 8213 8212
f 8193 8213 8214
f 8193 8214 8213
f 8193 8214 8215
f 8193 8215 8214
f 8193 8215 8216
f 8193 8216 8215
f 8193 8216 8217
f 8193 8217 8216
f 8193 8217 8218
f 8193 8218 8217
f 8193 8218 8219
f 8193 8219 8218
f 8193 8219 8220
f 8193 8220 8219
f 8193 8220 8221
f 8193 8221 8220
f 8193 8221 8222
f 8193 8222 8221
f 8193 8222 8223
f 8193 8223 8222
f 8193 8223 8224
f 8193 8224 8223
f 8193 8224 8225
f 8193 8225 8224
f 8193 8225 8226
f 8193 8226 8225
f 8193 8226 8227
f 8193 8227 8226
f 8193 8227 8228
f 8193 8228 8227
f 8193 8228 8229
f 8193 8229 8228
f 8193 8229 8230
f 8193 8230 8229
f 8193 8230 8231
f 8193 8231 8230
f 8193 8231 8232
f 8193 8232 8231
f 8193 8232 8233
f 8193 8233 8232
f 8193 8233 8234
f 8193 8234 8233
f 8193 8234 8235
f 8193 8235 8234
f 8193 8235 8236
f 8193 8236 8235
f 8193 8236 8237
f 8193 8237 8236
f 8193 8237 8238
f 8193 8238 8237
v 0.034844 0.378060 -0.132948
v 0.035310 0.377781 -0.130552
v 0.035758 0.377276 -0.128176
v 0.036167 0.376303 -0.125841
v 0.036521 0.374685 -0.123562
v 0.036817 0.372362 -0.121343
v 0.037062 0.369422 -0.119179
v 0.037274 0.366088 -0.117049
v 0.037481 0.362694 -0.114924
v 0.037715 0.359623 -0.112771
v 0.038006 0.357247 -0.110557
v 0.038380 0.355855 -0.108258
v 0.038849 0.355608 -0.105860
v 0.039413 0.356505 -0.103362
v 0.040060 0.358386 -0.100779
v 0.040764 0.360962 -0.098136
v 0.041495 0.363862 -0.095464
v 0.042221 0.366700 -0.092798
v 0.042915 0.369147 -0.090165
v 0.043557 0.370974 -0.087587
v 0.044140 0.372098 -0.085069
v 0.044669 0.372576 -0.082608
v 0.045160 0.372586 -0.080187
v 0.045631 0.372371 -0.077786
v 0.045165 0.372650 -0.080182
v 0.044718 0.373155 -0.082558
v 0.044309 0.374128 -0.084893
v 0.043954 0.375746 -0.087172
v 0.043658 0.378069 -0.089390
v 0.043413 0.381010 -0.091555
v 0.043202 0.384343 -0.093685
v 0.042995 0.387737 -0.095810
v 0.042761 0.390808 -0.097963
v 0.042469 0.393184 -0.100177
v 0.042096 0.394576 -0.102476
v 0.041627 0.394823 -0.104874
v 0.041062 0.393926 -0.107372
v 0.040416 0.392045 -0.109955
v 0.039712 0.389469 -0.112598
v 0.038980 0.386570 -0.115270
v 0.038254 0.383731 -0.117936
v 0.037561 0.381285 -0.120569
v 0.036919 0.379457 -0.123147
v 0.036336 0.378333 -0.125665
v 0.035806 0.377855 -0.128126
v 0.035316 0.377845 -0.130547
f 8239 8240 8241
f 8239 8241 8240
f 8239 8241 8242
f 8239 8242 8241
f 8239 8242 8243
f 8239 8243 8242
f 8239 8243 8244
f 8239 8244 8243
f 8239 8244 8245
f 8239 8245 8244
f 8239 8245 8246
f 8239 8246 8245
f 8239 8246 8247
f 8239 8247 8246
f 8239 8247 8248
f 8239 8248 8247
f 8239 8248 8249
f 8239 8249 8248
f 8239 8249 8250
f 8239 8250 8249
f 8239 8250 8251
f 8239 8251 8250
f 8239 8251 8252
f 8239 8252 8251
f 8239 8252 8253
f 8239 8253 8252
f 8239 8253 8254
f 8239 8254 8253
f 8239 8254 8255
f 8239 8255 8254
f 8239 8255 8256
f 8239 8256 8255
f 8239 8256 8257
f 8239 8257 8256
f 8239 8257 8258
f 8239 8258 8257
f 8239 8258 8259
f 8239 8259 8258
f 8239 8259 8260
f 8239 8260 8259
f 8239 8260 8261
f 8239 8261 8260
f 8239 8261 8262
f 8239 8262 8261
f 8239 8262 8263
f 8239 8263 8262
f 8239 8263 8264
f 8239 8264 8263
f 8239 8264 8265
f 8239 8265 8264
f 8239 8265 8266
f 8239 8266 8265
f 8239 8266 8267
f 8239 8267 8266
f 8239 8267 8268
f 8239 8268 8267
f 8239 8268 8269
f 8239 8269 8268
f 8239 8269 8270
f 8239 8270 8269
f 8239 8270 8271
f 8239 8271 8270
f 8239 8271 8272
f 8239 8272 8271
f 8239 8272 8273
f 8239 8273 8272
f 8239 8273 8274
f 8239 8274 8273
f 8239 8274 8275
f 8239 8275 8274
f 8239 8275 8276
f 8239 8276 8275
f 8239 8276 8277
f 8239 8277 8276
f 8239 8277 8278
f 8239 8278 8277
f 8239 8278 8279
f 8239 8279 8278
f 8239 8279 8280
f 8239 8280 8279
f 8239 8280 8281
f 8239 8281 8280
f 8239 8281 8282
f 8239 8282 8281
f 8239 8282 8283
f 8239 8283 8282
f 8239 8283 8284
f 8239 8284 8283
v 0.013411 0.378697 -0.123708
v 0.014050 0.380474 -0.121721
v 0.016406 0.381470 -0.120657
v 0.019120 0.381470 -0.120724
v 0.021420 0.380474 -0.121903
v 0.021960 0.378697 -0.123920
v 0.021321 0.376919 -0.125907
v 0.018965 0.375924 -0.126971
v 0.016251 0.375924 -0.126904
v 0.013951 0.376919 -0.125725
v 0.014422 0.394953 -0.138165
v 0.014857 0.396162 -0.136813
v 0.016459 0.396839 -0.136090
v 0.018304 0.396839 -0.136136
v 0.019868 0.396162 -0.136937
v 0.020236 0.394953 -0.138309
v 0.019801 0.393744 -0.139660
v 0.018199 0.393068 -0.140384
v 0.016354 0.393068 -0.140338
v 0.014790 0.393744 -0.139536
f 8285 8286 8296
f 8285 8296 8295
f 8286 8287 8297
f 8286 8297 8296
f 8287 8288 8298
f 8287 8298 8297
f 8288 8289 8299
f 8288 8299 8298
f 8289 8290 8300
f 8289 8300 8299
f 8290 8291 8301
f 8290 8301 8300
f 8291 8292 8302
f 8291 8302 8301
f 8292 8293 8303
f 8292 8303 8302
f 8293 8294 8304
f 8293 8304 8303
f 8294 8285 8295
f 8294 8295 8304
v 0.017329 0.394953 -0.138237
v 0.014843 0.394504 -0.137769
v 0.012353 0.394306 -0.137019
v 0.009857 0.394504 -0.135822
v 0.007352 0.395160 -0.134109
v 0.004840 0.396249 -0.131907
v 0.002323 0.397668 -0.129333
v -0.000197 0.399250 -0.126576
v -0.002716 0.400786 -0.123870
v -0.005231 0.402057 -0.121463
v -0.007738 0.402865 -0.119579
v -0.010235 0.403058 -0.118387
v -0.012720 0.402556 -0.117979
v -0.015193 0.401359 -0.118355
v -0.017656 0.399548 -0.119423
v -0.020111 0.397273 -0.121015
v -0.022562 0.394733 -0.122905
v -0.025011 0.392148 -0.124846
v -0.027464 0.389725 -0.126604
v -0.029922 0.387632 -0.127991
v -0.032387 0.385973 -0.128888
v -0.034861 0.384771 -0.129269
v -0.037340 0.383966 -0.129203
v -0.039824 0.383411 -0.128855
v -0.037339 0.383859 -0.129323
v -0.034849 0.384058 -0.130073
v -0.032352 0.383860 -0.131270
v -0.029847 0.383204 -0.132983
v -0.027336 0.382115 -0.135185
v -0.024818 0.380696 -0.137759
v -0.022298 0.379114 -0.140517
v -0.019779 0.377578 -0.143222
v -0.017264 0.376307 -0.145629
v -0.014757 0.375499 -0.147514
v -0.012260 0.375306 -0.148706
v -0.009775 0.375808 -0.149113
v -0.007302 0.377005 -0.148737
v -0.004839 0.378816 -0.147669
v -0.002384 0.381091 -0.146077
v 0.000066 0.383631 -0.144187
v 0.002516 0.386216 -0.142246
v 0.004969 0.388639 -0.140488
v 0.007427 0.390732 -0.139102
v 0.009892 0.392391 -0.138205
v 0.012365 0.393593 -0.137823
v 0.014845 0.394398 -0.137889
f 8305 8306 8307
f 8305 8307 8306
f 8305 8307 8308
f 8305 8308 8307
f 8305 8308 8309
f 8305 8309 8308
f 8305 8309 8310
f 8305 8310 8309
f 8305 8310 8311
f 8305 8311 8310
f 8305 8311 8312
f 8305 8312 8311
f 8305 8312 8313
f 8305 8313 8312
f 8305 8313 8314
f 8305 8314 8313
f 8305 8314 8315
f 8305 8315 8314
f 8305 8315 8316
f 8305 8316 8315
f 8305 8316 8317
f 8305 8317 8316
f 8305 8317 8318
f 8305 8318 8317
f 8305 8318 8319
f 8305 8319 8318
f 8305 8319 8320
f 8305 8320 8319
f 8305 8320 8321
f 8305 8321 8320
f 8305 8321 8322
f 8305 8322 8321
f 8305 8322 8323
f 8305 8323 8322
f 8305 8323 8324
f 8305 8324 8323
f 8305 8324 8325
f 8305 8325 8324
f 8305 8325 8326
f 8305 8326 8325
f 8305 8326 8327
f 8305 8327 8326
f 8305 8327 8328
f 8305 8328 8327
f 8305 8328 8329
f 8305 8329 8328
f 8305 8329 8330
f 8305 8330 8329
f 8305 8330 8331
f 8305 8331 8330
f 8305 8331 8332
f 8305 8332 8331
f 8305 8332 8333
f 8305 8333 8332
f 8305 8333 8334
f 8305 8334 8333
f 8305 8334 8335
f 8305 8335 8334
f 8305 8335 8336
f 8305 8336 8335
f 8305 8336 8337
f 8305 8337 8336
f 8305 8337 8338
f 8305 8338 8337
f 8305 8338 8339
f 8305 8339 8338
f 8305 8339 8340
f 8305 8340 8339
f 8305 8340 8341
f 8305 8341 8340
f 8305 8341 8342
f 8305 8342 8341
f 8305 8342 8343
f 8305 8343 8342
f 8305 8343 8344
f 8305 8344 8343
f 8305 8344 8345
f 8305 8345 8344
f 8305 8345 8346
f 8305 8346 8345
f 8305 8346 8347
f 8305 8347 8346
f 8305 8347 8348
f 8305 8348 8347
f 8305 8348 8349
f 8305 8349 8348
f 8305 8349 8350
f 8305 8350 8349
v 0.019809 0.378697 -0.127526
v 0.017663 0.380313 -0.128073
v 0.015469 0.381219 -0.126646
v 0.014121 0.381219 -0.124290
v 0.014002 0.380313 -0.121675
v 0.015562 0.378697 -0.120103
v 0.017708 0.377080 -0.119555
v 0.019902 0.376174 -0.120982
v 0.021250 0.376174 -0.123338
v 0.021369 0.377080 -0.125953
v 0.028538 0.393008 -0.120954
v 0.027078 0.394107 -0.121327
v 0.025586 0.394723 -0.120356
v 0.024669 0.394723 -0.118754
v 0.024589 0.394107 -0.116976
v 0.025649 0.393008 -0.115907
v 0.027108 0.391908 -0.115534
v 0.028600 0.391293 -0.116505
v 0.029517 0.391293 -0.118107
v 0.029598 0.391908 -0.119885
f 8351 8352 8362
f 8351 8362 8361
f 8352 8353 8363
f 8352 8363 8362
f 8353 8354 8364
f 8353 8364 8363
f 8354 8355 8365
f 8354 8365 8364
f 8355 8356 8366
f 8355 8366 8365
f 8356 8357 8367
f 8356 8367 8366
f 8357 8358 8368
f 8357 8368 8367
f 8358 8359 8369
f 8358 8369 8368
f 8359 8360 8370
f 8359 8370 8369
f 8360 8351 8361
f 8360 8361 8370
v 0.027093 0.393008 -0.118430
v 0.028201 0.392483 -0.120529
v 0.029025 0.392239 -0.122879
v 0.029478 0.392362 -0.125555
v 0.029554 0.392857 -0.128564
v 0.029310 0.393670 -0.131856
v 0.028849 0.394697 -0.135338
v 0.028313 0.395798 -0.138886
v 0.027861 0.396816 -0.142361
v 0.027651 0.397595 -0.145622
v 0.027822 0.397997 -0.148547
v 0.028474 0.397922 -0.151048
v 0.029663 0.397317 -0.153075
v 0.031389 0.396181 -0.154629
v 0.033597 0.394568 -0.155758
v 0.036185 0.392579 -0.156551
v 0.039015 0.390351 -0.157131
v 0.041929 0.388039 -0.157637
v 0.044768 0.385802 -0.158209
v 0.047391 0.383778 -0.158972
v 0.049693 0.382073 -0.160018
v 0.051618 0.380739 -0.161396
v 0.053173 0.379772 -0.163101
v 0.054443 0.379087 -0.165057
v 0.053335 0.379612 -0.162958
v 0.052512 0.379855 -0.160608
v 0.052059 0.379733 -0.157932
v 0.051982 0.379237 -0.154923
v 0.052227 0.378424 -0.151632
v 0.052688 0.377397 -0.148149
v 0.053224 0.376296 -0.144601
v 0.053676 0.375279 -0.141126
v 0.053885 0.374500 -0.137865
v 0.053715 0.374098 -0.134940
v 0.053063 0.374172 -0.132439
v 0.051873 0.374777 -0.130412
v 0.050148 0.375913 -0.128858
v 0.047940 0.377526 -0.127729
v 0.045352 0.379515 -0.126936
v 0.042522 0.381744 -0.126356
v 0.039608 0.384055 -0.125850
v 0.036768 0.386293 -0.125278
v 0.034145 0.388316 -0.124515
v 0.031844 0.390022 -0.123469
v 0.029919 0.391355 -0.122091
v 0.028364 0.392322 -0.120386
f 8371 8372 8373
f 8371 8373 8372
f 8371 8373 8374
f 8371 8374 8373
f 8371 8374 8375
f 8371 8375 8374
f 8371 8375 8376
f 8371 8376 8375
f 8371 8376 8377
f 8371 8377 8376
f 8371 8377 8378
f 8371 8378 8377
f 8371 8378 8379
f 8371 8379 8378
f 8371 8379 8380
f 8371 8380 8379
f 8371 8380 8381
f 8371 8381 8380
f 8371 8381 8382
f 8371 8382 8381
f 8371 8382 8383
f 8371 8383 8382
f 8371 8383 8384
f 8371 8384 8383
f 8371 8384 8385
f 8371 8385 8384
f 8371 8385 8386
f 8371 8386 8385
f 8371 8386 8387
f 8371 8387 8386
f 8371 8387 8388
f 8371 8388 8387
f 8371 8388 8389
f 8371 8389 8388
f 8371 8389 8390
f 8371 8390 8389
f 8371 8390 8391
f 8371 8391 8390
f 8371 8391 8392
f 8371 8392 8391
f 8371 8392 8393
f 8371 8393 8392
f 8371 8393 8394
f 8371 8394 8393
f 8371 8394 8395
f 8371 8395 8394
f 8371 8395 8396
f 8371 8396 8395
f 8371 8396 8397
f 8371 8397 8396
f 8371 8397 8398
f 8371 8398 8397
f 8371 8398 8399
f 8371 8399 8398
f 8371 8399 8400
f 8371 8400 8399
f 8371 8400 8401
f 8371 8401 8400
f 8371 8401 8402
f 8371 8402 8401
f 8371 8402 8403
f 8371 8403 8402
f 8371 8403 8404
f 8371 8404 8403
f 8371 8404 8405
f 8371 8405 8404
f 8371 8405 8406
f 8371 8406 8405
f 8371 8406 8407
f 8371 8407 8406
f 8371 8407 8408
f 8371 8408 8407
f 8371 8408 8409
f 8371 8409 8408
f 8371 8409 8410
f 8371 8410 8409
f 8371 8410 8411
f 8371 8411 8410
f 8371 8411 8412
f 8371 8412 8411
f 8371 8412 8413
f 8371 8413 8412
f 8371 8413 8414
f 8371 8414 8413
f 8371 8414 8415
f 8371 8415 8414
f 8371 8415 8416
f 8371 8416 8415
v 0.022335 0.297106 -0.097320
v 0.018476 0.301483 -0.096264
v 0.016065 0.303935 -0.091360
v 0.015726 0.303935 -0.085499
v 0.017555 0.301483 -0.080349
v 0.021266 0.297106 -0.078855
v 0.025125 0.292728 -0.079911
v 0.027536 0.290277 -0.084815
v 0.027875 0.290277 -0.090676
v 0.026046 0.292728 -0.095826
v 0.070181 0.338764 -0.091586
v 0.067557 0.341741 -0.090868
v 0.065918 0.343408 -0.087533
v 0.065687 0.343408 -0.083547
v 0.066930 0.341741 -0.080045
v 0.069454 0.338764 -0.079029
v 0.072078 0.335787 -0.079747
v 0.073717 0.334120 -0.083082
v 0.073948 0.334120 -0.087068
v 0.072705 0.335787 -0.090570
f 8417 8418 8428
f 8417 8428 8427
f 8418 8419 8429
f 8418 8429 8428
f 8419 8420 8430
f 8419 8430 8429
f 8420 8421 8431
f 8420 8431 8430
f 8421 8422 8432
f 8421 8432 8431
f 8422 8423 8433
f 8422 8433 8432
f 8423 8424 8434
f 8423 8434 8433
f 8424 8425 8435
f 8424 8435 8434
f 8425 8426 8436
f 8425 8436 8435
f 8426 8417 8427
f 8426 8427 8436
v 0.070278 0.338764 -0.091579
v 0.069720 0.342671 -0.090749
v 0.069193 0.344858 -0.087355
v 0.068901 0.344858 -0.083373
v 0.068927 0.342671 -0.079938
v 0.069357 0.338764 -0.079036
v 0.069915 0.334857 -0.079865
v 0.070442 0.332669 -0.083260
v 0.070734 0.332669 -0.087242
v 0.070708 0.334857 -0.090677
v 0.109162 0.343725 -0.086707
v 0.108783 0.346382 -0.086143
v 0.108425 0.347869 -0.083835
v 0.108226 0.347869 -0.081127
v 0.108244 0.346382 -0.078791
v 0.108536 0.343725 -0.078178
v 0.108915 0.341069 -0.078742
v 0.109274 0.339581 -0.081050
v 0.109473 0.339581 -0.083758
v 0.109455 0.341069 -0.086094
f 8437 8438 8448
f 8437 8448 8447
f 8438 8439 8449
f 8438 8449 8448
f 8439 8440 8450
f 8439 8450 8449
f 8440 8441 8451
f 8440 8451 8450
f 8441 8442 8452
f 8441 8452 8451
f 8442 8443 8453
f 8442 8453 8452
f 8443 8444 8454
f 8443 8454 8453
f 8444 8445 8455
f 8444 8455 8454
f 8445 8446 8456
f 8445 8456 8455
f 8446 8437 8447
f 8446 8447 8456
v 0.108849 0.343725 -0.082443
v 0.108391 0.344454 -0.085070
v 0.107877 0.345561 -0.087594
v 0.107273 0.347276 -0.089955
v 0.106566 0.349702 -0.092123
v 0.105758 0.352806 -0.094107
v 0.104874 0.356433 -0.095950
v 0.103951 0.360323 -0.097723
v 0.103037 0.364149 -0.099512
v 0.102183 0.367567 -0.101412
v 0.101436 0.370265 -0.103506
v 0.100829 0.372003 -0.105860
v 0.100382 0.372654 -0.108508
v 0.100095 0.372217 -0.111451
v 0.099948 0.370820 -0.114653
v 0.099908 0.368703 -0.118050
v 0.099928 0.366178 -0.121557
v 0.099957 0.363590 -0.125081
v 0.099947 0.361264 -0.128534
v 0.099861 0.359461 -0.131846
v 0.099675 0.358336 -0.134974
v 0.099385 0.357922 -0.137911
v 0.099005 0.358116 -0.140682
v 0.098569 0.358689 -0.143352
v 0.099028 0.357960 -0.140724
v 0.099542 0.356853 -0.138200
v 0.100145 0.355138 -0.135839
v 0.100853 0.352712 -0.133671
v 0.101661 0.349607 -0.131687
v 0.102545 0.345980 -0.129844
v 0.103468 0.342091 -0.128071
v 0.104382 0.338265 -0.126282
v 0.105235 0.334846 -0.124383
v 0.105983 0.332149 -0.122288
v 0.106590 0.330411 -0.119934
v 0.107037 0.329760 -0.117286
v 0.107324 0.330197 -0.114343
v 0.107470 0.331593 -0.111142
v 0.107510 0.333711 -0.107745
v 0.107491 0.336236 -0.104238
v 0.107462 0.338824 -0.100713
v 0.107471 0.341150 -0.097260
v 0.107557 0.342953 -0.093948
v 0.107744 0.344078 -0.090820
v 0.108034 0.344492 -0.087884
v 0.108414 0.344298 -0.085112
f 8457 8458 8459
f 8457 8459 8458
f 8457 8459 8460
f 8457 8460 8459
f 8457 8460 8461
f 8457 8461 8460
f 8457 8461 8462
f 8457 8462 8461
f 8457 8462 8463
f 8457 8463 8462
f 8457 8463 8464
f 8457 8464 8463
f 8457 8464 8465
f 8457 8465 8464
f 8457 8465 8466
f 8457 8466 8465
f 8457 8466 8467
f 8457 8467 8466
f 8457 8467 8468
f 8457 8468 8467
f 8457 8468 8469
f 8457 8469 8468
f 8457 8469 8470
f 8457 8470 8469
f 8457 8470 8471
f 8457 8471 8470
f 8457 8471 8472
f 8457 8472 8471
f 8457 8472 8473
f 8457 8473 8472
f 8457 8473 8474
f 8457 8474 8473
f 8457 8474 8475
f 8457 8475 8474
f 8457 8475 8476
f 8457 8476 8475
f 8457 8476 8477
f 8457 8477 8476
f 8457 8477 8478
f 8457 8478 8477
f 8457 8478 8479
f 8457 8479 8478
f 8457 8479 8480
f 8457 8480 8479
f 8457 8480 8481
f 8457 8481 8480
f 8457 8481 8482
f 8457 8482 8481
f 8457 8482 8483
f 8457 8483 8482
f 8457 8483 8484
f 8457 8484 8483
f 8457 8484 8485
f 8457 8485 8484
f 8457 8485 8486
f 8457 8486 8485
f 8457 8486 8487
f 8457 8487 8486
f 8457 8487 8488
f 8457 8488 8487
f 8457 8488 8489
f 8457 8489 8488
f 8457 8489 8490
f 8457 8490 8489
f 8457 8490 8491
f 8457 8491 8490
f 8457 8491 8492
f 8457 8492 8491
f 8457 8492 8493
f 8457 8493 8492
f 8457 8493 8494
f 8457 8494 8493
f 8457 8494 8495
f 8457 8495 8494
f 8457 8495 8496
f 8457 8496 8495
f 8457 8496 8497
f 8457 8497 8496
f 8457 8497 8498
f 8457 8498 8497
f 8457 8498 8499
f 8457 8499 8498
f 8457 8499 8500
f 8457 8500 8499
f 8457 8500 8501
f 8457 8501 8500
f 8457 8501 8502
f 8457 8502 8501
v 0.109891 0.343725 -0.086590
v 0.110577 0.346263 -0.085809
v 0.110475 0.347684 -0.083434
v 0.109814 0.347684 -0.080801
v 0.108782 0.346263 -0.078659
v 0.107808 0.343725 -0.078295
v 0.107122 0.341188 -0.079076
v 0.107224 0.339767 -0.081451
v 0.107885 0.339767 -0.084084
v 0.108917 0.341188 -0.086226
v 0.130283 0.336518 -0.080060
v 0.130750 0.338243 -0.079529
v 0.130681 0.339210 -0.077914
v 0.130231 0.339210 -0.076123
v 0.129530 0.338243 -0.074667
v 0.128867 0.336518 -0.074419
v 0.128401 0.334792 -0.074950
v 0.128470 0.333826 -0.076565
v 0.128920 0.333826 -0.078356
v 0.129621 0.334792 -0.079812
f 8503 8504 8514
f 8503 8514 8513
f 8504 8505 8515
f 8504 8515 8514
f 8505 8506 8516
f 8505 8516 8515
f 8506 8507 8517
f 8506 8517 8516
f 8507 8508 8518
f 8507 8518 8517
f 8508 8509 8519
f 8508 8519 8518
f 8509 8510 8520
f 8509 8520 8519
f 8510 8511 8521
f 8510 8521 8520
f 8511 8512 8522
f 8511 8522 8521
f 8512 8503 8513
f 8512 8513 8522
v 0.129575 0.336518 -0.077239
v 0.129423 0.337648 -0.079572
v 0.129342 0.339080 -0.081773
v 0.129384 0.341027 -0.083747
v 0.129574 0.343601 -0.085447
v 0.129912 0.346793 -0.086876
v 0.130366 0.350476 -0.088090
v 0.130883 0.354424 -0.089188
v 0.131393 0.358341 -0.090299
v 0.131820 0.361909 -0.091563
v 0.132095 0.364836 -0.093108
v 0.132163 0.366897 -0.095033
v 0.131997 0.367970 -0.097391
v 0.131596 0.368055 -0.100181
v 0.130990 0.367275 -0.103352
v 0.130231 0.365853 -0.106804
v 0.129389 0.364082 -0.110408
v 0.128539 0.362281 -0.114026
v 0.127753 0.360744 -0.117528
v 0.127083 0.359698 -0.120815
v 0.126560 0.359271 -0.123831
v 0.126187 0.359470 -0.126572
v 0.125935 0.360184 -0.129087
v 0.125756 0.361200 -0.131470
v 0.125908 0.360070 -0.129137
v 0.125989 0.358638 -0.126936
v 0.125947 0.356691 -0.124962
v 0.125757 0.354117 -0.123262
v 0.125419 0.350925 -0.121833
v 0.124965 0.347242 -0.120619
v 0.124448 0.343294 -0.119522
v 0.123938 0.339378 -0.118410
v 0.123511 0.335809 -0.117147
v 0.123236 0.332882 -0.115601
v 0.123168 0.330821 -0.113676
v 0.123334 0.329748 -0.111319
v 0.123735 0.329663 -0.108528
v 0.124341 0.330443 -0.105357
v 0.125100 0.331866 -0.101906
v 0.125942 0.333636 -0.098301
v 0.126792 0.335437 -0.094683
v 0.127578 0.336974 -0.091181
v 0.128248 0.338020 -0.087894
v 0.128771 0.338447 -0.084879
v 0.129144 0.338249 -0.082137
v 0.129396 0.337534 -0.079622
f 8523 8524 8525
f 8523 8525 8524
f 8523 8525 8526
f 8523 8526 8525
f 8523 8526 8527
f 8523 8527 8526
f 8523 8527 8528
f 8523 8528 8527
f 8523 8528 8529
f 8523 8529 8528
f 8523 8529 8530
f 8523 8530 8529
f 8523 8530 8531
f 8523 8531 8530
f 8523 8531 8532
f 8523 8532 8531
f 8523 8532 8533
f 8523 8533 8532
f 8523 8533 8534
f 8523 8534 8533
f 8523 8534 8535
f 8523 8535 8534
f 8523 8535 8536
f 8523 8536 8535
f 8523 8536 8537
f 8523 8537 8536
f 8523 8537 8538
f 8523 8538 8537
f 8523 8538 8539
f 8523 8539 8538
f 8523 8539 8540
f 8523 8540 8539
f 8523 8540 8541
f 8523 8541 8540
f 8523 8541 8542
f 8523 8542 8541
f 8523 8542 8543
f 8523 8543 8542
f 8523 8543 8544
f 8523 8544 8543
f 8523 8544 8545
f 8523 8545 8544
f 8523 8545 8546
f 8523 8546 8545
f 8523 8546 8547
f 8523 8547 8546
f 8523 8547 8548
f 8523 8548 8547
f 8523 8548 8549
f 8523 8549 8548
f 8523 8549 8550
f 8523 8550 8549
f 8523 8550 8551
f 8523 8551 8550
f 8523 8551 8552
f 8523 8552 8551
f 8523 8552 8553
f 8523 8553 8552
f 8523 8553 8554
f 8523 8554 8553
f 8523 8554 8555
f 8523 8555 8554
f 8523 8555 8556
f 8523 8556 8555
f 8523 8556 8557
f 8523 8557 8556
f 8523 8557 8558
f 8523 8558 8557
f 8523 8558 8559
f 8523 8559 8558
f 8523 8559 8560
f 8523 8560 8559
f 8523 8560 8561
f 8523 8561 8560
f 8523 8561 8562
f 8523 8562 8561
f 8523 8562 8563
f 8523 8563 8562
f 8523 8563 8564
f 8523 8564 8563
f 8523 8564 8565
f 8523 8565 8564
f 8523 8565 8566
f 8523 8566 8565
f 8523 8566 8567
f 8523 8567 8566
f 8523 8567 8568
f 8523 8568 8567
v 0.105493 0.343725 -0.085092
v 0.105146 0.346062 -0.083700
v 0.106520 0.347371 -0.081682
v 0.108651 0.347371 -0.080001
v 0.110932 0.346062 -0.079133
v 0.112206 0.343725 -0.079793
v 0.112553 0.341388 -0.081185
v 0.111179 0.340079 -0.083203
v 0.109048 0.340079 -0.084885
v 0.106766 0.341388 -0.085752
v 0.117683 0.353764 -0.098328
v 0.117447 0.355353 -0.097381
v 0.118382 0.356243 -0.096009
v 0.119831 0.356243 -0.094865
v 0.121382 0.355353 -0.094275
v 0.122248 0.353764 -0.094724
v 0.122484 0.352174 -0.095671
v 0.121549 0.351285 -0.097043
v 0.120100 0.351285 -0.098186
v 0.118549 0.352174 -0.098777
f 8569 8570 8580
f 8569 8580 8579
f 8570 8571 8581
f 8570 8581 8580
f 8571 8572 8582
f 8571 8582 8581
f 8572 8573 8583
f 8572 8583 8582
f 8573 8574 8584
f 8573 8584 8583
f 8574 8575 8585
f 8574 8585 8584
f 8575 8576 8586
f 8575 8586 8585
f 8576 8577 8587
f 8576 8587 8586
f 8577 8578 8588
f 8577 8588 8587
f 8578 8569 8579
f 8578 8579 8588
v 0.119965 0.353764 -0.096526
v 0.117390 0.353136 -0.097745
v 0.114719 0.352726 -0.098884
v 0.111845 0.352787 -0.099849
v 0.108681 0.353513 -0.100567
v 0.105197 0.354980 -0.101011
v 0.101425 0.357109 -0.101209
v 0.097465 0.359671 -0.101247
v 0.093468 0.362317 -0.101255
v 0.089614 0.364637 -0.101383
v 0.086073 0.366232 -0.101779
v 0.082984 0.366788 -0.102560
v 0.080421 0.366131 -0.103790
v 0.078384 0.364262 -0.105470
v 0.076797 0.361353 -0.107534
v 0.075526 0.357720 -0.109866
v 0.074396 0.353761 -0.112319
v 0.073229 0.349885 -0.114741
v 0.071875 0.346443 -0.117003
v 0.070233 0.343662 -0.119020
v 0.068270 0.341623 -0.120762
v 0.066018 0.340249 -0.122257
v 0.063562 0.339345 -0.123579
v 0.061011 0.338660 -0.124820
v 0.063587 0.339287 -0.123601
v 0.066257 0.339697 -0.122462
v 0.069132 0.339636 -0.121497
v 0.072295 0.338910 -0.120779
v 0.075780 0.337444 -0.120335
v 0.079552 0.335314 -0.120137
v 0.083512 0.332752 -0.120099
v 0.087508 0.330106 -0.120091
v 0.091363 0.327786 -0.119963
v 0.094903 0.326191 -0.119567
v 0.097992 0.325635 -0.118786
v 0.100556 0.326292 -0.117556
v 0.102593 0.328161 -0.115876
v 0.104179 0.331070 -0.113812
v 0.105451 0.334703 -0.111480
v 0.106581 0.338662 -0.109027
v 0.107747 0.342538 -0.106605
v 0.109102 0.345981 -0.104343
v 0.110744 0.348761 -0.102326
v 0.112707 0.350800 -0.100584
v 0.114959 0.352174 -0.099089
v 0.117415 0.353078 -0.097767
f 8589 8590 8591
f 8589 8591 8590
f 8589 8591 8592
f 8589 8592 8591
f 8589 8592 8593
f 8589 8593 8592
f 8589 8593 8594
f 8589 8594 8593
f 8589 8594 8595
f 8589 8595 8594
f 8589 8595 8596
f 8589 8596 8595
f 8589 8596 8597
f 8589 8597 8596
f 8589 8597 8598
f 8589 8598 8597
f 8589 8598 8599
f 8589 8599 8598
f 8589 8599 8600
f 8589 8600 8599
f 8589 8600 8601
f 8589 8601 8600
f 8589 8601 8602
f 8589 8602 8601
f 8589 8602 8603
f 8589 8603 8602
f 8589 8603 8604
f 8589 8604 8603
f 8589 8604 8605
f 8589 8605 8604
f 8589 8605 8606
f 8589 8606 8605
f 8589 8606 8607
f 8589 8607 8606
f 8589 8607 8608
f 8589 8608 8607
f 8589 8608 8609
f 8589 8609 8608
f 8589 8609 8610
f 8589 8610 8609
f 8589 8610 8611
f 8589 8611 8610
f 8589 8611 8612
f 8589 8612 8611
f 8589 8612 8613
f 8589 8613 8612
f 8589 8613 8614
f 8589 8614 8613
f 8589 8614 8615
f 8589 8615 8614
f 8589 8615 8616
f 8589 8616 8615
f 8589 8616 8617
f 8589 8617 8616
f 8589 8617 8618
f 8589 8618 8617
f 8589 8618 8619
f 8589 8619 8618
f 8589 8619 8620
f 8589 8620 8619
f 8589 8620 8621
f 8589 8621 8620
f 8589 8621 8622
f 8589 8622 8621
f 8589 8622 8623
f 8589 8623 8622
f 8589 8623 8624
f 8589 8624 8623
f 8589 8624 8625
f 8589 8625 8624
f 8589 8625 8626
f 8589 8626 8625
f 8589 8626 8627
f 8589 8627 8626
f 8589 8627 8628
f 8589 8628 8627
f 8589 8628 8629
f 8589 8629 8628
f 8589 8629 8630
f 8589 8630 8629
f 8589 8630 8631
f 8589 8631 8630
f 8589 8631 8632
f 8589 8632 8631
f 8589 8632 8633
f 8589 8633 8632
f 8589 8633 8634
f 8589 8634 8633
v 0.119965 0.353764 -0.096526
v 0.120607 0.353835 -0.094760
v 0.121336 0.353775 -0.093019
v 0.122254 0.353432 -0.091331
v 0.123442 0.352682 -0.089719
v 0.124931 0.351480 -0.088191
v 0.126692 0.349871 -0.086740
v 0.128630 0.347995 -0.085339
v 0.130605 0.346064 -0.083948
v 0.132448 0.344331 -0.082521
v 0.133997 0.343040 -0.081010
v 0.135122 0.342386 -0.079380
v 0.135752 0.342474 -0.077611
v 0.135887 0.343306 -0.075703
v 0.135599 0.344773 -0.073676
v 0.135016 0.346683 -0.071566
v 0.134302 0.348791 -0.069419
v 0.133624 0.350844 -0.067282
v 0.133124 0.352630 -0.065195
v 0.132895 0.354009 -0.063185
v 0.132967 0.354935 -0.061259
v 0.133310 0.355456 -0.059409
v 0.133842 0.355692 -0.057613
v 0.134460 0.355798 -0.055840
v 0.133819 0.355727 -0.057606
v 0.133090 0.355786 -0.059347
v 0.132172 0.356130 -0.061035
v 0.130984 0.356879 -0.062648
v 0.129495 0.358081 -0.064175
v 0.127734 0.359690 -0.065626
v 0.125795 0.361566 -0.067027
v 0.123821 0.363497 -0.068418
v 0.121978 0.365230 -0.069846
v 0.120429 0.366521 -0.071357
v 0.119304 0.367176 -0.072986
v 0.118674 0.367087 -0.074755
v 0.118538 0.366256 -0.076663
v 0.118827 0.364788 -0.078690
v 0.119409 0.362878 -0.080800
v 0.120124 0.360771 -0.082947
v 0.120802 0.358717 -0.085084
v 0.121302 0.356931 -0.087171
v 0.121531 0.355552 -0.089182
v 0.121458 0.354626 -0.091107
v 0.121116 0.354106 -0.092957
v 0.120584 0.353869 -0.094754
f 8635 8636 8637
f 8635 8637 8636
f 8635 8637 8638
f 8635 8638 8637
f 8635 8638 8639
f 8635 8639 8638
f 8635 8639 8640
f 8635 8640 8639
f 8635 8640 8641
f 8635 8641 8640
f 8635 8641 8642
f 8635 8642 8641
f 8635 8642 8643
f 8635 8643 8642
f 8635 8643 8644
f 8635 8644 8643
f 8635 8644 8645
f 8635 8645 8644
f 8635 8645 8646
f 8635 8646 8645
f 8635 8646 8647
f 8635 8647 8646
f 8635 8647 8648
f 8635 8648 8647
f 8635 8648 8649
f 8635 8649 8648
f 8635 8649 8650
f 8635 8650 8649
f 8635 8650 8651
f 8635 8651 8650
f 8635 8651 8652
f 8635 8652 8651
f 8635 8652 8653
f 8635 8653 8652
f 8635 8653 8654
f 8635 8654 8653
f 8635 8654 8655
f 8635 8655 8654
f 8635 8655 8656
f 8635 8656 8655
f 8635 8656 8657
f 8635 8657 8656
f 8635 8657 8658
f 8635 8658 8657
f 8635 8658 8659
f 8635 8659 8658
f 8635 8659 8660
f 8635 8660 8659
f 8635 8660 8661
f 8635 8661 8660
f 8635 8661 8662
f 8635 8662 8661
f 8635 8662 8663
f 8635 8663 8662
f 8635 8663 8664
f 8635 8664 8663
f 8635 8664 8665
f 8635 8665 8664
f 8635 8665 8666
f 8635 8666 8665
f 8635 8666 8667
f 8635 8667 8666
f 8635 8667 8668
f 8635 8668 8667
f 8635 8668 8669
f 8635 8669 8668
f 8635 8669 8670
f 8635 8670 8669
f 8635 8670 8671
f 8635 8671 8670
f 8635 8671 8672
f 8635 8672 8671
f 8635 8672 8673
f 8635 8673 8672
f 8635 8673 8674
f 8635 8674 8673
f 8635 8674 8675
f 8635 8675 8674
f 8635 8675 8676
f 8635 8676 8675
f 8635 8676 8677
f 8635 8677 8676
f 8635 8677 8678
f 8635 8678 8677
f 8635 8678 8679
f 8635 8679 8678
f 8635 8679 8680
f 8635 8680 8679
v 0.111903 0.343725 -0.085436
v 0.110641 0.346119 -0.085880
v 0.108508 0.347460 -0.084729
v 0.106570 0.347460 -0.082829
v 0.105378 0.346119 -0.080719
v 0.105796 0.343725 -0.079449
v 0.107057 0.341331 -0.079006
v 0.109190 0.339990 -0.080156
v 0.111129 0.339990 -0.082057
v 0.112321 0.341331 -0.084166
v 0.125921 0.354458 -0.069184
v 0.125063 0.356086 -0.069485
v 0.123613 0.356997 -0.068703
v 0.122295 0.356997 -0.067411
v 0.121484 0.356086 -0.065976
v 0.121769 0.354458 -0.065112
v 0.122626 0.352830 -0.064811
v 0.124077 0.351918 -0.065593
v 0.125395 0.351918 -0.066886
v 0.126206 0.352830 -0.068320
f 8681 8682 8692
f 8681 8692 8691
f 8682 8683 8693
f 8682 8693 8692
f 8683 8684 8694
f 8683 8694 8693
f 8684 8685 8695
f 8684 8695 8694
f 8685 8686 8696
f 8685 8696 8695
f 8686 8687 8697
f 8686 8697 8696
f 8687 8688 8698
f 8687 8698 8697
f 8688 8689 8699
f 8688 8699 8698
f 8689 8690 8700
f 8689 8700 8699
f 8690 8681 8691
f 8690 8691 8700
v 0.123845 0.354458 -0.067148
v 0.124085 0.354449 -0.068948
v 0.124188 0.354673 -0.070775
v 0.124076 0.355260 -0.072647
v 0.123718 0.356264 -0.074570
v 0.123127 0.357660 -0.076541
v 0.122361 0.359353 -0.078548
v 0.121509 0.361190 -0.080572
v 0.120684 0.362983 -0.082591
v 0.120003 0.364533 -0.084581
v 0.119571 0.365661 -0.086519
v 0.119468 0.366233 -0.088389
v 0.119738 0.366174 -0.090182
v 0.120381 0.365485 -0.091899
v 0.121353 0.364238 -0.093547
v 0.122574 0.362570 -0.095144
v 0.123939 0.360660 -0.096712
v 0.125331 0.358705 -0.098274
v 0.126637 0.356893 -0.099854
v 0.127768 0.355379 -0.101470
v 0.128666 0.354257 -0.103133
v 0.129318 0.353552 -0.104848
v 0.129755 0.353211 -0.106607
v 0.130055 0.353102 -0.108394
v 0.129815 0.353110 -0.106595
v 0.129712 0.352887 -0.104767
v 0.129824 0.352300 -0.102895
v 0.130182 0.351296 -0.100972
v 0.130773 0.349899 -0.099001
v 0.131539 0.348206 -0.096994
v 0.132391 0.346369 -0.094970
v 0.133216 0.344576 -0.092951
v 0.133897 0.343026 -0.090961
v 0.134329 0.341898 -0.089023
v 0.134432 0.341327 -0.087153
v 0.134162 0.341386 -0.085360
v 0.133519 0.342075 -0.083643
v 0.132547 0.343321 -0.081995
v 0.131326 0.344989 -0.080398
v 0.129961 0.346899 -0.078830
v 0.128569 0.348855 -0.077268
v 0.127263 0.350666 -0.075688
v 0.126132 0.352180 -0.074072
v 0.125234 0.353302 -0.072409
v 0.124582 0.354007 -0.070694
v 0.124145 0.354349 -0.068935
f 8701 8702 8703
f 8701 8703 8702
f 8701 8703 8704
f 8701 8704 8703
f 8701 8704 8705
f 8701 8705 8704
f 8701 8705 8706
f 8701 8706 8705
f 8701 8706 8707
f 8701 8707 8706
f 8701 8707 8708
f 8701 8708 8707
f 8701 8708 8709
f 8701 8709 8708
f 8701 8709 8710
f 8701 8710 8709
f 8701 8710 8711
f 8701 8711 8710
f 8701 8711 8712
f 8701 8712 8711
f 8701 8712 8713
f 8701 8713 8712
f 8701 8713 8714
f 8701 8714 8713
f 8701 8714 8715
f 8701 8715 8714
f 8701 8715 8716
f 8701 8716 8715
f 8701 8716 8717
f 8701 8717 8716
f 8701 8717 8718
f 8701 8718 8717
f 8701 8718 8719
f 8701 8719 8718
f 8701 8719 8720
f 8701 8720 8719
f 8701 8720 8721
f 8701 8721 8720
f 8701 8721 8722
f 8701 8722 8721
f 8701 8722 8723
f 8701 8723 8722
f 8701 8723 8724
f 8701 8724 8723
f 8701 8724 8725
f 8701 8725 8724
f 8701 8725 8726
f 8701 8726 8725
f 8701 8726 8727
f 8701 8727 8726
f 8701 8727 8728
f 8701 8728 8727
f 8701 8728 8729
f 8701 8729 8728
f 8701 8729 8730
f 8701 8730 8729
f 8701 8730 8731
f 8701 8731 8730
f 8701 8731 8732
f 8701 8732 8731
f 8701 8732 8733
f 8701 8733 8732
f 8701 8733 8734
f 8701 8734 8733
f 8701 8734 8735
f 8701 8735 8734
f 8701 8735 8736
f 8701 8736 8735
f 8701 8736 8737
f 8701 8737 8736
f 8701 8737 8738
f 8701 8738 8737
f 8701 8738 8739
f 8701 8739 8738
f 8701 8739 8740
f 8701 8740 8739
f 8701 8740 8741
f 8701 8741 8740
f 8701 8741 8742
f 8701 8742 8741
f 8701 8742 8743
f 8701 8743 8742
f 8701 8743 8744
f 8701 8744 8743
f 8701 8744 8745
f 8701 8745 8744
f 8701 8745 8746
f 8701 8746 8745
v 0.123845 0.354458 -0.067148
v 0.121735 0.353296 -0.066141
v 0.119726 0.351964 -0.065113
v 0.117949 0.350243 -0.064039
v 0.116514 0.347946 -0.062897
v 0.115474 0.344984 -0.061675
v 0.114797 0.341411 -0.060381
v 0.114369 0.337420 -0.059036
v 0.114003 0.333324 -0.057680
v 0.113476 0.329499 -0.056355
v 0.112567 0.326316 -0.055107
v 0.111101 0.324072 -0.053971
v 0.108979 0.322930 -0.052966
v 0.106201 0.322891 -0.052092
v 0.102866 0.323791 -0.051330
v 0.099149 0.325334 -0.050645
v 0.095271 0.327147 -0.049992
v 0.091456 0.328855 -0.049326
v 0.087889 0.330146 -0.048610
v 0.084685 0.330824 -0.047822
v 0.081876 0.330839 -0.046955
v 0.079410 0.330277 -0.046019
v 0.077175 0.329325 -0.045036
v 0.075041 0.328204 -0.044034
v 0.077151 0.329366 -0.045041
v 0.079160 0.330697 -0.046069
v 0.080937 0.332419 -0.047143
v 0.082372 0.334716 -0.048285
v 0.083412 0.337678 -0.049507
v 0.084089 0.341251 -0.050801
v 0.084517 0.345242 -0.052145
v 0.084883 0.349338 -0.053502
v 0.085410 0.353163 -0.054827
v 0.086319 0.356346 -0.056075
v 0.087785 0.358590 -0.057211
v 0.089907 0.359732 -0.058216
v 0.092685 0.359771 -0.059089
v 0.096020 0.358871 -0.059851
v 0.099737 0.357328 -0.060537
v 0.103615 0.355515 -0.061190
v 0.107430 0.353807 -0.061856
v 0.110997 0.352516 -0.062572
v 0.114201 0.351838 -0.063360
v 0.117010 0.351823 -0.064227
v 0.119476 0.352385 -0.065163
v 0.121711 0.353337 -0.066146
f 8747 8748 8749
f 8747 8749 8748
f 8747 8749 8750
f 8747 8750 8749
f 8747 8750 8751
f 8747 8751 8750
f 8747 8751 8752
f 8747 8752 8751
f 8747 8752 8753
f 8747 8753 8752
f 8747 8753 8754
f 8747 8754 8753
f 8747 8754 8755
f 8747 8755 8754
f 8747 8755 8756
f 8747 8756 8755
f 8747 8756 8757
f 8747 8757 8756
f 8747 8757 8758
f 8747 8758 8757
f 8747 8758 8759
f 8747 8759 8758
f 8747 8759 8760
f 8747 8760 8759
f 8747 8760 8761
f 8747 8761 8760
f 8747 8761 8762
f 8747 8762 8761
f 8747 8762 8763
f 8747 8763 8762
f 8747 8763 8764
f 8747 8764 8763
f 8747 8764 8765
f 8747 8765 8764
f 8747 8765 8766
f 8747 8766 8765
f 8747 8766 8767
f 8747 8767 8766
f 8747 8767 8768
f 8747 8768 8767
f 8747 8768 8769
f 8747 8769 8768
f 8747 8769 8770
f 8747 8770 8769
f 8747 8770 8771
f 8747 8771 8770
f 8747 8771 8772
f 8747 8772 8771
f 8747 8772 8773
f 8747 8773 8772
f 8747 8773 8774
f 8747 8774 8773
f 8747 8774 8775
f 8747 8775 8774
f 8747 8775 8776
f 8747 8776 8775
f 8747 8776 8777
f 8747 8777 8776
f 8747 8777 8778
f 8747 8778 8777
f 8747 8778 8779
f 8747 8779 8778
f 8747 8779 8780
f 8747 8780 8779
f 8747 8780 8781
f 8747 8781 8780
f 8747 8781 8782
f 8747 8782 8781
f 8747 8782 8783
f 8747 8783 8782
f 8747 8783 8784
f 8747 8784 8783
f 8747 8784 8785
f 8747 8785 8784
f 8747 8785 8786
f 8747 8786 8785
f 8747 8786 8787
f 8747 8787 8786
f 8747 8787 8788
f 8747 8788 8787
f 8747 8788 8789
f 8747 8789 8788
f 8747 8789 8790
f 8747 8790 8789
f 8747 8790 8791
f 8747 8791 8790
f 8747 8791 8792
f 8747 8792 8791
v 0.063529 0.338764 -0.085319
v 0.064391 0.340900 -0.082009
v 0.067812 0.342096 -0.080150
v 0.071804 0.342096 -0.080142
v 0.075231 0.340900 -0.081989
v 0.076106 0.338764 -0.085296
v 0.075244 0.336628 -0.088606
v 0.071823 0.335432 -0.090465
v 0.067831 0.335432 -0.090472
v 0.064404 0.336628 -0.088626
v 0.065581 0.371018 -0.106138
v 0.066167 0.372470 -0.103887
v 0.068493 0.373284 -0.102623
v 0.071208 0.373284 -0.102618
v 0.073538 0.372470 -0.103873
v 0.074133 0.371018 -0.106122
v 0.073547 0.369565 -0.108373
v 0.071221 0.368752 -0.109637
v 0.068506 0.368752 -0.109642
v 0.066175 0.369565 -0.108387
f 8793 8794 8804
f 8793 8804 8803
f 8794 8795 8805
f 8794 8805 8804
f 8795 8796 8806
f 8795 8806 8805
f 8796 8797 8807
f 8796 8807 8806
f 8797 8798 8808
f 8797 8808 8807
f 8798 8799 8809
f 8798 8809 8808
f 8799 8800 8810
f 8799 8810 8809
f 8800 8801 8811
f 8800 8811 8810
f 8801 8802 8812
f 8801 8812 8811
f 8802 8793 8803
f 8802 8803 8812
v 0.069857 0.371018 -0.106130
v 0.067134 0.370067 -0.105522
v 0.064409 0.369235 -0.104732
v 0.061679 0.368678 -0.103514
v 0.058939 0.368532 -0.101659
v 0.056190 0.368863 -0.099067
v 0.053431 0.369636 -0.095790
v 0.050666 0.370713 -0.092041
v 0.047899 0.371870 -0.088169
v 0.045137 0.372836 -0.084593
v 0.042384 0.373341 -0.081730
v 0.039645 0.373171 -0.079914
v 0.036922 0.372206 -0.079328
v 0.034217 0.370447 -0.079973
v 0.031525 0.368013 -0.081663
v 0.028844 0.365118 -0.084067
v 0.026166 0.362031 -0.086768
v 0.023486 0.359025 -0.089345
v 0.020800 0.356323 -0.091450
v 0.018105 0.354063 -0.092871
v 0.015400 0.352279 -0.093553
v 0.012687 0.350907 -0.093599
v 0.009967 0.349810 -0.093218
v 0.007245 0.348831 -0.092654
v 0.009968 0.349782 -0.093261
v 0.012693 0.350614 -0.094052
v 0.015423 0.351171 -0.095269
v 0.018163 0.351317 -0.097124
v 0.020912 0.350986 -0.099716
v 0.023671 0.350213 -0.102994
v 0.026436 0.349136 -0.106742
v 0.029203 0.347979 -0.110615
v 0.031965 0.347013 -0.114190
v 0.034718 0.346508 -0.117053
v 0.037457 0.346678 -0.118869
v 0.040180 0.347643 -0.119455
v 0.042885 0.349402 -0.118811
v 0.045577 0.351836 -0.117120
v 0.048258 0.354731 -0.114716
v 0.050936 0.357818 -0.112016
v 0.053616 0.360824 -0.109439
v 0.056302 0.363526 -0.107333
v 0.058997 0.365786 -0.105913
v 0.061702 0.367570 -0.105230
v 0.064415 0.368942 -0.105184
v 0.067135 0.370039 -0.105566
f 8813 8814 8815
f 8813 8815 8814
f 8813 8815 8816
f 8813 8816 8815
f 8813 8816 8817
f 8813 8817 8816
f 8813 8817 8818
f 8813 8818 8817
f 8813 8818 8819
f 8813 8819 8818
f 8813 8819 8820
f 8813 8820 8819
f 8813 8820 8821
f 8813 8821 8820
f 8813 8821 8822
f 8813 8822 8821
f 8813 8822 8823
f 8813 8823 8822
f 8813 8823 8824
f 8813 8824 8823
f 8813 8824 8825
f 8813 8825 8824
f 8813 8825 8826
f 8813 8826 8825
f 8813 8826 8827
f 8813 8827 8826
f 8813 8827 8828
f 8813 8828 8827
f 8813 8828 8829
f 8813 8829 8828
f 8813 8829 8830
f 8813 8830 8829
f 8813 8830 8831
f 8813 8831 8830
f 8813 8831 8832
f 8813 8832 8831
f 8813 8832 8833
f 8813 8833 8832
f 8813 8833 8834
f 8813 8834 8833
f 8813 8834 8835
f 8813 8835 8834
f 8813 8835 8836
f 8813 8836 8835
f 8813 8836 8837
f 8813 8837 8836
f 8813 8837 8838
f 8813 8838 8837
f 8813 8838 8839
f 8813 8839 8838
f 8813 8839 8840
f 8813 8840 8839
f 8813 8840 8841
f 8813 8841 8840
f 8813 8841 8842
f 8813 8842 8841
f 8813 8842 8843
f 8813 8843 8842
f 8813 8843 8844
f 8813 8844 8843
f 8813 8844 8845
f 8813 8845 8844
f 8813 8845 8846
f 8813 8846 8845
f 8813 8846 8847
f 8813 8847 8846
f 8813 8847 8848
f 8813 8848 8847
f 8813 8848 8849
f 8813 8849 8848
f 8813 8849 8850
f 8813 8850 8849
f 8813 8850 8851
f 8813 8851 8850
f 8813 8851 8852
f 8813 8852 8851
f 8813 8852 8853
f 8813 8853 8852
f 8813 8853 8854
f 8813 8854 8853
f 8813 8854 8855
f 8813 8855 8854
f 8813 8855 8856
f 8813 8856 8855
f 8813 8856 8857
f 8813 8857 8856
f 8813 8857 8858
f 8813 8858 8857
v 0.069857 0.371018 -0.106130
v 0.071569 0.370819 -0.105375
v 0.073339 0.370524 -0.104768
v 0.075224 0.370038 -0.104459
v 0.077263 0.369292 -0.104550
v 0.079468 0.368270 -0.105070
v 0.081816 0.367008 -0.105959
v 0.084253 0.365599 -0.107078
v 0.086699 0.364173 -0.108223
v 0.089067 0.362879 -0.109163
v 0.091269 0.361860 -0.109677
v 0.093241 0.361228 -0.109593
v 0.094945 0.361044 -0.108815
v 0.096381 0.361307 -0.107345
v 0.097586 0.361957 -0.105276
v 0.098626 0.362882 -0.102781
v 0.099587 0.363940 -0.100081
v 0.100558 0.364980 -0.097408
v 0.101618 0.365873 -0.094963
v 0.102821 0.366527 -0.092888
v 0.104189 0.366904 -0.091242
v 0.105712 0.367022 -0.089997
v 0.107350 0.366947 -0.089049
v 0.109045 0.366777 -0.088249
v 0.107333 0.366976 -0.089005
v 0.105563 0.367271 -0.089611
v 0.103678 0.367757 -0.089921
v 0.101639 0.368503 -0.089830
v 0.099434 0.369525 -0.089310
v 0.097086 0.370787 -0.088420
v 0.094649 0.372196 -0.087301
v 0.092203 0.373623 -0.086156
v 0.089835 0.374916 -0.085216
v 0.087633 0.375935 -0.084702
v 0.085661 0.376567 -0.084787
v 0.083957 0.376752 -0.085564
v 0.082521 0.376488 -0.087035
v 0.081316 0.375838 -0.089103
v 0.080276 0.374913 -0.091598
v 0.079315 0.373856 -0.094298
v 0.078344 0.372815 -0.096971
v 0.077284 0.371922 -0.099416
v 0.076081 0.371268 -0.101491
v 0.074713 0.370892 -0.103137
v 0.073190 0.370774 -0.104382
v 0.071552 0.370848 -0.105330
f 8859 8860 8861
f 8859 8861 8860
f 8859 8861 8862
f 8859 8862 8861
f 8859 8862 8863
f 8859 8863 8862
f 8859 8863 8864
f 8859 8864 8863
f 8859 8864 8865
f 8859 8865 8864
f 8859 8865 8866
f 8859 8866 8865
f 8859 8866 8867
f 8859 8867 8866
f 8859 8867 8868
f 8859 8868 8867
f 8859 8868 8869
f 8859 8869 8868
f 8859 8869 8870
f 8859 8870 8869
f 8859 8870 8871
f 8859 8871 8870
f 8859 8871 8872
f 8859 8872 8871
f 8859 8872 8873
f 8859 8873 8872
f 8859 8873 8874
f 8859 8874 8873
f 8859 8874 8875
f 8859 8875 8874
f 8859 8875 8876
f 8859 8876 8875
f 8859 8876 8877
f 8859 8877 8876
f 8859 8877 8878
f 8859 8878 8877
f 8859 8878 8879
f 8859 8879 8878
f 8859 8879 8880
f 8859 8880 8879
f 8859 8880 8881
f 8859 8881 8880
f 8859 8881 8882
f 8859 8882 8881
f 8859 8882 8883
f 8859 8883 8882
f 8859 8883 8884
f 8859 8884 8883
f 8859 8884 8885
f 8859 8885 8884
f 8859 8885 8886
f 8859 8886 8885
f 8859 8886 8887
f 8859 8887 8886
f 8859 8887 8888
f 8859 8888 8887
f 8859 8888 8889
f 8859 8889 8888
f 8859 8889 8890
f 8859 8890 8889
f 8859 8890 8891
f 8859 8891 8890
f 8859 8891 8892
f 8859 8892 8891
f 8859 8892 8893
f 8859 8893 8892
f 8859 8893 8894
f 8859 8894 8893
f 8859 8894 8895
f 8859 8895 8894
f 8859 8895 8896
f 8859 8896 8895
f 8859 8896 8897
f 8859 8897 8896
f 8859 8897 8898
f 8859 8898 8897
f 8859 8898 8899
f 8859 8899 8898
f 8859 8899 8900
f 8859 8900 8899
f 8859 8900 8901
f 8859 8901 8900
f 8859 8901 8902
f 8859 8902 8901
f 8859 8902 8903
f 8859 8903 8902
f 8859 8903 8904
f 8859 8904 8903
v 0.065585 0.371018 -0.106331
v 0.066171 0.373694 -0.106218
v 0.068495 0.375193 -0.106060
v 0.071206 0.375193 -0.105932
v 0.073535 0.373694 -0.105871
v 0.074128 0.371018 -0.105928
v 0.073543 0.368341 -0.106042
v 0.071219 0.366842 -0.106199
v 0.068507 0.366842 -0.106327
v 0.066179 0.368341 -0.106389
v 0.068051 0.371764 -0.129551
v 0.068449 0.373584 -0.129474
v 0.070029 0.374603 -0.129366
v 0.071873 0.374603 -0.129279
v 0.073456 0.373584 -0.129237
v 0.073860 0.371764 -0.129277
v 0.073462 0.369944 -0.129354
v 0.071882 0.368925 -0.129461
v 0.070038 0.368925 -0.129548
v 0.068454 0.369944 -0.129590
f 8905 8906 8916
f 8905 8916 8915
f 8906 8907 8917
f 8906 8917 8916
f 8907 8908 8918
f 8907 8918 8917
f 8908 8909 8919
f 8908 8919 8918
f 8909 8910 8920
f 8909 8920 8919
f 8910 8911 8921
f 8910 8921 8920
f 8911 8912 8922
f 8911 8922 8921
f 8912 8913 8923
f 8912 8923 8922
f 8913 8914 8924
f 8913 8924 8923
f 8914 8905 8915
f 8914 8915 8924
v 0.070955 0.371764 -0.129414
v 0.069340 0.371652 -0.128474
v 0.067695 0.371840 -0.127526
v 0.066007 0.372476 -0.126566
v 0.064270 0.373607 -0.125593
v 0.062490 0.375193 -0.124606
v 0.060677 0.377114 -0.123611
v 0.058849 0.379186 -0.122611
v 0.057028 0.381188 -0.121614
v 0.055236 0.382895 -0.120624
v 0.053492 0.384101 -0.119648
v 0.051812 0.384655 -0.118691
v 0.050203 0.384473 -0.117753
v 0.048666 0.383556 -0.116836
v 0.047192 0.381985 -0.115936
v 0.045766 0.379915 -0.115050
v 0.044369 0.377548 -0.114173
v 0.042979 0.375113 -0.113297
v 0.041574 0.372828 -0.112417
v 0.040137 0.370878 -0.111528
v 0.038656 0.369383 -0.110627
v 0.037126 0.368384 -0.109711
v 0.035553 0.367831 -0.108784
v 0.033951 0.367580 -0.107848
v 0.035567 0.367692 -0.108788
v 0.037212 0.367503 -0.109736
v 0.038900 0.366868 -0.110696
v 0.040636 0.365737 -0.111669
v 0.042417 0.364151 -0.112656
v 0.044230 0.362230 -0.113651
v 0.046057 0.360158 -0.114651
v 0.047878 0.358156 -0.115648
v 0.049670 0.356449 -0.116638
v 0.051414 0.355243 -0.117614
v 0.053094 0.354689 -0.118571
v 0.054703 0.354871 -0.119509
v 0.056241 0.355788 -0.120426
v 0.057715 0.357359 -0.121326
v 0.059140 0.359429 -0.122212
v 0.060537 0.361796 -0.123089
v 0.061927 0.364231 -0.123965
v 0.063332 0.366516 -0.124845
v 0.064769 0.368466 -0.125734
v 0.066251 0.369961 -0.126635
v 0.067780 0.370960 -0.127551
v 0.069353 0.371512 -0.128478
f 8925 8926 8927
f 8925 8927 8926
f 8925 8927 8928
f 8925 8928 8927
f 8925 8928 8929
f 8925 8929 8928
f 8925 8929 8930
f 8925 8930 8929
f 8925 8930 8931
f 8925 8931 8930
f 8925 8931 8932
f 8925 8932 8931
f 8925 8932 8933
f 8925 8933 8932
f 8925 8933 8934
f 8925 8934 8933
f 8925 8934 8935
f 8925 8935 8934
f 8925 8935 8936
f 8925 8936 8935
f 8925 8936 8937
f 8925 8937 8936
f 8925 8937 8938
f 8925 8938 8937
f 8925 8938 8939
f 8925 8939 8938
f 8925 8939 8940
f 8925 8940 8939
f 8925 8940 8941
f 8925 8941 8940
f 8925 8941 8942
f 8925 8942 8941
f 8925 8942 8943
f 8925 8943 8942
f 8925 8943 8944
f 8925 8944 8943
f 8925 8944 8945
f 8925 8945 8944
f 8925 8945 8946
f 8925 8946 8945
f 8925 8946 8947
f 8925 8947 8946
f 8925 8947 8948
f 8925 8948 8947
f 8925 8948 8949
f 8925 8949 8948
f 8925 8949 8950
f 8925 8950 8949
f 8925 8950 8951
f 8925 8951 8950
f 8925 8951 8952
f 8925 8952 8951
f 8925 8952 8953
f 8925 8953 8952
f 8925 8953 8954
f 8925 8954 8953
f 8925 8954 8955
f 8925 8955 8954
f 8925 8955 8956
f 8925 8956 8955
f 8925 8956 8957
f 8925 8957 8956
f 8925 8957 8958
f 8925 8958 8957
f 8925 8958 8959
f 8925 8959 8958
f 8925 8959 8960
f 8925 8960 8959
f 8925 8960 8961
f 8925 8961 8960
f 8925 8961 8962
f 8925 8962 8961
f 8925 8962 8963
f 8925 8963 8962
f 8925 8963 8964
f 8925 8964 8963
f 8925 8964 8965
f 8925 8965 8964
f 8925 8965 8966
f 8925 8966 8965
f 8925 8966 8967
f 8925 8967 8966
f 8925 8967 8968
f 8925 8968 8967
f 8925 8968 8969
f 8925 8969 8968
f 8925 8969 8970
f 8925 8970 8969
v 0.070955 0.371764 -0.129414
v 0.073189 0.371561 -0.128473
v 0.075409 0.370963 -0.127545
v 0.077609 0.369782 -0.126637
v 0.079786 0.367954 -0.125750
v 0.081941 0.365534 -0.124884
v 0.084082 0.362681 -0.124032
v 0.086215 0.359633 -0.123187
v 0.088352 0.356676 -0.122339
v 0.090503 0.354107 -0.121478
v 0.092676 0.352189 -0.120594
v 0.094880 0.351122 -0.119682
v 0.097117 0.351011 -0.118738
v 0.099388 0.351857 -0.117762
v 0.101689 0.353553 -0.116757
v 0.104013 0.355901 -0.115729
v 0.106351 0.358635 -0.114689
v 0.108692 0.361462 -0.113646
v 0.111026 0.364093 -0.112609
v 0.113345 0.366291 -0.111587
v 0.115643 0.367898 -0.110585
v 0.117918 0.368858 -0.109605
v 0.120172 0.369234 -0.108644
v 0.122413 0.369215 -0.107697
v 0.120179 0.369418 -0.108638
v 0.117959 0.370016 -0.109566
v 0.115759 0.371197 -0.110474
v 0.113583 0.373025 -0.111360
v 0.111427 0.375445 -0.112227
v 0.109286 0.378298 -0.113078
v 0.107153 0.381346 -0.113924
v 0.105016 0.384303 -0.114772
v 0.102866 0.386872 -0.115633
v 0.100692 0.388790 -0.116516
v 0.098489 0.389857 -0.117428
v 0.096251 0.389968 -0.118373
v 0.093980 0.389122 -0.119349
v 0.091679 0.387426 -0.120354
v 0.089355 0.385078 -0.121381
v 0.087017 0.382344 -0.122421
v 0.084676 0.379518 -0.123465
v 0.082342 0.376886 -0.124501
v 0.080023 0.374688 -0.125523
v 0.077725 0.373081 -0.126526
v 0.075450 0.372121 -0.127506
v 0.073196 0.371746 -0.128466
f 8971 8972 8973
f 8971 8973 8972
f 8971 8973 8974
f 8971 8974 8973
f 8971 8974 8975
f 8971 8975 8974
f 8971 8975 8976
f 8971 8976 8975
f 8971 8976 8977
f 8971 8977 8976
f 8971 8977 8978
f 8971 8978 8977
f 8971 8978 8979
f 8971 8979 8978
f 8971 8979 8980
f 8971 8980 8979
f 8971 8980 8981
f 8971 8981 8980
f 8971 8981 8982
f 8971 8982 8981
f 8971 8982 8983
f 8971 8983 8982
f 8971 8983 8984
f 8971 8984 8983
f 8971 8984 8985
f 8971 8985 8984
f 8971 8985 8986
f 8971 8986 8985
f 8971 8986 8987
f 8971 8987 8986
f 8971 8987 8988
f 8971 8988 8987
f 8971 8988 8989
f 8971 8989 8988
f 8971 8989 8990
f 8971 8990 8989
f 8971 8990 8991
f 8971 8991 8990
f 8971 8991 8992
f 8971 8992 8991
f 8971 8992 8993
f 8971 8993 8992
f 8971 8993 8994
f 8971 8994 8993
f 8971 8994 8995
f 8971 8995 8994
f 8971 8995 8996
f 8971 8996 8995
f 8971 8996 8997
f 8971 8997 8996
f 8971 8997 8998
f 8971 8998 8997
f 8971 8998 8999
f 8971 8999 8998
f 8971 8999 9000
f 8971 9000 8999
f 8971 9000 9001
f 8971 9001 9000
f 8971 9001 9002
f 8971 9002 9001
f 8971 9002 9003
f 8971 9003 9002
f 8971 9003 9004
f 8971 9004 9003
f 8971 9004 9005
f 8971 9005 9004
f 8971 9005 9006
f 8971 9006 9005
f 8971 9006 9007
f 8971 9007 9006
f 8971 9007 9008
f 8971 9008 9007
f 8971 9008 9009
f 8971 9009 9008
f 8971 9009 9010
f 8971 9010 9009
f 8971 9010 9011
f 8971 9011 9010
f 8971 9011 9012
f 8971 9012 9011
f 8971 9012 9013
f 8971 9013 9012
f 8971 9013 9014
f 8971 9014 9013
f 8971 9014 9015
f 8971 9015 9014
f 8971 9015 9016
f 8971 9016 9015
v 0.070109 0.371018 -0.101861
v 0.072159 0.372694 -0.102574
v 0.073190 0.373632 -0.104967
v 0.073029 0.373632 -0.107677
v 0.071724 0.372694 -0.109933
v 0.069604 0.371018 -0.110399
v 0.067554 0.369342 -0.109686
v 0.066524 0.368403 -0.107293
v 0.066685 0.368403 -0.104583
v 0.067990 0.369342 -0.102327
v 0.055705 0.388899 -0.102380
v 0.057099 0.390039 -0.102865
v 0.057799 0.390677 -0.104492
v 0.057690 0.390677 -0.106335
v 0.056803 0.390039 -0.107869
v 0.055362 0.388899 -0.108186
v 0.053968 0.387759 -0.107701
v 0.053267 0.387121 -0.106073
v 0.053376 0.387121 -0.104231
v 0.054264 0.387759 -0.102697
f 9017 9018 9028
f 9017 9028 9027
f 9018 9019 9029
f 9018 9029 9028
f 9019 9020 9030
f 9019 9030 9029
f 9020 9021 9031
f 9020 9031 9030
f 9021 9022 9032
f 9021 9032 9031
f 9022 9023 9033
f 9022 9033 9032
f 9023 9024 9034
f 9023 9034 9033
f 9024 9025 9035
f 9024 9035 9034
f 9025 9026 9036
f 9025 9036 9035
f 9026 9017 9027
f 9026 9027 9036
v 0.055533 0.388899 -0.105283
v 0.056167 0.388177 -0.103155
v 0.057099 0.387692 -0.101020
v 0.058470 0.387559 -0.098872
v 0.060325 0.387814 -0.096710
v 0.062624 0.388422 -0.094537
v 0.065245 0.389289 -0.092354
v 0.068010 0.390271 -0.090168
v 0.070706 0.391197 -0.087983
v 0.073110 0.391891 -0.085807
v 0.075026 0.392194 -0.083644
v 0.076306 0.391988 -0.081499
v 0.076870 0.391210 -0.079373
v 0.076718 0.389858 -0.077267
v 0.075929 0.387998 -0.075179
v 0.074652 0.385748 -0.073104
v 0.073084 0.383264 -0.071038
v 0.071447 0.380725 -0.068973
v 0.069953 0.378301 -0.066905
v 0.068782 0.376136 -0.064827
v 0.068055 0.374324 -0.062737
v 0.067811 0.372900 -0.060634
v 0.068007 0.371827 -0.058519
v 0.068501 0.370993 -0.056395
v 0.067867 0.371715 -0.058523
v 0.066935 0.372199 -0.060658
v 0.065564 0.372332 -0.062806
v 0.063709 0.372078 -0.064967
v 0.061410 0.371470 -0.067141
v 0.058789 0.370603 -0.069324
v 0.056024 0.369621 -0.071510
v 0.053328 0.368695 -0.073695
v 0.050924 0.368001 -0.075871
v 0.049008 0.367698 -0.078034
v 0.047728 0.367904 -0.080179
v 0.047164 0.368682 -0.082305
v 0.047316 0.370033 -0.084411
v 0.048105 0.371894 -0.086499
v 0.049382 0.374144 -0.088573
v 0.050950 0.376627 -0.090640
v 0.052587 0.379167 -0.092705
v 0.054081 0.381591 -0.094773
v 0.055252 0.383756 -0.096851
v 0.055979 0.385568 -0.098941
v 0.056223 0.386992 -0.101044
v 0.056027 0.388064 -0.103159
f 9037 9038 9039
f 9037 9039 9038
f 9037 9039 9040
f 9037 9040 9039
f 9037 9040 9041
f 9037 9041 9040
f 9037 9041 9042
f 9037 9042 9041
f 9037 9042 9043
f 9037 9043 9042
f 9037 9043 9044
f 9037 9044 9043
f 9037 9044 9045
f 9037 9045 9044
f 9037 9045 9046
f 9037 9046 9045
f 9037 9046 9047
f 9037 9047 9046
f 9037 9047 9048
f 9037 9048 9047
f 9037 9048 9049
f 9037 9049 9048
f 9037 9049 9050
f 9037 9050 9049
f 9037 9050 9051
f 9037 9051 9050
f 9037 9051 9052
f 9037 9052 9051
f 9037 9052 9053
f 9037 9053 9052
f 9037 9053 9054
f 9037 9054 9053
f 9037 9054 9055
f 9037 9055 9054
f 9037 9055 9056
f 9037 9056 9055
f 9037 9056 9057
f 9037 9057 9056
f 9037 9057 9058
f 9037 9058 9057
f 9037 9058 9059
f 9037 9059 9058
f 9037 9059 9060
f 9037 9060 9059
f 9037 9060 9061
f 9037 9061 9060
f 9037 9061 9062
f 9037 9062 9061
f 9037 9062 9063
f 9037 9063 9062
f 9037 9063 9064
f 9037 9064 9063
f 9037 9064 9065
f 9037 9065 9064
f 9037 9065 9066
f 9037 9066 9065
f 9037 9066 9067
f 9037 9067 9066
f 9037 9067 9068
f 9037 9068 9067
f 9037 9068 9069
f 9037 9069 9068
f 9037 9069 9070
f 9037 9070 9069
f 9037 9070 9071
f 9037 9071 9070
f 9037 9071 9072
f 9037 9072 9071
f 9037 9072 9073
f 9037 9073 9072
f 9037 9073 9074
f 9037 9074 9073
f 9037 9074 9075
f 9037 9075 9074
f 9037 9075 9076
f 9037 9076 9075
f 9037 9076 9077
f 9037 9077 9076
f 9037 9077 9078
f 9037 9078 9077
f 9037 9078 9079
f 9037 9079 9078
f 9037 9079 9080
f 9037 9080 9079
f 9037 9080 9081
f 9037 9081 9080
f 9037 9081 9082
f 9037 9082 9081
v 0.069152 0.371018 -0.110348
v 0.067134 0.372622 -0.109412
v 0.066334 0.373520 -0.106917
v 0.066781 0.373520 -0.104240
v 0.068350 0.372622 -0.102141
v 0.070562 0.371018 -0.101912
v 0.072580 0.369414 -0.102848
v 0.073380 0.368516 -0.105343
v 0.072932 0.368516 -0.108020
v 0.071364 0.369414 -0.110119
v 0.082229 0.388436 -0.111146
v 0.080857 0.389527 -0.110510
v 0.080312 0.390138 -0.108813
v 0.080617 0.390138 -0.106993
v 0.081683 0.389527 -0.105566
v 0.083187 0.388436 -0.105410
v 0.084559 0.387345 -0.106046
v 0.085104 0.386735 -0.107743
v 0.084799 0.386735 -0.109563
v 0.083733 0.387345 -0.110990
f 9083 9084 9094
f 9083 9094 9093
f 9084 9085 9095
f 9084 9095 9094
f 9085 9086 9096
f 9085 9096 9095
f 9086 9087 9097
f 9086 9097 9096
f 9087 9088 9098
f 9087 9098 9097
f 9088 9089 9099
f 9088 9099 9098
f 9089 9090 9100
f 9089 9100 9099
f 9090 9091 9101
f 9090 9101 9100
f 9091 9092 9102
f 9091 9102 9101
f 9092 9083 9093
f 9092 9093 9102
v 0.082708 0.388436 -0.108278
v 0.081665 0.388053 -0.109856
v 0.080358 0.387878 -0.111330
v 0.078691 0.387987 -0.112663
v 0.076645 0.388392 -0.113847
v 0.074267 0.389059 -0.114902
v 0.071658 0.389908 -0.115866
v 0.068960 0.390826 -0.116795
v 0.066334 0.391687 -0.117753
v 0.063946 0.392363 -0.118803
v 0.061938 0.392738 -0.120003
v 0.060420 0.392730 -0.121394
v 0.059447 0.392292 -0.122999
v 0.059020 0.391425 -0.124818
v 0.059081 0.390174 -0.126828
v 0.059524 0.388623 -0.128988
v 0.060204 0.386887 -0.131240
v 0.060956 0.385093 -0.133521
v 0.061619 0.383369 -0.135767
v 0.062052 0.381827 -0.137923
v 0.062152 0.380545 -0.139948
v 0.061874 0.379561 -0.141825
v 0.061235 0.378861 -0.143561
v 0.060332 0.378368 -0.145193
v 0.061375 0.378751 -0.143616
v 0.062682 0.378926 -0.142142
v 0.064349 0.378818 -0.140809
v 0.066395 0.378412 -0.139624
v 0.068773 0.377745 -0.138570
v 0.071382 0.376897 -0.137605
v 0.074080 0.375978 -0.136676
v 0.076706 0.375117 -0.135719
v 0.079094 0.374442 -0.134668
v 0.081102 0.374066 -0.133469
v 0.082620 0.374075 -0.132077
v 0.083593 0.374513 -0.130472
v 0.084020 0.375380 -0.128654
v 0.083959 0.376631 -0.126643
v 0.083516 0.378181 -0.124484
v 0.082836 0.379918 -0.122231
v 0.082084 0.381712 -0.119950
v 0.081421 0.383436 -0.117704
v 0.080988 0.384978 -0.115549
v 0.080888 0.386259 -0.113523
v 0.081166 0.387243 -0.111646
v 0.081805 0.387943 -0.109910
f 9103 9104 9105
f 9103 9105 9104
f 9103 9105 9106
f 9103 9106 9105
f 9103 9106 9107
f 9103 9107 9106
f 9103 9107 9108
f 9103 9108 9107
f 9103 9108 9109
f 9103 9109 9108
f 9103 9109 9110
f 9103 9110 9109
f 9103 9110 9111
f 9103 9111 9110
f 9103 9111 9112
f 9103 9112 9111
f 9103 9112 9113
f 9103 9113 9112
f 9103 9113 9114
f 9103 9114 9113
f 9103 9114 9115
f 9103 9115 9114
f 9103 9115 9116
f 9103 9116 9115
f 9103 9116 9117
f 9103 9117 9116
f 9103 9117 9118
f 9103 9118 9117
f 9103 9118 9119
f 9103 9119 9118
f 9103 9119 9120
f 9103 9120 9119
f 9103 9120 9121
f 9103 9121 9120
f 9103 9121 9122
f 9103 9122 9121
f 9103 9122 9123
f 9103 9123 9122
f 9103 9123 9124
f 9103 9124 9123
f 9103 9124 9125
f 9103 9125 9124
f 9103 9125 9126
f 9103 9126 9125
f 9103 9126 9127
f 9103 9127 9126
f 9103 9127 9128
f 9103 9128 9127
f 9103 9128 9129
f 9103 9129 9128
f 9103 9129 9130
f 9103 9130 9129
f 9103 9130 9131
f 9103 9131 9130
f 9103 9131 9132
f 9103 9132 9131
f 9103 9132 9133
f 9103 9133 9132
f 9103 9133 9134
f 9103 9134 9133
f 9103 9134 9135
f 9103 9135 9134
f 9103 9135 9136
f 9103 9136 9135
f 9103 9136 9137
f 9103 9137 9136
f 9103 9137 9138
f 9103 9138 9137
f 9103 9138 9139
f 9103 9139 9138
f 9103 9139 9140
f 9103 9140 9139
f 9103 9140 9141
f 9103 9141 9140
f 9103 9141 9142
f 9103 9142 9141
f 9103 9142 9143
f 9103 9143 9142
f 9103 9143 9144
f 9103 9144 9143
f 9103 9144 9145
f 9103 9145 9144
f 9103 9145 9146
f 9103 9146 9145
f 9103 9146 9147
f 9103 9147 9146
f 9103 9147 9148
f 9103 9148 9147
v 0.076089 0.338764 -0.084838
v 0.075473 0.340822 -0.088251
v 0.072199 0.341974 -0.090381
v 0.068218 0.341974 -0.090680
v 0.064663 0.340822 -0.089060
v 0.063546 0.338764 -0.085777
v 0.064162 0.336706 -0.082364
v 0.067436 0.335553 -0.080233
v 0.071417 0.335553 -0.079935
v 0.074972 0.336706 -0.081555
v 0.072811 0.366535 -0.068013
v 0.072392 0.367934 -0.070334
v 0.070166 0.368718 -0.071783
v 0.067459 0.368718 -0.071985
v 0.065042 0.367934 -0.070884
v 0.064282 0.366535 -0.068652
v 0.064701 0.365135 -0.066331
v 0.066927 0.364352 -0.064882
v 0.069634 0.364352 -0.064679
v 0.072052 0.365135 -0.065781
f 9149 9150 9160
f 9149 9160 9159
f 9150 9151 9161
f 9150 9161 9160
f 9151 9152 9162
f 9151 9162 9161
f 9152 9153 9163
f 9152 9163 9162
f 9153 9154 9164
f 9153 9164 9163
f 9154 9155 9165
f 9154 9165 9164
f 9155 9156 9166
f 9155 9166 9165
f 9156 9157 9167
f 9156 9167 9166
f 9157 9158 9168
f 9157 9168 9167
f 9158 9149 9159
f 9158 9159 9168
v 0.068547 0.366535 -0.068332
v 0.070655 0.366285 -0.068567
v 0.072760 0.366139 -0.068971
v 0.074857 0.366207 -0.069727
v 0.076943 0.366570 -0.070965
v 0.079017 0.367254 -0.072730
v 0.081081 0.368219 -0.074955
v 0.083137 0.369362 -0.077471
v 0.085193 0.370531 -0.080030
v 0.087254 0.371551 -0.082347
v 0.089327 0.372255 -0.084144
v 0.091417 0.372511 -0.085208
v 0.093527 0.372247 -0.085417
v 0.095656 0.371461 -0.084774
v 0.097801 0.370227 -0.083395
v 0.099959 0.368677 -0.081499
v 0.102122 0.366979 -0.079359
v 0.104284 0.365306 -0.077262
v 0.106440 0.363812 -0.075457
v 0.108585 0.362599 -0.074112
v 0.110718 0.361706 -0.073293
v 0.112839 0.361108 -0.072957
v 0.114953 0.360724 -0.072972
v 0.117063 0.360445 -0.073157
v 0.114954 0.360695 -0.072923
v 0.112849 0.360841 -0.072519
v 0.110752 0.360772 -0.071763
v 0.108667 0.360409 -0.070524
v 0.106593 0.359725 -0.068760
v 0.104529 0.358761 -0.066535
v 0.102473 0.357618 -0.064019
v 0.100417 0.356449 -0.061459
v 0.098356 0.355428 -0.059143
v 0.096282 0.354724 -0.057345
v 0.094192 0.354468 -0.056282
v 0.092083 0.354733 -0.056072
v 0.089954 0.355519 -0.056716
v 0.087808 0.356752 -0.058094
v 0.085651 0.358303 -0.059991
v 0.083488 0.360001 -0.062131
v 0.081326 0.361673 -0.064227
v 0.079170 0.363168 -0.066033
v 0.077025 0.364381 -0.067378
v 0.074892 0.365274 -0.068197
v 0.072770 0.365872 -0.068533
v 0.070657 0.366255 -0.068518
f 9169 9170 9171
f 9169 9171 9170
f 9169 9171 9172
f 9169 9172 9171
f 9169 9172 9173
f 9169 9173 9172
f 9169 9173 9174
f 9169 9174 9173
f 9169 9174 9175
f 9169 9175 9174
f 9169 9175 9176
f 9169 9176 9175
f 9169 9176 9177
f 9169 9177 9176
f 9169 9177 9178
f 9169 9178 9177
f 9169 9178 9179
f 9169 9179 9178
f 9169 9179 9180
f 9169 9180 9179
f 9169 9180 9181
f 9169 9181 9180
f 9169 9181 9182
f 9169 9182 9181
f 9169 9182 9183
f 9169 9183 9182
f 9169 9183 9184
f 9169 9184 9183
f 9169 9184 9185
f 9169 9185 9184
f 9169 9185 9186
f 9169 9186 9185
f 9169 9186 9187
f 9169 9187 9186
f 9169 9187 9188
f 9169 9188 9187
f 9169 9188 9189
f 9169 9189 9188
f 9169 9189 9190
f 9169 9190 9189
f 9169 9190 9191
f 9169 9191 9190
f 9169 9191 9192
f 9169 9192 9191
f 9169 9192 9193
f 9169 9193 9192
f 9169 9193 9194
f 9169 9194 9193
f 9169 9194 9195
f 9169 9195 9194
f 9169 9195 9196
f 9169 9196 9195
f 9169 9196 9197
f 9169 9197 9196
f 9169 9197 9198
f 9169 9198 9197
f 9169 9198 9199
f 9169 9199 9198
f 9169 9199 9200
f 9169 9200 9199
f 9169 9200 9201
f 9169 9201 9200
f 9169 9201 9202
f 9169 9202 9201
f 9169 9202 9203
f 9169 9203 9202
f 9169 9203 9204
f 9169 9204 9203
f 9169 9204 9205
f 9169 9205 9204
f 9169 9205 9206
f 9169 9206 9205
f 9169 9206 9207
f 9169 9207 9206
f 9169 9207 9208
f 9169 9208 9207
f 9169 9208 9209
f 9169 9209 9208
f 9169 9209 9210
f 9169 9210 9209
f 9169 9210 9211
f 9169 9211 9210
f 9169 9211 9212
f 9169 9212 9211
f 9169 9212 9213
f 9169 9213 9212
f 9169 9213 9214
f 9169 9214 9213
v 0.072665 0.366535 -0.067182
v 0.072340 0.369055 -0.068213
v 0.070234 0.370466 -0.069328
v 0.067619 0.370466 -0.070058
v 0.065240 0.369055 -0.070196
v 0.064428 0.366535 -0.069483
v 0.064753 0.364015 -0.068452
v 0.066859 0.362604 -0.067337
v 0.069474 0.362604 -0.066607
v 0.071853 0.364015 -0.066468
v 0.067028 0.372303 -0.052090
v 0.066807 0.374017 -0.052791
v 0.065375 0.374977 -0.053550
v 0.063597 0.374977 -0.054046
v 0.061979 0.374017 -0.054140
v 0.061427 0.372303 -0.053655
v 0.061648 0.370590 -0.052954
v 0.063080 0.369630 -0.052196
v 0.064858 0.369630 -0.051699
v 0.066476 0.370590 -0.051605
f 9215 9216 9226
f 9215 9226 9225
f 9216 9217 9227
f 9216 9227 9226
f 9217 9218 9228
f 9217 9228 9227
f 9218 9219 9229
f 9218 9229 9228
f 9219 9220 9230
f 9219 9230 9229
f 9220 9221 9231
f 9220 9231 9230
f 9221 9222 9232
f 9221 9232 9231
f 9222 9223 9233
f 9222 9233 9232
f 9223 9224 9234
f 9223 9234 9233
f 9224 9215 9225
f 9224 9225 9234
v 0.064228 0.372303 -0.052873
v 0.066869 0.371992 -0.053625
v 0.069518 0.371927 -0.054467
v 0.072182 0.372364 -0.055493
v 0.074865 0.373489 -0.056770
v 0.077570 0.375362 -0.058319
v 0.080294 0.377886 -0.060107
v 0.083029 0.380821 -0.062044
v 0.085766 0.383815 -0.064003
v 0.088494 0.386461 -0.065835
v 0.091200 0.388369 -0.067398
v 0.093875 0.389234 -0.068580
v 0.096516 0.388887 -0.069319
v 0.099122 0.387330 -0.069617
v 0.101698 0.384729 -0.069533
v 0.104252 0.381391 -0.069181
v 0.106796 0.377705 -0.068701
v 0.109342 0.374077 -0.068243
v 0.111900 0.370860 -0.067934
v 0.114477 0.368295 -0.067864
v 0.117075 0.366477 -0.068066
v 0.119693 0.365347 -0.068520
v 0.122326 0.364721 -0.069157
v 0.124966 0.364339 -0.069884
v 0.122324 0.364650 -0.069131
v 0.119675 0.364716 -0.068289
v 0.117012 0.364279 -0.067264
v 0.114328 0.363153 -0.065987
v 0.111623 0.361281 -0.064437
v 0.108900 0.358756 -0.062650
v 0.106164 0.355821 -0.060712
v 0.103427 0.352828 -0.058753
v 0.100700 0.350182 -0.056922
v 0.097994 0.348274 -0.055359
v 0.095318 0.347409 -0.054177
v 0.092677 0.347755 -0.053437
v 0.090072 0.349313 -0.053140
v 0.087496 0.351913 -0.053223
v 0.084941 0.355252 -0.053576
v 0.082397 0.358938 -0.054056
v 0.079851 0.362565 -0.054514
v 0.077293 0.365782 -0.054822
v 0.074717 0.368347 -0.054893
v 0.072118 0.370165 -0.054690
v 0.069500 0.371295 -0.054237
v 0.066867 0.371922 -0.053599
f 9235 9236 9237
f 9235 9237 9236
f 9235 9237 9238
f 9235 9238 9237
f 9235 9238 9239
f 9235 9239 9238
f 9235 9239 9240
f 9235 9240 9239
f 9235 9240 9241
f 9235 9241 9240
f 9235 9241 9242
f 9235 9242 9241
f 9235 9242 9243
f 9235 9243 9242
f 9235 9243 9244
f 9235 9244 9243
f 9235 9244 9245
f 9235 9245 9244
f 9235 9245 9246
f 9235 9246 9245
f 9235 9246 9247
f 9235 9247 9246
f 9235 9247 9248
f 9235 9248 9247
f 9235 9248 9249
f 9235 9249 9248
f 9235 9249 9250
f 9235 9250 9249
f 9235 9250 9251
f 9235 9251 9250
f 9235 9251 9252
f 9235 9252 9251
f 9235 9252 9253
f 9235 9253 9252
f 9235 9253 9254
f 9235 9254 9253
f 9235 9254 9255
f 9235 9255 9254
f 9235 9255 9256
f 9235 9256 9255
f 9235 9256 9257
f 9235 9257 9256
f 9235 9257 9258
f 9235 9258 9257
f 9235 9258 9259
f 9235 9259 9258
f 9235 9259 9260
f 9235 9260 9259
f 9235 9260 9261
f 9235 9261 9260
f 9235 9261 9262
f 9235 9262 9261
f 9235 9262 9263
f 9235 9263 9262
f 9235 9263 9264
f 9235 9264 9263
f 9235 9264 9265
f 9235 9265 9264
f 9235 9265 9266
f 9235 9266 9265
f 9235 9266 9267
f 9235 9267 9266
f 9235 9267 9268
f 9235 9268 9267
f 9235 9268 9269
f 9235 9269 9268
f 9235 9269 9270
f 9235 9270 9269
f 9235 9270 9271
f 9235 9271 9270
f 9235 9271 9272
f 9235 9272 9271
f 9235 9272 9273
f 9235 9273 9272
f 9235 9273 9274
f 9235 9274 9273
f 9235 9274 9275
f 9235 9275 9274
f 9235 9275 9276
f 9235 9276 9275
f 9235 9276 9277
f 9235 9277 9276
f 9235 9277 9278
f 9235 9278 9277
f 9235 9278 9279
f 9235 9279 9278
f 9235 9279 9280
f 9235 9280 9279
v 0.068547 0.366150 -0.064074
v 0.071051 0.365259 -0.064747
v 0.072453 0.364940 -0.067114
v 0.072453 0.365184 -0.069818
v 0.071051 0.365923 -0.072089
v 0.068547 0.366920 -0.072591
v 0.066042 0.367811 -0.071918
v 0.064640 0.368130 -0.069551
v 0.064640 0.367886 -0.066847
v 0.066042 0.367147 -0.064576
v 0.075193 0.383757 -0.063854
v 0.076896 0.383151 -0.064312
v 0.077850 0.382934 -0.065922
v 0.077850 0.383101 -0.067760
v 0.076896 0.383603 -0.069305
v 0.075193 0.384281 -0.069646
v 0.073490 0.384887 -0.069188
v 0.072536 0.385104 -0.067579
v 0.072536 0.384938 -0.065741
v 0.073490 0.384436 -0.064196
f 9281 9282 9292
f 9281 9292 9291
f 9282 9283 9293
f 9282 9293 9292
f 9283 9284 9294
f 9283 9294 9293
f 9284 9285 9295
f 9284 9295 9294
f 9285 9286 9296
f 9285 9296 9295
f 9286 9287 9297
f 9286 9297 9296
f 9287 9288 9298
f 9287 9298 9297
f 9288 9289 9299
f 9288 9299 9298
f 9289 9290 9300
f 9289 9300 9299
f 9290 9281 9291
f 9290 9291 9300
v 0.075193 0.384019 -0.066750
v 0.075268 0.383277 -0.064542
v 0.075545 0.382461 -0.062362
v 0.076239 0.381492 -0.060241
v 0.077507 0.380313 -0.058202
v 0.079401 0.378903 -0.056253
v 0.081843 0.377291 -0.054382
v 0.084634 0.375552 -0.052560
v 0.087478 0.373794 -0.050746
v 0.090033 0.372141 -0.048890
v 0.091972 0.370715 -0.046947
v 0.093035 0.369610 -0.044879
v 0.093082 0.368879 -0.042666
v 0.092112 0.368521 -0.040309
v 0.090267 0.368484 -0.037826
v 0.087805 0.368674 -0.035256
v 0.085055 0.368969 -0.032645
v 0.082357 0.369246 -0.030041
v 0.080008 0.369394 -0.027487
v 0.078208 0.369341 -0.025011
v 0.077033 0.369058 -0.022624
v 0.076433 0.368564 -0.020319
v 0.076250 0.367917 -0.018073
v 0.076268 0.367197 -0.015857
v 0.076192 0.367939 -0.018065
v 0.075916 0.368754 -0.020245
v 0.075222 0.369723 -0.022366
v 0.073954 0.370903 -0.024405
v 0.072060 0.372313 -0.026354
v 0.069617 0.373924 -0.028225
v 0.066826 0.375664 -0.030047
v 0.063982 0.377422 -0.031861
v 0.061427 0.379075 -0.033717
v 0.059489 0.380501 -0.035660
v 0.058425 0.381606 -0.037728
v 0.058379 0.382337 -0.039940
v 0.059349 0.382695 -0.042298
v 0.061193 0.382732 -0.044780
v 0.063655 0.382542 -0.047351
v 0.066406 0.382246 -0.049962
v 0.069103 0.381970 -0.052566
v 0.071453 0.381822 -0.055120
v 0.073253 0.381875 -0.057596
v 0.074428 0.382158 -0.059983
v 0.075028 0.382651 -0.062288
v 0.075211 0.383298 -0.064534
f 9301 9302 9303
f 9301 9303 9302
f 9301 9303 9304
f 9301 9304 9303
f 9301 9304 9305
f 9301 9305 9304
f 9301 9305 9306
f 9301 9306 9305
f 9301 9306 9307
f 9301 9307 9306
f 9301 9307 9308
f 9301 9308 9307
f 9301 9308 9309
f 9301 9309 9308
f 9301 9309 9310
f 9301 9310 9309
f 9301 9310 9311
f 9301 9311 9310
f 9301 9311 9312
f 9301 9312 9311
f 9301 9312 9313
f 9301 9313 9312
f 9301 9313 9314
f 9301 9314 9313
f 9301 9314 9315
f 9301 9315 9314
f 9301 9315 9316
f 9301 9316 9315
f 9301 9316 9317
f 9301 9317 9316
f 9301 9317 9318
f 9301 9318 9317
f 9301 9318 9319
f 9301 9319 9318
f 9301 9319 9320
f 9301 9320 9319
f 9301 9320 9321
f 9301 9321 9320
f 9301 9321 9322
f 9301 9322 9321
f 9301 9322 9323
f 9301 9323 9322
f 9301 9323 9324
f 9301 9324 9323
f 9301 9324 9325
f 9301 9325 9324
f 9301 9325 9326
f 9301 9326 9325
f 9301 9326 9327
f 9301 9327 9326
f 9301 9327 9328
f 9301 9328 9327
f 9301 9328 9329
f 9301 9329 9328
f 9301 9329 9330
f 9301 9330 9329
f 9301 9330 9331
f 9301 9331 9330
f 9301 9331 9332
f 9301 9332 9331
f 9301 9332 9333
f 9301 9333 9332
f 9301 9333 9334
f 9301 9334 9333
f 9301 9334 9335
f 9301 9335 9334
f 9301 9335 9336
f 9301 9336 9335
f 9301 9336 9337
f 9301 9337 9336
f 9301 9337 9338
f 9301 9338 9337
f 9301 9338 9339
f 9301 9339 9338
f 9301 9339 9340
f 9301 9340 9339
f 9301 9340 9341
f 9301 9341 9340
f 9301 9341 9342
f 9301 9342 9341
f 9301 9342 9343
f 9301 9343 9342
f 9301 9343 9344
f 9301 9344 9343
f 9301 9344 9345
f 9301 9345 9344
f 9301 9345 9346
f 9301 9346 9345
v 0.068464 0.366535 -0.064057
v 0.070704 0.368018 -0.064604
v 0.071998 0.368849 -0.066908
v 0.072050 0.368849 -0.069622
v 0.070847 0.368018 -0.071974
v 0.068629 0.366535 -0.072608
v 0.066389 0.365052 -0.072061
v 0.065095 0.364221 -0.069757
v 0.065043 0.364221 -0.067043
v 0.066246 0.365052 -0.064690
v 0.057981 0.382335 -0.065628
v 0.059504 0.383344 -0.066001
v 0.060384 0.383908 -0.067567
v 0.060419 0.383908 -0.069413
v 0.059601 0.383344 -0.071012
v 0.058093 0.382335 -0.071443
v 0.056570 0.381326 -0.071071
v 0.055690 0.380761 -0.069504
v 0.055654 0.380761 -0.067659
v 0.056473 0.381326 -0.066059
f 9347 9348 9358
f 9347 9358 9357
f 9348 9349 9359
f 9348 9359 9358
f 9349 9350 9360
f 9349 9360 9359
f 9350 9351 9361
f 9350 9361 9360
f 9351 9352 9362
f 9351 9362 9361
f 9352 9353 9363
f 9352 9363 9362
f 9353 9354 9364
f 9353 9364 9363
f 9354 9355 9365
f 9354 9365 9364
f 9355 9356 9366
f 9355 9366 9365
f 9356 9347 9357
f 9356 9357 9366
v 0.058037 0.382335 -0.068536
v 0.059010 0.381689 -0.066143
v 0.060459 0.381357 -0.063814
v 0.062475 0.381403 -0.061561
v 0.065040 0.381813 -0.059382
v 0.068053 0.382520 -0.057263
v 0.071349 0.383414 -0.055182
v 0.074720 0.384358 -0.053111
v 0.077940 0.385202 -0.051020
v 0.080789 0.385801 -0.048879
v 0.083079 0.386028 -0.046664
v 0.084671 0.385792 -0.044354
v 0.085492 0.385044 -0.041940
v 0.085540 0.383785 -0.039423
v 0.084891 0.382062 -0.036812
v 0.083682 0.379967 -0.034126
v 0.082103 0.377627 -0.031391
v 0.080372 0.375187 -0.028635
v 0.078718 0.372797 -0.025889
v 0.077345 0.370595 -0.023181
v 0.076421 0.368689 -0.020533
v 0.076045 0.367148 -0.017959
v 0.076237 0.365984 -0.015461
v 0.076905 0.365134 -0.013027
v 0.075931 0.365780 -0.015420
v 0.074483 0.366112 -0.017749
v 0.072467 0.366066 -0.020002
v 0.069901 0.365656 -0.022181
v 0.066888 0.364950 -0.024300
v 0.063593 0.364055 -0.026381
v 0.060222 0.363111 -0.028452
v 0.057002 0.362267 -0.030543
v 0.054152 0.361668 -0.032684
v 0.051862 0.361441 -0.034899
v 0.050270 0.361677 -0.037209
v 0.049450 0.362425 -0.039623
v 0.049401 0.363685 -0.042140
v 0.050051 0.365408 -0.044751
v 0.051260 0.367502 -0.047437
v 0.052839 0.369842 -0.050172
v 0.054569 0.372282 -0.052928
v 0.056224 0.374672 -0.055674
v 0.057596 0.376874 -0.058382
v 0.058521 0.378780 -0.061030
v 0.058897 0.380321 -0.063604
v 0.058704 0.381485 -0.066102
f 9367 9368 9369
f 9367 9369 9368
f 9367 9369 9370
f 9367 9370 9369
f 9367 9370 9371
f 9367 9371 9370
f 9367 9371 9372
f 9367 9372 9371
f 9367 9372 9373
f 9367 9373 9372
f 9367 9373 9374
f 9367 9374 9373
f 9367 9374 9375
f 9367 9375 9374
f 9367 9375 9376
f 9367 9376 9375
f 9367 9376 9377
f 9367 9377 9376
f 9367 9377 9378
f 9367 9378 9377
f 9367 9378 9379
f 9367 9379 9378
f 9367 9379 9380
f 9367 9380 9379
f 9367 9380 9381
f 9367 9381 9380
f 9367 9381 9382
f 9367 9382 9381
f 9367 9382 9383
f 9367 9383 9382
f 9367 9383 9384
f 9367 9384 9383
f 9367 9384 9385
f 9367 9385 9384
f 9367 9385 9386
f 9367 9386 9385
f 9367 9386 9387
f 9367 9387 9386
f 9367 9387 9388
f 9367 9388 9387
f 9367 9388 9389
f 9367 9389 9388
f 9367 9389 9390
f 9367 9390 9389
f 9367 9390 9391
f 9367 9391 9390
f 9367 9391 9392
f 9367 9392 9391
f 9367 9392 9393
f 9367 9393 9392
f 9367 9393 9394
f 9367 9394 9393
f 9367 9394 9395
f 9367 9395 9394
f 9367 9395 9396
f 9367 9396 9395
f 9367 9396 9397
f 9367 9397 9396
f 9367 9397 9398
f 9367 9398 9397
f 9367 9398 9399
f 9367 9399 9398
f 9367 9399 9400
f 9367 9400 9399
f 9367 9400 9401
f 9367 9401 9400
f 9367 9401 9402
f 9367 9402 9401
f 9367 9402 9403
f 9367 9403 9402
f 9367 9403 9404
f 9367 9404 9403
f 9367 9404 9405
f 9367 9405 9404
f 9367 9405 9406
f 9367 9406 9405
f 9367 9406 9407
f 9367 9407 9406
f 9367 9407 9408
f 9367 9408 9407
f 9367 9408 9409
f 9367 9409 9408
f 9367 9409 9410
f 9367 9410 9409
f 9367 9410 9411
f 9367 9411 9410
f 9367 9411 9412
f 9367 9412 9411
v 0.058037 0.382335 -0.068536
v 0.058946 0.381648 -0.070404
v 0.059416 0.380666 -0.072447
v 0.059437 0.379384 -0.074668
v 0.059067 0.377839 -0.077044
v 0.058406 0.376100 -0.079535
v 0.057588 0.374255 -0.082089
v 0.056764 0.372406 -0.084644
v 0.056089 0.370657 -0.087141
v 0.055709 0.369106 -0.089521
v 0.055745 0.367834 -0.091736
v 0.056286 0.366900 -0.093750
v 0.057377 0.366334 -0.095547
v 0.059019 0.366138 -0.097125
v 0.061165 0.366280 -0.098503
v 0.063727 0.366701 -0.099716
v 0.066584 0.367319 -0.100812
v 0.069591 0.368038 -0.101849
v 0.072591 0.368753 -0.102889
v 0.075434 0.369362 -0.103990
v 0.077987 0.369776 -0.105207
v 0.080148 0.369928 -0.106579
v 0.081861 0.369779 -0.108129
v 0.083134 0.369336 -0.109854
v 0.082225 0.370023 -0.107985
v 0.081755 0.371005 -0.105942
v 0.081733 0.372287 -0.103722
v 0.082104 0.373832 -0.101346
v 0.082765 0.375572 -0.098854
v 0.083583 0.377416 -0.096301
v 0.084407 0.379265 -0.093745
v 0.085082 0.381014 -0.091248
v 0.085462 0.382565 -0.088868
v 0.085425 0.383838 -0.086654
v 0.084885 0.384772 -0.084639
v 0.083793 0.385337 -0.082843
v 0.082152 0.385533 -0.081264
v 0.080006 0.385391 -0.079886
v 0.077443 0.384970 -0.078673
v 0.074586 0.384352 -0.077577
v 0.071580 0.383633 -0.076540
v 0.068580 0.382919 -0.075501
v 0.065736 0.382309 -0.074399
v 0.063184 0.381895 -0.073182
v 0.061023 0.381743 -0.071810
v 0.059310 0.381892 -0.070260
f 9413 9414 9415
f 9413 9415 9414
f 9413 9415 9416
f 9413 9416 9415
f 9413 9416 9417
f 9413 9417 9416
f 9413 9417 9418
f 9413 9418 9417
f 9413 9418 9419
f 9413 9419 9418
f 9413 9419 9420
f 9413 9420 9419
f 9413 9420 9421
f 9413 9421 9420
f 9413 9421 9422
f 9413 9422 9421
f 9413 9422 9423
f 9413 9423 9422
f 9413 9423 9424
f 9413 9424 9423
f 9413 9424 9425
f 9413 9425 9424
f 9413 9425 9426
f 9413 9426 9425
f 9413 9426 9427
f 9413 9427 9426
f 9413 9427 9428
f 9413 9428 9427
f 9413 9428 9429
f 9413 9429 9428
f 9413 9429 9430
f 9413 9430 9429
f 9413 9430 9431
f 9413 9431 9430
f 9413 9431 9432
f 9413 9432 9431
f 9413 9432 9433
f 9413 9433 9432
f 9413 9433 9434
f 9413 9434 9433
f 9413 9434 9435
f 9413 9435 9434
f 9413 9435 9436
f 9413 9436 9435
f 9413 9436 9437
f 9413 9437 9436
f 9413 9437 9438
f 9413 9438 9437
f 9413 9438 9439
f 9413 9439 9438
f 9413 9439 9440
f 9413 9440 9439
f 9413 9440 9441
f 9413 9441 9440
f 9413 9441 9442
f 9413 9442 9441
f 9413 9442 9443
f 9413 9443 9442
f 9413 9443 9444
f 9413 9444 9443
f 9413 9444 9445
f 9413 9445 9444
f 9413 9445 9446
f 9413 9446 9445
f 9413 9446 9447
f 9413 9447 9446
f 9413 9447 9448
f 9413 9448 9447
f 9413 9448 9449
f 9413 9449 9448
f 9413 9449 9450
f 9413 9450 9449
f 9413 9450 9451
f 9413 9451 9450
f 9413 9451 9452
f 9413 9452 9451
f 9413 9452 9453
f 9413 9453 9452
f 9413 9453 9454
f 9413 9454 9453
f 9413 9454 9455
f 9413 9455 9454
f 9413 9455 9456
f 9413 9456 9455
f 9413 9456 9457
f 9413 9457 9456
f 9413 9457 9458
f 9413 9458 9457
