o part_0
v 0.000000 0.000000 0.020000
v 0.012524 0.000000 0.017238
v 0.019538 0.000000 0.006348
v 0.019538 0.000000 -0.006348
v 0.012524 0.000000 -0.017238
v 0.000000 0.000000 -0.020000
v -0.012524 0.000000 -0.017238
v -0.019538 0.000000 -0.006348
v -0.019538 0.000000 0.006348
v -0.012524 0.000000 0.017238
v 0.000000 0.220000 0.013600
v 0.008516 0.220000 0.011722
v 0.013286 0.220000 0.004317
v 0.013286 0.220000 -0.004317
v 0.008516 0.220000 -0.011722
v 0.000000 0.220000 -0.013600
v -0.008516 0.220000 -0.011722
v -0.013286 0.220000 -0.004317
v -0.013286 0.220000 0.004317
v -0.008516 0.220000 0.011722
f 1 2 12
f 1 12 11
f 2 3 13
f 2 13 12
f 3 4 14
f 3 14 13
f 4 5 15
f 4 15 14
f 5 6 16
f 5 16 15
f 6 7 17
f 6 17 16
f 7 8 18
f 7 18 17
f 8 9 19
f 8 19 18
f 9 10 20
f 9 20 19
f 10 1 11
f 10 11 20
o part_1
v 0.000027 0.220000 0.013600
v 0.007330 0.224374 0.011707
v 0.011408 0.226824 0.004294
v 0.011391 0.226824 -0.004339
v 0.007284 0.224374 -0.011736
v -0.000027 0.220000 -0.013600
v -0.007330 0.215626 -0.011707
v -0.011408 0.213176 -0.004294
v -0.011391 0.213176 0.004339
v -0.007284 0.215626 0.011736
v -0.068904 0.335129 0.009384
v -0.063938 0.338104 0.008097
v -0.061165 0.339769 0.003056
v -0.061177 0.339769 -0.002814
v -0.063970 0.338104 -0.007844
v -0.068941 0.335129 -0.009112
v -0.073907 0.332154 -0.007825
v -0.076680 0.330488 -0.002784
v -0.076668 0.330488 0.003087
v -0.073876 0.332154 0.008117
f 21 22 32
f 21 32 31
f 22 23 33
f 22 33 32
f 23 24 34
f 23 34 33
f 24 25 35
f 24 35 34
f 25 26 36
f 25 36 35
f 26 27 37
f 26 37 36
f 27 28 38
f 27 38 37
f 28 29 39
f 28 39 38
f 29 30 40
f 29 40 39
f 30 21 31
f 30 31 40
o part_2
v -0.068030 0.335129 0.009341
v -0.067497 0.340882 0.008006
v -0.067616 0.344105 0.002959
v -0.068183 0.344105 -0.002885
v -0.069036 0.340882 -0.007861
v -0.069815 0.335129 -0.009069
v -0.070348 0.329375 -0.007734
v -0.070229 0.326153 -0.002686
v -0.069663 0.326153 0.003157
v -0.068809 0.329375 0.008134
v -0.144811 0.343932 0.013812
v -0.144448 0.347844 0.012905
v -0.144529 0.350035 0.009472
v -0.144914 0.350035 0.005499
v -0.145495 0.347844 0.002115
v -0.146024 0.343932 0.001294
v -0.146387 0.340019 0.002201
v -0.146306 0.337828 0.005634
v -0.145921 0.337828 0.009607
v -0.145341 0.340019 0.012991
f 41 42 52
f 41 52 51
f 42 43 53
f 42 53 52
f 43 44 54
f 43 54 53
f 44 45 55
f 44 55 54
f 45 46 56
f 45 56 55
f 46 47 57
f 46 57 56
f 47 48 58
f 47 58 57
f 48 49 59
f 48 59 58
f 49 50 60
f 49 60 59
f 50 41 51
f 50 51 60
o part_3
v -0.142968 0.343932 0.013345
v -0.146028 0.346535 0.013696
v -0.148886 0.347992 0.011188
v -0.150441 0.347992 0.007511
v -0.150251 0.346535 0.003713
v -0.147868 0.343932 0.001761
v -0.144808 0.341329 0.001410
v -0.141949 0.339871 0.003919
v -0.140394 0.339871 0.007595
v -0.140584 0.341329 0.011394
v -0.170603 0.310831 0.022850
v -0.172684 0.312601 0.023089
v -0.174628 0.313592 0.021383
v -0.175685 0.313592 0.018883
v -0.175556 0.312601 0.016300
v -0.173935 0.310831 0.014974
v -0.171855 0.309061 0.014735
v -0.169911 0.308070 0.016441
v -0.168853 0.308070 0.018941
v -0.168983 0.309061 0.021524
f 61 62 72
f 61 72 71
f 62 63 73
f 62 73 72
f 63 64 74
f 63 74 73
f 64 65 75
f 64 75 74
f 65 66 76
f 65 76 75
f 66 67 77
f 66 77 76
f 67 68 78
f 67 78 77
f 68 69 79
f 68 79 78
f 69 70 80
f 69 80 79
f 70 61 71
f 70 71 80
o part_4
v -0.172269 0.310831 0.018912
v -0.170954 0.312427 0.020728
v -0.170237 0.314577 0.022745
v -0.169984 0.317157 0.024917
v -0.170067 0.320049 0.027202
v -0.170353 0.323128 0.029556
v -0.170702 0.326266 0.031930
v -0.170973 0.329331 0.034278
v -0.171032 0.332200 0.036555
v -0.170762 0.334765 0.038722
v -0.170070 0.336938 0.040747
v -0.168887 0.338657 0.042607
v -0.167180 0.339890 0.044292
v -0.164948 0.340637 0.045800
v -0.162226 0.340930 0.047144
v -0.159081 0.340831 0.048346
v -0.155607 0.340427 0.049438
v -0.151922 0.339828 0.050459
v -0.148158 0.339157 0.051454
v -0.144457 0.338543 0.052469
v -0.140959 0.338117 0.053553
v -0.137799 0.338003 0.054749
v -0.135101 0.338319 0.056102
v -0.133001 0.339188 0.057654
v -0.134317 0.337592 0.055838
v -0.135033 0.335442 0.053822
v -0.135287 0.332862 0.051650
v -0.135204 0.329971 0.049364
v -0.134917 0.326891 0.047011
v -0.134569 0.323753 0.044637
v -0.134298 0.320688 0.042289
v -0.134239 0.317819 0.040011
v -0.134508 0.315254 0.037844
v -0.135201 0.313081 0.035820
v -0.136384 0.311362 0.033959
v -0.138091 0.310130 0.032275
v -0.140323 0.309382 0.030766
v -0.143045 0.309089 0.029422
v -0.146190 0.309188 0.028220
v -0.149664 0.309592 0.027128
v -0.153349 0.310191 0.026108
v -0.157112 0.310863 0.025113
v -0.160813 0.311477 0.024097
v -0.164311 0.311902 0.023014
v -0.167472 0.312016 0.021817
v -0.170170 0.311700 0.020465
f 81 82 83
f 81 83 82
f 81 83 84
f 81 84 83
f 81 84 85
f 81 85 84
f 81 85 86
f 81 86 85
f 81 86 87
f 81 87 86
f 81 87 88
f 81 88 87
f 81 88 89
f 81 89 88
f 81 89 90
f 81 90 89
f 81 90 91
f 81 91 90
f 81 91 92
f 81 92 91
f 81 92 93
f 81 93 92
f 81 93 94
f 81 94 93
f 81 94 95
f 81 95 94
f 81 95 96
f 81 96 95
f 81 96 97
f 81 97 96
f 81 97 98
f 81 98 97
f 81 98 99
f 81 99 98
f 81 99 100
f 81 100 99
f 81 100 101
f 81 101 100
f 81 101 102
f 81 102 101
f 81 102 103
f 81 103 102
f 81 103 104
f 81 104 103
f 81 104 105
f 81 105 104
f 81 105 106
f 81 106 105
f 81 106 107
f 81 107 106
f 81 107 108
f 81 108 107
f 81 108 109
f 81 109 108
f 81 109 110
f 81 110 109
f 81 110 111
f 81 111 110
f 81 111 112
f 81 112 111
f 81 112 113
f 81 113 112
f 81 113 114
f 81 114 113
f 81 114 115
f 81 115 114
f 81 115 116
f 81 116 115
f 81 116 117
f 81 117 116
f 81 117 118
f 81 118 117
f 81 118 119
f 81 119 118
f 81 119 120
f 81 120 119
f 81 120 121
f 81 121 120
f 81 121 122
f 81 122 121
f 81 122 123
f 81 123 122
f 81 123 124
f 81 124 123
f 81 124 125
f 81 125 124
f 81 125 126
f 81 126 125
o part_5
v -0.172269 0.310607 0.014642
v -0.169625 0.311058 0.015209
v -0.168144 0.311415 0.017522
v -0.168144 0.311557 0.020233
v -0.169625 0.311444 0.022571
v -0.172269 0.311055 0.023182
v -0.174914 0.310604 0.022615
v -0.176395 0.310247 0.020302
v -0.176395 0.310105 0.017591
v -0.174914 0.310218 0.015253
v -0.168607 0.287673 0.017215
v -0.166809 0.287980 0.017601
v -0.165802 0.288222 0.019174
v -0.165802 0.288319 0.021017
v -0.166809 0.288242 0.022607
v -0.168607 0.287978 0.023023
v -0.170405 0.287671 0.022636
v -0.171413 0.287428 0.021064
v -0.171413 0.287332 0.019220
v -0.170405 0.287409 0.017631
f 127 128 138
f 127 138 137
f 128 129 139
f 128 139 138
f 129 130 140
f 129 140 139
f 130 131 141
f 130 141 140
f 131 132 142
f 131 142 141
f 132 133 143
f 132 143 142
f 133 134 144
f 133 144 143
f 134 135 145
f 134 145 144
f 135 136 146
f 135 146 145
f 136 127 137
f 136 137 146
o part_6
v -0.168607 0.287825 0.020119
v -0.169122 0.288169 0.018186
v -0.169386 0.288549 0.016187
v -0.169219 0.288992 0.014073
v -0.168530 0.289510 0.011818
v -0.167324 0.290104 0.009426
v -0.165706 0.290757 0.006924
v -0.163866 0.291442 0.004362
v -0.162051 0.292124 0.001807
v -0.160526 0.292764 -0.000671
v -0.159538 0.293326 -0.003005
v -0.159274 0.293783 -0.005145
v -0.159836 0.294119 -0.007065
v -0.161224 0.294336 -0.008764
v -0.163337 0.294448 -0.010269
v -0.165985 0.294482 -0.011631
v -0.168925 0.294474 -0.012915
v -0.171888 0.294462 -0.014192
v -0.174631 0.294482 -0.015529
v -0.176961 0.294562 -0.016976
v -0.178775 0.294717 -0.018561
v -0.180065 0.294948 -0.020286
v -0.180925 0.295242 -0.022126
v -0.181535 0.295572 -0.024033
v -0.181020 0.295228 -0.022100
v -0.180756 0.294848 -0.020101
v -0.180922 0.294405 -0.017987
v -0.181612 0.293887 -0.015733
v -0.182818 0.293293 -0.013340
v -0.184436 0.292640 -0.010838
v -0.186276 0.291955 -0.008276
v -0.188091 0.291273 -0.005721
v -0.189616 0.290633 -0.003243
v -0.190604 0.290071 -0.000909
v -0.190868 0.289614 0.001231
v -0.190306 0.289278 0.003151
v -0.188918 0.289061 0.004849
v -0.186805 0.288949 0.006355
v -0.184157 0.288915 0.007716
v -0.181217 0.288923 0.009001
v -0.178253 0.288935 0.010278
v -0.175511 0.288915 0.011615
v -0.173181 0.288835 0.013062
v -0.171367 0.288680 0.014647
v -0.170077 0.288449 0.016372
v -0.169216 0.288155 0.018212
f 147 148 149
f 147 149 148
f 147 149 150
f 147 150 149
f 147 150 151
f 147 151 150
f 147 151 152
f 147 152 151
f 147 152 153
f 147 153 152
f 147 153 154
f 147 154 153
f 147 154 155
f 147 155 154
f 147 155 156
f 147 156 155
f 147 156 157
f 147 157 156
f 147 157 158
f 147 158 157
f 147 158 159
f 147 159 158
f 147 159 160
f 147 160 159
f 147 160 161
f 147 161 160
f 147 161 162
f 147 162 161
f 147 162 163
f 147 163 162
f 147 163 164
f 147 164 163
f 147 164 165
f 147 165 164
f 147 165 166
f 147 166 165
f 147 166 167
f 147 167 166
f 147 167 168
f 147 168 167
f 147 168 169
f 147 169 168
f 147 169 170
f 147 170 169
f 147 170 171
f 147 171 170
f 147 171 172
f 147 172 171
f 147 172 173
f 147 173 172
f 147 173 174
f 147 174 173
f 147 174 175
f 147 175 174
f 147 175 176
f 147 176 175
f 147 176 177
f 147 177 176
f 147 177 178
f 147 178 177
f 147 178 179
f 147 179 178
f 147 179 180
f 147 180 179
f 147 180 181
f 147 181 180
f 147 181 182
f 147 182 181
f 147 182 183
f 147 183 182
f 147 183 184
f 147 184 183
f 147 184 185
f 147 185 184
f 147 185 186
f 147 186 185
f 147 186 187
f 147 187 186
f 147 187 188
f 147 188 187
f 147 188 189
f 147 189 188
f 147 189 190
f 147 190 189
f 147 190 191
f 147 191 190
f 147 191 192
f 147 192 191
o part_7
v -0.168607 0.287825 0.020119
v -0.169503 0.288755 0.022595
v -0.170699 0.289633 0.024988
v -0.172452 0.290414 0.027229
v -0.174920 0.291072 0.029274
v -0.178122 0.291601 0.031118
v -0.181934 0.292025 0.032794
v -0.186100 0.292388 0.034374
v -0.190272 0.292749 0.035952
v -0.194063 0.293176 0.037634
v -0.197110 0.293733 0.039520
v -0.199133 0.294467 0.041687
v -0.199978 0.295406 0.044177
v -0.199646 0.296549 0.046989
v -0.198290 0.297870 0.050083
v -0.196189 0.299320 0.053380
v -0.193708 0.300836 0.056781
v -0.191233 0.302351 0.060181
v -0.189112 0.303805 0.063484
v -0.187600 0.305153 0.066620
v -0.186824 0.306373 0.069554
v -0.186761 0.307469 0.072292
v -0.187255 0.308469 0.074878
v -0.188050 0.309417 0.077382
v -0.187155 0.308487 0.074906
v -0.185959 0.307609 0.072512
v -0.184205 0.306828 0.070272
v -0.181738 0.306170 0.068226
v -0.178536 0.305641 0.066383
v -0.174724 0.305217 0.064706
v -0.170558 0.304854 0.063127
v -0.166386 0.304493 0.061549
v -0.162595 0.304066 0.059866
v -0.159547 0.303509 0.057980
v -0.157525 0.302775 0.055813
v -0.156679 0.301836 0.053324
v -0.157011 0.300693 0.050511
v -0.158368 0.299372 0.047418
v -0.160468 0.297922 0.044121
v -0.162949 0.296406 0.040719
v -0.165425 0.294891 0.037319
v -0.167546 0.293437 0.034017
v -0.169057 0.292089 0.030881
v -0.169834 0.290869 0.027947
v -0.169897 0.289772 0.025208
v -0.169402 0.288773 0.022622
f 193 194 195
f 193 195 194
f 193 195 196
f 193 196 195
f 193 196 197
f 193 197 196
f 193 197 198
f 193 198 197
f 193 198 199
f 193 199 198
f 193 199 200
f 193 200 199
f 193 200 201
f 193 201 200
f 193 201 202
f 193 202 201
f 193 202 203
f 193 203 202
f 193 203 204
f 193 204 203
f 193 204 205
f 193 205 204
f 193 205 206
f 193 206 205
f 193 206 207
f 193 207 206
f 193 207 208
f 193 208 207
f 193 208 209
f 193 209 208
f 193 209 210
f 193 210 209
f 193 210 211
f 193 211 210
f 193 211 212
f 193 212 211
f 193 212 213
f 193 213 212
f 193 213 214
f 193 214 213
f 193 214 215
f 193 215 214
f 193 215 216
f 193 216 215
f 193 216 217
f 193 217 216
f 193 217 218
f 193 218 217
f 193 218 219
f 193 219 218
f 193 219 220
f 193 220 219
f 193 220 221
f 193 221 220
f 193 221 222
f 193 222 221
f 193 222 223
f 193 223 222
f 193 223 224
f 193 224 223
f 193 224 225
f 193 225 224
f 193 225 226
f 193 226 225
f 193 226 227
f 193 227 226
f 193 227 228
f 193 228 227
f 193 228 229
f 193 229 228
f 193 229 230
f 193 230 229
f 193 230 231
f 193 231 230
f 193 231 232
f 193 232 231
f 193 232 233
f 193 233 232
f 193 233 234
f 193 234 233
f 193 234 235
f 193 235 234
f 193 235 236
f 193 236 235
f 193 236 237
f 193 237 236
f 193 237 238
f 193 238 237
o part_8
v -0.168747 0.310831 0.021337
v -0.169167 0.313506 0.020906
v -0.171048 0.315004 0.019532
v -0.173284 0.315004 0.017992
v -0.175239 0.313506 0.016726
v -0.175791 0.310831 0.016487
v -0.175371 0.308155 0.016918
v -0.173491 0.306657 0.018292
v -0.171255 0.306657 0.019832
v -0.169300 0.308155 0.021098
v -0.185553 0.312038 0.043332
v -0.185839 0.313857 0.043039
v -0.187117 0.314876 0.042104
v -0.188638 0.314876 0.041057
v -0.189967 0.313857 0.040196
v -0.190343 0.312038 0.040034
v -0.190057 0.310219 0.040327
v -0.188778 0.309200 0.041261
v -0.187258 0.309200 0.042308
v -0.185929 0.310219 0.043170
f 239 240 250
f 239 250 249
f 240 241 251
f 240 251 250
f 241 242 252
f 241 252 251
f 242 243 253
f 242 253 252
f 243 244 254
f 243 254 253
f 244 245 255
f 244 255 254
f 245 246 256
f 245 256 255
f 246 247 257
f 246 257 256
f 247 248 258
f 247 258 257
f 248 239 249
f 248 249 258
o part_9
v -0.187948 0.312038 0.041683
v -0.185055 0.312577 0.042087
v -0.182219 0.313813 0.042416
v -0.179445 0.315814 0.042662
v -0.176727 0.318516 0.042831
v -0.174054 0.321762 0.042942
v -0.171406 0.325325 0.043017
v -0.168762 0.328939 0.043088
v -0.166099 0.332322 0.043183
v -0.163396 0.335205 0.043333
v -0.160634 0.337360 0.043562
v -0.157800 0.338623 0.043888
v -0.154887 0.338905 0.044320
v -0.151895 0.338208 0.044859
v -0.148830 0.336617 0.045495
v -0.145707 0.334300 0.046210
v -0.142543 0.331482 0.046980
v -0.139360 0.328433 0.047774
v -0.136182 0.325434 0.048563
v -0.133029 0.322754 0.049318
v -0.129920 0.320617 0.050013
v -0.126868 0.319181 0.050632
v -0.123878 0.318510 0.051168
v -0.120944 0.318536 0.051628
v -0.123836 0.317997 0.051224
v -0.126672 0.316761 0.050895
v -0.129447 0.314759 0.050650
v -0.132164 0.312058 0.050480
v -0.134838 0.308812 0.050370
v -0.137486 0.305249 0.050294
v -0.140130 0.301635 0.050223
v -0.142792 0.298252 0.050128
v -0.145495 0.295369 0.049978
v -0.148257 0.293214 0.049749
v -0.151091 0.291951 0.049423
v -0.154004 0.291669 0.048991
v -0.156997 0.292366 0.048452
v -0.160061 0.293956 0.047816
v -0.163185 0.296274 0.047101
v -0.166349 0.299092 0.046332
v -0.169531 0.302141 0.045537
v -0.172710 0.305139 0.044748
v -0.175863 0.307820 0.043994
v -0.178971 0.309957 0.043298
v -0.182024 0.311393 0.042679
v -0.185014 0.312064 0.042143
f 259 260 261
f 259 261 260
f 259 261 262
f 259 262 261
f 259 262 263
f 259 263 262
f 259 263 264
f 259 264 263
f 259 264 265
f 259 265 264
f 259 265 266
f 259 266 265
f 259 266 267
f 259 267 266
f 259 267 268
f 259 268 267
f 259 268 269
f 259 269 268
f 259 269 270
f 259 270 269
f 259 270 271
f 259 271 270
f 259 271 272
f 259 272 271
f 259 272 273
f 259 273 272
f 259 273 274
f 259 274 273
f 259 274 275
f 259 275 274
f 259 275 276
f 259 276 275
f 259 276 277
f 259 277 276
f 259 277 278
f 259 278 277
f 259 278 279
f 259 279 278
f 259 279 280
f 259 280 279
f 259 280 281
f 259 281 280
f 259 281 282
f 259 282 281
f 259 282 283
f 259 283 282
f 259 283 284
f 259 284 283
f 259 284 285
f 259 285 284
f 259 285 286
f 259 286 285
f 259 286 287
f 259 287 286
f 259 287 288
f 259 288 287
f 259 288 289
f 259 289 288
f 259 289 290
f 259 290 289
f 259 290 291
f 259 291 290
f 259 291 292
f 259 292 291
f 259 292 293
f 259 293 292
f 259 293 294
f 259 294 293
f 259 294 295
f 259 295 294
f 259 295 296
f 259 296 295
f 259 296 297
f 259 297 296
f 259 297 298
f 259 298 297
f 259 298 299
f 259 299 298
f 259 299 300
f 259 300 299
f 259 300 301
f 259 301 300
f 259 301 302
f 259 302 301
f 259 302 303
f 259 303 302
f 259 303 304
f 259 304 303
o part_10
v -0.187948 0.312038 0.041683
v -0.188988 0.311758 0.040148
v -0.190009 0.311203 0.038640
v -0.191001 0.310216 0.037175
v -0.191960 0.308729 0.035760
v -0.192888 0.306769 0.034391
v -0.193791 0.304448 0.033059
v -0.194682 0.301950 0.031744
v -0.195577 0.299502 0.030423
v -0.196491 0.297343 0.029075
v -0.197439 0.295691 0.027676
v -0.198432 0.294709 0.026210
v -0.199475 0.294487 0.024670
v -0.200569 0.295024 0.023054
v -0.201709 0.296231 0.021372
v -0.202882 0.297945 0.019639
v -0.204074 0.299948 0.017878
v -0.205270 0.302002 0.016112
v -0.206454 0.303878 0.014363
v -0.207614 0.305393 0.012651
v -0.208742 0.306435 0.010985
v -0.209836 0.306977 0.009368
v -0.210902 0.307087 0.007795
v -0.211950 0.306922 0.006249
v -0.210910 0.307203 0.007783
v -0.209889 0.307757 0.009291
v -0.208896 0.308744 0.010756
v -0.207937 0.310231 0.012171
v -0.207010 0.312191 0.013540
v -0.206107 0.314512 0.014873
v -0.205215 0.317010 0.016188
v -0.204321 0.319458 0.017508
v -0.203406 0.321617 0.018857
v -0.202459 0.323269 0.020256
v -0.201466 0.324251 0.021721
v -0.200422 0.324474 0.023262
v -0.199328 0.323937 0.024877
v -0.198189 0.322729 0.026560
v -0.197016 0.321015 0.028292
v -0.195823 0.319012 0.030053
v -0.194628 0.316959 0.031819
v -0.193444 0.315083 0.033568
v -0.192284 0.313567 0.035281
v -0.191156 0.312525 0.036946
v -0.190061 0.311983 0.038563
v -0.188995 0.311874 0.040136
f 305 306 307
f 305 307 306
f 305 307 308
f 305 308 307
f 305 308 309
f 305 309 308
f 305 309 310
f 305 310 309
f 305 310 311
f 305 311 310
f 305 311 312
f 305 312 311
f 305 312 313
f 305 313 312
f 305 313 314
f 305 314 313
f 305 314 315
f 305 315 314
f 305 315 316
f 305 316 315
f 305 316 317
f 305 317 316
f 305 317 318
f 305 318 317
f 305 318 319
f 305 319 318
f 305 319 320
f 305 320 319
f 305 320 321
f 305 321 320
f 305 321 322
f 305 322 321
f 305 322 323
f 305 323 322
f 305 323 324
f 305 324 323
f 305 324 325
f 305 325 324
f 305 325 326
f 305 326 325
f 305 326 327
f 305 327 326
f 305 327 328
f 305 328 327
f 305 328 329
f 305 329 328
f 305 329 330
f 305 330 329
f 305 330 331
f 305 331 330
f 305 331 332
f 305 332 331
f 305 332 333
f 305 333 332
f 305 333 334
f 305 334 333
f 305 334 335
f 305 335 334
f 305 335 336
f 305 336 335
f 305 336 337
f 305 337 336
f 305 337 338
f 305 338 337
f 305 338 339
f 305 339 338
f 305 339 340
f 305 340 339
f 305 340 341
f 305 341 340
f 305 341 342
f 305 342 341
f 305 342 343
f 305 343 342
f 305 343 344
f 305 344 343
f 305 344 345
f 305 345 344
f 305 345 346
f 305 346 345
f 305 346 347
f 305 347 346
f 305 347 348
f 305 348 347
f 305 348 349
f 305 349 348
f 305 349 350
f 305 350 349
o part_11
v -0.172807 0.310831 0.023154
v -0.173050 0.313489 0.022528
v -0.172935 0.314978 0.020196
v -0.172594 0.314978 0.017503
v -0.172124 0.313489 0.015215
v -0.171732 0.310831 0.014670
v -0.171489 0.308172 0.015296
v -0.171603 0.306683 0.017628
v -0.171944 0.306683 0.020321
v -0.172415 0.308172 0.022609
v -0.198020 0.307750 0.018582
v -0.198186 0.309558 0.018156
v -0.198108 0.310570 0.016570
v -0.197876 0.310570 0.014739
v -0.197556 0.309558 0.013183
v -0.197289 0.307750 0.012812
v -0.197124 0.305942 0.013238
v -0.197202 0.304930 0.014824
v -0.197434 0.304930 0.016655
v -0.197754 0.305942 0.018211
f 351 352 362
f 351 362 361
f 352 353 363
f 352 363 362
f 353 354 364
f 353 364 363
f 354 355 365
f 354 365 364
f 355 356 366
f 355 366 365
f 356 357 367
f 356 367 366
f 357 358 368
f 357 368 367
f 358 359 369
f 358 369 368
f 359 360 370
f 359 370 369
f 360 351 361
f 360 361 370
o part_12
v -0.197655 0.307750 0.015697
v -0.197317 0.307187 0.018539
v -0.197083 0.307269 0.021580
v -0.196963 0.308067 0.024844
v -0.196950 0.309524 0.028311
v -0.197019 0.311495 0.031938
v -0.197137 0.313771 0.035659
v -0.197263 0.316098 0.039396
v -0.197355 0.318213 0.043067
v -0.197372 0.319860 0.046593
v -0.197279 0.320824 0.049908
v -0.197052 0.320949 0.052963
v -0.196676 0.320151 0.055732
v -0.196152 0.318432 0.058215
v -0.195494 0.315873 0.060439
v -0.194726 0.312631 0.062450
v -0.193883 0.308922 0.064318
v -0.193005 0.304999 0.066119
v -0.192136 0.301129 0.067936
v -0.191316 0.297563 0.069848
v -0.190578 0.294511 0.071918
v -0.189946 0.292118 0.074193
v -0.189430 0.290441 0.076690
v -0.189016 0.289410 0.079387
v -0.189354 0.289973 0.076545
v -0.189589 0.289891 0.073503
v -0.189708 0.289093 0.070240
v -0.189722 0.287636 0.066773
v -0.189653 0.285664 0.063146
v -0.189535 0.283389 0.059425
v -0.189408 0.281061 0.055688
v -0.189316 0.278947 0.052017
v -0.189299 0.277300 0.048491
v -0.189392 0.276335 0.045176
v -0.189620 0.276211 0.042121
v -0.189995 0.277008 0.039352
v -0.190519 0.278728 0.036869
v -0.191177 0.281287 0.034645
v -0.191945 0.284529 0.032633
v -0.192789 0.288238 0.030766
v -0.193666 0.292160 0.028965
v -0.194535 0.296030 0.027148
v -0.195355 0.299597 0.025236
v -0.196093 0.302649 0.023165
v -0.196725 0.305041 0.020890
v -0.197242 0.306718 0.018394
f 371 372 373
f 371 373 372
f 371 373 374
f 371 374 373
f 371 374 375
f 371 375 374
f 371 375 376
f 371 376 375
f 371 376 377
f 371 377 376
f 371 377 378
f 371 378 377
f 371 378 379
f 371 379 378
f 371 379 380
f 371 380 379
f 371 380 381
f 371 381 380
f 371 381 382
f 371 382 381
f 371 382 383
f 371 383 382
f 371 383 384
f 371 384 383
f 371 384 385
f 371 385 384
f 371 385 386
f 371 386 385
f 371 386 387
f 371 387 386
f 371 387 388
f 371 388 387
f 371 388 389
f 371 389 388
f 371 389 390
f 371 390 389
f 371 390 391
f 371 391 390
f 371 391 392
f 371 392 391
f 371 392 393
f 371 393 392
f 371 393 394
f 371 394 393
f 371 394 395
f 371 395 394
f 371 395 396
f 371 396 395
f 371 396 397
f 371 397 396
f 371 397 398
f 371 398 397
f 371 398 399
f 371 399 398
f 371 399 400
f 371 400 399
f 371 400 401
f 371 401 400
f 371 401 402
f 371 402 401
f 371 402 403
f 371 403 402
f 371 403 404
f 371 404 403
f 371 404 405
f 371 405 404
f 371 405 406
f 371 406 405
f 371 406 407
f 371 407 406
f 371 407 408
f 371 408 407
f 371 408 409
f 371 409 408
f 371 409 410
f 371 410 409
f 371 410 411
f 371 411 410
f 371 411 412
f 371 412 411
f 371 412 413
f 371 413 412
f 371 413 414
f 371 414 413
f 371 414 415
f 371 415 414
f 371 415 416
f 371 416 415
o part_13
v -0.140940 0.343932 0.011969
v -0.140352 0.347475 0.010136
v -0.142114 0.349460 0.007047
v -0.144957 0.349460 0.004243
v -0.148070 0.347475 0.002524
v -0.149895 0.343932 0.003137
v -0.150483 0.340388 0.004970
v -0.148721 0.338404 0.008059
v -0.145879 0.338404 0.010863
v -0.142765 0.340388 0.012583
v -0.171678 0.364164 0.040266
v -0.171278 0.366573 0.039019
v -0.172477 0.367923 0.036918
v -0.174409 0.367923 0.035012
v -0.176526 0.366573 0.033843
v -0.177767 0.364164 0.034260
v -0.178167 0.361754 0.035506
v -0.176969 0.360405 0.037607
v -0.175036 0.360405 0.039513
v -0.172919 0.361754 0.040683
f 417 418 428
f 417 428 427
f 418 419 429
f 418 429 428
f 419 420 430
f 419 430 429
f 420 421 431
f 420 431 430
f 421 422 432
f 421 432 431
f 422 423 433
f 422 433 432
f 423 424 434
f 423 434 433
f 424 425 435
f 424 435 434
f 425 426 436
f 425 436 435
f 426 417 427
f 426 427 436
o part_14
v -0.174723 0.364164 0.037263
v -0.172937 0.364472 0.038134
v -0.171136 0.364919 0.038927
v -0.169298 0.365677 0.039543
v -0.167407 0.366888 0.039904
v -0.165456 0.368613 0.039973
v -0.163451 0.370807 0.039777
v -0.161408 0.373315 0.039403
v -0.159358 0.375896 0.038988
v -0.157333 0.378260 0.038696
v -0.155365 0.380125 0.038686
v -0.153483 0.381264 0.039087
v -0.151699 0.381555 0.039968
v -0.150015 0.380997 0.041330
v -0.148415 0.379713 0.043101
v -0.146873 0.377930 0.045156
v -0.145357 0.375931 0.047333
v -0.143832 0.374004 0.049470
v -0.142271 0.372391 0.051428
v -0.140655 0.371248 0.053121
v -0.138978 0.370618 0.054523
v -0.137249 0.370441 0.055668
v -0.135484 0.370576 0.056638
v -0.133703 0.370849 0.057529
v -0.135488 0.370541 0.056658
v -0.137290 0.370094 0.055865
v -0.139128 0.369336 0.055248
v -0.141019 0.368125 0.054888
v -0.142970 0.366400 0.054819
v -0.144975 0.364206 0.055015
v -0.147017 0.361698 0.055388
v -0.149068 0.359117 0.055803
v -0.151093 0.356753 0.056096
v -0.153060 0.354888 0.056105
v -0.154943 0.353748 0.055705
v -0.156726 0.353458 0.054824
v -0.158411 0.354016 0.053462
v -0.160010 0.355300 0.051690
v -0.161552 0.357083 0.049635
v -0.163068 0.359082 0.047458
v -0.164593 0.361009 0.045322
v -0.166155 0.362621 0.043364
v -0.167771 0.363765 0.041671
v -0.169447 0.364395 0.040269
v -0.171176 0.364572 0.039123
v -0.172941 0.364437 0.038154
f 437 438 439
f 437 439 438
f 437 439 440
f 437 440 439
f 437 440 441
f 437 441 440
f 437 441 442
f 437 442 441
f 437 442 443
f 437 443 442
f 437 443 444
f 437 444 443
f 437 444 445
f 437 445 444
f 437 445 446
f 437 446 445
f 437 446 447
f 437 447 446
f 437 447 448
f 437 448 447
f 437 448 449
f 437 449 448
f 437 449 450
f 437 450 449
f 437 450 451
f 437 451 450
f 437 451 452
f 437 452 451
f 437 452 453
f 437 453 452
f 437 453 454
f 437 454 453
f 437 454 455
f 437 455 454
f 437 455 456
f 437 456 455
f 437 456 457
f 437 457 456
f 437 457 458
f 437 458 457
f 437 458 459
f 437 459 458
f 437 459 460
f 437 460 459
f 437 460 461
f 437 461 460
f 437 461 462
f 437 462 461
f 437 462 463
f 437 463 462
f 437 463 464
f 437 464 463
f 437 464 465
f 437 465 464
f 437 465 466
f 437 466 465
f 437 466 467
f 437 467 466
f 437 467 468
f 437 468 467
f 437 468 469
f 437 469 468
f 437 469 470
f 437 470 469
f 437 470 471
f 437 471 470
f 437 471 472
f 437 472 471
f 437 472 473
f 437 473 472
f 437 473 474
f 437 474 473
f 437 474 475
f 437 475 474
f 437 475 476
f 437 476 475
f 437 476 477
f 437 477 476
f 437 477 478
f 437 478 477
f 437 478 479
f 437 479 478
f 437 479 480
f 437 480 479
f 437 480 481
f 437 481 480
f 437 481 482
f 437 482 481
o part_15
v -0.174723 0.364164 0.037263
v -0.175725 0.363151 0.035360
v -0.176788 0.361737 0.033671
v -0.177930 0.359797 0.032262
v -0.179152 0.357322 0.031139
v -0.180442 0.354388 0.030261
v -0.181779 0.351145 0.029547
v -0.183132 0.347793 0.028891
v -0.184468 0.344559 0.028173
v -0.185752 0.341669 0.027271
v -0.186955 0.339319 0.026081
v -0.188055 0.337656 0.024525
v -0.189041 0.336757 0.022562
v -0.189912 0.336622 0.020191
v -0.190680 0.337174 0.017454
v -0.191367 0.338266 0.014429
v -0.192002 0.339702 0.011221
v -0.192620 0.341256 0.007950
v -0.193254 0.342701 0.004737
v -0.193935 0.343837 0.001688
v -0.194684 0.344514 -0.001116
v -0.195514 0.344655 -0.003634
v -0.196422 0.344272 -0.005872
v -0.197391 0.343486 -0.007896
v -0.196388 0.344499 -0.005993
v -0.195325 0.345914 -0.004304
v -0.194184 0.347853 -0.002896
v -0.192962 0.350328 -0.001773
v -0.191671 0.353262 -0.000894
v -0.190334 0.356505 -0.000180
v -0.188981 0.359857 0.000475
v -0.187646 0.363091 0.001194
v -0.186361 0.365981 0.002096
v -0.185158 0.368331 0.003286
v -0.184058 0.369994 0.004842
v -0.183073 0.370893 0.006805
v -0.182202 0.371028 0.009176
v -0.181434 0.370477 0.011913
v -0.180747 0.369384 0.014938
v -0.180111 0.367948 0.018146
v -0.179493 0.366395 0.021417
v -0.178859 0.364949 0.024630
v -0.178179 0.363814 0.027679
v -0.177429 0.363136 0.030482
v -0.176600 0.362995 0.033000
v -0.175691 0.363378 0.035239
f 483 484 485
f 483 485 484
f 483 485 486
f 483 486 485
f 483 486 487
f 483 487 486
f 483 487 488
f 483 488 487
f 483 488 489
f 483 489 488
f 483 489 490
f 483 490 489
f 483 490 491
f 483 491 490
f 483 491 492
f 483 492 491
f 483 492 493
f 483 493 492
f 483 493 494
f 483 494 493
f 483 494 495
f 483 495 494
f 483 495 496
f 483 496 495
f 483 496 497
f 483 497 496
f 483 497 498
f 483 498 497
f 483 498 499
f 483 499 498
f 483 499 500
f 483 500 499
f 483 500 501
f 483 501 500
f 483 501 502
f 483 502 501
f 483 502 503
f 483 503 502
f 483 503 504
f 483 504 503
f 483 504 505
f 483 505 504
f 483 505 506
f 483 506 505
f 483 506 507
f 483 507 506
f 483 507 508
f 483 508 507
f 483 508 509
f 483 509 508
f 483 509 510
f 483 510 509
f 483 510 511
f 483 511 510
f 483 511 512
f 483 512 511
f 483 512 513
f 483 513 512
f 483 513 514
f 483 514 513
f 483 514 515
f 483 515 514
f 483 515 516
f 483 516 515
f 483 516 517
f 483 517 516
f 483 517 518
f 483 518 517
f 483 518 519
f 483 519 518
f 483 519 520
f 483 520 519
f 483 520 521
f 483 521 520
f 483 521 522
f 483 522 521
f 483 522 523
f 483 523 522
f 483 523 524
f 483 524 523
f 483 524 525
f 483 525 524
f 483 525 526
f 483 526 525
f 483 526 527
f 483 527 526
f 483 527 528
f 483 528 527
o part_16
v -0.171568 0.364164 0.040150
v -0.172815 0.366557 0.040637
v -0.174986 0.367898 0.039561
v -0.176989 0.367898 0.037728
v -0.178253 0.366557 0.035660
v -0.177877 0.364164 0.034376
v -0.176631 0.361770 0.033888
v -0.174459 0.360430 0.034964
v -0.172457 0.360430 0.036797
v -0.171193 0.361770 0.038865
v -0.189592 0.351518 0.057817
v -0.190439 0.353145 0.058148
v -0.191916 0.354057 0.057417
v -0.193278 0.354057 0.056171
v -0.194137 0.353145 0.054764
v -0.193882 0.351518 0.053891
v -0.193035 0.349890 0.053559
v -0.191558 0.348979 0.054291
v -0.190196 0.348979 0.055537
v -0.189337 0.349890 0.056943
f 529 530 540
f 529 540 539
f 530 531 541
f 530 541 540
f 531 532 542
f 531 542 541
f 532 533 543
f 532 543 542
f 533 534 544
f 533 544 543
f 534 535 545
f 534 545 544
f 535 536 546
f 535 546 545
f 536 537 547
f 536 547 546
f 537 538 548
f 537 548 547
f 538 529 539
f 538 539 548
o part_17
v -0.191737 0.351518 0.055854
v -0.189855 0.352398 0.056415
v -0.188153 0.353668 0.057076
v -0.186677 0.355424 0.057861
v -0.185424 0.357662 0.058769
v -0.184357 0.360302 0.059781
v -0.183411 0.363204 0.060860
v -0.182503 0.366187 0.061959
v -0.181539 0.369049 0.063028
v -0.180428 0.371594 0.064015
v -0.179091 0.373651 0.064877
v -0.177470 0.375094 0.065582
v -0.175533 0.375856 0.066113
v -0.173280 0.375936 0.066469
v -0.170743 0.375403 0.066668
v -0.167979 0.374382 0.066742
v -0.165068 0.373043 0.066734
v -0.162102 0.371584 0.066696
v -0.159173 0.370206 0.066679
v -0.156366 0.369090 0.066728
v -0.153744 0.368375 0.066881
v -0.151347 0.368143 0.067157
v -0.149174 0.368396 0.067557
v -0.147182 0.369040 0.068057
v -0.149064 0.368159 0.067496
v -0.150766 0.366889 0.066836
v -0.152242 0.365133 0.066050
v -0.153495 0.362895 0.065142
v -0.154562 0.360255 0.064130
v -0.155507 0.357353 0.063051
v -0.156416 0.354371 0.061952
v -0.157379 0.351508 0.060884
v -0.158490 0.348963 0.059896
v -0.159827 0.346906 0.059034
v -0.161449 0.345464 0.058329
v -0.163386 0.344702 0.057798
v -0.165639 0.344621 0.057442
v -0.168176 0.345154 0.057243
v -0.170940 0.346176 0.057169
v -0.173850 0.347515 0.057177
v -0.176817 0.348973 0.057215
v -0.179745 0.350351 0.057232
v -0.182553 0.351468 0.057183
v -0.185174 0.352182 0.057030
v -0.187572 0.352415 0.056755
v -0.189745 0.352161 0.056354
f 549 550 551
f 549 551 550
f 549 551 552
f 549 552 551
f 549 552 553
f 549 553 552
f 549 553 554
f 549 554 553
f 549 554 555
f 549 555 554
f 549 555 556
f 549 556 555
f 549 556 557
f 549 557 556
f 549 557 558
f 549 558 557
f 549 558 559
f 549 559 558
f 549 559 560
f 549 560 559
f 549 560 561
f 549 561 560
f 549 561 562
f 549 562 561
f 549 562 563
f 549 563 562
f 549 563 564
f 549 564 563
f 549 564 565
f 549 565 564
f 549 565 566
f 549 566 565
f 549 566 567
f 549 567 566
f 549 567 568
f 549 568 567
f 549 568 569
f 549 569 568
f 549 569 570
f 549 570 569
f 549 570 571
f 549 571 570
f 549 571 572
f 549 572 571
f 549 572 573
f 549 573 572
f 549 573 574
f 549 574 573
f 549 574 575
f 549 575 574
f 549 575 576
f 549 576 575
f 549 576 577
f 549 577 576
f 549 577 578
f 549 578 577
f 549 578 579
f 549 579 578
f 549 579 580
f 549 580 579
f 549 580 581
f 549 581 580
f 549 581 582
f 549 582 581
f 549 582 583
f 549 583 582
f 549 583 584
f 549 584 583
f 549 584 585
f 549 585 584
f 549 585 586
f 549 586 585
f 549 586 587
f 549 587 586
f 549 587 588
f 549 588 587
f 549 588 589
f 549 589 588
f 549 589 590
f 549 590 589
f 549 590 591
f 549 591 590
f 549 591 592
f 549 592 591
f 549 592 593
f 549 593 592
f 549 593 594
f 549 594 593
o part_18
v -0.170473 0.364164 0.036784
v -0.171269 0.366083 0.034995
v -0.173700 0.367158 0.034216
v -0.176397 0.367158 0.034520
v -0.178594 0.366083 0.035820
v -0.178972 0.364164 0.037741
v -0.178177 0.362244 0.039530
v -0.175746 0.361169 0.040309
v -0.173048 0.361169 0.040005
v -0.170851 0.362244 0.038706
v -0.169650 0.383145 0.056331
v -0.170191 0.384451 0.055114
v -0.171844 0.385182 0.054585
v -0.173679 0.385182 0.054791
v -0.175172 0.384451 0.055675
v -0.175429 0.383145 0.056981
v -0.174888 0.381840 0.058198
v -0.173235 0.381109 0.058727
v -0.171401 0.381109 0.058521
v -0.169907 0.381840 0.057637
f 595 596 606
f 595 606 605
f 596 597 607
f 596 607 606
f 597 598 608
f 597 608 607
f 598 599 609
f 598 609 608
f 599 600 610
f 599 610 609
f 600 601 611
f 600 611 610
f 601 602 612
f 601 612 611
f 602 603 613
f 602 613 612
f 603 604 614
f 603 614 613
f 604 595 605
f 604 605 614
o part_19
v -0.172540 0.383145 0.056656
v -0.170765 0.382549 0.055906
v -0.168880 0.382383 0.054722
v -0.166913 0.382543 0.053210
v -0.164887 0.382935 0.051464
v -0.162826 0.383465 0.049579
v -0.160755 0.384032 0.047657
v -0.158699 0.384540 0.045794
v -0.156682 0.384895 0.044086
v -0.154725 0.385016 0.042612
v -0.152843 0.384839 0.041440
v -0.151049 0.384318 0.040614
v -0.149349 0.383428 0.040160
v -0.147742 0.382169 0.040076
v -0.146223 0.380566 0.040340
v -0.144780 0.378664 0.040905
v -0.143397 0.376529 0.041705
v -0.142052 0.374242 0.042659
v -0.140722 0.371894 0.043673
v -0.139383 0.369584 0.044648
v -0.138009 0.367412 0.045486
v -0.136575 0.365472 0.046089
v -0.135059 0.363858 0.046364
v -0.133434 0.362674 0.046206
v -0.135209 0.363270 0.046956
v -0.137093 0.363436 0.048140
v -0.139060 0.363277 0.049651
v -0.141087 0.362884 0.051398
v -0.143148 0.362355 0.053282
v -0.145219 0.361787 0.055205
v -0.147274 0.361280 0.057067
v -0.149291 0.360925 0.058776
v -0.151249 0.360803 0.060249
v -0.153130 0.360980 0.061422
v -0.154924 0.361502 0.062247
v -0.156624 0.362392 0.062702
v -0.158231 0.363650 0.062785
v -0.159750 0.365253 0.062521
v -0.161193 0.367155 0.061956
v -0.162577 0.369290 0.061156
v -0.163922 0.371578 0.060203
v -0.165251 0.373925 0.059189
v -0.166591 0.376235 0.058213
v -0.167965 0.378407 0.057376
v -0.169398 0.380347 0.056773
v -0.170914 0.381961 0.056498
f 615 616 617
f 615 617 616
f 615 617 618
f 615 618 617
f 615 618 619
f 615 619 618
f 615 619 620
f 615 620 619
f 615 620 621
f 615 621 620
f 615 621 622
f 615 622 621
f 615 622 623
f 615 623 622
f 615 623 624
f 615 624 623
f 615 624 625
f 615 625 624
f 615 625 626
f 615 626 625
f 615 626 627
f 615 627 626
f 615 627 628
f 615 628 627
f 615 628 629
f 615 629 628
f 615 629 630
f 615 630 629
f 615 630 631
f 615 631 630
f 615 631 632
f 615 632 631
f 615 632 633
f 615 633 632
f 615 633 634
f 615 634 633
f 615 634 635
f 615 635 634
f 615 635 636
f 615 636 635
f 615 636 637
f 615 637 636
f 615 637 638
f 615 638 637
f 615 638 639
f 615 639 638
f 615 639 640
f 615 640 639
f 615 640 641
f 615 641 640
f 615 641 642
f 615 642 641
f 615 642 643
f 615 643 642
f 615 643 644
f 615 644 643
f 615 644 645
f 615 645 644
f 615 645 646
f 615 646 645
f 615 646 647
f 615 647 646
f 615 647 648
f 615 648 647
f 615 648 649
f 615 649 648
f 615 649 650
f 615 650 649
f 615 650 651
f 615 651 650
f 615 651 652
f 615 652 651
f 615 652 653
f 615 653 652
f 615 653 654
f 615 654 653
f 615 654 655
f 615 655 654
f 615 655 656
f 615 656 655
f 615 656 657
f 615 657 656
f 615 657 658
f 615 658 657
f 615 658 659
f 615 659 658
f 615 659 660
f 615 660 659
o part_20
v -0.174722 0.364164 0.041539
v -0.173069 0.366271 0.040948
v -0.172144 0.367450 0.038620
v -0.172144 0.367450 0.035905
v -0.173070 0.366271 0.033577
v -0.174723 0.364164 0.032986
v -0.176376 0.362057 0.033577
v -0.177302 0.360877 0.035906
v -0.177302 0.360877 0.038620
v -0.176376 0.362057 0.040949
v -0.196847 0.381524 0.040173
v -0.195723 0.382957 0.039771
v -0.195094 0.383759 0.038188
v -0.195094 0.383759 0.036342
v -0.195724 0.382957 0.034759
v -0.196848 0.381524 0.034357
v -0.197972 0.380092 0.034759
v -0.198601 0.379290 0.036342
v -0.198601 0.379290 0.038188
v -0.197971 0.380092 0.039771
f 661 662 672
f 661 672 671
f 662 663 673
f 662 673 672
f 663 664 674
f 663 674 673
f 664 665 675
f 664 675 674
f 665 666 676
f 665 676 675
f 666 667 677
f 666 677 676
f 667 668 678
f 667 678 677
f 668 669 679
f 668 679 678
f 669 670 680
f 669 680 679
f 670 661 671
f 670 671 680
o part_21
v -0.196847 0.381524 0.037265
v -0.196106 0.380439 0.039025
v -0.195087 0.379708 0.040928
v -0.193735 0.379402 0.043001
v -0.192060 0.379505 0.045239
v -0.190123 0.379944 0.047612
v -0.188020 0.380594 0.050069
v -0.185873 0.381300 0.052549
v -0.183815 0.381893 0.054984
v -0.181973 0.382210 0.057307
v -0.180460 0.382108 0.059463
v -0.179356 0.381485 0.061409
v -0.178705 0.380285 0.063123
v -0.178506 0.378509 0.064606
v -0.178717 0.376210 0.065879
v -0.179256 0.373494 0.066983
v -0.180012 0.370501 0.067977
v -0.180856 0.367395 0.068925
v -0.181656 0.364345 0.069896
v -0.182290 0.361507 0.070952
v -0.182662 0.359003 0.072142
v -0.182712 0.356910 0.073498
v -0.182429 0.355241 0.075023
v -0.181867 0.353927 0.076692
v -0.182608 0.355012 0.074932
v -0.183627 0.355743 0.073029
v -0.184980 0.356050 0.070956
v -0.186654 0.355946 0.068718
v -0.188591 0.355507 0.066345
v -0.190694 0.354858 0.063888
v -0.192841 0.354152 0.061408
v -0.194900 0.353558 0.058973
v -0.196741 0.353241 0.056649
v -0.198254 0.353343 0.054494
v -0.199358 0.353966 0.052548
v -0.200009 0.355166 0.050834
v -0.200208 0.356942 0.049351
v -0.199998 0.359241 0.048078
v -0.199459 0.361957 0.046973
v -0.198703 0.364951 0.045980
v -0.197859 0.368056 0.045031
v -0.197058 0.371106 0.044060
v -0.196424 0.373944 0.043005
v -0.196052 0.376448 0.041814
v -0.196003 0.378541 0.040459
v -0.196286 0.380210 0.038933
f 681 682 683
f 681 683 682
f 681 683 684
f 681 684 683
f 681 684 685
f 681 685 684
f 681 685 686
f 681 686 685
f 681 686 687
f 681 687 686
f 681 687 688
f 681 688 687
f 681 688 689
f 681 689 688
f 681 689 690
f 681 690 689
f 681 690 691
f 681 691 690
f 681 691 692
f 681 692 691
f 681 692 693
f 681 693 692
f 681 693 694
f 681 694 693
f 681 694 695
f 681 695 694
f 681 695 696
f 681 696 695
f 681 696 697
f 681 697 696
f 681 697 698
f 681 698 697
f 681 698 699
f 681 699 698
f 681 699 700
f 681 700 699
f 681 700 701
f 681 701 700
f 681 701 702
f 681 702 701
f 681 702 703
f 681 703 702
f 681 703 704
f 681 704 703
f 681 704 705
f 681 705 704
f 681 705 706
f 681 706 705
f 681 706 707
f 681 707 706
f 681 707 708
f 681 708 707
f 681 708 709
f 681 709 708
f 681 709 710
f 681 710 709
f 681 710 711
f 681 711 710
f 681 711 712
f 681 712 711
f 681 712 713
f 681 713 712
f 681 713 714
f 681 714 713
f 681 714 715
f 681 715 714
f 681 715 716
f 681 716 715
f 681 716 717
f 681 717 716
f 681 717 718
f 681 718 717
f 681 718 719
f 681 719 718
f 681 719 720
f 681 720 719
f 681 720 721
f 681 721 720
f 681 721 722
f 681 722 721
f 681 722 723
f 681 723 722
f 681 723 724
f 681 724 723
f 681 724 725
f 681 725 724
f 681 725 726
f 681 726 725
o part_22
v -0.148927 0.343932 0.012771
v -0.146875 0.347387 0.013105
v -0.144085 0.349322 0.010855
v -0.141857 0.349322 0.007542
v -0.140824 0.347387 0.004110
v -0.141908 0.343932 0.002335
v -0.143961 0.340477 0.002001
v -0.146750 0.338542 0.004252
v -0.148978 0.338542 0.007564
v -0.150011 0.340477 0.010996
v -0.177257 0.363347 -0.008708
v -0.175861 0.365696 -0.008481
v -0.173964 0.367012 -0.010012
v -0.172449 0.367012 -0.012264
v -0.171747 0.365696 -0.014598
v -0.172484 0.363347 -0.015805
v -0.173880 0.360998 -0.016032
v -0.175776 0.359682 -0.014502
v -0.177291 0.359682 -0.012249
v -0.177994 0.360998 -0.009916
f 727 728 738
f 727 738 737
f 728 729 739
f 728 739 738
f 729 730 740
f 729 740 739
f 730 731 741
f 730 741 740
f 731 732 742
f 731 742 741
f 732 733 743
f 732 743 742
f 733 734 744
f 733 744 743
f 734 735 745
f 734 745 744
f 735 736 746
f 735 746 745
f 736 727 737
f 736 737 746
o part_23
v -0.174870 0.363347 -0.012257
v -0.176147 0.362355 -0.009791
v -0.177348 0.361637 -0.007169
v -0.178406 0.361436 -0.004253
v -0.179281 0.361902 -0.000956
v -0.179964 0.363063 0.002738
v -0.180487 0.364804 0.006762
v -0.180916 0.366887 0.010982
v -0.181342 0.368984 0.015209
v -0.181864 0.370727 0.019234
v -0.182580 0.371771 0.022861
v -0.183562 0.371847 0.025936
v -0.184850 0.370811 0.028376
v -0.186446 0.368661 0.030181
v -0.188308 0.365544 0.031434
v -0.190363 0.361728 0.032289
v -0.192515 0.357558 0.032942
v -0.194663 0.353401 0.033602
v -0.196717 0.349587 0.034458
v -0.198611 0.346353 0.035645
v -0.200314 0.343813 0.037227
v -0.201833 0.341941 0.039191
v -0.203210 0.340586 0.041449
v -0.204511 0.339505 0.043864
v -0.203234 0.340496 0.041398
v -0.202033 0.341214 0.038776
v -0.200975 0.341416 0.035860
v -0.200100 0.340949 0.032562
v -0.199417 0.339789 0.028869
v -0.198894 0.338047 0.024845
v -0.198465 0.335964 0.020625
v -0.198039 0.333868 0.016398
v -0.197517 0.332125 0.012373
v -0.196801 0.331081 0.008746
v -0.195819 0.331004 0.005671
v -0.194531 0.332041 0.003231
v -0.192935 0.334191 0.001426
v -0.191073 0.337308 0.000173
v -0.189018 0.341124 -0.000682
v -0.186866 0.345294 -0.001335
v -0.184718 0.349450 -0.001995
v -0.182664 0.353265 -0.002851
v -0.180770 0.356498 -0.004038
v -0.179067 0.359039 -0.005620
v -0.177548 0.360910 -0.007584
v -0.176171 0.362265 -0.009842
f 747 748 749
f 747 749 748
f 747 749 750
f 747 750 749
f 747 750 751
f 747 751 750
f 747 751 752
f 747 752 751
f 747 752 753
f 747 753 752
f 747 753 754
f 747 754 753
f 747 754 755
f 747 755 754
f 747 755 756
f 747 756 755
f 747 756 757
f 747 757 756
f 747 757 758
f 747 758 757
f 747 758 759
f 747 759 758
f 747 759 760
f 747 760 759
f 747 760 761
f 747 761 760
f 747 761 762
f 747 762 761
f 747 762 763
f 747 763 762
f 747 763 764
f 747 764 763
f 747 764 765
f 747 765 764
f 747 765 766
f 747 766 765
f 747 766 767
f 747 767 766
f 747 767 768
f 747 768 767
f 747 768 769
f 747 769 768
f 747 769 770
f 747 770 769
f 747 770 771
f 747 771 770
f 747 771 772
f 747 772 771
f 747 772 773
f 747 773 772
f 747 773 774
f 747 774 773
f 747 774 775
f 747 775 774
f 747 775 776
f 747 776 775
f 747 776 777
f 747 777 776
f 747 777 778
f 747 778 777
f 747 778 779
f 747 779 778
f 747 779 780
f 747 780 779
f 747 780 781
f 747 781 780
f 747 781 782
f 747 782 781
f 747 782 783
f 747 783 782
f 747 783 784
f 747 784 783
f 747 784 785
f 747 785 784
f 747 785 786
f 747 786 785
f 747 786 787
f 747 787 786
f 747 787 788
f 747 788 787
f 747 788 789
f 747 789 788
f 747 789 790
f 747 790 789
f 747 790 791
f 747 791 790
f 747 791 792
f 747 792 791
o part_24
v -0.177972 0.363347 -0.009313
v -0.178011 0.365937 -0.010212
v -0.176583 0.367388 -0.012090
v -0.174614 0.367388 -0.013959
v -0.172664 0.365937 -0.015286
v -0.171768 0.363347 -0.015200
v -0.171730 0.360756 -0.014302
v -0.173157 0.359306 -0.012424
v -0.175127 0.359306 -0.010555
v -0.177077 0.360756 -0.009228
v -0.193456 0.357079 -0.027619
v -0.193483 0.358841 -0.028230
v -0.192512 0.359827 -0.029507
v -0.191173 0.359827 -0.030777
v -0.189847 0.358841 -0.031680
v -0.189238 0.357079 -0.031622
v -0.189212 0.355318 -0.031011
v -0.190182 0.354331 -0.029734
v -0.191521 0.354331 -0.028463
v -0.192848 0.355318 -0.027560
f 793 794 804
f 793 804 803
f 794 795 805
f 794 805 804
f 795 796 806
f 795 806 805
f 796 797 807
f 796 807 806
f 797 798 808
f 797 808 807
f 798 799 809
f 798 809 808
f 799 800 810
f 799 810 809
f 800 801 811
f 800 811 810
f 801 802 812
f 801 812 811
f 802 793 803
f 802 803 812
o part_25
v -0.191347 0.357079 -0.029620
v -0.192803 0.357438 -0.027334
v -0.194327 0.358228 -0.025139
v -0.195952 0.359655 -0.023078
v -0.197688 0.361784 -0.021164
v -0.199527 0.364556 -0.019386
v -0.201440 0.367797 -0.017706
v -0.203386 0.371247 -0.016071
v -0.205316 0.374596 -0.014414
v -0.207179 0.377524 -0.012669
v -0.208930 0.379743 -0.010774
v -0.210534 0.381039 -0.008685
v -0.211973 0.381296 -0.006378
v -0.213248 0.380514 -0.003852
v -0.214376 0.378809 -0.001132
v -0.215392 0.376396 0.001738
v -0.216341 0.373561 0.004696
v -0.217273 0.370625 0.007675
v -0.218239 0.367898 0.010610
v -0.219280 0.365641 0.013447
v -0.220422 0.364025 0.016148
v -0.221676 0.363113 0.018701
v -0.223031 0.362837 0.021121
v -0.224454 0.362993 0.023450
v -0.222999 0.362634 0.021164
v -0.221475 0.361844 0.018969
v -0.219850 0.360417 0.016907
v -0.218113 0.358288 0.014994
v -0.216275 0.355516 0.013216
v -0.214362 0.352275 0.011536
v -0.212416 0.348825 0.009900
v -0.210486 0.345476 0.008244
v -0.208623 0.342548 0.006498
v -0.206872 0.340329 0.004604
v -0.205267 0.339033 0.002515
v -0.203828 0.338776 0.000207
v -0.202553 0.339557 -0.002318
v -0.201425 0.341263 -0.005039
v -0.200410 0.343676 -0.007908
v -0.199461 0.346511 -0.010866
v -0.198528 0.349447 -0.013845
v -0.197562 0.352174 -0.016780
v -0.196522 0.354431 -0.019617
v -0.195379 0.356046 -0.022318
v -0.194125 0.356959 -0.024872
v -0.192770 0.357235 -0.027291
f 813 814 815
f 813 815 814
f 813 815 816
f 813 816 815
f 813 816 817
f 813 817 816
f 813 817 818
f 813 818 817
f 813 818 819
f 813 819 818
f 813 819 820
f 813 820 819
f 813 820 821
f 813 821 820
f 813 821 822
f 813 822 821
f 813 822 823
f 813 823 822
f 813 823 824
f 813 824 823
f 813 824 825
f 813 825 824
f 813 825 826
f 813 826 825
f 813 826 827
f 813 827 826
f 813 827 828
f 813 828 827
f 813 828 829
f 813 829 828
f 813 829 830
f 813 830 829
f 813 830 831
f 813 831 830
f 813 831 832
f 813 832 831
f 813 832 833
f 813 833 832
f 813 833 834
f 813 834 833
f 813 834 835
f 813 835 834
f 813 835 836
f 813 836 835
f 813 836 837
f 813 837 836
f 813 837 838
f 813 838 837
f 813 838 839
f 813 839 838
f 813 839 840
f 813 840 839
f 813 840 841
f 813 841 840
f 813 841 842
f 813 842 841
f 813 842 843
f 813 843 842
f 813 843 844
f 813 844 843
f 813 844 845
f 813 845 844
f 813 845 846
f 813 846 845
f 813 846 847
f 813 847 846
f 813 847 848
f 813 848 847
f 813 848 849
f 813 849 848
f 813 849 850
f 813 850 849
f 813 850 851
f 813 851 850
f 813 851 852
f 813 852 851
f 813 852 853
f 813 853 852
f 813 853 854
f 813 854 853
f 813 854 855
f 813 855 854
f 813 855 856
f 813 856 855
f 813 856 857
f 813 857 856
f 813 857 858
f 813 858 857
o part_26
v -0.173677 0.363347 -0.008150
v -0.172316 0.365502 -0.009161
v -0.172111 0.366709 -0.011645
v -0.172868 0.366709 -0.014252
v -0.174373 0.365502 -0.016240
v -0.176063 0.363347 -0.016363
v -0.177425 0.361192 -0.015353
v -0.177630 0.359985 -0.012868
v -0.176873 0.359985 -0.010262
v -0.175368 0.361192 -0.008274
v -0.192038 0.377154 -0.004241
v -0.191112 0.378619 -0.004928
v -0.190973 0.379440 -0.006617
v -0.191488 0.379440 -0.008390
v -0.192511 0.378619 -0.009741
v -0.193661 0.377154 -0.009825
v -0.194587 0.375688 -0.009138
v -0.194726 0.374867 -0.007449
v -0.194211 0.374867 -0.005676
v -0.193188 0.375688 -0.004325
f 859 860 870
f 859 870 869
f 860 861 871
f 860 871 870
f 861 862 872
f 861 872 871
f 862 863 873
f 862 873 872
f 863 864 874
f 863 874 873
f 864 865 875
f 864 875 874
f 865 866 876
f 865 876 875
f 866 867 877
f 866 877 876
f 867 868 878
f 867 878 877
f 868 859 869
f 868 869 878
o part_27
v -0.192849 0.377154 -0.007033
v -0.192063 0.376478 -0.005117
v -0.190928 0.376228 -0.003127
v -0.189438 0.376412 -0.001061
v -0.187638 0.376974 0.001070
v -0.185609 0.377816 0.003251
v -0.183456 0.378810 0.005457
v -0.181298 0.379809 0.007665
v -0.179260 0.380663 0.009847
v -0.177455 0.381232 0.011980
v -0.175979 0.381398 0.014042
v -0.174902 0.381076 0.016020
v -0.174261 0.380223 0.017905
v -0.174055 0.378838 0.019698
v -0.174248 0.376966 0.021406
v -0.174770 0.374691 0.023043
v -0.175526 0.372131 0.024631
v -0.176400 0.369426 0.026194
v -0.177270 0.366726 0.027758
v -0.178017 0.364178 0.029348
v -0.178534 0.361909 0.030987
v -0.178741 0.360019 0.032692
v -0.178594 0.358563 0.034472
v -0.178097 0.357532 0.036326
v -0.178884 0.358208 0.034410
v -0.180019 0.358458 0.032420
v -0.181509 0.358274 0.030354
v -0.183309 0.357712 0.028223
v -0.185338 0.356869 0.026043
v -0.187491 0.355876 0.023836
v -0.189648 0.354877 0.021628
v -0.191687 0.354023 0.019446
v -0.193492 0.353454 0.017313
v -0.194968 0.353288 0.015251
v -0.196044 0.353610 0.013273
v -0.196686 0.354463 0.011388
v -0.196892 0.355848 0.009595
v -0.196699 0.357720 0.007888
v -0.196177 0.359995 0.006250
v -0.195421 0.362555 0.004662
v -0.194547 0.365260 0.003099
v -0.193676 0.367960 0.001535
v -0.192930 0.370508 -0.000055
v -0.192413 0.372777 -0.001694
v -0.192205 0.374667 -0.003398
v -0.192353 0.376123 -0.005179
f 879 880 881
f 879 881 880
f 879 881 882
f 879 882 881
f 879 882 883
f 879 883 882
f 879 883 884
f 879 884 883
f 879 884 885
f 879 885 884
f 879 885 886
f 879 886 885
f 879 886 887
f 879 887 886
f 879 887 888
f 879 888 887
f 879 888 889
f 879 889 888
f 879 889 890
f 879 890 889
f 879 890 891
f 879 891 890
f 879 891 892
f 879 892 891
f 879 892 893
f 879 893 892
f 879 893 894
f 879 894 893
f 879 894 895
f 879 895 894
f 879 895 896
f 879 896 895
f 879 896 897
f 879 897 896
f 879 897 898
f 879 898 897
f 879 898 899
f 879 899 898
f 879 899 900
f 879 900 899
f 879 900 901
f 879 901 900
f 879 901 902
f 879 902 901
f 879 902 903
f 879 903 902
f 879 903 904
f 879 904 903
f 879 904 905
f 879 905 904
f 879 905 906
f 879 906 905
f 879 906 907
f 879 907 906
f 879 907 908
f 879 908 907
f 879 908 909
f 879 909 908
f 879 909 910
f 879 910 909
f 879 910 911
f 879 911 910
f 879 911 912
f 879 912 911
f 879 912 913
f 879 913 912
f 879 913 914
f 879 914 913
f 879 914 915
f 879 915 914
f 879 915 916
f 879 916 915
f 879 916 917
f 879 917 916
f 879 917 918
f 879 918 917
f 879 918 919
f 879 919 918
f 879 919 920
f 879 920 919
f 879 920 921
f 879 921 920
f 879 921 922
f 879 922 921
f 879 922 923
f 879 923 922
f 879 923 924
f 879 924 923
o part_28
v -0.192849 0.377154 -0.007033
v -0.192985 0.376391 -0.008972
v -0.193200 0.375504 -0.010859
v -0.193602 0.374328 -0.012622
v -0.194278 0.372726 -0.014204
v -0.195270 0.370632 -0.015577
v -0.196556 0.368085 -0.016757
v -0.198040 0.365228 -0.017805
v -0.199575 0.362292 -0.018819
v -0.200982 0.359557 -0.019919
v -0.202081 0.357297 -0.021221
v -0.202733 0.355733 -0.022820
v -0.202858 0.354986 -0.024765
v -0.202458 0.355056 -0.027059
v -0.201609 0.355821 -0.029648
v -0.200453 0.357061 -0.032440
v -0.199169 0.358502 -0.035317
v -0.197935 0.359865 -0.038161
v -0.196900 0.360917 -0.040873
v -0.196158 0.361516 -0.043392
v -0.195733 0.361624 -0.045701
v -0.195582 0.361305 -0.047829
v -0.195618 0.360698 -0.049835
v -0.195733 0.359965 -0.051787
v -0.195598 0.360728 -0.049848
v -0.195383 0.361615 -0.047961
v -0.194981 0.362791 -0.046198
v -0.194305 0.364393 -0.044616
v -0.193312 0.366487 -0.043243
v -0.192027 0.369034 -0.042063
v -0.190543 0.371891 -0.041015
v -0.189007 0.374827 -0.040001
v -0.187601 0.377562 -0.038901
v -0.186501 0.379821 -0.037599
v -0.185850 0.381386 -0.036000
v -0.185724 0.382133 -0.034055
v -0.186125 0.382063 -0.031761
v -0.186974 0.381298 -0.029172
v -0.188130 0.380058 -0.026380
v -0.189414 0.378617 -0.023503
v -0.190648 0.377254 -0.020659
v -0.191682 0.376202 -0.017947
v -0.192424 0.375603 -0.015428
v -0.192850 0.375495 -0.013119
v -0.193000 0.375814 -0.010991
v -0.192965 0.376421 -0.008985
f 925 926 927
f 925 927 926
f 925 927 928
f 925 928 927
f 925 928 929
f 925 929 928
f 925 929 930
f 925 930 929
f 925 930 931
f 925 931 930
f 925 931 932
f 925 932 931
f 925 932 933
f 925 933 932
f 925 933 934
f 925 934 933
f 925 934 935
f 925 935 934
f 925 935 936
f 925 936 935
f 925 936 937
f 925 937 936
f 925 937 938
f 925 938 937
f 925 938 939
f 925 939 938
f 925 939 940
f 925 940 939
f 925 940 941
f 925 941 940
f 925 941 942
f 925 942 941
f 925 942 943
f 925 943 942
f 925 943 944
f 925 944 943
f 925 944 945
f 925 945 944
f 925 945 946
f 925 946 945
f 925 946 947
f 925 947 946
f 925 947 948
f 925 948 947
f 925 948 949
f 925 949 948
f 925 949 950
f 925 950 949
f 925 950 951
f 925 951 950
f 925 951 952
f 925 952 951
f 925 952 953
f 925 953 952
f 925 953 954
f 925 954 953
f 925 954 955
f 925 955 954
f 925 955 956
f 925 956 955
f 925 956 957
f 925 957 956
f 925 957 958
f 925 958 957
f 925 958 959
f 925 959 958
f 925 959 960
f 925 960 959
f 925 960 961
f 925 961 960
f 925 961 962
f 925 962 961
f 925 962 963
f 925 963 962
f 925 963 964
f 925 964 963
f 925 964 965
f 925 965 964
f 925 965 966
f 925 966 965
f 925 966 967
f 925 967 966
f 925 967 968
f 925 968 967
f 925 968 969
f 925 969 968
f 925 969 970
f 925 970 969
o part_29
v -0.179090 0.363347 -0.012949
v -0.178868 0.364830 -0.010653
v -0.176773 0.365660 -0.009044
v -0.174094 0.365660 -0.008605
v -0.171594 0.364830 -0.009460
v -0.170650 0.363347 -0.011565
v -0.170872 0.361864 -0.013861
v -0.172968 0.361033 -0.015470
v -0.175647 0.361033 -0.015909
v -0.178147 0.361864 -0.015054
v -0.175561 0.383586 -0.026011
v -0.175410 0.384594 -0.024450
v -0.173985 0.385159 -0.023355
v -0.172164 0.385159 -0.023057
v -0.170464 0.384594 -0.023638
v -0.169822 0.383586 -0.025069
v -0.169973 0.382577 -0.026631
v -0.171398 0.382013 -0.027725
v -0.173220 0.382013 -0.028024
v -0.174920 0.382577 -0.027442
f 971 972 982
f 971 982 981
f 972 973 983
f 972 983 982
f 973 974 984
f 973 984 983
f 974 975 985
f 974 985 984
f 975 976 986
f 975 986 985
f 976 977 987
f 976 987 986
f 977 978 988
f 977 988 987
f 978 979 989
f 978 989 988
f 979 980 990
f 979 990 989
f 980 971 981
f 980 981 990
o part_30
v -0.172692 0.383586 -0.025540
v -0.174596 0.382654 -0.025411
v -0.176584 0.381902 -0.025020
v -0.178699 0.381427 -0.024230
v -0.180957 0.381264 -0.022988
v -0.183349 0.381392 -0.021324
v -0.185842 0.381737 -0.019345
v -0.188382 0.382186 -0.017217
v -0.190905 0.382596 -0.015143
v -0.193343 0.382824 -0.013336
v -0.195636 0.382735 -0.011985
v -0.197737 0.382232 -0.011235
v -0.199624 0.381260 -0.011164
v -0.201294 0.379820 -0.011771
v -0.202774 0.377965 -0.012978
v -0.204108 0.375794 -0.014643
v -0.205358 0.373440 -0.016574
v -0.206591 0.371048 -0.018559
v -0.207870 0.368759 -0.020395
v -0.209250 0.366688 -0.021916
v -0.210764 0.364907 -0.023015
v -0.212422 0.363439 -0.023663
v -0.214207 0.362247 -0.023910
v -0.216075 0.361236 -0.023896
v -0.214170 0.362167 -0.024026
v -0.212183 0.362919 -0.024416
v -0.210068 0.363395 -0.025206
v -0.207810 0.363558 -0.026449
v -0.205417 0.363430 -0.028113
v -0.202925 0.363084 -0.030092
v -0.200385 0.362636 -0.032220
v -0.197862 0.362225 -0.034293
v -0.195424 0.361998 -0.036101
v -0.193131 0.362086 -0.037452
v -0.191029 0.362589 -0.038201
v -0.189143 0.363561 -0.038273
v -0.187472 0.365001 -0.037666
v -0.185993 0.366856 -0.036458
v -0.184658 0.369027 -0.034793
v -0.183409 0.371381 -0.032863
v -0.182176 0.373773 -0.030878
v -0.180896 0.376062 -0.029042
v -0.179516 0.378134 -0.027520
v -0.178002 0.379914 -0.026421
v -0.176344 0.381382 -0.025774
v -0.174559 0.382574 -0.025527
f 991 992 993
f 991 993 992
f 991 993 994
f 991 994 993
f 991 994 995
f 991 995 994
f 991 995 996
f 991 996 995
f 991 996 997
f 991 997 996
f 991 997 998
f 991 998 997
f 991 998 999
f 991 999 998
f 991 999 1000
f 991 1000 999
f 991 1000 1001
f 991 1001 1000
f 991 1001 1002
f 991 1002 1001
f 991 1002 1003
f 991 1003 1002
f 991 1003 1004
f 991 1004 1003
f 991 1004 1005
f 991 1005 1004
f 991 1005 1006
f 991 1006 1005
f 991 1006 1007
f 991 1007 1006
f 991 1007 1008
f 991 1008 1007
f 991 1008 1009
f 991 1009 1008
f 991 1009 1010
f 991 1010 1009
f 991 1010 1011
f 991 1011 1010
f 991 1011 1012
f 991 1012 1011
f 991 1012 1013
f 991 1013 1012
f 991 1013 1014
f 991 1014 1013
f 991 1014 1015
f 991 1015 1014
f 991 1015 1016
f 991 1016 1015
f 991 1016 1017
f 991 1017 1016
f 991 1017 1018
f 991 1018 1017
f 991 1018 1019
f 991 1019 1018
f 991 1019 1020
f 991 1020 1019
f 991 1020 1021
f 991 1021 1020
f 991 1021 1022
f 991 1022 1021
f 991 1022 1023
f 991 1023 1022
f 991 1023 1024
f 991 1024 1023
f 991 1024 1025
f 991 1025 1024
f 991 1025 1026
f 991 1026 1025
f 991 1026 1027
f 991 1027 1026
f 991 1027 1028
f 991 1028 1027
f 991 1028 1029
f 991 1029 1028
f 991 1029 1030
f 991 1030 1029
f 991 1030 1031
f 991 1031 1030
f 991 1031 1032
f 991 1032 1031
f 991 1032 1033
f 991 1033 1032
f 991 1033 1034
f 991 1034 1033
f 991 1034 1035
f 991 1035 1034
f 991 1035 1036
f 991 1036 1035
o part_31
v -0.059698 0.335129 0.000787
v -0.060662 0.338890 -0.003696
v -0.065511 0.340996 -0.006510
v -0.071367 0.340996 -0.006923
v -0.076564 0.338890 -0.004817
v -0.078148 0.335129 -0.000515
v -0.077184 0.331368 0.003968
v -0.072334 0.329262 0.006782
v -0.066478 0.329262 0.007196
v -0.061281 0.331368 0.005090
v -0.066247 0.394983 0.051571
v -0.066903 0.397540 0.048523
v -0.070200 0.398973 0.046609
v -0.074183 0.398973 0.046328
v -0.077716 0.397540 0.047760
v -0.078793 0.394983 0.050686
v -0.078138 0.392425 0.053734
v -0.074840 0.390993 0.055648
v -0.070858 0.390993 0.055929
v -0.067324 0.392425 0.054497
f 1037 1038 1048
f 1037 1048 1047
f 1038 1039 1049
f 1038 1049 1048
f 1039 1040 1050
f 1039 1050 1049
f 1040 1041 1051
f 1040 1051 1050
f 1041 1042 1052
f 1041 1052 1051
f 1042 1043 1053
f 1042 1053 1052
f 1043 1044 1054
f 1043 1054 1053
f 1044 1045 1055
f 1044 1055 1054
f 1045 1046 1056
f 1045 1056 1055
f 1046 1037 1047
f 1046 1047 1056
o part_32
v -0.066447 0.394983 0.052760
v -0.067009 0.398773 0.051503
v -0.070161 0.400896 0.050038
v -0.074016 0.400896 0.049003
v -0.077478 0.398773 0.048692
v -0.078594 0.394983 0.049498
v -0.078032 0.391192 0.050754
v -0.074880 0.389069 0.052219
v -0.071024 0.389069 0.053255
v -0.067562 0.391192 0.053565
v -0.080714 0.408365 0.098132
v -0.081096 0.410943 0.097278
v -0.083239 0.412386 0.096281
v -0.085861 0.412386 0.095577
v -0.088215 0.410943 0.095366
v -0.088974 0.408365 0.095914
v -0.088592 0.405788 0.096768
v -0.086449 0.404344 0.097765
v -0.083827 0.404344 0.098469
v -0.081473 0.405788 0.098680
f 1057 1058 1068
f 1057 1068 1067
f 1058 1059 1069
f 1058 1069 1068
f 1059 1060 1070
f 1059 1070 1069
f 1060 1061 1071
f 1060 1071 1070
f 1061 1062 1072
f 1061 1072 1071
f 1062 1063 1073
f 1062 1073 1072
f 1063 1064 1074
f 1063 1074 1073
f 1064 1065 1075
f 1064 1075 1074
f 1065 1066 1076
f 1065 1076 1075
f 1066 1057 1067
f 1066 1067 1076
o part_33
v -0.084844 0.408365 0.097023
v -0.081921 0.408028 0.097020
v -0.078972 0.407902 0.096963
v -0.075962 0.408267 0.096779
v -0.072861 0.409360 0.096408
v -0.069655 0.411295 0.095818
v -0.066352 0.414010 0.095028
v -0.062983 0.417260 0.094099
v -0.059597 0.420648 0.093135
v -0.056253 0.423695 0.092258
v -0.053010 0.425928 0.091592
v -0.049916 0.426968 0.091234
v -0.046996 0.426606 0.091238
v -0.044251 0.424842 0.091604
v -0.041654 0.421884 0.092278
v -0.039158 0.418112 0.093162
v -0.036705 0.414000 0.094134
v -0.034235 0.410026 0.095070
v -0.031698 0.406586 0.095869
v -0.029064 0.403927 0.096466
v -0.026325 0.402109 0.096846
v -0.023495 0.401020 0.097037
v -0.020605 0.400422 0.097102
v -0.017688 0.400034 0.097112
v -0.020611 0.400371 0.097115
v -0.023561 0.400497 0.097172
v -0.026571 0.400132 0.097356
v -0.029672 0.399039 0.097728
v -0.032877 0.397104 0.098317
v -0.036180 0.394389 0.099108
v -0.039549 0.391139 0.100036
v -0.042935 0.387751 0.101001
v -0.046279 0.384704 0.101877
v -0.049522 0.382471 0.102543
v -0.052616 0.381431 0.102902
v -0.055536 0.381793 0.102898
v -0.058281 0.383558 0.102532
v -0.060878 0.386515 0.101858
v -0.063374 0.390287 0.100974
v -0.065827 0.394399 0.100001
v -0.068298 0.398374 0.099065
v -0.070835 0.401813 0.098267
v -0.073469 0.404473 0.097669
v -0.076207 0.406290 0.097290
v -0.079037 0.407379 0.097098
v -0.081927 0.407978 0.097033
f 1077 1078 1079
f 1077 1079 1078
f 1077 1079 1080
f 1077 1080 1079
f 1077 1080 1081
f 1077 1081 1080
f 1077 1081 1082
f 1077 1082 1081
f 1077 1082 1083
f 1077 1083 1082
f 1077 1083 1084
f 1077 1084 1083
f 1077 1084 1085
f 1077 1085 1084
f 1077 1085 1086
f 1077 1086 1085
f 1077 1086 1087
f 1077 1087 1086
f 1077 1087 1088
f 1077 1088 1087
f 1077 1088 1089
f 1077 1089 1088
f 1077 1089 1090
f 1077 1090 1089
f 1077 1090 1091
f 1077 1091 1090
f 1077 1091 1092
f 1077 1092 1091
f 1077 1092 1093
f 1077 1093 1092
f 1077 1093 1094
f 1077 1094 1093
f 1077 1094 1095
f 1077 1095 1094
f 1077 1095 1096
f 1077 1096 1095
f 1077 1096 1097
f 1077 1097 1096
f 1077 1097 1098
f 1077 1098 1097
f 1077 1098 1099
f 1077 1099 1098
f 1077 1099 1100
f 1077 1100 1099
f 1077 1100 1101
f 1077 1101 1100
f 1077 1101 1102
f 1077 1102 1101
f 1077 1102 1103
f 1077 1103 1102
f 1077 1103 1104
f 1077 1104 1103
f 1077 1104 1105
f 1077 1105 1104
f 1077 1105 1106
f 1077 1106 1105
f 1077 1106 1107
f 1077 1107 1106
f 1077 1107 1108
f 1077 1108 1107
f 1077 1108 1109
f 1077 1109 1108
f 1077 1109 1110
f 1077 1110 1109
f 1077 1110 1111
f 1077 1111 1110
f 1077 1111 1112
f 1077 1112 1111
f 1077 1112 1113
f 1077 1113 1112
f 1077 1113 1114
f 1077 1114 1113
f 1077 1114 1115
f 1077 1115 1114
f 1077 1115 1116
f 1077 1116 1115
f 1077 1116 1117
f 1077 1117 1116
f 1077 1117 1118
f 1077 1118 1117
f 1077 1118 1119
f 1077 1119 1118
f 1077 1119 1120
f 1077 1120 1119
f 1077 1120 1121
f 1077 1121 1120
f 1077 1121 1122
f 1077 1122 1121
o part_34
v -0.084844 0.408365 0.097023
v -0.086521 0.408438 0.094940
v -0.088271 0.408285 0.092904
v -0.090173 0.407657 0.090966
v -0.092286 0.406369 0.089163
v -0.094632 0.404356 0.087509
v -0.097183 0.401703 0.085987
v -0.099864 0.398641 0.084549
v -0.102568 0.395510 0.083125
v -0.105166 0.392709 0.081633
v -0.107536 0.390619 0.079995
v -0.109582 0.389544 0.078148
v -0.111249 0.389649 0.076059
v -0.112538 0.390933 0.073727
v -0.113502 0.393232 0.071187
v -0.114238 0.396243 0.068501
v -0.114869 0.399583 0.065746
v -0.115521 0.402855 0.063006
v -0.116305 0.405717 0.060350
v -0.117294 0.407939 0.057826
v -0.118515 0.409437 0.055450
v -0.119947 0.410274 0.053211
v -0.121532 0.410636 0.051069
v -0.123189 0.410773 0.048973
v -0.121512 0.410700 0.051056
v -0.119762 0.410853 0.053092
v -0.117860 0.411481 0.055030
v -0.115746 0.412769 0.056833
v -0.113401 0.414782 0.058487
v -0.110850 0.417435 0.060009
v -0.108168 0.420497 0.061447
v -0.105465 0.423628 0.062871
v -0.102867 0.426429 0.064363
v -0.100496 0.428519 0.066001
v -0.098451 0.429594 0.067848
v -0.096784 0.429489 0.069937
v -0.095495 0.428205 0.072269
v -0.094531 0.425906 0.074809
v -0.093795 0.422895 0.077495
v -0.093164 0.419555 0.080249
v -0.092511 0.416283 0.082990
v -0.091728 0.413421 0.085646
v -0.090739 0.411199 0.088170
v -0.089518 0.409701 0.090545
v -0.088086 0.408864 0.092785
v -0.086501 0.408501 0.094927
f 1123 1124 1125
f 1123 1125 1124
f 1123 1125 1126
f 1123 1126 1125
f 1123 1126 1127
f 1123 1127 1126
f 1123 1127 1128
f 1123 1128 1127
f 1123 1128 1129
f 1123 1129 1128
f 1123 1129 1130
f 1123 1130 1129
f 1123 1130 1131
f 1123 1131 1130
f 1123 1131 1132
f 1123 1132 1131
f 1123 1132 1133
f 1123 1133 1132
f 1123 1133 1134
f 1123 1134 1133
f 1123 1134 1135
f 1123 1135 1134
f 1123 1135 1136
f 1123 1136 1135
f 1123 1136 1137
f 1123 1137 1136
f 1123 1137 1138
f 1123 1138 1137
f 1123 1138 1139
f 1123 1139 1138
f 1123 1139 1140
f 1123 1140 1139
f 1123 1140 1141
f 1123 1141 1140
f 1123 1141 1142
f 1123 1142 1141
f 1123 1142 1143
f 1123 1143 1142
f 1123 1143 1144
f 1123 1144 1143
f 1123 1144 1145
f 1123 1145 1144
f 1123 1145 1146
f 1123 1146 1145
f 1123 1146 1147
f 1123 1147 1146
f 1123 1147 1148
f 1123 1148 1147
f 1123 1148 1149
f 1123 1149 1148
f 1123 1149 1150
f 1123 1150 1149
f 1123 1150 1151
f 1123 1151 1150
f 1123 1151 1152
f 1123 1152 1151
f 1123 1152 1153
f 1123 1153 1152
f 1123 1153 1154
f 1123 1154 1153
f 1123 1154 1155
f 1123 1155 1154
f 1123 1155 1156
f 1123 1156 1155
f 1123 1156 1157
f 1123 1157 1156
f 1123 1157 1158
f 1123 1158 1157
f 1123 1158 1159
f 1123 1159 1158
f 1123 1159 1160
f 1123 1160 1159
f 1123 1160 1161
f 1123 1161 1160
f 1123 1161 1162
f 1123 1162 1161
f 1123 1162 1163
f 1123 1163 1162
f 1123 1163 1164
f 1123 1164 1163
f 1123 1164 1165
f 1123 1165 1164
f 1123 1165 1166
f 1123 1166 1165
f 1123 1166 1167
f 1123 1167 1166
f 1123 1167 1168
f 1123 1168 1167
o part_35
v -0.080675 0.408365 0.097975
v -0.081536 0.410717 0.099092
v -0.083965 0.412034 0.099273
v -0.086612 0.412034 0.098669
v -0.088722 0.410717 0.097451
v -0.089013 0.408365 0.096071
v -0.088152 0.406014 0.094954
v -0.085723 0.404697 0.094773
v -0.083076 0.404697 0.095377
v -0.080966 0.406014 0.096595
v -0.087845 0.394084 0.123235
v -0.088430 0.395683 0.123995
v -0.090083 0.396578 0.124118
v -0.091882 0.396578 0.123707
v -0.093317 0.395683 0.122879
v -0.093515 0.394084 0.121941
v -0.092930 0.392485 0.121181
v -0.091278 0.391589 0.121058
v -0.089478 0.391589 0.121469
v -0.088043 0.392485 0.122297
f 1169 1170 1180
f 1169 1180 1179
f 1170 1171 1181
f 1170 1181 1180
f 1171 1172 1182
f 1171 1182 1181
f 1172 1173 1183
f 1172 1183 1182
f 1173 1174 1184
f 1173 1184 1183
f 1174 1175 1185
f 1174 1185 1184
f 1175 1176 1186
f 1175 1186 1185
f 1176 1177 1187
f 1176 1187 1186
f 1177 1178 1188
f 1177 1188 1187
f 1178 1169 1179
f 1178 1179 1188
o part_36
v -0.090680 0.394084 0.122588
v -0.088681 0.394735 0.122161
v -0.086720 0.395584 0.121835
v -0.084833 0.396814 0.121706
v -0.083046 0.398549 0.121835
v -0.081362 0.400812 0.122237
v -0.079765 0.403524 0.122869
v -0.078222 0.406507 0.123640
v -0.076682 0.409509 0.124421
v -0.075091 0.412248 0.125067
v -0.073396 0.414458 0.125441
v -0.071557 0.415929 0.125436
v -0.069552 0.416550 0.124993
v -0.067380 0.416318 0.124112
v -0.065063 0.415349 0.122852
v -0.062643 0.413849 0.121319
v -0.060171 0.412087 0.119652
v -0.057703 0.410345 0.117995
v -0.055289 0.408873 0.116476
v -0.052962 0.407850 0.115188
v -0.050738 0.407356 0.114173
v -0.048613 0.407365 0.113416
v -0.046563 0.407757 0.112855
v -0.044551 0.408346 0.112396
v -0.046550 0.407694 0.112823
v -0.048511 0.406846 0.113149
v -0.050397 0.405615 0.113278
v -0.052185 0.403881 0.113148
v -0.053869 0.401617 0.112747
v -0.055466 0.398905 0.112115
v -0.057009 0.395923 0.111344
v -0.058549 0.392921 0.110562
v -0.060140 0.390181 0.109916
v -0.061835 0.387972 0.109542
v -0.063674 0.386500 0.109548
v -0.065679 0.385880 0.109991
v -0.067851 0.386111 0.110872
v -0.070168 0.387081 0.112132
v -0.072588 0.388580 0.113664
v -0.075060 0.390342 0.115332
v -0.077527 0.392084 0.116989
v -0.079942 0.393556 0.118508
v -0.082269 0.394580 0.119795
v -0.084493 0.395073 0.120811
v -0.086618 0.395064 0.121568
v -0.088668 0.394673 0.122129
f 1189 1190 1191
f 1189 1191 1190
f 1189 1191 1192
f 1189 1192 1191
f 1189 1192 1193
f 1189 1193 1192
f 1189 1193 1194
f 1189 1194 1193
f 1189 1194 1195
f 1189 1195 1194
f 1189 1195 1196
f 1189 1196 1195
f 1189 1196 1197
f 1189 1197 1196
f 1189 1197 1198
f 1189 1198 1197
f 1189 1198 1199
f 1189 1199 1198
f 1189 1199 1200
f 1189 1200 1199
f 1189 1200 1201
f 1189 1201 1200
f 1189 1201 1202
f 1189 1202 1201
f 1189 1202 1203
f 1189 1203 1202
f 1189 1203 1204
f 1189 1204 1203
f 1189 1204 1205
f 1189 1205 1204
f 1189 1205 1206
f 1189 1206 1205
f 1189 1206 1207
f 1189 1207 1206
f 1189 1207 1208
f 1189 1208 1207
f 1189 1208 1209
f 1189 1209 1208
f 1189 1209 1210
f 1189 1210 1209
f 1189 1210 1211
f 1189 1211 1210
f 1189 1211 1212
f 1189 1212 1211
f 1189 1212 1213
f 1189 1213 1212
f 1189 1213 1214
f 1189 1214 1213
f 1189 1214 1215
f 1189 1215 1214
f 1189 1215 1216
f 1189 1216 1215
f 1189 1216 1217
f 1189 1217 1216
f 1189 1217 1218
f 1189 1218 1217
f 1189 1218 1219
f 1189 1219 1218
f 1189 1219 1220
f 1189 1220 1219
f 1189 1220 1221
f 1189 1221 1220
f 1189 1221 1222
f 1189 1222 1221
f 1189 1222 1223
f 1189 1223 1222
f 1189 1223 1224
f 1189 1224 1223
f 1189 1224 1225
f 1189 1225 1224
f 1189 1225 1226
f 1189 1226 1225
f 1189 1226 1227
f 1189 1227 1226
f 1189 1227 1228
f 1189 1228 1227
f 1189 1228 1229
f 1189 1229 1228
f 1189 1229 1230
f 1189 1230 1229
f 1189 1230 1231
f 1189 1231 1230
f 1189 1231 1232
f 1189 1232 1231
f 1189 1232 1233
f 1189 1233 1232
f 1189 1233 1234
f 1189 1234 1233
o part_37
v -0.081203 0.408365 0.094781
v -0.082380 0.410714 0.093995
v -0.084741 0.412029 0.094602
v -0.087052 0.412029 0.096025
v -0.088657 0.410714 0.097860
v -0.088485 0.408365 0.099265
v -0.087308 0.406017 0.100051
v -0.084947 0.404702 0.099444
v -0.082636 0.404702 0.098020
v -0.081031 0.406017 0.096186
v -0.068220 0.423148 0.118475
v -0.069021 0.424745 0.117941
v -0.070626 0.425640 0.118354
v -0.072198 0.425640 0.119321
v -0.073289 0.424745 0.120569
v -0.073172 0.423148 0.121524
v -0.072372 0.421551 0.122059
v -0.070766 0.420657 0.121646
v -0.069195 0.420657 0.120678
v -0.068103 0.421551 0.119431
f 1235 1236 1246
f 1235 1246 1245
f 1236 1237 1247
f 1236 1247 1246
f 1237 1238 1248
f 1237 1248 1247
f 1238 1239 1249
f 1238 1249 1248
f 1239 1240 1250
f 1239 1250 1249
f 1240 1241 1251
f 1240 1251 1250
f 1241 1242 1252
f 1241 1252 1251
f 1242 1243 1253
f 1242 1253 1252
f 1243 1244 1254
f 1243 1254 1253
f 1244 1235 1245
f 1244 1245 1254
o part_38
v -0.070696 0.423148 0.120000
v -0.068975 0.422795 0.118194
v -0.067349 0.422846 0.116186
v -0.065852 0.423448 0.113904
v -0.064491 0.424625 0.111335
v -0.063249 0.426305 0.108515
v -0.062089 0.428333 0.105522
v -0.060960 0.430495 0.102462
v -0.059804 0.432544 0.099459
v -0.058564 0.434232 0.096635
v -0.057187 0.435341 0.094100
v -0.055635 0.435707 0.091935
v -0.053888 0.435245 0.090183
v -0.051946 0.433955 0.088843
v -0.049829 0.431923 0.087874
v -0.047576 0.429311 0.087193
v -0.045238 0.426339 0.086692
v -0.042873 0.423253 0.086248
v -0.040539 0.420301 0.085737
v -0.038288 0.417698 0.085052
v -0.036155 0.415597 0.084116
v -0.034158 0.414072 0.082894
v -0.032290 0.413097 0.081397
v -0.030518 0.412527 0.079699
v -0.032239 0.412881 0.081505
v -0.033865 0.412829 0.083513
v -0.035362 0.412228 0.085795
v -0.036723 0.411051 0.088364
v -0.037965 0.409371 0.091184
v -0.039125 0.407343 0.094177
v -0.040254 0.405181 0.097237
v -0.041410 0.403132 0.100240
v -0.042650 0.401444 0.103064
v -0.044027 0.400335 0.105599
v -0.045579 0.399968 0.107764
v -0.047326 0.400430 0.109516
v -0.049268 0.401720 0.110855
v -0.051385 0.403753 0.111825
v -0.053638 0.406364 0.112506
v -0.055976 0.409337 0.113007
v -0.058341 0.412423 0.113451
v -0.060675 0.415374 0.113962
v -0.062926 0.417978 0.114647
v -0.065059 0.420078 0.115583
v -0.067056 0.421603 0.116805
v -0.068924 0.422579 0.118301
f 1255 1256 1257
f 1255 1257 1256
f 1255 1257 1258
f 1255 1258 1257
f 1255 1258 1259
f 1255 1259 1258
f 1255 1259 1260
f 1255 1260 1259
f 1255 1260 1261
f 1255 1261 1260
f 1255 1261 1262
f 1255 1262 1261
f 1255 1262 1263
f 1255 1263 1262
f 1255 1263 1264
f 1255 1264 1263
f 1255 1264 1265
f 1255 1265 1264
f 1255 1265 1266
f 1255 1266 1265
f 1255 1266 1267
f 1255 1267 1266
f 1255 1267 1268
f 1255 1268 1267
f 1255 1268 1269
f 1255 1269 1268
f 1255 1269 1270
f 1255 1270 1269
f 1255 1270 1271
f 1255 1271 1270
f 1255 1271 1272
f 1255 1272 1271
f 1255 1272 1273
f 1255 1273 1272
f 1255 1273 1274
f 1255 1274 1273
f 1255 1274 1275
f 1255 1275 1274
f 1255 1275 1276
f 1255 1276 1275
f 1255 1276 1277
f 1255 1277 1276
f 1255 1277 1278
f 1255 1278 1277
f 1255 1278 1279
f 1255 1279 1278
f 1255 1279 1280
f 1255 1280 1279
f 1255 1280 1281
f 1255 1281 1280
f 1255 1281 1282
f 1255 1282 1281
f 1255 1282 1283
f 1255 1283 1282
f 1255 1283 1284
f 1255 1284 1283
f 1255 1284 1285
f 1255 1285 1284
f 1255 1285 1286
f 1255 1286 1285
f 1255 1286 1287
f 1255 1287 1286
f 1255 1287 1288
f 1255 1288 1287
f 1255 1288 1289
f 1255 1289 1288
f 1255 1289 1290
f 1255 1290 1289
f 1255 1290 1291
f 1255 1291 1290
f 1255 1291 1292
f 1255 1292 1291
f 1255 1292 1293
f 1255 1293 1292
f 1255 1293 1294
f 1255 1294 1293
f 1255 1294 1295
f 1255 1295 1294
f 1255 1295 1296
f 1255 1296 1295
f 1255 1296 1297
f 1255 1297 1296
f 1255 1297 1298
f 1255 1298 1297
f 1255 1298 1299
f 1255 1299 1298
f 1255 1299 1300
f 1255 1300 1299
o part_39
v -0.070696 0.423148 0.120000
v -0.072820 0.422844 0.120728
v -0.074861 0.421976 0.121768
v -0.076831 0.420614 0.123081
v -0.078744 0.418862 0.124611
v -0.080619 0.416849 0.126285
v -0.082477 0.414725 0.128021
v -0.084342 0.412644 0.129732
v -0.086236 0.410760 0.131335
v -0.088179 0.409211 0.132752
v -0.090186 0.408109 0.133922
v -0.092270 0.407535 0.134799
v -0.094437 0.407530 0.135361
v -0.096687 0.408096 0.135607
v -0.099014 0.409189 0.135560
v -0.101406 0.410730 0.135266
v -0.103847 0.412606 0.134787
v -0.106316 0.414678 0.134198
v -0.108792 0.416794 0.133586
v -0.111251 0.418798 0.133035
v -0.113673 0.420542 0.132628
v -0.116037 0.421895 0.132438
v -0.118330 0.422755 0.132521
v -0.120541 0.423051 0.132917
v -0.118417 0.423355 0.132189
v -0.116376 0.424224 0.131149
v -0.114406 0.425585 0.129835
v -0.112493 0.427338 0.128305
v -0.110618 0.429350 0.126632
v -0.108760 0.431475 0.124896
v -0.106895 0.433555 0.123184
v -0.105001 0.435439 0.121582
v -0.103059 0.436989 0.120164
v -0.101051 0.438091 0.118995
v -0.098967 0.438665 0.118117
v -0.096800 0.438669 0.117556
v -0.094550 0.438104 0.117310
v -0.092223 0.437010 0.117356
v -0.089831 0.435469 0.117650
v -0.087390 0.433593 0.118130
v -0.084921 0.431521 0.118718
v -0.082445 0.429405 0.119331
v -0.079986 0.427401 0.119881
v -0.077564 0.425658 0.120288
v -0.075200 0.424304 0.120478
v -0.072907 0.423444 0.120395
f 1301 1302 1303
f 1301 1303 1302
f 1301 1303 1304
f 1301 1304 1303
f 1301 1304 1305
f 1301 1305 1304
f 1301 1305 1306
f 1301 1306 1305
f 1301 1306 1307
f 1301 1307 1306
f 1301 1307 1308
f 1301 1308 1307
f 1301 1308 1309
f 1301 1309 1308
f 1301 1309 1310
f 1301 1310 1309
f 1301 1310 1311
f 1301 1311 1310
f 1301 1311 1312
f 1301 1312 1311
f 1301 1312 1313
f 1301 1313 1312
f 1301 1313 1314
f 1301 1314 1313
f 1301 1314 1315
f 1301 1315 1314
f 1301 1315 1316
f 1301 1316 1315
f 1301 1316 1317
f 1301 1317 1316
f 1301 1317 1318
f 1301 1318 1317
f 1301 1318 1319
f 1301 1319 1318
f 1301 1319 1320
f 1301 1320 1319
f 1301 1320 1321
f 1301 1321 1320
f 1301 1321 1322
f 1301 1322 1321
f 1301 1322 1323
f 1301 1323 1322
f 1301 1323 1324
f 1301 1324 1323
f 1301 1324 1325
f 1301 1325 1324
f 1301 1325 1326
f 1301 1326 1325
f 1301 1326 1327
f 1301 1327 1326
f 1301 1327 1328
f 1301 1328 1327
f 1301 1328 1329
f 1301 1329 1328
f 1301 1329 1330
f 1301 1330 1329
f 1301 1330 1331
f 1301 1331 1330
f 1301 1331 1332
f 1301 1332 1331
f 1301 1332 1333
f 1301 1333 1332
f 1301 1333 1334
f 1301 1334 1333
f 1301 1334 1335
f 1301 1335 1334
f 1301 1335 1336
f 1301 1336 1335
f 1301 1336 1337
f 1301 1337 1336
f 1301 1337 1338
f 1301 1338 1337
f 1301 1338 1339
f 1301 1339 1338
f 1301 1339 1340
f 1301 1340 1339
f 1301 1340 1341
f 1301 1341 1340
f 1301 1341 1342
f 1301 1342 1341
f 1301 1342 1343
f 1301 1343 1342
f 1301 1343 1344
f 1301 1344 1343
f 1301 1344 1345
f 1301 1345 1344
f 1301 1345 1346
f 1301 1346 1345
o part_40
v -0.082559 0.408365 0.100637
v -0.081155 0.410107 0.099051
v -0.081437 0.411083 0.096475
v -0.082888 0.411083 0.094180
v -0.085095 0.410107 0.092821
v -0.087129 0.408365 0.093409
v -0.088533 0.406623 0.094995
v -0.088251 0.405647 0.097571
v -0.086800 0.405647 0.099866
v -0.084593 0.406623 0.101225
v -0.098055 0.428756 0.108817
v -0.097101 0.429941 0.107738
v -0.097293 0.430604 0.105986
v -0.098279 0.430604 0.104426
v -0.099780 0.429941 0.103502
v -0.101163 0.428756 0.103901
v -0.102117 0.427572 0.104980
v -0.101926 0.426908 0.106732
v -0.100939 0.426908 0.108292
v -0.099439 0.427572 0.109216
f 1347 1348 1358
f 1347 1358 1357
f 1348 1349 1359
f 1348 1359 1358
f 1349 1350 1360
f 1349 1360 1359
f 1350 1351 1361
f 1350 1361 1360
f 1351 1352 1362
f 1351 1362 1361
f 1352 1353 1363
f 1352 1363 1362
f 1353 1354 1364
f 1353 1364 1363
f 1354 1355 1365
f 1354 1365 1364
f 1355 1356 1366
f 1355 1366 1365
f 1356 1347 1357
f 1356 1357 1366
o part_41
v -0.099609 0.428756 0.106359
v -0.098505 0.428332 0.107747
v -0.097232 0.428066 0.109057
v -0.095675 0.428065 0.110237
v -0.093778 0.428382 0.111260
v -0.091549 0.429010 0.112130
v -0.089058 0.429882 0.112880
v -0.086430 0.430883 0.113566
v -0.083822 0.431865 0.114262
v -0.081405 0.432668 0.115046
v -0.079336 0.433146 0.115989
v -0.077734 0.433188 0.117148
v -0.076662 0.432733 0.118551
v -0.076123 0.431781 0.120199
v -0.076049 0.430393 0.122062
v -0.076324 0.428681 0.124084
v -0.076789 0.426789 0.126194
v -0.077276 0.424878 0.128315
v -0.077624 0.423096 0.130371
v -0.077711 0.421559 0.132307
v -0.077466 0.420332 0.134091
v -0.076880 0.419423 0.135717
v -0.076011 0.418779 0.137214
v -0.074973 0.418293 0.138632
v -0.076077 0.418718 0.137244
v -0.077350 0.418984 0.135934
v -0.078907 0.418985 0.134754
v -0.080804 0.418668 0.133731
v -0.083033 0.418040 0.132861
v -0.085524 0.417167 0.132111
v -0.088153 0.416166 0.131425
v -0.090760 0.415185 0.130729
v -0.093177 0.414382 0.129945
v -0.095246 0.413904 0.129001
v -0.096848 0.413862 0.127843
v -0.097920 0.414317 0.126440
v -0.098459 0.415268 0.124792
v -0.098533 0.416656 0.122929
v -0.098258 0.418369 0.120907
v -0.097793 0.420260 0.118796
v -0.097306 0.422171 0.116676
v -0.096958 0.423954 0.114620
v -0.096871 0.425491 0.112683
v -0.097116 0.426718 0.110900
v -0.097702 0.427627 0.109273
v -0.098571 0.428271 0.107777
f 1367 1368 1369
f 1367 1369 1368
f 1367 1369 1370
f 1367 1370 1369
f 1367 1370 1371
f 1367 1371 1370
f 1367 1371 1372
f 1367 1372 1371
f 1367 1372 1373
f 1367 1373 1372
f 1367 1373 1374
f 1367 1374 1373
f 1367 1374 1375
f 1367 1375 1374
f 1367 1375 1376
f 1367 1376 1375
f 1367 1376 1377
f 1367 1377 1376
f 1367 1377 1378
f 1367 1378 1377
f 1367 1378 1379
f 1367 1379 1378
f 1367 1379 1380
f 1367 1380 1379
f 1367 1380 1381
f 1367 1381 1380
f 1367 1381 1382
f 1367 1382 1381
f 1367 1382 1383
f 1367 1383 1382
f 1367 1383 1384
f 1367 1384 1383
f 1367 1384 1385
f 1367 1385 1384
f 1367 1385 1386
f 1367 1386 1385
f 1367 1386 1387
f 1367 1387 1386
f 1367 1387 1388
f 1367 1388 1387
f 1367 1388 1389
f 1367 1389 1388
f 1367 1389 1390
f 1367 1390 1389
f 1367 1390 1391
f 1367 1391 1390
f 1367 1391 1392
f 1367 1392 1391
f 1367 1392 1393
f 1367 1393 1392
f 1367 1393 1394
f 1367 1394 1393
f 1367 1394 1395
f 1367 1395 1394
f 1367 1395 1396
f 1367 1396 1395
f 1367 1396 1397
f 1367 1397 1396
f 1367 1397 1398
f 1367 1398 1397
f 1367 1398 1399
f 1367 1399 1398
f 1367 1399 1400
f 1367 1400 1399
f 1367 1400 1401
f 1367 1401 1400
f 1367 1401 1402
f 1367 1402 1401
f 1367 1402 1403
f 1367 1403 1402
f 1367 1403 1404
f 1367 1404 1403
f 1367 1404 1405
f 1367 1405 1404
f 1367 1405 1406
f 1367 1406 1405
f 1367 1406 1407
f 1367 1407 1406
f 1367 1407 1408
f 1367 1408 1407
f 1367 1408 1409
f 1367 1409 1408
f 1367 1409 1410
f 1367 1410 1409
f 1367 1410 1411
f 1367 1411 1410
f 1367 1411 1412
f 1367 1412 1411
o part_42
v -0.099609 0.428756 0.106359
v -0.099907 0.428697 0.103871
v -0.100534 0.428386 0.101412
v -0.101640 0.427709 0.098995
v -0.103273 0.426629 0.096625
v -0.105387 0.425181 0.094297
v -0.107849 0.423467 0.092000
v -0.110466 0.421635 0.089717
v -0.113004 0.419863 0.087427
v -0.115224 0.418334 0.085108
v -0.116913 0.417211 0.082743
v -0.117911 0.416617 0.080317
v -0.118131 0.416617 0.077822
v -0.117574 0.417211 0.075258
v -0.116325 0.418334 0.072634
v -0.114545 0.419863 0.069962
v -0.112448 0.421635 0.067263
v -0.110272 0.423467 0.064556
v -0.108250 0.425182 0.061863
v -0.106577 0.426629 0.059201
v -0.105384 0.427710 0.056582
v -0.104718 0.428387 0.054009
v -0.104533 0.428697 0.051478
v -0.104675 0.428757 0.048976
v -0.104377 0.428817 0.051464
v -0.103750 0.429127 0.053923
v -0.102644 0.429804 0.056340
v -0.101011 0.430885 0.058710
v -0.098897 0.432332 0.061038
v -0.096435 0.434046 0.063335
v -0.093818 0.435878 0.065618
v -0.091280 0.437650 0.067909
v -0.089060 0.439179 0.070227
v -0.087371 0.440302 0.072592
v -0.086373 0.440896 0.075019
v -0.086153 0.440896 0.077513
v -0.086710 0.440302 0.080077
v -0.087959 0.439179 0.082702
v -0.089739 0.437650 0.085373
v -0.091836 0.435878 0.088072
v -0.094012 0.434046 0.090779
v -0.096034 0.432332 0.093472
v -0.097707 0.430884 0.096134
v -0.098900 0.429804 0.098753
v -0.099566 0.429126 0.101327
v -0.099751 0.428816 0.103857
f 1413 1414 1415
f 1413 1415 1414
f 1413 1415 1416
f 1413 1416 1415
f 1413 1416 1417
f 1413 1417 1416
f 1413 1417 1418
f 1413 1418 1417
f 1413 1418 1419
f 1413 1419 1418
f 1413 1419 1420
f 1413 1420 1419
f 1413 1420 1421
f 1413 1421 1420
f 1413 1421 1422
f 1413 1422 1421
f 1413 1422 1423
f 1413 1423 1422
f 1413 1423 1424
f 1413 1424 1423
f 1413 1424 1425
f 1413 1425 1424
f 1413 1425 1426
f 1413 1426 1425
f 1413 1426 1427
f 1413 1427 1426
f 1413 1427 1428
f 1413 1428 1427
f 1413 1428 1429
f 1413 1429 1428
f 1413 1429 1430
f 1413 1430 1429
f 1413 1430 1431
f 1413 1431 1430
f 1413 1431 1432
f 1413 1432 1431
f 1413 1432 1433
f 1413 1433 1432
f 1413 1433 1434
f 1413 1434 1433
f 1413 1434 1435
f 1413 1435 1434
f 1413 1435 1436
f 1413 1436 1435
f 1413 1436 1437
f 1413 1437 1436
f 1413 1437 1438
f 1413 1438 1437
f 1413 1438 1439
f 1413 1439 1438
f 1413 1439 1440
f 1413 1440 1439
f 1413 1440 1441
f 1413 1441 1440
f 1413 1441 1442
f 1413 1442 1441
f 1413 1442 1443
f 1413 1443 1442
f 1413 1443 1444
f 1413 1444 1443
f 1413 1444 1445
f 1413 1445 1444
f 1413 1445 1446
f 1413 1446 1445
f 1413 1446 1447
f 1413 1447 1446
f 1413 1447 1448
f 1413 1448 1447
f 1413 1448 1449
f 1413 1449 1448
f 1413 1449 1450
f 1413 1450 1449
f 1413 1450 1451
f 1413 1451 1450
f 1413 1451 1452
f 1413 1452 1451
f 1413 1452 1453
f 1413 1453 1452
f 1413 1453 1454
f 1413 1454 1453
f 1413 1454 1455
f 1413 1455 1454
f 1413 1455 1456
f 1413 1456 1455
f 1413 1456 1457
f 1413 1457 1456
f 1413 1457 1458
f 1413 1458 1457
o part_43
v -0.069496 0.394983 0.045615
v -0.072736 0.397251 0.044828
v -0.075964 0.398521 0.046963
v -0.077884 0.398521 0.050463
v -0.077950 0.397251 0.054332
v -0.075545 0.394983 0.056642
v -0.072305 0.392715 0.057429
v -0.069077 0.391445 0.055294
v -0.067157 0.391445 0.051794
v -0.067091 0.392715 0.047925
v -0.046610 0.433607 0.060465
v -0.048814 0.435149 0.059930
v -0.051008 0.436013 0.061382
v -0.052314 0.436013 0.063762
v -0.052359 0.435149 0.066393
v -0.050724 0.433607 0.067964
v -0.048520 0.432065 0.068499
v -0.046326 0.431202 0.067047
v -0.045020 0.431202 0.064667
v -0.044975 0.432065 0.062036
f 1459 1460 1470
f 1459 1470 1469
f 1460 1461 1471
f 1460 1471 1470
f 1461 1462 1472
f 1461 1472 1471
f 1462 1463 1473
f 1462 1473 1472
f 1463 1464 1474
f 1463 1474 1473
f 1464 1465 1475
f 1464 1475 1474
f 1465 1466 1476
f 1465 1476 1475
f 1466 1467 1477
f 1466 1477 1476
f 1467 1468 1478
f 1467 1478 1477
f 1468 1459 1469
f 1468 1469 1478
o part_44
v -0.048667 0.433607 0.064215
v -0.048046 0.432918 0.061545
v -0.047969 0.432691 0.058503
v -0.048373 0.432873 0.055131
v -0.049160 0.433380 0.051496
v -0.050204 0.434106 0.047684
v -0.051360 0.434928 0.043796
v -0.052478 0.435716 0.039934
v -0.053406 0.436343 0.036202
v -0.054009 0.436694 0.032694
v -0.054175 0.436674 0.029484
v -0.053826 0.436216 0.026628
v -0.052921 0.435285 0.024154
v -0.051459 0.433881 0.022061
v -0.049481 0.432039 0.020323
v -0.047067 0.429825 0.018883
v -0.044328 0.427336 0.017666
v -0.041400 0.424686 0.016579
v -0.038432 0.422001 0.015520
v -0.035576 0.419413 0.014383
v -0.032979 0.417044 0.013069
v -0.030764 0.415000 0.011493
v -0.029030 0.413364 0.009587
v -0.027839 0.412192 0.007308
v -0.028460 0.412881 0.009977
v -0.028537 0.413108 0.013020
v -0.028134 0.412926 0.016392
v -0.027347 0.412419 0.020027
v -0.026303 0.411693 0.023838
v -0.025146 0.410871 0.027727
v -0.024029 0.410083 0.031588
v -0.023101 0.409456 0.035320
v -0.022498 0.409105 0.038829
v -0.022331 0.409124 0.042039
v -0.022680 0.409582 0.044895
v -0.023586 0.410514 0.047369
v -0.025048 0.411918 0.049461
v -0.027026 0.413760 0.051200
v -0.029440 0.415974 0.052639
v -0.032179 0.418463 0.053856
v -0.035107 0.421113 0.054943
v -0.038075 0.423797 0.056003
v -0.040930 0.426385 0.057140
v -0.043528 0.428755 0.058453
v -0.045743 0.430799 0.060030
v -0.047477 0.432434 0.061936
f 1479 1480 1481
f 1479 1481 1480
f 1479 1481 1482
f 1479 1482 1481
f 1479 1482 1483
f 1479 1483 1482
f 1479 1483 1484
f 1479 1484 1483
f 1479 1484 1485
f 1479 1485 1484
f 1479 1485 1486
f 1479 1486 1485
f 1479 1486 1487
f 1479 1487 1486
f 1479 1487 1488
f 1479 1488 1487
f 1479 1488 1489
f 1479 1489 1488
f 1479 1489 1490
f 1479 1490 1489
f 1479 1490 1491
f 1479 1491 1490
f 1479 1491 1492
f 1479 1492 1491
f 1479 1492 1493
f 1479 1493 1492
f 1479 1493 1494
f 1479 1494 1493
f 1479 1494 1495
f 1479 1495 1494
f 1479 1495 1496
f 1479 1496 1495
f 1479 1496 1497
f 1479 1497 1496
f 1479 1497 1498
f 1479 1498 1497
f 1479 1498 1499
f 1479 1499 1498
f 1479 1499 1500
f 1479 1500 1499
f 1479 1500 1501
f 1479 1501 1500
f 1479 1501 1502
f 1479 1502 1501
f 1479 1502 1503
f 1479 1503 1502
f 1479 1503 1504
f 1479 1504 1503
f 1479 1504 1505
f 1479 1505 1504
f 1479 1505 1506
f 1479 1506 1505
f 1479 1506 1507
f 1479 1507 1506
f 1479 1507 1508
f 1479 1508 1507
f 1479 1508 1509
f 1479 1509 1508
f 1479 1509 1510
f 1479 1510 1509
f 1479 1510 1511
f 1479 1511 1510
f 1479 1511 1512
f 1479 1512 1511
f 1479 1512 1513
f 1479 1513 1512
f 1479 1513 1514
f 1479 1514 1513
f 1479 1514 1515
f 1479 1515 1514
f 1479 1515 1516
f 1479 1516 1515
f 1479 1516 1517
f 1479 1517 1516
f 1479 1517 1518
f 1479 1518 1517
f 1479 1518 1519
f 1479 1519 1518
f 1479 1519 1520
f 1479 1520 1519
f 1479 1520 1521
f 1479 1521 1520
f 1479 1521 1522
f 1479 1522 1521
f 1479 1522 1523
f 1479 1523 1522
f 1479 1523 1524
f 1479 1524 1523
o part_45
v -0.048667 0.433607 0.064215
v -0.050119 0.433226 0.065579
v -0.051285 0.432565 0.067243
v -0.052147 0.431611 0.069223
v -0.052738 0.430393 0.071486
v -0.053123 0.428976 0.073962
v -0.053393 0.427446 0.076559
v -0.053652 0.425906 0.079168
v -0.054007 0.424459 0.081677
v -0.054560 0.423205 0.083978
v -0.055399 0.422227 0.085983
v -0.056584 0.421586 0.087626
v -0.058149 0.421314 0.088874
v -0.060093 0.421410 0.089726
v -0.062384 0.421842 0.090217
v -0.064960 0.422551 0.090411
v -0.067735 0.423453 0.090398
v -0.070606 0.424448 0.090284
v -0.073465 0.425432 0.090183
v -0.076209 0.426304 0.090202
v -0.078748 0.426977 0.090434
v -0.081015 0.427386 0.090950
v -0.082980 0.427501 0.091781
v -0.084657 0.427338 0.092912
v -0.083204 0.427720 0.091547
v -0.082039 0.428380 0.089883
v -0.081177 0.429335 0.087903
v -0.080586 0.430552 0.085641
v -0.080201 0.431970 0.083164
v -0.079931 0.433499 0.080567
v -0.079672 0.435039 0.077958
v -0.079317 0.436486 0.075450
v -0.078763 0.437740 0.073148
v -0.077925 0.438718 0.071144
v -0.076740 0.439359 0.069500
v -0.075175 0.439631 0.068253
v -0.073231 0.439536 0.067401
v -0.070940 0.439103 0.066910
v -0.068364 0.438394 0.066716
v -0.065589 0.437493 0.066729
v -0.062718 0.436497 0.066842
v -0.059858 0.435513 0.066944
v -0.057114 0.434641 0.066925
v -0.054576 0.433968 0.066692
v -0.052308 0.433559 0.066177
v -0.050344 0.433444 0.065345
f 1525 1526 1527
f 1525 1527 1526
f 1525 1527 1528
f 1525 1528 1527
f 1525 1528 1529
f 1525 1529 1528
f 1525 1529 1530
f 1525 1530 1529
f 1525 1530 1531
f 1525 1531 1530
f 1525 1531 1532
f 1525 1532 1531
f 1525 1532 1533
f 1525 1533 1532
f 1525 1533 1534
f 1525 1534 1533
f 1525 1534 1535
f 1525 1535 1534
f 1525 1535 1536
f 1525 1536 1535
f 1525 1536 1537
f 1525 1537 1536
f 1525 1537 1538
f 1525 1538 1537
f 1525 1538 1539
f 1525 1539 1538
f 1525 1539 1540
f 1525 1540 1539
f 1525 1540 1541
f 1525 1541 1540
f 1525 1541 1542
f 1525 1542 1541
f 1525 1542 1543
f 1525 1543 1542
f 1525 1543 1544
f 1525 1544 1543
f 1525 1544 1545
f 1525 1545 1544
f 1525 1545 1546
f 1525 1546 1545
f 1525 1546 1547
f 1525 1547 1546
f 1525 1547 1548
f 1525 1548 1547
f 1525 1548 1549
f 1525 1549 1548
f 1525 1549 1550
f 1525 1550 1549
f 1525 1550 1551
f 1525 1551 1550
f 1525 1551 1552
f 1525 1552 1551
f 1525 1552 1553
f 1525 1553 1552
f 1525 1553 1554
f 1525 1554 1553
f 1525 1554 1555
f 1525 1555 1554
f 1525 1555 1556
f 1525 1556 1555
f 1525 1556 1557
f 1525 1557 1556
f 1525 1557 1558
f 1525 1558 1557
f 1525 1558 1559
f 1525 1559 1558
f 1525 1559 1560
f 1525 1560 1559
f 1525 1560 1561
f 1525 1561 1560
f 1525 1561 1562
f 1525 1562 1561
f 1525 1562 1563
f 1525 1563 1562
f 1525 1563 1564
f 1525 1564 1563
f 1525 1564 1565
f 1525 1565 1564
f 1525 1565 1566
f 1525 1566 1565
f 1525 1566 1567
f 1525 1567 1566
f 1525 1567 1568
f 1525 1568 1567
f 1525 1568 1569
f 1525 1569 1568
f 1525 1569 1570
f 1525 1570 1569
o part_46
v -0.047087 0.433607 0.060241
v -0.047285 0.436285 0.060798
v -0.048133 0.437785 0.062966
v -0.049136 0.437785 0.065489
v -0.050008 0.436285 0.067648
v -0.050247 0.433607 0.068188
v -0.050049 0.430930 0.067632
v -0.049200 0.429430 0.065463
v -0.048198 0.429430 0.062940
v -0.047326 0.430930 0.060781
v -0.021501 0.433375 0.071884
v -0.021635 0.435196 0.072262
v -0.022212 0.436215 0.073737
v -0.022894 0.436215 0.075452
v -0.023487 0.435196 0.076921
v -0.023649 0.433375 0.077288
v -0.023515 0.431554 0.076909
v -0.022938 0.430534 0.075435
v -0.022256 0.430534 0.073720
v -0.021663 0.431554 0.072251
f 1571 1572 1582
f 1571 1582 1581
f 1572 1573 1583
f 1572 1583 1582
f 1573 1574 1584
f 1573 1584 1583
f 1574 1575 1585
f 1574 1585 1584
f 1575 1576 1586
f 1575 1586 1585
f 1576 1577 1587
f 1576 1587 1586
f 1577 1578 1588
f 1577 1588 1587
f 1578 1579 1589
f 1578 1589 1588
f 1579 1580 1590
f 1579 1590 1589
f 1580 1571 1581
f 1580 1581 1590
o part_47
v -0.022575 0.433375 0.074586
v -0.022188 0.434157 0.072590
v -0.021848 0.435540 0.070724
v -0.021548 0.437460 0.068972
v -0.021281 0.439810 0.067313
v -0.021036 0.442453 0.065717
v -0.020802 0.445226 0.064148
v -0.020564 0.447958 0.062571
v -0.020310 0.450482 0.060949
v -0.020029 0.452644 0.059249
v -0.019710 0.454318 0.057445
v -0.019348 0.455415 0.055517
v -0.018937 0.455888 0.053455
v -0.018480 0.455738 0.051260
v -0.017978 0.455010 0.048941
v -0.017439 0.453795 0.046517
v -0.016872 0.452218 0.044016
v -0.016289 0.450432 0.041470
v -0.015704 0.448606 0.038915
v -0.015128 0.446910 0.036389
v -0.014574 0.445506 0.033924
v -0.014054 0.444533 0.031553
v -0.013574 0.444096 0.029296
v -0.013140 0.444261 0.027168
v -0.013527 0.443479 0.029164
v -0.013868 0.442096 0.031030
v -0.014168 0.440176 0.032782
v -0.014435 0.437826 0.034441
v -0.014679 0.435183 0.036037
v -0.014914 0.432410 0.037606
v -0.015152 0.429678 0.039183
v -0.015406 0.427154 0.040805
v -0.015687 0.424992 0.042505
v -0.016005 0.423318 0.044309
v -0.016368 0.422221 0.046237
v -0.016778 0.421748 0.048299
v -0.017236 0.421898 0.050494
v -0.017738 0.422626 0.052813
v -0.018277 0.423841 0.055237
v -0.018844 0.425418 0.057738
v -0.019426 0.427204 0.060284
v -0.020012 0.429030 0.062839
v -0.020588 0.430726 0.065366
v -0.021141 0.432130 0.067830
v -0.021662 0.433103 0.070201
v -0.022141 0.433540 0.072458
f 1591 1592 1593
f 1591 1593 1592
f 1591 1593 1594
f 1591 1594 1593
f 1591 1594 1595
f 1591 1595 1594
f 1591 1595 1596
f 1591 1596 1595
f 1591 1596 1597
f 1591 1597 1596
f 1591 1597 1598
f 1591 1598 1597
f 1591 1598 1599
f 1591 1599 1598
f 1591 1599 1600
f 1591 1600 1599
f 1591 1600 1601
f 1591 1601 1600
f 1591 1601 1602
f 1591 1602 1601
f 1591 1602 1603
f 1591 1603 1602
f 1591 1603 1604
f 1591 1604 1603
f 1591 1604 1605
f 1591 1605 1604
f 1591 1605 1606
f 1591 1606 1605
f 1591 1606 1607
f 1591 1607 1606
f 1591 1607 1608
f 1591 1608 1607
f 1591 1608 1609
f 1591 1609 1608
f 1591 1609 1610
f 1591 1610 1609
f 1591 1610 1611
f 1591 1611 1610
f 1591 1611 1612
f 1591 1612 1611
f 1591 1612 1613
f 1591 1613 1612
f 1591 1613 1614
f 1591 1614 1613
f 1591 1614 1615
f 1591 1615 1614
f 1591 1615 1616
f 1591 1616 1615
f 1591 1616 1617
f 1591 1617 1616
f 1591 1617 1618
f 1591 1618 1617
f 1591 1618 1619
f 1591 1619 1618
f 1591 1619 1620
f 1591 1620 1619
f 1591 1620 1621
f 1591 1621 1620
f 1591 1621 1622
f 1591 1622 1621
f 1591 1622 1623
f 1591 1623 1622
f 1591 1623 1624
f 1591 1624 1623
f 1591 1624 1625
f 1591 1625 1624
f 1591 1625 1626
f 1591 1626 1625
f 1591 1626 1627
f 1591 1627 1626
f 1591 1627 1628
f 1591 1628 1627
f 1591 1628 1629
f 1591 1629 1628
f 1591 1629 1630
f 1591 1630 1629
f 1591 1630 1631
f 1591 1631 1630
f 1591 1631 1632
f 1591 1632 1631
f 1591 1632 1633
f 1591 1633 1632
f 1591 1633 1634
f 1591 1634 1633
f 1591 1634 1635
f 1591 1635 1634
f 1591 1635 1636
f 1591 1636 1635
o part_48
v -0.051617 0.433607 0.061118
v -0.052651 0.435397 0.062920
v -0.051853 0.436400 0.065375
v -0.049980 0.436400 0.067340
v -0.047566 0.435397 0.068257
v -0.045717 0.433607 0.067311
v -0.044683 0.431817 0.065509
v -0.045481 0.430815 0.063054
v -0.047354 0.430815 0.061089
v -0.049767 0.431817 0.060172
v -0.036976 0.454653 0.049060
v -0.037679 0.455870 0.050285
v -0.037136 0.456552 0.051954
v -0.035863 0.456552 0.053291
v -0.034221 0.455870 0.053914
v -0.032964 0.454653 0.053271
v -0.032261 0.453435 0.052046
v -0.032804 0.452754 0.050376
v -0.034077 0.452754 0.049040
v -0.035718 0.453435 0.048416
f 1637 1638 1648
f 1637 1648 1647
f 1638 1639 1649
f 1638 1649 1648
f 1639 1640 1650
f 1639 1650 1649
f 1640 1641 1651
f 1640 1651 1650
f 1641 1642 1652
f 1641 1652 1651
f 1642 1643 1653
f 1642 1653 1652
f 1643 1644 1654
f 1643 1654 1653
f 1644 1645 1655
f 1644 1655 1654
f 1645 1646 1656
f 1645 1656 1655
f 1646 1637 1647
f 1646 1647 1656
o part_49
v -0.034970 0.454653 0.051165
v -0.036444 0.453946 0.049754
v -0.038138 0.453450 0.048451
v -0.040177 0.453283 0.047318
v -0.042610 0.453493 0.046379
v -0.045415 0.454058 0.045622
v -0.048499 0.454891 0.045004
v -0.051719 0.455853 0.044452
v -0.054896 0.456775 0.043879
v -0.057843 0.457476 0.043193
v -0.060392 0.457797 0.042310
v -0.062413 0.457614 0.041169
v -0.063840 0.456861 0.039734
v -0.064670 0.455539 0.038006
v -0.064974 0.453713 0.036018
v -0.064879 0.451506 0.033834
v -0.064554 0.449079 0.031537
v -0.064186 0.446611 0.029219
v -0.063954 0.444273 0.026968
v -0.064002 0.442203 0.024854
v -0.064421 0.440487 0.022924
v -0.065234 0.439149 0.021187
v -0.066392 0.438139 0.019620
v -0.067770 0.437341 0.018161
v -0.066296 0.438048 0.019573
v -0.064602 0.438544 0.020875
v -0.062563 0.438711 0.022009
v -0.060129 0.438500 0.022948
v -0.057325 0.437936 0.023704
v -0.054241 0.437103 0.024323
v -0.051021 0.436140 0.024875
v -0.047844 0.435219 0.025448
v -0.044897 0.434517 0.026134
v -0.042348 0.434197 0.027016
v -0.040326 0.434380 0.028158
v -0.038900 0.435133 0.029593
v -0.038070 0.436455 0.031321
v -0.037766 0.438280 0.033308
v -0.037861 0.440488 0.035492
v -0.038186 0.442914 0.037789
v -0.038554 0.445382 0.040107
v -0.038786 0.447720 0.042359
v -0.038738 0.449791 0.044472
v -0.038319 0.451506 0.046403
v -0.037506 0.452845 0.048140
v -0.036348 0.453854 0.049707
f 1657 1658 1659
f 1657 1659 1658
f 1657 1659 1660
f 1657 1660 1659
f 1657 1660 1661
f 1657 1661 1660
f 1657 1661 1662
f 1657 1662 1661
f 1657 1662 1663
f 1657 1663 1662
f 1657 1663 1664
f 1657 1664 1663
f 1657 1664 1665
f 1657 1665 1664
f 1657 1665 1666
f 1657 1666 1665
f 1657 1666 1667
f 1657 1667 1666
f 1657 1667 1668
f 1657 1668 1667
f 1657 1668 1669
f 1657 1669 1668
f 1657 1669 1670
f 1657 1670 1669
f 1657 1670 1671
f 1657 1671 1670
f 1657 1671 1672
f 1657 1672 1671
f 1657 1672 1673
f 1657 1673 1672
f 1657 1673 1674
f 1657 1674 1673
f 1657 1674 1675
f 1657 1675 1674
f 1657 1675 1676
f 1657 1676 1675
f 1657 1676 1677
f 1657 1677 1676
f 1657 1677 1678
f 1657 1678 1677
f 1657 1678 1679
f 1657 1679 1678
f 1657 1679 1680
f 1657 1680 1679
f 1657 1680 1681
f 1657 1681 1680
f 1657 1681 1682
f 1657 1682 1681
f 1657 1682 1683
f 1657 1683 1682
f 1657 1683 1684
f 1657 1684 1683
f 1657 1684 1685
f 1657 1685 1684
f 1657 1685 1686
f 1657 1686 1685
f 1657 1686 1687
f 1657 1687 1686
f 1657 1687 1688
f 1657 1688 1687
f 1657 1688 1689
f 1657 1689 1688
f 1657 1689 1690
f 1657 1690 1689
f 1657 1690 1691
f 1657 1691 1690
f 1657 1691 1692
f 1657 1692 1691
f 1657 1692 1693
f 1657 1693 1692
f 1657 1693 1694
f 1657 1694 1693
f 1657 1694 1695
f 1657 1695 1694
f 1657 1695 1696
f 1657 1696 1695
f 1657 1696 1697
f 1657 1697 1696
f 1657 1697 1698
f 1657 1698 1697
f 1657 1698 1699
f 1657 1699 1698
f 1657 1699 1700
f 1657 1700 1699
f 1657 1700 1701
f 1657 1701 1700
f 1657 1701 1702
f 1657 1702 1701
o part_50
v -0.034970 0.454653 0.051165
v -0.034198 0.454588 0.053034
v -0.033075 0.454225 0.054791
v -0.031563 0.453532 0.056424
v -0.029692 0.452534 0.057943
v -0.027540 0.451298 0.059372
v -0.025222 0.449921 0.060748
v -0.022875 0.448520 0.062115
v -0.020644 0.447217 0.063519
v -0.018668 0.446130 0.065004
v -0.017063 0.445358 0.066608
v -0.015916 0.444975 0.068357
v -0.015271 0.445018 0.070266
v -0.015128 0.445487 0.072336
v -0.015443 0.446344 0.074551
v -0.016130 0.447517 0.076885
v -0.017071 0.448905 0.079300
v -0.018128 0.450392 0.081752
v -0.019156 0.451854 0.084195
v -0.020018 0.453175 0.086585
v -0.020600 0.454259 0.088885
v -0.020822 0.455037 0.091071
v -0.020655 0.455485 0.093133
v -0.020137 0.455636 0.095083
v -0.020909 0.455701 0.093214
v -0.022031 0.456063 0.091457
v -0.023544 0.456757 0.089824
v -0.025415 0.457755 0.088305
v -0.027567 0.458990 0.086876
v -0.029885 0.460367 0.085500
v -0.032231 0.461768 0.084133
v -0.034462 0.463071 0.082729
v -0.036439 0.464158 0.081244
v -0.038043 0.464930 0.079640
v -0.039191 0.465313 0.077891
v -0.039836 0.465271 0.075981
v -0.039978 0.464802 0.073912
v -0.039663 0.463945 0.071697
v -0.038977 0.462772 0.069363
v -0.038036 0.461384 0.066948
v -0.036979 0.459897 0.064496
v -0.035951 0.458435 0.062053
v -0.035089 0.457113 0.059663
v -0.034507 0.456030 0.057363
v -0.034285 0.455251 0.055177
v -0.034452 0.454803 0.053115
f 1703 1704 1705
f 1703 1705 1704
f 1703 1705 1706
f 1703 1706 1705
f 1703 1706 1707
f 1703 1707 1706
f 1703 1707 1708
f 1703 1708 1707
f 1703 1708 1709
f 1703 1709 1708
f 1703 1709 1710
f 1703 1710 1709
f 1703 1710 1711
f 1703 1711 1710
f 1703 1711 1712
f 1703 1712 1711
f 1703 1712 1713
f 1703 1713 1712
f 1703 1713 1714
f 1703 1714 1713
f 1703 1714 1715
f 1703 1715 1714
f 1703 1715 1716
f 1703 1716 1715
f 1703 1716 1717
f 1703 1717 1716
f 1703 1717 1718
f 1703 1718 1717
f 1703 1718 1719
f 1703 1719 1718
f 1703 1719 1720
f 1703 1720 1719
f 1703 1720 1721
f 1703 1721 1720
f 1703 1721 1722
f 1703 1722 1721
f 1703 1722 1723
f 1703 1723 1722
f 1703 1723 1724
f 1703 1724 1723
f 1703 1724 1725
f 1703 1725 1724
f 1703 1725 1726
f 1703 1726 1725
f 1703 1726 1727
f 1703 1727 1726
f 1703 1727 1728
f 1703 1728 1727
f 1703 1728 1729
f 1703 1729 1728
f 1703 1729 1730
f 1703 1730 1729
f 1703 1730 1731
f 1703 1731 1730
f 1703 1731 1732
f 1703 1732 1731
f 1703 1732 1733
f 1703 1733 1732
f 1703 1733 1734
f 1703 1734 1733
f 1703 1734 1735
f 1703 1735 1734
f 1703 1735 1736
f 1703 1736 1735
f 1703 1736 1737
f 1703 1737 1736
f 1703 1737 1738
f 1703 1738 1737
f 1703 1738 1739
f 1703 1739 1738
f 1703 1739 1740
f 1703 1740 1739
f 1703 1740 1741
f 1703 1741 1740
f 1703 1741 1742
f 1703 1742 1741
f 1703 1742 1743
f 1703 1743 1742
f 1703 1743 1744
f 1703 1744 1743
f 1703 1744 1745
f 1703 1745 1744
f 1703 1745 1746
f 1703 1746 1745
f 1703 1746 1747
f 1703 1747 1746
f 1703 1747 1748
f 1703 1748 1747
o part_51
v -0.045687 0.433607 0.067282
v -0.044535 0.435163 0.065339
v -0.045282 0.436034 0.062819
v -0.047174 0.436034 0.060872
v -0.049672 0.435163 0.060052
v -0.051647 0.433607 0.061148
v -0.052799 0.432052 0.063090
v -0.052052 0.431181 0.065611
v -0.050160 0.431181 0.067558
v -0.047662 0.432052 0.068377
v -0.057035 0.453913 0.076399
v -0.056251 0.454971 0.075078
v -0.056759 0.455563 0.073364
v -0.058046 0.455563 0.072040
v -0.059744 0.454971 0.071482
v -0.061087 0.453913 0.072227
v -0.061870 0.452855 0.073548
v -0.061362 0.452263 0.075262
v -0.060076 0.452263 0.076586
v -0.058377 0.452855 0.077143
f 1749 1750 1760
f 1749 1760 1759
f 1750 1751 1761
f 1750 1761 1760
f 1751 1752 1762
f 1751 1762 1761
f 1752 1753 1763
f 1752 1763 1762
f 1753 1754 1764
f 1753 1764 1763
f 1754 1755 1765
f 1754 1765 1764
f 1755 1756 1766
f 1755 1766 1765
f 1756 1757 1767
f 1756 1767 1766
f 1757 1758 1768
f 1757 1768 1767
f 1758 1749 1759
f 1758 1759 1768
o part_52
v -0.059061 0.453913 0.074313
v -0.056564 0.453152 0.075304
v -0.053972 0.452511 0.076153
v -0.051159 0.452146 0.076672
v -0.048019 0.452194 0.076701
v -0.044501 0.452717 0.076162
v -0.040633 0.453680 0.075097
v -0.036524 0.454946 0.073673
v -0.032353 0.456290 0.072156
v -0.028335 0.457441 0.070868
v -0.024683 0.458132 0.070129
v -0.021567 0.458150 0.070193
v -0.019081 0.457375 0.071201
v -0.017226 0.455808 0.073154
v -0.015906 0.453567 0.075910
v -0.014952 0.450866 0.079215
v -0.014151 0.447972 0.082749
v -0.013288 0.445157 0.086190
v -0.012185 0.442643 0.089271
v -0.010731 0.440570 0.091827
v -0.008899 0.438973 0.093816
v -0.006740 0.437788 0.095313
v -0.004360 0.436879 0.096481
v -0.001886 0.436090 0.097507
v -0.004383 0.436850 0.096515
v -0.006975 0.437492 0.095666
v -0.009788 0.437856 0.095147
v -0.012928 0.437809 0.095119
v -0.016446 0.437286 0.095658
v -0.020314 0.436322 0.096722
v -0.024423 0.435057 0.098146
v -0.028594 0.433713 0.099664
v -0.032612 0.432562 0.100952
v -0.036264 0.431870 0.101691
v -0.039380 0.431853 0.101627
v -0.041866 0.432628 0.100619
v -0.043721 0.434195 0.098666
v -0.045041 0.436436 0.095909
v -0.045995 0.439137 0.092605
v -0.046796 0.442031 0.089070
v -0.047659 0.444846 0.085629
v -0.048762 0.447360 0.082548
v -0.050216 0.449432 0.079993
v -0.052047 0.451030 0.078004
v -0.054207 0.452215 0.076506
v -0.056586 0.453123 0.075338
f 1769 1770 1771
f 1769 1771 1770
f 1769 1771 1772
f 1769 1772 1771
f 1769 1772 1773
f 1769 1773 1772
f 1769 1773 1774
f 1769 1774 1773
f 1769 1774 1775
f 1769 1775 1774
f 1769 1775 1776
f 1769 1776 1775
f 1769 1776 1777
f 1769 1777 1776
f 1769 1777 1778
f 1769 1778 1777
f 1769 1778 1779
f 1769 1779 1778
f 1769 1779 1780
f 1769 1780 1779
f 1769 1780 1781
f 1769 1781 1780
f 1769 1781 1782
f 1769 1782 1781
f 1769 1782 1783
f 1769 1783 1782
f 1769 1783 1784
f 1769 1784 1783
f 1769 1784 1785
f 1769 1785 1784
f 1769 1785 1786
f 1769 1786 1785
f 1769 1786 1787
f 1769 1787 1786
f 1769 1787 1788
f 1769 1788 1787
f 1769 1788 1789
f 1769 1789 1788
f 1769 1789 1790
f 1769 1790 1789
f 1769 1790 1791
f 1769 1791 1790
f 1769 1791 1792
f 1769 1792 1791
f 1769 1792 1793
f 1769 1793 1792
f 1769 1793 1794
f 1769 1794 1793
f 1769 1794 1795
f 1769 1795 1794
f 1769 1795 1796
f 1769 1796 1795
f 1769 1796 1797
f 1769 1797 1796
f 1769 1797 1798
f 1769 1798 1797
f 1769 1798 1799
f 1769 1799 1798
f 1769 1799 1800
f 1769 1800 1799
f 1769 1800 1801
f 1769 1801 1800
f 1769 1801 1802
f 1769 1802 1801
f 1769 1802 1803
f 1769 1803 1802
f 1769 1803 1804
f 1769 1804 1803
f 1769 1804 1805
f 1769 1805 1804
f 1769 1805 1806
f 1769 1806 1805
f 1769 1806 1807
f 1769 1807 1806
f 1769 1807 1808
f 1769 1808 1807
f 1769 1808 1809
f 1769 1809 1808
f 1769 1809 1810
f 1769 1810 1809
f 1769 1810 1811
f 1769 1811 1810
f 1769 1811 1812
f 1769 1812 1811
f 1769 1812 1813
f 1769 1813 1812
f 1769 1813 1814
f 1769 1814 1813
o part_53
v -0.059061 0.453913 0.074313
v -0.060499 0.453028 0.072297
v -0.062124 0.451943 0.070491
v -0.064065 0.450520 0.069040
v -0.066391 0.448685 0.068021
v -0.069094 0.446446 0.067427
v -0.072097 0.443885 0.067170
v -0.075261 0.441153 0.067093
v -0.078404 0.438443 0.066993
v -0.081334 0.435961 0.066653
v -0.083871 0.433900 0.065872
v -0.085878 0.432406 0.064495
v -0.087280 0.431559 0.062440
v -0.088080 0.431359 0.059705
v -0.088349 0.431726 0.056376
v -0.088225 0.432513 0.052605
v -0.087887 0.433530 0.048593
v -0.087530 0.434568 0.044559
v -0.087333 0.435435 0.040705
v -0.087435 0.435980 0.037189
v -0.087916 0.436120 0.034097
v -0.088781 0.435850 0.031436
v -0.089962 0.435240 0.029131
v -0.091329 0.434431 0.027036
v -0.089891 0.435316 0.029052
v -0.088266 0.436401 0.030858
v -0.086325 0.437824 0.032309
v -0.084000 0.439659 0.033328
v -0.081296 0.441898 0.033922
v -0.078293 0.444459 0.034179
v -0.075130 0.447191 0.034256
v -0.071986 0.449901 0.034356
v -0.069056 0.452383 0.034696
v -0.066520 0.454444 0.035477
v -0.064513 0.455938 0.036854
v -0.063110 0.456785 0.038909
v -0.062311 0.456985 0.041644
v -0.062041 0.456618 0.044973
v -0.062165 0.455831 0.048744
v -0.062503 0.454814 0.052756
v -0.062860 0.453776 0.056790
v -0.063058 0.452909 0.060644
v -0.062955 0.452364 0.064160
v -0.062474 0.452224 0.067252
v -0.061610 0.452494 0.069913
v -0.060428 0.453104 0.072218
f 1815 1816 1817
f 1815 1817 1816
f 1815 1817 1818
f 1815 1818 1817
f 1815 1818 1819
f 1815 1819 1818
f 1815 1819 1820
f 1815 1820 1819
f 1815 1820 1821
f 1815 1821 1820
f 1815 1821 1822
f 1815 1822 1821
f 1815 1822 1823
f 1815 1823 1822
f 1815 1823 1824
f 1815 1824 1823
f 1815 1824 1825
f 1815 1825 1824
f 1815 1825 1826
f 1815 1826 1825
f 1815 1826 1827
f 1815 1827 1826
f 1815 1827 1828
f 1815 1828 1827
f 1815 1828 1829
f 1815 1829 1828
f 1815 1829 1830
f 1815 1830 1829
f 1815 1830 1831
f 1815 1831 1830
f 1815 1831 1832
f 1815 1832 1831
f 1815 1832 1833
f 1815 1833 1832
f 1815 1833 1834
f 1815 1834 1833
f 1815 1834 1835
f 1815 1835 1834
f 1815 1835 1836
f 1815 1836 1835
f 1815 1836 1837
f 1815 1837 1836
f 1815 1837 1838
f 1815 1838 1837
f 1815 1838 1839
f 1815 1839 1838
f 1815 1839 1840
f 1815 1840 1839
f 1815 1840 1841
f 1815 1841 1840
f 1815 1841 1842
f 1815 1842 1841
f 1815 1842 1843
f 1815 1843 1842
f 1815 1843 1844
f 1815 1844 1843
f 1815 1844 1845
f 1815 1845 1844
f 1815 1845 1846
f 1815 1846 1845
f 1815 1846 1847
f 1815 1847 1846
f 1815 1847 1848
f 1815 1848 1847
f 1815 1848 1849
f 1815 1849 1848
f 1815 1849 1850
f 1815 1850 1849
f 1815 1850 1851
f 1815 1851 1850
f 1815 1851 1852
f 1815 1852 1851
f 1815 1852 1853
f 1815 1853 1852
f 1815 1853 1854
f 1815 1854 1853
f 1815 1854 1855
f 1815 1855 1854
f 1815 1855 1856
f 1815 1856 1855
f 1815 1856 1857
f 1815 1857 1856
f 1815 1857 1858
f 1815 1858 1857
f 1815 1858 1859
f 1815 1859 1858
f 1815 1859 1860
f 1815 1860 1859
o part_54
v -0.071113 0.394983 0.057258
v -0.068253 0.397367 0.055710
v -0.067309 0.398703 0.051980
v -0.068202 0.398703 0.048089
v -0.070679 0.397367 0.045145
v -0.073928 0.394983 0.045000
v -0.076788 0.392598 0.046547
v -0.077732 0.391263 0.050277
v -0.076839 0.391263 0.054168
v -0.074362 0.392598 0.057113
v -0.098523 0.431338 0.061486
v -0.096578 0.432959 0.060434
v -0.095936 0.433867 0.057897
v -0.096543 0.433867 0.055252
v -0.098228 0.432959 0.053249
v -0.100437 0.431338 0.053151
v -0.102382 0.429716 0.054203
v -0.103024 0.428808 0.056740
v -0.102416 0.428808 0.059385
v -0.100732 0.429716 0.061388
f 1861 1862 1872
f 1861 1872 1871
f 1862 1863 1873
f 1862 1873 1872
f 1863 1864 1874
f 1863 1874 1873
f 1864 1865 1875
f 1864 1875 1874
f 1865 1866 1876
f 1865 1876 1875
f 1866 1867 1877
f 1866 1877 1876
f 1867 1868 1878
f 1867 1878 1877
f 1868 1869 1879
f 1868 1879 1878
f 1869 1870 1880
f 1869 1880 1879
f 1870 1861 1871
f 1870 1871 1880
o part_55
v -0.099480 0.431338 0.057318
v -0.098772 0.430895 0.059595
v -0.097476 0.430881 0.061916
v -0.095707 0.431211 0.064272
v -0.093586 0.431799 0.066654
v -0.091245 0.432546 0.069053
v -0.088827 0.433349 0.071457
v -0.086478 0.434103 0.073856
v -0.084336 0.434706 0.076240
v -0.082523 0.435068 0.078599
v -0.081139 0.435118 0.080926
v -0.080256 0.434803 0.083216
v -0.079909 0.434097 0.085466
v -0.080099 0.433000 0.087676
v -0.080789 0.431538 0.089848
v -0.081908 0.429764 0.091989
v -0.083357 0.427749 0.094105
v -0.085013 0.425583 0.096205
v -0.086736 0.423368 0.098301
v -0.088384 0.421208 0.100402
v -0.089811 0.419209 0.102519
v -0.090886 0.417467 0.104663
v -0.091489 0.416069 0.106842
v -0.091503 0.415099 0.109065
v -0.092211 0.415542 0.106788
v -0.093508 0.415556 0.104468
v -0.095276 0.415226 0.102112
v -0.097397 0.414639 0.099729
v -0.099738 0.413891 0.097331
v -0.102156 0.413088 0.094927
v -0.104505 0.412335 0.092527
v -0.106648 0.411732 0.090144
v -0.108461 0.411369 0.087785
v -0.109844 0.411320 0.085457
v -0.110727 0.411635 0.083168
v -0.111074 0.412341 0.080918
v -0.110884 0.413438 0.078708
v -0.110195 0.414899 0.076535
v -0.109075 0.416674 0.074395
v -0.107626 0.418689 0.072279
v -0.105971 0.420854 0.070178
v -0.104247 0.423070 0.068083
v -0.102599 0.425229 0.065982
v -0.101172 0.427228 0.063864
v -0.100097 0.428971 0.061720
v -0.099494 0.430369 0.059541
f 1881 1882 1883
f 1881 1883 1882
f 1881 1883 1884
f 1881 1884 1883
f 1881 1884 1885
f 1881 1885 1884
f 1881 1885 1886
f 1881 1886 1885
f 1881 1886 1887
f 1881 1887 1886
f 1881 1887 1888
f 1881 1888 1887
f 1881 1888 1889
f 1881 1889 1888
f 1881 1889 1890
f 1881 1890 1889
f 1881 1890 1891
f 1881 1891 1890
f 1881 1891 1892
f 1881 1892 1891
f 1881 1892 1893
f 1881 1893 1892
f 1881 1893 1894
f 1881 1894 1893
f 1881 1894 1895
f 1881 1895 1894
f 1881 1895 1896
f 1881 1896 1895
f 1881 1896 1897
f 1881 1897 1896
f 1881 1897 1898
f 1881 1898 1897
f 1881 1898 1899
f 1881 1899 1898
f 1881 1899 1900
f 1881 1900 1899
f 1881 1900 1901
f 1881 1901 1900
f 1881 1901 1902
f 1881 1902 1901
f 1881 1902 1903
f 1881 1903 1902
f 1881 1903 1904
f 1881 1904 1903
f 1881 1904 1905
f 1881 1905 1904
f 1881 1905 1906
f 1881 1906 1905
f 1881 1906 1907
f 1881 1907 1906
f 1881 1907 1908
f 1881 1908 1907
f 1881 1908 1909
f 1881 1909 1908
f 1881 1909 1910
f 1881 1910 1909
f 1881 1910 1911
f 1881 1911 1910
f 1881 1911 1912
f 1881 1912 1911
f 1881 1912 1913
f 1881 1913 1912
f 1881 1913 1914
f 1881 1914 1913
f 1881 1914 1915
f 1881 1915 1914
f 1881 1915 1916
f 1881 1916 1915
f 1881 1916 1917
f 1881 1917 1916
f 1881 1917 1918
f 1881 1918 1917
f 1881 1918 1919
f 1881 1919 1918
f 1881 1919 1920
f 1881 1920 1919
f 1881 1920 1921
f 1881 1921 1920
f 1881 1921 1922
f 1881 1922 1921
f 1881 1922 1923
f 1881 1923 1922
f 1881 1923 1924
f 1881 1924 1923
f 1881 1924 1925
f 1881 1925 1924
f 1881 1925 1926
f 1881 1926 1925
o part_56
v -0.099480 0.431338 0.057318
v -0.099347 0.430577 0.055094
v -0.099750 0.429417 0.052869
v -0.100632 0.427904 0.050644
v -0.101895 0.426107 0.048420
v -0.103417 0.424118 0.046196
v -0.105053 0.422045 0.043971
v -0.106651 0.419999 0.041747
v -0.108063 0.418092 0.039523
v -0.109153 0.416424 0.037298
v -0.109809 0.415077 0.035074
v -0.109952 0.414111 0.032849
v -0.109541 0.413556 0.030624
v -0.108576 0.413412 0.028399
v -0.107098 0.413648 0.026173
v -0.105186 0.414206 0.023948
v -0.102952 0.415003 0.021723
v -0.100531 0.415938 0.019497
v -0.098073 0.416901 0.017271
v -0.095730 0.417779 0.015046
v -0.093644 0.418465 0.012820
v -0.091941 0.418868 0.010595
v -0.090715 0.418918 0.008370
v -0.090026 0.418568 0.006145
v -0.090159 0.419330 0.008370
v -0.089756 0.420489 0.010594
v -0.088874 0.422003 0.012819
v -0.087611 0.423800 0.015043
v -0.086089 0.425788 0.017268
v -0.084453 0.427861 0.019492
v -0.082855 0.429907 0.021716
v -0.081443 0.431814 0.023940
v -0.080353 0.433482 0.026165
v -0.079697 0.434829 0.028390
v -0.079554 0.435795 0.030614
v -0.079965 0.436350 0.032839
v -0.080930 0.436494 0.035064
v -0.082408 0.436258 0.037290
v -0.084320 0.435700 0.039515
v -0.086554 0.434904 0.041741
v -0.088975 0.433969 0.043966
v -0.091433 0.433006 0.046192
v -0.093776 0.432128 0.048417
v -0.095862 0.431441 0.050643
v -0.097565 0.431038 0.052868
v -0.098791 0.430989 0.055093
f 1927 1928 1929
f 1927 1929 1928
f 1927 1929 1930
f 1927 1930 1929
f 1927 1930 1931
f 1927 1931 1930
f 1927 1931 1932
f 1927 1932 1931
f 1927 1932 1933
f 1927 1933 1932
f 1927 1933 1934
f 1927 1934 1933
f 1927 1934 1935
f 1927 1935 1934
f 1927 1935 1936
f 1927 1936 1935
f 1927 1936 1937
f 1927 1937 1936
f 1927 1937 1938
f 1927 1938 1937
f 1927 1938 1939
f 1927 1939 1938
f 1927 1939 1940
f 1927 1940 1939
f 1927 1940 1941
f 1927 1941 1940
f 1927 1941 1942
f 1927 1942 1941
f 1927 1942 1943
f 1927 1943 1942
f 1927 1943 1944
f 1927 1944 1943
f 1927 1944 1945
f 1927 1945 1944
f 1927 1945 1946
f 1927 1946 1945
f 1927 1946 1947
f 1927 1947 1946
f 1927 1947 1948
f 1927 1948 1947
f 1927 1948 1949
f 1927 1949 1948
f 1927 1949 1950
f 1927 1950 1949
f 1927 1950 1951
f 1927 1951 1950
f 1927 1951 1952
f 1927 1952 1951
f 1927 1952 1953
f 1927 1953 1952
f 1927 1953 1954
f 1927 1954 1953
f 1927 1954 1955
f 1927 1955 1954
f 1927 1955 1956
f 1927 1956 1955
f 1927 1956 1957
f 1927 1957 1956
f 1927 1957 1958
f 1927 1958 1957
f 1927 1958 1959
f 1927 1959 1958
f 1927 1959 1960
f 1927 1960 1959
f 1927 1960 1961
f 1927 1961 1960
f 1927 1961 1962
f 1927 1962 1961
f 1927 1962 1963
f 1927 1963 1962
f 1927 1963 1964
f 1927 1964 1963
f 1927 1964 1965
f 1927 1965 1964
f 1927 1965 1966
f 1927 1966 1965
f 1927 1966 1967
f 1927 1967 1966
f 1927 1967 1968
f 1927 1968 1967
f 1927 1968 1969
f 1927 1969 1968
f 1927 1969 1970
f 1927 1970 1969
f 1927 1970 1971
f 1927 1971 1970
f 1927 1971 1972
f 1927 1972 1971
o part_57
v -0.097921 0.431338 0.061301
v -0.097375 0.433888 0.060453
v -0.097797 0.435316 0.058117
v -0.098787 0.435316 0.055589
v -0.100062 0.433888 0.053588
v -0.101039 0.431338 0.053336
v -0.101585 0.428788 0.054184
v -0.101163 0.427360 0.056520
v -0.100173 0.427360 0.059047
v -0.098898 0.428788 0.061049
v -0.119815 0.438707 0.068401
v -0.119443 0.440441 0.067825
v -0.119731 0.441412 0.066237
v -0.120403 0.441412 0.064518
v -0.121271 0.440441 0.063157
v -0.121935 0.438707 0.062986
v -0.122306 0.436973 0.063562
v -0.122019 0.436002 0.065150
v -0.121346 0.436002 0.066869
v -0.120479 0.436973 0.068230
f 1973 1974 1984
f 1973 1984 1983
f 1974 1975 1985
f 1974 1985 1984
f 1975 1976 1986
f 1975 1986 1985
f 1976 1977 1987
f 1976 1987 1986
f 1977 1978 1988
f 1977 1988 1987
f 1978 1979 1989
f 1978 1989 1988
f 1979 1980 1990
f 1979 1990 1989
f 1980 1981 1991
f 1980 1991 1990
f 1981 1982 1992
f 1981 1992 1991
f 1982 1973 1983
f 1982 1983 1992
o part_58
v -0.120875 0.438707 0.065694
v -0.119519 0.438475 0.066854
v -0.117968 0.438756 0.068062
v -0.116267 0.439431 0.069307
v -0.114458 0.440392 0.070578
v -0.112583 0.441524 0.071864
v -0.110688 0.442708 0.073156
v -0.108820 0.443822 0.074441
v -0.107021 0.444756 0.075709
v -0.105328 0.445410 0.076952
v -0.103773 0.445702 0.078161
v -0.102376 0.445578 0.079331
v -0.101150 0.445006 0.080461
v -0.100093 0.443989 0.081549
v -0.099195 0.442554 0.082598
v -0.098435 0.440758 0.083614
v -0.097781 0.438682 0.084605
v -0.097196 0.436425 0.085578
v -0.096637 0.434099 0.086545
v -0.096059 0.431825 0.087517
v -0.095416 0.429721 0.088505
v -0.094663 0.427904 0.089519
v -0.093761 0.426480 0.090570
v -0.092664 0.425570 0.091668
v -0.094020 0.425801 0.090507
v -0.095571 0.425520 0.089299
v -0.097271 0.424845 0.088054
v -0.099081 0.423884 0.086783
v -0.100956 0.422752 0.085497
v -0.102850 0.421569 0.084205
v -0.104719 0.420454 0.082920
v -0.106518 0.419520 0.081652
v -0.108211 0.418867 0.080409
v -0.109766 0.418574 0.079200
v -0.111162 0.418699 0.078030
v -0.112389 0.419270 0.076900
v -0.113446 0.420288 0.075812
v -0.114343 0.421722 0.074763
v -0.115104 0.423518 0.073747
v -0.115758 0.425595 0.072756
v -0.116342 0.427852 0.071783
v -0.116901 0.430177 0.070816
v -0.117480 0.432452 0.069844
v -0.118123 0.434555 0.068856
v -0.118875 0.436373 0.067842
v -0.119777 0.437796 0.066791
f 1993 1994 1995
f 1993 1995 1994
f 1993 1995 1996
f 1993 1996 1995
f 1993 1996 1997
f 1993 1997 1996
f 1993 1997 1998
f 1993 1998 1997
f 1993 1998 1999
f 1993 1999 1998
f 1993 1999 2000
f 1993 2000 1999
f 1993 2000 2001
f 1993 2001 2000
f 1993 2001 2002
f 1993 2002 2001
f 1993 2002 2003
f 1993 2003 2002
f 1993 2003 2004
f 1993 2004 2003
f 1993 2004 2005
f 1993 2005 2004
f 1993 2005 2006
f 1993 2006 2005
f 1993 2006 2007
f 1993 2007 2006
f 1993 2007 2008
f 1993 2008 2007
f 1993 2008 2009
f 1993 2009 2008
f 1993 2009 2010
f 1993 2010 2009
f 1993 2010 2011
f 1993 2011 2010
f 1993 2011 2012
f 1993 2012 2011
f 1993 2012 2013
f 1993 2013 2012
f 1993 2013 2014
f 1993 2014 2013
f 1993 2014 2015
f 1993 2015 2014
f 1993 2015 2016
f 1993 2016 2015
f 1993 2016 2017
f 1993 2017 2016
f 1993 2017 2018
f 1993 2018 2017
f 1993 2018 2019
f 1993 2019 2018
f 1993 2019 2020
f 1993 2020 2019
f 1993 2020 2021
f 1993 2021 2020
f 1993 2021 2022
f 1993 2022 2021
f 1993 2022 2023
f 1993 2023 2022
f 1993 2023 2024
f 1993 2024 2023
f 1993 2024 2025
f 1993 2025 2024
f 1993 2025 2026
f 1993 2026 2025
f 1993 2026 2027
f 1993 2027 2026
f 1993 2027 2028
f 1993 2028 2027
f 1993 2028 2029
f 1993 2029 2028
f 1993 2029 2030
f 1993 2030 2029
f 1993 2030 2031
f 1993 2031 2030
f 1993 2031 2032
f 1993 2032 2031
f 1993 2032 2033
f 1993 2033 2032
f 1993 2033 2034
f 1993 2034 2033
f 1993 2034 2035
f 1993 2035 2034
f 1993 2035 2036
f 1993 2036 2035
f 1993 2036 2037
f 1993 2037 2036
f 1993 2037 2038
f 1993 2038 2037
o part_59
v -0.120875 0.438707 0.065694
v -0.121401 0.437924 0.063490
v -0.122120 0.436438 0.061410
v -0.122984 0.434426 0.059423
v -0.123952 0.432039 0.057502
v -0.124980 0.429434 0.055620
v -0.126024 0.426770 0.053748
v -0.127040 0.424206 0.051858
v -0.127988 0.421892 0.049925
v -0.128831 0.419957 0.047924
v -0.129540 0.418507 0.045838
v -0.130096 0.417615 0.043654
v -0.130488 0.417319 0.041364
v -0.130715 0.417620 0.038970
v -0.130789 0.418479 0.036477
v -0.130729 0.419822 0.033899
v -0.130564 0.421546 0.031253
v -0.130331 0.423518 0.028564
v -0.130071 0.425590 0.025857
v -0.129826 0.427605 0.023161
v -0.129642 0.429400 0.020503
v -0.129561 0.430821 0.017911
v -0.129625 0.431715 0.015412
v -0.129882 0.431907 0.013036
v -0.129356 0.432690 0.015240
v -0.128637 0.434175 0.017319
v -0.127773 0.436187 0.019306
v -0.126805 0.438574 0.021227
v -0.125777 0.441180 0.023110
v -0.124733 0.443844 0.024982
v -0.123717 0.446407 0.026871
v -0.122769 0.448722 0.028805
v -0.121926 0.450656 0.030806
v -0.121217 0.452107 0.032892
v -0.120661 0.452999 0.035076
v -0.120269 0.453294 0.037365
v -0.120042 0.452994 0.039760
v -0.119968 0.452135 0.042253
v -0.120028 0.450791 0.044831
v -0.120192 0.449068 0.047476
v -0.120425 0.447096 0.050166
v -0.120686 0.445023 0.052872
v -0.120931 0.443009 0.055569
v -0.121115 0.441213 0.058227
v -0.121196 0.439793 0.060819
v -0.121132 0.438898 0.063318
f 2039 2040 2041
f 2039 2041 2040
f 2039 2041 2042
f 2039 2042 2041
f 2039 2042 2043
f 2039 2043 2042
f 2039 2043 2044
f 2039 2044 2043
f 2039 2044 2045
f 2039 2045 2044
f 2039 2045 2046
f 2039 2046 2045
f 2039 2046 2047
f 2039 2047 2046
f 2039 2047 2048
f 2039 2048 2047
f 2039 2048 2049
f 2039 2049 2048
f 2039 2049 2050
f 2039 2050 2049
f 2039 2050 2051
f 2039 2051 2050
f 2039 2051 2052
f 2039 2052 2051
f 2039 2052 2053
f 2039 2053 2052
f 2039 2053 2054
f 2039 2054 2053
f 2039 2054 2055
f 2039 2055 2054
f 2039 2055 2056
f 2039 2056 2055
f 2039 2056 2057
f 2039 2057 2056
f 2039 2057 2058
f 2039 2058 2057
f 2039 2058 2059
f 2039 2059 2058
f 2039 2059 2060
f 2039 2060 2059
f 2039 2060 2061
f 2039 2061 2060
f 2039 2061 2062
f 2039 2062 2061
f 2039 2062 2063
f 2039 2063 2062
f 2039 2063 2064
f 2039 2064 2063
f 2039 2064 2065
f 2039 2065 2064
f 2039 2065 2066
f 2039 2066 2065
f 2039 2066 2067
f 2039 2067 2066
f 2039 2067 2068
f 2039 2068 2067
f 2039 2068 2069
f 2039 2069 2068
f 2039 2069 2070
f 2039 2070 2069
f 2039 2070 2071
f 2039 2071 2070
f 2039 2071 2072
f 2039 2072 2071
f 2039 2072 2073
f 2039 2073 2072
f 2039 2073 2074
f 2039 2074 2073
f 2039 2074 2075
f 2039 2075 2074
f 2039 2075 2076
f 2039 2076 2075
f 2039 2076 2077
f 2039 2077 2076
f 2039 2077 2078
f 2039 2078 2077
f 2039 2078 2079
f 2039 2079 2078
f 2039 2079 2080
f 2039 2080 2079
f 2039 2080 2081
f 2039 2081 2080
f 2039 2081 2082
f 2039 2082 2081
f 2039 2082 2083
f 2039 2083 2082
f 2039 2083 2084
f 2039 2084 2083
o part_60
v -0.095380 0.431338 0.056105
v -0.096488 0.433216 0.054442
v -0.099024 0.434268 0.054078
v -0.101627 0.434268 0.054849
v -0.103556 0.433216 0.056535
v -0.103580 0.431338 0.058532
v -0.102472 0.429460 0.060195
v -0.099936 0.428408 0.060559
v -0.097333 0.428408 0.059788
v -0.095404 0.429460 0.058102
v -0.091951 0.448308 0.072506
v -0.092704 0.449585 0.071376
v -0.094429 0.450300 0.071128
v -0.096199 0.450300 0.071652
v -0.097511 0.449585 0.072799
v -0.097527 0.448308 0.074157
v -0.096774 0.447031 0.075288
v -0.095049 0.446315 0.075535
v -0.093279 0.446315 0.075011
v -0.091968 0.447031 0.073865
f 2085 2086 2096
f 2085 2096 2095
f 2086 2087 2097
f 2086 2097 2096
f 2087 2088 2098
f 2087 2098 2097
f 2088 2089 2099
f 2088 2099 2098
f 2089 2090 2100
f 2089 2100 2099
f 2090 2091 2101
f 2090 2101 2100
f 2091 2092 2102
f 2091 2102 2101
f 2092 2093 2103
f 2092 2103 2102
f 2093 2094 2104
f 2093 2104 2103
f 2094 2085 2095
f 2094 2095 2104
o part_61
v -0.094739 0.448308 0.073332
v -0.092651 0.447234 0.072710
v -0.090502 0.446413 0.071803
v -0.088261 0.445971 0.070467
v -0.085917 0.445952 0.068651
v -0.083478 0.446324 0.066394
v -0.080970 0.446985 0.063810
v -0.078430 0.447777 0.061077
v -0.075903 0.448514 0.058407
v -0.073437 0.448998 0.056023
v -0.071075 0.449056 0.054121
v -0.068848 0.448554 0.052852
v -0.066774 0.447422 0.052296
v -0.064853 0.445661 0.052453
v -0.063067 0.443340 0.053243
v -0.061385 0.440592 0.054516
v -0.059764 0.437592 0.056074
v -0.058156 0.434536 0.057695
v -0.056516 0.431612 0.059167
v -0.054807 0.428977 0.060313
v -0.053003 0.426732 0.061017
v -0.051096 0.424910 0.061241
v -0.049097 0.423468 0.061036
v -0.047037 0.422279 0.060546
v -0.049125 0.423352 0.061167
v -0.051274 0.424174 0.062075
v -0.053516 0.424616 0.063411
v -0.055859 0.424634 0.065226
v -0.058298 0.424262 0.067484
v -0.060806 0.423602 0.070067
v -0.063347 0.422809 0.072801
v -0.065874 0.422073 0.075470
v -0.068339 0.421588 0.077855
v -0.070702 0.421531 0.079757
v -0.072928 0.422032 0.081025
v -0.075002 0.423164 0.081581
v -0.076924 0.424926 0.081424
v -0.078709 0.427247 0.080635
v -0.080392 0.429995 0.079362
v -0.082013 0.432994 0.077804
v -0.083620 0.436051 0.076182
v -0.085260 0.438974 0.074710
v -0.086969 0.441610 0.073565
v -0.088774 0.443855 0.072861
v -0.090680 0.445676 0.072637
v -0.092679 0.447118 0.072841
f 2105 2106 2107
f 2105 2107 2106
f 2105 2107 2108
f 2105 2108 2107
f 2105 2108 2109
f 2105 2109 2108
f 2105 2109 2110
f 2105 2110 2109
f 2105 2110 2111
f 2105 2111 2110
f 2105 2111 2112
f 2105 2112 2111
f 2105 2112 2113
f 2105 2113 2112
f 2105 2113 2114
f 2105 2114 2113
f 2105 2114 2115
f 2105 2115 2114
f 2105 2115 2116
f 2105 2116 2115
f 2105 2116 2117
f 2105 2117 2116
f 2105 2117 2118
f 2105 2118 2117
f 2105 2118 2119
f 2105 2119 2118
f 2105 2119 2120
f 2105 2120 2119
f 2105 2120 2121
f 2105 2121 2120
f 2105 2121 2122
f 2105 2122 2121
f 2105 2122 2123
f 2105 2123 2122
f 2105 2123 2124
f 2105 2124 2123
f 2105 2124 2125
f 2105 2125 2124
f 2105 2125 2126
f 2105 2126 2125
f 2105 2126 2127
f 2105 2127 2126
f 2105 2127 2128
f 2105 2128 2127
f 2105 2128 2129
f 2105 2129 2128
f 2105 2129 2130
f 2105 2130 2129
f 2105 2130 2131
f 2105 2131 2130
f 2105 2131 2132
f 2105 2132 2131
f 2105 2132 2133
f 2105 2133 2132
f 2105 2133 2134
f 2105 2134 2133
f 2105 2134 2135
f 2105 2135 2134
f 2105 2135 2136
f 2105 2136 2135
f 2105 2136 2137
f 2105 2137 2136
f 2105 2137 2138
f 2105 2138 2137
f 2105 2138 2139
f 2105 2139 2138
f 2105 2139 2140
f 2105 2140 2139
f 2105 2140 2141
f 2105 2141 2140
f 2105 2141 2142
f 2105 2142 2141
f 2105 2142 2143
f 2105 2143 2142
f 2105 2143 2144
f 2105 2144 2143
f 2105 2144 2145
f 2105 2145 2144
f 2105 2145 2146
f 2105 2146 2145
f 2105 2146 2147
f 2105 2147 2146
f 2105 2147 2148
f 2105 2148 2147
f 2105 2148 2149
f 2105 2149 2148
f 2105 2149 2150
f 2105 2150 2149
o part_62
v -0.094739 0.448308 0.073332
v -0.097508 0.448225 0.072778
v -0.100363 0.447818 0.072595
v -0.103340 0.446958 0.072926
v -0.106447 0.445616 0.073807
v -0.109669 0.443847 0.075175
v -0.112971 0.441776 0.076887
v -0.116307 0.439583 0.078738
v -0.119619 0.437476 0.080491
v -0.122851 0.435666 0.081904
v -0.125953 0.434342 0.082765
v -0.128887 0.433643 0.082914
v -0.131633 0.433643 0.082267
v -0.134192 0.434342 0.080822
v -0.136582 0.435666 0.078666
v -0.138842 0.437475 0.075957
v -0.141022 0.439582 0.072909
v -0.143179 0.441775 0.069762
v -0.145369 0.443846 0.066756
v -0.147640 0.445615 0.064092
v -0.150026 0.446957 0.061916
v -0.152541 0.447816 0.060289
v -0.155178 0.448223 0.059178
v -0.157902 0.448306 0.058436
v -0.155134 0.448389 0.058989
v -0.152278 0.448796 0.059173
v -0.149301 0.449656 0.058841
v -0.146194 0.450998 0.057960
v -0.142973 0.452767 0.056592
v -0.139670 0.454838 0.054881
v -0.136335 0.457031 0.053030
v -0.133022 0.459138 0.051277
v -0.129790 0.460947 0.049863
v -0.126688 0.462272 0.049002
v -0.123754 0.462971 0.048853
v -0.121008 0.462971 0.049501
v -0.118450 0.462272 0.050945
v -0.116059 0.460948 0.053102
v -0.113799 0.459139 0.055811
v -0.111619 0.457032 0.058859
v -0.109462 0.454839 0.062005
v -0.107272 0.452768 0.065012
v -0.105001 0.450999 0.067675
v -0.102615 0.449657 0.069851
v -0.100100 0.448798 0.071478
v -0.097463 0.448391 0.072590
f 2151 2152 2153
f 2151 2153 2152
f 2151 2153 2154
f 2151 2154 2153
f 2151 2154 2155
f 2151 2155 2154
f 2151 2155 2156
f 2151 2156 2155
f 2151 2156 2157
f 2151 2157 2156
f 2151 2157 2158
f 2151 2158 2157
f 2151 2158 2159
f 2151 2159 2158
f 2151 2159 2160
f 2151 2160 2159
f 2151 2160 2161
f 2151 2161 2160
f 2151 2161 2162
f 2151 2162 2161
f 2151 2162 2163
f 2151 2163 2162
f 2151 2163 2164
f 2151 2164 2163
f 2151 2164 2165
f 2151 2165 2164
f 2151 2165 2166
f 2151 2166 2165
f 2151 2166 2167
f 2151 2167 2166
f 2151 2167 2168
f 2151 2168 2167
f 2151 2168 2169
f 2151 2169 2168
f 2151 2169 2170
f 2151 2170 2169
f 2151 2170 2171
f 2151 2171 2170
f 2151 2171 2172
f 2151 2172 2171
f 2151 2172 2173
f 2151 2173 2172
f 2151 2173 2174
f 2151 2174 2173
f 2151 2174 2175
f 2151 2175 2174
f 2151 2175 2176
f 2151 2176 2175
f 2151 2176 2177
f 2151 2177 2176
f 2151 2177 2178
f 2151 2178 2177
f 2151 2178 2179
f 2151 2179 2178
f 2151 2179 2180
f 2151 2180 2179
f 2151 2180 2181
f 2151 2181 2180
f 2151 2181 2182
f 2151 2182 2181
f 2151 2182 2183
f 2151 2183 2182
f 2151 2183 2184
f 2151 2184 2183
f 2151 2184 2185
f 2151 2185 2184
f 2151 2185 2186
f 2151 2186 2185
f 2151 2186 2187
f 2151 2187 2186
f 2151 2187 2188
f 2151 2188 2187
f 2151 2188 2189
f 2151 2189 2188
f 2151 2189 2190
f 2151 2190 2189
f 2151 2190 2191
f 2151 2191 2190
f 2151 2191 2192
f 2151 2192 2191
f 2151 2192 2193
f 2151 2193 2192
f 2151 2193 2194
f 2151 2194 2193
f 2151 2194 2195
f 2151 2195 2194
f 2151 2195 2196
f 2151 2196 2195
o part_63
v -0.103622 0.431338 0.058383
v -0.102603 0.433326 0.059973
v -0.100098 0.434440 0.060366
v -0.097469 0.434440 0.059691
v -0.095464 0.433326 0.058138
v -0.095338 0.431338 0.056254
v -0.096357 0.429350 0.054664
v -0.098862 0.428236 0.054271
v -0.101491 0.428236 0.054946
v -0.103496 0.429350 0.056499
v -0.107420 0.449908 0.038105
v -0.106728 0.451260 0.039186
v -0.105024 0.452018 0.039453
v -0.103236 0.452018 0.038994
v -0.101873 0.451260 0.037938
v -0.101788 0.449908 0.036657
v -0.102480 0.448556 0.035576
v -0.104184 0.447799 0.035308
v -0.105971 0.447799 0.035768
v -0.107335 0.448556 0.036823
f 2197 2198 2208
f 2197 2208 2207
f 2198 2199 2209
f 2198 2209 2208
f 2199 2200 2210
f 2199 2210 2209
f 2200 2201 2211
f 2200 2211 2210
f 2201 2202 2212
f 2201 2212 2211
f 2202 2203 2213
f 2202 2213 2212
f 2203 2204 2214
f 2203 2214 2213
f 2204 2205 2215
f 2204 2215 2214
f 2205 2206 2216
f 2205 2216 2215
f 2206 2197 2207
f 2206 2207 2216
o part_64
v -0.104604 0.449908 0.037381
v -0.106466 0.449048 0.038332
v -0.108331 0.448365 0.039450
v -0.110201 0.448021 0.040885
v -0.112076 0.448120 0.042734
v -0.113957 0.448682 0.045015
v -0.115843 0.449634 0.047660
v -0.117733 0.450817 0.050523
v -0.119622 0.452013 0.053397
v -0.121509 0.452977 0.056054
v -0.123389 0.453476 0.058277
v -0.125261 0.453330 0.059896
v -0.127123 0.452441 0.060821
v -0.128976 0.450809 0.061051
v -0.130820 0.448531 0.060679
v -0.132657 0.445789 0.059872
v -0.134492 0.442815 0.058847
v -0.136327 0.439853 0.057834
v -0.138165 0.437123 0.057039
v -0.140008 0.434783 0.056607
v -0.141857 0.432906 0.056608
v -0.143712 0.431471 0.057023
v -0.145571 0.430376 0.057755
v -0.147433 0.429458 0.058654
v -0.145570 0.430319 0.057702
v -0.143706 0.431002 0.056584
v -0.141836 0.431345 0.055150
v -0.139961 0.431246 0.053301
v -0.138080 0.430684 0.051020
v -0.136193 0.429733 0.048374
v -0.134304 0.428550 0.045512
v -0.132414 0.427353 0.042637
v -0.130528 0.426390 0.039980
v -0.128648 0.425891 0.037758
v -0.126776 0.426037 0.036138
v -0.124913 0.426926 0.035213
v -0.123061 0.428558 0.034983
v -0.121217 0.430835 0.035356
v -0.119380 0.433577 0.036163
v -0.117545 0.436552 0.037187
v -0.115710 0.439513 0.038200
v -0.113872 0.442243 0.038996
v -0.112029 0.444583 0.039427
v -0.110180 0.446461 0.039426
v -0.108325 0.447895 0.039011
v -0.106466 0.448991 0.038279
f 2217 2218 2219
f 2217 2219 2218
f 2217 2219 2220
f 2217 2220 2219
f 2217 2220 2221
f 2217 2221 2220
f 2217 2221 2222
f 2217 2222 2221
f 2217 2222 2223
f 2217 2223 2222
f 2217 2223 2224
f 2217 2224 2223
f 2217 2224 2225
f 2217 2225 2224
f 2217 2225 2226
f 2217 2226 2225
f 2217 2226 2227
f 2217 2227 2226
f 2217 2227 2228
f 2217 2228 2227
f 2217 2228 2229
f 2217 2229 2228
f 2217 2229 2230
f 2217 2230 2229
f 2217 2230 2231
f 2217 2231 2230
f 2217 2231 2232
f 2217 2232 2231
f 2217 2232 2233
f 2217 2233 2232
f 2217 2233 2234
f 2217 2234 2233
f 2217 2234 2235
f 2217 2235 2234
f 2217 2235 2236
f 2217 2236 2235
f 2217 2236 2237
f 2217 2237 2236
f 2217 2237 2238
f 2217 2238 2237
f 2217 2238 2239
f 2217 2239 2238
f 2217 2239 2240
f 2217 2240 2239
f 2217 2240 2241
f 2217 2241 2240
f 2217 2241 2242
f 2217 2242 2241
f 2217 2242 2243
f 2217 2243 2242
f 2217 2243 2244
f 2217 2244 2243
f 2217 2244 2245
f 2217 2245 2244
f 2217 2245 2246
f 2217 2246 2245
f 2217 2246 2247
f 2217 2247 2246
f 2217 2247 2248
f 2217 2248 2247
f 2217 2248 2249
f 2217 2249 2248
f 2217 2249 2250
f 2217 2250 2249
f 2217 2250 2251
f 2217 2251 2250
f 2217 2251 2252
f 2217 2252 2251
f 2217 2252 2253
f 2217 2253 2252
f 2217 2253 2254
f 2217 2254 2253
f 2217 2254 2255
f 2217 2255 2254
f 2217 2255 2256
f 2217 2256 2255
f 2217 2256 2257
f 2217 2257 2256
f 2217 2257 2258
f 2217 2258 2257
f 2217 2258 2259
f 2217 2259 2258
f 2217 2259 2260
f 2217 2260 2259
f 2217 2260 2261
f 2217 2261 2260
f 2217 2261 2262
f 2217 2262 2261
o part_65
v -0.104604 0.449908 0.037381
v -0.102449 0.449389 0.037785
v -0.100301 0.448639 0.037977
v -0.098163 0.447514 0.037820
v -0.096038 0.445942 0.037252
v -0.093925 0.443941 0.036287
v -0.091821 0.441606 0.035013
v -0.089722 0.439098 0.033580
v -0.087622 0.436625 0.032179
v -0.085516 0.434405 0.031011
v -0.083396 0.432638 0.030262
v -0.081259 0.431477 0.030073
v -0.079103 0.431003 0.030520
v -0.076928 0.431218 0.031602
v -0.074735 0.432038 0.033244
v -0.072530 0.433311 0.035305
v -0.070318 0.434837 0.037600
v -0.068105 0.436398 0.039926
v -0.065896 0.437786 0.042094
v -0.063697 0.438840 0.043953
v -0.061510 0.439465 0.045414
v -0.059336 0.439644 0.046464
v -0.057172 0.439446 0.047165
v -0.055015 0.439019 0.047655
v -0.057169 0.439538 0.047250
v -0.059318 0.440288 0.047059
v -0.061455 0.441414 0.047215
v -0.063581 0.442985 0.047783
v -0.065694 0.444986 0.048748
v -0.067797 0.447322 0.050022
v -0.069896 0.449829 0.051455
v -0.071996 0.452302 0.052857
v -0.074103 0.454522 0.054024
v -0.076223 0.456289 0.054773
v -0.078359 0.457451 0.054962
v -0.080515 0.457924 0.054516
v -0.082691 0.457710 0.053433
v -0.084883 0.456890 0.051791
v -0.087088 0.455616 0.049730
v -0.089301 0.454090 0.047435
v -0.091514 0.452530 0.045109
v -0.093722 0.451141 0.042941
v -0.095921 0.450087 0.041083
v -0.098108 0.449462 0.039621
v -0.100283 0.449283 0.038572
v -0.102447 0.449481 0.037870
f 2263 2264 2265
f 2263 2265 2264
f 2263 2265 2266
f 2263 2266 2265
f 2263 2266 2267
f 2263 2267 2266
f 2263 2267 2268
f 2263 2268 2267
f 2263 2268 2269
f 2263 2269 2268
f 2263 2269 2270
f 2263 2270 2269
f 2263 2270 2271
f 2263 2271 2270
f 2263 2271 2272
f 2263 2272 2271
f 2263 2272 2273
f 2263 2273 2272
f 2263 2273 2274
f 2263 2274 2273
f 2263 2274 2275
f 2263 2275 2274
f 2263 2275 2276
f 2263 2276 2275
f 2263 2276 2277
f 2263 2277 2276
f 2263 2277 2278
f 2263 2278 2277
f 2263 2278 2279
f 2263 2279 2278
f 2263 2279 2280
f 2263 2280 2279
f 2263 2280 2281
f 2263 2281 2280
f 2263 2281 2282
f 2263 2282 2281
f 2263 2282 2283
f 2263 2283 2282
f 2263 2283 2284
f 2263 2284 2283
f 2263 2284 2285
f 2263 2285 2284
f 2263 2285 2286
f 2263 2286 2285
f 2263 2286 2287
f 2263 2287 2286
f 2263 2287 2288
f 2263 2288 2287
f 2263 2288 2289
f 2263 2289 2288
f 2263 2289 2290
f 2263 2290 2289
f 2263 2290 2291
f 2263 2291 2290
f 2263 2291 2292
f 2263 2292 2291
f 2263 2292 2293
f 2263 2293 2292
f 2263 2293 2294
f 2263 2294 2293
f 2263 2294 2295
f 2263 2295 2294
f 2263 2295 2296
f 2263 2296 2295
f 2263 2296 2297
f 2263 2297 2296
f 2263 2297 2298
f 2263 2298 2297
f 2263 2298 2299
f 2263 2299 2298
f 2263 2299 2300
f 2263 2300 2299
f 2263 2300 2301
f 2263 2301 2300
f 2263 2301 2302
f 2263 2302 2301
f 2263 2302 2303
f 2263 2303 2302
f 2263 2303 2304
f 2263 2304 2303
f 2263 2304 2305
f 2263 2305 2304
f 2263 2305 2306
f 2263 2306 2305
f 2263 2306 2307
f 2263 2307 2306
f 2263 2307 2308
f 2263 2308 2307
o part_66
v -0.078163 0.335129 -0.000235
v -0.077053 0.339186 0.003945
v -0.072115 0.341458 0.006460
v -0.066249 0.341458 0.006696
v -0.061124 0.339186 0.004586
v -0.059682 0.335129 0.000508
v -0.060792 0.331072 -0.003672
v -0.065730 0.328800 -0.006187
v -0.071597 0.328800 -0.006423
v -0.076721 0.331072 -0.004313
v -0.073206 0.385811 -0.049837
v -0.072451 0.388570 -0.046994
v -0.069093 0.390115 -0.045284
v -0.065104 0.390115 -0.045124
v -0.061619 0.388570 -0.046558
v -0.060639 0.385811 -0.049331
v -0.061394 0.383052 -0.052174
v -0.064752 0.381507 -0.053884
v -0.068741 0.381507 -0.054044
v -0.072225 0.383052 -0.052610
f 2309 2310 2320
f 2309 2320 2319
f 2310 2311 2321
f 2310 2321 2320
f 2311 2312 2322
f 2311 2322 2321
f 2312 2313 2323
f 2312 2323 2322
f 2313 2314 2324
f 2313 2324 2323
f 2314 2315 2325
f 2314 2325 2324
f 2315 2316 2326
f 2315 2326 2325
f 2316 2317 2327
f 2316 2327 2326
f 2317 2318 2328
f 2317 2328 2327
f 2318 2309 2319
f 2318 2319 2328
o part_67
v -0.073116 0.385811 -0.048497
v -0.072204 0.389735 -0.048321
v -0.068799 0.391932 -0.048730
v -0.064867 0.391932 -0.049420
v -0.061526 0.389735 -0.050195
v -0.060728 0.385811 -0.050671
v -0.061641 0.381887 -0.050847
v -0.065046 0.379689 -0.050438
v -0.068978 0.379689 -0.049748
v -0.072318 0.381887 -0.048973
v -0.078444 0.389381 -0.090492
v -0.077824 0.392050 -0.090372
v -0.075508 0.393544 -0.090650
v -0.072835 0.393544 -0.091120
v -0.070563 0.392050 -0.091647
v -0.070020 0.389381 -0.091971
v -0.070641 0.386713 -0.092090
v -0.072956 0.385219 -0.091812
v -0.075630 0.385219 -0.091343
v -0.077902 0.386713 -0.090816
f 2329 2330 2340
f 2329 2340 2339
f 2330 2331 2341
f 2330 2341 2340
f 2331 2332 2342
f 2331 2342 2341
f 2332 2333 2343
f 2332 2343 2342
f 2333 2334 2344
f 2333 2344 2343
f 2334 2335 2345
f 2334 2345 2344
f 2335 2336 2346
f 2335 2346 2345
f 2336 2337 2347
f 2336 2347 2346
f 2337 2338 2348
f 2337 2348 2347
f 2338 2329 2339
f 2338 2339 2348
o part_68
v -0.074232 0.389381 -0.091231
v -0.076440 0.389315 -0.089310
v -0.078645 0.389633 -0.087357
v -0.080843 0.390603 -0.085348
v -0.083035 0.392359 -0.083274
v -0.085219 0.394887 -0.081135
v -0.087397 0.398025 -0.078944
v -0.089572 0.401487 -0.076726
v -0.091748 0.404907 -0.074512
v -0.093927 0.407886 -0.072334
v -0.096114 0.410062 -0.070225
v -0.098312 0.411155 -0.068206
v -0.100521 0.411014 -0.066291
v -0.102741 0.409641 -0.064480
v -0.104971 0.407184 -0.062760
v -0.107209 0.403924 -0.061107
v -0.109451 0.400224 -0.059491
v -0.111694 0.396480 -0.057880
v -0.113933 0.393061 -0.056240
v -0.116167 0.390252 -0.054550
v -0.118393 0.388215 -0.052794
v -0.120613 0.386965 -0.050973
v -0.122826 0.386366 -0.049096
v -0.125035 0.386151 -0.047188
v -0.122827 0.386218 -0.049109
v -0.120622 0.385900 -0.051062
v -0.118424 0.384930 -0.053071
v -0.116233 0.383174 -0.055145
v -0.114049 0.380646 -0.057284
v -0.111871 0.377508 -0.059475
v -0.109696 0.374045 -0.061693
v -0.107520 0.370626 -0.063907
v -0.105340 0.367646 -0.066085
v -0.103153 0.365471 -0.068194
v -0.100956 0.364378 -0.070213
v -0.098747 0.364518 -0.072128
v -0.096527 0.365892 -0.073939
v -0.094296 0.368348 -0.075659
v -0.092058 0.371609 -0.077312
v -0.089816 0.375309 -0.078927
v -0.087574 0.379053 -0.080539
v -0.085334 0.382472 -0.082179
v -0.083101 0.385280 -0.083869
v -0.080874 0.387317 -0.085625
v -0.078655 0.388568 -0.087446
v -0.076442 0.389167 -0.089323
f 2349 2350 2351
f 2349 2351 2350
f 2349 2351 2352
f 2349 2352 2351
f 2349 2352 2353
f 2349 2353 2352
f 2349 2353 2354
f 2349 2354 2353
f 2349 2354 2355
f 2349 2355 2354
f 2349 2355 2356
f 2349 2356 2355
f 2349 2356 2357
f 2349 2357 2356
f 2349 2357 2358
f 2349 2358 2357
f 2349 2358 2359
f 2349 2359 2358
f 2349 2359 2360
f 2349 2360 2359
f 2349 2360 2361
f 2349 2361 2360
f 2349 2361 2362
f 2349 2362 2361
f 2349 2362 2363
f 2349 2363 2362
f 2349 2363 2364
f 2349 2364 2363
f 2349 2364 2365
f 2349 2365 2364
f 2349 2365 2366
f 2349 2366 2365
f 2349 2366 2367
f 2349 2367 2366
f 2349 2367 2368
f 2349 2368 2367
f 2349 2368 2369
f 2349 2369 2368
f 2349 2369 2370
f 2349 2370 2369
f 2349 2370 2371
f 2349 2371 2370
f 2349 2371 2372
f 2349 2372 2371
f 2349 2372 2373
f 2349 2373 2372
f 2349 2373 2374
f 2349 2374 2373
f 2349 2374 2375
f 2349 2375 2374
f 2349 2375 2376
f 2349 2376 2375
f 2349 2376 2377
f 2349 2377 2376
f 2349 2377 2378
f 2349 2378 2377
f 2349 2378 2379
f 2349 2379 2378
f 2349 2379 2380
f 2349 2380 2379
f 2349 2380 2381
f 2349 2381 2380
f 2349 2381 2382
f 2349 2382 2381
f 2349 2382 2383
f 2349 2383 2382
f 2349 2383 2384
f 2349 2384 2383
f 2349 2384 2385
f 2349 2385 2384
f 2349 2385 2386
f 2349 2386 2385
f 2349 2386 2387
f 2349 2387 2386
f 2349 2387 2388
f 2349 2388 2387
f 2349 2388 2389
f 2349 2389 2388
f 2349 2389 2390
f 2349 2390 2389
f 2349 2390 2391
f 2349 2391 2390
f 2349 2391 2392
f 2349 2392 2391
f 2349 2392 2393
f 2349 2393 2392
f 2349 2393 2394
f 2349 2394 2393
o part_69
v -0.074232 0.389381 -0.091231
v -0.072558 0.388398 -0.090555
v -0.071092 0.386860 -0.089889
v -0.069806 0.384841 -0.089233
v -0.068664 0.382442 -0.088585
v -0.067616 0.379791 -0.087941
v -0.066608 0.377034 -0.087300
v -0.065583 0.374322 -0.086658
v -0.064485 0.371803 -0.086012
v -0.063265 0.369611 -0.085359
v -0.061880 0.367856 -0.084698
v -0.060302 0.366616 -0.084026
v -0.058515 0.365932 -0.083344
v -0.056520 0.365802 -0.082651
v -0.054332 0.366188 -0.081947
v -0.051979 0.367011 -0.081235
v -0.049503 0.368161 -0.080516
v -0.046955 0.369504 -0.079793
v -0.044390 0.370892 -0.079070
v -0.041865 0.372174 -0.078348
v -0.039434 0.373204 -0.077632
v -0.037146 0.373854 -0.076923
v -0.035039 0.374023 -0.076224
v -0.033140 0.373637 -0.075536
v -0.034815 0.374620 -0.076212
v -0.036281 0.376157 -0.076878
v -0.037566 0.378177 -0.077534
v -0.038709 0.380576 -0.078182
v -0.039757 0.383226 -0.078825
v -0.040765 0.385984 -0.079467
v -0.041790 0.388696 -0.080109
v -0.042888 0.391215 -0.080755
v -0.044108 0.393407 -0.081408
v -0.045493 0.395162 -0.082069
v -0.047071 0.396402 -0.082740
v -0.048858 0.397086 -0.083423
v -0.050853 0.397215 -0.084116
v -0.053041 0.396830 -0.084820
v -0.055394 0.396007 -0.085532
v -0.057870 0.394857 -0.086251
v -0.060418 0.393514 -0.086973
v -0.062983 0.392126 -0.087697
v -0.065508 0.390844 -0.088418
v -0.067939 0.389814 -0.089135
v -0.070227 0.389164 -0.089844
v -0.072334 0.388995 -0.090543
f 2395 2396 2397
f 2395 2397 2396
f 2395 2397 2398
f 2395 2398 2397
f 2395 2398 2399
f 2395 2399 2398
f 2395 2399 2400
f 2395 2400 2399
f 2395 2400 2401
f 2395 2401 2400
f 2395 2401 2402
f 2395 2402 2401
f 2395 2402 2403
f 2395 2403 2402
f 2395 2403 2404
f 2395 2404 2403
f 2395 2404 2405
f 2395 2405 2404
f 2395 2405 2406
f 2395 2406 2405
f 2395 2406 2407
f 2395 2407 2406
f 2395 2407 2408
f 2395 2408 2407
f 2395 2408 2409
f 2395 2409 2408
f 2395 2409 2410
f 2395 2410 2409
f 2395 2410 2411
f 2395 2411 2410
f 2395 2411 2412
f 2395 2412 2411
f 2395 2412 2413
f 2395 2413 2412
f 2395 2413 2414
f 2395 2414 2413
f 2395 2414 2415
f 2395 2415 2414
f 2395 2415 2416
f 2395 2416 2415
f 2395 2416 2417
f 2395 2417 2416
f 2395 2417 2418
f 2395 2418 2417
f 2395 2418 2419
f 2395 2419 2418
f 2395 2419 2420
f 2395 2420 2419
f 2395 2420 2421
f 2395 2421 2420
f 2395 2421 2422
f 2395 2422 2421
f 2395 2422 2423
f 2395 2423 2422
f 2395 2423 2424
f 2395 2424 2423
f 2395 2424 2425
f 2395 2425 2424
f 2395 2425 2426
f 2395 2426 2425
f 2395 2426 2427
f 2395 2427 2426
f 2395 2427 2428
f 2395 2428 2427
f 2395 2428 2429
f 2395 2429 2428
f 2395 2429 2430
f 2395 2430 2429
f 2395 2430 2431
f 2395 2431 2430
f 2395 2431 2432
f 2395 2432 2431
f 2395 2432 2433
f 2395 2433 2432
f 2395 2433 2434
f 2395 2434 2433
f 2395 2434 2435
f 2395 2435 2434
f 2395 2435 2436
f 2395 2436 2435
f 2395 2436 2437
f 2395 2437 2436
f 2395 2437 2438
f 2395 2438 2437
f 2395 2438 2439
f 2395 2439 2438
f 2395 2439 2440
f 2395 2440 2439
o part_70
v -0.078284 0.389381 -0.089864
v -0.078403 0.391014 -0.092064
v -0.076577 0.391928 -0.093935
v -0.074005 0.391928 -0.094803
v -0.071419 0.391014 -0.094421
v -0.070180 0.389381 -0.092598
v -0.070061 0.387749 -0.090398
v -0.071888 0.386835 -0.088527
v -0.074460 0.386835 -0.087660
v -0.077046 0.387749 -0.088042
v -0.081544 0.370848 -0.103806
v -0.081625 0.371958 -0.105302
v -0.080383 0.372579 -0.106574
v -0.078634 0.372579 -0.107165
v -0.076875 0.371958 -0.106905
v -0.076034 0.370848 -0.105665
v -0.075953 0.369738 -0.104169
v -0.077194 0.369116 -0.102897
v -0.078943 0.369116 -0.102307
v -0.080702 0.369738 -0.102567
f 2441 2442 2452
f 2441 2452 2451
f 2442 2443 2453
f 2442 2453 2452
f 2443 2444 2454
f 2443 2454 2453
f 2444 2445 2455
f 2444 2455 2454
f 2445 2446 2456
f 2445 2456 2455
f 2446 2447 2457
f 2446 2457 2456
f 2447 2448 2458
f 2447 2458 2457
f 2448 2449 2459
f 2448 2459 2458
f 2449 2450 2460
f 2449 2460 2459
f 2450 2441 2451
f 2450 2451 2460
o part_71
v -0.078789 0.370848 -0.104736
v -0.080735 0.371240 -0.102990
v -0.082994 0.371972 -0.101605
v -0.085619 0.373100 -0.100640
v -0.088593 0.374604 -0.100074
v -0.091846 0.376412 -0.099830
v -0.095272 0.378407 -0.099784
v -0.098740 0.380447 -0.099786
v -0.102106 0.382377 -0.099672
v -0.105234 0.384049 -0.099284
v -0.108006 0.385335 -0.098487
v -0.110334 0.386142 -0.097181
v -0.112175 0.386421 -0.095315
v -0.113528 0.386172 -0.092889
v -0.114439 0.385443 -0.089954
v -0.114992 0.384328 -0.086610
v -0.115308 0.382956 -0.082993
v -0.115522 0.381474 -0.079259
v -0.115778 0.380036 -0.075572
v -0.116206 0.378786 -0.072084
v -0.116915 0.377839 -0.068918
v -0.117971 0.377269 -0.066152
v -0.119394 0.377094 -0.063805
v -0.121130 0.377259 -0.061819
v -0.119184 0.376867 -0.063564
v -0.116924 0.376135 -0.064949
v -0.114299 0.375008 -0.065915
v -0.111326 0.373503 -0.066480
v -0.108073 0.371695 -0.066725
v -0.104646 0.369700 -0.066770
v -0.101179 0.367660 -0.066768
v -0.097812 0.365730 -0.066882
v -0.094685 0.364058 -0.067270
v -0.091913 0.362772 -0.068068
v -0.089584 0.361965 -0.069373
v -0.087743 0.361686 -0.071239
v -0.086390 0.361935 -0.073666
v -0.085480 0.362664 -0.076600
v -0.084926 0.363779 -0.079944
v -0.084611 0.365151 -0.083562
v -0.084396 0.366634 -0.087296
v -0.084141 0.368071 -0.090982
v -0.083712 0.369321 -0.094470
v -0.083004 0.370268 -0.097636
v -0.081947 0.370839 -0.100403
v -0.080525 0.371013 -0.102749
f 2461 2462 2463
f 2461 2463 2462
f 2461 2463 2464
f 2461 2464 2463
f 2461 2464 2465
f 2461 2465 2464
f 2461 2465 2466
f 2461 2466 2465
f 2461 2466 2467
f 2461 2467 2466
f 2461 2467 2468
f 2461 2468 2467
f 2461 2468 2469
f 2461 2469 2468
f 2461 2469 2470
f 2461 2470 2469
f 2461 2470 2471
f 2461 2471 2470
f 2461 2471 2472
f 2461 2472 2471
f 2461 2472 2473
f 2461 2473 2472
f 2461 2473 2474
f 2461 2474 2473
f 2461 2474 2475
f 2461 2475 2474
f 2461 2475 2476
f 2461 2476 2475
f 2461 2476 2477
f 2461 2477 2476
f 2461 2477 2478
f 2461 2478 2477
f 2461 2478 2479
f 2461 2479 2478
f 2461 2479 2480
f 2461 2480 2479
f 2461 2480 2481
f 2461 2481 2480
f 2461 2481 2482
f 2461 2482 2481
f 2461 2482 2483
f 2461 2483 2482
f 2461 2483 2484
f 2461 2484 2483
f 2461 2484 2485
f 2461 2485 2484
f 2461 2485 2486
f 2461 2486 2485
f 2461 2486 2487
f 2461 2487 2486
f 2461 2487 2488
f 2461 2488 2487
f 2461 2488 2489
f 2461 2489 2488
f 2461 2489 2490
f 2461 2490 2489
f 2461 2490 2491
f 2461 2491 2490
f 2461 2491 2492
f 2461 2492 2491
f 2461 2492 2493
f 2461 2493 2492
f 2461 2493 2494
f 2461 2494 2493
f 2461 2494 2495
f 2461 2495 2494
f 2461 2495 2496
f 2461 2496 2495
f 2461 2496 2497
f 2461 2497 2496
f 2461 2497 2498
f 2461 2498 2497
f 2461 2498 2499
f 2461 2499 2498
f 2461 2499 2500
f 2461 2500 2499
f 2461 2500 2501
f 2461 2501 2500
f 2461 2501 2502
f 2461 2502 2501
f 2461 2502 2503
f 2461 2503 2502
f 2461 2503 2504
f 2461 2504 2503
f 2461 2504 2505
f 2461 2505 2504
f 2461 2505 2506
f 2461 2506 2505
o part_72
v -0.077020 0.389381 -0.087989
v -0.075396 0.391503 -0.087371
v -0.073184 0.392691 -0.088540
v -0.071414 0.392691 -0.090598
v -0.070590 0.391503 -0.092961
v -0.071444 0.389381 -0.094474
v -0.073069 0.387260 -0.095091
v -0.075280 0.386072 -0.093922
v -0.077050 0.386072 -0.091864
v -0.077874 0.387260 -0.089502
v -0.090231 0.403707 -0.101152
v -0.089126 0.405150 -0.100732
v -0.087622 0.405958 -0.101526
v -0.086419 0.405958 -0.102926
v -0.085858 0.405150 -0.104532
v -0.086439 0.403707 -0.105561
v -0.087543 0.402265 -0.105981
v -0.089047 0.401457 -0.105187
v -0.090251 0.401457 -0.103787
v -0.090811 0.402265 -0.102181
f 2507 2508 2518
f 2507 2518 2517
f 2508 2509 2519
f 2508 2519 2518
f 2509 2510 2520
f 2509 2520 2519
f 2510 2511 2521
f 2510 2521 2520
f 2511 2512 2522
f 2511 2522 2521
f 2512 2513 2523
f 2512 2523 2522
f 2513 2514 2524
f 2513 2524 2523
f 2514 2515 2525
f 2514 2525 2524
f 2515 2516 2526
f 2515 2526 2525
f 2516 2507 2517
f 2516 2517 2526
o part_73
v -0.088335 0.403707 -0.103356
v -0.089322 0.402264 -0.101171
v -0.090238 0.401060 -0.098787
v -0.091020 0.400296 -0.096038
v -0.091631 0.400096 -0.092821
v -0.092067 0.400476 -0.089123
v -0.092357 0.401336 -0.085026
v -0.092563 0.402476 -0.080698
v -0.092768 0.403619 -0.076367
v -0.093064 0.404460 -0.072286
v -0.093538 0.404715 -0.068692
v -0.094257 0.404160 -0.065768
v -0.095257 0.402677 -0.063616
v -0.096537 0.400265 -0.062234
v -0.098063 0.397044 -0.061523
v -0.099766 0.393236 -0.061299
v -0.101560 0.389127 -0.061326
v -0.103353 0.385021 -0.061349
v -0.105062 0.381194 -0.061141
v -0.106625 0.377848 -0.060534
v -0.108013 0.375081 -0.059446
v -0.109231 0.372878 -0.057890
v -0.110314 0.371117 -0.055969
v -0.111326 0.369594 -0.053850
v -0.110339 0.371037 -0.056035
v -0.109423 0.372242 -0.058419
v -0.108641 0.373005 -0.061168
v -0.108030 0.373205 -0.064385
v -0.107594 0.372825 -0.068083
v -0.107304 0.371965 -0.072180
v -0.107098 0.370825 -0.076508
v -0.106893 0.369682 -0.080839
v -0.106597 0.368841 -0.084921
v -0.106123 0.368587 -0.088514
v -0.105404 0.369141 -0.091438
v -0.104404 0.370624 -0.093590
v -0.103124 0.373036 -0.094972
v -0.101598 0.376257 -0.095683
v -0.099895 0.380065 -0.095907
v -0.098101 0.384174 -0.095881
v -0.096308 0.388280 -0.095857
v -0.094599 0.392107 -0.096065
v -0.093036 0.395453 -0.096672
v -0.091648 0.398220 -0.097760
v -0.090430 0.400423 -0.099316
v -0.089347 0.402184 -0.101237
f 2527 2528 2529
f 2527 2529 2528
f 2527 2529 2530
f 2527 2530 2529
f 2527 2530 2531
f 2527 2531 2530
f 2527 2531 2532
f 2527 2532 2531
f 2527 2532 2533
f 2527 2533 2532
f 2527 2533 2534
f 2527 2534 2533
f 2527 2534 2535
f 2527 2535 2534
f 2527 2535 2536
f 2527 2536 2535
f 2527 2536 2537
f 2527 2537 2536
f 2527 2537 2538
f 2527 2538 2537
f 2527 2538 2539
f 2527 2539 2538
f 2527 2539 2540
f 2527 2540 2539
f 2527 2540 2541
f 2527 2541 2540
f 2527 2541 2542
f 2527 2542 2541
f 2527 2542 2543
f 2527 2543 2542
f 2527 2543 2544
f 2527 2544 2543
f 2527 2544 2545
f 2527 2545 2544
f 2527 2545 2546
f 2527 2546 2545
f 2527 2546 2547
f 2527 2547 2546
f 2527 2547 2548
f 2527 2548 2547
f 2527 2548 2549
f 2527 2549 2548
f 2527 2549 2550
f 2527 2550 2549
f 2527 2550 2551
f 2527 2551 2550
f 2527 2551 2552
f 2527 2552 2551
f 2527 2552 2553
f 2527 2553 2552
f 2527 2553 2554
f 2527 2554 2553
f 2527 2554 2555
f 2527 2555 2554
f 2527 2555 2556
f 2527 2556 2555
f 2527 2556 2557
f 2527 2557 2556
f 2527 2557 2558
f 2527 2558 2557
f 2527 2558 2559
f 2527 2559 2558
f 2527 2559 2560
f 2527 2560 2559
f 2527 2560 2561
f 2527 2561 2560
f 2527 2561 2562
f 2527 2562 2561
f 2527 2562 2563
f 2527 2563 2562
f 2527 2563 2564
f 2527 2564 2563
f 2527 2564 2565
f 2527 2565 2564
f 2527 2565 2566
f 2527 2566 2565
f 2527 2566 2567
f 2527 2567 2566
f 2527 2567 2568
f 2527 2568 2567
f 2527 2568 2569
f 2527 2569 2568
f 2527 2569 2570
f 2527 2570 2569
f 2527 2570 2571
f 2527 2571 2570
f 2527 2571 2572
f 2527 2572 2571
o part_74
v -0.077625 0.389381 -0.093835
v -0.077826 0.391823 -0.092603
v -0.076353 0.393190 -0.090697
v -0.074200 0.393190 -0.089044
v -0.071978 0.391823 -0.088115
v -0.070840 0.389381 -0.088628
v -0.070639 0.386940 -0.089859
v -0.072111 0.385572 -0.091766
v -0.074265 0.385572 -0.093418
v -0.076487 0.386940 -0.094348
v -0.062007 0.400130 -0.111936
v -0.062144 0.401790 -0.111099
v -0.061143 0.402720 -0.109803
v -0.059678 0.402720 -0.108679
v -0.058167 0.401790 -0.108047
v -0.057393 0.400130 -0.108396
v -0.057257 0.398469 -0.109233
v -0.058258 0.397540 -0.110529
v -0.059722 0.397540 -0.111653
v -0.061233 0.398469 -0.112285
f 2573 2574 2584
f 2573 2584 2583
f 2574 2575 2585
f 2574 2585 2584
f 2575 2576 2586
f 2575 2586 2585
f 2576 2577 2587
f 2576 2587 2586
f 2577 2578 2588
f 2577 2588 2587
f 2578 2579 2589
f 2578 2589 2588
f 2579 2580 2590
f 2579 2590 2589
f 2580 2581 2591
f 2580 2591 2590
f 2581 2582 2592
f 2581 2592 2591
f 2582 2573 2583
f 2582 2583 2592
o part_75
v -0.059700 0.400130 -0.110166
v -0.061771 0.400290 -0.110244
v -0.063835 0.400604 -0.110230
v -0.065885 0.401250 -0.110017
v -0.067917 0.402365 -0.109524
v -0.069927 0.403999 -0.108719
v -0.071918 0.406097 -0.107636
v -0.073897 0.408498 -0.106373
v -0.075874 0.410955 -0.105075
v -0.077860 0.413182 -0.103915
v -0.079867 0.414900 -0.103060
v -0.081904 0.415889 -0.102642
v -0.083975 0.416027 -0.102733
v -0.086081 0.415316 -0.103333
v -0.088217 0.413876 -0.104370
v -0.090373 0.411926 -0.105711
v -0.092538 0.409747 -0.107191
v -0.094702 0.407624 -0.108636
v -0.096853 0.405804 -0.109901
v -0.098985 0.404447 -0.110887
v -0.101096 0.403610 -0.111562
v -0.103188 0.403241 -0.111957
v -0.105266 0.403205 -0.112153
v -0.107338 0.403323 -0.112257
v -0.105268 0.403163 -0.112178
v -0.103204 0.402849 -0.112192
v -0.101153 0.402202 -0.112405
v -0.099122 0.401088 -0.112899
v -0.097112 0.399453 -0.113704
v -0.095120 0.397355 -0.114786
v -0.093141 0.394955 -0.116050
v -0.091164 0.392498 -0.117348
v -0.089178 0.390271 -0.118507
v -0.087171 0.388553 -0.119362
v -0.085135 0.387564 -0.119781
v -0.083063 0.387425 -0.119690
v -0.080958 0.388136 -0.119090
v -0.078822 0.389577 -0.118053
v -0.076666 0.391526 -0.116711
v -0.074500 0.393705 -0.115232
v -0.072337 0.395828 -0.113787
v -0.070186 0.397649 -0.112522
v -0.068054 0.399006 -0.111535
v -0.065943 0.399843 -0.110860
v -0.063851 0.400211 -0.110465
v -0.061772 0.400248 -0.110269
f 2593 2594 2595
f 2593 2595 2594
f 2593 2595 2596
f 2593 2596 2595
f 2593 2596 2597
f 2593 2597 2596
f 2593 2597 2598
f 2593 2598 2597
f 2593 2598 2599
f 2593 2599 2598
f 2593 2599 2600
f 2593 2600 2599
f 2593 2600 2601
f 2593 2601 2600
f 2593 2601 2602
f 2593 2602 2601
f 2593 2602 2603
f 2593 2603 2602
f 2593 2603 2604
f 2593 2604 2603
f 2593 2604 2605
f 2593 2605 2604
f 2593 2605 2606
f 2593 2606 2605
f 2593 2606 2607
f 2593 2607 2606
f 2593 2607 2608
f 2593 2608 2607
f 2593 2608 2609
f 2593 2609 2608
f 2593 2609 2610
f 2593 2610 2609
f 2593 2610 2611
f 2593 2611 2610
f 2593 2611 2612
f 2593 2612 2611
f 2593 2612 2613
f 2593 2613 2612
f 2593 2613 2614
f 2593 2614 2613
f 2593 2614 2615
f 2593 2615 2614
f 2593 2615 2616
f 2593 2616 2615
f 2593 2616 2617
f 2593 2617 2616
f 2593 2617 2618
f 2593 2618 2617
f 2593 2618 2619
f 2593 2619 2618
f 2593 2619 2620
f 2593 2620 2619
f 2593 2620 2621
f 2593 2621 2620
f 2593 2621 2622
f 2593 2622 2621
f 2593 2622 2623
f 2593 2623 2622
f 2593 2623 2624
f 2593 2624 2623
f 2593 2624 2625
f 2593 2625 2624
f 2593 2625 2626
f 2593 2626 2625
f 2593 2626 2627
f 2593 2627 2626
f 2593 2627 2628
f 2593 2628 2627
f 2593 2628 2629
f 2593 2629 2628
f 2593 2629 2630
f 2593 2630 2629
f 2593 2630 2631
f 2593 2631 2630
f 2593 2631 2632
f 2593 2632 2631
f 2593 2632 2633
f 2593 2633 2632
f 2593 2633 2634
f 2593 2634 2633
f 2593 2634 2635
f 2593 2635 2634
f 2593 2635 2636
f 2593 2636 2635
f 2593 2636 2637
f 2593 2637 2636
f 2593 2637 2638
f 2593 2638 2637
o part_76
v -0.068805 0.385811 -0.043584
v -0.065328 0.387846 -0.043403
v -0.062502 0.388986 -0.046105
v -0.061307 0.388986 -0.049914
v -0.062083 0.387846 -0.053746
v -0.065039 0.385811 -0.055584
v -0.068516 0.383775 -0.055765
v -0.071343 0.382636 -0.053063
v -0.072538 0.382636 -0.049254
v -0.071762 0.383775 -0.045422
v -0.086943 0.418345 -0.051384
v -0.084579 0.419729 -0.051262
v -0.082657 0.420504 -0.053099
v -0.081844 0.420504 -0.055689
v -0.082372 0.419729 -0.058295
v -0.084382 0.418345 -0.059545
v -0.086746 0.416961 -0.059668
v -0.088668 0.416186 -0.057830
v -0.089481 0.416186 -0.055240
v -0.088953 0.416961 -0.052634
f 2639 2640 2650
f 2639 2650 2649
f 2640 2641 2651
f 2640 2651 2650
f 2641 2642 2652
f 2641 2652 2651
f 2642 2643 2653
f 2642 2653 2652
f 2643 2644 2654
f 2643 2654 2653
f 2644 2645 2655
f 2644 2655 2654
f 2645 2646 2656
f 2645 2656 2655
f 2646 2647 2657
f 2646 2657 2656
f 2647 2648 2658
f 2647 2658 2657
f 2648 2639 2649
f 2648 2649 2658
o part_77
v -0.085663 0.418345 -0.055465
v -0.086139 0.417271 -0.053736
v -0.086302 0.416426 -0.051734
v -0.086109 0.415844 -0.049419
v -0.085581 0.415507 -0.046810
v -0.084788 0.415365 -0.043969
v -0.083835 0.415341 -0.040987
v -0.082848 0.415342 -0.037975
v -0.081963 0.415268 -0.035053
v -0.081310 0.415023 -0.032335
v -0.081002 0.414525 -0.029919
v -0.081119 0.413715 -0.027875
v -0.081703 0.412561 -0.026243
v -0.082756 0.411063 -0.025020
v -0.084234 0.409253 -0.024171
v -0.086056 0.407191 -0.023623
v -0.088110 0.404957 -0.023280
v -0.090267 0.402649 -0.023026
v -0.092390 0.400365 -0.022742
v -0.094352 0.398199 -0.022318
v -0.096049 0.396228 -0.021661
v -0.097412 0.394503 -0.020710
v -0.098418 0.393040 -0.019447
v -0.099111 0.391806 -0.017910
v -0.098635 0.392880 -0.019638
v -0.098472 0.393724 -0.021640
v -0.098665 0.394307 -0.023956
v -0.099193 0.394643 -0.026564
v -0.099986 0.394785 -0.029405
v -0.100939 0.394809 -0.032388
v -0.101926 0.394809 -0.035399
v -0.102811 0.394883 -0.038321
v -0.103463 0.395128 -0.041039
v -0.103772 0.395626 -0.043456
v -0.103655 0.396436 -0.045499
v -0.103070 0.397590 -0.047132
v -0.102018 0.399087 -0.048354
v -0.100540 0.400897 -0.049203
v -0.098718 0.402960 -0.049751
v -0.096664 0.405193 -0.050095
v -0.094507 0.407502 -0.050349
v -0.092384 0.409786 -0.050632
v -0.090422 0.411951 -0.051056
v -0.088725 0.413922 -0.051714
v -0.087362 0.415648 -0.052664
v -0.086356 0.417111 -0.053927
f 2659 2660 2661
f 2659 2661 2660
f 2659 2661 2662
f 2659 2662 2661
f 2659 2662 2663
f 2659 2663 2662
f 2659 2663 2664
f 2659 2664 2663
f 2659 2664 2665
f 2659 2665 2664
f 2659 2665 2666
f 2659 2666 2665
f 2659 2666 2667
f 2659 2667 2666
f 2659 2667 2668
f 2659 2668 2667
f 2659 2668 2669
f 2659 2669 2668
f 2659 2669 2670
f 2659 2670 2669
f 2659 2670 2671
f 2659 2671 2670
f 2659 2671 2672
f 2659 2672 2671
f 2659 2672 2673
f 2659 2673 2672
f 2659 2673 2674
f 2659 2674 2673
f 2659 2674 2675
f 2659 2675 2674
f 2659 2675 2676
f 2659 2676 2675
f 2659 2676 2677
f 2659 2677 2676
f 2659 2677 2678
f 2659 2678 2677
f 2659 2678 2679
f 2659 2679 2678
f 2659 2679 2680
f 2659 2680 2679
f 2659 2680 2681
f 2659 2681 2680
f 2659 2681 2682
f 2659 2682 2681
f 2659 2682 2683
f 2659 2683 2682
f 2659 2683 2684
f 2659 2684 2683
f 2659 2684 2685
f 2659 2685 2684
f 2659 2685 2686
f 2659 2686 2685
f 2659 2686 2687
f 2659 2687 2686
f 2659 2687 2688
f 2659 2688 2687
f 2659 2688 2689
f 2659 2689 2688
f 2659 2689 2690
f 2659 2690 2689
f 2659 2690 2691
f 2659 2691 2690
f 2659 2691 2692
f 2659 2692 2691
f 2659 2692 2693
f 2659 2693 2692
f 2659 2693 2694
f 2659 2694 2693
f 2659 2694 2695
f 2659 2695 2694
f 2659 2695 2696
f 2659 2696 2695
f 2659 2696 2697
f 2659 2697 2696
f 2659 2697 2698
f 2659 2698 2697
f 2659 2698 2699
f 2659 2699 2698
f 2659 2699 2700
f 2659 2700 2699
f 2659 2700 2701
f 2659 2701 2700
f 2659 2701 2702
f 2659 2702 2701
f 2659 2702 2703
f 2659 2703 2702
f 2659 2703 2704
f 2659 2704 2703
o part_78
v -0.086766 0.418345 -0.051333
v -0.085351 0.420682 -0.051567
v -0.084044 0.421992 -0.053627
v -0.083344 0.421992 -0.056250
v -0.083450 0.420682 -0.058689
v -0.084559 0.418345 -0.059596
v -0.085974 0.416007 -0.059363
v -0.087281 0.414698 -0.057302
v -0.087982 0.414698 -0.054679
v -0.087875 0.416007 -0.052241
v -0.103345 0.428138 -0.057177
v -0.102384 0.429728 -0.057335
v -0.101495 0.430618 -0.058737
v -0.101018 0.430618 -0.060520
v -0.101090 0.429728 -0.062178
v -0.101845 0.428138 -0.062796
v -0.102807 0.426549 -0.062637
v -0.103696 0.425659 -0.061235
v -0.104172 0.425659 -0.059452
v -0.104100 0.426549 -0.057794
f 2705 2706 2716
f 2705 2716 2715
f 2706 2707 2717
f 2706 2717 2716
f 2707 2708 2718
f 2707 2718 2717
f 2708 2709 2719
f 2708 2719 2718
f 2709 2710 2720
f 2709 2720 2719
f 2710 2711 2721
f 2710 2721 2720
f 2711 2712 2722
f 2711 2722 2721
f 2712 2713 2723
f 2712 2723 2722
f 2713 2714 2724
f 2713 2724 2723
f 2714 2705 2715
f 2714 2715 2724
o part_79
v -0.102595 0.428138 -0.059986
v -0.102509 0.427715 -0.058101
v -0.102205 0.427739 -0.056060
v -0.101695 0.428190 -0.053869
v -0.101011 0.428999 -0.051552
v -0.100205 0.430062 -0.049147
v -0.099336 0.431252 -0.046698
v -0.098474 0.432428 -0.044253
v -0.097687 0.433450 -0.041862
v -0.097037 0.434189 -0.039570
v -0.096577 0.434537 -0.037415
v -0.096344 0.434416 -0.035424
v -0.096357 0.433788 -0.033611
v -0.096617 0.432651 -0.031976
v -0.097103 0.431046 -0.030505
v -0.097779 0.429050 -0.029171
v -0.098593 0.426771 -0.027936
v -0.099481 0.424338 -0.026756
v -0.100376 0.421891 -0.025579
v -0.101209 0.419571 -0.024359
v -0.101919 0.417505 -0.023049
v -0.102456 0.415797 -0.021614
v -0.102785 0.414516 -0.020030
v -0.102898 0.413682 -0.018289
v -0.102985 0.414105 -0.020174
v -0.103288 0.414081 -0.022215
v -0.103798 0.413630 -0.024406
v -0.104482 0.412821 -0.026723
v -0.105289 0.411758 -0.029128
v -0.106157 0.410569 -0.031578
v -0.107019 0.409393 -0.034023
v -0.107806 0.408371 -0.036414
v -0.108456 0.407632 -0.038705
v -0.108916 0.407284 -0.040860
v -0.109149 0.407404 -0.042851
v -0.109136 0.408033 -0.044664
v -0.108877 0.409170 -0.046299
v -0.108390 0.410774 -0.047770
v -0.107714 0.412770 -0.049104
v -0.106900 0.415050 -0.050339
v -0.106012 0.417483 -0.051520
v -0.105118 0.419929 -0.052696
v -0.104284 0.422249 -0.053916
v -0.103574 0.424315 -0.055226
v -0.103038 0.426023 -0.056661
v -0.102708 0.427304 -0.058245
f 2725 2726 2727
f 2725 2727 2726
f 2725 2727 2728
f 2725 2728 2727
f 2725 2728 2729
f 2725 2729 2728
f 2725 2729 2730
f 2725 2730 2729
f 2725 2730 2731
f 2725 2731 2730
f 2725 2731 2732
f 2725 2732 2731
f 2725 2732 2733
f 2725 2733 2732
f 2725 2733 2734
f 2725 2734 2733
f 2725 2734 2735
f 2725 2735 2734
f 2725 2735 2736
f 2725 2736 2735
f 2725 2736 2737
f 2725 2737 2736
f 2725 2737 2738
f 2725 2738 2737
f 2725 2738 2739
f 2725 2739 2738
f 2725 2739 2740
f 2725 2740 2739
f 2725 2740 2741
f 2725 2741 2740
f 2725 2741 2742
f 2725 2742 2741
f 2725 2742 2743
f 2725 2743 2742
f 2725 2743 2744
f 2725 2744 2743
f 2725 2744 2745
f 2725 2745 2744
f 2725 2745 2746
f 2725 2746 2745
f 2725 2746 2747
f 2725 2747 2746
f 2725 2747 2748
f 2725 2748 2747
f 2725 2748 2749
f 2725 2749 2748
f 2725 2749 2750
f 2725 2750 2749
f 2725 2750 2751
f 2725 2751 2750
f 2725 2751 2752
f 2725 2752 2751
f 2725 2752 2753
f 2725 2753 2752
f 2725 2753 2754
f 2725 2754 2753
f 2725 2754 2755
f 2725 2755 2754
f 2725 2755 2756
f 2725 2756 2755
f 2725 2756 2757
f 2725 2757 2756
f 2725 2757 2758
f 2725 2758 2757
f 2725 2758 2759
f 2725 2759 2758
f 2725 2759 2760
f 2725 2760 2759
f 2725 2760 2761
f 2725 2761 2760
f 2725 2761 2762
f 2725 2762 2761
f 2725 2762 2763
f 2725 2763 2762
f 2725 2763 2764
f 2725 2764 2763
f 2725 2764 2765
f 2725 2765 2764
f 2725 2765 2766
f 2725 2766 2765
f 2725 2766 2767
f 2725 2767 2766
f 2725 2767 2768
f 2725 2768 2767
f 2725 2768 2769
f 2725 2769 2768
f 2725 2769 2770
f 2725 2770 2769
o part_80
v -0.102595 0.428138 -0.059986
v -0.100497 0.427996 -0.061714
v -0.098488 0.427654 -0.063538
v -0.096671 0.426887 -0.065568
v -0.095121 0.425523 -0.067889
v -0.093868 0.423497 -0.070531
v -0.092879 0.420883 -0.073458
v -0.092062 0.417887 -0.076570
v -0.091275 0.414822 -0.079716
v -0.090357 0.412052 -0.082719
v -0.089147 0.409930 -0.085407
v -0.087521 0.408735 -0.087645
v -0.085411 0.408620 -0.089360
v -0.082816 0.409585 -0.090550
v -0.079805 0.411476 -0.091290
v -0.076503 0.414016 -0.091716
v -0.073069 0.416851 -0.091999
v -0.069666 0.419616 -0.092316
v -0.066434 0.422000 -0.092817
v -0.063466 0.423795 -0.093604
v -0.060795 0.424929 -0.094712
v -0.058392 0.425466 -0.096110
v -0.056180 0.425577 -0.097715
v -0.054058 0.425489 -0.099416
v -0.056156 0.425632 -0.097689
v -0.058164 0.425973 -0.095864
v -0.059982 0.426740 -0.093834
v -0.061532 0.428105 -0.091513
v -0.062785 0.430131 -0.088871
v -0.063773 0.432745 -0.085944
v -0.064591 0.435740 -0.082832
v -0.065378 0.438805 -0.079686
v -0.066296 0.441576 -0.076684
v -0.067506 0.443698 -0.073995
v -0.069132 0.444893 -0.071757
v -0.071242 0.445008 -0.070043
v -0.073837 0.444043 -0.068852
v -0.076848 0.442151 -0.068112
v -0.080150 0.439612 -0.067686
v -0.083584 0.436777 -0.067403
v -0.086987 0.434012 -0.067087
v -0.090219 0.431628 -0.066585
v -0.093187 0.429833 -0.065798
v -0.095858 0.428698 -0.064690
v -0.098261 0.428162 -0.063292
v -0.100473 0.428050 -0.061687
f 2771 2772 2773
f 2771 2773 2772
f 2771 2773 2774
f 2771 2774 2773
f 2771 2774 2775
f 2771 2775 2774
f 2771 2775 2776
f 2771 2776 2775
f 2771 2776 2777
f 2771 2777 2776
f 2771 2777 2778
f 2771 2778 2777
f 2771 2778 2779
f 2771 2779 2778
f 2771 2779 2780
f 2771 2780 2779
f 2771 2780 2781
f 2771 2781 2780
f 2771 2781 2782
f 2771 2782 2781
f 2771 2782 2783
f 2771 2783 2782
f 2771 2783 2784
f 2771 2784 2783
f 2771 2784 2785
f 2771 2785 2784
f 2771 2785 2786
f 2771 2786 2785
f 2771 2786 2787
f 2771 2787 2786
f 2771 2787 2788
f 2771 2788 2787
f 2771 2788 2789
f 2771 2789 2788
f 2771 2789 2790
f 2771 2790 2789
f 2771 2790 2791
f 2771 2791 2790
f 2771 2791 2792
f 2771 2792 2791
f 2771 2792 2793
f 2771 2793 2792
f 2771 2793 2794
f 2771 2794 2793
f 2771 2794 2795
f 2771 2795 2794
f 2771 2795 2796
f 2771 2796 2795
f 2771 2796 2797
f 2771 2797 2796
f 2771 2797 2798
f 2771 2798 2797
f 2771 2798 2799
f 2771 2799 2798
f 2771 2799 2800
f 2771 2800 2799
f 2771 2800 2801
f 2771 2801 2800
f 2771 2801 2802
f 2771 2802 2801
f 2771 2802 2803
f 2771 2803 2802
f 2771 2803 2804
f 2771 2804 2803
f 2771 2804 2805
f 2771 2805 2804
f 2771 2805 2806
f 2771 2806 2805
f 2771 2806 2807
f 2771 2807 2806
f 2771 2807 2808
f 2771 2808 2807
f 2771 2808 2809
f 2771 2809 2808
f 2771 2809 2810
f 2771 2810 2809
f 2771 2810 2811
f 2771 2811 2810
f 2771 2811 2812
f 2771 2812 2811
f 2771 2812 2813
f 2771 2813 2812
f 2771 2813 2814
f 2771 2814 2813
f 2771 2814 2815
f 2771 2815 2814
f 2771 2815 2816
f 2771 2816 2815
o part_81
v -0.081514 0.418345 -0.054427
v -0.081551 0.419857 -0.056714
v -0.083509 0.420704 -0.058480
v -0.086143 0.420704 -0.059139
v -0.088702 0.419857 -0.058503
v -0.089811 0.418345 -0.056502
v -0.089774 0.416833 -0.054215
v -0.087816 0.415986 -0.052449
v -0.085182 0.415986 -0.051790
v -0.082623 0.416833 -0.052426
v -0.085999 0.437370 -0.042132
v -0.086024 0.438398 -0.043687
v -0.087356 0.438974 -0.044888
v -0.089147 0.438974 -0.045335
v -0.090887 0.438398 -0.044903
v -0.091641 0.437370 -0.043542
v -0.091616 0.436342 -0.041987
v -0.090284 0.435766 -0.040786
v -0.088494 0.435766 -0.040339
v -0.086753 0.436342 -0.040771
f 2817 2818 2828
f 2817 2828 2827
f 2818 2819 2829
f 2818 2829 2828
f 2819 2820 2830
f 2819 2830 2829
f 2820 2821 2831
f 2820 2831 2830
f 2821 2822 2832
f 2821 2832 2831
f 2822 2823 2833
f 2822 2833 2832
f 2823 2824 2834
f 2823 2834 2833
f 2824 2825 2835
f 2824 2835 2834
f 2825 2826 2836
f 2825 2836 2835
f 2826 2817 2827
f 2826 2827 2836
o part_82
v -0.088820 0.437370 -0.042837
v -0.086430 0.436994 -0.042891
v -0.084011 0.436789 -0.043196
v -0.081543 0.436881 -0.043936
v -0.079015 0.437340 -0.045214
v -0.076426 0.438163 -0.047025
v -0.073788 0.439280 -0.049267
v -0.071124 0.440557 -0.051744
v -0.068462 0.441822 -0.054202
v -0.065833 0.442885 -0.056364
v -0.063267 0.443571 -0.057975
v -0.060785 0.443747 -0.058838
v -0.058400 0.443340 -0.058847
v -0.056111 0.442349 -0.058000
v -0.053907 0.440848 -0.056406
v -0.051766 0.438971 -0.054260
v -0.049658 0.436891 -0.051819
v -0.047551 0.434799 -0.049359
v -0.045419 0.432868 -0.047134
v -0.043238 0.431229 -0.045339
v -0.040996 0.429956 -0.044078
v -0.038694 0.429049 -0.043354
v -0.036342 0.428440 -0.043067
v -0.033962 0.428001 -0.043029
v -0.036352 0.428377 -0.042975
v -0.038771 0.428582 -0.042670
v -0.041239 0.428490 -0.041929
v -0.043767 0.428031 -0.040652
v -0.046357 0.427207 -0.038841
v -0.048994 0.426091 -0.036599
v -0.051658 0.424813 -0.034122
v -0.054321 0.423549 -0.031664
v -0.056949 0.422486 -0.029501
v -0.059516 0.421799 -0.027891
v -0.061997 0.421623 -0.027028
v -0.064382 0.422031 -0.027019
v -0.066671 0.423021 -0.027865
v -0.068875 0.424522 -0.029460
v -0.071017 0.426400 -0.031606
v -0.073125 0.428479 -0.034047
v -0.075231 0.430571 -0.036507
v -0.077363 0.432503 -0.038732
v -0.079545 0.434141 -0.040527
v -0.081786 0.435414 -0.041788
v -0.084089 0.436322 -0.042512
v -0.086440 0.436931 -0.042799
f 2837 2838 2839
f 2837 2839 2838
f 2837 2839 2840
f 2837 2840 2839
f 2837 2840 2841
f 2837 2841 2840
f 2837 2841 2842
f 2837 2842 2841
f 2837 2842 2843
f 2837 2843 2842
f 2837 2843 2844
f 2837 2844 2843
f 2837 2844 2845
f 2837 2845 2844
f 2837 2845 2846
f 2837 2846 2845
f 2837 2846 2847
f 2837 2847 2846
f 2837 2847 2848
f 2837 2848 2847
f 2837 2848 2849
f 2837 2849 2848
f 2837 2849 2850
f 2837 2850 2849
f 2837 2850 2851
f 2837 2851 2850
f 2837 2851 2852
f 2837 2852 2851
f 2837 2852 2853
f 2837 2853 2852
f 2837 2853 2854
f 2837 2854 2853
f 2837 2854 2855
f 2837 2855 2854
f 2837 2855 2856
f 2837 2856 2855
f 2837 2856 2857
f 2837 2857 2856
f 2837 2857 2858
f 2837 2858 2857
f 2837 2858 2859
f 2837 2859 2858
f 2837 2859 2860
f 2837 2860 2859
f 2837 2860 2861
f 2837 2861 2860
f 2837 2861 2862
f 2837 2862 2861
f 2837 2862 2863
f 2837 2863 2862
f 2837 2863 2864
f 2837 2864 2863
f 2837 2864 2865
f 2837 2865 2864
f 2837 2865 2866
f 2837 2866 2865
f 2837 2866 2867
f 2837 2867 2866
f 2837 2867 2868
f 2837 2868 2867
f 2837 2868 2869
f 2837 2869 2868
f 2837 2869 2870
f 2837 2870 2869
f 2837 2870 2871
f 2837 2871 2870
f 2837 2871 2872
f 2837 2872 2871
f 2837 2872 2873
f 2837 2873 2872
f 2837 2873 2874
f 2837 2874 2873
f 2837 2874 2875
f 2837 2875 2874
f 2837 2875 2876
f 2837 2876 2875
f 2837 2876 2877
f 2837 2877 2876
f 2837 2877 2878
f 2837 2878 2877
f 2837 2878 2879
f 2837 2879 2878
f 2837 2879 2880
f 2837 2880 2879
f 2837 2880 2881
f 2837 2881 2880
f 2837 2881 2882
f 2837 2882 2881
o part_83
v -0.088820 0.437370 -0.042837
v -0.090472 0.436487 -0.043802
v -0.092203 0.435401 -0.044480
v -0.094045 0.434025 -0.044748
v -0.096008 0.432334 -0.044574
v -0.098080 0.430361 -0.044001
v -0.100229 0.428186 -0.043142
v -0.102412 0.425925 -0.042164
v -0.104574 0.423716 -0.041257
v -0.106663 0.421698 -0.040622
v -0.108630 0.419997 -0.040432
v -0.110440 0.418705 -0.040820
v -0.112072 0.417873 -0.041856
v -0.113528 0.417500 -0.043539
v -0.114827 0.417537 -0.045801
v -0.116003 0.417889 -0.048508
v -0.117106 0.418434 -0.051485
v -0.118189 0.419030 -0.054536
v -0.119304 0.419540 -0.057466
v -0.120498 0.419849 -0.060110
v -0.121800 0.419875 -0.062356
v -0.123223 0.419587 -0.064160
v -0.124758 0.419008 -0.065553
v -0.126372 0.418226 -0.066660
v -0.124720 0.419108 -0.065695
v -0.122990 0.420194 -0.065017
v -0.121147 0.421571 -0.064748
v -0.119184 0.423261 -0.064923
v -0.117113 0.425234 -0.065496
v -0.114963 0.427410 -0.066354
v -0.112780 0.429670 -0.067333
v -0.110618 0.431880 -0.068239
v -0.108529 0.433897 -0.068875
v -0.106562 0.435598 -0.069065
v -0.104752 0.436890 -0.068677
v -0.103120 0.437722 -0.067641
v -0.101664 0.438095 -0.065957
v -0.100366 0.438059 -0.063696
v -0.099189 0.437706 -0.060989
v -0.098086 0.437162 -0.058011
v -0.097004 0.436565 -0.054961
v -0.095888 0.436055 -0.052031
v -0.094694 0.435747 -0.049387
v -0.093392 0.435721 -0.047140
v -0.091969 0.436009 -0.045337
v -0.090434 0.436588 -0.043944
f 2883 2884 2885
f 2883 2885 2884
f 2883 2885 2886
f 2883 2886 2885
f 2883 2886 2887
f 2883 2887 2886
f 2883 2887 2888
f 2883 2888 2887
f 2883 2888 2889
f 2883 2889 2888
f 2883 2889 2890
f 2883 2890 2889
f 2883 2890 2891
f 2883 2891 2890
f 2883 2891 2892
f 2883 2892 2891
f 2883 2892 2893
f 2883 2893 2892
f 2883 2893 2894
f 2883 2894 2893
f 2883 2894 2895
f 2883 2895 2894
f 2883 2895 2896
f 2883 2896 2895
f 2883 2896 2897
f 2883 2897 2896
f 2883 2897 2898
f 2883 2898 2897
f 2883 2898 2899
f 2883 2899 2898
f 2883 2899 2900
f 2883 2900 2899
f 2883 2900 2901
f 2883 2901 2900
f 2883 2901 2902
f 2883 2902 2901
f 2883 2902 2903
f 2883 2903 2902
f 2883 2903 2904
f 2883 2904 2903
f 2883 2904 2905
f 2883 2905 2904
f 2883 2905 2906
f 2883 2906 2905
f 2883 2906 2907
f 2883 2907 2906
f 2883 2907 2908
f 2883 2908 2907
f 2883 2908 2909
f 2883 2909 2908
f 2883 2909 2910
f 2883 2910 2909
f 2883 2910 2911
f 2883 2911 2910
f 2883 2911 2912
f 2883 2912 2911
f 2883 2912 2913
f 2883 2913 2912
f 2883 2913 2914
f 2883 2914 2913
f 2883 2914 2915
f 2883 2915 2914
f 2883 2915 2916
f 2883 2916 2915
f 2883 2916 2917
f 2883 2917 2916
f 2883 2917 2918
f 2883 2918 2917
f 2883 2918 2919
f 2883 2919 2918
f 2883 2919 2920
f 2883 2920 2919
f 2883 2920 2921
f 2883 2921 2920
f 2883 2921 2922
f 2883 2922 2921
f 2883 2922 2923
f 2883 2923 2922
f 2883 2923 2924
f 2883 2924 2923
f 2883 2924 2925
f 2883 2925 2924
f 2883 2925 2926
f 2883 2926 2925
f 2883 2926 2927
f 2883 2927 2926
f 2883 2927 2928
f 2883 2928 2927
o part_84
v -0.088991 0.418345 -0.058149
v -0.089843 0.420020 -0.056152
v -0.088765 0.420958 -0.053780
v -0.086652 0.420958 -0.052076
v -0.084105 0.420020 -0.051525
v -0.082334 0.418345 -0.052780
v -0.081482 0.416670 -0.054777
v -0.082560 0.415732 -0.057149
v -0.084673 0.415732 -0.058854
v -0.087220 0.416670 -0.059405
v -0.079335 0.435412 -0.067943
v -0.079914 0.436552 -0.066585
v -0.079181 0.437189 -0.064972
v -0.077744 0.437189 -0.063813
v -0.076012 0.436552 -0.063438
v -0.074808 0.435412 -0.064292
v -0.074229 0.434273 -0.065650
v -0.074962 0.433635 -0.067263
v -0.076399 0.433635 -0.068422
v -0.078131 0.434273 -0.068797
f 2929 2930 2940
f 2929 2940 2939
f 2930 2931 2941
f 2930 2941 2940
f 2931 2932 2942
f 2931 2942 2941
f 2932 2933 2943
f 2932 2943 2942
f 2933 2934 2944
f 2933 2944 2943
f 2934 2935 2945
f 2934 2945 2944
f 2935 2936 2946
f 2935 2946 2945
f 2936 2937 2947
f 2936 2947 2946
f 2937 2938 2948
f 2937 2948 2947
f 2938 2929 2939
f 2938 2939 2948
o part_85
v -0.077072 0.435412 -0.066118
v -0.078729 0.434901 -0.067361
v -0.080718 0.434702 -0.068371
v -0.083067 0.434843 -0.069127
v -0.085742 0.435291 -0.069654
v -0.088668 0.435975 -0.070004
v -0.091738 0.436796 -0.070252
v -0.094828 0.437636 -0.070486
v -0.097808 0.438371 -0.070798
v -0.100552 0.438885 -0.071275
v -0.102957 0.439078 -0.071992
v -0.104945 0.438879 -0.073003
v -0.106478 0.438249 -0.074334
v -0.107554 0.437189 -0.075988
v -0.108214 0.435737 -0.077934
v -0.108534 0.433964 -0.080120
v -0.108619 0.431969 -0.082471
v -0.108593 0.429870 -0.084901
v -0.108587 0.427790 -0.087317
v -0.108726 0.425846 -0.089630
v -0.109115 0.424138 -0.091767
v -0.109831 0.422739 -0.093674
v -0.110906 0.421678 -0.095328
v -0.112313 0.420930 -0.096748
v -0.110656 0.421442 -0.095504
v -0.108667 0.421640 -0.094495
v -0.106318 0.421500 -0.093738
v -0.103643 0.421052 -0.093212
v -0.100717 0.420367 -0.092862
v -0.097647 0.419546 -0.092614
v -0.094556 0.418706 -0.092380
v -0.091577 0.417971 -0.092068
v -0.088832 0.417457 -0.091590
v -0.086428 0.417264 -0.090873
v -0.084439 0.417464 -0.089863
v -0.082907 0.418093 -0.088531
v -0.081831 0.419153 -0.086878
v -0.081171 0.420606 -0.084932
v -0.080851 0.422379 -0.082746
v -0.080766 0.424373 -0.080394
v -0.080792 0.426473 -0.077964
v -0.080798 0.428553 -0.075549
v -0.080659 0.430497 -0.073235
v -0.080269 0.432204 -0.071098
v -0.079554 0.433604 -0.069191
v -0.078479 0.434665 -0.067537
f 2949 2950 2951
f 2949 2951 2950
f 2949 2951 2952
f 2949 2952 2951
f 2949 2952 2953
f 2949 2953 2952
f 2949 2953 2954
f 2949 2954 2953
f 2949 2954 2955
f 2949 2955 2954
f 2949 2955 2956
f 2949 2956 2955
f 2949 2956 2957
f 2949 2957 2956
f 2949 2957 2958
f 2949 2958 2957
f 2949 2958 2959
f 2949 2959 2958
f 2949 2959 2960
f 2949 2960 2959
f 2949 2960 2961
f 2949 2961 2960
f 2949 2961 2962
f 2949 2962 2961
f 2949 2962 2963
f 2949 2963 2962
f 2949 2963 2964
f 2949 2964 2963
f 2949 2964 2965
f 2949 2965 2964
f 2949 2965 2966
f 2949 2966 2965
f 2949 2966 2967
f 2949 2967 2966
f 2949 2967 2968
f 2949 2968 2967
f 2949 2968 2969
f 2949 2969 2968
f 2949 2969 2970
f 2949 2970 2969
f 2949 2970 2971
f 2949 2971 2970
f 2949 2971 2972
f 2949 2972 2971
f 2949 2972 2973
f 2949 2973 2972
f 2949 2973 2974
f 2949 2974 2973
f 2949 2974 2975
f 2949 2975 2974
f 2949 2975 2976
f 2949 2976 2975
f 2949 2976 2977
f 2949 2977 2976
f 2949 2977 2978
f 2949 2978 2977
f 2949 2978 2979
f 2949 2979 2978
f 2949 2979 2980
f 2949 2980 2979
f 2949 2980 2981
f 2949 2981 2980
f 2949 2981 2982
f 2949 2982 2981
f 2949 2982 2983
f 2949 2983 2982
f 2949 2983 2984
f 2949 2984 2983
f 2949 2984 2985
f 2949 2985 2984
f 2949 2985 2986
f 2949 2986 2985
f 2949 2986 2987
f 2949 2987 2986
f 2949 2987 2988
f 2949 2988 2987
f 2949 2988 2989
f 2949 2989 2988
f 2949 2989 2990
f 2949 2990 2989
f 2949 2990 2991
f 2949 2991 2990
f 2949 2991 2992
f 2949 2992 2991
f 2949 2992 2993
f 2949 2993 2992
f 2949 2993 2994
f 2949 2994 2993
o part_86
v -0.077072 0.435412 -0.066118
v -0.075713 0.434363 -0.064166
v -0.074252 0.433174 -0.062356
v -0.072574 0.431683 -0.060854
v -0.070586 0.429766 -0.059785
v -0.068255 0.427374 -0.059199
v -0.065616 0.424558 -0.059046
v -0.062776 0.421464 -0.059175
v -0.059897 0.418317 -0.059358
v -0.057169 0.415379 -0.059328
v -0.054778 0.412905 -0.058826
v -0.052870 0.411097 -0.057646
v -0.051525 0.410066 -0.055676
v -0.050742 0.409812 -0.052914
v -0.050442 0.410224 -0.049475
v -0.050479 0.411101 -0.045563
v -0.050667 0.412186 -0.041438
v -0.050816 0.413218 -0.037368
v -0.050765 0.413972 -0.033580
v -0.050405 0.414302 -0.030225
v -0.049702 0.414158 -0.027352
v -0.048690 0.413587 -0.024913
v -0.047459 0.412714 -0.022781
v -0.046127 0.411702 -0.020792
v -0.047486 0.412751 -0.022743
v -0.048946 0.413941 -0.024553
v -0.050625 0.415431 -0.026056
v -0.052612 0.417348 -0.027124
v -0.054944 0.419740 -0.027710
v -0.057583 0.422556 -0.027863
v -0.060423 0.425650 -0.027735
v -0.063302 0.428797 -0.027551
v -0.066029 0.431735 -0.027581
v -0.068420 0.434209 -0.028083
v -0.070329 0.436017 -0.029263
v -0.071674 0.437048 -0.031233
v -0.072456 0.437302 -0.033995
v -0.072756 0.436890 -0.037434
v -0.072720 0.436014 -0.041346
v -0.072532 0.434928 -0.045471
v -0.072382 0.433896 -0.049541
v -0.072434 0.433142 -0.053329
v -0.072793 0.432812 -0.056685
v -0.073497 0.432956 -0.059557
v -0.074509 0.433528 -0.061996
v -0.075740 0.434400 -0.064128
f 2995 2996 2997
f 2995 2997 2996
f 2995 2997 2998
f 2995 2998 2997
f 2995 2998 2999
f 2995 2999 2998
f 2995 2999 3000
f 2995 3000 2999
f 2995 3000 3001
f 2995 3001 3000
f 2995 3001 3002
f 2995 3002 3001
f 2995 3002 3003
f 2995 3003 3002
f 2995 3003 3004
f 2995 3004 3003
f 2995 3004 3005
f 2995 3005 3004
f 2995 3005 3006
f 2995 3006 3005
f 2995 3006 3007
f 2995 3007 3006
f 2995 3007 3008
f 2995 3008 3007
f 2995 3008 3009
f 2995 3009 3008
f 2995 3009 3010
f 2995 3010 3009
f 2995 3010 3011
f 2995 3011 3010
f 2995 3011 3012
f 2995 3012 3011
f 2995 3012 3013
f 2995 3013 3012
f 2995 3013 3014
f 2995 3014 3013
f 2995 3014 3015
f 2995 3015 3014
f 2995 3015 3016
f 2995 3016 3015
f 2995 3016 3017
f 2995 3017 3016
f 2995 3017 3018
f 2995 3018 3017
f 2995 3018 3019
f 2995 3019 3018
f 2995 3019 3020
f 2995 3020 3019
f 2995 3020 3021
f 2995 3021 3020
f 2995 3021 3022
f 2995 3022 3021
f 2995 3022 3023
f 2995 3023 3022
f 2995 3023 3024
f 2995 3024 3023
f 2995 3024 3025
f 2995 3025 3024
f 2995 3025 3026
f 2995 3026 3025
f 2995 3026 3027
f 2995 3027 3026
f 2995 3027 3028
f 2995 3028 3027
f 2995 3028 3029
f 2995 3029 3028
f 2995 3029 3030
f 2995 3030 3029
f 2995 3030 3031
f 2995 3031 3030
f 2995 3031 3032
f 2995 3032 3031
f 2995 3032 3033
f 2995 3033 3032
f 2995 3033 3034
f 2995 3034 3033
f 2995 3034 3035
f 2995 3035 3034
f 2995 3035 3036
f 2995 3036 3035
f 2995 3036 3037
f 2995 3037 3036
f 2995 3037 3038
f 2995 3038 3037
f 2995 3038 3039
f 2995 3039 3038
f 2995 3039 3040
f 2995 3040 3039
o part_87
v -0.068298 0.385811 -0.055720
v -0.070469 0.388918 -0.054343
v -0.071042 0.390658 -0.050706
v -0.070168 0.390658 -0.046810
v -0.068097 0.388918 -0.043766
v -0.065546 0.385811 -0.043448
v -0.063376 0.382703 -0.044825
v -0.062803 0.380963 -0.048462
v -0.063676 0.380963 -0.052358
v -0.065748 0.382703 -0.055402
v -0.039397 0.408521 -0.060139
v -0.040873 0.410634 -0.059203
v -0.041263 0.411817 -0.056730
v -0.040668 0.411817 -0.054081
v -0.039260 0.410634 -0.052010
v -0.037526 0.408521 -0.051794
v -0.036049 0.406408 -0.052730
v -0.035660 0.405224 -0.055204
v -0.036254 0.405224 -0.057853
v -0.037663 0.406408 -0.059923
f 3041 3042 3052
f 3041 3052 3051
f 3042 3043 3053
f 3042 3053 3052
f 3043 3044 3054
f 3043 3054 3053
f 3044 3045 3055
f 3044 3055 3054
f 3045 3046 3056
f 3045 3056 3055
f 3046 3047 3057
f 3046 3057 3056
f 3047 3048 3058
f 3047 3058 3057
f 3048 3049 3059
f 3048 3059 3058
f 3049 3050 3060
f 3049 3060 3059
f 3050 3041 3051
f 3050 3051 3060
o part_88
v -0.038461 0.408521 -0.055967
v -0.039887 0.408736 -0.057910
v -0.041711 0.409508 -0.059650
v -0.043867 0.410744 -0.061221
v -0.046278 0.412335 -0.062662
v -0.048853 0.414156 -0.064019
v -0.051491 0.416065 -0.065344
v -0.054089 0.417918 -0.066690
v -0.056548 0.419577 -0.068106
v -0.058778 0.420916 -0.069639
v -0.060707 0.421834 -0.071326
v -0.062283 0.422260 -0.073192
v -0.063479 0.422155 -0.075252
v -0.064295 0.421520 -0.077505
v -0.064758 0.420392 -0.079939
v -0.064920 0.418842 -0.082526
v -0.064853 0.416974 -0.085229
v -0.064647 0.414911 -0.088003
v -0.064401 0.412792 -0.090798
v -0.064218 0.410761 -0.093560
v -0.064199 0.408960 -0.096239
v -0.064435 0.407514 -0.098788
v -0.065003 0.406532 -0.101168
v -0.065970 0.406107 -0.103345
v -0.064544 0.405892 -0.101402
v -0.062720 0.405120 -0.099662
v -0.060564 0.403884 -0.098091
v -0.058153 0.402292 -0.096650
v -0.055578 0.400472 -0.095293
v -0.052940 0.398563 -0.093968
v -0.050342 0.396710 -0.092622
v -0.047883 0.395051 -0.091206
v -0.045653 0.393712 -0.089673
v -0.043724 0.392793 -0.087986
v -0.042148 0.392368 -0.086120
v -0.040952 0.392473 -0.084060
v -0.040136 0.393108 -0.081806
v -0.039673 0.394236 -0.079373
v -0.039511 0.395785 -0.076786
v -0.039578 0.397654 -0.074083
v -0.039784 0.399717 -0.071309
v -0.040030 0.401836 -0.068514
v -0.040213 0.403866 -0.065751
v -0.040232 0.405668 -0.063073
v -0.039996 0.407114 -0.060523
v -0.039428 0.408095 -0.058144
f 3061 3062 3063
f 3061 3063 3062
f 3061 3063 3064
f 3061 3064 3063
f 3061 3064 3065
f 3061 3065 3064
f 3061 3065 3066
f 3061 3066 3065
f 3061 3066 3067
f 3061 3067 3066
f 3061 3067 3068
f 3061 3068 3067
f 3061 3068 3069
f 3061 3069 3068
f 3061 3069 3070
f 3061 3070 3069
f 3061 3070 3071
f 3061 3071 3070
f 3061 3071 3072
f 3061 3072 3071
f 3061 3072 3073
f 3061 3073 3072
f 3061 3073 3074
f 3061 3074 3073
f 3061 3074 3075
f 3061 3075 3074
f 3061 3075 3076
f 3061 3076 3075
f 3061 3076 3077
f 3061 3077 3076
f 3061 3077 3078
f 3061 3078 3077
f 3061 3078 3079
f 3061 3079 3078
f 3061 3079 3080
f 3061 3080 3079
f 3061 3080 3081
f 3061 3081 3080
f 3061 3081 3082
f 3061 3082 3081
f 3061 3082 3083
f 3061 3083 3082
f 3061 3083 3084
f 3061 3084 3083
f 3061 3084 3085
f 3061 3085 3084
f 3061 3085 3086
f 3061 3086 3085
f 3061 3086 3087
f 3061 3087 3086
f 3061 3087 3088
f 3061 3088 3087
f 3061 3088 3089
f 3061 3089 3088
f 3061 3089 3090
f 3061 3090 3089
f 3061 3090 3091
f 3061 3091 3090
f 3061 3091 3092
f 3061 3092 3091
f 3061 3092 3093
f 3061 3093 3092
f 3061 3093 3094
f 3061 3094 3093
f 3061 3094 3095
f 3061 3095 3094
f 3061 3095 3096
f 3061 3096 3095
f 3061 3096 3097
f 3061 3097 3096
f 3061 3097 3098
f 3061 3098 3097
f 3061 3098 3099
f 3061 3099 3098
f 3061 3099 3100
f 3061 3100 3099
f 3061 3100 3101
f 3061 3101 3100
f 3061 3101 3102
f 3061 3102 3101
f 3061 3102 3103
f 3061 3103 3102
f 3061 3103 3104
f 3061 3104 3103
f 3061 3104 3105
f 3061 3105 3104
f 3061 3105 3106
f 3061 3106 3105
o part_89
v -0.038676 0.408521 -0.060238
v -0.038789 0.411195 -0.059641
v -0.038751 0.412692 -0.057311
v -0.038615 0.412692 -0.054600
v -0.038418 0.411195 -0.052279
v -0.038247 0.408521 -0.051696
v -0.038134 0.405847 -0.052293
v -0.038171 0.404349 -0.054622
v -0.038308 0.404349 -0.057334
v -0.038504 0.405847 -0.059655
v -0.015673 0.409743 -0.060024
v -0.015749 0.411561 -0.059619
v -0.015724 0.412579 -0.058034
v -0.015631 0.412579 -0.056191
v -0.015497 0.411561 -0.054612
v -0.015380 0.409743 -0.054216
v -0.015304 0.407924 -0.054622
v -0.015329 0.406906 -0.056206
v -0.015422 0.406906 -0.058050
v -0.015556 0.407924 -0.059628
f 3107 3108 3118
f 3107 3118 3117
f 3108 3109 3119
f 3108 3119 3118
f 3109 3110 3120
f 3109 3120 3119
f 3110 3111 3121
f 3110 3121 3120
f 3111 3112 3122
f 3111 3122 3121
f 3112 3113 3123
f 3112 3123 3122
f 3113 3114 3124
f 3113 3124 3123
f 3114 3115 3125
f 3114 3125 3124
f 3115 3116 3126
f 3115 3126 3125
f 3116 3107 3117
f 3116 3117 3126
o part_90
v -0.015526 0.409743 -0.057120
v -0.016396 0.409788 -0.059335
v -0.017292 0.410314 -0.061560
v -0.018221 0.411444 -0.063799
v -0.019183 0.413179 -0.066052
v -0.020173 0.415422 -0.068316
v -0.021180 0.417999 -0.070588
v -0.022194 0.420682 -0.072863
v -0.023199 0.423219 -0.075134
v -0.024183 0.425361 -0.077396
v -0.025134 0.426891 -0.079644
v -0.026043 0.427650 -0.081875
v -0.026905 0.427552 -0.084086
v -0.027720 0.426599 -0.086277
v -0.028494 0.424874 -0.088451
v -0.029234 0.422537 -0.090611
v -0.029953 0.419806 -0.092762
v -0.030664 0.416928 -0.094910
v -0.031380 0.414156 -0.097060
v -0.032115 0.411719 -0.099218
v -0.032878 0.409789 -0.101387
v -0.033673 0.408464 -0.103570
v -0.034501 0.407743 -0.105767
v -0.035355 0.407503 -0.107975
v -0.034486 0.407457 -0.105760
v -0.033590 0.406932 -0.103535
v -0.032661 0.405801 -0.101296
v -0.031699 0.404066 -0.099043
v -0.030709 0.401823 -0.096779
v -0.029702 0.399247 -0.094507
v -0.028688 0.396564 -0.092232
v -0.027683 0.394027 -0.089961
v -0.026699 0.391885 -0.087699
v -0.025748 0.390355 -0.085451
v -0.024839 0.389596 -0.083220
v -0.023977 0.389693 -0.081009
v -0.023161 0.390647 -0.078817
v -0.022388 0.392372 -0.076643
v -0.021648 0.394708 -0.074483
v -0.020929 0.397440 -0.072333
v -0.020218 0.400318 -0.070185
v -0.019501 0.403089 -0.068035
v -0.018767 0.405527 -0.065877
v -0.018004 0.407457 -0.063708
v -0.017209 0.408782 -0.061525
v -0.016381 0.409502 -0.059328
f 3127 3128 3129
f 3127 3129 3128
f 3127 3129 3130
f 3127 3130 3129
f 3127 3130 3131
f 3127 3131 3130
f 3127 3131 3132
f 3127 3132 3131
f 3127 3132 3133
f 3127 3133 3132
f 3127 3133 3134
f 3127 3134 3133
f 3127 3134 3135
f 3127 3135 3134
f 3127 3135 3136
f 3127 3136 3135
f 3127 3136 3137
f 3127 3137 3136
f 3127 3137 3138
f 3127 3138 3137
f 3127 3138 3139
f 3127 3139 3138
f 3127 3139 3140
f 3127 3140 3139
f 3127 3140 3141
f 3127 3141 3140
f 3127 3141 3142
f 3127 3142 3141
f 3127 3142 3143
f 3127 3143 3142
f 3127 3143 3144
f 3127 3144 3143
f 3127 3144 3145
f 3127 3145 3144
f 3127 3145 3146
f 3127 3146 3145
f 3127 3146 3147
f 3127 3147 3146
f 3127 3147 3148
f 3127 3148 3147
f 3127 3148 3149
f 3127 3149 3148
f 3127 3149 3150
f 3127 3150 3149
f 3127 3150 3151
f 3127 3151 3150
f 3127 3151 3152
f 3127 3152 3151
f 3127 3152 3153
f 3127 3153 3152
f 3127 3153 3154
f 3127 3154 3153
f 3127 3154 3155
f 3127 3155 3154
f 3127 3155 3156
f 3127 3156 3155
f 3127 3156 3157
f 3127 3157 3156
f 3127 3157 3158
f 3127 3158 3157
f 3127 3158 3159
f 3127 3159 3158
f 3127 3159 3160
f 3127 3160 3159
f 3127 3160 3161
f 3127 3161 3160
f 3127 3161 3162
f 3127 3162 3161
f 3127 3162 3163
f 3127 3163 3162
f 3127 3163 3164
f 3127 3164 3163
f 3127 3164 3165
f 3127 3165 3164
f 3127 3165 3166
f 3127 3166 3165
f 3127 3166 3167
f 3127 3167 3166
f 3127 3167 3168
f 3127 3168 3167
f 3127 3168 3169
f 3127 3169 3168
f 3127 3169 3170
f 3127 3170 3169
f 3127 3170 3171
f 3127 3171 3170
f 3127 3171 3172
f 3127 3172 3171
o part_91
v -0.042443 0.408521 -0.057526
v -0.042575 0.410438 -0.055570
v -0.040788 0.411512 -0.053746
v -0.038261 0.411512 -0.052756
v -0.035711 0.410438 -0.052882
v -0.034479 0.408521 -0.054408
v -0.034348 0.406603 -0.056364
v -0.036134 0.405529 -0.058187
v -0.038662 0.405529 -0.059177
v -0.041212 0.406603 -0.059051
v -0.035826 0.422807 -0.070671
v -0.035916 0.424110 -0.069341
v -0.034701 0.424841 -0.068101
v -0.032982 0.424841 -0.067428
v -0.031248 0.424110 -0.067514
v -0.030411 0.422807 -0.068551
v -0.030321 0.421503 -0.069881
v -0.031536 0.420773 -0.071121
v -0.033255 0.420773 -0.071794
v -0.034989 0.421503 -0.071709
f 3173 3174 3184
f 3173 3184 3183
f 3174 3175 3185
f 3174 3185 3184
f 3175 3176 3186
f 3175 3186 3185
f 3176 3177 3187
f 3176 3187 3186
f 3177 3178 3188
f 3177 3188 3187
f 3178 3179 3189
f 3178 3189 3188
f 3179 3180 3190
f 3179 3190 3189
f 3180 3181 3191
f 3180 3191 3190
f 3181 3182 3192
f 3181 3192 3191
f 3182 3173 3183
f 3182 3183 3192
o part_92
v -0.033119 0.422807 -0.069611
v -0.035456 0.422878 -0.069614
v -0.037823 0.423319 -0.069243
v -0.040224 0.424184 -0.068440
v -0.042657 0.425449 -0.067231
v -0.045116 0.427033 -0.065698
v -0.047590 0.428813 -0.063967
v -0.050068 0.430635 -0.062192
v -0.052537 0.432338 -0.060539
v -0.054983 0.433764 -0.059167
v -0.057396 0.434779 -0.058212
v -0.059768 0.435285 -0.057774
v -0.062095 0.435231 -0.057905
v -0.064377 0.434616 -0.058605
v -0.066618 0.433492 -0.059822
v -0.068826 0.431958 -0.061456
v -0.071011 0.430147 -0.063371
v -0.073187 0.428216 -0.065408
v -0.075367 0.426328 -0.067401
v -0.077562 0.424635 -0.069196
v -0.079783 0.423261 -0.070667
v -0.082036 0.422288 -0.071731
v -0.084323 0.421739 -0.072365
v -0.086640 0.421558 -0.072624
v -0.084303 0.421486 -0.072621
v -0.081936 0.421046 -0.072992
v -0.079535 0.420181 -0.073795
v -0.077102 0.418916 -0.075004
v -0.074643 0.417332 -0.076537
v -0.072168 0.415552 -0.078268
v -0.069690 0.413730 -0.080043
v -0.067222 0.412027 -0.081696
v -0.064776 0.410601 -0.083068
v -0.062363 0.409586 -0.084023
v -0.059990 0.409080 -0.084461
v -0.057663 0.409134 -0.084330
v -0.055381 0.409749 -0.083630
v -0.053141 0.410872 -0.082413
v -0.050933 0.412407 -0.080779
v -0.048747 0.414218 -0.078864
v -0.046571 0.416149 -0.076827
v -0.044392 0.418037 -0.074834
v -0.042197 0.419730 -0.073039
v -0.039976 0.421104 -0.071568
v -0.037723 0.422077 -0.070504
v -0.035435 0.422626 -0.069870
f 3193 3194 3195
f 3193 3195 3194
f 3193 3195 3196
f 3193 3196 3195
f 3193 3196 3197
f 3193 3197 3196
f 3193 3197 3198
f 3193 3198 3197
f 3193 3198 3199
f 3193 3199 3198
f 3193 3199 3200
f 3193 3200 3199
f 3193 3200 3201
f 3193 3201 3200
f 3193 3201 3202
f 3193 3202 3201
f 3193 3202 3203
f 3193 3203 3202
f 3193 3203 3204
f 3193 3204 3203
f 3193 3204 3205
f 3193 3205 3204
f 3193 3205 3206
f 3193 3206 3205
f 3193 3206 3207
f 3193 3207 3206
f 3193 3207 3208
f 3193 3208 3207
f 3193 3208 3209
f 3193 3209 3208
f 3193 3209 3210
f 3193 3210 3209
f 3193 3210 3211
f 3193 3211 3210
f 3193 3211 3212
f 3193 3212 3211
f 3193 3212 3213
f 3193 3213 3212
f 3193 3213 3214
f 3193 3214 3213
f 3193 3214 3215
f 3193 3215 3214
f 3193 3215 3216
f 3193 3216 3215
f 3193 3216 3217
f 3193 3217 3216
f 3193 3217 3218
f 3193 3218 3217
f 3193 3218 3219
f 3193 3219 3218
f 3193 3219 3220
f 3193 3220 3219
f 3193 3220 3221
f 3193 3221 3220
f 3193 3221 3222
f 3193 3222 3221
f 3193 3222 3223
f 3193 3223 3222
f 3193 3223 3224
f 3193 3224 3223
f 3193 3224 3225
f 3193 3225 3224
f 3193 3225 3226
f 3193 3226 3225
f 3193 3226 3227
f 3193 3227 3226
f 3193 3227 3228
f 3193 3228 3227
f 3193 3228 3229
f 3193 3229 3228
f 3193 3229 3230
f 3193 3230 3229
f 3193 3230 3231
f 3193 3231 3230
f 3193 3231 3232
f 3193 3232 3231
f 3193 3232 3233
f 3193 3233 3232
f 3193 3233 3234
f 3193 3234 3233
f 3193 3234 3235
f 3193 3235 3234
f 3193 3235 3236
f 3193 3236 3235
f 3193 3236 3237
f 3193 3237 3236
f 3193 3237 3238
f 3193 3238 3237
o part_93
v -0.033119 0.422807 -0.069611
v -0.031503 0.422325 -0.068490
v -0.029847 0.421728 -0.067473
v -0.028101 0.420872 -0.066692
v -0.026222 0.419640 -0.066254
v -0.024193 0.417979 -0.066205
v -0.022027 0.415927 -0.066512
v -0.019768 0.413613 -0.067058
v -0.017489 0.411238 -0.067658
v -0.015273 0.409043 -0.068096
v -0.013202 0.407264 -0.068154
v -0.011344 0.406089 -0.067663
v -0.009733 0.405622 -0.066529
v -0.008371 0.405863 -0.064750
v -0.007221 0.406707 -0.062423
v -0.006217 0.407968 -0.059717
v -0.005276 0.409408 -0.056847
v -0.004313 0.410788 -0.054032
v -0.003259 0.411905 -0.051456
v -0.002067 0.412632 -0.049236
v -0.000725 0.412930 -0.047405
v 0.000749 0.412852 -0.045917
v 0.002314 0.412514 -0.044664
v 0.003919 0.412061 -0.043516
v 0.002303 0.412543 -0.044638
v 0.000648 0.413140 -0.045654
v -0.001099 0.413996 -0.046436
v -0.002978 0.415228 -0.046874
v -0.005007 0.416889 -0.046922
v -0.007173 0.418941 -0.046616
v -0.009431 0.421255 -0.046070
v -0.011711 0.423630 -0.045469
v -0.013927 0.425825 -0.045032
v -0.015998 0.427604 -0.044974
v -0.017856 0.428778 -0.045464
v -0.019466 0.429246 -0.046599
v -0.020829 0.429005 -0.048377
v -0.021979 0.428161 -0.050705
v -0.022983 0.426900 -0.053411
v -0.023924 0.425460 -0.056281
v -0.024887 0.424080 -0.059096
v -0.025941 0.422963 -0.061672
v -0.027133 0.422236 -0.063892
v -0.028474 0.421938 -0.065723
v -0.029948 0.422016 -0.067211
v -0.031513 0.422354 -0.068463
f 3239 3240 3241
f 3239 3241 3240
f 3239 3241 3242
f 3239 3242 3241
f 3239 3242 3243
f 3239 3243 3242
f 3239 3243 3244
f 3239 3244 3243
f 3239 3244 3245
f 3239 3245 3244
f 3239 3245 3246
f 3239 3246 3245
f 3239 3246 3247
f 3239 3247 3246
f 3239 3247 3248
f 3239 3248 3247
f 3239 3248 3249
f 3239 3249 3248
f 3239 3249 3250
f 3239 3250 3249
f 3239 3250 3251
f 3239 3251 3250
f 3239 3251 3252
f 3239 3252 3251
f 3239 3252 3253
f 3239 3253 3252
f 3239 3253 3254
f 3239 3254 3253
f 3239 3254 3255
f 3239 3255 3254
f 3239 3255 3256
f 3239 3256 3255
f 3239 3256 3257
f 3239 3257 3256
f 3239 3257 3258
f 3239 3258 3257
f 3239 3258 3259
f 3239 3259 3258
f 3239 3259 3260
f 3239 3260 3259
f 3239 3260 3261
f 3239 3261 3260
f 3239 3261 3262
f 3239 3262 3261
f 3239 3262 3263
f 3239 3263 3262
f 3239 3263 3264
f 3239 3264 3263
f 3239 3264 3265
f 3239 3265 3264
f 3239 3265 3266
f 3239 3266 3265
f 3239 3266 3267
f 3239 3267 3266
f 3239 3267 3268
f 3239 3268 3267
f 3239 3268 3269
f 3239 3269 3268
f 3239 3269 3270
f 3239 3270 3269
f 3239 3270 3271
f 3239 3271 3270
f 3239 3271 3272
f 3239 3272 3271
f 3239 3272 3273
f 3239 3273 3272
f 3239 3273 3274
f 3239 3274 3273
f 3239 3274 3275
f 3239 3275 3274
f 3239 3275 3276
f 3239 3276 3275
f 3239 3276 3277
f 3239 3277 3276
f 3239 3277 3278
f 3239 3278 3277
f 3239 3278 3279
f 3239 3279 3278
f 3239 3279 3280
f 3239 3280 3279
f 3239 3280 3281
f 3239 3281 3280
f 3239 3281 3282
f 3239 3282 3281
f 3239 3282 3283
f 3239 3283 3282
f 3239 3283 3284
f 3239 3284 3283
o part_94
v -0.035573 0.408521 -0.059120
v -0.037678 0.409868 -0.060248
v -0.040207 0.410622 -0.059406
v -0.042040 0.410622 -0.057405
v -0.042658 0.409868 -0.054812
v -0.041350 0.408521 -0.052814
v -0.039244 0.407174 -0.051686
v -0.036716 0.406419 -0.052527
v -0.034882 0.406419 -0.054529
v -0.034265 0.407174 -0.057121
v -0.028234 0.427774 -0.050542
v -0.029666 0.428690 -0.051309
v -0.031385 0.429203 -0.050737
v -0.032632 0.429203 -0.049375
v -0.033052 0.428690 -0.047613
v -0.032162 0.427774 -0.046253
v -0.030731 0.426858 -0.045487
v -0.029011 0.426345 -0.046059
v -0.027764 0.426345 -0.047420
v -0.027345 0.426858 -0.049183
f 3285 3286 3296
f 3285 3296 3295
f 3286 3287 3297
f 3286 3297 3296
f 3287 3288 3298
f 3287 3298 3297
f 3288 3289 3299
f 3288 3299 3298
f 3289 3290 3300
f 3289 3300 3299
f 3290 3291 3301
f 3290 3301 3300
f 3291 3292 3302
f 3291 3302 3301
f 3292 3293 3303
f 3292 3303 3302
f 3293 3294 3304
f 3293 3304 3303
f 3294 3285 3295
f 3294 3295 3304
o part_95
v -0.030198 0.427774 -0.048398
v -0.029314 0.427611 -0.051006
v -0.028795 0.427665 -0.053770
v -0.028812 0.428041 -0.056764
v -0.029421 0.428769 -0.060010
v -0.030567 0.429818 -0.063487
v -0.032105 0.431102 -0.067132
v -0.033817 0.432489 -0.070850
v -0.035441 0.433824 -0.074532
v -0.036711 0.434947 -0.078061
v -0.037385 0.435715 -0.081336
v -0.037285 0.436020 -0.084280
v -0.036314 0.435804 -0.086850
v -0.034471 0.435068 -0.089049
v -0.031854 0.433870 -0.090915
v -0.028642 0.432316 -0.092527
v -0.025075 0.430550 -0.093987
v -0.021421 0.428731 -0.095410
v -0.017941 0.427017 -0.096907
v -0.014852 0.425536 -0.098572
v -0.012301 0.424377 -0.100467
v -0.010341 0.423571 -0.102614
v -0.008917 0.423085 -0.104992
v -0.007860 0.422818 -0.107525
v -0.008744 0.422982 -0.104917
v -0.009263 0.422927 -0.102153
v -0.009245 0.422552 -0.099159
v -0.008637 0.421824 -0.095913
v -0.007491 0.420774 -0.092436
v -0.005953 0.419491 -0.088791
v -0.004241 0.418104 -0.085073
v -0.002617 0.416768 -0.081391
v -0.001347 0.415645 -0.077862
v -0.000673 0.414878 -0.074587
v -0.000773 0.414573 -0.071643
v -0.001744 0.414788 -0.069073
v -0.003586 0.415524 -0.066875
v -0.006203 0.416723 -0.065008
v -0.009415 0.418277 -0.063396
v -0.012982 0.420043 -0.061936
v -0.016636 0.421861 -0.060513
v -0.020117 0.423576 -0.059016
v -0.023206 0.425056 -0.057351
v -0.025756 0.426215 -0.055456
v -0.027717 0.427021 -0.053309
v -0.029140 0.427507 -0.050931
f 3305 3306 3307
f 3305 3307 3306
f 3305 3307 3308
f 3305 3308 3307
f 3305 3308 3309
f 3305 3309 3308
f 3305 3309 3310
f 3305 3310 3309
f 3305 3310 3311
f 3305 3311 3310
f 3305 3311 3312
f 3305 3312 3311
f 3305 3312 3313
f 3305 3313 3312
f 3305 3313 3314
f 3305 3314 3313
f 3305 3314 3315
f 3305 3315 3314
f 3305 3315 3316
f 3305 3316 3315
f 3305 3316 3317
f 3305 3317 3316
f 3305 3317 3318
f 3305 3318 3317
f 3305 3318 3319
f 3305 3319 3318
f 3305 3319 3320
f 3305 3320 3319
f 3305 3320 3321
f 3305 3321 3320
f 3305 3321 3322
f 3305 3322 3321
f 3305 3322 3323
f 3305 3323 3322
f 3305 3323 3324
f 3305 3324 3323
f 3305 3324 3325
f 3305 3325 3324
f 3305 3325 3326
f 3305 3326 3325
f 3305 3326 3327
f 3305 3327 3326
f 3305 3327 3328
f 3305 3328 3327
f 3305 3328 3329
f 3305 3329 3328
f 3305 3329 3330
f 3305 3330 3329
f 3305 3330 3331
f 3305 3331 3330
f 3305 3331 3332
f 3305 3332 3331
f 3305 3332 3333
f 3305 3333 3332
f 3305 3333 3334
f 3305 3334 3333
f 3305 3334 3335
f 3305 3335 3334
f 3305 3335 3336
f 3305 3336 3335
f 3305 3336 3337
f 3305 3337 3336
f 3305 3337 3338
f 3305 3338 3337
f 3305 3338 3339
f 3305 3339 3338
f 3305 3339 3340
f 3305 3340 3339
f 3305 3340 3341
f 3305 3341 3340
f 3305 3341 3342
f 3305 3342 3341
f 3305 3342 3343
f 3305 3343 3342
f 3305 3343 3344
f 3305 3344 3343
f 3305 3344 3345
f 3305 3345 3344
f 3305 3345 3346
f 3305 3346 3345
f 3305 3346 3347
f 3305 3347 3346
f 3305 3347 3348
f 3305 3348 3347
f 3305 3348 3349
f 3305 3349 3348
f 3305 3349 3350
f 3305 3350 3349
o part_96
v -0.030198 0.427774 -0.048398
v -0.031892 0.426828 -0.047455
v -0.033289 0.425592 -0.046100
v -0.034404 0.424082 -0.044355
v -0.035285 0.422343 -0.042284
v -0.036000 0.420443 -0.039983
v -0.036634 0.418464 -0.037569
v -0.037279 0.416494 -0.035169
v -0.038025 0.414625 -0.032912
v -0.038959 0.412937 -0.030914
v -0.040150 0.411501 -0.029274
v -0.041648 0.410364 -0.028060
v -0.043481 0.409553 -0.027310
v -0.045647 0.409067 -0.027023
v -0.048121 0.408881 -0.027163
v -0.050852 0.408946 -0.027660
v -0.053770 0.409193 -0.028417
v -0.056790 0.409540 -0.029315
v -0.059821 0.409897 -0.030229
v -0.062770 0.410175 -0.031029
v -0.065554 0.410292 -0.031599
v -0.068103 0.410179 -0.031844
v -0.070371 0.409793 -0.031698
v -0.072342 0.409116 -0.031140
v -0.070648 0.410063 -0.032083
v -0.069252 0.411298 -0.033438
v -0.068136 0.412809 -0.035183
v -0.067255 0.414547 -0.037254
v -0.066540 0.416447 -0.039555
v -0.065906 0.418427 -0.041969
v -0.065262 0.420397 -0.044369
v -0.064515 0.422266 -0.046626
v -0.063581 0.423953 -0.048624
v -0.062390 0.425390 -0.050264
v -0.060892 0.426527 -0.051478
v -0.059060 0.427338 -0.052228
v -0.056893 0.427824 -0.052515
v -0.054420 0.428009 -0.052375
v -0.051689 0.427945 -0.051878
v -0.048771 0.427697 -0.051121
v -0.045750 0.427350 -0.050223
v -0.042719 0.426993 -0.049309
v -0.039770 0.426715 -0.048509
v -0.036986 0.426599 -0.047939
v -0.034437 0.426711 -0.047694
v -0.032169 0.427098 -0.047840
f 3351 3352 3353
f 3351 3353 3352
f 3351 3353 3354
f 3351 3354 3353
f 3351 3354 3355
f 3351 3355 3354
f 3351 3355 3356
f 3351 3356 3355
f 3351 3356 3357
f 3351 3357 3356
f 3351 3357 3358
f 3351 3358 3357
f 3351 3358 3359
f 3351 3359 3358
f 3351 3359 3360
f 3351 3360 3359
f 3351 3360 3361
f 3351 3361 3360
f 3351 3361 3362
f 3351 3362 3361
f 3351 3362 3363
f 3351 3363 3362
f 3351 3363 3364
f 3351 3364 3363
f 3351 3364 3365
f 3351 3365 3364
f 3351 3365 3366
f 3351 3366 3365
f 3351 3366 3367
f 3351 3367 3366
f 3351 3367 3368
f 3351 3368 3367
f 3351 3368 3369
f 3351 3369 3368
f 3351 3369 3370
f 3351 3370 3369
f 3351 3370 3371
f 3351 3371 3370
f 3351 3371 3372
f 3351 3372 3371
f 3351 3372 3373
f 3351 3373 3372
f 3351 3373 3374
f 3351 3374 3373
f 3351 3374 3375
f 3351 3375 3374
f 3351 3375 3376
f 3351 3376 3375
f 3351 3376 3377
f 3351 3377 3376
f 3351 3377 3378
f 3351 3378 3377
f 3351 3378 3379
f 3351 3379 3378
f 3351 3379 3380
f 3351 3380 3379
f 3351 3380 3381
f 3351 3381 3380
f 3351 3381 3382
f 3351 3382 3381
f 3351 3382 3383
f 3351 3383 3382
f 3351 3383 3384
f 3351 3384 3383
f 3351 3384 3385
f 3351 3385 3384
f 3351 3385 3386
f 3351 3386 3385
f 3351 3386 3387
f 3351 3387 3386
f 3351 3387 3388
f 3351 3388 3387
f 3351 3388 3389
f 3351 3389 3388
f 3351 3389 3390
f 3351 3390 3389
f 3351 3390 3391
f 3351 3391 3390
f 3351 3391 3392
f 3351 3392 3391
f 3351 3392 3393
f 3351 3393 3392
f 3351 3393 3394
f 3351 3394 3393
f 3351 3394 3395
f 3351 3395 3394
f 3351 3395 3396
f 3351 3396 3395
o part_97
v 0.012638 0.220000 -0.005024
v 0.008603 0.225840 -0.010090
v 0.000439 0.229111 -0.010581
v -0.007584 0.229111 -0.007391
v -0.013183 0.225840 -0.001430
v -0.012638 0.220000 0.005024
v -0.008603 0.214160 0.010090
v -0.000439 0.210889 0.010581
v 0.007584 0.210889 0.007391
v 0.013183 0.214160 0.001430
v 0.038728 0.306584 0.072389
v 0.035984 0.310555 0.068944
v 0.030433 0.312779 0.068610
v 0.024977 0.312779 0.070779
v 0.021170 0.310555 0.074833
v 0.021540 0.306584 0.079221
v 0.024284 0.302613 0.082667
v 0.029835 0.300389 0.083000
v 0.035291 0.300389 0.080831
v 0.039098 0.302613 0.076778
f 3397 3398 3408
f 3397 3408 3407
f 3398 3399 3409
f 3398 3409 3408
f 3399 3400 3410
f 3399 3410 3409
f 3400 3401 3411
f 3400 3411 3410
f 3401 3402 3412
f 3401 3412 3411
f 3402 3403 3413
f 3402 3413 3412
f 3403 3404 3414
f 3403 3414 3413
f 3404 3405 3415
f 3404 3415 3414
f 3405 3406 3416
f 3405 3416 3415
f 3406 3397 3407
f 3406 3407 3416
o part_98
v 0.037954 0.306584 0.070868
v 0.036785 0.312373 0.071409
v 0.032478 0.315615 0.074019
v 0.027514 0.315615 0.077154
v 0.023306 0.312373 0.079921
v 0.022314 0.306584 0.080743
v 0.023483 0.300795 0.080201
v 0.027790 0.297553 0.077591
v 0.032754 0.297553 0.074457
v 0.036962 0.300795 0.071690
v 0.068900 0.308379 0.125419
v 0.068106 0.312315 0.125788
v 0.065177 0.314520 0.127562
v 0.061801 0.314520 0.129694
v 0.058940 0.312315 0.131575
v 0.058266 0.308379 0.132134
v 0.059060 0.304442 0.131766
v 0.061989 0.302238 0.129991
v 0.065365 0.302238 0.127860
v 0.068226 0.304442 0.125978
f 3417 3418 3428
f 3417 3428 3427
f 3418 3419 3429
f 3418 3429 3428
f 3419 3420 3430
f 3419 3430 3429
f 3420 3421 3431
f 3420 3431 3430
f 3421 3422 3432
f 3421 3432 3431
f 3422 3423 3433
f 3422 3433 3432
f 3423 3424 3434
f 3423 3434 3433
f 3424 3425 3435
f 3424 3435 3434
f 3425 3426 3436
f 3425 3436 3435
f 3426 3417 3427
f 3426 3427 3436
o part_99
v 0.069604 0.308379 0.126961
v 0.069537 0.311292 0.129749
v 0.066687 0.312924 0.132158
v 0.062865 0.312924 0.133311
v 0.059158 0.311292 0.132878
v 0.057562 0.308379 0.130592
v 0.057628 0.305465 0.127805
v 0.060478 0.303834 0.125396
v 0.064301 0.303834 0.124243
v 0.068007 0.305465 0.124675
v 0.074567 0.286672 0.150393
v 0.074522 0.288653 0.152289
v 0.072584 0.289763 0.153927
v 0.069985 0.289763 0.154711
v 0.067464 0.288653 0.154417
v 0.066378 0.286672 0.152862
v 0.066424 0.284691 0.150967
v 0.068362 0.283582 0.149329
v 0.070961 0.283582 0.148545
v 0.073481 0.284691 0.148839
f 3437 3438 3448
f 3437 3448 3447
f 3438 3439 3449
f 3438 3449 3448
f 3439 3440 3450
f 3439 3450 3449
f 3440 3441 3451
f 3440 3451 3450
f 3441 3442 3452
f 3441 3452 3451
f 3442 3443 3453
f 3442 3453 3452
f 3443 3444 3454
f 3443 3454 3453
f 3444 3445 3455
f 3444 3455 3454
f 3445 3446 3456
f 3445 3456 3455
f 3446 3437 3447
f 3446 3447 3456
o part_100
v 0.070473 0.286672 0.151628
v 0.072582 0.286661 0.149925
v 0.074797 0.286814 0.148347
v 0.077238 0.287323 0.147038
v 0.080002 0.288337 0.146113
v 0.083125 0.289916 0.145614
v 0.086571 0.291998 0.145498
v 0.090227 0.294412 0.145633
v 0.093924 0.296890 0.145816
v 0.097463 0.299121 0.145812
v 0.100652 0.300801 0.145391
v 0.103336 0.301691 0.144371
v 0.105431 0.301657 0.142651
v 0.106938 0.300700 0.140232
v 0.107941 0.298953 0.137215
v 0.108592 0.296655 0.133779
v 0.109086 0.294110 0.130157
v 0.109621 0.291629 0.126583
v 0.110367 0.289479 0.123260
v 0.111434 0.287834 0.120320
v 0.112861 0.286752 0.117806
v 0.114611 0.286176 0.115675
v 0.116587 0.285956 0.113814
v 0.118669 0.285900 0.112078
v 0.116559 0.285912 0.113781
v 0.114345 0.285759 0.115359
v 0.111903 0.285250 0.116668
v 0.109139 0.284235 0.117593
v 0.106016 0.282657 0.118092
v 0.102571 0.280574 0.118208
v 0.098915 0.278161 0.118073
v 0.095218 0.275683 0.117890
v 0.091678 0.273452 0.117894
v 0.088490 0.271771 0.118315
v 0.085805 0.270882 0.119335
v 0.083710 0.270916 0.121055
v 0.082203 0.271872 0.123474
v 0.081200 0.273619 0.126492
v 0.080549 0.275918 0.129927
v 0.080056 0.278463 0.133549
v 0.079520 0.280943 0.137123
v 0.078775 0.283093 0.140446
v 0.077707 0.284739 0.143386
v 0.076280 0.285820 0.145900
v 0.074531 0.286397 0.148031
v 0.072554 0.286617 0.149892
f 3457 3458 3459
f 3457 3459 3458
f 3457 3459 3460
f 3457 3460 3459
f 3457 3460 3461
f 3457 3461 3460
f 3457 3461 3462
f 3457 3462 3461
f 3457 3462 3463
f 3457 3463 3462
f 3457 3463 3464
f 3457 3464 3463
f 3457 3464 3465
f 3457 3465 3464
f 3457 3465 3466
f 3457 3466 3465
f 3457 3466 3467
f 3457 3467 3466
f 3457 3467 3468
f 3457 3468 3467
f 3457 3468 3469
f 3457 3469 3468
f 3457 3469 3470
f 3457 3470 3469
f 3457 3470 3471
f 3457 3471 3470
f 3457 3471 3472
f 3457 3472 3471
f 3457 3472 3473
f 3457 3473 3472
f 3457 3473 3474
f 3457 3474 3473
f 3457 3474 3475
f 3457 3475 3474
f 3457 3475 3476
f 3457 3476 3475
f 3457 3476 3477
f 3457 3477 3476
f 3457 3477 3478
f 3457 3478 3477
f 3457 3478 3479
f 3457 3479 3478
f 3457 3479 3480
f 3457 3480 3479
f 3457 3480 3481
f 3457 3481 3480
f 3457 3481 3482
f 3457 3482 3481
f 3457 3482 3483
f 3457 3483 3482
f 3457 3483 3484
f 3457 3484 3483
f 3457 3484 3485
f 3457 3485 3484
f 3457 3485 3486
f 3457 3486 3485
f 3457 3486 3487
f 3457 3487 3486
f 3457 3487 3488
f 3457 3488 3487
f 3457 3488 3489
f 3457 3489 3488
f 3457 3489 3490
f 3457 3490 3489
f 3457 3490 3491
f 3457 3491 3490
f 3457 3491 3492
f 3457 3492 3491
f 3457 3492 3493
f 3457 3493 3492
f 3457 3493 3494
f 3457 3494 3493
f 3457 3494 3495
f 3457 3495 3494
f 3457 3495 3496
f 3457 3496 3495
f 3457 3496 3497
f 3457 3497 3496
f 3457 3497 3498
f 3457 3498 3497
f 3457 3498 3499
f 3457 3499 3498
f 3457 3499 3500
f 3457 3500 3499
f 3457 3500 3501
f 3457 3501 3500
f 3457 3501 3502
f 3457 3502 3501
o part_101
v 0.070473 0.286789 0.147353
v 0.073105 0.287264 0.147957
v 0.074579 0.287476 0.150292
v 0.074579 0.287402 0.153006
v 0.073105 0.287064 0.155326
v 0.070473 0.286556 0.155903
v 0.067840 0.286081 0.155299
v 0.066366 0.285869 0.152964
v 0.066366 0.285942 0.150250
v 0.067840 0.286281 0.147930
v 0.074103 0.267324 0.148192
v 0.075893 0.267647 0.148603
v 0.076895 0.267791 0.150191
v 0.076895 0.267741 0.152036
v 0.075893 0.267510 0.153614
v 0.074103 0.267165 0.154006
v 0.072313 0.266842 0.153595
v 0.071310 0.266698 0.152008
v 0.071310 0.266748 0.150162
v 0.072313 0.266978 0.148585
f 3503 3504 3514
f 3503 3514 3513
f 3504 3505 3515
f 3504 3515 3514
f 3505 3506 3516
f 3505 3516 3515
f 3506 3507 3517
f 3506 3517 3516
f 3507 3508 3518
f 3507 3518 3517
f 3508 3509 3519
f 3508 3519 3518
f 3509 3510 3520
f 3509 3520 3519
f 3510 3511 3521
f 3510 3521 3520
f 3511 3512 3522
f 3511 3522 3521
f 3512 3503 3513
f 3512 3513 3522
o part_102
v 0.074103 0.267244 0.151099
v 0.073839 0.268225 0.148646
v 0.074345 0.269354 0.145996
v 0.075451 0.270600 0.143194
v 0.076994 0.271930 0.140280
v 0.078802 0.273312 0.137298
v 0.080692 0.274709 0.134296
v 0.082484 0.276088 0.131318
v 0.084004 0.277414 0.128410
v 0.085099 0.278657 0.125610
v 0.085648 0.279795 0.122950
v 0.085562 0.280810 0.120451
v 0.084798 0.281693 0.118126
v 0.083355 0.282445 0.115973
v 0.081279 0.283074 0.113982
v 0.078654 0.283596 0.112131
v 0.075606 0.284037 0.110387
v 0.072286 0.284425 0.108713
v 0.068867 0.284794 0.107065
v 0.065531 0.285178 0.105395
v 0.062459 0.285615 0.103658
v 0.059826 0.286136 0.101809
v 0.057791 0.286773 0.099807
v 0.056527 0.287559 0.097609
v 0.056791 0.286579 0.100062
v 0.056284 0.285449 0.102712
v 0.055179 0.284204 0.105514
v 0.053636 0.282873 0.108428
v 0.051828 0.281492 0.111410
v 0.049937 0.280094 0.114412
v 0.048146 0.278715 0.117390
v 0.046626 0.277390 0.120298
v 0.045530 0.276146 0.123098
v 0.044982 0.275008 0.125758
v 0.045067 0.273993 0.128257
v 0.045831 0.273110 0.130582
v 0.047274 0.272359 0.132735
v 0.049351 0.271730 0.134726
v 0.051975 0.271207 0.136577
v 0.055023 0.270766 0.138321
v 0.058343 0.270378 0.139995
v 0.061762 0.270010 0.141643
v 0.065099 0.269625 0.143313
v 0.068170 0.269189 0.145050
v 0.070804 0.268668 0.146899
v 0.072838 0.268031 0.148901
f 3523 3524 3525
f 3523 3525 3524
f 3523 3525 3526
f 3523 3526 3525
f 3523 3526 3527
f 3523 3527 3526
f 3523 3527 3528
f 3523 3528 3527
f 3523 3528 3529
f 3523 3529 3528
f 3523 3529 3530
f 3523 3530 3529
f 3523 3530 3531
f 3523 3531 3530
f 3523 3531 3532
f 3523 3532 3531
f 3523 3532 3533
f 3523 3533 3532
f 3523 3533 3534
f 3523 3534 3533
f 3523 3534 3535
f 3523 3535 3534
f 3523 3535 3536
f 3523 3536 3535
f 3523 3536 3537
f 3523 3537 3536
f 3523 3537 3538
f 3523 3538 3537
f 3523 3538 3539
f 3523 3539 3538
f 3523 3539 3540
f 3523 3540 3539
f 3523 3540 3541
f 3523 3541 3540
f 3523 3541 3542
f 3523 3542 3541
f 3523 3542 3543
f 3523 3543 3542
f 3523 3543 3544
f 3523 3544 3543
f 3523 3544 3545
f 3523 3545 3544
f 3523 3545 3546
f 3523 3546 3545
f 3523 3546 3547
f 3523 3547 3546
f 3523 3547 3548
f 3523 3548 3547
f 3523 3548 3549
f 3523 3549 3548
f 3523 3549 3550
f 3523 3550 3549
f 3523 3550 3551
f 3523 3551 3550
f 3523 3551 3552
f 3523 3552 3551
f 3523 3552 3553
f 3523 3553 3552
f 3523 3553 3554
f 3523 3554 3553
f 3523 3554 3555
f 3523 3555 3554
f 3523 3555 3556
f 3523 3556 3555
f 3523 3556 3557
f 3523 3557 3556
f 3523 3557 3558
f 3523 3558 3557
f 3523 3558 3559
f 3523 3559 3558
f 3523 3559 3560
f 3523 3560 3559
f 3523 3560 3561
f 3523 3561 3560
f 3523 3561 3562
f 3523 3562 3561
f 3523 3562 3563
f 3523 3563 3562
f 3523 3563 3564
f 3523 3564 3563
f 3523 3564 3565
f 3523 3565 3564
f 3523 3565 3566
f 3523 3566 3565
f 3523 3566 3567
f 3523 3567 3566
f 3523 3567 3568
f 3523 3568 3567
o part_103
v 0.074103 0.267244 0.151099
v 0.074282 0.267899 0.152819
v 0.074323 0.268527 0.154565
v 0.074049 0.269094 0.156370
v 0.073312 0.269573 0.158262
v 0.072046 0.269950 0.160253
v 0.070294 0.270233 0.162336
v 0.068213 0.270454 0.164481
v 0.066052 0.270659 0.166640
v 0.064111 0.270906 0.168759
v 0.062683 0.271252 0.170780
v 0.062002 0.271741 0.172662
v 0.062198 0.272399 0.174379
v 0.063271 0.273225 0.175930
v 0.065092 0.274195 0.177342
v 0.067426 0.275263 0.178657
v 0.069980 0.276373 0.179931
v 0.072453 0.277468 0.181219
v 0.074597 0.278499 0.182570
v 0.076256 0.279438 0.184012
v 0.077386 0.280275 0.185553
v 0.078053 0.281023 0.187181
v 0.078404 0.281710 0.188869
v 0.078618 0.282371 0.190582
v 0.078439 0.281717 0.188862
v 0.078398 0.281089 0.187117
v 0.078672 0.280522 0.185312
v 0.079409 0.280043 0.183420
v 0.080675 0.279666 0.181428
v 0.082427 0.279382 0.179345
v 0.084508 0.279162 0.177201
v 0.086668 0.278957 0.175041
v 0.088610 0.278709 0.172923
v 0.090038 0.278363 0.170901
v 0.090719 0.277874 0.169020
v 0.090523 0.277216 0.167303
v 0.089449 0.276390 0.165751
v 0.087628 0.275421 0.164340
v 0.085294 0.274353 0.163025
v 0.082741 0.273243 0.161751
v 0.080268 0.272148 0.160462
v 0.078123 0.271116 0.159112
v 0.076464 0.270178 0.157670
v 0.075335 0.269341 0.156128
v 0.074668 0.268593 0.154500
v 0.074316 0.267905 0.152813
f 3569 3570 3571
f 3569 3571 3570
f 3569 3571 3572
f 3569 3572 3571
f 3569 3572 3573
f 3569 3573 3572
f 3569 3573 3574
f 3569 3574 3573
f 3569 3574 3575
f 3569 3575 3574
f 3569 3575 3576
f 3569 3576 3575
f 3569 3576 3577
f 3569 3577 3576
f 3569 3577 3578
f 3569 3578 3577
f 3569 3578 3579
f 3569 3579 3578
f 3569 3579 3580
f 3569 3580 3579
f 3569 3580 3581
f 3569 3581 3580
f 3569 3581 3582
f 3569 3582 3581
f 3569 3582 3583
f 3569 3583 3582
f 3569 3583 3584
f 3569 3584 3583
f 3569 3584 3585
f 3569 3585 3584
f 3569 3585 3586
f 3569 3586 3585
f 3569 3586 3587
f 3569 3587 3586
f 3569 3587 3588
f 3569 3588 3587
f 3569 3588 3589
f 3569 3589 3588
f 3569 3589 3590
f 3569 3590 3589
f 3569 3590 3591
f 3569 3591 3590
f 3569 3591 3592
f 3569 3592 3591
f 3569 3592 3593
f 3569 3593 3592
f 3569 3593 3594
f 3569 3594 3593
f 3569 3594 3595
f 3569 3595 3594
f 3569 3595 3596
f 3569 3596 3595
f 3569 3596 3597
f 3569 3597 3596
f 3569 3597 3598
f 3569 3598 3597
f 3569 3598 3599
f 3569 3599 3598
f 3569 3599 3600
f 3569 3600 3599
f 3569 3600 3601
f 3569 3601 3600
f 3569 3601 3602
f 3569 3602 3601
f 3569 3602 3603
f 3569 3603 3602
f 3569 3603 3604
f 3569 3604 3603
f 3569 3604 3605
f 3569 3605 3604
f 3569 3605 3606
f 3569 3606 3605
f 3569 3606 3607
f 3569 3607 3606
f 3569 3607 3608
f 3569 3608 3607
f 3569 3608 3609
f 3569 3609 3608
f 3569 3609 3610
f 3569 3610 3609
f 3569 3610 3611
f 3569 3611 3610
f 3569 3611 3612
f 3569 3612 3611
f 3569 3612 3613
f 3569 3613 3612
f 3569 3613 3614
f 3569 3614 3613
o part_104
v 0.073547 0.286672 0.148655
v 0.073216 0.289347 0.149163
v 0.071595 0.290844 0.150835
v 0.069643 0.290844 0.152722
v 0.067917 0.289347 0.154287
v 0.067399 0.286672 0.154600
v 0.067729 0.283998 0.154093
v 0.069351 0.282500 0.152420
v 0.071302 0.282500 0.150533
v 0.073029 0.283998 0.148969
v 0.084972 0.285773 0.162439
v 0.084747 0.287592 0.162784
v 0.083644 0.288610 0.163921
v 0.082317 0.288610 0.165205
v 0.081143 0.287592 0.166268
v 0.080791 0.285773 0.166482
v 0.081016 0.283954 0.166137
v 0.082118 0.282936 0.164999
v 0.083445 0.282936 0.163716
v 0.084619 0.283954 0.162652
f 3615 3616 3626
f 3615 3626 3625
f 3616 3617 3627
f 3616 3627 3626
f 3617 3618 3628
f 3617 3628 3627
f 3618 3619 3629
f 3618 3629 3628
f 3619 3620 3630
f 3619 3630 3629
f 3620 3621 3631
f 3620 3631 3630
f 3621 3622 3632
f 3621 3632 3631
f 3622 3623 3633
f 3622 3633 3632
f 3623 3624 3634
f 3623 3634 3633
f 3624 3615 3625
f 3624 3625 3634
o part_105
v 0.082881 0.285773 0.164460
v 0.083798 0.285757 0.162485
v 0.084754 0.286149 0.160502
v 0.085760 0.287084 0.158507
v 0.086820 0.288581 0.156500
v 0.087926 0.290565 0.154482
v 0.089064 0.292882 0.152458
v 0.090213 0.295321 0.150431
v 0.091351 0.297644 0.148406
v 0.092455 0.299611 0.146389
v 0.093506 0.301011 0.144384
v 0.094488 0.301689 0.142395
v 0.095395 0.301561 0.140422
v 0.096225 0.300628 0.138467
v 0.096987 0.298972 0.136527
v 0.097695 0.296750 0.134599
v 0.098370 0.294172 0.132679
v 0.099034 0.291477 0.130762
v 0.099709 0.288905 0.128841
v 0.100416 0.286666 0.126914
v 0.101169 0.284913 0.124976
v 0.101975 0.283723 0.123026
v 0.102832 0.283076 0.121065
v 0.103728 0.282836 0.119095
v 0.102811 0.282852 0.121070
v 0.101856 0.282460 0.123053
v 0.100849 0.281525 0.125048
v 0.099789 0.280028 0.127055
v 0.098683 0.278044 0.129073
v 0.097545 0.275727 0.131097
v 0.096396 0.273288 0.133124
v 0.095258 0.270965 0.135149
v 0.094154 0.268999 0.137166
v 0.093103 0.267599 0.139171
v 0.092121 0.266921 0.141160
v 0.091215 0.267048 0.143133
v 0.090384 0.267982 0.145088
v 0.089622 0.269637 0.147028
v 0.088914 0.271859 0.148956
v 0.088239 0.274437 0.150876
v 0.087575 0.277132 0.152794
v 0.086900 0.279704 0.154714
v 0.086193 0.281943 0.156641
v 0.085440 0.283696 0.158579
v 0.084634 0.284886 0.160529
v 0.083777 0.285534 0.162490
f 3635 3636 3637
f 3635 3637 3636
f 3635 3637 3638
f 3635 3638 3637
f 3635 3638 3639
f 3635 3639 3638
f 3635 3639 3640
f 3635 3640 3639
f 3635 3640 3641
f 3635 3641 3640
f 3635 3641 3642
f 3635 3642 3641
f 3635 3642 3643
f 3635 3643 3642
f 3635 3643 3644
f 3635 3644 3643
f 3635 3644 3645
f 3635 3645 3644
f 3635 3645 3646
f 3635 3646 3645
f 3635 3646 3647
f 3635 3647 3646
f 3635 3647 3648
f 3635 3648 3647
f 3635 3648 3649
f 3635 3649 3648
f 3635 3649 3650
f 3635 3650 3649
f 3635 3650 3651
f 3635 3651 3650
f 3635 3651 3652
f 3635 3652 3651
f 3635 3652 3653
f 3635 3653 3652
f 3635 3653 3654
f 3635 3654 3653
f 3635 3654 3655
f 3635 3655 3654
f 3635 3655 3656
f 3635 3656 3655
f 3635 3656 3657
f 3635 3657 3656
f 3635 3657 3658
f 3635 3658 3657
f 3635 3658 3659
f 3635 3659 3658
f 3635 3659 3660
f 3635 3660 3659
f 3635 3660 3661
f 3635 3661 3660
f 3635 3661 3662
f 3635 3662 3661
f 3635 3662 3663
f 3635 3663 3662
f 3635 3663 3664
f 3635 3664 3663
f 3635 3664 3665
f 3635 3665 3664
f 3635 3665 3666
f 3635 3666 3665
f 3635 3666 3667
f 3635 3667 3666
f 3635 3667 3668
f 3635 3668 3667
f 3635 3668 3669
f 3635 3669 3668
f 3635 3669 3670
f 3635 3670 3669
f 3635 3670 3671
f 3635 3671 3670
f 3635 3671 3672
f 3635 3672 3671
f 3635 3672 3673
f 3635 3673 3672
f 3635 3673 3674
f 3635 3674 3673
f 3635 3674 3675
f 3635 3675 3674
f 3635 3675 3676
f 3635 3676 3675
f 3635 3676 3677
f 3635 3677 3676
f 3635 3677 3678
f 3635 3678 3677
f 3635 3678 3679
f 3635 3679 3678
f 3635 3679 3680
f 3635 3680 3679
o part_106
v 0.073654 0.286672 0.154486
v 0.073316 0.289346 0.153978
v 0.071641 0.290843 0.152358
v 0.069622 0.290843 0.150544
v 0.067833 0.289346 0.149051
v 0.067292 0.286672 0.148770
v 0.067629 0.283999 0.149278
v 0.069304 0.282502 0.150897
v 0.071324 0.282502 0.152712
v 0.073113 0.283999 0.154204
v 0.060692 0.287691 0.166865
v 0.060463 0.289509 0.166520
v 0.059324 0.290527 0.165418
v 0.057950 0.290527 0.164185
v 0.056734 0.289509 0.163170
v 0.056366 0.287691 0.162978
v 0.056595 0.285873 0.163324
v 0.057734 0.284854 0.164425
v 0.059108 0.284854 0.165659
v 0.060324 0.285873 0.166674
f 3681 3682 3692
f 3681 3692 3691
f 3682 3683 3693
f 3682 3693 3692
f 3683 3684 3694
f 3683 3694 3693
f 3684 3685 3695
f 3684 3695 3694
f 3685 3686 3696
f 3685 3696 3695
f 3686 3687 3697
f 3686 3697 3696
f 3687 3688 3698
f 3687 3698 3697
f 3688 3689 3699
f 3688 3699 3698
f 3689 3690 3700
f 3689 3700 3699
f 3690 3681 3691
f 3690 3691 3700
o part_107
v 0.058529 0.287691 0.164922
v 0.060928 0.286903 0.165863
v 0.063422 0.286449 0.166865
v 0.066079 0.286561 0.167969
v 0.068933 0.287361 0.169197
v 0.071981 0.288839 0.170548
v 0.075183 0.290856 0.171997
v 0.078468 0.293162 0.173497
v 0.081743 0.295434 0.174992
v 0.084909 0.297323 0.176417
v 0.087873 0.298507 0.177715
v 0.090564 0.298740 0.178841
v 0.092945 0.297890 0.179771
v 0.095016 0.295956 0.180505
v 0.096814 0.293072 0.181068
v 0.098410 0.289483 0.181503
v 0.099897 0.285511 0.181869
v 0.101374 0.281504 0.182228
v 0.102934 0.277787 0.182640
v 0.104648 0.274609 0.183150
v 0.106556 0.272108 0.183781
v 0.108662 0.270296 0.184538
v 0.110930 0.269050 0.185396
v 0.113293 0.268137 0.186315
v 0.110893 0.268924 0.185374
v 0.108399 0.269379 0.184372
v 0.105743 0.269267 0.183268
v 0.102889 0.268467 0.182039
v 0.099841 0.266989 0.180688
v 0.096639 0.264972 0.179240
v 0.093354 0.262666 0.177739
v 0.090078 0.260394 0.176245
v 0.086913 0.258505 0.174820
v 0.083949 0.257321 0.173522
v 0.081258 0.257088 0.172396
v 0.078877 0.257938 0.171466
v 0.076806 0.259872 0.170732
v 0.075008 0.262756 0.170169
v 0.073411 0.266345 0.169734
v 0.071924 0.270317 0.169368
v 0.070447 0.274323 0.169008
v 0.068888 0.278041 0.168596
v 0.067174 0.281219 0.168087
v 0.065265 0.283720 0.167455
v 0.063160 0.285532 0.166699
v 0.060892 0.286777 0.165840
f 3701 3702 3703
f 3701 3703 3702
f 3701 3703 3704
f 3701 3704 3703
f 3701 3704 3705
f 3701 3705 3704
f 3701 3705 3706
f 3701 3706 3705
f 3701 3706 3707
f 3701 3707 3706
f 3701 3707 3708
f 3701 3708 3707
f 3701 3708 3709
f 3701 3709 3708
f 3701 3709 3710
f 3701 3710 3709
f 3701 3710 3711
f 3701 3711 3710
f 3701 3711 3712
f 3701 3712 3711
f 3701 3712 3713
f 3701 3713 3712
f 3701 3713 3714
f 3701 3714 3713
f 3701 3714 3715
f 3701 3715 3714
f 3701 3715 3716
f 3701 3716 3715
f 3701 3716 3717
f 3701 3717 3716
f 3701 3717 3718
f 3701 3718 3717
f 3701 3718 3719
f 3701 3719 3718
f 3701 3719 3720
f 3701 3720 3719
f 3701 3720 3721
f 3701 3721 3720
f 3701 3721 3722
f 3701 3722 3721
f 3701 3722 3723
f 3701 3723 3722
f 3701 3723 3724
f 3701 3724 3723
f 3701 3724 3725
f 3701 3725 3724
f 3701 3725 3726
f 3701 3726 3725
f 3701 3726 3727
f 3701 3727 3726
f 3701 3727 3728
f 3701 3728 3727
f 3701 3728 3729
f 3701 3729 3728
f 3701 3729 3730
f 3701 3730 3729
f 3701 3730 3731
f 3701 3731 3730
f 3701 3731 3732
f 3701 3732 3731
f 3701 3732 3733
f 3701 3733 3732
f 3701 3733 3734
f 3701 3734 3733
f 3701 3734 3735
f 3701 3735 3734
f 3701 3735 3736
f 3701 3736 3735
f 3701 3736 3737
f 3701 3737 3736
f 3701 3737 3738
f 3701 3738 3737
f 3701 3738 3739
f 3701 3739 3738
f 3701 3739 3740
f 3701 3740 3739
f 3701 3740 3741
f 3701 3741 3740
f 3701 3741 3742
f 3701 3742 3741
f 3701 3742 3743
f 3701 3743 3742
f 3701 3743 3744
f 3701 3744 3743
f 3701 3744 3745
f 3701 3745 3744
f 3701 3745 3746
f 3701 3746 3745
o part_108
v 0.058529 0.287691 0.164922
v 0.057487 0.287872 0.162636
v 0.056367 0.287565 0.160317
v 0.055145 0.286631 0.157955
v 0.053819 0.285060 0.155549
v 0.052406 0.282949 0.153106
v 0.050935 0.280477 0.150637
v 0.049444 0.277883 0.148161
v 0.047976 0.275433 0.145694
v 0.046575 0.273395 0.143256
v 0.045278 0.271998 0.140862
v 0.044112 0.271416 0.138524
v 0.043093 0.271738 0.136248
v 0.042221 0.272964 0.134035
v 0.041481 0.275004 0.131878
v 0.040844 0.277687 0.129765
v 0.040274 0.280780 0.127680
v 0.039728 0.284018 0.125605
v 0.039162 0.287134 0.123522
v 0.038537 0.289889 0.121415
v 0.037825 0.292104 0.119269
v 0.037010 0.293682 0.117080
v 0.036093 0.294632 0.114848
v 0.035097 0.295095 0.112582
v 0.036138 0.294913 0.114867
v 0.037259 0.295220 0.117186
v 0.038481 0.296154 0.119549
v 0.039806 0.297725 0.121955
v 0.041219 0.299836 0.124398
v 0.042691 0.302308 0.126866
v 0.044182 0.304903 0.129343
v 0.045650 0.307352 0.131810
v 0.047051 0.309391 0.134248
v 0.048348 0.310787 0.136642
v 0.049513 0.311369 0.138980
v 0.050532 0.311047 0.141256
v 0.051404 0.309821 0.143469
v 0.052145 0.307781 0.145626
v 0.052781 0.305099 0.147739
v 0.053351 0.302005 0.149824
v 0.053898 0.298767 0.151898
v 0.054464 0.295651 0.153981
v 0.055088 0.292896 0.156089
v 0.055801 0.290682 0.158234
v 0.056616 0.289103 0.160423
v 0.057533 0.288153 0.162656
f 3747 3748 3749
f 3747 3749 3748
f 3747 3749 3750
f 3747 3750 3749
f 3747 3750 3751
f 3747 3751 3750
f 3747 3751 3752
f 3747 3752 3751
f 3747 3752 3753
f 3747 3753 3752
f 3747 3753 3754
f 3747 3754 3753
f 3747 3754 3755
f 3747 3755 3754
f 3747 3755 3756
f 3747 3756 3755
f 3747 3756 3757
f 3747 3757 3756
f 3747 3757 3758
f 3747 3758 3757
f 3747 3758 3759
f 3747 3759 3758
f 3747 3759 3760
f 3747 3760 3759
f 3747 3760 3761
f 3747 3761 3760
f 3747 3761 3762
f 3747 3762 3761
f 3747 3762 3763
f 3747 3763 3762
f 3747 3763 3764
f 3747 3764 3763
f 3747 3764 3765
f 3747 3765 3764
f 3747 3765 3766
f 3747 3766 3765
f 3747 3766 3767
f 3747 3767 3766
f 3747 3767 3768
f 3747 3768 3767
f 3747 3768 3769
f 3747 3769 3768
f 3747 3769 3770
f 3747 3770 3769
f 3747 3770 3771
f 3747 3771 3770
f 3747 3771 3772
f 3747 3772 3771
f 3747 3772 3773
f 3747 3773 3772
f 3747 3773 3774
f 3747 3774 3773
f 3747 3774 3775
f 3747 3775 3774
f 3747 3775 3776
f 3747 3776 3775
f 3747 3776 3777
f 3747 3777 3776
f 3747 3777 3778
f 3747 3778 3777
f 3747 3778 3779
f 3747 3779 3778
f 3747 3779 3780
f 3747 3780 3779
f 3747 3780 3781
f 3747 3781 3780
f 3747 3781 3782
f 3747 3782 3781
f 3747 3782 3783
f 3747 3783 3782
f 3747 3783 3784
f 3747 3784 3783
f 3747 3784 3785
f 3747 3785 3784
f 3747 3785 3786
f 3747 3786 3785
f 3747 3786 3787
f 3747 3787 3786
f 3747 3787 3788
f 3747 3788 3787
f 3747 3788 3789
f 3747 3789 3788
f 3747 3789 3790
f 3747 3790 3789
f 3747 3790 3791
f 3747 3791 3790
f 3747 3791 3792
f 3747 3792 3791
o part_109
v 0.065007 0.308379 0.122652
v 0.062598 0.311595 0.122983
v 0.060583 0.313397 0.126030
v 0.059679 0.313397 0.129918
v 0.060142 0.311595 0.133542
v 0.062158 0.308379 0.134902
v 0.064568 0.305162 0.134571
v 0.066583 0.303361 0.131524
v 0.067487 0.303361 0.127635
v 0.067023 0.305162 0.124012
v 0.091554 0.327958 0.130891
v 0.089916 0.330146 0.131116
v 0.088546 0.331370 0.133188
v 0.087931 0.331370 0.135832
v 0.088246 0.330146 0.138296
v 0.089617 0.327958 0.139221
v 0.091256 0.325771 0.138996
v 0.092626 0.324546 0.136924
v 0.093241 0.324546 0.134280
v 0.092925 0.325771 0.131816
f 3793 3794 3804
f 3793 3804 3803
f 3794 3795 3805
f 3794 3805 3804
f 3795 3796 3806
f 3795 3806 3805
f 3796 3797 3807
f 3796 3807 3806
f 3797 3798 3808
f 3797 3808 3807
f 3798 3799 3809
f 3798 3809 3808
f 3799 3800 3810
f 3799 3810 3809
f 3800 3801 3811
f 3800 3811 3810
f 3801 3802 3812
f 3801 3812 3811
f 3802 3793 3803
f 3802 3803 3812
o part_110
v 0.090586 0.327958 0.135056
v 0.090406 0.327915 0.133240
v 0.089931 0.328299 0.131363
v 0.089196 0.329057 0.129434
v 0.088256 0.330112 0.127461
v 0.087179 0.331365 0.125461
v 0.086042 0.332704 0.123449
v 0.084929 0.334010 0.121441
v 0.083918 0.335168 0.119454
v 0.083083 0.336072 0.117503
v 0.082482 0.336636 0.115601
v 0.082160 0.336799 0.113756
v 0.082137 0.336529 0.111972
v 0.082413 0.335826 0.110250
v 0.082967 0.334723 0.108585
v 0.083755 0.333280 0.106968
v 0.084720 0.331583 0.105387
v 0.085787 0.329738 0.103827
v 0.086877 0.327859 0.102272
v 0.087908 0.326066 0.100705
v 0.088801 0.324472 0.099110
v 0.089490 0.323174 0.097472
v 0.089919 0.322251 0.095781
v 0.090052 0.321755 0.094030
v 0.090232 0.321798 0.095846
v 0.090707 0.321414 0.097722
v 0.091442 0.320656 0.099652
v 0.092382 0.319601 0.101624
v 0.093459 0.318348 0.103625
v 0.094596 0.317009 0.105637
v 0.095709 0.315703 0.107645
v 0.096720 0.314545 0.109632
v 0.097555 0.313641 0.111582
v 0.098156 0.313078 0.113485
v 0.098478 0.312915 0.115330
v 0.098501 0.313184 0.117114
v 0.098225 0.313887 0.118836
v 0.097671 0.314990 0.120501
v 0.096883 0.316433 0.122118
v 0.095918 0.318130 0.123699
v 0.094851 0.319976 0.125259
v 0.093761 0.321854 0.126814
v 0.092730 0.323647 0.128381
v 0.091837 0.325241 0.129976
v 0.091148 0.326539 0.131614
v 0.090719 0.327462 0.133304
f 3813 3814 3815
f 3813 3815 3814
f 3813 3815 3816
f 3813 3816 3815
f 3813 3816 3817
f 3813 3817 3816
f 3813 3817 3818
f 3813 3818 3817
f 3813 3818 3819
f 3813 3819 3818
f 3813 3819 3820
f 3813 3820 3819
f 3813 3820 3821
f 3813 3821 3820
f 3813 3821 3822
f 3813 3822 3821
f 3813 3822 3823
f 3813 3823 3822
f 3813 3823 3824
f 3813 3824 3823
f 3813 3824 3825
f 3813 3825 3824
f 3813 3825 3826
f 3813 3826 3825
f 3813 3826 3827
f 3813 3827 3826
f 3813 3827 3828
f 3813 3828 3827
f 3813 3828 3829
f 3813 3829 3828
f 3813 3829 3830
f 3813 3830 3829
f 3813 3830 3831
f 3813 3831 3830
f 3813 3831 3832
f 3813 3832 3831
f 3813 3832 3833
f 3813 3833 3832
f 3813 3833 3834
f 3813 3834 3833
f 3813 3834 3835
f 3813 3835 3834
f 3813 3835 3836
f 3813 3836 3835
f 3813 3836 3837
f 3813 3837 3836
f 3813 3837 3838
f 3813 3838 3837
f 3813 3838 3839
f 3813 3839 3838
f 3813 3839 3840
f 3813 3840 3839
f 3813 3840 3841
f 3813 3841 3840
f 3813 3841 3842
f 3813 3842 3841
f 3813 3842 3843
f 3813 3843 3842
f 3813 3843 3844
f 3813 3844 3843
f 3813 3844 3845
f 3813 3845 3844
f 3813 3845 3846
f 3813 3846 3845
f 3813 3846 3847
f 3813 3847 3846
f 3813 3847 3848
f 3813 3848 3847
f 3813 3848 3849
f 3813 3849 3848
f 3813 3849 3850
f 3813 3850 3849
f 3813 3850 3851
f 3813 3851 3850
f 3813 3851 3852
f 3813 3852 3851
f 3813 3852 3853
f 3813 3853 3852
f 3813 3853 3854
f 3813 3854 3853
f 3813 3854 3855
f 3813 3855 3854
f 3813 3855 3856
f 3813 3856 3855
f 3813 3856 3857
f 3813 3857 3856
f 3813 3857 3858
f 3813 3858 3857
o part_111
v 0.090586 0.327958 0.135056
v 0.088809 0.327588 0.137368
v 0.087422 0.326566 0.140034
v 0.086379 0.324969 0.143012
v 0.085612 0.322912 0.146240
v 0.085029 0.320547 0.149636
v 0.084527 0.318046 0.153106
v 0.083997 0.315593 0.156549
v 0.083331 0.313366 0.159870
v 0.082433 0.311529 0.162979
v 0.081221 0.310214 0.165804
v 0.079640 0.309516 0.168293
v 0.077659 0.309486 0.170420
v 0.075279 0.310123 0.172185
v 0.072529 0.311378 0.173614
v 0.069466 0.313155 0.174758
v 0.066170 0.315322 0.175691
v 0.062738 0.317715 0.176502
v 0.059278 0.320155 0.177286
v 0.055899 0.322460 0.178144
v 0.052705 0.324456 0.179170
v 0.049786 0.325993 0.180445
v 0.047212 0.326955 0.182033
v 0.045027 0.327265 0.183975
v 0.046804 0.327635 0.181663
v 0.048191 0.328657 0.178998
v 0.049234 0.330254 0.176019
v 0.050001 0.332311 0.172791
v 0.050584 0.334676 0.169395
v 0.051086 0.337177 0.165926
v 0.051616 0.339630 0.162482
v 0.052282 0.341857 0.159161
v 0.053180 0.343694 0.156052
v 0.054392 0.345009 0.153227
v 0.055973 0.345707 0.150738
v 0.057954 0.345737 0.148611
v 0.060334 0.345100 0.146846
v 0.063084 0.343845 0.145418
v 0.066147 0.342068 0.144273
v 0.069443 0.339901 0.143340
v 0.072875 0.337508 0.142530
v 0.076335 0.335068 0.141745
v 0.079714 0.332763 0.140887
v 0.082908 0.330767 0.139861
v 0.085827 0.329230 0.138586
v 0.088401 0.328268 0.136998
f 3859 3860 3861
f 3859 3861 3860
f 3859 3861 3862
f 3859 3862 3861
f 3859 3862 3863
f 3859 3863 3862
f 3859 3863 3864
f 3859 3864 3863
f 3859 3864 3865
f 3859 3865 3864
f 3859 3865 3866
f 3859 3866 3865
f 3859 3866 3867
f 3859 3867 3866
f 3859 3867 3868
f 3859 3868 3867
f 3859 3868 3869
f 3859 3869 3868
f 3859 3869 3870
f 3859 3870 3869
f 3859 3870 3871
f 3859 3871 3870
f 3859 3871 3872
f 3859 3872 3871
f 3859 3872 3873
f 3859 3873 3872
f 3859 3873 3874
f 3859 3874 3873
f 3859 3874 3875
f 3859 3875 3874
f 3859 3875 3876
f 3859 3876 3875
f 3859 3876 3877
f 3859 3877 3876
f 3859 3877 3878
f 3859 3878 3877
f 3859 3878 3879
f 3859 3879 3878
f 3859 3879 3880
f 3859 3880 3879
f 3859 3880 3881
f 3859 3881 3880
f 3859 3881 3882
f 3859 3882 3881
f 3859 3882 3883
f 3859 3883 3882
f 3859 3883 3884
f 3859 3884 3883
f 3859 3884 3885
f 3859 3885 3884
f 3859 3885 3886
f 3859 3886 3885
f 3859 3886 3887
f 3859 3887 3886
f 3859 3887 3888
f 3859 3888 3887
f 3859 3888 3889
f 3859 3889 3888
f 3859 3889 3890
f 3859 3890 3889
f 3859 3890 3891
f 3859 3891 3890
f 3859 3891 3892
f 3859 3892 3891
f 3859 3892 3893
f 3859 3893 3892
f 3859 3893 3894
f 3859 3894 3893
f 3859 3894 3895
f 3859 3895 3894
f 3859 3895 3896
f 3859 3896 3895
f 3859 3896 3897
f 3859 3897 3896
f 3859 3897 3898
f 3859 3898 3897
f 3859 3898 3899
f 3859 3899 3898
f 3859 3899 3900
f 3859 3900 3899
f 3859 3900 3901
f 3859 3901 3900
f 3859 3901 3902
f 3859 3902 3901
f 3859 3902 3903
f 3859 3903 3902
f 3859 3903 3904
f 3859 3904 3903
o part_112
v 0.090724 0.327958 0.130782
v 0.091203 0.330589 0.131388
v 0.091407 0.332063 0.133725
v 0.091320 0.332063 0.136438
v 0.090965 0.330589 0.138756
v 0.090448 0.327958 0.139330
v 0.089968 0.325327 0.138724
v 0.089764 0.323854 0.136388
v 0.089852 0.323854 0.133674
v 0.090206 0.325327 0.131356
v 0.110160 0.324263 0.132779
v 0.110486 0.326052 0.133191
v 0.110625 0.327054 0.134780
v 0.110565 0.327054 0.136625
v 0.110324 0.326052 0.138201
v 0.109972 0.324263 0.138592
v 0.109646 0.322474 0.138179
v 0.109507 0.321472 0.136591
v 0.109567 0.321472 0.134746
v 0.109808 0.322474 0.133169
f 3905 3906 3916
f 3905 3916 3915
f 3906 3907 3917
f 3906 3917 3916
f 3907 3908 3918
f 3907 3918 3917
f 3908 3909 3919
f 3908 3919 3918
f 3909 3910 3920
f 3909 3920 3919
f 3910 3911 3921
f 3910 3921 3920
f 3911 3912 3922
f 3911 3922 3921
f 3912 3913 3923
f 3912 3923 3922
f 3913 3914 3924
f 3913 3924 3923
f 3914 3905 3915
f 3914 3915 3924
o part_113
v 0.110066 0.324263 0.135685
v 0.109205 0.324109 0.133821
v 0.108454 0.324504 0.131757
v 0.107800 0.325375 0.129521
v 0.107220 0.326620 0.127150
v 0.106691 0.328113 0.124688
v 0.106182 0.329711 0.122189
v 0.105665 0.331263 0.119707
v 0.105109 0.332624 0.117293
v 0.104488 0.333661 0.114997
v 0.103780 0.334267 0.112857
v 0.102969 0.334364 0.110902
v 0.102048 0.333913 0.109144
v 0.101017 0.332914 0.107586
v 0.099883 0.331407 0.106211
v 0.098663 0.329468 0.104993
v 0.097377 0.327205 0.103891
v 0.096053 0.324751 0.102860
v 0.094719 0.322252 0.101844
v 0.093407 0.319857 0.100791
v 0.092144 0.317710 0.099648
v 0.090957 0.315937 0.098369
v 0.089866 0.314640 0.096918
v 0.088885 0.313892 0.095269
v 0.089746 0.314047 0.097133
v 0.090497 0.313651 0.099197
v 0.091152 0.312780 0.101433
v 0.091731 0.311535 0.103804
v 0.092260 0.310042 0.106266
v 0.092769 0.308444 0.108765
v 0.093286 0.306892 0.111247
v 0.093842 0.305532 0.113661
v 0.094464 0.304494 0.115957
v 0.095172 0.303889 0.118097
v 0.095982 0.303791 0.120052
v 0.096903 0.304242 0.121810
v 0.097934 0.305241 0.123368
v 0.099068 0.306749 0.124743
v 0.100289 0.308688 0.125961
v 0.101574 0.310950 0.127063
v 0.102899 0.313404 0.128094
v 0.104232 0.315904 0.129110
v 0.105544 0.318299 0.130163
v 0.106807 0.320446 0.131306
v 0.107994 0.322218 0.132585
v 0.109085 0.323515 0.134036
f 3925 3926 3927
f 3925 3927 3926
f 3925 3927 3928
f 3925 3928 3927
f 3925 3928 3929
f 3925 3929 3928
f 3925 3929 3930
f 3925 3930 3929
f 3925 3930 3931
f 3925 3931 3930
f 3925 3931 3932
f 3925 3932 3931
f 3925 3932 3933
f 3925 3933 3932
f 3925 3933 3934
f 3925 3934 3933
f 3925 3934 3935
f 3925 3935 3934
f 3925 3935 3936
f 3925 3936 3935
f 3925 3936 3937
f 3925 3937 3936
f 3925 3937 3938
f 3925 3938 3937
f 3925 3938 3939
f 3925 3939 3938
f 3925 3939 3940
f 3925 3940 3939
f 3925 3940 3941
f 3925 3941 3940
f 3925 3941 3942
f 3925 3942 3941
f 3925 3942 3943
f 3925 3943 3942
f 3925 3943 3944
f 3925 3944 3943
f 3925 3944 3945
f 3925 3945 3944
f 3925 3945 3946
f 3925 3946 3945
f 3925 3946 3947
f 3925 3947 3946
f 3925 3947 3948
f 3925 3948 3947
f 3925 3948 3949
f 3925 3949 3948
f 3925 3949 3950
f 3925 3950 3949
f 3925 3950 3951
f 3925 3951 3950
f 3925 3951 3952
f 3925 3952 3951
f 3925 3952 3953
f 3925 3953 3952
f 3925 3953 3954
f 3925 3954 3953
f 3925 3954 3955
f 3925 3955 3954
f 3925 3955 3956
f 3925 3956 3955
f 3925 3956 3957
f 3925 3957 3956
f 3925 3957 3958
f 3925 3958 3957
f 3925 3958 3959
f 3925 3959 3958
f 3925 3959 3960
f 3925 3960 3959
f 3925 3960 3961
f 3925 3961 3960
f 3925 3961 3962
f 3925 3962 3961
f 3925 3962 3963
f 3925 3963 3962
f 3925 3963 3964
f 3925 3964 3963
f 3925 3964 3965
f 3925 3965 3964
f 3925 3965 3966
f 3925 3966 3965
f 3925 3966 3967
f 3925 3967 3966
f 3925 3967 3968
f 3925 3968 3967
f 3925 3968 3969
f 3925 3969 3968
f 3925 3969 3970
f 3925 3970 3969
o part_114
v 0.086759 0.327958 0.133148
v 0.086367 0.329666 0.135258
v 0.087936 0.330623 0.137330
v 0.090365 0.330623 0.138541
v 0.092964 0.329666 0.138546
v 0.094413 0.327958 0.136964
v 0.094805 0.326250 0.134854
v 0.093236 0.325294 0.132782
v 0.090807 0.325294 0.131571
v 0.088207 0.326250 0.131566
v 0.093192 0.342058 0.123309
v 0.092926 0.343220 0.124744
v 0.093993 0.343870 0.126153
v 0.095645 0.343870 0.126976
v 0.097412 0.343220 0.126980
v 0.098397 0.342058 0.125904
v 0.098664 0.340897 0.124469
v 0.097597 0.340246 0.123060
v 0.095945 0.340246 0.122237
v 0.094177 0.340897 0.122233
f 3971 3972 3982
f 3971 3982 3981
f 3972 3973 3983
f 3972 3983 3982
f 3973 3974 3984
f 3973 3984 3983
f 3974 3975 3985
f 3974 3985 3984
f 3975 3976 3986
f 3975 3986 3985
f 3976 3977 3987
f 3976 3987 3986
f 3977 3978 3988
f 3977 3988 3987
f 3978 3979 3989
f 3978 3989 3988
f 3979 3980 3990
f 3979 3990 3989
f 3980 3971 3981
f 3980 3981 3990
o part_115
v 0.095795 0.342058 0.124606
v 0.093239 0.341102 0.124545
v 0.090352 0.340647 0.124994
v 0.087179 0.340626 0.125886
v 0.083780 0.340945 0.127126
v 0.080232 0.341491 0.128596
v 0.076621 0.342133 0.130164
v 0.073037 0.342733 0.131689
v 0.069569 0.343158 0.133037
v 0.066295 0.343289 0.134084
v 0.063281 0.343026 0.134729
v 0.060574 0.342300 0.134902
v 0.058196 0.341073 0.134565
v 0.056148 0.339347 0.133718
v 0.054407 0.337158 0.132398
v 0.052925 0.334575 0.130676
v 0.051638 0.331697 0.128654
v 0.050466 0.328645 0.126454
v 0.049322 0.325551 0.124212
v 0.048114 0.322553 0.122067
v 0.046757 0.319781 0.120152
v 0.045175 0.317350 0.118586
v 0.043307 0.315353 0.117462
v 0.041107 0.313857 0.116849
v 0.043664 0.314813 0.116911
v 0.046550 0.315268 0.116462
v 0.049724 0.315289 0.115570
v 0.053122 0.314969 0.114330
v 0.056670 0.314424 0.112860
v 0.060281 0.313782 0.111292
v 0.063865 0.313182 0.109766
v 0.067333 0.312757 0.108419
v 0.070607 0.312626 0.107372
v 0.073621 0.312889 0.106726
v 0.076329 0.313615 0.106554
v 0.078706 0.314842 0.106891
v 0.080754 0.316567 0.107738
v 0.082496 0.318757 0.109058
v 0.083977 0.321340 0.110780
v 0.085264 0.324218 0.112802
v 0.086436 0.327270 0.115002
v 0.087581 0.330364 0.117244
v 0.088788 0.333362 0.119389
v 0.090145 0.336134 0.121304
v 0.091727 0.338565 0.122870
v 0.093596 0.340562 0.123993
f 3991 3992 3993
f 3991 3993 3992
f 3991 3993 3994
f 3991 3994 3993
f 3991 3994 3995
f 3991 3995 3994
f 3991 3995 3996
f 3991 3996 3995
f 3991 3996 3997
f 3991 3997 3996
f 3991 3997 3998
f 3991 3998 3997
f 3991 3998 3999
f 3991 3999 3998
f 3991 3999 4000
f 3991 4000 3999
f 3991 4000 4001
f 3991 4001 4000
f 3991 4001 4002
f 3991 4002 4001
f 3991 4002 4003
f 3991 4003 4002
f 3991 4003 4004
f 3991 4004 4003
f 3991 4004 4005
f 3991 4005 4004
f 3991 4005 4006
f 3991 4006 4005
f 3991 4006 4007
f 3991 4007 4006
f 3991 4007 4008
f 3991 4008 4007
f 3991 4008 4009
f 3991 4009 4008
f 3991 4009 4010
f 3991 4010 4009
f 3991 4010 4011
f 3991 4011 4010
f 3991 4011 4012
f 3991 4012 4011
f 3991 4012 4013
f 3991 4013 4012
f 3991 4013 4014
f 3991 4014 4013
f 3991 4014 4015
f 3991 4015 4014
f 3991 4015 4016
f 3991 4016 4015
f 3991 4016 4017
f 3991 4017 4016
f 3991 4017 4018
f 3991 4018 4017
f 3991 4018 4019
f 3991 4019 4018
f 3991 4019 4020
f 3991 4020 4019
f 3991 4020 4021
f 3991 4021 4020
f 3991 4021 4022
f 3991 4022 4021
f 3991 4022 4023
f 3991 4023 4022
f 3991 4023 4024
f 3991 4024 4023
f 3991 4024 4025
f 3991 4025 4024
f 3991 4025 4026
f 3991 4026 4025
f 3991 4026 4027
f 3991 4027 4026
f 3991 4027 4028
f 3991 4028 4027
f 3991 4028 4029
f 3991 4029 4028
f 3991 4029 4030
f 3991 4030 4029
f 3991 4030 4031
f 3991 4031 4030
f 3991 4031 4032
f 3991 4032 4031
f 3991 4032 4033
f 3991 4033 4032
f 3991 4033 4034
f 3991 4034 4033
f 3991 4034 4035
f 3991 4035 4034
f 3991 4035 4036
f 3991 4036 4035
o part_116
v 0.095795 0.342058 0.124606
v 0.097834 0.341492 0.126411
v 0.100234 0.340475 0.127787
v 0.102997 0.339006 0.128734
v 0.106073 0.337147 0.129310
v 0.109379 0.335001 0.129614
v 0.112806 0.332704 0.129774
v 0.116234 0.330405 0.129934
v 0.119539 0.328261 0.130240
v 0.122604 0.326415 0.130828
v 0.125335 0.324986 0.131813
v 0.127661 0.324062 0.133277
v 0.129546 0.323687 0.135263
v 0.130991 0.323863 0.137772
v 0.132031 0.324543 0.140759
v 0.132735 0.325640 0.144144
v 0.133201 0.327036 0.147810
v 0.133544 0.328585 0.151623
v 0.133887 0.330134 0.155436
v 0.134352 0.331530 0.159104
v 0.135046 0.332641 0.162501
v 0.136054 0.333361 0.165526
v 0.137424 0.333629 0.168123
v 0.139155 0.333447 0.170291
v 0.137116 0.334013 0.168487
v 0.134716 0.335030 0.167111
v 0.131953 0.336499 0.166164
v 0.128877 0.338358 0.165588
v 0.125571 0.340504 0.165284
v 0.122144 0.342801 0.165123
v 0.118716 0.345099 0.164964
v 0.115411 0.347244 0.164658
v 0.112346 0.349090 0.164070
v 0.109615 0.350519 0.163085
v 0.107289 0.351443 0.161621
v 0.105404 0.351818 0.159634
v 0.103959 0.351642 0.157126
v 0.102919 0.350962 0.154138
v 0.102215 0.349865 0.150754
v 0.101749 0.348469 0.147087
v 0.101406 0.346920 0.143274
v 0.101063 0.345371 0.139462
v 0.100598 0.343974 0.135793
v 0.099904 0.342864 0.132397
v 0.098896 0.342144 0.129371
v 0.097526 0.341876 0.126775
f 4037 4038 4039
f 4037 4039 4038
f 4037 4039 4040
f 4037 4040 4039
f 4037 4040 4041
f 4037 4041 4040
f 4037 4041 4042
f 4037 4042 4041
f 4037 4042 4043
f 4037 4043 4042
f 4037 4043 4044
f 4037 4044 4043
f 4037 4044 4045
f 4037 4045 4044
f 4037 4045 4046
f 4037 4046 4045
f 4037 4046 4047
f 4037 4047 4046
f 4037 4047 4048
f 4037 4048 4047
f 4037 4048 4049
f 4037 4049 4048
f 4037 4049 4050
f 4037 4050 4049
f 4037 4050 4051
f 4037 4051 4050
f 4037 4051 4052
f 4037 4052 4051
f 4037 4052 4053
f 4037 4053 4052
f 4037 4053 4054
f 4037 4054 4053
f 4037 4054 4055
f 4037 4055 4054
f 4037 4055 4056
f 4037 4056 4055
f 4037 4056 4057
f 4037 4057 4056
f 4037 4057 4058
f 4037 4058 4057
f 4037 4058 4059
f 4037 4059 4058
f 4037 4059 4060
f 4037 4060 4059
f 4037 4060 4061
f 4037 4061 4060
f 4037 4061 4062
f 4037 4062 4061
f 4037 4062 4063
f 4037 4063 4062
f 4037 4063 4064
f 4037 4064 4063
f 4037 4064 4065
f 4037 4065 4064
f 4037 4065 4066
f 4037 4066 4065
f 4037 4066 4067
f 4037 4067 4066
f 4037 4067 4068
f 4037 4068 4067
f 4037 4068 4069
f 4037 4069 4068
f 4037 4069 4070
f 4037 4070 4069
f 4037 4070 4071
f 4037 4071 4070
f 4037 4071 4072
f 4037 4072 4071
f 4037 4072 4073
f 4037 4073 4072
f 4037 4073 4074
f 4037 4074 4073
f 4037 4074 4075
f 4037 4075 4074
f 4037 4075 4076
f 4037 4076 4075
f 4037 4076 4077
f 4037 4077 4076
f 4037 4077 4078
f 4037 4078 4077
f 4037 4078 4079
f 4037 4079 4078
f 4037 4079 4080
f 4037 4080 4079
f 4037 4080 4081
f 4037 4081 4080
f 4037 4081 4082
f 4037 4082 4081
o part_117
v 0.094188 0.327958 0.132752
v 0.092675 0.329860 0.131482
v 0.090145 0.330925 0.131847
v 0.087858 0.330925 0.133310
v 0.086465 0.329860 0.135454
v 0.086983 0.327958 0.137360
v 0.088497 0.326056 0.138630
v 0.091027 0.324991 0.138265
v 0.093314 0.324991 0.136802
v 0.094707 0.326056 0.134658
v 0.100989 0.342589 0.145925
v 0.099960 0.343882 0.145062
v 0.098240 0.344607 0.145310
v 0.096685 0.344607 0.146305
v 0.095737 0.343882 0.147763
v 0.096090 0.342589 0.149059
v 0.097119 0.341296 0.149922
v 0.098839 0.340571 0.149674
v 0.100394 0.340571 0.148679
v 0.101342 0.341296 0.147222
f 4083 4084 4094
f 4083 4094 4093
f 4084 4085 4095
f 4084 4095 4094
f 4085 4086 4096
f 4085 4096 4095
f 4086 4087 4097
f 4086 4097 4096
f 4087 4088 4098
f 4087 4098 4097
f 4088 4089 4099
f 4088 4099 4098
f 4089 4090 4100
f 4089 4100 4099
f 4090 4091 4101
f 4090 4101 4100
f 4091 4092 4102
f 4091 4102 4101
f 4092 4083 4093
f 4092 4093 4102
o part_118
v 0.098539 0.342589 0.147492
v 0.099593 0.342578 0.146096
v 0.100438 0.342852 0.144497
v 0.101051 0.343444 0.142673
v 0.101448 0.344331 0.140640
v 0.101676 0.345449 0.138443
v 0.101804 0.346704 0.136149
v 0.101913 0.347984 0.133838
v 0.102092 0.349170 0.131593
v 0.102422 0.350148 0.129495
v 0.102975 0.350822 0.127613
v 0.103802 0.351120 0.125997
v 0.104930 0.351007 0.124673
v 0.106360 0.350481 0.123642
v 0.108064 0.349581 0.122876
v 0.109990 0.348375 0.122326
v 0.112069 0.346962 0.121923
v 0.114216 0.345455 0.121587
v 0.116345 0.343974 0.121233
v 0.118373 0.342629 0.120782
v 0.120233 0.341515 0.120168
v 0.121877 0.340696 0.119344
v 0.123289 0.340195 0.118295
v 0.124492 0.339979 0.117044
v 0.123439 0.339990 0.118440
v 0.122594 0.339716 0.120039
v 0.121981 0.339124 0.121863
v 0.121584 0.338237 0.123896
v 0.121356 0.337119 0.126092
v 0.121228 0.335864 0.128386
v 0.121119 0.334584 0.130698
v 0.120940 0.333398 0.132943
v 0.120610 0.332420 0.135041
v 0.120057 0.331746 0.136923
v 0.119230 0.331448 0.138539
v 0.118102 0.331561 0.139862
v 0.116672 0.332087 0.140894
v 0.114968 0.332987 0.141660
v 0.113042 0.334193 0.142210
v 0.110963 0.335606 0.142613
v 0.108816 0.337113 0.142949
v 0.106687 0.338595 0.143302
v 0.104658 0.339939 0.143753
v 0.102799 0.341053 0.144368
v 0.101154 0.341872 0.145192
v 0.099743 0.342373 0.146241
f 4103 4104 4105
f 4103 4105 4104
f 4103 4105 4106
f 4103 4106 4105
f 4103 4106 4107
f 4103 4107 4106
f 4103 4107 4108
f 4103 4108 4107
f 4103 4108 4109
f 4103 4109 4108
f 4103 4109 4110
f 4103 4110 4109
f 4103 4110 4111
f 4103 4111 4110
f 4103 4111 4112
f 4103 4112 4111
f 4103 4112 4113
f 4103 4113 4112
f 4103 4113 4114
f 4103 4114 4113
f 4103 4114 4115
f 4103 4115 4114
f 4103 4115 4116
f 4103 4116 4115
f 4103 4116 4117
f 4103 4117 4116
f 4103 4117 4118
f 4103 4118 4117
f 4103 4118 4119
f 4103 4119 4118
f 4103 4119 4120
f 4103 4120 4119
f 4103 4120 4121
f 4103 4121 4120
f 4103 4121 4122
f 4103 4122 4121
f 4103 4122 4123
f 4103 4123 4122
f 4103 4123 4124
f 4103 4124 4123
f 4103 4124 4125
f 4103 4125 4124
f 4103 4125 4126
f 4103 4126 4125
f 4103 4126 4127
f 4103 4127 4126
f 4103 4127 4128
f 4103 4128 4127
f 4103 4128 4129
f 4103 4129 4128
f 4103 4129 4130
f 4103 4130 4129
f 4103 4130 4131
f 4103 4131 4130
f 4103 4131 4132
f 4103 4132 4131
f 4103 4132 4133
f 4103 4133 4132
f 4103 4133 4134
f 4103 4134 4133
f 4103 4134 4135
f 4103 4135 4134
f 4103 4135 4136
f 4103 4136 4135
f 4103 4136 4137
f 4103 4137 4136
f 4103 4137 4138
f 4103 4138 4137
f 4103 4138 4139
f 4103 4139 4138
f 4103 4139 4140
f 4103 4140 4139
f 4103 4140 4141
f 4103 4141 4140
f 4103 4141 4142
f 4103 4142 4141
f 4103 4142 4143
f 4103 4143 4142
f 4103 4143 4144
f 4103 4144 4143
f 4103 4144 4145
f 4103 4145 4144
f 4103 4145 4146
f 4103 4146 4145
f 4103 4146 4147
f 4103 4147 4146
f 4103 4147 4148
f 4103 4148 4147
o part_119
v 0.098539 0.342589 0.147492
v 0.096486 0.341025 0.148297
v 0.094664 0.339213 0.149246
v 0.093227 0.336990 0.150433
v 0.092248 0.334276 0.151904
v 0.091715 0.331087 0.153649
v 0.091530 0.327525 0.155610
v 0.091525 0.323770 0.157682
v 0.091489 0.320049 0.159735
v 0.091194 0.316605 0.161628
v 0.090431 0.313661 0.163232
v 0.089043 0.311385 0.164449
v 0.086943 0.309870 0.165226
v 0.084132 0.309117 0.165563
v 0.080694 0.309032 0.165513
v 0.076790 0.309447 0.165174
v 0.072626 0.310139 0.164675
v 0.068431 0.310864 0.164156
v 0.064417 0.311397 0.163749
v 0.060751 0.311557 0.163557
v 0.057530 0.311241 0.163641
v 0.054767 0.310435 0.164008
v 0.052389 0.309218 0.164613
v 0.050243 0.307752 0.165361
v 0.052297 0.309316 0.164556
v 0.054119 0.311128 0.163607
v 0.055555 0.313352 0.162420
v 0.056534 0.316065 0.160950
v 0.057068 0.319255 0.159205
v 0.057253 0.322816 0.157244
v 0.057258 0.326571 0.155171
v 0.057294 0.330292 0.153118
v 0.057589 0.333736 0.151226
v 0.058351 0.336681 0.149622
v 0.059740 0.338956 0.148405
v 0.061839 0.340471 0.147628
v 0.064651 0.341225 0.147291
v 0.068088 0.341309 0.147341
v 0.071993 0.340894 0.147680
v 0.076156 0.340203 0.148179
v 0.080351 0.339477 0.148698
v 0.084365 0.338945 0.149104
v 0.088032 0.338785 0.149296
v 0.091253 0.339101 0.149213
v 0.094016 0.339906 0.148846
v 0.096394 0.341124 0.148241
f 4149 4150 4151
f 4149 4151 4150
f 4149 4151 4152
f 4149 4152 4151
f 4149 4152 4153
f 4149 4153 4152
f 4149 4153 4154
f 4149 4154 4153
f 4149 4154 4155
f 4149 4155 4154
f 4149 4155 4156
f 4149 4156 4155
f 4149 4156 4157
f 4149 4157 4156
f 4149 4157 4158
f 4149 4158 4157
f 4149 4158 4159
f 4149 4159 4158
f 4149 4159 4160
f 4149 4160 4159
f 4149 4160 4161
f 4149 4161 4160
f 4149 4161 4162
f 4149 4162 4161
f 4149 4162 4163
f 4149 4163 4162
f 4149 4163 4164
f 4149 4164 4163
f 4149 4164 4165
f 4149 4165 4164
f 4149 4165 4166
f 4149 4166 4165
f 4149 4166 4167
f 4149 4167 4166
f 4149 4167 4168
f 4149 4168 4167
f 4149 4168 4169
f 4149 4169 4168
f 4149 4169 4170
f 4149 4170 4169
f 4149 4170 4171
f 4149 4171 4170
f 4149 4171 4172
f 4149 4172 4171
f 4149 4172 4173
f 4149 4173 4172
f 4149 4173 4174
f 4149 4174 4173
f 4149 4174 4175
f 4149 4175 4174
f 4149 4175 4176
f 4149 4176 4175
f 4149 4176 4177
f 4149 4177 4176
f 4149 4177 4178
f 4149 4178 4177
f 4149 4178 4179
f 4149 4179 4178
f 4149 4179 4180
f 4149 4180 4179
f 4149 4180 4181
f 4149 4181 4180
f 4149 4181 4182
f 4149 4182 4181
f 4149 4182 4183
f 4149 4183 4182
f 4149 4183 4184
f 4149 4184 4183
f 4149 4184 4185
f 4149 4185 4184
f 4149 4185 4186
f 4149 4186 4185
f 4149 4186 4187
f 4149 4187 4186
f 4149 4187 4188
f 4149 4188 4187
f 4149 4188 4189
f 4149 4189 4188
f 4149 4189 4190
f 4149 4190 4189
f 4149 4190 4191
f 4149 4191 4190
f 4149 4191 4192
f 4149 4192 4191
f 4149 4192 4193
f 4149 4193 4192
f 4149 4193 4194
f 4149 4194 4193
o part_120
v 0.069869 0.308379 0.128957
v 0.069060 0.311738 0.126878
v 0.065670 0.313619 0.125630
v 0.061680 0.313619 0.125515
v 0.058224 0.311738 0.126567
v 0.057297 0.308379 0.128596
v 0.058106 0.305019 0.130675
v 0.061496 0.303138 0.131924
v 0.065486 0.303138 0.132039
v 0.068942 0.305019 0.130987
v 0.067001 0.326626 0.158715
v 0.066451 0.328910 0.157302
v 0.064146 0.330189 0.156452
v 0.061432 0.330189 0.156375
v 0.059082 0.328910 0.157090
v 0.058452 0.326626 0.158470
v 0.059002 0.324342 0.159884
v 0.061307 0.323062 0.160733
v 0.064021 0.323062 0.160811
v 0.066371 0.324342 0.160095
f 4195 4196 4206
f 4195 4206 4205
f 4196 4197 4207
f 4196 4207 4206
f 4197 4198 4208
f 4197 4208 4207
f 4198 4199 4209
f 4198 4209 4208
f 4199 4200 4210
f 4199 4210 4209
f 4200 4201 4211
f 4200 4211 4210
f 4201 4202 4212
f 4201 4212 4211
f 4202 4203 4213
f 4202 4213 4212
f 4203 4204 4214
f 4203 4214 4213
f 4204 4195 4205
f 4204 4205 4214
o part_121
v 0.062726 0.326626 0.158593
v 0.064539 0.325928 0.158351
v 0.066417 0.325427 0.157991
v 0.068412 0.325277 0.157420
v 0.070552 0.325560 0.156587
v 0.072838 0.326280 0.155492
v 0.075242 0.327352 0.154184
v 0.077711 0.328621 0.152758
v 0.080177 0.329879 0.151338
v 0.082563 0.330899 0.150062
v 0.084800 0.331472 0.149055
v 0.086833 0.331435 0.148415
v 0.088633 0.330701 0.148195
v 0.090201 0.329270 0.148396
v 0.091565 0.327230 0.148963
v 0.092779 0.324742 0.149800
v 0.093914 0.322017 0.150779
v 0.095045 0.319280 0.151766
v 0.096242 0.316740 0.152635
v 0.097557 0.314553 0.153290
v 0.099017 0.312801 0.153683
v 0.100622 0.311484 0.153815
v 0.102345 0.310517 0.153736
v 0.104133 0.309748 0.153537
v 0.102321 0.310446 0.153779
v 0.100443 0.310946 0.154139
v 0.098448 0.311097 0.154710
v 0.096307 0.310813 0.155543
v 0.094022 0.310094 0.156638
v 0.091618 0.309021 0.157946
v 0.089148 0.307752 0.159372
v 0.086683 0.306495 0.160792
v 0.084297 0.305474 0.162068
v 0.082060 0.304902 0.163075
v 0.080027 0.304939 0.163715
v 0.078226 0.305673 0.163934
v 0.076659 0.307103 0.163734
v 0.075295 0.309144 0.163167
v 0.074081 0.311632 0.162330
v 0.072946 0.314357 0.161350
v 0.071815 0.317093 0.160364
v 0.070618 0.319634 0.159495
v 0.069303 0.321821 0.158840
v 0.067843 0.323572 0.158447
v 0.066237 0.324889 0.158315
v 0.064515 0.325856 0.158394
f 4215 4216 4217
f 4215 4217 4216
f 4215 4217 4218
f 4215 4218 4217
f 4215 4218 4219
f 4215 4219 4218
f 4215 4219 4220
f 4215 4220 4219
f 4215 4220 4221
f 4215 4221 4220
f 4215 4221 4222
f 4215 4222 4221
f 4215 4222 4223
f 4215 4223 4222
f 4215 4223 4224
f 4215 4224 4223
f 4215 4224 4225
f 4215 4225 4224
f 4215 4225 4226
f 4215 4226 4225
f 4215 4226 4227
f 4215 4227 4226
f 4215 4227 4228
f 4215 4228 4227
f 4215 4228 4229
f 4215 4229 4228
f 4215 4229 4230
f 4215 4230 4229
f 4215 4230 4231
f 4215 4231 4230
f 4215 4231 4232
f 4215 4232 4231
f 4215 4232 4233
f 4215 4233 4232
f 4215 4233 4234
f 4215 4234 4233
f 4215 4234 4235
f 4215 4235 4234
f 4215 4235 4236
f 4215 4236 4235
f 4215 4236 4237
f 4215 4237 4236
f 4215 4237 4238
f 4215 4238 4237
f 4215 4238 4239
f 4215 4239 4238
f 4215 4239 4240
f 4215 4240 4239
f 4215 4240 4241
f 4215 4241 4240
f 4215 4241 4242
f 4215 4242 4241
f 4215 4242 4243
f 4215 4243 4242
f 4215 4243 4244
f 4215 4244 4243
f 4215 4244 4245
f 4215 4245 4244
f 4215 4245 4246
f 4215 4246 4245
f 4215 4246 4247
f 4215 4247 4246
f 4215 4247 4248
f 4215 4248 4247
f 4215 4248 4249
f 4215 4249 4248
f 4215 4249 4250
f 4215 4250 4249
f 4215 4250 4251
f 4215 4251 4250
f 4215 4251 4252
f 4215 4252 4251
f 4215 4252 4253
f 4215 4253 4252
f 4215 4253 4254
f 4215 4254 4253
f 4215 4254 4255
f 4215 4255 4254
f 4215 4255 4256
f 4215 4256 4255
f 4215 4256 4257
f 4215 4257 4256
f 4215 4257 4258
f 4215 4258 4257
f 4215 4258 4259
f 4215 4259 4258
f 4215 4259 4260
f 4215 4260 4259
o part_122
v 0.066900 0.326626 0.159525
v 0.066269 0.329292 0.159642
v 0.063965 0.330785 0.159272
v 0.061316 0.330785 0.158681
v 0.059074 0.329292 0.158035
v 0.058553 0.326626 0.157660
v 0.059184 0.323960 0.157543
v 0.061488 0.322467 0.157913
v 0.064137 0.322467 0.158505
v 0.066379 0.323960 0.159150
v 0.061273 0.324764 0.178438
v 0.060844 0.326577 0.178518
v 0.059277 0.327592 0.178266
v 0.057476 0.327592 0.177864
v 0.055952 0.326577 0.177425
v 0.055597 0.324764 0.177170
v 0.056026 0.322951 0.177090
v 0.057592 0.321936 0.177342
v 0.059394 0.321936 0.177744
v 0.060918 0.322951 0.178183
f 4261 4262 4272
f 4261 4272 4271
f 4262 4263 4273
f 4262 4273 4272
f 4263 4264 4274
f 4263 4274 4273
f 4264 4265 4275
f 4264 4275 4274
f 4265 4266 4276
f 4265 4276 4275
f 4266 4267 4277
f 4266 4277 4276
f 4267 4268 4278
f 4267 4278 4277
f 4268 4269 4279
f 4268 4279 4278
f 4269 4270 4280
f 4269 4280 4279
f 4270 4261 4271
f 4270 4271 4280
o part_123
v 0.058435 0.324764 0.177804
v 0.060833 0.324684 0.177568
v 0.063421 0.325311 0.177442
v 0.066153 0.326475 0.177401
v 0.068988 0.328025 0.177421
v 0.071885 0.329802 0.177476
v 0.074798 0.331644 0.177541
v 0.077686 0.333389 0.177591
v 0.080506 0.334883 0.177602
v 0.083223 0.335992 0.177552
v 0.085808 0.336609 0.177425
v 0.088241 0.336657 0.177209
v 0.090510 0.336097 0.176898
v 0.092617 0.334929 0.176491
v 0.094571 0.333193 0.175995
v 0.096392 0.330964 0.175422
v 0.098111 0.328350 0.174788
v 0.099763 0.325486 0.174115
v 0.101388 0.322524 0.173427
v 0.103030 0.319627 0.172749
v 0.104734 0.316957 0.172107
v 0.106541 0.314674 0.171525
v 0.108492 0.312927 0.171027
v 0.110633 0.311887 0.170641
v 0.108235 0.311967 0.170877
v 0.105647 0.311340 0.171002
v 0.102915 0.310176 0.171043
v 0.100080 0.308626 0.171024
v 0.097183 0.306849 0.170969
v 0.094270 0.305006 0.170903
v 0.091382 0.303262 0.170853
v 0.088562 0.301768 0.170843
v 0.085845 0.300659 0.170892
v 0.083260 0.300042 0.171019
v 0.080827 0.299994 0.171235
v 0.078558 0.300554 0.171547
v 0.076451 0.301722 0.171954
v 0.074497 0.303458 0.172450
v 0.072675 0.305687 0.173023
v 0.070957 0.308301 0.173656
v 0.069305 0.311165 0.174329
v 0.067680 0.314127 0.175017
v 0.066038 0.317024 0.175696
v 0.064334 0.319694 0.176338
v 0.062527 0.321977 0.176920
v 0.060576 0.323724 0.177417
f 4281 4282 4283
f 4281 4283 4282
f 4281 4283 4284
f 4281 4284 4283
f 4281 4284 4285
f 4281 4285 4284
f 4281 4285 4286
f 4281 4286 4285
f 4281 4286 4287
f 4281 4287 4286
f 4281 4287 4288
f 4281 4288 4287
f 4281 4288 4289
f 4281 4289 4288
f 4281 4289 4290
f 4281 4290 4289
f 4281 4290 4291
f 4281 4291 4290
f 4281 4291 4292
f 4281 4292 4291
f 4281 4292 4293
f 4281 4293 4292
f 4281 4293 4294
f 4281 4294 4293
f 4281 4294 4295
f 4281 4295 4294
f 4281 4295 4296
f 4281 4296 4295
f 4281 4296 4297
f 4281 4297 4296
f 4281 4297 4298
f 4281 4298 4297
f 4281 4298 4299
f 4281 4299 4298
f 4281 4299 4300
f 4281 4300 4299
f 4281 4300 4301
f 4281 4301 4300
f 4281 4301 4302
f 4281 4302 4301
f 4281 4302 4303
f 4281 4303 4302
f 4281 4303 4304
f 4281 4304 4303
f 4281 4304 4305
f 4281 4305 4304
f 4281 4305 4306
f 4281 4306 4305
f 4281 4306 4307
f 4281 4307 4306
f 4281 4307 4308
f 4281 4308 4307
f 4281 4308 4309
f 4281 4309 4308
f 4281 4309 4310
f 4281 4310 4309
f 4281 4310 4311
f 4281 4311 4310
f 4281 4311 4312
f 4281 4312 4311
f 4281 4312 4313
f 4281 4313 4312
f 4281 4313 4314
f 4281 4314 4313
f 4281 4314 4315
f 4281 4315 4314
f 4281 4315 4316
f 4281 4316 4315
f 4281 4316 4317
f 4281 4317 4316
f 4281 4317 4318
f 4281 4318 4317
f 4281 4318 4319
f 4281 4319 4318
f 4281 4319 4320
f 4281 4320 4319
f 4281 4320 4321
f 4281 4321 4320
f 4281 4321 4322
f 4281 4322 4321
f 4281 4322 4323
f 4281 4323 4322
f 4281 4323 4324
f 4281 4324 4323
f 4281 4324 4325
f 4281 4325 4324
f 4281 4325 4326
f 4281 4326 4325
o part_124
v 0.058435 0.324764 0.177804
v 0.057022 0.325098 0.176662
v 0.055508 0.325005 0.175456
v 0.053883 0.324449 0.174180
v 0.052159 0.323473 0.172841
v 0.050358 0.322175 0.171454
v 0.048512 0.320691 0.170039
v 0.046660 0.319181 0.168620
v 0.044843 0.317814 0.167222
v 0.043097 0.316748 0.165870
v 0.041455 0.316121 0.164584
v 0.039941 0.316029 0.163378
v 0.038567 0.316524 0.162260
v 0.037332 0.317606 0.161230
v 0.036225 0.319223 0.160280
v 0.035222 0.321278 0.159396
v 0.034291 0.323636 0.158558
v 0.033394 0.326136 0.157741
v 0.032490 0.328610 0.156920
v 0.031543 0.330898 0.156071
v 0.030518 0.332864 0.155174
v 0.029394 0.334409 0.154214
v 0.028160 0.335492 0.153184
v 0.026824 0.336148 0.152090
v 0.028237 0.335815 0.153232
v 0.029751 0.335908 0.154439
v 0.031375 0.336464 0.155714
v 0.033100 0.337439 0.157053
v 0.034901 0.338737 0.158440
v 0.036747 0.340221 0.159855
v 0.038598 0.341731 0.161274
v 0.040416 0.343099 0.162672
v 0.042162 0.344164 0.164024
v 0.043804 0.344792 0.165310
v 0.045318 0.344884 0.166516
v 0.046692 0.344389 0.167634
v 0.047927 0.343307 0.168664
v 0.049034 0.341689 0.169614
v 0.050037 0.339634 0.170498
v 0.050968 0.337277 0.171336
v 0.051865 0.334777 0.172153
v 0.052768 0.332302 0.172974
v 0.053716 0.330014 0.173823
v 0.054740 0.328049 0.174720
v 0.055865 0.326503 0.175680
v 0.057099 0.325420 0.176710
f 4327 4328 4329
f 4327 4329 4328
f 4327 4329 4330
f 4327 4330 4329
f 4327 4330 4331
f 4327 4331 4330
f 4327 4331 4332
f 4327 4332 4331
f 4327 4332 4333
f 4327 4333 4332
f 4327 4333 4334
f 4327 4334 4333
f 4327 4334 4335
f 4327 4335 4334
f 4327 4335 4336
f 4327 4336 4335
f 4327 4336 4337
f 4327 4337 4336
f 4327 4337 4338
f 4327 4338 4337
f 4327 4338 4339
f 4327 4339 4338
f 4327 4339 4340
f 4327 4340 4339
f 4327 4340 4341
f 4327 4341 4340
f 4327 4341 4342
f 4327 4342 4341
f 4327 4342 4343
f 4327 4343 4342
f 4327 4343 4344
f 4327 4344 4343
f 4327 4344 4345
f 4327 4345 4344
f 4327 4345 4346
f 4327 4346 4345
f 4327 4346 4347
f 4327 4347 4346
f 4327 4347 4348
f 4327 4348 4347
f 4327 4348 4349
f 4327 4349 4348
f 4327 4349 4350
f 4327 4350 4349
f 4327 4350 4351
f 4327 4351 4350
f 4327 4351 4352
f 4327 4352 4351
f 4327 4352 4353
f 4327 4353 4352
f 4327 4353 4354
f 4327 4354 4353
f 4327 4354 4355
f 4327 4355 4354
f 4327 4355 4356
f 4327 4356 4355
f 4327 4356 4357
f 4327 4357 4356
f 4327 4357 4358
f 4327 4358 4357
f 4327 4358 4359
f 4327 4359 4358
f 4327 4359 4360
f 4327 4360 4359
f 4327 4360 4361
f 4327 4361 4360
f 4327 4361 4362
f 4327 4362 4361
f 4327 4362 4363
f 4327 4363 4362
f 4327 4363 4364
f 4327 4364 4363
f 4327 4364 4365
f 4327 4365 4364
f 4327 4365 4366
f 4327 4366 4365
f 4327 4366 4367
f 4327 4367 4366
f 4327 4367 4368
f 4327 4368 4367
f 4327 4368 4369
f 4327 4369 4368
f 4327 4369 4370
f 4327 4370 4369
f 4327 4370 4371
f 4327 4371 4370
f 4327 4371 4372
f 4327 4372 4371
o part_125
v 0.065089 0.326626 0.155028
v 0.063385 0.328733 0.154607
v 0.061327 0.329912 0.156036
v 0.059827 0.329912 0.158299
v 0.059312 0.328733 0.160751
v 0.060364 0.326626 0.162157
v 0.062068 0.324519 0.162578
v 0.064126 0.323339 0.161149
v 0.065626 0.323339 0.158886
v 0.066141 0.324519 0.156434
v 0.077794 0.339299 0.165092
v 0.076636 0.340732 0.164805
v 0.075236 0.341534 0.165777
v 0.074216 0.341534 0.167316
v 0.073866 0.340732 0.168983
v 0.074581 0.339299 0.169939
v 0.075740 0.337867 0.170225
v 0.077140 0.337064 0.169254
v 0.078160 0.337064 0.167715
v 0.078510 0.337867 0.166047
f 4373 4374 4384
f 4373 4384 4383
f 4374 4375 4385
f 4374 4385 4384
f 4375 4376 4386
f 4375 4386 4385
f 4376 4377 4387
f 4376 4387 4386
f 4377 4378 4388
f 4377 4388 4387
f 4378 4379 4389
f 4378 4389 4388
f 4379 4380 4390
f 4379 4390 4389
f 4380 4381 4391
f 4380 4391 4390
f 4381 4382 4392
f 4381 4392 4391
f 4382 4373 4383
f 4382 4383 4392
o part_126
v 0.076188 0.339299 0.167515
v 0.076742 0.338869 0.165116
v 0.077198 0.338578 0.162667
v 0.077419 0.338621 0.160101
v 0.077285 0.339164 0.157357
v 0.076736 0.340295 0.154406
v 0.075799 0.341974 0.151260
v 0.074591 0.344036 0.147979
v 0.073309 0.346203 0.144661
v 0.072191 0.348140 0.141425
v 0.071472 0.349511 0.138388
v 0.071343 0.350047 0.135647
v 0.071909 0.349601 0.133253
v 0.073170 0.348171 0.131208
v 0.075021 0.345907 0.129457
v 0.077272 0.343078 0.127906
v 0.079686 0.340018 0.126437
v 0.082025 0.337063 0.124931
v 0.084094 0.334490 0.123289
v 0.085775 0.332467 0.121454
v 0.087041 0.331030 0.119410
v 0.087952 0.330095 0.117190
v 0.088629 0.329493 0.114851
v 0.089206 0.329030 0.112463
v 0.088652 0.329460 0.114863
v 0.088196 0.329751 0.117311
v 0.087975 0.329709 0.119878
v 0.088109 0.329165 0.122622
v 0.088658 0.328034 0.125573
v 0.089595 0.326355 0.128719
v 0.090803 0.324293 0.131999
v 0.092085 0.322126 0.135317
v 0.093203 0.320189 0.138554
v 0.093922 0.318818 0.141590
v 0.094051 0.318282 0.144332
v 0.093485 0.318728 0.146725
v 0.092224 0.320158 0.148771
v 0.090373 0.322422 0.150522
v 0.088122 0.325251 0.152072
v 0.085708 0.328312 0.153541
v 0.083369 0.331266 0.155048
v 0.081300 0.333839 0.156689
v 0.079619 0.335862 0.158525
v 0.078353 0.337299 0.160568
v 0.077442 0.338234 0.162789
v 0.076765 0.338836 0.165128
f 4393 4394 4395
f 4393 4395 4394
f 4393 4395 4396
f 4393 4396 4395
f 4393 4396 4397
f 4393 4397 4396
f 4393 4397 4398
f 4393 4398 4397
f 4393 4398 4399
f 4393 4399 4398
f 4393 4399 4400
f 4393 4400 4399
f 4393 4400 4401
f 4393 4401 4400
f 4393 4401 4402
f 4393 4402 4401
f 4393 4402 4403
f 4393 4403 4402
f 4393 4403 4404
f 4393 4404 4403
f 4393 4404 4405
f 4393 4405 4404
f 4393 4405 4406
f 4393 4406 4405
f 4393 4406 4407
f 4393 4407 4406
f 4393 4407 4408
f 4393 4408 4407
f 4393 4408 4409
f 4393 4409 4408
f 4393 4409 4410
f 4393 4410 4409
f 4393 4410 4411
f 4393 4411 4410
f 4393 4411 4412
f 4393 4412 4411
f 4393 4412 4413
f 4393 4413 4412
f 4393 4413 4414
f 4393 4414 4413
f 4393 4414 4415
f 4393 4415 4414
f 4393 4415 4416
f 4393 4416 4415
f 4393 4416 4417
f 4393 4417 4416
f 4393 4417 4418
f 4393 4418 4417
f 4393 4418 4419
f 4393 4419 4418
f 4393 4419 4420
f 4393 4420 4419
f 4393 4420 4421
f 4393 4421 4420
f 4393 4421 4422
f 4393 4422 4421
f 4393 4422 4423
f 4393 4423 4422
f 4393 4423 4424
f 4393 4424 4423
f 4393 4424 4425
f 4393 4425 4424
f 4393 4425 4426
f 4393 4426 4425
f 4393 4426 4427
f 4393 4427 4426
f 4393 4427 4428
f 4393 4428 4427
f 4393 4428 4429
f 4393 4429 4428
f 4393 4429 4430
f 4393 4430 4429
f 4393 4430 4431
f 4393 4431 4430
f 4393 4431 4432
f 4393 4432 4431
f 4393 4432 4433
f 4393 4433 4432
f 4393 4433 4434
f 4393 4434 4433
f 4393 4434 4435
f 4393 4435 4434
f 4393 4435 4436
f 4393 4436 4435
f 4393 4436 4437
f 4393 4437 4436
f 4393 4437 4438
f 4393 4438 4437
o part_127
v 0.064879 0.326626 0.162287
v 0.066015 0.328728 0.160942
v 0.065646 0.329905 0.158463
v 0.064279 0.329905 0.156117
v 0.062304 0.328728 0.154573
v 0.060574 0.326626 0.154898
v 0.059438 0.324524 0.156243
v 0.059807 0.323346 0.158723
v 0.061174 0.323346 0.161068
v 0.063149 0.324524 0.162612
v 0.051850 0.337895 0.168296
v 0.052622 0.339325 0.167381
v 0.052371 0.340125 0.165695
v 0.051442 0.340125 0.164100
v 0.050099 0.339325 0.163050
v 0.048922 0.337895 0.163271
v 0.048150 0.336466 0.164185
v 0.048401 0.335665 0.165871
v 0.049330 0.335665 0.167466
v 0.050673 0.336466 0.168516
f 4439 4440 4450
f 4439 4450 4449
f 4440 4441 4451
f 4440 4451 4450
f 4441 4442 4452
f 4441 4452 4451
f 4442 4443 4453
f 4442 4453 4452
f 4443 4444 4454
f 4443 4454 4453
f 4444 4445 4455
f 4444 4455 4454
f 4445 4446 4456
f 4445 4456 4455
f 4446 4447 4457
f 4446 4457 4456
f 4447 4448 4458
f 4447 4458 4457
f 4448 4439 4449
f 4448 4449 4458
o part_128
v 0.050386 0.337895 0.165783
v 0.051884 0.337637 0.166735
v 0.053677 0.337802 0.167529
v 0.055706 0.338307 0.168197
v 0.057910 0.339063 0.168770
v 0.060222 0.339975 0.169286
v 0.062571 0.340940 0.169781
v 0.064886 0.341855 0.170296
v 0.067096 0.342620 0.170866
v 0.069142 0.343148 0.171524
v 0.070973 0.343369 0.172298
v 0.072554 0.343230 0.173205
v 0.073869 0.342708 0.174255
v 0.074915 0.341801 0.175449
v 0.075713 0.340536 0.176777
v 0.076296 0.338962 0.178220
v 0.076714 0.337152 0.179751
v 0.077028 0.335192 0.181338
v 0.077307 0.333182 0.182943
v 0.077623 0.331225 0.184529
v 0.078048 0.329424 0.186057
v 0.078647 0.327875 0.187490
v 0.079483 0.326664 0.188798
v 0.080613 0.325877 0.189947
v 0.079116 0.326136 0.188995
v 0.077322 0.325970 0.188201
v 0.075294 0.325466 0.187533
v 0.073090 0.324710 0.186960
v 0.070777 0.323798 0.186444
v 0.068428 0.322833 0.185949
v 0.066114 0.321918 0.185434
v 0.063903 0.321153 0.184864
v 0.061858 0.320624 0.184206
v 0.060027 0.320404 0.183432
v 0.058445 0.320542 0.182525
v 0.057131 0.321065 0.181474
v 0.056084 0.321972 0.180280
v 0.055287 0.323237 0.178953
v 0.054704 0.324810 0.177510
v 0.054286 0.326621 0.175979
v 0.053971 0.328581 0.174392
v 0.053692 0.330591 0.172787
v 0.053376 0.332548 0.171201
v 0.052952 0.334349 0.169673
v 0.052352 0.335898 0.168240
v 0.051517 0.337109 0.166932
f 4459 4460 4461
f 4459 4461 4460
f 4459 4461 4462
f 4459 4462 4461
f 4459 4462 4463
f 4459 4463 4462
f 4459 4463 4464
f 4459 4464 4463
f 4459 4464 4465
f 4459 4465 4464
f 4459 4465 4466
f 4459 4466 4465
f 4459 4466 4467
f 4459 4467 4466
f 4459 4467 4468
f 4459 4468 4467
f 4459 4468 4469
f 4459 4469 4468
f 4459 4469 4470
f 4459 4470 4469
f 4459 4470 4471
f 4459 4471 4470
f 4459 4471 4472
f 4459 4472 4471
f 4459 4472 4473
f 4459 4473 4472
f 4459 4473 4474
f 4459 4474 4473
f 4459 4474 4475
f 4459 4475 4474
f 4459 4475 4476
f 4459 4476 4475
f 4459 4476 4477
f 4459 4477 4476
f 4459 4477 4478
f 4459 4478 4477
f 4459 4478 4479
f 4459 4479 4478
f 4459 4479 4480
f 4459 4480 4479
f 4459 4480 4481
f 4459 4481 4480
f 4459 4481 4482
f 4459 4482 4481
f 4459 4482 4483
f 4459 4483 4482
f 4459 4483 4484
f 4459 4484 4483
f 4459 4484 4485
f 4459 4485 4484
f 4459 4485 4486
f 4459 4486 4485
f 4459 4486 4487
f 4459 4487 4486
f 4459 4487 4488
f 4459 4488 4487
f 4459 4488 4489
f 4459 4489 4488
f 4459 4489 4490
f 4459 4490 4489
f 4459 4490 4491
f 4459 4491 4490
f 4459 4491 4492
f 4459 4492 4491
f 4459 4492 4493
f 4459 4493 4492
f 4459 4493 4494
f 4459 4494 4493
f 4459 4494 4495
f 4459 4495 4494
f 4459 4495 4496
f 4459 4496 4495
f 4459 4496 4497
f 4459 4497 4496
f 4459 4497 4498
f 4459 4498 4497
f 4459 4498 4499
f 4459 4499 4498
f 4459 4499 4500
f 4459 4500 4499
f 4459 4500 4501
f 4459 4501 4500
f 4459 4501 4502
f 4459 4502 4501
f 4459 4502 4503
f 4459 4503 4502
f 4459 4503 4504
f 4459 4504 4503
o part_129
v 0.025753 0.306584 0.067661
v 0.022412 0.310252 0.070908
v 0.022587 0.312307 0.076532
v 0.025368 0.312307 0.081702
v 0.029963 0.310252 0.084948
v 0.034515 0.306584 0.083950
v 0.037856 0.302916 0.080702
v 0.037681 0.300861 0.075079
v 0.034900 0.300861 0.069908
v 0.030305 0.302916 0.066663
v 0.068346 0.363719 0.048111
v 0.066073 0.366214 0.050319
v 0.066193 0.367611 0.054143
v 0.068084 0.367611 0.057659
v 0.071209 0.366214 0.059866
v 0.074304 0.363719 0.059187
v 0.076576 0.361225 0.056979
v 0.076457 0.359828 0.053155
v 0.074566 0.359828 0.049639
v 0.071441 0.361225 0.047432
f 4505 4506 4516
f 4505 4516 4515
f 4506 4507 4517
f 4506 4517 4516
f 4507 4508 4518
f 4507 4518 4517
f 4508 4509 4519
f 4508 4519 4518
f 4509 4510 4520
f 4509 4520 4519
f 4510 4511 4521
f 4510 4521 4520
f 4511 4512 4522
f 4511 4522 4521
f 4512 4513 4523
f 4512 4523 4522
f 4513 4514 4524
f 4513 4524 4523
f 4514 4505 4515
f 4514 4515 4524
o part_130
v 0.067772 0.363719 0.048460
v 0.067247 0.367460 0.049872
v 0.068612 0.369555 0.053087
v 0.070868 0.369555 0.056381
v 0.073371 0.367460 0.058817
v 0.074878 0.363719 0.058838
v 0.075403 0.359979 0.057426
v 0.074037 0.357884 0.054211
v 0.071781 0.357884 0.050917
v 0.069278 0.359979 0.048481
v 0.100705 0.376401 0.028347
v 0.100348 0.378945 0.029308
v 0.101277 0.380369 0.031494
v 0.102811 0.380369 0.033733
v 0.104513 0.378945 0.035390
v 0.105537 0.376401 0.035404
v 0.105894 0.373857 0.034444
v 0.104965 0.372433 0.032258
v 0.103432 0.372433 0.030018
v 0.101729 0.373857 0.028362
f 4525 4526 4536
f 4525 4536 4535
f 4526 4527 4537
f 4526 4537 4536
f 4527 4528 4538
f 4527 4538 4537
f 4528 4529 4539
f 4528 4539 4538
f 4529 4530 4540
f 4529 4540 4539
f 4530 4531 4541
f 4530 4541 4540
f 4531 4532 4542
f 4531 4542 4541
f 4532 4533 4543
f 4532 4543 4542
f 4533 4534 4544
f 4533 4544 4543
f 4534 4525 4535
f 4534 4535 4544
o part_131
v 0.103121 0.376401 0.031876
v 0.101585 0.376803 0.030728
v 0.100018 0.377494 0.029704
v 0.098405 0.378615 0.028862
v 0.096739 0.380214 0.028223
v 0.095027 0.382251 0.027771
v 0.093280 0.384610 0.027455
v 0.091517 0.387115 0.027200
v 0.089761 0.389553 0.026918
v 0.088036 0.391706 0.026515
v 0.086363 0.393378 0.025907
v 0.084758 0.394420 0.025031
v 0.083229 0.394755 0.023856
v 0.081777 0.394381 0.022379
v 0.080393 0.393378 0.020635
v 0.079061 0.391894 0.018687
v 0.077759 0.390124 0.016617
v 0.076465 0.388288 0.014519
v 0.075155 0.386598 0.012483
v 0.073811 0.385229 0.010584
v 0.072419 0.384299 0.008871
v 0.070975 0.383846 0.007361
v 0.069485 0.383824 0.006034
v 0.067964 0.384091 0.004829
v 0.069499 0.383690 0.005976
v 0.071066 0.382999 0.007001
v 0.072680 0.381878 0.007843
v 0.074345 0.380279 0.008482
v 0.076058 0.378242 0.008934
v 0.077805 0.375882 0.009250
v 0.079568 0.373378 0.009504
v 0.081324 0.370939 0.009787
v 0.083049 0.368786 0.010190
v 0.084722 0.367115 0.010798
v 0.086327 0.366072 0.011673
v 0.087856 0.365738 0.012849
v 0.089308 0.366112 0.014326
v 0.090692 0.367114 0.016070
v 0.092024 0.368599 0.018018
v 0.093325 0.370368 0.020088
v 0.094620 0.372204 0.022186
v 0.095929 0.373895 0.024221
v 0.097274 0.375263 0.026121
v 0.098666 0.376194 0.027834
v 0.100110 0.376646 0.029344
v 0.101600 0.376668 0.030671
f 4545 4546 4547
f 4545 4547 4546
f 4545 4547 4548
f 4545 4548 4547
f 4545 4548 4549
f 4545 4549 4548
f 4545 4549 4550
f 4545 4550 4549
f 4545 4550 4551
f 4545 4551 4550
f 4545 4551 4552
f 4545 4552 4551
f 4545 4552 4553
f 4545 4553 4552
f 4545 4553 4554
f 4545 4554 4553
f 4545 4554 4555
f 4545 4555 4554
f 4545 4555 4556
f 4545 4556 4555
f 4545 4556 4557
f 4545 4557 4556
f 4545 4557 4558
f 4545 4558 4557
f 4545 4558 4559
f 4545 4559 4558
f 4545 4559 4560
f 4545 4560 4559
f 4545 4560 4561
f 4545 4561 4560
f 4545 4561 4562
f 4545 4562 4561
f 4545 4562 4563
f 4545 4563 4562
f 4545 4563 4564
f 4545 4564 4563
f 4545 4564 4565
f 4545 4565 4564
f 4545 4565 4566
f 4545 4566 4565
f 4545 4566 4567
f 4545 4567 4566
f 4545 4567 4568
f 4545 4568 4567
f 4545 4568 4569
f 4545 4569 4568
f 4545 4569 4570
f 4545 4570 4569
f 4545 4570 4571
f 4545 4571 4570
f 4545 4571 4572
f 4545 4572 4571
f 4545 4572 4573
f 4545 4573 4572
f 4545 4573 4574
f 4545 4574 4573
f 4545 4574 4575
f 4545 4575 4574
f 4545 4575 4576
f 4545 4576 4575
f 4545 4576 4577
f 4545 4577 4576
f 4545 4577 4578
f 4545 4578 4577
f 4545 4578 4579
f 4545 4579 4578
f 4545 4579 4580
f 4545 4580 4579
f 4545 4580 4581
f 4545 4581 4580
f 4545 4581 4582
f 4545 4582 4581
f 4545 4582 4583
f 4545 4583 4582
f 4545 4583 4584
f 4545 4584 4583
f 4545 4584 4585
f 4545 4585 4584
f 4545 4585 4586
f 4545 4586 4585
f 4545 4586 4587
f 4545 4587 4586
f 4545 4587 4588
f 4545 4588 4587
f 4545 4588 4589
f 4545 4589 4588
f 4545 4589 4590
f 4545 4590 4589
o part_132
v 0.103121 0.376401 0.031876
v 0.103582 0.376664 0.034531
v 0.104305 0.376374 0.037245
v 0.105326 0.375451 0.040027
v 0.106627 0.373935 0.042872
v 0.108149 0.371949 0.045767
v 0.109806 0.369678 0.048692
v 0.111491 0.367348 0.051624
v 0.113091 0.365198 0.054537
v 0.114497 0.363460 0.057405
v 0.115614 0.362332 0.060209
v 0.116376 0.361958 0.062932
v 0.116747 0.362414 0.065567
v 0.116726 0.363699 0.068113
v 0.116349 0.365739 0.070579
v 0.115684 0.368388 0.072980
v 0.114825 0.371449 0.075337
v 0.113881 0.374691 0.077674
v 0.112965 0.377874 0.080018
v 0.112183 0.380771 0.082393
v 0.111623 0.383198 0.084817
v 0.111343 0.385032 0.087305
v 0.111361 0.386234 0.089860
v 0.111641 0.386883 0.092474
v 0.111180 0.386619 0.089819
v 0.110457 0.386910 0.087105
v 0.109436 0.387833 0.084323
v 0.108136 0.389349 0.081478
v 0.106613 0.391334 0.078583
v 0.104956 0.393605 0.075658
v 0.103271 0.395936 0.072726
v 0.101671 0.398086 0.069813
v 0.100266 0.399824 0.066945
v 0.099148 0.400951 0.064141
v 0.098386 0.401325 0.061418
v 0.098016 0.400870 0.058783
v 0.098037 0.399584 0.056237
v 0.098413 0.397545 0.053771
v 0.099078 0.394896 0.051370
v 0.099937 0.391835 0.049013
v 0.100881 0.388592 0.046676
v 0.101797 0.385410 0.044332
v 0.102579 0.382513 0.041957
v 0.103139 0.380086 0.039533
v 0.103419 0.378251 0.037045
v 0.103401 0.377049 0.034490
f 4591 4592 4593
f 4591 4593 4592
f 4591 4593 4594
f 4591 4594 4593
f 4591 4594 4595
f 4591 4595 4594
f 4591 4595 4596
f 4591 4596 4595
f 4591 4596 4597
f 4591 4597 4596
f 4591 4597 4598
f 4591 4598 4597
f 4591 4598 4599
f 4591 4599 4598
f 4591 4599 4600
f 4591 4600 4599
f 4591 4600 4601
f 4591 4601 4600
f 4591 4601 4602
f 4591 4602 4601
f 4591 4602 4603
f 4591 4603 4602
f 4591 4603 4604
f 4591 4604 4603
f 4591 4604 4605
f 4591 4605 4604
f 4591 4605 4606
f 4591 4606 4605
f 4591 4606 4607
f 4591 4607 4606
f 4591 4607 4608
f 4591 4608 4607
f 4591 4608 4609
f 4591 4609 4608
f 4591 4609 4610
f 4591 4610 4609
f 4591 4610 4611
f 4591 4611 4610
f 4591 4611 4612
f 4591 4612 4611
f 4591 4612 4613
f 4591 4613 4612
f 4591 4613 4614
f 4591 4614 4613
f 4591 4614 4615
f 4591 4615 4614
f 4591 4615 4616
f 4591 4616 4615
f 4591 4616 4617
f 4591 4617 4616
f 4591 4617 4618
f 4591 4618 4617
f 4591 4618 4619
f 4591 4619 4618
f 4591 4619 4620
f 4591 4620 4619
f 4591 4620 4621
f 4591 4621 4620
f 4591 4621 4622
f 4591 4622 4621
f 4591 4622 4623
f 4591 4623 4622
f 4591 4623 4624
f 4591 4624 4623
f 4591 4624 4625
f 4591 4625 4624
f 4591 4625 4626
f 4591 4626 4625
f 4591 4626 4627
f 4591 4627 4626
f 4591 4627 4628
f 4591 4628 4627
f 4591 4628 4629
f 4591 4629 4628
f 4591 4629 4630
f 4591 4630 4629
f 4591 4630 4631
f 4591 4631 4630
f 4591 4631 4632
f 4591 4632 4631
f 4591 4632 4633
f 4591 4633 4632
f 4591 4633 4634
f 4591 4634 4633
f 4591 4634 4635
f 4591 4635 4634
f 4591 4635 4636
f 4591 4636 4635
o part_133
v 0.101235 0.376401 0.028038
v 0.103028 0.378464 0.027815
v 0.104913 0.379619 0.029483
v 0.106110 0.379619 0.031919
v 0.106279 0.378464 0.034431
v 0.105007 0.376401 0.035714
v 0.103214 0.374338 0.035937
v 0.101329 0.373183 0.034268
v 0.100132 0.373183 0.031832
v 0.099963 0.374338 0.029321
v 0.117782 0.361699 0.021433
v 0.119001 0.363102 0.021281
v 0.120283 0.363888 0.022416
v 0.121097 0.363888 0.024072
v 0.121211 0.363102 0.025780
v 0.120347 0.361699 0.026653
v 0.119127 0.360297 0.026804
v 0.117846 0.359511 0.025670
v 0.117032 0.359511 0.024013
v 0.116917 0.360297 0.022305
f 4637 4638 4648
f 4637 4648 4647
f 4638 4639 4649
f 4638 4649 4648
f 4639 4640 4650
f 4639 4650 4649
f 4640 4641 4651
f 4640 4651 4650
f 4641 4642 4652
f 4641 4652 4651
f 4642 4643 4653
f 4642 4653 4652
f 4643 4644 4654
f 4643 4654 4653
f 4644 4645 4655
f 4644 4655 4654
f 4645 4646 4656
f 4645 4656 4655
f 4646 4637 4647
f 4646 4647 4656
o part_134
v 0.119064 0.361699 0.024043
v 0.118257 0.363012 0.022224
v 0.117852 0.364735 0.020452
v 0.117880 0.366901 0.018733
v 0.118299 0.369464 0.017059
v 0.119015 0.372333 0.015422
v 0.119903 0.375376 0.013804
v 0.120812 0.378441 0.012189
v 0.121586 0.381368 0.010558
v 0.122077 0.384006 0.008893
v 0.122161 0.386228 0.007180
v 0.121746 0.387941 0.005408
v 0.120785 0.389096 0.003570
v 0.119277 0.389694 0.001668
v 0.117272 0.389783 -0.000294
v 0.114858 0.389455 -0.002304
v 0.112162 0.388838 -0.004347
v 0.109330 0.388084 -0.006407
v 0.106520 0.387351 -0.008464
v 0.103881 0.386793 -0.010501
v 0.101541 0.386540 -0.012503
v 0.099590 0.386685 -0.014458
v 0.098073 0.387272 -0.016361
v 0.096957 0.388270 -0.018217
v 0.097765 0.386958 -0.016398
v 0.098169 0.385234 -0.014627
v 0.098141 0.383069 -0.012907
v 0.097723 0.380505 -0.011233
v 0.097006 0.377637 -0.009596
v 0.096119 0.374594 -0.007978
v 0.095210 0.371529 -0.006363
v 0.094436 0.368602 -0.004732
v 0.093944 0.365963 -0.003067
v 0.093861 0.363741 -0.001354
v 0.094276 0.362029 0.000418
v 0.095237 0.360873 0.002256
v 0.096744 0.360276 0.004158
v 0.098750 0.360187 0.006120
v 0.101164 0.360515 0.008130
v 0.103860 0.361131 0.010173
v 0.106691 0.361886 0.012233
v 0.109501 0.362618 0.014290
v 0.112141 0.363176 0.016327
v 0.114481 0.363430 0.018329
v 0.116431 0.363284 0.020284
v 0.117949 0.362698 0.022187
f 4657 4658 4659
f 4657 4659 4658
f 4657 4659 4660
f 4657 4660 4659
f 4657 4660 4661
f 4657 4661 4660
f 4657 4661 4662
f 4657 4662 4661
f 4657 4662 4663
f 4657 4663 4662
f 4657 4663 4664
f 4657 4664 4663
f 4657 4664 4665
f 4657 4665 4664
f 4657 4665 4666
f 4657 4666 4665
f 4657 4666 4667
f 4657 4667 4666
f 4657 4667 4668
f 4657 4668 4667
f 4657 4668 4669
f 4657 4669 4668
f 4657 4669 4670
f 4657 4670 4669
f 4657 4670 4671
f 4657 4671 4670
f 4657 4671 4672
f 4657 4672 4671
f 4657 4672 4673
f 4657 4673 4672
f 4657 4673 4674
f 4657 4674 4673
f 4657 4674 4675
f 4657 4675 4674
f 4657 4675 4676
f 4657 4676 4675
f 4657 4676 4677
f 4657 4677 4676
f 4657 4677 4678
f 4657 4678 4677
f 4657 4678 4679
f 4657 4679 4678
f 4657 4679 4680
f 4657 4680 4679
f 4657 4680 4681
f 4657 4681 4680
f 4657 4681 4682
f 4657 4682 4681
f 4657 4682 4683
f 4657 4683 4682
f 4657 4683 4684
f 4657 4684 4683
f 4657 4684 4685
f 4657 4685 4684
f 4657 4685 4686
f 4657 4686 4685
f 4657 4686 4687
f 4657 4687 4686
f 4657 4687 4688
f 4657 4688 4687
f 4657 4688 4689
f 4657 4689 4688
f 4657 4689 4690
f 4657 4690 4689
f 4657 4690 4691
f 4657 4691 4690
f 4657 4691 4692
f 4657 4692 4691
f 4657 4692 4693
f 4657 4693 4692
f 4657 4693 4694
f 4657 4694 4693
f 4657 4694 4695
f 4657 4695 4694
f 4657 4695 4696
f 4657 4696 4695
f 4657 4696 4697
f 4657 4697 4696
f 4657 4697 4698
f 4657 4698 4697
f 4657 4698 4699
f 4657 4699 4698
f 4657 4699 4700
f 4657 4700 4699
f 4657 4700 4701
f 4657 4701 4700
f 4657 4701 4702
f 4657 4702 4701
o part_135
v 0.119064 0.361699 0.024043
v 0.119424 0.363138 0.026265
v 0.119578 0.364172 0.028828
v 0.119483 0.364718 0.031803
v 0.119146 0.364786 0.035179
v 0.118610 0.364463 0.038886
v 0.117948 0.363890 0.042803
v 0.117250 0.363248 0.046779
v 0.116616 0.362733 0.050648
v 0.116145 0.362537 0.054247
v 0.115920 0.362825 0.057438
v 0.116003 0.363721 0.060118
v 0.116428 0.365287 0.062233
v 0.117193 0.367524 0.063782
v 0.118266 0.370368 0.064820
v 0.119586 0.373697 0.065449
v 0.121068 0.377345 0.065809
v 0.122614 0.381120 0.066063
v 0.124125 0.384825 0.066375
v 0.125510 0.388281 0.066897
v 0.126695 0.391345 0.067749
v 0.127638 0.393933 0.069003
v 0.128332 0.396031 0.070669
v 0.128822 0.397725 0.072676
v 0.128462 0.396287 0.070454
v 0.128308 0.395252 0.067891
v 0.128403 0.394707 0.064916
v 0.128740 0.394638 0.061540
v 0.129276 0.394961 0.057833
v 0.129938 0.395534 0.053916
v 0.130636 0.396177 0.049940
v 0.131270 0.396692 0.046071
v 0.131741 0.396888 0.042472
v 0.131966 0.396599 0.039281
v 0.131883 0.395704 0.036601
v 0.131458 0.394137 0.034486
v 0.130693 0.391900 0.032937
v 0.129620 0.389056 0.031899
v 0.128300 0.385727 0.031270
v 0.126818 0.382080 0.030910
v 0.125272 0.378304 0.030656
v 0.123761 0.374599 0.030344
v 0.122376 0.371143 0.029822
v 0.121191 0.368079 0.028970
v 0.120248 0.365492 0.027716
v 0.119553 0.363394 0.026049
f 4703 4704 4705
f 4703 4705 4704
f 4703 4705 4706
f 4703 4706 4705
f 4703 4706 4707
f 4703 4707 4706
f 4703 4707 4708
f 4703 4708 4707
f 4703 4708 4709
f 4703 4709 4708
f 4703 4709 4710
f 4703 4710 4709
f 4703 4710 4711
f 4703 4711 4710
f 4703 4711 4712
f 4703 4712 4711
f 4703 4712 4713
f 4703 4713 4712
f 4703 4713 4714
f 4703 4714 4713
f 4703 4714 4715
f 4703 4715 4714
f 4703 4715 4716
f 4703 4716 4715
f 4703 4716 4717
f 4703 4717 4716
f 4703 4717 4718
f 4703 4718 4717
f 4703 4718 4719
f 4703 4719 4718
f 4703 4719 4720
f 4703 4720 4719
f 4703 4720 4721
f 4703 4721 4720
f 4703 4721 4722
f 4703 4722 4721
f 4703 4722 4723
f 4703 4723 4722
f 4703 4723 4724
f 4703 4724 4723
f 4703 4724 4725
f 4703 4725 4724
f 4703 4725 4726
f 4703 4726 4725
f 4703 4726 4727
f 4703 4727 4726
f 4703 4727 4728
f 4703 4728 4727
f 4703 4728 4729
f 4703 4729 4728
f 4703 4729 4730
f 4703 4730 4729
f 4703 4730 4731
f 4703 4731 4730
f 4703 4731 4732
f 4703 4732 4731
f 4703 4732 4733
f 4703 4733 4732
f 4703 4733 4734
f 4703 4734 4733
f 4703 4734 4735
f 4703 4735 4734
f 4703 4735 4736
f 4703 4736 4735
f 4703 4736 4737
f 4703 4737 4736
f 4703 4737 4738
f 4703 4738 4737
f 4703 4738 4739
f 4703 4739 4738
f 4703 4739 4740
f 4703 4740 4739
f 4703 4740 4741
f 4703 4741 4740
f 4703 4741 4742
f 4703 4742 4741
f 4703 4742 4743
f 4703 4743 4742
f 4703 4743 4744
f 4703 4744 4743
f 4703 4744 4745
f 4703 4745 4744
f 4703 4745 4746
f 4703 4746 4745
f 4703 4746 4747
f 4703 4747 4746
f 4703 4747 4748
f 4703 4748 4747
o part_136
v 0.098854 0.376401 0.031590
v 0.099316 0.378275 0.033538
v 0.101568 0.379325 0.034762
v 0.104276 0.379325 0.034943
v 0.106671 0.378275 0.034030
v 0.107388 0.376401 0.032161
v 0.106926 0.374527 0.030214
v 0.104675 0.373477 0.028989
v 0.101966 0.373477 0.028808
v 0.099571 0.374527 0.029722
v 0.101250 0.392146 0.016285
v 0.101564 0.393420 0.017609
v 0.103095 0.394134 0.018442
v 0.104937 0.394134 0.018565
v 0.106565 0.393420 0.017944
v 0.107052 0.392146 0.016673
v 0.106739 0.390871 0.015349
v 0.105207 0.390157 0.014516
v 0.103366 0.390157 0.014393
v 0.101737 0.390871 0.015014
f 4749 4750 4760
f 4749 4760 4759
f 4750 4751 4761
f 4750 4761 4760
f 4751 4752 4762
f 4751 4762 4761
f 4752 4753 4763
f 4752 4763 4762
f 4753 4754 4764
f 4753 4764 4763
f 4754 4755 4765
f 4754 4765 4764
f 4755 4756 4766
f 4755 4766 4765
f 4756 4757 4767
f 4756 4767 4766
f 4757 4758 4768
f 4757 4768 4767
f 4758 4749 4759
f 4758 4759 4768
o part_137
v 0.104151 0.392146 0.016479
v 0.101634 0.391270 0.016118
v 0.099002 0.390613 0.015972
v 0.096167 0.390343 0.016210
v 0.093078 0.390557 0.016925
v 0.089735 0.391257 0.018120
v 0.086184 0.392351 0.019704
v 0.082518 0.393666 0.021506
v 0.078858 0.394970 0.023297
v 0.075336 0.396010 0.024829
v 0.072075 0.396552 0.025867
v 0.069171 0.396415 0.026235
v 0.066674 0.395500 0.025836
v 0.064585 0.393808 0.024669
v 0.062852 0.391436 0.022831
v 0.061380 0.388567 0.020500
v 0.060047 0.385433 0.017910
v 0.058719 0.382289 0.015309
v 0.057276 0.379365 0.012925
v 0.055626 0.376836 0.010931
v 0.053720 0.374793 0.009417
v 0.051562 0.373233 0.008381
v 0.049200 0.372061 0.007727
v 0.046724 0.371107 0.007289
v 0.049241 0.371983 0.007650
v 0.051873 0.372640 0.007795
v 0.054708 0.372910 0.007558
v 0.057797 0.372696 0.006843
v 0.061140 0.371996 0.005648
v 0.064690 0.370902 0.004064
v 0.068356 0.369587 0.002262
v 0.072017 0.368283 0.000470
v 0.075539 0.367243 -0.001061
v 0.078799 0.366701 -0.002100
v 0.081704 0.366838 -0.002468
v 0.084201 0.367753 -0.002068
v 0.086290 0.369445 -0.000901
v 0.088023 0.371816 0.000937
v 0.089494 0.374686 0.003267
v 0.090828 0.377820 0.005858
v 0.092156 0.380964 0.008459
v 0.093599 0.383888 0.010843
v 0.095249 0.386417 0.012836
v 0.097154 0.388460 0.014350
v 0.099313 0.390020 0.015387
v 0.101675 0.391192 0.016041
f 4769 4770 4771
f 4769 4771 4770
f 4769 4771 4772
f 4769 4772 4771
f 4769 4772 4773
f 4769 4773 4772
f 4769 4773 4774
f 4769 4774 4773
f 4769 4774 4775
f 4769 4775 4774
f 4769 4775 4776
f 4769 4776 4775
f 4769 4776 4777
f 4769 4777 4776
f 4769 4777 4778
f 4769 4778 4777
f 4769 4778 4779
f 4769 4779 4778
f 4769 4779 4780
f 4769 4780 4779
f 4769 4780 4781
f 4769 4781 4780
f 4769 4781 4782
f 4769 4782 4781
f 4769 4782 4783
f 4769 4783 4782
f 4769 4783 4784
f 4769 4784 4783
f 4769 4784 4785
f 4769 4785 4784
f 4769 4785 4786
f 4769 4786 4785
f 4769 4786 4787
f 4769 4787 4786
f 4769 4787 4788
f 4769 4788 4787
f 4769 4788 4789
f 4769 4789 4788
f 4769 4789 4790
f 4769 4790 4789
f 4769 4790 4791
f 4769 4791 4790
f 4769 4791 4792
f 4769 4792 4791
f 4769 4792 4793
f 4769 4793 4792
f 4769 4793 4794
f 4769 4794 4793
f 4769 4794 4795
f 4769 4795 4794
f 4769 4795 4796
f 4769 4796 4795
f 4769 4796 4797
f 4769 4797 4796
f 4769 4797 4798
f 4769 4798 4797
f 4769 4798 4799
f 4769 4799 4798
f 4769 4799 4800
f 4769 4800 4799
f 4769 4800 4801
f 4769 4801 4800
f 4769 4801 4802
f 4769 4802 4801
f 4769 4802 4803
f 4769 4803 4802
f 4769 4803 4804
f 4769 4804 4803
f 4769 4804 4805
f 4769 4805 4804
f 4769 4805 4806
f 4769 4806 4805
f 4769 4806 4807
f 4769 4807 4806
f 4769 4807 4808
f 4769 4808 4807
f 4769 4808 4809
f 4769 4809 4808
f 4769 4809 4810
f 4769 4810 4809
f 4769 4810 4811
f 4769 4811 4810
f 4769 4811 4812
f 4769 4812 4811
f 4769 4812 4813
f 4769 4813 4812
f 4769 4813 4814
f 4769 4814 4813
o part_138
v 0.104151 0.392146 0.016479
v 0.106496 0.391030 0.016366
v 0.108765 0.389764 0.016095
v 0.110873 0.388180 0.015488
v 0.112756 0.386152 0.014411
v 0.114391 0.383633 0.012816
v 0.115806 0.380679 0.010760
v 0.117078 0.377443 0.008408
v 0.118325 0.374158 0.006004
v 0.119684 0.371093 0.003832
v 0.121286 0.368510 0.002169
v 0.123236 0.366614 0.001231
v 0.125592 0.365518 0.001140
v 0.128352 0.365223 0.001895
v 0.131460 0.365616 0.003375
v 0.134812 0.366490 0.005365
v 0.138276 0.367584 0.007587
v 0.141714 0.368628 0.009756
v 0.145010 0.369392 0.011629
v 0.148086 0.369720 0.013041
v 0.150913 0.369557 0.013936
v 0.153515 0.368950 0.014360
v 0.155957 0.368025 0.014448
v 0.158322 0.366950 0.014379
v 0.155978 0.368066 0.014492
v 0.153708 0.369332 0.014763
v 0.151600 0.370915 0.015370
v 0.149717 0.372944 0.016447
v 0.148082 0.375463 0.018042
v 0.146668 0.378417 0.020097
v 0.145395 0.381653 0.022450
v 0.144148 0.384938 0.024854
v 0.142790 0.388003 0.027026
v 0.141187 0.390586 0.028689
v 0.139237 0.392482 0.029626
v 0.136882 0.393578 0.029718
v 0.134121 0.393873 0.028963
v 0.131013 0.393480 0.027483
v 0.127661 0.392606 0.025493
v 0.124198 0.391512 0.023271
v 0.120760 0.390467 0.021102
v 0.117464 0.389704 0.019229
v 0.114388 0.389376 0.017817
v 0.111560 0.389538 0.016922
v 0.108958 0.390146 0.016498
v 0.106517 0.391071 0.016409
f 4815 4816 4817
f 4815 4817 4816
f 4815 4817 4818
f 4815 4818 4817
f 4815 4818 4819
f 4815 4819 4818
f 4815 4819 4820
f 4815 4820 4819
f 4815 4820 4821
f 4815 4821 4820
f 4815 4821 4822
f 4815 4822 4821
f 4815 4822 4823
f 4815 4823 4822
f 4815 4823 4824
f 4815 4824 4823
f 4815 4824 4825
f 4815 4825 4824
f 4815 4825 4826
f 4815 4826 4825
f 4815 4826 4827
f 4815 4827 4826
f 4815 4827 4828
f 4815 4828 4827
f 4815 4828 4829
f 4815 4829 4828
f 4815 4829 4830
f 4815 4830 4829
f 4815 4830 4831
f 4815 4831 4830
f 4815 4831 4832
f 4815 4832 4831
f 4815 4832 4833
f 4815 4833 4832
f 4815 4833 4834
f 4815 4834 4833
f 4815 4834 4835
f 4815 4835 4834
f 4815 4835 4836
f 4815 4836 4835
f 4815 4836 4837
f 4815 4837 4836
f 4815 4837 4838
f 4815 4838 4837
f 4815 4838 4839
f 4815 4839 4838
f 4815 4839 4840
f 4815 4840 4839
f 4815 4840 4841
f 4815 4841 4840
f 4815 4841 4842
f 4815 4842 4841
f 4815 4842 4843
f 4815 4843 4842
f 4815 4843 4844
f 4815 4844 4843
f 4815 4844 4845
f 4815 4845 4844
f 4815 4845 4846
f 4815 4846 4845
f 4815 4846 4847
f 4815 4847 4846
f 4815 4847 4848
f 4815 4848 4847
f 4815 4848 4849
f 4815 4849 4848
f 4815 4849 4850
f 4815 4850 4849
f 4815 4850 4851
f 4815 4851 4850
f 4815 4851 4852
f 4815 4852 4851
f 4815 4852 4853
f 4815 4853 4852
f 4815 4853 4854
f 4815 4854 4853
f 4815 4854 4855
f 4815 4855 4854
f 4815 4855 4856
f 4815 4856 4855
f 4815 4856 4857
f 4815 4857 4856
f 4815 4857 4858
f 4815 4858 4857
f 4815 4858 4859
f 4815 4859 4858
f 4815 4859 4860
f 4815 4860 4859
o part_139
v 0.103322 0.376401 0.027604
v 0.101298 0.378184 0.028100
v 0.100071 0.379183 0.030374
v 0.099944 0.379183 0.033085
v 0.100952 0.378184 0.035464
v 0.102920 0.376401 0.036147
v 0.104944 0.374618 0.035651
v 0.106171 0.373620 0.033378
v 0.106298 0.373620 0.030666
v 0.105290 0.374618 0.028288
v 0.118540 0.393546 0.029689
v 0.117165 0.394758 0.030026
v 0.116330 0.395437 0.031572
v 0.116244 0.395437 0.033416
v 0.116929 0.394758 0.035033
v 0.118268 0.393546 0.035498
v 0.119644 0.392333 0.035161
v 0.120478 0.391654 0.033615
v 0.120564 0.391654 0.031771
v 0.119879 0.392333 0.030154
f 4861 4862 4872
f 4861 4872 4871
f 4862 4863 4873
f 4862 4873 4872
f 4863 4864 4874
f 4863 4874 4873
f 4864 4865 4875
f 4864 4875 4874
f 4865 4866 4876
f 4865 4876 4875
f 4866 4867 4877
f 4866 4877 4876
f 4867 4868 4878
f 4867 4878 4877
f 4868 4869 4879
f 4868 4879 4878
f 4869 4870 4880
f 4869 4880 4879
f 4870 4861 4871
f 4870 4871 4880
o part_140
v 0.118404 0.393546 0.032594
v 0.118508 0.392293 0.030263
v 0.118347 0.391282 0.027777
v 0.117770 0.390653 0.025044
v 0.116712 0.390465 0.022029
v 0.115200 0.390693 0.018745
v 0.113341 0.391238 0.015258
v 0.111313 0.391938 0.011670
v 0.109334 0.392594 0.008111
v 0.107632 0.392994 0.004716
v 0.106418 0.392949 0.001609
v 0.105849 0.392313 -0.001119
v 0.106008 0.391009 -0.003416
v 0.106898 0.389037 -0.005284
v 0.108432 0.386474 -0.006771
v 0.110453 0.383465 -0.007971
v 0.112752 0.380201 -0.009008
v 0.115100 0.376892 -0.010015
v 0.117278 0.373739 -0.011123
v 0.119111 0.370902 -0.012434
v 0.120488 0.368483 -0.014014
v 0.121385 0.366503 -0.015877
v 0.121865 0.364906 -0.017985
v 0.122081 0.363550 -0.020250
v 0.121978 0.364803 -0.017919
v 0.122138 0.365813 -0.015433
v 0.122715 0.366442 -0.012700
v 0.123773 0.366631 -0.009685
v 0.125286 0.366403 -0.006401
v 0.127144 0.365858 -0.002914
v 0.129172 0.365158 0.000674
v 0.131152 0.364502 0.004233
v 0.132853 0.364101 0.007628
v 0.134067 0.364147 0.010735
v 0.134637 0.364782 0.013463
v 0.134477 0.366087 0.015760
v 0.133588 0.368059 0.017628
v 0.132054 0.370622 0.019115
v 0.130033 0.373631 0.020316
v 0.127733 0.376895 0.021352
v 0.125385 0.380204 0.022359
v 0.123207 0.383357 0.023467
v 0.121375 0.386193 0.024778
v 0.119997 0.388613 0.026358
v 0.119100 0.390592 0.028221
v 0.118620 0.392190 0.030329
f 4881 4882 4883
f 4881 4883 4882
f 4881 4883 4884
f 4881 4884 4883
f 4881 4884 4885
f 4881 4885 4884
f 4881 4885 4886
f 4881 4886 4885
f 4881 4886 4887
f 4881 4887 4886
f 4881 4887 4888
f 4881 4888 4887
f 4881 4888 4889
f 4881 4889 4888
f 4881 4889 4890
f 4881 4890 4889
f 4881 4890 4891
f 4881 4891 4890
f 4881 4891 4892
f 4881 4892 4891
f 4881 4892 4893
f 4881 4893 4892
f 4881 4893 4894
f 4881 4894 4893
f 4881 4894 4895
f 4881 4895 4894
f 4881 4895 4896
f 4881 4896 4895
f 4881 4896 4897
f 4881 4897 4896
f 4881 4897 4898
f 4881 4898 4897
f 4881 4898 4899
f 4881 4899 4898
f 4881 4899 4900
f 4881 4900 4899
f 4881 4900 4901
f 4881 4901 4900
f 4881 4901 4902
f 4881 4902 4901
f 4881 4902 4903
f 4881 4903 4902
f 4881 4903 4904
f 4881 4904 4903
f 4881 4904 4905
f 4881 4905 4904
f 4881 4905 4906
f 4881 4906 4905
f 4881 4906 4907
f 4881 4907 4906
f 4881 4907 4908
f 4881 4908 4907
f 4881 4908 4909
f 4881 4909 4908
f 4881 4909 4910
f 4881 4910 4909
f 4881 4910 4911
f 4881 4911 4910
f 4881 4911 4912
f 4881 4912 4911
f 4881 4912 4913
f 4881 4913 4912
f 4881 4913 4914
f 4881 4914 4913
f 4881 4914 4915
f 4881 4915 4914
f 4881 4915 4916
f 4881 4916 4915
f 4881 4916 4917
f 4881 4917 4916
f 4881 4917 4918
f 4881 4918 4917
f 4881 4918 4919
f 4881 4919 4918
f 4881 4919 4920
f 4881 4920 4919
f 4881 4920 4921
f 4881 4921 4920
f 4881 4921 4922
f 4881 4922 4921
f 4881 4922 4923
f 4881 4923 4922
f 4881 4923 4924
f 4881 4924 4923
f 4881 4924 4925
f 4881 4925 4924
f 4881 4925 4926
f 4881 4926 4925
o part_141
v 0.118404 0.393546 0.032594
v 0.117491 0.392932 0.035362
v 0.117197 0.391756 0.038363
v 0.117432 0.390101 0.041560
v 0.118078 0.388074 0.044912
v 0.118992 0.385803 0.048363
v 0.120015 0.383432 0.051855
v 0.120982 0.381113 0.055326
v 0.121732 0.378991 0.058716
v 0.122122 0.377196 0.061971
v 0.122032 0.375835 0.065048
v 0.121380 0.374985 0.067914
v 0.120121 0.374684 0.070554
v 0.118257 0.374933 0.072968
v 0.115830 0.375693 0.075171
v 0.112923 0.376887 0.077196
v 0.109656 0.378409 0.079086
v 0.106172 0.380127 0.080895
v 0.102632 0.381896 0.082683
v 0.099201 0.383566 0.084511
v 0.096039 0.384993 0.086440
v 0.093287 0.386047 0.088522
v 0.091063 0.386622 0.090802
v 0.089460 0.386634 0.093313
v 0.090374 0.387247 0.090544
v 0.090667 0.388423 0.087544
v 0.090432 0.390078 0.084346
v 0.089786 0.392106 0.080995
v 0.088872 0.394377 0.077544
v 0.087849 0.396747 0.074052
v 0.086882 0.399066 0.070581
v 0.086132 0.401189 0.067191
v 0.085742 0.402984 0.063936
v 0.085832 0.404345 0.060859
v 0.086484 0.405195 0.057993
v 0.087743 0.405495 0.055353
v 0.089607 0.405246 0.052939
v 0.092034 0.404487 0.050736
v 0.094941 0.403292 0.048711
v 0.098208 0.401771 0.046821
v 0.101692 0.400053 0.045012
v 0.105232 0.398284 0.043224
v 0.108663 0.396614 0.041396
v 0.111825 0.395187 0.039467
v 0.114577 0.394133 0.037384
v 0.116801 0.393558 0.035105
f 4927 4928 4929
f 4927 4929 4928
f 4927 4929 4930
f 4927 4930 4929
f 4927 4930 4931
f 4927 4931 4930
f 4927 4931 4932
f 4927 4932 4931
f 4927 4932 4933
f 4927 4933 4932
f 4927 4933 4934
f 4927 4934 4933
f 4927 4934 4935
f 4927 4935 4934
f 4927 4935 4936
f 4927 4936 4935
f 4927 4936 4937
f 4927 4937 4936
f 4927 4937 4938
f 4927 4938 4937
f 4927 4938 4939
f 4927 4939 4938
f 4927 4939 4940
f 4927 4940 4939
f 4927 4940 4941
f 4927 4941 4940
f 4927 4941 4942
f 4927 4942 4941
f 4927 4942 4943
f 4927 4943 4942
f 4927 4943 4944
f 4927 4944 4943
f 4927 4944 4945
f 4927 4945 4944
f 4927 4945 4946
f 4927 4946 4945
f 4927 4946 4947
f 4927 4947 4946
f 4927 4947 4948
f 4927 4948 4947
f 4927 4948 4949
f 4927 4949 4948
f 4927 4949 4950
f 4927 4950 4949
f 4927 4950 4951
f 4927 4951 4950
f 4927 4951 4952
f 4927 4952 4951
f 4927 4952 4953
f 4927 4953 4952
f 4927 4953 4954
f 4927 4954 4953
f 4927 4954 4955
f 4927 4955 4954
f 4927 4955 4956
f 4927 4956 4955
f 4927 4956 4957
f 4927 4957 4956
f 4927 4957 4958
f 4927 4958 4957
f 4927 4958 4959
f 4927 4959 4958
f 4927 4959 4960
f 4927 4960 4959
f 4927 4960 4961
f 4927 4961 4960
f 4927 4961 4962
f 4927 4962 4961
f 4927 4962 4963
f 4927 4963 4962
f 4927 4963 4964
f 4927 4964 4963
f 4927 4964 4965
f 4927 4965 4964
f 4927 4965 4966
f 4927 4966 4965
f 4927 4966 4967
f 4927 4967 4966
f 4927 4967 4968
f 4927 4968 4967
f 4927 4968 4969
f 4927 4969 4968
f 4927 4969 4970
f 4927 4970 4969
f 4927 4970 4971
f 4927 4971 4970
f 4927 4971 4972
f 4927 4972 4971
o part_142
v 0.065238 0.363719 0.055230
v 0.066919 0.365798 0.058249
v 0.070704 0.366962 0.059201
v 0.074568 0.366962 0.058197
v 0.077412 0.365798 0.055524
v 0.077411 0.363719 0.052068
v 0.075730 0.361641 0.049049
v 0.071945 0.360477 0.048097
v 0.068081 0.360477 0.049100
v 0.065238 0.361641 0.051774
v 0.062152 0.395939 0.035344
v 0.063296 0.397353 0.037397
v 0.065869 0.398144 0.038044
v 0.068497 0.398144 0.037362
v 0.070430 0.397353 0.035544
v 0.070430 0.395939 0.033194
v 0.069287 0.394526 0.031141
v 0.066713 0.393734 0.030494
v 0.064086 0.393734 0.031176
v 0.062152 0.394526 0.032994
f 4973 4974 4984
f 4973 4984 4983
f 4974 4975 4985
f 4974 4985 4984
f 4975 4976 4986
f 4975 4986 4985
f 4976 4977 4987
f 4976 4987 4986
f 4977 4978 4988
f 4977 4988 4987
f 4978 4979 4989
f 4978 4989 4988
f 4979 4980 4990
f 4979 4990 4989
f 4980 4981 4991
f 4980 4991 4990
f 4981 4982 4992
f 4981 4992 4991
f 4982 4973 4983
f 4982 4983 4992
o part_143
v 0.066291 0.395939 0.034269
v 0.064671 0.395182 0.036190
v 0.063173 0.394535 0.038261
v 0.061943 0.394126 0.040660
v 0.061093 0.394056 0.043523
v 0.060665 0.394363 0.046904
v 0.060617 0.395009 0.050748
v 0.060817 0.395876 0.054897
v 0.061066 0.396787 0.059106
v 0.061130 0.397533 0.063088
v 0.060780 0.397909 0.066564
v 0.059836 0.397756 0.069313
v 0.058199 0.396984 0.071213
v 0.055869 0.395593 0.072266
v 0.052945 0.393673 0.072591
v 0.049607 0.391384 0.072410
v 0.046084 0.388929 0.072003
v 0.042609 0.386517 0.071655
v 0.039383 0.384328 0.071612
v 0.036537 0.382477 0.072032
v 0.034113 0.381003 0.072970
v 0.032069 0.379868 0.074373
v 0.030293 0.378972 0.076103
v 0.028639 0.378185 0.077983
v 0.030260 0.378942 0.076062
v 0.031757 0.379589 0.073991
v 0.032987 0.379998 0.071592
v 0.033838 0.380068 0.068729
v 0.034265 0.379761 0.065348
v 0.034314 0.379116 0.061504
v 0.034113 0.378248 0.057355
v 0.033864 0.377337 0.053146
v 0.033801 0.376592 0.049164
v 0.034150 0.376215 0.045688
v 0.035094 0.376368 0.042939
v 0.036731 0.377140 0.041039
v 0.039062 0.378531 0.039986
v 0.041986 0.380451 0.039661
v 0.045324 0.382741 0.039842
v 0.048847 0.385196 0.040249
v 0.052321 0.387607 0.040597
v 0.055547 0.389796 0.040641
v 0.058394 0.391647 0.040220
v 0.060817 0.393121 0.039282
v 0.062861 0.394256 0.037879
v 0.064638 0.395153 0.036149
f 4993 4994 4995
f 4993 4995 4994
f 4993 4995 4996
f 4993 4996 4995
f 4993 4996 4997
f 4993 4997 4996
f 4993 4997 4998
f 4993 4998 4997
f 4993 4998 4999
f 4993 4999 4998
f 4993 4999 5000
f 4993 5000 4999
f 4993 5000 5001
f 4993 5001 5000
f 4993 5001 5002
f 4993 5002 5001
f 4993 5002 5003
f 4993 5003 5002
f 4993 5003 5004
f 4993 5004 5003
f 4993 5004 5005
f 4993 5005 5004
f 4993 5005 5006
f 4993 5006 5005
f 4993 5006 5007
f 4993 5007 5006
f 4993 5007 5008
f 4993 5008 5007
f 4993 5008 5009
f 4993 5009 5008
f 4993 5009 5010
f 4993 5010 5009
f 4993 5010 5011
f 4993 5011 5010
f 4993 5011 5012
f 4993 5012 5011
f 4993 5012 5013
f 4993 5013 5012
f 4993 5013 5014
f 4993 5014 5013
f 4993 5014 5015
f 4993 5015 5014
f 4993 5015 5016
f 4993 5016 5015
f 4993 5016 5017
f 4993 5017 5016
f 4993 5017 5018
f 4993 5018 5017
f 4993 5018 5019
f 4993 5019 5018
f 4993 5019 5020
f 4993 5020 5019
f 4993 5020 5021
f 4993 5021 5020
f 4993 5021 5022
f 4993 5022 5021
f 4993 5022 5023
f 4993 5023 5022
f 4993 5023 5024
f 4993 5024 5023
f 4993 5024 5025
f 4993 5025 5024
f 4993 5025 5026
f 4993 5026 5025
f 4993 5026 5027
f 4993 5027 5026
f 4993 5027 5028
f 4993 5028 5027
f 4993 5028 5029
f 4993 5029 5028
f 4993 5029 5030
f 4993 5030 5029
f 4993 5030 5031
f 4993 5031 5030
f 4993 5031 5032
f 4993 5032 5031
f 4993 5032 5033
f 4993 5033 5032
f 4993 5033 5034
f 4993 5034 5033
f 4993 5034 5035
f 4993 5035 5034
f 4993 5035 5036
f 4993 5036 5035
f 4993 5036 5037
f 4993 5037 5036
f 4993 5037 5038
f 4993 5038 5037
o part_144
v 0.062205 0.395939 0.035528
v 0.063037 0.398458 0.036225
v 0.065413 0.399868 0.036027
v 0.068007 0.399868 0.035227
v 0.070082 0.398458 0.034054
v 0.070378 0.395939 0.033010
v 0.069545 0.393421 0.032313
v 0.067170 0.392011 0.032511
v 0.064576 0.392011 0.033311
v 0.062501 0.393421 0.034484
v 0.056973 0.403969 0.013908
v 0.057539 0.405681 0.014382
v 0.059155 0.406640 0.014247
v 0.060919 0.406640 0.013703
v 0.062330 0.405681 0.012905
v 0.062531 0.403969 0.012195
v 0.061965 0.402257 0.011722
v 0.060350 0.401298 0.011856
v 0.058586 0.401298 0.012400
v 0.057175 0.402257 0.013198
f 5039 5040 5050
f 5039 5050 5049
f 5040 5041 5051
f 5040 5051 5050
f 5041 5042 5052
f 5041 5052 5051
f 5042 5043 5053
f 5042 5053 5052
f 5043 5044 5054
f 5043 5054 5053
f 5044 5045 5055
f 5044 5055 5054
f 5045 5046 5056
f 5045 5056 5055
f 5046 5047 5057
f 5046 5057 5056
f 5047 5048 5058
f 5047 5058 5057
f 5048 5039 5049
f 5048 5049 5058
o part_145
v 0.059752 0.403969 0.013052
v 0.058658 0.404218 0.014668
v 0.057640 0.404613 0.016315
v 0.056788 0.405324 0.018032
v 0.056172 0.406485 0.019845
v 0.055817 0.408146 0.021768
v 0.055698 0.410256 0.023787
v 0.055733 0.412659 0.025871
v 0.055798 0.415119 0.027966
v 0.055747 0.417360 0.030015
v 0.055441 0.419112 0.031957
v 0.054766 0.420161 0.033746
v 0.053661 0.420390 0.035358
v 0.052127 0.419800 0.036792
v 0.050224 0.418507 0.038073
v 0.048066 0.416724 0.039249
v 0.045792 0.414722 0.040376
v 0.043548 0.412777 0.041516
v 0.041458 0.411126 0.042720
v 0.039603 0.409924 0.044021
v 0.038010 0.409222 0.045431
v 0.036653 0.408969 0.046938
v 0.035461 0.409032 0.048514
v 0.034346 0.409242 0.050122
v 0.035441 0.408993 0.048506
v 0.036459 0.408599 0.046858
v 0.037310 0.407887 0.045142
v 0.037927 0.406726 0.043328
v 0.038281 0.405065 0.041405
v 0.038400 0.402956 0.039386
v 0.038366 0.400553 0.037302
v 0.038301 0.398092 0.035207
v 0.038351 0.395851 0.033159
v 0.038658 0.394099 0.031217
v 0.039333 0.393050 0.029427
v 0.040437 0.392821 0.027815
v 0.041972 0.393412 0.026381
v 0.043874 0.394705 0.025100
v 0.046033 0.396487 0.023925
v 0.048307 0.398489 0.022797
v 0.050551 0.400434 0.021657
v 0.052641 0.402085 0.020453
v 0.054496 0.403287 0.019152
v 0.056089 0.403989 0.017742
v 0.057446 0.404242 0.016235
v 0.058637 0.404179 0.014659
f 5059 5060 5061
f 5059 5061 5060
f 5059 5061 5062
f 5059 5062 5061
f 5059 5062 5063
f 5059 5063 5062
f 5059 5063 5064
f 5059 5064 5063
f 5059 5064 5065
f 5059 5065 5064
f 5059 5065 5066
f 5059 5066 5065
f 5059 5066 5067
f 5059 5067 5066
f 5059 5067 5068
f 5059 5068 5067
f 5059 5068 5069
f 5059 5069 5068
f 5059 5069 5070
f 5059 5070 5069
f 5059 5070 5071
f 5059 5071 5070
f 5059 5071 5072
f 5059 5072 5071
f 5059 5072 5073
f 5059 5073 5072
f 5059 5073 5074
f 5059 5074 5073
f 5059 5074 5075
f 5059 5075 5074
f 5059 5075 5076
f 5059 5076 5075
f 5059 5076 5077
f 5059 5077 5076
f 5059 5077 5078
f 5059 5078 5077
f 5059 5078 5079
f 5059 5079 5078
f 5059 5079 5080
f 5059 5080 5079
f 5059 5080 5081
f 5059 5081 5080
f 5059 5081 5082
f 5059 5082 5081
f 5059 5082 5083
f 5059 5083 5082
f 5059 5083 5084
f 5059 5084 5083
f 5059 5084 5085
f 5059 5085 5084
f 5059 5085 5086
f 5059 5086 5085
f 5059 5086 5087
f 5059 5087 5086
f 5059 5087 5088
f 5059 5088 5087
f 5059 5088 5089
f 5059 5089 5088
f 5059 5089 5090
f 5059 5090 5089
f 5059 5090 5091
f 5059 5091 5090
f 5059 5091 5092
f 5059 5092 5091
f 5059 5092 5093
f 5059 5093 5092
f 5059 5093 5094
f 5059 5094 5093
f 5059 5094 5095
f 5059 5095 5094
f 5059 5095 5096
f 5059 5096 5095
f 5059 5096 5097
f 5059 5097 5096
f 5059 5097 5098
f 5059 5098 5097
f 5059 5098 5099
f 5059 5099 5098
f 5059 5099 5100
f 5059 5100 5099
f 5059 5100 5101
f 5059 5101 5100
f 5059 5101 5102
f 5059 5102 5101
f 5059 5102 5103
f 5059 5103 5102
f 5059 5103 5104
f 5059 5104 5103
o part_146
v 0.059752 0.403969 0.013052
v 0.062146 0.403564 0.013706
v 0.064548 0.402646 0.014164
v 0.066960 0.401121 0.014389
v 0.069382 0.399016 0.014391
v 0.071813 0.396441 0.014213
v 0.074248 0.393574 0.013922
v 0.076684 0.390633 0.013604
v 0.079118 0.387857 0.013349
v 0.081545 0.385476 0.013245
v 0.083962 0.383688 0.013369
v 0.086366 0.382638 0.013776
v 0.088757 0.382403 0.014496
v 0.091134 0.382982 0.015528
v 0.093498 0.384299 0.016843
v 0.095852 0.386209 0.018385
v 0.098199 0.388514 0.020080
v 0.100544 0.390983 0.021837
v 0.102890 0.393380 0.023567
v 0.105241 0.395483 0.025184
v 0.107600 0.397117 0.026620
v 0.109968 0.398171 0.027835
v 0.112347 0.398619 0.028816
v 0.114735 0.398552 0.029601
v 0.112342 0.398957 0.028946
v 0.109940 0.399876 0.028489
v 0.107527 0.401401 0.028264
v 0.105105 0.403506 0.028262
v 0.102675 0.406080 0.028439
v 0.100239 0.408948 0.028730
v 0.097803 0.411888 0.029048
v 0.095369 0.414664 0.029303
v 0.092942 0.417046 0.029407
v 0.090525 0.418833 0.029283
v 0.088121 0.419883 0.028876
v 0.085730 0.420119 0.028157
v 0.083354 0.419540 0.027125
v 0.080989 0.418223 0.025809
v 0.078635 0.416313 0.024267
v 0.076288 0.414008 0.022572
v 0.073943 0.411538 0.020815
v 0.071597 0.409142 0.019086
v 0.069246 0.407038 0.017469
v 0.066887 0.405404 0.016032
v 0.064519 0.404351 0.014818
v 0.062140 0.403903 0.013836
f 5105 5106 5107
f 5105 5107 5106
f 5105 5107 5108
f 5105 5108 5107
f 5105 5108 5109
f 5105 5109 5108
f 5105 5109 5110
f 5105 5110 5109
f 5105 5110 5111
f 5105 5111 5110
f 5105 5111 5112
f 5105 5112 5111
f 5105 5112 5113
f 5105 5113 5112
f 5105 5113 5114
f 5105 5114 5113
f 5105 5114 5115
f 5105 5115 5114
f 5105 5115 5116
f 5105 5116 5115
f 5105 5116 5117
f 5105 5117 5116
f 5105 5117 5118
f 5105 5118 5117
f 5105 5118 5119
f 5105 5119 5118
f 5105 5119 5120
f 5105 5120 5119
f 5105 5120 5121
f 5105 5121 5120
f 5105 5121 5122
f 5105 5122 5121
f 5105 5122 5123
f 5105 5123 5122
f 5105 5123 5124
f 5105 5124 5123
f 5105 5124 5125
f 5105 5125 5124
f 5105 5125 5126
f 5105 5126 5125
f 5105 5126 5127
f 5105 5127 5126
f 5105 5127 5128
f 5105 5128 5127
f 5105 5128 5129
f 5105 5129 5128
f 5105 5129 5130
f 5105 5130 5129
f 5105 5130 5131
f 5105 5131 5130
f 5105 5131 5132
f 5105 5132 5131
f 5105 5132 5133
f 5105 5133 5132
f 5105 5133 5134
f 5105 5134 5133
f 5105 5134 5135
f 5105 5135 5134
f 5105 5135 5136
f 5105 5136 5135
f 5105 5136 5137
f 5105 5137 5136
f 5105 5137 5138
f 5105 5138 5137
f 5105 5138 5139
f 5105 5139 5138
f 5105 5139 5140
f 5105 5140 5139
f 5105 5140 5141
f 5105 5141 5140
f 5105 5141 5142
f 5105 5142 5141
f 5105 5142 5143
f 5105 5143 5142
f 5105 5143 5144
f 5105 5144 5143
f 5105 5144 5145
f 5105 5145 5144
f 5105 5145 5146
f 5105 5146 5145
f 5105 5146 5147
f 5105 5147 5146
f 5105 5147 5148
f 5105 5148 5147
f 5105 5148 5149
f 5105 5149 5148
f 5105 5149 5150
f 5105 5150 5149
o part_147
v 0.066837 0.395939 0.038510
v 0.068873 0.397564 0.037653
v 0.069758 0.398474 0.035192
v 0.069412 0.398474 0.032499
v 0.067932 0.397564 0.030342
v 0.065746 0.395939 0.030028
v 0.063710 0.394315 0.030885
v 0.062825 0.393405 0.033347
v 0.063171 0.393405 0.036039
v 0.064650 0.394315 0.038196
v 0.053723 0.413031 0.038818
v 0.055108 0.414136 0.038235
v 0.055710 0.414755 0.036561
v 0.055474 0.414755 0.034730
v 0.054468 0.414136 0.033263
v 0.052981 0.413031 0.033050
v 0.051597 0.411926 0.033633
v 0.050995 0.411308 0.035306
v 0.051230 0.411308 0.037137
v 0.052236 0.411926 0.038604
f 5151 5152 5162
f 5151 5162 5161
f 5152 5153 5163
f 5152 5163 5162
f 5153 5154 5164
f 5153 5164 5163
f 5154 5155 5165
f 5154 5165 5164
f 5155 5156 5166
f 5155 5166 5165
f 5156 5157 5167
f 5156 5167 5166
f 5157 5158 5168
f 5157 5168 5167
f 5158 5159 5169
f 5158 5169 5168
f 5159 5160 5170
f 5159 5170 5169
f 5160 5151 5161
f 5160 5161 5170
o part_148
v 0.053352 0.413031 0.035934
v 0.054204 0.412488 0.038179
v 0.055650 0.412391 0.040463
v 0.057567 0.412648 0.042775
v 0.059833 0.413168 0.045110
v 0.062315 0.413848 0.047459
v 0.064868 0.414583 0.049812
v 0.067349 0.415263 0.052161
v 0.069620 0.415786 0.054496
v 0.071561 0.416061 0.056810
v 0.073073 0.416013 0.059098
v 0.074086 0.415591 0.061353
v 0.074564 0.414767 0.063575
v 0.074507 0.413542 0.065764
v 0.073952 0.411943 0.067920
v 0.072967 0.410021 0.070050
v 0.071651 0.407850 0.072159
v 0.070127 0.405523 0.074254
v 0.068530 0.403141 0.076345
v 0.067005 0.400813 0.078441
v 0.065694 0.398647 0.080550
v 0.064733 0.396743 0.082681
v 0.064243 0.395192 0.084842
v 0.064348 0.394088 0.087040
v 0.063496 0.394631 0.084795
v 0.062050 0.394728 0.082511
v 0.060133 0.394471 0.080198
v 0.057867 0.393952 0.077863
v 0.055385 0.393271 0.075515
v 0.052832 0.392537 0.073162
v 0.050351 0.391856 0.070813
v 0.048080 0.391333 0.068478
v 0.046139 0.391058 0.066164
v 0.044627 0.391106 0.063876
v 0.043615 0.391528 0.061620
v 0.043136 0.392352 0.059398
v 0.043193 0.393577 0.057210
v 0.043748 0.395177 0.055053
v 0.044733 0.397099 0.052924
v 0.046049 0.399269 0.050815
v 0.047573 0.401597 0.048720
v 0.049170 0.403978 0.046629
v 0.050695 0.406306 0.044533
v 0.052006 0.408472 0.042424
v 0.052967 0.410377 0.040293
v 0.053457 0.411927 0.038132
f 5171 5172 5173
f 5171 5173 5172
f 5171 5173 5174
f 5171 5174 5173
f 5171 5174 5175
f 5171 5175 5174
f 5171 5175 5176
f 5171 5176 5175
f 5171 5176 5177
f 5171 5177 5176
f 5171 5177 5178
f 5171 5178 5177
f 5171 5178 5179
f 5171 5179 5178
f 5171 5179 5180
f 5171 5180 5179
f 5171 5180 5181
f 5171 5181 5180
f 5171 5181 5182
f 5171 5182 5181
f 5171 5182 5183
f 5171 5183 5182
f 5171 5183 5184
f 5171 5184 5183
f 5171 5184 5185
f 5171 5185 5184
f 5171 5185 5186
f 5171 5186 5185
f 5171 5186 5187
f 5171 5187 5186
f 5171 5187 5188
f 5171 5188 5187
f 5171 5188 5189
f 5171 5189 5188
f 5171 5189 5190
f 5171 5190 5189
f 5171 5190 5191
f 5171 5191 5190
f 5171 5191 5192
f 5171 5192 5191
f 5171 5192 5193
f 5171 5193 5192
f 5171 5193 5194
f 5171 5194 5193
f 5171 5194 5195
f 5171 5195 5194
f 5171 5195 5196
f 5171 5196 5195
f 5171 5196 5197
f 5171 5197 5196
f 5171 5197 5198
f 5171 5198 5197
f 5171 5198 5199
f 5171 5199 5198
f 5171 5199 5200
f 5171 5200 5199
f 5171 5200 5201
f 5171 5201 5200
f 5171 5201 5202
f 5171 5202 5201
f 5171 5202 5203
f 5171 5203 5202
f 5171 5203 5204
f 5171 5204 5203
f 5171 5204 5205
f 5171 5205 5204
f 5171 5205 5206
f 5171 5206 5205
f 5171 5206 5207
f 5171 5207 5206
f 5171 5207 5208
f 5171 5208 5207
f 5171 5208 5209
f 5171 5209 5208
f 5171 5209 5210
f 5171 5210 5209
f 5171 5210 5211
f 5171 5211 5210
f 5171 5211 5212
f 5171 5212 5211
f 5171 5212 5213
f 5171 5213 5212
f 5171 5213 5214
f 5171 5214 5213
f 5171 5214 5215
f 5171 5215 5214
f 5171 5215 5216
f 5171 5216 5215
o part_149
v 0.053352 0.413031 0.035934
v 0.053667 0.411812 0.033967
v 0.053643 0.410328 0.032083
v 0.053167 0.408490 0.030310
v 0.052222 0.406286 0.028653
v 0.050869 0.403764 0.027096
v 0.049238 0.401025 0.025607
v 0.047503 0.398205 0.024143
v 0.045865 0.395460 0.022656
v 0.044523 0.392947 0.021096
v 0.043655 0.390802 0.019420
v 0.043389 0.389130 0.017596
v 0.043796 0.387982 0.015606
v 0.044877 0.387360 0.013451
v 0.046560 0.387209 0.011148
v 0.048717 0.387428 0.008729
v 0.051170 0.387878 0.006236
v 0.053719 0.388403 0.003721
v 0.056165 0.388848 0.001230
v 0.058332 0.389075 -0.001192
v 0.060092 0.388984 -0.003514
v 0.061383 0.388527 -0.005720
v 0.062222 0.387716 -0.007816
v 0.062721 0.386641 -0.009828
v 0.062406 0.387860 -0.007861
v 0.062430 0.389344 -0.005978
v 0.062906 0.391182 -0.004205
v 0.063852 0.393386 -0.002548
v 0.065204 0.395907 -0.000990
v 0.066835 0.398647 0.000499
v 0.068570 0.401467 0.001962
v 0.070208 0.404212 0.003449
v 0.071550 0.406725 0.005009
v 0.072419 0.408869 0.006686
v 0.072684 0.410542 0.008510
v 0.072277 0.411690 0.010500
v 0.071197 0.412312 0.012655
v 0.069513 0.412462 0.014958
v 0.067357 0.412244 0.017377
v 0.064904 0.411794 0.019869
v 0.062354 0.411268 0.022385
v 0.059909 0.410824 0.024875
v 0.057742 0.410597 0.027297
v 0.055981 0.410688 0.029619
v 0.054690 0.411145 0.031826
v 0.053852 0.411956 0.033921
f 5217 5218 5219
f 5217 5219 5218
f 5217 5219 5220
f 5217 5220 5219
f 5217 5220 5221
f 5217 5221 5220
f 5217 5221 5222
f 5217 5222 5221
f 5217 5222 5223
f 5217 5223 5222
f 5217 5223 5224
f 5217 5224 5223
f 5217 5224 5225
f 5217 5225 5224
f 5217 5225 5226
f 5217 5226 5225
f 5217 5226 5227
f 5217 5227 5226
f 5217 5227 5228
f 5217 5228 5227
f 5217 5228 5229
f 5217 5229 5228
f 5217 5229 5230
f 5217 5230 5229
f 5217 5230 5231
f 5217 5231 5230
f 5217 5231 5232
f 5217 5232 5231
f 5217 5232 5233
f 5217 5233 5232
f 5217 5233 5234
f 5217 5234 5233
f 5217 5234 5235
f 5217 5235 5234
f 5217 5235 5236
f 5217 5236 5235
f 5217 5236 5237
f 5217 5237 5236
f 5217 5237 5238
f 5217 5238 5237
f 5217 5238 5239
f 5217 5239 5238
f 5217 5239 5240
f 5217 5240 5239
f 5217 5240 5241
f 5217 5241 5240
f 5217 5241 5242
f 5217 5242 5241
f 5217 5242 5243
f 5217 5243 5242
f 5217 5243 5244
f 5217 5244 5243
f 5217 5244 5245
f 5217 5245 5244
f 5217 5245 5246
f 5217 5246 5245
f 5217 5246 5247
f 5217 5247 5246
f 5217 5247 5248
f 5217 5248 5247
f 5217 5248 5249
f 5217 5249 5248
f 5217 5249 5250
f 5217 5250 5249
f 5217 5250 5251
f 5217 5251 5250
f 5217 5251 5252
f 5217 5252 5251
f 5217 5252 5253
f 5217 5253 5252
f 5217 5253 5254
f 5217 5254 5253
f 5217 5254 5255
f 5217 5255 5254
f 5217 5255 5256
f 5217 5256 5255
f 5217 5256 5257
f 5217 5257 5256
f 5217 5257 5258
f 5217 5258 5257
f 5217 5258 5259
f 5217 5259 5258
f 5217 5259 5260
f 5217 5260 5259
f 5217 5260 5261
f 5217 5261 5260
f 5217 5261 5262
f 5217 5262 5261
o part_150
v 0.066987 0.395939 0.030050
v 0.064784 0.397555 0.030285
v 0.063225 0.398459 0.032387
v 0.062783 0.398459 0.035066
v 0.063584 0.397555 0.037558
v 0.065595 0.395939 0.038488
v 0.067799 0.394324 0.038253
v 0.069358 0.393419 0.036151
v 0.069800 0.393419 0.033472
v 0.068998 0.394324 0.030980
v 0.080861 0.414828 0.033726
v 0.079363 0.415926 0.033885
v 0.078303 0.416541 0.035315
v 0.078002 0.416541 0.037137
v 0.078547 0.415926 0.038831
v 0.079915 0.414828 0.039464
v 0.081413 0.413729 0.039304
v 0.082473 0.413114 0.037874
v 0.082774 0.413114 0.036053
v 0.082229 0.413729 0.034358
f 5263 5264 5274
f 5263 5274 5273
f 5264 5265 5275
f 5264 5275 5274
f 5265 5266 5276
f 5265 5276 5275
f 5266 5267 5277
f 5266 5277 5276
f 5267 5268 5278
f 5267 5278 5277
f 5268 5269 5279
f 5268 5279 5278
f 5269 5270 5280
f 5269 5280 5279
f 5270 5271 5281
f 5270 5281 5280
f 5271 5272 5282
f 5271 5282 5281
f 5272 5263 5273
f 5272 5273 5282
o part_151
v 0.080388 0.414828 0.036595
v 0.080347 0.413754 0.034460
v 0.080180 0.412782 0.032275
v 0.079708 0.412050 0.029971
v 0.078780 0.411682 0.027487
v 0.077316 0.411739 0.024792
v 0.075351 0.412195 0.021901
v 0.073039 0.412927 0.018873
v 0.070630 0.413735 0.015807
v 0.068431 0.414377 0.012824
v 0.066748 0.414608 0.010043
v 0.065826 0.414235 0.007562
v 0.065800 0.413149 0.005433
v 0.066671 0.411351 0.003656
v 0.068303 0.408949 0.002179
v 0.070450 0.406136 0.000904
v 0.072808 0.403157 -0.000288
v 0.075069 0.400254 -0.001518
v 0.076982 0.397627 -0.002884
v 0.078395 0.395399 -0.004448
v 0.079272 0.393595 -0.006222
v 0.079692 0.392156 -0.008176
v 0.079809 0.390957 -0.010249
v 0.079798 0.389860 -0.012372
v 0.079838 0.390934 -0.010237
v 0.080006 0.391906 -0.008052
v 0.080477 0.392638 -0.005748
v 0.081406 0.393005 -0.003264
v 0.082870 0.392948 -0.000569
v 0.084834 0.392493 0.002322
v 0.087147 0.391761 0.005350
v 0.089556 0.390952 0.008416
v 0.091755 0.390311 0.011400
v 0.093438 0.390079 0.014180
v 0.094360 0.390453 0.016661
v 0.094385 0.391538 0.018790
v 0.093515 0.393336 0.020567
v 0.091883 0.395739 0.022044
v 0.089736 0.398551 0.023319
v 0.087378 0.401531 0.024511
v 0.085117 0.404434 0.025741
v 0.083203 0.407060 0.027107
v 0.081791 0.409289 0.028671
v 0.080914 0.411092 0.030445
v 0.080494 0.412532 0.032399
v 0.080377 0.413730 0.034472
f 5283 5284 5285
f 5283 5285 5284
f 5283 5285 5286
f 5283 5286 5285
f 5283 5286 5287
f 5283 5287 5286
f 5283 5287 5288
f 5283 5288 5287
f 5283 5288 5289
f 5283 5289 5288
f 5283 5289 5290
f 5283 5290 5289
f 5283 5290 5291
f 5283 5291 5290
f 5283 5291 5292
f 5283 5292 5291
f 5283 5292 5293
f 5283 5293 5292
f 5283 5293 5294
f 5283 5294 5293
f 5283 5294 5295
f 5283 5295 5294
f 5283 5295 5296
f 5283 5296 5295
f 5283 5296 5297
f 5283 5297 5296
f 5283 5297 5298
f 5283 5298 5297
f 5283 5298 5299
f 5283 5299 5298
f 5283 5299 5300
f 5283 5300 5299
f 5283 5300 5301
f 5283 5301 5300
f 5283 5301 5302
f 5283 5302 5301
f 5283 5302 5303
f 5283 5303 5302
f 5283 5303 5304
f 5283 5304 5303
f 5283 5304 5305
f 5283 5305 5304
f 5283 5305 5306
f 5283 5306 5305
f 5283 5306 5307
f 5283 5307 5306
f 5283 5307 5308
f 5283 5308 5307
f 5283 5308 5309
f 5283 5309 5308
f 5283 5309 5310
f 5283 5310 5309
f 5283 5310 5311
f 5283 5311 5310
f 5283 5311 5312
f 5283 5312 5311
f 5283 5312 5313
f 5283 5313 5312
f 5283 5313 5314
f 5283 5314 5313
f 5283 5314 5315
f 5283 5315 5314
f 5283 5315 5316
f 5283 5316 5315
f 5283 5316 5317
f 5283 5317 5316
f 5283 5317 5318
f 5283 5318 5317
f 5283 5318 5319
f 5283 5319 5318
f 5283 5319 5320
f 5283 5320 5319
f 5283 5320 5321
f 5283 5321 5320
f 5283 5321 5322
f 5283 5322 5321
f 5283 5322 5323
f 5283 5323 5322
f 5283 5323 5324
f 5283 5324 5323
f 5283 5324 5325
f 5283 5325 5324
f 5283 5325 5326
f 5283 5326 5325
f 5283 5326 5327
f 5283 5327 5326
f 5283 5327 5328
f 5283 5328 5327
o part_152
v 0.080388 0.414828 0.036595
v 0.079433 0.413596 0.039189
v 0.079129 0.411863 0.041914
v 0.079430 0.409662 0.044760
v 0.080230 0.407078 0.047705
v 0.081377 0.404225 0.050720
v 0.082690 0.401245 0.053768
v 0.083973 0.398288 0.056810
v 0.085030 0.395505 0.059807
v 0.085684 0.393033 0.062723
v 0.085785 0.390987 0.065529
v 0.085229 0.389448 0.068203
v 0.083960 0.388458 0.070735
v 0.081978 0.388018 0.073124
v 0.079339 0.388085 0.075382
v 0.076147 0.388577 0.077530
v 0.072552 0.389381 0.079596
v 0.068731 0.390359 0.081618
v 0.064880 0.391360 0.083634
v 0.061195 0.392233 0.085683
v 0.057857 0.392838 0.087801
v 0.055017 0.393059 0.090019
v 0.052783 0.392814 0.092358
v 0.051200 0.392066 0.094827
v 0.052156 0.393297 0.092232
v 0.052459 0.395031 0.089508
v 0.052158 0.397231 0.086662
v 0.051358 0.399816 0.083716
v 0.050211 0.402668 0.080702
v 0.048898 0.405648 0.077654
v 0.047615 0.408605 0.074612
v 0.046558 0.411389 0.071615
v 0.045904 0.413860 0.068699
v 0.045803 0.415907 0.065893
v 0.046359 0.417446 0.063219
v 0.047628 0.418435 0.060687
v 0.049610 0.418876 0.058297
v 0.052249 0.418809 0.056040
v 0.055441 0.418316 0.053892
v 0.059037 0.417512 0.051825
v 0.062857 0.416535 0.049804
v 0.066708 0.415534 0.047788
v 0.070394 0.414661 0.045739
v 0.073731 0.414056 0.043621
v 0.076571 0.413834 0.041403
v 0.078805 0.414080 0.039064
f 5329 5330 5331
f 5329 5331 5330
f 5329 5331 5332
f 5329 5332 5331
f 5329 5332 5333
f 5329 5333 5332
f 5329 5333 5334
f 5329 5334 5333
f 5329 5334 5335
f 5329 5335 5334
f 5329 5335 5336
f 5329 5336 5335
f 5329 5336 5337
f 5329 5337 5336
f 5329 5337 5338
f 5329 5338 5337
f 5329 5338 5339
f 5329 5339 5338
f 5329 5339 5340
f 5329 5340 5339
f 5329 5340 5341
f 5329 5341 5340
f 5329 5341 5342
f 5329 5342 5341
f 5329 5342 5343
f 5329 5343 5342
f 5329 5343 5344
f 5329 5344 5343
f 5329 5344 5345
f 5329 5345 5344
f 5329 5345 5346
f 5329 5346 5345
f 5329 5346 5347
f 5329 5347 5346
f 5329 5347 5348
f 5329 5348 5347
f 5329 5348 5349
f 5329 5349 5348
f 5329 5349 5350
f 5329 5350 5349
f 5329 5350 5351
f 5329 5351 5350
f 5329 5351 5352
f 5329 5352 5351
f 5329 5352 5353
f 5329 5353 5352
f 5329 5353 5354
f 5329 5354 5353
f 5329 5354 5355
f 5329 5355 5354
f 5329 5355 5356
f 5329 5356 5355
f 5329 5356 5357
f 5329 5357 5356
f 5329 5357 5358
f 5329 5358 5357
f 5329 5358 5359
f 5329 5359 5358
f 5329 5359 5360
f 5329 5360 5359
f 5329 5360 5361
f 5329 5361 5360
f 5329 5361 5362
f 5329 5362 5361
f 5329 5362 5363
f 5329 5363 5362
f 5329 5363 5364
f 5329 5364 5363
f 5329 5364 5365
f 5329 5365 5364
f 5329 5365 5366
f 5329 5366 5365
f 5329 5366 5367
f 5329 5367 5366
f 5329 5367 5368
f 5329 5368 5367
f 5329 5368 5369
f 5329 5369 5368
f 5329 5369 5370
f 5329 5370 5369
f 5329 5370 5371
f 5329 5371 5370
f 5329 5371 5372
f 5329 5372 5371
f 5329 5372 5373
f 5329 5373 5372
f 5329 5373 5374
f 5329 5374 5373
o part_153
v 0.075361 0.363719 0.048827
v 0.072397 0.366098 0.047478
v 0.068852 0.367430 0.048976
v 0.066289 0.367430 0.052037
v 0.065439 0.366098 0.055791
v 0.067288 0.363719 0.058471
v 0.070252 0.361340 0.059820
v 0.073798 0.360008 0.058322
v 0.076360 0.360008 0.055261
v 0.077210 0.361340 0.051507
v 0.094123 0.398217 0.067155
v 0.092107 0.399835 0.066238
v 0.089696 0.400741 0.067257
v 0.087954 0.400741 0.069338
v 0.087376 0.399835 0.071891
v 0.088633 0.398217 0.073713
v 0.090649 0.396600 0.074630
v 0.093060 0.395694 0.073612
v 0.094802 0.395694 0.071530
v 0.095380 0.396600 0.068978
f 5375 5376 5386
f 5375 5386 5385
f 5376 5377 5387
f 5376 5387 5386
f 5377 5378 5388
f 5377 5388 5387
f 5378 5379 5389
f 5378 5389 5388
f 5379 5380 5390
f 5379 5390 5389
f 5380 5381 5391
f 5380 5391 5390
f 5381 5382 5392
f 5381 5392 5391
f 5382 5383 5393
f 5382 5393 5392
f 5383 5384 5394
f 5383 5394 5393
f 5384 5375 5385
f 5384 5385 5394
o part_154
v 0.091378 0.398217 0.070434
v 0.093025 0.397698 0.068240
v 0.094345 0.397566 0.065641
v 0.095301 0.397866 0.062588
v 0.095918 0.398567 0.059115
v 0.096271 0.399582 0.055313
v 0.096467 0.400784 0.051316
v 0.096634 0.402019 0.047283
v 0.096908 0.403127 0.043383
v 0.097421 0.403953 0.039780
v 0.098282 0.404365 0.036611
v 0.099574 0.404266 0.033975
v 0.101338 0.403608 0.031927
v 0.103575 0.402389 0.030466
v 0.106241 0.400661 0.029539
v 0.109257 0.398518 0.029045
v 0.112511 0.396093 0.028848
v 0.115872 0.393540 0.028784
v 0.119205 0.391022 0.028685
v 0.122380 0.388690 0.028390
v 0.125291 0.386672 0.027766
v 0.127864 0.385054 0.026723
v 0.130072 0.383869 0.025226
v 0.131953 0.383072 0.023323
v 0.130306 0.383591 0.025517
v 0.128986 0.383724 0.028117
v 0.128030 0.383423 0.031170
v 0.127413 0.382722 0.034643
v 0.127060 0.381707 0.038445
v 0.126864 0.380505 0.042442
v 0.126698 0.379270 0.046475
v 0.126423 0.378162 0.050374
v 0.125910 0.377336 0.053977
v 0.125049 0.376924 0.057147
v 0.123757 0.377023 0.059782
v 0.121993 0.377681 0.061831
v 0.119756 0.378900 0.063292
v 0.117090 0.380629 0.064219
v 0.114074 0.382771 0.064712
v 0.110820 0.385196 0.064910
v 0.107459 0.387749 0.064973
v 0.104126 0.390268 0.065072
v 0.100951 0.392600 0.065367
v 0.098040 0.394618 0.065991
v 0.095467 0.396235 0.067035
v 0.093259 0.397420 0.068532
f 5395 5396 5397
f 5395 5397 5396
f 5395 5397 5398
f 5395 5398 5397
f 5395 5398 5399
f 5395 5399 5398
f 5395 5399 5400
f 5395 5400 5399
f 5395 5400 5401
f 5395 5401 5400
f 5395 5401 5402
f 5395 5402 5401
f 5395 5402 5403
f 5395 5403 5402
f 5395 5403 5404
f 5395 5404 5403
f 5395 5404 5405
f 5395 5405 5404
f 5395 5405 5406
f 5395 5406 5405
f 5395 5406 5407
f 5395 5407 5406
f 5395 5407 5408
f 5395 5408 5407
f 5395 5408 5409
f 5395 5409 5408
f 5395 5409 5410
f 5395 5410 5409
f 5395 5410 5411
f 5395 5411 5410
f 5395 5411 5412
f 5395 5412 5411
f 5395 5412 5413
f 5395 5413 5412
f 5395 5413 5414
f 5395 5414 5413
f 5395 5414 5415
f 5395 5415 5414
f 5395 5415 5416
f 5395 5416 5415
f 5395 5416 5417
f 5395 5417 5416
f 5395 5417 5418
f 5395 5418 5417
f 5395 5418 5419
f 5395 5419 5418
f 5395 5419 5420
f 5395 5420 5419
f 5395 5420 5421
f 5395 5421 5420
f 5395 5421 5422
f 5395 5422 5421
f 5395 5422 5423
f 5395 5423 5422
f 5395 5423 5424
f 5395 5424 5423
f 5395 5424 5425
f 5395 5425 5424
f 5395 5425 5426
f 5395 5426 5425
f 5395 5426 5427
f 5395 5427 5426
f 5395 5427 5428
f 5395 5428 5427
f 5395 5428 5429
f 5395 5429 5428
f 5395 5429 5430
f 5395 5430 5429
f 5395 5430 5431
f 5395 5431 5430
f 5395 5431 5432
f 5395 5432 5431
f 5395 5432 5433
f 5395 5433 5432
f 5395 5433 5434
f 5395 5434 5433
f 5395 5434 5435
f 5395 5435 5434
f 5395 5435 5436
f 5395 5436 5435
f 5395 5436 5437
f 5395 5437 5436
f 5395 5437 5438
f 5395 5438 5437
f 5395 5438 5439
f 5395 5439 5438
f 5395 5439 5440
f 5395 5440 5439
o part_155
v 0.094599 0.398217 0.067622
v 0.093430 0.400658 0.067180
v 0.091270 0.402025 0.068247
v 0.089225 0.402025 0.070033
v 0.087877 0.400658 0.072029
v 0.088157 0.398217 0.073247
v 0.089326 0.395777 0.073688
v 0.091486 0.394410 0.072621
v 0.093531 0.394410 0.070836
v 0.094879 0.395777 0.068840
v 0.108066 0.408165 0.085124
v 0.107271 0.409825 0.084824
v 0.105802 0.410754 0.085549
v 0.104412 0.410754 0.086763
v 0.103495 0.409825 0.088121
v 0.103685 0.408165 0.088949
v 0.104480 0.406505 0.089249
v 0.105949 0.405576 0.088524
v 0.107339 0.405576 0.087310
v 0.108256 0.406505 0.085952
f 5441 5442 5452
f 5441 5452 5451
f 5442 5443 5453
f 5442 5453 5452
f 5443 5444 5454
f 5443 5454 5453
f 5444 5445 5455
f 5444 5455 5454
f 5445 5446 5456
f 5445 5456 5455
f 5446 5447 5457
f 5446 5457 5456
f 5447 5448 5458
f 5447 5458 5457
f 5448 5449 5459
f 5448 5459 5458
f 5449 5450 5460
f 5449 5460 5459
f 5450 5441 5451
f 5450 5451 5460
o part_156
v 0.105876 0.408165 0.087037
v 0.106841 0.407533 0.085526
v 0.107789 0.407060 0.083936
v 0.108702 0.406913 0.082180
v 0.109567 0.407213 0.080198
v 0.110381 0.408000 0.077970
v 0.111149 0.409211 0.075528
v 0.111889 0.410691 0.072949
v 0.112625 0.412208 0.070351
v 0.113384 0.413500 0.067868
v 0.114195 0.414313 0.065627
v 0.115078 0.414446 0.063729
v 0.116046 0.413791 0.062231
v 0.117097 0.412348 0.061131
v 0.118222 0.410226 0.060375
v 0.119397 0.407624 0.059862
v 0.120596 0.404796 0.059463
v 0.121791 0.402007 0.059044
v 0.122958 0.399485 0.058490
v 0.124079 0.397389 0.057721
v 0.125149 0.395778 0.056706
v 0.126170 0.394615 0.055464
v 0.127157 0.393779 0.054058
v 0.128127 0.393101 0.052571
v 0.127162 0.393733 0.054081
v 0.126214 0.394206 0.055671
v 0.125301 0.394353 0.057427
v 0.124435 0.394052 0.059409
v 0.123622 0.393266 0.061637
v 0.122854 0.392054 0.064080
v 0.122114 0.390575 0.066658
v 0.121378 0.389057 0.069256
v 0.120619 0.387765 0.071740
v 0.119808 0.386953 0.073981
v 0.118924 0.386820 0.075878
v 0.117957 0.387475 0.077376
v 0.116905 0.388918 0.078476
v 0.115781 0.391040 0.079232
v 0.114606 0.393642 0.079746
v 0.113407 0.396470 0.080145
v 0.112211 0.399259 0.080563
v 0.111045 0.401780 0.081118
v 0.109923 0.403877 0.081887
v 0.108854 0.405488 0.082902
v 0.107832 0.406651 0.084143
v 0.106845 0.407487 0.085550
f 5461 5462 5463
f 5461 5463 5462
f 5461 5463 5464
f 5461 5464 5463
f 5461 5464 5465
f 5461 5465 5464
f 5461 5465 5466
f 5461 5466 5465
f 5461 5466 5467
f 5461 5467 5466
f 5461 5467 5468
f 5461 5468 5467
f 5461 5468 5469
f 5461 5469 5468
f 5461 5469 5470
f 5461 5470 5469
f 5461 5470 5471
f 5461 5471 5470
f 5461 5471 5472
f 5461 5472 5471
f 5461 5472 5473
f 5461 5473 5472
f 5461 5473 5474
f 5461 5474 5473
f 5461 5474 5475
f 5461 5475 5474
f 5461 5475 5476
f 5461 5476 5475
f 5461 5476 5477
f 5461 5477 5476
f 5461 5477 5478
f 5461 5478 5477
f 5461 5478 5479
f 5461 5479 5478
f 5461 5479 5480
f 5461 5480 5479
f 5461 5480 5481
f 5461 5481 5480
f 5461 5481 5482
f 5461 5482 5481
f 5461 5482 5483
f 5461 5483 5482
f 5461 5483 5484
f 5461 5484 5483
f 5461 5484 5485
f 5461 5485 5484
f 5461 5485 5486
f 5461 5486 5485
f 5461 5486 5487
f 5461 5487 5486
f 5461 5487 5488
f 5461 5488 5487
f 5461 5488 5489
f 5461 5489 5488
f 5461 5489 5490
f 5461 5490 5489
f 5461 5490 5491
f 5461 5491 5490
f 5461 5491 5492
f 5461 5492 5491
f 5461 5492 5493
f 5461 5493 5492
f 5461 5493 5494
f 5461 5494 5493
f 5461 5494 5495
f 5461 5495 5494
f 5461 5495 5496
f 5461 5496 5495
f 5461 5496 5497
f 5461 5497 5496
f 5461 5497 5498
f 5461 5498 5497
f 5461 5498 5499
f 5461 5499 5498
f 5461 5499 5500
f 5461 5500 5499
f 5461 5500 5501
f 5461 5501 5500
f 5461 5501 5502
f 5461 5502 5501
f 5461 5502 5503
f 5461 5503 5502
f 5461 5503 5504
f 5461 5504 5503
f 5461 5504 5505
f 5461 5505 5504
f 5461 5505 5506
f 5461 5506 5505
o part_157
v 0.088380 0.398217 0.067384
v 0.087428 0.400088 0.069149
v 0.088295 0.401135 0.071562
v 0.090197 0.401135 0.073498
v 0.092595 0.400088 0.074406
v 0.094376 0.398217 0.073484
v 0.095328 0.396347 0.071720
v 0.094461 0.395299 0.069307
v 0.092559 0.395299 0.067371
v 0.090161 0.396347 0.066462
v 0.102593 0.417255 0.055334
v 0.101945 0.418527 0.056534
v 0.102535 0.419239 0.058175
v 0.103829 0.419239 0.059491
v 0.105459 0.418527 0.060109
v 0.106670 0.417255 0.059482
v 0.107318 0.415983 0.058282
v 0.106728 0.415271 0.056641
v 0.105434 0.415271 0.055325
v 0.103804 0.415983 0.054707
f 5507 5508 5518
f 5507 5518 5517
f 5508 5509 5519
f 5508 5519 5518
f 5509 5510 5520
f 5509 5520 5519
f 5510 5511 5521
f 5510 5521 5520
f 5511 5512 5522
f 5511 5522 5521
f 5512 5513 5523
f 5512 5523 5522
f 5513 5514 5524
f 5513 5524 5523
f 5514 5515 5525
f 5514 5525 5524
f 5515 5516 5526
f 5515 5526 5525
f 5516 5507 5517
f 5516 5517 5526
o part_158
v 0.104631 0.417255 0.057408
v 0.103244 0.416870 0.056430
v 0.101735 0.416639 0.055554
v 0.100016 0.416676 0.054855
v 0.098039 0.417040 0.054373
v 0.095807 0.417729 0.054105
v 0.093371 0.418677 0.054009
v 0.090824 0.419767 0.054006
v 0.088287 0.420843 0.053994
v 0.085893 0.421738 0.053863
v 0.083762 0.422297 0.053509
v 0.081990 0.422401 0.052855
v 0.080625 0.421987 0.051858
v 0.079669 0.421054 0.050518
v 0.079070 0.419667 0.048877
v 0.078735 0.417944 0.047015
v 0.078543 0.416039 0.045033
v 0.078361 0.414121 0.043041
v 0.078069 0.412345 0.041143
v 0.077572 0.410827 0.039417
v 0.076820 0.409635 0.037906
v 0.075810 0.408770 0.036610
v 0.074590 0.408172 0.035492
v 0.073248 0.407729 0.034476
v 0.074635 0.408115 0.035454
v 0.076144 0.408345 0.036330
v 0.077863 0.408308 0.037028
v 0.079840 0.407944 0.037511
v 0.082072 0.407255 0.037779
v 0.084508 0.406307 0.037875
v 0.087056 0.405217 0.037878
v 0.089592 0.404141 0.037890
v 0.091987 0.403246 0.038021
v 0.094117 0.402687 0.038375
v 0.095889 0.402583 0.039029
v 0.097254 0.402997 0.040026
v 0.098210 0.403930 0.041366
v 0.098809 0.405317 0.043006
v 0.099144 0.407041 0.044869
v 0.099336 0.408945 0.046851
v 0.099518 0.410863 0.048842
v 0.099811 0.412640 0.050740
v 0.100307 0.414157 0.052467
v 0.101060 0.415349 0.053978
v 0.102069 0.416214 0.055273
v 0.103290 0.416812 0.056392
f 5527 5528 5529
f 5527 5529 5528
f 5527 5529 5530
f 5527 5530 5529
f 5527 5530 5531
f 5527 5531 5530
f 5527 5531 5532
f 5527 5532 5531
f 5527 5532 5533
f 5527 5533 5532
f 5527 5533 5534
f 5527 5534 5533
f 5527 5534 5535
f 5527 5535 5534
f 5527 5535 5536
f 5527 5536 5535
f 5527 5536 5537
f 5527 5537 5536
f 5527 5537 5538
f 5527 5538 5537
f 5527 5538 5539
f 5527 5539 5538
f 5527 5539 5540
f 5527 5540 5539
f 5527 5540 5541
f 5527 5541 5540
f 5527 5541 5542
f 5527 5542 5541
f 5527 5542 5543
f 5527 5543 5542
f 5527 5543 5544
f 5527 5544 5543
f 5527 5544 5545
f 5527 5545 5544
f 5527 5545 5546
f 5527 5546 5545
f 5527 5546 5547
f 5527 5547 5546
f 5527 5547 5548
f 5527 5548 5547
f 5527 5548 5549
f 5527 5549 5548
f 5527 5549 5550
f 5527 5550 5549
f 5527 5550 5551
f 5527 5551 5550
f 5527 5551 5552
f 5527 5552 5551
f 5527 5552 5553
f 5527 5553 5552
f 5527 5553 5554
f 5527 5554 5553
f 5527 5554 5555
f 5527 5555 5554
f 5527 5555 5556
f 5527 5556 5555
f 5527 5556 5557
f 5527 5557 5556
f 5527 5557 5558
f 5527 5558 5557
f 5527 5558 5559
f 5527 5559 5558
f 5527 5559 5560
f 5527 5560 5559
f 5527 5560 5561
f 5527 5561 5560
f 5527 5561 5562
f 5527 5562 5561
f 5527 5562 5563
f 5527 5563 5562
f 5527 5563 5564
f 5527 5564 5563
f 5527 5564 5565
f 5527 5565 5564
f 5527 5565 5566
f 5527 5566 5565
f 5527 5566 5567
f 5527 5567 5566
f 5527 5567 5568
f 5527 5568 5567
f 5527 5568 5569
f 5527 5569 5568
f 5527 5569 5570
f 5527 5570 5569
f 5527 5570 5571
f 5527 5571 5570
f 5527 5571 5572
f 5527 5572 5571
o part_159
v 0.094760 0.398217 0.073052
v 0.095544 0.399947 0.071073
v 0.094404 0.400915 0.068743
v 0.092257 0.400915 0.067081
v 0.089715 0.399947 0.066562
v 0.087996 0.398217 0.067817
v 0.087212 0.396488 0.069795
v 0.088352 0.395520 0.072126
v 0.090499 0.395520 0.073787
v 0.093041 0.396488 0.074307
v 0.084418 0.416103 0.084178
v 0.084952 0.417279 0.082832
v 0.084176 0.417937 0.081248
v 0.082716 0.417937 0.080118
v 0.080988 0.417279 0.079764
v 0.079819 0.416103 0.080618
v 0.079286 0.414927 0.081963
v 0.080061 0.414268 0.083548
v 0.081521 0.414268 0.084678
v 0.083250 0.414927 0.085031
f 5573 5574 5584
f 5573 5584 5583
f 5574 5575 5585
f 5574 5585 5584
f 5575 5576 5586
f 5575 5586 5585
f 5576 5577 5587
f 5576 5587 5586
f 5577 5578 5588
f 5577 5588 5587
f 5578 5579 5589
f 5578 5589 5588
f 5579 5580 5590
f 5579 5590 5589
f 5580 5581 5591
f 5580 5591 5590
f 5581 5582 5592
f 5581 5592 5591
f 5582 5573 5583
f 5582 5583 5592
o part_160
v 0.082119 0.416103 0.082398
v 0.084431 0.415487 0.082489
v 0.086794 0.415021 0.082396
v 0.089257 0.414851 0.081939
v 0.091855 0.415074 0.080997
v 0.094595 0.415716 0.079539
v 0.097458 0.416716 0.077641
v 0.100395 0.417936 0.075472
v 0.103340 0.419177 0.073278
v 0.106215 0.420214 0.071333
v 0.108948 0.420834 0.069903
v 0.111483 0.420871 0.069191
v 0.113787 0.420232 0.069310
v 0.115861 0.418919 0.070260
v 0.117736 0.417021 0.071929
v 0.119469 0.414707 0.074112
v 0.121132 0.412189 0.076545
v 0.122803 0.409693 0.078952
v 0.124549 0.407415 0.081089
v 0.126416 0.405496 0.082784
v 0.128427 0.403996 0.083965
v 0.130571 0.402889 0.084660
v 0.132817 0.402078 0.084992
v 0.135113 0.401417 0.085139
v 0.132801 0.402032 0.085048
v 0.130438 0.402498 0.085141
v 0.127975 0.402669 0.085598
v 0.125377 0.402446 0.086540
v 0.122636 0.401804 0.087998
v 0.119774 0.400803 0.089896
v 0.116836 0.399584 0.092065
v 0.113892 0.398343 0.094259
v 0.111017 0.397306 0.096204
v 0.108283 0.396685 0.097634
v 0.105749 0.396649 0.098346
v 0.103445 0.397287 0.098227
v 0.101371 0.398601 0.097277
v 0.099496 0.400498 0.095608
v 0.097763 0.402813 0.093425
v 0.096099 0.405331 0.090992
v 0.094429 0.407827 0.088585
v 0.092683 0.410105 0.086448
v 0.090815 0.412024 0.084753
v 0.088805 0.413524 0.083572
v 0.086660 0.414630 0.082877
v 0.084415 0.415441 0.082545
f 5593 5594 5595
f 5593 5595 5594
f 5593 5595 5596
f 5593 5596 5595
f 5593 5596 5597
f 5593 5597 5596
f 5593 5597 5598
f 5593 5598 5597
f 5593 5598 5599
f 5593 5599 5598
f 5593 5599 5600
f 5593 5600 5599
f 5593 5600 5601
f 5593 5601 5600
f 5593 5601 5602
f 5593 5602 5601
f 5593 5602 5603
f 5593 5603 5602
f 5593 5603 5604
f 5593 5604 5603
f 5593 5604 5605
f 5593 5605 5604
f 5593 5605 5606
f 5593 5606 5605
f 5593 5606 5607
f 5593 5607 5606
f 5593 5607 5608
f 5593 5608 5607
f 5593 5608 5609
f 5593 5609 5608
f 5593 5609 5610
f 5593 5610 5609
f 5593 5610 5611
f 5593 5611 5610
f 5593 5611 5612
f 5593 5612 5611
f 5593 5612 5613
f 5593 5613 5612
f 5593 5613 5614
f 5593 5614 5613
f 5593 5614 5615
f 5593 5615 5614
f 5593 5615 5616
f 5593 5616 5615
f 5593 5616 5617
f 5593 5617 5616
f 5593 5617 5618
f 5593 5618 5617
f 5593 5618 5619
f 5593 5619 5618
f 5593 5619 5620
f 5593 5620 5619
f 5593 5620 5621
f 5593 5621 5620
f 5593 5621 5622
f 5593 5622 5621
f 5593 5622 5623
f 5593 5623 5622
f 5593 5623 5624
f 5593 5624 5623
f 5593 5624 5625
f 5593 5625 5624
f 5593 5625 5626
f 5593 5626 5625
f 5593 5626 5627
f 5593 5627 5626
f 5593 5627 5628
f 5593 5628 5627
f 5593 5628 5629
f 5593 5629 5628
f 5593 5629 5630
f 5593 5630 5629
f 5593 5630 5631
f 5593 5631 5630
f 5593 5631 5632
f 5593 5632 5631
f 5593 5632 5633
f 5593 5633 5632
f 5593 5633 5634
f 5593 5634 5633
f 5593 5634 5635
f 5593 5635 5634
f 5593 5635 5636
f 5593 5636 5635
f 5593 5636 5637
f 5593 5637 5636
f 5593 5637 5638
f 5593 5638 5637
o part_161
v 0.082119 0.416103 0.082398
v 0.080248 0.415528 0.080583
v 0.078292 0.414827 0.078892
v 0.076141 0.413830 0.077491
v 0.073695 0.412389 0.076526
v 0.070908 0.410436 0.076063
v 0.067804 0.408005 0.076069
v 0.064482 0.405246 0.076397
v 0.061102 0.402399 0.076811
v 0.057859 0.399759 0.077023
v 0.054946 0.397614 0.076748
v 0.052516 0.396198 0.075758
v 0.050654 0.395639 0.073928
v 0.049362 0.395936 0.071258
v 0.048554 0.396961 0.067873
v 0.048074 0.398483 0.064001
v 0.047732 0.400210 0.059927
v 0.047332 0.401851 0.055939
v 0.046713 0.403163 0.052273
v 0.045778 0.403997 0.049076
v 0.044502 0.404318 0.046381
v 0.042932 0.404197 0.044122
v 0.041165 0.403779 0.042153
v 0.039314 0.403235 0.040308
v 0.041185 0.403809 0.042123
v 0.043140 0.404511 0.043814
v 0.045292 0.405508 0.045214
v 0.047738 0.406948 0.046180
v 0.050525 0.408902 0.046642
v 0.053628 0.411333 0.046637
v 0.056950 0.414092 0.046308
v 0.060330 0.416939 0.045895
v 0.063573 0.419579 0.045683
v 0.066487 0.421724 0.045958
v 0.068917 0.423140 0.046948
v 0.070778 0.423699 0.048778
v 0.072070 0.423402 0.051448
v 0.072879 0.422377 0.054833
v 0.073358 0.420855 0.058705
v 0.073700 0.419128 0.062778
v 0.074101 0.417487 0.066767
v 0.074719 0.416175 0.070433
v 0.075654 0.415341 0.073630
v 0.076930 0.415019 0.076324
v 0.078501 0.415141 0.078584
v 0.080268 0.415559 0.080553
f 5639 5640 5641
f 5639 5641 5640
f 5639 5641 5642
f 5639 5642 5641
f 5639 5642 5643
f 5639 5643 5642
f 5639 5643 5644
f 5639 5644 5643
f 5639 5644 5645
f 5639 5645 5644
f 5639 5645 5646
f 5639 5646 5645
f 5639 5646 5647
f 5639 5647 5646
f 5639 5647 5648
f 5639 5648 5647
f 5639 5648 5649
f 5639 5649 5648
f 5639 5649 5650
f 5639 5650 5649
f 5639 5650 5651
f 5639 5651 5650
f 5639 5651 5652
f 5639 5652 5651
f 5639 5652 5653
f 5639 5653 5652
f 5639 5653 5654
f 5639 5654 5653
f 5639 5654 5655
f 5639 5655 5654
f 5639 5655 5656
f 5639 5656 5655
f 5639 5656 5657
f 5639 5657 5656
f 5639 5657 5658
f 5639 5658 5657
f 5639 5658 5659
f 5639 5659 5658
f 5639 5659 5660
f 5639 5660 5659
f 5639 5660 5661
f 5639 5661 5660
f 5639 5661 5662
f 5639 5662 5661
f 5639 5662 5663
f 5639 5663 5662
f 5639 5663 5664
f 5639 5664 5663
f 5639 5664 5665
f 5639 5665 5664
f 5639 5665 5666
f 5639 5666 5665
f 5639 5666 5667
f 5639 5667 5666
f 5639 5667 5668
f 5639 5668 5667
f 5639 5668 5669
f 5639 5669 5668
f 5639 5669 5670
f 5639 5670 5669
f 5639 5670 5671
f 5639 5671 5670
f 5639 5671 5672
f 5639 5672 5671
f 5639 5672 5673
f 5639 5673 5672
f 5639 5673 5674
f 5639 5674 5673
f 5639 5674 5675
f 5639 5675 5674
f 5639 5675 5676
f 5639 5676 5675
f 5639 5676 5677
f 5639 5677 5676
f 5639 5677 5678
f 5639 5678 5677
f 5639 5678 5679
f 5639 5679 5678
f 5639 5679 5680
f 5639 5680 5679
f 5639 5680 5681
f 5639 5681 5680
f 5639 5681 5682
f 5639 5682 5681
f 5639 5682 5683
f 5639 5683 5682
f 5639 5683 5684
f 5639 5684 5683
o part_162
v 0.037821 0.306584 0.080947
v 0.039249 0.310255 0.076514
v 0.036458 0.312312 0.071630
v 0.031578 0.312312 0.068366
v 0.025998 0.310255 0.067651
v 0.022447 0.306584 0.070664
v 0.021019 0.302912 0.075096
v 0.023810 0.300856 0.079981
v 0.028690 0.300856 0.083245
v 0.034269 0.302912 0.083959
v 0.009440 0.363456 0.118055
v 0.010411 0.365952 0.115041
v 0.008513 0.367351 0.111720
v 0.005195 0.367351 0.109500
v 0.001401 0.365952 0.109014
v -0.001014 0.363456 0.111062
v -0.001986 0.360959 0.114077
v -0.000088 0.359561 0.117398
v 0.003231 0.359561 0.119618
v 0.007025 0.360959 0.120104
f 5685 5686 5696
f 5685 5696 5695
f 5686 5687 5697
f 5686 5697 5696
f 5687 5688 5698
f 5687 5698 5697
f 5688 5689 5699
f 5688 5699 5698
f 5689 5690 5700
f 5689 5700 5699
f 5690 5691 5701
f 5690 5701 5700
f 5691 5692 5702
f 5691 5702 5701
f 5692 5693 5703
f 5692 5703 5702
f 5693 5694 5704
f 5693 5704 5703
f 5694 5685 5695
f 5694 5695 5704
o part_163
v 0.009142 0.363456 0.118464
v 0.008539 0.367392 0.117827
v 0.005899 0.369596 0.115645
v 0.002770 0.369596 0.113166
v 0.000042 0.367392 0.111094
v -0.000716 0.363456 0.110653
v -0.000113 0.359520 0.111291
v 0.002527 0.357316 0.113472
v 0.005656 0.357316 0.115951
v 0.008383 0.359520 0.118023
v -0.016618 0.364694 0.147733
v -0.017028 0.367370 0.147299
v -0.018823 0.368869 0.145816
v -0.020951 0.368869 0.144130
v -0.022806 0.367370 0.142721
v -0.023321 0.364694 0.142421
v -0.022911 0.362017 0.142855
v -0.021116 0.360519 0.144338
v -0.018988 0.360519 0.146024
v -0.017134 0.362017 0.147433
f 5705 5706 5716
f 5705 5716 5715
f 5706 5707 5717
f 5706 5717 5716
f 5707 5708 5718
f 5707 5718 5717
f 5708 5709 5719
f 5708 5719 5718
f 5709 5710 5720
f 5709 5720 5719
f 5710 5711 5721
f 5710 5721 5720
f 5711 5712 5722
f 5711 5722 5721
f 5712 5713 5723
f 5712 5723 5722
f 5713 5714 5724
f 5713 5724 5723
f 5714 5705 5715
f 5714 5715 5724
o part_164
v -0.019970 0.364694 0.145077
v -0.018096 0.364589 0.146059
v -0.016211 0.364651 0.147043
v -0.014303 0.365089 0.148030
v -0.012361 0.366076 0.149022
v -0.010380 0.367689 0.150020
v -0.008363 0.369873 0.151023
v -0.006322 0.372442 0.152029
v -0.004275 0.375101 0.153036
v -0.002245 0.377499 0.154041
v -0.000252 0.379290 0.155040
v 0.001685 0.380199 0.156031
v 0.003558 0.380073 0.157013
v 0.005366 0.378913 0.157986
v 0.007119 0.376871 0.158952
v 0.008834 0.374222 0.159911
v 0.010533 0.371311 0.160869
v 0.012238 0.368491 0.161827
v 0.013966 0.366055 0.162789
v 0.015731 0.364192 0.163755
v 0.017534 0.362953 0.164728
v 0.019372 0.362264 0.165705
v 0.021233 0.361951 0.166685
v 0.023104 0.361805 0.167667
v 0.021230 0.361909 0.166685
v 0.019346 0.361848 0.165701
v 0.017438 0.361409 0.164714
v 0.015495 0.360422 0.163722
v 0.013514 0.358810 0.162724
v 0.011497 0.356626 0.161721
v 0.009456 0.354057 0.160715
v 0.007410 0.351397 0.159708
v 0.005379 0.348999 0.158704
v 0.003387 0.347208 0.157705
v 0.001450 0.346300 0.156713
v -0.000423 0.346425 0.155731
v -0.002231 0.347585 0.154758
v -0.003985 0.349627 0.153793
v -0.005700 0.352277 0.152833
v -0.007399 0.355187 0.151876
v -0.009103 0.358008 0.150917
v -0.010832 0.360443 0.149956
v -0.012596 0.362307 0.148989
v -0.014400 0.363545 0.148017
v -0.016237 0.364234 0.147039
v -0.018098 0.364547 0.146059
f 5725 5726 5727
f 5725 5727 5726
f 5725 5727 5728
f 5725 5728 5727
f 5725 5728 5729
f 5725 5729 5728
f 5725 5729 5730
f 5725 5730 5729
f 5725 5730 5731
f 5725 5731 5730
f 5725 5731 5732
f 5725 5732 5731
f 5725 5732 5733
f 5725 5733 5732
f 5725 5733 5734
f 5725 5734 5733
f 5725 5734 5735
f 5725 5735 5734
f 5725 5735 5736
f 5725 5736 5735
f 5725 5736 5737
f 5725 5737 5736
f 5725 5737 5738
f 5725 5738 5737
f 5725 5738 5739
f 5725 5739 5738
f 5725 5739 5740
f 5725 5740 5739
f 5725 5740 5741
f 5725 5741 5740
f 5725 5741 5742
f 5725 5742 5741
f 5725 5742 5743
f 5725 5743 5742
f 5725 5743 5744
f 5725 5744 5743
f 5725 5744 5745
f 5725 5745 5744
f 5725 5745 5746
f 5725 5746 5745
f 5725 5746 5747
f 5725 5747 5746
f 5725 5747 5748
f 5725 5748 5747
f 5725 5748 5749
f 5725 5749 5748
f 5725 5749 5750
f 5725 5750 5749
f 5725 5750 5751
f 5725 5751 5750
f 5725 5751 5752
f 5725 5752 5751
f 5725 5752 5753
f 5725 5753 5752
f 5725 5753 5754
f 5725 5754 5753
f 5725 5754 5755
f 5725 5755 5754
f 5725 5755 5756
f 5725 5756 5755
f 5725 5756 5757
f 5725 5757 5756
f 5725 5757 5758
f 5725 5758 5757
f 5725 5758 5759
f 5725 5759 5758
f 5725 5759 5760
f 5725 5760 5759
f 5725 5760 5761
f 5725 5761 5760
f 5725 5761 5762
f 5725 5762 5761
f 5725 5762 5763
f 5725 5763 5762
f 5725 5763 5764
f 5725 5764 5763
f 5725 5764 5765
f 5725 5765 5764
f 5725 5765 5766
f 5725 5766 5765
f 5725 5766 5767
f 5725 5767 5766
f 5725 5767 5768
f 5725 5768 5767
f 5725 5768 5769
f 5725 5769 5768
f 5725 5769 5770
f 5725 5770 5769
o part_165
v -0.016886 0.364694 0.148039
v -0.018474 0.366781 0.148840
v -0.020804 0.367950 0.147905
v -0.022762 0.367950 0.146024
v -0.023790 0.366781 0.143733
v -0.023053 0.364694 0.142114
v -0.021465 0.362607 0.141314
v -0.019135 0.361438 0.142249
v -0.017178 0.361438 0.144130
v -0.016149 0.362607 0.146421
v -0.029802 0.350854 0.159509
v -0.030882 0.352274 0.160053
v -0.032466 0.353068 0.159417
v -0.033797 0.353068 0.158138
v -0.034496 0.352274 0.156580
v -0.033996 0.350854 0.155479
v -0.032916 0.349435 0.154935
v -0.031331 0.348640 0.155571
v -0.030000 0.348640 0.156850
v -0.029301 0.349435 0.158408
f 5771 5772 5782
f 5771 5782 5781
f 5772 5773 5783
f 5772 5783 5782
f 5773 5774 5784
f 5773 5784 5783
f 5774 5775 5785
f 5774 5785 5784
f 5775 5776 5786
f 5775 5786 5785
f 5776 5777 5787
f 5776 5787 5786
f 5777 5778 5788
f 5777 5788 5787
f 5778 5779 5789
f 5778 5789 5788
f 5779 5780 5790
f 5779 5790 5789
f 5780 5771 5781
f 5780 5781 5790
o part_166
v -0.031899 0.350854 0.157494
v -0.029827 0.351044 0.158333
v -0.027833 0.351446 0.159333
v -0.025976 0.352220 0.160617
v -0.024289 0.353457 0.162251
v -0.022773 0.355155 0.164238
v -0.021394 0.357228 0.166510
v -0.020092 0.359509 0.168939
v -0.018785 0.361776 0.171358
v -0.017385 0.363791 0.173585
v -0.015810 0.365330 0.175450
v -0.013997 0.366222 0.176823
v -0.011911 0.366374 0.177633
v -0.009552 0.365786 0.177881
v -0.006955 0.364551 0.177636
v -0.004183 0.362840 0.177029
v -0.001318 0.360877 0.176230
v 0.001552 0.358901 0.175421
v 0.004345 0.357132 0.174769
v 0.007001 0.355737 0.174403
v 0.009486 0.354805 0.174388
v 0.011801 0.354335 0.174725
v 0.013979 0.354237 0.175345
v 0.016079 0.354351 0.176126
v 0.014007 0.354160 0.175287
v 0.012013 0.353759 0.174287
v 0.010156 0.352984 0.173003
v 0.008470 0.351748 0.171369
v 0.006953 0.350050 0.169382
v 0.005575 0.347977 0.167110
v 0.004273 0.345696 0.164681
v 0.002966 0.343429 0.162262
v 0.001566 0.341414 0.160035
v -0.000009 0.339875 0.158170
v -0.001823 0.338983 0.156797
v -0.003909 0.338831 0.155987
v -0.006267 0.339419 0.155739
v -0.008864 0.340654 0.155984
v -0.011636 0.342365 0.156591
v -0.014501 0.344328 0.157390
v -0.017371 0.346304 0.158199
v -0.020164 0.348073 0.158851
v -0.022820 0.349468 0.159217
v -0.025305 0.350400 0.159232
v -0.027621 0.350870 0.158895
v -0.029799 0.350968 0.158275
f 5791 5792 5793
f 5791 5793 5792
f 5791 5793 5794
f 5791 5794 5793
f 5791 5794 5795
f 5791 5795 5794
f 5791 5795 5796
f 5791 5796 5795
f 5791 5796 5797
f 5791 5797 5796
f 5791 5797 5798
f 5791 5798 5797
f 5791 5798 5799
f 5791 5799 5798
f 5791 5799 5800
f 5791 5800 5799
f 5791 5800 5801
f 5791 5801 5800
f 5791 5801 5802
f 5791 5802 5801
f 5791 5802 5803
f 5791 5803 5802
f 5791 5803 5804
f 5791 5804 5803
f 5791 5804 5805
f 5791 5805 5804
f 5791 5805 5806
f 5791 5806 5805
f 5791 5806 5807
f 5791 5807 5806
f 5791 5807 5808
f 5791 5808 5807
f 5791 5808 5809
f 5791 5809 5808
f 5791 5809 5810
f 5791 5810 5809
f 5791 5810 5811
f 5791 5811 5810
f 5791 5811 5812
f 5791 5812 5811
f 5791 5812 5813
f 5791 5813 5812
f 5791 5813 5814
f 5791 5814 5813
f 5791 5814 5815
f 5791 5815 5814
f 5791 5815 5816
f 5791 5816 5815
f 5791 5816 5817
f 5791 5817 5816
f 5791 5817 5818
f 5791 5818 5817
f 5791 5818 5819
f 5791 5819 5818
f 5791 5819 5820
f 5791 5820 5819
f 5791 5820 5821
f 5791 5821 5820
f 5791 5821 5822
f 5791 5822 5821
f 5791 5822 5823
f 5791 5823 5822
f 5791 5823 5824
f 5791 5824 5823
f 5791 5824 5825
f 5791 5825 5824
f 5791 5825 5826
f 5791 5826 5825
f 5791 5826 5827
f 5791 5827 5826
f 5791 5827 5828
f 5791 5828 5827
f 5791 5828 5829
f 5791 5829 5828
f 5791 5829 5830
f 5791 5830 5829
f 5791 5830 5831
f 5791 5831 5830
f 5791 5831 5832
f 5791 5832 5831
f 5791 5832 5833
f 5791 5833 5832
f 5791 5833 5834
f 5791 5834 5833
f 5791 5834 5835
f 5791 5835 5834
f 5791 5835 5836
f 5791 5836 5835
o part_167
v -0.031899 0.350854 0.157494
v -0.032664 0.350947 0.154657
v -0.033275 0.350860 0.151770
v -0.033542 0.350377 0.148772
v -0.033317 0.349326 0.145613
v -0.032538 0.347637 0.142275
v -0.031260 0.345372 0.138774
v -0.029651 0.342724 0.135165
v -0.027971 0.339996 0.131533
v -0.026530 0.337542 0.127979
v -0.025628 0.335711 0.124601
v -0.025504 0.334777 0.121475
v -0.026290 0.334893 0.118645
v -0.027986 0.336059 0.116111
v -0.030460 0.338122 0.113830
v -0.033474 0.340807 0.111724
v -0.036726 0.343768 0.109696
v -0.039907 0.346647 0.107644
v -0.042758 0.349145 0.105485
v -0.045109 0.351066 0.103164
v -0.046906 0.352348 0.100663
v -0.048211 0.353063 0.098002
v -0.049174 0.353382 0.095229
v -0.049980 0.353521 0.092406
v -0.049214 0.353429 0.095242
v -0.048604 0.353516 0.098129
v -0.048337 0.353998 0.101128
v -0.048562 0.355049 0.104287
v -0.049340 0.356738 0.107625
v -0.050619 0.359004 0.111126
v -0.052228 0.361651 0.114735
v -0.053908 0.364379 0.118366
v -0.055349 0.366833 0.121920
v -0.056251 0.368665 0.125299
v -0.056375 0.369598 0.128424
v -0.055588 0.369482 0.131254
v -0.053892 0.368317 0.133789
v -0.051418 0.366253 0.136070
v -0.048405 0.363568 0.138176
v -0.045153 0.360607 0.140204
v -0.041971 0.357728 0.142255
v -0.039120 0.355231 0.144414
v -0.036770 0.353310 0.146736
v -0.034972 0.352027 0.149237
v -0.033667 0.351313 0.151898
v -0.032705 0.350994 0.154671
f 5837 5838 5839
f 5837 5839 5838
f 5837 5839 5840
f 5837 5840 5839
f 5837 5840 5841
f 5837 5841 5840
f 5837 5841 5842
f 5837 5842 5841
f 5837 5842 5843
f 5837 5843 5842
f 5837 5843 5844
f 5837 5844 5843
f 5837 5844 5845
f 5837 5845 5844
f 5837 5845 5846
f 5837 5846 5845
f 5837 5846 5847
f 5837 5847 5846
f 5837 5847 5848
f 5837 5848 5847
f 5837 5848 5849
f 5837 5849 5848
f 5837 5849 5850
f 5837 5850 5849
f 5837 5850 5851
f 5837 5851 5850
f 5837 5851 5852
f 5837 5852 5851
f 5837 5852 5853
f 5837 5853 5852
f 5837 5853 5854
f 5837 5854 5853
f 5837 5854 5855
f 5837 5855 5854
f 5837 5855 5856
f 5837 5856 5855
f 5837 5856 5857
f 5837 5857 5856
f 5837 5857 5858
f 5837 5858 5857
f 5837 5858 5859
f 5837 5859 5858
f 5837 5859 5860
f 5837 5860 5859
f 5837 5860 5861
f 5837 5861 5860
f 5837 5861 5862
f 5837 5862 5861
f 5837 5862 5863
f 5837 5863 5862
f 5837 5863 5864
f 5837 5864 5863
f 5837 5864 5865
f 5837 5865 5864
f 5837 5865 5866
f 5837 5866 5865
f 5837 5866 5867
f 5837 5867 5866
f 5837 5867 5868
f 5837 5868 5867
f 5837 5868 5869
f 5837 5869 5868
f 5837 5869 5870
f 5837 5870 5869
f 5837 5870 5871
f 5837 5871 5870
f 5837 5871 5872
f 5837 5872 5871
f 5837 5872 5873
f 5837 5873 5872
f 5837 5873 5874
f 5837 5874 5873
f 5837 5874 5875
f 5837 5875 5874
f 5837 5875 5876
f 5837 5876 5875
f 5837 5876 5877
f 5837 5877 5876
f 5837 5877 5878
f 5837 5878 5877
f 5837 5878 5879
f 5837 5879 5878
f 5837 5879 5880
f 5837 5880 5879
f 5837 5880 5881
f 5837 5881 5880
f 5837 5881 5882
f 5837 5882 5881
o part_168
v -0.015704 0.364694 0.145384
v -0.016194 0.366983 0.143956
v -0.018460 0.368265 0.143012
v -0.021168 0.368265 0.142817
v -0.023546 0.366983 0.143426
v -0.024235 0.364694 0.144769
v -0.023746 0.362405 0.146198
v -0.021479 0.361123 0.147142
v -0.018772 0.361123 0.147337
v -0.016393 0.362405 0.146728
v -0.018491 0.376695 0.165002
v -0.018823 0.378251 0.164031
v -0.020364 0.379123 0.163389
v -0.022206 0.379123 0.163257
v -0.023823 0.378251 0.163671
v -0.024291 0.376695 0.164584
v -0.023959 0.375138 0.165556
v -0.022418 0.374266 0.166197
v -0.020576 0.374266 0.166330
v -0.018959 0.375138 0.165916
f 5883 5884 5894
f 5883 5894 5893
f 5884 5885 5895
f 5884 5895 5894
f 5885 5886 5896
f 5885 5896 5895
f 5886 5887 5897
f 5886 5897 5896
f 5887 5888 5898
f 5887 5898 5897
f 5888 5889 5899
f 5888 5899 5898
f 5889 5890 5900
f 5889 5900 5899
f 5890 5891 5901
f 5890 5901 5900
f 5891 5892 5902
f 5891 5902 5901
f 5892 5883 5893
f 5892 5893 5902
o part_169
v -0.021391 0.376695 0.164793
v -0.019375 0.376358 0.164095
v -0.017362 0.376248 0.163258
v -0.015355 0.376539 0.162177
v -0.013357 0.377328 0.160793
v -0.011367 0.378614 0.159104
v -0.009383 0.380304 0.157170
v -0.007403 0.382217 0.155100
v -0.005422 0.384116 0.153038
v -0.003437 0.385743 0.151143
v -0.001444 0.386858 0.149559
v 0.000560 0.387276 0.148400
v 0.002577 0.386898 0.147727
v 0.004607 0.385723 0.147540
v 0.006648 0.383852 0.147777
v 0.008697 0.381469 0.148327
v 0.010751 0.378814 0.149042
v 0.012805 0.376145 0.149766
v 0.014855 0.373699 0.150354
v 0.016899 0.371656 0.150696
v 0.018934 0.370112 0.150734
v 0.020962 0.369064 0.150469
v 0.022984 0.368418 0.149960
v 0.025001 0.367999 0.149312
v 0.022985 0.368336 0.150010
v 0.020972 0.368445 0.150847
v 0.018966 0.368154 0.151928
v 0.016968 0.367366 0.153313
v 0.014977 0.366079 0.155001
v 0.012993 0.364390 0.156935
v 0.011013 0.362477 0.159005
v 0.009033 0.360578 0.161067
v 0.007048 0.358951 0.162963
v 0.005055 0.357836 0.164546
v 0.003050 0.357417 0.165705
v 0.001033 0.357795 0.166378
v -0.000996 0.358970 0.166565
v -0.003037 0.360841 0.166328
v -0.005087 0.363224 0.165778
v -0.007140 0.365880 0.165063
v -0.009194 0.368548 0.164339
v -0.011244 0.370994 0.163751
v -0.013288 0.373037 0.163409
v -0.015324 0.374581 0.163371
v -0.017352 0.375629 0.163636
v -0.019373 0.376275 0.164145
f 5903 5904 5905
f 5903 5905 5904
f 5903 5905 5906
f 5903 5906 5905
f 5903 5906 5907
f 5903 5907 5906
f 5903 5907 5908
f 5903 5908 5907
f 5903 5908 5909
f 5903 5909 5908
f 5903 5909 5910
f 5903 5910 5909
f 5903 5910 5911
f 5903 5911 5910
f 5903 5911 5912
f 5903 5912 5911
f 5903 5912 5913
f 5903 5913 5912
f 5903 5913 5914
f 5903 5914 5913
f 5903 5914 5915
f 5903 5915 5914
f 5903 5915 5916
f 5903 5916 5915
f 5903 5916 5917
f 5903 5917 5916
f 5903 5917 5918
f 5903 5918 5917
f 5903 5918 5919
f 5903 5919 5918
f 5903 5919 5920
f 5903 5920 5919
f 5903 5920 5921
f 5903 5921 5920
f 5903 5921 5922
f 5903 5922 5921
f 5903 5922 5923
f 5903 5923 5922
f 5903 5923 5924
f 5903 5924 5923
f 5903 5924 5925
f 5903 5925 5924
f 5903 5925 5926
f 5903 5926 5925
f 5903 5926 5927
f 5903 5927 5926
f 5903 5927 5928
f 5903 5928 5927
f 5903 5928 5929
f 5903 5929 5928
f 5903 5929 5930
f 5903 5930 5929
f 5903 5930 5931
f 5903 5931 5930
f 5903 5931 5932
f 5903 5932 5931
f 5903 5932 5933
f 5903 5933 5932
f 5903 5933 5934
f 5903 5934 5933
f 5903 5934 5935
f 5903 5935 5934
f 5903 5935 5936
f 5903 5936 5935
f 5903 5936 5937
f 5903 5937 5936
f 5903 5937 5938
f 5903 5938 5937
f 5903 5938 5939
f 5903 5939 5938
f 5903 5939 5940
f 5903 5940 5939
f 5903 5940 5941
f 5903 5941 5940
f 5903 5941 5942
f 5903 5942 5941
f 5903 5942 5943
f 5903 5943 5942
f 5903 5943 5944
f 5903 5944 5943
f 5903 5944 5945
f 5903 5945 5944
f 5903 5945 5946
f 5903 5946 5945
f 5903 5946 5947
f 5903 5947 5946
f 5903 5947 5948
f 5903 5948 5947
o part_170
v -0.019931 0.364694 0.149353
v -0.018347 0.366849 0.148748
v -0.017478 0.368056 0.146412
v -0.017503 0.368056 0.143697
v -0.018414 0.366849 0.141377
v -0.020009 0.364694 0.140801
v -0.021592 0.362539 0.141406
v -0.022461 0.361331 0.143742
v -0.022436 0.361331 0.146457
v -0.021525 0.362539 0.148777
v -0.037399 0.377564 0.148144
v -0.036322 0.379029 0.147732
v -0.035731 0.379850 0.146143
v -0.035748 0.379850 0.144297
v -0.036367 0.379029 0.142720
v -0.037452 0.377564 0.142328
v -0.038528 0.376098 0.142739
v -0.039119 0.375277 0.144328
v -0.039102 0.375277 0.146174
v -0.038483 0.376098 0.147752
f 5949 5950 5960
f 5949 5960 5959
f 5950 5951 5961
f 5950 5961 5960
f 5951 5952 5962
f 5951 5962 5961
f 5952 5953 5963
f 5952 5963 5962
f 5953 5954 5964
f 5953 5964 5963
f 5954 5955 5965
f 5954 5965 5964
f 5955 5956 5966
f 5955 5966 5965
f 5956 5957 5967
f 5956 5967 5966
f 5957 5958 5968
f 5957 5968 5967
f 5958 5949 5959
f 5958 5959 5968
o part_171
v -0.037425 0.377564 0.145236
v -0.037082 0.376985 0.147122
v -0.036514 0.376711 0.149082
v -0.035652 0.376835 0.151141
v -0.034489 0.377366 0.153299
v -0.033067 0.378247 0.155542
v -0.031470 0.379363 0.157844
v -0.029812 0.380564 0.160166
v -0.028220 0.381675 0.162466
v -0.026820 0.382526 0.164702
v -0.025724 0.382965 0.166838
v -0.025015 0.382883 0.168845
v -0.024735 0.382219 0.170711
v -0.024885 0.380974 0.172433
v -0.025422 0.379206 0.174028
v -0.026262 0.377027 0.175522
v -0.027296 0.374588 0.176952
v -0.028395 0.372060 0.178360
v -0.029432 0.369616 0.179788
v -0.030294 0.367407 0.181275
v -0.030899 0.365548 0.182847
v -0.031202 0.364096 0.184519
v -0.031210 0.363043 0.186288
v -0.030994 0.362293 0.188133
v -0.031337 0.362872 0.186247
v -0.031904 0.363146 0.184286
v -0.032767 0.363022 0.182228
v -0.033930 0.362491 0.180070
v -0.035352 0.361610 0.177826
v -0.036948 0.360493 0.175525
v -0.038607 0.359293 0.173203
v -0.040199 0.358182 0.170902
v -0.041599 0.357331 0.168666
v -0.042695 0.356891 0.166530
v -0.043404 0.356974 0.164523
v -0.043684 0.357638 0.162658
v -0.043533 0.358883 0.160935
v -0.042997 0.360651 0.159341
v -0.042156 0.362829 0.157847
v -0.041123 0.365269 0.156417
v -0.040024 0.367797 0.155009
v -0.038987 0.370241 0.153580
v -0.038125 0.372450 0.152094
v -0.037520 0.374309 0.150521
v -0.037217 0.375761 0.148849
v -0.037209 0.376814 0.147080
f 5969 5970 5971
f 5969 5971 5970
f 5969 5971 5972
f 5969 5972 5971
f 5969 5972 5973
f 5969 5973 5972
f 5969 5973 5974
f 5969 5974 5973
f 5969 5974 5975
f 5969 5975 5974
f 5969 5975 5976
f 5969 5976 5975
f 5969 5976 5977
f 5969 5977 5976
f 5969 5977 5978
f 5969 5978 5977
f 5969 5978 5979
f 5969 5979 5978
f 5969 5979 5980
f 5969 5980 5979
f 5969 5980 5981
f 5969 5981 5980
f 5969 5981 5982
f 5969 5982 5981
f 5969 5982 5983
f 5969 5983 5982
f 5969 5983 5984
f 5969 5984 5983
f 5969 5984 5985
f 5969 5985 5984
f 5969 5985 5986
f 5969 5986 5985
f 5969 5986 5987
f 5969 5987 5986
f 5969 5987 5988
f 5969 5988 5987
f 5969 5988 5989
f 5969 5989 5988
f 5969 5989 5990
f 5969 5990 5989
f 5969 5990 5991
f 5969 5991 5990
f 5969 5991 5992
f 5969 5992 5991
f 5969 5992 5993
f 5969 5993 5992
f 5969 5993 5994
f 5969 5994 5993
f 5969 5994 5995
f 5969 5995 5994
f 5969 5995 5996
f 5969 5996 5995
f 5969 5996 5997
f 5969 5997 5996
f 5969 5997 5998
f 5969 5998 5997
f 5969 5998 5999
f 5969 5999 5998
f 5969 5999 6000
f 5969 6000 5999
f 5969 6000 6001
f 5969 6001 6000
f 5969 6001 6002
f 5969 6002 6001
f 5969 6002 6003
f 5969 6003 6002
f 5969 6003 6004
f 5969 6004 6003
f 5969 6004 6005
f 5969 6005 6004
f 5969 6005 6006
f 5969 6006 6005
f 5969 6006 6007
f 5969 6007 6006
f 5969 6007 6008
f 5969 6008 6007
f 5969 6008 6009
f 5969 6009 6008
f 5969 6009 6010
f 5969 6010 6009
f 5969 6010 6011
f 5969 6011 6010
f 5969 6011 6012
f 5969 6012 6011
f 5969 6012 6013
f 5969 6013 6012
f 5969 6013 6014
f 5969 6014 6013
o part_172
v 0.008744 0.363456 0.110198
v 0.006416 0.366536 0.109032
v 0.002996 0.368260 0.110416
v 0.000120 0.368260 0.113184
v -0.001394 0.366536 0.116549
v -0.000318 0.363456 0.118920
v 0.002009 0.360376 0.120086
v 0.005430 0.358651 0.118701
v 0.008306 0.358651 0.115933
v 0.009820 0.360376 0.112568
v 0.030492 0.390113 0.135696
v 0.028909 0.392208 0.134903
v 0.026583 0.393380 0.135845
v 0.024627 0.393380 0.137727
v 0.023598 0.392208 0.140015
v 0.024329 0.390113 0.141627
v 0.025912 0.388019 0.142420
v 0.028238 0.386846 0.141479
v 0.030194 0.386846 0.139596
v 0.031223 0.388019 0.137308
f 6015 6016 6026
f 6015 6026 6025
f 6016 6017 6027
f 6016 6027 6026
f 6017 6018 6028
f 6017 6028 6027
f 6018 6019 6029
f 6018 6029 6028
f 6019 6020 6030
f 6019 6030 6029
f 6020 6021 6031
f 6020 6031 6030
f 6021 6022 6032
f 6021 6032 6031
f 6022 6023 6033
f 6022 6033 6032
f 6023 6024 6034
f 6023 6034 6033
f 6024 6015 6025
f 6024 6025 6034
o part_173
v 0.027411 0.390113 0.138662
v 0.028549 0.389753 0.136520
v 0.029531 0.389651 0.134242
v 0.030254 0.389980 0.131737
v 0.030667 0.390826 0.128960
v 0.030777 0.392174 0.125919
v 0.030650 0.393916 0.122669
v 0.030398 0.395866 0.119311
v 0.030167 0.397782 0.115970
v 0.030110 0.399407 0.112782
v 0.030370 0.400506 0.109871
v 0.031055 0.400899 0.107333
v 0.032223 0.400488 0.105218
v 0.033875 0.399273 0.103526
v 0.035953 0.397352 0.102207
v 0.038347 0.394905 0.101165
v 0.040916 0.392167 0.100276
v 0.043505 0.389396 0.099404
v 0.045969 0.386831 0.098424
v 0.048196 0.384661 0.097235
v 0.050121 0.382994 0.095782
v 0.051735 0.381842 0.094057
v 0.053090 0.381122 0.092105
v 0.054289 0.380661 0.090017
v 0.053151 0.381021 0.092158
v 0.052168 0.381123 0.094436
v 0.051445 0.380794 0.096941
v 0.051032 0.379948 0.099718
v 0.050922 0.378600 0.102760
v 0.051050 0.376858 0.106009
v 0.051301 0.374908 0.109368
v 0.051533 0.372992 0.112709
v 0.051590 0.371367 0.115896
v 0.051330 0.370268 0.118807
v 0.050645 0.369875 0.121345
v 0.049476 0.370286 0.123460
v 0.047824 0.371501 0.125152
v 0.045747 0.373422 0.126471
v 0.043353 0.375869 0.127514
v 0.040784 0.378607 0.128403
v 0.038195 0.381378 0.129274
v 0.035730 0.383943 0.130255
v 0.033503 0.386113 0.131443
v 0.031578 0.387780 0.132896
v 0.029964 0.388932 0.134621
v 0.028610 0.389652 0.136573
f 6035 6036 6037
f 6035 6037 6036
f 6035 6037 6038
f 6035 6038 6037
f 6035 6038 6039
f 6035 6039 6038
f 6035 6039 6040
f 6035 6040 6039
f 6035 6040 6041
f 6035 6041 6040
f 6035 6041 6042
f 6035 6042 6041
f 6035 6042 6043
f 6035 6043 6042
f 6035 6043 6044
f 6035 6044 6043
f 6035 6044 6045
f 6035 6045 6044
f 6035 6045 6046
f 6035 6046 6045
f 6035 6046 6047
f 6035 6047 6046
f 6035 6047 6048
f 6035 6048 6047
f 6035 6048 6049
f 6035 6049 6048
f 6035 6049 6050
f 6035 6050 6049
f 6035 6050 6051
f 6035 6051 6050
f 6035 6051 6052
f 6035 6052 6051
f 6035 6052 6053
f 6035 6053 6052
f 6035 6053 6054
f 6035 6054 6053
f 6035 6054 6055
f 6035 6055 6054
f 6035 6055 6056
f 6035 6056 6055
f 6035 6056 6057
f 6035 6057 6056
f 6035 6057 6058
f 6035 6058 6057
f 6035 6058 6059
f 6035 6059 6058
f 6035 6059 6060
f 6035 6060 6059
f 6035 6060 6061
f 6035 6061 6060
f 6035 6061 6062
f 6035 6062 6061
f 6035 6062 6063
f 6035 6063 6062
f 6035 6063 6064
f 6035 6064 6063
f 6035 6064 6065
f 6035 6065 6064
f 6035 6065 6066
f 6035 6066 6065
f 6035 6066 6067
f 6035 6067 6066
f 6035 6067 6068
f 6035 6068 6067
f 6035 6068 6069
f 6035 6069 6068
f 6035 6069 6070
f 6035 6070 6069
f 6035 6070 6071
f 6035 6071 6070
f 6035 6071 6072
f 6035 6072 6071
f 6035 6072 6073
f 6035 6073 6072
f 6035 6073 6074
f 6035 6074 6073
f 6035 6074 6075
f 6035 6075 6074
f 6035 6075 6076
f 6035 6076 6075
f 6035 6076 6077
f 6035 6077 6076
f 6035 6077 6078
f 6035 6078 6077
f 6035 6078 6079
f 6035 6079 6078
f 6035 6079 6080
f 6035 6080 6079
o part_174
v 0.027411 0.390113 0.138662
v 0.026094 0.389196 0.139720
v 0.025001 0.388011 0.140858
v 0.024210 0.386467 0.142104
v 0.023731 0.384549 0.143462
v 0.023525 0.382308 0.144916
v 0.023505 0.379843 0.146437
v 0.023555 0.377295 0.147983
v 0.023542 0.374822 0.149507
v 0.023332 0.372585 0.150960
v 0.022806 0.370725 0.152300
v 0.021877 0.369344 0.153497
v 0.020500 0.368499 0.154534
v 0.018673 0.368190 0.155410
v 0.016443 0.368361 0.156143
v 0.013899 0.368909 0.156763
v 0.011157 0.369691 0.157312
v 0.008351 0.370550 0.157839
v 0.005615 0.371325 0.158391
v 0.003067 0.371877 0.159010
v 0.000790 0.372105 0.159726
v -0.001174 0.371959 0.160553
v -0.002837 0.371455 0.161488
v -0.004275 0.370682 0.162503
v -0.002958 0.371600 0.161445
v -0.001866 0.372785 0.160306
v -0.001075 0.374329 0.159061
v -0.000596 0.376246 0.157703
v -0.000390 0.378488 0.156249
v -0.000370 0.380953 0.154727
v -0.000420 0.383501 0.153181
v -0.000407 0.385973 0.151658
v -0.000196 0.388210 0.150205
v 0.000330 0.390071 0.148864
v 0.001258 0.391452 0.147667
v 0.002636 0.392297 0.146631
v 0.004462 0.392606 0.145755
v 0.006692 0.392434 0.145022
v 0.009237 0.391887 0.144402
v 0.011979 0.391104 0.143852
v 0.014784 0.390246 0.143325
v 0.017520 0.389471 0.142773
v 0.020069 0.388919 0.142154
v 0.022345 0.388691 0.141439
v 0.024309 0.388836 0.140611
v 0.025972 0.389341 0.139677
f 6081 6082 6083
f 6081 6083 6082
f 6081 6083 6084
f 6081 6084 6083
f 6081 6084 6085
f 6081 6085 6084
f 6081 6085 6086
f 6081 6086 6085
f 6081 6086 6087
f 6081 6087 6086
f 6081 6087 6088
f 6081 6088 6087
f 6081 6088 6089
f 6081 6089 6088
f 6081 6089 6090
f 6081 6090 6089
f 6081 6090 6091
f 6081 6091 6090
f 6081 6091 6092
f 6081 6092 6091
f 6081 6092 6093
f 6081 6093 6092
f 6081 6093 6094
f 6081 6094 6093
f 6081 6094 6095
f 6081 6095 6094
f 6081 6095 6096
f 6081 6096 6095
f 6081 6096 6097
f 6081 6097 6096
f 6081 6097 6098
f 6081 6098 6097
f 6081 6098 6099
f 6081 6099 6098
f 6081 6099 6100
f 6081 6100 6099
f 6081 6100 6101
f 6081 6101 6100
f 6081 6101 6102
f 6081 6102 6101
f 6081 6102 6103
f 6081 6103 6102
f 6081 6103 6104
f 6081 6104 6103
f 6081 6104 6105
f 6081 6105 6104
f 6081 6105 6106
f 6081 6106 6105
f 6081 6106 6107
f 6081 6107 6106
f 6081 6107 6108
f 6081 6108 6107
f 6081 6108 6109
f 6081 6109 6108
f 6081 6109 6110
f 6081 6110 6109
f 6081 6110 6111
f 6081 6111 6110
f 6081 6111 6112
f 6081 6112 6111
f 6081 6112 6113
f 6081 6113 6112
f 6081 6113 6114
f 6081 6114 6113
f 6081 6114 6115
f 6081 6115 6114
f 6081 6115 6116
f 6081 6116 6115
f 6081 6116 6117
f 6081 6117 6116
f 6081 6117 6118
f 6081 6118 6117
f 6081 6118 6119
f 6081 6119 6118
f 6081 6119 6120
f 6081 6120 6119
f 6081 6120 6121
f 6081 6121 6120
f 6081 6121 6122
f 6081 6122 6121
f 6081 6122 6123
f 6081 6123 6122
f 6081 6123 6124
f 6081 6124 6123
f 6081 6124 6125
f 6081 6125 6124
f 6081 6125 6126
f 6081 6126 6125
o part_175
v 0.031052 0.390113 0.136420
v 0.030713 0.392773 0.136996
v 0.028822 0.394262 0.138365
v 0.026510 0.394262 0.139788
v 0.024436 0.392773 0.140860
v 0.023769 0.390113 0.140903
v 0.024108 0.387454 0.140327
v 0.025999 0.385964 0.138958
v 0.028311 0.385964 0.137535
v 0.030386 0.387454 0.136464
v 0.042891 0.387198 0.158266
v 0.042660 0.389006 0.158657
v 0.041374 0.390019 0.159588
v 0.039802 0.390019 0.160556
v 0.038391 0.389006 0.161284
v 0.037938 0.387198 0.161314
v 0.038168 0.385389 0.160922
v 0.039454 0.384376 0.159991
v 0.041026 0.384376 0.159024
v 0.042437 0.385389 0.158295
f 6127 6128 6138
f 6127 6138 6137
f 6128 6129 6139
f 6128 6139 6138
f 6129 6130 6140
f 6129 6140 6139
f 6130 6131 6141
f 6130 6141 6140
f 6131 6132 6142
f 6131 6142 6141
f 6132 6133 6143
f 6132 6143 6142
f 6133 6134 6144
f 6133 6144 6143
f 6134 6135 6145
f 6134 6145 6144
f 6135 6136 6146
f 6135 6146 6145
f 6136 6127 6137
f 6136 6137 6146
o part_176
v 0.040414 0.387198 0.159790
v 0.041824 0.387335 0.158098
v 0.043249 0.387739 0.156434
v 0.044703 0.388618 0.154818
v 0.046191 0.390087 0.153262
v 0.047714 0.392150 0.151767
v 0.049266 0.394694 0.150320
v 0.050833 0.397508 0.148901
v 0.052400 0.400308 0.147481
v 0.053948 0.402786 0.146027
v 0.055459 0.404655 0.144512
v 0.056922 0.405694 0.142912
v 0.058329 0.405783 0.141216
v 0.059680 0.404923 0.139423
v 0.060982 0.403233 0.137546
v 0.062248 0.400935 0.135607
v 0.063495 0.398314 0.133635
v 0.064741 0.395679 0.131662
v 0.066003 0.393313 0.129716
v 0.067293 0.391430 0.127819
v 0.068619 0.390140 0.125983
v 0.069979 0.389440 0.124206
v 0.071367 0.389215 0.122478
v 0.072771 0.389257 0.120777
v 0.071362 0.389119 0.122469
v 0.069936 0.388715 0.124133
v 0.068483 0.387836 0.125749
v 0.066995 0.386367 0.127305
v 0.065471 0.384305 0.128800
v 0.063920 0.381760 0.130247
v 0.062352 0.378946 0.131666
v 0.060786 0.376146 0.133086
v 0.059238 0.373668 0.134540
v 0.057726 0.371800 0.136055
v 0.056263 0.370761 0.137655
v 0.054857 0.370671 0.139351
v 0.053506 0.371531 0.141144
v 0.052204 0.373221 0.143021
v 0.050938 0.375520 0.144960
v 0.049691 0.378141 0.146932
v 0.048445 0.380775 0.148905
v 0.047183 0.383141 0.150851
v 0.045892 0.385025 0.152748
v 0.044567 0.386314 0.154584
v 0.043206 0.387014 0.156361
v 0.041818 0.387239 0.158089
f 6147 6148 6149
f 6147 6149 6148
f 6147 6149 6150
f 6147 6150 6149
f 6147 6150 6151
f 6147 6151 6150
f 6147 6151 6152
f 6147 6152 6151
f 6147 6152 6153
f 6147 6153 6152
f 6147 6153 6154
f 6147 6154 6153
f 6147 6154 6155
f 6147 6155 6154
f 6147 6155 6156
f 6147 6156 6155
f 6147 6156 6157
f 6147 6157 6156
f 6147 6157 6158
f 6147 6158 6157
f 6147 6158 6159
f 6147 6159 6158
f 6147 6159 6160
f 6147 6160 6159
f 6147 6160 6161
f 6147 6161 6160
f 6147 6161 6162
f 6147 6162 6161
f 6147 6162 6163
f 6147 6163 6162
f 6147 6163 6164
f 6147 6164 6163
f 6147 6164 6165
f 6147 6165 6164
f 6147 6165 6166
f 6147 6166 6165
f 6147 6166 6167
f 6147 6167 6166
f 6147 6167 6168
f 6147 6168 6167
f 6147 6168 6169
f 6147 6169 6168
f 6147 6169 6170
f 6147 6170 6169
f 6147 6170 6171
f 6147 6171 6170
f 6147 6171 6172
f 6147 6172 6171
f 6147 6172 6173
f 6147 6173 6172
f 6147 6173 6174
f 6147 6174 6173
f 6147 6174 6175
f 6147 6175 6174
f 6147 6175 6176
f 6147 6176 6175
f 6147 6176 6177
f 6147 6177 6176
f 6147 6177 6178
f 6147 6178 6177
f 6147 6178 6179
f 6147 6179 6178
f 6147 6179 6180
f 6147 6180 6179
f 6147 6180 6181
f 6147 6181 6180
f 6147 6181 6182
f 6147 6182 6181
f 6147 6182 6183
f 6147 6183 6182
f 6147 6183 6184
f 6147 6184 6183
f 6147 6184 6185
f 6147 6185 6184
f 6147 6185 6186
f 6147 6186 6185
f 6147 6186 6187
f 6147 6187 6186
f 6147 6187 6188
f 6147 6188 6187
f 6147 6188 6189
f 6147 6189 6188
f 6147 6189 6190
f 6147 6190 6189
f 6147 6190 6191
f 6147 6191 6190
f 6147 6191 6192
f 6147 6192 6191
o part_177
v 0.040414 0.387198 0.159790
v 0.038081 0.387378 0.159751
v 0.035733 0.387390 0.159698
v 0.033351 0.387006 0.159611
v 0.030920 0.386025 0.159472
v 0.028429 0.384349 0.159274
v 0.025884 0.382027 0.159021
v 0.023301 0.379257 0.158728
v 0.020707 0.376365 0.158426
v 0.018137 0.373749 0.158147
v 0.015624 0.371803 0.157925
v 0.013194 0.370843 0.157789
v 0.010862 0.371043 0.157752
v 0.008628 0.372404 0.157815
v 0.006478 0.374751 0.157962
v 0.004384 0.377767 0.158167
v 0.002313 0.381060 0.158396
v 0.000233 0.384231 0.158615
v -0.001886 0.386954 0.158795
v -0.004059 0.389029 0.158919
v -0.006291 0.390411 0.158984
v -0.008574 0.391197 0.158997
v -0.010890 0.391585 0.158976
v -0.013220 0.391805 0.158941
v -0.010886 0.391625 0.158980
v -0.008539 0.391613 0.159033
v -0.006157 0.391997 0.159120
v -0.003725 0.392978 0.159258
v -0.001235 0.394654 0.159457
v 0.001310 0.396976 0.159710
v 0.003893 0.399746 0.160003
v 0.006487 0.402638 0.160305
v 0.009057 0.405254 0.160584
v 0.011570 0.407200 0.160806
v 0.014000 0.408160 0.160942
v 0.016332 0.407960 0.160979
v 0.018566 0.406599 0.160916
v 0.020716 0.404252 0.160769
v 0.022810 0.401236 0.160564
v 0.024881 0.397943 0.160335
v 0.026961 0.394772 0.160116
v 0.029080 0.392049 0.159936
v 0.031253 0.389974 0.159812
v 0.033485 0.388592 0.159747
v 0.035768 0.387806 0.159734
v 0.038084 0.387418 0.159755
f 6193 6194 6195
f 6193 6195 6194
f 6193 6195 6196
f 6193 6196 6195
f 6193 6196 6197
f 6193 6197 6196
f 6193 6197 6198
f 6193 6198 6197
f 6193 6198 6199
f 6193 6199 6198
f 6193 6199 6200
f 6193 6200 6199
f 6193 6200 6201
f 6193 6201 6200
f 6193 6201 6202
f 6193 6202 6201
f 6193 6202 6203
f 6193 6203 6202
f 6193 6203 6204
f 6193 6204 6203
f 6193 6204 6205
f 6193 6205 6204
f 6193 6205 6206
f 6193 6206 6205
f 6193 6206 6207
f 6193 6207 6206
f 6193 6207 6208
f 6193 6208 6207
f 6193 6208 6209
f 6193 6209 6208
f 6193 6209 6210
f 6193 6210 6209
f 6193 6210 6211
f 6193 6211 6210
f 6193 6211 6212
f 6193 6212 6211
f 6193 6212 6213
f 6193 6213 6212
f 6193 6213 6214
f 6193 6214 6213
f 6193 6214 6215
f 6193 6215 6214
f 6193 6215 6216
f 6193 6216 6215
f 6193 6216 6217
f 6193 6217 6216
f 6193 6217 6218
f 6193 6218 6217
f 6193 6218 6219
f 6193 6219 6218
f 6193 6219 6220
f 6193 6220 6219
f 6193 6220 6221
f 6193 6221 6220
f 6193 6221 6222
f 6193 6222 6221
f 6193 6222 6223
f 6193 6223 6222
f 6193 6223 6224
f 6193 6224 6223
f 6193 6224 6225
f 6193 6225 6224
f 6193 6225 6226
f 6193 6226 6225
f 6193 6226 6227
f 6193 6227 6226
f 6193 6227 6228
f 6193 6228 6227
f 6193 6228 6229
f 6193 6229 6228
f 6193 6229 6230
f 6193 6230 6229
f 6193 6230 6231
f 6193 6231 6230
f 6193 6231 6232
f 6193 6232 6231
f 6193 6232 6233
f 6193 6233 6232
f 6193 6233 6234
f 6193 6234 6233
f 6193 6234 6235
f 6193 6235 6234
f 6193 6235 6236
f 6193 6236 6235
f 6193 6236 6237
f 6193 6237 6236
f 6193 6237 6238
f 6193 6238 6237
o part_178
v 0.024866 0.390113 0.135225
v 0.023828 0.392158 0.136728
v 0.024435 0.393303 0.139176
v 0.026050 0.393303 0.141358
v 0.028214 0.392158 0.142653
v 0.029955 0.390113 0.142099
v 0.030993 0.388069 0.140595
v 0.030386 0.386924 0.138148
v 0.028771 0.386924 0.135966
v 0.026608 0.388069 0.134670
v 0.042027 0.407313 0.124225
v 0.041320 0.408703 0.125247
v 0.041733 0.409482 0.126912
v 0.042831 0.409482 0.128395
v 0.044303 0.408703 0.129276
v 0.045487 0.407313 0.128899
v 0.046193 0.405922 0.127877
v 0.045780 0.405144 0.126213
v 0.044682 0.405144 0.124729
v 0.043211 0.405922 0.123848
f 6239 6240 6250
f 6239 6250 6249
f 6240 6241 6251
f 6240 6251 6250
f 6241 6242 6252
f 6241 6252 6251
f 6242 6243 6253
f 6242 6253 6252
f 6243 6244 6254
f 6243 6254 6253
f 6244 6245 6255
f 6244 6255 6254
f 6245 6246 6256
f 6245 6256 6255
f 6246 6247 6257
f 6246 6257 6256
f 6247 6248 6258
f 6247 6258 6257
f 6248 6239 6249
f 6248 6249 6258
o part_179
v 0.043757 0.407313 0.126562
v 0.041175 0.407335 0.125678
v 0.038452 0.407729 0.125130
v 0.035542 0.408613 0.125026
v 0.032441 0.410000 0.125379
v 0.029175 0.411819 0.126123
v 0.025797 0.413931 0.127133
v 0.022379 0.416148 0.128239
v 0.019002 0.418258 0.129246
v 0.015747 0.420046 0.129963
v 0.012685 0.421328 0.130220
v 0.009870 0.421965 0.129893
v 0.007328 0.421884 0.128914
v 0.005060 0.421084 0.127284
v 0.003037 0.419639 0.125070
v 0.001208 0.417687 0.122395
v -0.000499 0.415415 0.119430
v -0.002164 0.413034 0.116367
v -0.003870 0.410759 0.113400
v -0.005688 0.408777 0.110698
v -0.007670 0.407228 0.108388
v -0.009844 0.406181 0.106535
v -0.012205 0.405624 0.105125
v -0.014707 0.405439 0.104052
v -0.012126 0.405416 0.104937
v -0.009402 0.405022 0.105484
v -0.006493 0.404139 0.105588
v -0.003391 0.402752 0.105235
v -0.000125 0.400933 0.104491
v 0.003253 0.398821 0.103481
v 0.006671 0.396603 0.102375
v 0.010048 0.394494 0.101368
v 0.013303 0.392705 0.100651
v 0.016364 0.391423 0.100394
v 0.019180 0.390786 0.100721
v 0.021722 0.390868 0.101700
v 0.023990 0.391668 0.103330
v 0.026012 0.393113 0.105544
v 0.027841 0.395064 0.108219
v 0.029548 0.397337 0.111184
v 0.031214 0.399717 0.114247
v 0.032920 0.401992 0.117214
v 0.034737 0.403974 0.119916
v 0.036720 0.405524 0.122226
v 0.038894 0.406571 0.124079
v 0.041254 0.407128 0.125489
f 6259 6260 6261
f 6259 6261 6260
f 6259 6261 6262
f 6259 6262 6261
f 6259 6262 6263
f 6259 6263 6262
f 6259 6263 6264
f 6259 6264 6263
f 6259 6264 6265
f 6259 6265 6264
f 6259 6265 6266
f 6259 6266 6265
f 6259 6266 6267
f 6259 6267 6266
f 6259 6267 6268
f 6259 6268 6267
f 6259 6268 6269
f 6259 6269 6268
f 6259 6269 6270
f 6259 6270 6269
f 6259 6270 6271
f 6259 6271 6270
f 6259 6271 6272
f 6259 6272 6271
f 6259 6272 6273
f 6259 6273 6272
f 6259 6273 6274
f 6259 6274 6273
f 6259 6274 6275
f 6259 6275 6274
f 6259 6275 6276
f 6259 6276 6275
f 6259 6276 6277
f 6259 6277 6276
f 6259 6277 6278
f 6259 6278 6277
f 6259 6278 6279
f 6259 6279 6278
f 6259 6279 6280
f 6259 6280 6279
f 6259 6280 6281
f 6259 6281 6280
f 6259 6281 6282
f 6259 6282 6281
f 6259 6282 6283
f 6259 6283 6282
f 6259 6283 6284
f 6259 6284 6283
f 6259 6284 6285
f 6259 6285 6284
f 6259 6285 6286
f 6259 6286 6285
f 6259 6286 6287
f 6259 6287 6286
f 6259 6287 6288
f 6259 6288 6287
f 6259 6288 6289
f 6259 6289 6288
f 6259 6289 6290
f 6259 6290 6289
f 6259 6290 6291
f 6259 6291 6290
f 6259 6291 6292
f 6259 6292 6291
f 6259 6292 6293
f 6259 6293 6292
f 6259 6293 6294
f 6259 6294 6293
f 6259 6294 6295
f 6259 6295 6294
f 6259 6295 6296
f 6259 6296 6295
f 6259 6296 6297
f 6259 6297 6296
f 6259 6297 6298
f 6259 6298 6297
f 6259 6298 6299
f 6259 6299 6298
f 6259 6299 6300
f 6259 6300 6299
f 6259 6300 6301
f 6259 6301 6300
f 6259 6301 6302
f 6259 6302 6301
f 6259 6302 6303
f 6259 6303 6302
f 6259 6303 6304
f 6259 6304 6303
o part_180
v 0.031130 0.390113 0.140771
v 0.031499 0.392106 0.138924
v 0.029968 0.393222 0.136904
v 0.027607 0.393222 0.135565
v 0.025087 0.392106 0.135287
v 0.023691 0.390113 0.136552
v 0.023322 0.388121 0.138399
v 0.024853 0.387005 0.140419
v 0.027215 0.387005 0.141759
v 0.029734 0.388121 0.142036
v 0.021335 0.405771 0.155269
v 0.021586 0.407126 0.154013
v 0.020545 0.407885 0.152639
v 0.018939 0.407885 0.151728
v 0.017226 0.407126 0.151540
v 0.016276 0.405771 0.152400
v 0.016025 0.404416 0.153656
v 0.017067 0.403658 0.155030
v 0.018672 0.403658 0.155940
v 0.020386 0.404416 0.156129
f 6305 6306 6316
f 6305 6316 6315
f 6306 6307 6317
f 6306 6317 6316
f 6307 6308 6318
f 6307 6318 6317
f 6308 6309 6319
f 6308 6319 6318
f 6309 6310 6320
f 6309 6320 6319
f 6310 6311 6321
f 6310 6321 6320
f 6311 6312 6322
f 6311 6322 6321
f 6312 6313 6323
f 6312 6323 6322
f 6313 6314 6324
f 6313 6324 6323
f 6314 6305 6315
f 6314 6315 6324
o part_181
v 0.018806 0.405771 0.153834
v 0.021018 0.405521 0.153866
v 0.023271 0.405507 0.153677
v 0.025587 0.405868 0.153136
v 0.027977 0.406662 0.152190
v 0.030437 0.407868 0.150860
v 0.032951 0.409386 0.149237
v 0.035490 0.411058 0.147470
v 0.038022 0.412687 0.145744
v 0.040512 0.414065 0.144252
v 0.042926 0.415004 0.143170
v 0.045242 0.415362 0.142633
v 0.047446 0.415061 0.142712
v 0.049538 0.414102 0.143407
v 0.051531 0.412561 0.144646
v 0.053450 0.410580 0.146296
v 0.055326 0.408350 0.148181
v 0.057194 0.406076 0.150105
v 0.059089 0.403956 0.151886
v 0.061037 0.402149 0.153374
v 0.063055 0.400753 0.154477
v 0.065146 0.399790 0.155176
v 0.067301 0.399202 0.155523
v 0.069497 0.398851 0.155649
v 0.067284 0.399102 0.155617
v 0.065031 0.399116 0.155807
v 0.062715 0.398754 0.156347
v 0.060325 0.397960 0.157293
v 0.057865 0.396755 0.158623
v 0.055351 0.395237 0.160246
v 0.052812 0.393565 0.162013
v 0.050280 0.391936 0.163739
v 0.047791 0.390558 0.165232
v 0.045376 0.389618 0.166313
v 0.043060 0.389261 0.166850
v 0.040856 0.389561 0.166771
v 0.038764 0.390521 0.166076
v 0.036771 0.392062 0.164837
v 0.034852 0.394042 0.163187
v 0.032976 0.396273 0.161303
v 0.031108 0.398547 0.159378
v 0.029213 0.400666 0.157597
v 0.027265 0.402473 0.156109
v 0.025248 0.403869 0.155006
v 0.023156 0.404832 0.154308
v 0.021001 0.405420 0.153960
f 6325 6326 6327
f 6325 6327 6326
f 6325 6327 6328
f 6325 6328 6327
f 6325 6328 6329
f 6325 6329 6328
f 6325 6329 6330
f 6325 6330 6329
f 6325 6330 6331
f 6325 6331 6330
f 6325 6331 6332
f 6325 6332 6331
f 6325 6332 6333
f 6325 6333 6332
f 6325 6333 6334
f 6325 6334 6333
f 6325 6334 6335
f 6325 6335 6334
f 6325 6335 6336
f 6325 6336 6335
f 6325 6336 6337
f 6325 6337 6336
f 6325 6337 6338
f 6325 6338 6337
f 6325 6338 6339
f 6325 6339 6338
f 6325 6339 6340
f 6325 6340 6339
f 6325 6340 6341
f 6325 6341 6340
f 6325 6341 6342
f 6325 6342 6341
f 6325 6342 6343
f 6325 6343 6342
f 6325 6343 6344
f 6325 6344 6343
f 6325 6344 6345
f 6325 6345 6344
f 6325 6345 6346
f 6325 6346 6345
f 6325 6346 6347
f 6325 6347 6346
f 6325 6347 6348
f 6325 6348 6347
f 6325 6348 6349
f 6325 6349 6348
f 6325 6349 6350
f 6325 6350 6349
f 6325 6350 6351
f 6325 6351 6350
f 6325 6351 6352
f 6325 6352 6351
f 6325 6352 6353
f 6325 6353 6352
f 6325 6353 6354
f 6325 6354 6353
f 6325 6354 6355
f 6325 6355 6354
f 6325 6355 6356
f 6325 6356 6355
f 6325 6356 6357
f 6325 6357 6356
f 6325 6357 6358
f 6325 6358 6357
f 6325 6358 6359
f 6325 6359 6358
f 6325 6359 6360
f 6325 6360 6359
f 6325 6360 6361
f 6325 6361 6360
f 6325 6361 6362
f 6325 6362 6361
f 6325 6362 6363
f 6325 6363 6362
f 6325 6363 6364
f 6325 6364 6363
f 6325 6364 6365
f 6325 6365 6364
f 6325 6365 6366
f 6325 6366 6365
f 6325 6366 6367
f 6325 6367 6366
f 6325 6367 6368
f 6325 6368 6367
f 6325 6368 6369
f 6325 6369 6368
f 6325 6369 6370
f 6325 6370 6369
o part_182
v 0.018806 0.405771 0.153834
v 0.017709 0.404770 0.152801
v 0.016606 0.403659 0.151877
v 0.015491 0.402313 0.151189
v 0.014356 0.400631 0.150837
v 0.013201 0.398576 0.150858
v 0.012027 0.396185 0.151215
v 0.010841 0.393575 0.151792
v 0.009653 0.390921 0.152412
v 0.008473 0.388430 0.152868
v 0.007314 0.386306 0.152959
v 0.006184 0.384706 0.152525
v 0.005089 0.383719 0.151477
v 0.004027 0.383344 0.149817
v 0.002994 0.383495 0.147631
v 0.001982 0.384011 0.145080
v 0.000979 0.384691 0.142364
v -0.000027 0.385327 0.139693
v -0.001044 0.385744 0.137241
v -0.002081 0.385825 0.135124
v -0.003138 0.385533 0.133382
v -0.004214 0.384905 0.131975
v -0.005303 0.384041 0.130804
v -0.006398 0.383068 0.129742
v -0.005301 0.384070 0.130775
v -0.004199 0.385180 0.131699
v -0.003083 0.386527 0.132387
v -0.001948 0.388208 0.132740
v -0.000793 0.390264 0.132719
v 0.000381 0.392655 0.132362
v 0.001567 0.395265 0.131785
v 0.002755 0.397919 0.131165
v 0.003934 0.400410 0.130708
v 0.005093 0.402534 0.130617
v 0.006223 0.404134 0.131052
v 0.007319 0.405121 0.132099
v 0.008381 0.405496 0.133760
v 0.009413 0.405345 0.135946
v 0.010426 0.404829 0.138497
v 0.011429 0.404149 0.141212
v 0.012434 0.403513 0.143884
v 0.013452 0.403096 0.146336
v 0.014489 0.403015 0.148452
v 0.015546 0.403307 0.150195
v 0.016622 0.403935 0.151602
v 0.017711 0.404799 0.152772
f 6371 6372 6373
f 6371 6373 6372
f 6371 6373 6374
f 6371 6374 6373
f 6371 6374 6375
f 6371 6375 6374
f 6371 6375 6376
f 6371 6376 6375
f 6371 6376 6377
f 6371 6377 6376
f 6371 6377 6378
f 6371 6378 6377
f 6371 6378 6379
f 6371 6379 6378
f 6371 6379 6380
f 6371 6380 6379
f 6371 6380 6381
f 6371 6381 6380
f 6371 6381 6382
f 6371 6382 6381
f 6371 6382 6383
f 6371 6383 6382
f 6371 6383 6384
f 6371 6384 6383
f 6371 6384 6385
f 6371 6385 6384
f 6371 6385 6386
f 6371 6386 6385
f 6371 6386 6387
f 6371 6387 6386
f 6371 6387 6388
f 6371 6388 6387
f 6371 6388 6389
f 6371 6389 6388
f 6371 6389 6390
f 6371 6390 6389
f 6371 6390 6391
f 6371 6391 6390
f 6371 6391 6392
f 6371 6392 6391
f 6371 6392 6393
f 6371 6393 6392
f 6371 6393 6394
f 6371 6394 6393
f 6371 6394 6395
f 6371 6395 6394
f 6371 6395 6396
f 6371 6396 6395
f 6371 6396 6397
f 6371 6397 6396
f 6371 6397 6398
f 6371 6398 6397
f 6371 6398 6399
f 6371 6399 6398
f 6371 6399 6400
f 6371 6400 6399
f 6371 6400 6401
f 6371 6401 6400
f 6371 6401 6402
f 6371 6402 6401
f 6371 6402 6403
f 6371 6403 6402
f 6371 6403 6404
f 6371 6404 6403
f 6371 6404 6405
f 6371 6405 6404
f 6371 6405 6406
f 6371 6406 6405
f 6371 6406 6407
f 6371 6407 6406
f 6371 6407 6408
f 6371 6408 6407
f 6371 6408 6409
f 6371 6409 6408
f 6371 6409 6410
f 6371 6410 6409
f 6371 6410 6411
f 6371 6411 6410
f 6371 6411 6412
f 6371 6412 6411
f 6371 6412 6413
f 6371 6413 6412
f 6371 6413 6414
f 6371 6414 6413
f 6371 6414 6415
f 6371 6415 6414
f 6371 6415 6416
f 6371 6416 6415
o part_183
v 0.000989 0.363456 0.119958
v 0.004370 0.365410 0.120965
v 0.007770 0.366504 0.119007
v 0.009816 0.366504 0.115579
v 0.009927 0.365410 0.111657
v 0.007436 0.363456 0.109159
v 0.004055 0.361502 0.108152
v 0.000656 0.360408 0.110111
v -0.001390 0.360408 0.113539
v -0.001501 0.361502 0.117460
v -0.014512 0.397149 0.108361
v -0.012213 0.398478 0.109046
v -0.009902 0.399222 0.107714
v -0.008510 0.399222 0.105383
v -0.008435 0.398478 0.102716
v -0.010128 0.397149 0.101017
v -0.012427 0.395820 0.100333
v -0.014739 0.395076 0.101665
v -0.016130 0.395076 0.103995
v -0.016206 0.395820 0.106662
f 6417 6418 6428
f 6417 6428 6427
f 6418 6419 6429
f 6418 6429 6428
f 6419 6420 6430
f 6419 6430 6429
f 6420 6421 6431
f 6420 6431 6430
f 6421 6422 6432
f 6421 6432 6431
f 6422 6423 6433
f 6422 6433 6432
f 6423 6424 6434
f 6423 6434 6433
f 6424 6425 6435
f 6424 6435 6434
f 6425 6426 6436
f 6425 6436 6435
f 6426 6417 6427
f 6426 6427 6436
o part_184
v -0.012320 0.397149 0.104689
v -0.012613 0.396079 0.107323
v -0.012286 0.395444 0.110406
v -0.011493 0.395137 0.113827
v -0.010369 0.395063 0.117488
v -0.009051 0.395125 0.121290
v -0.007681 0.395224 0.125130
v -0.006398 0.395261 0.128907
v -0.005336 0.395144 0.132523
v -0.004608 0.394791 0.135897
v -0.004308 0.394137 0.138960
v -0.004502 0.393136 0.141666
v -0.005223 0.391765 0.143989
v -0.006471 0.390023 0.145930
v -0.008212 0.387934 0.147513
v -0.010381 0.385544 0.148785
v -0.012885 0.382918 0.149815
v -0.015609 0.380138 0.150685
v -0.018421 0.377296 0.151491
v -0.021181 0.374491 0.152335
v -0.023747 0.371822 0.153320
v -0.025981 0.369387 0.154546
v -0.027749 0.367279 0.156109
v -0.028898 0.365606 0.158121
v -0.028606 0.366676 0.155488
v -0.028933 0.367311 0.152404
v -0.029725 0.367618 0.148984
v -0.030849 0.367692 0.145322
v -0.032168 0.367630 0.141520
v -0.033538 0.367531 0.137680
v -0.034820 0.367494 0.133904
v -0.035883 0.367611 0.130287
v -0.036611 0.367964 0.126913
v -0.036910 0.368618 0.123850
v -0.036716 0.369619 0.121144
v -0.035996 0.370990 0.118821
v -0.034748 0.372732 0.116880
v -0.033007 0.374821 0.115297
v -0.030838 0.377211 0.114025
v -0.028333 0.379837 0.112996
v -0.025609 0.382617 0.112125
v -0.022798 0.385459 0.111319
v -0.020038 0.388264 0.110475
v -0.017472 0.390933 0.109490
v -0.015238 0.393368 0.108265
v -0.013469 0.395476 0.106702
f 6437 6438 6439
f 6437 6439 6438
f 6437 6439 6440
f 6437 6440 6439
f 6437 6440 6441
f 6437 6441 6440
f 6437 6441 6442
f 6437 6442 6441
f 6437 6442 6443
f 6437 6443 6442
f 6437 6443 6444
f 6437 6444 6443
f 6437 6444 6445
f 6437 6445 6444
f 6437 6445 6446
f 6437 6446 6445
f 6437 6446 6447
f 6437 6447 6446
f 6437 6447 6448
f 6437 6448 6447
f 6437 6448 6449
f 6437 6449 6448
f 6437 6449 6450
f 6437 6450 6449
f 6437 6450 6451
f 6437 6451 6450
f 6437 6451 6452
f 6437 6452 6451
f 6437 6452 6453
f 6437 6453 6452
f 6437 6453 6454
f 6437 6454 6453
f 6437 6454 6455
f 6437 6455 6454
f 6437 6455 6456
f 6437 6456 6455
f 6437 6456 6457
f 6437 6457 6456
f 6437 6457 6458
f 6437 6458 6457
f 6437 6458 6459
f 6437 6459 6458
f 6437 6459 6460
f 6437 6460 6459
f 6437 6460 6461
f 6437 6461 6460
f 6437 6461 6462
f 6437 6462 6461
f 6437 6462 6463
f 6437 6463 6462
f 6437 6463 6464
f 6437 6464 6463
f 6437 6464 6465
f 6437 6465 6464
f 6437 6465 6466
f 6437 6466 6465
f 6437 6466 6467
f 6437 6467 6466
f 6437 6467 6468
f 6437 6468 6467
f 6437 6468 6469
f 6437 6469 6468
f 6437 6469 6470
f 6437 6470 6469
f 6437 6470 6471
f 6437 6471 6470
f 6437 6471 6472
f 6437 6472 6471
f 6437 6472 6473
f 6437 6473 6472
f 6437 6473 6474
f 6437 6474 6473
f 6437 6474 6475
f 6437 6475 6474
f 6437 6475 6476
f 6437 6476 6475
f 6437 6476 6477
f 6437 6477 6476
f 6437 6477 6478
f 6437 6478 6477
f 6437 6478 6479
f 6437 6479 6478
f 6437 6479 6480
f 6437 6480 6479
f 6437 6480 6481
f 6437 6481 6480
f 6437 6481 6482
f 6437 6482 6481
o part_185
v -0.013954 0.397149 0.108641
v -0.012500 0.399473 0.108603
v -0.010922 0.400775 0.106736
v -0.009884 0.400775 0.104227
v -0.009683 0.399473 0.101791
v -0.010686 0.397149 0.100737
v -0.012141 0.394825 0.100775
v -0.013719 0.393523 0.102642
v -0.014756 0.393523 0.105151
v -0.014958 0.394825 0.107587
v -0.032929 0.409222 0.099315
v -0.031940 0.410802 0.099289
v -0.030867 0.411687 0.098020
v -0.030162 0.411687 0.096314
v -0.030025 0.410802 0.094657
v -0.030707 0.409222 0.093940
v -0.031696 0.407641 0.093966
v -0.032769 0.406756 0.095235
v -0.033475 0.406756 0.096941
v -0.033612 0.407641 0.098598
f 6483 6484 6494
f 6483 6494 6493
f 6484 6485 6495
f 6484 6495 6494
f 6485 6486 6496
f 6485 6496 6495
f 6486 6487 6497
f 6486 6497 6496
f 6487 6488 6498
f 6487 6498 6497
f 6488 6489 6499
f 6488 6499 6498
f 6489 6490 6500
f 6489 6500 6499
f 6490 6491 6501
f 6490 6501 6500
f 6491 6492 6502
f 6491 6502 6501
f 6492 6483 6493
f 6492 6493 6502
o part_186
v -0.031818 0.409222 0.096627
v -0.031096 0.409323 0.098619
v -0.030035 0.409944 0.100569
v -0.028689 0.411004 0.102486
v -0.027121 0.412403 0.104376
v -0.025410 0.414024 0.106250
v -0.023640 0.415733 0.108116
v -0.021903 0.417393 0.109986
v -0.020283 0.418872 0.111870
v -0.018860 0.420050 0.113778
v -0.017696 0.420830 0.115716
v -0.016836 0.421143 0.117691
v -0.016303 0.420952 0.119704
v -0.016099 0.420259 0.121757
v -0.016198 0.419098 0.123846
v -0.016557 0.417539 0.125966
v -0.017112 0.415679 0.128109
v -0.017785 0.413638 0.130266
v -0.018490 0.411548 0.132428
v -0.019137 0.409547 0.134582
v -0.019641 0.407767 0.136719
v -0.019922 0.406326 0.138829
v -0.019918 0.405325 0.140906
v -0.019576 0.404843 0.142942
v -0.020299 0.404741 0.140951
v -0.021359 0.404121 0.139001
v -0.022705 0.403061 0.137084
v -0.024273 0.401661 0.135194
v -0.025985 0.400041 0.133320
v -0.027754 0.398332 0.131454
v -0.029492 0.396672 0.129584
v -0.031111 0.395193 0.127700
v -0.032535 0.394015 0.125792
v -0.033699 0.393235 0.123854
v -0.034559 0.392922 0.121879
v -0.035091 0.393112 0.119866
v -0.035296 0.393806 0.117813
v -0.035196 0.394967 0.115724
v -0.034837 0.396526 0.113604
v -0.034282 0.398385 0.111461
v -0.033609 0.400426 0.109303
v -0.032904 0.402516 0.107142
v -0.032257 0.404517 0.104988
v -0.031754 0.406298 0.102851
v -0.031472 0.407738 0.100740
v -0.031476 0.408740 0.098664
f 6503 6504 6505
f 6503 6505 6504
f 6503 6505 6506
f 6503 6506 6505
f 6503 6506 6507
f 6503 6507 6506
f 6503 6507 6508
f 6503 6508 6507
f 6503 6508 6509
f 6503 6509 6508
f 6503 6509 6510
f 6503 6510 6509
f 6503 6510 6511
f 6503 6511 6510
f 6503 6511 6512
f 6503 6512 6511
f 6503 6512 6513
f 6503 6513 6512
f 6503 6513 6514
f 6503 6514 6513
f 6503 6514 6515
f 6503 6515 6514
f 6503 6515 6516
f 6503 6516 6515
f 6503 6516 6517
f 6503 6517 6516
f 6503 6517 6518
f 6503 6518 6517
f 6503 6518 6519
f 6503 6519 6518
f 6503 6519 6520
f 6503 6520 6519
f 6503 6520 6521
f 6503 6521 6520
f 6503 6521 6522
f 6503 6522 6521
f 6503 6522 6523
f 6503 6523 6522
f 6503 6523 6524
f 6503 6524 6523
f 6503 6524 6525
f 6503 6525 6524
f 6503 6525 6526
f 6503 6526 6525
f 6503 6526 6527
f 6503 6527 6526
f 6503 6527 6528
f 6503 6528 6527
f 6503 6528 6529
f 6503 6529 6528
f 6503 6529 6530
f 6503 6530 6529
f 6503 6530 6531
f 6503 6531 6530
f 6503 6531 6532
f 6503 6532 6531
f 6503 6532 6533
f 6503 6533 6532
f 6503 6533 6534
f 6503 6534 6533
f 6503 6534 6535
f 6503 6535 6534
f 6503 6535 6536
f 6503 6536 6535
f 6503 6536 6537
f 6503 6537 6536
f 6503 6537 6538
f 6503 6538 6537
f 6503 6538 6539
f 6503 6539 6538
f 6503 6539 6540
f 6503 6540 6539
f 6503 6540 6541
f 6503 6541 6540
f 6503 6541 6542
f 6503 6542 6541
f 6503 6542 6543
f 6503 6543 6542
f 6503 6543 6544
f 6503 6544 6543
f 6503 6544 6545
f 6503 6545 6544
f 6503 6545 6546
f 6503 6546 6545
f 6503 6546 6547
f 6503 6547 6546
f 6503 6547 6548
f 6503 6548 6547
o part_187
v -0.031818 0.409222 0.096627
v -0.029626 0.409271 0.094866
v -0.027563 0.408987 0.092916
v -0.025706 0.408168 0.090665
v -0.024089 0.406726 0.088060
v -0.022702 0.404687 0.085119
v -0.021493 0.402189 0.081920
v -0.020372 0.399462 0.078590
v -0.019229 0.396790 0.075291
v -0.017948 0.394476 0.072195
v -0.016423 0.392796 0.069457
v -0.014574 0.391958 0.067194
v -0.012355 0.392076 0.065472
v -0.009769 0.393149 0.064288
v -0.006857 0.395064 0.063581
v -0.003701 0.397613 0.063231
v -0.000407 0.400520 0.063084
v 0.002909 0.403483 0.062968
v 0.006136 0.406215 0.062722
v 0.009186 0.408490 0.062217
v 0.012006 0.410167 0.061376
v 0.014585 0.411221 0.060182
v 0.016958 0.411740 0.058686
v 0.019203 0.411927 0.057002
v 0.017011 0.411878 0.058763
v 0.014948 0.412162 0.060713
v 0.013090 0.412980 0.062965
v 0.011474 0.414423 0.065569
v 0.010087 0.416462 0.068510
v 0.008877 0.418959 0.071710
v 0.007756 0.421687 0.075039
v 0.006614 0.424359 0.078338
v 0.005333 0.426673 0.081434
v 0.003808 0.428353 0.084172
v 0.001958 0.429190 0.086435
v -0.000260 0.429073 0.088158
v -0.002847 0.428000 0.089341
v -0.005758 0.426085 0.090048
v -0.008914 0.423536 0.090398
v -0.012208 0.420629 0.090545
v -0.015524 0.417666 0.090661
v -0.018751 0.414933 0.090907
v -0.021801 0.412659 0.091412
v -0.024621 0.410981 0.092253
v -0.027200 0.409927 0.093447
v -0.029573 0.409408 0.094944
f 6549 6550 6551
f 6549 6551 6550
f 6549 6551 6552
f 6549 6552 6551
f 6549 6552 6553
f 6549 6553 6552
f 6549 6553 6554
f 6549 6554 6553
f 6549 6554 6555
f 6549 6555 6554
f 6549 6555 6556
f 6549 6556 6555
f 6549 6556 6557
f 6549 6557 6556
f 6549 6557 6558
f 6549 6558 6557
f 6549 6558 6559
f 6549 6559 6558
f 6549 6559 6560
f 6549 6560 6559
f 6549 6560 6561
f 6549 6561 6560
f 6549 6561 6562
f 6549 6562 6561
f 6549 6562 6563
f 6549 6563 6562
f 6549 6563 6564
f 6549 6564 6563
f 6549 6564 6565
f 6549 6565 6564
f 6549 6565 6566
f 6549 6566 6565
f 6549 6566 6567
f 6549 6567 6566
f 6549 6567 6568
f 6549 6568 6567
f 6549 6568 6569
f 6549 6569 6568
f 6549 6569 6570
f 6549 6570 6569
f 6549 6570 6571
f 6549 6571 6570
f 6549 6571 6572
f 6549 6572 6571
f 6549 6572 6573
f 6549 6573 6572
f 6549 6573 6574
f 6549 6574 6573
f 6549 6574 6575
f 6549 6575 6574
f 6549 6575 6576
f 6549 6576 6575
f 6549 6576 6577
f 6549 6577 6576
f 6549 6577 6578
f 6549 6578 6577
f 6549 6578 6579
f 6549 6579 6578
f 6549 6579 6580
f 6549 6580 6579
f 6549 6580 6581
f 6549 6581 6580
f 6549 6581 6582
f 6549 6582 6581
f 6549 6582 6583
f 6549 6583 6582
f 6549 6583 6584
f 6549 6584 6583
f 6549 6584 6585
f 6549 6585 6584
f 6549 6585 6586
f 6549 6586 6585
f 6549 6586 6587
f 6549 6587 6586
f 6549 6587 6588
f 6549 6588 6587
f 6549 6588 6589
f 6549 6589 6588
f 6549 6589 6590
f 6549 6590 6589
f 6549 6590 6591
f 6549 6591 6590
f 6549 6591 6592
f 6549 6592 6591
f 6549 6592 6593
f 6549 6593 6592
f 6549 6593 6594
f 6549 6594 6593
o part_188
v -0.008689 0.397149 0.106947
v -0.008081 0.398809 0.104850
v -0.009437 0.399739 0.102622
v -0.011743 0.399739 0.101188
v -0.014341 0.398809 0.100959
v -0.015952 0.397149 0.102432
v -0.016560 0.395489 0.104528
v -0.015204 0.394559 0.106757
v -0.012898 0.394559 0.108190
v -0.010299 0.395489 0.108419
v -0.016333 0.412693 0.116653
v -0.015920 0.413822 0.115227
v -0.016842 0.414454 0.113712
v -0.018410 0.414454 0.112737
v -0.020177 0.413822 0.112581
v -0.021272 0.412693 0.113582
v -0.021686 0.411564 0.115008
v -0.020763 0.410932 0.116523
v -0.019196 0.410932 0.117498
v -0.017428 0.411564 0.117654
f 6595 6596 6606
f 6595 6606 6605
f 6596 6597 6607
f 6596 6607 6606
f 6597 6598 6608
f 6597 6608 6607
f 6598 6599 6609
f 6598 6609 6608
f 6599 6600 6610
f 6599 6610 6609
f 6600 6601 6611
f 6600 6611 6610
f 6601 6602 6612
f 6601 6612 6611
f 6602 6603 6613
f 6602 6613 6612
f 6603 6604 6614
f 6603 6614 6613
f 6604 6595 6605
f 6604 6605 6614
o part_189
v -0.018803 0.412693 0.115118
v -0.016279 0.412563 0.115041
v -0.013645 0.412858 0.114399
v -0.010914 0.413533 0.113252
v -0.008104 0.414511 0.111700
v -0.005242 0.415696 0.109875
v -0.002356 0.416973 0.107927
v 0.000523 0.418221 0.106017
v 0.003364 0.419320 0.104304
v 0.006138 0.420165 0.102932
v 0.008825 0.420664 0.102018
v 0.011406 0.420756 0.101646
v 0.013874 0.420407 0.101861
v 0.016228 0.419617 0.102662
v 0.018478 0.418420 0.104006
v 0.020639 0.416878 0.105809
v 0.022734 0.415080 0.107951
v 0.024791 0.413135 0.110291
v 0.026841 0.411160 0.112669
v 0.028914 0.409278 0.114924
v 0.031040 0.407601 0.116906
v 0.033245 0.406229 0.118483
v 0.035547 0.405235 0.119555
v 0.037959 0.404668 0.120061
v 0.035434 0.404798 0.120137
v 0.032801 0.404502 0.120780
v 0.030070 0.403828 0.121927
v 0.027260 0.402849 0.123478
v 0.024398 0.401664 0.125304
v 0.021512 0.400388 0.127252
v 0.018633 0.399140 0.129162
v 0.015792 0.398040 0.130874
v 0.013017 0.397196 0.132247
v 0.010331 0.396696 0.133161
v 0.007750 0.396605 0.133532
v 0.005282 0.396954 0.133317
v 0.002928 0.397743 0.132516
v 0.000678 0.398940 0.131172
v -0.001483 0.400482 0.129370
v -0.003578 0.402280 0.127227
v -0.005635 0.404226 0.124888
v -0.007685 0.406200 0.122510
v -0.009758 0.408083 0.120254
v -0.011884 0.409759 0.118273
v -0.014089 0.411132 0.116696
v -0.016391 0.412125 0.115624
f 6615 6616 6617
f 6615 6617 6616
f 6615 6617 6618
f 6615 6618 6617
f 6615 6618 6619
f 6615 6619 6618
f 6615 6619 6620
f 6615 6620 6619
f 6615 6620 6621
f 6615 6621 6620
f 6615 6621 6622
f 6615 6622 6621
f 6615 6622 6623
f 6615 6623 6622
f 6615 6623 6624
f 6615 6624 6623
f 6615 6624 6625
f 6615 6625 6624
f 6615 6625 6626
f 6615 6626 6625
f 6615 6626 6627
f 6615 6627 6626
f 6615 6627 6628
f 6615 6628 6627
f 6615 6628 6629
f 6615 6629 6628
f 6615 6629 6630
f 6615 6630 6629
f 6615 6630 6631
f 6615 6631 6630
f 6615 6631 6632
f 6615 6632 6631
f 6615 6632 6633
f 6615 6633 6632
f 6615 6633 6634
f 6615 6634 6633
f 6615 6634 6635
f 6615 6635 6634
f 6615 6635 6636
f 6615 6636 6635
f 6615 6636 6637
f 6615 6637 6636
f 6615 6637 6638
f 6615 6638 6637
f 6615 6638 6639
f 6615 6639 6638
f 6615 6639 6640
f 6615 6640 6639
f 6615 6640 6641
f 6615 6641 6640
f 6615 6641 6642
f 6615 6642 6641
f 6615 6642 6643
f 6615 6643 6642
f 6615 6643 6644
f 6615 6644 6643
f 6615 6644 6645
f 6615 6645 6644
f 6615 6645 6646
f 6615 6646 6645
f 6615 6646 6647
f 6615 6647 6646
f 6615 6647 6648
f 6615 6648 6647
f 6615 6648 6649
f 6615 6649 6648
f 6615 6649 6650
f 6615 6650 6649
f 6615 6650 6651
f 6615 6651 6650
f 6615 6651 6652
f 6615 6652 6651
f 6615 6652 6653
f 6615 6653 6652
f 6615 6653 6654
f 6615 6654 6653
f 6615 6654 6655
f 6615 6655 6654
f 6615 6655 6656
f 6615 6656 6655
f 6615 6656 6657
f 6615 6657 6656
f 6615 6657 6658
f 6615 6658 6657
f 6615 6658 6659
f 6615 6659 6658
f 6615 6659 6660
f 6615 6660 6659
o part_190
v -0.018803 0.412693 0.115118
v -0.020495 0.411655 0.113745
v -0.022261 0.410443 0.112586
v -0.024162 0.408916 0.111813
v -0.026233 0.406992 0.111525
v -0.028477 0.404665 0.111731
v -0.030861 0.402009 0.112340
v -0.033326 0.399166 0.113178
v -0.035789 0.396327 0.114012
v -0.038160 0.393702 0.114582
v -0.040355 0.391488 0.114650
v -0.042310 0.389837 0.114029
v -0.043989 0.388829 0.112619
v -0.045392 0.388466 0.110421
v -0.046554 0.388665 0.107534
v -0.047541 0.389275 0.104144
v -0.048435 0.390100 0.100491
v -0.049328 0.390928 0.096834
v -0.050301 0.391570 0.093405
v -0.051415 0.391881 0.090380
v -0.052701 0.391790 0.087849
v -0.054158 0.391303 0.085803
v -0.055749 0.390500 0.084142
v -0.057415 0.389523 0.082695
v -0.055723 0.390561 0.084068
v -0.053956 0.391773 0.085227
v -0.052055 0.393300 0.086000
v -0.049984 0.395224 0.086288
v -0.047741 0.397551 0.086082
v -0.045356 0.400207 0.085473
v -0.042891 0.403050 0.084634
v -0.040428 0.405889 0.083801
v -0.038057 0.408514 0.083231
v -0.035862 0.410728 0.083163
v -0.033907 0.412379 0.083784
v -0.032229 0.413387 0.085194
v -0.030826 0.413750 0.087392
v -0.029663 0.413551 0.090279
v -0.028677 0.412941 0.093669
v -0.027782 0.412117 0.097321
v -0.026889 0.411288 0.100979
v -0.025917 0.410646 0.104408
v -0.024802 0.410335 0.107433
v -0.023516 0.410426 0.109964
v -0.022060 0.410913 0.112010
v -0.020469 0.411716 0.113671
f 6661 6662 6663
f 6661 6663 6662
f 6661 6663 6664
f 6661 6664 6663
f 6661 6664 6665
f 6661 6665 6664
f 6661 6665 6666
f 6661 6666 6665
f 6661 6666 6667
f 6661 6667 6666
f 6661 6667 6668
f 6661 6668 6667
f 6661 6668 6669
f 6661 6669 6668
f 6661 6669 6670
f 6661 6670 6669
f 6661 6670 6671
f 6661 6671 6670
f 6661 6671 6672
f 6661 6672 6671
f 6661 6672 6673
f 6661 6673 6672
f 6661 6673 6674
f 6661 6674 6673
f 6661 6674 6675
f 6661 6675 6674
f 6661 6675 6676
f 6661 6676 6675
f 6661 6676 6677
f 6661 6677 6676
f 6661 6677 6678
f 6661 6678 6677
f 6661 6678 6679
f 6661 6679 6678
f 6661 6679 6680
f 6661 6680 6679
f 6661 6680 6681
f 6661 6681 6680
f 6661 6681 6682
f 6661 6682 6681
f 6661 6682 6683
f 6661 6683 6682
f 6661 6683 6684
f 6661 6684 6683
f 6661 6684 6685
f 6661 6685 6684
f 6661 6685 6686
f 6661 6686 6685
f 6661 6686 6687
f 6661 6687 6686
f 6661 6687 6688
f 6661 6688 6687
f 6661 6688 6689
f 6661 6689 6688
f 6661 6689 6690
f 6661 6690 6689
f 6661 6690 6691
f 6661 6691 6690
f 6661 6691 6692
f 6661 6692 6691
f 6661 6692 6693
f 6661 6693 6692
f 6661 6693 6694
f 6661 6694 6693
f 6661 6694 6695
f 6661 6695 6694
f 6661 6695 6696
f 6661 6696 6695
f 6661 6696 6697
f 6661 6697 6696
f 6661 6697 6698
f 6661 6698 6697
f 6661 6698 6699
f 6661 6699 6698
f 6661 6699 6700
f 6661 6700 6699
f 6661 6700 6701
f 6661 6701 6700
f 6661 6701 6702
f 6661 6702 6701
f 6661 6702 6703
f 6661 6703 6702
f 6661 6703 6704
f 6661 6704 6703
f 6661 6704 6705
f 6661 6705 6704
f 6661 6705 6706
f 6661 6706 6705
o part_191
v -0.015493 0.397149 0.101822
v -0.016372 0.398970 0.103675
v -0.015381 0.399989 0.106052
v -0.013367 0.399989 0.107872
v -0.010902 0.398970 0.108617
v -0.009147 0.397149 0.107556
v -0.008269 0.395328 0.105703
v -0.009259 0.394309 0.103326
v -0.011274 0.394309 0.101506
v -0.013738 0.395328 0.100761
v -0.005190 0.412092 0.092460
v -0.005787 0.413330 0.093720
v -0.005114 0.414023 0.095337
v -0.003744 0.414023 0.096574
v -0.002068 0.413330 0.097081
v -0.000875 0.412092 0.096360
v -0.000277 0.410854 0.095100
v -0.000951 0.410161 0.093483
v -0.002321 0.410161 0.092246
v -0.003997 0.410854 0.091739
f 6707 6708 6718
f 6707 6718 6717
f 6708 6709 6719
f 6708 6719 6718
f 6709 6710 6720
f 6709 6720 6719
f 6710 6711 6721
f 6710 6721 6720
f 6711 6712 6722
f 6711 6722 6721
f 6712 6713 6723
f 6712 6723 6722
f 6713 6714 6724
f 6713 6724 6723
f 6714 6715 6725
f 6714 6725 6724
f 6715 6716 6726
f 6715 6726 6725
f 6716 6707 6717
f 6716 6717 6726
o part_192
v -0.003032 0.412092 0.094410
v -0.004756 0.411170 0.092736
v -0.006624 0.410387 0.091131
v -0.008813 0.409908 0.089680
v -0.011461 0.409867 0.088451
v -0.014627 0.410319 0.087470
v -0.018260 0.411217 0.086715
v -0.022204 0.412410 0.086109
v -0.026214 0.413666 0.085534
v -0.030002 0.414710 0.084853
v -0.033285 0.415275 0.083929
v -0.035841 0.415146 0.082656
v -0.037546 0.414206 0.080972
v -0.038400 0.412456 0.078879
v -0.038526 0.410013 0.076436
v -0.038148 0.407089 0.073751
v -0.037547 0.403954 0.070958
v -0.037013 0.400882 0.068198
v -0.036789 0.398105 0.065587
v -0.037033 0.395774 0.063200
v -0.037795 0.393936 0.061063
v -0.039016 0.392536 0.059147
v -0.040557 0.391440 0.057385
v -0.042243 0.390483 0.055692
v -0.040519 0.391404 0.057367
v -0.038650 0.392188 0.058971
v -0.036462 0.392667 0.060422
v -0.033814 0.392708 0.061651
v -0.030648 0.392256 0.062632
v -0.027015 0.391358 0.063388
v -0.023071 0.390165 0.063994
v -0.019061 0.388909 0.064568
v -0.015273 0.387864 0.065249
v -0.011989 0.387300 0.066173
v -0.009434 0.387429 0.067447
v -0.007729 0.388368 0.069130
v -0.006875 0.390119 0.071223
v -0.006749 0.392562 0.073666
v -0.007127 0.395486 0.076352
v -0.007728 0.398621 0.079144
v -0.008262 0.401693 0.081905
v -0.008486 0.404470 0.084516
v -0.008242 0.406801 0.086902
v -0.007480 0.408639 0.089039
v -0.006259 0.410039 0.090955
v -0.004718 0.411135 0.092718
f 6727 6728 6729
f 6727 6729 6728
f 6727 6729 6730
f 6727 6730 6729
f 6727 6730 6731
f 6727 6731 6730
f 6727 6731 6732
f 6727 6732 6731
f 6727 6732 6733
f 6727 6733 6732
f 6727 6733 6734
f 6727 6734 6733
f 6727 6734 6735
f 6727 6735 6734
f 6727 6735 6736
f 6727 6736 6735
f 6727 6736 6737
f 6727 6737 6736
f 6727 6737 6738
f 6727 6738 6737
f 6727 6738 6739
f 6727 6739 6738
f 6727 6739 6740
f 6727 6740 6739
f 6727 6740 6741
f 6727 6741 6740
f 6727 6741 6742
f 6727 6742 6741
f 6727 6742 6743
f 6727 6743 6742
f 6727 6743 6744
f 6727 6744 6743
f 6727 6744 6745
f 6727 6745 6744
f 6727 6745 6746
f 6727 6746 6745
f 6727 6746 6747
f 6727 6747 6746
f 6727 6747 6748
f 6727 6748 6747
f 6727 6748 6749
f 6727 6749 6748
f 6727 6749 6750
f 6727 6750 6749
f 6727 6750 6751
f 6727 6751 6750
f 6727 6751 6752
f 6727 6752 6751
f 6727 6752 6753
f 6727 6753 6752
f 6727 6753 6754
f 6727 6754 6753
f 6727 6754 6755
f 6727 6755 6754
f 6727 6755 6756
f 6727 6756 6755
f 6727 6756 6757
f 6727 6757 6756
f 6727 6757 6758
f 6727 6758 6757
f 6727 6758 6759
f 6727 6759 6758
f 6727 6759 6760
f 6727 6760 6759
f 6727 6760 6761
f 6727 6761 6760
f 6727 6761 6762
f 6727 6762 6761
f 6727 6762 6763
f 6727 6763 6762
f 6727 6763 6764
f 6727 6764 6763
f 6727 6764 6765
f 6727 6765 6764
f 6727 6765 6766
f 6727 6766 6765
f 6727 6766 6767
f 6727 6767 6766
f 6727 6767 6768
f 6727 6768 6767
f 6727 6768 6769
f 6727 6769 6768
f 6727 6769 6770
f 6727 6770 6769
f 6727 6770 6771
f 6727 6771 6770
f 6727 6771 6772
f 6727 6772 6771
o part_193
v -0.003032 0.412092 0.094410
v -0.001667 0.410785 0.096690
v -0.000162 0.409248 0.098762
v 0.001601 0.407288 0.100454
v 0.003693 0.404790 0.101660
v 0.006122 0.401740 0.102368
v 0.008830 0.398234 0.102664
v 0.011699 0.394464 0.102723
v 0.014569 0.390692 0.102781
v 0.017262 0.387209 0.103099
v 0.019614 0.384286 0.103921
v 0.021495 0.382134 0.105439
v 0.022836 0.380865 0.107754
v 0.023637 0.380481 0.110866
v 0.023968 0.380867 0.114673
v 0.023956 0.381813 0.118985
v 0.023768 0.383048 0.123557
v 0.023582 0.384281 0.128127
v 0.023556 0.385250 0.132461
v 0.023808 0.385763 0.136382
v 0.024398 0.385725 0.139806
v 0.025317 0.385147 0.142744
v 0.026494 0.384147 0.145301
v 0.027812 0.382917 0.147650
v 0.026447 0.384225 0.145371
v 0.024942 0.385762 0.143298
v 0.023179 0.387721 0.141606
v 0.021087 0.390219 0.140400
v 0.018658 0.393269 0.139692
v 0.015949 0.396776 0.139396
v 0.013081 0.400546 0.139337
v 0.010211 0.404317 0.139280
v 0.007517 0.407800 0.138962
v 0.005166 0.410723 0.138139
v 0.003284 0.412876 0.136622
v 0.001943 0.414144 0.134307
v 0.001142 0.414528 0.131195
v 0.000812 0.414143 0.127388
v 0.000823 0.413196 0.123076
v 0.001011 0.411962 0.118504
v 0.001198 0.410729 0.113933
v 0.001224 0.409759 0.109600
v 0.000971 0.409246 0.105678
v 0.000381 0.409285 0.102255
v -0.000538 0.409862 0.099317
v -0.001715 0.410862 0.096760
f 6773 6774 6775
f 6773 6775 6774
f 6773 6775 6776
f 6773 6776 6775
f 6773 6776 6777
f 6773 6777 6776
f 6773 6777 6778
f 6773 6778 6777
f 6773 6778 6779
f 6773 6779 6778
f 6773 6779 6780
f 6773 6780 6779
f 6773 6780 6781
f 6773 6781 6780
f 6773 6781 6782
f 6773 6782 6781
f 6773 6782 6783
f 6773 6783 6782
f 6773 6783 6784
f 6773 6784 6783
f 6773 6784 6785
f 6773 6785 6784
f 6773 6785 6786
f 6773 6786 6785
f 6773 6786 6787
f 6773 6787 6786
f 6773 6787 6788
f 6773 6788 6787
f 6773 6788 6789
f 6773 6789 6788
f 6773 6789 6790
f 6773 6790 6789
f 6773 6790 6791
f 6773 6791 6790
f 6773 6791 6792
f 6773 6792 6791
f 6773 6792 6793
f 6773 6793 6792
f 6773 6793 6794
f 6773 6794 6793
f 6773 6794 6795
f 6773 6795 6794
f 6773 6795 6796
f 6773 6796 6795
f 6773 6796 6797
f 6773 6797 6796
f 6773 6797 6798
f 6773 6798 6797
f 6773 6798 6799
f 6773 6799 6798
f 6773 6799 6800
f 6773 6800 6799
f 6773 6800 6801
f 6773 6801 6800
f 6773 6801 6802
f 6773 6802 6801
f 6773 6802 6803
f 6773 6803 6802
f 6773 6803 6804
f 6773 6804 6803
f 6773 6804 6805
f 6773 6805 6804
f 6773 6805 6806
f 6773 6806 6805
f 6773 6806 6807
f 6773 6807 6806
f 6773 6807 6808
f 6773 6808 6807
f 6773 6808 6809
f 6773 6809 6808
f 6773 6809 6810
f 6773 6810 6809
f 6773 6810 6811
f 6773 6811 6810
f 6773 6811 6812
f 6773 6812 6811
f 6773 6812 6813
f 6773 6813 6812
f 6773 6813 6814
f 6773 6814 6813
f 6773 6814 6815
f 6773 6815 6814
f 6773 6815 6816
f 6773 6816 6815
f 6773 6816 6817
f 6773 6817 6816
f 6773 6817 6818
f 6773 6818 6817
o part_194
v -0.011566 0.220000 -0.007155
v -0.012418 0.227132 -0.002208
v -0.007491 0.231126 0.003904
v -0.000149 0.231126 0.008447
v 0.007520 0.227132 0.010125
v 0.011566 0.220000 0.007155
v 0.012418 0.212868 0.002208
v 0.007491 0.208874 -0.003904
v 0.000149 0.208874 -0.008447
v -0.007520 0.212868 -0.010125
v 0.042699 0.282732 -0.086601
v 0.042120 0.287581 -0.083238
v 0.045470 0.290297 -0.079081
v 0.050462 0.290297 -0.075992
v 0.055677 0.287581 -0.074851
v 0.058429 0.282732 -0.076871
v 0.059008 0.277882 -0.080234
v 0.055658 0.275166 -0.084391
v 0.050665 0.275166 -0.087480
v 0.045450 0.277882 -0.088621
f 6819 6820 6830
f 6819 6830 6829
f 6820 6821 6831
f 6820 6831 6830
f 6821 6822 6832
f 6821 6832 6831
f 6822 6823 6833
f 6822 6833 6832
f 6823 6824 6834
f 6823 6834 6833
f 6824 6825 6835
f 6824 6835 6834
f 6825 6826 6836
f 6825 6836 6835
f 6826 6827 6837
f 6826 6837 6836
f 6827 6828 6838
f 6827 6838 6837
f 6828 6819 6829
f 6828 6829 6838
o part_195
v 0.043677 0.282732 -0.087909
v 0.046111 0.288080 -0.088711
v 0.050691 0.291075 -0.086276
v 0.055063 0.291075 -0.082358
v 0.057982 0.288080 -0.078070
v 0.057450 0.282732 -0.075563
v 0.055016 0.277384 -0.074761
v 0.050436 0.274389 -0.077196
v 0.046065 0.274389 -0.081114
v 0.043145 0.277384 -0.085402
v 0.085527 0.258055 -0.130165
v 0.087182 0.261692 -0.130710
v 0.090297 0.263729 -0.129055
v 0.093270 0.263729 -0.126390
v 0.095255 0.261692 -0.123475
v 0.094893 0.258055 -0.121770
v 0.093238 0.254419 -0.121225
v 0.090123 0.252382 -0.122880
v 0.087151 0.252382 -0.125545
v 0.085165 0.254419 -0.128460
f 6839 6840 6850
f 6839 6850 6849
f 6840 6841 6851
f 6840 6851 6850
f 6841 6842 6852
f 6841 6852 6851
f 6842 6843 6853
f 6842 6853 6852
f 6843 6844 6854
f 6843 6854 6853
f 6844 6845 6855
f 6844 6855 6854
f 6845 6846 6856
f 6845 6856 6855
f 6846 6847 6857
f 6846 6857 6856
f 6847 6848 6858
f 6847 6858 6857
f 6848 6839 6849
f 6848 6849 6858
o part_196
v 0.085369 0.258055 -0.129982
v 0.088168 0.260145 -0.131997
v 0.091997 0.261316 -0.131250
v 0.095070 0.261316 -0.128702
v 0.096513 0.260145 -0.125077
v 0.095051 0.258055 -0.121954
v 0.092252 0.255966 -0.119939
v 0.088423 0.254795 -0.120685
v 0.085350 0.254795 -0.123233
v 0.083907 0.255966 -0.126858
v 0.099017 0.227782 -0.143288
v 0.100920 0.229203 -0.144659
v 0.103524 0.229999 -0.144151
v 0.105614 0.229999 -0.142418
v 0.106595 0.229203 -0.139953
v 0.105601 0.227782 -0.137829
v 0.103697 0.226361 -0.136459
v 0.101094 0.225565 -0.136967
v 0.099004 0.225565 -0.138700
v 0.098023 0.226361 -0.141164
f 6859 6860 6870
f 6859 6870 6869
f 6860 6861 6871
f 6860 6871 6870
f 6861 6862 6872
f 6861 6872 6871
f 6862 6863 6873
f 6862 6873 6872
f 6863 6864 6874
f 6863 6874 6873
f 6864 6865 6875
f 6864 6875 6874
f 6865 6866 6876
f 6865 6876 6875
f 6866 6867 6877
f 6866 6877 6876
f 6867 6868 6878
f 6867 6878 6877
f 6868 6859 6869
f 6868 6869 6878
o part_197
v 0.102309 0.227782 -0.140559
v 0.100064 0.228152 -0.141794
v 0.098046 0.228927 -0.143682
v 0.096195 0.230003 -0.146055
v 0.094463 0.231292 -0.148771
v 0.092800 0.232705 -0.151687
v 0.091155 0.234149 -0.154654
v 0.089476 0.235534 -0.157525
v 0.087718 0.236776 -0.160166
v 0.085838 0.237800 -0.162455
v 0.083804 0.238547 -0.164297
v 0.081591 0.238974 -0.165624
v 0.079189 0.239060 -0.166401
v 0.076596 0.238806 -0.166629
v 0.073825 0.238232 -0.166342
v 0.070900 0.237381 -0.165607
v 0.067853 0.236312 -0.164521
v 0.064726 0.235099 -0.163204
v 0.061566 0.233828 -0.161792
v 0.058424 0.232588 -0.160431
v 0.055351 0.231472 -0.159269
v 0.052397 0.230568 -0.158451
v 0.049610 0.229966 -0.158118
v 0.047049 0.229768 -0.158437
v 0.049293 0.229398 -0.157202
v 0.051312 0.228623 -0.155314
v 0.053163 0.227547 -0.152941
v 0.054895 0.226258 -0.150224
v 0.056558 0.224845 -0.147309
v 0.058203 0.223401 -0.144342
v 0.059881 0.222016 -0.141470
v 0.061640 0.220774 -0.138830
v 0.063519 0.219750 -0.136541
v 0.065554 0.219003 -0.134699
v 0.067766 0.218576 -0.133372
v 0.070169 0.218490 -0.132595
v 0.072762 0.218744 -0.132367
v 0.075532 0.219318 -0.132654
v 0.078458 0.220170 -0.133389
v 0.081505 0.221239 -0.134475
v 0.084632 0.222451 -0.135792
v 0.087791 0.223722 -0.137204
v 0.090933 0.224962 -0.138565
v 0.094007 0.226079 -0.139727
v 0.096961 0.226982 -0.140545
v 0.099748 0.227584 -0.140878
f 6879 6880 6881
f 6879 6881 6880
f 6879 6881 6882
f 6879 6882 6881
f 6879 6882 6883
f 6879 6883 6882
f 6879 6883 6884
f 6879 6884 6883
f 6879 6884 6885
f 6879 6885 6884
f 6879 6885 6886
f 6879 6886 6885
f 6879 6886 6887
f 6879 6887 6886
f 6879 6887 6888
f 6879 6888 6887
f 6879 6888 6889
f 6879 6889 6888
f 6879 6889 6890
f 6879 6890 6889
f 6879 6890 6891
f 6879 6891 6890
f 6879 6891 6892
f 6879 6892 6891
f 6879 6892 6893
f 6879 6893 6892
f 6879 6893 6894
f 6879 6894 6893
f 6879 6894 6895
f 6879 6895 6894
f 6879 6895 6896
f 6879 6896 6895
f 6879 6896 6897
f 6879 6897 6896
f 6879 6897 6898
f 6879 6898 6897
f 6879 6898 6899
f 6879 6899 6898
f 6879 6899 6900
f 6879 6900 6899
f 6879 6900 6901
f 6879 6901 6900
f 6879 6901 6902
f 6879 6902 6901
f 6879 6902 6903
f 6879 6903 6902
f 6879 6903 6904
f 6879 6904 6903
f 6879 6904 6905
f 6879 6905 6904
f 6879 6905 6906
f 6879 6906 6905
f 6879 6906 6907
f 6879 6907 6906
f 6879 6907 6908
f 6879 6908 6907
f 6879 6908 6909
f 6879 6909 6908
f 6879 6909 6910
f 6879 6910 6909
f 6879 6910 6911
f 6879 6911 6910
f 6879 6911 6912
f 6879 6912 6911
f 6879 6912 6913
f 6879 6913 6912
f 6879 6913 6914
f 6879 6914 6913
f 6879 6914 6915
f 6879 6915 6914
f 6879 6915 6916
f 6879 6916 6915
f 6879 6916 6917
f 6879 6917 6916
f 6879 6917 6918
f 6879 6918 6917
f 6879 6918 6919
f 6879 6919 6918
f 6879 6919 6920
f 6879 6920 6919
f 6879 6920 6921
f 6879 6921 6920
f 6879 6921 6922
f 6879 6922 6921
f 6879 6922 6923
f 6879 6923 6922
f 6879 6923 6924
f 6879 6924 6923
o part_198
v 0.105984 0.227782 -0.138372
v 0.104381 0.229390 -0.136834
v 0.101767 0.230290 -0.136994
v 0.099434 0.230290 -0.138382
v 0.098046 0.229390 -0.140603
v 0.098634 0.227782 -0.142745
v 0.100236 0.226174 -0.144284
v 0.102850 0.225273 -0.144124
v 0.105183 0.225273 -0.142736
v 0.106571 0.226174 -0.140515
v 0.097936 0.209885 -0.127522
v 0.096847 0.210978 -0.126476
v 0.095069 0.211590 -0.126585
v 0.093483 0.211590 -0.127529
v 0.092539 0.210978 -0.129039
v 0.092938 0.209885 -0.130496
v 0.094028 0.208791 -0.131542
v 0.095805 0.208179 -0.131433
v 0.097392 0.208179 -0.130489
v 0.098336 0.208791 -0.128979
f 6925 6926 6936
f 6925 6936 6935
f 6926 6927 6937
f 6926 6937 6936
f 6927 6928 6938
f 6927 6938 6937
f 6928 6929 6939
f 6928 6939 6938
f 6929 6930 6940
f 6929 6940 6939
f 6930 6931 6941
f 6930 6941 6940
f 6931 6932 6942
f 6931 6942 6941
f 6932 6933 6943
f 6932 6943 6942
f 6933 6934 6944
f 6933 6944 6943
f 6934 6925 6935
f 6934 6935 6944
o part_199
v 0.095437 0.209885 -0.129009
v 0.097094 0.210396 -0.128553
v 0.098633 0.211211 -0.127696
v 0.100070 0.212290 -0.126490
v 0.101426 0.213577 -0.125010
v 0.102728 0.215003 -0.123348
v 0.104008 0.216487 -0.121608
v 0.105297 0.217947 -0.119901
v 0.106627 0.219301 -0.118333
v 0.108027 0.220476 -0.117001
v 0.109520 0.221411 -0.115986
v 0.111121 0.222064 -0.115343
v 0.112841 0.222412 -0.115102
v 0.114679 0.222455 -0.115262
v 0.116627 0.222217 -0.115795
v 0.118667 0.221738 -0.116644
v 0.120776 0.221081 -0.117730
v 0.122927 0.220317 -0.118955
v 0.125087 0.219529 -0.120212
v 0.127224 0.218800 -0.121392
v 0.129308 0.218209 -0.122390
v 0.131311 0.217827 -0.123113
v 0.133212 0.217708 -0.123487
v 0.134995 0.217893 -0.123461
v 0.133338 0.217382 -0.123917
v 0.131799 0.216567 -0.124774
v 0.130363 0.215488 -0.125980
v 0.129006 0.214200 -0.127460
v 0.127704 0.212775 -0.129122
v 0.126424 0.211290 -0.130862
v 0.125135 0.209830 -0.132570
v 0.123805 0.208477 -0.134138
v 0.122405 0.207302 -0.135469
v 0.120913 0.206367 -0.136484
v 0.119311 0.205714 -0.137127
v 0.117591 0.205366 -0.137369
v 0.115753 0.205322 -0.137208
v 0.113806 0.205561 -0.136675
v 0.111766 0.206039 -0.135826
v 0.109656 0.206697 -0.134741
v 0.107505 0.207460 -0.133516
v 0.105345 0.208248 -0.132258
v 0.103208 0.208977 -0.131078
v 0.101124 0.209568 -0.130081
v 0.099121 0.209951 -0.129358
v 0.097220 0.210070 -0.128983
f 6945 6946 6947
f 6945 6947 6946
f 6945 6947 6948
f 6945 6948 6947
f 6945 6948 6949
f 6945 6949 6948
f 6945 6949 6950
f 6945 6950 6949
f 6945 6950 6951
f 6945 6951 6950
f 6945 6951 6952
f 6945 6952 6951
f 6945 6952 6953
f 6945 6953 6952
f 6945 6953 6954
f 6945 6954 6953
f 6945 6954 6955
f 6945 6955 6954
f 6945 6955 6956
f 6945 6956 6955
f 6945 6956 6957
f 6945 6957 6956
f 6945 6957 6958
f 6945 6958 6957
f 6945 6958 6959
f 6945 6959 6958
f 6945 6959 6960
f 6945 6960 6959
f 6945 6960 6961
f 6945 6961 6960
f 6945 6961 6962
f 6945 6962 6961
f 6945 6962 6963
f 6945 6963 6962
f 6945 6963 6964
f 6945 6964 6963
f 6945 6964 6965
f 6945 6965 6964
f 6945 6965 6966
f 6945 6966 6965
f 6945 6966 6967
f 6945 6967 6966
f 6945 6967 6968
f 6945 6968 6967
f 6945 6968 6969
f 6945 6969 6968
f 6945 6969 6970
f 6945 6970 6969
f 6945 6970 6971
f 6945 6971 6970
f 6945 6971 6972
f 6945 6972 6971
f 6945 6972 6973
f 6945 6973 6972
f 6945 6973 6974
f 6945 6974 6973
f 6945 6974 6975
f 6945 6975 6974
f 6945 6975 6976
f 6945 6976 6975
f 6945 6976 6977
f 6945 6977 6976
f 6945 6977 6978
f 6945 6978 6977
f 6945 6978 6979
f 6945 6979 6978
f 6945 6979 6980
f 6945 6980 6979
f 6945 6980 6981
f 6945 6981 6980
f 6945 6981 6982
f 6945 6982 6981
f 6945 6982 6983
f 6945 6983 6982
f 6945 6983 6984
f 6945 6984 6983
f 6945 6984 6985
f 6945 6985 6984
f 6945 6985 6986
f 6945 6986 6985
f 6945 6986 6987
f 6945 6987 6986
f 6945 6987 6988
f 6945 6988 6987
f 6945 6988 6989
f 6945 6989 6988
f 6945 6989 6990
f 6945 6990 6989
o part_200
v 0.098047 0.227782 -0.140907
v 0.098723 0.230233 -0.141934
v 0.101093 0.231605 -0.142347
v 0.103799 0.231605 -0.142125
v 0.106070 0.230233 -0.141333
v 0.106571 0.227782 -0.140210
v 0.105894 0.225331 -0.139183
v 0.103524 0.223958 -0.138771
v 0.100819 0.223958 -0.138992
v 0.098547 0.225331 -0.139784
v 0.101029 0.219039 -0.160595
v 0.101489 0.220705 -0.161293
v 0.103101 0.221639 -0.161574
v 0.104941 0.221639 -0.161423
v 0.106485 0.220705 -0.160885
v 0.106826 0.219039 -0.160121
v 0.106366 0.217372 -0.159422
v 0.104754 0.216439 -0.159142
v 0.102914 0.216439 -0.159293
v 0.101370 0.217372 -0.159831
f 6991 6992 7002
f 6991 7002 7001
f 6992 6993 7003
f 6992 7003 7002
f 6993 6994 7004
f 6993 7004 7003
f 6994 6995 7005
f 6994 7005 7004
f 6995 6996 7006
f 6995 7006 7005
f 6996 6997 7007
f 6996 7007 7006
f 6997 6998 7008
f 6997 7008 7007
f 6998 6999 7009
f 6998 7009 7008
f 6999 7000 7010
f 6999 7010 7009
f 7000 6991 7001
f 7000 7001 7010
o part_201
v 0.103928 0.219039 -0.160358
v 0.101961 0.219248 -0.159201
v 0.099789 0.220015 -0.158308
v 0.097434 0.221278 -0.157648
v 0.094932 0.222940 -0.157177
v 0.092331 0.224872 -0.156833
v 0.089685 0.226924 -0.156545
v 0.087054 0.228939 -0.156240
v 0.084493 0.230760 -0.155844
v 0.082056 0.232246 -0.155290
v 0.079785 0.233281 -0.154522
v 0.077711 0.233781 -0.153503
v 0.075850 0.233705 -0.152212
v 0.074201 0.233051 -0.150648
v 0.072749 0.231863 -0.148832
v 0.071464 0.230224 -0.146804
v 0.070301 0.228250 -0.144617
v 0.069210 0.226082 -0.142339
v 0.068133 0.223877 -0.140044
v 0.067012 0.221792 -0.137805
v 0.065791 0.219977 -0.135693
v 0.064423 0.218561 -0.133770
v 0.062872 0.217642 -0.132081
v 0.061116 0.217279 -0.130654
v 0.063083 0.217069 -0.131811
v 0.065255 0.216303 -0.132705
v 0.067610 0.215039 -0.133364
v 0.070112 0.213377 -0.133835
v 0.072713 0.211446 -0.134180
v 0.075358 0.209393 -0.134467
v 0.077990 0.207379 -0.134772
v 0.080551 0.205558 -0.135168
v 0.082988 0.204072 -0.135723
v 0.085258 0.203037 -0.136490
v 0.087332 0.202536 -0.137509
v 0.089194 0.202613 -0.138800
v 0.090843 0.203266 -0.140364
v 0.092294 0.204454 -0.142180
v 0.093580 0.206093 -0.144208
v 0.094742 0.208068 -0.146395
v 0.095834 0.210235 -0.148673
v 0.096911 0.212440 -0.150969
v 0.098032 0.214525 -0.153207
v 0.099253 0.216340 -0.155319
v 0.100621 0.217756 -0.157242
v 0.102172 0.218676 -0.158931
f 7011 7012 7013
f 7011 7013 7012
f 7011 7013 7014
f 7011 7014 7013
f 7011 7014 7015
f 7011 7015 7014
f 7011 7015 7016
f 7011 7016 7015
f 7011 7016 7017
f 7011 7017 7016
f 7011 7017 7018
f 7011 7018 7017
f 7011 7018 7019
f 7011 7019 7018
f 7011 7019 7020
f 7011 7020 7019
f 7011 7020 7021
f 7011 7021 7020
f 7011 7021 7022
f 7011 7022 7021
f 7011 7022 7023
f 7011 7023 7022
f 7011 7023 7024
f 7011 7024 7023
f 7011 7024 7025
f 7011 7025 7024
f 7011 7025 7026
f 7011 7026 7025
f 7011 7026 7027
f 7011 7027 7026
f 7011 7027 7028
f 7011 7028 7027
f 7011 7028 7029
f 7011 7029 7028
f 7011 7029 7030
f 7011 7030 7029
f 7011 7030 7031
f 7011 7031 7030
f 7011 7031 7032
f 7011 7032 7031
f 7011 7032 7033
f 7011 7033 7032
f 7011 7033 7034
f 7011 7034 7033
f 7011 7034 7035
f 7011 7035 7034
f 7011 7035 7036
f 7011 7036 7035
f 7011 7036 7037
f 7011 7037 7036
f 7011 7037 7038
f 7011 7038 7037
f 7011 7038 7039
f 7011 7039 7038
f 7011 7039 7040
f 7011 7040 7039
f 7011 7040 7041
f 7011 7041 7040
f 7011 7041 7042
f 7011 7042 7041
f 7011 7042 7043
f 7011 7043 7042
f 7011 7043 7044
f 7011 7044 7043
f 7011 7044 7045
f 7011 7045 7044
f 7011 7045 7046
f 7011 7046 7045
f 7011 7046 7047
f 7011 7047 7046
f 7011 7047 7048
f 7011 7048 7047
f 7011 7048 7049
f 7011 7049 7048
f 7011 7049 7050
f 7011 7050 7049
f 7011 7050 7051
f 7011 7051 7050
f 7011 7051 7052
f 7011 7052 7051
f 7011 7052 7053
f 7011 7053 7052
f 7011 7053 7054
f 7011 7054 7053
f 7011 7054 7055
f 7011 7055 7054
f 7011 7055 7056
f 7011 7056 7055
o part_202
v 0.103928 0.219039 -0.160358
v 0.105844 0.219023 -0.158828
v 0.107698 0.218809 -0.157216
v 0.109418 0.218181 -0.155432
v 0.110954 0.216979 -0.153410
v 0.112288 0.215149 -0.151126
v 0.113444 0.212765 -0.148613
v 0.114487 0.210028 -0.145953
v 0.115511 0.207233 -0.143269
v 0.116628 0.204725 -0.140704
v 0.117943 0.202835 -0.138396
v 0.119540 0.201825 -0.136453
v 0.121466 0.201837 -0.134935
v 0.123720 0.202872 -0.133841
v 0.126256 0.204786 -0.133113
v 0.128991 0.207318 -0.132642
v 0.131818 0.210137 -0.132289
v 0.134627 0.212898 -0.131913
v 0.137322 0.215307 -0.131390
v 0.139840 0.217161 -0.130637
v 0.142155 0.218387 -0.129623
v 0.144287 0.219039 -0.128371
v 0.146285 0.219277 -0.126946
v 0.148220 0.219317 -0.125440
v 0.146303 0.219333 -0.126969
v 0.144450 0.219547 -0.128581
v 0.142729 0.220175 -0.130365
v 0.141194 0.221376 -0.132388
v 0.139859 0.223207 -0.134671
v 0.138703 0.225591 -0.137184
v 0.137661 0.228328 -0.139845
v 0.136636 0.231123 -0.142529
v 0.135520 0.233631 -0.145093
v 0.134205 0.235521 -0.147401
v 0.132607 0.236531 -0.149344
v 0.130682 0.236519 -0.150862
v 0.128428 0.235484 -0.151956
v 0.125891 0.233570 -0.152684
v 0.123156 0.231038 -0.153156
v 0.120329 0.228219 -0.153508
v 0.117520 0.225457 -0.153884
v 0.114825 0.223049 -0.154407
v 0.112307 0.221195 -0.155160
v 0.109992 0.219969 -0.156174
v 0.107861 0.219317 -0.157427
v 0.105862 0.219079 -0.158851
f 7057 7058 7059
f 7057 7059 7058
f 7057 7059 7060
f 7057 7060 7059
f 7057 7060 7061
f 7057 7061 7060
f 7057 7061 7062
f 7057 7062 7061
f 7057 7062 7063
f 7057 7063 7062
f 7057 7063 7064
f 7057 7064 7063
f 7057 7064 7065
f 7057 7065 7064
f 7057 7065 7066
f 7057 7066 7065
f 7057 7066 7067
f 7057 7067 7066
f 7057 7067 7068
f 7057 7068 7067
f 7057 7068 7069
f 7057 7069 7068
f 7057 7069 7070
f 7057 7070 7069
f 7057 7070 7071
f 7057 7071 7070
f 7057 7071 7072
f 7057 7072 7071
f 7057 7072 7073
f 7057 7073 7072
f 7057 7073 7074
f 7057 7074 7073
f 7057 7074 7075
f 7057 7075 7074
f 7057 7075 7076
f 7057 7076 7075
f 7057 7076 7077
f 7057 7077 7076
f 7057 7077 7078
f 7057 7078 7077
f 7057 7078 7079
f 7057 7079 7078
f 7057 7079 7080
f 7057 7080 7079
f 7057 7080 7081
f 7057 7081 7080
f 7057 7081 7082
f 7057 7082 7081
f 7057 7082 7083
f 7057 7083 7082
f 7057 7083 7084
f 7057 7084 7083
f 7057 7084 7085
f 7057 7085 7084
f 7057 7085 7086
f 7057 7086 7085
f 7057 7086 7087
f 7057 7087 7086
f 7057 7087 7088
f 7057 7088 7087
f 7057 7088 7089
f 7057 7089 7088
f 7057 7089 7090
f 7057 7090 7089
f 7057 7090 7091
f 7057 7091 7090
f 7057 7091 7092
f 7057 7092 7091
f 7057 7092 7093
f 7057 7093 7092
f 7057 7093 7094
f 7057 7094 7093
f 7057 7094 7095
f 7057 7095 7094
f 7057 7095 7096
f 7057 7096 7095
f 7057 7096 7097
f 7057 7097 7096
f 7057 7097 7098
f 7057 7098 7097
f 7057 7098 7099
f 7057 7099 7098
f 7057 7099 7100
f 7057 7100 7099
f 7057 7100 7101
f 7057 7101 7100
f 7057 7101 7102
f 7057 7102 7101
o part_203
v 0.101348 0.227782 -0.144726
v 0.101244 0.230449 -0.144096
v 0.101634 0.231942 -0.141796
v 0.102244 0.231942 -0.139151
v 0.102899 0.230449 -0.136912
v 0.103269 0.227782 -0.136392
v 0.103373 0.225115 -0.137022
v 0.102983 0.223622 -0.139321
v 0.102374 0.223622 -0.141967
v 0.101718 0.225115 -0.144205
v 0.121421 0.229633 -0.147947
v 0.121350 0.231446 -0.147519
v 0.121616 0.232461 -0.145955
v 0.122030 0.232461 -0.144156
v 0.122476 0.231446 -0.142634
v 0.122727 0.229633 -0.142280
v 0.122799 0.227819 -0.142709
v 0.122533 0.226804 -0.144272
v 0.122119 0.226804 -0.146071
v 0.121673 0.227819 -0.147593
f 7103 7104 7114
f 7103 7114 7113
f 7104 7105 7115
f 7104 7115 7114
f 7105 7106 7116
f 7105 7116 7115
f 7106 7107 7117
f 7106 7117 7116
f 7107 7108 7118
f 7107 7118 7117
f 7108 7109 7119
f 7108 7119 7118
f 7109 7110 7120
f 7109 7120 7119
f 7110 7111 7121
f 7110 7121 7120
f 7111 7112 7122
f 7111 7122 7121
f 7112 7103 7113
f 7112 7113 7122
o part_204
v 0.122074 0.229633 -0.145114
v 0.120599 0.230186 -0.146794
v 0.119116 0.231043 -0.148380
v 0.117622 0.232399 -0.149812
v 0.116115 0.234348 -0.151060
v 0.114596 0.236870 -0.152131
v 0.113066 0.239840 -0.153063
v 0.111531 0.243040 -0.153923
v 0.109997 0.246198 -0.154797
v 0.108471 0.249020 -0.155774
v 0.106958 0.251238 -0.156939
v 0.105463 0.252649 -0.158354
v 0.103989 0.253142 -0.160052
v 0.102534 0.252718 -0.162036
v 0.101098 0.251487 -0.164269
v 0.099676 0.249652 -0.166689
v 0.098260 0.247482 -0.169213
v 0.096846 0.245268 -0.171751
v 0.095426 0.243285 -0.174217
v 0.093997 0.241750 -0.176544
v 0.092555 0.240788 -0.178694
v 0.091099 0.240419 -0.180660
v 0.089633 0.240549 -0.182471
v 0.088160 0.240983 -0.184189
v 0.089636 0.240429 -0.182509
v 0.091118 0.239572 -0.180922
v 0.092612 0.238216 -0.179491
v 0.094119 0.236267 -0.178242
v 0.095639 0.233745 -0.177172
v 0.097168 0.230776 -0.176240
v 0.098703 0.227575 -0.175380
v 0.100237 0.224417 -0.174506
v 0.101763 0.221596 -0.173528
v 0.103276 0.219377 -0.172364
v 0.104771 0.217966 -0.170949
v 0.106246 0.217473 -0.169250
v 0.107700 0.217897 -0.167267
v 0.109136 0.219128 -0.165034
v 0.110559 0.220963 -0.162614
v 0.111974 0.223134 -0.160090
v 0.113388 0.225347 -0.157552
v 0.114808 0.227330 -0.155086
v 0.116237 0.228865 -0.152759
v 0.117679 0.229827 -0.150609
v 0.119135 0.230196 -0.148643
v 0.120601 0.230066 -0.146831
f 7123 7124 7125
f 7123 7125 7124
f 7123 7125 7126
f 7123 7126 7125
f 7123 7126 7127
f 7123 7127 7126
f 7123 7127 7128
f 7123 7128 7127
f 7123 7128 7129
f 7123 7129 7128
f 7123 7129 7130
f 7123 7130 7129
f 7123 7130 7131
f 7123 7131 7130
f 7123 7131 7132
f 7123 7132 7131
f 7123 7132 7133
f 7123 7133 7132
f 7123 7133 7134
f 7123 7134 7133
f 7123 7134 7135
f 7123 7135 7134
f 7123 7135 7136
f 7123 7136 7135
f 7123 7136 7137
f 7123 7137 7136
f 7123 7137 7138
f 7123 7138 7137
f 7123 7138 7139
f 7123 7139 7138
f 7123 7139 7140
f 7123 7140 7139
f 7123 7140 7141
f 7123 7141 7140
f 7123 7141 7142
f 7123 7142 7141
f 7123 7142 7143
f 7123 7143 7142
f 7123 7143 7144
f 7123 7144 7143
f 7123 7144 7145
f 7123 7145 7144
f 7123 7145 7146
f 7123 7146 7145
f 7123 7146 7147
f 7123 7147 7146
f 7123 7147 7148
f 7123 7148 7147
f 7123 7148 7149
f 7123 7149 7148
f 7123 7149 7150
f 7123 7150 7149
f 7123 7150 7151
f 7123 7151 7150
f 7123 7151 7152
f 7123 7152 7151
f 7123 7152 7153
f 7123 7153 7152
f 7123 7153 7154
f 7123 7154 7153
f 7123 7154 7155
f 7123 7155 7154
f 7123 7155 7156
f 7123 7156 7155
f 7123 7156 7157
f 7123 7157 7156
f 7123 7157 7158
f 7123 7158 7157
f 7123 7158 7159
f 7123 7159 7158
f 7123 7159 7160
f 7123 7160 7159
f 7123 7160 7161
f 7123 7161 7160
f 7123 7161 7162
f 7123 7162 7161
f 7123 7162 7163
f 7123 7163 7162
f 7123 7163 7164
f 7123 7164 7163
f 7123 7164 7165
f 7123 7165 7164
f 7123 7165 7166
f 7123 7166 7165
f 7123 7166 7167
f 7123 7167 7166
f 7123 7167 7168
f 7123 7168 7167
o part_205
v 0.122074 0.229633 -0.145114
v 0.121950 0.230165 -0.142575
v 0.121861 0.230459 -0.139981
v 0.121843 0.230265 -0.137274
v 0.121923 0.229407 -0.134413
v 0.122109 0.227829 -0.131386
v 0.122387 0.225625 -0.128213
v 0.122723 0.223028 -0.124950
v 0.123067 0.220377 -0.121674
v 0.123361 0.218063 -0.118476
v 0.123550 0.216460 -0.115442
v 0.123592 0.215862 -0.112642
v 0.123463 0.216429 -0.110111
v 0.123162 0.218161 -0.107850
v 0.122714 0.220899 -0.105822
v 0.122161 0.224347 -0.103959
v 0.121558 0.228132 -0.102173
v 0.120963 0.231863 -0.100376
v 0.120427 0.235201 -0.098487
v 0.119982 0.237913 -0.096453
v 0.119643 0.239906 -0.094252
v 0.119402 0.241234 -0.091898
v 0.119232 0.242074 -0.089430
v 0.119097 0.242676 -0.086908
v 0.119222 0.242144 -0.089446
v 0.119311 0.241850 -0.092040
v 0.119329 0.242043 -0.094747
v 0.119249 0.242902 -0.097608
v 0.119063 0.244480 -0.100636
v 0.118785 0.246684 -0.103808
v 0.118449 0.249281 -0.107072
v 0.118105 0.251932 -0.110348
v 0.117811 0.254246 -0.113546
v 0.117622 0.255849 -0.116579
v 0.117580 0.256447 -0.119380
v 0.117709 0.255880 -0.121910
v 0.118010 0.254147 -0.124171
v 0.118458 0.251410 -0.126199
v 0.119011 0.247962 -0.128063
v 0.119614 0.244177 -0.129848
v 0.120208 0.240446 -0.131646
v 0.120745 0.237107 -0.133535
v 0.121190 0.234395 -0.135569
v 0.121529 0.232403 -0.137769
v 0.121770 0.231075 -0.140124
v 0.121940 0.230234 -0.142591
f 7169 7170 7171
f 7169 7171 7170
f 7169 7171 7172
f 7169 7172 7171
f 7169 7172 7173
f 7169 7173 7172
f 7169 7173 7174
f 7169 7174 7173
f 7169 7174 7175
f 7169 7175 7174
f 7169 7175 7176
f 7169 7176 7175
f 7169 7176 7177
f 7169 7177 7176
f 7169 7177 7178
f 7169 7178 7177
f 7169 7178 7179
f 7169 7179 7178
f 7169 7179 7180
f 7169 7180 7179
f 7169 7180 7181
f 7169 7181 7180
f 7169 7181 7182
f 7169 7182 7181
f 7169 7182 7183
f 7169 7183 7182
f 7169 7183 7184
f 7169 7184 7183
f 7169 7184 7185
f 7169 7185 7184
f 7169 7185 7186
f 7169 7186 7185
f 7169 7186 7187
f 7169 7187 7186
f 7169 7187 7188
f 7169 7188 7187
f 7169 7188 7189
f 7169 7189 7188
f 7169 7189 7190
f 7169 7190 7189
f 7169 7190 7191
f 7169 7191 7190
f 7169 7191 7192
f 7169 7192 7191
f 7169 7192 7193
f 7169 7193 7192
f 7169 7193 7194
f 7169 7194 7193
f 7169 7194 7195
f 7169 7195 7194
f 7169 7195 7196
f 7169 7196 7195
f 7169 7196 7197
f 7169 7197 7196
f 7169 7197 7198
f 7169 7198 7197
f 7169 7198 7199
f 7169 7199 7198
f 7169 7199 7200
f 7169 7200 7199
f 7169 7200 7201
f 7169 7201 7200
f 7169 7201 7202
f 7169 7202 7201
f 7169 7202 7203
f 7169 7203 7202
f 7169 7203 7204
f 7169 7204 7203
f 7169 7204 7205
f 7169 7205 7204
f 7169 7205 7206
f 7169 7206 7205
f 7169 7206 7207
f 7169 7207 7206
f 7169 7207 7208
f 7169 7208 7207
f 7169 7208 7209
f 7169 7209 7208
f 7169 7209 7210
f 7169 7210 7209
f 7169 7210 7211
f 7169 7211 7210
f 7169 7211 7212
f 7169 7212 7211
f 7169 7212 7213
f 7169 7213 7212
f 7169 7213 7214
f 7169 7214 7213
o part_206
v 0.083926 0.258055 -0.126196
v 0.084732 0.261611 -0.124472
v 0.088119 0.263602 -0.123400
v 0.092109 0.263602 -0.123255
v 0.095565 0.261611 -0.124078
v 0.096495 0.258055 -0.125739
v 0.095688 0.254500 -0.127463
v 0.092301 0.252509 -0.128535
v 0.088311 0.252509 -0.128681
v 0.084855 0.254500 -0.127857
v 0.087177 0.274318 -0.160237
v 0.087726 0.276735 -0.159065
v 0.090029 0.278089 -0.158336
v 0.092742 0.278089 -0.158237
v 0.095092 0.276735 -0.158797
v 0.095724 0.274318 -0.159926
v 0.095176 0.271900 -0.161099
v 0.092872 0.270546 -0.161828
v 0.090160 0.270546 -0.161926
v 0.087809 0.271900 -0.161367
f 7215 7216 7226
f 7215 7226 7225
f 7216 7217 7227
f 7216 7227 7226
f 7217 7218 7228
f 7217 7228 7227
f 7218 7219 7229
f 7218 7229 7228
f 7219 7220 7230
f 7219 7230 7229
f 7220 7221 7231
f 7220 7231 7230
f 7221 7222 7232
f 7221 7232 7231
f 7222 7223 7233
f 7222 7233 7232
f 7223 7224 7234
f 7223 7234 7233
f 7224 7215 7225
f 7224 7225 7234
o part_207
v 0.091451 0.274318 -0.160082
v 0.089234 0.273849 -0.158769
v 0.086995 0.273929 -0.157196
v 0.084734 0.274622 -0.155331
v 0.082450 0.275885 -0.153195
v 0.080149 0.277594 -0.150847
v 0.077838 0.279570 -0.148373
v 0.075525 0.281595 -0.145875
v 0.073219 0.283439 -0.143463
v 0.070928 0.284883 -0.141242
v 0.068660 0.285738 -0.139300
v 0.066420 0.285870 -0.137702
v 0.064210 0.285205 -0.136482
v 0.062031 0.283745 -0.135641
v 0.059880 0.281560 -0.135144
v 0.057752 0.278787 -0.134927
v 0.055638 0.275614 -0.134900
v 0.053532 0.272260 -0.134959
v 0.051424 0.268955 -0.134994
v 0.049306 0.265917 -0.134903
v 0.047170 0.263325 -0.134599
v 0.045013 0.261302 -0.134025
v 0.042832 0.259894 -0.133160
v 0.040630 0.259033 -0.132033
v 0.042847 0.259502 -0.133346
v 0.045085 0.259422 -0.134919
v 0.047347 0.258728 -0.136784
v 0.049630 0.257466 -0.138920
v 0.051931 0.255756 -0.141267
v 0.054242 0.253781 -0.143742
v 0.056555 0.251756 -0.146240
v 0.058861 0.249912 -0.148651
v 0.061152 0.248468 -0.150873
v 0.063420 0.247612 -0.152815
v 0.065660 0.247481 -0.154413
v 0.067870 0.248145 -0.155633
v 0.070049 0.249606 -0.156474
v 0.072200 0.251791 -0.156971
v 0.074329 0.254564 -0.157188
v 0.076442 0.257737 -0.157215
v 0.078548 0.261091 -0.157156
v 0.080656 0.264395 -0.157121
v 0.082775 0.267434 -0.157212
v 0.084910 0.270026 -0.157516
v 0.087068 0.272048 -0.158090
v 0.089249 0.273457 -0.158955
f 7235 7236 7237
f 7235 7237 7236
f 7235 7237 7238
f 7235 7238 7237
f 7235 7238 7239
f 7235 7239 7238
f 7235 7239 7240
f 7235 7240 7239
f 7235 7240 7241
f 7235 7241 7240
f 7235 7241 7242
f 7235 7242 7241
f 7235 7242 7243
f 7235 7243 7242
f 7235 7243 7244
f 7235 7244 7243
f 7235 7244 7245
f 7235 7245 7244
f 7235 7245 7246
f 7235 7246 7245
f 7235 7246 7247
f 7235 7247 7246
f 7235 7247 7248
f 7235 7248 7247
f 7235 7248 7249
f 7235 7249 7248
f 7235 7249 7250
f 7235 7250 7249
f 7235 7250 7251
f 7235 7251 7250
f 7235 7251 7252
f 7235 7252 7251
f 7235 7252 7253
f 7235 7253 7252
f 7235 7253 7254
f 7235 7254 7253
f 7235 7254 7255
f 7235 7255 7254
f 7235 7255 7256
f 7235 7256 7255
f 7235 7256 7257
f 7235 7257 7256
f 7235 7257 7258
f 7235 7258 7257
f 7235 7258 7259
f 7235 7259 7258
f 7235 7259 7260
f 7235 7260 7259
f 7235 7260 7261
f 7235 7261 7260
f 7235 7261 7262
f 7235 7262 7261
f 7235 7262 7263
f 7235 7263 7262
f 7235 7263 7264
f 7235 7264 7263
f 7235 7264 7265
f 7235 7265 7264
f 7235 7265 7266
f 7235 7266 7265
f 7235 7266 7267
f 7235 7267 7266
f 7235 7267 7268
f 7235 7268 7267
f 7235 7268 7269
f 7235 7269 7268
f 7235 7269 7270
f 7235 7270 7269
f 7235 7270 7271
f 7235 7271 7270
f 7235 7271 7272
f 7235 7272 7271
f 7235 7272 7273
f 7235 7273 7272
f 7235 7273 7274
f 7235 7274 7273
f 7235 7274 7275
f 7235 7275 7274
f 7235 7275 7276
f 7235 7276 7275
f 7235 7276 7277
f 7235 7277 7276
f 7235 7277 7278
f 7235 7278 7277
f 7235 7278 7279
f 7235 7279 7278
f 7235 7279 7280
f 7235 7280 7279
o part_208
v 0.087181 0.274318 -0.160326
v 0.087807 0.276922 -0.160914
v 0.090151 0.278381 -0.161128
v 0.092861 0.278381 -0.160973
v 0.095166 0.276922 -0.160492
v 0.095720 0.274318 -0.159837
v 0.095095 0.271713 -0.159250
v 0.092750 0.270255 -0.159035
v 0.090040 0.270255 -0.159190
v 0.087735 0.271713 -0.159671
v 0.089710 0.269466 -0.180526
v 0.090135 0.271237 -0.180925
v 0.091729 0.272229 -0.181071
v 0.093572 0.272229 -0.180965
v 0.095139 0.271237 -0.180638
v 0.095516 0.269466 -0.180193
v 0.095091 0.267695 -0.179793
v 0.093497 0.266703 -0.179648
v 0.091654 0.266703 -0.179753
v 0.090087 0.267695 -0.180080
f 7281 7282 7292
f 7281 7292 7291
f 7282 7283 7293
f 7282 7293 7292
f 7283 7284 7294
f 7283 7294 7293
f 7284 7285 7295
f 7284 7295 7294
f 7285 7286 7296
f 7285 7296 7295
f 7286 7287 7297
f 7286 7297 7296
f 7287 7288 7298
f 7287 7298 7297
f 7288 7289 7299
f 7288 7299 7298
f 7289 7290 7300
f 7289 7300 7299
f 7290 7281 7291
f 7290 7291 7300
o part_209
v 0.092613 0.269466 -0.180359
v 0.090602 0.269716 -0.179380
v 0.088541 0.270481 -0.178527
v 0.086427 0.271813 -0.177812
v 0.084262 0.273662 -0.177224
v 0.082060 0.275914 -0.176735
v 0.079834 0.278402 -0.176303
v 0.077605 0.280927 -0.175880
v 0.075393 0.283281 -0.175416
v 0.073216 0.285265 -0.174861
v 0.071090 0.286711 -0.174174
v 0.069028 0.287496 -0.173326
v 0.067035 0.287557 -0.172300
v 0.065111 0.286892 -0.171097
v 0.063251 0.285567 -0.169732
v 0.061442 0.283703 -0.168235
v 0.059668 0.281470 -0.166648
v 0.057911 0.279066 -0.165019
v 0.056150 0.276699 -0.163399
v 0.054366 0.274568 -0.161837
v 0.052545 0.272839 -0.160373
v 0.050673 0.271629 -0.159036
v 0.048747 0.270984 -0.157838
v 0.046773 0.270855 -0.156766
v 0.048784 0.270605 -0.157745
v 0.050844 0.269839 -0.158598
v 0.052959 0.268508 -0.159313
v 0.055123 0.266658 -0.159901
v 0.057326 0.264406 -0.160390
v 0.059551 0.261919 -0.160822
v 0.061780 0.259394 -0.161245
v 0.063993 0.257040 -0.161709
v 0.066170 0.255056 -0.162264
v 0.068295 0.253610 -0.162951
v 0.070358 0.252824 -0.163799
v 0.072351 0.252764 -0.164825
v 0.074275 0.253428 -0.166028
v 0.076135 0.254754 -0.167393
v 0.077944 0.256617 -0.168890
v 0.079718 0.258850 -0.170477
v 0.081475 0.261254 -0.172106
v 0.083236 0.263621 -0.173726
v 0.085019 0.265752 -0.175288
v 0.086841 0.267481 -0.176752
v 0.088713 0.268692 -0.178089
v 0.090638 0.269336 -0.179287
f 7301 7302 7303
f 7301 7303 7302
f 7301 7303 7304
f 7301 7304 7303
f 7301 7304 7305
f 7301 7305 7304
f 7301 7305 7306
f 7301 7306 7305
f 7301 7306 7307
f 7301 7307 7306
f 7301 7307 7308
f 7301 7308 7307
f 7301 7308 7309
f 7301 7309 7308
f 7301 7309 7310
f 7301 7310 7309
f 7301 7310 7311
f 7301 7311 7310
f 7301 7311 7312
f 7301 7312 7311
f 7301 7312 7313
f 7301 7313 7312
f 7301 7313 7314
f 7301 7314 7313
f 7301 7314 7315
f 7301 7315 7314
f 7301 7315 7316
f 7301 7316 7315
f 7301 7316 7317
f 7301 7317 7316
f 7301 7317 7318
f 7301 7318 7317
f 7301 7318 7319
f 7301 7319 7318
f 7301 7319 7320
f 7301 7320 7319
f 7301 7320 7321
f 7301 7321 7320
f 7301 7321 7322
f 7301 7322 7321
f 7301 7322 7323
f 7301 7323 7322
f 7301 7323 7324
f 7301 7324 7323
f 7301 7324 7325
f 7301 7325 7324
f 7301 7325 7326
f 7301 7326 7325
f 7301 7326 7327
f 7301 7327 7326
f 7301 7327 7328
f 7301 7328 7327
f 7301 7328 7329
f 7301 7329 7328
f 7301 7329 7330
f 7301 7330 7329
f 7301 7330 7331
f 7301 7331 7330
f 7301 7331 7332
f 7301 7332 7331
f 7301 7332 7333
f 7301 7333 7332
f 7301 7333 7334
f 7301 7334 7333
f 7301 7334 7335
f 7301 7335 7334
f 7301 7335 7336
f 7301 7336 7335
f 7301 7336 7337
f 7301 7337 7336
f 7301 7337 7338
f 7301 7338 7337
f 7301 7338 7339
f 7301 7339 7338
f 7301 7339 7340
f 7301 7340 7339
f 7301 7340 7341
f 7301 7341 7340
f 7301 7341 7342
f 7301 7342 7341
f 7301 7342 7343
f 7301 7343 7342
f 7301 7343 7344
f 7301 7344 7343
f 7301 7344 7345
f 7301 7345 7344
f 7301 7345 7346
f 7301 7346 7345
o part_210
v 0.092613 0.269466 -0.180359
v 0.094426 0.269623 -0.179708
v 0.096242 0.269599 -0.179014
v 0.098063 0.269209 -0.178231
v 0.099893 0.268319 -0.177329
v 0.101731 0.266890 -0.176297
v 0.103576 0.264993 -0.175153
v 0.105427 0.262804 -0.173938
v 0.107277 0.260577 -0.172715
v 0.109124 0.258604 -0.171552
v 0.110963 0.257163 -0.170517
v 0.112789 0.256475 -0.169663
v 0.114601 0.256658 -0.169018
v 0.116400 0.257714 -0.168583
v 0.118186 0.259522 -0.168329
v 0.119964 0.261863 -0.168202
v 0.121738 0.264458 -0.168137
v 0.123513 0.267014 -0.168062
v 0.125292 0.269278 -0.167917
v 0.127079 0.271074 -0.167660
v 0.128874 0.272332 -0.167273
v 0.130678 0.273090 -0.166767
v 0.132487 0.273481 -0.166172
v 0.134299 0.273691 -0.165534
v 0.132486 0.273534 -0.166184
v 0.130670 0.273557 -0.166879
v 0.128849 0.273948 -0.167661
v 0.127019 0.274838 -0.168564
v 0.125181 0.276267 -0.169596
v 0.123335 0.278163 -0.170740
v 0.121485 0.280352 -0.171955
v 0.119634 0.282579 -0.173178
v 0.117788 0.284553 -0.174341
v 0.115949 0.285993 -0.175376
v 0.114123 0.286682 -0.176230
v 0.112311 0.286498 -0.176874
v 0.110512 0.285442 -0.177310
v 0.108726 0.283634 -0.177564
v 0.106947 0.281293 -0.177690
v 0.105173 0.278699 -0.177756
v 0.103399 0.276142 -0.177831
v 0.101620 0.273878 -0.177976
v 0.099833 0.272082 -0.178233
v 0.098037 0.270825 -0.178620
v 0.096234 0.270067 -0.179126
v 0.094425 0.269676 -0.179721
f 7347 7348 7349
f 7347 7349 7348
f 7347 7349 7350
f 7347 7350 7349
f 7347 7350 7351
f 7347 7351 7350
f 7347 7351 7352
f 7347 7352 7351
f 7347 7352 7353
f 7347 7353 7352
f 7347 7353 7354
f 7347 7354 7353
f 7347 7354 7355
f 7347 7355 7354
f 7347 7355 7356
f 7347 7356 7355
f 7347 7356 7357
f 7347 7357 7356
f 7347 7357 7358
f 7347 7358 7357
f 7347 7358 7359
f 7347 7359 7358
f 7347 7359 7360
f 7347 7360 7359
f 7347 7360 7361
f 7347 7361 7360
f 7347 7361 7362
f 7347 7362 7361
f 7347 7362 7363
f 7347 7363 7362
f 7347 7363 7364
f 7347 7364 7363
f 7347 7364 7365
f 7347 7365 7364
f 7347 7365 7366
f 7347 7366 7365
f 7347 7366 7367
f 7347 7367 7366
f 7347 7367 7368
f 7347 7368 7367
f 7347 7368 7369
f 7347 7369 7368
f 7347 7369 7370
f 7347 7370 7369
f 7347 7370 7371
f 7347 7371 7370
f 7347 7371 7372
f 7347 7372 7371
f 7347 7372 7373
f 7347 7373 7372
f 7347 7373 7374
f 7347 7374 7373
f 7347 7374 7375
f 7347 7375 7374
f 7347 7375 7376
f 7347 7376 7375
f 7347 7376 7377
f 7347 7377 7376
f 7347 7377 7378
f 7347 7378 7377
f 7347 7378 7379
f 7347 7379 7378
f 7347 7379 7380
f 7347 7380 7379
f 7347 7380 7381
f 7347 7381 7380
f 7347 7381 7382
f 7347 7382 7381
f 7347 7382 7383
f 7347 7383 7382
f 7347 7383 7384
f 7347 7384 7383
f 7347 7384 7385
f 7347 7385 7384
f 7347 7385 7386
f 7347 7386 7385
f 7347 7386 7387
f 7347 7387 7386
f 7347 7387 7388
f 7347 7388 7387
f 7347 7388 7389
f 7347 7389 7388
f 7347 7389 7390
f 7347 7390 7389
f 7347 7390 7391
f 7347 7391 7390
f 7347 7391 7392
f 7347 7392 7391
o part_211
v 0.089110 0.274318 -0.156503
v 0.091034 0.276192 -0.155950
v 0.093206 0.277241 -0.157312
v 0.094691 0.277241 -0.159584
v 0.095069 0.276192 -0.162119
v 0.093791 0.274318 -0.163661
v 0.091867 0.272444 -0.164213
v 0.089696 0.271395 -0.162851
v 0.088210 0.271395 -0.160579
v 0.087832 0.272444 -0.158044
v 0.076533 0.290575 -0.166363
v 0.077842 0.291849 -0.165987
v 0.079318 0.292562 -0.166914
v 0.080328 0.292562 -0.168459
v 0.080585 0.291849 -0.170182
v 0.079716 0.290575 -0.171230
v 0.078408 0.289300 -0.171606
v 0.076931 0.288587 -0.170680
v 0.075921 0.288587 -0.169135
v 0.075664 0.289300 -0.167411
f 7393 7394 7404
f 7393 7404 7403
f 7394 7395 7405
f 7394 7405 7404
f 7395 7396 7406
f 7395 7406 7405
f 7396 7397 7407
f 7396 7407 7406
f 7397 7398 7408
f 7397 7408 7407
f 7398 7399 7409
f 7398 7409 7408
f 7399 7400 7410
f 7399 7410 7409
f 7400 7401 7411
f 7400 7411 7410
f 7401 7402 7412
f 7401 7412 7411
f 7402 7393 7403
f 7402 7403 7412
o part_212
v 0.078125 0.290575 -0.168797
v 0.077972 0.290292 -0.166638
v 0.078240 0.290478 -0.164246
v 0.078824 0.291018 -0.161678
v 0.079637 0.291814 -0.158983
v 0.080584 0.292759 -0.156213
v 0.081568 0.293746 -0.153423
v 0.082494 0.294668 -0.150665
v 0.083271 0.295424 -0.147990
v 0.083821 0.295926 -0.145441
v 0.084079 0.296101 -0.143054
v 0.084000 0.295901 -0.140854
v 0.083562 0.295298 -0.138855
v 0.082764 0.294294 -0.137055
v 0.081630 0.292913 -0.135442
v 0.080204 0.291207 -0.133991
v 0.078551 0.289245 -0.132667
v 0.076749 0.287118 -0.131425
v 0.074888 0.284926 -0.130216
v 0.073065 0.282776 -0.128986
v 0.071376 0.280775 -0.127682
v 0.069915 0.279029 -0.126251
v 0.068772 0.277638 -0.124643
v 0.068048 0.276716 -0.122802
v 0.068200 0.276999 -0.124961
v 0.067933 0.276813 -0.127353
v 0.067348 0.276272 -0.129921
v 0.066535 0.275477 -0.132616
v 0.065588 0.274532 -0.135386
v 0.064604 0.273544 -0.138176
v 0.063678 0.272622 -0.140934
v 0.062901 0.271866 -0.143609
v 0.062351 0.271365 -0.146158
v 0.062093 0.271190 -0.148545
v 0.062172 0.271390 -0.150745
v 0.062610 0.271993 -0.152744
v 0.063408 0.272997 -0.154544
v 0.064542 0.274378 -0.156157
v 0.065968 0.276084 -0.157608
v 0.067621 0.278045 -0.158932
v 0.069424 0.280172 -0.160174
v 0.071284 0.282365 -0.161383
v 0.073107 0.284515 -0.162613
v 0.074796 0.286516 -0.163917
v 0.076257 0.288262 -0.165348
v 0.077401 0.289653 -0.166956
f 7413 7414 7415
f 7413 7415 7414
f 7413 7415 7416
f 7413 7416 7415
f 7413 7416 7417
f 7413 7417 7416
f 7413 7417 7418
f 7413 7418 7417
f 7413 7418 7419
f 7413 7419 7418
f 7413 7419 7420
f 7413 7420 7419
f 7413 7420 7421
f 7413 7421 7420
f 7413 7421 7422
f 7413 7422 7421
f 7413 7422 7423
f 7413 7423 7422
f 7413 7423 7424
f 7413 7424 7423
f 7413 7424 7425
f 7413 7425 7424
f 7413 7425 7426
f 7413 7426 7425
f 7413 7426 7427
f 7413 7427 7426
f 7413 7427 7428
f 7413 7428 7427
f 7413 7428 7429
f 7413 7429 7428
f 7413 7429 7430
f 7413 7430 7429
f 7413 7430 7431
f 7413 7431 7430
f 7413 7431 7432
f 7413 7432 7431
f 7413 7432 7433
f 7413 7433 7432
f 7413 7433 7434
f 7413 7434 7433
f 7413 7434 7435
f 7413 7435 7434
f 7413 7435 7436
f 7413 7436 7435
f 7413 7436 7437
f 7413 7437 7436
f 7413 7437 7438
f 7413 7438 7437
f 7413 7438 7439
f 7413 7439 7438
f 7413 7439 7440
f 7413 7440 7439
f 7413 7440 7441
f 7413 7441 7440
f 7413 7441 7442
f 7413 7442 7441
f 7413 7442 7443
f 7413 7443 7442
f 7413 7443 7444
f 7413 7444 7443
f 7413 7444 7445
f 7413 7445 7444
f 7413 7445 7446
f 7413 7446 7445
f 7413 7446 7447
f 7413 7447 7446
f 7413 7447 7448
f 7413 7448 7447
f 7413 7448 7449
f 7413 7449 7448
f 7413 7449 7450
f 7413 7450 7449
f 7413 7450 7451
f 7413 7451 7450
f 7413 7451 7452
f 7413 7452 7451
f 7413 7452 7453
f 7413 7453 7452
f 7413 7453 7454
f 7413 7454 7453
f 7413 7454 7455
f 7413 7455 7454
f 7413 7455 7456
f 7413 7456 7455
f 7413 7456 7457
f 7413 7457 7456
f 7413 7457 7458
f 7413 7458 7457
o part_213
v 0.088451 0.274318 -0.163129
v 0.087360 0.275965 -0.161227
v 0.088151 0.276887 -0.158738
v 0.090056 0.276887 -0.156804
v 0.092532 0.275965 -0.155974
v 0.094451 0.274318 -0.157034
v 0.095541 0.272671 -0.158936
v 0.094750 0.271748 -0.161425
v 0.092846 0.271748 -0.163360
v 0.090370 0.272671 -0.164189
v 0.098716 0.291055 -0.171314
v 0.097975 0.292175 -0.170021
v 0.098513 0.292802 -0.168329
v 0.099808 0.292802 -0.167013
v 0.101491 0.292175 -0.166449
v 0.102796 0.291055 -0.167170
v 0.103538 0.289935 -0.168463
v 0.103000 0.289307 -0.170156
v 0.101705 0.289307 -0.171471
v 0.100021 0.289935 -0.172035
f 7459 7460 7470
f 7459 7470 7469
f 7460 7461 7471
f 7460 7471 7470
f 7461 7462 7472
f 7461 7472 7471
f 7462 7463 7473
f 7462 7473 7472
f 7463 7464 7474
f 7463 7474 7473
f 7464 7465 7475
f 7464 7475 7474
f 7465 7466 7476
f 7465 7476 7475
f 7466 7467 7477
f 7466 7477 7476
f 7467 7468 7478
f 7467 7478 7477
f 7468 7459 7469
f 7468 7469 7478
o part_214
v 0.100756 0.291055 -0.169242
v 0.098983 0.289587 -0.171159
v 0.097024 0.288258 -0.173012
v 0.094646 0.287238 -0.174725
v 0.091664 0.286666 -0.176234
v 0.087996 0.286601 -0.177512
v 0.083705 0.286998 -0.178579
v 0.078998 0.287703 -0.179507
v 0.074197 0.288478 -0.180402
v 0.069686 0.289038 -0.181396
v 0.065842 0.289104 -0.182614
v 0.062962 0.288456 -0.184158
v 0.061214 0.286970 -0.186082
v 0.060595 0.284648 -0.188388
v 0.060941 0.281611 -0.191019
v 0.061954 0.278080 -0.193875
v 0.063258 0.274335 -0.196829
v 0.064467 0.270658 -0.199751
v 0.065260 0.267291 -0.202533
v 0.065430 0.264384 -0.205105
v 0.064915 0.261985 -0.207445
v 0.063794 0.260034 -0.209582
v 0.062256 0.258393 -0.211578
v 0.060531 0.256890 -0.213511
v 0.062304 0.258358 -0.211594
v 0.064264 0.259687 -0.209740
v 0.066641 0.260707 -0.208027
v 0.069624 0.261279 -0.206519
v 0.073292 0.261343 -0.205241
v 0.077582 0.260946 -0.204173
v 0.082290 0.260241 -0.203246
v 0.087091 0.259466 -0.202350
v 0.091602 0.258906 -0.201357
v 0.095446 0.258840 -0.200138
v 0.098325 0.259489 -0.198595
v 0.100074 0.260974 -0.196670
v 0.100693 0.263296 -0.194364
v 0.100346 0.266334 -0.191733
v 0.099333 0.269864 -0.188877
v 0.098030 0.273610 -0.185923
v 0.096820 0.277286 -0.183001
v 0.096027 0.280654 -0.180220
v 0.095858 0.283560 -0.177648
v 0.096373 0.285959 -0.175307
v 0.097493 0.287910 -0.173171
v 0.099031 0.289552 -0.171175
f 7479 7480 7481
f 7479 7481 7480
f 7479 7481 7482
f 7479 7482 7481
f 7479 7482 7483
f 7479 7483 7482
f 7479 7483 7484
f 7479 7484 7483
f 7479 7484 7485
f 7479 7485 7484
f 7479 7485 7486
f 7479 7486 7485
f 7479 7486 7487
f 7479 7487 7486
f 7479 7487 7488
f 7479 7488 7487
f 7479 7488 7489
f 7479 7489 7488
f 7479 7489 7490
f 7479 7490 7489
f 7479 7490 7491
f 7479 7491 7490
f 7479 7491 7492
f 7479 7492 7491
f 7479 7492 7493
f 7479 7493 7492
f 7479 7493 7494
f 7479 7494 7493
f 7479 7494 7495
f 7479 7495 7494
f 7479 7495 7496
f 7479 7496 7495
f 7479 7496 7497
f 7479 7497 7496
f 7479 7497 7498
f 7479 7498 7497
f 7479 7498 7499
f 7479 7499 7498
f 7479 7499 7500
f 7479 7500 7499
f 7479 7500 7501
f 7479 7501 7500
f 7479 7501 7502
f 7479 7502 7501
f 7479 7502 7503
f 7479 7503 7502
f 7479 7503 7504
f 7479 7504 7503
f 7479 7504 7505
f 7479 7505 7504
f 7479 7505 7506
f 7479 7506 7505
f 7479 7506 7507
f 7479 7507 7506
f 7479 7507 7508
f 7479 7508 7507
f 7479 7508 7509
f 7479 7509 7508
f 7479 7509 7510
f 7479 7510 7509
f 7479 7510 7511
f 7479 7511 7510
f 7479 7511 7512
f 7479 7512 7511
f 7479 7512 7513
f 7479 7513 7512
f 7479 7513 7514
f 7479 7514 7513
f 7479 7514 7515
f 7479 7515 7514
f 7479 7515 7516
f 7479 7516 7515
f 7479 7516 7517
f 7479 7517 7516
f 7479 7517 7518
f 7479 7518 7517
f 7479 7518 7519
f 7479 7519 7518
f 7479 7519 7520
f 7479 7520 7519
f 7479 7520 7521
f 7479 7521 7520
f 7479 7521 7522
f 7479 7522 7521
f 7479 7522 7523
f 7479 7523 7522
f 7479 7523 7524
f 7479 7524 7523
o part_215
v 0.100756 0.291055 -0.169242
v 0.102696 0.289811 -0.167273
v 0.104942 0.288134 -0.165783
v 0.107526 0.285980 -0.164822
v 0.110419 0.283388 -0.164347
v 0.113553 0.280457 -0.164247
v 0.116828 0.277326 -0.164369
v 0.120126 0.274163 -0.164526
v 0.123322 0.271144 -0.164525
v 0.126298 0.268436 -0.164178
v 0.128952 0.266182 -0.163328
v 0.131212 0.264485 -0.161860
v 0.133039 0.263400 -0.159714
v 0.134433 0.262927 -0.156891
v 0.135432 0.263012 -0.153449
v 0.136111 0.263550 -0.149505
v 0.136568 0.264400 -0.145215
v 0.136924 0.265394 -0.140766
v 0.137303 0.266355 -0.136353
v 0.137823 0.267117 -0.132161
v 0.138584 0.267539 -0.128346
v 0.139654 0.267523 -0.125015
v 0.141062 0.267031 -0.122213
v 0.142776 0.266105 -0.119891
v 0.140837 0.267349 -0.121861
v 0.138591 0.269026 -0.123350
v 0.136007 0.271180 -0.124311
v 0.133114 0.273772 -0.124787
v 0.129980 0.276703 -0.124886
v 0.126705 0.279834 -0.124765
v 0.123407 0.282997 -0.124607
v 0.120211 0.286016 -0.124609
v 0.117235 0.288724 -0.124956
v 0.114581 0.290978 -0.125806
v 0.112321 0.292675 -0.127273
v 0.110494 0.293760 -0.129419
v 0.109100 0.294233 -0.132243
v 0.108100 0.294148 -0.135684
v 0.107422 0.293610 -0.139629
v 0.106964 0.292760 -0.143918
v 0.106608 0.291766 -0.148367
v 0.106229 0.290805 -0.152780
v 0.105709 0.290043 -0.156972
v 0.104949 0.289621 -0.160788
v 0.103879 0.289636 -0.164118
v 0.102471 0.290129 -0.166920
f 7525 7526 7527
f 7525 7527 7526
f 7525 7527 7528
f 7525 7528 7527
f 7525 7528 7529
f 7525 7529 7528
f 7525 7529 7530
f 7525 7530 7529
f 7525 7530 7531
f 7525 7531 7530
f 7525 7531 7532
f 7525 7532 7531
f 7525 7532 7533
f 7525 7533 7532
f 7525 7533 7534
f 7525 7534 7533
f 7525 7534 7535
f 7525 7535 7534
f 7525 7535 7536
f 7525 7536 7535
f 7525 7536 7537
f 7525 7537 7536
f 7525 7537 7538
f 7525 7538 7537
f 7525 7538 7539
f 7525 7539 7538
f 7525 7539 7540
f 7525 7540 7539
f 7525 7540 7541
f 7525 7541 7540
f 7525 7541 7542
f 7525 7542 7541
f 7525 7542 7543
f 7525 7543 7542
f 7525 7543 7544
f 7525 7544 7543
f 7525 7544 7545
f 7525 7545 7544
f 7525 7545 7546
f 7525 7546 7545
f 7525 7546 7547
f 7525 7547 7546
f 7525 7547 7548
f 7525 7548 7547
f 7525 7548 7549
f 7525 7549 7548
f 7525 7549 7550
f 7525 7550 7549
f 7525 7550 7551
f 7525 7551 7550
f 7525 7551 7552
f 7525 7552 7551
f 7525 7552 7553
f 7525 7553 7552
f 7525 7553 7554
f 7525 7554 7553
f 7525 7554 7555
f 7525 7555 7554
f 7525 7555 7556
f 7525 7556 7555
f 7525 7556 7557
f 7525 7557 7556
f 7525 7557 7558
f 7525 7558 7557
f 7525 7558 7559
f 7525 7559 7558
f 7525 7559 7560
f 7525 7560 7559
f 7525 7560 7561
f 7525 7561 7560
f 7525 7561 7562
f 7525 7562 7561
f 7525 7562 7563
f 7525 7563 7562
f 7525 7563 7564
f 7525 7564 7563
f 7525 7564 7565
f 7525 7565 7564
f 7525 7565 7566
f 7525 7566 7565
f 7525 7566 7567
f 7525 7567 7566
f 7525 7567 7568
f 7525 7568 7567
f 7525 7568 7569
f 7525 7569 7568
f 7525 7569 7570
f 7525 7570 7569
o part_216
v 0.089143 0.258055 -0.132165
v 0.087801 0.261692 -0.131053
v 0.087548 0.263728 -0.127535
v 0.088225 0.263728 -0.123600
v 0.089640 0.261692 -0.120370
v 0.091277 0.258055 -0.119770
v 0.092619 0.254419 -0.120882
v 0.092872 0.252383 -0.124401
v 0.092195 0.252383 -0.128335
v 0.090780 0.254419 -0.131566
v 0.123149 0.272254 -0.135978
v 0.122236 0.274727 -0.135222
v 0.122064 0.276112 -0.132829
v 0.122524 0.276112 -0.130154
v 0.123487 0.274727 -0.127957
v 0.124600 0.272254 -0.127549
v 0.125513 0.269781 -0.128306
v 0.125685 0.268397 -0.130698
v 0.125224 0.268397 -0.133373
v 0.124262 0.269781 -0.135570
f 7571 7572 7582
f 7571 7582 7581
f 7572 7573 7583
f 7572 7583 7582
f 7573 7574 7584
f 7573 7584 7583
f 7574 7575 7585
f 7574 7585 7584
f 7575 7576 7586
f 7575 7586 7585
f 7576 7577 7587
f 7576 7587 7586
f 7577 7578 7588
f 7577 7588 7587
f 7578 7579 7589
f 7578 7589 7588
f 7579 7580 7590
f 7579 7590 7589
f 7580 7571 7581
f 7580 7581 7590
o part_217
v 0.123874 0.272254 -0.131764
v 0.123175 0.271878 -0.133868
v 0.122372 0.271743 -0.135987
v 0.121379 0.272047 -0.138131
v 0.120146 0.272907 -0.140309
v 0.118669 0.274331 -0.142519
v 0.116991 0.276219 -0.144758
v 0.115200 0.278371 -0.147012
v 0.113410 0.280520 -0.149265
v 0.111750 0.282369 -0.151501
v 0.110338 0.283642 -0.153703
v 0.109267 0.284128 -0.155859
v 0.108586 0.283709 -0.157960
v 0.108295 0.282387 -0.160009
v 0.108345 0.280276 -0.162010
v 0.108644 0.277590 -0.163978
v 0.109072 0.274605 -0.165928
v 0.109501 0.271616 -0.167878
v 0.109817 0.268891 -0.169843
v 0.109932 0.266629 -0.171836
v 0.109803 0.264933 -0.173862
v 0.109434 0.263791 -0.175921
v 0.108876 0.263089 -0.178006
v 0.108213 0.262629 -0.180105
v 0.108912 0.263005 -0.178001
v 0.109716 0.263140 -0.175882
v 0.110709 0.262836 -0.173738
v 0.111942 0.261976 -0.171560
v 0.113419 0.260552 -0.169350
v 0.115096 0.258664 -0.167111
v 0.116887 0.256511 -0.164857
v 0.118677 0.254363 -0.162604
v 0.120338 0.252514 -0.160368
v 0.121749 0.251240 -0.158166
v 0.122821 0.250755 -0.156010
v 0.123502 0.251174 -0.153909
v 0.123792 0.252496 -0.151860
v 0.123742 0.254607 -0.149859
v 0.123444 0.257293 -0.147891
v 0.123016 0.260278 -0.145941
v 0.122586 0.263267 -0.143991
v 0.122271 0.265992 -0.142026
v 0.122156 0.268254 -0.140033
v 0.122285 0.269950 -0.138007
v 0.122653 0.271092 -0.135948
v 0.123211 0.271794 -0.133863
f 7591 7592 7593
f 7591 7593 7592
f 7591 7593 7594
f 7591 7594 7593
f 7591 7594 7595
f 7591 7595 7594
f 7591 7595 7596
f 7591 7596 7595
f 7591 7596 7597
f 7591 7597 7596
f 7591 7597 7598
f 7591 7598 7597
f 7591 7598 7599
f 7591 7599 7598
f 7591 7599 7600
f 7591 7600 7599
f 7591 7600 7601
f 7591 7601 7600
f 7591 7601 7602
f 7591 7602 7601
f 7591 7602 7603
f 7591 7603 7602
f 7591 7603 7604
f 7591 7604 7603
f 7591 7604 7605
f 7591 7605 7604
f 7591 7605 7606
f 7591 7606 7605
f 7591 7606 7607
f 7591 7607 7606
f 7591 7607 7608
f 7591 7608 7607
f 7591 7608 7609
f 7591 7609 7608
f 7591 7609 7610
f 7591 7610 7609
f 7591 7610 7611
f 7591 7611 7610
f 7591 7611 7612
f 7591 7612 7611
f 7591 7612 7613
f 7591 7613 7612
f 7591 7613 7614
f 7591 7614 7613
f 7591 7614 7615
f 7591 7615 7614
f 7591 7615 7616
f 7591 7616 7615
f 7591 7616 7617
f 7591 7617 7616
f 7591 7617 7618
f 7591 7618 7617
f 7591 7618 7619
f 7591 7619 7618
f 7591 7619 7620
f 7591 7620 7619
f 7591 7620 7621
f 7591 7621 7620
f 7591 7621 7622
f 7591 7622 7621
f 7591 7622 7623
f 7591 7623 7622
f 7591 7623 7624
f 7591 7624 7623
f 7591 7624 7625
f 7591 7625 7624
f 7591 7625 7626
f 7591 7626 7625
f 7591 7626 7627
f 7591 7627 7626
f 7591 7627 7628
f 7591 7628 7627
f 7591 7628 7629
f 7591 7629 7628
f 7591 7629 7630
f 7591 7630 7629
f 7591 7630 7631
f 7591 7631 7630
f 7591 7631 7632
f 7591 7632 7631
f 7591 7632 7633
f 7591 7633 7632
f 7591 7633 7634
f 7591 7634 7633
f 7591 7634 7635
f 7591 7635 7634
f 7591 7635 7636
f 7591 7636 7635
o part_218
v 0.123479 0.272254 -0.136022
v 0.124875 0.274569 -0.135558
v 0.125840 0.275865 -0.133309
v 0.126091 0.275865 -0.130606
v 0.125555 0.274569 -0.128218
v 0.124269 0.272254 -0.127506
v 0.122874 0.269939 -0.127969
v 0.121908 0.268643 -0.130218
v 0.121657 0.268643 -0.132921
v 0.122193 0.269939 -0.135309
v 0.142475 0.261231 -0.136410
v 0.143424 0.262805 -0.136094
v 0.144081 0.263687 -0.134565
v 0.144251 0.263687 -0.132727
v 0.143887 0.262805 -0.131103
v 0.143012 0.261231 -0.130619
v 0.142063 0.259657 -0.130934
v 0.141407 0.258776 -0.132463
v 0.141236 0.258776 -0.134301
v 0.141600 0.259657 -0.135925
f 7637 7638 7648
f 7637 7648 7647
f 7638 7639 7649
f 7638 7649 7648
f 7639 7640 7650
f 7639 7650 7649
f 7640 7641 7651
f 7640 7651 7650
f 7641 7642 7652
f 7641 7652 7651
f 7642 7643 7653
f 7642 7653 7652
f 7643 7644 7654
f 7643 7654 7653
f 7644 7645 7655
f 7644 7655 7654
f 7645 7646 7656
f 7645 7656 7655
f 7646 7637 7647
f 7646 7647 7656
o part_219
v 0.142744 0.261231 -0.133514
v 0.141595 0.261584 -0.135336
v 0.140568 0.262150 -0.137198
v 0.139765 0.263112 -0.139136
v 0.139247 0.264578 -0.141171
v 0.139022 0.266560 -0.143303
v 0.139039 0.268969 -0.145518
v 0.139195 0.271625 -0.147779
v 0.139352 0.274281 -0.150040
v 0.139356 0.276668 -0.152250
v 0.139063 0.278532 -0.154361
v 0.138363 0.279674 -0.156333
v 0.137193 0.279990 -0.158148
v 0.135556 0.279479 -0.159805
v 0.133510 0.278248 -0.161324
v 0.131168 0.276492 -0.162743
v 0.128673 0.274467 -0.164111
v 0.126178 0.272444 -0.165479
v 0.123824 0.270666 -0.166895
v 0.121711 0.269316 -0.168391
v 0.119890 0.268482 -0.169986
v 0.118355 0.268152 -0.171678
v 0.117044 0.268217 -0.173445
v 0.115854 0.268496 -0.175252
v 0.117003 0.268144 -0.173431
v 0.118029 0.267577 -0.171568
v 0.118833 0.266615 -0.169630
v 0.119350 0.265149 -0.167596
v 0.119576 0.263167 -0.165463
v 0.119559 0.260758 -0.163249
v 0.119403 0.258103 -0.160988
v 0.119246 0.255446 -0.158726
v 0.119242 0.253059 -0.156516
v 0.119534 0.251196 -0.154406
v 0.120235 0.250053 -0.152433
v 0.121404 0.249737 -0.150619
v 0.123042 0.250248 -0.148962
v 0.125087 0.251480 -0.147442
v 0.127430 0.253235 -0.146023
v 0.129925 0.255260 -0.144655
v 0.132419 0.257284 -0.143287
v 0.134774 0.259061 -0.141872
v 0.136887 0.260411 -0.140375
v 0.138707 0.261245 -0.138780
v 0.140243 0.261576 -0.137089
v 0.141554 0.261511 -0.135322
f 7657 7658 7659
f 7657 7659 7658
f 7657 7659 7660
f 7657 7660 7659
f 7657 7660 7661
f 7657 7661 7660
f 7657 7661 7662
f 7657 7662 7661
f 7657 7662 7663
f 7657 7663 7662
f 7657 7663 7664
f 7657 7664 7663
f 7657 7664 7665
f 7657 7665 7664
f 7657 7665 7666
f 7657 7666 7665
f 7657 7666 7667
f 7657 7667 7666
f 7657 7667 7668
f 7657 7668 7667
f 7657 7668 7669
f 7657 7669 7668
f 7657 7669 7670
f 7657 7670 7669
f 7657 7670 7671
f 7657 7671 7670
f 7657 7671 7672
f 7657 7672 7671
f 7657 7672 7673
f 7657 7673 7672
f 7657 7673 7674
f 7657 7674 7673
f 7657 7674 7675
f 7657 7675 7674
f 7657 7675 7676
f 7657 7676 7675
f 7657 7676 7677
f 7657 7677 7676
f 7657 7677 7678
f 7657 7678 7677
f 7657 7678 7679
f 7657 7679 7678
f 7657 7679 7680
f 7657 7680 7679
f 7657 7680 7681
f 7657 7681 7680
f 7657 7681 7682
f 7657 7682 7681
f 7657 7682 7683
f 7657 7683 7682
f 7657 7683 7684
f 7657 7684 7683
f 7657 7684 7685
f 7657 7685 7684
f 7657 7685 7686
f 7657 7686 7685
f 7657 7686 7687
f 7657 7687 7686
f 7657 7687 7688
f 7657 7688 7687
f 7657 7688 7689
f 7657 7689 7688
f 7657 7689 7690
f 7657 7690 7689
f 7657 7690 7691
f 7657 7691 7690
f 7657 7691 7692
f 7657 7692 7691
f 7657 7692 7693
f 7657 7693 7692
f 7657 7693 7694
f 7657 7694 7693
f 7657 7694 7695
f 7657 7695 7694
f 7657 7695 7696
f 7657 7696 7695
f 7657 7696 7697
f 7657 7697 7696
f 7657 7697 7698
f 7657 7698 7697
f 7657 7698 7699
f 7657 7699 7698
f 7657 7699 7700
f 7657 7700 7699
f 7657 7700 7701
f 7657 7701 7700
f 7657 7701 7702
f 7657 7702 7701
o part_220
v 0.120254 0.272254 -0.134039
v 0.119808 0.274258 -0.132221
v 0.121250 0.275380 -0.130139
v 0.123549 0.275380 -0.128695
v 0.126049 0.274258 -0.128298
v 0.127495 0.272254 -0.129488
v 0.127940 0.270251 -0.131307
v 0.126498 0.269129 -0.133388
v 0.124200 0.269129 -0.134833
v 0.121699 0.270251 -0.135229
v 0.130020 0.286600 -0.147006
v 0.129717 0.287962 -0.145770
v 0.130697 0.288725 -0.144354
v 0.132260 0.288725 -0.143372
v 0.133961 0.287962 -0.143102
v 0.134944 0.286600 -0.143911
v 0.135247 0.285237 -0.145148
v 0.134266 0.284474 -0.146564
v 0.132703 0.284474 -0.147546
v 0.131003 0.285237 -0.147815
f 7703 7704 7714
f 7703 7714 7713
f 7704 7705 7715
f 7704 7715 7714
f 7705 7706 7716
f 7705 7716 7715
f 7706 7707 7717
f 7706 7717 7716
f 7707 7708 7718
f 7707 7718 7717
f 7708 7709 7719
f 7708 7719 7718
f 7709 7710 7720
f 7709 7720 7719
f 7710 7711 7721
f 7710 7721 7720
f 7711 7712 7722
f 7711 7722 7721
f 7712 7703 7713
f 7712 7713 7722
o part_221
v 0.132482 0.286600 -0.145459
v 0.130628 0.285880 -0.146234
v 0.128661 0.285327 -0.146905
v 0.126478 0.285095 -0.147377
v 0.124012 0.285283 -0.147586
v 0.121247 0.285913 -0.147519
v 0.118230 0.286917 -0.147220
v 0.115061 0.288145 -0.146781
v 0.111883 0.289389 -0.146332
v 0.108853 0.290412 -0.146021
v 0.106121 0.290993 -0.145985
v 0.103805 0.290958 -0.146334
v 0.101969 0.290212 -0.147125
v 0.100612 0.288756 -0.148359
v 0.099670 0.286684 -0.149978
v 0.099028 0.284169 -0.151872
v 0.098533 0.281434 -0.153904
v 0.098029 0.278714 -0.155926
v 0.097373 0.276218 -0.157808
v 0.096465 0.274097 -0.159457
v 0.095259 0.272417 -0.160831
v 0.093769 0.271158 -0.161942
v 0.092062 0.270220 -0.162854
v 0.090243 0.269447 -0.163661
v 0.092098 0.270167 -0.162886
v 0.094064 0.270720 -0.162215
v 0.096247 0.270953 -0.161744
v 0.098713 0.270764 -0.161534
v 0.101478 0.270134 -0.161601
v 0.104495 0.269130 -0.161900
v 0.107664 0.267902 -0.162339
v 0.110842 0.266658 -0.162788
v 0.113873 0.265635 -0.163100
v 0.116604 0.265054 -0.163135
v 0.118920 0.265089 -0.162787
v 0.120756 0.265835 -0.161995
v 0.122113 0.267291 -0.160761
v 0.123055 0.269364 -0.159143
v 0.123698 0.271879 -0.157248
v 0.124192 0.274614 -0.155217
v 0.124696 0.277333 -0.153195
v 0.125352 0.279829 -0.151312
v 0.126260 0.281951 -0.149663
v 0.127466 0.283630 -0.148290
v 0.128957 0.284889 -0.147178
v 0.130663 0.285828 -0.146267
f 7723 7724 7725
f 7723 7725 7724
f 7723 7725 7726
f 7723 7726 7725
f 7723 7726 7727
f 7723 7727 7726
f 7723 7727 7728
f 7723 7728 7727
f 7723 7728 7729
f 7723 7729 7728
f 7723 7729 7730
f 7723 7730 7729
f 7723 7730 7731
f 7723 7731 7730
f 7723 7731 7732
f 7723 7732 7731
f 7723 7732 7733
f 7723 7733 7732
f 7723 7733 7734
f 7723 7734 7733
f 7723 7734 7735
f 7723 7735 7734
f 7723 7735 7736
f 7723 7736 7735
f 7723 7736 7737
f 7723 7737 7736
f 7723 7737 7738
f 7723 7738 7737
f 7723 7738 7739
f 7723 7739 7738
f 7723 7739 7740
f 7723 7740 7739
f 7723 7740 7741
f 7723 7741 7740
f 7723 7741 7742
f 7723 7742 7741
f 7723 7742 7743
f 7723 7743 7742
f 7723 7743 7744
f 7723 7744 7743
f 7723 7744 7745
f 7723 7745 7744
f 7723 7745 7746
f 7723 7746 7745
f 7723 7746 7747
f 7723 7747 7746
f 7723 7747 7748
f 7723 7748 7747
f 7723 7748 7749
f 7723 7749 7748
f 7723 7749 7750
f 7723 7750 7749
f 7723 7750 7751
f 7723 7751 7750
f 7723 7751 7752
f 7723 7752 7751
f 7723 7752 7753
f 7723 7753 7752
f 7723 7753 7754
f 7723 7754 7753
f 7723 7754 7755
f 7723 7755 7754
f 7723 7755 7756
f 7723 7756 7755
f 7723 7756 7757
f 7723 7757 7756
f 7723 7757 7758
f 7723 7758 7757
f 7723 7758 7759
f 7723 7759 7758
f 7723 7759 7760
f 7723 7760 7759
f 7723 7760 7761
f 7723 7761 7760
f 7723 7761 7762
f 7723 7762 7761
f 7723 7762 7763
f 7723 7763 7762
f 7723 7763 7764
f 7723 7764 7763
f 7723 7764 7765
f 7723 7765 7764
f 7723 7765 7766
f 7723 7766 7765
f 7723 7766 7767
f 7723 7767 7766
f 7723 7767 7768
f 7723 7768 7767
o part_222
v 0.127456 0.272254 -0.134100
v 0.126207 0.274548 -0.134934
v 0.123834 0.275833 -0.134310
v 0.121560 0.275833 -0.132827
v 0.120033 0.274548 -0.130907
v 0.120293 0.272254 -0.129427
v 0.121542 0.269960 -0.128593
v 0.123915 0.268675 -0.129217
v 0.126188 0.268675 -0.130700
v 0.127716 0.269960 -0.132620
v 0.137208 0.284265 -0.116644
v 0.136359 0.285825 -0.117211
v 0.134745 0.286698 -0.116787
v 0.133199 0.286698 -0.115778
v 0.132160 0.285825 -0.114473
v 0.132337 0.284265 -0.113467
v 0.133186 0.282705 -0.112899
v 0.134800 0.281831 -0.113324
v 0.136346 0.281831 -0.114332
v 0.137385 0.282705 -0.115638
f 7769 7770 7780
f 7769 7780 7779
f 7770 7771 7781
f 7770 7781 7780
f 7771 7772 7782
f 7771 7782 7781
f 7772 7773 7783
f 7772 7783 7782
f 7773 7774 7784
f 7773 7784 7783
f 7774 7775 7785
f 7774 7785 7784
f 7775 7776 7786
f 7775 7786 7785
f 7776 7777 7787
f 7776 7787 7786
f 7777 7778 7788
f 7777 7788 7787
f 7778 7769 7779
f 7778 7779 7788
o part_223
v 0.134773 0.284265 -0.115055
v 0.136285 0.283611 -0.117068
v 0.137707 0.283347 -0.119302
v 0.139002 0.283630 -0.121847
v 0.140162 0.284496 -0.124722
v 0.141202 0.285880 -0.127891
v 0.142157 0.287630 -0.131268
v 0.143078 0.289528 -0.134729
v 0.144022 0.291323 -0.138132
v 0.145050 0.292759 -0.141330
v 0.146214 0.293608 -0.144195
v 0.147553 0.293700 -0.146632
v 0.149089 0.292947 -0.148588
v 0.150821 0.291347 -0.150064
v 0.152729 0.288990 -0.151110
v 0.154773 0.286048 -0.151824
v 0.156900 0.282745 -0.152334
v 0.159051 0.279339 -0.152785
v 0.161168 0.276082 -0.153320
v 0.163199 0.273191 -0.154063
v 0.165111 0.270818 -0.155100
v 0.166887 0.269027 -0.156468
v 0.168537 0.267783 -0.158146
v 0.170096 0.266930 -0.160046
v 0.168583 0.267584 -0.158033
v 0.167161 0.267847 -0.155799
v 0.165866 0.267564 -0.153254
v 0.164706 0.266698 -0.150379
v 0.163666 0.265314 -0.147210
v 0.162711 0.263565 -0.143833
v 0.161791 0.261666 -0.140372
v 0.160846 0.259871 -0.136969
v 0.159819 0.258436 -0.133771
v 0.158655 0.257587 -0.130905
v 0.157315 0.257494 -0.128469
v 0.155779 0.258248 -0.126513
v 0.154047 0.259848 -0.125037
v 0.152140 0.262204 -0.123990
v 0.150096 0.265147 -0.123277
v 0.147969 0.268450 -0.122767
v 0.145817 0.271856 -0.122316
v 0.143701 0.275112 -0.121781
v 0.141669 0.278004 -0.121038
v 0.139757 0.280377 -0.120001
v 0.137981 0.282167 -0.118633
v 0.136331 0.283412 -0.116955
f 7789 7790 7791
f 7789 7791 7790
f 7789 7791 7792
f 7789 7792 7791
f 7789 7792 7793
f 7789 7793 7792
f 7789 7793 7794
f 7789 7794 7793
f 7789 7794 7795
f 7789 7795 7794
f 7789 7795 7796
f 7789 7796 7795
f 7789 7796 7797
f 7789 7797 7796
f 7789 7797 7798
f 7789 7798 7797
f 7789 7798 7799
f 7789 7799 7798
f 7789 7799 7800
f 7789 7800 7799
f 7789 7800 7801
f 7789 7801 7800
f 7789 7801 7802
f 7789 7802 7801
f 7789 7802 7803
f 7789 7803 7802
f 7789 7803 7804
f 7789 7804 7803
f 7789 7804 7805
f 7789 7805 7804
f 7789 7805 7806
f 7789 7806 7805
f 7789 7806 7807
f 7789 7807 7806
f 7789 7807 7808
f 7789 7808 7807
f 7789 7808 7809
f 7789 7809 7808
f 7789 7809 7810
f 7789 7810 7809
f 7789 7810 7811
f 7789 7811 7810
f 7789 7811 7812
f 7789 7812 7811
f 7789 7812 7813
f 7789 7813 7812
f 7789 7813 7814
f 7789 7814 7813
f 7789 7814 7815
f 7789 7815 7814
f 7789 7815 7816
f 7789 7816 7815
f 7789 7816 7817
f 7789 7817 7816
f 7789 7817 7818
f 7789 7818 7817
f 7789 7818 7819
f 7789 7819 7818
f 7789 7819 7820
f 7789 7820 7819
f 7789 7820 7821
f 7789 7821 7820
f 7789 7821 7822
f 7789 7822 7821
f 7789 7822 7823
f 7789 7823 7822
f 7789 7823 7824
f 7789 7824 7823
f 7789 7824 7825
f 7789 7825 7824
f 7789 7825 7826
f 7789 7826 7825
f 7789 7826 7827
f 7789 7827 7826
f 7789 7827 7828
f 7789 7828 7827
f 7789 7828 7829
f 7789 7829 7828
f 7789 7829 7830
f 7789 7830 7829
f 7789 7830 7831
f 7789 7831 7830
f 7789 7831 7832
f 7789 7832 7831
f 7789 7832 7833
f 7789 7833 7832
f 7789 7833 7834
f 7789 7834 7833
o part_224
v 0.134773 0.284265 -0.115055
v 0.132895 0.283269 -0.113888
v 0.131154 0.282071 -0.112665
v 0.129680 0.280479 -0.111333
v 0.128560 0.278363 -0.109855
v 0.127815 0.275694 -0.108224
v 0.127389 0.272554 -0.106462
v 0.127156 0.269128 -0.104622
v 0.126939 0.265678 -0.102774
v 0.126538 0.262500 -0.101002
v 0.125764 0.259874 -0.099383
v 0.124468 0.258020 -0.097977
v 0.122569 0.257055 -0.096819
v 0.120067 0.256982 -0.095908
v 0.117043 0.257679 -0.095210
v 0.113645 0.258929 -0.094666
v 0.110064 0.260450 -0.094197
v 0.106498 0.261947 -0.093721
v 0.103127 0.263158 -0.093166
v 0.100074 0.263899 -0.092481
v 0.097395 0.264086 -0.091642
v 0.095070 0.263750 -0.090658
v 0.093013 0.263019 -0.089564
v 0.091093 0.262086 -0.088415
v 0.092971 0.263082 -0.089582
v 0.094712 0.264280 -0.090805
v 0.096185 0.265873 -0.092137
v 0.097305 0.267989 -0.093615
v 0.098050 0.270658 -0.095246
v 0.098477 0.273797 -0.097008
v 0.098710 0.277223 -0.098849
v 0.098927 0.280673 -0.100696
v 0.099327 0.283851 -0.102468
v 0.100101 0.286477 -0.104088
v 0.101398 0.288332 -0.105493
v 0.103297 0.289296 -0.106651
v 0.105799 0.289370 -0.107562
v 0.108823 0.288672 -0.108260
v 0.112220 0.287423 -0.108804
v 0.115802 0.285902 -0.109273
v 0.119367 0.284404 -0.109749
v 0.122739 0.283193 -0.110304
v 0.125792 0.282453 -0.110989
v 0.128470 0.282265 -0.111828
v 0.130795 0.282601 -0.112812
v 0.132852 0.283332 -0.113906
f 7835 7836 7837
f 7835 7837 7836
f 7835 7837 7838
f 7835 7838 7837
f 7835 7838 7839
f 7835 7839 7838
f 7835 7839 7840
f 7835 7840 7839
f 7835 7840 7841
f 7835 7841 7840
f 7835 7841 7842
f 7835 7842 7841
f 7835 7842 7843
f 7835 7843 7842
f 7835 7843 7844
f 7835 7844 7843
f 7835 7844 7845
f 7835 7845 7844
f 7835 7845 7846
f 7835 7846 7845
f 7835 7846 7847
f 7835 7847 7846
f 7835 7847 7848
f 7835 7848 7847
f 7835 7848 7849
f 7835 7849 7848
f 7835 7849 7850
f 7835 7850 7849
f 7835 7850 7851
f 7835 7851 7850
f 7835 7851 7852
f 7835 7852 7851
f 7835 7852 7853
f 7835 7853 7852
f 7835 7853 7854
f 7835 7854 7853
f 7835 7854 7855
f 7835 7855 7854
f 7835 7855 7856
f 7835 7856 7855
f 7835 7856 7857
f 7835 7857 7856
f 7835 7857 7858
f 7835 7858 7857
f 7835 7858 7859
f 7835 7859 7858
f 7835 7859 7860
f 7835 7860 7859
f 7835 7860 7861
f 7835 7861 7860
f 7835 7861 7862
f 7835 7862 7861
f 7835 7862 7863
f 7835 7863 7862
f 7835 7863 7864
f 7835 7864 7863
f 7835 7864 7865
f 7835 7865 7864
f 7835 7865 7866
f 7835 7866 7865
f 7835 7866 7867
f 7835 7867 7866
f 7835 7867 7868
f 7835 7868 7867
f 7835 7868 7869
f 7835 7869 7868
f 7835 7869 7870
f 7835 7870 7869
f 7835 7870 7871
f 7835 7871 7870
f 7835 7871 7872
f 7835 7872 7871
f 7835 7872 7873
f 7835 7873 7872
f 7835 7873 7874
f 7835 7874 7873
f 7835 7874 7875
f 7835 7875 7874
f 7835 7875 7876
f 7835 7876 7875
f 7835 7876 7877
f 7835 7877 7876
f 7835 7877 7878
f 7835 7878 7877
f 7835 7878 7879
f 7835 7879 7878
f 7835 7879 7880
f 7835 7880 7879
o part_225
v 0.041636 0.282732 -0.079324
v 0.044105 0.286060 -0.075081
v 0.049659 0.287923 -0.073832
v 0.055326 0.287923 -0.075364
v 0.059495 0.286060 -0.079240
v 0.059492 0.282732 -0.084148
v 0.057023 0.279404 -0.088391
v 0.051469 0.277540 -0.089639
v 0.045801 0.277540 -0.088108
v 0.041633 0.279404 -0.084232
v 0.034378 0.337959 -0.117530
v 0.036057 0.340222 -0.114645
v 0.039834 0.341489 -0.113796
v 0.043688 0.341489 -0.114837
v 0.046523 0.340222 -0.117473
v 0.046520 0.337959 -0.120810
v 0.044841 0.335696 -0.123695
v 0.041065 0.334429 -0.124545
v 0.037211 0.334429 -0.123503
v 0.034376 0.335696 -0.120868
f 7881 7882 7892
f 7881 7892 7891
f 7882 7883 7893
f 7882 7893 7892
f 7883 7884 7894
f 7883 7894 7893
f 7884 7885 7895
f 7884 7895 7894
f 7885 7886 7896
f 7885 7896 7895
f 7886 7887 7897
f 7886 7897 7896
f 7887 7888 7898
f 7887 7898 7897
f 7888 7889 7899
f 7888 7899 7898
f 7889 7890 7900
f 7889 7900 7899
f 7890 7881 7891
f 7890 7891 7900
o part_226
v 0.034471 0.337959 -0.117218
v 0.035633 0.341746 -0.116460
v 0.039076 0.343866 -0.116947
v 0.042871 0.343866 -0.118186
v 0.045938 0.341746 -0.119825
v 0.046427 0.337959 -0.121122
v 0.045266 0.334173 -0.121881
v 0.041823 0.332052 -0.121394
v 0.038028 0.332052 -0.120154
v 0.034961 0.334173 -0.118516
v 0.024912 0.348515 -0.152974
v 0.025702 0.351090 -0.152458
v 0.028043 0.352532 -0.152790
v 0.030624 0.352532 -0.153632
v 0.032709 0.351090 -0.154747
v 0.033042 0.348515 -0.155629
v 0.032253 0.345940 -0.156145
v 0.029911 0.344498 -0.155814
v 0.027331 0.344498 -0.154971
v 0.025245 0.345940 -0.153857
f 7901 7902 7912
f 7901 7912 7911
f 7902 7903 7913
f 7902 7913 7912
f 7903 7904 7914
f 7903 7914 7913
f 7904 7905 7915
f 7904 7915 7914
f 7905 7906 7916
f 7905 7916 7915
f 7906 7907 7917
f 7906 7917 7916
f 7907 7908 7918
f 7907 7918 7917
f 7908 7909 7919
f 7908 7919 7918
f 7909 7910 7920
f 7909 7920 7919
f 7910 7901 7911
f 7910 7911 7920
o part_227
v 0.028977 0.348515 -0.154302
v 0.027345 0.348385 -0.152409
v 0.025769 0.348607 -0.150428
v 0.024282 0.349387 -0.148309
v 0.022897 0.350811 -0.146030
v 0.021610 0.352847 -0.143599
v 0.020396 0.355348 -0.141052
v 0.019219 0.358078 -0.138448
v 0.018032 0.360745 -0.135860
v 0.016786 0.363039 -0.133364
v 0.015436 0.364680 -0.131031
v 0.013948 0.365455 -0.128913
v 0.012304 0.365251 -0.127039
v 0.010504 0.364067 -0.125408
v 0.008567 0.362017 -0.123992
v 0.006526 0.359314 -0.122738
v 0.004426 0.356239 -0.121577
v 0.002315 0.353099 -0.120432
v 0.000241 0.350189 -0.119230
v -0.001759 0.347745 -0.117912
v -0.003662 0.345912 -0.116442
v -0.005462 0.344723 -0.114812
v -0.007174 0.344092 -0.113044
v -0.008830 0.343813 -0.111188
v -0.007198 0.343943 -0.113081
v -0.005622 0.343721 -0.115062
v -0.004135 0.342941 -0.117181
v -0.002750 0.341517 -0.119460
v -0.001462 0.339482 -0.121891
v -0.000249 0.336980 -0.124438
v 0.000928 0.334250 -0.127042
v 0.002115 0.331583 -0.129630
v 0.003362 0.329289 -0.132125
v 0.004712 0.327649 -0.134458
v 0.006200 0.326873 -0.136576
v 0.007844 0.327078 -0.138451
v 0.009643 0.328262 -0.140082
v 0.011581 0.330312 -0.141498
v 0.013622 0.333014 -0.142751
v 0.015722 0.336090 -0.143912
v 0.017833 0.339229 -0.145058
v 0.019907 0.342139 -0.146260
v 0.021907 0.344583 -0.147578
v 0.023810 0.346416 -0.149047
v 0.025610 0.347605 -0.150677
v 0.027322 0.348236 -0.152446
f 7921 7922 7923
f 7921 7923 7922
f 7921 7923 7924
f 7921 7924 7923
f 7921 7924 7925
f 7921 7925 7924
f 7921 7925 7926
f 7921 7926 7925
f 7921 7926 7927
f 7921 7927 7926
f 7921 7927 7928
f 7921 7928 7927
f 7921 7928 7929
f 7921 7929 7928
f 7921 7929 7930
f 7921 7930 7929
f 7921 7930 7931
f 7921 7931 7930
f 7921 7931 7932
f 7921 7932 7931
f 7921 7932 7933
f 7921 7933 7932
f 7921 7933 7934
f 7921 7934 7933
f 7921 7934 7935
f 7921 7935 7934
f 7921 7935 7936
f 7921 7936 7935
f 7921 7936 7937
f 7921 7937 7936
f 7921 7937 7938
f 7921 7938 7937
f 7921 7938 7939
f 7921 7939 7938
f 7921 7939 7940
f 7921 7940 7939
f 7921 7940 7941
f 7921 7941 7940
f 7921 7941 7942
f 7921 7942 7941
f 7921 7942 7943
f 7921 7943 7942
f 7921 7943 7944
f 7921 7944 7943
f 7921 7944 7945
f 7921 7945 7944
f 7921 7945 7946
f 7921 7946 7945
f 7921 7946 7947
f 7921 7947 7946
f 7921 7947 7948
f 7921 7948 7947
f 7921 7948 7949
f 7921 7949 7948
f 7921 7949 7950
f 7921 7950 7949
f 7921 7950 7951
f 7921 7951 7950
f 7921 7951 7952
f 7921 7952 7951
f 7921 7952 7953
f 7921 7953 7952
f 7921 7953 7954
f 7921 7954 7953
f 7921 7954 7955
f 7921 7955 7954
f 7921 7955 7956
f 7921 7956 7955
f 7921 7956 7957
f 7921 7957 7956
f 7921 7957 7958
f 7921 7958 7957
f 7921 7958 7959
f 7921 7959 7958
f 7921 7959 7960
f 7921 7960 7959
f 7921 7960 7961
f 7921 7961 7960
f 7921 7961 7962
f 7921 7962 7961
f 7921 7962 7963
f 7921 7963 7962
f 7921 7963 7964
f 7921 7964 7963
f 7921 7964 7965
f 7921 7965 7964
f 7921 7965 7966
f 7921 7966 7965
o part_228
v 0.028977 0.348515 -0.154302
v 0.031722 0.348668 -0.154349
v 0.034669 0.348065 -0.154691
v 0.037773 0.346872 -0.155260
v 0.040994 0.345247 -0.155998
v 0.044284 0.343361 -0.156836
v 0.047596 0.341393 -0.157707
v 0.050883 0.339522 -0.158540
v 0.054097 0.337918 -0.159269
v 0.057201 0.336732 -0.159836
v 0.060160 0.336084 -0.160195
v 0.062951 0.336060 -0.160311
v 0.065565 0.336704 -0.160169
v 0.067999 0.338016 -0.159767
v 0.070266 0.339952 -0.159123
v 0.072389 0.342427 -0.158270
v 0.074400 0.345319 -0.157255
v 0.076340 0.348478 -0.156137
v 0.078254 0.351735 -0.154981
v 0.080190 0.354909 -0.153857
v 0.082196 0.357822 -0.152835
v 0.084317 0.360303 -0.151980
v 0.086596 0.362195 -0.151353
v 0.089078 0.363329 -0.151020
v 0.086333 0.363176 -0.150972
v 0.083386 0.363779 -0.150631
v 0.080281 0.364973 -0.150061
v 0.077061 0.366597 -0.149324
v 0.073771 0.368483 -0.148485
v 0.070459 0.370451 -0.147615
v 0.067172 0.372322 -0.146782
v 0.063957 0.373926 -0.146053
v 0.060854 0.375113 -0.145485
v 0.057895 0.375761 -0.145127
v 0.055103 0.375785 -0.145010
v 0.052490 0.375141 -0.145153
v 0.050056 0.373828 -0.145555
v 0.047789 0.371892 -0.146199
v 0.045666 0.369417 -0.147052
v 0.043655 0.366525 -0.148066
v 0.041715 0.363366 -0.149184
v 0.039801 0.360110 -0.150340
v 0.037865 0.356936 -0.151464
v 0.035859 0.354023 -0.152487
v 0.033738 0.351541 -0.153342
v 0.031459 0.349650 -0.153969
f 7967 7968 7969
f 7967 7969 7968
f 7967 7969 7970
f 7967 7970 7969
f 7967 7970 7971
f 7967 7971 7970
f 7967 7971 7972
f 7967 7972 7971
f 7967 7972 7973
f 7967 7973 7972
f 7967 7973 7974
f 7967 7974 7973
f 7967 7974 7975
f 7967 7975 7974
f 7967 7975 7976
f 7967 7976 7975
f 7967 7976 7977
f 7967 7977 7976
f 7967 7977 7978
f 7967 7978 7977
f 7967 7978 7979
f 7967 7979 7978
f 7967 7979 7980
f 7967 7980 7979
f 7967 7980 7981
f 7967 7981 7980
f 7967 7981 7982
f 7967 7982 7981
f 7967 7982 7983
f 7967 7983 7982
f 7967 7983 7984
f 7967 7984 7983
f 7967 7984 7985
f 7967 7985 7984
f 7967 7985 7986
f 7967 7986 7985
f 7967 7986 7987
f 7967 7987 7986
f 7967 7987 7988
f 7967 7988 7987
f 7967 7988 7989
f 7967 7989 7988
f 7967 7989 7990
f 7967 7990 7989
f 7967 7990 7991
f 7967 7991 7990
f 7967 7991 7992
f 7967 7992 7991
f 7967 7992 7993
f 7967 7993 7992
f 7967 7993 7994
f 7967 7994 7993
f 7967 7994 7995
f 7967 7995 7994
f 7967 7995 7996
f 7967 7996 7995
f 7967 7996 7997
f 7967 7997 7996
f 7967 7997 7998
f 7967 7998 7997
f 7967 7998 7999
f 7967 7999 7998
f 7967 7999 8000
f 7967 8000 7999
f 7967 8000 8001
f 7967 8001 8000
f 7967 8001 8002
f 7967 8002 8001
f 7967 8002 8003
f 7967 8003 8002
f 7967 8003 8004
f 7967 8004 8003
f 7967 8004 8005
f 7967 8005 8004
f 7967 8005 8006
f 7967 8006 8005
f 7967 8006 8007
f 7967 8007 8006
f 7967 8007 8008
f 7967 8008 8007
f 7967 8008 8009
f 7967 8009 8008
f 7967 8009 8010
f 7967 8010 8009
f 7967 8010 8011
f 7967 8011 8010
f 7967 8011 8012
f 7967 8012 8011
o part_229
v 0.025245 0.348515 -0.152215
v 0.024930 0.350584 -0.153987
v 0.026498 0.351742 -0.155954
v 0.028868 0.351742 -0.157279
v 0.031365 0.350584 -0.157584
v 0.032710 0.348515 -0.156388
v 0.033024 0.346446 -0.154616
v 0.031456 0.345287 -0.152649
v 0.029087 0.345287 -0.151324
v 0.026590 0.346446 -0.151019
v 0.018876 0.335778 -0.166412
v 0.018662 0.337185 -0.167617
v 0.019728 0.337973 -0.168955
v 0.021339 0.337973 -0.169856
v 0.023037 0.337185 -0.170063
v 0.023952 0.335778 -0.169250
v 0.024166 0.334371 -0.168045
v 0.023100 0.333583 -0.166707
v 0.021488 0.333583 -0.165806
v 0.019790 0.334371 -0.165599
f 8013 8014 8024
f 8013 8024 8023
f 8014 8015 8025
f 8014 8025 8024
f 8015 8016 8026
f 8015 8026 8025
f 8016 8017 8027
f 8016 8027 8026
f 8017 8018 8028
f 8017 8028 8027
f 8018 8019 8029
f 8018 8029 8028
f 8019 8020 8030
f 8019 8030 8029
f 8020 8021 8031
f 8020 8031 8030
f 8021 8022 8032
f 8021 8032 8031
f 8022 8013 8023
f 8022 8023 8032
o part_230
v 0.021414 0.335778 -0.167831
v 0.019806 0.336188 -0.166446
v 0.018115 0.336803 -0.165208
v 0.016278 0.337782 -0.164230
v 0.014261 0.339211 -0.163576
v 0.012062 0.341091 -0.163245
v 0.009717 0.343336 -0.163175
v 0.007291 0.345783 -0.163251
v 0.004869 0.348218 -0.163318
v 0.002547 0.350407 -0.163208
v 0.000410 0.352132 -0.162766
v -0.001473 0.353227 -0.161871
v -0.003066 0.353599 -0.160459
v -0.004370 0.353250 -0.158530
v -0.005420 0.352270 -0.156148
v -0.006284 0.350827 -0.153434
v -0.007050 0.349137 -0.150543
v -0.007810 0.347435 -0.147644
v -0.008651 0.345935 -0.144889
v -0.009640 0.344800 -0.142397
v -0.010809 0.344116 -0.140227
v -0.012159 0.343883 -0.138381
v -0.013655 0.344013 -0.136795
v -0.015233 0.344348 -0.135356
v -0.013625 0.343939 -0.136742
v -0.011934 0.343323 -0.137979
v -0.010097 0.342344 -0.138957
v -0.008080 0.340916 -0.139612
v -0.005881 0.339036 -0.139943
v -0.003536 0.336791 -0.140012
v -0.001110 0.334343 -0.139936
v 0.001312 0.331908 -0.139869
v 0.003634 0.329719 -0.139979
v 0.005770 0.327994 -0.140421
v 0.007653 0.326900 -0.141316
v 0.009247 0.326527 -0.142728
v 0.010551 0.326876 -0.144657
v 0.011601 0.327856 -0.147039
v 0.012465 0.329299 -0.149753
v 0.013230 0.330989 -0.152644
v 0.013991 0.332692 -0.155543
v 0.014832 0.334192 -0.158298
v 0.015820 0.335326 -0.160791
v 0.016990 0.336010 -0.162960
v 0.018340 0.336243 -0.164806
v 0.019835 0.336113 -0.166392
f 8033 8034 8035
f 8033 8035 8034
f 8033 8035 8036
f 8033 8036 8035
f 8033 8036 8037
f 8033 8037 8036
f 8033 8037 8038
f 8033 8038 8037
f 8033 8038 8039
f 8033 8039 8038
f 8033 8039 8040
f 8033 8040 8039
f 8033 8040 8041
f 8033 8041 8040
f 8033 8041 8042
f 8033 8042 8041
f 8033 8042 8043
f 8033 8043 8042
f 8033 8043 8044
f 8033 8044 8043
f 8033 8044 8045
f 8033 8045 8044
f 8033 8045 8046
f 8033 8046 8045
f 8033 8046 8047
f 8033 8047 8046
f 8033 8047 8048
f 8033 8048 8047
f 8033 8048 8049
f 8033 8049 8048
f 8033 8049 8050
f 8033 8050 8049
f 8033 8050 8051
f 8033 8051 8050
f 8033 8051 8052
f 8033 8052 8051
f 8033 8052 8053
f 8033 8053 8052
f 8033 8053 8054
f 8033 8054 8053
f 8033 8054 8055
f 8033 8055 8054
f 8033 8055 8056
f 8033 8056 8055
f 8033 8056 8057
f 8033 8057 8056
f 8033 8057 8058
f 8033 8058 8057
f 8033 8058 8059
f 8033 8059 8058
f 8033 8059 8060
f 8033 8060 8059
f 8033 8060 8061
f 8033 8061 8060
f 8033 8061 8062
f 8033 8062 8061
f 8033 8062 8063
f 8033 8063 8062
f 8033 8063 8064
f 8033 8064 8063
f 8033 8064 8065
f 8033 8065 8064
f 8033 8065 8066
f 8033 8066 8065
f 8033 8066 8067
f 8033 8067 8066
f 8033 8067 8068
f 8033 8068 8067
f 8033 8068 8069
f 8033 8069 8068
f 8033 8069 8070
f 8033 8070 8069
f 8033 8070 8071
f 8033 8071 8070
f 8033 8071 8072
f 8033 8072 8071
f 8033 8072 8073
f 8033 8073 8072
f 8033 8073 8074
f 8033 8074 8073
f 8033 8074 8075
f 8033 8075 8074
f 8033 8075 8076
f 8033 8076 8075
f 8033 8076 8077
f 8033 8077 8076
f 8033 8077 8078
f 8033 8078 8077
o part_231
v 0.027757 0.348515 -0.150203
v 0.029522 0.350611 -0.150294
v 0.031082 0.351785 -0.152259
v 0.031856 0.351785 -0.154860
v 0.031627 0.350611 -0.157358
v 0.030198 0.348515 -0.158400
v 0.028432 0.346419 -0.158310
v 0.026873 0.345245 -0.156345
v 0.026098 0.345245 -0.153743
v 0.026328 0.346419 -0.151245
v 0.013330 0.360808 -0.155928
v 0.014531 0.362234 -0.155989
v 0.015591 0.363032 -0.157325
v 0.016118 0.363032 -0.159095
v 0.015961 0.362234 -0.160793
v 0.014990 0.360808 -0.161502
v 0.013789 0.359383 -0.161440
v 0.012729 0.358585 -0.160104
v 0.012202 0.358585 -0.158335
v 0.012358 0.359383 -0.156636
f 8079 8080 8090
f 8079 8090 8089
f 8080 8081 8091
f 8080 8091 8090
f 8081 8082 8092
f 8081 8092 8091
f 8082 8083 8093
f 8082 8093 8092
f 8083 8084 8094
f 8083 8094 8093
f 8084 8085 8095
f 8084 8095 8094
f 8085 8086 8096
f 8085 8096 8095
f 8086 8087 8097
f 8086 8097 8096
f 8087 8088 8098
f 8087 8098 8097
f 8088 8079 8089
f 8088 8089 8098
o part_232
v 0.014160 0.360808 -0.158715
v 0.013695 0.359654 -0.156331
v 0.013338 0.358669 -0.153841
v 0.013219 0.358052 -0.151120
v 0.013437 0.357960 -0.148071
v 0.014032 0.358454 -0.144654
v 0.014964 0.359474 -0.140907
v 0.016120 0.360840 -0.136944
v 0.017319 0.362274 -0.132937
v 0.018354 0.363453 -0.129091
v 0.019022 0.364060 -0.125603
v 0.019160 0.363844 -0.122631
v 0.018680 0.362667 -0.120262
v 0.017583 0.360529 -0.118494
v 0.015956 0.357569 -0.117243
v 0.013962 0.354036 -0.116350
v 0.011803 0.350247 -0.115618
v 0.009688 0.346528 -0.114842
v 0.007796 0.343154 -0.113849
v 0.006242 0.340306 -0.112527
v 0.005065 0.338044 -0.110837
v 0.004225 0.336307 -0.108819
v 0.003622 0.334938 -0.106570
v 0.003128 0.333739 -0.104214
v 0.003593 0.334893 -0.106598
v 0.003949 0.335878 -0.109088
v 0.004069 0.336495 -0.111809
v 0.003851 0.336587 -0.114858
v 0.003256 0.336093 -0.118275
v 0.002323 0.335073 -0.122022
v 0.001168 0.333708 -0.125985
v -0.000032 0.332273 -0.129992
v -0.001067 0.331094 -0.133838
v -0.001734 0.330487 -0.137326
v -0.001872 0.330703 -0.140298
v -0.001392 0.331880 -0.142667
v -0.000295 0.334018 -0.144435
v 0.001331 0.336978 -0.145686
v 0.003326 0.340511 -0.146579
v 0.005485 0.344300 -0.147311
v 0.007599 0.348020 -0.148087
v 0.009492 0.351393 -0.149080
v 0.011046 0.354241 -0.150402
v 0.012223 0.356503 -0.152092
v 0.013063 0.358240 -0.154110
v 0.013666 0.359609 -0.156359
f 8099 8100 8101
f 8099 8101 8100
f 8099 8101 8102
f 8099 8102 8101
f 8099 8102 8103
f 8099 8103 8102
f 8099 8103 8104
f 8099 8104 8103
f 8099 8104 8105
f 8099 8105 8104
f 8099 8105 8106
f 8099 8106 8105
f 8099 8106 8107
f 8099 8107 8106
f 8099 8107 8108
f 8099 8108 8107
f 8099 8108 8109
f 8099 8109 8108
f 8099 8109 8110
f 8099 8110 8109
f 8099 8110 8111
f 8099 8111 8110
f 8099 8111 8112
f 8099 8112 8111
f 8099 8112 8113
f 8099 8113 8112
f 8099 8113 8114
f 8099 8114 8113
f 8099 8114 8115
f 8099 8115 8114
f 8099 8115 8116
f 8099 8116 8115
f 8099 8116 8117
f 8099 8117 8116
f 8099 8117 8118
f 8099 8118 8117
f 8099 8118 8119
f 8099 8119 8118
f 8099 8119 8120
f 8099 8120 8119
f 8099 8120 8121
f 8099 8121 8120
f 8099 8121 8122
f 8099 8122 8121
f 8099 8122 8123
f 8099 8123 8122
f 8099 8123 8124
f 8099 8124 8123
f 8099 8124 8125
f 8099 8125 8124
f 8099 8125 8126
f 8099 8126 8125
f 8099 8126 8127
f 8099 8127 8126
f 8099 8127 8128
f 8099 8128 8127
f 8099 8128 8129
f 8099 8129 8128
f 8099 8129 8130
f 8099 8130 8129
f 8099 8130 8131
f 8099 8131 8130
f 8099 8131 8132
f 8099 8132 8131
f 8099 8132 8133
f 8099 8133 8132
f 8099 8133 8134
f 8099 8134 8133
f 8099 8134 8135
f 8099 8135 8134
f 8099 8135 8136
f 8099 8136 8135
f 8099 8136 8137
f 8099 8137 8136
f 8099 8137 8138
f 8099 8138 8137
f 8099 8138 8139
f 8099 8139 8138
f 8099 8139 8140
f 8099 8140 8139
f 8099 8140 8141
f 8099 8141 8140
f 8099 8141 8142
f 8099 8142 8141
f 8099 8142 8143
f 8099 8143 8142
f 8099 8143 8144
f 8099 8144 8143
o part_233
v 0.025279 0.348515 -0.156449
v 0.024854 0.350437 -0.154540
v 0.026343 0.351514 -0.152468
v 0.028691 0.351514 -0.151105
v 0.031229 0.350437 -0.150839
v 0.032675 0.348515 -0.152154
v 0.033101 0.346592 -0.154063
v 0.031611 0.345516 -0.156135
v 0.029264 0.345516 -0.157498
v 0.026726 0.346592 -0.157765
v 0.033900 0.362876 -0.168570
v 0.033610 0.364183 -0.167272
v 0.034623 0.364915 -0.165863
v 0.036220 0.364915 -0.164936
v 0.037945 0.364183 -0.164755
v 0.038929 0.362876 -0.165649
v 0.039218 0.361569 -0.166947
v 0.038206 0.360837 -0.168356
v 0.036609 0.360837 -0.169283
v 0.034884 0.361569 -0.169464
f 8145 8146 8156
f 8145 8156 8155
f 8146 8147 8157
f 8146 8157 8156
f 8147 8148 8158
f 8147 8158 8157
f 8148 8149 8159
f 8148 8159 8158
f 8149 8150 8160
f 8149 8160 8159
f 8150 8151 8161
f 8150 8161 8160
f 8151 8152 8162
f 8151 8162 8161
f 8152 8153 8163
f 8152 8163 8162
f 8153 8154 8164
f 8153 8164 8163
f 8154 8145 8155
f 8154 8155 8164
o part_234
v 0.036414 0.362876 -0.167109
v 0.034367 0.363338 -0.167149
v 0.032293 0.364224 -0.166729
v 0.030197 0.365456 -0.165933
v 0.028084 0.366951 -0.164853
v 0.025960 0.368612 -0.163593
v 0.023833 0.370333 -0.162266
v 0.021708 0.372009 -0.160990
v 0.019593 0.373536 -0.159875
v 0.017493 0.374822 -0.159020
v 0.015414 0.375794 -0.158506
v 0.013357 0.376399 -0.158391
v 0.011326 0.376609 -0.158704
v 0.009320 0.376424 -0.159445
v 0.007337 0.375872 -0.160584
v 0.005375 0.375005 -0.162065
v 0.003427 0.373898 -0.163806
v 0.001489 0.372642 -0.165708
v -0.000446 0.371341 -0.167660
v -0.002384 0.370100 -0.169545
v -0.004334 0.369025 -0.171251
v -0.006300 0.368213 -0.172673
v -0.008288 0.367746 -0.173719
v -0.010303 0.367704 -0.174305
v -0.008256 0.367242 -0.174266
v -0.006182 0.366356 -0.174686
v -0.004086 0.365124 -0.175482
v -0.001973 0.363629 -0.176562
v 0.000151 0.361969 -0.177822
v 0.002278 0.360247 -0.179148
v 0.004403 0.358571 -0.180424
v 0.006518 0.357044 -0.181540
v 0.008618 0.355758 -0.182394
v 0.010697 0.354786 -0.182908
v 0.012754 0.354181 -0.183023
v 0.014785 0.353971 -0.182710
v 0.016791 0.354156 -0.181969
v 0.018774 0.354708 -0.180830
v 0.020736 0.355575 -0.179350
v 0.022684 0.356682 -0.177609
v 0.024622 0.357938 -0.175707
v 0.026557 0.359240 -0.173755
v 0.028496 0.360480 -0.171869
v 0.030445 0.361555 -0.170163
v 0.032411 0.362368 -0.168742
v 0.034399 0.362834 -0.167696
f 8165 8166 8167
f 8165 8167 8166
f 8165 8167 8168
f 8165 8168 8167
f 8165 8168 8169
f 8165 8169 8168
f 8165 8169 8170
f 8165 8170 8169
f 8165 8170 8171
f 8165 8171 8170
f 8165 8171 8172
f 8165 8172 8171
f 8165 8172 8173
f 8165 8173 8172
f 8165 8173 8174
f 8165 8174 8173
f 8165 8174 8175
f 8165 8175 8174
f 8165 8175 8176
f 8165 8176 8175
f 8165 8176 8177
f 8165 8177 8176
f 8165 8177 8178
f 8165 8178 8177
f 8165 8178 8179
f 8165 8179 8178
f 8165 8179 8180
f 8165 8180 8179
f 8165 8180 8181
f 8165 8181 8180
f 8165 8181 8182
f 8165 8182 8181
f 8165 8182 8183
f 8165 8183 8182
f 8165 8183 8184
f 8165 8184 8183
f 8165 8184 8185
f 8165 8185 8184
f 8165 8185 8186
f 8165 8186 8185
f 8165 8186 8187
f 8165 8187 8186
f 8165 8187 8188
f 8165 8188 8187
f 8165 8188 8189
f 8165 8189 8188
f 8165 8189 8190
f 8165 8190 8189
f 8165 8190 8191
f 8165 8191 8190
f 8165 8191 8192
f 8165 8192 8191
f 8165 8192 8193
f 8165 8193 8192
f 8165 8193 8194
f 8165 8194 8193
f 8165 8194 8195
f 8165 8195 8194
f 8165 8195 8196
f 8165 8196 8195
f 8165 8196 8197
f 8165 8197 8196
f 8165 8197 8198
f 8165 8198 8197
f 8165 8198 8199
f 8165 8199 8198
f 8165 8199 8200
f 8165 8200 8199
f 8165 8200 8201
f 8165 8201 8200
f 8165 8201 8202
f 8165 8202 8201
f 8165 8202 8203
f 8165 8203 8202
f 8165 8203 8204
f 8165 8204 8203
f 8165 8204 8205
f 8165 8205 8204
f 8165 8205 8206
f 8165 8206 8205
f 8165 8206 8207
f 8165 8207 8206
f 8165 8207 8208
f 8165 8208 8207
f 8165 8208 8209
f 8165 8209 8208
f 8165 8209 8210
f 8165 8210 8209
o part_235
v 0.036414 0.362876 -0.167109
v 0.037923 0.361838 -0.165837
v 0.039503 0.360509 -0.164850
v 0.041177 0.358788 -0.164246
v 0.042951 0.356659 -0.164043
v 0.044811 0.354174 -0.164189
v 0.046730 0.351444 -0.164575
v 0.048673 0.348620 -0.165053
v 0.050595 0.345877 -0.165451
v 0.052455 0.343392 -0.165598
v 0.054216 0.341318 -0.165340
v 0.055848 0.339770 -0.164567
v 0.057338 0.338810 -0.163219
v 0.058685 0.338437 -0.161294
v 0.059905 0.338590 -0.158854
v 0.061024 0.339155 -0.156010
v 0.062082 0.339976 -0.152915
v 0.063119 0.340879 -0.149739
v 0.064179 0.341689 -0.146655
v 0.065299 0.342253 -0.143812
v 0.066505 0.342462 -0.141317
v 0.067810 0.342261 -0.139224
v 0.069211 0.341669 -0.137514
v 0.070682 0.340787 -0.136089
v 0.069173 0.341825 -0.137361
v 0.067593 0.343154 -0.138348
v 0.065919 0.344874 -0.138952
v 0.064145 0.347003 -0.139155
v 0.062285 0.349488 -0.139009
v 0.060366 0.352219 -0.138623
v 0.058423 0.355043 -0.138145
v 0.056501 0.357785 -0.137747
v 0.054641 0.360271 -0.137600
v 0.052880 0.362345 -0.137858
v 0.051248 0.363892 -0.138631
v 0.049758 0.364853 -0.139979
v 0.048411 0.365226 -0.141904
v 0.047191 0.365073 -0.144344
v 0.046072 0.364508 -0.147188
v 0.045014 0.363687 -0.150283
v 0.043977 0.362784 -0.153459
v 0.042917 0.361974 -0.156543
v 0.041797 0.361409 -0.159386
v 0.040591 0.361201 -0.161881
v 0.039286 0.361402 -0.163974
v 0.037885 0.361994 -0.165684
f 8211 8212 8213
f 8211 8213 8212
f 8211 8213 8214
f 8211 8214 8213
f 8211 8214 8215
f 8211 8215 8214
f 8211 8215 8216
f 8211 8216 8215
f 8211 8216 8217
f 8211 8217 8216
f 8211 8217 8218
f 8211 8218 8217
f 8211 8218 8219
f 8211 8219 8218
f 8211 8219 8220
f 8211 8220 8219
f 8211 8220 8221
f 8211 8221 8220
f 8211 8221 8222
f 8211 8222 8221
f 8211 8222 8223
f 8211 8223 8222
f 8211 8223 8224
f 8211 8224 8223
f 8211 8224 8225
f 8211 8225 8224
f 8211 8225 8226
f 8211 8226 8225
f 8211 8226 8227
f 8211 8227 8226
f 8211 8227 8228
f 8211 8228 8227
f 8211 8228 8229
f 8211 8229 8228
f 8211 8229 8230
f 8211 8230 8229
f 8211 8230 8231
f 8211 8231 8230
f 8211 8231 8232
f 8211 8232 8231
f 8211 8232 8233
f 8211 8233 8232
f 8211 8233 8234
f 8211 8234 8233
f 8211 8234 8235
f 8211 8235 8234
f 8211 8235 8236
f 8211 8236 8235
f 8211 8236 8237
f 8211 8237 8236
f 8211 8237 8238
f 8211 8238 8237
f 8211 8238 8239
f 8211 8239 8238
f 8211 8239 8240
f 8211 8240 8239
f 8211 8240 8241
f 8211 8241 8240
f 8211 8241 8242
f 8211 8242 8241
f 8211 8242 8243
f 8211 8243 8242
f 8211 8243 8244
f 8211 8244 8243
f 8211 8244 8245
f 8211 8245 8244
f 8211 8245 8246
f 8211 8246 8245
f 8211 8246 8247
f 8211 8247 8246
f 8211 8247 8248
f 8211 8248 8247
f 8211 8248 8249
f 8211 8249 8248
f 8211 8249 8250
f 8211 8250 8249
f 8211 8250 8251
f 8211 8251 8250
f 8211 8251 8252
f 8211 8252 8251
f 8211 8252 8253
f 8211 8253 8252
f 8211 8253 8254
f 8211 8254 8253
f 8211 8254 8255
f 8211 8255 8254
f 8211 8255 8256
f 8211 8256 8255
o part_236
v 0.040998 0.337959 -0.112905
v 0.044122 0.340238 -0.114051
v 0.045615 0.341514 -0.117619
v 0.045267 0.341514 -0.121596
v 0.043176 0.340238 -0.124850
v 0.039900 0.337959 -0.125435
v 0.036777 0.335681 -0.124289
v 0.035284 0.334405 -0.120721
v 0.035632 0.334405 -0.116744
v 0.037723 0.335681 -0.113490
v 0.020074 0.367321 -0.113092
v 0.022198 0.368871 -0.113871
v 0.023214 0.369738 -0.116297
v 0.022977 0.369738 -0.119002
v 0.021555 0.368871 -0.121214
v 0.019328 0.367321 -0.121612
v 0.017203 0.365772 -0.120833
v 0.016188 0.364904 -0.118407
v 0.016425 0.364904 -0.115703
v 0.017847 0.365772 -0.113490
f 8257 8258 8268
f 8257 8268 8267
f 8258 8259 8269
f 8258 8269 8268
f 8259 8260 8270
f 8259 8270 8269
f 8260 8261 8271
f 8260 8271 8270
f 8261 8262 8272
f 8261 8272 8271
f 8262 8263 8273
f 8262 8273 8272
f 8263 8264 8274
f 8263 8274 8273
f 8264 8265 8275
f 8264 8275 8274
f 8265 8266 8276
f 8265 8276 8275
f 8266 8257 8267
f 8266 8267 8276
o part_237
v 0.019701 0.367321 -0.117352
v 0.021237 0.367191 -0.115187
v 0.023207 0.367382 -0.113256
v 0.025685 0.367949 -0.111599
v 0.028644 0.368872 -0.110203
v 0.031990 0.370081 -0.109015
v 0.035575 0.371467 -0.107957
v 0.039216 0.372895 -0.106929
v 0.042717 0.374219 -0.105825
v 0.045887 0.375298 -0.104542
v 0.048564 0.376012 -0.102993
v 0.050628 0.376273 -0.101113
v 0.052018 0.376034 -0.098868
v 0.052732 0.375296 -0.096259
v 0.052833 0.374104 -0.093319
v 0.052442 0.372547 -0.090112
v 0.051719 0.370745 -0.086727
v 0.050857 0.368840 -0.083266
v 0.050050 0.366976 -0.079836
v 0.049483 0.365289 -0.076534
v 0.049302 0.363888 -0.073441
v 0.049603 0.362844 -0.070609
v 0.050410 0.362175 -0.068050
v 0.051653 0.361827 -0.065727
v 0.050118 0.361958 -0.067892
v 0.048147 0.361766 -0.069823
v 0.045670 0.361200 -0.071479
v 0.042710 0.360277 -0.072876
v 0.039364 0.359067 -0.074063
v 0.035779 0.357681 -0.075122
v 0.032138 0.356253 -0.076150
v 0.028637 0.354930 -0.077254
v 0.025467 0.353851 -0.078537
v 0.022790 0.353136 -0.080086
v 0.020726 0.352876 -0.081966
v 0.019337 0.353115 -0.084210
v 0.018623 0.353853 -0.086820
v 0.018521 0.355045 -0.089760
v 0.018913 0.356602 -0.092966
v 0.019635 0.358403 -0.096351
v 0.020498 0.360309 -0.099812
v 0.021304 0.362173 -0.103243
v 0.021872 0.363860 -0.106545
v 0.022053 0.365261 -0.109637
v 0.021752 0.366305 -0.112470
v 0.020944 0.366974 -0.115029
f 8277 8278 8279
f 8277 8279 8278
f 8277 8279 8280
f 8277 8280 8279
f 8277 8280 8281
f 8277 8281 8280
f 8277 8281 8282
f 8277 8282 8281
f 8277 8282 8283
f 8277 8283 8282
f 8277 8283 8284
f 8277 8284 8283
f 8277 8284 8285
f 8277 8285 8284
f 8277 8285 8286
f 8277 8286 8285
f 8277 8286 8287
f 8277 8287 8286
f 8277 8287 8288
f 8277 8288 8287
f 8277 8288 8289
f 8277 8289 8288
f 8277 8289 8290
f 8277 8290 8289
f 8277 8290 8291
f 8277 8291 8290
f 8277 8291 8292
f 8277 8292 8291
f 8277 8292 8293
f 8277 8293 8292
f 8277 8293 8294
f 8277 8294 8293
f 8277 8294 8295
f 8277 8295 8294
f 8277 8295 8296
f 8277 8296 8295
f 8277 8296 8297
f 8277 8297 8296
f 8277 8297 8298
f 8277 8298 8297
f 8277 8298 8299
f 8277 8299 8298
f 8277 8299 8300
f 8277 8300 8299
f 8277 8300 8301
f 8277 8301 8300
f 8277 8301 8302
f 8277 8302 8301
f 8277 8302 8303
f 8277 8303 8302
f 8277 8303 8304
f 8277 8304 8303
f 8277 8304 8305
f 8277 8305 8304
f 8277 8305 8306
f 8277 8306 8305
f 8277 8306 8307
f 8277 8307 8306
f 8277 8307 8308
f 8277 8308 8307
f 8277 8308 8309
f 8277 8309 8308
f 8277 8309 8310
f 8277 8310 8309
f 8277 8310 8311
f 8277 8311 8310
f 8277 8311 8312
f 8277 8312 8311
f 8277 8312 8313
f 8277 8313 8312
f 8277 8313 8314
f 8277 8314 8313
f 8277 8314 8315
f 8277 8315 8314
f 8277 8315 8316
f 8277 8316 8315
f 8277 8316 8317
f 8277 8317 8316
f 8277 8317 8318
f 8277 8318 8317
f 8277 8318 8319
f 8277 8319 8318
f 8277 8319 8320
f 8277 8320 8319
f 8277 8320 8321
f 8277 8321 8320
f 8277 8321 8322
f 8277 8322 8321
o part_238
v 0.020024 0.367321 -0.113088
v 0.021057 0.369771 -0.113758
v 0.021485 0.371143 -0.116126
v 0.021280 0.371143 -0.118833
v 0.020501 0.369771 -0.121109
v 0.019378 0.367321 -0.121616
v 0.018345 0.364871 -0.120946
v 0.017917 0.363499 -0.118578
v 0.018122 0.363499 -0.115871
v 0.018901 0.364871 -0.113595
v -0.000642 0.376420 -0.112897
v 0.000060 0.378086 -0.113353
v 0.000351 0.379019 -0.114963
v 0.000212 0.379019 -0.116803
v -0.000318 0.378086 -0.118351
v -0.001081 0.376420 -0.118696
v -0.001784 0.374754 -0.118240
v -0.002075 0.373821 -0.116630
v -0.001935 0.373821 -0.114789
v -0.001406 0.374754 -0.113242
f 8323 8324 8334
f 8323 8334 8333
f 8324 8325 8335
f 8324 8335 8334
f 8325 8326 8336
f 8325 8336 8335
f 8326 8327 8337
f 8326 8337 8336
f 8327 8328 8338
f 8327 8338 8337
f 8328 8329 8339
f 8328 8339 8338
f 8329 8330 8340
f 8329 8340 8339
f 8330 8331 8341
f 8330 8341 8340
f 8331 8332 8342
f 8331 8342 8341
f 8332 8323 8333
f 8332 8333 8342
o part_239
v -0.000862 0.376420 -0.115796
v -0.000231 0.375675 -0.113357
v 0.000583 0.375328 -0.110824
v 0.001659 0.375551 -0.108155
v 0.003018 0.376390 -0.105340
v 0.004633 0.377784 -0.102394
v 0.006431 0.379574 -0.099353
v 0.008306 0.381533 -0.096272
v 0.010135 0.383390 -0.093216
v 0.011791 0.384873 -0.090248
v 0.013161 0.385734 -0.087428
v 0.014161 0.385793 -0.084798
v 0.014747 0.384950 -0.082382
v 0.014917 0.383206 -0.080181
v 0.014717 0.380658 -0.078170
v 0.014232 0.377490 -0.076306
v 0.013573 0.373946 -0.074531
v 0.012869 0.370302 -0.072781
v 0.012241 0.366825 -0.070990
v 0.011797 0.363746 -0.069106
v 0.011608 0.361221 -0.067089
v 0.011702 0.359313 -0.064926
v 0.012059 0.357974 -0.062629
v 0.012599 0.357033 -0.060236
v 0.011969 0.357777 -0.062675
v 0.011155 0.358124 -0.065209
v 0.010079 0.357901 -0.067877
v 0.008719 0.357062 -0.070692
v 0.007104 0.355669 -0.073639
v 0.005307 0.353879 -0.076679
v 0.003432 0.351920 -0.079760
v 0.001603 0.350062 -0.082817
v -0.000053 0.348580 -0.085785
v -0.001423 0.347718 -0.088605
v -0.002424 0.347660 -0.091235
v -0.003009 0.348503 -0.093650
v -0.003179 0.350247 -0.095852
v -0.002979 0.352795 -0.097863
v -0.002494 0.355963 -0.099727
v -0.001836 0.359506 -0.101501
v -0.001131 0.363151 -0.103252
v -0.000504 0.366627 -0.105042
v -0.000059 0.369706 -0.106927
v 0.000130 0.372231 -0.108943
v 0.000035 0.374140 -0.111106
v -0.000322 0.375479 -0.113404
f 8343 8344 8345
f 8343 8345 8344
f 8343 8345 8346
f 8343 8346 8345
f 8343 8346 8347
f 8343 8347 8346
f 8343 8347 8348
f 8343 8348 8347
f 8343 8348 8349
f 8343 8349 8348
f 8343 8349 8350
f 8343 8350 8349
f 8343 8350 8351
f 8343 8351 8350
f 8343 8351 8352
f 8343 8352 8351
f 8343 8352 8353
f 8343 8353 8352
f 8343 8353 8354
f 8343 8354 8353
f 8343 8354 8355
f 8343 8355 8354
f 8343 8355 8356
f 8343 8356 8355
f 8343 8356 8357
f 8343 8357 8356
f 8343 8357 8358
f 8343 8358 8357
f 8343 8358 8359
f 8343 8359 8358
f 8343 8359 8360
f 8343 8360 8359
f 8343 8360 8361
f 8343 8361 8360
f 8343 8361 8362
f 8343 8362 8361
f 8343 8362 8363
f 8343 8363 8362
f 8343 8363 8364
f 8343 8364 8363
f 8343 8364 8365
f 8343 8365 8364
f 8343 8365 8366
f 8343 8366 8365
f 8343 8366 8367
f 8343 8367 8366
f 8343 8367 8368
f 8343 8368 8367
f 8343 8368 8369
f 8343 8369 8368
f 8343 8369 8370
f 8343 8370 8369
f 8343 8370 8371
f 8343 8371 8370
f 8343 8371 8372
f 8343 8372 8371
f 8343 8372 8373
f 8343 8373 8372
f 8343 8373 8374
f 8343 8374 8373
f 8343 8374 8375
f 8343 8375 8374
f 8343 8375 8376
f 8343 8376 8375
f 8343 8376 8377
f 8343 8377 8376
f 8343 8377 8378
f 8343 8378 8377
f 8343 8378 8379
f 8343 8379 8378
f 8343 8379 8380
f 8343 8380 8379
f 8343 8380 8381
f 8343 8381 8380
f 8343 8381 8382
f 8343 8382 8381
f 8343 8382 8383
f 8343 8383 8382
f 8343 8383 8384
f 8343 8384 8383
f 8343 8384 8385
f 8343 8385 8384
f 8343 8385 8386
f 8343 8386 8385
f 8343 8386 8387
f 8343 8387 8386
f 8343 8387 8388
f 8343 8388 8387
o part_240
v 0.023936 0.367321 -0.117943
v 0.023024 0.368572 -0.120206
v 0.020535 0.369273 -0.121198
v 0.017846 0.369273 -0.120823
v 0.015723 0.368572 -0.119188
v 0.015466 0.367321 -0.116761
v 0.016378 0.366070 -0.114498
v 0.018867 0.365370 -0.113507
v 0.021556 0.365370 -0.113882
v 0.023678 0.366070 -0.115516
v 0.023995 0.386687 -0.107619
v 0.023375 0.387538 -0.109158
v 0.021682 0.388015 -0.109832
v 0.019854 0.388015 -0.109577
v 0.018410 0.387538 -0.108465
v 0.018235 0.386687 -0.106815
v 0.018855 0.385837 -0.105276
v 0.020548 0.385360 -0.104602
v 0.022376 0.385360 -0.104857
v 0.023820 0.385837 -0.105969
f 8389 8390 8400
f 8389 8400 8399
f 8390 8391 8401
f 8390 8401 8400
f 8391 8392 8402
f 8391 8402 8401
f 8392 8393 8403
f 8392 8403 8402
f 8393 8394 8404
f 8393 8404 8403
f 8394 8395 8405
f 8394 8405 8404
f 8395 8396 8406
f 8395 8406 8405
f 8396 8397 8407
f 8396 8407 8406
f 8397 8398 8408
f 8397 8408 8407
f 8398 8389 8399
f 8398 8399 8408
o part_241
v 0.021115 0.386687 -0.107217
v 0.023765 0.386153 -0.107826
v 0.026385 0.385826 -0.108827
v 0.028958 0.385809 -0.110413
v 0.031480 0.386136 -0.112650
v 0.033954 0.386781 -0.115485
v 0.036393 0.387658 -0.118761
v 0.038817 0.388641 -0.122238
v 0.041247 0.389577 -0.125626
v 0.043709 0.390308 -0.128625
v 0.046222 0.390691 -0.130968
v 0.048803 0.390621 -0.132453
v 0.051461 0.390039 -0.132972
v 0.054195 0.388945 -0.132523
v 0.056997 0.387397 -0.131217
v 0.059851 0.385502 -0.129254
v 0.062736 0.383402 -0.126903
v 0.065627 0.381255 -0.124463
v 0.068503 0.379213 -0.122223
v 0.071344 0.377405 -0.120424
v 0.074138 0.375913 -0.119224
v 0.076880 0.374766 -0.118674
v 0.079576 0.373929 -0.118710
v 0.082241 0.373299 -0.119138
v 0.079590 0.373833 -0.118529
v 0.076971 0.374160 -0.117528
v 0.074397 0.374177 -0.115942
v 0.071876 0.373850 -0.113705
v 0.069402 0.373206 -0.110870
v 0.066962 0.372329 -0.107593
v 0.064539 0.371346 -0.104117
v 0.062108 0.370409 -0.100729
v 0.059647 0.369679 -0.097730
v 0.057133 0.369295 -0.095386
v 0.054552 0.369366 -0.093902
v 0.051895 0.369948 -0.093383
v 0.049161 0.371041 -0.093831
v 0.046358 0.372589 -0.095138
v 0.043505 0.374484 -0.097101
v 0.040620 0.376584 -0.099452
v 0.037728 0.378732 -0.101892
v 0.034852 0.380773 -0.104132
v 0.032011 0.382582 -0.105931
v 0.029218 0.384073 -0.107131
v 0.026475 0.385220 -0.107681
v 0.023780 0.386057 -0.107645
f 8409 8410 8411
f 8409 8411 8410
f 8409 8411 8412
f 8409 8412 8411
f 8409 8412 8413
f 8409 8413 8412
f 8409 8413 8414
f 8409 8414 8413
f 8409 8414 8415
f 8409 8415 8414
f 8409 8415 8416
f 8409 8416 8415
f 8409 8416 8417
f 8409 8417 8416
f 8409 8417 8418
f 8409 8418 8417
f 8409 8418 8419
f 8409 8419 8418
f 8409 8419 8420
f 8409 8420 8419
f 8409 8420 8421
f 8409 8421 8420
f 8409 8421 8422
f 8409 8422 8421
f 8409 8422 8423
f 8409 8423 8422
f 8409 8423 8424
f 8409 8424 8423
f 8409 8424 8425
f 8409 8425 8424
f 8409 8425 8426
f 8409 8426 8425
f 8409 8426 8427
f 8409 8427 8426
f 8409 8427 8428
f 8409 8428 8427
f 8409 8428 8429
f 8409 8429 8428
f 8409 8429 8430
f 8409 8430 8429
f 8409 8430 8431
f 8409 8431 8430
f 8409 8431 8432
f 8409 8432 8431
f 8409 8432 8433
f 8409 8433 8432
f 8409 8433 8434
f 8409 8434 8433
f 8409 8434 8435
f 8409 8435 8434
f 8409 8435 8436
f 8409 8436 8435
f 8409 8436 8437
f 8409 8437 8436
f 8409 8437 8438
f 8409 8438 8437
f 8409 8438 8439
f 8409 8439 8438
f 8409 8439 8440
f 8409 8440 8439
f 8409 8440 8441
f 8409 8441 8440
f 8409 8441 8442
f 8409 8442 8441
f 8409 8442 8443
f 8409 8443 8442
f 8409 8443 8444
f 8409 8444 8443
f 8409 8444 8445
f 8409 8445 8444
f 8409 8445 8446
f 8409 8446 8445
f 8409 8446 8447
f 8409 8447 8446
f 8409 8447 8448
f 8409 8448 8447
f 8409 8448 8449
f 8409 8449 8448
f 8409 8449 8450
f 8409 8450 8449
f 8409 8450 8451
f 8409 8451 8450
f 8409 8451 8452
f 8409 8452 8451
f 8409 8452 8453
f 8409 8453 8452
f 8409 8453 8454
f 8409 8454 8453
o part_242
v 0.015470 0.367321 -0.116731
v 0.016330 0.369207 -0.114936
v 0.018789 0.370264 -0.114221
v 0.021475 0.370264 -0.114615
v 0.023624 0.369207 -0.116007
v 0.023932 0.367321 -0.117973
v 0.023072 0.365435 -0.119768
v 0.020613 0.364379 -0.120483
v 0.017927 0.364379 -0.120089
v 0.015778 0.365435 -0.118698
v 0.014943 0.380377 -0.129747
v 0.015528 0.381660 -0.128527
v 0.017199 0.382378 -0.128040
v 0.019026 0.382378 -0.128308
v 0.020487 0.381660 -0.129255
v 0.020697 0.380377 -0.130592
v 0.020112 0.379094 -0.131812
v 0.018440 0.378376 -0.132299
v 0.016614 0.378376 -0.132031
v 0.015152 0.379094 -0.131084
f 8455 8456 8466
f 8455 8466 8465
f 8456 8457 8467
f 8456 8467 8466
f 8457 8458 8468
f 8457 8468 8467
f 8458 8459 8469
f 8458 8469 8468
f 8459 8460 8470
f 8459 8470 8469
f 8460 8461 8471
f 8460 8471 8470
f 8461 8462 8472
f 8461 8472 8471
f 8462 8463 8473
f 8462 8473 8472
f 8463 8464 8474
f 8463 8474 8473
f 8464 8455 8465
f 8464 8465 8474
o part_243
v 0.017820 0.380377 -0.130170
v 0.016247 0.379818 -0.129059
v 0.014725 0.379436 -0.127776
v 0.013293 0.379362 -0.126192
v 0.011972 0.379666 -0.124239
v 0.010762 0.380347 -0.121918
v 0.009639 0.381332 -0.119301
v 0.008566 0.382483 -0.116522
v 0.007488 0.383621 -0.113755
v 0.006349 0.384551 -0.111192
v 0.005097 0.385091 -0.109009
v 0.003691 0.385103 -0.107341
v 0.002108 0.384512 -0.106262
v 0.000350 0.383318 -0.105771
v -0.001563 0.381596 -0.105796
v -0.003589 0.379484 -0.106200
v -0.005677 0.377164 -0.106808
v -0.007768 0.374830 -0.107429
v -0.009810 0.372663 -0.107887
v -0.011764 0.370799 -0.108050
v -0.013608 0.369313 -0.107844
v -0.015342 0.368205 -0.107269
v -0.016985 0.367405 -0.106393
v -0.018577 0.366782 -0.105345
v -0.017004 0.367340 -0.106456
v -0.015482 0.367723 -0.107739
v -0.014051 0.367797 -0.109323
v -0.012730 0.367493 -0.111275
v -0.011519 0.366812 -0.113597
v -0.010397 0.365827 -0.116214
v -0.009323 0.364675 -0.118993
v -0.008245 0.363537 -0.121760
v -0.007107 0.362608 -0.124323
v -0.005855 0.362068 -0.126506
v -0.004448 0.362055 -0.128174
v -0.002866 0.362646 -0.129253
v -0.001107 0.363841 -0.129744
v 0.000806 0.365563 -0.129719
v 0.002832 0.367675 -0.129315
v 0.004919 0.369995 -0.128707
v 0.007011 0.372329 -0.128086
v 0.009053 0.374496 -0.127628
v 0.011007 0.376360 -0.127465
v 0.012851 0.377846 -0.127671
v 0.014584 0.378954 -0.128246
v 0.016228 0.379754 -0.129122
f 8475 8476 8477
f 8475 8477 8476
f 8475 8477 8478
f 8475 8478 8477
f 8475 8478 8479
f 8475 8479 8478
f 8475 8479 8480
f 8475 8480 8479
f 8475 8480 8481
f 8475 8481 8480
f 8475 8481 8482
f 8475 8482 8481
f 8475 8482 8483
f 8475 8483 8482
f 8475 8483 8484
f 8475 8484 8483
f 8475 8484 8485
f 8475 8485 8484
f 8475 8485 8486
f 8475 8486 8485
f 8475 8486 8487
f 8475 8487 8486
f 8475 8487 8488
f 8475 8488 8487
f 8475 8488 8489
f 8475 8489 8488
f 8475 8489 8490
f 8475 8490 8489
f 8475 8490 8491
f 8475 8491 8490
f 8475 8491 8492
f 8475 8492 8491
f 8475 8492 8493
f 8475 8493 8492
f 8475 8493 8494
f 8475 8494 8493
f 8475 8494 8495
f 8475 8495 8494
f 8475 8495 8496
f 8475 8496 8495
f 8475 8496 8497
f 8475 8497 8496
f 8475 8497 8498
f 8475 8498 8497
f 8475 8498 8499
f 8475 8499 8498
f 8475 8499 8500
f 8475 8500 8499
f 8475 8500 8501
f 8475 8501 8500
f 8475 8501 8502
f 8475 8502 8501
f 8475 8502 8503
f 8475 8503 8502
f 8475 8503 8504
f 8475 8504 8503
f 8475 8504 8505
f 8475 8505 8504
f 8475 8505 8506
f 8475 8506 8505
f 8475 8506 8507
f 8475 8507 8506
f 8475 8507 8508
f 8475 8508 8507
f 8475 8508 8509
f 8475 8509 8508
f 8475 8509 8510
f 8475 8510 8509
f 8475 8510 8511
f 8475 8511 8510
f 8475 8511 8512
f 8475 8512 8511
f 8475 8512 8513
f 8475 8513 8512
f 8475 8513 8514
f 8475 8514 8513
f 8475 8514 8515
f 8475 8515 8514
f 8475 8515 8516
f 8475 8516 8515
f 8475 8516 8517
f 8475 8517 8516
f 8475 8517 8518
f 8475 8518 8517
f 8475 8518 8519
f 8475 8519 8518
f 8475 8519 8520
f 8475 8520 8519
o part_244
v 0.037533 0.337959 -0.124742
v 0.034913 0.339926 -0.122390
v 0.034809 0.341028 -0.118471
v 0.036660 0.341028 -0.114934
v 0.039940 0.339926 -0.112786
v 0.043365 0.337959 -0.113598
v 0.045985 0.335992 -0.115950
v 0.046090 0.334891 -0.119869
v 0.044239 0.334891 -0.123407
v 0.040958 0.335992 -0.125554
v 0.054714 0.369763 -0.131463
v 0.052933 0.371100 -0.129864
v 0.052862 0.371849 -0.127199
v 0.054120 0.371849 -0.124793
v 0.056351 0.371100 -0.123333
v 0.058680 0.369763 -0.123885
v 0.060462 0.368425 -0.125484
v 0.060533 0.367676 -0.128150
v 0.059274 0.367676 -0.130555
v 0.057043 0.368425 -0.132015
f 8521 8522 8532
f 8521 8532 8531
f 8522 8523 8533
f 8522 8533 8532
f 8523 8524 8534
f 8523 8534 8533
f 8524 8525 8535
f 8524 8535 8534
f 8525 8526 8536
f 8525 8536 8535
f 8526 8527 8537
f 8526 8537 8536
f 8527 8528 8538
f 8527 8538 8537
f 8528 8529 8539
f 8528 8539 8538
f 8529 8530 8540
f 8529 8540 8539
f 8530 8521 8531
f 8530 8531 8540
o part_245
v 0.056697 0.369763 -0.127674
v 0.055464 0.369262 -0.129738
v 0.053841 0.368999 -0.131659
v 0.051713 0.369044 -0.133393
v 0.049069 0.369402 -0.134938
v 0.045988 0.370028 -0.136322
v 0.042612 0.370833 -0.137597
v 0.039134 0.371700 -0.138835
v 0.035772 0.372496 -0.140115
v 0.032740 0.373091 -0.141517
v 0.030228 0.373370 -0.143111
v 0.028374 0.373247 -0.144946
v 0.027253 0.372679 -0.147051
v 0.026864 0.371663 -0.149426
v 0.027133 0.370247 -0.152043
v 0.027922 0.368515 -0.154851
v 0.029041 0.366581 -0.157781
v 0.030276 0.364576 -0.160753
v 0.031410 0.362634 -0.163688
v 0.032249 0.360870 -0.166515
v 0.032649 0.359374 -0.169180
v 0.032535 0.358192 -0.171656
v 0.031915 0.357317 -0.173946
v 0.030905 0.356681 -0.176092
v 0.032138 0.357181 -0.174028
v 0.033761 0.357445 -0.172108
v 0.035890 0.357400 -0.170373
v 0.038533 0.357041 -0.168828
v 0.041615 0.356415 -0.167445
v 0.044991 0.355610 -0.166169
v 0.048469 0.354743 -0.164931
v 0.051831 0.353947 -0.163651
v 0.054862 0.353352 -0.162249
v 0.057375 0.353073 -0.160656
v 0.059228 0.353196 -0.158820
v 0.060350 0.353765 -0.156715
v 0.060739 0.354780 -0.154340
v 0.060469 0.356196 -0.151723
v 0.059681 0.357928 -0.148915
v 0.058561 0.359863 -0.145985
v 0.057326 0.361867 -0.143013
v 0.056193 0.363810 -0.140078
v 0.055354 0.365573 -0.137251
v 0.054954 0.367069 -0.134586
v 0.055068 0.368252 -0.132110
v 0.055687 0.369126 -0.129820
f 8541 8542 8543
f 8541 8543 8542
f 8541 8543 8544
f 8541 8544 8543
f 8541 8544 8545
f 8541 8545 8544
f 8541 8545 8546
f 8541 8546 8545
f 8541 8546 8547
f 8541 8547 8546
f 8541 8547 8548
f 8541 8548 8547
f 8541 8548 8549
f 8541 8549 8548
f 8541 8549 8550
f 8541 8550 8549
f 8541 8550 8551
f 8541 8551 8550
f 8541 8551 8552
f 8541 8552 8551
f 8541 8552 8553
f 8541 8553 8552
f 8541 8553 8554
f 8541 8554 8553
f 8541 8554 8555
f 8541 8555 8554
f 8541 8555 8556
f 8541 8556 8555
f 8541 8556 8557
f 8541 8557 8556
f 8541 8557 8558
f 8541 8558 8557
f 8541 8558 8559
f 8541 8559 8558
f 8541 8559 8560
f 8541 8560 8559
f 8541 8560 8561
f 8541 8561 8560
f 8541 8561 8562
f 8541 8562 8561
f 8541 8562 8563
f 8541 8563 8562
f 8541 8563 8564
f 8541 8564 8563
f 8541 8564 8565
f 8541 8565 8564
f 8541 8565 8566
f 8541 8566 8565
f 8541 8566 8567
f 8541 8567 8566
f 8541 8567 8568
f 8541 8568 8567
f 8541 8568 8569
f 8541 8569 8568
f 8541 8569 8570
f 8541 8570 8569
f 8541 8570 8571
f 8541 8571 8570
f 8541 8571 8572
f 8541 8572 8571
f 8541 8572 8573
f 8541 8573 8572
f 8541 8573 8574
f 8541 8574 8573
f 8541 8574 8575
f 8541 8575 8574
f 8541 8575 8576
f 8541 8576 8575
f 8541 8576 8577
f 8541 8577 8576
f 8541 8577 8578
f 8541 8578 8577
f 8541 8578 8579
f 8541 8579 8578
f 8541 8579 8580
f 8541 8580 8579
f 8541 8580 8581
f 8541 8581 8580
f 8541 8581 8582
f 8541 8582 8581
f 8541 8582 8583
f 8541 8583 8582
f 8541 8583 8584
f 8541 8584 8583
f 8541 8584 8585
f 8541 8585 8584
f 8541 8585 8586
f 8541 8586 8585
o part_246
v 0.054129 0.369763 -0.131093
v 0.053565 0.372181 -0.129931
v 0.054449 0.373536 -0.127683
v 0.056079 0.373536 -0.125512
v 0.057992 0.372181 -0.124037
v 0.059266 0.369763 -0.124255
v 0.059830 0.367344 -0.125417
v 0.058946 0.365989 -0.127666
v 0.057315 0.365989 -0.129836
v 0.055402 0.367344 -0.131311
v 0.071140 0.379382 -0.142161
v 0.070756 0.381026 -0.141370
v 0.071358 0.381948 -0.139841
v 0.072466 0.381948 -0.138366
v 0.073767 0.381026 -0.137362
v 0.074633 0.379382 -0.137511
v 0.075017 0.377737 -0.138301
v 0.074415 0.376816 -0.139830
v 0.073307 0.376816 -0.141306
v 0.072006 0.377737 -0.142309
f 8587 8588 8598
f 8587 8598 8597
f 8588 8589 8599
f 8588 8599 8598
f 8589 8590 8600
f 8589 8600 8599
f 8590 8591 8601
f 8590 8601 8600
f 8591 8592 8602
f 8591 8602 8601
f 8592 8593 8603
f 8592 8603 8602
f 8593 8594 8604
f 8593 8604 8603
f 8594 8595 8605
f 8594 8605 8604
f 8595 8596 8606
f 8595 8606 8605
f 8596 8587 8597
f 8596 8597 8606
o part_247
v 0.072886 0.379382 -0.139836
v 0.070524 0.379272 -0.141115
v 0.068111 0.379338 -0.142321
v 0.065582 0.379816 -0.143356
v 0.062880 0.380912 -0.144135
v 0.059975 0.382724 -0.144616
v 0.056881 0.385204 -0.144819
v 0.053658 0.388145 -0.144831
v 0.050399 0.391210 -0.144792
v 0.047221 0.393988 -0.144871
v 0.044239 0.396074 -0.145239
v 0.041544 0.397142 -0.146029
v 0.039187 0.397012 -0.147316
v 0.037168 0.395683 -0.149102
v 0.035436 0.393337 -0.151310
v 0.033899 0.390299 -0.153806
v 0.032444 0.386974 -0.156420
v 0.030953 0.383773 -0.158984
v 0.029332 0.381033 -0.161356
v 0.027523 0.378960 -0.163450
v 0.025512 0.377605 -0.165247
v 0.023326 0.376867 -0.166787
v 0.021024 0.376540 -0.168156
v 0.018673 0.376390 -0.169453
v 0.021036 0.376499 -0.168174
v 0.023448 0.376433 -0.166967
v 0.025977 0.375955 -0.165932
v 0.028680 0.374860 -0.165154
v 0.031585 0.373047 -0.164673
v 0.034678 0.370567 -0.164469
v 0.037902 0.367626 -0.164457
v 0.041160 0.364562 -0.164497
v 0.044338 0.361783 -0.164417
v 0.047320 0.359698 -0.164050
v 0.050015 0.358630 -0.163260
v 0.052372 0.358760 -0.161972
v 0.054392 0.360088 -0.160187
v 0.056124 0.362434 -0.157979
v 0.057660 0.365472 -0.155483
v 0.059116 0.368797 -0.152868
v 0.060607 0.371998 -0.150305
v 0.062227 0.374739 -0.147933
v 0.064036 0.376811 -0.145838
v 0.066048 0.378167 -0.144041
v 0.068233 0.378905 -0.142501
v 0.070535 0.379231 -0.141132
f 8607 8608 8609
f 8607 8609 8608
f 8607 8609 8610
f 8607 8610 8609
f 8607 8610 8611
f 8607 8611 8610
f 8607 8611 8612
f 8607 8612 8611
f 8607 8612 8613
f 8607 8613 8612
f 8607 8613 8614
f 8607 8614 8613
f 8607 8614 8615
f 8607 8615 8614
f 8607 8615 8616
f 8607 8616 8615
f 8607 8616 8617
f 8607 8617 8616
f 8607 8617 8618
f 8607 8618 8617
f 8607 8618 8619
f 8607 8619 8618
f 8607 8619 8620
f 8607 8620 8619
f 8607 8620 8621
f 8607 8621 8620
f 8607 8621 8622
f 8607 8622 8621
f 8607 8622 8623
f 8607 8623 8622
f 8607 8623 8624
f 8607 8624 8623
f 8607 8624 8625
f 8607 8625 8624
f 8607 8625 8626
f 8607 8626 8625
f 8607 8626 8627
f 8607 8627 8626
f 8607 8627 8628
f 8607 8628 8627
f 8607 8628 8629
f 8607 8629 8628
f 8607 8629 8630
f 8607 8630 8629
f 8607 8630 8631
f 8607 8631 8630
f 8607 8631 8632
f 8607 8632 8631
f 8607 8632 8633
f 8607 8633 8632
f 8607 8633 8634
f 8607 8634 8633
f 8607 8634 8635
f 8607 8635 8634
f 8607 8635 8636
f 8607 8636 8635
f 8607 8636 8637
f 8607 8637 8636
f 8607 8637 8638
f 8607 8638 8637
f 8607 8638 8639
f 8607 8639 8638
f 8607 8639 8640
f 8607 8640 8639
f 8607 8640 8641
f 8607 8641 8640
f 8607 8641 8642
f 8607 8642 8641
f 8607 8642 8643
f 8607 8643 8642
f 8607 8643 8644
f 8607 8644 8643
f 8607 8644 8645
f 8607 8645 8644
f 8607 8645 8646
f 8607 8646 8645
f 8607 8646 8647
f 8607 8647 8646
f 8607 8647 8648
f 8607 8648 8647
f 8607 8648 8649
f 8607 8649 8648
f 8607 8649 8650
f 8607 8650 8649
f 8607 8650 8651
f 8607 8651 8650
f 8607 8651 8652
f 8607 8652 8651
o part_248
v 0.053197 0.369763 -0.125217
v 0.055010 0.371112 -0.123663
v 0.057659 0.371868 -0.123941
v 0.059881 0.371868 -0.125501
v 0.061043 0.371112 -0.127899
v 0.060197 0.369763 -0.130131
v 0.058385 0.368413 -0.131685
v 0.055735 0.367657 -0.131407
v 0.053513 0.367657 -0.129847
v 0.052352 0.368413 -0.127449
v 0.048587 0.386853 -0.134165
v 0.049820 0.387771 -0.133109
v 0.051622 0.388285 -0.133298
v 0.053133 0.388285 -0.134358
v 0.053922 0.387771 -0.135989
v 0.053347 0.386853 -0.137507
v 0.052115 0.385935 -0.138563
v 0.050313 0.385422 -0.138374
v 0.048802 0.385422 -0.137314
v 0.048012 0.385935 -0.135683
f 8653 8654 8664
f 8653 8664 8663
f 8654 8655 8665
f 8654 8665 8664
f 8655 8656 8666
f 8655 8666 8665
f 8656 8657 8667
f 8656 8667 8666
f 8657 8658 8668
f 8657 8668 8667
f 8658 8659 8669
f 8658 8669 8668
f 8659 8660 8670
f 8659 8670 8669
f 8660 8661 8671
f 8660 8671 8670
f 8661 8662 8672
f 8661 8672 8671
f 8662 8653 8663
f 8662 8663 8672
o part_249
v 0.050967 0.386853 -0.135836
v 0.049769 0.386529 -0.133831
v 0.048815 0.386377 -0.131639
v 0.048244 0.386492 -0.129154
v 0.048111 0.386916 -0.126333
v 0.048392 0.387628 -0.123196
v 0.048986 0.388561 -0.119819
v 0.049732 0.389600 -0.116326
v 0.050431 0.390606 -0.112868
v 0.050875 0.391433 -0.109606
v 0.050875 0.391949 -0.106684
v 0.050288 0.392053 -0.104211
v 0.049037 0.391693 -0.102246
v 0.047122 0.390867 -0.100790
v 0.044620 0.389630 -0.099782
v 0.041674 0.388081 -0.099115
v 0.038473 0.386354 -0.098642
v 0.035225 0.384594 -0.098206
v 0.032129 0.382940 -0.097653
v 0.029346 0.381506 -0.096861
v 0.026977 0.380362 -0.095752
v 0.025046 0.379525 -0.094307
v 0.023498 0.378956 -0.092569
v 0.022194 0.378558 -0.090645
v 0.023393 0.378882 -0.092650
v 0.024347 0.379035 -0.094842
v 0.024918 0.378919 -0.097327
v 0.025051 0.378496 -0.100148
v 0.024770 0.377783 -0.103285
v 0.024176 0.376851 -0.106662
v 0.023430 0.375812 -0.110155
v 0.022730 0.374806 -0.113613
v 0.022286 0.373979 -0.116875
v 0.022287 0.373463 -0.119797
v 0.022874 0.373358 -0.122270
v 0.024125 0.373719 -0.124234
v 0.026040 0.374545 -0.125691
v 0.028541 0.375782 -0.126699
v 0.031487 0.377331 -0.127366
v 0.034689 0.379058 -0.127839
v 0.037937 0.380818 -0.128275
v 0.041033 0.382472 -0.128828
v 0.043816 0.383906 -0.129620
v 0.046185 0.385050 -0.130729
v 0.048116 0.385887 -0.132174
v 0.049664 0.386456 -0.133911
f 8673 8674 8675
f 8673 8675 8674
f 8673 8675 8676
f 8673 8676 8675
f 8673 8676 8677
f 8673 8677 8676
f 8673 8677 8678
f 8673 8678 8677
f 8673 8678 8679
f 8673 8679 8678
f 8673 8679 8680
f 8673 8680 8679
f 8673 8680 8681
f 8673 8681 8680
f 8673 8681 8682
f 8673 8682 8681
f 8673 8682 8683
f 8673 8683 8682
f 8673 8683 8684
f 8673 8684 8683
f 8673 8684 8685
f 8673 8685 8684
f 8673 8685 8686
f 8673 8686 8685
f 8673 8686 8687
f 8673 8687 8686
f 8673 8687 8688
f 8673 8688 8687
f 8673 8688 8689
f 8673 8689 8688
f 8673 8689 8690
f 8673 8690 8689
f 8673 8690 8691
f 8673 8691 8690
f 8673 8691 8692
f 8673 8692 8691
f 8673 8692 8693
f 8673 8693 8692
f 8673 8693 8694
f 8673 8694 8693
f 8673 8694 8695
f 8673 8695 8694
f 8673 8695 8696
f 8673 8696 8695
f 8673 8696 8697
f 8673 8697 8696
f 8673 8697 8698
f 8673 8698 8697
f 8673 8698 8699
f 8673 8699 8698
f 8673 8699 8700
f 8673 8700 8699
f 8673 8700 8701
f 8673 8701 8700
f 8673 8701 8702
f 8673 8702 8701
f 8673 8702 8703
f 8673 8703 8702
f 8673 8703 8704
f 8673 8704 8703
f 8673 8704 8705
f 8673 8705 8704
f 8673 8705 8706
f 8673 8706 8705
f 8673 8706 8707
f 8673 8707 8706
f 8673 8707 8708
f 8673 8708 8707
f 8673 8708 8709
f 8673 8709 8708
f 8673 8709 8710
f 8673 8710 8709
f 8673 8710 8711
f 8673 8711 8710
f 8673 8711 8712
f 8673 8712 8711
f 8673 8712 8713
f 8673 8713 8712
f 8673 8713 8714
f 8673 8714 8713
f 8673 8714 8715
f 8673 8715 8714
f 8673 8715 8716
f 8673 8716 8715
f 8673 8716 8717
f 8673 8717 8716
f 8673 8717 8718
f 8673 8718 8717
o part_250
v 0.059957 0.369763 -0.130442
v 0.058196 0.371513 -0.131604
v 0.055686 0.372494 -0.130962
v 0.053617 0.372494 -0.129205
v 0.052576 0.371513 -0.126833
v 0.053437 0.369763 -0.124906
v 0.055199 0.368012 -0.123744
v 0.057708 0.367031 -0.124386
v 0.059778 0.367031 -0.126143
v 0.060818 0.368012 -0.128515
v 0.066866 0.383981 -0.120190
v 0.065668 0.385172 -0.120981
v 0.063962 0.385838 -0.120544
v 0.062554 0.385838 -0.119349
v 0.061847 0.385172 -0.117736
v 0.062432 0.383981 -0.116426
v 0.063630 0.382791 -0.115636
v 0.065337 0.382124 -0.116072
v 0.066744 0.382124 -0.117267
v 0.067451 0.382791 -0.118880
f 8719 8720 8730
f 8719 8730 8729
f 8720 8721 8731
f 8720 8731 8730
f 8721 8722 8732
f 8721 8732 8731
f 8722 8723 8733
f 8722 8733 8732
f 8723 8724 8734
f 8723 8734 8733
f 8724 8725 8735
f 8724 8735 8734
f 8725 8726 8736
f 8725 8736 8735
f 8726 8727 8737
f 8726 8737 8736
f 8727 8728 8738
f 8727 8738 8737
f 8728 8719 8729
f 8728 8729 8738
o part_251
v 0.064649 0.383981 -0.118308
v 0.065347 0.383382 -0.120695
v 0.065732 0.383084 -0.123275
v 0.065696 0.383192 -0.126114
v 0.065223 0.383722 -0.129223
v 0.064369 0.384620 -0.132566
v 0.063253 0.385772 -0.136071
v 0.062039 0.387018 -0.139637
v 0.060912 0.388179 -0.143149
v 0.060061 0.389075 -0.146491
v 0.059652 0.389544 -0.149560
v 0.059805 0.389470 -0.152283
v 0.060587 0.388789 -0.154618
v 0.061998 0.387501 -0.156566
v 0.063972 0.385669 -0.158166
v 0.066386 0.383412 -0.159494
v 0.069077 0.380888 -0.160653
v 0.071856 0.378280 -0.161757
v 0.074536 0.375767 -0.162922
v 0.076954 0.373506 -0.164248
v 0.078991 0.371614 -0.165810
v 0.080590 0.370143 -0.167641
v 0.081769 0.369079 -0.169731
v 0.082636 0.368316 -0.172014
v 0.081938 0.368916 -0.169627
v 0.081553 0.369214 -0.167047
v 0.081589 0.369106 -0.164208
v 0.082062 0.368575 -0.161099
v 0.082916 0.367677 -0.157756
v 0.084032 0.366526 -0.154251
v 0.085246 0.365279 -0.150685
v 0.086373 0.364118 -0.147173
v 0.087224 0.363223 -0.143831
v 0.087633 0.362753 -0.140762
v 0.087480 0.362828 -0.138039
v 0.086698 0.363509 -0.135704
v 0.085287 0.364797 -0.133756
v 0.083313 0.366628 -0.132156
v 0.080899 0.368886 -0.130828
v 0.078208 0.371409 -0.129669
v 0.075429 0.374018 -0.128565
v 0.072749 0.376531 -0.127400
v 0.070331 0.378791 -0.126074
v 0.068294 0.380684 -0.124512
v 0.066695 0.382154 -0.122681
v 0.065516 0.383219 -0.120591
f 8739 8740 8741
f 8739 8741 8740
f 8739 8741 8742
f 8739 8742 8741
f 8739 8742 8743
f 8739 8743 8742
f 8739 8743 8744
f 8739 8744 8743
f 8739 8744 8745
f 8739 8745 8744
f 8739 8745 8746
f 8739 8746 8745
f 8739 8746 8747
f 8739 8747 8746
f 8739 8747 8748
f 8739 8748 8747
f 8739 8748 8749
f 8739 8749 8748
f 8739 8749 8750
f 8739 8750 8749
f 8739 8750 8751
f 8739 8751 8750
f 8739 8751 8752
f 8739 8752 8751
f 8739 8752 8753
f 8739 8753 8752
f 8739 8753 8754
f 8739 8754 8753
f 8739 8754 8755
f 8739 8755 8754
f 8739 8755 8756
f 8739 8756 8755
f 8739 8756 8757
f 8739 8757 8756
f 8739 8757 8758
f 8739 8758 8757
f 8739 8758 8759
f 8739 8759 8758
f 8739 8759 8760
f 8739 8760 8759
f 8739 8760 8761
f 8739 8761 8760
f 8739 8761 8762
f 8739 8762 8761
f 8739 8762 8763
f 8739 8763 8762
f 8739 8763 8764
f 8739 8764 8763
f 8739 8764 8765
f 8739 8765 8764
f 8739 8765 8766
f 8739 8766 8765
f 8739 8766 8767
f 8739 8767 8766
f 8739 8767 8768
f 8739 8768 8767
f 8739 8768 8769
f 8739 8769 8768
f 8739 8769 8770
f 8739 8770 8769
f 8739 8770 8771
f 8739 8771 8770
f 8739 8771 8772
f 8739 8772 8771
f 8739 8772 8773
f 8739 8773 8772
f 8739 8773 8774
f 8739 8774 8773
f 8739 8774 8775
f 8739 8775 8774
f 8739 8775 8776
f 8739 8776 8775
f 8739 8776 8777
f 8739 8777 8776
f 8739 8777 8778
f 8739 8778 8777
f 8739 8778 8779
f 8739 8779 8778
f 8739 8779 8780
f 8739 8780 8779
f 8739 8780 8781
f 8739 8781 8780
f 8739 8781 8782
f 8739 8782 8781
f 8739 8782 8783
f 8739 8783 8782
f 8739 8783 8784
f 8739 8784 8783
o part_252
v 0.050776 0.282732 -0.090981
v 0.045934 0.285951 -0.089815
v 0.043123 0.287753 -0.084843
v 0.042988 0.287753 -0.078974
v 0.045568 0.285951 -0.073878
v 0.050351 0.282732 -0.072490
v 0.055194 0.279513 -0.073656
v 0.058005 0.277710 -0.078629
v 0.058140 0.277710 -0.084498
v 0.055560 0.279513 -0.089594
v 0.089484 0.340742 -0.087131
v 0.086191 0.342931 -0.086339
v 0.084280 0.344157 -0.082957
v 0.084188 0.344157 -0.078966
v 0.085942 0.342931 -0.075501
v 0.089195 0.340742 -0.074558
v 0.092488 0.338554 -0.075350
v 0.094399 0.337328 -0.078732
v 0.094491 0.337328 -0.082723
v 0.092737 0.338554 -0.086188
f 8785 8786 8796
f 8785 8796 8795
f 8786 8787 8797
f 8786 8797 8796
f 8787 8788 8798
f 8787 8798 8797
f 8788 8789 8799
f 8788 8799 8798
f 8789 8790 8800
f 8789 8800 8799
f 8790 8791 8801
f 8790 8801 8800
f 8791 8792 8802
f 8791 8802 8801
f 8792 8793 8803
f 8792 8803 8802
f 8793 8794 8804
f 8793 8804 8803
f 8794 8785 8795
f 8794 8795 8804
o part_253
v 0.088522 0.340742 -0.087080
v 0.087814 0.344592 -0.086111
v 0.087799 0.346748 -0.082656
v 0.088318 0.346748 -0.078697
v 0.089223 0.344592 -0.075363
v 0.090157 0.340742 -0.074609
v 0.090865 0.336892 -0.075578
v 0.090879 0.334736 -0.079033
v 0.090361 0.334736 -0.082992
v 0.089456 0.336892 -0.086326
v 0.126002 0.348814 -0.089963
v 0.125521 0.351432 -0.089305
v 0.125511 0.352898 -0.086955
v 0.125864 0.352898 -0.084263
v 0.126479 0.351432 -0.081996
v 0.127114 0.348814 -0.081483
v 0.127595 0.346196 -0.082142
v 0.127605 0.344730 -0.084492
v 0.127252 0.344730 -0.087183
v 0.126637 0.346196 -0.089451
f 8805 8806 8816
f 8805 8816 8815
f 8806 8807 8817
f 8806 8817 8816
f 8807 8808 8818
f 8807 8818 8817
f 8808 8809 8819
f 8808 8819 8818
f 8809 8810 8820
f 8809 8820 8819
f 8810 8811 8821
f 8810 8821 8820
f 8811 8812 8822
f 8811 8822 8821
f 8812 8813 8823
f 8812 8823 8822
f 8813 8814 8824
f 8813 8824 8823
f 8814 8805 8815
f 8814 8815 8824
o part_254
v 0.126558 0.348814 -0.085723
v 0.125739 0.348235 -0.087304
v 0.124847 0.347941 -0.088966
v 0.123848 0.348069 -0.090747
v 0.122732 0.348662 -0.092660
v 0.121507 0.349679 -0.094694
v 0.120203 0.351007 -0.096816
v 0.118864 0.352473 -0.098977
v 0.117542 0.353872 -0.101119
v 0.116292 0.354992 -0.103182
v 0.115160 0.355643 -0.105112
v 0.114183 0.355683 -0.106869
v 0.113382 0.355036 -0.108430
v 0.112754 0.353702 -0.109797
v 0.112282 0.351757 -0.110990
v 0.111929 0.349344 -0.112050
v 0.111647 0.346651 -0.113030
v 0.111382 0.343891 -0.113992
v 0.111082 0.341269 -0.114993
v 0.110703 0.338958 -0.116082
v 0.110216 0.337071 -0.117292
v 0.109611 0.335649 -0.118633
v 0.108899 0.334649 -0.120094
v 0.108114 0.333935 -0.121637
v 0.108933 0.334514 -0.120056
v 0.109825 0.334808 -0.118394
v 0.110823 0.334680 -0.116613
v 0.111940 0.334087 -0.114700
v 0.113165 0.333070 -0.112666
v 0.114469 0.331742 -0.110544
v 0.115808 0.330276 -0.108383
v 0.117129 0.328877 -0.106241
v 0.118380 0.327757 -0.104178
v 0.119512 0.327106 -0.102248
v 0.120488 0.327066 -0.100491
v 0.121290 0.327713 -0.098930
v 0.121918 0.329047 -0.097563
v 0.122390 0.330992 -0.096370
v 0.122743 0.333405 -0.095310
v 0.123025 0.336098 -0.094330
v 0.123290 0.338858 -0.093368
v 0.123590 0.341480 -0.092367
v 0.123969 0.343791 -0.091278
v 0.124456 0.345678 -0.090068
v 0.125061 0.347100 -0.088727
v 0.125773 0.348100 -0.087266
f 8825 8826 8827
f 8825 8827 8826
f 8825 8827 8828
f 8825 8828 8827
f 8825 8828 8829
f 8825 8829 8828
f 8825 8829 8830
f 8825 8830 8829
f 8825 8830 8831
f 8825 8831 8830
f 8825 8831 8832
f 8825 8832 8831
f 8825 8832 8833
f 8825 8833 8832
f 8825 8833 8834
f 8825 8834 8833
f 8825 8834 8835
f 8825 8835 8834
f 8825 8835 8836
f 8825 8836 8835
f 8825 8836 8837
f 8825 8837 8836
f 8825 8837 8838
f 8825 8838 8837
f 8825 8838 8839
f 8825 8839 8838
f 8825 8839 8840
f 8825 8840 8839
f 8825 8840 8841
f 8825 8841 8840
f 8825 8841 8842
f 8825 8842 8841
f 8825 8842 8843
f 8825 8843 8842
f 8825 8843 8844
f 8825 8844 8843
f 8825 8844 8845
f 8825 8845 8844
f 8825 8845 8846
f 8825 8846 8845
f 8825 8846 8847
f 8825 8847 8846
f 8825 8847 8848
f 8825 8848 8847
f 8825 8848 8849
f 8825 8849 8848
f 8825 8849 8850
f 8825 8850 8849
f 8825 8850 8851
f 8825 8851 8850
f 8825 8851 8852
f 8825 8852 8851
f 8825 8852 8853
f 8825 8853 8852
f 8825 8853 8854
f 8825 8854 8853
f 8825 8854 8855
f 8825 8855 8854
f 8825 8855 8856
f 8825 8856 8855
f 8825 8856 8857
f 8825 8857 8856
f 8825 8857 8858
f 8825 8858 8857
f 8825 8858 8859
f 8825 8859 8858
f 8825 8859 8860
f 8825 8860 8859
f 8825 8860 8861
f 8825 8861 8860
f 8825 8861 8862
f 8825 8862 8861
f 8825 8862 8863
f 8825 8863 8862
f 8825 8863 8864
f 8825 8864 8863
f 8825 8864 8865
f 8825 8865 8864
f 8825 8865 8866
f 8825 8866 8865
f 8825 8866 8867
f 8825 8867 8866
f 8825 8867 8868
f 8825 8868 8867
f 8825 8868 8869
f 8825 8869 8868
f 8825 8869 8870
f 8825 8870 8869
o part_255
v 0.124434 0.348814 -0.089435
v 0.126322 0.350762 -0.089835
v 0.128372 0.351852 -0.088326
v 0.129721 0.351852 -0.085970
v 0.129984 0.350762 -0.083438
v 0.128682 0.348814 -0.082012
v 0.126794 0.346867 -0.081612
v 0.124744 0.345776 -0.083121
v 0.123395 0.345776 -0.085477
v 0.123132 0.346867 -0.088009
v 0.138177 0.334610 -0.095724
v 0.139461 0.335934 -0.095997
v 0.140855 0.336676 -0.094970
v 0.141772 0.336676 -0.093368
v 0.141951 0.335934 -0.091646
v 0.141066 0.334610 -0.090677
v 0.139781 0.333286 -0.090404
v 0.138388 0.332544 -0.091431
v 0.137470 0.332544 -0.093033
v 0.137291 0.333286 -0.094755
f 8871 8872 8882
f 8871 8882 8881
f 8872 8873 8883
f 8872 8883 8882
f 8873 8874 8884
f 8873 8884 8883
f 8874 8875 8885
f 8874 8885 8884
f 8875 8876 8886
f 8875 8886 8885
f 8876 8877 8887
f 8876 8887 8886
f 8877 8878 8888
f 8877 8888 8887
f 8878 8879 8889
f 8878 8889 8888
f 8879 8880 8890
f 8879 8890 8889
f 8880 8871 8881
f 8880 8881 8890
o part_256
v 0.139621 0.334610 -0.093200
v 0.138250 0.335586 -0.094347
v 0.137161 0.336886 -0.095613
v 0.136406 0.338567 -0.097021
v 0.135970 0.340613 -0.098565
v 0.135792 0.342954 -0.100219
v 0.135775 0.345479 -0.101940
v 0.135799 0.348050 -0.103680
v 0.135731 0.350518 -0.105380
v 0.135447 0.352737 -0.106988
v 0.134836 0.354583 -0.108458
v 0.133819 0.355965 -0.109755
v 0.132355 0.356835 -0.110861
v 0.130442 0.357192 -0.111778
v 0.128123 0.357086 -0.112521
v 0.125478 0.356606 -0.113126
v 0.122616 0.355878 -0.113639
v 0.119663 0.355046 -0.114113
v 0.116751 0.354260 -0.114604
v 0.113999 0.353658 -0.115164
v 0.111506 0.353352 -0.115833
v 0.109332 0.353410 -0.116639
v 0.107491 0.353850 -0.117585
v 0.105933 0.354613 -0.118652
v 0.107304 0.353637 -0.117506
v 0.108393 0.352337 -0.116240
v 0.109148 0.350656 -0.114832
v 0.109584 0.348611 -0.113288
v 0.109762 0.346269 -0.111634
v 0.109779 0.343744 -0.109912
v 0.109755 0.341173 -0.108173
v 0.109823 0.338705 -0.106473
v 0.110107 0.336486 -0.104865
v 0.110718 0.334640 -0.103395
v 0.111735 0.333258 -0.102098
v 0.113199 0.332388 -0.100991
v 0.115112 0.332031 -0.100075
v 0.117431 0.332138 -0.099332
v 0.120076 0.332617 -0.098727
v 0.122938 0.333346 -0.098214
v 0.125891 0.334177 -0.097740
v 0.128803 0.334963 -0.097248
v 0.131555 0.335565 -0.096689
v 0.134048 0.335872 -0.096019
v 0.136222 0.335813 -0.095214
v 0.138063 0.335373 -0.094267
f 8891 8892 8893
f 8891 8893 8892
f 8891 8893 8894
f 8891 8894 8893
f 8891 8894 8895
f 8891 8895 8894
f 8891 8895 8896
f 8891 8896 8895
f 8891 8896 8897
f 8891 8897 8896
f 8891 8897 8898
f 8891 8898 8897
f 8891 8898 8899
f 8891 8899 8898
f 8891 8899 8900
f 8891 8900 8899
f 8891 8900 8901
f 8891 8901 8900
f 8891 8901 8902
f 8891 8902 8901
f 8891 8902 8903
f 8891 8903 8902
f 8891 8903 8904
f 8891 8904 8903
f 8891 8904 8905
f 8891 8905 8904
f 8891 8905 8906
f 8891 8906 8905
f 8891 8906 8907
f 8891 8907 8906
f 8891 8907 8908
f 8891 8908 8907
f 8891 8908 8909
f 8891 8909 8908
f 8891 8909 8910
f 8891 8910 8909
f 8891 8910 8911
f 8891 8911 8910
f 8891 8911 8912
f 8891 8912 8911
f 8891 8912 8913
f 8891 8913 8912
f 8891 8913 8914
f 8891 8914 8913
f 8891 8914 8915
f 8891 8915 8914
f 8891 8915 8916
f 8891 8916 8915
f 8891 8916 8917
f 8891 8917 8916
f 8891 8917 8918
f 8891 8918 8917
f 8891 8918 8919
f 8891 8919 8918
f 8891 8919 8920
f 8891 8920 8919
f 8891 8920 8921
f 8891 8921 8920
f 8891 8921 8922
f 8891 8922 8921
f 8891 8922 8923
f 8891 8923 8922
f 8891 8923 8924
f 8891 8924 8923
f 8891 8924 8925
f 8891 8925 8924
f 8891 8925 8926
f 8891 8926 8925
f 8891 8926 8927
f 8891 8927 8926
f 8891 8927 8928
f 8891 8928 8927
f 8891 8928 8929
f 8891 8929 8928
f 8891 8929 8930
f 8891 8930 8929
f 8891 8930 8931
f 8891 8931 8930
f 8891 8931 8932
f 8891 8932 8931
f 8891 8932 8933
f 8891 8933 8932
f 8891 8933 8934
f 8891 8934 8933
f 8891 8934 8935
f 8891 8935 8934
f 8891 8935 8936
f 8891 8936 8935
o part_257
v 0.123662 0.348814 -0.088870
v 0.122681 0.350724 -0.087164
v 0.123484 0.351793 -0.084739
v 0.125322 0.351793 -0.082742
v 0.127672 0.350724 -0.081740
v 0.129454 0.348814 -0.082577
v 0.130435 0.346904 -0.084282
v 0.129632 0.345835 -0.086707
v 0.127794 0.345835 -0.088705
v 0.125443 0.346904 -0.089707
v 0.136423 0.364622 -0.098753
v 0.135756 0.365921 -0.097593
v 0.136302 0.366648 -0.095944
v 0.137552 0.366648 -0.094586
v 0.139150 0.365921 -0.093905
v 0.140361 0.364622 -0.094474
v 0.141029 0.363323 -0.095634
v 0.140482 0.362596 -0.097283
v 0.139232 0.362596 -0.098641
v 0.137634 0.363323 -0.099322
f 8937 8938 8948
f 8937 8948 8947
f 8938 8939 8949
f 8938 8949 8948
f 8939 8940 8950
f 8939 8950 8949
f 8940 8941 8951
f 8940 8951 8950
f 8941 8942 8952
f 8941 8952 8951
f 8942 8943 8953
f 8942 8953 8952
f 8943 8944 8954
f 8943 8954 8953
f 8944 8945 8955
f 8944 8955 8954
f 8945 8946 8956
f 8945 8956 8955
f 8946 8937 8947
f 8946 8947 8956
o part_258
v 0.138392 0.364622 -0.096614
v 0.136162 0.364097 -0.098364
v 0.133584 0.364002 -0.099866
v 0.130581 0.364434 -0.101066
v 0.127164 0.365380 -0.101971
v 0.123405 0.366750 -0.102632
v 0.119427 0.368391 -0.103136
v 0.115385 0.370111 -0.103596
v 0.111453 0.371695 -0.104133
v 0.107798 0.372936 -0.104868
v 0.104564 0.373655 -0.105903
v 0.101858 0.373719 -0.107315
v 0.099737 0.373059 -0.109143
v 0.098200 0.371674 -0.111387
v 0.097191 0.369634 -0.114008
v 0.096604 0.367072 -0.116929
v 0.096293 0.364167 -0.120048
v 0.096092 0.361127 -0.123244
v 0.095827 0.358164 -0.126395
v 0.095344 0.355474 -0.129390
v 0.094519 0.353207 -0.132142
v 0.093278 0.351454 -0.134598
v 0.091614 0.350228 -0.136751
v 0.089601 0.349432 -0.138657
v 0.091832 0.349957 -0.136906
v 0.094410 0.350052 -0.135404
v 0.097412 0.349620 -0.134204
v 0.100829 0.348674 -0.133299
v 0.104589 0.347304 -0.132639
v 0.108567 0.345663 -0.132134
v 0.112608 0.343943 -0.131674
v 0.116540 0.342359 -0.131137
v 0.120196 0.341118 -0.130402
v 0.123430 0.340399 -0.129367
v 0.126136 0.340335 -0.127956
v 0.128257 0.340995 -0.126128
v 0.129794 0.342380 -0.123883
v 0.130803 0.344420 -0.121262
v 0.131390 0.346982 -0.118341
v 0.131700 0.349887 -0.115223
v 0.131902 0.352927 -0.112027
v 0.132166 0.355890 -0.108875
v 0.132649 0.358580 -0.105880
v 0.133475 0.360847 -0.103128
v 0.134715 0.362600 -0.100673
v 0.136380 0.363826 -0.098519
f 8957 8958 8959
f 8957 8959 8958
f 8957 8959 8960
f 8957 8960 8959
f 8957 8960 8961
f 8957 8961 8960
f 8957 8961 8962
f 8957 8962 8961
f 8957 8962 8963
f 8957 8963 8962
f 8957 8963 8964
f 8957 8964 8963
f 8957 8964 8965
f 8957 8965 8964
f 8957 8965 8966
f 8957 8966 8965
f 8957 8966 8967
f 8957 8967 8966
f 8957 8967 8968
f 8957 8968 8967
f 8957 8968 8969
f 8957 8969 8968
f 8957 8969 8970
f 8957 8970 8969
f 8957 8970 8971
f 8957 8971 8970
f 8957 8971 8972
f 8957 8972 8971
f 8957 8972 8973
f 8957 8973 8972
f 8957 8973 8974
f 8957 8974 8973
f 8957 8974 8975
f 8957 8975 8974
f 8957 8975 8976
f 8957 8976 8975
f 8957 8976 8977
f 8957 8977 8976
f 8957 8977 8978
f 8957 8978 8977
f 8957 8978 8979
f 8957 8979 8978
f 8957 8979 8980
f 8957 8980 8979
f 8957 8980 8981
f 8957 8981 8980
f 8957 8981 8982
f 8957 8982 8981
f 8957 8982 8983
f 8957 8983 8982
f 8957 8983 8984
f 8957 8984 8983
f 8957 8984 8985
f 8957 8985 8984
f 8957 8985 8986
f 8957 8986 8985
f 8957 8986 8987
f 8957 8987 8986
f 8957 8987 8988
f 8957 8988 8987
f 8957 8988 8989
f 8957 8989 8988
f 8957 8989 8990
f 8957 8990 8989
f 8957 8990 8991
f 8957 8991 8990
f 8957 8991 8992
f 8957 8992 8991
f 8957 8992 8993
f 8957 8993 8992
f 8957 8993 8994
f 8957 8994 8993
f 8957 8994 8995
f 8957 8995 8994
f 8957 8995 8996
f 8957 8996 8995
f 8957 8996 8997
f 8957 8997 8996
f 8957 8997 8998
f 8957 8998 8997
f 8957 8998 8999
f 8957 8999 8998
f 8957 8999 9000
f 8957 9000 8999
f 8957 9000 9001
f 8957 9001 9000
f 8957 9001 9002
f 8957 9002 9001
o part_259
v 0.138392 0.364622 -0.096614
v 0.139116 0.364236 -0.094729
v 0.140044 0.363620 -0.092957
v 0.141276 0.362660 -0.091353
v 0.142851 0.361314 -0.089938
v 0.144740 0.359613 -0.088697
v 0.146862 0.357649 -0.087584
v 0.149090 0.355564 -0.086530
v 0.151274 0.353530 -0.085451
v 0.153255 0.351725 -0.084260
v 0.154891 0.350309 -0.082880
v 0.156077 0.349402 -0.081250
v 0.156755 0.349068 -0.079340
v 0.156924 0.349308 -0.077149
v 0.156643 0.350057 -0.074710
v 0.156017 0.351194 -0.072081
v 0.155189 0.352561 -0.069339
v 0.154316 0.353978 -0.066573
v 0.153549 0.355275 -0.063866
v 0.153015 0.356309 -0.061287
v 0.152796 0.356987 -0.058882
v 0.152919 0.357280 -0.056666
v 0.153347 0.357229 -0.054618
v 0.153978 0.356947 -0.052682
v 0.153254 0.357334 -0.054566
v 0.152326 0.357949 -0.056339
v 0.151093 0.358910 -0.057942
v 0.149519 0.360255 -0.059357
v 0.147630 0.361957 -0.060599
v 0.145508 0.363921 -0.061712
v 0.143279 0.366006 -0.062765
v 0.141096 0.368039 -0.063844
v 0.139115 0.369844 -0.065035
v 0.137478 0.371260 -0.066416
v 0.136293 0.372168 -0.068045
v 0.135615 0.372501 -0.069955
v 0.135446 0.372261 -0.072146
v 0.135727 0.371513 -0.074585
v 0.136352 0.370375 -0.077215
v 0.137181 0.369009 -0.079956
v 0.138054 0.367591 -0.082722
v 0.138821 0.366294 -0.085430
v 0.139355 0.365260 -0.088008
v 0.139574 0.364582 -0.090413
v 0.139451 0.364289 -0.092630
v 0.139023 0.364341 -0.094678
f 9003 9004 9005
f 9003 9005 9004
f 9003 9005 9006
f 9003 9006 9005
f 9003 9006 9007
f 9003 9007 9006
f 9003 9007 9008
f 9003 9008 9007
f 9003 9008 9009
f 9003 9009 9008
f 9003 9009 9010
f 9003 9010 9009
f 9003 9010 9011
f 9003 9011 9010
f 9003 9011 9012
f 9003 9012 9011
f 9003 9012 9013
f 9003 9013 9012
f 9003 9013 9014
f 9003 9014 9013
f 9003 9014 9015
f 9003 9015 9014
f 9003 9015 9016
f 9003 9016 9015
f 9003 9016 9017
f 9003 9017 9016
f 9003 9017 9018
f 9003 9018 9017
f 9003 9018 9019
f 9003 9019 9018
f 9003 9019 9020
f 9003 9020 9019
f 9003 9020 9021
f 9003 9021 9020
f 9003 9021 9022
f 9003 9022 9021
f 9003 9022 9023
f 9003 9023 9022
f 9003 9023 9024
f 9003 9024 9023
f 9003 9024 9025
f 9003 9025 9024
f 9003 9025 9026
f 9003 9026 9025
f 9003 9026 9027
f 9003 9027 9026
f 9003 9027 9028
f 9003 9028 9027
f 9003 9028 9029
f 9003 9029 9028
f 9003 9029 9030
f 9003 9030 9029
f 9003 9030 9031
f 9003 9031 9030
f 9003 9031 9032
f 9003 9032 9031
f 9003 9032 9033
f 9003 9033 9032
f 9003 9033 9034
f 9003 9034 9033
f 9003 9034 9035
f 9003 9035 9034
f 9003 9035 9036
f 9003 9036 9035
f 9003 9036 9037
f 9003 9037 9036
f 9003 9037 9038
f 9003 9038 9037
f 9003 9038 9039
f 9003 9039 9038
f 9003 9039 9040
f 9003 9040 9039
f 9003 9040 9041
f 9003 9041 9040
f 9003 9041 9042
f 9003 9042 9041
f 9003 9042 9043
f 9003 9043 9042
f 9003 9043 9044
f 9003 9044 9043
f 9003 9044 9045
f 9003 9045 9044
f 9003 9045 9046
f 9003 9046 9045
f 9003 9046 9047
f 9003 9047 9046
f 9003 9047 9048
f 9003 9048 9047
o part_260
v 0.130009 0.348814 -0.088248
v 0.128750 0.351142 -0.088969
v 0.126433 0.352445 -0.088192
v 0.124243 0.352445 -0.086589
v 0.122801 0.351142 -0.084616
v 0.123107 0.348814 -0.083198
v 0.124365 0.346487 -0.082478
v 0.126682 0.345183 -0.083255
v 0.128873 0.345183 -0.084858
v 0.130315 0.346487 -0.086831
v 0.140321 0.359815 -0.071838
v 0.139465 0.361398 -0.072327
v 0.137889 0.362284 -0.071799
v 0.136400 0.362284 -0.070709
v 0.135420 0.361398 -0.069367
v 0.135627 0.359815 -0.068404
v 0.136483 0.358232 -0.067914
v 0.138059 0.357346 -0.068442
v 0.139549 0.357346 -0.069532
v 0.140529 0.358232 -0.070874
f 9049 9050 9060
f 9049 9060 9059
f 9050 9051 9061
f 9050 9061 9060
f 9051 9052 9062
f 9051 9062 9061
f 9052 9053 9063
f 9052 9063 9062
f 9053 9054 9064
f 9053 9064 9063
f 9054 9055 9065
f 9054 9065 9064
f 9055 9056 9066
f 9055 9066 9065
f 9056 9057 9067
f 9056 9067 9066
f 9057 9058 9068
f 9057 9068 9067
f 9058 9049 9059
f 9058 9059 9068
o part_261
v 0.137974 0.359815 -0.070121
v 0.139703 0.359766 -0.072185
v 0.141249 0.360414 -0.074609
v 0.142647 0.361629 -0.077324
v 0.143935 0.363271 -0.080258
v 0.145152 0.365180 -0.083329
v 0.146344 0.367185 -0.086450
v 0.147557 0.369113 -0.089532
v 0.148833 0.370795 -0.092487
v 0.150212 0.372084 -0.095239
v 0.151726 0.372858 -0.097727
v 0.153396 0.373032 -0.099907
v 0.155235 0.372561 -0.101755
v 0.157241 0.371447 -0.103272
v 0.159404 0.369732 -0.104481
v 0.161702 0.367502 -0.105424
v 0.164102 0.364879 -0.106166
v 0.166566 0.362011 -0.106781
v 0.169050 0.359064 -0.107357
v 0.171510 0.356214 -0.107981
v 0.173899 0.353632 -0.108744
v 0.176177 0.351476 -0.109726
v 0.178308 0.349886 -0.110999
v 0.180256 0.348995 -0.112630
v 0.178528 0.349044 -0.110566
v 0.176981 0.348395 -0.108142
v 0.175583 0.347180 -0.105427
v 0.174296 0.345539 -0.102493
v 0.173078 0.343630 -0.099422
v 0.171886 0.341624 -0.096301
v 0.170674 0.339697 -0.093220
v 0.169397 0.338014 -0.090264
v 0.168018 0.336725 -0.087512
v 0.166504 0.335951 -0.085024
v 0.164834 0.335778 -0.082844
v 0.162996 0.336248 -0.080996
v 0.160989 0.337363 -0.079479
v 0.158826 0.339078 -0.078271
v 0.156529 0.341307 -0.077327
v 0.154128 0.343931 -0.076585
v 0.151664 0.346799 -0.075970
v 0.149180 0.349745 -0.075394
v 0.146720 0.352595 -0.074770
v 0.144331 0.355178 -0.074007
v 0.142053 0.357334 -0.073025
v 0.139922 0.358923 -0.071752
f 9069 9070 9071
f 9069 9071 9070
f 9069 9071 9072
f 9069 9072 9071
f 9069 9072 9073
f 9069 9073 9072
f 9069 9073 9074
f 9069 9074 9073
f 9069 9074 9075
f 9069 9075 9074
f 9069 9075 9076
f 9069 9076 9075
f 9069 9076 9077
f 9069 9077 9076
f 9069 9077 9078
f 9069 9078 9077
f 9069 9078 9079
f 9069 9079 9078
f 9069 9079 9080
f 9069 9080 9079
f 9069 9080 9081
f 9069 9081 9080
f 9069 9081 9082
f 9069 9082 9081
f 9069 9082 9083
f 9069 9083 9082
f 9069 9083 9084
f 9069 9084 9083
f 9069 9084 9085
f 9069 9085 9084
f 9069 9085 9086
f 9069 9086 9085
f 9069 9086 9087
f 9069 9087 9086
f 9069 9087 9088
f 9069 9088 9087
f 9069 9088 9089
f 9069 9089 9088
f 9069 9089 9090
f 9069 9090 9089
f 9069 9090 9091
f 9069 9091 9090
f 9069 9091 9092
f 9069 9092 9091
f 9069 9092 9093
f 9069 9093 9092
f 9069 9093 9094
f 9069 9094 9093
f 9069 9094 9095
f 9069 9095 9094
f 9069 9095 9096
f 9069 9096 9095
f 9069 9096 9097
f 9069 9097 9096
f 9069 9097 9098
f 9069 9098 9097
f 9069 9098 9099
f 9069 9099 9098
f 9069 9099 9100
f 9069 9100 9099
f 9069 9100 9101
f 9069 9101 9100
f 9069 9101 9102
f 9069 9102 9101
f 9069 9102 9103
f 9069 9103 9102
f 9069 9103 9104
f 9069 9104 9103
f 9069 9104 9105
f 9069 9105 9104
f 9069 9105 9106
f 9069 9106 9105
f 9069 9106 9107
f 9069 9107 9106
f 9069 9107 9108
f 9069 9108 9107
f 9069 9108 9109
f 9069 9109 9108
f 9069 9109 9110
f 9069 9110 9109
f 9069 9110 9111
f 9069 9111 9110
f 9069 9111 9112
f 9069 9112 9111
f 9069 9112 9113
f 9069 9113 9112
f 9069 9113 9114
f 9069 9114 9113
o part_262
v 0.137974 0.359815 -0.070121
v 0.136116 0.359646 -0.069196
v 0.134303 0.359335 -0.068203
v 0.132591 0.358701 -0.067058
v 0.131027 0.357597 -0.065689
v 0.129631 0.355959 -0.064066
v 0.128389 0.353831 -0.062210
v 0.127250 0.351374 -0.060199
v 0.126136 0.348841 -0.058151
v 0.124951 0.346531 -0.056209
v 0.123603 0.344741 -0.054514
v 0.122017 0.343705 -0.053177
v 0.120153 0.343554 -0.052261
v 0.118012 0.344288 -0.051765
v 0.115632 0.345777 -0.051628
v 0.113090 0.347785 -0.051737
v 0.110477 0.350017 -0.051952
v 0.107888 0.352172 -0.052131
v 0.105403 0.353998 -0.052154
v 0.103071 0.355335 -0.051944
v 0.100908 0.356137 -0.051481
v 0.098892 0.356470 -0.050794
v 0.096978 0.356479 -0.049954
v 0.095109 0.356347 -0.049046
v 0.096967 0.356515 -0.049971
v 0.098780 0.356827 -0.050964
v 0.100492 0.357461 -0.052109
v 0.102056 0.358564 -0.053478
v 0.103452 0.360203 -0.055101
v 0.104694 0.362331 -0.056956
v 0.105833 0.364787 -0.058968
v 0.106947 0.367321 -0.061016
v 0.108132 0.369631 -0.062958
v 0.109480 0.371421 -0.064653
v 0.111066 0.372456 -0.065989
v 0.112929 0.372607 -0.066906
v 0.115071 0.371873 -0.067402
v 0.117451 0.370385 -0.067539
v 0.119993 0.368377 -0.067430
v 0.122606 0.366144 -0.067214
v 0.125195 0.363989 -0.067036
v 0.127680 0.362163 -0.067013
v 0.130012 0.360826 -0.067222
v 0.132175 0.360024 -0.067686
v 0.134191 0.359692 -0.068373
v 0.136105 0.359682 -0.069213
f 9115 9116 9117
f 9115 9117 9116
f 9115 9117 9118
f 9115 9118 9117
f 9115 9118 9119
f 9115 9119 9118
f 9115 9119 9120
f 9115 9120 9119
f 9115 9120 9121
f 9115 9121 9120
f 9115 9121 9122
f 9115 9122 9121
f 9115 9122 9123
f 9115 9123 9122
f 9115 9123 9124
f 9115 9124 9123
f 9115 9124 9125
f 9115 9125 9124
f 9115 9125 9126
f 9115 9126 9125
f 9115 9126 9127
f 9115 9127 9126
f 9115 9127 9128
f 9115 9128 9127
f 9115 9128 9129
f 9115 9129 9128
f 9115 9129 9130
f 9115 9130 9129
f 9115 9130 9131
f 9115 9131 9130
f 9115 9131 9132
f 9115 9132 9131
f 9115 9132 9133
f 9115 9133 9132
f 9115 9133 9134
f 9115 9134 9133
f 9115 9134 9135
f 9115 9135 9134
f 9115 9135 9136
f 9115 9136 9135
f 9115 9136 9137
f 9115 9137 9136
f 9115 9137 9138
f 9115 9138 9137
f 9115 9138 9139
f 9115 9139 9138
f 9115 9139 9140
f 9115 9140 9139
f 9115 9140 9141
f 9115 9141 9140
f 9115 9141 9142
f 9115 9142 9141
f 9115 9142 9143
f 9115 9143 9142
f 9115 9143 9144
f 9115 9144 9143
f 9115 9144 9145
f 9115 9145 9144
f 9115 9145 9146
f 9115 9146 9145
f 9115 9146 9147
f 9115 9147 9146
f 9115 9147 9148
f 9115 9148 9147
f 9115 9148 9149
f 9115 9149 9148
f 9115 9149 9150
f 9115 9150 9149
f 9115 9150 9151
f 9115 9151 9150
f 9115 9151 9152
f 9115 9152 9151
f 9115 9152 9153
f 9115 9153 9152
f 9115 9153 9154
f 9115 9154 9153
f 9115 9154 9155
f 9115 9155 9154
f 9115 9155 9156
f 9115 9156 9155
f 9115 9156 9157
f 9115 9157 9156
f 9115 9157 9158
f 9115 9158 9157
f 9115 9158 9159
f 9115 9159 9158
f 9115 9159 9160
f 9115 9160 9159
o part_263
v 0.083158 0.340742 -0.082001
v 0.083504 0.343550 -0.079127
v 0.086585 0.345122 -0.076977
v 0.090509 0.345122 -0.076243
v 0.094159 0.343550 -0.077133
v 0.095521 0.340742 -0.079688
v 0.095175 0.337935 -0.082562
v 0.092094 0.336363 -0.084712
v 0.088170 0.336363 -0.085446
v 0.084520 0.337935 -0.084556
v 0.090877 0.371439 -0.112304
v 0.091112 0.373348 -0.110350
v 0.093207 0.374418 -0.108888
v 0.095875 0.374418 -0.108388
v 0.098357 0.373348 -0.108994
v 0.099283 0.371439 -0.110731
v 0.099048 0.369530 -0.112685
v 0.096953 0.368461 -0.114147
v 0.094285 0.368461 -0.114647
v 0.091803 0.369530 -0.114041
f 9161 9162 9172
f 9161 9172 9171
f 9162 9163 9173
f 9162 9173 9172
f 9163 9164 9174
f 9163 9174 9173
f 9164 9165 9175
f 9164 9175 9174
f 9165 9166 9176
f 9165 9176 9175
f 9166 9167 9177
f 9166 9177 9176
f 9167 9168 9178
f 9167 9178 9177
f 9168 9169 9179
f 9168 9179 9178
f 9169 9170 9180
f 9169 9180 9179
f 9170 9161 9171
f 9170 9171 9180
o part_264
v 0.095080 0.371439 -0.111517
v 0.092180 0.371140 -0.111537
v 0.089135 0.371380 -0.111043
v 0.085946 0.372158 -0.110038
v 0.082634 0.373398 -0.108594
v 0.079231 0.374975 -0.106829
v 0.075781 0.376730 -0.104895
v 0.072331 0.378482 -0.102964
v 0.068931 0.380050 -0.101207
v 0.065625 0.381265 -0.099788
v 0.062452 0.381982 -0.098840
v 0.059440 0.382102 -0.098460
v 0.056602 0.381570 -0.098700
v 0.053938 0.380387 -0.099560
v 0.051435 0.378606 -0.100988
v 0.049064 0.376328 -0.102888
v 0.046788 0.373696 -0.105124
v 0.044562 0.370880 -0.107536
v 0.042336 0.368062 -0.109949
v 0.040063 0.365421 -0.112194
v 0.037699 0.363118 -0.114119
v 0.035211 0.361277 -0.115603
v 0.032580 0.359973 -0.116577
v 0.029804 0.359209 -0.117038
v 0.032704 0.359509 -0.117019
v 0.035749 0.359268 -0.117513
v 0.038938 0.358491 -0.118518
v 0.042250 0.357251 -0.119962
v 0.045653 0.355674 -0.121727
v 0.049104 0.353919 -0.123660
v 0.052553 0.352166 -0.125592
v 0.055954 0.350598 -0.127348
v 0.059259 0.349384 -0.128768
v 0.062432 0.348666 -0.129716
v 0.065445 0.348546 -0.130095
v 0.068283 0.349078 -0.129855
v 0.070946 0.350261 -0.128996
v 0.073450 0.352043 -0.127568
v 0.075820 0.354320 -0.125668
v 0.078096 0.356952 -0.123432
v 0.080322 0.359768 -0.121020
v 0.082548 0.362586 -0.118606
v 0.084822 0.365227 -0.116361
v 0.087185 0.367530 -0.114437
v 0.089673 0.369372 -0.112952
v 0.092304 0.370675 -0.111978
f 9181 9182 9183
f 9181 9183 9182
f 9181 9183 9184
f 9181 9184 9183
f 9181 9184 9185
f 9181 9185 9184
f 9181 9185 9186
f 9181 9186 9185
f 9181 9186 9187
f 9181 9187 9186
f 9181 9187 9188
f 9181 9188 9187
f 9181 9188 9189
f 9181 9189 9188
f 9181 9189 9190
f 9181 9190 9189
f 9181 9190 9191
f 9181 9191 9190
f 9181 9191 9192
f 9181 9192 9191
f 9181 9192 9193
f 9181 9193 9192
f 9181 9193 9194
f 9181 9194 9193
f 9181 9194 9195
f 9181 9195 9194
f 9181 9195 9196
f 9181 9196 9195
f 9181 9196 9197
f 9181 9197 9196
f 9181 9197 9198
f 9181 9198 9197
f 9181 9198 9199
f 9181 9199 9198
f 9181 9199 9200
f 9181 9200 9199
f 9181 9200 9201
f 9181 9201 9200
f 9181 9201 9202
f 9181 9202 9201
f 9181 9202 9203
f 9181 9203 9202
f 9181 9203 9204
f 9181 9204 9203
f 9181 9204 9205
f 9181 9205 9204
f 9181 9205 9206
f 9181 9206 9205
f 9181 9206 9207
f 9181 9207 9206
f 9181 9207 9208
f 9181 9208 9207
f 9181 9208 9209
f 9181 9209 9208
f 9181 9209 9210
f 9181 9210 9209
f 9181 9210 9211
f 9181 9211 9210
f 9181 9211 9212
f 9181 9212 9211
f 9181 9212 9213
f 9181 9213 9212
f 9181 9213 9214
f 9181 9214 9213
f 9181 9214 9215
f 9181 9215 9214
f 9181 9215 9216
f 9181 9216 9215
f 9181 9216 9217
f 9181 9217 9216
f 9181 9217 9218
f 9181 9218 9217
f 9181 9218 9219
f 9181 9219 9218
f 9181 9219 9220
f 9181 9220 9219
f 9181 9220 9221
f 9181 9221 9220
f 9181 9221 9222
f 9181 9222 9221
f 9181 9222 9223
f 9181 9223 9222
f 9181 9223 9224
f 9181 9224 9223
f 9181 9224 9225
f 9181 9225 9224
f 9181 9225 9226
f 9181 9226 9225
o part_265
v 0.095080 0.371439 -0.111517
v 0.096710 0.371000 -0.110155
v 0.098413 0.370416 -0.108922
v 0.100267 0.369540 -0.107955
v 0.102326 0.368264 -0.107349
v 0.104606 0.366557 -0.107133
v 0.107080 0.364475 -0.107256
v 0.109674 0.362157 -0.107593
v 0.112284 0.359808 -0.107958
v 0.114790 0.357661 -0.108140
v 0.117077 0.355940 -0.107936
v 0.119055 0.354823 -0.107187
v 0.120674 0.354404 -0.105805
v 0.121934 0.354684 -0.103791
v 0.122884 0.355567 -0.101232
v 0.123616 0.356877 -0.098287
v 0.124244 0.358389 -0.095159
v 0.124887 0.359869 -0.092059
v 0.125652 0.361115 -0.089173
v 0.126610 0.361984 -0.086625
v 0.127788 0.362423 -0.084469
v 0.129172 0.362462 -0.082673
v 0.130707 0.362208 -0.081142
v 0.132315 0.361810 -0.079742
v 0.130685 0.362250 -0.081104
v 0.128982 0.362833 -0.082337
v 0.127128 0.363709 -0.083304
v 0.125069 0.364985 -0.083911
v 0.122788 0.366692 -0.084127
v 0.120315 0.368774 -0.084003
v 0.117721 0.371092 -0.083666
v 0.115111 0.373442 -0.083301
v 0.112605 0.375589 -0.083119
v 0.110318 0.377309 -0.083323
v 0.108340 0.378426 -0.084072
v 0.106721 0.378845 -0.085454
v 0.105461 0.378565 -0.087468
v 0.104510 0.377682 -0.090027
v 0.103779 0.376372 -0.092972
v 0.103151 0.374860 -0.096100
v 0.102507 0.373380 -0.099200
v 0.101743 0.372135 -0.102087
v 0.100785 0.371265 -0.104634
v 0.099606 0.370827 -0.106791
v 0.098223 0.370788 -0.108586
v 0.096688 0.371042 -0.110117
f 9227 9228 9229
f 9227 9229 9228
f 9227 9229 9230
f 9227 9230 9229
f 9227 9230 9231
f 9227 9231 9230
f 9227 9231 9232
f 9227 9232 9231
f 9227 9232 9233
f 9227 9233 9232
f 9227 9233 9234
f 9227 9234 9233
f 9227 9234 9235
f 9227 9235 9234
f 9227 9235 9236
f 9227 9236 9235
f 9227 9236 9237
f 9227 9237 9236
f 9227 9237 9238
f 9227 9238 9237
f 9227 9238 9239
f 9227 9239 9238
f 9227 9239 9240
f 9227 9240 9239
f 9227 9240 9241
f 9227 9241 9240
f 9227 9241 9242
f 9227 9242 9241
f 9227 9242 9243
f 9227 9243 9242
f 9227 9243 9244
f 9227 9244 9243
f 9227 9244 9245
f 9227 9245 9244
f 9227 9245 9246
f 9227 9246 9245
f 9227 9246 9247
f 9227 9247 9246
f 9227 9247 9248
f 9227 9248 9247
f 9227 9248 9249
f 9227 9249 9248
f 9227 9249 9250
f 9227 9250 9249
f 9227 9250 9251
f 9227 9251 9250
f 9227 9251 9252
f 9227 9252 9251
f 9227 9252 9253
f 9227 9253 9252
f 9227 9253 9254
f 9227 9254 9253
f 9227 9254 9255
f 9227 9255 9254
f 9227 9255 9256
f 9227 9256 9255
f 9227 9256 9257
f 9227 9257 9256
f 9227 9257 9258
f 9227 9258 9257
f 9227 9258 9259
f 9227 9259 9258
f 9227 9259 9260
f 9227 9260 9259
f 9227 9260 9261
f 9227 9261 9260
f 9227 9261 9262
f 9227 9262 9261
f 9227 9262 9263
f 9227 9263 9262
f 9227 9263 9264
f 9227 9264 9263
f 9227 9264 9265
f 9227 9265 9264
f 9227 9265 9266
f 9227 9266 9265
f 9227 9266 9267
f 9227 9267 9266
f 9227 9267 9268
f 9227 9268 9267
f 9227 9268 9269
f 9227 9269 9268
f 9227 9269 9270
f 9227 9270 9269
f 9227 9270 9271
f 9227 9271 9270
f 9227 9271 9272
f 9227 9272 9271
o part_266
v 0.091087 0.371439 -0.113047
v 0.091777 0.374089 -0.113198
v 0.094029 0.375573 -0.112569
v 0.096564 0.375573 -0.111598
v 0.098661 0.374089 -0.110562
v 0.099074 0.371439 -0.109988
v 0.098383 0.368790 -0.109837
v 0.096131 0.367306 -0.110466
v 0.093596 0.367306 -0.111437
v 0.091499 0.368790 -0.112473
v 0.101224 0.367808 -0.135696
v 0.101694 0.369610 -0.135799
v 0.103225 0.370619 -0.135371
v 0.104949 0.370619 -0.134711
v 0.106375 0.369610 -0.134006
v 0.106656 0.367808 -0.133616
v 0.106186 0.366006 -0.133513
v 0.104655 0.364997 -0.133941
v 0.102931 0.364997 -0.134601
v 0.101505 0.366006 -0.135306
f 9273 9274 9284
f 9273 9284 9283
f 9274 9275 9285
f 9274 9285 9284
f 9275 9276 9286
f 9275 9286 9285
f 9276 9277 9287
f 9276 9287 9286
f 9277 9278 9288
f 9277 9288 9287
f 9278 9279 9289
f 9278 9289 9288
f 9279 9280 9290
f 9279 9290 9289
f 9280 9281 9291
f 9280 9291 9290
f 9281 9282 9292
f 9281 9292 9291
f 9282 9273 9283
f 9282 9283 9292
o part_267
v 0.103940 0.367808 -0.134656
v 0.100981 0.368020 -0.134087
v 0.097893 0.369095 -0.133702
v 0.094697 0.370888 -0.133472
v 0.091419 0.373231 -0.133360
v 0.088087 0.375925 -0.133323
v 0.084735 0.378755 -0.133315
v 0.081397 0.381497 -0.133288
v 0.078103 0.383937 -0.133197
v 0.074885 0.385882 -0.132999
v 0.071763 0.387176 -0.132662
v 0.068757 0.387707 -0.132161
v 0.065874 0.387419 -0.131485
v 0.063113 0.386312 -0.130632
v 0.060468 0.384442 -0.129616
v 0.057920 0.381920 -0.128461
v 0.055447 0.378904 -0.127199
v 0.053018 0.375586 -0.125872
v 0.050604 0.372180 -0.124527
v 0.048168 0.368909 -0.123211
v 0.045680 0.365990 -0.121970
v 0.043110 0.363621 -0.120847
v 0.040431 0.361969 -0.119878
v 0.037623 0.361181 -0.119094
v 0.040581 0.360969 -0.119664
v 0.043670 0.359894 -0.120048
v 0.046866 0.358101 -0.120278
v 0.050144 0.355759 -0.120390
v 0.053476 0.353064 -0.120427
v 0.056828 0.350234 -0.120435
v 0.060166 0.347492 -0.120462
v 0.063459 0.345052 -0.120553
v 0.066678 0.343107 -0.120751
v 0.069799 0.341813 -0.121088
v 0.072806 0.341282 -0.121589
v 0.075689 0.341570 -0.122266
v 0.078449 0.342678 -0.123118
v 0.081095 0.344548 -0.124134
v 0.083643 0.347069 -0.125289
v 0.086116 0.350085 -0.126551
v 0.088544 0.353404 -0.127878
v 0.090959 0.356810 -0.129223
v 0.093394 0.360080 -0.130539
v 0.095883 0.362999 -0.131780
v 0.098453 0.365368 -0.132903
v 0.101132 0.367020 -0.133872
f 9293 9294 9295
f 9293 9295 9294
f 9293 9295 9296
f 9293 9296 9295
f 9293 9296 9297
f 9293 9297 9296
f 9293 9297 9298
f 9293 9298 9297
f 9293 9298 9299
f 9293 9299 9298
f 9293 9299 9300
f 9293 9300 9299
f 9293 9300 9301
f 9293 9301 9300
f 9293 9301 9302
f 9293 9302 9301
f 9293 9302 9303
f 9293 9303 9302
f 9293 9303 9304
f 9293 9304 9303
f 9293 9304 9305
f 9293 9305 9304
f 9293 9305 9306
f 9293 9306 9305
f 9293 9306 9307
f 9293 9307 9306
f 9293 9307 9308
f 9293 9308 9307
f 9293 9308 9309
f 9293 9309 9308
f 9293 9309 9310
f 9293 9310 9309
f 9293 9310 9311
f 9293 9311 9310
f 9293 9311 9312
f 9293 9312 9311
f 9293 9312 9313
f 9293 9313 9312
f 9293 9313 9314
f 9293 9314 9313
f 9293 9314 9315
f 9293 9315 9314
f 9293 9315 9316
f 9293 9316 9315
f 9293 9316 9317
f 9293 9317 9316
f 9293 9317 9318
f 9293 9318 9317
f 9293 9318 9319
f 9293 9319 9318
f 9293 9319 9320
f 9293 9320 9319
f 9293 9320 9321
f 9293 9321 9320
f 9293 9321 9322
f 9293 9322 9321
f 9293 9322 9323
f 9293 9323 9322
f 9293 9323 9324
f 9293 9324 9323
f 9293 9324 9325
f 9293 9325 9324
f 9293 9325 9326
f 9293 9326 9325
f 9293 9326 9327
f 9293 9327 9326
f 9293 9327 9328
f 9293 9328 9327
f 9293 9328 9329
f 9293 9329 9328
f 9293 9329 9330
f 9293 9330 9329
f 9293 9330 9331
f 9293 9331 9330
f 9293 9331 9332
f 9293 9332 9331
f 9293 9332 9333
f 9293 9333 9332
f 9293 9333 9334
f 9293 9334 9333
f 9293 9334 9335
f 9293 9335 9334
f 9293 9335 9336
f 9293 9336 9335
f 9293 9336 9337
f 9293 9337 9336
f 9293 9337 9338
f 9293 9338 9337
o part_268
v 0.092104 0.371439 -0.108447
v 0.094076 0.373003 -0.107358
v 0.096571 0.373878 -0.108182
v 0.098460 0.373878 -0.110132
v 0.099206 0.373003 -0.112651
v 0.098056 0.371439 -0.114588
v 0.096084 0.369876 -0.115677
v 0.093589 0.369001 -0.114853
v 0.091700 0.369001 -0.112903
v 0.090954 0.369876 -0.110384
v 0.081934 0.392982 -0.120209
v 0.083275 0.394045 -0.119469
v 0.084971 0.394640 -0.120029
v 0.086256 0.394640 -0.121355
v 0.086763 0.394045 -0.123068
v 0.085981 0.392982 -0.124385
v 0.084640 0.391919 -0.125126
v 0.082944 0.391323 -0.124565
v 0.081659 0.391323 -0.123240
v 0.081151 0.391919 -0.121526
f 9339 9340 9350
f 9339 9350 9349
f 9340 9341 9351
f 9340 9351 9350
f 9341 9342 9352
f 9341 9352 9351
f 9342 9343 9353
f 9342 9353 9352
f 9343 9344 9354
f 9343 9354 9353
f 9344 9345 9355
f 9344 9355 9354
f 9345 9346 9356
f 9345 9356 9355
f 9346 9347 9357
f 9346 9357 9356
f 9347 9348 9358
f 9347 9358 9357
f 9348 9339 9349
f 9348 9349 9358
o part_269
v 0.083957 0.392982 -0.122297
v 0.083081 0.392185 -0.120306
v 0.082543 0.391786 -0.117869
v 0.082285 0.391717 -0.115064
v 0.082241 0.391898 -0.111977
v 0.082334 0.392241 -0.108710
v 0.082479 0.392644 -0.105374
v 0.082589 0.393007 -0.102084
v 0.082581 0.393231 -0.098950
v 0.082379 0.393227 -0.096070
v 0.081923 0.392925 -0.093526
v 0.081170 0.392273 -0.091373
v 0.080097 0.391245 -0.089640
v 0.078704 0.389842 -0.088329
v 0.077014 0.388089 -0.087410
v 0.075070 0.386037 -0.086825
v 0.072932 0.383758 -0.086495
v 0.070676 0.381340 -0.086320
v 0.068385 0.378882 -0.086192
v 0.066146 0.376484 -0.085994
v 0.064044 0.374247 -0.085617
v 0.062156 0.372261 -0.084958
v 0.060548 0.370605 -0.083930
v 0.059278 0.369346 -0.082457
v 0.060154 0.370143 -0.084449
v 0.060692 0.370541 -0.086885
v 0.060950 0.370611 -0.089691
v 0.060994 0.370430 -0.092778
v 0.060901 0.370087 -0.096045
v 0.060757 0.369684 -0.099381
v 0.060646 0.369321 -0.102670
v 0.060655 0.369097 -0.105805
v 0.060856 0.369101 -0.108684
v 0.061312 0.369403 -0.111229
v 0.062065 0.370055 -0.113382
v 0.063138 0.371082 -0.115114
v 0.064531 0.372486 -0.116425
v 0.066221 0.374239 -0.117345
v 0.068166 0.376290 -0.117930
v 0.070303 0.378569 -0.118260
v 0.072560 0.380987 -0.118434
v 0.074851 0.383446 -0.118563
v 0.077089 0.385844 -0.118760
v 0.079191 0.388081 -0.119137
v 0.081080 0.390066 -0.119796
v 0.082687 0.391723 -0.120824
f 9359 9360 9361
f 9359 9361 9360
f 9359 9361 9362
f 9359 9362 9361
f 9359 9362 9363
f 9359 9363 9362
f 9359 9363 9364
f 9359 9364 9363
f 9359 9364 9365
f 9359 9365 9364
f 9359 9365 9366
f 9359 9366 9365
f 9359 9366 9367
f 9359 9367 9366
f 9359 9367 9368
f 9359 9368 9367
f 9359 9368 9369
f 9359 9369 9368
f 9359 9369 9370
f 9359 9370 9369
f 9359 9370 9371
f 9359 9371 9370
f 9359 9371 9372
f 9359 9372 9371
f 9359 9372 9373
f 9359 9373 9372
f 9359 9373 9374
f 9359 9374 9373
f 9359 9374 9375
f 9359 9375 9374
f 9359 9375 9376
f 9359 9376 9375
f 9359 9376 9377
f 9359 9377 9376
f 9359 9377 9378
f 9359 9378 9377
f 9359 9378 9379
f 9359 9379 9378
f 9359 9379 9380
f 9359 9380 9379
f 9359 9380 9381
f 9359 9381 9380
f 9359 9381 9382
f 9359 9382 9381
f 9359 9382 9383
f 9359 9383 9382
f 9359 9383 9384
f 9359 9384 9383
f 9359 9384 9385
f 9359 9385 9384
f 9359 9385 9386
f 9359 9386 9385
f 9359 9386 9387
f 9359 9387 9386
f 9359 9387 9388
f 9359 9388 9387
f 9359 9388 9389
f 9359 9389 9388
f 9359 9389 9390
f 9359 9390 9389
f 9359 9390 9391
f 9359 9391 9390
f 9359 9391 9392
f 9359 9392 9391
f 9359 9392 9393
f 9359 9393 9392
f 9359 9393 9394
f 9359 9394 9393
f 9359 9394 9395
f 9359 9395 9394
f 9359 9395 9396
f 9359 9396 9395
f 9359 9396 9397
f 9359 9397 9396
f 9359 9397 9398
f 9359 9398 9397
f 9359 9398 9399
f 9359 9399 9398
f 9359 9399 9400
f 9359 9400 9399
f 9359 9400 9401
f 9359 9401 9400
f 9359 9401 9402
f 9359 9402 9401
f 9359 9402 9403
f 9359 9403 9402
f 9359 9403 9404
f 9359 9404 9403
o part_270
v 0.095044 0.371439 -0.115794
v 0.092999 0.373163 -0.115186
v 0.091871 0.374128 -0.112848
v 0.091894 0.374128 -0.110133
v 0.093062 0.373163 -0.107814
v 0.095116 0.371439 -0.107241
v 0.097161 0.369716 -0.107849
v 0.098289 0.368751 -0.110187
v 0.098266 0.368751 -0.112902
v 0.097098 0.369716 -0.115220
v 0.112074 0.391679 -0.114569
v 0.110684 0.392851 -0.114156
v 0.109917 0.393507 -0.112566
v 0.109933 0.393507 -0.110720
v 0.110727 0.392851 -0.109144
v 0.112124 0.391679 -0.108754
v 0.113514 0.390507 -0.109167
v 0.114281 0.389850 -0.110757
v 0.114265 0.389850 -0.112603
v 0.113471 0.390507 -0.114180
f 9405 9406 9416
f 9405 9416 9415
f 9406 9407 9417
f 9406 9417 9416
f 9407 9408 9418
f 9407 9418 9417
f 9408 9409 9419
f 9408 9419 9418
f 9409 9410 9420
f 9409 9420 9419
f 9410 9411 9421
f 9410 9421 9420
f 9411 9412 9422
f 9411 9422 9421
f 9412 9413 9423
f 9412 9423 9422
f 9413 9414 9424
f 9413 9424 9423
f 9414 9405 9415
f 9414 9415 9424
o part_271
v 0.112099 0.391679 -0.111662
v 0.111053 0.391373 -0.113230
v 0.109766 0.391271 -0.114696
v 0.108139 0.391457 -0.116015
v 0.106145 0.391951 -0.117178
v 0.103827 0.392720 -0.118201
v 0.101276 0.393685 -0.119124
v 0.098630 0.394730 -0.120007
v 0.096047 0.395722 -0.120917
v 0.093688 0.396525 -0.121923
v 0.091697 0.397017 -0.123086
v 0.090180 0.397109 -0.124453
v 0.089196 0.396752 -0.126048
v 0.088743 0.395947 -0.127871
v 0.088765 0.394740 -0.129897
v 0.089154 0.393224 -0.132081
v 0.089768 0.391518 -0.134361
v 0.090445 0.389759 -0.136667
v 0.091026 0.388080 -0.138933
v 0.091375 0.386597 -0.141100
v 0.091399 0.385389 -0.143127
v 0.091057 0.384490 -0.144997
v 0.090375 0.383878 -0.146722
v 0.089451 0.383469 -0.148343
v 0.090497 0.383775 -0.146774
v 0.091784 0.383877 -0.145309
v 0.093412 0.383691 -0.143989
v 0.095405 0.383197 -0.142827
v 0.097724 0.382428 -0.141804
v 0.100274 0.381463 -0.140880
v 0.102920 0.380418 -0.139997
v 0.105503 0.379426 -0.139087
v 0.107862 0.378623 -0.138081
v 0.109853 0.378131 -0.136918
v 0.111370 0.378039 -0.135551
v 0.112354 0.378396 -0.133956
v 0.112807 0.379201 -0.132133
v 0.112786 0.380408 -0.130107
v 0.112396 0.381924 -0.127924
v 0.111782 0.383630 -0.125644
v 0.111106 0.385389 -0.123337
v 0.110525 0.387068 -0.121071
v 0.110175 0.388551 -0.118904
v 0.110151 0.389759 -0.116877
v 0.110493 0.390658 -0.115007
v 0.111175 0.391270 -0.113283
f 9425 9426 9427
f 9425 9427 9426
f 9425 9427 9428
f 9425 9428 9427
f 9425 9428 9429
f 9425 9429 9428
f 9425 9429 9430
f 9425 9430 9429
f 9425 9430 9431
f 9425 9431 9430
f 9425 9431 9432
f 9425 9432 9431
f 9425 9432 9433
f 9425 9433 9432
f 9425 9433 9434
f 9425 9434 9433
f 9425 9434 9435
f 9425 9435 9434
f 9425 9435 9436
f 9425 9436 9435
f 9425 9436 9437
f 9425 9437 9436
f 9425 9437 9438
f 9425 9438 9437
f 9425 9438 9439
f 9425 9439 9438
f 9425 9439 9440
f 9425 9440 9439
f 9425 9440 9441
f 9425 9441 9440
f 9425 9441 9442
f 9425 9442 9441
f 9425 9442 9443
f 9425 9443 9442
f 9425 9443 9444
f 9425 9444 9443
f 9425 9444 9445
f 9425 9445 9444
f 9425 9445 9446
f 9425 9446 9445
f 9425 9446 9447
f 9425 9447 9446
f 9425 9447 9448
f 9425 9448 9447
f 9425 9448 9449
f 9425 9449 9448
f 9425 9449 9450
f 9425 9450 9449
f 9425 9450 9451
f 9425 9451 9450
f 9425 9451 9452
f 9425 9452 9451
f 9425 9452 9453
f 9425 9453 9452
f 9425 9453 9454
f 9425 9454 9453
f 9425 9454 9455
f 9425 9455 9454
f 9425 9455 9456
f 9425 9456 9455
f 9425 9456 9457
f 9425 9457 9456
f 9425 9457 9458
f 9425 9458 9457
f 9425 9458 9459
f 9425 9459 9458
f 9425 9459 9460
f 9425 9460 9459
f 9425 9460 9461
f 9425 9461 9460
f 9425 9461 9462
f 9425 9462 9461
f 9425 9462 9463
f 9425 9463 9462
f 9425 9463 9464
f 9425 9464 9463
f 9425 9464 9465
f 9425 9465 9464
f 9425 9465 9466
f 9425 9466 9465
f 9425 9466 9467
f 9425 9467 9466
f 9425 9467 9468
f 9425 9468 9467
f 9425 9468 9469
f 9425 9469 9468
f 9425 9469 9470
f 9425 9470 9469
o part_272
v 0.095575 0.340742 -0.081662
v 0.094351 0.343518 -0.084319
v 0.090752 0.345072 -0.085425
v 0.086794 0.345072 -0.084906
v 0.083602 0.343518 -0.082910
v 0.083104 0.340742 -0.080027
v 0.084328 0.337967 -0.077370
v 0.087927 0.336413 -0.076264
v 0.091885 0.336413 -0.076783
v 0.095077 0.337967 -0.078779
v 0.097038 0.367535 -0.055007
v 0.096206 0.369423 -0.056814
v 0.093759 0.370480 -0.057566
v 0.091067 0.370480 -0.057213
v 0.088897 0.369423 -0.055856
v 0.088558 0.367535 -0.053896
v 0.089390 0.365648 -0.052089
v 0.091837 0.364591 -0.051337
v 0.094529 0.364591 -0.051689
v 0.096699 0.365648 -0.053047
f 9471 9472 9482
f 9471 9482 9481
f 9472 9473 9483
f 9472 9483 9482
f 9473 9474 9484
f 9473 9484 9483
f 9474 9475 9485
f 9474 9485 9484
f 9475 9476 9486
f 9475 9486 9485
f 9476 9477 9487
f 9476 9487 9486
f 9477 9478 9488
f 9477 9488 9487
f 9478 9479 9489
f 9478 9489 9488
f 9479 9480 9490
f 9479 9490 9489
f 9480 9471 9481
f 9480 9481 9490
o part_273
v 0.092798 0.367535 -0.054451
v 0.095058 0.366333 -0.054841
v 0.097436 0.365412 -0.055532
v 0.099985 0.364904 -0.056664
v 0.102723 0.364846 -0.058278
v 0.105632 0.365199 -0.060331
v 0.108665 0.365848 -0.062702
v 0.111752 0.366627 -0.065211
v 0.114810 0.367338 -0.067648
v 0.117755 0.367777 -0.069793
v 0.120511 0.367761 -0.071453
v 0.123019 0.367155 -0.072480
v 0.125251 0.365885 -0.072797
v 0.127206 0.363950 -0.072403
v 0.128914 0.361425 -0.071378
v 0.130432 0.358446 -0.069866
v 0.131837 0.355194 -0.068063
v 0.133213 0.351874 -0.066187
v 0.134644 0.348684 -0.064450
v 0.136198 0.345791 -0.063031
v 0.137924 0.343308 -0.062050
v 0.139837 0.341275 -0.061552
v 0.141923 0.339655 -0.061495
v 0.144126 0.338317 -0.061739
v 0.141867 0.339520 -0.061350
v 0.139489 0.340440 -0.060658
v 0.136939 0.340949 -0.059527
v 0.134201 0.341006 -0.057912
v 0.131292 0.340654 -0.055859
v 0.128260 0.340005 -0.053489
v 0.125172 0.339225 -0.050979
v 0.122114 0.338514 -0.048542
v 0.119169 0.338075 -0.046397
v 0.116413 0.338091 -0.044738
v 0.113905 0.338697 -0.043711
v 0.111673 0.339968 -0.043394
v 0.109718 0.341902 -0.043787
v 0.108010 0.344427 -0.044813
v 0.106492 0.347407 -0.046324
v 0.105087 0.350658 -0.048127
v 0.103711 0.353979 -0.050003
v 0.102281 0.357169 -0.051740
v 0.100726 0.360062 -0.053159
v 0.099001 0.362545 -0.054140
v 0.097087 0.364577 -0.054638
v 0.095001 0.366197 -0.054696
f 9491 9492 9493
f 9491 9493 9492
f 9491 9493 9494
f 9491 9494 9493
f 9491 9494 9495
f 9491 9495 9494
f 9491 9495 9496
f 9491 9496 9495
f 9491 9496 9497
f 9491 9497 9496
f 9491 9497 9498
f 9491 9498 9497
f 9491 9498 9499
f 9491 9499 9498
f 9491 9499 9500
f 9491 9500 9499
f 9491 9500 9501
f 9491 9501 9500
f 9491 9501 9502
f 9491 9502 9501
f 9491 9502 9503
f 9491 9503 9502
f 9491 9503 9504
f 9491 9504 9503
f 9491 9504 9505
f 9491 9505 9504
f 9491 9505 9506
f 9491 9506 9505
f 9491 9506 9507
f 9491 9507 9506
f 9491 9507 9508
f 9491 9508 9507
f 9491 9508 9509
f 9491 9509 9508
f 9491 9509 9510
f 9491 9510 9509
f 9491 9510 9511
f 9491 9511 9510
f 9491 9511 9512
f 9491 9512 9511
f 9491 9512 9513
f 9491 9513 9512
f 9491 9513 9514
f 9491 9514 9513
f 9491 9514 9515
f 9491 9515 9514
f 9491 9515 9516
f 9491 9516 9515
f 9491 9516 9517
f 9491 9517 9516
f 9491 9517 9518
f 9491 9518 9517
f 9491 9518 9519
f 9491 9519 9518
f 9491 9519 9520
f 9491 9520 9519
f 9491 9520 9521
f 9491 9521 9520
f 9491 9521 9522
f 9491 9522 9521
f 9491 9522 9523
f 9491 9523 9522
f 9491 9523 9524
f 9491 9524 9523
f 9491 9524 9525
f 9491 9525 9524
f 9491 9525 9526
f 9491 9526 9525
f 9491 9526 9527
f 9491 9527 9526
f 9491 9527 9528
f 9491 9528 9527
f 9491 9528 9529
f 9491 9529 9528
f 9491 9529 9530
f 9491 9530 9529
f 9491 9530 9531
f 9491 9531 9530
f 9491 9531 9532
f 9491 9532 9531
f 9491 9532 9533
f 9491 9533 9532
f 9491 9533 9534
f 9491 9534 9533
f 9491 9534 9535
f 9491 9535 9534
f 9491 9535 9536
f 9491 9536 9535
o part_274
v 0.097019 0.367535 -0.055133
v 0.096509 0.370175 -0.054591
v 0.094251 0.371653 -0.053969
v 0.091571 0.371653 -0.053536
v 0.089232 0.370175 -0.053416
v 0.088576 0.367535 -0.053769
v 0.089087 0.364896 -0.054311
v 0.091345 0.363418 -0.054933
v 0.094025 0.363418 -0.055366
v 0.096364 0.364896 -0.055487
v 0.098842 0.364116 -0.035276
v 0.098494 0.365910 -0.034908
v 0.096959 0.366915 -0.034485
v 0.095137 0.366915 -0.034190
v 0.093546 0.365910 -0.034108
v 0.093100 0.364116 -0.034349
v 0.093448 0.362321 -0.034717
v 0.094983 0.361316 -0.035140
v 0.096805 0.361316 -0.035435
v 0.098396 0.362321 -0.035517
f 9537 9538 9548
f 9537 9548 9547
f 9538 9539 9549
f 9538 9549 9548
f 9539 9540 9550
f 9539 9550 9549
f 9540 9541 9551
f 9540 9551 9550
f 9541 9542 9552
f 9541 9552 9551
f 9542 9543 9553
f 9542 9553 9552
f 9543 9544 9554
f 9543 9554 9553
f 9544 9545 9555
f 9544 9555 9554
f 9545 9546 9556
f 9545 9556 9555
f 9546 9537 9547
f 9546 9547 9556
o part_275
v 0.095971 0.364116 -0.034813
v 0.097439 0.364702 -0.036096
v 0.098874 0.365455 -0.037345
v 0.100235 0.366570 -0.038519
v 0.101492 0.368199 -0.039588
v 0.102634 0.370399 -0.040537
v 0.103673 0.373112 -0.041381
v 0.104643 0.376161 -0.042156
v 0.105600 0.379276 -0.042916
v 0.106608 0.382140 -0.043729
v 0.107729 0.384444 -0.044657
v 0.109012 0.385945 -0.045752
v 0.110485 0.386509 -0.047040
v 0.112147 0.386136 -0.048522
v 0.113971 0.384960 -0.050170
v 0.115908 0.383224 -0.051934
v 0.117897 0.381237 -0.053749
v 0.119871 0.379316 -0.055551
v 0.121778 0.377731 -0.057284
v 0.123582 0.376658 -0.058911
v 0.125269 0.376158 -0.060419
v 0.126853 0.376171 -0.061821
v 0.128364 0.376545 -0.063148
v 0.129841 0.377087 -0.064441
v 0.128373 0.376501 -0.063157
v 0.126939 0.375748 -0.061908
v 0.125578 0.374633 -0.060734
v 0.124320 0.373004 -0.059666
v 0.123178 0.370804 -0.058716
v 0.122140 0.368091 -0.057872
v 0.121169 0.365042 -0.057098
v 0.120212 0.361927 -0.056337
v 0.119204 0.359063 -0.055525
v 0.118083 0.356759 -0.054596
v 0.116800 0.355257 -0.053502
v 0.115328 0.354693 -0.052214
v 0.113666 0.355067 -0.050732
v 0.111841 0.356243 -0.049084
v 0.109904 0.357979 -0.047320
v 0.107916 0.359966 -0.045504
v 0.105941 0.361887 -0.043702
v 0.104034 0.363472 -0.041970
v 0.102231 0.364545 -0.040343
v 0.100543 0.365045 -0.038835
v 0.098959 0.365032 -0.037433
v 0.097448 0.364658 -0.036105
f 9557 9558 9559
f 9557 9559 9558
f 9557 9559 9560
f 9557 9560 9559
f 9557 9560 9561
f 9557 9561 9560
f 9557 9561 9562
f 9557 9562 9561
f 9557 9562 9563
f 9557 9563 9562
f 9557 9563 9564
f 9557 9564 9563
f 9557 9564 9565
f 9557 9565 9564
f 9557 9565 9566
f 9557 9566 9565
f 9557 9566 9567
f 9557 9567 9566
f 9557 9567 9568
f 9557 9568 9567
f 9557 9568 9569
f 9557 9569 9568
f 9557 9569 9570
f 9557 9570 9569
f 9557 9570 9571
f 9557 9571 9570
f 9557 9571 9572
f 9557 9572 9571
f 9557 9572 9573
f 9557 9573 9572
f 9557 9573 9574
f 9557 9574 9573
f 9557 9574 9575
f 9557 9575 9574
f 9557 9575 9576
f 9557 9576 9575
f 9557 9576 9577
f 9557 9577 9576
f 9557 9577 9578
f 9557 9578 9577
f 9557 9578 9579
f 9557 9579 9578
f 9557 9579 9580
f 9557 9580 9579
f 9557 9580 9581
f 9557 9581 9580
f 9557 9581 9582
f 9557 9582 9581
f 9557 9582 9583
f 9557 9583 9582
f 9557 9583 9584
f 9557 9584 9583
f 9557 9584 9585
f 9557 9585 9584
f 9557 9585 9586
f 9557 9586 9585
f 9557 9586 9587
f 9557 9587 9586
f 9557 9587 9588
f 9557 9588 9587
f 9557 9588 9589
f 9557 9589 9588
f 9557 9589 9590
f 9557 9590 9589
f 9557 9590 9591
f 9557 9591 9590
f 9557 9591 9592
f 9557 9592 9591
f 9557 9592 9593
f 9557 9593 9592
f 9557 9593 9594
f 9557 9594 9593
f 9557 9594 9595
f 9557 9595 9594
f 9557 9595 9596
f 9557 9596 9595
f 9557 9596 9597
f 9557 9597 9596
f 9557 9597 9598
f 9557 9598 9597
f 9557 9598 9599
f 9557 9599 9598
f 9557 9599 9600
f 9557 9600 9599
f 9557 9600 9601
f 9557 9601 9600
f 9557 9601 9602
f 9557 9602 9601
o part_276
v 0.095971 0.364116 -0.034813
v 0.094188 0.364889 -0.035263
v 0.092325 0.365476 -0.035733
v 0.090306 0.365696 -0.036242
v 0.088079 0.365428 -0.036802
v 0.085631 0.364643 -0.037416
v 0.082995 0.363415 -0.038077
v 0.080244 0.361918 -0.038766
v 0.077482 0.360396 -0.039458
v 0.074828 0.359126 -0.040124
v 0.072393 0.358372 -0.040735
v 0.070267 0.358340 -0.041270
v 0.068496 0.359142 -0.041717
v 0.067080 0.360778 -0.042077
v 0.065972 0.363136 -0.042361
v 0.065084 0.366010 -0.042590
v 0.064304 0.369136 -0.042793
v 0.063513 0.372237 -0.042998
v 0.062607 0.375069 -0.043232
v 0.061513 0.377458 -0.043512
v 0.060197 0.379330 -0.043847
v 0.058674 0.380714 -0.044233
v 0.056995 0.381731 -0.044658
v 0.055236 0.382562 -0.045102
v 0.057019 0.381789 -0.044652
v 0.058882 0.381202 -0.044182
v 0.060901 0.380982 -0.043673
v 0.063128 0.381249 -0.043113
v 0.065576 0.382035 -0.042499
v 0.068212 0.383262 -0.041838
v 0.070963 0.384760 -0.041148
v 0.073725 0.386282 -0.040456
v 0.076379 0.387552 -0.039791
v 0.078814 0.388306 -0.039180
v 0.080940 0.388338 -0.038645
v 0.082711 0.387536 -0.038197
v 0.084127 0.385900 -0.037838
v 0.085235 0.383542 -0.037554
v 0.086123 0.380668 -0.037325
v 0.086903 0.377542 -0.037122
v 0.087694 0.374440 -0.036917
v 0.088600 0.371609 -0.036683
v 0.089695 0.369219 -0.036403
v 0.091010 0.367348 -0.036068
v 0.092533 0.365964 -0.035682
v 0.094212 0.364947 -0.035257
f 9603 9604 9605
f 9603 9605 9604
f 9603 9605 9606
f 9603 9606 9605
f 9603 9606 9607
f 9603 9607 9606
f 9603 9607 9608
f 9603 9608 9607
f 9603 9608 9609
f 9603 9609 9608
f 9603 9609 9610
f 9603 9610 9609
f 9603 9610 9611
f 9603 9611 9610
f 9603 9611 9612
f 9603 9612 9611
f 9603 9612 9613
f 9603 9613 9612
f 9603 9613 9614
f 9603 9614 9613
f 9603 9614 9615
f 9603 9615 9614
f 9603 9615 9616
f 9603 9616 9615
f 9603 9616 9617
f 9603 9617 9616
f 9603 9617 9618
f 9603 9618 9617
f 9603 9618 9619
f 9603 9619 9618
f 9603 9619 9620
f 9603 9620 9619
f 9603 9620 9621
f 9603 9621 9620
f 9603 9621 9622
f 9603 9622 9621
f 9603 9622 9623
f 9603 9623 9622
f 9603 9623 9624
f 9603 9624 9623
f 9603 9624 9625
f 9603 9625 9624
f 9603 9625 9626
f 9603 9626 9625
f 9603 9626 9627
f 9603 9627 9626
f 9603 9627 9628
f 9603 9628 9627
f 9603 9628 9629
f 9603 9629 9628
f 9603 9629 9630
f 9603 9630 9629
f 9603 9630 9631
f 9603 9631 9630
f 9603 9631 9632
f 9603 9632 9631
f 9603 9632 9633
f 9603 9633 9632
f 9603 9633 9634
f 9603 9634 9633
f 9603 9634 9635
f 9603 9635 9634
f 9603 9635 9636
f 9603 9636 9635
f 9603 9636 9637
f 9603 9637 9636
f 9603 9637 9638
f 9603 9638 9637
f 9603 9638 9639
f 9603 9639 9638
f 9603 9639 9640
f 9603 9640 9639
f 9603 9640 9641
f 9603 9641 9640
f 9603 9641 9642
f 9603 9642 9641
f 9603 9642 9643
f 9603 9643 9642
f 9603 9643 9644
f 9603 9644 9643
f 9603 9644 9645
f 9603 9645 9644
f 9603 9645 9646
f 9603 9646 9645
f 9603 9646 9647
f 9603 9647 9646
f 9603 9647 9648
f 9603 9648 9647
o part_277
v 0.094044 0.367535 -0.058542
v 0.092081 0.369450 -0.058523
v 0.090400 0.370522 -0.056601
v 0.089609 0.370522 -0.054004
v 0.089933 0.369450 -0.051471
v 0.091552 0.367535 -0.050361
v 0.093515 0.365621 -0.050380
v 0.095196 0.364548 -0.052302
v 0.095987 0.364548 -0.054899
v 0.095663 0.365621 -0.057432
v 0.108770 0.382994 -0.052626
v 0.107435 0.384296 -0.052613
v 0.106292 0.385025 -0.051306
v 0.105754 0.385025 -0.049540
v 0.105975 0.384296 -0.047818
v 0.107075 0.382994 -0.047063
v 0.108410 0.381692 -0.047076
v 0.109553 0.380962 -0.048383
v 0.110091 0.380962 -0.050149
v 0.109871 0.381692 -0.051871
f 9649 9650 9660
f 9649 9660 9659
f 9650 9651 9661
f 9650 9661 9660
f 9651 9652 9662
f 9651 9662 9661
f 9652 9653 9663
f 9652 9663 9662
f 9653 9654 9664
f 9653 9664 9663
f 9654 9655 9665
f 9654 9665 9664
f 9655 9656 9666
f 9655 9666 9665
f 9656 9657 9667
f 9656 9667 9666
f 9657 9658 9668
f 9657 9668 9667
f 9658 9649 9659
f 9658 9659 9668
o part_278
v 0.107923 0.382994 -0.049844
v 0.108023 0.382938 -0.052302
v 0.107931 0.383076 -0.054776
v 0.107479 0.383575 -0.057283
v 0.106563 0.384542 -0.059831
v 0.105164 0.385993 -0.062423
v 0.103364 0.387848 -0.065050
v 0.101327 0.389940 -0.067698
v 0.099282 0.392041 -0.070347
v 0.097484 0.393893 -0.072974
v 0.096172 0.395258 -0.075557
v 0.095531 0.395947 -0.078081
v 0.095663 0.395860 -0.080536
v 0.096567 0.394997 -0.082921
v 0.098142 0.393459 -0.085247
v 0.100204 0.391432 -0.087530
v 0.102512 0.389158 -0.089790
v 0.104812 0.386892 -0.092052
v 0.106876 0.384863 -0.094334
v 0.108537 0.383239 -0.096652
v 0.109717 0.382098 -0.099013
v 0.110433 0.381425 -0.101416
v 0.110788 0.381114 -0.103851
v 0.110951 0.380995 -0.106303
v 0.110851 0.381050 -0.103845
v 0.110942 0.380913 -0.101371
v 0.111394 0.380413 -0.098864
v 0.112311 0.379446 -0.096316
v 0.113709 0.377996 -0.093724
v 0.115510 0.376140 -0.091097
v 0.117547 0.374048 -0.088449
v 0.119591 0.371948 -0.085800
v 0.121389 0.370095 -0.083173
v 0.122702 0.368731 -0.080590
v 0.123342 0.368041 -0.078066
v 0.123211 0.368128 -0.075611
v 0.122307 0.368992 -0.073226
v 0.120731 0.370530 -0.070900
v 0.118670 0.372556 -0.068617
v 0.116362 0.374830 -0.066357
v 0.114062 0.377096 -0.064095
v 0.111998 0.379125 -0.061813
v 0.110336 0.380750 -0.059495
v 0.109156 0.381890 -0.057134
v 0.108441 0.382564 -0.054731
v 0.108086 0.382875 -0.052296
f 9669 9670 9671
f 9669 9671 9670
f 9669 9671 9672
f 9669 9672 9671
f 9669 9672 9673
f 9669 9673 9672
f 9669 9673 9674
f 9669 9674 9673
f 9669 9674 9675
f 9669 9675 9674
f 9669 9675 9676
f 9669 9676 9675
f 9669 9676 9677
f 9669 9677 9676
f 9669 9677 9678
f 9669 9678 9677
f 9669 9678 9679
f 9669 9679 9678
f 9669 9679 9680
f 9669 9680 9679
f 9669 9680 9681
f 9669 9681 9680
f 9669 9681 9682
f 9669 9682 9681
f 9669 9682 9683
f 9669 9683 9682
f 9669 9683 9684
f 9669 9684 9683
f 9669 9684 9685
f 9669 9685 9684
f 9669 9685 9686
f 9669 9686 9685
f 9669 9686 9687
f 9669 9687 9686
f 9669 9687 9688
f 9669 9688 9687
f 9669 9688 9689
f 9669 9689 9688
f 9669 9689 9690
f 9669 9690 9689
f 9669 9690 9691
f 9669 9691 9690
f 9669 9691 9692
f 9669 9692 9691
f 9669 9692 9693
f 9669 9693 9692
f 9669 9693 9694
f 9669 9694 9693
f 9669 9694 9695
f 9669 9695 9694
f 9669 9695 9696
f 9669 9696 9695
f 9669 9696 9697
f 9669 9697 9696
f 9669 9697 9698
f 9669 9698 9697
f 9669 9698 9699
f 9669 9699 9698
f 9669 9699 9700
f 9669 9700 9699
f 9669 9700 9701
f 9669 9701 9700
f 9669 9701 9702
f 9669 9702 9701
f 9669 9702 9703
f 9669 9703 9702
f 9669 9703 9704
f 9669 9704 9703
f 9669 9704 9705
f 9669 9705 9704
f 9669 9705 9706
f 9669 9706 9705
f 9669 9706 9707
f 9669 9707 9706
f 9669 9707 9708
f 9669 9708 9707
f 9669 9708 9709
f 9669 9709 9708
f 9669 9709 9710
f 9669 9710 9709
f 9669 9710 9711
f 9669 9711 9710
f 9669 9711 9712
f 9669 9712 9711
f 9669 9712 9713
f 9669 9713 9712
f 9669 9713 9714
f 9669 9714 9713
o part_279
v 0.107923 0.382994 -0.049844
v 0.107093 0.382068 -0.047909
v 0.106460 0.380949 -0.045975
v 0.106180 0.379486 -0.044042
v 0.106343 0.377589 -0.042110
v 0.106955 0.375255 -0.040181
v 0.107932 0.372562 -0.038252
v 0.109116 0.369669 -0.036325
v 0.110293 0.366781 -0.034397
v 0.111229 0.364129 -0.032469
v 0.111708 0.361925 -0.030538
v 0.111560 0.360332 -0.028606
v 0.110695 0.359440 -0.026671
v 0.109114 0.359249 -0.024733
v 0.106906 0.359669 -0.022793
v 0.104241 0.360537 -0.020851
v 0.101335 0.361640 -0.018908
v 0.098422 0.362750 -0.016965
v 0.095716 0.363658 -0.015023
v 0.093375 0.364209 -0.013082
v 0.091483 0.364321 -0.011143
v 0.090033 0.364001 -0.009205
v 0.088937 0.363335 -0.007269
v 0.088038 0.362477 -0.005334
v 0.088868 0.363403 -0.007269
v 0.089501 0.364521 -0.009203
v 0.089781 0.365985 -0.011136
v 0.089617 0.367881 -0.013068
v 0.089006 0.370216 -0.014998
v 0.088028 0.372908 -0.016926
v 0.086845 0.375802 -0.018853
v 0.085668 0.378689 -0.020781
v 0.084731 0.381341 -0.022709
v 0.084253 0.383546 -0.024640
v 0.084401 0.385138 -0.026572
v 0.085265 0.386030 -0.028507
v 0.086847 0.386222 -0.030445
v 0.089054 0.385801 -0.032386
v 0.091720 0.384933 -0.034328
v 0.094626 0.383830 -0.036271
v 0.097539 0.382720 -0.038213
v 0.100245 0.381812 -0.040156
v 0.102586 0.381262 -0.042096
v 0.104478 0.381149 -0.044035
v 0.105927 0.381470 -0.045973
v 0.107023 0.382135 -0.047909
f 9715 9716 9717
f 9715 9717 9716
f 9715 9717 9718
f 9715 9718 9717
f 9715 9718 9719
f 9715 9719 9718
f 9715 9719 9720
f 9715 9720 9719
f 9715 9720 9721
f 9715 9721 9720
f 9715 9721 9722
f 9715 9722 9721
f 9715 9722 9723
f 9715 9723 9722
f 9715 9723 9724
f 9715 9724 9723
f 9715 9724 9725
f 9715 9725 9724
f 9715 9725 9726
f 9715 9726 9725
f 9715 9726 9727
f 9715 9727 9726
f 9715 9727 9728
f 9715 9728 9727
f 9715 9728 9729
f 9715 9729 9728
f 9715 9729 9730
f 9715 9730 9729
f 9715 9730 9731
f 9715 9731 9730
f 9715 9731 9732
f 9715 9732 9731
f 9715 9732 9733
f 9715 9733 9732
f 9715 9733 9734
f 9715 9734 9733
f 9715 9734 9735
f 9715 9735 9734
f 9715 9735 9736
f 9715 9736 9735
f 9715 9736 9737
f 9715 9737 9736
f 9715 9737 9738
f 9715 9738 9737
f 9715 9738 9739
f 9715 9739 9738
f 9715 9739 9740
f 9715 9740 9739
f 9715 9740 9741
f 9715 9741 9740
f 9715 9741 9742
f 9715 9742 9741
f 9715 9742 9743
f 9715 9743 9742
f 9715 9743 9744
f 9715 9744 9743
f 9715 9744 9745
f 9715 9745 9744
f 9715 9745 9746
f 9715 9746 9745
f 9715 9746 9747
f 9715 9747 9746
f 9715 9747 9748
f 9715 9748 9747
f 9715 9748 9749
f 9715 9749 9748
f 9715 9749 9750
f 9715 9750 9749
f 9715 9750 9751
f 9715 9751 9750
f 9715 9751 9752
f 9715 9752 9751
f 9715 9752 9753
f 9715 9753 9752
f 9715 9753 9754
f 9715 9754 9753
f 9715 9754 9755
f 9715 9755 9754
f 9715 9755 9756
f 9715 9756 9755
f 9715 9756 9757
f 9715 9757 9756
f 9715 9757 9758
f 9715 9758 9757
f 9715 9758 9759
f 9715 9759 9758
f 9715 9759 9760
f 9715 9760 9759
o part_280
v 0.095757 0.367535 -0.051364
v 0.096923 0.369088 -0.053300
v 0.096194 0.369958 -0.055826
v 0.094316 0.369958 -0.057786
v 0.091822 0.369088 -0.058622
v 0.089839 0.367535 -0.057539
v 0.088673 0.365982 -0.055603
v 0.089402 0.365113 -0.053076
v 0.091280 0.365113 -0.051116
v 0.093773 0.365982 -0.050281
v 0.085403 0.385840 -0.043335
v 0.086196 0.386896 -0.044652
v 0.085700 0.387487 -0.046370
v 0.084423 0.387487 -0.047702
v 0.082727 0.386896 -0.048271
v 0.081379 0.385840 -0.047534
v 0.080586 0.384784 -0.046218
v 0.081081 0.384192 -0.044500
v 0.082359 0.384192 -0.043167
v 0.084054 0.384784 -0.042599
f 9761 9762 9772
f 9761 9772 9771
f 9762 9763 9773
f 9762 9773 9772
f 9763 9764 9774
f 9763 9774 9773
f 9764 9765 9775
f 9764 9775 9774
f 9765 9766 9776
f 9765 9776 9775
f 9766 9767 9777
f 9766 9777 9776
f 9767 9768 9778
f 9767 9778 9777
f 9768 9769 9779
f 9768 9779 9778
f 9769 9770 9780
f 9769 9780 9779
f 9770 9761 9771
f 9770 9771 9780
o part_281
v 0.083391 0.385840 -0.045435
v 0.085287 0.384558 -0.044266
v 0.087746 0.383679 -0.043330
v 0.090704 0.383160 -0.042600
v 0.094061 0.382926 -0.042036
v 0.097687 0.382886 -0.041583
v 0.101433 0.382931 -0.041179
v 0.105138 0.382948 -0.040759
v 0.108648 0.382824 -0.040258
v 0.111821 0.382459 -0.039617
v 0.114541 0.381768 -0.038789
v 0.116725 0.380692 -0.037739
v 0.118329 0.379201 -0.036449
v 0.119355 0.377294 -0.034920
v 0.119844 0.375002 -0.033168
v 0.119880 0.372384 -0.031229
v 0.119579 0.369525 -0.029151
v 0.119082 0.366525 -0.026991
v 0.118546 0.363497 -0.024815
v 0.118129 0.360554 -0.022689
v 0.117981 0.357805 -0.020673
v 0.118232 0.355342 -0.018823
v 0.118982 0.353237 -0.017180
v 0.120295 0.351536 -0.015769
v 0.118398 0.352818 -0.016938
v 0.115939 0.353696 -0.017874
v 0.112981 0.354216 -0.018604
v 0.109624 0.354449 -0.019168
v 0.105998 0.354490 -0.019621
v 0.102253 0.354444 -0.020025
v 0.098547 0.354428 -0.020445
v 0.095037 0.354551 -0.020946
v 0.091864 0.354917 -0.021587
v 0.089144 0.355608 -0.022415
v 0.086961 0.356684 -0.023465
v 0.085356 0.358175 -0.024755
v 0.084331 0.360082 -0.026284
v 0.083841 0.362374 -0.028036
v 0.083805 0.364991 -0.029975
v 0.084106 0.367851 -0.032053
v 0.084603 0.370850 -0.034213
v 0.085139 0.373879 -0.036389
v 0.085556 0.376821 -0.038515
v 0.085705 0.379571 -0.040531
v 0.085454 0.382034 -0.042381
v 0.084703 0.384139 -0.044024
f 9781 9782 9783
f 9781 9783 9782
f 9781 9783 9784
f 9781 9784 9783
f 9781 9784 9785
f 9781 9785 9784
f 9781 9785 9786
f 9781 9786 9785
f 9781 9786 9787
f 9781 9787 9786
f 9781 9787 9788
f 9781 9788 9787
f 9781 9788 9789
f 9781 9789 9788
f 9781 9789 9790
f 9781 9790 9789
f 9781 9790 9791
f 9781 9791 9790
f 9781 9791 9792
f 9781 9792 9791
f 9781 9792 9793
f 9781 9793 9792
f 9781 9793 9794
f 9781 9794 9793
f 9781 9794 9795
f 9781 9795 9794
f 9781 9795 9796
f 9781 9796 9795
f 9781 9796 9797
f 9781 9797 9796
f 9781 9797 9798
f 9781 9798 9797
f 9781 9798 9799
f 9781 9799 9798
f 9781 9799 9800
f 9781 9800 9799
f 9781 9800 9801
f 9781 9801 9800
f 9781 9801 9802
f 9781 9802 9801
f 9781 9802 9803
f 9781 9803 9802
f 9781 9803 9804
f 9781 9804 9803
f 9781 9804 9805
f 9781 9805 9804
f 9781 9805 9806
f 9781 9806 9805
f 9781 9806 9807
f 9781 9807 9806
f 9781 9807 9808
f 9781 9808 9807
f 9781 9808 9809
f 9781 9809 9808
f 9781 9809 9810
f 9781 9810 9809
f 9781 9810 9811
f 9781 9811 9810
f 9781 9811 9812
f 9781 9812 9811
f 9781 9812 9813
f 9781 9813 9812
f 9781 9813 9814
f 9781 9814 9813
f 9781 9814 9815
f 9781 9815 9814
f 9781 9815 9816
f 9781 9816 9815
f 9781 9816 9817
f 9781 9817 9816
f 9781 9817 9818
f 9781 9818 9817
f 9781 9818 9819
f 9781 9819 9818
f 9781 9819 9820
f 9781 9820 9819
f 9781 9820 9821
f 9781 9821 9820
f 9781 9821 9822
f 9781 9822 9821
f 9781 9822 9823
f 9781 9823 9822
f 9781 9823 9824
f 9781 9824 9823
f 9781 9824 9825
f 9781 9825 9824
f 9781 9825 9826
f 9781 9826 9825
