o mesh
v 0.000000 0.000000 0.030000
v 0.017634 0.000000 0.024271
v 0.028532 0.000000 0.009271
v 0.028532 0.000000 -0.009271
v 0.017634 0.000000 -0.024271
v 0.000000 0.000000 -0.030000
v -0.017634 0.000000 -0.024271
v -0.028532 0.000000 -0.009271
v -0.028532 0.000000 0.009271
v -0.017634 0.000000 0.024271
v 0.000000 0.300000 0.020400
v 0.011991 0.300000 0.016504
v 0.019402 0.300000 0.006304
v 0.019402 0.300000 -0.006304
v 0.011991 0.300000 -0.016504
v 0.000000 0.300000 -0.020400
v -0.011991 0.300000 -0.016504
v -0.019402 0.300000 -0.006304
v -0.019402 0.300000 0.006304
v -0.011991 0.300000 0.016504
f 1 2 12
f 1 12 11
f 2 3 13
f 2 13 12
f 3 4 14
f 3 14 13
f 4 5 15
f 4 15 14
f 5 6 16
f 5 16 15
f 6 7 17
f 6 17 16
f 7 8 18
f 7 18 17
f 8 9 19
f 8 19 18
f 9 10 20
f 9 20 19
f 10 1 11
f 10 11 20
v -0.005233 0.300000 0.019717
v 0.004121 0.308310 0.018169
v 0.011902 0.313446 0.009681
v 0.015136 0.313446 -0.002505
v 0.012589 0.308310 -0.013734
v 0.005233 0.300000 -0.019717
v -0.004121 0.291690 -0.018169
v -0.011902 0.286554 -0.009681
v -0.015136 0.286554 0.002505
v -0.012589 0.291690 0.013734
v -0.123696 0.429300 -0.018477
v -0.117335 0.434951 -0.019530
v -0.112045 0.438443 -0.025302
v -0.109845 0.438443 -0.033589
v -0.111577 0.434951 -0.041224
v -0.116579 0.429300 -0.045293
v -0.122940 0.423650 -0.044240
v -0.128231 0.420157 -0.038468
v -0.130430 0.420157 -0.030182
v -0.128698 0.423650 -0.022546
f 21 22 32
f 21 32 31
f 22 23 33
f 22 33 32
f 23 24 34
f 23 34 33
f 24 25 35
f 24 35 34
f 25 26 36
f 25 36 35
f 26 27 37
f 26 37 36
f 27 28 38
f 27 38 37
f 28 29 39
f 28 39 38
f 29 30 40
f 29 40 39
f 30 21 31
f 30 31 40
v -0.121663 0.429300 -0.018097
v -0.121107 0.437450 -0.020701
v -0.120181 0.442486 -0.027577
v -0.119239 0.442486 -0.036099
v -0.118640 0.437450 -0.043011
v -0.118613 0.429300 -0.045673
v -0.119168 0.421151 -0.043069
v -0.120094 0.416114 -0.036193
v -0.121037 0.416114 -0.027672
v -0.121636 0.421151 -0.020760
v -0.221911 0.432608 -0.033650
v -0.221533 0.438149 -0.035421
v -0.220904 0.441574 -0.040097
v -0.220263 0.441574 -0.045891
v -0.219855 0.438149 -0.050592
v -0.219837 0.432608 -0.052402
v -0.220215 0.427066 -0.050631
v -0.220844 0.423641 -0.045956
v -0.221485 0.423641 -0.040161
v -0.221893 0.427066 -0.035461
f 41 42 52
f 41 52 51
f 42 43 53
f 42 53 52
f 43 44 54
f 43 54 53
f 44 45 55
f 44 55 54
f 45 46 56
f 45 56 55
f 46 47 57
f 46 57 56
f 47 48 58
f 47 58 57
f 48 49 59
f 48 59 58
f 49 50 60
f 49 60 59
f 50 41 51
f 50 51 60
v -0.220874 0.432608 -0.043026
v -0.220089 0.433908 -0.040084
v -0.219257 0.435832 -0.037385
v -0.218365 0.438540 -0.034990
v -0.217414 0.442031 -0.032901
v -0.216414 0.446179 -0.031066
v -0.215380 0.450757 -0.029400
v -0.214336 0.455473 -0.027786
v -0.213307 0.459999 -0.026099
v -0.212316 0.464012 -0.024213
v -0.211386 0.467233 -0.022018
v -0.210531 0.469455 -0.019435
v -0.209760 0.470570 -0.016420
v -0.209074 0.470576 -0.012975
v -0.208463 0.469583 -0.009141
v -0.207912 0.467798 -0.004998
v -0.207400 0.465501 -0.000657
v -0.206903 0.463014 0.003759
v -0.206395 0.460663 0.008121
v -0.205854 0.458744 0.012315
v -0.205264 0.457482 0.016254
v -0.204614 0.457002 0.019889
v -0.203905 0.457307 0.023218
v -0.203148 0.458235 0.026305
v -0.203933 0.456935 0.023363
v -0.204765 0.455011 0.020663
v -0.205657 0.452303 0.018269
v -0.206608 0.448812 0.016179
v -0.207608 0.444664 0.014345
v -0.208642 0.440086 0.012678
v -0.209686 0.435370 0.011065
v -0.210715 0.430844 0.009378
v -0.211706 0.426831 0.007491
v -0.212636 0.423610 0.005296
v -0.213491 0.421388 0.002713
v -0.214262 0.420273 -0.000301
v -0.214948 0.420267 -0.003747
v -0.215559 0.421260 -0.007581
v -0.216110 0.423045 -0.011723
v -0.216622 0.425342 -0.016065
v -0.217119 0.427829 -0.020480
v -0.217627 0.430179 -0.024842
v -0.218168 0.432099 -0.029037
v -0.218758 0.433361 -0.032976
v -0.219408 0.433841 -0.036610
v -0.220117 0.433536 -0.039939
f 61 62 63
f 61 63 62
f 61 63 64
f 61 64 63
f 61 64 65
f 61 65 64
f 61 65 66
f 61 66 65
f 61 66 67
f 61 67 66
f 61 67 68
f 61 68 67
f 61 68 69
f 61 69 68
f 61 69 70
f 61 70 69
f 61 70 71
f 61 71 70
f 61 71 72
f 61 72 71
f 61 72 73
f 61 73 72
f 61 73 74
f 61 74 73
f 61 74 75
f 61 75 74
f 61 75 76
f 61 76 75
f 61 76 77
f 61 77 76
f 61 77 78
f 61 78 77
f 61 78 79
f 61 79 78
f 61 79 80
f 61 80 79
f 61 80 81
f 61 81 80
f 61 81 82
f 61 82 81
f 61 82 83
f 61 83 82
f 61 83 84
f 61 84 83
f 61 84 85
f 61 85 84
f 61 85 86
f 61 86 85
f 61 86 87
f 61 87 86
f 61 87 88
f 61 88 87
f 61 88 89
f 61 89 88
f 61 89 90
f 61 90 89
f 61 90 91
f 61 91 90
f 61 91 92
f 61 92 91
f 61 92 93
f 61 93 92
f 61 93 94
f 61 94 93
f 61 94 95
f 61 95 94
f 61 95 96
f 61 96 95
f 61 96 97
f 61 97 96
f 61 97 98
f 61 98 97
f 61 98 99
f 61 99 98
f 61 99 100
f 61 100 99
f 61 100 101
f 61 101 100
f 61 101 102
f 61 102 101
f 61 102 103
f 61 103 102
f 61 103 104
f 61 104 103
f 61 104 105
f 61 105 104
f 61 105 106
f 61 106 105
v -0.220874 0.432608 -0.043026
v -0.218537 0.433144 -0.045750
v -0.216203 0.433431 -0.048527
v -0.213874 0.433122 -0.051433
v -0.211554 0.431907 -0.054533
v -0.209243 0.429630 -0.057863
v -0.206940 0.426355 -0.061408
v -0.204645 0.422381 -0.065103
v -0.202350 0.418209 -0.068841
v -0.200053 0.414451 -0.072490
v -0.197746 0.411717 -0.075918
v -0.195425 0.410496 -0.079020
v -0.193088 0.411060 -0.081737
v -0.190735 0.413410 -0.084070
v -0.188369 0.417273 -0.086077
v -0.185993 0.422160 -0.087863
v -0.183614 0.427461 -0.089560
v -0.181236 0.432563 -0.091300
v -0.178865 0.436968 -0.093190
v -0.176503 0.440374 -0.095295
v -0.174150 0.442717 -0.097630
v -0.171805 0.444155 -0.100159
v -0.169466 0.444996 -0.102817
v -0.167129 0.445589 -0.105528
v -0.169466 0.445054 -0.102804
v -0.171800 0.444766 -0.100027
v -0.174129 0.445075 -0.097122
v -0.176450 0.446290 -0.094021
v -0.178761 0.448567 -0.090691
v -0.181063 0.451843 -0.087146
v -0.183359 0.455816 -0.083451
v -0.185653 0.459988 -0.079713
v -0.187951 0.463746 -0.076065
v -0.190258 0.466481 -0.072637
v -0.192578 0.467701 -0.069534
v -0.194915 0.467137 -0.066817
v -0.197268 0.464787 -0.064484
v -0.199634 0.460924 -0.062477
v -0.202010 0.456037 -0.060691
v -0.204389 0.450737 -0.058994
v -0.206767 0.445634 -0.057254
v -0.209138 0.441229 -0.055364
v -0.211500 0.437824 -0.053259
v -0.213853 0.435480 -0.050925
v -0.216198 0.434043 -0.048395
v -0.218537 0.433201 -0.045738
f 107 108 109
f 107 109 108
f 107 109 110
f 107 110 109
f 107 110 111
f 107 111 110
f 107 111 112
f 107 112 111
f 107 112 113
f 107 113 112
f 107 113 114
f 107 114 113
f 107 114 115
f 107 115 114
f 107 115 116
f 107 116 115
f 107 116 117
f 107 117 116
f 107 117 118
f 107 118 117
f 107 118 119
f 107 119 118
f 107 119 120
f 107 120 119
f 107 120 121
f 107 121 120
f 107 121 122
f 107 122 121
f 107 122 123
f 107 123 122
f 107 123 124
f 107 124 123
f 107 124 125
f 107 125 124
f 107 125 126
f 107 126 125
f 107 126 127
f 107 127 126
f 107 127 128
f 107 128 127
f 107 128 129
f 107 129 128
f 107 129 130
f 107 130 129
f 107 130 131
f 107 131 130
f 107 131 132
f 107 132 131
f 107 132 133
f 107 133 132
f 107 133 134
f 107 134 133
f 107 134 135
f 107 135 134
f 107 135 136
f 107 136 135
f 107 136 137
f 107 137 136
f 107 137 138
f 107 138 137
f 107 138 139
f 107 139 138
f 107 139 140
f 107 140 139
f 107 140 141
f 107 141 140
f 107 141 142
f 107 142 141
f 107 142 143
f 107 143 142
f 107 143 144
f 107 144 143
f 107 144 145
f 107 145 144
f 107 145 146
f 107 146 145
f 107 146 147
f 107 147 146
f 107 147 148
f 107 148 147
f 107 148 149
f 107 149 148
f 107 149 150
f 107 150 149
f 107 150 151
f 107 151 150
f 107 151 152
f 107 152 151
v -0.223510 0.432608 -0.033969
v -0.226295 0.436968 -0.036656
v -0.227010 0.439663 -0.041776
v -0.225381 0.439663 -0.047374
v -0.222030 0.436968 -0.051311
v -0.218238 0.432608 -0.052083
v -0.215452 0.428248 -0.049396
v -0.214738 0.425553 -0.044276
v -0.216367 0.425553 -0.038679
v -0.219718 0.428248 -0.034742
v -0.272379 0.391934 -0.051337
v -0.274273 0.394898 -0.053165
v -0.274759 0.396731 -0.056646
v -0.273651 0.396731 -0.060453
v -0.271372 0.394898 -0.063130
v -0.268793 0.391934 -0.063655
v -0.266900 0.388969 -0.061828
v -0.266414 0.387136 -0.058346
v -0.267522 0.387136 -0.054540
v -0.269800 0.388969 -0.051863
f 153 154 164
f 153 164 163
f 154 155 165
f 154 165 164
f 155 156 166
f 155 166 165
f 156 157 167
f 156 167 166
f 157 158 168
f 157 168 167
f 158 159 169
f 158 169 168
f 159 160 170
f 159 170 169
f 160 161 171
f 160 171 170
f 161 162 172
f 161 172 171
f 162 153 163
f 162 163 172
v -0.270586 0.391934 -0.057496
v -0.269982 0.392290 -0.052388
v -0.270007 0.393390 -0.047205
v -0.270866 0.395473 -0.041925
v -0.272587 0.398574 -0.036543
v -0.275050 0.402552 -0.031074
v -0.278021 0.407128 -0.025545
v -0.281177 0.411923 -0.019995
v -0.284152 0.416505 -0.014466
v -0.286581 0.420442 -0.009001
v -0.288142 0.423354 -0.003638
v -0.288597 0.424961 0.001595
v -0.287820 0.425113 0.006683
v -0.285810 0.423810 0.011626
v -0.282694 0.421203 0.016440
v -0.278711 0.417570 0.021152
v -0.274181 0.413293 0.025799
v -0.269470 0.408802 0.030425
v -0.264945 0.404530 0.035073
v -0.260927 0.400856 0.039781
v -0.257652 0.398060 0.044576
v -0.255238 0.396281 0.049472
v -0.253658 0.395486 0.054466
v -0.252708 0.395433 0.059534
v -0.253312 0.395077 0.054425
v -0.253287 0.393977 0.049243
v -0.252428 0.391894 0.043962
v -0.250707 0.388793 0.038581
v -0.248244 0.384815 0.033112
v -0.245273 0.380239 0.027583
v -0.242117 0.375444 0.022033
v -0.239142 0.370862 0.016504
v -0.236713 0.366925 0.011039
v -0.235152 0.364013 0.005676
v -0.234697 0.362406 0.000443
v -0.235474 0.362254 -0.004645
v -0.237484 0.363557 -0.009589
v -0.240600 0.366165 -0.014403
v -0.244583 0.369797 -0.019114
v -0.249113 0.374074 -0.023762
v -0.253823 0.378565 -0.028388
v -0.258349 0.382837 -0.033036
v -0.262367 0.386511 -0.037743
v -0.265642 0.389307 -0.042538
v -0.268056 0.391086 -0.047434
v -0.269635 0.391881 -0.052428
f 173 174 175
f 173 175 174
f 173 175 176
f 173 176 175
f 173 176 177
f 173 177 176
f 173 177 178
f 173 178 177
f 173 178 179
f 173 179 178
f 173 179 180
f 173 180 179
f 173 180 181
f 173 181 180
f 173 181 182
f 173 182 181
f 173 182 183
f 173 183 182
f 173 183 184
f 173 184 183
f 173 184 185
f 173 185 184
f 173 185 186
f 173 186 185
f 173 186 187
f 173 187 186
f 173 187 188
f 173 188 187
f 173 188 189
f 173 189 188
f 173 189 190
f 173 190 189
f 173 190 191
f 173 191 190
f 173 191 192
f 173 192 191
f 173 192 193
f 173 193 192
f 173 193 194
f 173 194 193
f 173 194 195
f 173 195 194
f 173 195 196
f 173 196 195
f 173 196 197
f 173 197 196
f 173 197 198
f 173 198 197
f 173 198 199
f 173 199 198
f 173 199 200
f 173 200 199
f 173 200 201
f 173 201 200
f 173 201 202
f 173 202 201
f 173 202 203
f 173 203 202
f 173 203 204
f 173 204 203
f 173 204 205
f 173 205 204
f 173 205 206
f 173 206 205
f 173 206 207
f 173 207 206
f 173 207 208
f 173 208 207
f 173 208 209
f 173 209 208
f 173 209 210
f 173 210 209
f 173 210 211
f 173 211 210
f 173 211 212
f 173 212 211
f 173 212 213
f 173 213 212
f 173 213 214
f 173 214 213
f 173 214 215
f 173 215 214
f 173 215 216
f 173 216 215
f 173 216 217
f 173 217 216
f 173 217 218
f 173 218 217
v -0.270586 0.391934 -0.057496
v -0.270588 0.395619 -0.060085
v -0.269941 0.398842 -0.063601
v -0.268681 0.401628 -0.067994
v -0.266911 0.404049 -0.073119
v -0.264779 0.406214 -0.078760
v -0.262471 0.408252 -0.084654
v -0.260185 0.410306 -0.090516
v -0.258123 0.412520 -0.096058
v -0.256469 0.415024 -0.101016
v -0.255375 0.417928 -0.105172
v -0.254951 0.421310 -0.108369
v -0.255255 0.425211 -0.110525
v -0.256286 0.429631 -0.111640
v -0.257988 0.434528 -0.111796
v -0.260250 0.439825 -0.111149
v -0.262920 0.445413 -0.109919
v -0.265813 0.451160 -0.108369
v -0.268729 0.456924 -0.106787
v -0.271468 0.462561 -0.105458
v -0.273846 0.467941 -0.104645
v -0.275713 0.472957 -0.104564
v -0.276967 0.477535 -0.105360
v -0.277573 0.481651 -0.107083
v -0.277572 0.477966 -0.104494
v -0.278219 0.474743 -0.100978
v -0.279478 0.471957 -0.096584
v -0.281249 0.469536 -0.091460
v -0.283380 0.467371 -0.085819
v -0.285689 0.465333 -0.079925
v -0.287974 0.463279 -0.074063
v -0.290036 0.461065 -0.068521
v -0.291691 0.458561 -0.063563
v -0.292785 0.455657 -0.059407
v -0.293208 0.452275 -0.056210
v -0.292904 0.448374 -0.054054
v -0.291873 0.443955 -0.052939
v -0.290172 0.439057 -0.052783
v -0.287910 0.433760 -0.053430
v -0.285240 0.428172 -0.054660
v -0.282347 0.422425 -0.056209
v -0.279431 0.416661 -0.057792
v -0.276692 0.411024 -0.059121
v -0.274314 0.405644 -0.059934
v -0.272446 0.400628 -0.060015
v -0.271192 0.396050 -0.059219
f 219 220 221
f 219 221 220
f 219 221 222
f 219 222 221
f 219 222 223
f 219 223 222
f 219 223 224
f 219 224 223
f 219 224 225
f 219 225 224
f 219 225 226
f 219 226 225
f 219 226 227
f 219 227 226
f 219 227 228
f 219 228 227
f 219 228 229
f 219 229 228
f 219 229 230
f 219 230 229
f 219 230 231
f 219 231 230
f 219 231 232
f 219 232 231
f 219 232 233
f 219 233 232
f 219 233 234
f 219 234 233
f 219 234 235
f 219 235 234
f 219 235 236
f 219 236 235
f 219 236 237
f 219 237 236
f 219 237 238
f 219 238 237
f 219 238 239
f 219 239 238
f 219 239 240
f 219 240 239
f 219 240 241
f 219 241 240
f 219 241 242
f 219 242 241
f 219 242 243
f 219 243 242
f 219 243 244
f 219 244 243
f 219 244 245
f 219 245 244
f 219 245 246
f 219 246 245
f 219 246 247
f 219 247 246
f 219 247 248
f 219 248 247
f 219 248 249
f 219 249 248
f 219 249 250
f 219 250 249
f 219 250 251
f 219 251 250
f 219 251 252
f 219 252 251
f 219 252 253
f 219 253 252
f 219 253 254
f 219 254 253
f 219 254 255
f 219 255 254
f 219 255 256
f 219 256 255
f 219 256 257
f 219 257 256
f 219 257 258
f 219 258 257
f 219 258 259
f 219 259 258
f 219 259 260
f 219 260 259
f 219 260 261
f 219 261 260
f 219 261 262
f 219 262 261
f 219 262 263
f 219 263 262
f 219 263 264
f 219 264 263
v -0.270586 0.391934 -0.057496
v -0.267056 0.390797 -0.058755
v -0.263325 0.389143 -0.059251
v -0.259377 0.386930 -0.058923
v -0.255231 0.384212 -0.057849
v -0.250935 0.381105 -0.056203
v -0.246552 0.377776 -0.054228
v -0.242158 0.374416 -0.052209
v -0.237830 0.371230 -0.050445
v -0.233645 0.368409 -0.049220
v -0.229665 0.366116 -0.048773
v -0.225937 0.364468 -0.049278
v -0.222483 0.363528 -0.050826
v -0.219305 0.363295 -0.053418
v -0.216378 0.363708 -0.056962
v -0.213656 0.364649 -0.061284
v -0.211076 0.365955 -0.066145
v -0.208564 0.367434 -0.071261
v -0.206040 0.368884 -0.076333
v -0.203429 0.370110 -0.081076
v -0.200667 0.370949 -0.085247
v -0.197708 0.371281 -0.088672
v -0.194533 0.371055 -0.091274
v -0.191156 0.370311 -0.093112
v -0.194685 0.371447 -0.091852
v -0.198417 0.373101 -0.091357
v -0.202365 0.375314 -0.091685
v -0.206510 0.378033 -0.092759
v -0.210807 0.381139 -0.094405
v -0.215190 0.384469 -0.096380
v -0.219584 0.387828 -0.098399
v -0.223911 0.391015 -0.100163
v -0.228096 0.393836 -0.101388
v -0.232076 0.396129 -0.101835
v -0.235805 0.397777 -0.101330
v -0.239258 0.398717 -0.099782
v -0.242437 0.398949 -0.097190
v -0.245364 0.398536 -0.093646
v -0.248086 0.397595 -0.089324
v -0.250666 0.396289 -0.084463
v -0.253178 0.394810 -0.079347
v -0.255702 0.393361 -0.074275
v -0.258313 0.392134 -0.069531
v -0.261075 0.391296 -0.065360
v -0.264033 0.390964 -0.061935
v -0.267209 0.391190 -0.059334
f 265 266 267
f 265 267 266
f 265 267 268
f 265 268 267
f 265 268 269
f 265 269 268
f 265 269 270
f 265 270 269
f 265 270 271
f 265 271 270
f 265 271 272
f 265 272 271
f 265 272 273
f 265 273 272
f 265 273 274
f 265 274 273
f 265 274 275
f 265 275 274
f 265 275 276
f 265 276 275
f 265 276 277
f 265 277 276
f 265 277 278
f 265 278 277
f 265 278 279
f 265 279 278
f 265 279 280
f 265 280 279
f 265 280 281
f 265 281 280
f 265 281 282
f 265 282 281
f 265 282 283
f 265 283 282
f 265 283 284
f 265 284 283
f 265 284 285
f 265 285 284
f 265 285 286
f 265 286 285
f 265 286 287
f 265 287 286
f 265 287 288
f 265 288 287
f 265 288 289
f 265 289 288
f 265 289 290
f 265 290 289
f 265 290 291
f 265 291 290
f 265 291 292
f 265 292 291
f 265 292 293
f 265 293 292
f 265 293 294
f 265 294 293
f 265 294 295
f 265 295 294
f 265 295 296
f 265 296 295
f 265 296 297
f 265 297 296
f 265 297 298
f 265 298 297
f 265 298 299
f 265 299 298
f 265 299 300
f 265 300 299
f 265 300 301
f 265 301 300
f 265 301 302
f 265 302 301
f 265 302 303
f 265 303 302
f 265 303 304
f 265 304 303
f 265 304 305
f 265 305 304
f 265 305 306
f 265 306 305
f 265 306 307
f 265 307 306
f 265 307 308
f 265 308 307
f 265 308 309
f 265 309 308
f 265 309 310
f 265 310 309
v -0.215671 0.432608 -0.035158
v -0.214796 0.437680 -0.037896
v -0.216243 0.440814 -0.042594
v -0.219458 0.440814 -0.047457
v -0.223214 0.437680 -0.050627
v -0.226077 0.432608 -0.050895
v -0.226952 0.427536 -0.048156
v -0.225505 0.424401 -0.043459
v -0.222290 0.424401 -0.038596
v -0.218533 0.427536 -0.035425
v -0.260442 0.455433 -0.009174
v -0.259847 0.458881 -0.011036
v -0.260830 0.461013 -0.014230
v -0.263017 0.461013 -0.017537
v -0.265571 0.458881 -0.019693
v -0.267517 0.455433 -0.019875
v -0.268112 0.451984 -0.018013
v -0.267129 0.449852 -0.014818
v -0.264942 0.449852 -0.011511
v -0.262388 0.451984 -0.009355
f 311 312 322
f 311 322 321
f 312 313 323
f 312 323 322
f 313 314 324
f 313 324 323
f 314 315 325
f 314 325 324
f 315 316 326
f 315 326 325
f 316 317 327
f 316 327 326
f 317 318 328
f 317 328 327
f 318 319 329
f 318 329 328
f 319 320 330
f 319 330 329
f 320 311 321
f 320 321 330
v -0.263980 0.455433 -0.014524
v -0.260986 0.454184 -0.012211
v -0.257832 0.453264 -0.009920
v -0.254345 0.453030 -0.007672
v -0.250397 0.453742 -0.005487
v -0.245946 0.455487 -0.003368
v -0.241053 0.458141 -0.001308
v -0.235879 0.461371 0.000715
v -0.230662 0.464692 0.002732
v -0.225675 0.467538 0.004779
v -0.221184 0.469367 0.006893
v -0.217396 0.469751 0.009100
v -0.214425 0.468455 0.011416
v -0.212271 0.465480 0.013841
v -0.210821 0.461060 0.016359
v -0.209866 0.455622 0.018944
v -0.209141 0.449710 0.021559
v -0.208373 0.443888 0.024168
v -0.207324 0.438644 0.026740
v -0.205833 0.434307 0.029254
v -0.203839 0.431004 0.031700
v -0.201384 0.428647 0.034085
v -0.198596 0.426975 0.036425
v -0.195648 0.425633 0.038744
v -0.198642 0.426881 0.036431
v -0.201796 0.427801 0.034139
v -0.205283 0.428035 0.031892
v -0.209231 0.427323 0.029706
v -0.213682 0.425578 0.027587
v -0.218575 0.422924 0.025527
v -0.223748 0.419694 0.023505
v -0.228966 0.416373 0.021488
v -0.233952 0.413527 0.019440
v -0.238444 0.411698 0.017327
v -0.242232 0.411314 0.015120
v -0.245203 0.412610 0.012804
v -0.247357 0.415585 0.010379
v -0.248807 0.420005 0.007860
v -0.249762 0.425443 0.005276
v -0.250487 0.431355 0.002661
v -0.251255 0.437177 0.000051
v -0.252304 0.442421 -0.002521
v -0.253795 0.446758 -0.005034
v -0.255789 0.450061 -0.007480
v -0.258244 0.452418 -0.009865
v -0.261031 0.454090 -0.012205
f 331 332 333
f 331 333 332
f 331 333 334
f 331 334 333
f 331 334 335
f 331 335 334
f 331 335 336
f 331 336 335
f 331 336 337
f 331 337 336
f 331 337 338
f 331 338 337
f 331 338 339
f 331 339 338
f 331 339 340
f 331 340 339
f 331 340 341
f 331 341 340
f 331 341 342
f 331 342 341
f 331 342 343
f 331 343 342
f 331 343 344
f 331 344 343
f 331 344 345
f 331 345 344
f 331 345 346
f 331 346 345
f 331 346 347
f 331 347 346
f 331 347 348
f 331 348 347
f 331 348 349
f 331 349 348
f 331 349 350
f 331 350 349
f 331 350 351
f 331 351 350
f 331 351 352
f 331 352 351
f 331 352 353
f 331 353 352
f 331 353 354
f 331 354 353
f 331 354 355
f 331 355 354
f 331 355 356
f 331 356 355
f 331 356 357
f 331 357 356
f 331 357 358
f 331 358 357
f 331 358 359
f 331 359 358
f 331 359 360
f 331 360 359
f 331 360 361
f 331 361 360
f 331 361 362
f 331 362 361
f 331 362 363
f 331 363 362
f 331 363 364
f 331 364 363
f 331 364 365
f 331 365 364
f 331 365 366
f 331 366 365
f 331 366 367
f 331 367 366
f 331 367 368
f 331 368 367
f 331 368 369
f 331 369 368
f 331 369 370
f 331 370 369
f 331 370 371
f 331 371 370
f 331 371 372
f 331 372 371
f 331 372 373
f 331 373 372
f 331 373 374
f 331 374 373
f 331 374 375
f 331 375 374
f 331 375 376
f 331 376 375
v -0.263980 0.455433 -0.014524
v -0.260934 0.458853 -0.017559
v -0.258161 0.462206 -0.020952
v -0.255989 0.465410 -0.025134
v -0.254676 0.468403 -0.030447
v -0.254330 0.471156 -0.037030
v -0.254855 0.473695 -0.044759
v -0.255958 0.476091 -0.053247
v -0.257182 0.478457 -0.061894
v -0.257989 0.480926 -0.069994
v -0.257855 0.483627 -0.076856
v -0.256362 0.486664 -0.081931
v -0.253280 0.490093 -0.084919
v -0.248611 0.493914 -0.085819
v -0.242584 0.498071 -0.084933
v -0.235614 0.502460 -0.082809
v -0.228227 0.506952 -0.080136
v -0.220963 0.511414 -0.077624
v -0.214275 0.515733 -0.075870
v -0.208459 0.519837 -0.075263
v -0.203609 0.523703 -0.075925
v -0.199619 0.527356 -0.077719
v -0.196230 0.530862 -0.080301
v -0.193113 0.534299 -0.083242
v -0.196159 0.530879 -0.080207
v -0.198932 0.527526 -0.076814
v -0.201104 0.524322 -0.072632
v -0.202417 0.521329 -0.067320
v -0.202763 0.518576 -0.060737
v -0.202238 0.516037 -0.053007
v -0.201135 0.513641 -0.044520
v -0.199911 0.511275 -0.035872
v -0.199104 0.508806 -0.027772
v -0.199238 0.506105 -0.020911
v -0.200731 0.503068 -0.015835
v -0.203812 0.499639 -0.012847
v -0.208482 0.495818 -0.011947
v -0.214509 0.491661 -0.012833
v -0.221479 0.487272 -0.014958
v -0.228866 0.482780 -0.017630
v -0.236130 0.478318 -0.020142
v -0.242818 0.473999 -0.021896
v -0.248634 0.469894 -0.022504
v -0.253484 0.466029 -0.021841
v -0.257473 0.462375 -0.020048
v -0.260863 0.458870 -0.017465
f 377 378 379
f 377 379 378
f 377 379 380
f 377 380 379
f 377 380 381
f 377 381 380
f 377 381 382
f 377 382 381
f 377 382 383
f 377 383 382
f 377 383 384
f 377 384 383
f 377 384 385
f 377 385 384
f 377 385 386
f 377 386 385
f 377 386 387
f 377 387 386
f 377 387 388
f 377 388 387
f 377 388 389
f 377 389 388
f 377 389 390
f 377 390 389
f 377 390 391
f 377 391 390
f 377 391 392
f 377 392 391
f 377 392 393
f 377 393 392
f 377 393 394
f 377 394 393
f 377 394 395
f 377 395 394
f 377 395 396
f 377 396 395
f 377 396 397
f 377 397 396
f 377 397 398
f 377 398 397
f 377 398 399
f 377 399 398
f 377 399 400
f 377 400 399
f 377 400 401
f 377 401 400
f 377 401 402
f 377 402 401
f 377 402 403
f 377 403 402
f 377 403 404
f 377 404 403
f 377 404 405
f 377 405 404
f 377 405 406
f 377 406 405
f 377 406 407
f 377 407 406
f 377 407 408
f 377 408 407
f 377 408 409
f 377 409 408
f 377 409 410
f 377 410 409
f 377 410 411
f 377 411 410
f 377 411 412
f 377 412 411
f 377 412 413
f 377 413 412
f 377 413 414
f 377 414 413
f 377 414 415
f 377 415 414
f 377 415 416
f 377 416 415
f 377 416 417
f 377 417 416
f 377 417 418
f 377 418 417
f 377 418 419
f 377 419 418
f 377 419 420
f 377 420 419
f 377 420 421
f 377 421 420
f 377 421 422
f 377 422 421
v -0.263980 0.455433 -0.014524
v -0.265882 0.450818 -0.015879
v -0.267401 0.445376 -0.015993
v -0.268606 0.439258 -0.015089
v -0.269573 0.432625 -0.013414
v -0.270390 0.425667 -0.011250
v -0.271150 0.418588 -0.008905
v -0.271952 0.411598 -0.006693
v -0.272887 0.404897 -0.004916
v -0.274041 0.398666 -0.003844
v -0.275479 0.393051 -0.003695
v -0.277250 0.388154 -0.004626
v -0.279379 0.384029 -0.006717
v -0.281866 0.380676 -0.009966
v -0.284686 0.378042 -0.014295
v -0.287791 0.376023 -0.019547
v -0.291113 0.374473 -0.025505
v -0.294569 0.373214 -0.031897
v -0.298067 0.372043 -0.038423
v -0.301509 0.370751 -0.044767
v -0.304800 0.369134 -0.050623
v -0.307853 0.367003 -0.055707
v -0.310591 0.364194 -0.059774
v -0.312947 0.360559 -0.062599
v -0.311045 0.365174 -0.061245
v -0.309526 0.370615 -0.061131
v -0.308321 0.376734 -0.062035
v -0.307354 0.383367 -0.063710
v -0.306537 0.390325 -0.065874
v -0.305777 0.397404 -0.068219
v -0.304976 0.404394 -0.070431
v -0.304040 0.411094 -0.072208
v -0.302887 0.417325 -0.073280
v -0.301448 0.422941 -0.073428
v -0.299677 0.427838 -0.072497
v -0.297548 0.431963 -0.070407
v -0.295061 0.435316 -0.067158
v -0.292241 0.437950 -0.062829
v -0.289137 0.439969 -0.057576
v -0.285814 0.441518 -0.051619
v -0.282358 0.442778 -0.045227
v -0.278860 0.443949 -0.038701
v -0.275418 0.445241 -0.032356
v -0.272127 0.446858 -0.026501
v -0.269075 0.448989 -0.021417
v -0.266336 0.451797 -0.017350
f 423 424 425
f 423 425 424
f 423 425 426
f 423 426 425
f 423 426 427
f 423 427 426
f 423 427 428
f 423 428 427
f 423 428 429
f 423 429 428
f 423 429 430
f 423 430 429
f 423 430 431
f 423 431 430
f 423 431 432
f 423 432 431
f 423 432 433
f 423 433 432
f 423 433 434
f 423 434 433
f 423 434 435
f 423 435 434
f 423 435 436
f 423 436 435
f 423 436 437
f 423 437 436
f 423 437 438
f 423 438 437
f 423 438 439
f 423 439 438
f 423 439 440
f 423 440 439
f 423 440 441
f 423 441 440
f 423 441 442
f 423 442 441
f 423 442 443
f 423 443 442
f 423 443 444
f 423 444 443
f 423 444 445
f 423 445 444
f 423 445 446
f 423 446 445
f 423 446 447
f 423 447 446
f 423 447 448
f 423 448 447
f 423 448 449
f 423 449 448
f 423 449 450
f 423 450 449
f 423 450 451
f 423 451 450
f 423 451 452
f 423 452 451
f 423 452 453
f 423 453 452
f 423 453 454
f 423 454 453
f 423 454 455
f 423 455 454
f 423 455 456
f 423 456 455
f 423 456 457
f 423 457 456
f 423 457 458
f 423 458 457
f 423 458 459
f 423 459 458
f 423 459 460
f 423 460 459
f 423 460 461
f 423 461 460
f 423 461 462
f 423 462 461
f 423 462 463
f 423 463 462
f 423 463 464
f 423 464 463
f 423 464 465
f 423 465 464
f 423 465 466
f 423 466 465
f 423 466 467
f 423 467 466
f 423 467 468
f 423 468 467
v -0.227018 0.432608 -0.035869
v -0.224210 0.437717 -0.035832
v -0.220127 0.440874 -0.038543
v -0.216330 0.440874 -0.042967
v -0.214268 0.437717 -0.047413
v -0.214730 0.432608 -0.050184
v -0.217538 0.427499 -0.050220
v -0.221621 0.424342 -0.047509
v -0.225418 0.424342 -0.043085
v -0.227480 0.427499 -0.038639
v -0.267373 0.456133 -0.074488
v -0.265463 0.459607 -0.074463
v -0.262687 0.461754 -0.076307
v -0.260105 0.461754 -0.079315
v -0.258703 0.459607 -0.082338
v -0.259017 0.456133 -0.084222
v -0.260927 0.452659 -0.084247
v -0.263703 0.450512 -0.082403
v -0.266285 0.450512 -0.079395
v -0.267687 0.452659 -0.076372
f 469 470 480
f 469 480 479
f 470 471 481
f 470 481 480
f 471 472 482
f 471 482 481
f 472 473 483
f 472 483 482
f 473 474 484
f 473 484 483
f 474 475 485
f 474 485 484
f 475 476 486
f 475 486 485
f 476 477 487
f 476 487 486
f 477 478 488
f 477 488 487
f 478 469 479
f 478 479 488
v -0.263195 0.456133 -0.079355
v -0.263842 0.455275 -0.075784
v -0.264353 0.455425 -0.071719
v -0.264757 0.456368 -0.067265
v -0.265082 0.457897 -0.062524
v -0.265358 0.459784 -0.057607
v -0.265618 0.461789 -0.052633
v -0.265896 0.463669 -0.047720
v -0.266221 0.465195 -0.042980
v -0.266622 0.466162 -0.038515
v -0.267120 0.466405 -0.034404
v -0.267732 0.465807 -0.030705
v -0.268466 0.464310 -0.027447
v -0.269321 0.461912 -0.024631
v -0.270290 0.458674 -0.022226
v -0.271357 0.454712 -0.020177
v -0.272499 0.450191 -0.018401
v -0.273689 0.445316 -0.016799
v -0.274896 0.440316 -0.015258
v -0.276087 0.435433 -0.013659
v -0.277230 0.430909 -0.011885
v -0.278294 0.426971 -0.009823
v -0.279250 0.423826 -0.007373
v -0.280070 0.421689 -0.004429
v -0.279423 0.422547 -0.008000
v -0.278912 0.422398 -0.012065
v -0.278508 0.421454 -0.016519
v -0.278183 0.419926 -0.021260
v -0.277907 0.418038 -0.026177
v -0.277646 0.416033 -0.031151
v -0.277369 0.414153 -0.036065
v -0.277044 0.412627 -0.040804
v -0.276643 0.411661 -0.045269
v -0.276145 0.411418 -0.049380
v -0.275533 0.412015 -0.053079
v -0.274799 0.413513 -0.056337
v -0.273944 0.415911 -0.059153
v -0.272975 0.419149 -0.061558
v -0.271908 0.423110 -0.063608
v -0.270766 0.427631 -0.065383
v -0.269576 0.432506 -0.066986
v -0.268369 0.437507 -0.068526
v -0.267177 0.442389 -0.070125
v -0.266035 0.446913 -0.071899
v -0.264971 0.450851 -0.073961
v -0.264015 0.453996 -0.076411
f 489 490 491
f 489 491 490
f 489 491 492
f 489 492 491
f 489 492 493
f 489 493 492
f 489 493 494
f 489 494 493
f 489 494 495
f 489 495 494
f 489 495 496
f 489 496 495
f 489 496 497
f 489 497 496
f 489 497 498
f 489 498 497
f 489 498 499
f 489 499 498
f 489 499 500
f 489 500 499
f 489 500 501
f 489 501 500
f 489 501 502
f 489 502 501
f 489 502 503
f 489 503 502
f 489 503 504
f 489 504 503
f 489 504 505
f 489 505 504
f 489 505 506
f 489 506 505
f 489 506 507
f 489 507 506
f 489 507 508
f 489 508 507
f 489 508 509
f 489 509 508
f 489 509 510
f 489 510 509
f 489 510 511
f 489 511 510
f 489 511 512
f 489 512 511
f 489 512 513
f 489 513 512
f 489 513 514
f 489 514 513
f 489 514 515
f 489 515 514
f 489 515 516
f 489 516 515
f 489 516 517
f 489 517 516
f 489 517 518
f 489 518 517
f 489 518 519
f 489 519 518
f 489 519 520
f 489 520 519
f 489 520 521
f 489 521 520
f 489 521 522
f 489 522 521
f 489 522 523
f 489 523 522
f 489 523 524
f 489 524 523
f 489 524 525
f 489 525 524
f 489 525 526
f 489 526 525
f 489 526 527
f 489 527 526
f 489 527 528
f 489 528 527
f 489 528 529
f 489 529 528
f 489 529 530
f 489 530 529
f 489 530 531
f 489 531 530
f 489 531 532
f 489 532 531
f 489 532 533
f 489 533 532
f 489 533 534
f 489 534 533
v -0.263195 0.456133 -0.079355
v -0.259745 0.458651 -0.079836
v -0.256080 0.460817 -0.080796
v -0.252075 0.462426 -0.082513
v -0.247677 0.463392 -0.085103
v -0.242908 0.463747 -0.088521
v -0.237855 0.463639 -0.092570
v -0.232664 0.463303 -0.096929
v -0.227511 0.463031 -0.101200
v -0.222586 0.463131 -0.104965
v -0.218058 0.463883 -0.107845
v -0.214058 0.465499 -0.109553
v -0.210653 0.468092 -0.109932
v -0.207845 0.471662 -0.108985
v -0.205564 0.476096 -0.106864
v -0.203680 0.481181 -0.103858
v -0.202023 0.486639 -0.100346
v -0.200406 0.492161 -0.096747
v -0.198650 0.497455 -0.093457
v -0.196610 0.502285 -0.090798
v -0.194198 0.506506 -0.088968
v -0.191394 0.510083 -0.088011
v -0.188251 0.513103 -0.087810
v -0.184892 0.515770 -0.088088
v -0.188342 0.513252 -0.087607
v -0.192007 0.511086 -0.086647
v -0.196012 0.509478 -0.084931
v -0.200409 0.508512 -0.082340
v -0.205178 0.508156 -0.078922
v -0.210231 0.508264 -0.074873
v -0.215423 0.508601 -0.070515
v -0.220575 0.508873 -0.066244
v -0.225500 0.508772 -0.062478
v -0.230028 0.508020 -0.059598
v -0.234029 0.506405 -0.057891
v -0.237433 0.503812 -0.057511
v -0.240242 0.500242 -0.058459
v -0.242523 0.495808 -0.060580
v -0.244407 0.490722 -0.063586
v -0.246063 0.485265 -0.067098
v -0.247680 0.479742 -0.070697
v -0.249437 0.474448 -0.073986
v -0.251476 0.469618 -0.076645
v -0.253888 0.465398 -0.078476
v -0.256692 0.461821 -0.079433
v -0.259836 0.458801 -0.079633
f 535 536 537
f 535 537 536
f 535 537 538
f 535 538 537
f 535 538 539
f 535 539 538
f 535 539 540
f 535 540 539
f 535 540 541
f 535 541 540
f 535 541 542
f 535 542 541
f 535 542 543
f 535 543 542
f 535 543 544
f 535 544 543
f 535 544 545
f 535 545 544
f 535 545 546
f 535 546 545
f 535 546 547
f 535 547 546
f 535 547 548
f 535 548 547
f 535 548 549
f 535 549 548
f 535 549 550
f 535 550 549
f 535 550 551
f 535 551 550
f 535 551 552
f 535 552 551
f 535 552 553
f 535 553 552
f 535 553 554
f 535 554 553
f 535 554 555
f 535 555 554
f 535 555 556
f 535 556 555
f 535 556 557
f 535 557 556
f 535 557 558
f 535 558 557
f 535 558 559
f 535 559 558
f 535 559 560
f 535 560 559
f 535 560 561
f 535 561 560
f 535 561 562
f 535 562 561
f 535 562 563
f 535 563 562
f 535 563 564
f 535 564 563
f 535 564 565
f 535 565 564
f 535 565 566
f 535 566 565
f 535 566 567
f 535 567 566
f 535 567 568
f 535 568 567
f 535 568 569
f 535 569 568
f 535 569 570
f 535 570 569
f 535 570 571
f 535 571 570
f 535 571 572
f 535 572 571
f 535 572 573
f 535 573 572
f 535 573 574
f 535 574 573
f 535 574 575
f 535 575 574
f 535 575 576
f 535 576 575
f 535 576 577
f 535 577 576
f 535 577 578
f 535 578 577
f 535 578 579
f 535 579 578
f 535 579 580
f 535 580 579
v -0.263195 0.456133 -0.079355
v -0.262193 0.451800 -0.081761
v -0.262011 0.446856 -0.083608
v -0.262752 0.441224 -0.084824
v -0.264352 0.434951 -0.085455
v -0.266629 0.428174 -0.085624
v -0.269311 0.421095 -0.085516
v -0.272072 0.413957 -0.085355
v -0.274563 0.407020 -0.085377
v -0.276453 0.400532 -0.085811
v -0.277456 0.394704 -0.086849
v -0.277365 0.389691 -0.088633
v -0.276073 0.385575 -0.091237
v -0.273579 0.382354 -0.094661
v -0.269992 0.379948 -0.098830
v -0.265519 0.378202 -0.103605
v -0.260443 0.376905 -0.108790
v -0.255098 0.375810 -0.114159
v -0.249831 0.374655 -0.119474
v -0.244970 0.373199 -0.124513
v -0.240786 0.371238 -0.129090
v -0.237460 0.368637 -0.133081
v -0.235058 0.365347 -0.136442
v -0.233476 0.361447 -0.139244
v -0.234478 0.365780 -0.136838
v -0.234660 0.370724 -0.134992
v -0.233919 0.376356 -0.133775
v -0.232319 0.382629 -0.133144
v -0.230042 0.389406 -0.132975
v -0.227360 0.396485 -0.133083
v -0.224599 0.403623 -0.133244
v -0.222107 0.410560 -0.133222
v -0.220218 0.417048 -0.132788
v -0.219215 0.422876 -0.131750
v -0.219305 0.427888 -0.129966
v -0.220598 0.432005 -0.127363
v -0.223092 0.435226 -0.123939
v -0.226679 0.437632 -0.119769
v -0.231152 0.439378 -0.114995
v -0.236228 0.440674 -0.109810
v -0.241573 0.441770 -0.104441
v -0.246839 0.442925 -0.099125
v -0.251700 0.444381 -0.094086
v -0.255885 0.446342 -0.089509
v -0.259210 0.448943 -0.085518
v -0.261612 0.452233 -0.082157
f 581 582 583
f 581 583 582
f 581 583 584
f 581 584 583
f 581 584 585
f 581 585 584
f 581 585 586
f 581 586 585
f 581 586 587
f 581 587 586
f 581 587 588
f 581 588 587
f 581 588 589
f 581 589 588
f 581 589 590
f 581 590 589
f 581 590 591
f 581 591 590
f 581 591 592
f 581 592 591
f 581 592 593
f 581 593 592
f 581 593 594
f 581 594 593
f 581 594 595
f 581 595 594
f 581 595 596
f 581 596 595
f 581 596 597
f 581 597 596
f 581 597 598
f 581 598 597
f 581 598 599
f 581 599 598
f 581 599 600
f 581 600 599
f 581 600 601
f 581 601 600
f 581 601 602
f 581 602 601
f 581 602 603
f 581 603 602
f 581 603 604
f 581 604 603
f 581 604 605
f 581 605 604
f 581 605 606
f 581 606 605
f 581 606 607
f 581 607 606
f 581 607 608
f 581 608 607
f 581 608 609
f 581 609 608
f 581 609 610
f 581 610 609
f 581 610 611
f 581 611 610
f 581 611 612
f 581 612 611
f 581 612 613
f 581 613 612
f 581 613 614
f 581 614 613
f 581 614 615
f 581 615 614
f 581 615 616
f 581 616 615
f 581 616 617
f 581 617 616
f 581 617 618
f 581 618 617
f 581 618 619
f 581 619 618
f 581 619 620
f 581 620 619
f 581 620 621
f 581 621 620
f 581 621 622
f 581 622 621
f 581 622 623
f 581 623 622
f 581 623 624
f 581 624 623
f 581 624 625
f 581 625 624
f 581 625 626
f 581 626 625
v -0.110528 0.429300 -0.021881
v -0.107118 0.432985 -0.028830
v -0.108680 0.435262 -0.036947
v -0.114619 0.435262 -0.043130
v -0.122666 0.432985 -0.045018
v -0.129747 0.429300 -0.041890
v -0.133158 0.425616 -0.034940
v -0.131595 0.423339 -0.026824
v -0.125656 0.423339 -0.020641
v -0.117609 0.425616 -0.018753
v -0.146286 0.518772 0.006310
v -0.143966 0.521278 0.001584
v -0.145029 0.522826 -0.003935
v -0.149067 0.522826 -0.008139
v -0.154539 0.521278 -0.009423
v -0.159355 0.518772 -0.007296
v -0.161674 0.516267 -0.002570
v -0.160611 0.514719 0.002949
v -0.156573 0.514719 0.007153
v -0.151101 0.516267 0.008437
f 627 628 638
f 627 638 637
f 628 629 639
f 628 639 638
f 629 630 640
f 629 640 639
f 630 631 641
f 630 641 640
f 631 632 642
f 631 642 641
f 632 633 643
f 632 643 642
f 633 634 644
f 633 644 643
f 634 635 645
f 634 645 644
f 635 636 646
f 635 646 645
f 636 627 637
f 636 637 646
v -0.152820 0.518772 -0.000493
v -0.148656 0.516981 0.001365
v -0.143968 0.515607 0.002579
v -0.138585 0.514785 0.002940
v -0.132488 0.514533 0.002422
v -0.125773 0.514773 0.001146
v -0.118637 0.515347 -0.000646
v -0.111349 0.516043 -0.002627
v -0.104211 0.516620 -0.004423
v -0.097528 0.516834 -0.005660
v -0.091566 0.516474 -0.006010
v -0.086523 0.515382 -0.005233
v -0.082504 0.513475 -0.003197
v -0.079508 0.510753 0.000096
v -0.077430 0.507299 0.004518
v -0.076074 0.503271 0.009826
v -0.075173 0.498881 0.015693
v -0.074423 0.494371 0.021745
v -0.073519 0.489983 0.027609
v -0.072195 0.485930 0.032956
v -0.070253 0.482368 0.037545
v -0.067597 0.479376 0.041255
v -0.064246 0.476936 0.044112
v -0.060371 0.474914 0.046325
v -0.064535 0.476706 0.044468
v -0.069224 0.478080 0.043254
v -0.074606 0.478902 0.042892
v -0.080703 0.479154 0.043410
v -0.087418 0.478914 0.044686
v -0.094554 0.478339 0.046479
v -0.101842 0.477643 0.048460
v -0.108980 0.477067 0.050255
v -0.115663 0.476853 0.051492
v -0.121625 0.477213 0.051843
v -0.126668 0.478304 0.051065
v -0.130688 0.480211 0.049029
v -0.133684 0.482933 0.045736
v -0.135761 0.486387 0.041314
v -0.137117 0.490415 0.036006
v -0.138018 0.494805 0.030139
v -0.138769 0.499315 0.024087
v -0.139672 0.503704 0.018224
v -0.140996 0.507757 0.012876
v -0.142938 0.511319 0.008287
v -0.145595 0.514311 0.004578
v -0.148945 0.516750 0.001720
f 647 648 649
f 647 649 648
f 647 649 650
f 647 650 649
f 647 650 651
f 647 651 650
f 647 651 652
f 647 652 651
f 647 652 653
f 647 653 652
f 647 653 654
f 647 654 653
f 647 654 655
f 647 655 654
f 647 655 656
f 647 656 655
f 647 656 657
f 647 657 656
f 647 657 658
f 647 658 657
f 647 658 659
f 647 659 658
f 647 659 660
f 647 660 659
f 647 660 661
f 647 661 660
f 647 661 662
f 647 662 661
f 647 662 663
f 647 663 662
f 647 663 664
f 647 664 663
f 647 664 665
f 647 665 664
f 647 665 666
f 647 666 665
f 647 666 667
f 647 667 666
f 647 667 668
f 647 668 667
f 647 668 669
f 647 669 668
f 647 669 670
f 647 670 669
f 647 670 671
f 647 671 670
f 647 671 672
f 647 672 671
f 647 672 673
f 647 673 672
f 647 673 674
f 647 674 673
f 647 674 675
f 647 675 674
f 647 675 676
f 647 676 675
f 647 676 677
f 647 677 676
f 647 677 678
f 647 678 677
f 647 678 679
f 647 679 678
f 647 679 680
f 647 680 679
f 647 680 681
f 647 681 680
f 647 681 682
f 647 682 681
f 647 682 683
f 647 683 682
f 647 683 684
f 647 684 683
f 647 684 685
f 647 685 684
f 647 685 686
f 647 686 685
f 647 686 687
f 647 687 686
f 647 687 688
f 647 688 687
f 647 688 689
f 647 689 688
f 647 689 690
f 647 690 689
f 647 690 691
f 647 691 690
f 647 691 692
f 647 692 691
v -0.152820 0.518772 -0.000493
v -0.154859 0.516947 -0.002354
v -0.157127 0.514881 -0.003768
v -0.159727 0.512467 -0.004536
v -0.162688 0.509674 -0.004602
v -0.165976 0.506539 -0.004032
v -0.169498 0.503159 -0.003006
v -0.173122 0.499672 -0.001783
v -0.176688 0.496245 -0.000671
v -0.180036 0.493048 0.000015
v -0.183019 0.490232 -0.000007
v -0.185531 0.487910 -0.000946
v -0.187514 0.486144 -0.002917
v -0.188967 0.484932 -0.005918
v -0.189948 0.484215 -0.009836
v -0.190565 0.483879 -0.014462
v -0.190963 0.483772 -0.019515
v -0.191305 0.483725 -0.024679
v -0.191747 0.483573 -0.029646
v -0.192424 0.483174 -0.034156
v -0.193428 0.482433 -0.038031
v -0.194792 0.481314 -0.041203
v -0.196489 0.479847 -0.043730
v -0.198415 0.478139 -0.045809
v -0.196377 0.479964 -0.043948
v -0.194108 0.482030 -0.042534
v -0.191508 0.484445 -0.041766
v -0.188547 0.487237 -0.041701
v -0.185259 0.490372 -0.042270
v -0.181737 0.493752 -0.043296
v -0.178113 0.497239 -0.044520
v -0.174547 0.500666 -0.045632
v -0.171200 0.503863 -0.046317
v -0.168216 0.506679 -0.046295
v -0.165704 0.509001 -0.045356
v -0.163722 0.510767 -0.043385
v -0.162269 0.511979 -0.040385
v -0.161288 0.512696 -0.036466
v -0.160670 0.513032 -0.031840
v -0.160272 0.513139 -0.026787
v -0.159931 0.513186 -0.021623
v -0.159488 0.513339 -0.016656
v -0.158811 0.513738 -0.012147
v -0.157808 0.514478 -0.008271
v -0.156443 0.515597 -0.005099
v -0.154747 0.517064 -0.002572
f 693 694 695
f 693 695 694
f 693 695 696
f 693 696 695
f 693 696 697
f 693 697 696
f 693 697 698
f 693 698 697
f 693 698 699
f 693 699 698
f 693 699 700
f 693 700 699
f 693 700 701
f 693 701 700
f 693 701 702
f 693 702 701
f 693 702 703
f 693 703 702
f 693 703 704
f 693 704 703
f 693 704 705
f 693 705 704
f 693 705 706
f 693 706 705
f 693 706 707
f 693 707 706
f 693 707 708
f 693 708 707
f 693 708 709
f 693 709 708
f 693 709 710
f 693 710 709
f 693 710 711
f 693 711 710
f 693 711 712
f 693 712 711
f 693 712 713
f 693 713 712
f 693 713 714
f 693 714 713
f 693 714 715
f 693 715 714
f 693 715 716
f 693 716 715
f 693 716 717
f 693 717 716
f 693 717 718
f 693 718 717
f 693 718 719
f 693 719 718
f 693 719 720
f 693 720 719
f 693 720 721
f 693 721 720
f 693 721 722
f 693 722 721
f 693 722 723
f 693 723 722
f 693 723 724
f 693 724 723
f 693 724 725
f 693 725 724
f 693 725 726
f 693 726 725
f 693 726 727
f 693 727 726
f 693 727 728
f 693 728 727
f 693 728 729
f 693 729 728
f 693 729 730
f 693 730 729
f 693 730 731
f 693 731 730
f 693 731 732
f 693 732 731
f 693 732 733
f 693 733 732
f 693 733 734
f 693 734 733
f 693 734 735
f 693 735 734
f 693 735 736
f 693 736 735
f 693 736 737
f 693 737 736
f 693 737 738
f 693 738 737
v -0.145806 0.518772 0.005815
v -0.145142 0.523438 0.002382
v -0.147411 0.526321 -0.002149
v -0.151746 0.526321 -0.006047
v -0.156491 0.523438 -0.007824
v -0.159834 0.518772 -0.006801
v -0.160498 0.514107 -0.003368
v -0.158230 0.511224 0.001163
v -0.153895 0.511224 0.005061
v -0.149150 0.514107 0.006838
v -0.180896 0.550321 0.040318
v -0.180444 0.553494 0.037983
v -0.181987 0.555454 0.034902
v -0.184934 0.555454 0.032252
v -0.188161 0.553494 0.031043
v -0.190434 0.550321 0.031739
v -0.190886 0.547149 0.034073
v -0.189343 0.545188 0.037154
v -0.186396 0.545188 0.039805
v -0.183169 0.547149 0.041014
f 739 740 750
f 739 750 749
f 740 741 751
f 740 751 750
f 741 742 752
f 741 752 751
f 742 743 753
f 742 753 752
f 743 744 754
f 743 754 753
f 744 745 755
f 744 755 754
f 745 746 756
f 745 756 755
f 746 747 757
f 746 757 756
f 747 748 758
f 747 758 757
f 748 739 749
f 748 749 758
v -0.185665 0.550321 0.036028
v -0.182926 0.549054 0.037053
v -0.179675 0.548485 0.037934
v -0.175948 0.548564 0.038684
v -0.171830 0.549177 0.039324
v -0.167441 0.550160 0.039888
v -0.162921 0.551321 0.040417
v -0.158425 0.552449 0.040952
v -0.154106 0.553335 0.041536
v -0.150105 0.553789 0.042209
v -0.146537 0.553652 0.043002
v -0.143486 0.552810 0.043940
v -0.140994 0.551206 0.045033
v -0.139061 0.548839 0.046282
v -0.137645 0.545768 0.047675
v -0.136662 0.542105 0.049188
v -0.135997 0.538010 0.050790
v -0.135509 0.533674 0.052441
v -0.135045 0.529305 0.054099
v -0.134451 0.525112 0.055721
v -0.133585 0.521291 0.057267
v -0.132327 0.518004 0.058704
v -0.130595 0.515364 0.060009
v -0.128350 0.513423 0.061171
v -0.131089 0.514690 0.060147
v -0.134340 0.515259 0.059265
v -0.138067 0.515180 0.058516
v -0.142184 0.514568 0.057875
v -0.146574 0.513584 0.057311
v -0.151094 0.512423 0.056783
v -0.155590 0.511295 0.056248
v -0.159908 0.510409 0.055663
v -0.163910 0.509955 0.054990
v -0.167478 0.510093 0.054197
v -0.170529 0.510934 0.053260
v -0.173021 0.512538 0.052167
v -0.174953 0.514905 0.050918
v -0.176370 0.517977 0.049525
v -0.177352 0.521639 0.048011
v -0.178018 0.525734 0.046409
v -0.178506 0.530070 0.044758
v -0.178970 0.534440 0.043100
v -0.179564 0.538632 0.041478
v -0.180430 0.542453 0.039932
v -0.181687 0.545741 0.038495
v -0.183420 0.548380 0.037190
f 759 760 761
f 759 761 760
f 759 761 762
f 759 762 761
f 759 762 763
f 759 763 762
f 759 763 764
f 759 764 763
f 759 764 765
f 759 765 764
f 759 765 766
f 759 766 765
f 759 766 767
f 759 767 766
f 759 767 768
f 759 768 767
f 759 768 769
f 759 769 768
f 759 769 770
f 759 770 769
f 759 770 771
f 759 771 770
f 759 771 772
f 759 772 771
f 759 772 773
f 759 773 772
f 759 773 774
f 759 774 773
f 759 774 775
f 759 775 774
f 759 775 776
f 759 776 775
f 759 776 777
f 759 777 776
f 759 777 778
f 759 778 777
f 759 778 779
f 759 779 778
f 759 779 780
f 759 780 779
f 759 780 781
f 759 781 780
f 759 781 782
f 759 782 781
f 759 782 783
f 759 783 782
f 759 783 784
f 759 784 783
f 759 784 785
f 759 785 784
f 759 785 786
f 759 786 785
f 759 786 787
f 759 787 786
f 759 787 788
f 759 788 787
f 759 788 789
f 759 789 788
f 759 789 790
f 759 790 789
f 759 790 791
f 759 791 790
f 759 791 792
f 759 792 791
f 759 792 793
f 759 793 792
f 759 793 794
f 759 794 793
f 759 794 795
f 759 795 794
f 759 795 796
f 759 796 795
f 759 796 797
f 759 797 796
f 759 797 798
f 759 798 797
f 759 798 799
f 759 799 798
f 759 799 800
f 759 800 799
f 759 800 801
f 759 801 800
f 759 801 802
f 759 802 801
f 759 802 803
f 759 803 802
f 759 803 804
f 759 804 803
v -0.185665 0.550321 0.036028
v -0.185603 0.552233 0.030826
v -0.186800 0.553419 0.025119
v -0.189153 0.553938 0.018949
v -0.192451 0.553912 0.012399
v -0.196402 0.553510 0.005587
v -0.200659 0.552930 -0.001347
v -0.204850 0.552389 -0.008255
v -0.208605 0.552100 -0.014988
v -0.211587 0.552256 -0.021411
v -0.213516 0.553020 -0.027411
v -0.214192 0.554506 -0.032910
v -0.213513 0.556774 -0.037864
v -0.211478 0.559824 -0.042275
v -0.208191 0.563596 -0.046183
v -0.203851 0.567975 -0.049670
v -0.198738 0.572801 -0.052845
v -0.193189 0.577878 -0.055847
v -0.187573 0.582993 -0.058821
v -0.182264 0.587931 -0.061919
v -0.177608 0.592493 -0.065278
v -0.173897 0.596510 -0.069016
v -0.171341 0.599860 -0.073218
v -0.170045 0.602484 -0.077925
v -0.170107 0.600572 -0.072723
v -0.168910 0.599386 -0.067016
v -0.166557 0.598867 -0.060845
v -0.163259 0.598893 -0.054296
v -0.159308 0.599295 -0.047484
v -0.155051 0.599874 -0.040550
v -0.150860 0.600416 -0.033642
v -0.147105 0.600705 -0.026909
v -0.144123 0.600549 -0.020486
v -0.142194 0.599785 -0.014486
v -0.141518 0.598299 -0.008987
v -0.142197 0.596031 -0.004033
v -0.144232 0.592981 0.000378
v -0.147519 0.589209 0.004286
v -0.151859 0.584830 0.007773
v -0.156972 0.580004 0.010949
v -0.162521 0.574927 0.013950
v -0.168137 0.569812 0.016924
v -0.173446 0.564874 0.020022
v -0.178102 0.560312 0.023381
v -0.181813 0.556295 0.027119
v -0.184369 0.552945 0.031321
f 805 806 807
f 805 807 806
f 805 807 808
f 805 808 807
f 805 808 809
f 805 809 808
f 805 809 810
f 805 810 809
f 805 810 811
f 805 811 810
f 805 811 812
f 805 812 811
f 805 812 813
f 805 813 812
f 805 813 814
f 805 814 813
f 805 814 815
f 805 815 814
f 805 815 816
f 805 816 815
f 805 816 817
f 805 817 816
f 805 817 818
f 805 818 817
f 805 818 819
f 805 819 818
f 805 819 820
f 805 820 819
f 805 820 821
f 805 821 820
f 805 821 822
f 805 822 821
f 805 822 823
f 805 823 822
f 805 823 824
f 805 824 823
f 805 824 825
f 805 825 824
f 805 825 826
f 805 826 825
f 805 826 827
f 805 827 826
f 805 827 828
f 805 828 827
f 805 828 829
f 805 829 828
f 805 829 830
f 805 830 829
f 805 830 831
f 805 831 830
f 805 831 832
f 805 832 831
f 805 832 833
f 805 833 832
f 805 833 834
f 805 834 833
f 805 834 835
f 805 835 834
f 805 835 836
f 805 836 835
f 805 836 837
f 805 837 836
f 805 837 838
f 805 838 837
f 805 838 839
f 805 839 838
f 805 839 840
f 805 840 839
f 805 840 841
f 805 841 840
f 805 841 842
f 805 842 841
f 805 842 843
f 805 843 842
f 805 843 844
f 805 844 843
f 805 844 845
f 805 845 844
f 805 845 846
f 805 846 845
f 805 846 847
f 805 847 846
f 805 847 848
f 805 848 847
f 805 848 849
f 805 849 848
f 805 849 850
f 805 850 849
v -0.185665 0.550321 0.036028
v -0.186460 0.546292 0.035501
v -0.187069 0.542193 0.035199
v -0.187241 0.537932 0.035432
v -0.186756 0.533428 0.036465
v -0.185510 0.528640 0.038428
v -0.183552 0.523588 0.041259
v -0.181103 0.518354 0.044688
v -0.178522 0.513071 0.048280
v -0.176245 0.507900 0.051500
v -0.174704 0.503003 0.053822
v -0.174246 0.498508 0.054823
v -0.175063 0.494487 0.054269
v -0.177154 0.490939 0.052159
v -0.180329 0.487793 0.048727
v -0.184239 0.484921 0.044398
v -0.188454 0.482161 0.039697
v -0.192536 0.479352 0.035158
v -0.196128 0.476361 0.031218
v -0.199008 0.473106 0.028146
v -0.201126 0.469568 0.026004
v -0.202588 0.465786 0.024662
v -0.203612 0.461842 0.023854
v -0.204451 0.457828 0.023273
v -0.203656 0.461858 0.023801
v -0.203047 0.465957 0.024102
v -0.202875 0.470218 0.023869
v -0.203359 0.474722 0.022837
v -0.204606 0.479510 0.020873
v -0.206564 0.484562 0.018043
v -0.209013 0.489796 0.014613
v -0.211594 0.495079 0.011022
v -0.213871 0.500250 0.007801
v -0.215412 0.505147 0.005479
v -0.215870 0.509641 0.004478
v -0.215053 0.513663 0.005033
v -0.212961 0.517211 0.007143
v -0.209787 0.520357 0.010574
v -0.205876 0.523229 0.014904
v -0.201662 0.525989 0.019604
v -0.197579 0.528797 0.024143
v -0.193988 0.531789 0.028083
v -0.191108 0.535044 0.031155
v -0.188990 0.538582 0.033297
v -0.187528 0.542364 0.034639
v -0.186504 0.546308 0.035447
f 851 852 853
f 851 853 852
f 851 853 854
f 851 854 853
f 851 854 855
f 851 855 854
f 851 855 856
f 851 856 855
f 851 856 857
f 851 857 856
f 851 857 858
f 851 858 857
f 851 858 859
f 851 859 858
f 851 859 860
f 851 860 859
f 851 860 861
f 851 861 860
f 851 861 862
f 851 862 861
f 851 862 863
f 851 863 862
f 851 863 864
f 851 864 863
f 851 864 865
f 851 865 864
f 851 865 866
f 851 866 865
f 851 866 867
f 851 867 866
f 851 867 868
f 851 868 867
f 851 868 869
f 851 869 868
f 851 869 870
f 851 870 869
f 851 870 871
f 851 871 870
f 851 871 872
f 851 872 871
f 851 872 873
f 851 873 872
f 851 873 874
f 851 874 873
f 851 874 875
f 851 875 874
f 851 875 876
f 851 876 875
f 851 876 877
f 851 877 876
f 851 877 878
f 851 878 877
f 851 878 879
f 851 879 878
f 851 879 880
f 851 880 879
f 851 880 881
f 851 881 880
f 851 881 882
f 851 882 881
f 851 882 883
f 851 883 882
f 851 883 884
f 851 884 883
f 851 884 885
f 851 885 884
f 851 885 886
f 851 886 885
f 851 886 887
f 851 887 886
f 851 887 888
f 851 888 887
f 851 888 889
f 851 889 888
f 851 889 890
f 851 890 889
f 851 890 891
f 851 891 890
f 851 891 892
f 851 892 891
f 851 892 893
f 851 893 892
f 851 893 894
f 851 894 893
f 851 894 895
f 851 895 894
f 851 895 896
f 851 896 895
v -0.146573 0.518772 -0.007560
v -0.151157 0.521974 -0.009209
v -0.156378 0.523952 -0.007528
v -0.160239 0.523952 -0.003160
v -0.161266 0.521974 0.002226
v -0.159068 0.518772 0.006574
v -0.154483 0.515571 0.008223
v -0.149263 0.513593 0.006542
v -0.145402 0.513593 0.002174
v -0.144374 0.515571 -0.003212
v -0.123720 0.565680 0.016671
v -0.126837 0.567856 0.015550
v -0.130387 0.569202 0.016692
v -0.133013 0.569202 0.019663
v -0.133711 0.567856 0.023326
v -0.132216 0.565680 0.026282
v -0.129099 0.563503 0.027403
v -0.125549 0.562157 0.026260
v -0.122923 0.562157 0.023290
v -0.122225 0.563503 0.019627
f 897 898 908
f 897 908 907
f 898 899 909
f 898 909 908
f 899 900 910
f 899 910 909
f 900 901 911
f 900 911 910
f 901 902 912
f 901 912 911
f 902 903 913
f 902 913 912
f 903 904 914
f 903 914 913
f 904 905 915
f 904 915 914
f 905 906 916
f 905 916 915
f 906 897 907
f 906 907 916
v -0.127968 0.565680 0.021476
v -0.126751 0.564069 0.017088
v -0.125874 0.562734 0.012495
v -0.125676 0.561948 0.007497
v -0.126385 0.561897 0.001956
v -0.128061 0.562630 -0.004164
v -0.130570 0.564037 -0.010782
v -0.133589 0.565859 -0.017706
v -0.136662 0.567723 -0.024663
v -0.139269 0.569210 -0.031340
v -0.140912 0.569916 -0.037440
v -0.141205 0.569529 -0.042733
v -0.139936 0.567876 -0.047090
v -0.137105 0.564958 -0.050513
v -0.132924 0.560945 -0.053127
v -0.127780 0.556153 -0.055166
v -0.122169 0.550983 -0.056925
v -0.116612 0.545856 -0.058716
v -0.111566 0.541143 -0.060813
v -0.107351 0.537104 -0.063408
v -0.104105 0.533849 -0.066582
v -0.101766 0.531329 -0.070299
v -0.100104 0.529358 -0.074421
v -0.098784 0.527663 -0.078748
v -0.100001 0.529274 -0.074359
v -0.100877 0.530609 -0.069767
v -0.101076 0.531395 -0.064769
v -0.100367 0.531446 -0.059228
v -0.098691 0.530712 -0.053107
v -0.096182 0.529305 -0.046489
v -0.093163 0.527484 -0.039565
v -0.090090 0.525620 -0.032609
v -0.087483 0.524133 -0.025932
v -0.085840 0.523426 -0.019831
v -0.085546 0.523814 -0.014539
v -0.086815 0.525467 -0.010181
v -0.089646 0.528385 -0.006759
v -0.093828 0.532397 -0.004144
v -0.098972 0.537190 -0.002106
v -0.104583 0.542360 -0.000347
v -0.110140 0.547487 0.001444
v -0.115186 0.552200 0.003541
v -0.119400 0.556239 0.006136
v -0.122647 0.559494 0.009310
v -0.124986 0.562014 0.013027
v -0.126647 0.563985 0.017150
f 917 918 919
f 917 919 918
f 917 919 920
f 917 920 919
f 917 920 921
f 917 921 920
f 917 921 922
f 917 922 921
f 917 922 923
f 917 923 922
f 917 923 924
f 917 924 923
f 917 924 925
f 917 925 924
f 917 925 926
f 917 926 925
f 917 926 927
f 917 927 926
f 917 927 928
f 917 928 927
f 917 928 929
f 917 929 928
f 917 929 930
f 917 930 929
f 917 930 931
f 917 931 930
f 917 931 932
f 917 932 931
f 917 932 933
f 917 933 932
f 917 933 934
f 917 934 933
f 917 934 935
f 917 935 934
f 917 935 936
f 917 936 935
f 917 936 937
f 917 937 936
f 917 937 938
f 917 938 937
f 917 938 939
f 917 939 938
f 917 939 940
f 917 940 939
f 917 940 941
f 917 941 940
f 917 941 942
f 917 942 941
f 917 942 943
f 917 943 942
f 917 943 944
f 917 944 943
f 917 944 945
f 917 945 944
f 917 945 946
f 917 946 945
f 917 946 947
f 917 947 946
f 917 947 948
f 917 948 947
f 917 948 949
f 917 949 948
f 917 949 950
f 917 950 949
f 917 950 951
f 917 951 950
f 917 951 952
f 917 952 951
f 917 952 953
f 917 953 952
f 917 953 954
f 917 954 953
f 917 954 955
f 917 955 954
f 917 955 956
f 917 956 955
f 917 956 957
f 917 957 956
f 917 957 958
f 917 958 957
f 917 958 959
f 917 959 958
f 917 959 960
f 917 960 959
f 917 960 961
f 917 961 960
f 917 961 962
f 917 962 961
v -0.127968 0.565680 0.021476
v -0.132581 0.566717 0.018860
v -0.137392 0.567708 0.016566
v -0.142674 0.568587 0.015044
v -0.148671 0.569296 0.014691
v -0.155505 0.569808 0.015708
v -0.163125 0.570134 0.018012
v -0.171293 0.570330 0.021213
v -0.179616 0.570489 0.024667
v -0.187611 0.570726 0.027584
v -0.194798 0.571154 0.029181
v -0.200794 0.571864 0.028827
v -0.205385 0.572907 0.026173
v -0.208570 0.574282 0.021218
v -0.210563 0.575940 0.014314
v -0.211749 0.577788 0.006088
v -0.212608 0.579714 -0.002674
v -0.213621 0.581604 -0.011183
v -0.215181 0.583364 -0.018795
v -0.217528 0.584937 -0.025121
v -0.220713 0.586313 -0.030077
v -0.224611 0.587519 -0.033863
v -0.228982 0.588614 -0.036877
v -0.233550 0.589662 -0.039569
v -0.228936 0.588625 -0.036952
v -0.224126 0.587634 -0.034658
v -0.218843 0.586755 -0.033136
v -0.212847 0.586046 -0.032783
v -0.206013 0.585534 -0.033801
v -0.198393 0.585208 -0.036105
v -0.190225 0.585012 -0.039306
v -0.181902 0.584853 -0.042759
v -0.173907 0.584616 -0.045677
v -0.166719 0.584188 -0.047273
v -0.160723 0.583478 -0.046920
v -0.156133 0.582435 -0.044265
v -0.152948 0.581060 -0.039311
v -0.150955 0.579402 -0.032406
v -0.149769 0.577554 -0.024180
v -0.148910 0.575628 -0.015418
v -0.147897 0.573738 -0.006909
v -0.146336 0.571978 0.000703
v -0.143989 0.570405 0.007029
v -0.140805 0.569029 0.011984
v -0.136906 0.567823 0.015771
v -0.132536 0.566728 0.018785
f 963 964 965
f 963 965 964
f 963 965 966
f 963 966 965
f 963 966 967
f 963 967 966
f 963 967 968
f 963 968 967
f 963 968 969
f 963 969 968
f 963 969 970
f 963 970 969
f 963 970 971
f 963 971 970
f 963 971 972
f 963 972 971
f 963 972 973
f 963 973 972
f 963 973 974
f 963 974 973
f 963 974 975
f 963 975 974
f 963 975 976
f 963 976 975
f 963 976 977
f 963 977 976
f 963 977 978
f 963 978 977
f 963 978 979
f 963 979 978
f 963 979 980
f 963 980 979
f 963 980 981
f 963 981 980
f 963 981 982
f 963 982 981
f 963 982 983
f 963 983 982
f 963 983 984
f 963 984 983
f 963 984 985
f 963 985 984
f 963 985 986
f 963 986 985
f 963 986 987
f 963 987 986
f 963 987 988
f 963 988 987
f 963 988 989
f 963 989 988
f 963 989 990
f 963 990 989
f 963 990 991
f 963 991 990
f 963 991 992
f 963 992 991
f 963 992 993
f 963 993 992
f 963 993 994
f 963 994 993
f 963 994 995
f 963 995 994
f 963 995 996
f 963 996 995
f 963 996 997
f 963 997 996
f 963 997 998
f 963 998 997
f 963 998 999
f 963 999 998
f 963 999 1000
f 963 1000 999
f 963 1000 1001
f 963 1001 1000
f 963 1001 1002
f 963 1002 1001
f 963 1002 1003
f 963 1003 1002
f 963 1003 1004
f 963 1004 1003
f 963 1004 1005
f 963 1005 1004
f 963 1005 1006
f 963 1006 1005
f 963 1006 1007
f 963 1007 1006
f 963 1007 1008
f 963 1008 1007
v -0.127968 0.565680 0.021476
v -0.126770 0.561278 0.023512
v -0.124968 0.556785 0.025061
v -0.122250 0.552152 0.025871
v -0.118500 0.547363 0.025850
v -0.113793 0.542427 0.025057
v -0.108373 0.537383 0.023690
v -0.102622 0.532288 0.022055
v -0.097000 0.527213 0.020525
v -0.091987 0.522231 0.019486
v -0.088016 0.517408 0.019286
v -0.085413 0.512792 0.020189
v -0.084350 0.508412 0.022334
v -0.084830 0.504266 0.025722
v -0.086677 0.500328 0.030212
v -0.089565 0.496549 0.035542
v -0.093062 0.492863 0.041362
v -0.096689 0.489197 0.047287
v -0.099985 0.485480 0.052945
v -0.102568 0.481654 0.058029
v -0.104193 0.477683 0.062340
v -0.104787 0.473555 0.065821
v -0.104465 0.469287 0.068562
v -0.103538 0.464927 0.070817
v -0.104736 0.469328 0.068781
v -0.106538 0.473821 0.067232
v -0.109256 0.478454 0.066422
v -0.113006 0.483244 0.066443
v -0.117714 0.488179 0.067236
v -0.123133 0.493224 0.068603
v -0.128885 0.498318 0.070238
v -0.134507 0.503393 0.071768
v -0.139519 0.508375 0.072807
v -0.143490 0.513199 0.073007
v -0.146094 0.517814 0.072104
v -0.147156 0.522195 0.069959
v -0.146676 0.526340 0.066571
v -0.144830 0.530278 0.062081
v -0.141942 0.534057 0.056752
v -0.138444 0.537743 0.050931
v -0.134817 0.541410 0.045006
v -0.131522 0.545127 0.039348
v -0.128939 0.548952 0.034265
v -0.127313 0.552923 0.029953
v -0.126719 0.557052 0.026472
v -0.127042 0.561320 0.023731
f 1009 1010 1011
f 1009 1011 1010
f 1009 1011 1012
f 1009 1012 1011
f 1009 1012 1013
f 1009 1013 1012
f 1009 1013 1014
f 1009 1014 1013
f 1009 1014 1015
f 1009 1015 1014
f 1009 1015 1016
f 1009 1016 1015
f 1009 1016 1017
f 1009 1017 1016
f 1009 1017 1018
f 1009 1018 1017
f 1009 1018 1019
f 1009 1019 1018
f 1009 1019 1020
f 1009 1020 1019
f 1009 1020 1021
f 1009 1021 1020
f 1009 1021 1022
f 1009 1022 1021
f 1009 1022 1023
f 1009 1023 1022
f 1009 1023 1024
f 1009 1024 1023
f 1009 1024 1025
f 1009 1025 1024
f 1009 1025 1026
f 1009 1026 1025
f 1009 1026 1027
f 1009 1027 1026
f 1009 1027 1028
f 1009 1028 1027
f 1009 1028 1029
f 1009 1029 1028
f 1009 1029 1030
f 1009 1030 1029
f 1009 1030 1031
f 1009 1031 1030
f 1009 1031 1032
f 1009 1032 1031
f 1009 1032 1033
f 1009 1033 1032
f 1009 1033 1034
f 1009 1034 1033
f 1009 1034 1035
f 1009 1035 1034
f 1009 1035 1036
f 1009 1036 1035
f 1009 1036 1037
f 1009 1037 1036
f 1009 1037 1038
f 1009 1038 1037
f 1009 1038 1039
f 1009 1039 1038
f 1009 1039 1040
f 1009 1040 1039
f 1009 1040 1041
f 1009 1041 1040
f 1009 1041 1042
f 1009 1042 1041
f 1009 1042 1043
f 1009 1043 1042
f 1009 1043 1044
f 1009 1044 1043
f 1009 1044 1045
f 1009 1045 1044
f 1009 1045 1046
f 1009 1046 1045
f 1009 1046 1047
f 1009 1047 1046
f 1009 1047 1048
f 1009 1048 1047
f 1009 1048 1049
f 1009 1049 1048
f 1009 1049 1050
f 1009 1050 1049
f 1009 1050 1051
f 1009 1051 1050
f 1009 1051 1052
f 1009 1052 1051
f 1009 1052 1053
f 1009 1053 1052
f 1009 1053 1054
f 1009 1054 1053
v -0.159105 0.518772 0.006541
v -0.154702 0.522279 0.008060
v -0.149580 0.524446 0.006311
v -0.145695 0.524446 0.001964
v -0.144533 0.522279 -0.003322
v -0.146535 0.518772 -0.007527
v -0.150939 0.515266 -0.009046
v -0.156061 0.513099 -0.007297
v -0.159945 0.513099 -0.002950
v -0.161108 0.515266 0.002336
v -0.182835 0.561059 -0.018707
v -0.179841 0.563443 -0.017675
v -0.176358 0.564917 -0.018864
v -0.173717 0.564917 -0.021820
v -0.172926 0.563443 -0.025415
v -0.174288 0.561059 -0.028274
v -0.177282 0.558675 -0.029307
v -0.180765 0.557201 -0.028118
v -0.183406 0.557201 -0.025161
v -0.184197 0.558675 -0.021567
f 1055 1056 1066
f 1055 1066 1065
f 1056 1057 1067
f 1056 1067 1066
f 1057 1058 1068
f 1057 1068 1067
f 1058 1059 1069
f 1058 1069 1068
f 1059 1060 1070
f 1059 1070 1069
f 1060 1061 1071
f 1060 1071 1070
f 1061 1062 1072
f 1061 1072 1071
f 1062 1063 1073
f 1062 1073 1072
f 1063 1064 1074
f 1063 1074 1073
f 1064 1055 1065
f 1064 1065 1074
v -0.178561 0.561059 -0.023491
v -0.180702 0.560547 -0.019610
v -0.182648 0.560227 -0.015594
v -0.184122 0.560373 -0.011249
v -0.184872 0.561234 -0.006401
v -0.184767 0.562938 -0.000959
v -0.183856 0.565439 0.005046
v -0.182375 0.568501 0.011447
v -0.180728 0.571729 0.017963
v -0.179409 0.574632 0.024251
v -0.178911 0.576724 0.029968
v -0.179634 0.577612 0.034835
v -0.181796 0.577078 0.038701
v -0.185399 0.575123 0.041563
v -0.190222 0.571963 0.043578
v -0.195867 0.567991 0.045020
v -0.201839 0.563696 0.046234
v -0.207645 0.559566 0.047564
v -0.212882 0.555997 0.049290
v -0.217312 0.553225 0.051578
v -0.220887 0.551297 0.054460
v -0.223739 0.550083 0.057845
v -0.226118 0.549335 0.061560
v -0.228303 0.548779 0.065410
v -0.226162 0.549291 0.061529
v -0.224216 0.549611 0.057513
v -0.222743 0.549465 0.053168
v -0.221993 0.548604 0.048320
v -0.222097 0.546900 0.042878
v -0.223009 0.544399 0.036873
v -0.224489 0.541337 0.030472
v -0.226136 0.538110 0.023956
v -0.227456 0.535206 0.017668
v -0.227953 0.533114 0.011951
v -0.227231 0.532226 0.007084
v -0.225068 0.532760 0.003218
v -0.221465 0.534716 0.000356
v -0.216642 0.537875 -0.001659
v -0.210997 0.541847 -0.003101
v -0.205025 0.546142 -0.004315
v -0.199219 0.550272 -0.005645
v -0.193982 0.553841 -0.007371
v -0.189552 0.556613 -0.009659
v -0.185977 0.558541 -0.012541
v -0.183125 0.559755 -0.015926
v -0.180746 0.560503 -0.019641
f 1075 1076 1077
f 1075 1077 1076
f 1075 1077 1078
f 1075 1078 1077
f 1075 1078 1079
f 1075 1079 1078
f 1075 1079 1080
f 1075 1080 1079
f 1075 1080 1081
f 1075 1081 1080
f 1075 1081 1082
f 1075 1082 1081
f 1075 1082 1083
f 1075 1083 1082
f 1075 1083 1084
f 1075 1084 1083
f 1075 1084 1085
f 1075 1085 1084
f 1075 1085 1086
f 1075 1086 1085
f 1075 1086 1087
f 1075 1087 1086
f 1075 1087 1088
f 1075 1088 1087
f 1075 1088 1089
f 1075 1089 1088
f 1075 1089 1090
f 1075 1090 1089
f 1075 1090 1091
f 1075 1091 1090
f 1075 1091 1092
f 1075 1092 1091
f 1075 1092 1093
f 1075 1093 1092
f 1075 1093 1094
f 1075 1094 1093
f 1075 1094 1095
f 1075 1095 1094
f 1075 1095 1096
f 1075 1096 1095
f 1075 1096 1097
f 1075 1097 1096
f 1075 1097 1098
f 1075 1098 1097
f 1075 1098 1099
f 1075 1099 1098
f 1075 1099 1100
f 1075 1100 1099
f 1075 1100 1101
f 1075 1101 1100
f 1075 1101 1102
f 1075 1102 1101
f 1075 1102 1103
f 1075 1103 1102
f 1075 1103 1104
f 1075 1104 1103
f 1075 1104 1105
f 1075 1105 1104
f 1075 1105 1106
f 1075 1106 1105
f 1075 1106 1107
f 1075 1107 1106
f 1075 1107 1108
f 1075 1108 1107
f 1075 1108 1109
f 1075 1109 1108
f 1075 1109 1110
f 1075 1110 1109
f 1075 1110 1111
f 1075 1111 1110
f 1075 1111 1112
f 1075 1112 1111
f 1075 1112 1113
f 1075 1113 1112
f 1075 1113 1114
f 1075 1114 1113
f 1075 1114 1115
f 1075 1115 1114
f 1075 1115 1116
f 1075 1116 1115
f 1075 1116 1117
f 1075 1117 1116
f 1075 1117 1118
f 1075 1118 1117
f 1075 1118 1119
f 1075 1119 1118
f 1075 1119 1120
f 1075 1120 1119
v -0.178561 0.561059 -0.023491
v -0.174836 0.559799 -0.026185
v -0.171637 0.557921 -0.029426
v -0.169092 0.555275 -0.033347
v -0.167197 0.551866 -0.037943
v -0.165844 0.547822 -0.043102
v -0.164843 0.543364 -0.048627
v -0.163950 0.538779 -0.054264
v -0.162896 0.534384 -0.059733
v -0.161413 0.530491 -0.064758
v -0.159273 0.527370 -0.069099
v -0.156305 0.525221 -0.072580
v -0.152420 0.524149 -0.075108
v -0.147617 0.524153 -0.076683
v -0.141987 0.525129 -0.077398
v -0.135699 0.526877 -0.077430
v -0.128983 0.529127 -0.077017
v -0.122105 0.531568 -0.076436
v -0.115335 0.533881 -0.075967
v -0.108918 0.535780 -0.075865
v -0.103042 0.537044 -0.076325
v -0.097816 0.537546 -0.077460
v -0.093245 0.537279 -0.079276
v -0.089200 0.536394 -0.081638
v -0.092925 0.537654 -0.078944
v -0.096124 0.539532 -0.075703
v -0.098669 0.542178 -0.071781
v -0.100563 0.545587 -0.067185
v -0.101917 0.549631 -0.062027
v -0.102918 0.554089 -0.056502
v -0.103811 0.558674 -0.050865
v -0.104865 0.563069 -0.045396
v -0.106348 0.566962 -0.040371
v -0.108488 0.570082 -0.036030
v -0.111456 0.572232 -0.032549
v -0.115341 0.573304 -0.030021
v -0.120144 0.573300 -0.028446
v -0.125774 0.572324 -0.027730
v -0.132062 0.570575 -0.027699
v -0.138778 0.568325 -0.028112
v -0.145656 0.565885 -0.028693
v -0.152426 0.563572 -0.029161
v -0.158843 0.561672 -0.029263
v -0.164719 0.560409 -0.028803
v -0.169945 0.559907 -0.027668
v -0.174516 0.560174 -0.025853
f 1121 1122 1123
f 1121 1123 1122
f 1121 1123 1124
f 1121 1124 1123
f 1121 1124 1125
f 1121 1125 1124
f 1121 1125 1126
f 1121 1126 1125
f 1121 1126 1127
f 1121 1127 1126
f 1121 1127 1128
f 1121 1128 1127
f 1121 1128 1129
f 1121 1129 1128
f 1121 1129 1130
f 1121 1130 1129
f 1121 1130 1131
f 1121 1131 1130
f 1121 1131 1132
f 1121 1132 1131
f 1121 1132 1133
f 1121 1133 1132
f 1121 1133 1134
f 1121 1134 1133
f 1121 1134 1135
f 1121 1135 1134
f 1121 1135 1136
f 1121 1136 1135
f 1121 1136 1137
f 1121 1137 1136
f 1121 1137 1138
f 1121 1138 1137
f 1121 1138 1139
f 1121 1139 1138
f 1121 1139 1140
f 1121 1140 1139
f 1121 1140 1141
f 1121 1141 1140
f 1121 1141 1142
f 1121 1142 1141
f 1121 1142 1143
f 1121 1143 1142
f 1121 1143 1144
f 1121 1144 1143
f 1121 1144 1145
f 1121 1145 1144
f 1121 1145 1146
f 1121 1146 1145
f 1121 1146 1147
f 1121 1147 1146
f 1121 1147 1148
f 1121 1148 1147
f 1121 1148 1149
f 1121 1149 1148
f 1121 1149 1150
f 1121 1150 1149
f 1121 1150 1151
f 1121 1151 1150
f 1121 1151 1152
f 1121 1152 1151
f 1121 1152 1153
f 1121 1153 1152
f 1121 1153 1154
f 1121 1154 1153
f 1121 1154 1155
f 1121 1155 1154
f 1121 1155 1156
f 1121 1156 1155
f 1121 1156 1157
f 1121 1157 1156
f 1121 1157 1158
f 1121 1158 1157
f 1121 1158 1159
f 1121 1159 1158
f 1121 1159 1160
f 1121 1160 1159
f 1121 1160 1161
f 1121 1161 1160
f 1121 1161 1162
f 1121 1162 1161
f 1121 1162 1163
f 1121 1163 1162
f 1121 1163 1164
f 1121 1164 1163
f 1121 1164 1165
f 1121 1165 1164
f 1121 1165 1166
f 1121 1166 1165
v -0.133815 0.429300 -0.029568
v -0.130269 0.435233 -0.024496
v -0.122853 0.438899 -0.022246
v -0.114400 0.438899 -0.023677
v -0.108138 0.435233 -0.028244
v -0.106461 0.429300 -0.034202
v -0.110007 0.423368 -0.039275
v -0.117423 0.419701 -0.041525
v -0.125876 0.419701 -0.040093
v -0.132137 0.423368 -0.035526
v -0.141692 0.498481 -0.102649
v -0.139281 0.502515 -0.099200
v -0.134238 0.505008 -0.097670
v -0.128490 0.505008 -0.098644
v -0.124232 0.502515 -0.101749
v -0.123091 0.498481 -0.105800
v -0.125503 0.494447 -0.109250
v -0.130545 0.491953 -0.110780
v -0.136293 0.491953 -0.109806
v -0.140551 0.494447 -0.106701
f 1167 1168 1178
f 1167 1178 1177
f 1168 1169 1179
f 1168 1179 1178
f 1169 1170 1180
f 1169 1180 1179
f 1170 1171 1181
f 1170 1181 1180
f 1171 1172 1182
f 1171 1182 1181
f 1172 1173 1183
f 1172 1183 1182
f 1173 1174 1184
f 1173 1184 1183
f 1174 1175 1185
f 1174 1185 1184
f 1175 1176 1186
f 1175 1186 1185
f 1176 1167 1177
f 1176 1177 1186
v -0.132392 0.498481 -0.104225
v -0.135445 0.497364 -0.103962
v -0.138555 0.496438 -0.103505
v -0.141788 0.495929 -0.102631
v -0.145196 0.496010 -0.101162
v -0.148800 0.496749 -0.099030
v -0.152578 0.498078 -0.096305
v -0.156472 0.499794 -0.093190
v -0.160388 0.501586 -0.089998
v -0.164219 0.503090 -0.087097
v -0.167858 0.503950 -0.084844
v -0.171224 0.503886 -0.083520
v -0.174269 0.502744 -0.083283
v -0.176995 0.500522 -0.084131
v -0.179446 0.497377 -0.085910
v -0.181706 0.493588 -0.088336
v -0.183881 0.489511 -0.091052
v -0.186079 0.485510 -0.093692
v -0.188391 0.481896 -0.095942
v -0.190878 0.478872 -0.097599
v -0.193561 0.476506 -0.098593
v -0.196419 0.474730 -0.098992
v -0.199400 0.473371 -0.098973
v -0.202438 0.472202 -0.098762
v -0.199384 0.473319 -0.099025
v -0.196275 0.474245 -0.099481
v -0.193041 0.474754 -0.100356
v -0.189633 0.474674 -0.101825
v -0.186029 0.473935 -0.103956
v -0.182251 0.472605 -0.106681
v -0.178357 0.470889 -0.109796
v -0.174441 0.469097 -0.112988
v -0.170611 0.467593 -0.115889
v -0.166971 0.466733 -0.118143
v -0.163606 0.466797 -0.119466
v -0.160560 0.467939 -0.119704
v -0.157835 0.470161 -0.118855
v -0.155383 0.473306 -0.117077
v -0.153123 0.477095 -0.114651
v -0.150948 0.481172 -0.111934
v -0.148750 0.485173 -0.109294
v -0.146438 0.488787 -0.107044
v -0.143951 0.491812 -0.105388
v -0.141268 0.494177 -0.104394
v -0.138411 0.495953 -0.103994
v -0.135429 0.497313 -0.104013
f 1187 1188 1189
f 1187 1189 1188
f 1187 1189 1190
f 1187 1190 1189
f 1187 1190 1191
f 1187 1191 1190
f 1187 1191 1192
f 1187 1192 1191
f 1187 1192 1193
f 1187 1193 1192
f 1187 1193 1194
f 1187 1194 1193
f 1187 1194 1195
f 1187 1195 1194
f 1187 1195 1196
f 1187 1196 1195
f 1187 1196 1197
f 1187 1197 1196
f 1187 1197 1198
f 1187 1198 1197
f 1187 1198 1199
f 1187 1199 1198
f 1187 1199 1200
f 1187 1200 1199
f 1187 1200 1201
f 1187 1201 1200
f 1187 1201 1202
f 1187 1202 1201
f 1187 1202 1203
f 1187 1203 1202
f 1187 1203 1204
f 1187 1204 1203
f 1187 1204 1205
f 1187 1205 1204
f 1187 1205 1206
f 1187 1206 1205
f 1187 1206 1207
f 1187 1207 1206
f 1187 1207 1208
f 1187 1208 1207
f 1187 1208 1209
f 1187 1209 1208
f 1187 1209 1210
f 1187 1210 1209
f 1187 1210 1211
f 1187 1211 1210
f 1187 1211 1212
f 1187 1212 1211
f 1187 1212 1213
f 1187 1213 1212
f 1187 1213 1214
f 1187 1214 1213
f 1187 1214 1215
f 1187 1215 1214
f 1187 1215 1216
f 1187 1216 1215
f 1187 1216 1217
f 1187 1217 1216
f 1187 1217 1218
f 1187 1218 1217
f 1187 1218 1219
f 1187 1219 1218
f 1187 1219 1220
f 1187 1220 1219
f 1187 1220 1221
f 1187 1221 1220
f 1187 1221 1222
f 1187 1222 1221
f 1187 1222 1223
f 1187 1223 1222
f 1187 1223 1224
f 1187 1224 1223
f 1187 1224 1225
f 1187 1225 1224
f 1187 1225 1226
f 1187 1226 1225
f 1187 1226 1227
f 1187 1227 1226
f 1187 1227 1228
f 1187 1228 1227
f 1187 1228 1229
f 1187 1229 1228
f 1187 1229 1230
f 1187 1230 1229
f 1187 1230 1231
f 1187 1231 1230
f 1187 1231 1232
f 1187 1232 1231
v -0.132392 0.498481 -0.104225
v -0.129156 0.497313 -0.103361
v -0.125943 0.495763 -0.102859
v -0.122766 0.493613 -0.102924
v -0.119631 0.490772 -0.103643
v -0.116535 0.487278 -0.104979
v -0.113470 0.483290 -0.106784
v -0.110418 0.479061 -0.108817
v -0.107363 0.474903 -0.110781
v -0.104283 0.471146 -0.112367
v -0.101161 0.468088 -0.113291
v -0.097984 0.465956 -0.113340
v -0.094743 0.464869 -0.112399
v -0.091439 0.464830 -0.110468
v -0.088079 0.465715 -0.107661
v -0.084676 0.467300 -0.104193
v -0.081250 0.469286 -0.100345
v -0.077819 0.471343 -0.096430
v -0.074403 0.473159 -0.092743
v -0.071017 0.474480 -0.089525
v -0.067670 0.475149 -0.086923
v -0.064365 0.475127 -0.084975
v -0.061096 0.474504 -0.083595
v -0.057850 0.473500 -0.082577
v -0.061086 0.474668 -0.083440
v -0.064299 0.476218 -0.083943
v -0.067476 0.478368 -0.083877
v -0.070611 0.481209 -0.083158
v -0.073707 0.484702 -0.081822
v -0.076772 0.488690 -0.080018
v -0.079824 0.492920 -0.077985
v -0.082879 0.497078 -0.076020
v -0.085959 0.500835 -0.074434
v -0.089081 0.503893 -0.073510
v -0.092258 0.506025 -0.073461
v -0.095499 0.507111 -0.074403
v -0.098803 0.507151 -0.076334
v -0.102163 0.506265 -0.079140
v -0.105566 0.504681 -0.082609
v -0.108992 0.502695 -0.086456
v -0.112423 0.500638 -0.090371
v -0.115839 0.498822 -0.094058
v -0.119225 0.497501 -0.097277
v -0.122572 0.496832 -0.099878
v -0.125877 0.496854 -0.101826
v -0.129146 0.497476 -0.103206
f 1233 1234 1235
f 1233 1235 1234
f 1233 1235 1236
f 1233 1236 1235
f 1233 1236 1237
f 1233 1237 1236
f 1233 1237 1238
f 1233 1238 1237
f 1233 1238 1239
f 1233 1239 1238
f 1233 1239 1240
f 1233 1240 1239
f 1233 1240 1241
f 1233 1241 1240
f 1233 1241 1242
f 1233 1242 1241
f 1233 1242 1243
f 1233 1243 1242
f 1233 1243 1244
f 1233 1244 1243
f 1233 1244 1245
f 1233 1245 1244
f 1233 1245 1246
f 1233 1246 1245
f 1233 1246 1247
f 1233 1247 1246
f 1233 1247 1248
f 1233 1248 1247
f 1233 1248 1249
f 1233 1249 1248
f 1233 1249 1250
f 1233 1250 1249
f 1233 1250 1251
f 1233 1251 1250
f 1233 1251 1252
f 1233 1252 1251
f 1233 1252 1253
f 1233 1253 1252
f 1233 1253 1254
f 1233 1254 1253
f 1233 1254 1255
f 1233 1255 1254
f 1233 1255 1256
f 1233 1256 1255
f 1233 1256 1257
f 1233 1257 1256
f 1233 1257 1258
f 1233 1258 1257
f 1233 1258 1259
f 1233 1259 1258
f 1233 1259 1260
f 1233 1260 1259
f 1233 1260 1261
f 1233 1261 1260
f 1233 1261 1262
f 1233 1262 1261
f 1233 1262 1263
f 1233 1263 1262
f 1233 1263 1264
f 1233 1264 1263
f 1233 1264 1265
f 1233 1265 1264
f 1233 1265 1266
f 1233 1266 1265
f 1233 1266 1267
f 1233 1267 1266
f 1233 1267 1268
f 1233 1268 1267
f 1233 1268 1269
f 1233 1269 1268
f 1233 1269 1270
f 1233 1270 1269
f 1233 1270 1271
f 1233 1271 1270
f 1233 1271 1272
f 1233 1272 1271
f 1233 1272 1273
f 1233 1273 1272
f 1233 1273 1274
f 1233 1274 1273
f 1233 1274 1275
f 1233 1275 1274
f 1233 1275 1276
f 1233 1276 1275
f 1233 1276 1277
f 1233 1277 1276
f 1233 1277 1278
f 1233 1278 1277
v -0.141818 0.498481 -0.103867
v -0.139964 0.503846 -0.102538
v -0.135219 0.507162 -0.101854
v -0.129393 0.507162 -0.102075
v -0.124713 0.503846 -0.103117
v -0.122965 0.498481 -0.104583
v -0.124819 0.493115 -0.105911
v -0.129565 0.489799 -0.106596
v -0.135390 0.489799 -0.106375
v -0.140071 0.493115 -0.105332
v -0.141097 0.514250 -0.164457
v -0.139837 0.517899 -0.163554
v -0.136610 0.520154 -0.163088
v -0.132648 0.520154 -0.163239
v -0.129465 0.517899 -0.163947
v -0.128277 0.514250 -0.164944
v -0.129538 0.510602 -0.165847
v -0.132765 0.508347 -0.166313
v -0.136726 0.508347 -0.166163
v -0.139909 0.510602 -0.165454
f 1279 1280 1290
f 1279 1290 1289
f 1280 1281 1291
f 1280 1291 1290
f 1281 1282 1292
f 1281 1292 1291
f 1282 1283 1293
f 1282 1293 1292
f 1283 1284 1294
f 1283 1294 1293
f 1284 1285 1295
f 1284 1295 1294
f 1285 1286 1296
f 1285 1296 1295
f 1286 1287 1297
f 1286 1297 1296
f 1287 1288 1298
f 1287 1298 1297
f 1288 1279 1289
f 1288 1289 1298
v -0.134687 0.514250 -0.164701
v -0.137368 0.514963 -0.162400
v -0.139792 0.516644 -0.159857
v -0.141991 0.519177 -0.157100
v -0.144012 0.522385 -0.154174
v -0.145913 0.526044 -0.151135
v -0.147763 0.529899 -0.148047
v -0.149632 0.533680 -0.144977
v -0.151590 0.537124 -0.141992
v -0.153700 0.539991 -0.139151
v -0.156015 0.542087 -0.136504
v -0.158571 0.543271 -0.134086
v -0.161387 0.543472 -0.131914
v -0.164464 0.542688 -0.129988
v -0.167781 0.540993 -0.128292
v -0.171303 0.538527 -0.126788
v -0.174977 0.535484 -0.125430
v -0.178741 0.532103 -0.124155
v -0.182523 0.528649 -0.122900
v -0.186255 0.525391 -0.121595
v -0.189866 0.522584 -0.120177
v -0.193299 0.520452 -0.118590
v -0.196507 0.519171 -0.116789
v -0.199459 0.518860 -0.114746
v -0.196778 0.518147 -0.117046
v -0.194354 0.516465 -0.119589
v -0.192155 0.513933 -0.122346
v -0.190134 0.510725 -0.125272
v -0.188233 0.507066 -0.128311
v -0.186383 0.503211 -0.131399
v -0.184514 0.499430 -0.134469
v -0.182556 0.495986 -0.137454
v -0.180446 0.493118 -0.140295
v -0.178131 0.491023 -0.142942
v -0.175575 0.489839 -0.145360
v -0.172759 0.489638 -0.147532
v -0.169682 0.490422 -0.149458
v -0.166365 0.492116 -0.151155
v -0.162843 0.494583 -0.152658
v -0.159169 0.497626 -0.154017
v -0.155406 0.501007 -0.155291
v -0.151623 0.504461 -0.156546
v -0.147892 0.507719 -0.157851
v -0.144280 0.510526 -0.159269
v -0.140847 0.512658 -0.160856
v -0.137639 0.513939 -0.162657
f 1299 1300 1301
f 1299 1301 1300
f 1299 1301 1302
f 1299 1302 1301
f 1299 1302 1303
f 1299 1303 1302
f 1299 1303 1304
f 1299 1304 1303
f 1299 1304 1305
f 1299 1305 1304
f 1299 1305 1306
f 1299 1306 1305
f 1299 1306 1307
f 1299 1307 1306
f 1299 1307 1308
f 1299 1308 1307
f 1299 1308 1309
f 1299 1309 1308
f 1299 1309 1310
f 1299 1310 1309
f 1299 1310 1311
f 1299 1311 1310
f 1299 1311 1312
f 1299 1312 1311
f 1299 1312 1313
f 1299 1313 1312
f 1299 1313 1314
f 1299 1314 1313
f 1299 1314 1315
f 1299 1315 1314
f 1299 1315 1316
f 1299 1316 1315
f 1299 1316 1317
f 1299 1317 1316
f 1299 1317 1318
f 1299 1318 1317
f 1299 1318 1319
f 1299 1319 1318
f 1299 1319 1320
f 1299 1320 1319
f 1299 1320 1321
f 1299 1321 1320
f 1299 1321 1322
f 1299 1322 1321
f 1299 1322 1323
f 1299 1323 1322
f 1299 1323 1324
f 1299 1324 1323
f 1299 1324 1325
f 1299 1325 1324
f 1299 1325 1326
f 1299 1326 1325
f 1299 1326 1327
f 1299 1327 1326
f 1299 1327 1328
f 1299 1328 1327
f 1299 1328 1329
f 1299 1329 1328
f 1299 1329 1330
f 1299 1330 1329
f 1299 1330 1331
f 1299 1331 1330
f 1299 1331 1332
f 1299 1332 1331
f 1299 1332 1333
f 1299 1333 1332
f 1299 1333 1334
f 1299 1334 1333
f 1299 1334 1335
f 1299 1335 1334
f 1299 1335 1336
f 1299 1336 1335
f 1299 1336 1337
f 1299 1337 1336
f 1299 1337 1338
f 1299 1338 1337
f 1299 1338 1339
f 1299 1339 1338
f 1299 1339 1340
f 1299 1340 1339
f 1299 1340 1341
f 1299 1341 1340
f 1299 1341 1342
f 1299 1342 1341
f 1299 1342 1343
f 1299 1343 1342
f 1299 1343 1344
f 1299 1344 1343
v -0.134687 0.514250 -0.164701
v -0.129754 0.514583 -0.163388
v -0.124406 0.513565 -0.162442
v -0.118692 0.511356 -0.161821
v -0.112686 0.508199 -0.161459
v -0.106485 0.504405 -0.161270
v -0.100197 0.500332 -0.161157
v -0.093940 0.496358 -0.161017
v -0.087828 0.492854 -0.160749
v -0.081963 0.490156 -0.160262
v -0.076431 0.488539 -0.159480
v -0.071291 0.488199 -0.158350
v -0.066576 0.489239 -0.156844
v -0.062285 0.491658 -0.154962
v -0.058386 0.495354 -0.152733
v -0.054820 0.500132 -0.150208
v -0.051502 0.505715 -0.147465
v -0.048328 0.511768 -0.144593
v -0.045185 0.517920 -0.141695
v -0.041956 0.523794 -0.138872
v -0.038531 0.529030 -0.136223
v -0.034814 0.533319 -0.133832
v -0.030731 0.536416 -0.131766
v -0.026233 0.538163 -0.130067
v -0.031166 0.537830 -0.131380
v -0.036514 0.538848 -0.132326
v -0.042228 0.541057 -0.132946
v -0.048234 0.544214 -0.133309
v -0.054436 0.548008 -0.133498
v -0.060723 0.552081 -0.133611
v -0.066980 0.556055 -0.133751
v -0.073093 0.559559 -0.134019
v -0.078958 0.562257 -0.134506
v -0.084490 0.563874 -0.135288
v -0.089629 0.564214 -0.136418
v -0.094345 0.563174 -0.137924
v -0.098636 0.560755 -0.139806
v -0.102534 0.557059 -0.142035
v -0.106100 0.552281 -0.144559
v -0.109419 0.546698 -0.147303
v -0.112593 0.540645 -0.150175
v -0.115736 0.534493 -0.153073
v -0.118965 0.528619 -0.155896
v -0.122390 0.523382 -0.158545
v -0.126106 0.519094 -0.160936
v -0.130189 0.515997 -0.163002
f 1345 1346 1347
f 1345 1347 1346
f 1345 1347 1348
f 1345 1348 1347
f 1345 1348 1349
f 1345 1349 1348
f 1345 1349 1350
f 1345 1350 1349
f 1345 1350 1351
f 1345 1351 1350
f 1345 1351 1352
f 1345 1352 1351
f 1345 1352 1353
f 1345 1353 1352
f 1345 1353 1354
f 1345 1354 1353
f 1345 1354 1355
f 1345 1355 1354
f 1345 1355 1356
f 1345 1356 1355
f 1345 1356 1357
f 1345 1357 1356
f 1345 1357 1358
f 1345 1358 1357
f 1345 1358 1359
f 1345 1359 1358
f 1345 1359 1360
f 1345 1360 1359
f 1345 1360 1361
f 1345 1361 1360
f 1345 1361 1362
f 1345 1362 1361
f 1345 1362 1363
f 1345 1363 1362
f 1345 1363 1364
f 1345 1364 1363
f 1345 1364 1365
f 1345 1365 1364
f 1345 1365 1366
f 1345 1366 1365
f 1345 1366 1367
f 1345 1367 1366
f 1345 1367 1368
f 1345 1368 1367
f 1345 1368 1369
f 1345 1369 1368
f 1345 1369 1370
f 1345 1370 1369
f 1345 1370 1371
f 1345 1371 1370
f 1345 1371 1372
f 1345 1372 1371
f 1345 1372 1373
f 1345 1373 1372
f 1345 1373 1374
f 1345 1374 1373
f 1345 1374 1375
f 1345 1375 1374
f 1345 1375 1376
f 1345 1376 1375
f 1345 1376 1377
f 1345 1377 1376
f 1345 1377 1378
f 1345 1378 1377
f 1345 1378 1379
f 1345 1379 1378
f 1345 1379 1380
f 1345 1380 1379
f 1345 1380 1381
f 1345 1381 1380
f 1345 1381 1382
f 1345 1382 1381
f 1345 1382 1383
f 1345 1383 1382
f 1345 1383 1384
f 1345 1384 1383
f 1345 1384 1385
f 1345 1385 1384
f 1345 1385 1386
f 1345 1386 1385
f 1345 1386 1387
f 1345 1387 1386
f 1345 1387 1388
f 1345 1388 1387
f 1345 1388 1389
f 1345 1389 1388
f 1345 1389 1390
f 1345 1390 1389
v -0.136773 0.498481 -0.095871
v -0.131779 0.501431 -0.095286
v -0.127019 0.503255 -0.098115
v -0.124311 0.503255 -0.103278
v -0.124690 0.501431 -0.108803
v -0.128010 0.498481 -0.112579
v -0.133004 0.495530 -0.113164
v -0.137764 0.493707 -0.110334
v -0.140472 0.493707 -0.105171
v -0.140093 0.495530 -0.099647
v -0.164024 0.549960 -0.113572
v -0.160628 0.551967 -0.113174
v -0.157391 0.553207 -0.115098
v -0.155550 0.553207 -0.118609
v -0.155807 0.551967 -0.122366
v -0.158065 0.549960 -0.124933
v -0.161461 0.547954 -0.125331
v -0.164698 0.546714 -0.123407
v -0.166539 0.546714 -0.119896
v -0.166282 0.547954 -0.116140
f 1391 1392 1402
f 1391 1402 1401
f 1392 1393 1403
f 1392 1403 1402
f 1393 1394 1404
f 1393 1404 1403
f 1394 1395 1405
f 1394 1405 1404
f 1395 1396 1406
f 1395 1406 1405
f 1396 1397 1407
f 1396 1407 1406
f 1397 1398 1408
f 1397 1408 1407
f 1398 1399 1409
f 1398 1409 1408
f 1399 1400 1410
f 1399 1410 1409
f 1400 1391 1401
f 1400 1401 1410
v -0.161044 0.549960 -0.119253
v -0.163079 0.548891 -0.115455
v -0.164410 0.548417 -0.110963
v -0.165040 0.548534 -0.105778
v -0.165067 0.549162 -0.099996
v -0.164654 0.550161 -0.093780
v -0.164009 0.551356 -0.087334
v -0.163367 0.552550 -0.080891
v -0.162964 0.553540 -0.074686
v -0.163024 0.554139 -0.068937
v -0.163731 0.554192 -0.063827
v -0.165219 0.553585 -0.059489
v -0.167556 0.552260 -0.055991
v -0.170743 0.550217 -0.053333
v -0.174711 0.547514 -0.051447
v -0.179326 0.544264 -0.050200
v -0.184403 0.540624 -0.049409
v -0.189720 0.536780 -0.048857
v -0.195040 0.532935 -0.048306
v -0.200128 0.529286 -0.047527
v -0.204775 0.526008 -0.046312
v -0.208820 0.523240 -0.044501
v -0.212164 0.521065 -0.041998
v -0.214804 0.519484 -0.038799
v -0.212769 0.520553 -0.042596
v -0.211438 0.521028 -0.047089
v -0.210808 0.520910 -0.052274
v -0.210781 0.520283 -0.058056
v -0.211194 0.519283 -0.064272
v -0.211839 0.518088 -0.070717
v -0.212482 0.516895 -0.077161
v -0.212884 0.515905 -0.083366
v -0.212824 0.515305 -0.089115
v -0.212117 0.515252 -0.094225
v -0.210630 0.515859 -0.098563
v -0.208292 0.517184 -0.102061
v -0.205105 0.519227 -0.104718
v -0.201137 0.521930 -0.106605
v -0.196522 0.525180 -0.107852
v -0.191445 0.528820 -0.108642
v -0.186128 0.532664 -0.109195
v -0.180808 0.536509 -0.109746
v -0.175720 0.540159 -0.110525
v -0.171073 0.543436 -0.111740
v -0.167028 0.546204 -0.113550
v -0.163685 0.548380 -0.116054
f 1411 1412 1413
f 1411 1413 1412
f 1411 1413 1414
f 1411 1414 1413
f 1411 1414 1415
f 1411 1415 1414
f 1411 1415 1416
f 1411 1416 1415
f 1411 1416 1417
f 1411 1417 1416
f 1411 1417 1418
f 1411 1418 1417
f 1411 1418 1419
f 1411 1419 1418
f 1411 1419 1420
f 1411 1420 1419
f 1411 1420 1421
f 1411 1421 1420
f 1411 1421 1422
f 1411 1422 1421
f 1411 1422 1423
f 1411 1423 1422
f 1411 1423 1424
f 1411 1424 1423
f 1411 1424 1425
f 1411 1425 1424
f 1411 1425 1426
f 1411 1426 1425
f 1411 1426 1427
f 1411 1427 1426
f 1411 1427 1428
f 1411 1428 1427
f 1411 1428 1429
f 1411 1429 1428
f 1411 1429 1430
f 1411 1430 1429
f 1411 1430 1431
f 1411 1431 1430
f 1411 1431 1432
f 1411 1432 1431
f 1411 1432 1433
f 1411 1433 1432
f 1411 1433 1434
f 1411 1434 1433
f 1411 1434 1435
f 1411 1435 1434
f 1411 1435 1436
f 1411 1436 1435
f 1411 1436 1437
f 1411 1437 1436
f 1411 1437 1438
f 1411 1438 1437
f 1411 1438 1439
f 1411 1439 1438
f 1411 1439 1440
f 1411 1440 1439
f 1411 1440 1441
f 1411 1441 1440
f 1411 1441 1442
f 1411 1442 1441
f 1411 1442 1443
f 1411 1443 1442
f 1411 1443 1444
f 1411 1444 1443
f 1411 1444 1445
f 1411 1445 1444
f 1411 1445 1446
f 1411 1446 1445
f 1411 1446 1447
f 1411 1447 1446
f 1411 1447 1448
f 1411 1448 1447
f 1411 1448 1449
f 1411 1449 1448
f 1411 1449 1450
f 1411 1450 1449
f 1411 1450 1451
f 1411 1451 1450
f 1411 1451 1452
f 1411 1452 1451
f 1411 1452 1453
f 1411 1453 1452
f 1411 1453 1454
f 1411 1454 1453
f 1411 1454 1455
f 1411 1455 1454
f 1411 1455 1456
f 1411 1456 1455
v -0.161044 0.549960 -0.119253
v -0.157270 0.549924 -0.118924
v -0.153470 0.549822 -0.118869
v -0.149610 0.549567 -0.119450
v -0.145660 0.549086 -0.120977
v -0.141608 0.548343 -0.123596
v -0.137461 0.547358 -0.127226
v -0.133249 0.546207 -0.131550
v -0.129019 0.545013 -0.136053
v -0.124832 0.543925 -0.140114
v -0.120743 0.543090 -0.143118
v -0.116801 0.542626 -0.144575
v -0.113029 0.542597 -0.144213
v -0.109429 0.543004 -0.142032
v -0.105975 0.543781 -0.138304
v -0.102620 0.544812 -0.133519
v -0.099306 0.545948 -0.128293
v -0.095976 0.547042 -0.123245
v -0.092580 0.547969 -0.118891
v -0.089090 0.548655 -0.115548
v -0.085496 0.549078 -0.113297
v -0.081813 0.549275 -0.111992
v -0.078071 0.549320 -0.111324
v -0.074303 0.549299 -0.110929
v -0.078077 0.549336 -0.111258
v -0.081877 0.549438 -0.111313
v -0.085737 0.549693 -0.110731
v -0.089687 0.550174 -0.109205
v -0.093739 0.550917 -0.106586
v -0.097886 0.551902 -0.102955
v -0.102098 0.553053 -0.098631
v -0.106328 0.554247 -0.094128
v -0.110515 0.555335 -0.090068
v -0.114604 0.556170 -0.087063
v -0.118546 0.556634 -0.085606
v -0.122318 0.556663 -0.085968
v -0.125918 0.556256 -0.088149
v -0.129372 0.555479 -0.091877
v -0.132727 0.554448 -0.096662
v -0.136041 0.553312 -0.101889
v -0.139371 0.552218 -0.106936
v -0.142767 0.551290 -0.111291
v -0.146257 0.550605 -0.114633
v -0.149851 0.550182 -0.116884
v -0.153534 0.549984 -0.118189
v -0.157276 0.549940 -0.118858
f 1457 1458 1459
f 1457 1459 1458
f 1457 1459 1460
f 1457 1460 1459
f 1457 1460 1461
f 1457 1461 1460
f 1457 1461 1462
f 1457 1462 1461
f 1457 1462 1463
f 1457 1463 1462
f 1457 1463 1464
f 1457 1464 1463
f 1457 1464 1465
f 1457 1465 1464
f 1457 1465 1466
f 1457 1466 1465
f 1457 1466 1467
f 1457 1467 1466
f 1457 1467 1468
f 1457 1468 1467
f 1457 1468 1469
f 1457 1469 1468
f 1457 1469 1470
f 1457 1470 1469
f 1457 1470 1471
f 1457 1471 1470
f 1457 1471 1472
f 1457 1472 1471
f 1457 1472 1473
f 1457 1473 1472
f 1457 1473 1474
f 1457 1474 1473
f 1457 1474 1475
f 1457 1475 1474
f 1457 1475 1476
f 1457 1476 1475
f 1457 1476 1477
f 1457 1477 1476
f 1457 1477 1478
f 1457 1478 1477
f 1457 1478 1479
f 1457 1479 1478
f 1457 1479 1480
f 1457 1480 1479
f 1457 1480 1481
f 1457 1481 1480
f 1457 1481 1482
f 1457 1482 1481
f 1457 1482 1483
f 1457 1483 1482
f 1457 1483 1484
f 1457 1484 1483
f 1457 1484 1485
f 1457 1485 1484
f 1457 1485 1486
f 1457 1486 1485
f 1457 1486 1487
f 1457 1487 1486
f 1457 1487 1488
f 1457 1488 1487
f 1457 1488 1489
f 1457 1489 1488
f 1457 1489 1490
f 1457 1490 1489
f 1457 1490 1491
f 1457 1491 1490
f 1457 1491 1492
f 1457 1492 1491
f 1457 1492 1493
f 1457 1493 1492
f 1457 1493 1494
f 1457 1494 1493
f 1457 1494 1495
f 1457 1495 1494
f 1457 1495 1496
f 1457 1496 1495
f 1457 1496 1497
f 1457 1497 1496
f 1457 1497 1498
f 1457 1498 1497
f 1457 1498 1499
f 1457 1499 1498
f 1457 1499 1500
f 1457 1500 1499
f 1457 1500 1501
f 1457 1501 1500
f 1457 1501 1502
f 1457 1502 1501
v -0.161044 0.549960 -0.119253
v -0.162159 0.546783 -0.123240
v -0.164371 0.543145 -0.126720
v -0.167732 0.539022 -0.129666
v -0.172117 0.534467 -0.132137
v -0.177273 0.529588 -0.134251
v -0.182861 0.524527 -0.136165
v -0.188487 0.519450 -0.138061
v -0.193743 0.514529 -0.140128
v -0.198245 0.509925 -0.142545
v -0.201671 0.505774 -0.145462
v -0.203785 0.502176 -0.148986
v -0.204466 0.499182 -0.153175
v -0.203714 0.496792 -0.158028
v -0.201650 0.494954 -0.163489
v -0.198510 0.493569 -0.169450
v -0.194616 0.492502 -0.175760
v -0.190352 0.491591 -0.182242
v -0.186126 0.490664 -0.188706
v -0.182332 0.489555 -0.194970
v -0.179309 0.488121 -0.200876
v -0.177310 0.486256 -0.206308
v -0.176461 0.483906 -0.211206
v -0.176708 0.481095 -0.215596
v -0.175593 0.484272 -0.211608
v -0.173381 0.487911 -0.208129
v -0.170020 0.492034 -0.205183
v -0.165635 0.496588 -0.202711
v -0.160479 0.501467 -0.200598
v -0.154891 0.506528 -0.198684
v -0.149265 0.511606 -0.196788
v -0.144009 0.516527 -0.194720
v -0.139507 0.521131 -0.192303
v -0.136081 0.525281 -0.189387
v -0.133967 0.528879 -0.185863
v -0.133286 0.531873 -0.181674
v -0.134038 0.534263 -0.176821
v -0.136102 0.536101 -0.171359
v -0.139242 0.537486 -0.165398
v -0.143136 0.538553 -0.159088
v -0.147400 0.539464 -0.152607
v -0.151626 0.540391 -0.146143
v -0.155420 0.541500 -0.139879
v -0.158443 0.542934 -0.133973
v -0.160442 0.544800 -0.128541
v -0.161291 0.547149 -0.123643
f 1503 1504 1505
f 1503 1505 1504
f 1503 1505 1506
f 1503 1506 1505
f 1503 1506 1507
f 1503 1507 1506
f 1503 1507 1508
f 1503 1508 1507
f 1503 1508 1509
f 1503 1509 1508
f 1503 1509 1510
f 1503 1510 1509
f 1503 1510 1511
f 1503 1511 1510
f 1503 1511 1512
f 1503 1512 1511
f 1503 1512 1513
f 1503 1513 1512
f 1503 1513 1514
f 1503 1514 1513
f 1503 1514 1515
f 1503 1515 1514
f 1503 1515 1516
f 1503 1516 1515
f 1503 1516 1517
f 1503 1517 1516
f 1503 1517 1518
f 1503 1518 1517
f 1503 1518 1519
f 1503 1519 1518
f 1503 1519 1520
f 1503 1520 1519
f 1503 1520 1521
f 1503 1521 1520
f 1503 1521 1522
f 1503 1522 1521
f 1503 1522 1523
f 1503 1523 1522
f 1503 1523 1524
f 1503 1524 1523
f 1503 1524 1525
f 1503 1525 1524
f 1503 1525 1526
f 1503 1526 1525
f 1503 1526 1527
f 1503 1527 1526
f 1503 1527 1528
f 1503 1528 1527
f 1503 1528 1529
f 1503 1529 1528
f 1503 1529 1530
f 1503 1530 1529
f 1503 1530 1531
f 1503 1531 1530
f 1503 1531 1532
f 1503 1532 1531
f 1503 1532 1533
f 1503 1533 1532
f 1503 1533 1534
f 1503 1534 1533
f 1503 1534 1535
f 1503 1535 1534
f 1503 1535 1536
f 1503 1536 1535
f 1503 1536 1537
f 1503 1537 1536
f 1503 1537 1538
f 1503 1538 1537
f 1503 1538 1539
f 1503 1539 1538
f 1503 1539 1540
f 1503 1540 1539
f 1503 1540 1541
f 1503 1541 1540
f 1503 1541 1542
f 1503 1542 1541
f 1503 1542 1543
f 1503 1543 1542
f 1503 1543 1544
f 1503 1544 1543
f 1503 1544 1545
f 1503 1545 1544
f 1503 1545 1546
f 1503 1546 1545
f 1503 1546 1547
f 1503 1547 1546
f 1503 1547 1548
f 1503 1548 1547
v -0.137971 0.498481 -0.111831
v -0.140799 0.501206 -0.107523
v -0.140415 0.502891 -0.101955
v -0.136967 0.502891 -0.097254
v -0.131771 0.501206 -0.095216
v -0.126812 0.498481 -0.096619
v -0.123985 0.495755 -0.100927
v -0.124368 0.494071 -0.106495
v -0.127816 0.494071 -0.111196
v -0.133012 0.495755 -0.113234
v -0.113524 0.548270 -0.126019
v -0.115447 0.550123 -0.123090
v -0.115186 0.551269 -0.119303
v -0.112841 0.551269 -0.116107
v -0.109308 0.550123 -0.114721
v -0.105936 0.548270 -0.115675
v -0.104013 0.546416 -0.118605
v -0.104274 0.545271 -0.122391
v -0.106618 0.545271 -0.125587
v -0.110152 0.546416 -0.126973
f 1549 1550 1560
f 1549 1560 1559
f 1550 1551 1561
f 1550 1561 1560
f 1551 1552 1562
f 1551 1562 1561
f 1552 1553 1563
f 1552 1563 1562
f 1553 1554 1564
f 1553 1564 1563
f 1554 1555 1565
f 1554 1565 1564
f 1555 1556 1566
f 1555 1566 1565
f 1556 1557 1567
f 1556 1567 1566
f 1557 1558 1568
f 1557 1568 1567
f 1558 1549 1559
f 1558 1559 1568
v -0.109730 0.548270 -0.120847
v -0.113577 0.547113 -0.123918
v -0.118036 0.546408 -0.126467
v -0.123327 0.546320 -0.128305
v -0.129494 0.546880 -0.129395
v -0.136428 0.548008 -0.129830
v -0.143895 0.549530 -0.129809
v -0.151569 0.551206 -0.129612
v -0.159074 0.552757 -0.129558
v -0.166033 0.553903 -0.129972
v -0.172110 0.554397 -0.131139
v -0.177058 0.554054 -0.133270
v -0.180744 0.552778 -0.136479
v -0.183168 0.550567 -0.140765
v -0.184463 0.547520 -0.146017
v -0.184876 0.543821 -0.152021
v -0.184743 0.539717 -0.158492
v -0.184441 0.535488 -0.165108
v -0.184346 0.531412 -0.171546
v -0.184784 0.527731 -0.177529
v -0.185989 0.524618 -0.182857
v -0.188070 0.522153 -0.187437
v -0.190983 0.520304 -0.191306
v -0.194508 0.518908 -0.194653
v -0.190661 0.520065 -0.191582
v -0.186202 0.520770 -0.189032
v -0.180911 0.520858 -0.187195
v -0.174744 0.520298 -0.186105
v -0.167810 0.519170 -0.185670
v -0.160343 0.517648 -0.185691
v -0.152669 0.515972 -0.185888
v -0.145164 0.514421 -0.185942
v -0.138205 0.513275 -0.185528
v -0.132128 0.512781 -0.184361
v -0.127180 0.513124 -0.182230
v -0.123494 0.514400 -0.179021
v -0.121070 0.516611 -0.174734
v -0.119775 0.519658 -0.169483
v -0.119361 0.523357 -0.163479
v -0.119495 0.527461 -0.157008
v -0.119797 0.531690 -0.150392
v -0.119892 0.535766 -0.143954
v -0.119454 0.539447 -0.137971
v -0.118249 0.542560 -0.132643
v -0.116168 0.545025 -0.128063
v -0.113254 0.546874 -0.124194
f 1569 1570 1571
f 1569 1571 1570
f 1569 1571 1572
f 1569 1572 1571
f 1569 1572 1573
f 1569 1573 1572
f 1569 1573 1574
f 1569 1574 1573
f 1569 1574 1575
f 1569 1575 1574
f 1569 1575 1576
f 1569 1576 1575
f 1569 1576 1577
f 1569 1577 1576
f 1569 1577 1578
f 1569 1578 1577
f 1569 1578 1579
f 1569 1579 1578
f 1569 1579 1580
f 1569 1580 1579
f 1569 1580 1581
f 1569 1581 1580
f 1569 1581 1582
f 1569 1582 1581
f 1569 1582 1583
f 1569 1583 1582
f 1569 1583 1584
f 1569 1584 1583
f 1569 1584 1585
f 1569 1585 1584
f 1569 1585 1586
f 1569 1586 1585
f 1569 1586 1587
f 1569 1587 1586
f 1569 1587 1588
f 1569 1588 1587
f 1569 1588 1589
f 1569 1589 1588
f 1569 1589 1590
f 1569 1590 1589
f 1569 1590 1591
f 1569 1591 1590
f 1569 1591 1592
f 1569 1592 1591
f 1569 1592 1593
f 1569 1593 1592
f 1569 1593 1594
f 1569 1594 1593
f 1569 1594 1595
f 1569 1595 1594
f 1569 1595 1596
f 1569 1596 1595
f 1569 1596 1597
f 1569 1597 1596
f 1569 1597 1598
f 1569 1598 1597
f 1569 1598 1599
f 1569 1599 1598
f 1569 1599 1600
f 1569 1600 1599
f 1569 1600 1601
f 1569 1601 1600
f 1569 1601 1602
f 1569 1602 1601
f 1569 1602 1603
f 1569 1603 1602
f 1569 1603 1604
f 1569 1604 1603
f 1569 1604 1605
f 1569 1605 1604
f 1569 1605 1606
f 1569 1606 1605
f 1569 1606 1607
f 1569 1607 1606
f 1569 1607 1608
f 1569 1608 1607
f 1569 1608 1609
f 1569 1609 1608
f 1569 1609 1610
f 1569 1610 1609
f 1569 1610 1611
f 1569 1611 1610
f 1569 1611 1612
f 1569 1612 1611
f 1569 1612 1613
f 1569 1613 1612
f 1569 1613 1614
f 1569 1614 1613
v -0.109730 0.548270 -0.120847
v -0.111916 0.548047 -0.117403
v -0.113636 0.547714 -0.113650
v -0.114593 0.547202 -0.109393
v -0.114650 0.546479 -0.104542
v -0.113838 0.545552 -0.099118
v -0.112352 0.544467 -0.093248
v -0.110521 0.543301 -0.087150
v -0.108760 0.542151 -0.081099
v -0.107512 0.541122 -0.075386
v -0.107180 0.540308 -0.070278
v -0.108071 0.539781 -0.065979
v -0.110352 0.539580 -0.062596
v -0.114022 0.539705 -0.060132
v -0.118916 0.540117 -0.058475
v -0.124726 0.540744 -0.057423
v -0.131048 0.541491 -0.056710
v -0.137440 0.542255 -0.056043
v -0.143488 0.542938 -0.055148
v -0.148862 0.543463 -0.053808
v -0.153367 0.543784 -0.051895
v -0.156971 0.543893 -0.049387
v -0.159813 0.543824 -0.046375
v -0.162188 0.543645 -0.043055
v -0.160001 0.543868 -0.046499
v -0.158281 0.544201 -0.050252
v -0.157324 0.544713 -0.054509
v -0.157268 0.545436 -0.059360
v -0.158080 0.546363 -0.064784
v -0.159566 0.547448 -0.070654
v -0.161397 0.548614 -0.076752
v -0.163158 0.549763 -0.082803
v -0.164406 0.550793 -0.088516
v -0.164738 0.551607 -0.093624
v -0.163847 0.552134 -0.097923
v -0.161566 0.552335 -0.101306
v -0.157896 0.552210 -0.103770
v -0.153002 0.551798 -0.105427
v -0.147192 0.551171 -0.106479
v -0.140870 0.550423 -0.107192
v -0.134477 0.549660 -0.107859
v -0.128430 0.548977 -0.108754
v -0.123056 0.548452 -0.110094
v -0.118551 0.548131 -0.112007
v -0.114946 0.548021 -0.114515
v -0.112105 0.548091 -0.117527
f 1615 1616 1617
f 1615 1617 1616
f 1615 1617 1618
f 1615 1618 1617
f 1615 1618 1619
f 1615 1619 1618
f 1615 1619 1620
f 1615 1620 1619
f 1615 1620 1621
f 1615 1621 1620
f 1615 1621 1622
f 1615 1622 1621
f 1615 1622 1623
f 1615 1623 1622
f 1615 1623 1624
f 1615 1624 1623
f 1615 1624 1625
f 1615 1625 1624
f 1615 1625 1626
f 1615 1626 1625
f 1615 1626 1627
f 1615 1627 1626
f 1615 1627 1628
f 1615 1628 1627
f 1615 1628 1629
f 1615 1629 1628
f 1615 1629 1630
f 1615 1630 1629
f 1615 1630 1631
f 1615 1631 1630
f 1615 1631 1632
f 1615 1632 1631
f 1615 1632 1633
f 1615 1633 1632
f 1615 1633 1634
f 1615 1634 1633
f 1615 1634 1635
f 1615 1635 1634
f 1615 1635 1636
f 1615 1636 1635
f 1615 1636 1637
f 1615 1637 1636
f 1615 1637 1638
f 1615 1638 1637
f 1615 1638 1639
f 1615 1639 1638
f 1615 1639 1640
f 1615 1640 1639
f 1615 1640 1641
f 1615 1641 1640
f 1615 1641 1642
f 1615 1642 1641
f 1615 1642 1643
f 1615 1643 1642
f 1615 1643 1644
f 1615 1644 1643
f 1615 1644 1645
f 1615 1645 1644
f 1615 1645 1646
f 1615 1646 1645
f 1615 1646 1647
f 1615 1647 1646
f 1615 1647 1648
f 1615 1648 1647
f 1615 1648 1649
f 1615 1649 1648
f 1615 1649 1650
f 1615 1650 1649
f 1615 1650 1651
f 1615 1651 1650
f 1615 1651 1652
f 1615 1652 1651
f 1615 1652 1653
f 1615 1653 1652
f 1615 1653 1654
f 1615 1654 1653
f 1615 1654 1655
f 1615 1655 1654
f 1615 1655 1656
f 1615 1656 1655
f 1615 1656 1657
f 1615 1657 1656
f 1615 1657 1658
f 1615 1658 1657
f 1615 1658 1659
f 1615 1659 1658
f 1615 1659 1660
f 1615 1660 1659
v -0.109730 0.548270 -0.120847
v -0.106727 0.544257 -0.121013
v -0.103934 0.540080 -0.121954
v -0.101449 0.535661 -0.124037
v -0.099303 0.530977 -0.127381
v -0.097468 0.526049 -0.131878
v -0.095860 0.520943 -0.137217
v -0.094354 0.515758 -0.142931
v -0.092798 0.510612 -0.148463
v -0.091038 0.505625 -0.153238
v -0.088935 0.500907 -0.156742
v -0.086386 0.496539 -0.158589
v -0.083335 0.492564 -0.158572
v -0.079781 0.488983 -0.156692
v -0.075780 0.485751 -0.153154
v -0.071437 0.482788 -0.148346
v -0.066890 0.479985 -0.142780
v -0.062293 0.477221 -0.137033
v -0.057798 0.474377 -0.131661
v -0.053530 0.471355 -0.127131
v -0.049572 0.468090 -0.123753
v -0.045955 0.464558 -0.121636
v -0.042645 0.460786 -0.120662
v -0.039544 0.456850 -0.120462
v -0.042547 0.460863 -0.120297
v -0.045340 0.465040 -0.119356
v -0.047826 0.469458 -0.117273
v -0.049971 0.474143 -0.113928
v -0.051806 0.479071 -0.109431
v -0.053414 0.484176 -0.104092
v -0.054921 0.489361 -0.098379
v -0.056476 0.494507 -0.092847
v -0.058236 0.499494 -0.088072
v -0.060339 0.504212 -0.084567
v -0.062888 0.508581 -0.082720
v -0.065939 0.512556 -0.082737
v -0.069493 0.516137 -0.084618
v -0.073494 0.519368 -0.088155
v -0.077837 0.522331 -0.092964
v -0.082384 0.525134 -0.098529
v -0.086981 0.527899 -0.104276
v -0.091476 0.530743 -0.109648
v -0.095744 0.533765 -0.114179
v -0.099702 0.537030 -0.117557
v -0.103319 0.540561 -0.119674
v -0.106629 0.544334 -0.120648
f 1661 1662 1663
f 1661 1663 1662
f 1661 1663 1664
f 1661 1664 1663
f 1661 1664 1665
f 1661 1665 1664
f 1661 1665 1666
f 1661 1666 1665
f 1661 1666 1667
f 1661 1667 1666
f 1661 1667 1668
f 1661 1668 1667
f 1661 1668 1669
f 1661 1669 1668
f 1661 1669 1670
f 1661 1670 1669
f 1661 1670 1671
f 1661 1671 1670
f 1661 1671 1672
f 1661 1672 1671
f 1661 1672 1673
f 1661 1673 1672
f 1661 1673 1674
f 1661 1674 1673
f 1661 1674 1675
f 1661 1675 1674
f 1661 1675 1676
f 1661 1676 1675
f 1661 1676 1677
f 1661 1677 1676
f 1661 1677 1678
f 1661 1678 1677
f 1661 1678 1679
f 1661 1679 1678
f 1661 1679 1680
f 1661 1680 1679
f 1661 1680 1681
f 1661 1681 1680
f 1661 1681 1682
f 1661 1682 1681
f 1661 1682 1683
f 1661 1683 1682
f 1661 1683 1684
f 1661 1684 1683
f 1661 1684 1685
f 1661 1685 1684
f 1661 1685 1686
f 1661 1686 1685
f 1661 1686 1687
f 1661 1687 1686
f 1661 1687 1688
f 1661 1688 1687
f 1661 1688 1689
f 1661 1689 1688
f 1661 1689 1690
f 1661 1690 1689
f 1661 1690 1691
f 1661 1691 1690
f 1661 1691 1692
f 1661 1692 1691
f 1661 1692 1693
f 1661 1693 1692
f 1661 1693 1694
f 1661 1694 1693
f 1661 1694 1695
f 1661 1695 1694
f 1661 1695 1696
f 1661 1696 1695
f 1661 1696 1697
f 1661 1697 1696
f 1661 1697 1698
f 1661 1698 1697
f 1661 1698 1699
f 1661 1699 1698
f 1661 1699 1700
f 1661 1700 1699
f 1661 1700 1701
f 1661 1701 1700
f 1661 1701 1702
f 1661 1702 1701
f 1661 1702 1703
f 1661 1703 1702
f 1661 1703 1704
f 1661 1704 1703
f 1661 1704 1705
f 1661 1705 1704
f 1661 1705 1706
f 1661 1706 1705
v 0.015765 0.300000 -0.012947
v 0.006025 0.305601 -0.018668
v -0.006016 0.309062 -0.017258
v -0.015759 0.309062 -0.009256
v -0.019483 0.305601 0.002281
v -0.015765 0.300000 0.012947
v -0.006025 0.294399 0.018668
v 0.006016 0.290938 0.017258
v 0.015759 0.290938 0.009256
v 0.019483 0.294399 -0.002281
v 0.062018 0.453003 0.053655
v 0.055395 0.456812 0.049765
v 0.047207 0.459166 0.050724
v 0.040581 0.459166 0.056165
v 0.038049 0.456812 0.064011
v 0.040578 0.453003 0.071264
v 0.047201 0.449195 0.075154
v 0.055389 0.446841 0.074195
v 0.062014 0.446841 0.068754
v 0.064546 0.449195 0.060908
f 1707 1708 1718
f 1707 1718 1717
f 1708 1709 1719
f 1708 1719 1718
f 1709 1710 1720
f 1709 1720 1719
f 1710 1711 1721
f 1710 1721 1720
f 1711 1712 1722
f 1711 1722 1721
f 1712 1713 1723
f 1712 1723 1722
f 1713 1714 1724
f 1713 1724 1723
f 1714 1715 1725
f 1714 1725 1724
f 1715 1716 1726
f 1715 1726 1725
f 1716 1707 1717
f 1716 1717 1726
v 0.062702 0.453003 0.054561
v 0.058257 0.460119 0.052797
v 0.051154 0.464517 0.054723
v 0.044106 0.464517 0.059605
v 0.039805 0.460119 0.065576
v 0.039894 0.453003 0.070358
v 0.044339 0.445888 0.072122
v 0.051441 0.441490 0.070196
v 0.058490 0.441490 0.065315
v 0.062791 0.445888 0.059343
v 0.106653 0.499779 0.125818
v 0.103631 0.504618 0.124618
v 0.098801 0.507608 0.125928
v 0.094008 0.507608 0.129247
v 0.091083 0.504618 0.133308
v 0.091144 0.499779 0.136559
v 0.094166 0.494940 0.137759
v 0.098996 0.491950 0.136449
v 0.103789 0.491950 0.133130
v 0.106713 0.494940 0.129069
f 1727 1728 1738
f 1727 1738 1737
f 1728 1729 1739
f 1728 1739 1738
f 1729 1730 1740
f 1729 1740 1739
f 1730 1731 1741
f 1730 1741 1740
f 1731 1732 1742
f 1731 1742 1741
f 1732 1733 1743
f 1732 1743 1742
f 1733 1734 1744
f 1733 1744 1743
f 1734 1735 1745
f 1734 1745 1744
f 1735 1736 1746
f 1735 1746 1745
f 1736 1727 1737
f 1736 1737 1746
v 0.098898 0.499779 0.131188
v 0.102159 0.497406 0.127690
v 0.105424 0.495404 0.123935
v 0.108699 0.494211 0.119623
v 0.111986 0.494171 0.114517
v 0.115289 0.495420 0.108525
v 0.118604 0.497825 0.101736
v 0.121928 0.500991 0.094423
v 0.125254 0.504311 0.087005
v 0.128573 0.507068 0.079973
v 0.131878 0.508567 0.073808
v 0.135163 0.508257 0.068889
v 0.138423 0.505835 0.065424
v 0.141659 0.501299 0.063413
v 0.144875 0.494955 0.062648
v 0.148076 0.487352 0.062750
v 0.151271 0.479187 0.063238
v 0.154468 0.471176 0.063620
v 0.157673 0.463925 0.063479
v 0.160892 0.457831 0.062542
v 0.164125 0.453025 0.060717
v 0.167372 0.449372 0.058099
v 0.170627 0.446529 0.054924
v 0.173887 0.444057 0.051493
v 0.170626 0.446430 0.054992
v 0.167361 0.448432 0.058746
v 0.164087 0.449625 0.063059
v 0.160799 0.449664 0.068164
v 0.157497 0.448416 0.074156
v 0.154181 0.446011 0.080946
v 0.150857 0.442845 0.088258
v 0.147532 0.439525 0.095677
v 0.144212 0.436768 0.102708
v 0.140907 0.435269 0.108873
v 0.137623 0.435579 0.113793
v 0.134362 0.438001 0.117258
v 0.131126 0.442537 0.119268
v 0.127910 0.448881 0.120033
v 0.124709 0.456484 0.119932
v 0.121514 0.464649 0.119444
v 0.118317 0.472660 0.119061
v 0.115112 0.479911 0.119202
v 0.111893 0.486005 0.120140
v 0.108660 0.490811 0.121964
v 0.105414 0.494464 0.124582
v 0.102158 0.497307 0.127757
f 1747 1748 1749
f 1747 1749 1748
f 1747 1749 1750
f 1747 1750 1749
f 1747 1750 1751
f 1747 1751 1750
f 1747 1751 1752
f 1747 1752 1751
f 1747 1752 1753
f 1747 1753 1752
f 1747 1753 1754
f 1747 1754 1753
f 1747 1754 1755
f 1747 1755 1754
f 1747 1755 1756
f 1747 1756 1755
f 1747 1756 1757
f 1747 1757 1756
f 1747 1757 1758
f 1747 1758 1757
f 1747 1758 1759
f 1747 1759 1758
f 1747 1759 1760
f 1747 1760 1759
f 1747 1760 1761
f 1747 1761 1760
f 1747 1761 1762
f 1747 1762 1761
f 1747 1762 1763
f 1747 1763 1762
f 1747 1763 1764
f 1747 1764 1763
f 1747 1764 1765
f 1747 1765 1764
f 1747 1765 1766
f 1747 1766 1765
f 1747 1766 1767
f 1747 1767 1766
f 1747 1767 1768
f 1747 1768 1767
f 1747 1768 1769
f 1747 1769 1768
f 1747 1769 1770
f 1747 1770 1769
f 1747 1770 1771
f 1747 1771 1770
f 1747 1771 1772
f 1747 1772 1771
f 1747 1772 1773
f 1747 1773 1772
f 1747 1773 1774
f 1747 1774 1773
f 1747 1774 1775
f 1747 1775 1774
f 1747 1775 1776
f 1747 1776 1775
f 1747 1776 1777
f 1747 1777 1776
f 1747 1777 1778
f 1747 1778 1777
f 1747 1778 1779
f 1747 1779 1778
f 1747 1779 1780
f 1747 1780 1779
f 1747 1780 1781
f 1747 1781 1780
f 1747 1781 1782
f 1747 1782 1781
f 1747 1782 1783
f 1747 1783 1782
f 1747 1783 1784
f 1747 1784 1783
f 1747 1784 1785
f 1747 1785 1784
f 1747 1785 1786
f 1747 1786 1785
f 1747 1786 1787
f 1747 1787 1786
f 1747 1787 1788
f 1747 1788 1787
f 1747 1788 1789
f 1747 1789 1788
f 1747 1789 1790
f 1747 1790 1789
f 1747 1790 1791
f 1747 1791 1790
f 1747 1791 1792
f 1747 1792 1791
v 0.098898 0.499779 0.131188
v 0.095716 0.503373 0.129459
v 0.092260 0.506857 0.127995
v 0.088179 0.510091 0.127134
v 0.083183 0.512959 0.127156
v 0.077144 0.515407 0.128186
v 0.070146 0.517472 0.130141
v 0.062501 0.519277 0.132720
v 0.054701 0.521019 0.135449
v 0.047335 0.522936 0.137760
v 0.040983 0.525259 0.139092
v 0.036105 0.528174 0.139000
v 0.032957 0.531782 0.137238
v 0.031540 0.536083 0.133805
v 0.031597 0.540976 0.128949
v 0.032667 0.546275 0.123114
v 0.034172 0.551748 0.116861
v 0.035521 0.557159 0.110757
v 0.036223 0.562311 0.105278
v 0.035967 0.567078 0.100724
v 0.034667 0.571427 0.097178
v 0.032453 0.575409 0.094515
v 0.029614 0.579141 0.092455
v 0.026500 0.582763 0.090660
v 0.029682 0.579168 0.092389
v 0.033139 0.575684 0.093853
v 0.037220 0.572450 0.094714
v 0.042215 0.569583 0.094692
v 0.048255 0.567135 0.093662
v 0.055253 0.565070 0.091707
v 0.062897 0.563265 0.089128
v 0.070697 0.561522 0.086399
v 0.078063 0.559605 0.084088
v 0.084416 0.557282 0.082756
v 0.089294 0.554368 0.082848
v 0.092441 0.550760 0.084610
v 0.093859 0.546458 0.088043
v 0.093802 0.541566 0.092899
v 0.092731 0.536266 0.098734
v 0.091227 0.530793 0.104987
v 0.089878 0.525382 0.111091
v 0.089176 0.520231 0.116570
v 0.089431 0.515463 0.121124
v 0.090731 0.511115 0.124670
v 0.092946 0.507133 0.127333
v 0.095785 0.503401 0.129393
f 1793 1794 1795
f 1793 1795 1794
f 1793 1795 1796
f 1793 1796 1795
f 1793 1796 1797
f 1793 1797 1796
f 1793 1797 1798
f 1793 1798 1797
f 1793 1798 1799
f 1793 1799 1798
f 1793 1799 1800
f 1793 1800 1799
f 1793 1800 1801
f 1793 1801 1800
f 1793 1801 1802
f 1793 1802 1801
f 1793 1802 1803
f 1793 1803 1802
f 1793 1803 1804
f 1793 1804 1803
f 1793 1804 1805
f 1793 1805 1804
f 1793 1805 1806
f 1793 1806 1805
f 1793 1806 1807
f 1793 1807 1806
f 1793 1807 1808
f 1793 1808 1807
f 1793 1808 1809
f 1793 1809 1808
f 1793 1809 1810
f 1793 1810 1809
f 1793 1810 1811
f 1793 1811 1810
f 1793 1811 1812
f 1793 1812 1811
f 1793 1812 1813
f 1793 1813 1812
f 1793 1813 1814
f 1793 1814 1813
f 1793 1814 1815
f 1793 1815 1814
f 1793 1815 1816
f 1793 1816 1815
f 1793 1816 1817
f 1793 1817 1816
f 1793 1817 1818
f 1793 1818 1817
f 1793 1818 1819
f 1793 1819 1818
f 1793 1819 1820
f 1793 1820 1819
f 1793 1820 1821
f 1793 1821 1820
f 1793 1821 1822
f 1793 1822 1821
f 1793 1822 1823
f 1793 1823 1822
f 1793 1823 1824
f 1793 1824 1823
f 1793 1824 1825
f 1793 1825 1824
f 1793 1825 1826
f 1793 1826 1825
f 1793 1826 1827
f 1793 1827 1826
f 1793 1827 1828
f 1793 1828 1827
f 1793 1828 1829
f 1793 1829 1828
f 1793 1829 1830
f 1793 1830 1829
f 1793 1830 1831
f 1793 1831 1830
f 1793 1831 1832
f 1793 1832 1831
f 1793 1832 1833
f 1793 1833 1832
f 1793 1833 1834
f 1793 1834 1833
f 1793 1834 1835
f 1793 1835 1834
f 1793 1835 1836
f 1793 1836 1835
f 1793 1836 1837
f 1793 1837 1836
f 1793 1837 1838
f 1793 1838 1837
v 0.098898 0.499779 0.131188
v 0.098465 0.497011 0.132584
v 0.098353 0.494115 0.133843
v 0.098820 0.490989 0.134857
v 0.100017 0.487574 0.135564
v 0.101953 0.483866 0.135957
v 0.104495 0.479917 0.136095
v 0.107379 0.475833 0.136088
v 0.110255 0.471751 0.136085
v 0.112736 0.467827 0.136248
v 0.114463 0.464202 0.136730
v 0.115156 0.460986 0.137649
v 0.114667 0.458240 0.139068
v 0.112993 0.455963 0.140987
v 0.110288 0.454096 0.143342
v 0.106827 0.452529 0.146017
v 0.102972 0.451118 0.148858
v 0.099108 0.449710 0.151703
v 0.095587 0.448167 0.154403
v 0.092671 0.446383 0.156847
v 0.090495 0.444306 0.158978
v 0.089048 0.441939 0.160802
v 0.088181 0.439343 0.162380
v 0.087635 0.436619 0.163823
v 0.088069 0.439388 0.162428
v 0.088181 0.442283 0.161168
v 0.087714 0.445409 0.160154
v 0.086517 0.448824 0.159448
v 0.084581 0.452533 0.159054
v 0.082039 0.456481 0.158916
v 0.079155 0.460566 0.158923
v 0.076279 0.464647 0.158927
v 0.073797 0.468571 0.158763
v 0.072071 0.472197 0.158281
v 0.071377 0.475412 0.157362
v 0.071867 0.478158 0.155943
v 0.073540 0.480435 0.154024
v 0.076246 0.482302 0.151669
v 0.079707 0.483869 0.148995
v 0.083562 0.485280 0.146153
v 0.087426 0.486688 0.143309
v 0.090947 0.488232 0.140609
v 0.093862 0.490015 0.138164
v 0.096038 0.492093 0.136033
v 0.097485 0.494459 0.134209
v 0.098353 0.497055 0.132631
f 1839 1840 1841
f 1839 1841 1840
f 1839 1841 1842
f 1839 1842 1841
f 1839 1842 1843
f 1839 1843 1842
f 1839 1843 1844
f 1839 1844 1843
f 1839 1844 1845
f 1839 1845 1844
f 1839 1845 1846
f 1839 1846 1845
f 1839 1846 1847
f 1839 1847 1846
f 1839 1847 1848
f 1839 1848 1847
f 1839 1848 1849
f 1839 1849 1848
f 1839 1849 1850
f 1839 1850 1849
f 1839 1850 1851
f 1839 1851 1850
f 1839 1851 1852
f 1839 1852 1851
f 1839 1852 1853
f 1839 1853 1852
f 1839 1853 1854
f 1839 1854 1853
f 1839 1854 1855
f 1839 1855 1854
f 1839 1855 1856
f 1839 1856 1855
f 1839 1856 1857
f 1839 1857 1856
f 1839 1857 1858
f 1839 1858 1857
f 1839 1858 1859
f 1839 1859 1858
f 1839 1859 1860
f 1839 1860 1859
f 1839 1860 1861
f 1839 1861 1860
f 1839 1861 1862
f 1839 1862 1861
f 1839 1862 1863
f 1839 1863 1862
f 1839 1863 1864
f 1839 1864 1863
f 1839 1864 1865
f 1839 1865 1864
f 1839 1865 1866
f 1839 1866 1865
f 1839 1866 1867
f 1839 1867 1866
f 1839 1867 1868
f 1839 1868 1867
f 1839 1868 1869
f 1839 1869 1868
f 1839 1869 1870
f 1839 1870 1869
f 1839 1870 1871
f 1839 1871 1870
f 1839 1871 1872
f 1839 1872 1871
f 1839 1872 1873
f 1839 1873 1872
f 1839 1873 1874
f 1839 1874 1873
f 1839 1874 1875
f 1839 1875 1874
f 1839 1875 1876
f 1839 1876 1875
f 1839 1876 1877
f 1839 1877 1876
f 1839 1877 1878
f 1839 1878 1877
f 1839 1878 1879
f 1839 1879 1878
f 1839 1879 1880
f 1839 1880 1879
f 1839 1880 1881
f 1839 1881 1880
f 1839 1881 1882
f 1839 1882 1881
f 1839 1882 1883
f 1839 1883 1882
f 1839 1883 1884
f 1839 1884 1883
v 0.106513 0.499779 0.125620
v 0.105529 0.505266 0.127327
v 0.102013 0.508657 0.130509
v 0.097307 0.508657 0.133951
v 0.093209 0.505266 0.136337
v 0.091284 0.499779 0.136757
v 0.092268 0.494292 0.135049
v 0.095784 0.490901 0.131867
v 0.100490 0.490901 0.128426
v 0.104588 0.494292 0.126040
v 0.135156 0.492126 0.169902
v 0.134487 0.495857 0.171063
v 0.132096 0.498163 0.173227
v 0.128896 0.498163 0.175567
v 0.126110 0.495857 0.177190
v 0.124801 0.492126 0.177475
v 0.125469 0.488395 0.176314
v 0.127860 0.486089 0.174150
v 0.131060 0.486089 0.171810
v 0.133847 0.488395 0.170188
f 1885 1886 1896
f 1885 1896 1895
f 1886 1887 1897
f 1886 1897 1896
f 1887 1888 1898
f 1887 1898 1897
f 1888 1889 1899
f 1888 1899 1898
f 1889 1890 1900
f 1889 1900 1899
f 1890 1891 1901
f 1890 1901 1900
f 1891 1892 1902
f 1891 1902 1901
f 1892 1893 1903
f 1892 1903 1902
f 1893 1894 1904
f 1893 1904 1903
f 1894 1885 1895
f 1894 1895 1904
v 0.129978 0.492126 0.173689
v 0.132266 0.491597 0.170262
v 0.134678 0.491551 0.166832
v 0.137314 0.492370 0.163394
v 0.140229 0.494273 0.159947
v 0.143426 0.497270 0.156490
v 0.146854 0.501159 0.153025
v 0.150412 0.505551 0.149556
v 0.153965 0.509924 0.146088
v 0.157366 0.513709 0.142624
v 0.160478 0.516375 0.139170
v 0.163195 0.517511 0.135729
v 0.165461 0.516897 0.132304
v 0.167275 0.514532 0.128893
v 0.168694 0.510638 0.125496
v 0.169824 0.505624 0.122109
v 0.170802 0.500022 0.118726
v 0.171776 0.494401 0.115344
v 0.172879 0.489283 0.111958
v 0.174213 0.485057 0.108563
v 0.175829 0.481926 0.105160
v 0.177725 0.479878 0.101746
v 0.179843 0.478695 0.098326
v 0.182087 0.477996 0.094901
v 0.179799 0.478525 0.098327
v 0.177387 0.478571 0.101758
v 0.174752 0.477752 0.105196
v 0.171836 0.475849 0.108643
v 0.168639 0.472852 0.112100
v 0.165211 0.468963 0.115564
v 0.161653 0.464571 0.119033
v 0.158100 0.460197 0.122502
v 0.154699 0.456412 0.125966
v 0.151587 0.453747 0.129420
v 0.148870 0.452611 0.132860
v 0.146604 0.453225 0.136286
v 0.144791 0.455590 0.139696
v 0.143371 0.459484 0.143094
v 0.142241 0.464498 0.146481
v 0.141263 0.470100 0.149863
v 0.140289 0.475721 0.153246
v 0.139186 0.480839 0.156632
v 0.137852 0.485065 0.160026
v 0.136236 0.488196 0.163430
v 0.134341 0.490244 0.166843
v 0.132222 0.491426 0.170264
f 1905 1906 1907
f 1905 1907 1906
f 1905 1907 1908
f 1905 1908 1907
f 1905 1908 1909
f 1905 1909 1908
f 1905 1909 1910
f 1905 1910 1909
f 1905 1910 1911
f 1905 1911 1910
f 1905 1911 1912
f 1905 1912 1911
f 1905 1912 1913
f 1905 1913 1912
f 1905 1913 1914
f 1905 1914 1913
f 1905 1914 1915
f 1905 1915 1914
f 1905 1915 1916
f 1905 1916 1915
f 1905 1916 1917
f 1905 1917 1916
f 1905 1917 1918
f 1905 1918 1917
f 1905 1918 1919
f 1905 1919 1918
f 1905 1919 1920
f 1905 1920 1919
f 1905 1920 1921
f 1905 1921 1920
f 1905 1921 1922
f 1905 1922 1921
f 1905 1922 1923
f 1905 1923 1922
f 1905 1923 1924
f 1905 1924 1923
f 1905 1924 1925
f 1905 1925 1924
f 1905 1925 1926
f 1905 1926 1925
f 1905 1926 1927
f 1905 1927 1926
f 1905 1927 1928
f 1905 1928 1927
f 1905 1928 1929
f 1905 1929 1928
f 1905 1929 1930
f 1905 1930 1929
f 1905 1930 1931
f 1905 1931 1930
f 1905 1931 1932
f 1905 1932 1931
f 1905 1932 1933
f 1905 1933 1932
f 1905 1933 1934
f 1905 1934 1933
f 1905 1934 1935
f 1905 1935 1934
f 1905 1935 1936
f 1905 1936 1935
f 1905 1936 1937
f 1905 1937 1936
f 1905 1937 1938
f 1905 1938 1937
f 1905 1938 1939
f 1905 1939 1938
f 1905 1939 1940
f 1905 1940 1939
f 1905 1940 1941
f 1905 1941 1940
f 1905 1941 1942
f 1905 1942 1941
f 1905 1942 1943
f 1905 1943 1942
f 1905 1943 1944
f 1905 1944 1943
f 1905 1944 1945
f 1905 1945 1944
f 1905 1945 1946
f 1905 1946 1945
f 1905 1946 1947
f 1905 1947 1946
f 1905 1947 1948
f 1905 1948 1947
f 1905 1948 1949
f 1905 1949 1948
f 1905 1949 1950
f 1905 1950 1949
v 0.129978 0.492126 0.173689
v 0.125733 0.492883 0.174700
v 0.121170 0.492545 0.175746
v 0.116288 0.491103 0.176826
v 0.111129 0.488706 0.177937
v 0.105768 0.485607 0.179070
v 0.100298 0.482135 0.180215
v 0.094827 0.478659 0.181360
v 0.089464 0.475556 0.182493
v 0.084311 0.473180 0.183604
v 0.079454 0.471824 0.184682
v 0.074954 0.471701 0.185721
v 0.070843 0.472923 0.186717
v 0.067120 0.475488 0.187671
v 0.063755 0.479287 0.188586
v 0.060685 0.484106 0.189469
v 0.057826 0.489652 0.190329
v 0.055074 0.495571 0.191177
v 0.052322 0.501486 0.192025
v 0.049461 0.507028 0.192886
v 0.046397 0.511868 0.193768
v 0.043057 0.515752 0.194680
v 0.039397 0.518534 0.195627
v 0.035420 0.520220 0.196609
v 0.039666 0.519462 0.195598
v 0.044228 0.519801 0.194552
v 0.049110 0.521243 0.193472
v 0.054269 0.523640 0.192361
v 0.059631 0.526738 0.191228
v 0.065100 0.530211 0.190083
v 0.070571 0.533687 0.188938
v 0.075934 0.536789 0.187805
v 0.081087 0.539166 0.186694
v 0.085944 0.540522 0.185616
v 0.090444 0.540645 0.184577
v 0.094556 0.539423 0.183581
v 0.098278 0.536858 0.182627
v 0.101643 0.533059 0.181712
v 0.104713 0.528239 0.180829
v 0.107572 0.522694 0.179969
v 0.110324 0.516775 0.179121
v 0.113077 0.510859 0.178272
v 0.115937 0.505318 0.177412
v 0.119001 0.500478 0.176530
v 0.122342 0.496593 0.175618
v 0.126001 0.493812 0.174671
f 1951 1952 1953
f 1951 1953 1952
f 1951 1953 1954
f 1951 1954 1953
f 1951 1954 1955
f 1951 1955 1954
f 1951 1955 1956
f 1951 1956 1955
f 1951 1956 1957
f 1951 1957 1956
f 1951 1957 1958
f 1951 1958 1957
f 1951 1958 1959
f 1951 1959 1958
f 1951 1959 1960
f 1951 1960 1959
f 1951 1960 1961
f 1951 1961 1960
f 1951 1961 1962
f 1951 1962 1961
f 1951 1962 1963
f 1951 1963 1962
f 1951 1963 1964
f 1951 1964 1963
f 1951 1964 1965
f 1951 1965 1964
f 1951 1965 1966
f 1951 1966 1965
f 1951 1966 1967
f 1951 1967 1966
f 1951 1967 1968
f 1951 1968 1967
f 1951 1968 1969
f 1951 1969 1968
f 1951 1969 1970
f 1951 1970 1969
f 1951 1970 1971
f 1951 1971 1970
f 1951 1971 1972
f 1951 1972 1971
f 1951 1972 1973
f 1951 1973 1972
f 1951 1973 1974
f 1951 1974 1973
f 1951 1974 1975
f 1951 1975 1974
f 1951 1975 1976
f 1951 1976 1975
f 1951 1976 1977
f 1951 1977 1976
f 1951 1977 1978
f 1951 1978 1977
f 1951 1978 1979
f 1951 1979 1978
f 1951 1979 1980
f 1951 1980 1979
f 1951 1980 1981
f 1951 1981 1980
f 1951 1981 1982
f 1951 1982 1981
f 1951 1982 1983
f 1951 1983 1982
f 1951 1983 1984
f 1951 1984 1983
f 1951 1984 1985
f 1951 1985 1984
f 1951 1985 1986
f 1951 1986 1985
f 1951 1986 1987
f 1951 1987 1986
f 1951 1987 1988
f 1951 1988 1987
f 1951 1988 1989
f 1951 1989 1988
f 1951 1989 1990
f 1951 1990 1989
f 1951 1990 1991
f 1951 1991 1990
f 1951 1991 1992
f 1951 1992 1991
f 1951 1992 1993
f 1951 1993 1992
f 1951 1993 1994
f 1951 1994 1993
f 1951 1994 1995
f 1951 1995 1994
f 1951 1995 1996
f 1951 1996 1995
v 0.097041 0.499779 0.121940
v 0.093383 0.503520 0.124513
v 0.091832 0.505832 0.129635
v 0.092980 0.505832 0.135350
v 0.096389 0.503520 0.139476
v 0.100756 0.499779 0.140437
v 0.104414 0.496038 0.137864
v 0.105964 0.493726 0.132742
v 0.104816 0.493726 0.127026
v 0.101408 0.496038 0.122900
v 0.136902 0.543596 0.117011
v 0.134415 0.546139 0.118761
v 0.133361 0.547712 0.122244
v 0.134142 0.547712 0.126130
v 0.136459 0.546139 0.128936
v 0.139429 0.543596 0.129589
v 0.141916 0.541052 0.127840
v 0.142971 0.539480 0.124357
v 0.142190 0.539480 0.120470
v 0.139872 0.541052 0.117664
f 1997 1998 2008
f 1997 2008 2007
f 1998 1999 2009
f 1998 2009 2008
f 1999 2000 2010
f 1999 2010 2009
f 2000 2001 2011
f 2000 2011 2010
f 2001 2002 2012
f 2001 2012 2011
f 2002 2003 2013
f 2002 2013 2012
f 2003 2004 2014
f 2003 2014 2013
f 2004 2005 2015
f 2004 2015 2014
f 2005 2006 2016
f 2005 2016 2015
f 2006 1997 2007
f 2006 2007 2016
v 0.138166 0.543596 0.123300
v 0.136452 0.540915 0.119241
v 0.134021 0.538849 0.115019
v 0.130623 0.537608 0.110576
v 0.126222 0.537226 0.105904
v 0.120947 0.537590 0.101033
v 0.115072 0.538469 0.096025
v 0.108970 0.539540 0.090966
v 0.103072 0.540438 0.085953
v 0.097806 0.540795 0.081084
v 0.093553 0.540286 0.076446
v 0.090592 0.538673 0.072102
v 0.089073 0.535826 0.068088
v 0.088996 0.531746 0.064402
v 0.090211 0.526560 0.061011
v 0.092439 0.520510 0.057851
v 0.095299 0.513918 0.054836
v 0.098363 0.507152 0.051866
v 0.101200 0.500580 0.048845
v 0.103437 0.494521 0.045687
v 0.104800 0.489209 0.042330
v 0.105159 0.484756 0.038744
v 0.104553 0.481129 0.034938
v 0.103229 0.478116 0.030967
v 0.104942 0.480797 0.035026
v 0.107374 0.482863 0.039249
v 0.110771 0.484104 0.043692
v 0.115172 0.484486 0.048363
v 0.120447 0.484121 0.053234
v 0.126323 0.483243 0.058242
v 0.132424 0.482171 0.063302
v 0.138323 0.481273 0.068315
v 0.143588 0.480917 0.073184
v 0.147842 0.481425 0.077822
v 0.150803 0.483039 0.082165
v 0.152322 0.485886 0.086180
v 0.152399 0.489966 0.089865
v 0.151183 0.495151 0.093256
v 0.148956 0.501202 0.096416
v 0.146095 0.507794 0.099432
v 0.143032 0.514559 0.102401
v 0.140194 0.521132 0.105422
v 0.137958 0.527190 0.108580
v 0.136594 0.532502 0.111938
v 0.136235 0.536955 0.115524
v 0.136841 0.540583 0.119330
f 2017 2018 2019
f 2017 2019 2018
f 2017 2019 2020
f 2017 2020 2019
f 2017 2020 2021
f 2017 2021 2020
f 2017 2021 2022
f 2017 2022 2021
f 2017 2022 2023
f 2017 2023 2022
f 2017 2023 2024
f 2017 2024 2023
f 2017 2024 2025
f 2017 2025 2024
f 2017 2025 2026
f 2017 2026 2025
f 2017 2026 2027
f 2017 2027 2026
f 2017 2027 2028
f 2017 2028 2027
f 2017 2028 2029
f 2017 2029 2028
f 2017 2029 2030
f 2017 2030 2029
f 2017 2030 2031
f 2017 2031 2030
f 2017 2031 2032
f 2017 2032 2031
f 2017 2032 2033
f 2017 2033 2032
f 2017 2033 2034
f 2017 2034 2033
f 2017 2034 2035
f 2017 2035 2034
f 2017 2035 2036
f 2017 2036 2035
f 2017 2036 2037
f 2017 2037 2036
f 2017 2037 2038
f 2017 2038 2037
f 2017 2038 2039
f 2017 2039 2038
f 2017 2039 2040
f 2017 2040 2039
f 2017 2040 2041
f 2017 2041 2040
f 2017 2041 2042
f 2017 2042 2041
f 2017 2042 2043
f 2017 2043 2042
f 2017 2043 2044
f 2017 2044 2043
f 2017 2044 2045
f 2017 2045 2044
f 2017 2045 2046
f 2017 2046 2045
f 2017 2046 2047
f 2017 2047 2046
f 2017 2047 2048
f 2017 2048 2047
f 2017 2048 2049
f 2017 2049 2048
f 2017 2049 2050
f 2017 2050 2049
f 2017 2050 2051
f 2017 2051 2050
f 2017 2051 2052
f 2017 2052 2051
f 2017 2052 2053
f 2017 2053 2052
f 2017 2053 2054
f 2017 2054 2053
f 2017 2054 2055
f 2017 2055 2054
f 2017 2055 2056
f 2017 2056 2055
f 2017 2056 2057
f 2017 2057 2056
f 2017 2057 2058
f 2017 2058 2057
f 2017 2058 2059
f 2017 2059 2058
f 2017 2059 2060
f 2017 2060 2059
f 2017 2060 2061
f 2017 2061 2060
f 2017 2061 2062
f 2017 2062 2061
v 0.138166 0.543596 0.123300
v 0.135677 0.544235 0.125022
v 0.133478 0.544714 0.127297
v 0.131635 0.544996 0.130252
v 0.130143 0.545085 0.133876
v 0.128940 0.545014 0.138053
v 0.127924 0.544839 0.142587
v 0.126964 0.544634 0.147227
v 0.125913 0.544479 0.151693
v 0.124630 0.544452 0.155717
v 0.122991 0.544621 0.159061
v 0.120906 0.545037 0.161554
v 0.118328 0.545726 0.163105
v 0.115255 0.546688 0.163712
v 0.111736 0.547896 0.163468
v 0.107862 0.549301 0.162546
v 0.103756 0.550834 0.161179
v 0.099559 0.552417 0.159641
v 0.095417 0.553970 0.158207
v 0.091462 0.555419 0.157130
v 0.087797 0.556708 0.156607
v 0.084482 0.557804 0.156753
v 0.081524 0.558702 0.157578
v 0.078856 0.559441 0.158957
v 0.081344 0.558802 0.157235
v 0.083543 0.558322 0.154960
v 0.085386 0.558040 0.152005
v 0.086879 0.557951 0.148382
v 0.088081 0.558023 0.144204
v 0.089097 0.558198 0.139670
v 0.090057 0.558403 0.135031
v 0.091108 0.558558 0.130564
v 0.092391 0.558585 0.126541
v 0.094030 0.558415 0.123196
v 0.096115 0.557999 0.120703
v 0.098694 0.557310 0.119153
v 0.101766 0.556349 0.118545
v 0.105285 0.555140 0.118789
v 0.109159 0.553736 0.119712
v 0.113266 0.552202 0.121078
v 0.117463 0.550619 0.122617
v 0.121604 0.549067 0.124050
v 0.125559 0.547618 0.125127
v 0.129224 0.546328 0.125650
v 0.132539 0.545233 0.125505
v 0.135497 0.544334 0.124679
f 2063 2064 2065
f 2063 2065 2064
f 2063 2065 2066
f 2063 2066 2065
f 2063 2066 2067
f 2063 2067 2066
f 2063 2067 2068
f 2063 2068 2067
f 2063 2068 2069
f 2063 2069 2068
f 2063 2069 2070
f 2063 2070 2069
f 2063 2070 2071
f 2063 2071 2070
f 2063 2071 2072
f 2063 2072 2071
f 2063 2072 2073
f 2063 2073 2072
f 2063 2073 2074
f 2063 2074 2073
f 2063 2074 2075
f 2063 2075 2074
f 2063 2075 2076
f 2063 2076 2075
f 2063 2076 2077
f 2063 2077 2076
f 2063 2077 2078
f 2063 2078 2077
f 2063 2078 2079
f 2063 2079 2078
f 2063 2079 2080
f 2063 2080 2079
f 2063 2080 2081
f 2063 2081 2080
f 2063 2081 2082
f 2063 2082 2081
f 2063 2082 2083
f 2063 2083 2082
f 2063 2083 2084
f 2063 2084 2083
f 2063 2084 2085
f 2063 2085 2084
f 2063 2085 2086
f 2063 2086 2085
f 2063 2086 2087
f 2063 2087 2086
f 2063 2087 2088
f 2063 2088 2087
f 2063 2088 2089
f 2063 2089 2088
f 2063 2089 2090
f 2063 2090 2089
f 2063 2090 2091
f 2063 2091 2090
f 2063 2091 2092
f 2063 2092 2091
f 2063 2092 2093
f 2063 2093 2092
f 2063 2093 2094
f 2063 2094 2093
f 2063 2094 2095
f 2063 2095 2094
f 2063 2095 2096
f 2063 2096 2095
f 2063 2096 2097
f 2063 2097 2096
f 2063 2097 2098
f 2063 2098 2097
f 2063 2098 2099
f 2063 2099 2098
f 2063 2099 2100
f 2063 2100 2099
f 2063 2100 2101
f 2063 2101 2100
f 2063 2101 2102
f 2063 2102 2101
f 2063 2102 2103
f 2063 2103 2102
f 2063 2103 2104
f 2063 2104 2103
f 2063 2104 2105
f 2063 2105 2104
f 2063 2105 2106
f 2063 2106 2105
f 2063 2106 2107
f 2063 2107 2106
f 2063 2107 2108
f 2063 2108 2107
v 0.138166 0.543596 0.123300
v 0.139948 0.539921 0.124732
v 0.141829 0.536058 0.125609
v 0.143872 0.531885 0.125569
v 0.146107 0.527343 0.124440
v 0.148528 0.522445 0.122256
v 0.151095 0.517267 0.119248
v 0.153738 0.511946 0.115813
v 0.156366 0.506651 0.112457
v 0.158886 0.501564 0.109717
v 0.161209 0.496853 0.108086
v 0.163271 0.492644 0.107941
v 0.165034 0.489007 0.109483
v 0.166499 0.485940 0.112713
v 0.167702 0.483376 0.117428
v 0.168708 0.481187 0.123253
v 0.169606 0.479207 0.129693
v 0.170490 0.477253 0.136212
v 0.171449 0.475154 0.142305
v 0.172554 0.472778 0.147574
v 0.173846 0.470044 0.151787
v 0.175329 0.466941 0.154911
v 0.176975 0.463529 0.157119
v 0.178719 0.459928 0.158772
v 0.176936 0.463603 0.157340
v 0.175055 0.467466 0.156463
v 0.173012 0.471639 0.156503
v 0.170777 0.476181 0.157632
v 0.168356 0.481079 0.159816
v 0.165789 0.486256 0.162824
v 0.163147 0.491578 0.166259
v 0.160518 0.496873 0.169615
v 0.157999 0.501960 0.172355
v 0.155675 0.506671 0.173986
v 0.153614 0.510880 0.174131
v 0.151850 0.514517 0.172589
v 0.150385 0.517584 0.169359
v 0.149183 0.520148 0.164644
v 0.148176 0.522337 0.158819
v 0.147278 0.524317 0.152379
v 0.146394 0.526271 0.145860
v 0.145435 0.528370 0.139767
v 0.144330 0.530746 0.134498
v 0.143039 0.533480 0.130285
v 0.141555 0.536583 0.127161
v 0.139909 0.539995 0.124953
f 2109 2110 2111
f 2109 2111 2110
f 2109 2111 2112
f 2109 2112 2111
f 2109 2112 2113
f 2109 2113 2112
f 2109 2113 2114
f 2109 2114 2113
f 2109 2114 2115
f 2109 2115 2114
f 2109 2115 2116
f 2109 2116 2115
f 2109 2116 2117
f 2109 2117 2116
f 2109 2117 2118
f 2109 2118 2117
f 2109 2118 2119
f 2109 2119 2118
f 2109 2119 2120
f 2109 2120 2119
f 2109 2120 2121
f 2109 2121 2120
f 2109 2121 2122
f 2109 2122 2121
f 2109 2122 2123
f 2109 2123 2122
f 2109 2123 2124
f 2109 2124 2123
f 2109 2124 2125
f 2109 2125 2124
f 2109 2125 2126
f 2109 2126 2125
f 2109 2126 2127
f 2109 2127 2126
f 2109 2127 2128
f 2109 2128 2127
f 2109 2128 2129
f 2109 2129 2128
f 2109 2129 2130
f 2109 2130 2129
f 2109 2130 2131
f 2109 2131 2130
f 2109 2131 2132
f 2109 2132 2131
f 2109 2132 2133
f 2109 2133 2132
f 2109 2133 2134
f 2109 2134 2133
f 2109 2134 2135
f 2109 2135 2134
f 2109 2135 2136
f 2109 2136 2135
f 2109 2136 2137
f 2109 2137 2136
f 2109 2137 2138
f 2109 2138 2137
f 2109 2138 2139
f 2109 2139 2138
f 2109 2139 2140
f 2109 2140 2139
f 2109 2140 2141
f 2109 2141 2140
f 2109 2141 2142
f 2109 2142 2141
f 2109 2142 2143
f 2109 2143 2142
f 2109 2143 2144
f 2109 2144 2143
f 2109 2144 2145
f 2109 2145 2144
f 2109 2145 2146
f 2109 2146 2145
f 2109 2146 2147
f 2109 2147 2146
f 2109 2147 2148
f 2109 2148 2147
f 2109 2148 2149
f 2109 2149 2148
f 2109 2149 2150
f 2109 2150 2149
f 2109 2150 2151
f 2109 2151 2150
f 2109 2151 2152
f 2109 2152 2151
f 2109 2152 2153
f 2109 2153 2152
f 2109 2153 2154
f 2109 2154 2153
v 0.108291 0.499779 0.132055
v 0.106850 0.503784 0.128071
v 0.102371 0.506258 0.125277
v 0.096566 0.506258 0.124742
v 0.091651 0.503784 0.126669
v 0.089505 0.499779 0.130322
v 0.090947 0.495775 0.134306
v 0.095426 0.493300 0.137100
v 0.101231 0.493300 0.137635
v 0.106145 0.495775 0.135708
v 0.101763 0.536512 0.169973
v 0.100783 0.539235 0.167264
v 0.097737 0.540918 0.165365
v 0.093789 0.540918 0.165001
v 0.090448 0.539235 0.166311
v 0.088988 0.536512 0.168795
v 0.089969 0.533789 0.171504
v 0.093014 0.532106 0.173404
v 0.096962 0.532106 0.173768
v 0.100304 0.533789 0.172458
f 2155 2156 2166
f 2155 2166 2165
f 2156 2157 2167
f 2156 2167 2166
f 2157 2158 2168
f 2157 2168 2167
f 2158 2159 2169
f 2158 2169 2168
f 2159 2160 2170
f 2159 2170 2169
f 2160 2161 2171
f 2160 2171 2170
f 2161 2162 2172
f 2161 2172 2171
f 2162 2163 2173
f 2162 2173 2172
f 2163 2164 2174
f 2163 2174 2173
f 2164 2155 2165
f 2164 2165 2174
v 0.095376 0.536512 0.169384
v 0.099775 0.536285 0.166941
v 0.103988 0.537149 0.163431
v 0.108057 0.538857 0.159095
v 0.112020 0.541184 0.154155
v 0.115919 0.543884 0.148851
v 0.119798 0.546700 0.143433
v 0.123702 0.549374 0.138153
v 0.127671 0.551664 0.133249
v 0.131742 0.553355 0.128931
v 0.135946 0.554272 0.125369
v 0.140303 0.554293 0.122683
v 0.144824 0.553356 0.120934
v 0.149509 0.551460 0.120121
v 0.154346 0.548668 0.120185
v 0.159316 0.545103 0.121004
v 0.164389 0.540939 0.122409
v 0.169527 0.536390 0.124190
v 0.174689 0.531699 0.126109
v 0.179831 0.527125 0.127915
v 0.184910 0.522923 0.129356
v 0.189883 0.519340 0.130193
v 0.194712 0.516602 0.130204
v 0.199354 0.514955 0.129149
v 0.194954 0.515182 0.131592
v 0.190741 0.514319 0.135102
v 0.186673 0.512610 0.139438
v 0.182710 0.510283 0.144378
v 0.178811 0.507583 0.149682
v 0.174931 0.504767 0.155100
v 0.171028 0.502093 0.160380
v 0.167059 0.499803 0.165284
v 0.162987 0.498112 0.169602
v 0.158783 0.497195 0.173163
v 0.154426 0.497174 0.175850
v 0.149906 0.498111 0.177599
v 0.145221 0.500007 0.178412
v 0.140383 0.502799 0.178348
v 0.135413 0.506364 0.177529
v 0.130341 0.510528 0.176124
v 0.125203 0.515077 0.174343
v 0.120041 0.519768 0.172424
v 0.114898 0.524342 0.170618
v 0.109819 0.528544 0.169177
v 0.104846 0.532127 0.168340
v 0.100018 0.534865 0.168329
f 2175 2176 2177
f 2175 2177 2176
f 2175 2177 2178
f 2175 2178 2177
f 2175 2178 2179
f 2175 2179 2178
f 2175 2179 2180
f 2175 2180 2179
f 2175 2180 2181
f 2175 2181 2180
f 2175 2181 2182
f 2175 2182 2181
f 2175 2182 2183
f 2175 2183 2182
f 2175 2183 2184
f 2175 2184 2183
f 2175 2184 2185
f 2175 2185 2184
f 2175 2185 2186
f 2175 2186 2185
f 2175 2186 2187
f 2175 2187 2186
f 2175 2187 2188
f 2175 2188 2187
f 2175 2188 2189
f 2175 2189 2188
f 2175 2189 2190
f 2175 2190 2189
f 2175 2190 2191
f 2175 2191 2190
f 2175 2191 2192
f 2175 2192 2191
f 2175 2192 2193
f 2175 2193 2192
f 2175 2193 2194
f 2175 2194 2193
f 2175 2194 2195
f 2175 2195 2194
f 2175 2195 2196
f 2175 2196 2195
f 2175 2196 2197
f 2175 2197 2196
f 2175 2197 2198
f 2175 2198 2197
f 2175 2198 2199
f 2175 2199 2198
f 2175 2199 2200
f 2175 2200 2199
f 2175 2200 2201
f 2175 2201 2200
f 2175 2201 2202
f 2175 2202 2201
f 2175 2202 2203
f 2175 2203 2202
f 2175 2203 2204
f 2175 2204 2203
f 2175 2204 2205
f 2175 2205 2204
f 2175 2205 2206
f 2175 2206 2205
f 2175 2206 2207
f 2175 2207 2206
f 2175 2207 2208
f 2175 2208 2207
f 2175 2208 2209
f 2175 2209 2208
f 2175 2209 2210
f 2175 2210 2209
f 2175 2210 2211
f 2175 2211 2210
f 2175 2211 2212
f 2175 2212 2211
f 2175 2212 2213
f 2175 2213 2212
f 2175 2213 2214
f 2175 2214 2213
f 2175 2214 2215
f 2175 2215 2214
f 2175 2215 2216
f 2175 2216 2215
f 2175 2216 2217
f 2175 2217 2216
f 2175 2217 2218
f 2175 2218 2217
f 2175 2218 2219
f 2175 2219 2218
f 2175 2219 2220
f 2175 2220 2219
v 0.095376 0.536512 0.169384
v 0.090446 0.536668 0.167370
v 0.085271 0.536285 0.165851
v 0.079706 0.535043 0.165122
v 0.073687 0.532801 0.165313
v 0.067236 0.529607 0.166379
v 0.060454 0.525685 0.168116
v 0.053507 0.521399 0.170187
v 0.046602 0.517206 0.172171
v 0.039959 0.513589 0.173627
v 0.033775 0.510986 0.174151
v 0.028204 0.509729 0.173436
v 0.023325 0.509996 0.171318
v 0.019138 0.511789 0.167797
v 0.015563 0.514929 0.163038
v 0.012449 0.519082 0.157347
v 0.009595 0.523810 0.151127
v 0.006784 0.528631 0.144820
v 0.003808 0.533090 0.138848
v 0.000501 0.536819 0.133546
v -0.003238 0.539596 0.129120
v -0.007431 0.541375 0.125613
v -0.012015 0.542293 0.122897
v -0.016843 0.542673 0.120675
v -0.011913 0.542518 0.122690
v -0.006738 0.542901 0.124209
v -0.001173 0.544143 0.124938
v 0.004846 0.546385 0.124747
v 0.011297 0.549579 0.123681
v 0.018079 0.553501 0.121944
v 0.025026 0.557787 0.119873
v 0.031931 0.561979 0.117888
v 0.038574 0.565597 0.116433
v 0.044757 0.568200 0.115909
v 0.050329 0.569457 0.116624
v 0.055208 0.569189 0.118742
v 0.059395 0.567396 0.122263
v 0.062970 0.564257 0.127021
v 0.066084 0.560104 0.132713
v 0.068938 0.555376 0.138933
v 0.071749 0.550555 0.145239
v 0.074725 0.546096 0.151212
v 0.078032 0.542367 0.156514
v 0.081771 0.539589 0.160940
v 0.085964 0.537811 0.164447
v 0.090548 0.536893 0.167163
f 2221 2222 2223
f 2221 2223 2222
f 2221 2223 2224
f 2221 2224 2223
f 2221 2224 2225
f 2221 2225 2224
f 2221 2225 2226
f 2221 2226 2225
f 2221 2226 2227
f 2221 2227 2226
f 2221 2227 2228
f 2221 2228 2227
f 2221 2228 2229
f 2221 2229 2228
f 2221 2229 2230
f 2221 2230 2229
f 2221 2230 2231
f 2221 2231 2230
f 2221 2231 2232
f 2221 2232 2231
f 2221 2232 2233
f 2221 2233 2232
f 2221 2233 2234
f 2221 2234 2233
f 2221 2234 2235
f 2221 2235 2234
f 2221 2235 2236
f 2221 2236 2235
f 2221 2236 2237
f 2221 2237 2236
f 2221 2237 2238
f 2221 2238 2237
f 2221 2238 2239
f 2221 2239 2238
f 2221 2239 2240
f 2221 2240 2239
f 2221 2240 2241
f 2221 2241 2240
f 2221 2241 2242
f 2221 2242 2241
f 2221 2242 2243
f 2221 2243 2242
f 2221 2243 2244
f 2221 2244 2243
f 2221 2244 2245
f 2221 2245 2244
f 2221 2245 2246
f 2221 2246 2245
f 2221 2246 2247
f 2221 2247 2246
f 2221 2247 2248
f 2221 2248 2247
f 2221 2248 2249
f 2221 2249 2248
f 2221 2249 2250
f 2221 2250 2249
f 2221 2250 2251
f 2221 2251 2250
f 2221 2251 2252
f 2221 2252 2251
f 2221 2252 2253
f 2221 2253 2252
f 2221 2253 2254
f 2221 2254 2253
f 2221 2254 2255
f 2221 2255 2254
f 2221 2255 2256
f 2221 2256 2255
f 2221 2256 2257
f 2221 2257 2256
f 2221 2257 2258
f 2221 2258 2257
f 2221 2258 2259
f 2221 2259 2258
f 2221 2259 2260
f 2221 2260 2259
f 2221 2260 2261
f 2221 2261 2260
f 2221 2261 2262
f 2221 2262 2261
f 2221 2262 2263
f 2221 2263 2262
f 2221 2263 2264
f 2221 2264 2263
f 2221 2264 2265
f 2221 2265 2264
f 2221 2265 2266
f 2221 2266 2265
v 0.046233 0.453003 0.049545
v 0.041219 0.458024 0.054357
v 0.040055 0.461128 0.062264
v 0.043186 0.461128 0.070246
v 0.049415 0.458024 0.075253
v 0.056363 0.453003 0.075374
v 0.061376 0.447982 0.070562
v 0.062540 0.444879 0.062655
v 0.059410 0.444879 0.054673
v 0.053181 0.447982 0.049666
v 0.110344 0.538889 0.029169
v 0.106935 0.542303 0.032441
v 0.106143 0.544413 0.037818
v 0.108272 0.544413 0.043245
v 0.112507 0.542303 0.046650
v 0.117232 0.538889 0.046732
v 0.120641 0.535474 0.043460
v 0.121433 0.533364 0.038083
v 0.119304 0.533364 0.032656
v 0.115069 0.535474 0.029251
f 2267 2268 2278
f 2267 2278 2277
f 2268 2269 2279
f 2268 2279 2278
f 2269 2270 2280
f 2269 2280 2279
f 2270 2271 2281
f 2270 2281 2280
f 2271 2272 2282
f 2271 2282 2281
f 2272 2273 2283
f 2272 2283 2282
f 2273 2274 2284
f 2273 2284 2283
f 2274 2275 2285
f 2274 2285 2284
f 2275 2276 2286
f 2275 2286 2285
f 2276 2267 2277
f 2276 2277 2286
v 0.113788 0.538889 0.037951
v 0.109486 0.537024 0.034817
v 0.104821 0.535502 0.031962
v 0.099440 0.534658 0.029655
v 0.093103 0.534718 0.028080
v 0.085751 0.535739 0.027283
v 0.077529 0.537583 0.027153
v 0.068775 0.539931 0.027429
v 0.059969 0.542327 0.027746
v 0.051656 0.544257 0.027685
v 0.044355 0.545230 0.026849
v 0.038471 0.544862 0.024928
v 0.034224 0.542945 0.021752
v 0.031615 0.539478 0.017322
v 0.030422 0.534671 0.011806
v 0.030241 0.528907 0.005516
v 0.030553 0.522676 -0.001152
v 0.030814 0.516494 -0.007780
v 0.030542 0.510815 -0.014001
v 0.029400 0.505960 -0.019556
v 0.027243 0.502065 -0.024332
v 0.024131 0.499075 -0.028377
v 0.020302 0.496762 -0.031873
v 0.016110 0.494792 -0.035091
v 0.020413 0.496657 -0.031958
v 0.025078 0.498178 -0.029103
v 0.030459 0.499022 -0.026796
v 0.036795 0.498962 -0.025221
v 0.044147 0.497941 -0.024424
v 0.052369 0.496097 -0.024293
v 0.061123 0.493750 -0.024570
v 0.069929 0.491353 -0.024887
v 0.078242 0.489423 -0.024826
v 0.085543 0.488451 -0.023990
v 0.091428 0.488818 -0.022069
v 0.095675 0.490736 -0.018893
v 0.098284 0.494202 -0.014463
v 0.099476 0.499010 -0.008947
v 0.099657 0.504774 -0.002657
v 0.099345 0.511005 0.004011
v 0.099085 0.517187 0.010640
v 0.099357 0.522866 0.016861
v 0.100498 0.527721 0.022415
v 0.102655 0.531616 0.027192
v 0.105768 0.534606 0.031236
v 0.109597 0.536919 0.034732
f 2287 2288 2289
f 2287 2289 2288
f 2287 2289 2290
f 2287 2290 2289
f 2287 2290 2291
f 2287 2291 2290
f 2287 2291 2292
f 2287 2292 2291
f 2287 2292 2293
f 2287 2293 2292
f 2287 2293 2294
f 2287 2294 2293
f 2287 2294 2295
f 2287 2295 2294
f 2287 2295 2296
f 2287 2296 2295
f 2287 2296 2297
f 2287 2297 2296
f 2287 2297 2298
f 2287 2298 2297
f 2287 2298 2299
f 2287 2299 2298
f 2287 2299 2300
f 2287 2300 2299
f 2287 2300 2301
f 2287 2301 2300
f 2287 2301 2302
f 2287 2302 2301
f 2287 2302 2303
f 2287 2303 2302
f 2287 2303 2304
f 2287 2304 2303
f 2287 2304 2305
f 2287 2305 2304
f 2287 2305 2306
f 2287 2306 2305
f 2287 2306 2307
f 2287 2307 2306
f 2287 2307 2308
f 2287 2308 2307
f 2287 2308 2309
f 2287 2309 2308
f 2287 2309 2310
f 2287 2310 2309
f 2287 2310 2311
f 2287 2311 2310
f 2287 2311 2312
f 2287 2312 2311
f 2287 2312 2313
f 2287 2313 2312
f 2287 2313 2314
f 2287 2314 2313
f 2287 2314 2315
f 2287 2315 2314
f 2287 2315 2316
f 2287 2316 2315
f 2287 2316 2317
f 2287 2317 2316
f 2287 2317 2318
f 2287 2318 2317
f 2287 2318 2319
f 2287 2319 2318
f 2287 2319 2320
f 2287 2320 2319
f 2287 2320 2321
f 2287 2321 2320
f 2287 2321 2322
f 2287 2322 2321
f 2287 2322 2323
f 2287 2323 2322
f 2287 2323 2324
f 2287 2324 2323
f 2287 2324 2325
f 2287 2325 2324
f 2287 2325 2326
f 2287 2326 2325
f 2287 2326 2327
f 2287 2327 2326
f 2287 2327 2328
f 2287 2328 2327
f 2287 2328 2329
f 2287 2329 2328
f 2287 2329 2330
f 2287 2330 2329
f 2287 2330 2331
f 2287 2331 2330
f 2287 2331 2332
f 2287 2332 2331
v 0.113788 0.538889 0.037951
v 0.110665 0.540001 0.040667
v 0.108144 0.541006 0.044546
v 0.106084 0.541930 0.049312
v 0.104355 0.542796 0.054720
v 0.102823 0.543627 0.060509
v 0.101349 0.544447 0.066408
v 0.099793 0.545282 0.072148
v 0.098024 0.546155 0.077478
v 0.095927 0.547086 0.082174
v 0.093407 0.548091 0.086055
v 0.090401 0.549183 0.088997
v 0.086874 0.550366 0.090932
v 0.082825 0.551642 0.091863
v 0.078290 0.553003 0.091853
v 0.073333 0.554440 0.091029
v 0.068047 0.555934 0.089571
v 0.062548 0.557466 0.087701
v 0.056968 0.559013 0.085674
v 0.051445 0.560549 0.083757
v 0.046119 0.562050 0.082221
v 0.041125 0.563493 0.081326
v 0.036590 0.564855 0.081318
v 0.032659 0.566110 0.082474
v 0.035782 0.564997 0.079758
v 0.038303 0.563992 0.075879
v 0.040363 0.563068 0.071112
v 0.042092 0.562202 0.065704
v 0.043623 0.561371 0.059916
v 0.045098 0.560551 0.054017
v 0.046654 0.559716 0.048276
v 0.048423 0.558843 0.042946
v 0.050520 0.557912 0.038251
v 0.053040 0.556907 0.034369
v 0.056046 0.555816 0.031428
v 0.059573 0.554632 0.029492
v 0.063622 0.553356 0.028562
v 0.068157 0.551995 0.028572
v 0.073114 0.550558 0.029396
v 0.078400 0.549064 0.030854
v 0.083898 0.547532 0.032723
v 0.089479 0.545986 0.034751
v 0.095002 0.544449 0.036667
v 0.100328 0.542948 0.038203
v 0.105322 0.541505 0.039099
v 0.109856 0.540144 0.039106
f 2333 2334 2335
f 2333 2335 2334
f 2333 2335 2336
f 2333 2336 2335
f 2333 2336 2337
f 2333 2337 2336
f 2333 2337 2338
f 2333 2338 2337
f 2333 2338 2339
f 2333 2339 2338
f 2333 2339 2340
f 2333 2340 2339
f 2333 2340 2341
f 2333 2341 2340
f 2333 2341 2342
f 2333 2342 2341
f 2333 2342 2343
f 2333 2343 2342
f 2333 2343 2344
f 2333 2344 2343
f 2333 2344 2345
f 2333 2345 2344
f 2333 2345 2346
f 2333 2346 2345
f 2333 2346 2347
f 2333 2347 2346
f 2333 2347 2348
f 2333 2348 2347
f 2333 2348 2349
f 2333 2349 2348
f 2333 2349 2350
f 2333 2350 2349
f 2333 2350 2351
f 2333 2351 2350
f 2333 2351 2352
f 2333 2352 2351
f 2333 2352 2353
f 2333 2353 2352
f 2333 2353 2354
f 2333 2354 2353
f 2333 2354 2355
f 2333 2355 2354
f 2333 2355 2356
f 2333 2356 2355
f 2333 2356 2357
f 2333 2357 2356
f 2333 2357 2358
f 2333 2358 2357
f 2333 2358 2359
f 2333 2359 2358
f 2333 2359 2360
f 2333 2360 2359
f 2333 2360 2361
f 2333 2361 2360
f 2333 2361 2362
f 2333 2362 2361
f 2333 2362 2363
f 2333 2363 2362
f 2333 2363 2364
f 2333 2364 2363
f 2333 2364 2365
f 2333 2365 2364
f 2333 2365 2366
f 2333 2366 2365
f 2333 2366 2367
f 2333 2367 2366
f 2333 2367 2368
f 2333 2368 2367
f 2333 2368 2369
f 2333 2369 2368
f 2333 2369 2370
f 2333 2370 2369
f 2333 2370 2371
f 2333 2371 2370
f 2333 2371 2372
f 2333 2372 2371
f 2333 2372 2373
f 2333 2373 2372
f 2333 2373 2374
f 2333 2374 2373
f 2333 2374 2375
f 2333 2375 2374
f 2333 2375 2376
f 2333 2376 2375
f 2333 2376 2377
f 2333 2377 2376
f 2333 2377 2378
f 2333 2378 2377
v 0.113788 0.538889 0.037951
v 0.116104 0.536398 0.039656
v 0.118633 0.533557 0.040678
v 0.121422 0.530287 0.040863
v 0.124467 0.526598 0.040226
v 0.127723 0.522561 0.038912
v 0.131114 0.518302 0.037162
v 0.134545 0.513978 0.035285
v 0.137909 0.509763 0.033622
v 0.141103 0.505827 0.032505
v 0.144038 0.502319 0.032222
v 0.146647 0.499345 0.032983
v 0.148897 0.496963 0.034902
v 0.150787 0.495173 0.037978
v 0.152352 0.493918 0.042099
v 0.153657 0.493090 0.047054
v 0.154792 0.492541 0.052555
v 0.155861 0.492102 0.058269
v 0.156969 0.491598 0.063857
v 0.158213 0.490870 0.069009
v 0.159667 0.489796 0.073483
v 0.161377 0.488302 0.077136
v 0.163348 0.486379 0.079952
v 0.165531 0.484106 0.082084
v 0.163215 0.486597 0.080379
v 0.160687 0.489438 0.079357
v 0.157897 0.492707 0.079172
v 0.154853 0.496397 0.079809
v 0.151597 0.500433 0.081123
v 0.148206 0.504693 0.082873
v 0.144775 0.509017 0.084750
v 0.141411 0.513232 0.086413
v 0.138217 0.517167 0.087530
v 0.135282 0.520676 0.087813
v 0.132672 0.523650 0.087052
v 0.130422 0.526032 0.085133
v 0.128533 0.527822 0.082057
v 0.126968 0.529077 0.077936
v 0.125663 0.529905 0.072981
v 0.124528 0.530454 0.067480
v 0.123459 0.530893 0.061766
v 0.122351 0.531397 0.056178
v 0.121107 0.532125 0.051026
v 0.119652 0.533199 0.046552
v 0.117942 0.534693 0.042899
v 0.115971 0.536616 0.040083
f 2379 2380 2381
f 2379 2381 2380
f 2379 2381 2382
f 2379 2382 2381
f 2379 2382 2383
f 2379 2383 2382
f 2379 2383 2384
f 2379 2384 2383
f 2379 2384 2385
f 2379 2385 2384
f 2379 2385 2386
f 2379 2386 2385
f 2379 2386 2387
f 2379 2387 2386
f 2379 2387 2388
f 2379 2388 2387
f 2379 2388 2389
f 2379 2389 2388
f 2379 2389 2390
f 2379 2390 2389
f 2379 2390 2391
f 2379 2391 2390
f 2379 2391 2392
f 2379 2392 2391
f 2379 2392 2393
f 2379 2393 2392
f 2379 2393 2394
f 2379 2394 2393
f 2379 2394 2395
f 2379 2395 2394
f 2379 2395 2396
f 2379 2396 2395
f 2379 2396 2397
f 2379 2397 2396
f 2379 2397 2398
f 2379 2398 2397
f 2379 2398 2399
f 2379 2399 2398
f 2379 2399 2400
f 2379 2400 2399
f 2379 2400 2401
f 2379 2401 2400
f 2379 2401 2402
f 2379 2402 2401
f 2379 2402 2403
f 2379 2403 2402
f 2379 2403 2404
f 2379 2404 2403
f 2379 2404 2405
f 2379 2405 2404
f 2379 2405 2406
f 2379 2406 2405
f 2379 2406 2407
f 2379 2407 2406
f 2379 2407 2408
f 2379 2408 2407
f 2379 2408 2409
f 2379 2409 2408
f 2379 2409 2410
f 2379 2410 2409
f 2379 2410 2411
f 2379 2411 2410
f 2379 2411 2412
f 2379 2412 2411
f 2379 2412 2413
f 2379 2413 2412
f 2379 2413 2414
f 2379 2414 2413
f 2379 2414 2415
f 2379 2415 2414
f 2379 2415 2416
f 2379 2416 2415
f 2379 2416 2417
f 2379 2417 2416
f 2379 2417 2418
f 2379 2418 2417
f 2379 2418 2419
f 2379 2419 2418
f 2379 2419 2420
f 2379 2420 2419
f 2379 2420 2421
f 2379 2421 2420
f 2379 2421 2422
f 2379 2422 2421
f 2379 2422 2423
f 2379 2423 2422
f 2379 2423 2424
f 2379 2424 2423
v 0.109358 0.538889 0.029623
v 0.108743 0.544181 0.031990
v 0.110056 0.547451 0.036634
v 0.112794 0.547451 0.041781
v 0.115911 0.544181 0.045465
v 0.118218 0.538889 0.046279
v 0.118833 0.533597 0.043911
v 0.117520 0.530326 0.039267
v 0.114782 0.530326 0.034120
v 0.111665 0.533597 0.030436
v 0.168519 0.559338 0.001570
v 0.168101 0.562936 0.003180
v 0.168993 0.565160 0.006338
v 0.170855 0.565160 0.009838
v 0.172975 0.562936 0.012343
v 0.174544 0.559338 0.012896
v 0.174962 0.555739 0.011286
v 0.174069 0.553515 0.008128
v 0.172207 0.553515 0.004628
v 0.170087 0.555739 0.002123
f 2425 2426 2436
f 2425 2436 2435
f 2426 2427 2437
f 2426 2437 2436
f 2427 2428 2438
f 2427 2438 2437
f 2428 2429 2439
f 2428 2439 2438
f 2429 2430 2440
f 2429 2440 2439
f 2430 2431 2441
f 2430 2441 2440
f 2431 2432 2442
f 2431 2442 2441
f 2432 2433 2443
f 2432 2443 2442
f 2433 2434 2444
f 2433 2444 2443
f 2434 2425 2435
f 2434 2435 2444
v 0.171531 0.559338 0.007233
v 0.168352 0.559829 0.005302
v 0.165140 0.560589 0.003488
v 0.161854 0.561957 0.001939
v 0.158458 0.564213 0.000776
v 0.154939 0.567480 0.000053
v 0.151306 0.571672 -0.000267
v 0.147597 0.576486 -0.000316
v 0.143870 0.581448 -0.000301
v 0.140195 0.585987 -0.000470
v 0.136640 0.589544 -0.001067
v 0.133261 0.591674 -0.002284
v 0.130086 0.592132 -0.004230
v 0.127116 0.590917 -0.006904
v 0.124321 0.588275 -0.010198
v 0.121646 0.584651 -0.013920
v 0.119024 0.580605 -0.017826
v 0.116383 0.576706 -0.021668
v 0.113666 0.573429 -0.025239
v 0.110835 0.571078 -0.028407
v 0.107881 0.569737 -0.031136
v 0.104818 0.569284 -0.033478
v 0.101680 0.569439 -0.035555
v 0.098509 0.569863 -0.037515
v 0.101688 0.569372 -0.035584
v 0.104900 0.568612 -0.033770
v 0.108187 0.567243 -0.032221
v 0.111582 0.564988 -0.031058
v 0.115101 0.561721 -0.030335
v 0.118734 0.557529 -0.030015
v 0.122443 0.552714 -0.029966
v 0.126170 0.547753 -0.029981
v 0.129845 0.543214 -0.029812
v 0.133400 0.539657 -0.029215
v 0.136780 0.537527 -0.027998
v 0.139955 0.537069 -0.026052
v 0.142924 0.538284 -0.023378
v 0.145719 0.540926 -0.020084
v 0.148394 0.544549 -0.016362
v 0.151017 0.548595 -0.012456
v 0.153657 0.552495 -0.008614
v 0.156374 0.555771 -0.005043
v 0.159205 0.558123 -0.001875
v 0.162159 0.559464 0.000854
v 0.165223 0.559917 0.003196
v 0.168360 0.559761 0.005273
f 2445 2446 2447
f 2445 2447 2446
f 2445 2447 2448
f 2445 2448 2447
f 2445 2448 2449
f 2445 2449 2448
f 2445 2449 2450
f 2445 2450 2449
f 2445 2450 2451
f 2445 2451 2450
f 2445 2451 2452
f 2445 2452 2451
f 2445 2452 2453
f 2445 2453 2452
f 2445 2453 2454
f 2445 2454 2453
f 2445 2454 2455
f 2445 2455 2454
f 2445 2455 2456
f 2445 2456 2455
f 2445 2456 2457
f 2445 2457 2456
f 2445 2457 2458
f 2445 2458 2457
f 2445 2458 2459
f 2445 2459 2458
f 2445 2459 2460
f 2445 2460 2459
f 2445 2460 2461
f 2445 2461 2460
f 2445 2461 2462
f 2445 2462 2461
f 2445 2462 2463
f 2445 2463 2462
f 2445 2463 2464
f 2445 2464 2463
f 2445 2464 2465
f 2445 2465 2464
f 2445 2465 2466
f 2445 2466 2465
f 2445 2466 2467
f 2445 2467 2466
f 2445 2467 2468
f 2445 2468 2467
f 2445 2468 2469
f 2445 2469 2468
f 2445 2469 2470
f 2445 2470 2469
f 2445 2470 2471
f 2445 2471 2470
f 2445 2471 2472
f 2445 2472 2471
f 2445 2472 2473
f 2445 2473 2472
f 2445 2473 2474
f 2445 2474 2473
f 2445 2474 2475
f 2445 2475 2474
f 2445 2475 2476
f 2445 2476 2475
f 2445 2476 2477
f 2445 2477 2476
f 2445 2477 2478
f 2445 2478 2477
f 2445 2478 2479
f 2445 2479 2478
f 2445 2479 2480
f 2445 2480 2479
f 2445 2480 2481
f 2445 2481 2480
f 2445 2481 2482
f 2445 2482 2481
f 2445 2482 2483
f 2445 2483 2482
f 2445 2483 2484
f 2445 2484 2483
f 2445 2484 2485
f 2445 2485 2484
f 2445 2485 2486
f 2445 2486 2485
f 2445 2486 2487
f 2445 2487 2486
f 2445 2487 2488
f 2445 2488 2487
f 2445 2488 2489
f 2445 2489 2488
f 2445 2489 2490
f 2445 2490 2489
v 0.171531 0.559338 0.007233
v 0.171880 0.559940 0.012063
v 0.172455 0.560001 0.016957
v 0.173432 0.559097 0.021965
v 0.174912 0.556986 0.027115
v 0.176900 0.553659 0.032409
v 0.179301 0.549342 0.037821
v 0.181932 0.544471 0.043298
v 0.184554 0.539623 0.048772
v 0.186903 0.535431 0.054169
v 0.188732 0.532485 0.059418
v 0.189852 0.531238 0.064466
v 0.190161 0.531937 0.069285
v 0.189658 0.534581 0.073873
v 0.188447 0.538924 0.078260
v 0.186717 0.544512 0.082501
v 0.184712 0.550758 0.086663
v 0.182698 0.557026 0.090823
v 0.180916 0.562740 0.095048
v 0.179546 0.567464 0.099391
v 0.178683 0.570972 0.103877
v 0.178323 0.573274 0.108506
v 0.178366 0.574609 0.113249
v 0.178635 0.575404 0.118056
v 0.178286 0.574802 0.113226
v 0.177712 0.574740 0.108332
v 0.176734 0.575645 0.103324
v 0.175254 0.577755 0.098174
v 0.173266 0.581083 0.092879
v 0.170866 0.585399 0.087468
v 0.168234 0.590271 0.081991
v 0.165612 0.595119 0.076517
v 0.163263 0.599311 0.071120
v 0.161435 0.602257 0.065871
v 0.160315 0.603503 0.060822
v 0.160006 0.602805 0.056004
v 0.160508 0.600161 0.051416
v 0.161719 0.595818 0.047028
v 0.163450 0.590229 0.042788
v 0.165454 0.583984 0.038626
v 0.167468 0.577715 0.034466
v 0.169251 0.572001 0.030241
v 0.170621 0.567277 0.025898
v 0.171483 0.563770 0.021412
v 0.171843 0.561468 0.016783
v 0.171800 0.560132 0.012040
f 2491 2492 2493
f 2491 2493 2492
f 2491 2493 2494
f 2491 2494 2493
f 2491 2494 2495
f 2491 2495 2494
f 2491 2495 2496
f 2491 2496 2495
f 2491 2496 2497
f 2491 2497 2496
f 2491 2497 2498
f 2491 2498 2497
f 2491 2498 2499
f 2491 2499 2498
f 2491 2499 2500
f 2491 2500 2499
f 2491 2500 2501
f 2491 2501 2500
f 2491 2501 2502
f 2491 2502 2501
f 2491 2502 2503
f 2491 2503 2502
f 2491 2503 2504
f 2491 2504 2503
f 2491 2504 2505
f 2491 2505 2504
f 2491 2505 2506
f 2491 2506 2505
f 2491 2506 2507
f 2491 2507 2506
f 2491 2507 2508
f 2491 2508 2507
f 2491 2508 2509
f 2491 2509 2508
f 2491 2509 2510
f 2491 2510 2509
f 2491 2510 2511
f 2491 2511 2510
f 2491 2511 2512
f 2491 2512 2511
f 2491 2512 2513
f 2491 2513 2512
f 2491 2513 2514
f 2491 2514 2513
f 2491 2514 2515
f 2491 2515 2514
f 2491 2515 2516
f 2491 2516 2515
f 2491 2516 2517
f 2491 2517 2516
f 2491 2517 2518
f 2491 2518 2517
f 2491 2518 2519
f 2491 2519 2518
f 2491 2519 2520
f 2491 2520 2519
f 2491 2520 2521
f 2491 2521 2520
f 2491 2521 2522
f 2491 2522 2521
f 2491 2522 2523
f 2491 2523 2522
f 2491 2523 2524
f 2491 2524 2523
f 2491 2524 2525
f 2491 2525 2524
f 2491 2525 2526
f 2491 2526 2525
f 2491 2526 2527
f 2491 2527 2526
f 2491 2527 2528
f 2491 2528 2527
f 2491 2528 2529
f 2491 2529 2528
f 2491 2529 2530
f 2491 2530 2529
f 2491 2530 2531
f 2491 2531 2530
f 2491 2531 2532
f 2491 2532 2531
f 2491 2532 2533
f 2491 2533 2532
f 2491 2533 2534
f 2491 2534 2533
f 2491 2534 2535
f 2491 2535 2534
f 2491 2535 2536
f 2491 2536 2535
v 0.104773 0.538889 0.035174
v 0.105163 0.542094 0.040028
v 0.108847 0.544075 0.044088
v 0.114419 0.544075 0.045805
v 0.119750 0.542094 0.044521
v 0.122803 0.538889 0.040727
v 0.122413 0.535683 0.035873
v 0.118729 0.533702 0.031813
v 0.113157 0.533702 0.030097
v 0.107826 0.535683 0.031380
v 0.119485 0.595600 -0.002336
v 0.119750 0.597780 0.000964
v 0.122256 0.599127 0.003726
v 0.126044 0.599127 0.004893
v 0.129669 0.597780 0.004020
v 0.131746 0.595600 0.001440
v 0.131480 0.593420 -0.001861
v 0.128975 0.592073 -0.004622
v 0.125186 0.592073 -0.005789
v 0.121561 0.593420 -0.004916
f 2537 2538 2548
f 2537 2548 2547
f 2538 2539 2549
f 2538 2549 2548
f 2539 2540 2550
f 2539 2550 2549
f 2540 2541 2551
f 2540 2551 2550
f 2541 2542 2552
f 2541 2552 2551
f 2542 2543 2553
f 2542 2553 2552
f 2543 2544 2554
f 2543 2554 2553
f 2544 2545 2555
f 2544 2555 2554
f 2545 2546 2556
f 2545 2556 2555
f 2546 2537 2547
f 2546 2547 2556
v 0.125615 0.595600 -0.000448
v 0.121345 0.593570 -0.000559
v 0.116711 0.592112 0.000062
v 0.111634 0.591349 0.001574
v 0.106125 0.591266 0.003957
v 0.100259 0.591744 0.007057
v 0.094165 0.592580 0.010617
v 0.088005 0.593519 0.014308
v 0.081960 0.594278 0.017770
v 0.076203 0.594584 0.020651
v 0.070886 0.594198 0.022646
v 0.066121 0.592947 0.023532
v 0.061964 0.590738 0.023192
v 0.058418 0.587571 0.021624
v 0.055422 0.583539 0.018948
v 0.052866 0.578815 0.015387
v 0.050599 0.573638 0.011244
v 0.048446 0.568282 0.006872
v 0.046227 0.563027 0.002631
v 0.043781 0.558132 -0.001151
v 0.040978 0.553797 -0.004215
v 0.037742 0.550141 -0.006408
v 0.034063 0.547182 -0.007709
v 0.030021 0.544794 -0.008280
v 0.034291 0.546823 -0.008169
v 0.038925 0.548282 -0.008790
v 0.044002 0.549045 -0.010301
v 0.049511 0.549127 -0.012684
v 0.055377 0.548650 -0.015785
v 0.061472 0.547814 -0.019345
v 0.067631 0.546875 -0.023036
v 0.073676 0.546116 -0.026498
v 0.079433 0.545810 -0.029379
v 0.084750 0.546195 -0.031374
v 0.089516 0.547447 -0.032260
v 0.093672 0.549656 -0.031920
v 0.097219 0.552822 -0.030352
v 0.100215 0.556855 -0.027676
v 0.102770 0.561578 -0.024114
v 0.105038 0.566756 -0.019972
v 0.107191 0.572112 -0.015600
v 0.109409 0.577366 -0.011359
v 0.111855 0.582262 -0.007577
v 0.114659 0.586597 -0.004513
v 0.117894 0.590252 -0.002320
v 0.121573 0.593212 -0.001018
f 2557 2558 2559
f 2557 2559 2558
f 2557 2559 2560
f 2557 2560 2559
f 2557 2560 2561
f 2557 2561 2560
f 2557 2561 2562
f 2557 2562 2561
f 2557 2562 2563
f 2557 2563 2562
f 2557 2563 2564
f 2557 2564 2563
f 2557 2564 2565
f 2557 2565 2564
f 2557 2565 2566
f 2557 2566 2565
f 2557 2566 2567
f 2557 2567 2566
f 2557 2567 2568
f 2557 2568 2567
f 2557 2568 2569
f 2557 2569 2568
f 2557 2569 2570
f 2557 2570 2569
f 2557 2570 2571
f 2557 2571 2570
f 2557 2571 2572
f 2557 2572 2571
f 2557 2572 2573
f 2557 2573 2572
f 2557 2573 2574
f 2557 2574 2573
f 2557 2574 2575
f 2557 2575 2574
f 2557 2575 2576
f 2557 2576 2575
f 2557 2576 2577
f 2557 2577 2576
f 2557 2577 2578
f 2557 2578 2577
f 2557 2578 2579
f 2557 2579 2578
f 2557 2579 2580
f 2557 2580 2579
f 2557 2580 2581
f 2557 2581 2580
f 2557 2581 2582
f 2557 2582 2581
f 2557 2582 2583
f 2557 2583 2582
f 2557 2583 2584
f 2557 2584 2583
f 2557 2584 2585
f 2557 2585 2584
f 2557 2585 2586
f 2557 2586 2585
f 2557 2586 2587
f 2557 2587 2586
f 2557 2587 2588
f 2557 2588 2587
f 2557 2588 2589
f 2557 2589 2588
f 2557 2589 2590
f 2557 2590 2589
f 2557 2590 2591
f 2557 2591 2590
f 2557 2591 2592
f 2557 2592 2591
f 2557 2592 2593
f 2557 2593 2592
f 2557 2593 2594
f 2557 2594 2593
f 2557 2594 2595
f 2557 2595 2594
f 2557 2595 2596
f 2557 2596 2595
f 2557 2596 2597
f 2557 2597 2596
f 2557 2597 2598
f 2557 2598 2597
f 2557 2598 2599
f 2557 2599 2598
f 2557 2599 2600
f 2557 2600 2599
f 2557 2600 2601
f 2557 2601 2600
f 2557 2601 2602
f 2557 2602 2601
v 0.125615 0.595600 -0.000448
v 0.127738 0.595597 0.004774
v 0.130640 0.595242 0.009714
v 0.134709 0.594357 0.014234
v 0.140078 0.592885 0.018285
v 0.146644 0.590870 0.021904
v 0.154093 0.588456 0.025204
v 0.161943 0.585859 0.028360
v 0.169618 0.583343 0.031579
v 0.176518 0.581176 0.035077
v 0.182108 0.579604 0.039048
v 0.185982 0.578808 0.043638
v 0.187925 0.578887 0.048925
v 0.187936 0.579840 0.054908
v 0.186232 0.581570 0.061511
v 0.183217 0.583893 0.068586
v 0.179428 0.586567 0.075940
v 0.175463 0.589321 0.083358
v 0.171900 0.591893 0.090631
v 0.169220 0.594065 0.097585
v 0.167736 0.595695 0.104108
v 0.167553 0.596737 0.110162
v 0.168536 0.597250 0.115795
v 0.170299 0.597410 0.121146
v 0.168177 0.597412 0.115924
v 0.165274 0.597768 0.110984
v 0.161205 0.598652 0.106464
v 0.155836 0.600125 0.102414
v 0.149270 0.602140 0.098795
v 0.141822 0.604554 0.095494
v 0.133971 0.607151 0.092338
v 0.126297 0.609667 0.089119
v 0.119396 0.611834 0.085621
v 0.113806 0.613406 0.081650
v 0.109932 0.614202 0.077060
v 0.107989 0.614123 0.071773
v 0.107978 0.613170 0.065790
v 0.109682 0.611440 0.059188
v 0.112697 0.609117 0.052112
v 0.116486 0.606442 0.044758
v 0.120451 0.603689 0.037340
v 0.124014 0.601117 0.030067
v 0.126694 0.598945 0.023113
v 0.128178 0.597315 0.016590
v 0.128362 0.596273 0.010536
v 0.127378 0.595760 0.004903
f 2603 2604 2605
f 2603 2605 2604
f 2603 2605 2606
f 2603 2606 2605
f 2603 2606 2607
f 2603 2607 2606
f 2603 2607 2608
f 2603 2608 2607
f 2603 2608 2609
f 2603 2609 2608
f 2603 2609 2610
f 2603 2610 2609
f 2603 2610 2611
f 2603 2611 2610
f 2603 2611 2612
f 2603 2612 2611
f 2603 2612 2613
f 2603 2613 2612
f 2603 2613 2614
f 2603 2614 2613
f 2603 2614 2615
f 2603 2615 2614
f 2603 2615 2616
f 2603 2616 2615
f 2603 2616 2617
f 2603 2617 2616
f 2603 2617 2618
f 2603 2618 2617
f 2603 2618 2619
f 2603 2619 2618
f 2603 2619 2620
f 2603 2620 2619
f 2603 2620 2621
f 2603 2621 2620
f 2603 2621 2622
f 2603 2622 2621
f 2603 2622 2623
f 2603 2623 2622
f 2603 2623 2624
f 2603 2624 2623
f 2603 2624 2625
f 2603 2625 2624
f 2603 2625 2626
f 2603 2626 2625
f 2603 2626 2627
f 2603 2627 2626
f 2603 2627 2628
f 2603 2628 2627
f 2603 2628 2629
f 2603 2629 2628
f 2603 2629 2630
f 2603 2630 2629
f 2603 2630 2631
f 2603 2631 2630
f 2603 2631 2632
f 2603 2632 2631
f 2603 2632 2633
f 2603 2633 2632
f 2603 2633 2634
f 2603 2634 2633
f 2603 2634 2635
f 2603 2635 2634
f 2603 2635 2636
f 2603 2636 2635
f 2603 2636 2637
f 2603 2637 2636
f 2603 2637 2638
f 2603 2638 2637
f 2603 2638 2639
f 2603 2639 2638
f 2603 2639 2640
f 2603 2640 2639
f 2603 2640 2641
f 2603 2641 2640
f 2603 2641 2642
f 2603 2642 2641
f 2603 2642 2643
f 2603 2643 2642
f 2603 2643 2644
f 2603 2644 2643
f 2603 2644 2645
f 2603 2645 2644
f 2603 2645 2646
f 2603 2646 2645
f 2603 2646 2647
f 2603 2647 2646
f 2603 2647 2648
f 2603 2648 2647
v 0.125615 0.595600 -0.000448
v 0.127194 0.592763 -0.002460
v 0.128411 0.589861 -0.004679
v 0.128946 0.586837 -0.007289
v 0.128603 0.583656 -0.010402
v 0.127348 0.580311 -0.014036
v 0.125332 0.576830 -0.018106
v 0.122870 0.573269 -0.022432
v 0.120393 0.569706 -0.026767
v 0.118382 0.566226 -0.030834
v 0.117290 0.562910 -0.034376
v 0.117468 0.559822 -0.037190
v 0.119107 0.556996 -0.039168
v 0.122207 0.554431 -0.040309
v 0.126577 0.552094 -0.040722
v 0.131865 0.549922 -0.040610
v 0.137620 0.547833 -0.040231
v 0.143359 0.545742 -0.039860
v 0.148653 0.543570 -0.039745
v 0.153185 0.541263 -0.040066
v 0.156806 0.538792 -0.040908
v 0.159548 0.536163 -0.042254
v 0.161610 0.533413 -0.043990
v 0.163308 0.530597 -0.045933
v 0.161729 0.533434 -0.043921
v 0.160512 0.536336 -0.041702
v 0.159977 0.539360 -0.039093
v 0.160321 0.542541 -0.035980
v 0.161576 0.545886 -0.032345
v 0.163591 0.549367 -0.028275
v 0.166053 0.552928 -0.023949
v 0.168530 0.556491 -0.019615
v 0.170541 0.559972 -0.015547
v 0.171633 0.563287 -0.012006
v 0.171455 0.566375 -0.009191
v 0.169816 0.569201 -0.007214
v 0.166717 0.571766 -0.006073
v 0.162347 0.574103 -0.005659
v 0.157058 0.576275 -0.005771
v 0.151304 0.578364 -0.006151
v 0.145564 0.580455 -0.006521
v 0.140271 0.582627 -0.006636
v 0.135739 0.584934 -0.006315
v 0.132117 0.587405 -0.005473
v 0.129375 0.590034 -0.004127
v 0.127314 0.592785 -0.002392
f 2649 2650 2651
f 2649 2651 2650
f 2649 2651 2652
f 2649 2652 2651
f 2649 2652 2653
f 2649 2653 2652
f 2649 2653 2654
f 2649 2654 2653
f 2649 2654 2655
f 2649 2655 2654
f 2649 2655 2656
f 2649 2656 2655
f 2649 2656 2657
f 2649 2657 2656
f 2649 2657 2658
f 2649 2658 2657
f 2649 2658 2659
f 2649 2659 2658
f 2649 2659 2660
f 2649 2660 2659
f 2649 2660 2661
f 2649 2661 2660
f 2649 2661 2662
f 2649 2662 2661
f 2649 2662 2663
f 2649 2663 2662
f 2649 2663 2664
f 2649 2664 2663
f 2649 2664 2665
f 2649 2665 2664
f 2649 2665 2666
f 2649 2666 2665
f 2649 2666 2667
f 2649 2667 2666
f 2649 2667 2668
f 2649 2668 2667
f 2649 2668 2669
f 2649 2669 2668
f 2649 2669 2670
f 2649 2670 2669
f 2649 2670 2671
f 2649 2671 2670
f 2649 2671 2672
f 2649 2672 2671
f 2649 2672 2673
f 2649 2673 2672
f 2649 2673 2674
f 2649 2674 2673
f 2649 2674 2675
f 2649 2675 2674
f 2649 2675 2676
f 2649 2676 2675
f 2649 2676 2677
f 2649 2677 2676
f 2649 2677 2678
f 2649 2678 2677
f 2649 2678 2679
f 2649 2679 2678
f 2649 2679 2680
f 2649 2680 2679
f 2649 2680 2681
f 2649 2681 2680
f 2649 2681 2682
f 2649 2682 2681
f 2649 2682 2683
f 2649 2683 2682
f 2649 2683 2684
f 2649 2684 2683
f 2649 2684 2685
f 2649 2685 2684
f 2649 2685 2686
f 2649 2686 2685
f 2649 2686 2687
f 2649 2687 2686
f 2649 2687 2688
f 2649 2688 2687
f 2649 2688 2689
f 2649 2689 2688
f 2649 2689 2690
f 2649 2690 2689
f 2649 2690 2691
f 2649 2691 2690
f 2649 2691 2692
f 2649 2692 2691
f 2649 2692 2693
f 2649 2693 2692
f 2649 2693 2694
f 2649 2694 2693
v 0.121334 0.538889 0.032290
v 0.117149 0.542023 0.029713
v 0.111680 0.543961 0.030282
v 0.107016 0.543961 0.033780
v 0.104939 0.542023 0.038871
v 0.106242 0.538889 0.043611
v 0.110427 0.535754 0.046188
v 0.115896 0.533817 0.045619
v 0.120560 0.533817 0.042121
v 0.122637 0.535754 0.037030
v 0.141892 0.594748 0.064729
v 0.139046 0.596880 0.062976
v 0.135327 0.598197 0.063363
v 0.132156 0.598197 0.065742
v 0.130744 0.596880 0.069204
v 0.131630 0.594748 0.072427
v 0.134476 0.592617 0.074180
v 0.138195 0.591299 0.073793
v 0.141366 0.591299 0.071414
v 0.142779 0.592617 0.067952
f 2695 2696 2706
f 2695 2706 2705
f 2696 2697 2707
f 2696 2707 2706
f 2697 2698 2708
f 2697 2708 2707
f 2698 2699 2709
f 2698 2709 2708
f 2699 2700 2710
f 2699 2710 2709
f 2700 2701 2711
f 2700 2711 2710
f 2701 2702 2712
f 2701 2712 2711
f 2702 2703 2713
f 2702 2713 2712
f 2703 2704 2714
f 2703 2714 2713
f 2704 2695 2705
f 2704 2705 2714
v 0.136761 0.594748 0.068578
v 0.138271 0.593979 0.063907
v 0.138837 0.593921 0.058647
v 0.138487 0.594553 0.052815
v 0.137361 0.595771 0.046498
v 0.135677 0.597408 0.039833
v 0.133710 0.599260 0.032991
v 0.131760 0.601097 0.026161
v 0.130135 0.602691 0.019532
v 0.129116 0.603827 0.013282
v 0.128939 0.604329 0.007558
v 0.129773 0.604070 0.002465
v 0.131705 0.602982 -0.001942
v 0.134736 0.601067 -0.005663
v 0.138778 0.598389 -0.008753
v 0.143661 0.595078 -0.011317
v 0.149150 0.591309 -0.013503
v 0.154964 0.587297 -0.015486
v 0.160796 0.583270 -0.017458
v 0.166344 0.579457 -0.019607
v 0.171335 0.576065 -0.022104
v 0.175550 0.573257 -0.025086
v 0.178848 0.571140 -0.028640
v 0.181203 0.569734 -0.032783
v 0.179693 0.570503 -0.028113
v 0.179126 0.570562 -0.022853
v 0.179477 0.569929 -0.017020
v 0.180603 0.568712 -0.010704
v 0.182287 0.567074 -0.004039
v 0.184254 0.565223 0.002803
v 0.186203 0.563385 0.009634
v 0.187828 0.561792 0.016262
v 0.188847 0.560655 0.022512
v 0.189024 0.560153 0.028236
v 0.188191 0.560413 0.033329
v 0.186259 0.561500 0.037736
v 0.183228 0.563416 0.041457
v 0.179186 0.566093 0.044547
v 0.174303 0.569405 0.047112
v 0.168813 0.573173 0.049297
v 0.163000 0.577186 0.051281
v 0.157167 0.581212 0.053253
v 0.151619 0.585025 0.055402
v 0.146629 0.588418 0.057899
v 0.142414 0.591225 0.060881
v 0.139116 0.593342 0.064435
f 2715 2716 2717
f 2715 2717 2716
f 2715 2717 2718
f 2715 2718 2717
f 2715 2718 2719
f 2715 2719 2718
f 2715 2719 2720
f 2715 2720 2719
f 2715 2720 2721
f 2715 2721 2720
f 2715 2721 2722
f 2715 2722 2721
f 2715 2722 2723
f 2715 2723 2722
f 2715 2723 2724
f 2715 2724 2723
f 2715 2724 2725
f 2715 2725 2724
f 2715 2725 2726
f 2715 2726 2725
f 2715 2726 2727
f 2715 2727 2726
f 2715 2727 2728
f 2715 2728 2727
f 2715 2728 2729
f 2715 2729 2728
f 2715 2729 2730
f 2715 2730 2729
f 2715 2730 2731
f 2715 2731 2730
f 2715 2731 2732
f 2715 2732 2731
f 2715 2732 2733
f 2715 2733 2732
f 2715 2733 2734
f 2715 2734 2733
f 2715 2734 2735
f 2715 2735 2734
f 2715 2735 2736
f 2715 2736 2735
f 2715 2736 2737
f 2715 2737 2736
f 2715 2737 2738
f 2715 2738 2737
f 2715 2738 2739
f 2715 2739 2738
f 2715 2739 2740
f 2715 2740 2739
f 2715 2740 2741
f 2715 2741 2740
f 2715 2741 2742
f 2715 2742 2741
f 2715 2742 2743
f 2715 2743 2742
f 2715 2743 2744
f 2715 2744 2743
f 2715 2744 2745
f 2715 2745 2744
f 2715 2745 2746
f 2715 2746 2745
f 2715 2746 2747
f 2715 2747 2746
f 2715 2747 2748
f 2715 2748 2747
f 2715 2748 2749
f 2715 2749 2748
f 2715 2749 2750
f 2715 2750 2749
f 2715 2750 2751
f 2715 2751 2750
f 2715 2751 2752
f 2715 2752 2751
f 2715 2752 2753
f 2715 2753 2752
f 2715 2753 2754
f 2715 2754 2753
f 2715 2754 2755
f 2715 2755 2754
f 2715 2755 2756
f 2715 2756 2755
f 2715 2756 2757
f 2715 2757 2756
f 2715 2757 2758
f 2715 2758 2757
f 2715 2758 2759
f 2715 2759 2758
f 2715 2759 2760
f 2715 2760 2759
v 0.136761 0.594748 0.068578
v 0.134156 0.595876 0.066889
v 0.131285 0.596927 0.065539
v 0.127963 0.597850 0.064761
v 0.124100 0.598619 0.064671
v 0.119705 0.599235 0.065256
v 0.114890 0.599732 0.066375
v 0.109852 0.600166 0.067777
v 0.104845 0.600608 0.069140
v 0.100142 0.601137 0.070117
v 0.095993 0.601824 0.070390
v 0.092589 0.602724 0.069715
v 0.090036 0.603866 0.067961
v 0.088332 0.605250 0.065128
v 0.087373 0.606848 0.061348
v 0.086969 0.608603 0.056863
v 0.086869 0.610445 0.051993
v 0.086799 0.612295 0.047084
v 0.086507 0.614083 0.042457
v 0.085795 0.615750 0.038364
v 0.084551 0.617266 0.034947
v 0.082765 0.618627 0.032217
v 0.080529 0.619859 0.030060
v 0.078027 0.621016 0.028241
v 0.080632 0.619889 0.029930
v 0.083503 0.618837 0.031280
v 0.086825 0.617914 0.032058
v 0.090688 0.617146 0.032148
v 0.095083 0.616529 0.031563
v 0.099898 0.616032 0.030444
v 0.104936 0.615598 0.029042
v 0.109943 0.615156 0.027679
v 0.114646 0.614627 0.026702
v 0.118795 0.613940 0.026429
v 0.122198 0.613040 0.027104
v 0.124752 0.611898 0.028858
v 0.126456 0.610514 0.031691
v 0.127415 0.608917 0.035471
v 0.127818 0.607161 0.039956
v 0.127919 0.605320 0.044826
v 0.127989 0.603469 0.049735
v 0.128281 0.601682 0.054362
v 0.128993 0.600014 0.058455
v 0.130237 0.598499 0.061873
v 0.132023 0.597138 0.064602
v 0.134259 0.595905 0.066759
f 2761 2762 2763
f 2761 2763 2762
f 2761 2763 2764
f 2761 2764 2763
f 2761 2764 2765
f 2761 2765 2764
f 2761 2765 2766
f 2761 2766 2765
f 2761 2766 2767
f 2761 2767 2766
f 2761 2767 2768
f 2761 2768 2767
f 2761 2768 2769
f 2761 2769 2768
f 2761 2769 2770
f 2761 2770 2769
f 2761 2770 2771
f 2761 2771 2770
f 2761 2771 2772
f 2761 2772 2771
f 2761 2772 2773
f 2761 2773 2772
f 2761 2773 2774
f 2761 2774 2773
f 2761 2774 2775
f 2761 2775 2774
f 2761 2775 2776
f 2761 2776 2775
f 2761 2776 2777
f 2761 2777 2776
f 2761 2777 2778
f 2761 2778 2777
f 2761 2778 2779
f 2761 2779 2778
f 2761 2779 2780
f 2761 2780 2779
f 2761 2780 2781
f 2761 2781 2780
f 2761 2781 2782
f 2761 2782 2781
f 2761 2782 2783
f 2761 2783 2782
f 2761 2783 2784
f 2761 2784 2783
f 2761 2784 2785
f 2761 2785 2784
f 2761 2785 2786
f 2761 2786 2785
f 2761 2786 2787
f 2761 2787 2786
f 2761 2787 2788
f 2761 2788 2787
f 2761 2788 2789
f 2761 2789 2788
f 2761 2789 2790
f 2761 2790 2789
f 2761 2790 2791
f 2761 2791 2790
f 2761 2791 2792
f 2761 2792 2791
f 2761 2792 2793
f 2761 2793 2792
f 2761 2793 2794
f 2761 2794 2793
f 2761 2794 2795
f 2761 2795 2794
f 2761 2795 2796
f 2761 2796 2795
f 2761 2796 2797
f 2761 2797 2796
f 2761 2797 2798
f 2761 2798 2797
f 2761 2798 2799
f 2761 2799 2798
f 2761 2799 2800
f 2761 2800 2799
f 2761 2800 2801
f 2761 2801 2800
f 2761 2801 2802
f 2761 2802 2801
f 2761 2802 2803
f 2761 2803 2802
f 2761 2803 2804
f 2761 2804 2803
f 2761 2804 2805
f 2761 2805 2804
f 2761 2805 2806
f 2761 2806 2805
v 0.136761 0.594748 0.068578
v 0.136027 0.590734 0.071566
v 0.136464 0.586286 0.074465
v 0.138131 0.581383 0.077272
v 0.140894 0.576074 0.079997
v 0.144486 0.570459 0.082660
v 0.148541 0.564672 0.085288
v 0.152638 0.558869 0.087913
v 0.156341 0.553213 0.090567
v 0.159238 0.547854 0.093282
v 0.160981 0.542923 0.096083
v 0.161321 0.538511 0.098990
v 0.160126 0.534667 0.102012
v 0.157395 0.531392 0.105150
v 0.153260 0.528636 0.108393
v 0.147971 0.526307 0.111722
v 0.141877 0.524277 0.115112
v 0.135389 0.522392 0.118531
v 0.128943 0.520491 0.121948
v 0.122960 0.518419 0.125329
v 0.117806 0.516041 0.128649
v 0.113747 0.513257 0.131886
v 0.110919 0.510017 0.135030
v 0.109262 0.506345 0.138087
v 0.109996 0.510359 0.135100
v 0.109559 0.514807 0.132200
v 0.107892 0.519710 0.129393
v 0.105129 0.525019 0.126668
v 0.101537 0.530634 0.124005
v 0.097482 0.536421 0.121377
v 0.093385 0.542224 0.118753
v 0.089682 0.547880 0.116098
v 0.086785 0.553238 0.113383
v 0.085042 0.558170 0.110582
v 0.084702 0.562582 0.107675
v 0.085897 0.566425 0.104653
v 0.088629 0.569701 0.101516
v 0.092764 0.572456 0.098273
v 0.098052 0.574786 0.094943
v 0.104146 0.576816 0.091554
v 0.110634 0.578701 0.088134
v 0.117080 0.580601 0.084718
v 0.123063 0.582673 0.081336
v 0.128217 0.585052 0.078017
v 0.132276 0.587836 0.074780
v 0.135104 0.591075 0.071635
f 2807 2808 2809
f 2807 2809 2808
f 2807 2809 2810
f 2807 2810 2809
f 2807 2810 2811
f 2807 2811 2810
f 2807 2811 2812
f 2807 2812 2811
f 2807 2812 2813
f 2807 2813 2812
f 2807 2813 2814
f 2807 2814 2813
f 2807 2814 2815
f 2807 2815 2814
f 2807 2815 2816
f 2807 2816 2815
f 2807 2816 2817
f 2807 2817 2816
f 2807 2817 2818
f 2807 2818 2817
f 2807 2818 2819
f 2807 2819 2818
f 2807 2819 2820
f 2807 2820 2819
f 2807 2820 2821
f 2807 2821 2820
f 2807 2821 2822
f 2807 2822 2821
f 2807 2822 2823
f 2807 2823 2822
f 2807 2823 2824
f 2807 2824 2823
f 2807 2824 2825
f 2807 2825 2824
f 2807 2825 2826
f 2807 2826 2825
f 2807 2826 2827
f 2807 2827 2826
f 2807 2827 2828
f 2807 2828 2827
f 2807 2828 2829
f 2807 2829 2828
f 2807 2829 2830
f 2807 2830 2829
f 2807 2830 2831
f 2807 2831 2830
f 2807 2831 2832
f 2807 2832 2831
f 2807 2832 2833
f 2807 2833 2832
f 2807 2833 2834
f 2807 2834 2833
f 2807 2834 2835
f 2807 2835 2834
f 2807 2835 2836
f 2807 2836 2835
f 2807 2836 2837
f 2807 2837 2836
f 2807 2837 2838
f 2807 2838 2837
f 2807 2838 2839
f 2807 2839 2838
f 2807 2839 2840
f 2807 2840 2839
f 2807 2840 2841
f 2807 2841 2840
f 2807 2841 2842
f 2807 2842 2841
f 2807 2842 2843
f 2807 2843 2842
f 2807 2843 2844
f 2807 2844 2843
f 2807 2844 2845
f 2807 2845 2844
f 2807 2845 2846
f 2807 2846 2845
f 2807 2846 2847
f 2807 2847 2846
f 2807 2847 2848
f 2807 2848 2847
f 2807 2848 2849
f 2807 2849 2848
f 2807 2849 2850
f 2807 2850 2849
f 2807 2850 2851
f 2807 2851 2850
f 2807 2851 2852
f 2807 2852 2851
v 0.059903 0.453003 0.073340
v 0.063042 0.458418 0.067480
v 0.061694 0.461764 0.059702
v 0.056376 0.461764 0.052978
v 0.049117 0.458418 0.049875
v 0.042692 0.453003 0.051579
v 0.039554 0.447589 0.057439
v 0.040902 0.444243 0.065217
v 0.046220 0.444243 0.071941
v 0.053478 0.447589 0.075044
v 0.008878 0.522305 0.108038
v 0.011012 0.525987 0.104054
v 0.010095 0.528262 0.098765
v 0.006479 0.528262 0.094192
v 0.001543 0.525987 0.092083
v -0.002826 0.522305 0.093241
v -0.004960 0.518623 0.097226
v -0.004044 0.516348 0.102515
v -0.000427 0.516348 0.107087
v 0.004508 0.518623 0.109197
f 2853 2854 2864
f 2853 2864 2863
f 2854 2855 2865
f 2854 2865 2864
f 2855 2856 2866
f 2855 2866 2865
f 2856 2857 2867
f 2856 2867 2866
f 2857 2858 2868
f 2857 2868 2867
f 2858 2859 2869
f 2858 2869 2868
f 2859 2860 2870
f 2859 2870 2869
f 2860 2861 2871
f 2860 2871 2870
f 2861 2862 2872
f 2861 2872 2871
f 2862 2853 2863
f 2862 2863 2872
v 0.003026 0.522305 0.100640
v 0.006311 0.521450 0.101673
v 0.009856 0.520994 0.102308
v 0.013765 0.521101 0.102383
v 0.018063 0.521810 0.101859
v 0.022709 0.523053 0.100802
v 0.027600 0.524675 0.099368
v 0.032592 0.526454 0.097779
v 0.037516 0.528126 0.096295
v 0.042200 0.529429 0.095179
v 0.046492 0.530127 0.094666
v 0.050278 0.530044 0.094930
v 0.053497 0.529087 0.096064
v 0.056150 0.527256 0.098069
v 0.058297 0.524644 0.100851
v 0.060052 0.521427 0.104235
v 0.061567 0.517841 0.107988
v 0.063014 0.514149 0.111846
v 0.064562 0.510612 0.115549
v 0.066355 0.507455 0.118874
v 0.068496 0.504832 0.121667
v 0.071026 0.502812 0.123860
v 0.073920 0.501353 0.125495
v 0.077074 0.500294 0.126730
v 0.073788 0.501150 0.125697
v 0.070244 0.501605 0.125062
v 0.066335 0.501498 0.124987
v 0.062036 0.500790 0.125511
v 0.057390 0.499546 0.126567
v 0.052499 0.497924 0.128002
v 0.047507 0.496146 0.129591
v 0.042583 0.494473 0.131075
v 0.037899 0.493170 0.132191
v 0.033608 0.492473 0.132704
v 0.029822 0.492556 0.132440
v 0.026602 0.493513 0.131305
v 0.023949 0.495344 0.129301
v 0.021802 0.497955 0.126519
v 0.020047 0.501172 0.123134
v 0.018532 0.504759 0.119382
v 0.017085 0.508451 0.115524
v 0.015537 0.511987 0.111821
v 0.013744 0.515145 0.108496
v 0.011604 0.517767 0.105703
v 0.009074 0.519788 0.103509
v 0.006180 0.521247 0.101875
f 2873 2874 2875
f 2873 2875 2874
f 2873 2875 2876
f 2873 2876 2875
f 2873 2876 2877
f 2873 2877 2876
f 2873 2877 2878
f 2873 2878 2877
f 2873 2878 2879
f 2873 2879 2878
f 2873 2879 2880
f 2873 2880 2879
f 2873 2880 2881
f 2873 2881 2880
f 2873 2881 2882
f 2873 2882 2881
f 2873 2882 2883
f 2873 2883 2882
f 2873 2883 2884
f 2873 2884 2883
f 2873 2884 2885
f 2873 2885 2884
f 2873 2885 2886
f 2873 2886 2885
f 2873 2886 2887
f 2873 2887 2886
f 2873 2887 2888
f 2873 2888 2887
f 2873 2888 2889
f 2873 2889 2888
f 2873 2889 2890
f 2873 2890 2889
f 2873 2890 2891
f 2873 2891 2890
f 2873 2891 2892
f 2873 2892 2891
f 2873 2892 2893
f 2873 2893 2892
f 2873 2893 2894
f 2873 2894 2893
f 2873 2894 2895
f 2873 2895 2894
f 2873 2895 2896
f 2873 2896 2895
f 2873 2896 2897
f 2873 2897 2896
f 2873 2897 2898
f 2873 2898 2897
f 2873 2898 2899
f 2873 2899 2898
f 2873 2899 2900
f 2873 2900 2899
f 2873 2900 2901
f 2873 2901 2900
f 2873 2901 2902
f 2873 2902 2901
f 2873 2902 2903
f 2873 2903 2902
f 2873 2903 2904
f 2873 2904 2903
f 2873 2904 2905
f 2873 2905 2904
f 2873 2905 2906
f 2873 2906 2905
f 2873 2906 2907
f 2873 2907 2906
f 2873 2907 2908
f 2873 2908 2907
f 2873 2908 2909
f 2873 2909 2908
f 2873 2909 2910
f 2873 2910 2909
f 2873 2910 2911
f 2873 2911 2910
f 2873 2911 2912
f 2873 2912 2911
f 2873 2912 2913
f 2873 2913 2912
f 2873 2913 2914
f 2873 2914 2913
f 2873 2914 2915
f 2873 2915 2914
f 2873 2915 2916
f 2873 2916 2915
f 2873 2916 2917
f 2873 2917 2916
f 2873 2917 2918
f 2873 2918 2917
v 0.003026 0.522305 0.100640
v 0.001891 0.520692 0.097918
v 0.000647 0.518930 0.095328
v -0.000865 0.516803 0.093061
v -0.002789 0.514116 0.091289
v -0.005201 0.510767 0.090103
v -0.008074 0.506791 0.089473
v -0.011273 0.502371 0.089235
v -0.014570 0.497819 0.089113
v -0.017680 0.493520 0.088769
v -0.020322 0.489858 0.087860
v -0.022267 0.487143 0.086113
v -0.023389 0.485546 0.083376
v -0.023688 0.485069 0.079649
v -0.023290 0.485538 0.075085
v -0.022424 0.486645 0.069956
v -0.021372 0.488004 0.064604
v -0.020416 0.489231 0.059369
v -0.019787 0.490015 0.054525
v -0.019619 0.490171 0.050238
v -0.019939 0.489665 0.046536
v -0.020671 0.488599 0.043330
v -0.021671 0.487169 0.040446
v -0.022780 0.485590 0.037695
v -0.021646 0.487203 0.040417
v -0.020402 0.488965 0.043006
v -0.018890 0.491092 0.045274
v -0.016966 0.493778 0.047046
v -0.014554 0.497127 0.048232
v -0.011681 0.501104 0.048862
v -0.008481 0.505524 0.049100
v -0.005185 0.510076 0.049221
v -0.002074 0.514375 0.049566
v 0.000567 0.518037 0.050475
v 0.002513 0.520752 0.052222
v 0.003635 0.522348 0.054959
v 0.003933 0.522826 0.058685
v 0.003536 0.522357 0.063250
v 0.002669 0.521250 0.068378
v 0.001617 0.519891 0.073731
v 0.000661 0.518664 0.078966
v 0.000032 0.517880 0.083809
v -0.000135 0.517723 0.088097
v 0.000185 0.518229 0.091798
v 0.000916 0.519295 0.095005
v 0.001916 0.520726 0.097888
f 2919 2920 2921
f 2919 2921 2920
f 2919 2921 2922
f 2919 2922 2921
f 2919 2922 2923
f 2919 2923 2922
f 2919 2923 2924
f 2919 2924 2923
f 2919 2924 2925
f 2919 2925 2924
f 2919 2925 2926
f 2919 2926 2925
f 2919 2926 2927
f 2919 2927 2926
f 2919 2927 2928
f 2919 2928 2927
f 2919 2928 2929
f 2919 2929 2928
f 2919 2929 2930
f 2919 2930 2929
f 2919 2930 2931
f 2919 2931 2930
f 2919 2931 2932
f 2919 2932 2931
f 2919 2932 2933
f 2919 2933 2932
f 2919 2933 2934
f 2919 2934 2933
f 2919 2934 2935
f 2919 2935 2934
f 2919 2935 2936
f 2919 2936 2935
f 2919 2936 2937
f 2919 2937 2936
f 2919 2937 2938
f 2919 2938 2937
f 2919 2938 2939
f 2919 2939 2938
f 2919 2939 2940
f 2919 2940 2939
f 2919 2940 2941
f 2919 2941 2940
f 2919 2941 2942
f 2919 2942 2941
f 2919 2942 2943
f 2919 2943 2942
f 2919 2943 2944
f 2919 2944 2943
f 2919 2944 2945
f 2919 2945 2944
f 2919 2945 2946
f 2919 2946 2945
f 2919 2946 2947
f 2919 2947 2946
f 2919 2947 2948
f 2919 2948 2947
f 2919 2948 2949
f 2919 2949 2948
f 2919 2949 2950
f 2919 2950 2949
f 2919 2950 2951
f 2919 2951 2950
f 2919 2951 2952
f 2919 2952 2951
f 2919 2952 2953
f 2919 2953 2952
f 2919 2953 2954
f 2919 2954 2953
f 2919 2954 2955
f 2919 2955 2954
f 2919 2955 2956
f 2919 2956 2955
f 2919 2956 2957
f 2919 2957 2956
f 2919 2957 2958
f 2919 2958 2957
f 2919 2958 2959
f 2919 2959 2958
f 2919 2959 2960
f 2919 2960 2959
f 2919 2960 2961
f 2919 2961 2960
f 2919 2961 2962
f 2919 2962 2961
f 2919 2962 2963
f 2919 2963 2962
f 2919 2963 2964
f 2919 2964 2963
v 0.007973 0.522305 0.108672
v 0.007369 0.527835 0.106928
v 0.005106 0.531253 0.102782
v 0.002049 0.531253 0.097818
v -0.000635 0.527835 0.093932
v -0.001921 0.522305 0.092608
v -0.001317 0.516775 0.094352
v 0.000946 0.513357 0.098498
v 0.004003 0.513357 0.103461
v 0.006687 0.516775 0.107348
v -0.038359 0.526108 0.133663
v -0.038770 0.529869 0.132477
v -0.040309 0.532193 0.129658
v -0.042388 0.532193 0.126282
v -0.044213 0.529869 0.123640
v -0.045087 0.526108 0.122739
v -0.044676 0.522348 0.123925
v -0.043138 0.520024 0.126744
v -0.041059 0.520024 0.130120
v -0.039234 0.522348 0.132762
f 2965 2966 2976
f 2965 2976 2975
f 2966 2967 2977
f 2966 2977 2976
f 2967 2968 2978
f 2967 2978 2977
f 2968 2969 2979
f 2968 2979 2978
f 2969 2970 2980
f 2969 2980 2979
f 2970 2971 2981
f 2970 2981 2980
f 2971 2972 2982
f 2971 2982 2981
f 2972 2973 2983
f 2972 2983 2982
f 2973 2974 2984
f 2973 2984 2983
f 2974 2965 2975
f 2974 2975 2984
v -0.041723 0.526108 0.128201
v -0.037865 0.524593 0.130126
v -0.033924 0.523397 0.132143
v -0.029790 0.522940 0.134372
v -0.025368 0.523582 0.136915
v -0.020615 0.525492 0.139821
v -0.015556 0.528575 0.143063
v -0.010286 0.532463 0.146535
v -0.004962 0.536557 0.150066
v 0.000227 0.540137 0.153451
v 0.005096 0.542491 0.156484
v 0.009495 0.543049 0.159003
v 0.013343 0.541495 0.160917
v 0.016639 0.537830 0.162227
v 0.019466 0.532369 0.163023
v 0.021972 0.525682 0.163468
v 0.024344 0.518480 0.163765
v 0.026770 0.511485 0.164122
v 0.029406 0.505295 0.164709
v 0.032349 0.500278 0.165632
v 0.035623 0.496529 0.166918
v 0.039184 0.493878 0.168518
v 0.042939 0.491967 0.170330
v 0.046776 0.490375 0.172234
v 0.042919 0.491890 0.170308
v 0.038977 0.493087 0.168291
v 0.034843 0.493544 0.166063
v 0.030421 0.492902 0.163520
v 0.025669 0.490992 0.160614
v 0.020609 0.487909 0.157372
v 0.015339 0.484021 0.153900
v 0.010016 0.479927 0.150368
v 0.004826 0.476347 0.146984
v -0.000043 0.473993 0.143951
v -0.004442 0.473435 0.141432
v -0.008290 0.474989 0.139518
v -0.011586 0.478654 0.138208
v -0.014413 0.484115 0.137412
v -0.016919 0.490802 0.136967
v -0.019291 0.498004 0.136670
v -0.021717 0.504998 0.136313
v -0.024353 0.511189 0.135726
v -0.027296 0.516206 0.134803
v -0.030570 0.519955 0.133517
v -0.034131 0.522606 0.131917
v -0.037886 0.524516 0.130104
f 2985 2986 2987
f 2985 2987 2986
f 2985 2987 2988
f 2985 2988 2987
f 2985 2988 2989
f 2985 2989 2988
f 2985 2989 2990
f 2985 2990 2989
f 2985 2990 2991
f 2985 2991 2990
f 2985 2991 2992
f 2985 2992 2991
f 2985 2992 2993
f 2985 2993 2992
f 2985 2993 2994
f 2985 2994 2993
f 2985 2994 2995
f 2985 2995 2994
f 2985 2995 2996
f 2985 2996 2995
f 2985 2996 2997
f 2985 2997 2996
f 2985 2997 2998
f 2985 2998 2997
f 2985 2998 2999
f 2985 2999 2998
f 2985 2999 3000
f 2985 3000 2999
f 2985 3000 3001
f 2985 3001 3000
f 2985 3001 3002
f 2985 3002 3001
f 2985 3002 3003
f 2985 3003 3002
f 2985 3003 3004
f 2985 3004 3003
f 2985 3004 3005
f 2985 3005 3004
f 2985 3005 3006
f 2985 3006 3005
f 2985 3006 3007
f 2985 3007 3006
f 2985 3007 3008
f 2985 3008 3007
f 2985 3008 3009
f 2985 3009 3008
f 2985 3009 3010
f 2985 3010 3009
f 2985 3010 3011
f 2985 3011 3010
f 2985 3011 3012
f 2985 3012 3011
f 2985 3012 3013
f 2985 3013 3012
f 2985 3013 3014
f 2985 3014 3013
f 2985 3014 3015
f 2985 3015 3014
f 2985 3015 3016
f 2985 3016 3015
f 2985 3016 3017
f 2985 3017 3016
f 2985 3017 3018
f 2985 3018 3017
f 2985 3018 3019
f 2985 3019 3018
f 2985 3019 3020
f 2985 3020 3019
f 2985 3020 3021
f 2985 3021 3020
f 2985 3021 3022
f 2985 3022 3021
f 2985 3022 3023
f 2985 3023 3022
f 2985 3023 3024
f 2985 3024 3023
f 2985 3024 3025
f 2985 3025 3024
f 2985 3025 3026
f 2985 3026 3025
f 2985 3026 3027
f 2985 3027 3026
f 2985 3027 3028
f 2985 3028 3027
f 2985 3028 3029
f 2985 3029 3028
f 2985 3029 3030
f 2985 3030 3029
v -0.041723 0.526108 0.128201
v -0.041360 0.529716 0.126711
v -0.041164 0.533238 0.124963
v -0.041337 0.536568 0.122641
v -0.042043 0.539621 0.119491
v -0.043352 0.542363 0.115407
v -0.045206 0.544821 0.110476
v -0.047423 0.547092 0.104981
v -0.049720 0.549321 0.099363
v -0.051759 0.551683 0.094144
v -0.053213 0.554350 0.089834
v -0.053820 0.557455 0.086839
v -0.053435 0.561074 0.085383
v -0.052059 0.565207 0.085465
v -0.049836 0.569778 0.086862
v -0.047027 0.574654 0.089169
v -0.043961 0.579663 0.091874
v -0.040975 0.584630 0.094456
v -0.038352 0.589410 0.096474
v -0.036274 0.593906 0.097645
v -0.034798 0.598091 0.097883
v -0.033856 0.601999 0.097292
v -0.033283 0.605715 0.096128
v -0.032877 0.609345 0.094705
v -0.033240 0.605738 0.096195
v -0.033437 0.602216 0.097943
v -0.033263 0.598886 0.100265
v -0.032557 0.595833 0.103415
v -0.031248 0.593091 0.107499
v -0.029394 0.590633 0.112430
v -0.027177 0.588362 0.117925
v -0.024880 0.586133 0.123543
v -0.022841 0.583771 0.128762
v -0.021387 0.581104 0.133072
v -0.020780 0.577999 0.136066
v -0.021165 0.574380 0.137523
v -0.022541 0.570247 0.137441
v -0.024764 0.565676 0.136044
v -0.027573 0.560800 0.133737
v -0.030639 0.555791 0.131032
v -0.033625 0.550824 0.128450
v -0.036248 0.546044 0.126432
v -0.038326 0.541548 0.125261
v -0.039802 0.537363 0.125023
v -0.040744 0.533455 0.125613
v -0.041317 0.529739 0.126778
f 3031 3032 3033
f 3031 3033 3032
f 3031 3033 3034
f 3031 3034 3033
f 3031 3034 3035
f 3031 3035 3034
f 3031 3035 3036
f 3031 3036 3035
f 3031 3036 3037
f 3031 3037 3036
f 3031 3037 3038
f 3031 3038 3037
f 3031 3038 3039
f 3031 3039 3038
f 3031 3039 3040
f 3031 3040 3039
f 3031 3040 3041
f 3031 3041 3040
f 3031 3041 3042
f 3031 3042 3041
f 3031 3042 3043
f 3031 3043 3042
f 3031 3043 3044
f 3031 3044 3043
f 3031 3044 3045
f 3031 3045 3044
f 3031 3045 3046
f 3031 3046 3045
f 3031 3046 3047
f 3031 3047 3046
f 3031 3047 3048
f 3031 3048 3047
f 3031 3048 3049
f 3031 3049 3048
f 3031 3049 3050
f 3031 3050 3049
f 3031 3050 3051
f 3031 3051 3050
f 3031 3051 3052
f 3031 3052 3051
f 3031 3052 3053
f 3031 3053 3052
f 3031 3053 3054
f 3031 3054 3053
f 3031 3054 3055
f 3031 3055 3054
f 3031 3055 3056
f 3031 3056 3055
f 3031 3056 3057
f 3031 3057 3056
f 3031 3057 3058
f 3031 3058 3057
f 3031 3058 3059
f 3031 3059 3058
f 3031 3059 3060
f 3031 3060 3059
f 3031 3060 3061
f 3031 3061 3060
f 3031 3061 3062
f 3031 3062 3061
f 3031 3062 3063
f 3031 3063 3062
f 3031 3063 3064
f 3031 3064 3063
f 3031 3064 3065
f 3031 3065 3064
f 3031 3065 3066
f 3031 3066 3065
f 3031 3066 3067
f 3031 3067 3066
f 3031 3067 3068
f 3031 3068 3067
f 3031 3068 3069
f 3031 3069 3068
f 3031 3069 3070
f 3031 3070 3069
f 3031 3070 3071
f 3031 3071 3070
f 3031 3071 3072
f 3031 3072 3071
f 3031 3072 3073
f 3031 3073 3072
f 3031 3073 3074
f 3031 3074 3073
f 3031 3074 3075
f 3031 3075 3074
f 3031 3075 3076
f 3031 3076 3075
v -0.041723 0.526108 0.128201
v -0.040143 0.521771 0.126286
v -0.038007 0.517112 0.125316
v -0.035241 0.512090 0.125420
v -0.031886 0.506728 0.126527
v -0.028065 0.501097 0.128428
v -0.023963 0.495304 0.130808
v -0.019804 0.489477 0.133285
v -0.015826 0.483756 0.135452
v -0.012260 0.478271 0.136920
v -0.009300 0.473137 0.137355
v -0.007089 0.468436 0.136513
v -0.005703 0.464210 0.134267
v -0.005141 0.460461 0.130616
v -0.005329 0.457143 0.125690
v -0.006123 0.454177 0.119730
v -0.007328 0.451447 0.113070
v -0.008714 0.448823 0.106101
v -0.010044 0.446165 0.099229
v -0.011092 0.443345 0.092836
v -0.011675 0.440256 0.087236
v -0.011668 0.436827 0.082640
v -0.011031 0.433034 0.079118
v -0.009839 0.428920 0.076541
v -0.011420 0.433258 0.078456
v -0.013555 0.437916 0.079425
v -0.016321 0.442938 0.079322
v -0.019676 0.448301 0.078214
v -0.023497 0.453932 0.076314
v -0.027599 0.459725 0.073934
v -0.031758 0.465552 0.071457
v -0.035736 0.471273 0.069289
v -0.039303 0.476758 0.067821
v -0.042263 0.481892 0.067387
v -0.044473 0.486593 0.068229
v -0.045859 0.490819 0.070475
v -0.046421 0.494568 0.074125
v -0.046234 0.497885 0.079052
v -0.045440 0.500852 0.085012
v -0.044235 0.503582 0.091672
v -0.042848 0.506206 0.098641
v -0.041519 0.508864 0.105513
v -0.040470 0.511684 0.111906
v -0.039888 0.514773 0.117505
v -0.039895 0.518202 0.122101
v -0.040531 0.521995 0.125624
f 3077 3078 3079
f 3077 3079 3078
f 3077 3079 3080
f 3077 3080 3079
f 3077 3080 3081
f 3077 3081 3080
f 3077 3081 3082
f 3077 3082 3081
f 3077 3082 3083
f 3077 3083 3082
f 3077 3083 3084
f 3077 3084 3083
f 3077 3084 3085
f 3077 3085 3084
f 3077 3085 3086
f 3077 3086 3085
f 3077 3086 3087
f 3077 3087 3086
f 3077 3087 3088
f 3077 3088 3087
f 3077 3088 3089
f 3077 3089 3088
f 3077 3089 3090
f 3077 3090 3089
f 3077 3090 3091
f 3077 3091 3090
f 3077 3091 3092
f 3077 3092 3091
f 3077 3092 3093
f 3077 3093 3092
f 3077 3093 3094
f 3077 3094 3093
f 3077 3094 3095
f 3077 3095 3094
f 3077 3095 3096
f 3077 3096 3095
f 3077 3096 3097
f 3077 3097 3096
f 3077 3097 3098
f 3077 3098 3097
f 3077 3098 3099
f 3077 3099 3098
f 3077 3099 3100
f 3077 3100 3099
f 3077 3100 3101
f 3077 3101 3100
f 3077 3101 3102
f 3077 3102 3101
f 3077 3102 3103
f 3077 3103 3102
f 3077 3103 3104
f 3077 3104 3103
f 3077 3104 3105
f 3077 3105 3104
f 3077 3105 3106
f 3077 3106 3105
f 3077 3106 3107
f 3077 3107 3106
f 3077 3107 3108
f 3077 3108 3107
f 3077 3108 3109
f 3077 3109 3108
f 3077 3109 3110
f 3077 3110 3109
f 3077 3110 3111
f 3077 3111 3110
f 3077 3111 3112
f 3077 3112 3111
f 3077 3112 3113
f 3077 3113 3112
f 3077 3113 3114
f 3077 3114 3113
f 3077 3114 3115
f 3077 3115 3114
f 3077 3115 3116
f 3077 3116 3115
f 3077 3116 3117
f 3077 3117 3116
f 3077 3117 3118
f 3077 3118 3117
f 3077 3118 3119
f 3077 3119 3118
f 3077 3119 3120
f 3077 3120 3119
f 3077 3120 3121
f 3077 3121 3120
f 3077 3121 3122
f 3077 3122 3121
v 0.012028 0.522305 0.097821
v 0.008924 0.525350 0.093938
v 0.003567 0.527232 0.092614
v -0.001996 0.527232 0.094356
v -0.005641 0.525350 0.098499
v -0.005976 0.522305 0.103459
v -0.002872 0.519260 0.107342
v 0.002484 0.517378 0.108666
v 0.008048 0.517378 0.106923
v 0.011693 0.519260 0.102781
v 0.018335 0.569090 0.128066
v 0.016225 0.571161 0.125425
v 0.012582 0.572440 0.124525
v 0.008799 0.572440 0.125710
v 0.006320 0.571161 0.128526
v 0.006093 0.569090 0.131899
v 0.008203 0.567019 0.134540
v 0.011846 0.565739 0.135440
v 0.015629 0.565739 0.134255
v 0.018108 0.567019 0.131438
f 3123 3124 3134
f 3123 3134 3133
f 3124 3125 3135
f 3124 3135 3134
f 3125 3126 3136
f 3125 3136 3135
f 3126 3127 3137
f 3126 3137 3136
f 3127 3128 3138
f 3127 3138 3137
f 3128 3129 3139
f 3128 3139 3138
f 3129 3130 3140
f 3129 3140 3139
f 3130 3131 3141
f 3130 3141 3140
f 3131 3132 3142
f 3131 3142 3141
f 3132 3123 3133
f 3132 3133 3142
v 0.012214 0.569090 0.129982
v 0.015239 0.568451 0.126776
v 0.017776 0.568317 0.122918
v 0.019730 0.568787 0.118278
v 0.021120 0.569842 0.112883
v 0.022049 0.571374 0.106872
v 0.022687 0.573207 0.100471
v 0.023248 0.575121 0.093966
v 0.023963 0.576874 0.087668
v 0.025058 0.578234 0.081879
v 0.026729 0.578998 0.076860
v 0.029117 0.579018 0.072802
v 0.032298 0.578217 0.069806
v 0.036272 0.576594 0.067871
v 0.040964 0.574227 0.066897
v 0.046231 0.571265 0.066693
v 0.051879 0.567909 0.066998
v 0.057681 0.564393 0.067510
v 0.063405 0.560957 0.067918
v 0.068838 0.557822 0.067936
v 0.073811 0.555165 0.067338
v 0.078220 0.553092 0.065984
v 0.082045 0.551624 0.063850
v 0.085383 0.550660 0.061063
v 0.082359 0.551299 0.064270
v 0.079821 0.551433 0.068128
v 0.077867 0.550963 0.072768
v 0.076478 0.549908 0.078163
v 0.075548 0.548376 0.084174
v 0.074910 0.546543 0.090575
v 0.074350 0.544629 0.097080
v 0.073634 0.542876 0.103377
v 0.072539 0.541516 0.109166
v 0.070869 0.540752 0.114185
v 0.068480 0.540732 0.118243
v 0.065299 0.541533 0.121240
v 0.061325 0.543156 0.123175
v 0.056633 0.545522 0.124149
v 0.051366 0.548485 0.124353
v 0.045718 0.551841 0.124048
v 0.039916 0.555357 0.123536
v 0.034192 0.558793 0.123128
v 0.028759 0.561928 0.123110
v 0.023786 0.564585 0.123708
v 0.019377 0.566658 0.125061
v 0.015552 0.568126 0.127196
f 3143 3144 3145
f 3143 3145 3144
f 3143 3145 3146
f 3143 3146 3145
f 3143 3146 3147
f 3143 3147 3146
f 3143 3147 3148
f 3143 3148 3147
f 3143 3148 3149
f 3143 3149 3148
f 3143 3149 3150
f 3143 3150 3149
f 3143 3150 3151
f 3143 3151 3150
f 3143 3151 3152
f 3143 3152 3151
f 3143 3152 3153
f 3143 3153 3152
f 3143 3153 3154
f 3143 3154 3153
f 3143 3154 3155
f 3143 3155 3154
f 3143 3155 3156
f 3143 3156 3155
f 3143 3156 3157
f 3143 3157 3156
f 3143 3157 3158
f 3143 3158 3157
f 3143 3158 3159
f 3143 3159 3158
f 3143 3159 3160
f 3143 3160 3159
f 3143 3160 3161
f 3143 3161 3160
f 3143 3161 3162
f 3143 3162 3161
f 3143 3162 3163
f 3143 3163 3162
f 3143 3163 3164
f 3143 3164 3163
f 3143 3164 3165
f 3143 3165 3164
f 3143 3165 3166
f 3143 3166 3165
f 3143 3166 3167
f 3143 3167 3166
f 3143 3167 3168
f 3143 3168 3167
f 3143 3168 3169
f 3143 3169 3168
f 3143 3169 3170
f 3143 3170 3169
f 3143 3170 3171
f 3143 3171 3170
f 3143 3171 3172
f 3143 3172 3171
f 3143 3172 3173
f 3143 3173 3172
f 3143 3173 3174
f 3143 3174 3173
f 3143 3174 3175
f 3143 3175 3174
f 3143 3175 3176
f 3143 3176 3175
f 3143 3176 3177
f 3143 3177 3176
f 3143 3177 3178
f 3143 3178 3177
f 3143 3178 3179
f 3143 3179 3178
f 3143 3179 3180
f 3143 3180 3179
f 3143 3180 3181
f 3143 3181 3180
f 3143 3181 3182
f 3143 3182 3181
f 3143 3182 3183
f 3143 3183 3182
f 3143 3183 3184
f 3143 3184 3183
f 3143 3184 3185
f 3143 3185 3184
f 3143 3185 3186
f 3143 3186 3185
f 3143 3186 3187
f 3143 3187 3186
f 3143 3187 3188
f 3143 3188 3187
v 0.012214 0.569090 0.129982
v 0.009182 0.569015 0.125341
v 0.005317 0.568795 0.121194
v 0.000287 0.568370 0.117736
v -0.005981 0.567728 0.115012
v -0.013348 0.566894 0.112939
v -0.021490 0.565924 0.111325
v -0.029947 0.564899 0.109898
v -0.038182 0.563913 0.108339
v -0.045651 0.563061 0.106327
v -0.051874 0.562427 0.103576
v -0.056490 0.562075 0.099873
v -0.059308 0.562038 0.095105
v -0.060329 0.562316 0.089272
v -0.059743 0.562875 0.082488
v -0.057911 0.563652 0.074964
v -0.055313 0.564564 0.066987
v -0.052493 0.565515 0.058879
v -0.049987 0.566410 0.050956
v -0.048256 0.567170 0.043493
v -0.047625 0.567737 0.036681
v -0.048233 0.568087 0.030604
v -0.050003 0.568233 0.025215
v -0.052608 0.568233 0.020321
v -0.049577 0.568308 0.024962
v -0.045711 0.568529 0.029110
v -0.040682 0.568953 0.032568
v -0.034414 0.569595 0.035292
v -0.027046 0.570429 0.037364
v -0.018904 0.571399 0.038978
v -0.010447 0.572424 0.040405
v -0.002212 0.573410 0.041964
v 0.005257 0.574263 0.043976
v 0.011479 0.574896 0.046727
v 0.016095 0.575248 0.050430
v 0.018914 0.575286 0.055198
v 0.019934 0.575008 0.061031
v 0.019349 0.574449 0.067816
v 0.017516 0.573671 0.075339
v 0.014918 0.572759 0.083316
v 0.012098 0.571809 0.091425
v 0.009593 0.570913 0.099347
v 0.007862 0.570154 0.106810
v 0.007231 0.569586 0.113622
v 0.007838 0.569236 0.119700
v 0.009609 0.569090 0.125088
f 3189 3190 3191
f 3189 3191 3190
f 3189 3191 3192
f 3189 3192 3191
f 3189 3192 3193
f 3189 3193 3192
f 3189 3193 3194
f 3189 3194 3193
f 3189 3194 3195
f 3189 3195 3194
f 3189 3195 3196
f 3189 3196 3195
f 3189 3196 3197
f 3189 3197 3196
f 3189 3197 3198
f 3189 3198 3197
f 3189 3198 3199
f 3189 3199 3198
f 3189 3199 3200
f 3189 3200 3199
f 3189 3200 3201
f 3189 3201 3200
f 3189 3201 3202
f 3189 3202 3201
f 3189 3202 3203
f 3189 3203 3202
f 3189 3203 3204
f 3189 3204 3203
f 3189 3204 3205
f 3189 3205 3204
f 3189 3205 3206
f 3189 3206 3205
f 3189 3206 3207
f 3189 3207 3206
f 3189 3207 3208
f 3189 3208 3207
f 3189 3208 3209
f 3189 3209 3208
f 3189 3209 3210
f 3189 3210 3209
f 3189 3210 3211
f 3189 3211 3210
f 3189 3211 3212
f 3189 3212 3211
f 3189 3212 3213
f 3189 3213 3212
f 3189 3213 3214
f 3189 3214 3213
f 3189 3214 3215
f 3189 3215 3214
f 3189 3215 3216
f 3189 3216 3215
f 3189 3216 3217
f 3189 3217 3216
f 3189 3217 3218
f 3189 3218 3217
f 3189 3218 3219
f 3189 3219 3218
f 3189 3219 3220
f 3189 3220 3219
f 3189 3220 3221
f 3189 3221 3220
f 3189 3221 3222
f 3189 3222 3221
f 3189 3222 3223
f 3189 3223 3222
f 3189 3223 3224
f 3189 3224 3223
f 3189 3224 3225
f 3189 3225 3224
f 3189 3225 3226
f 3189 3226 3225
f 3189 3226 3227
f 3189 3227 3226
f 3189 3227 3228
f 3189 3228 3227
f 3189 3228 3229
f 3189 3229 3228
f 3189 3229 3230
f 3189 3230 3229
f 3189 3230 3231
f 3189 3231 3230
f 3189 3231 3232
f 3189 3232 3231
f 3189 3232 3233
f 3189 3233 3232
f 3189 3233 3234
f 3189 3234 3233
v 0.012214 0.569090 0.129982
v 0.012145 0.565852 0.132582
v 0.012971 0.562471 0.135130
v 0.014853 0.558920 0.137619
v 0.017749 0.555206 0.140050
v 0.021463 0.551360 0.142434
v 0.025690 0.547432 0.144789
v 0.030045 0.543484 0.147137
v 0.034113 0.539581 0.149501
v 0.037493 0.535789 0.151905
v 0.039837 0.532164 0.154367
v 0.040895 0.528745 0.156902
v 0.040531 0.525555 0.159518
v 0.038745 0.522594 0.162215
v 0.035672 0.519839 0.164985
v 0.031565 0.517251 0.167814
v 0.026768 0.514773 0.170682
v 0.021685 0.512341 0.173567
v 0.016730 0.509889 0.176444
v 0.012287 0.507355 0.179292
v 0.008664 0.504689 0.182093
v 0.006053 0.501860 0.184837
v 0.004499 0.498861 0.187521
v 0.003841 0.495718 0.190154
v 0.003910 0.498956 0.187555
v 0.003084 0.502337 0.185006
v 0.001202 0.505888 0.182518
v -0.001694 0.509602 0.180087
v -0.005409 0.513448 0.177702
v -0.009635 0.517376 0.175347
v -0.013990 0.521325 0.172999
v -0.018059 0.525227 0.170635
v -0.021438 0.529019 0.168232
v -0.023783 0.532645 0.165770
v -0.024840 0.536063 0.163234
v -0.024476 0.539253 0.160618
v -0.022691 0.542215 0.157921
v -0.019618 0.544969 0.155151
v -0.015510 0.547558 0.152322
v -0.010714 0.550035 0.149454
v -0.005630 0.552467 0.146570
v -0.000676 0.554919 0.143692
v 0.003767 0.557453 0.140844
v 0.007391 0.560119 0.138043
v 0.010001 0.562948 0.135299
v 0.011555 0.565947 0.132615
f 3235 3236 3237
f 3235 3237 3236
f 3235 3237 3238
f 3235 3238 3237
f 3235 3238 3239
f 3235 3239 3238
f 3235 3239 3240
f 3235 3240 3239
f 3235 3240 3241
f 3235 3241 3240
f 3235 3241 3242
f 3235 3242 3241
f 3235 3242 3243
f 3235 3243 3242
f 3235 3243 3244
f 3235 3244 3243
f 3235 3244 3245
f 3235 3245 3244
f 3235 3245 3246
f 3235 3246 3245
f 3235 3246 3247
f 3235 3247 3246
f 3235 3247 3248
f 3235 3248 3247
f 3235 3248 3249
f 3235 3249 3248
f 3235 3249 3250
f 3235 3250 3249
f 3235 3250 3251
f 3235 3251 3250
f 3235 3251 3252
f 3235 3252 3251
f 3235 3252 3253
f 3235 3253 3252
f 3235 3253 3254
f 3235 3254 3253
f 3235 3254 3255
f 3235 3255 3254
f 3235 3255 3256
f 3235 3256 3255
f 3235 3256 3257
f 3235 3257 3256
f 3235 3257 3258
f 3235 3258 3257
f 3235 3258 3259
f 3235 3259 3258
f 3235 3259 3260
f 3235 3260 3259
f 3235 3260 3261
f 3235 3261 3260
f 3235 3261 3262
f 3235 3262 3261
f 3235 3262 3263
f 3235 3263 3262
f 3235 3263 3264
f 3235 3264 3263
f 3235 3264 3265
f 3235 3265 3264
f 3235 3265 3266
f 3235 3266 3265
f 3235 3266 3267
f 3235 3267 3266
f 3235 3267 3268
f 3235 3268 3267
f 3235 3268 3269
f 3235 3269 3268
f 3235 3269 3270
f 3235 3270 3269
f 3235 3270 3271
f 3235 3271 3270
f 3235 3271 3272
f 3235 3272 3271
f 3235 3272 3273
f 3235 3273 3272
f 3235 3273 3274
f 3235 3274 3273
f 3235 3274 3275
f 3235 3275 3274
f 3235 3275 3276
f 3235 3276 3275
f 3235 3276 3277
f 3235 3277 3276
f 3235 3277 3278
f 3235 3278 3277
f 3235 3278 3279
f 3235 3279 3278
f 3235 3279 3280
f 3235 3280 3279
v -0.002442 0.522305 0.108327
v 0.001951 0.526027 0.109241
v 0.006754 0.528328 0.106869
v 0.010134 0.528328 0.102119
v 0.010798 0.526027 0.096803
v 0.008494 0.522305 0.092953
v 0.004101 0.518583 0.092039
v -0.000703 0.516282 0.094410
v -0.004082 0.516282 0.099161
v -0.004746 0.518583 0.104476
v -0.028914 0.560542 0.085792
v -0.025927 0.563073 0.086413
v -0.022660 0.564638 0.084801
v -0.020362 0.564638 0.081570
v -0.019911 0.563073 0.077956
v -0.021478 0.560542 0.075338
v -0.024465 0.558011 0.074716
v -0.027731 0.556447 0.076329
v -0.030029 0.556447 0.079559
v -0.030481 0.558011 0.083174
f 3281 3282 3292
f 3281 3292 3291
f 3282 3283 3293
f 3282 3293 3292
f 3283 3284 3294
f 3283 3294 3293
f 3284 3285 3295
f 3284 3295 3294
f 3285 3286 3296
f 3285 3296 3295
f 3286 3287 3297
f 3286 3297 3296
f 3287 3288 3298
f 3287 3298 3297
f 3288 3289 3299
f 3288 3299 3298
f 3289 3290 3300
f 3289 3300 3299
f 3290 3281 3291
f 3290 3291 3300
v -0.025196 0.560542 0.080565
v -0.026672 0.560276 0.084803
v -0.027399 0.560802 0.089498
v -0.027389 0.562107 0.094640
v -0.026750 0.564078 0.100166
v -0.025655 0.566530 0.105968
v -0.024325 0.569231 0.111913
v -0.023004 0.571922 0.117854
v -0.021940 0.574342 0.123637
v -0.021363 0.576247 0.129125
v -0.021464 0.577435 0.134200
v -0.022382 0.577760 0.138779
v -0.024188 0.577145 0.142817
v -0.026882 0.575590 0.146314
v -0.030393 0.573173 0.149316
v -0.034582 0.570038 0.151904
v -0.039258 0.566388 0.154196
v -0.044191 0.562466 0.156332
v -0.049133 0.558536 0.158463
v -0.053839 0.554854 0.160737
v -0.058090 0.551653 0.163288
v -0.061712 0.549118 0.166221
v -0.064597 0.547362 0.169603
v -0.066733 0.546399 0.173441
v -0.065256 0.546665 0.169202
v -0.064529 0.546139 0.164508
v -0.064539 0.544834 0.159365
v -0.065179 0.542863 0.153840
v -0.066273 0.540411 0.148038
v -0.067603 0.537710 0.142092
v -0.068924 0.535019 0.136152
v -0.069988 0.532599 0.130368
v -0.070565 0.530693 0.124880
v -0.070464 0.529506 0.119805
v -0.069547 0.529181 0.115227
v -0.067741 0.529796 0.111189
v -0.065046 0.531351 0.107691
v -0.061536 0.533768 0.104690
v -0.057346 0.536903 0.102101
v -0.052670 0.540553 0.099809
v -0.047738 0.544474 0.097673
v -0.042796 0.548405 0.095542
v -0.038089 0.552087 0.093268
v -0.033838 0.555288 0.090718
v -0.030216 0.557823 0.087784
v -0.027331 0.559579 0.084402
f 3301 3302 3303
f 3301 3303 3302
f 3301 3303 3304
f 3301 3304 3303
f 3301 3304 3305
f 3301 3305 3304
f 3301 3305 3306
f 3301 3306 3305
f 3301 3306 3307
f 3301 3307 3306
f 3301 3307 3308
f 3301 3308 3307
f 3301 3308 3309
f 3301 3309 3308
f 3301 3309 3310
f 3301 3310 3309
f 3301 3310 3311
f 3301 3311 3310
f 3301 3311 3312
f 3301 3312 3311
f 3301 3312 3313
f 3301 3313 3312
f 3301 3313 3314
f 3301 3314 3313
f 3301 3314 3315
f 3301 3315 3314
f 3301 3315 3316
f 3301 3316 3315
f 3301 3316 3317
f 3301 3317 3316
f 3301 3317 3318
f 3301 3318 3317
f 3301 3318 3319
f 3301 3319 3318
f 3301 3319 3320
f 3301 3320 3319
f 3301 3320 3321
f 3301 3321 3320
f 3301 3321 3322
f 3301 3322 3321
f 3301 3322 3323
f 3301 3323 3322
f 3301 3323 3324
f 3301 3324 3323
f 3301 3324 3325
f 3301 3325 3324
f 3301 3325 3326
f 3301 3326 3325
f 3301 3326 3327
f 3301 3327 3326
f 3301 3327 3328
f 3301 3328 3327
f 3301 3328 3329
f 3301 3329 3328
f 3301 3329 3330
f 3301 3330 3329
f 3301 3330 3331
f 3301 3331 3330
f 3301 3331 3332
f 3301 3332 3331
f 3301 3332 3333
f 3301 3333 3332
f 3301 3333 3334
f 3301 3334 3333
f 3301 3334 3335
f 3301 3335 3334
f 3301 3335 3336
f 3301 3336 3335
f 3301 3336 3337
f 3301 3337 3336
f 3301 3337 3338
f 3301 3338 3337
f 3301 3338 3339
f 3301 3339 3338
f 3301 3339 3340
f 3301 3340 3339
f 3301 3340 3341
f 3301 3341 3340
f 3301 3341 3342
f 3301 3342 3341
f 3301 3342 3343
f 3301 3343 3342
f 3301 3343 3344
f 3301 3344 3343
f 3301 3344 3345
f 3301 3345 3344
f 3301 3345 3346
f 3301 3346 3345
v -0.025196 0.560542 0.080565
v -0.020848 0.560244 0.079803
v -0.016464 0.559334 0.077826
v -0.012051 0.557963 0.074931
v -0.007619 0.556261 0.071379
v -0.003175 0.554365 0.067440
v 0.001272 0.552416 0.063394
v 0.005713 0.550552 0.059519
v 0.010142 0.548904 0.056074
v 0.014551 0.547588 0.053289
v 0.018935 0.546696 0.051347
v 0.023289 0.546293 0.050378
v 0.027611 0.546413 0.050448
v 0.031902 0.547055 0.051558
v 0.036164 0.548187 0.053641
v 0.040400 0.549742 0.056568
v 0.044617 0.551629 0.060154
v 0.048820 0.553732 0.064170
v 0.053018 0.555921 0.068357
v 0.057220 0.558056 0.072437
v 0.061433 0.559997 0.076130
v 0.065666 0.561607 0.079166
v 0.069926 0.562757 0.081284
v 0.074224 0.563294 0.082187
v 0.069876 0.563593 0.082948
v 0.065491 0.564503 0.084925
v 0.061079 0.565874 0.087820
v 0.056647 0.567575 0.091372
v 0.052203 0.569471 0.095311
v 0.047756 0.571421 0.099357
v 0.043314 0.573285 0.103232
v 0.038886 0.574932 0.106677
v 0.034477 0.576248 0.109463
v 0.030093 0.577140 0.111404
v 0.025739 0.577543 0.112374
v 0.021417 0.577424 0.112303
v 0.017125 0.576781 0.111193
v 0.012864 0.575650 0.109110
v 0.008627 0.574095 0.106183
v 0.004411 0.572208 0.102597
v 0.000208 0.570104 0.098581
v -0.003990 0.567916 0.094395
v -0.008192 0.565780 0.090315
v -0.012405 0.563839 0.086621
v -0.016638 0.562229 0.083585
v -0.020898 0.561080 0.081467
f 3347 3348 3349
f 3347 3349 3348
f 3347 3349 3350
f 3347 3350 3349
f 3347 3350 3351
f 3347 3351 3350
f 3347 3351 3352
f 3347 3352 3351
f 3347 3352 3353
f 3347 3353 3352
f 3347 3353 3354
f 3347 3354 3353
f 3347 3354 3355
f 3347 3355 3354
f 3347 3355 3356
f 3347 3356 3355
f 3347 3356 3357
f 3347 3357 3356
f 3347 3357 3358
f 3347 3358 3357
f 3347 3358 3359
f 3347 3359 3358
f 3347 3359 3360
f 3347 3360 3359
f 3347 3360 3361
f 3347 3361 3360
f 3347 3361 3362
f 3347 3362 3361
f 3347 3362 3363
f 3347 3363 3362
f 3347 3363 3364
f 3347 3364 3363
f 3347 3364 3365
f 3347 3365 3364
f 3347 3365 3366
f 3347 3366 3365
f 3347 3366 3367
f 3347 3367 3366
f 3347 3367 3368
f 3347 3368 3367
f 3347 3368 3369
f 3347 3369 3368
f 3347 3369 3370
f 3347 3370 3369
f 3347 3370 3371
f 3347 3371 3370
f 3347 3371 3372
f 3347 3372 3371
f 3347 3372 3373
f 3347 3373 3372
f 3347 3373 3374
f 3347 3374 3373
f 3347 3374 3375
f 3347 3375 3374
f 3347 3375 3376
f 3347 3376 3375
f 3347 3376 3377
f 3347 3377 3376
f 3347 3377 3378
f 3347 3378 3377
f 3347 3378 3379
f 3347 3379 3378
f 3347 3379 3380
f 3347 3380 3379
f 3347 3380 3381
f 3347 3381 3380
f 3347 3381 3382
f 3347 3382 3381
f 3347 3382 3383
f 3347 3383 3382
f 3347 3383 3384
f 3347 3384 3383
f 3347 3384 3385
f 3347 3385 3384
f 3347 3385 3386
f 3347 3386 3385
f 3347 3386 3387
f 3347 3387 3386
f 3347 3387 3388
f 3347 3388 3387
f 3347 3388 3389
f 3347 3389 3388
f 3347 3389 3390
f 3347 3390 3389
f 3347 3390 3391
f 3347 3391 3390
f 3347 3391 3392
f 3347 3392 3391
v -0.025196 0.560542 0.080565
v -0.024512 0.558421 0.078379
v -0.024098 0.556137 0.076260
v -0.024210 0.553533 0.074272
v -0.025019 0.550505 0.072458
v -0.026566 0.547030 0.070828
v -0.028742 0.543172 0.069354
v -0.031299 0.539083 0.067976
v -0.033889 0.534975 0.066606
v -0.036116 0.531086 0.065145
v -0.037608 0.527644 0.063501
v -0.038070 0.524827 0.061601
v -0.037345 0.522731 0.059404
v -0.035432 0.521357 0.056912
v -0.032490 0.520607 0.054163
v -0.028812 0.520305 0.051231
v -0.024771 0.520222 0.048209
v -0.020764 0.520120 0.045194
v -0.017138 0.519786 0.042275
v -0.014140 0.519070 0.039513
v -0.011880 0.517906 0.036934
v -0.010318 0.516319 0.034529
v -0.009282 0.514412 0.032255
v -0.008515 0.512342 0.030048
v -0.009198 0.514463 0.032234
v -0.009612 0.516747 0.034353
v -0.009501 0.519351 0.036341
v -0.008691 0.522379 0.038155
v -0.007144 0.525854 0.039785
v -0.004969 0.529711 0.041258
v -0.002411 0.533800 0.042637
v 0.000178 0.537909 0.044007
v 0.002406 0.541798 0.045468
v 0.003897 0.545240 0.047112
v 0.004360 0.548057 0.049012
v 0.003635 0.550152 0.051208
v 0.001722 0.551527 0.053701
v -0.001220 0.552276 0.056450
v -0.004899 0.552579 0.059382
v -0.008939 0.552661 0.062404
v -0.012947 0.552764 0.065418
v -0.016573 0.553098 0.068338
v -0.019570 0.553814 0.071100
v -0.021830 0.554978 0.073679
v -0.023393 0.556565 0.076084
v -0.024429 0.558472 0.078358
f 3393 3394 3395
f 3393 3395 3394
f 3393 3395 3396
f 3393 3396 3395
f 3393 3396 3397
f 3393 3397 3396
f 3393 3397 3398
f 3393 3398 3397
f 3393 3398 3399
f 3393 3399 3398
f 3393 3399 3400
f 3393 3400 3399
f 3393 3400 3401
f 3393 3401 3400
f 3393 3401 3402
f 3393 3402 3401
f 3393 3402 3403
f 3393 3403 3402
f 3393 3403 3404
f 3393 3404 3403
f 3393 3404 3405
f 3393 3405 3404
f 3393 3405 3406
f 3393 3406 3405
f 3393 3406 3407
f 3393 3407 3406
f 3393 3407 3408
f 3393 3408 3407
f 3393 3408 3409
f 3393 3409 3408
f 3393 3409 3410
f 3393 3410 3409
f 3393 3410 3411
f 3393 3411 3410
f 3393 3411 3412
f 3393 3412 3411
f 3393 3412 3413
f 3393 3413 3412
f 3393 3413 3414
f 3393 3414 3413
f 3393 3414 3415
f 3393 3415 3414
f 3393 3415 3416
f 3393 3416 3415
f 3393 3416 3417
f 3393 3417 3416
f 3393 3417 3418
f 3393 3418 3417
f 3393 3418 3419
f 3393 3419 3418
f 3393 3419 3420
f 3393 3420 3419
f 3393 3420 3421
f 3393 3421 3420
f 3393 3421 3422
f 3393 3422 3421
f 3393 3422 3423
f 3393 3423 3422
f 3393 3423 3424
f 3393 3424 3423
f 3393 3424 3425
f 3393 3425 3424
f 3393 3425 3426
f 3393 3426 3425
f 3393 3426 3427
f 3393 3427 3426
f 3393 3427 3428
f 3393 3428 3427
f 3393 3428 3429
f 3393 3429 3428
f 3393 3429 3430
f 3393 3430 3429
f 3393 3430 3431
f 3393 3431 3430
f 3393 3431 3432
f 3393 3432 3431
f 3393 3432 3433
f 3393 3433 3432
f 3393 3433 3434
f 3393 3434 3433
f 3393 3434 3435
f 3393 3435 3434
f 3393 3435 3436
f 3393 3436 3435
f 3393 3436 3437
f 3393 3437 3436
f 3393 3437 3438
f 3393 3438 3437
v -0.019432 0.300000 -0.006208
v -0.018328 0.308392 0.003136
v -0.010222 0.313578 0.011283
v 0.001788 0.313578 0.015119
v 0.013115 0.308392 0.013181
v 0.019432 0.300000 0.006208
v 0.018328 0.291608 -0.003136
v 0.010222 0.286422 -0.011283
v -0.001788 0.286422 -0.015119
v -0.013115 0.291608 -0.013181
v 0.023579 0.423400 -0.119395
v 0.024331 0.429106 -0.113040
v 0.029842 0.432633 -0.107501
v 0.038009 0.432633 -0.104892
v 0.045711 0.429106 -0.106210
v 0.050007 0.423400 -0.110952
v 0.049256 0.417694 -0.117306
v 0.043744 0.414167 -0.122845
v 0.035578 0.414167 -0.125454
v 0.027875 0.417694 -0.124136
f 3439 3440 3450
f 3439 3450 3449
f 3440 3441 3451
f 3440 3451 3450
f 3441 3442 3452
f 3441 3452 3451
f 3442 3443 3453
f 3442 3453 3452
f 3443 3444 3454
f 3443 3454 3453
f 3444 3445 3455
f 3444 3455 3454
f 3445 3446 3456
f 3445 3456 3455
f 3446 3447 3457
f 3446 3457 3456
f 3447 3448 3458
f 3447 3458 3457
f 3448 3439 3449
f 3448 3449 3458
v 0.023894 0.423400 -0.120277
v 0.025565 0.431264 -0.117298
v 0.031524 0.436124 -0.113507
v 0.039496 0.436124 -0.110353
v 0.046436 0.431264 -0.109040
v 0.049692 0.423400 -0.110070
v 0.048022 0.415536 -0.113049
v 0.042062 0.410676 -0.116839
v 0.034090 0.410676 -0.119993
v 0.027151 0.415536 -0.121306
v 0.062958 0.449430 -0.206947
v 0.064094 0.454777 -0.204921
v 0.068147 0.458082 -0.202344
v 0.073568 0.458082 -0.200199
v 0.078287 0.454777 -0.199306
v 0.080501 0.449430 -0.200006
v 0.079365 0.444082 -0.202032
v 0.075313 0.440778 -0.204609
v 0.069892 0.440778 -0.206754
v 0.065173 0.444082 -0.207647
f 3459 3460 3470
f 3459 3470 3469
f 3460 3461 3471
f 3460 3471 3470
f 3461 3462 3472
f 3461 3472 3471
f 3462 3463 3473
f 3462 3473 3472
f 3463 3464 3474
f 3463 3474 3473
f 3464 3465 3475
f 3464 3475 3474
f 3465 3466 3476
f 3465 3476 3475
f 3466 3467 3477
f 3466 3477 3476
f 3467 3468 3478
f 3467 3478 3477
f 3468 3459 3469
f 3468 3469 3478
v 0.071730 0.449430 -0.203476
v 0.066584 0.448093 -0.203663
v 0.060961 0.448006 -0.203669
v 0.054849 0.449199 -0.203492
v 0.048309 0.451512 -0.203154
v 0.041453 0.454656 -0.202697
v 0.034423 0.458251 -0.202175
v 0.027387 0.461866 -0.201650
v 0.020512 0.465056 -0.201185
v 0.013959 0.467405 -0.200842
v 0.007859 0.468566 -0.200670
v 0.002310 0.468286 -0.200704
v -0.002639 0.466433 -0.200965
v -0.006987 0.463009 -0.201451
v -0.010785 0.458143 -0.202144
v -0.014129 0.452088 -0.203009
v -0.017153 0.445194 -0.203994
v -0.020014 0.437874 -0.205040
v -0.022882 0.430574 -0.206083
v -0.025923 0.423725 -0.207061
v -0.029281 0.417707 -0.207920
v -0.033067 0.412810 -0.208618
v -0.037341 0.409191 -0.209133
v -0.042093 0.406823 -0.209467
v -0.036948 0.408160 -0.209281
v -0.031324 0.408246 -0.209274
v -0.025212 0.407053 -0.209451
v -0.018673 0.404741 -0.209789
v -0.011816 0.401597 -0.210247
v -0.004787 0.398002 -0.210769
v 0.002250 0.394387 -0.211294
v 0.009124 0.391197 -0.211758
v 0.015678 0.388847 -0.212101
v 0.021777 0.387687 -0.212274
v 0.027326 0.387967 -0.212239
v 0.032275 0.389819 -0.211979
v 0.036624 0.393244 -0.211492
v 0.040422 0.398110 -0.210799
v 0.043766 0.404164 -0.209935
v 0.046789 0.411059 -0.208950
v 0.049650 0.418379 -0.207904
v 0.052518 0.425679 -0.206860
v 0.055559 0.432528 -0.205882
v 0.058917 0.438545 -0.205023
v 0.062703 0.443443 -0.204325
v 0.066978 0.447062 -0.203811
f 3479 3480 3481
f 3479 3481 3480
f 3479 3481 3482
f 3479 3482 3481
f 3479 3482 3483
f 3479 3483 3482
f 3479 3483 3484
f 3479 3484 3483
f 3479 3484 3485
f 3479 3485 3484
f 3479 3485 3486
f 3479 3486 3485
f 3479 3486 3487
f 3479 3487 3486
f 3479 3487 3488
f 3479 3488 3487
f 3479 3488 3489
f 3479 3489 3488
f 3479 3489 3490
f 3479 3490 3489
f 3479 3490 3491
f 3479 3491 3490
f 3479 3491 3492
f 3479 3492 3491
f 3479 3492 3493
f 3479 3493 3492
f 3479 3493 3494
f 3479 3494 3493
f 3479 3494 3495
f 3479 3495 3494
f 3479 3495 3496
f 3479 3496 3495
f 3479 3496 3497
f 3479 3497 3496
f 3479 3497 3498
f 3479 3498 3497
f 3479 3498 3499
f 3479 3499 3498
f 3479 3499 3500
f 3479 3500 3499
f 3479 3500 3501
f 3479 3501 3500
f 3479 3501 3502
f 3479 3502 3501
f 3479 3502 3503
f 3479 3503 3502
f 3479 3503 3504
f 3479 3504 3503
f 3479 3504 3505
f 3479 3505 3504
f 3479 3505 3506
f 3479 3506 3505
f 3479 3506 3507
f 3479 3507 3506
f 3479 3507 3508
f 3479 3508 3507
f 3479 3508 3509
f 3479 3509 3508
f 3479 3509 3510
f 3479 3510 3509
f 3479 3510 3511
f 3479 3511 3510
f 3479 3511 3512
f 3479 3512 3511
f 3479 3512 3513
f 3479 3513 3512
f 3479 3513 3514
f 3479 3514 3513
f 3479 3514 3515
f 3479 3515 3514
f 3479 3515 3516
f 3479 3516 3515
f 3479 3516 3517
f 3479 3517 3516
f 3479 3517 3518
f 3479 3518 3517
f 3479 3518 3519
f 3479 3519 3518
f 3479 3519 3520
f 3479 3520 3519
f 3479 3520 3521
f 3479 3521 3520
f 3479 3521 3522
f 3479 3522 3521
f 3479 3522 3523
f 3479 3523 3522
f 3479 3523 3524
f 3479 3524 3523
v 0.071730 0.449430 -0.203476
v 0.072303 0.453045 -0.200474
v 0.073217 0.456531 -0.197375
v 0.074899 0.459727 -0.194058
v 0.077693 0.462499 -0.190425
v 0.081750 0.464793 -0.186434
v 0.086959 0.466649 -0.182116
v 0.092938 0.468213 -0.177580
v 0.099095 0.469710 -0.172993
v 0.104718 0.471409 -0.168558
v 0.109114 0.473574 -0.164470
v 0.111729 0.476415 -0.160889
v 0.112259 0.480047 -0.157899
v 0.110704 0.484471 -0.155500
v 0.107367 0.489570 -0.153607
v 0.102803 0.495135 -0.152063
v 0.097707 0.500902 -0.150669
v 0.092787 0.506602 -0.149226
v 0.088638 0.512010 -0.147563
v 0.085640 0.516981 -0.145574
v 0.083906 0.521472 -0.143227
v 0.083284 0.525541 -0.140564
v 0.083429 0.529319 -0.137683
v 0.083916 0.532968 -0.134705
v 0.083342 0.529352 -0.137707
v 0.082428 0.525866 -0.140807
v 0.080747 0.522671 -0.144123
v 0.077952 0.519898 -0.147756
v 0.073895 0.517605 -0.151747
v 0.068686 0.515748 -0.156065
v 0.062707 0.514184 -0.160601
v 0.056551 0.512687 -0.165188
v 0.050927 0.510988 -0.169624
v 0.046531 0.508823 -0.173711
v 0.043916 0.505983 -0.177293
v 0.043386 0.502350 -0.180283
v 0.044942 0.497927 -0.182681
v 0.048278 0.492828 -0.184574
v 0.052842 0.487263 -0.186119
v 0.057938 0.481495 -0.187512
v 0.062858 0.475795 -0.188956
v 0.067007 0.470388 -0.190618
v 0.070005 0.465417 -0.192607
v 0.071739 0.460925 -0.194954
v 0.072361 0.456856 -0.197618
v 0.072216 0.453078 -0.200499
f 3525 3526 3527
f 3525 3527 3526
f 3525 3527 3528
f 3525 3528 3527
f 3525 3528 3529
f 3525 3529 3528
f 3525 3529 3530
f 3525 3530 3529
f 3525 3530 3531
f 3525 3531 3530
f 3525 3531 3532
f 3525 3532 3531
f 3525 3532 3533
f 3525 3533 3532
f 3525 3533 3534
f 3525 3534 3533
f 3525 3534 3535
f 3525 3535 3534
f 3525 3535 3536
f 3525 3536 3535
f 3525 3536 3537
f 3525 3537 3536
f 3525 3537 3538
f 3525 3538 3537
f 3525 3538 3539
f 3525 3539 3538
f 3525 3539 3540
f 3525 3540 3539
f 3525 3540 3541
f 3525 3541 3540
f 3525 3541 3542
f 3525 3542 3541
f 3525 3542 3543
f 3525 3543 3542
f 3525 3543 3544
f 3525 3544 3543
f 3525 3544 3545
f 3525 3545 3544
f 3525 3545 3546
f 3525 3546 3545
f 3525 3546 3547
f 3525 3547 3546
f 3525 3547 3548
f 3525 3548 3547
f 3525 3548 3549
f 3525 3549 3548
f 3525 3549 3550
f 3525 3550 3549
f 3525 3550 3551
f 3525 3551 3550
f 3525 3551 3552
f 3525 3552 3551
f 3525 3552 3553
f 3525 3553 3552
f 3525 3553 3554
f 3525 3554 3553
f 3525 3554 3555
f 3525 3555 3554
f 3525 3555 3556
f 3525 3556 3555
f 3525 3556 3557
f 3525 3557 3556
f 3525 3557 3558
f 3525 3558 3557
f 3525 3558 3559
f 3525 3559 3558
f 3525 3559 3560
f 3525 3560 3559
f 3525 3560 3561
f 3525 3561 3560
f 3525 3561 3562
f 3525 3562 3561
f 3525 3562 3563
f 3525 3563 3562
f 3525 3563 3564
f 3525 3564 3563
f 3525 3564 3565
f 3525 3565 3564
f 3525 3565 3566
f 3525 3566 3565
f 3525 3566 3567
f 3525 3567 3566
f 3525 3567 3568
f 3525 3568 3567
f 3525 3568 3569
f 3525 3569 3568
f 3525 3569 3570
f 3525 3570 3569
v 0.071730 0.449430 -0.203476
v 0.073983 0.446308 -0.202318
v 0.075629 0.442351 -0.201647
v 0.076736 0.437651 -0.201407
v 0.077412 0.432357 -0.201514
v 0.077798 0.426664 -0.201853
v 0.078054 0.420793 -0.202295
v 0.078354 0.414982 -0.202703
v 0.078865 0.409461 -0.202941
v 0.079740 0.404442 -0.202888
v 0.081104 0.400096 -0.202443
v 0.083048 0.396548 -0.201533
v 0.085616 0.393861 -0.200122
v 0.088811 0.392034 -0.198210
v 0.092584 0.391005 -0.195834
v 0.096847 0.390650 -0.193065
v 0.101474 0.390796 -0.190005
v 0.106312 0.391232 -0.186775
v 0.111193 0.391728 -0.183511
v 0.115946 0.392047 -0.180350
v 0.120407 0.391965 -0.177422
v 0.124438 0.391291 -0.174840
v 0.127930 0.389873 -0.172689
v 0.130814 0.387620 -0.171026
v 0.128560 0.390741 -0.172184
v 0.126914 0.394699 -0.172856
v 0.125807 0.399399 -0.173095
v 0.125131 0.404692 -0.172989
v 0.124746 0.410386 -0.172649
v 0.124489 0.416256 -0.172207
v 0.124190 0.422068 -0.171799
v 0.123679 0.427588 -0.171561
v 0.122804 0.432608 -0.171614
v 0.121439 0.436953 -0.172060
v 0.119496 0.440502 -0.172969
v 0.116927 0.443189 -0.174380
v 0.113733 0.445015 -0.176292
v 0.109959 0.446045 -0.178669
v 0.105696 0.446400 -0.181437
v 0.101070 0.446254 -0.184497
v 0.096231 0.445817 -0.187727
v 0.091350 0.445322 -0.190991
v 0.086598 0.445003 -0.194152
v 0.082136 0.445084 -0.197080
v 0.078105 0.445759 -0.199663
v 0.074614 0.447176 -0.201813
f 3571 3572 3573
f 3571 3573 3572
f 3571 3573 3574
f 3571 3574 3573
f 3571 3574 3575
f 3571 3575 3574
f 3571 3575 3576
f 3571 3576 3575
f 3571 3576 3577
f 3571 3577 3576
f 3571 3577 3578
f 3571 3578 3577
f 3571 3578 3579
f 3571 3579 3578
f 3571 3579 3580
f 3571 3580 3579
f 3571 3580 3581
f 3571 3581 3580
f 3571 3581 3582
f 3571 3582 3581
f 3571 3582 3583
f 3571 3583 3582
f 3571 3583 3584
f 3571 3584 3583
f 3571 3584 3585
f 3571 3585 3584
f 3571 3585 3586
f 3571 3586 3585
f 3571 3586 3587
f 3571 3587 3586
f 3571 3587 3588
f 3571 3588 3587
f 3571 3588 3589
f 3571 3589 3588
f 3571 3589 3590
f 3571 3590 3589
f 3571 3590 3591
f 3571 3591 3590
f 3571 3591 3592
f 3571 3592 3591
f 3571 3592 3593
f 3571 3593 3592
f 3571 3593 3594
f 3571 3594 3593
f 3571 3594 3595
f 3571 3595 3594
f 3571 3595 3596
f 3571 3596 3595
f 3571 3596 3597
f 3571 3597 3596
f 3571 3597 3598
f 3571 3598 3597
f 3571 3598 3599
f 3571 3599 3598
f 3571 3599 3600
f 3571 3600 3599
f 3571 3600 3601
f 3571 3601 3600
f 3571 3601 3602
f 3571 3602 3601
f 3571 3602 3603
f 3571 3603 3602
f 3571 3603 3604
f 3571 3604 3603
f 3571 3604 3605
f 3571 3605 3604
f 3571 3605 3606
f 3571 3606 3605
f 3571 3606 3607
f 3571 3607 3606
f 3571 3607 3608
f 3571 3608 3607
f 3571 3608 3609
f 3571 3609 3608
f 3571 3609 3610
f 3571 3610 3609
f 3571 3610 3611
f 3571 3611 3610
f 3571 3611 3612
f 3571 3612 3611
f 3571 3612 3613
f 3571 3613 3612
f 3571 3613 3614
f 3571 3614 3613
f 3571 3614 3615
f 3571 3615 3614
f 3571 3615 3616
f 3571 3616 3615
v 0.062696 0.449430 -0.206192
v 0.064583 0.454946 -0.206212
v 0.069200 0.458355 -0.205187
v 0.074783 0.458355 -0.203509
v 0.079200 0.454946 -0.201818
v 0.080763 0.449430 -0.200761
v 0.078876 0.443914 -0.200741
v 0.074259 0.440505 -0.201766
v 0.068676 0.440505 -0.203444
v 0.064259 0.443914 -0.205134
v 0.081793 0.443689 -0.259242
v 0.083076 0.447440 -0.259255
v 0.086215 0.449758 -0.258559
v 0.090012 0.449758 -0.257417
v 0.093015 0.447440 -0.256268
v 0.094078 0.443689 -0.255549
v 0.092795 0.439938 -0.255535
v 0.089656 0.437620 -0.256232
v 0.085859 0.437620 -0.257373
v 0.082856 0.439938 -0.258523
f 3617 3618 3628
f 3617 3628 3627
f 3618 3619 3629
f 3618 3629 3628
f 3619 3620 3630
f 3619 3630 3629
f 3620 3621 3631
f 3620 3631 3630
f 3621 3622 3632
f 3621 3632 3631
f 3622 3623 3633
f 3622 3633 3632
f 3623 3624 3634
f 3623 3634 3633
f 3624 3625 3635
f 3624 3635 3634
f 3625 3626 3636
f 3625 3636 3635
f 3626 3617 3627
f 3626 3627 3636
v 0.087936 0.443689 -0.257395
v 0.083649 0.442789 -0.256729
v 0.079201 0.442486 -0.256175
v 0.074491 0.443148 -0.255803
v 0.069475 0.444942 -0.255642
v 0.064164 0.447822 -0.255686
v 0.058627 0.451538 -0.255887
v 0.052976 0.455677 -0.256168
v 0.047350 0.459720 -0.256431
v 0.041900 0.463115 -0.256571
v 0.036762 0.465361 -0.256496
v 0.032038 0.466075 -0.256133
v 0.027784 0.465052 -0.255444
v 0.024002 0.462293 -0.254428
v 0.020634 0.458002 -0.253125
v 0.017577 0.452561 -0.251606
v 0.014696 0.446473 -0.249965
v 0.011841 0.440289 -0.248306
v 0.008871 0.434527 -0.246726
v 0.005675 0.429603 -0.245304
v 0.002184 0.425763 -0.244086
v -0.001612 0.423055 -0.243080
v -0.005671 0.421313 -0.242255
v -0.009891 0.420168 -0.241543
v -0.005605 0.421068 -0.242209
v -0.001156 0.421371 -0.242763
v 0.003554 0.420709 -0.243136
v 0.008570 0.418915 -0.243296
v 0.013880 0.416036 -0.243252
v 0.019417 0.412319 -0.243051
v 0.025069 0.408180 -0.242770
v 0.030694 0.404138 -0.242508
v 0.036144 0.400742 -0.242367
v 0.041283 0.398497 -0.242442
v 0.046007 0.397782 -0.242805
v 0.050260 0.398805 -0.243494
v 0.054043 0.401565 -0.244510
v 0.057411 0.405855 -0.245813
v 0.060467 0.411296 -0.247333
v 0.063349 0.417384 -0.248974
v 0.066204 0.423569 -0.250633
v 0.069173 0.429330 -0.252212
v 0.072370 0.434255 -0.253634
v 0.075860 0.438094 -0.254853
v 0.079657 0.440802 -0.255859
v 0.083715 0.442544 -0.256683
f 3637 3638 3639
f 3637 3639 3638
f 3637 3639 3640
f 3637 3640 3639
f 3637 3640 3641
f 3637 3641 3640
f 3637 3641 3642
f 3637 3642 3641
f 3637 3642 3643
f 3637 3643 3642
f 3637 3643 3644
f 3637 3644 3643
f 3637 3644 3645
f 3637 3645 3644
f 3637 3645 3646
f 3637 3646 3645
f 3637 3646 3647
f 3637 3647 3646
f 3637 3647 3648
f 3637 3648 3647
f 3637 3648 3649
f 3637 3649 3648
f 3637 3649 3650
f 3637 3650 3649
f 3637 3650 3651
f 3637 3651 3650
f 3637 3651 3652
f 3637 3652 3651
f 3637 3652 3653
f 3637 3653 3652
f 3637 3653 3654
f 3637 3654 3653
f 3637 3654 3655
f 3637 3655 3654
f 3637 3655 3656
f 3637 3656 3655
f 3637 3656 3657
f 3637 3657 3656
f 3637 3657 3658
f 3637 3658 3657
f 3637 3658 3659
f 3637 3659 3658
f 3637 3659 3660
f 3637 3660 3659
f 3637 3660 3661
f 3637 3661 3660
f 3637 3661 3662
f 3637 3662 3661
f 3637 3662 3663
f 3637 3663 3662
f 3637 3663 3664
f 3637 3664 3663
f 3637 3664 3665
f 3637 3665 3664
f 3637 3665 3666
f 3637 3666 3665
f 3637 3666 3667
f 3637 3667 3666
f 3637 3667 3668
f 3637 3668 3667
f 3637 3668 3669
f 3637 3669 3668
f 3637 3669 3670
f 3637 3670 3669
f 3637 3670 3671
f 3637 3671 3670
f 3637 3671 3672
f 3637 3672 3671
f 3637 3672 3673
f 3637 3673 3672
f 3637 3673 3674
f 3637 3674 3673
f 3637 3674 3675
f 3637 3675 3674
f 3637 3675 3676
f 3637 3676 3675
f 3637 3676 3677
f 3637 3677 3676
f 3637 3677 3678
f 3637 3678 3677
f 3637 3678 3679
f 3637 3679 3678
f 3637 3679 3680
f 3637 3680 3679
f 3637 3680 3681
f 3637 3681 3680
f 3637 3681 3682
f 3637 3682 3681
v 0.087936 0.443689 -0.257395
v 0.091865 0.442067 -0.254981
v 0.095518 0.439671 -0.252567
v 0.098770 0.436155 -0.250155
v 0.101585 0.431421 -0.247744
v 0.104006 0.425585 -0.245335
v 0.106143 0.418955 -0.242926
v 0.108156 0.411981 -0.240518
v 0.110238 0.405199 -0.238109
v 0.112585 0.399156 -0.235700
v 0.115371 0.394341 -0.233289
v 0.118728 0.391118 -0.230877
v 0.122725 0.389684 -0.228462
v 0.127363 0.390038 -0.226045
v 0.132571 0.391985 -0.223626
v 0.138218 0.395160 -0.221206
v 0.144131 0.399074 -0.218785
v 0.150111 0.403179 -0.216364
v 0.155969 0.406941 -0.213944
v 0.161543 0.409908 -0.211524
v 0.166722 0.411774 -0.209105
v 0.171464 0.412421 -0.206688
v 0.175806 0.411949 -0.204272
v 0.179870 0.410703 -0.201857
v 0.175940 0.412325 -0.204272
v 0.172288 0.414721 -0.206685
v 0.169036 0.418237 -0.209098
v 0.166220 0.422971 -0.211509
v 0.163799 0.428807 -0.213918
v 0.161663 0.435437 -0.216327
v 0.159650 0.442411 -0.218735
v 0.157567 0.449193 -0.221143
v 0.155221 0.455236 -0.223553
v 0.152434 0.460051 -0.225964
v 0.149078 0.463274 -0.228376
v 0.145081 0.464708 -0.230791
v 0.140443 0.464354 -0.233208
v 0.135235 0.462407 -0.235626
v 0.129587 0.459232 -0.238046
v 0.123675 0.455318 -0.240467
v 0.117694 0.451213 -0.242888
v 0.111836 0.447451 -0.245309
v 0.106263 0.444484 -0.247729
v 0.101084 0.442618 -0.250148
v 0.096342 0.441971 -0.252565
v 0.092000 0.442443 -0.254980
f 3683 3684 3685
f 3683 3685 3684
f 3683 3685 3686
f 3683 3686 3685
f 3683 3686 3687
f 3683 3687 3686
f 3683 3687 3688
f 3683 3688 3687
f 3683 3688 3689
f 3683 3689 3688
f 3683 3689 3690
f 3683 3690 3689
f 3683 3690 3691
f 3683 3691 3690
f 3683 3691 3692
f 3683 3692 3691
f 3683 3692 3693
f 3683 3693 3692
f 3683 3693 3694
f 3683 3694 3693
f 3683 3694 3695
f 3683 3695 3694
f 3683 3695 3696
f 3683 3696 3695
f 3683 3696 3697
f 3683 3697 3696
f 3683 3697 3698
f 3683 3698 3697
f 3683 3698 3699
f 3683 3699 3698
f 3683 3699 3700
f 3683 3700 3699
f 3683 3700 3701
f 3683 3701 3700
f 3683 3701 3702
f 3683 3702 3701
f 3683 3702 3703
f 3683 3703 3702
f 3683 3703 3704
f 3683 3704 3703
f 3683 3704 3705
f 3683 3705 3704
f 3683 3705 3706
f 3683 3706 3705
f 3683 3706 3707
f 3683 3707 3706
f 3683 3707 3708
f 3683 3708 3707
f 3683 3708 3709
f 3683 3709 3708
f 3683 3709 3710
f 3683 3710 3709
f 3683 3710 3711
f 3683 3711 3710
f 3683 3711 3712
f 3683 3712 3711
f 3683 3712 3713
f 3683 3713 3712
f 3683 3713 3714
f 3683 3714 3713
f 3683 3714 3715
f 3683 3715 3714
f 3683 3715 3716
f 3683 3716 3715
f 3683 3716 3717
f 3683 3717 3716
f 3683 3717 3718
f 3683 3718 3717
f 3683 3718 3719
f 3683 3719 3718
f 3683 3719 3720
f 3683 3720 3719
f 3683 3720 3721
f 3683 3721 3720
f 3683 3721 3722
f 3683 3722 3721
f 3683 3722 3723
f 3683 3723 3722
f 3683 3723 3724
f 3683 3724 3723
f 3683 3724 3725
f 3683 3725 3724
f 3683 3725 3726
f 3683 3726 3725
f 3683 3726 3727
f 3683 3727 3726
f 3683 3727 3728
f 3683 3728 3727
v 0.062886 0.449430 -0.200194
v 0.065763 0.453799 -0.197621
v 0.070918 0.456500 -0.197285
v 0.076384 0.456500 -0.199314
v 0.080072 0.453799 -0.202932
v 0.080573 0.449430 -0.206759
v 0.077696 0.445060 -0.209331
v 0.072541 0.442359 -0.209668
v 0.067075 0.442359 -0.207639
v 0.063387 0.445060 -0.204020
v 0.048653 0.487728 -0.247216
v 0.050609 0.490699 -0.245466
v 0.054115 0.492536 -0.245238
v 0.057831 0.492536 -0.246617
v 0.060339 0.490699 -0.249078
v 0.060680 0.487728 -0.251680
v 0.058724 0.484756 -0.253429
v 0.055218 0.482920 -0.253658
v 0.051502 0.482920 -0.252279
v 0.048994 0.484756 -0.249818
f 3729 3730 3740
f 3729 3740 3739
f 3730 3731 3741
f 3730 3741 3740
f 3731 3732 3742
f 3731 3742 3741
f 3732 3733 3743
f 3732 3743 3742
f 3733 3734 3744
f 3733 3744 3743
f 3734 3735 3745
f 3734 3745 3744
f 3735 3736 3746
f 3735 3746 3745
f 3736 3737 3747
f 3736 3747 3746
f 3737 3738 3748
f 3737 3748 3747
f 3738 3729 3739
f 3738 3739 3748
v 0.054666 0.487728 -0.249448
v 0.051798 0.486500 -0.246573
v 0.049069 0.486069 -0.243084
v 0.046489 0.486506 -0.238929
v 0.044047 0.487731 -0.234168
v 0.041709 0.489563 -0.228941
v 0.039433 0.491747 -0.223443
v 0.037165 0.493981 -0.217906
v 0.034852 0.495949 -0.212574
v 0.032440 0.497350 -0.207677
v 0.029885 0.497931 -0.203412
v 0.027157 0.497506 -0.199919
v 0.024237 0.495979 -0.197273
v 0.021126 0.493350 -0.195475
v 0.017840 0.489714 -0.194451
v 0.014412 0.485259 -0.194057
v 0.010886 0.480236 -0.194098
v 0.007314 0.474948 -0.194344
v 0.003751 0.469710 -0.194551
v 0.000248 0.464823 -0.194488
v -0.003149 0.460544 -0.193958
v -0.006409 0.457053 -0.192823
v -0.009520 0.454429 -0.191020
v -0.012491 0.452603 -0.188605
v -0.009623 0.453831 -0.191480
v -0.006894 0.454261 -0.194969
v -0.004314 0.453825 -0.199124
v -0.001872 0.452600 -0.203885
v 0.000466 0.450768 -0.209112
v 0.002742 0.448584 -0.214610
v 0.005010 0.446350 -0.220147
v 0.007324 0.444382 -0.225479
v 0.009736 0.442981 -0.230376
v 0.012290 0.442400 -0.234641
v 0.015019 0.442824 -0.238134
v 0.017939 0.444352 -0.240780
v 0.021050 0.446981 -0.242577
v 0.024335 0.450616 -0.243602
v 0.027763 0.455072 -0.243996
v 0.031289 0.460094 -0.243955
v 0.034861 0.465383 -0.243709
v 0.038425 0.470621 -0.243502
v 0.041927 0.475507 -0.243565
v 0.045324 0.479786 -0.244095
v 0.048585 0.483277 -0.245230
v 0.051695 0.485901 -0.247032
f 3749 3750 3751
f 3749 3751 3750
f 3749 3751 3752
f 3749 3752 3751
f 3749 3752 3753
f 3749 3753 3752
f 3749 3753 3754
f 3749 3754 3753
f 3749 3754 3755
f 3749 3755 3754
f 3749 3755 3756
f 3749 3756 3755
f 3749 3756 3757
f 3749 3757 3756
f 3749 3757 3758
f 3749 3758 3757
f 3749 3758 3759
f 3749 3759 3758
f 3749 3759 3760
f 3749 3760 3759
f 3749 3760 3761
f 3749 3761 3760
f 3749 3761 3762
f 3749 3762 3761
f 3749 3762 3763
f 3749 3763 3762
f 3749 3763 3764
f 3749 3764 3763
f 3749 3764 3765
f 3749 3765 3764
f 3749 3765 3766
f 3749 3766 3765
f 3749 3766 3767
f 3749 3767 3766
f 3749 3767 3768
f 3749 3768 3767
f 3749 3768 3769
f 3749 3769 3768
f 3749 3769 3770
f 3749 3770 3769
f 3749 3770 3771
f 3749 3771 3770
f 3749 3771 3772
f 3749 3772 3771
f 3749 3772 3773
f 3749 3773 3772
f 3749 3773 3774
f 3749 3774 3773
f 3749 3774 3775
f 3749 3775 3774
f 3749 3775 3776
f 3749 3776 3775
f 3749 3776 3777
f 3749 3777 3776
f 3749 3777 3778
f 3749 3778 3777
f 3749 3778 3779
f 3749 3779 3778
f 3749 3779 3780
f 3749 3780 3779
f 3749 3780 3781
f 3749 3781 3780
f 3749 3781 3782
f 3749 3782 3781
f 3749 3782 3783
f 3749 3783 3782
f 3749 3783 3784
f 3749 3784 3783
f 3749 3784 3785
f 3749 3785 3784
f 3749 3785 3786
f 3749 3786 3785
f 3749 3786 3787
f 3749 3787 3786
f 3749 3787 3788
f 3749 3788 3787
f 3749 3788 3789
f 3749 3789 3788
f 3749 3789 3790
f 3749 3790 3789
f 3749 3790 3791
f 3749 3791 3790
f 3749 3791 3792
f 3749 3792 3791
f 3749 3792 3793
f 3749 3793 3792
f 3749 3793 3794
f 3749 3794 3793
v 0.054666 0.487728 -0.249448
v 0.059257 0.485414 -0.250088
v 0.063395 0.481965 -0.251506
v 0.067121 0.477484 -0.253630
v 0.070512 0.472165 -0.256328
v 0.073675 0.466271 -0.259421
v 0.076731 0.460111 -0.262695
v 0.079813 0.454017 -0.265924
v 0.083052 0.448316 -0.268884
v 0.086568 0.443308 -0.271370
v 0.090458 0.439239 -0.273212
v 0.094793 0.436284 -0.274291
v 0.099609 0.434535 -0.274544
v 0.104907 0.433993 -0.273971
v 0.110649 0.434565 -0.272634
v 0.116766 0.436076 -0.270654
v 0.123159 0.438279 -0.268199
v 0.129709 0.440876 -0.265476
v 0.136286 0.443539 -0.262707
v 0.142756 0.445936 -0.260120
v 0.148997 0.447757 -0.257927
v 0.154903 0.448741 -0.256309
v 0.160398 0.448693 -0.255397
v 0.165440 0.447510 -0.255262
v 0.160849 0.449824 -0.254622
v 0.156711 0.453273 -0.253204
v 0.152986 0.457754 -0.251080
v 0.149594 0.463073 -0.248382
v 0.146432 0.468967 -0.245289
v 0.143376 0.475127 -0.242015
v 0.140293 0.481221 -0.238786
v 0.137054 0.486921 -0.235826
v 0.133538 0.491929 -0.233340
v 0.129648 0.495999 -0.231498
v 0.125313 0.498954 -0.230419
v 0.120497 0.500702 -0.230166
v 0.115200 0.501245 -0.230739
v 0.109457 0.500672 -0.232076
v 0.103340 0.499161 -0.234056
v 0.096947 0.496958 -0.236511
v 0.090397 0.494361 -0.239234
v 0.083821 0.491699 -0.242003
v 0.077350 0.489302 -0.244590
v 0.071110 0.487480 -0.246783
v 0.065203 0.486496 -0.248401
v 0.059708 0.486545 -0.249313
f 3795 3796 3797
f 3795 3797 3796
f 3795 3797 3798
f 3795 3798 3797
f 3795 3798 3799
f 3795 3799 3798
f 3795 3799 3800
f 3795 3800 3799
f 3795 3800 3801
f 3795 3801 3800
f 3795 3801 3802
f 3795 3802 3801
f 3795 3802 3803
f 3795 3803 3802
f 3795 3803 3804
f 3795 3804 3803
f 3795 3804 3805
f 3795 3805 3804
f 3795 3805 3806
f 3795 3806 3805
f 3795 3806 3807
f 3795 3807 3806
f 3795 3807 3808
f 3795 3808 3807
f 3795 3808 3809
f 3795 3809 3808
f 3795 3809 3810
f 3795 3810 3809
f 3795 3810 3811
f 3795 3811 3810
f 3795 3811 3812
f 3795 3812 3811
f 3795 3812 3813
f 3795 3813 3812
f 3795 3813 3814
f 3795 3814 3813
f 3795 3814 3815
f 3795 3815 3814
f 3795 3815 3816
f 3795 3816 3815
f 3795 3816 3817
f 3795 3817 3816
f 3795 3817 3818
f 3795 3818 3817
f 3795 3818 3819
f 3795 3819 3818
f 3795 3819 3820
f 3795 3820 3819
f 3795 3820 3821
f 3795 3821 3820
f 3795 3821 3822
f 3795 3822 3821
f 3795 3822 3823
f 3795 3823 3822
f 3795 3823 3824
f 3795 3824 3823
f 3795 3824 3825
f 3795 3825 3824
f 3795 3825 3826
f 3795 3826 3825
f 3795 3826 3827
f 3795 3827 3826
f 3795 3827 3828
f 3795 3828 3827
f 3795 3828 3829
f 3795 3829 3828
f 3795 3829 3830
f 3795 3830 3829
f 3795 3830 3831
f 3795 3831 3830
f 3795 3831 3832
f 3795 3832 3831
f 3795 3832 3833
f 3795 3833 3832
f 3795 3833 3834
f 3795 3834 3833
f 3795 3834 3835
f 3795 3835 3834
f 3795 3835 3836
f 3795 3836 3835
f 3795 3836 3837
f 3795 3837 3836
f 3795 3837 3838
f 3795 3838 3837
f 3795 3838 3839
f 3795 3839 3838
f 3795 3839 3840
f 3795 3840 3839
v 0.067569 0.449430 -0.211942
v 0.064884 0.453393 -0.208615
v 0.064813 0.455842 -0.203325
v 0.067384 0.455842 -0.198093
v 0.071615 0.453393 -0.194917
v 0.075890 0.449430 -0.195010
v 0.078575 0.445466 -0.198337
v 0.078646 0.443017 -0.203627
v 0.076075 0.443017 -0.208860
v 0.071844 0.445466 -0.212036
v 0.108494 0.492593 -0.228690
v 0.106668 0.495288 -0.226428
v 0.106620 0.496953 -0.222831
v 0.108369 0.496953 -0.219273
v 0.111246 0.495288 -0.217113
v 0.114153 0.492593 -0.217177
v 0.115979 0.489898 -0.219439
v 0.116027 0.488232 -0.223036
v 0.114278 0.488232 -0.226594
v 0.111401 0.489898 -0.228754
f 3841 3842 3852
f 3841 3852 3851
f 3842 3843 3853
f 3842 3853 3852
f 3843 3844 3854
f 3843 3854 3853
f 3844 3845 3855
f 3844 3855 3854
f 3845 3846 3856
f 3845 3856 3855
f 3846 3847 3857
f 3846 3857 3856
f 3847 3848 3858
f 3847 3858 3857
f 3848 3849 3859
f 3848 3859 3858
f 3849 3850 3860
f 3849 3860 3859
f 3850 3841 3851
f 3850 3851 3860
v 0.111324 0.492593 -0.222934
v 0.109975 0.491573 -0.225801
v 0.108436 0.490738 -0.228647
v 0.106468 0.490317 -0.231446
v 0.103879 0.490496 -0.234177
v 0.100586 0.491356 -0.236831
v 0.096652 0.492836 -0.239415
v 0.092290 0.494730 -0.241951
v 0.087831 0.496717 -0.244477
v 0.083669 0.498417 -0.247036
v 0.080192 0.499456 -0.249669
v 0.077706 0.499535 -0.252412
v 0.076382 0.498491 -0.255282
v 0.076220 0.496325 -0.258279
v 0.077049 0.493200 -0.261385
v 0.078563 0.489412 -0.264567
v 0.080375 0.485338 -0.267781
v 0.082089 0.481357 -0.270984
v 0.083375 0.477790 -0.274141
v 0.084020 0.474843 -0.277227
v 0.083961 0.472576 -0.280236
v 0.083281 0.470910 -0.283176
v 0.082173 0.469658 -0.286070
v 0.080874 0.468591 -0.288942
v 0.082222 0.469611 -0.286075
v 0.083761 0.470446 -0.283229
v 0.085729 0.470867 -0.280430
v 0.088319 0.470687 -0.277699
v 0.091611 0.469827 -0.275045
v 0.095545 0.468348 -0.272461
v 0.099907 0.466454 -0.269925
v 0.104366 0.464466 -0.267399
v 0.108528 0.462766 -0.264840
v 0.112005 0.461728 -0.262207
v 0.114491 0.461649 -0.259464
v 0.115815 0.462692 -0.256594
v 0.115977 0.464859 -0.253597
v 0.115148 0.467984 -0.250491
v 0.113634 0.471771 -0.247309
v 0.111822 0.475846 -0.244095
v 0.110108 0.479827 -0.240892
v 0.108822 0.483393 -0.237735
v 0.108177 0.486340 -0.234649
v 0.108236 0.488607 -0.231640
v 0.108916 0.490273 -0.228700
v 0.110024 0.491525 -0.225806
f 3861 3862 3863
f 3861 3863 3862
f 3861 3863 3864
f 3861 3864 3863
f 3861 3864 3865
f 3861 3865 3864
f 3861 3865 3866
f 3861 3866 3865
f 3861 3866 3867
f 3861 3867 3866
f 3861 3867 3868
f 3861 3868 3867
f 3861 3868 3869
f 3861 3869 3868
f 3861 3869 3870
f 3861 3870 3869
f 3861 3870 3871
f 3861 3871 3870
f 3861 3871 3872
f 3861 3872 3871
f 3861 3872 3873
f 3861 3873 3872
f 3861 3873 3874
f 3861 3874 3873
f 3861 3874 3875
f 3861 3875 3874
f 3861 3875 3876
f 3861 3876 3875
f 3861 3876 3877
f 3861 3877 3876
f 3861 3877 3878
f 3861 3878 3877
f 3861 3878 3879
f 3861 3879 3878
f 3861 3879 3880
f 3861 3880 3879
f 3861 3880 3881
f 3861 3881 3880
f 3861 3881 3882
f 3861 3882 3881
f 3861 3882 3883
f 3861 3883 3882
f 3861 3883 3884
f 3861 3884 3883
f 3861 3884 3885
f 3861 3885 3884
f 3861 3885 3886
f 3861 3886 3885
f 3861 3886 3887
f 3861 3887 3886
f 3861 3887 3888
f 3861 3888 3887
f 3861 3888 3889
f 3861 3889 3888
f 3861 3889 3890
f 3861 3890 3889
f 3861 3890 3891
f 3861 3891 3890
f 3861 3891 3892
f 3861 3892 3891
f 3861 3892 3893
f 3861 3893 3892
f 3861 3893 3894
f 3861 3894 3893
f 3861 3894 3895
f 3861 3895 3894
f 3861 3895 3896
f 3861 3896 3895
f 3861 3896 3897
f 3861 3897 3896
f 3861 3897 3898
f 3861 3898 3897
f 3861 3898 3899
f 3861 3899 3898
f 3861 3899 3900
f 3861 3900 3899
f 3861 3900 3901
f 3861 3901 3900
f 3861 3901 3902
f 3861 3902 3901
f 3861 3902 3903
f 3861 3903 3902
f 3861 3903 3904
f 3861 3904 3903
f 3861 3904 3905
f 3861 3905 3904
f 3861 3905 3906
f 3861 3906 3905
v 0.111324 0.492593 -0.222934
v 0.108583 0.493476 -0.219868
v 0.106333 0.494157 -0.216257
v 0.104754 0.494559 -0.211896
v 0.103883 0.494667 -0.206746
v 0.103634 0.494518 -0.200903
v 0.103819 0.494188 -0.194576
v 0.104173 0.493789 -0.188059
v 0.104394 0.493444 -0.181693
v 0.104173 0.493283 -0.175818
v 0.103239 0.493418 -0.170738
v 0.101392 0.493931 -0.166677
v 0.098523 0.494868 -0.163755
v 0.094632 0.496229 -0.161973
v 0.089827 0.497969 -0.161209
v 0.084309 0.500004 -0.161240
v 0.078351 0.502222 -0.161763
v 0.072257 0.504496 -0.162436
v 0.066334 0.506700 -0.162920
v 0.060845 0.508723 -0.162920
v 0.055977 0.510489 -0.162226
v 0.051818 0.511961 -0.160743
v 0.048330 0.513155 -0.158511
v 0.045332 0.514146 -0.155733
v 0.048072 0.513262 -0.158798
v 0.050323 0.512581 -0.162410
v 0.051902 0.512179 -0.166770
v 0.052773 0.512071 -0.171920
v 0.053022 0.512220 -0.177764
v 0.052837 0.512550 -0.184090
v 0.052482 0.512950 -0.190607
v 0.052262 0.513294 -0.196974
v 0.052483 0.513455 -0.202848
v 0.053416 0.513320 -0.207929
v 0.055264 0.512807 -0.211989
v 0.058133 0.511870 -0.214911
v 0.062024 0.510509 -0.216694
v 0.066829 0.508769 -0.217457
v 0.072346 0.506734 -0.217426
v 0.078305 0.504516 -0.216903
v 0.084398 0.502242 -0.216230
v 0.090321 0.500038 -0.215747
v 0.095811 0.498015 -0.215747
v 0.100678 0.496249 -0.216441
v 0.104838 0.494777 -0.217923
v 0.108326 0.493583 -0.220155
f 3907 3908 3909
f 3907 3909 3908
f 3907 3909 3910
f 3907 3910 3909
f 3907 3910 3911
f 3907 3911 3910
f 3907 3911 3912
f 3907 3912 3911
f 3907 3912 3913
f 3907 3913 3912
f 3907 3913 3914
f 3907 3914 3913
f 3907 3914 3915
f 3907 3915 3914
f 3907 3915 3916
f 3907 3916 3915
f 3907 3916 3917
f 3907 3917 3916
f 3907 3917 3918
f 3907 3918 3917
f 3907 3918 3919
f 3907 3919 3918
f 3907 3919 3920
f 3907 3920 3919
f 3907 3920 3921
f 3907 3921 3920
f 3907 3921 3922
f 3907 3922 3921
f 3907 3922 3923
f 3907 3923 3922
f 3907 3923 3924
f 3907 3924 3923
f 3907 3924 3925
f 3907 3925 3924
f 3907 3925 3926
f 3907 3926 3925
f 3907 3926 3927
f 3907 3927 3926
f 3907 3927 3928
f 3907 3928 3927
f 3907 3928 3929
f 3907 3929 3928
f 3907 3929 3930
f 3907 3930 3929
f 3907 3930 3931
f 3907 3931 3930
f 3907 3931 3932
f 3907 3932 3931
f 3907 3932 3933
f 3907 3933 3932
f 3907 3933 3934
f 3907 3934 3933
f 3907 3934 3935
f 3907 3935 3934
f 3907 3935 3936
f 3907 3936 3935
f 3907 3936 3937
f 3907 3937 3936
f 3907 3937 3938
f 3907 3938 3937
f 3907 3938 3939
f 3907 3939 3938
f 3907 3939 3940
f 3907 3940 3939
f 3907 3940 3941
f 3907 3941 3940
f 3907 3941 3942
f 3907 3942 3941
f 3907 3942 3943
f 3907 3943 3942
f 3907 3943 3944
f 3907 3944 3943
f 3907 3944 3945
f 3907 3945 3944
f 3907 3945 3946
f 3907 3946 3945
f 3907 3946 3947
f 3907 3947 3946
f 3907 3947 3948
f 3907 3948 3947
f 3907 3948 3949
f 3907 3949 3948
f 3907 3949 3950
f 3907 3950 3949
f 3907 3950 3951
f 3907 3951 3950
f 3907 3951 3952
f 3907 3952 3951
v 0.111324 0.492593 -0.222934
v 0.112338 0.489317 -0.222771
v 0.113199 0.485947 -0.223129
v 0.113833 0.482436 -0.224262
v 0.114212 0.478769 -0.226261
v 0.114358 0.474957 -0.229055
v 0.114332 0.471039 -0.232435
v 0.114228 0.467072 -0.236082
v 0.114158 0.463127 -0.239612
v 0.114239 0.459275 -0.242626
v 0.114576 0.455581 -0.244768
v 0.115248 0.452094 -0.245771
v 0.116298 0.448840 -0.245488
v 0.117724 0.445819 -0.243922
v 0.119485 0.443005 -0.241215
v 0.121503 0.440349 -0.237637
v 0.123671 0.437787 -0.233543
v 0.125875 0.435246 -0.229332
v 0.127999 0.432656 -0.225388
v 0.129952 0.429961 -0.222029
v 0.131671 0.427120 -0.219466
v 0.133136 0.424123 -0.217768
v 0.134373 0.420985 -0.216847
v 0.135458 0.417753 -0.216445
v 0.134444 0.421029 -0.216607
v 0.133582 0.424399 -0.216250
v 0.132949 0.427909 -0.215116
v 0.132569 0.431577 -0.213118
v 0.132423 0.435389 -0.210324
v 0.132449 0.439307 -0.206943
v 0.132554 0.443274 -0.203296
v 0.132624 0.447219 -0.199767
v 0.132543 0.451071 -0.196753
v 0.132205 0.454765 -0.194610
v 0.131533 0.458252 -0.193608
v 0.130484 0.461505 -0.193890
v 0.129057 0.464526 -0.195456
v 0.127296 0.467340 -0.198163
v 0.125279 0.469996 -0.201742
v 0.123110 0.472559 -0.205835
v 0.120907 0.475100 -0.210047
v 0.118782 0.477689 -0.213991
v 0.116829 0.480385 -0.217349
v 0.115110 0.483226 -0.219912
v 0.113645 0.486223 -0.221610
v 0.112408 0.489360 -0.222532
f 3953 3954 3955
f 3953 3955 3954
f 3953 3955 3956
f 3953 3956 3955
f 3953 3956 3957
f 3953 3957 3956
f 3953 3957 3958
f 3953 3958 3957
f 3953 3958 3959
f 3953 3959 3958
f 3953 3959 3960
f 3953 3960 3959
f 3953 3960 3961
f 3953 3961 3960
f 3953 3961 3962
f 3953 3962 3961
f 3953 3962 3963
f 3953 3963 3962
f 3953 3963 3964
f 3953 3964 3963
f 3953 3964 3965
f 3953 3965 3964
f 3953 3965 3966
f 3953 3966 3965
f 3953 3966 3967
f 3953 3967 3966
f 3953 3967 3968
f 3953 3968 3967
f 3953 3968 3969
f 3953 3969 3968
f 3953 3969 3970
f 3953 3970 3969
f 3953 3970 3971
f 3953 3971 3970
f 3953 3971 3972
f 3953 3972 3971
f 3953 3972 3973
f 3953 3973 3972
f 3953 3973 3974
f 3953 3974 3973
f 3953 3974 3975
f 3953 3975 3974
f 3953 3975 3976
f 3953 3976 3975
f 3953 3976 3977
f 3953 3977 3976
f 3953 3977 3978
f 3953 3978 3977
f 3953 3978 3979
f 3953 3979 3978
f 3953 3979 3980
f 3953 3980 3979
f 3953 3980 3981
f 3953 3981 3980
f 3953 3981 3982
f 3953 3982 3981
f 3953 3982 3983
f 3953 3983 3982
f 3953 3983 3984
f 3953 3984 3983
f 3953 3984 3985
f 3953 3985 3984
f 3953 3985 3986
f 3953 3986 3985
f 3953 3986 3987
f 3953 3987 3986
f 3953 3987 3988
f 3953 3988 3987
f 3953 3988 3989
f 3953 3989 3988
f 3953 3989 3990
f 3953 3990 3989
f 3953 3990 3991
f 3953 3991 3990
f 3953 3991 3992
f 3953 3992 3991
f 3953 3992 3993
f 3953 3993 3992
f 3953 3993 3994
f 3953 3994 3993
f 3953 3994 3995
f 3953 3995 3994
f 3953 3995 3996
f 3953 3996 3995
f 3953 3996 3997
f 3953 3997 3996
f 3953 3997 3998
f 3953 3998 3997
v 0.026309 0.423400 -0.106090
v 0.032980 0.427355 -0.102435
v 0.041108 0.429799 -0.103646
v 0.047588 0.429799 -0.109260
v 0.049945 0.427355 -0.117132
v 0.047278 0.423400 -0.124256
v 0.040607 0.419445 -0.127911
v 0.032479 0.417001 -0.126700
v 0.025999 0.417001 -0.121086
v 0.023642 0.419445 -0.113214
v -0.000454 0.506335 -0.143761
v 0.004082 0.509024 -0.141276
v 0.009609 0.510686 -0.142100
v 0.014016 0.510686 -0.145917
v 0.015618 0.509024 -0.151270
v 0.013805 0.506335 -0.156114
v 0.009269 0.503646 -0.158600
v 0.003742 0.501984 -0.157776
v -0.000665 0.501984 -0.153959
v -0.002267 0.503646 -0.148606
f 3999 4000 4010
f 3999 4010 4009
f 4000 4001 4011
f 4000 4011 4010
f 4001 4002 4012
f 4001 4012 4011
f 4002 4003 4013
f 4002 4013 4012
f 4003 4004 4014
f 4003 4014 4013
f 4004 4005 4015
f 4004 4015 4014
f 4005 4006 4016
f 4005 4016 4015
f 4006 4007 4017
f 4006 4017 4016
f 4007 4008 4018
f 4007 4018 4017
f 4008 3999 4009
f 4008 4009 4018
v 0.006676 0.506335 -0.149938
v 0.003251 0.504668 -0.147027
v -0.000004 0.503197 -0.143797
v -0.002891 0.502148 -0.139877
v -0.005260 0.501698 -0.134979
v -0.007050 0.501914 -0.128993
v -0.008322 0.502727 -0.122033
v -0.009257 0.503929 -0.114436
v -0.010125 0.505207 -0.106715
v -0.011248 0.506191 -0.099473
v -0.012937 0.506524 -0.093296
v -0.015437 0.505923 -0.088646
v -0.018884 0.504230 -0.085778
v -0.023278 0.501446 -0.084692
v -0.028483 0.497728 -0.085133
v -0.034255 0.493357 -0.086639
v -0.040280 0.488694 -0.088624
v -0.046240 0.484107 -0.090485
v -0.051862 0.479909 -0.091709
v -0.056966 0.476307 -0.091959
v -0.061492 0.473372 -0.091121
v -0.065498 0.471035 -0.089305
v -0.069138 0.469121 -0.086799
v -0.072607 0.467402 -0.083974
v -0.069183 0.469068 -0.086885
v -0.065928 0.470539 -0.090115
v -0.063040 0.471588 -0.094035
v -0.060672 0.472038 -0.098933
v -0.058882 0.471822 -0.104919
v -0.057609 0.471010 -0.111879
v -0.056675 0.469808 -0.119476
v -0.055807 0.468530 -0.127197
v -0.054684 0.467545 -0.134439
v -0.052995 0.467212 -0.140616
v -0.050495 0.467814 -0.145266
v -0.047048 0.469507 -0.148134
v -0.042654 0.472290 -0.149220
v -0.037449 0.476009 -0.148779
v -0.031677 0.480379 -0.147273
v -0.025651 0.485042 -0.145288
v -0.019691 0.489630 -0.143427
v -0.014070 0.493828 -0.142203
v -0.008966 0.497429 -0.141953
v -0.004440 0.500365 -0.142791
v -0.000434 0.502701 -0.144607
v 0.003206 0.504616 -0.147113
f 4019 4020 4021
f 4019 4021 4020
f 4019 4021 4022
f 4019 4022 4021
f 4019 4022 4023
f 4019 4023 4022
f 4019 4023 4024
f 4019 4024 4023
f 4019 4024 4025
f 4019 4025 4024
f 4019 4025 4026
f 4019 4026 4025
f 4019 4026 4027
f 4019 4027 4026
f 4019 4027 4028
f 4019 4028 4027
f 4019 4028 4029
f 4019 4029 4028
f 4019 4029 4030
f 4019 4030 4029
f 4019 4030 4031
f 4019 4031 4030
f 4019 4031 4032
f 4019 4032 4031
f 4019 4032 4033
f 4019 4033 4032
f 4019 4033 4034
f 4019 4034 4033
f 4019 4034 4035
f 4019 4035 4034
f 4019 4035 4036
f 4019 4036 4035
f 4019 4036 4037
f 4019 4037 4036
f 4019 4037 4038
f 4019 4038 4037
f 4019 4038 4039
f 4019 4039 4038
f 4019 4039 4040
f 4019 4040 4039
f 4019 4040 4041
f 4019 4041 4040
f 4019 4041 4042
f 4019 4042 4041
f 4019 4042 4043
f 4019 4043 4042
f 4019 4043 4044
f 4019 4044 4043
f 4019 4044 4045
f 4019 4045 4044
f 4019 4045 4046
f 4019 4046 4045
f 4019 4046 4047
f 4019 4047 4046
f 4019 4047 4048
f 4019 4048 4047
f 4019 4048 4049
f 4019 4049 4048
f 4019 4049 4050
f 4019 4050 4049
f 4019 4050 4051
f 4019 4051 4050
f 4019 4051 4052
f 4019 4052 4051
f 4019 4052 4053
f 4019 4053 4052
f 4019 4053 4054
f 4019 4054 4053
f 4019 4054 4055
f 4019 4055 4054
f 4019 4055 4056
f 4019 4056 4055
f 4019 4056 4057
f 4019 4057 4056
f 4019 4057 4058
f 4019 4058 4057
f 4019 4058 4059
f 4019 4059 4058
f 4019 4059 4060
f 4019 4060 4059
f 4019 4060 4061
f 4019 4061 4060
f 4019 4061 4062
f 4019 4062 4061
f 4019 4062 4063
f 4019 4063 4062
f 4019 4063 4064
f 4019 4064 4063
v 0.006676 0.506335 -0.149938
v 0.010516 0.506084 -0.146779
v 0.014808 0.505779 -0.144143
v 0.019840 0.505383 -0.142362
v 0.025744 0.504881 -0.141593
v 0.032491 0.504275 -0.141799
v 0.039893 0.503590 -0.142764
v 0.047631 0.502863 -0.144117
v 0.055301 0.502145 -0.145392
v 0.062475 0.501488 -0.146092
v 0.068760 0.500939 -0.145763
v 0.073858 0.500535 -0.144060
v 0.077608 0.500295 -0.140796
v 0.080010 0.500221 -0.135971
v 0.081225 0.500292 -0.129772
v 0.081550 0.500471 -0.122543
v 0.081380 0.500710 -0.114740
v 0.081142 0.500958 -0.106859
v 0.081240 0.501165 -0.099367
v 0.081992 0.501292 -0.092632
v 0.083588 0.501316 -0.086874
v 0.086056 0.501234 -0.082126
v 0.089264 0.501061 -0.078234
v 0.092923 0.500833 -0.074865
v 0.089082 0.501083 -0.078024
v 0.084790 0.501389 -0.080660
v 0.079759 0.501784 -0.082441
v 0.073854 0.502287 -0.083210
v 0.067107 0.502892 -0.083004
v 0.059705 0.503578 -0.082040
v 0.051968 0.504304 -0.080687
v 0.044297 0.505022 -0.079412
v 0.037124 0.505680 -0.078711
v 0.030838 0.506229 -0.079040
v 0.025740 0.506633 -0.080743
v 0.021990 0.506872 -0.084007
v 0.019589 0.506946 -0.088832
v 0.018374 0.506876 -0.095031
v 0.018048 0.506697 -0.102260
v 0.018219 0.506457 -0.110063
v 0.018456 0.506209 -0.117944
v 0.018359 0.506002 -0.125436
v 0.017606 0.505875 -0.132171
v 0.016011 0.505851 -0.137929
v 0.013542 0.505934 -0.142677
v 0.010335 0.506107 -0.146569
f 4065 4066 4067
f 4065 4067 4066
f 4065 4067 4068
f 4065 4068 4067
f 4065 4068 4069
f 4065 4069 4068
f 4065 4069 4070
f 4065 4070 4069
f 4065 4070 4071
f 4065 4071 4070
f 4065 4071 4072
f 4065 4072 4071
f 4065 4072 4073
f 4065 4073 4072
f 4065 4073 4074
f 4065 4074 4073
f 4065 4074 4075
f 4065 4075 4074
f 4065 4075 4076
f 4065 4076 4075
f 4065 4076 4077
f 4065 4077 4076
f 4065 4077 4078
f 4065 4078 4077
f 4065 4078 4079
f 4065 4079 4078
f 4065 4079 4080
f 4065 4080 4079
f 4065 4080 4081
f 4065 4081 4080
f 4065 4081 4082
f 4065 4082 4081
f 4065 4082 4083
f 4065 4083 4082
f 4065 4083 4084
f 4065 4084 4083
f 4065 4084 4085
f 4065 4085 4084
f 4065 4085 4086
f 4065 4086 4085
f 4065 4086 4087
f 4065 4087 4086
f 4065 4087 4088
f 4065 4088 4087
f 4065 4088 4089
f 4065 4089 4088
f 4065 4089 4090
f 4065 4090 4089
f 4065 4090 4091
f 4065 4091 4090
f 4065 4091 4092
f 4065 4092 4091
f 4065 4092 4093
f 4065 4093 4092
f 4065 4093 4094
f 4065 4094 4093
f 4065 4094 4095
f 4065 4095 4094
f 4065 4095 4096
f 4065 4096 4095
f 4065 4096 4097
f 4065 4097 4096
f 4065 4097 4098
f 4065 4098 4097
f 4065 4098 4099
f 4065 4099 4098
f 4065 4099 4100
f 4065 4100 4099
f 4065 4100 4101
f 4065 4101 4100
f 4065 4101 4102
f 4065 4102 4101
f 4065 4102 4103
f 4065 4103 4102
f 4065 4103 4104
f 4065 4104 4103
f 4065 4104 4105
f 4065 4105 4104
f 4065 4105 4106
f 4065 4106 4105
f 4065 4106 4107
f 4065 4107 4106
f 4065 4107 4108
f 4065 4108 4107
f 4065 4108 4109
f 4065 4109 4108
f 4065 4109 4110
f 4065 4110 4109
v 0.006676 0.506335 -0.149938
v 0.004849 0.501822 -0.152109
v 0.001762 0.497187 -0.153483
v -0.002464 0.492439 -0.154135
v -0.007611 0.487602 -0.154205
v -0.013388 0.482703 -0.153876
v -0.019453 0.477776 -0.153364
v -0.025441 0.472857 -0.152901
v -0.030992 0.467980 -0.152715
v -0.035778 0.463178 -0.153014
v -0.039528 0.458478 -0.153967
v -0.042049 0.453897 -0.155699
v -0.043242 0.449447 -0.158271
v -0.043106 0.445126 -0.161685
v -0.041742 0.440926 -0.165876
v -0.039342 0.436827 -0.170722
v -0.036177 0.432803 -0.176053
v -0.032575 0.428822 -0.181660
v -0.028895 0.424848 -0.187317
v -0.025504 0.420846 -0.192791
v -0.022743 0.416782 -0.197866
v -0.020902 0.412629 -0.202358
v -0.020201 0.408363 -0.206129
v -0.020760 0.403975 -0.209103
v -0.018933 0.408487 -0.206932
v -0.015847 0.413123 -0.205558
v -0.011621 0.417870 -0.204906
v -0.006474 0.422707 -0.204836
v -0.000697 0.427606 -0.205165
v 0.005368 0.432533 -0.205677
v 0.011356 0.437453 -0.206139
v 0.016907 0.442330 -0.206325
v 0.021693 0.447132 -0.206027
v 0.025443 0.451832 -0.205073
v 0.027964 0.456413 -0.203342
v 0.029157 0.460863 -0.200770
v 0.029021 0.465183 -0.197356
v 0.027657 0.469384 -0.193165
v 0.025257 0.473483 -0.188319
v 0.022092 0.477507 -0.182988
v 0.018490 0.481488 -0.177380
v 0.014811 0.485462 -0.171724
v 0.011419 0.489464 -0.166250
v 0.008658 0.493527 -0.161175
v 0.006818 0.497681 -0.156683
v 0.006117 0.501946 -0.152912
f 4111 4112 4113
f 4111 4113 4112
f 4111 4113 4114
f 4111 4114 4113
f 4111 4114 4115
f 4111 4115 4114
f 4111 4115 4116
f 4111 4116 4115
f 4111 4116 4117
f 4111 4117 4116
f 4111 4117 4118
f 4111 4118 4117
f 4111 4118 4119
f 4111 4119 4118
f 4111 4119 4120
f 4111 4120 4119
f 4111 4120 4121
f 4111 4121 4120
f 4111 4121 4122
f 4111 4122 4121
f 4111 4122 4123
f 4111 4123 4122
f 4111 4123 4124
f 4111 4124 4123
f 4111 4124 4125
f 4111 4125 4124
f 4111 4125 4126
f 4111 4126 4125
f 4111 4126 4127
f 4111 4127 4126
f 4111 4127 4128
f 4111 4128 4127
f 4111 4128 4129
f 4111 4129 4128
f 4111 4129 4130
f 4111 4130 4129
f 4111 4130 4131
f 4111 4131 4130
f 4111 4131 4132
f 4111 4132 4131
f 4111 4132 4133
f 4111 4133 4132
f 4111 4133 4134
f 4111 4134 4133
f 4111 4134 4135
f 4111 4135 4134
f 4111 4135 4136
f 4111 4136 4135
f 4111 4136 4137
f 4111 4137 4136
f 4111 4137 4138
f 4111 4138 4137
f 4111 4138 4139
f 4111 4139 4138
f 4111 4139 4140
f 4111 4140 4139
f 4111 4140 4141
f 4111 4141 4140
f 4111 4141 4142
f 4111 4142 4141
f 4111 4142 4143
f 4111 4143 4142
f 4111 4143 4144
f 4111 4144 4143
f 4111 4144 4145
f 4111 4145 4144
f 4111 4145 4146
f 4111 4146 4145
f 4111 4146 4147
f 4111 4147 4146
f 4111 4147 4148
f 4111 4148 4147
f 4111 4148 4149
f 4111 4149 4148
f 4111 4149 4150
f 4111 4150 4149
f 4111 4150 4151
f 4111 4151 4150
f 4111 4151 4152
f 4111 4152 4151
f 4111 4152 4153
f 4111 4153 4152
f 4111 4153 4154
f 4111 4154 4153
f 4111 4154 4155
f 4111 4155 4154
f 4111 4155 4156
f 4111 4156 4155
v -0.000046 0.506335 -0.143319
v 0.003364 0.510978 -0.142424
v 0.008039 0.513848 -0.144399
v 0.012193 0.513848 -0.148490
v 0.014239 0.510978 -0.153133
v 0.013397 0.506335 -0.156557
v 0.009987 0.501692 -0.157452
v 0.005312 0.498822 -0.155477
v 0.001158 0.498822 -0.151386
v -0.000888 0.501692 -0.146742
v -0.032425 0.538453 -0.180503
v -0.030107 0.541611 -0.179894
v -0.026928 0.543562 -0.181237
v -0.024103 0.543562 -0.184019
v -0.022712 0.541611 -0.187176
v -0.023285 0.538453 -0.189504
v -0.025603 0.535296 -0.190113
v -0.028782 0.533345 -0.188770
v -0.031607 0.533345 -0.185988
v -0.032998 0.535296 -0.182831
f 4157 4158 4168
f 4157 4168 4167
f 4158 4159 4169
f 4158 4169 4168
f 4159 4160 4170
f 4159 4170 4169
f 4160 4161 4171
f 4160 4171 4170
f 4161 4162 4172
f 4161 4172 4171
f 4162 4163 4173
f 4162 4173 4172
f 4163 4164 4174
f 4163 4174 4173
f 4164 4165 4175
f 4164 4175 4174
f 4165 4166 4176
f 4165 4176 4175
f 4166 4157 4167
f 4166 4167 4176
v -0.027855 0.538453 -0.185004
v -0.029408 0.537327 -0.180591
v -0.030660 0.536860 -0.175872
v -0.031469 0.537362 -0.170700
v -0.031789 0.538936 -0.165030
v -0.031662 0.541489 -0.158903
v -0.031208 0.544755 -0.152443
v -0.030609 0.548340 -0.145834
v -0.030081 0.551770 -0.139298
v -0.029846 0.554557 -0.133062
v -0.030105 0.556265 -0.127328
v -0.031006 0.556567 -0.122251
v -0.032630 0.555285 -0.117911
v -0.034976 0.552421 -0.114309
v -0.037966 0.548151 -0.111362
v -0.041448 0.542801 -0.108919
v -0.045224 0.536808 -0.106775
v -0.049071 0.530660 -0.104704
v -0.052772 0.524831 -0.102484
v -0.056147 0.519716 -0.099931
v -0.059075 0.515580 -0.096922
v -0.061514 0.512514 -0.093414
v -0.063509 0.510419 -0.089453
v -0.065204 0.508983 -0.085186
v -0.063651 0.510109 -0.089598
v -0.062399 0.510577 -0.094317
v -0.061590 0.510074 -0.099489
v -0.061270 0.508500 -0.105160
v -0.061397 0.505948 -0.111287
v -0.061851 0.502681 -0.117747
v -0.062450 0.499096 -0.124355
v -0.062978 0.495666 -0.130891
v -0.063212 0.492879 -0.137128
v -0.062954 0.491171 -0.142861
v -0.062053 0.490870 -0.147939
v -0.060429 0.492151 -0.152279
v -0.058082 0.495015 -0.155881
v -0.055093 0.499285 -0.158827
v -0.051611 0.504635 -0.161270
v -0.047835 0.510628 -0.163414
v -0.043988 0.516776 -0.165486
v -0.040287 0.522605 -0.167705
v -0.036912 0.527720 -0.170258
v -0.033984 0.531856 -0.173267
v -0.031545 0.534922 -0.176775
v -0.029550 0.537017 -0.180736
f 4177 4178 4179
f 4177 4179 4178
f 4177 4179 4180
f 4177 4180 4179
f 4177 4180 4181
f 4177 4181 4180
f 4177 4181 4182
f 4177 4182 4181
f 4177 4182 4183
f 4177 4183 4182
f 4177 4183 4184
f 4177 4184 4183
f 4177 4184 4185
f 4177 4185 4184
f 4177 4185 4186
f 4177 4186 4185
f 4177 4186 4187
f 4177 4187 4186
f 4177 4187 4188
f 4177 4188 4187
f 4177 4188 4189
f 4177 4189 4188
f 4177 4189 4190
f 4177 4190 4189
f 4177 4190 4191
f 4177 4191 4190
f 4177 4191 4192
f 4177 4192 4191
f 4177 4192 4193
f 4177 4193 4192
f 4177 4193 4194
f 4177 4194 4193
f 4177 4194 4195
f 4177 4195 4194
f 4177 4195 4196
f 4177 4196 4195
f 4177 4196 4197
f 4177 4197 4196
f 4177 4197 4198
f 4177 4198 4197
f 4177 4198 4199
f 4177 4199 4198
f 4177 4199 4200
f 4177 4200 4199
f 4177 4200 4201
f 4177 4201 4200
f 4177 4201 4202
f 4177 4202 4201
f 4177 4202 4203
f 4177 4203 4202
f 4177 4203 4204
f 4177 4204 4203
f 4177 4204 4205
f 4177 4205 4204
f 4177 4205 4206
f 4177 4206 4205
f 4177 4206 4207
f 4177 4207 4206
f 4177 4207 4208
f 4177 4208 4207
f 4177 4208 4209
f 4177 4209 4208
f 4177 4209 4210
f 4177 4210 4209
f 4177 4210 4211
f 4177 4211 4210
f 4177 4211 4212
f 4177 4212 4211
f 4177 4212 4213
f 4177 4213 4212
f 4177 4213 4214
f 4177 4214 4213
f 4177 4214 4215
f 4177 4215 4214
f 4177 4215 4216
f 4177 4216 4215
f 4177 4216 4217
f 4177 4217 4216
f 4177 4217 4218
f 4177 4218 4217
f 4177 4218 4219
f 4177 4219 4218
f 4177 4219 4220
f 4177 4220 4219
f 4177 4220 4221
f 4177 4221 4220
f 4177 4221 4222
f 4177 4222 4221
v -0.027855 0.538453 -0.185004
v -0.023856 0.537867 -0.187558
v -0.020206 0.536349 -0.190623
v -0.016945 0.533795 -0.194254
v -0.014041 0.530286 -0.198407
v -0.011416 0.526031 -0.202968
v -0.008957 0.521335 -0.207771
v -0.006527 0.516561 -0.212617
v -0.003982 0.512095 -0.217294
v -0.001183 0.508305 -0.221601
v 0.001986 0.505504 -0.225367
v 0.005610 0.503919 -0.228468
v 0.009736 0.503670 -0.230838
v 0.014361 0.504757 -0.232478
v 0.019443 0.507060 -0.233452
v 0.024895 0.510352 -0.233885
v 0.030600 0.514319 -0.233949
v 0.036420 0.518595 -0.233844
v 0.042212 0.522793 -0.233781
v 0.047838 0.526550 -0.233960
v 0.053185 0.529561 -0.234547
v 0.058174 0.531617 -0.235657
v 0.062774 0.532637 -0.237333
v 0.067026 0.532725 -0.239519
v 0.063027 0.533311 -0.236964
v 0.059377 0.534829 -0.233900
v 0.056115 0.537383 -0.230269
v 0.053212 0.540892 -0.226115
v 0.050587 0.545147 -0.221554
v 0.048128 0.549843 -0.216751
v 0.045698 0.554617 -0.211906
v 0.043153 0.559083 -0.207229
v 0.040354 0.562873 -0.202922
v 0.037185 0.565674 -0.199155
v 0.033560 0.567259 -0.196054
v 0.029435 0.567508 -0.193684
v 0.024809 0.566421 -0.192045
v 0.019728 0.564118 -0.191071
v 0.014276 0.560826 -0.190637
v 0.008571 0.556859 -0.190574
v 0.002750 0.552583 -0.190678
v -0.003041 0.548385 -0.190741
v -0.008667 0.544628 -0.190562
v -0.014014 0.541617 -0.189975
v -0.019003 0.539562 -0.188865
v -0.023603 0.538542 -0.187189
f 4223 4224 4225
f 4223 4225 4224
f 4223 4225 4226
f 4223 4226 4225
f 4223 4226 4227
f 4223 4227 4226
f 4223 4227 4228
f 4223 4228 4227
f 4223 4228 4229
f 4223 4229 4228
f 4223 4229 4230
f 4223 4230 4229
f 4223 4230 4231
f 4223 4231 4230
f 4223 4231 4232
f 4223 4232 4231
f 4223 4232 4233
f 4223 4233 4232
f 4223 4233 4234
f 4223 4234 4233
f 4223 4234 4235
f 4223 4235 4234
f 4223 4235 4236
f 4223 4236 4235
f 4223 4236 4237
f 4223 4237 4236
f 4223 4237 4238
f 4223 4238 4237
f 4223 4238 4239
f 4223 4239 4238
f 4223 4239 4240
f 4223 4240 4239
f 4223 4240 4241
f 4223 4241 4240
f 4223 4241 4242
f 4223 4242 4241
f 4223 4242 4243
f 4223 4243 4242
f 4223 4243 4244
f 4223 4244 4243
f 4223 4244 4245
f 4223 4245 4244
f 4223 4245 4246
f 4223 4246 4245
f 4223 4246 4247
f 4223 4247 4246
f 4223 4247 4248
f 4223 4248 4247
f 4223 4248 4249
f 4223 4249 4248
f 4223 4249 4250
f 4223 4250 4249
f 4223 4250 4251
f 4223 4251 4250
f 4223 4251 4252
f 4223 4252 4251
f 4223 4252 4253
f 4223 4253 4252
f 4223 4253 4254
f 4223 4254 4253
f 4223 4254 4255
f 4223 4255 4254
f 4223 4255 4256
f 4223 4256 4255
f 4223 4256 4257
f 4223 4257 4256
f 4223 4257 4258
f 4223 4258 4257
f 4223 4258 4259
f 4223 4259 4258
f 4223 4259 4260
f 4223 4260 4259
f 4223 4260 4261
f 4223 4261 4260
f 4223 4261 4262
f 4223 4262 4261
f 4223 4262 4263
f 4223 4263 4262
f 4223 4263 4264
f 4223 4264 4263
f 4223 4264 4265
f 4223 4265 4264
f 4223 4265 4266
f 4223 4266 4265
f 4223 4266 4267
f 4223 4267 4266
f 4223 4267 4268
f 4223 4268 4267
v 0.013291 0.506335 -0.143213
v 0.015093 0.509834 -0.147514
v 0.013681 0.511996 -0.152740
v 0.009593 0.511996 -0.156896
v 0.004390 0.509834 -0.158394
v 0.000060 0.506335 -0.156663
v -0.001742 0.502836 -0.152362
v -0.000330 0.500673 -0.147136
v 0.003759 0.500673 -0.142980
v 0.008961 0.502836 -0.141481
v -0.014940 0.551362 -0.119677
v -0.013715 0.553741 -0.122601
v -0.014675 0.555212 -0.126155
v -0.017455 0.555212 -0.128981
v -0.020993 0.553741 -0.130000
v -0.023937 0.551362 -0.128822
v -0.025163 0.548983 -0.125898
v -0.024202 0.547512 -0.122344
v -0.021422 0.547512 -0.119518
v -0.017885 0.548983 -0.118499
f 4269 4270 4280
f 4269 4280 4279
f 4270 4271 4281
f 4270 4281 4280
f 4271 4272 4282
f 4271 4282 4281
f 4272 4273 4283
f 4272 4283 4282
f 4273 4274 4284
f 4273 4284 4283
f 4274 4275 4285
f 4274 4285 4284
f 4275 4276 4286
f 4275 4286 4285
f 4276 4277 4287
f 4276 4287 4286
f 4277 4278 4288
f 4277 4288 4287
f 4278 4269 4279
f 4278 4279 4288
v -0.019439 0.551362 -0.124249
v -0.014905 0.550945 -0.123860
v -0.010025 0.551292 -0.124459
v -0.004836 0.552320 -0.125938
v 0.000600 0.553892 -0.128119
v 0.006203 0.555833 -0.130776
v 0.011880 0.557937 -0.133644
v 0.017533 0.559988 -0.136444
v 0.023066 0.561773 -0.138900
v 0.028390 0.563099 -0.140763
v 0.033434 0.563807 -0.141828
v 0.038146 0.563784 -0.141949
v 0.042501 0.562971 -0.141049
v 0.046497 0.561368 -0.139130
v 0.050162 0.559035 -0.136266
v 0.053546 0.556084 -0.132603
v 0.056722 0.552673 -0.128348
v 0.059778 0.548997 -0.123750
v 0.062810 0.545268 -0.119082
v 0.065916 0.541702 -0.114626
v 0.069188 0.538504 -0.110646
v 0.072708 0.535851 -0.107368
v 0.076536 0.533878 -0.104970
v 0.080711 0.532670 -0.103560
v 0.076178 0.533088 -0.103949
v 0.071297 0.532740 -0.103350
v 0.066108 0.531712 -0.101872
v 0.060672 0.530140 -0.099690
v 0.055069 0.528199 -0.097033
v 0.049392 0.526095 -0.094165
v 0.043739 0.524045 -0.091366
v 0.038207 0.522260 -0.088909
v 0.032883 0.520934 -0.087046
v 0.027839 0.520226 -0.085981
v 0.023126 0.520249 -0.085861
v 0.018772 0.521061 -0.086760
v 0.014776 0.522664 -0.088680
v 0.011111 0.524997 -0.091544
v 0.007726 0.527948 -0.095206
v 0.004550 0.531359 -0.099461
v 0.001494 0.535035 -0.104060
v -0.001537 0.538764 -0.108727
v -0.004643 0.542330 -0.113183
v -0.007916 0.545528 -0.117164
v -0.011435 0.548181 -0.120441
v -0.015264 0.550154 -0.122839
f 4289 4290 4291
f 4289 4291 4290
f 4289 4291 4292
f 4289 4292 4291
f 4289 4292 4293
f 4289 4293 4292
f 4289 4293 4294
f 4289 4294 4293
f 4289 4294 4295
f 4289 4295 4294
f 4289 4295 4296
f 4289 4296 4295
f 4289 4296 4297
f 4289 4297 4296
f 4289 4297 4298
f 4289 4298 4297
f 4289 4298 4299
f 4289 4299 4298
f 4289 4299 4300
f 4289 4300 4299
f 4289 4300 4301
f 4289 4301 4300
f 4289 4301 4302
f 4289 4302 4301
f 4289 4302 4303
f 4289 4303 4302
f 4289 4303 4304
f 4289 4304 4303
f 4289 4304 4305
f 4289 4305 4304
f 4289 4305 4306
f 4289 4306 4305
f 4289 4306 4307
f 4289 4307 4306
f 4289 4307 4308
f 4289 4308 4307
f 4289 4308 4309
f 4289 4309 4308
f 4289 4309 4310
f 4289 4310 4309
f 4289 4310 4311
f 4289 4311 4310
f 4289 4311 4312
f 4289 4312 4311
f 4289 4312 4313
f 4289 4313 4312
f 4289 4313 4314
f 4289 4314 4313
f 4289 4314 4315
f 4289 4315 4314
f 4289 4315 4316
f 4289 4316 4315
f 4289 4316 4317
f 4289 4317 4316
f 4289 4317 4318
f 4289 4318 4317
f 4289 4318 4319
f 4289 4319 4318
f 4289 4319 4320
f 4289 4320 4319
f 4289 4320 4321
f 4289 4321 4320
f 4289 4321 4322
f 4289 4322 4321
f 4289 4322 4323
f 4289 4323 4322
f 4289 4323 4324
f 4289 4324 4323
f 4289 4324 4325
f 4289 4325 4324
f 4289 4325 4326
f 4289 4326 4325
f 4289 4326 4327
f 4289 4327 4326
f 4289 4327 4328
f 4289 4328 4327
f 4289 4328 4329
f 4289 4329 4328
f 4289 4329 4330
f 4289 4330 4329
f 4289 4330 4331
f 4289 4331 4330
f 4289 4331 4332
f 4289 4332 4331
f 4289 4332 4333
f 4289 4333 4332
f 4289 4333 4334
f 4289 4334 4333
v -0.019439 0.551362 -0.124249
v -0.017660 0.552812 -0.127052
v -0.016252 0.554206 -0.130135
v -0.015482 0.555504 -0.133696
v -0.015485 0.556685 -0.137840
v -0.016255 0.557751 -0.142560
v -0.017634 0.558725 -0.147739
v -0.019341 0.559649 -0.153164
v -0.021012 0.560579 -0.158563
v -0.022253 0.561574 -0.163637
v -0.022700 0.562688 -0.168115
v -0.022074 0.563964 -0.171785
v -0.020225 0.565425 -0.174535
v -0.017153 0.567070 -0.176365
v -0.013009 0.568876 -0.177389
v -0.008070 0.570803 -0.177815
v -0.002701 0.572794 -0.177917
v 0.002704 0.574791 -0.177992
v 0.007780 0.576738 -0.178313
v 0.012247 0.578593 -0.179094
v 0.015949 0.580333 -0.180450
v 0.018876 0.581956 -0.182390
v 0.021166 0.583483 -0.184808
v 0.023085 0.584954 -0.187505
v 0.021306 0.583504 -0.184703
v 0.019899 0.582110 -0.181620
v 0.019128 0.580812 -0.178059
v 0.019132 0.579631 -0.173915
v 0.019901 0.578565 -0.169195
v 0.021280 0.577591 -0.164016
v 0.022988 0.576667 -0.158591
v 0.024659 0.575737 -0.153192
v 0.025900 0.574742 -0.148117
v 0.026346 0.573628 -0.143640
v 0.025721 0.572352 -0.139970
v 0.023872 0.570891 -0.137219
v 0.020800 0.569246 -0.135389
v 0.016655 0.567440 -0.134366
v 0.011717 0.565513 -0.133940
v 0.006348 0.563522 -0.133838
v 0.000943 0.561526 -0.133763
v -0.004134 0.559578 -0.133441
v -0.008601 0.557723 -0.132661
v -0.012303 0.555983 -0.131304
v -0.015230 0.554360 -0.129365
v -0.017520 0.552833 -0.126947
f 4335 4336 4337
f 4335 4337 4336
f 4335 4337 4338
f 4335 4338 4337
f 4335 4338 4339
f 4335 4339 4338
f 4335 4339 4340
f 4335 4340 4339
f 4335 4340 4341
f 4335 4341 4340
f 4335 4341 4342
f 4335 4342 4341
f 4335 4342 4343
f 4335 4343 4342
f 4335 4343 4344
f 4335 4344 4343
f 4335 4344 4345
f 4335 4345 4344
f 4335 4345 4346
f 4335 4346 4345
f 4335 4346 4347
f 4335 4347 4346
f 4335 4347 4348
f 4335 4348 4347
f 4335 4348 4349
f 4335 4349 4348
f 4335 4349 4350
f 4335 4350 4349
f 4335 4350 4351
f 4335 4351 4350
f 4335 4351 4352
f 4335 4352 4351
f 4335 4352 4353
f 4335 4353 4352
f 4335 4353 4354
f 4335 4354 4353
f 4335 4354 4355
f 4335 4355 4354
f 4335 4355 4356
f 4335 4356 4355
f 4335 4356 4357
f 4335 4357 4356
f 4335 4357 4358
f 4335 4358 4357
f 4335 4358 4359
f 4335 4359 4358
f 4335 4359 4360
f 4335 4360 4359
f 4335 4360 4361
f 4335 4361 4360
f 4335 4361 4362
f 4335 4362 4361
f 4335 4362 4363
f 4335 4363 4362
f 4335 4363 4364
f 4335 4364 4363
f 4335 4364 4365
f 4335 4365 4364
f 4335 4365 4366
f 4335 4366 4365
f 4335 4366 4367
f 4335 4367 4366
f 4335 4367 4368
f 4335 4368 4367
f 4335 4368 4369
f 4335 4369 4368
f 4335 4369 4370
f 4335 4370 4369
f 4335 4370 4371
f 4335 4371 4370
f 4335 4371 4372
f 4335 4372 4371
f 4335 4372 4373
f 4335 4373 4372
f 4335 4373 4374
f 4335 4374 4373
f 4335 4374 4375
f 4335 4375 4374
f 4335 4375 4376
f 4335 4376 4375
f 4335 4376 4377
f 4335 4377 4376
f 4335 4377 4378
f 4335 4378 4377
f 4335 4378 4379
f 4335 4379 4378
f 4335 4379 4380
f 4335 4380 4379
v -0.019439 0.551362 -0.124249
v -0.021658 0.546732 -0.124873
v -0.023705 0.541954 -0.125061
v -0.025400 0.536872 -0.124359
v -0.026615 0.531374 -0.122440
v -0.027309 0.525426 -0.119204
v -0.027549 0.519087 -0.114819
v -0.027504 0.512501 -0.109712
v -0.027419 0.505880 -0.104505
v -0.027578 0.499470 -0.099913
v -0.028251 0.493504 -0.096623
v -0.029651 0.488167 -0.095174
v -0.031895 0.483559 -0.095860
v -0.034983 0.479679 -0.098683
v -0.038798 0.476428 -0.103346
v -0.043127 0.473622 -0.109311
v -0.047700 0.471026 -0.115891
v -0.052233 0.468395 -0.122372
v -0.056480 0.465518 -0.128130
v -0.060274 0.462249 -0.132739
v -0.063548 0.458530 -0.136031
v -0.066340 0.454396 -0.138107
v -0.068781 0.449958 -0.139291
v -0.071050 0.445371 -0.140041
v -0.068831 0.450001 -0.139418
v -0.066784 0.454779 -0.139229
v -0.065088 0.459862 -0.139931
v -0.063874 0.465359 -0.141850
v -0.063180 0.471307 -0.145086
v -0.062939 0.477646 -0.149471
v -0.062984 0.484233 -0.154578
v -0.063069 0.490853 -0.159786
v -0.062911 0.497263 -0.164377
v -0.062238 0.503229 -0.167667
v -0.060837 0.508566 -0.169116
v -0.058594 0.513175 -0.168430
v -0.055506 0.517054 -0.165607
v -0.051691 0.520305 -0.160944
v -0.047361 0.523111 -0.154979
v -0.042789 0.525707 -0.148399
v -0.038256 0.528338 -0.141919
v -0.034008 0.531215 -0.136160
v -0.030214 0.534484 -0.131551
v -0.026941 0.538203 -0.128259
v -0.024148 0.542337 -0.126184
v -0.021708 0.546775 -0.124999
f 4381 4382 4383
f 4381 4383 4382
f 4381 4383 4384
f 4381 4384 4383
f 4381 4384 4385
f 4381 4385 4384
f 4381 4385 4386
f 4381 4386 4385
f 4381 4386 4387
f 4381 4387 4386
f 4381 4387 4388
f 4381 4388 4387
f 4381 4388 4389
f 4381 4389 4388
f 4381 4389 4390
f 4381 4390 4389
f 4381 4390 4391
f 4381 4391 4390
f 4381 4391 4392
f 4381 4392 4391
f 4381 4392 4393
f 4381 4393 4392
f 4381 4393 4394
f 4381 4394 4393
f 4381 4394 4395
f 4381 4395 4394
f 4381 4395 4396
f 4381 4396 4395
f 4381 4396 4397
f 4381 4397 4396
f 4381 4397 4398
f 4381 4398 4397
f 4381 4398 4399
f 4381 4399 4398
f 4381 4399 4400
f 4381 4400 4399
f 4381 4400 4401
f 4381 4401 4400
f 4381 4401 4402
f 4381 4402 4401
f 4381 4402 4403
f 4381 4403 4402
f 4381 4403 4404
f 4381 4404 4403
f 4381 4404 4405
f 4381 4405 4404
f 4381 4405 4406
f 4381 4406 4405
f 4381 4406 4407
f 4381 4407 4406
f 4381 4407 4408
f 4381 4408 4407
f 4381 4408 4409
f 4381 4409 4408
f 4381 4409 4410
f 4381 4410 4409
f 4381 4410 4411
f 4381 4411 4410
f 4381 4411 4412
f 4381 4412 4411
f 4381 4412 4413
f 4381 4413 4412
f 4381 4413 4414
f 4381 4414 4413
f 4381 4414 4415
f 4381 4415 4414
f 4381 4415 4416
f 4381 4416 4415
f 4381 4416 4417
f 4381 4417 4416
f 4381 4417 4418
f 4381 4418 4417
f 4381 4418 4419
f 4381 4419 4418
f 4381 4419 4420
f 4381 4420 4419
f 4381 4420 4421
f 4381 4421 4420
f 4381 4421 4422
f 4381 4422 4421
f 4381 4422 4423
f 4381 4423 4422
f 4381 4423 4424
f 4381 4424 4423
f 4381 4424 4425
f 4381 4425 4424
f 4381 4425 4426
f 4381 4426 4425
v 0.001975 0.506335 -0.158117
v -0.001024 0.509581 -0.154315
v -0.001083 0.511587 -0.148841
v 0.001822 0.511587 -0.143787
v 0.006580 0.509581 -0.141081
v 0.011376 0.506335 -0.141759
v 0.014375 0.503089 -0.145561
v 0.014434 0.501083 -0.151035
v 0.011529 0.501083 -0.156089
v 0.006771 0.503089 -0.158794
v 0.031767 0.551519 -0.171756
v 0.029727 0.553726 -0.169170
v 0.029687 0.555090 -0.165448
v 0.031662 0.555090 -0.162011
v 0.034898 0.553726 -0.160172
v 0.038159 0.551519 -0.160633
v 0.040199 0.549312 -0.163218
v 0.040239 0.547948 -0.166940
v 0.038264 0.547948 -0.170377
v 0.035028 0.549312 -0.172216
f 4427 4428 4438
f 4427 4438 4437
f 4428 4429 4439
f 4428 4439 4438
f 4429 4430 4440
f 4429 4440 4439
f 4430 4431 4441
f 4430 4441 4440
f 4431 4432 4442
f 4431 4442 4441
f 4432 4433 4443
f 4432 4443 4442
f 4433 4434 4444
f 4433 4444 4443
f 4434 4435 4445
f 4434 4445 4444
f 4435 4436 4446
f 4435 4446 4445
f 4436 4427 4437
f 4436 4437 4446
v 0.034963 0.551519 -0.166194
v 0.032825 0.551174 -0.168729
v 0.030202 0.551238 -0.170972
v 0.026987 0.551803 -0.172855
v 0.023189 0.552858 -0.174386
v 0.018911 0.554319 -0.175626
v 0.014323 0.556041 -0.176679
v 0.009645 0.557839 -0.177678
v 0.005119 0.559510 -0.178768
v 0.000979 0.560854 -0.180092
v -0.002569 0.561699 -0.181774
v -0.005377 0.561919 -0.183904
v -0.007365 0.561447 -0.186531
v -0.008532 0.560284 -0.189653
v -0.008959 0.558495 -0.193225
v -0.008795 0.556207 -0.197154
v -0.008243 0.553593 -0.201317
v -0.007541 0.550851 -0.205571
v -0.006929 0.548186 -0.209771
v -0.006626 0.545781 -0.213784
v -0.006803 0.543782 -0.217506
v -0.007563 0.542274 -0.220876
v -0.008916 0.541267 -0.223886
v -0.010753 0.540668 -0.226604
v -0.008614 0.541012 -0.224069
v -0.005992 0.540949 -0.221826
v -0.002776 0.540384 -0.219943
v 0.001021 0.539329 -0.218412
v 0.005300 0.537868 -0.217172
v 0.009887 0.536146 -0.216119
v 0.014565 0.534348 -0.215120
v 0.019091 0.532677 -0.214030
v 0.023231 0.531333 -0.212706
v 0.026780 0.530488 -0.211024
v 0.029588 0.530268 -0.208894
v 0.031575 0.530739 -0.206267
v 0.032743 0.531903 -0.203145
v 0.033169 0.533692 -0.199573
v 0.033005 0.535980 -0.195644
v 0.032454 0.538594 -0.191481
v 0.031751 0.541335 -0.187227
v 0.031139 0.544001 -0.183027
v 0.030836 0.546406 -0.179014
v 0.031014 0.548405 -0.175292
v 0.031773 0.549913 -0.171923
v 0.033126 0.550920 -0.168912
f 4447 4448 4449
f 4447 4449 4448
f 4447 4449 4450
f 4447 4450 4449
f 4447 4450 4451
f 4447 4451 4450
f 4447 4451 4452
f 4447 4452 4451
f 4447 4452 4453
f 4447 4453 4452
f 4447 4453 4454
f 4447 4454 4453
f 4447 4454 4455
f 4447 4455 4454
f 4447 4455 4456
f 4447 4456 4455
f 4447 4456 4457
f 4447 4457 4456
f 4447 4457 4458
f 4447 4458 4457
f 4447 4458 4459
f 4447 4459 4458
f 4447 4459 4460
f 4447 4460 4459
f 4447 4460 4461
f 4447 4461 4460
f 4447 4461 4462
f 4447 4462 4461
f 4447 4462 4463
f 4447 4463 4462
f 4447 4463 4464
f 4447 4464 4463
f 4447 4464 4465
f 4447 4465 4464
f 4447 4465 4466
f 4447 4466 4465
f 4447 4466 4467
f 4447 4467 4466
f 4447 4467 4468
f 4447 4468 4467
f 4447 4468 4469
f 4447 4469 4468
f 4447 4469 4470
f 4447 4470 4469
f 4447 4470 4471
f 4447 4471 4470
f 4447 4471 4472
f 4447 4472 4471
f 4447 4472 4473
f 4447 4473 4472
f 4447 4473 4474
f 4447 4474 4473
f 4447 4474 4475
f 4447 4475 4474
f 4447 4475 4476
f 4447 4476 4475
f 4447 4476 4477
f 4447 4477 4476
f 4447 4477 4478
f 4447 4478 4477
f 4447 4478 4479
f 4447 4479 4478
f 4447 4479 4480
f 4447 4480 4479
f 4447 4480 4481
f 4447 4481 4480
f 4447 4481 4482
f 4447 4482 4481
f 4447 4482 4483
f 4447 4483 4482
f 4447 4483 4484
f 4447 4484 4483
f 4447 4484 4485
f 4447 4485 4484
f 4447 4485 4486
f 4447 4486 4485
f 4447 4486 4487
f 4447 4487 4486
f 4447 4487 4488
f 4447 4488 4487
f 4447 4488 4489
f 4447 4489 4488
f 4447 4489 4490
f 4447 4490 4489
f 4447 4490 4491
f 4447 4491 4490
f 4447 4491 4492
f 4447 4492 4491
v 0.034963 0.551519 -0.166194
v 0.036359 0.550880 -0.162637
v 0.038133 0.549937 -0.159268
v 0.040539 0.548484 -0.156214
v 0.043703 0.546422 -0.153537
v 0.047607 0.543763 -0.151229
v 0.052093 0.540636 -0.149210
v 0.056885 0.537262 -0.147344
v 0.061630 0.533927 -0.145454
v 0.065949 0.530934 -0.143352
v 0.069493 0.528565 -0.140865
v 0.071999 0.527033 -0.137860
v 0.073321 0.526453 -0.134267
v 0.073460 0.526825 -0.130084
v 0.072560 0.528035 -0.125384
v 0.070886 0.529868 -0.120298
v 0.068786 0.532044 -0.115001
v 0.066639 0.534257 -0.109679
v 0.064797 0.536225 -0.104510
v 0.063538 0.537724 -0.099631
v 0.063019 0.538627 -0.095121
v 0.063257 0.538919 -0.090987
v 0.064129 0.538703 -0.087169
v 0.065377 0.538182 -0.083539
v 0.063981 0.538821 -0.087096
v 0.062208 0.539765 -0.090465
v 0.059802 0.541217 -0.093519
v 0.056638 0.543280 -0.096196
v 0.052734 0.545938 -0.098504
v 0.048248 0.549066 -0.100523
v 0.043455 0.552439 -0.102389
v 0.038711 0.555775 -0.104278
v 0.034392 0.558767 -0.106380
v 0.030847 0.561136 -0.108867
v 0.028342 0.562669 -0.111872
v 0.027019 0.563249 -0.115466
v 0.026880 0.562876 -0.119649
v 0.027780 0.561666 -0.124349
v 0.029454 0.559834 -0.129434
v 0.031554 0.557658 -0.134732
v 0.033702 0.555444 -0.140053
v 0.035543 0.553476 -0.145222
v 0.036802 0.551978 -0.150101
v 0.037322 0.551075 -0.154612
v 0.037083 0.550782 -0.158745
v 0.036212 0.550998 -0.162564
f 4493 4494 4495
f 4493 4495 4494
f 4493 4495 4496
f 4493 4496 4495
f 4493 4496 4497
f 4493 4497 4496
f 4493 4497 4498
f 4493 4498 4497
f 4493 4498 4499
f 4493 4499 4498
f 4493 4499 4500
f 4493 4500 4499
f 4493 4500 4501
f 4493 4501 4500
f 4493 4501 4502
f 4493 4502 4501
f 4493 4502 4503
f 4493 4503 4502
f 4493 4503 4504
f 4493 4504 4503
f 4493 4504 4505
f 4493 4505 4504
f 4493 4505 4506
f 4493 4506 4505
f 4493 4506 4507
f 4493 4507 4506
f 4493 4507 4508
f 4493 4508 4507
f 4493 4508 4509
f 4493 4509 4508
f 4493 4509 4510
f 4493 4510 4509
f 4493 4510 4511
f 4493 4511 4510
f 4493 4511 4512
f 4493 4512 4511
f 4493 4512 4513
f 4493 4513 4512
f 4493 4513 4514
f 4493 4514 4513
f 4493 4514 4515
f 4493 4515 4514
f 4493 4515 4516
f 4493 4516 4515
f 4493 4516 4517
f 4493 4517 4516
f 4493 4517 4518
f 4493 4518 4517
f 4493 4518 4519
f 4493 4519 4518
f 4493 4519 4520
f 4493 4520 4519
f 4493 4520 4521
f 4493 4521 4520
f 4493 4521 4522
f 4493 4522 4521
f 4493 4522 4523
f 4493 4523 4522
f 4493 4523 4524
f 4493 4524 4523
f 4493 4524 4525
f 4493 4525 4524
f 4493 4525 4526
f 4493 4526 4525
f 4493 4526 4527
f 4493 4527 4526
f 4493 4527 4528
f 4493 4528 4527
f 4493 4528 4529
f 4493 4529 4528
f 4493 4529 4530
f 4493 4530 4529
f 4493 4530 4531
f 4493 4531 4530
f 4493 4531 4532
f 4493 4532 4531
f 4493 4532 4533
f 4493 4533 4532
f 4493 4533 4534
f 4493 4534 4533
f 4493 4534 4535
f 4493 4535 4534
f 4493 4535 4536
f 4493 4536 4535
f 4493 4536 4537
f 4493 4537 4536
f 4493 4537 4538
f 4493 4538 4537
v 0.030572 0.423400 -0.127572
v 0.025328 0.427233 -0.121977
v 0.024463 0.429602 -0.113783
v 0.028308 0.429602 -0.106120
v 0.035394 0.427233 -0.101915
v 0.043015 0.423400 -0.102774
v 0.048259 0.419567 -0.108370
v 0.049123 0.417198 -0.116564
v 0.045278 0.417198 -0.124227
v 0.038193 0.419567 -0.128431
v 0.074325 0.511118 -0.144559
v 0.070759 0.513725 -0.140754
v 0.070171 0.515336 -0.135182
v 0.072786 0.515336 -0.129971
v 0.077604 0.513725 -0.127112
v 0.082786 0.511118 -0.127697
v 0.086352 0.508512 -0.131501
v 0.086940 0.506901 -0.137073
v 0.084325 0.506901 -0.142284
v 0.079507 0.508512 -0.145143
f 4539 4540 4550
f 4539 4550 4549
f 4540 4541 4551
f 4540 4551 4550
f 4541 4542 4552
f 4541 4552 4551
f 4542 4543 4553
f 4542 4553 4552
f 4543 4544 4554
f 4543 4554 4553
f 4544 4545 4555
f 4544 4555 4554
f 4545 4546 4556
f 4545 4556 4555
f 4546 4547 4557
f 4546 4557 4556
f 4547 4548 4558
f 4547 4558 4557
f 4548 4539 4549
f 4548 4549 4558
v 0.078556 0.511118 -0.136128
v 0.074212 0.510886 -0.139253
v 0.069184 0.511166 -0.141602
v 0.063337 0.512057 -0.143024
v 0.056700 0.513538 -0.143549
v 0.049418 0.515500 -0.143344
v 0.041730 0.517767 -0.142678
v 0.033933 0.520114 -0.141889
v 0.026354 0.522298 -0.141347
v 0.019309 0.524085 -0.141410
v 0.013069 0.525269 -0.142386
v 0.007835 0.525702 -0.144502
v 0.003713 0.525305 -0.147878
v 0.000701 0.524078 -0.152513
v -0.001305 0.522101 -0.158288
v -0.002505 0.519521 -0.164977
v -0.003172 0.516543 -0.172270
v -0.003621 0.513402 -0.179810
v -0.004178 0.510342 -0.187227
v -0.005142 0.507586 -0.194184
v -0.006750 0.505311 -0.200410
v -0.009149 0.503627 -0.205739
v -0.012367 0.502554 -0.210141
v -0.016268 0.501992 -0.213767
v -0.011924 0.502224 -0.210642
v -0.006896 0.501944 -0.208293
v -0.001050 0.501054 -0.206871
v 0.005587 0.499573 -0.206346
v 0.012869 0.497610 -0.206551
v 0.020558 0.495344 -0.207217
v 0.028354 0.492997 -0.208006
v 0.035933 0.490812 -0.208548
v 0.042979 0.489026 -0.208485
v 0.049218 0.487842 -0.207509
v 0.054452 0.487409 -0.205393
v 0.058575 0.487805 -0.202017
v 0.061586 0.489032 -0.197382
v 0.063592 0.491010 -0.191607
v 0.064793 0.493589 -0.184919
v 0.065459 0.496568 -0.177625
v 0.065908 0.499708 -0.170085
v 0.066465 0.502768 -0.162668
v 0.067429 0.505524 -0.155711
v 0.069037 0.507799 -0.149485
v 0.071436 0.509483 -0.144156
v 0.074654 0.510556 -0.139754
f 4559 4560 4561
f 4559 4561 4560
f 4559 4561 4562
f 4559 4562 4561
f 4559 4562 4563
f 4559 4563 4562
f 4559 4563 4564
f 4559 4564 4563
f 4559 4564 4565
f 4559 4565 4564
f 4559 4565 4566
f 4559 4566 4565
f 4559 4566 4567
f 4559 4567 4566
f 4559 4567 4568
f 4559 4568 4567
f 4559 4568 4569
f 4559 4569 4568
f 4559 4569 4570
f 4559 4570 4569
f 4559 4570 4571
f 4559 4571 4570
f 4559 4571 4572
f 4559 4572 4571
f 4559 4572 4573
f 4559 4573 4572
f 4559 4573 4574
f 4559 4574 4573
f 4559 4574 4575
f 4559 4575 4574
f 4559 4575 4576
f 4559 4576 4575
f 4559 4576 4577
f 4559 4577 4576
f 4559 4577 4578
f 4559 4578 4577
f 4559 4578 4579
f 4559 4579 4578
f 4559 4579 4580
f 4559 4580 4579
f 4559 4580 4581
f 4559 4581 4580
f 4559 4581 4582
f 4559 4582 4581
f 4559 4582 4583
f 4559 4583 4582
f 4559 4583 4584
f 4559 4584 4583
f 4559 4584 4585
f 4559 4585 4584
f 4559 4585 4586
f 4559 4586 4585
f 4559 4586 4587
f 4559 4587 4586
f 4559 4587 4588
f 4559 4588 4587
f 4559 4588 4589
f 4559 4589 4588
f 4559 4589 4590
f 4559 4590 4589
f 4559 4590 4591
f 4559 4591 4590
f 4559 4591 4592
f 4559 4592 4591
f 4559 4592 4593
f 4559 4593 4592
f 4559 4593 4594
f 4559 4594 4593
f 4559 4594 4595
f 4559 4595 4594
f 4559 4595 4596
f 4559 4596 4595
f 4559 4596 4597
f 4559 4597 4596
f 4559 4597 4598
f 4559 4598 4597
f 4559 4598 4599
f 4559 4599 4598
f 4559 4599 4600
f 4559 4600 4599
f 4559 4600 4601
f 4559 4601 4600
f 4559 4601 4602
f 4559 4602 4601
f 4559 4602 4603
f 4559 4603 4602
f 4559 4603 4604
f 4559 4604 4603
v 0.078556 0.511118 -0.136128
v 0.079942 0.508169 -0.131815
v 0.082627 0.504464 -0.128081
v 0.086375 0.500139 -0.124819
v 0.090929 0.495346 -0.121915
v 0.095992 0.490256 -0.119238
v 0.101243 0.485056 -0.116644
v 0.106354 0.479938 -0.113988
v 0.111010 0.475085 -0.111130
v 0.114929 0.470661 -0.107944
v 0.117882 0.466800 -0.104328
v 0.119707 0.463595 -0.100211
v 0.120322 0.461095 -0.095556
v 0.119726 0.459301 -0.090362
v 0.118002 0.458163 -0.084667
v 0.115313 0.457587 -0.078542
v 0.111887 0.457441 -0.072089
v 0.108005 0.457559 -0.065434
v 0.103983 0.457760 -0.058717
v 0.100149 0.457851 -0.052083
v 0.096825 0.457645 -0.045676
v 0.094306 0.456970 -0.039627
v 0.092851 0.455676 -0.034051
v 0.092694 0.453625 -0.029052
v 0.091307 0.456574 -0.033364
v 0.088622 0.460280 -0.037099
v 0.084874 0.464604 -0.040361
v 0.080320 0.469398 -0.043265
v 0.075257 0.474488 -0.045942
v 0.070006 0.479687 -0.048536
v 0.064895 0.484805 -0.051191
v 0.060240 0.489658 -0.054050
v 0.056321 0.494082 -0.057236
v 0.053368 0.497943 -0.060851
v 0.051542 0.501148 -0.064968
v 0.050927 0.503648 -0.069624
v 0.051523 0.505443 -0.074818
v 0.053247 0.506580 -0.080513
v 0.055937 0.507156 -0.086638
v 0.059363 0.507303 -0.093091
v 0.063244 0.507184 -0.099746
v 0.067266 0.506984 -0.106463
v 0.071100 0.506893 -0.113097
v 0.074424 0.507099 -0.119504
v 0.076943 0.507774 -0.125553
v 0.078399 0.509068 -0.131129
f 4605 4606 4607
f 4605 4607 4606
f 4605 4607 4608
f 4605 4608 4607
f 4605 4608 4609
f 4605 4609 4608
f 4605 4609 4610
f 4605 4610 4609
f 4605 4610 4611
f 4605 4611 4610
f 4605 4611 4612
f 4605 4612 4611
f 4605 4612 4613
f 4605 4613 4612
f 4605 4613 4614
f 4605 4614 4613
f 4605 4614 4615
f 4605 4615 4614
f 4605 4615 4616
f 4605 4616 4615
f 4605 4616 4617
f 4605 4617 4616
f 4605 4617 4618
f 4605 4618 4617
f 4605 4618 4619
f 4605 4619 4618
f 4605 4619 4620
f 4605 4620 4619
f 4605 4620 4621
f 4605 4621 4620
f 4605 4621 4622
f 4605 4622 4621
f 4605 4622 4623
f 4605 4623 4622
f 4605 4623 4624
f 4605 4624 4623
f 4605 4624 4625
f 4605 4625 4624
f 4605 4625 4626
f 4605 4626 4625
f 4605 4626 4627
f 4605 4627 4626
f 4605 4627 4628
f 4605 4628 4627
f 4605 4628 4629
f 4605 4629 4628
f 4605 4629 4630
f 4605 4630 4629
f 4605 4630 4631
f 4605 4631 4630
f 4605 4631 4632
f 4605 4632 4631
f 4605 4632 4633
f 4605 4633 4632
f 4605 4633 4634
f 4605 4634 4633
f 4605 4634 4635
f 4605 4635 4634
f 4605 4635 4636
f 4605 4636 4635
f 4605 4636 4637
f 4605 4637 4636
f 4605 4637 4638
f 4605 4638 4637
f 4605 4638 4639
f 4605 4639 4638
f 4605 4639 4640
f 4605 4640 4639
f 4605 4640 4641
f 4605 4641 4640
f 4605 4641 4642
f 4605 4642 4641
f 4605 4642 4643
f 4605 4643 4642
f 4605 4643 4644
f 4605 4644 4643
f 4605 4644 4645
f 4605 4645 4644
f 4605 4645 4646
f 4605 4646 4645
f 4605 4646 4647
f 4605 4647 4646
f 4605 4647 4648
f 4605 4648 4647
f 4605 4648 4649
f 4605 4649 4648
f 4605 4649 4650
f 4605 4650 4649
v 0.073885 0.511118 -0.144323
v 0.073373 0.516422 -0.141958
v 0.074841 0.519700 -0.137366
v 0.077727 0.519700 -0.132300
v 0.080930 0.516422 -0.128697
v 0.083226 0.511118 -0.127932
v 0.083738 0.505814 -0.130298
v 0.082271 0.502536 -0.134890
v 0.079384 0.502536 -0.139955
v 0.076181 0.505814 -0.143558
v 0.123228 0.527899 -0.168969
v 0.122880 0.531505 -0.167360
v 0.123878 0.533734 -0.164237
v 0.125840 0.533734 -0.160793
v 0.128018 0.531505 -0.158343
v 0.129580 0.527899 -0.157823
v 0.129928 0.524292 -0.159431
v 0.128930 0.522063 -0.162554
v 0.126967 0.522063 -0.165998
v 0.124789 0.524292 -0.168448
f 4651 4652 4662
f 4651 4662 4661
f 4652 4653 4663
f 4652 4663 4662
f 4653 4654 4664
f 4653 4664 4663
f 4654 4655 4665
f 4654 4665 4664
f 4655 4656 4666
f 4655 4666 4665
f 4656 4657 4667
f 4656 4667 4666
f 4657 4658 4668
f 4657 4668 4667
f 4658 4659 4669
f 4658 4669 4668
f 4659 4660 4670
f 4659 4670 4669
f 4660 4651 4661
f 4660 4661 4670
v 0.126404 0.527899 -0.163396
v 0.124575 0.526863 -0.165654
v 0.122548 0.526276 -0.167984
v 0.120227 0.526357 -0.170418
v 0.117578 0.527183 -0.172970
v 0.114627 0.528694 -0.175630
v 0.111454 0.530709 -0.178370
v 0.108180 0.532954 -0.181145
v 0.104951 0.535098 -0.183905
v 0.101917 0.536798 -0.186594
v 0.099214 0.537747 -0.189166
v 0.096943 0.537714 -0.191582
v 0.095159 0.536576 -0.193825
v 0.093863 0.534331 -0.195893
v 0.092999 0.531104 -0.197807
v 0.092465 0.527127 -0.199603
v 0.092127 0.522706 -0.201328
v 0.091834 0.518183 -0.203038
v 0.091440 0.513890 -0.204784
v 0.090823 0.510101 -0.206609
v 0.089905 0.506998 -0.208542
v 0.088658 0.504639 -0.210593
v 0.087118 0.502949 -0.212748
v 0.085379 0.501707 -0.214975
v 0.087209 0.502743 -0.212716
v 0.089235 0.503330 -0.210387
v 0.091556 0.503249 -0.207952
v 0.094205 0.502423 -0.205400
v 0.097156 0.500912 -0.202740
v 0.100329 0.498896 -0.200001
v 0.103603 0.496651 -0.197225
v 0.106832 0.494508 -0.194466
v 0.109866 0.492807 -0.191776
v 0.112570 0.491858 -0.189205
v 0.114840 0.491891 -0.186788
v 0.116624 0.493030 -0.184545
v 0.117921 0.495275 -0.182477
v 0.118785 0.498501 -0.180563
v 0.119318 0.502479 -0.178768
v 0.119656 0.506900 -0.177042
v 0.119949 0.511423 -0.175332
v 0.120343 0.515716 -0.173587
v 0.120960 0.519504 -0.171761
v 0.121878 0.522608 -0.169828
v 0.123125 0.524967 -0.167778
v 0.124666 0.526657 -0.165622
f 4671 4672 4673
f 4671 4673 4672
f 4671 4673 4674
f 4671 4674 4673
f 4671 4674 4675
f 4671 4675 4674
f 4671 4675 4676
f 4671 4676 4675
f 4671 4676 4677
f 4671 4677 4676
f 4671 4677 4678
f 4671 4678 4677
f 4671 4678 4679
f 4671 4679 4678
f 4671 4679 4680
f 4671 4680 4679
f 4671 4680 4681
f 4671 4681 4680
f 4671 4681 4682
f 4671 4682 4681
f 4671 4682 4683
f 4671 4683 4682
f 4671 4683 4684
f 4671 4684 4683
f 4671 4684 4685
f 4671 4685 4684
f 4671 4685 4686
f 4671 4686 4685
f 4671 4686 4687
f 4671 4687 4686
f 4671 4687 4688
f 4671 4688 4687
f 4671 4688 4689
f 4671 4689 4688
f 4671 4689 4690
f 4671 4690 4689
f 4671 4690 4691
f 4671 4691 4690
f 4671 4691 4692
f 4671 4692 4691
f 4671 4692 4693
f 4671 4693 4692
f 4671 4693 4694
f 4671 4694 4693
f 4671 4694 4695
f 4671 4695 4694
f 4671 4695 4696
f 4671 4696 4695
f 4671 4696 4697
f 4671 4697 4696
f 4671 4697 4698
f 4671 4698 4697
f 4671 4698 4699
f 4671 4699 4698
f 4671 4699 4700
f 4671 4700 4699
f 4671 4700 4701
f 4671 4701 4700
f 4671 4701 4702
f 4671 4702 4701
f 4671 4702 4703
f 4671 4703 4702
f 4671 4703 4704
f 4671 4704 4703
f 4671 4704 4705
f 4671 4705 4704
f 4671 4705 4706
f 4671 4706 4705
f 4671 4706 4707
f 4671 4707 4706
f 4671 4707 4708
f 4671 4708 4707
f 4671 4708 4709
f 4671 4709 4708
f 4671 4709 4710
f 4671 4710 4709
f 4671 4710 4711
f 4671 4711 4710
f 4671 4711 4712
f 4671 4712 4711
f 4671 4712 4713
f 4671 4713 4712
f 4671 4713 4714
f 4671 4714 4713
f 4671 4714 4715
f 4671 4715 4714
f 4671 4715 4716
f 4671 4716 4715
v 0.126404 0.527899 -0.163396
v 0.126792 0.530480 -0.158356
v 0.127923 0.532006 -0.152661
v 0.129812 0.532459 -0.146298
v 0.132360 0.531976 -0.139353
v 0.135398 0.530800 -0.131977
v 0.138699 0.529249 -0.124369
v 0.142009 0.527686 -0.116752
v 0.145066 0.526481 -0.109359
v 0.147626 0.525983 -0.102404
v 0.149483 0.526480 -0.096069
v 0.150489 0.528184 -0.090484
v 0.150568 0.531204 -0.085717
v 0.149719 0.535539 -0.081769
v 0.148020 0.541081 -0.078571
v 0.145618 0.547619 -0.075992
v 0.142718 0.554863 -0.073852
v 0.139566 0.562465 -0.071935
v 0.136422 0.570055 -0.070010
v 0.133542 0.577271 -0.067853
v 0.131151 0.583794 -0.065265
v 0.129420 0.589380 -0.062094
v 0.128446 0.593893 -0.058256
v 0.128216 0.597351 -0.053762
v 0.127828 0.594770 -0.058801
v 0.126696 0.593243 -0.064496
v 0.124808 0.592790 -0.070859
v 0.122259 0.593274 -0.077804
v 0.119222 0.594450 -0.085180
v 0.115920 0.596001 -0.092789
v 0.112611 0.597564 -0.100405
v 0.109554 0.598768 -0.107798
v 0.106994 0.599267 -0.114753
v 0.105137 0.598769 -0.121088
v 0.104130 0.597066 -0.126673
v 0.104051 0.594046 -0.131440
v 0.104900 0.589710 -0.135388
v 0.106600 0.584169 -0.138587
v 0.109002 0.577630 -0.141165
v 0.111901 0.570387 -0.143305
v 0.115054 0.562784 -0.145222
v 0.118198 0.555194 -0.147147
v 0.121077 0.547979 -0.149304
v 0.123469 0.541456 -0.151893
v 0.125199 0.535870 -0.155063
v 0.126173 0.531357 -0.158902
f 4717 4718 4719
f 4717 4719 4718
f 4717 4719 4720
f 4717 4720 4719
f 4717 4720 4721
f 4717 4721 4720
f 4717 4721 4722
f 4717 4722 4721
f 4717 4722 4723
f 4717 4723 4722
f 4717 4723 4724
f 4717 4724 4723
f 4717 4724 4725
f 4717 4725 4724
f 4717 4725 4726
f 4717 4726 4725
f 4717 4726 4727
f 4717 4727 4726
f 4717 4727 4728
f 4717 4728 4727
f 4717 4728 4729
f 4717 4729 4728
f 4717 4729 4730
f 4717 4730 4729
f 4717 4730 4731
f 4717 4731 4730
f 4717 4731 4732
f 4717 4732 4731
f 4717 4732 4733
f 4717 4733 4732
f 4717 4733 4734
f 4717 4734 4733
f 4717 4734 4735
f 4717 4735 4734
f 4717 4735 4736
f 4717 4736 4735
f 4717 4736 4737
f 4717 4737 4736
f 4717 4737 4738
f 4717 4738 4737
f 4717 4738 4739
f 4717 4739 4738
f 4717 4739 4740
f 4717 4740 4739
f 4717 4740 4741
f 4717 4741 4740
f 4717 4741 4742
f 4717 4742 4741
f 4717 4742 4743
f 4717 4743 4742
f 4717 4743 4744
f 4717 4744 4743
f 4717 4744 4745
f 4717 4745 4744
f 4717 4745 4746
f 4717 4746 4745
f 4717 4746 4747
f 4717 4747 4746
f 4717 4747 4748
f 4717 4748 4747
f 4717 4748 4749
f 4717 4749 4748
f 4717 4749 4750
f 4717 4750 4749
f 4717 4750 4751
f 4717 4751 4750
f 4717 4751 4752
f 4717 4752 4751
f 4717 4752 4753
f 4717 4753 4752
f 4717 4753 4754
f 4717 4754 4753
f 4717 4754 4755
f 4717 4755 4754
f 4717 4755 4756
f 4717 4756 4755
f 4717 4756 4757
f 4717 4757 4756
f 4717 4757 4758
f 4717 4758 4757
f 4717 4758 4759
f 4717 4759 4758
f 4717 4759 4760
f 4717 4760 4759
f 4717 4760 4761
f 4717 4761 4760
f 4717 4761 4762
f 4717 4762 4761
v 0.126404 0.527899 -0.163396
v 0.126825 0.523507 -0.160056
v 0.127027 0.518013 -0.157779
v 0.127029 0.511517 -0.156470
v 0.126869 0.504208 -0.155945
v 0.126598 0.496342 -0.155958
v 0.126276 0.488218 -0.156219
v 0.125967 0.480159 -0.156418
v 0.125734 0.472483 -0.156248
v 0.125635 0.465478 -0.155429
v 0.125717 0.459385 -0.153731
v 0.126015 0.454373 -0.150989
v 0.126546 0.450532 -0.147118
v 0.127310 0.447861 -0.142118
v 0.128289 0.446271 -0.136074
v 0.129451 0.445593 -0.129150
v 0.130746 0.445587 -0.121578
v 0.132117 0.445963 -0.113637
v 0.133501 0.446404 -0.105634
v 0.134834 0.446588 -0.097879
v 0.136056 0.446214 -0.090661
v 0.137116 0.445027 -0.084229
v 0.137976 0.442838 -0.078763
v 0.138617 0.439547 -0.074360
v 0.138195 0.443939 -0.077700
v 0.137994 0.449433 -0.079977
v 0.137991 0.455929 -0.081286
v 0.138151 0.463238 -0.081811
v 0.138422 0.471104 -0.081798
v 0.138744 0.479228 -0.081537
v 0.139054 0.487287 -0.081338
v 0.139287 0.494963 -0.081508
v 0.139386 0.501968 -0.082327
v 0.139304 0.508061 -0.084025
v 0.139006 0.513073 -0.086767
v 0.138475 0.516914 -0.090638
v 0.137711 0.519585 -0.095638
v 0.136731 0.521175 -0.101682
v 0.135570 0.521853 -0.108606
v 0.134275 0.521859 -0.116178
v 0.132903 0.521483 -0.124119
v 0.131519 0.521042 -0.132122
v 0.130186 0.520858 -0.139877
v 0.128965 0.521232 -0.147095
v 0.127905 0.522419 -0.153527
v 0.127044 0.524608 -0.158993
f 4763 4764 4765
f 4763 4765 4764
f 4763 4765 4766
f 4763 4766 4765
f 4763 4766 4767
f 4763 4767 4766
f 4763 4767 4768
f 4763 4768 4767
f 4763 4768 4769
f 4763 4769 4768
f 4763 4769 4770
f 4763 4770 4769
f 4763 4770 4771
f 4763 4771 4770
f 4763 4771 4772
f 4763 4772 4771
f 4763 4772 4773
f 4763 4773 4772
f 4763 4773 4774
f 4763 4774 4773
f 4763 4774 4775
f 4763 4775 4774
f 4763 4775 4776
f 4763 4776 4775
f 4763 4776 4777
f 4763 4777 4776
f 4763 4777 4778
f 4763 4778 4777
f 4763 4778 4779
f 4763 4779 4778
f 4763 4779 4780
f 4763 4780 4779
f 4763 4780 4781
f 4763 4781 4780
f 4763 4781 4782
f 4763 4782 4781
f 4763 4782 4783
f 4763 4783 4782
f 4763 4783 4784
f 4763 4784 4783
f 4763 4784 4785
f 4763 4785 4784
f 4763 4785 4786
f 4763 4786 4785
f 4763 4786 4787
f 4763 4787 4786
f 4763 4787 4788
f 4763 4788 4787
f 4763 4788 4789
f 4763 4789 4788
f 4763 4789 4790
f 4763 4790 4789
f 4763 4790 4791
f 4763 4791 4790
f 4763 4791 4792
f 4763 4792 4791
f 4763 4792 4793
f 4763 4793 4792
f 4763 4793 4794
f 4763 4794 4793
f 4763 4794 4795
f 4763 4795 4794
f 4763 4795 4796
f 4763 4796 4795
f 4763 4796 4797
f 4763 4797 4796
f 4763 4797 4798
f 4763 4798 4797
f 4763 4798 4799
f 4763 4799 4798
f 4763 4799 4800
f 4763 4800 4799
f 4763 4800 4801
f 4763 4801 4800
f 4763 4801 4802
f 4763 4802 4801
f 4763 4802 4803
f 4763 4803 4802
f 4763 4803 4804
f 4763 4804 4803
f 4763 4804 4805
f 4763 4805 4804
f 4763 4805 4806
f 4763 4806 4805
f 4763 4806 4807
f 4763 4807 4806
f 4763 4807 4808
f 4763 4808 4807
v 0.078556 0.514626 -0.127371
v 0.084081 0.514387 -0.129216
v 0.087495 0.512899 -0.133701
v 0.087495 0.510731 -0.139113
v 0.084081 0.508711 -0.143384
v 0.078556 0.507610 -0.144884
v 0.073031 0.507849 -0.143039
v 0.069616 0.509337 -0.138554
v 0.069616 0.511505 -0.133143
v 0.073031 0.513525 -0.128871
v 0.073755 0.566547 -0.151425
v 0.077512 0.566385 -0.152679
v 0.079834 0.565373 -0.155729
v 0.079834 0.563899 -0.159409
v 0.077512 0.562525 -0.162314
v 0.073755 0.561776 -0.163333
v 0.069998 0.561939 -0.162079
v 0.067676 0.562950 -0.159029
v 0.067676 0.564425 -0.155349
v 0.069998 0.565799 -0.152445
f 4809 4810 4820
f 4809 4820 4819
f 4810 4811 4821
f 4810 4821 4820
f 4811 4812 4822
f 4811 4822 4821
f 4812 4813 4823
f 4812 4823 4822
f 4813 4814 4824
f 4813 4824 4823
f 4814 4815 4825
f 4814 4825 4824
f 4815 4816 4826
f 4815 4826 4825
f 4816 4817 4827
f 4816 4827 4826
f 4817 4818 4828
f 4817 4828 4827
f 4818 4809 4819
f 4818 4819 4828
v 0.073755 0.564162 -0.157379
v 0.072136 0.563666 -0.152130
v 0.071121 0.563311 -0.146667
v 0.071195 0.563208 -0.140819
v 0.072636 0.563424 -0.134486
v 0.075463 0.563962 -0.127662
v 0.079422 0.564763 -0.120437
v 0.084023 0.565712 -0.112985
v 0.088606 0.566658 -0.105539
v 0.092448 0.567432 -0.098356
v 0.094874 0.567876 -0.091674
v 0.095366 0.567871 -0.085678
v 0.093641 0.567351 -0.080466
v 0.089699 0.566315 -0.076040
v 0.083822 0.564830 -0.072300
v 0.076530 0.563016 -0.069060
v 0.068497 0.561029 -0.066083
v 0.060447 0.559039 -0.063113
v 0.053037 0.557197 -0.059915
v 0.046760 0.555619 -0.056316
v 0.041869 0.554362 -0.052226
v 0.038345 0.553424 -0.047652
v 0.035909 0.552739 -0.042693
v 0.034078 0.552194 -0.037519
v 0.035698 0.552689 -0.042768
v 0.036712 0.553045 -0.048231
v 0.036639 0.553147 -0.054079
v 0.035198 0.552931 -0.060412
v 0.032371 0.552394 -0.067236
v 0.028411 0.551593 -0.074461
v 0.023810 0.550643 -0.081913
v 0.019228 0.549697 -0.089358
v 0.015386 0.548924 -0.096542
v 0.012959 0.548479 -0.103224
v 0.012467 0.548484 -0.109220
v 0.014192 0.549004 -0.114432
v 0.018134 0.550040 -0.118858
v 0.024011 0.551525 -0.122598
v 0.031303 0.553340 -0.125838
v 0.039336 0.555326 -0.128815
v 0.047386 0.557317 -0.131785
v 0.054796 0.559158 -0.134983
v 0.061073 0.560737 -0.138582
v 0.065965 0.561993 -0.142671
v 0.069488 0.562931 -0.147246
v 0.071924 0.563617 -0.152205
f 4829 4830 4831
f 4829 4831 4830
f 4829 4831 4832
f 4829 4832 4831
f 4829 4832 4833
f 4829 4833 4832
f 4829 4833 4834
f 4829 4834 4833
f 4829 4834 4835
f 4829 4835 4834
f 4829 4835 4836
f 4829 4836 4835
f 4829 4836 4837
f 4829 4837 4836
f 4829 4837 4838
f 4829 4838 4837
f 4829 4838 4839
f 4829 4839 4838
f 4829 4839 4840
f 4829 4840 4839
f 4829 4840 4841
f 4829 4841 4840
f 4829 4841 4842
f 4829 4842 4841
f 4829 4842 4843
f 4829 4843 4842
f 4829 4843 4844
f 4829 4844 4843
f 4829 4844 4845
f 4829 4845 4844
f 4829 4845 4846
f 4829 4846 4845
f 4829 4846 4847
f 4829 4847 4846
f 4829 4847 4848
f 4829 4848 4847
f 4829 4848 4849
f 4829 4849 4848
f 4829 4849 4850
f 4829 4850 4849
f 4829 4850 4851
f 4829 4851 4850
f 4829 4851 4852
f 4829 4852 4851
f 4829 4852 4853
f 4829 4853 4852
f 4829 4853 4854
f 4829 4854 4853
f 4829 4854 4855
f 4829 4855 4854
f 4829 4855 4856
f 4829 4856 4855
f 4829 4856 4857
f 4829 4857 4856
f 4829 4857 4858
f 4829 4858 4857
f 4829 4858 4859
f 4829 4859 4858
f 4829 4859 4860
f 4829 4860 4859
f 4829 4860 4861
f 4829 4861 4860
f 4829 4861 4862
f 4829 4862 4861
f 4829 4862 4863
f 4829 4863 4862
f 4829 4863 4864
f 4829 4864 4863
f 4829 4864 4865
f 4829 4865 4864
f 4829 4865 4866
f 4829 4866 4865
f 4829 4866 4867
f 4829 4867 4866
f 4829 4867 4868
f 4829 4868 4867
f 4829 4868 4869
f 4829 4869 4868
f 4829 4869 4870
f 4829 4870 4869
f 4829 4870 4871
f 4829 4871 4870
f 4829 4871 4872
f 4829 4872 4871
f 4829 4872 4873
f 4829 4873 4872
f 4829 4873 4874
f 4829 4874 4873
v 0.073755 0.564162 -0.157379
v 0.075821 0.561537 -0.159082
v 0.077678 0.558836 -0.160926
v 0.079035 0.555954 -0.163110
v 0.079632 0.552797 -0.165809
v 0.079339 0.549318 -0.169111
v 0.078209 0.545536 -0.172980
v 0.076496 0.541542 -0.177245
v 0.074618 0.537489 -0.181622
v 0.073087 0.533562 -0.185763
v 0.072414 0.529945 -0.189322
v 0.073010 0.526787 -0.192022
v 0.075100 0.524171 -0.193709
v 0.078686 0.522096 -0.194381
v 0.083539 0.520480 -0.194195
v 0.089251 0.519175 -0.193427
v 0.095310 0.517996 -0.192423
v 0.101204 0.516757 -0.191531
v 0.106515 0.515307 -0.191035
v 0.110989 0.513554 -0.191105
v 0.114572 0.511478 -0.191780
v 0.117397 0.509128 -0.192969
v 0.119721 0.506596 -0.194497
v 0.121835 0.503988 -0.196167
v 0.119769 0.506613 -0.194464
v 0.117912 0.509314 -0.192620
v 0.116555 0.512196 -0.190436
v 0.115958 0.515353 -0.187737
v 0.116251 0.518832 -0.184435
v 0.117381 0.522614 -0.180566
v 0.119094 0.526608 -0.176301
v 0.120972 0.530661 -0.171924
v 0.122503 0.534589 -0.167783
v 0.123175 0.538205 -0.164224
v 0.122580 0.541363 -0.161524
v 0.120490 0.543979 -0.159838
v 0.116904 0.546054 -0.159165
v 0.112051 0.547670 -0.159351
v 0.106339 0.548975 -0.160119
v 0.100280 0.550154 -0.161123
v 0.094386 0.551393 -0.162015
v 0.089075 0.552843 -0.162511
v 0.084601 0.554596 -0.162441
v 0.081017 0.556672 -0.161766
v 0.078193 0.559022 -0.160578
v 0.075869 0.561554 -0.159049
f 4875 4876 4877
f 4875 4877 4876
f 4875 4877 4878
f 4875 4878 4877
f 4875 4878 4879
f 4875 4879 4878
f 4875 4879 4880
f 4875 4880 4879
f 4875 4880 4881
f 4875 4881 4880
f 4875 4881 4882
f 4875 4882 4881
f 4875 4882 4883
f 4875 4883 4882
f 4875 4883 4884
f 4875 4884 4883
f 4875 4884 4885
f 4875 4885 4884
f 4875 4885 4886
f 4875 4886 4885
f 4875 4886 4887
f 4875 4887 4886
f 4875 4887 4888
f 4875 4888 4887
f 4875 4888 4889
f 4875 4889 4888
f 4875 4889 4890
f 4875 4890 4889
f 4875 4890 4891
f 4875 4891 4890
f 4875 4891 4892
f 4875 4892 4891
f 4875 4892 4893
f 4875 4893 4892
f 4875 4893 4894
f 4875 4894 4893
f 4875 4894 4895
f 4875 4895 4894
f 4875 4895 4896
f 4875 4896 4895
f 4875 4896 4897
f 4875 4897 4896
f 4875 4897 4898
f 4875 4898 4897
f 4875 4898 4899
f 4875 4899 4898
f 4875 4899 4900
f 4875 4900 4899
f 4875 4900 4901
f 4875 4901 4900
f 4875 4901 4902
f 4875 4902 4901
f 4875 4902 4903
f 4875 4903 4902
f 4875 4903 4904
f 4875 4904 4903
f 4875 4904 4905
f 4875 4905 4904
f 4875 4905 4906
f 4875 4906 4905
f 4875 4906 4907
f 4875 4907 4906
f 4875 4907 4908
f 4875 4908 4907
f 4875 4908 4909
f 4875 4909 4908
f 4875 4909 4910
f 4875 4910 4909
f 4875 4910 4911
f 4875 4911 4910
f 4875 4911 4912
f 4875 4912 4911
f 4875 4912 4913
f 4875 4913 4912
f 4875 4913 4914
f 4875 4914 4913
f 4875 4914 4915
f 4875 4915 4914
f 4875 4915 4916
f 4875 4916 4915
f 4875 4916 4917
f 4875 4917 4916
f 4875 4917 4918
f 4875 4918 4917
f 4875 4918 4919
f 4875 4919 4918
f 4875 4919 4920
f 4875 4920 4919
v 0.073755 0.564162 -0.157379
v 0.068955 0.562236 -0.158300
v 0.063433 0.560765 -0.157924
v 0.057310 0.559671 -0.156470
v 0.050728 0.558866 -0.154192
v 0.043852 0.558245 -0.151387
v 0.036863 0.557695 -0.148379
v 0.029949 0.557099 -0.145504
v 0.023287 0.556344 -0.143083
v 0.017039 0.555329 -0.141404
v 0.011336 0.553971 -0.140704
v 0.006270 0.552213 -0.141148
v 0.001890 0.550024 -0.142821
v -0.001805 0.547404 -0.145725
v -0.004862 0.544383 -0.149774
v -0.007375 0.541020 -0.154800
v -0.009473 0.537396 -0.160568
v -0.011319 0.533614 -0.166791
v -0.013091 0.529785 -0.173146
v -0.014975 0.526027 -0.179300
v -0.017154 0.522454 -0.184925
v -0.019791 0.519170 -0.189726
v -0.023029 0.516262 -0.193450
v -0.026990 0.513810 -0.195877
v -0.022190 0.515735 -0.194956
v -0.016668 0.517207 -0.195332
v -0.010545 0.518300 -0.196786
v -0.003963 0.519106 -0.199064
v 0.002913 0.519726 -0.201869
v 0.009901 0.520276 -0.204877
v 0.016816 0.520872 -0.207752
v 0.023478 0.521627 -0.210173
v 0.029726 0.522642 -0.211851
v 0.035429 0.524000 -0.212552
v 0.040494 0.525758 -0.212108
v 0.044875 0.527948 -0.210434
v 0.048569 0.530568 -0.207531
v 0.051627 0.533588 -0.203482
v 0.054139 0.536952 -0.198456
v 0.056238 0.540575 -0.192688
v 0.058083 0.544357 -0.186465
v 0.059855 0.548186 -0.180109
v 0.061740 0.551944 -0.173956
v 0.063918 0.555517 -0.168331
v 0.066556 0.558802 -0.163530
v 0.069794 0.561709 -0.159806
f 4921 4922 4923
f 4921 4923 4922
f 4921 4923 4924
f 4921 4924 4923
f 4921 4924 4925
f 4921 4925 4924
f 4921 4925 4926
f 4921 4926 4925
f 4921 4926 4927
f 4921 4927 4926
f 4921 4927 4928
f 4921 4928 4927
f 4921 4928 4929
f 4921 4929 4928
f 4921 4929 4930
f 4921 4930 4929
f 4921 4930 4931
f 4921 4931 4930
f 4921 4931 4932
f 4921 4932 4931
f 4921 4932 4933
f 4921 4933 4932
f 4921 4933 4934
f 4921 4934 4933
f 4921 4934 4935
f 4921 4935 4934
f 4921 4935 4936
f 4921 4936 4935
f 4921 4936 4937
f 4921 4937 4936
f 4921 4937 4938
f 4921 4938 4937
f 4921 4938 4939
f 4921 4939 4938
f 4921 4939 4940
f 4921 4940 4939
f 4921 4940 4941
f 4921 4941 4940
f 4921 4941 4942
f 4921 4942 4941
f 4921 4942 4943
f 4921 4943 4942
f 4921 4943 4944
f 4921 4944 4943
f 4921 4944 4945
f 4921 4945 4944
f 4921 4945 4946
f 4921 4946 4945
f 4921 4946 4947
f 4921 4947 4946
f 4921 4947 4948
f 4921 4948 4947
f 4921 4948 4949
f 4921 4949 4948
f 4921 4949 4950
f 4921 4950 4949
f 4921 4950 4951
f 4921 4951 4950
f 4921 4951 4952
f 4921 4952 4951
f 4921 4952 4953
f 4921 4953 4952
f 4921 4953 4954
f 4921 4954 4953
f 4921 4954 4955
f 4921 4955 4954
f 4921 4955 4956
f 4921 4956 4955
f 4921 4956 4957
f 4921 4957 4956
f 4921 4957 4958
f 4921 4958 4957
f 4921 4958 4959
f 4921 4959 4958
f 4921 4959 4960
f 4921 4960 4959
f 4921 4960 4961
f 4921 4961 4960
f 4921 4961 4962
f 4921 4962 4961
f 4921 4962 4963
f 4921 4963 4962
f 4921 4963 4964
f 4921 4964 4963
f 4921 4964 4965
f 4921 4965 4964
f 4921 4965 4966
f 4921 4966 4965
v 0.078556 0.507858 -0.127276
v 0.083874 0.507008 -0.129509
v 0.087160 0.507729 -0.134270
v 0.087160 0.509744 -0.139740
v 0.083874 0.512284 -0.143831
v 0.078556 0.514379 -0.144979
v 0.073238 0.515228 -0.142747
v 0.069951 0.514508 -0.137986
v 0.069951 0.512493 -0.132515
v 0.073238 0.509953 -0.128424
v 0.095795 0.563738 -0.109910
v 0.099411 0.563161 -0.111428
v 0.101646 0.563650 -0.114666
v 0.101646 0.565021 -0.118386
v 0.099411 0.566748 -0.121167
v 0.095795 0.568172 -0.121948
v 0.092178 0.568750 -0.120430
v 0.089943 0.568260 -0.117193
v 0.089943 0.566890 -0.113473
v 0.092178 0.565163 -0.110691
f 4967 4968 4978
f 4967 4978 4977
f 4968 4969 4979
f 4968 4979 4978
f 4969 4970 4980
f 4969 4980 4979
f 4970 4971 4981
f 4970 4981 4980
f 4971 4972 4982
f 4971 4982 4981
f 4972 4973 4983
f 4972 4983 4982
f 4973 4974 4984
f 4973 4984 4983
f 4974 4975 4985
f 4974 4985 4984
f 4975 4976 4986
f 4975 4986 4985
f 4976 4967 4977
f 4976 4977 4986
v 0.095795 0.565955 -0.115929
v 0.095500 0.563434 -0.113905
v 0.095948 0.560698 -0.111931
v 0.097205 0.557727 -0.110011
v 0.099200 0.554543 -0.108140
v 0.101765 0.551193 -0.106308
v 0.104661 0.547748 -0.104497
v 0.107606 0.544288 -0.102690
v 0.110304 0.540900 -0.100866
v 0.112473 0.537665 -0.099007
v 0.113875 0.534652 -0.097097
v 0.114336 0.531912 -0.095123
v 0.113765 0.529471 -0.093081
v 0.112163 0.527329 -0.090970
v 0.109619 0.525460 -0.088796
v 0.106309 0.523812 -0.086570
v 0.102469 0.522318 -0.084309
v 0.098383 0.520896 -0.082032
v 0.094346 0.519459 -0.079758
v 0.090640 0.517927 -0.077506
v 0.087503 0.516229 -0.075292
v 0.085105 0.514317 -0.073127
v 0.083516 0.512171 -0.071017
v 0.082669 0.509810 -0.068956
v 0.082963 0.512332 -0.070980
v 0.082515 0.515068 -0.072954
v 0.081258 0.518038 -0.074874
v 0.079263 0.521223 -0.076745
v 0.076699 0.524572 -0.078578
v 0.073803 0.528018 -0.080388
v 0.070858 0.531478 -0.082195
v 0.068160 0.534866 -0.084019
v 0.065990 0.538101 -0.085878
v 0.064588 0.541113 -0.087788
v 0.064127 0.543853 -0.089762
v 0.064698 0.546294 -0.091804
v 0.066301 0.548436 -0.093915
v 0.068844 0.550306 -0.096090
v 0.072155 0.551953 -0.098315
v 0.075994 0.553447 -0.100576
v 0.080080 0.554870 -0.102853
v 0.084118 0.556306 -0.105128
v 0.087824 0.557839 -0.107380
v 0.090960 0.559537 -0.109593
v 0.093358 0.561448 -0.111758
v 0.094948 0.563594 -0.113868
f 4987 4988 4989
f 4987 4989 4988
f 4987 4989 4990
f 4987 4990 4989
f 4987 4990 4991
f 4987 4991 4990
f 4987 4991 4992
f 4987 4992 4991
f 4987 4992 4993
f 4987 4993 4992
f 4987 4993 4994
f 4987 4994 4993
f 4987 4994 4995
f 4987 4995 4994
f 4987 4995 4996
f 4987 4996 4995
f 4987 4996 4997
f 4987 4997 4996
f 4987 4997 4998
f 4987 4998 4997
f 4987 4998 4999
f 4987 4999 4998
f 4987 4999 5000
f 4987 5000 4999
f 4987 5000 5001
f 4987 5001 5000
f 4987 5001 5002
f 4987 5002 5001
f 4987 5002 5003
f 4987 5003 5002
f 4987 5003 5004
f 4987 5004 5003
f 4987 5004 5005
f 4987 5005 5004
f 4987 5005 5006
f 4987 5006 5005
f 4987 5006 5007
f 4987 5007 5006
f 4987 5007 5008
f 4987 5008 5007
f 4987 5008 5009
f 4987 5009 5008
f 4987 5009 5010
f 4987 5010 5009
f 4987 5010 5011
f 4987 5011 5010
f 4987 5011 5012
f 4987 5012 5011
f 4987 5012 5013
f 4987 5013 5012
f 4987 5013 5014
f 4987 5014 5013
f 4987 5014 5015
f 4987 5015 5014
f 4987 5015 5016
f 4987 5016 5015
f 4987 5016 5017
f 4987 5017 5016
f 4987 5017 5018
f 4987 5018 5017
f 4987 5018 5019
f 4987 5019 5018
f 4987 5019 5020
f 4987 5020 5019
f 4987 5020 5021
f 4987 5021 5020
f 4987 5021 5022
f 4987 5022 5021
f 4987 5022 5023
f 4987 5023 5022
f 4987 5023 5024
f 4987 5024 5023
f 4987 5024 5025
f 4987 5025 5024
f 4987 5025 5026
f 4987 5026 5025
f 4987 5026 5027
f 4987 5027 5026
f 4987 5027 5028
f 4987 5028 5027
f 4987 5028 5029
f 4987 5029 5028
f 4987 5029 5030
f 4987 5030 5029
f 4987 5030 5031
f 4987 5031 5030
f 4987 5031 5032
f 4987 5032 5031
v 0.095795 0.565955 -0.115929
v 0.097136 0.564605 -0.118767
v 0.097903 0.563712 -0.122353
v 0.098229 0.563166 -0.126509
v 0.098237 0.562873 -0.131078
v 0.098056 0.562730 -0.135893
v 0.097819 0.562632 -0.140781
v 0.097660 0.562471 -0.145567
v 0.097704 0.562150 -0.150090
v 0.098062 0.561579 -0.154205
v 0.098824 0.560689 -0.157797
v 0.100051 0.559430 -0.160783
v 0.101777 0.557776 -0.163122
v 0.104002 0.555726 -0.164814
v 0.106692 0.553307 -0.165901
v 0.109785 0.550569 -0.166465
v 0.113193 0.547582 -0.166621
v 0.116804 0.544433 -0.166513
v 0.120492 0.541223 -0.166304
v 0.124125 0.538057 -0.166167
v 0.127569 0.535041 -0.166276
v 0.130694 0.532278 -0.166798
v 0.133380 0.529863 -0.167892
v 0.135490 0.527904 -0.169732
v 0.134148 0.529254 -0.166894
v 0.133382 0.530147 -0.163308
v 0.133056 0.530693 -0.159152
v 0.133047 0.530986 -0.154583
v 0.133229 0.531128 -0.149768
v 0.133465 0.531227 -0.144880
v 0.133624 0.531388 -0.140094
v 0.133580 0.531709 -0.135571
v 0.133222 0.532280 -0.131456
v 0.132461 0.533170 -0.127864
v 0.131233 0.534429 -0.124878
v 0.129507 0.536083 -0.122539
v 0.127283 0.538133 -0.120847
v 0.124593 0.540552 -0.119760
v 0.121499 0.543290 -0.119196
v 0.118091 0.546277 -0.119040
v 0.114481 0.549426 -0.119148
v 0.110792 0.552636 -0.119357
v 0.107159 0.555802 -0.119494
v 0.103716 0.558818 -0.119385
v 0.100590 0.561581 -0.118863
v 0.097905 0.563996 -0.117769
f 5033 5034 5035
f 5033 5035 5034
f 5033 5035 5036
f 5033 5036 5035
f 5033 5036 5037
f 5033 5037 5036
f 5033 5037 5038
f 5033 5038 5037
f 5033 5038 5039
f 5033 5039 5038
f 5033 5039 5040
f 5033 5040 5039
f 5033 5040 5041
f 5033 5041 5040
f 5033 5041 5042
f 5033 5042 5041
f 5033 5042 5043
f 5033 5043 5042
f 5033 5043 5044
f 5033 5044 5043
f 5033 5044 5045
f 5033 5045 5044
f 5033 5045 5046
f 5033 5046 5045
f 5033 5046 5047
f 5033 5047 5046
f 5033 5047 5048
f 5033 5048 5047
f 5033 5048 5049
f 5033 5049 5048
f 5033 5049 5050
f 5033 5050 5049
f 5033 5050 5051
f 5033 5051 5050
f 5033 5051 5052
f 5033 5052 5051
f 5033 5052 5053
f 5033 5053 5052
f 5033 5053 5054
f 5033 5054 5053
f 5033 5054 5055
f 5033 5055 5054
f 5033 5055 5056
f 5033 5056 5055
f 5033 5056 5057
f 5033 5057 5056
f 5033 5057 5058
f 5033 5058 5057
f 5033 5058 5059
f 5033 5059 5058
f 5033 5059 5060
f 5033 5060 5059
f 5033 5060 5061
f 5033 5061 5060
f 5033 5061 5062
f 5033 5062 5061
f 5033 5062 5063
f 5033 5063 5062
f 5033 5063 5064
f 5033 5064 5063
f 5033 5064 5065
f 5033 5065 5064
f 5033 5065 5066
f 5033 5066 5065
f 5033 5066 5067
f 5033 5067 5066
f 5033 5067 5068
f 5033 5068 5067
f 5033 5068 5069
f 5033 5069 5068
f 5033 5069 5070
f 5033 5070 5069
f 5033 5070 5071
f 5033 5071 5070
f 5033 5071 5072
f 5033 5072 5071
f 5033 5072 5073
f 5033 5073 5072
f 5033 5073 5074
f 5033 5074 5073
f 5033 5074 5075
f 5033 5075 5074
f 5033 5075 5076
f 5033 5076 5075
f 5033 5076 5077
f 5033 5077 5076
f 5033 5077 5078
f 5033 5078 5077
v 0.095795 0.565955 -0.115929
v 0.090924 0.567001 -0.118568
v 0.085442 0.567897 -0.120278
v 0.079181 0.568602 -0.120802
v 0.072134 0.569113 -0.120134
v 0.064424 0.569462 -0.118456
v 0.056274 0.569703 -0.116109
v 0.047978 0.569907 -0.113540
v 0.039866 0.570157 -0.111251
v 0.032263 0.570532 -0.109736
v 0.025454 0.571102 -0.109428
v 0.019648 0.571918 -0.110644
v 0.014955 0.573008 -0.113554
v 0.011377 0.574372 -0.118158
v 0.008802 0.575982 -0.124287
v 0.007019 0.577787 -0.131622
v 0.005747 0.579717 -0.139732
v 0.004658 0.581692 -0.148121
v 0.003423 0.583631 -0.156288
v 0.001748 0.585463 -0.163786
v -0.000590 0.587131 -0.170275
v -0.003714 0.588606 -0.175571
v -0.007617 0.589890 -0.179681
v -0.012130 0.591024 -0.182863
v -0.007260 0.589978 -0.180224
v -0.001778 0.589082 -0.178514
v 0.004484 0.588377 -0.177990
v 0.011530 0.587866 -0.178658
v 0.019240 0.587517 -0.180336
v 0.027390 0.587276 -0.182683
v 0.035686 0.587072 -0.185252
v 0.043798 0.586822 -0.187541
v 0.051401 0.586447 -0.189056
v 0.058210 0.585877 -0.189364
v 0.064016 0.585061 -0.188148
v 0.068709 0.583971 -0.185238
v 0.072287 0.582607 -0.180634
v 0.074863 0.580997 -0.174505
v 0.076645 0.579192 -0.167170
v 0.077917 0.577262 -0.159060
v 0.079006 0.575287 -0.150671
v 0.080241 0.573348 -0.142504
v 0.081916 0.571516 -0.135006
v 0.084254 0.569848 -0.128517
v 0.087378 0.568373 -0.123221
v 0.091281 0.567089 -0.119111
f 5079 5080 5081
f 5079 5081 5080
f 5079 5081 5082
f 5079 5082 5081
f 5079 5082 5083
f 5079 5083 5082
f 5079 5083 5084
f 5079 5084 5083
f 5079 5084 5085
f 5079 5085 5084
f 5079 5085 5086
f 5079 5086 5085
f 5079 5086 5087
f 5079 5087 5086
f 5079 5087 5088
f 5079 5088 5087
f 5079 5088 5089
f 5079 5089 5088
f 5079 5089 5090
f 5079 5090 5089
f 5079 5090 5091
f 5079 5091 5090
f 5079 5091 5092
f 5079 5092 5091
f 5079 5092 5093
f 5079 5093 5092
f 5079 5093 5094
f 5079 5094 5093
f 5079 5094 5095
f 5079 5095 5094
f 5079 5095 5096
f 5079 5096 5095
f 5079 5096 5097
f 5079 5097 5096
f 5079 5097 5098
f 5079 5098 5097
f 5079 5098 5099
f 5079 5099 5098
f 5079 5099 5100
f 5079 5100 5099
f 5079 5100 5101
f 5079 5101 5100
f 5079 5101 5102
f 5079 5102 5101
f 5079 5102 5103
f 5079 5103 5102
f 5079 5103 5104
f 5079 5104 5103
f 5079 5104 5105
f 5079 5105 5104
f 5079 5105 5106
f 5079 5106 5105
f 5079 5106 5107
f 5079 5107 5106
f 5079 5107 5108
f 5079 5108 5107
f 5079 5108 5109
f 5079 5109 5108
f 5079 5109 5110
f 5079 5110 5109
f 5079 5110 5111
f 5079 5111 5110
f 5079 5111 5112
f 5079 5112 5111
f 5079 5112 5113
f 5079 5113 5112
f 5079 5113 5114
f 5079 5114 5113
f 5079 5114 5115
f 5079 5115 5114
f 5079 5115 5116
f 5079 5116 5115
f 5079 5116 5117
f 5079 5117 5116
f 5079 5117 5118
f 5079 5118 5117
f 5079 5118 5119
f 5079 5119 5118
f 5079 5119 5120
f 5079 5120 5119
f 5079 5120 5121
f 5079 5121 5120
f 5079 5121 5122
f 5079 5122 5121
f 5079 5122 5123
f 5079 5123 5122
f 5079 5123 5124
f 5079 5124 5123
