o mesh
v 0.000000 0.000000 0.030000
v 0.017634 0.000000 0.024271
v 0.028532 0.000000 0.009271
v 0.028532 0.000000 -0.009271
v 0.017634 0.000000 -0.024271
v 0.000000 0.000000 -0.030000
v -0.017634 0.000000 -0.024271
v -0.028532 0.000000 -0.009271
v -0.028532 0.000000 0.009271
v -0.017634 0.000000 0.024271
v 0.000000 0.300000 0.020400
v 0.011991 0.300000 0.016504
v 0.019402 0.300000 0.006304
v 0.019402 0.300000 -0.006304
v 0.011991 0.300000 -0.016504
v 0.000000 0.300000 -0.020400
v -0.011991 0.300000 -0.016504
v -0.019402 0.300000 -0.006304
v -0.019402 0.300000 0.006304
v -0.011991 0.300000 0.016504
f 1 2 12
f 1 12 11
f 2 3 13
f 2 13 12
f 3 4 14
f 3 14 13
f 4 5 15
f 4 15 14
f 5 6 16
f 5 16 15
f 6 7 17
f 6 17 16
f 7 8 18
f 7 18 17
f 8 9 19
f 8 19 18
f 9 10 20
f 9 20 19
f 10 1 11
f 10 11 20
v -0.002622 0.300000 0.020231
v 0.007442 0.307126 0.017607
v 0.014664 0.311530 0.008257
v 0.016284 0.311530 -0.004246
v 0.011685 0.307126 -0.015128
v 0.002622 0.300000 -0.020231
v -0.007442 0.292874 -0.017607
v -0.014664 0.288470 -0.008257
v -0.016284 0.288470 0.004246
v -0.011685 0.292874 0.015128
v -0.099336 0.433118 0.001113
v -0.092493 0.437964 -0.000671
v -0.087582 0.440959 -0.007029
v -0.086480 0.440959 -0.015531
v -0.089608 0.437964 -0.022931
v -0.095770 0.433118 -0.026401
v -0.102614 0.428272 -0.024616
v -0.107525 0.425277 -0.018259
v -0.108627 0.425277 -0.009756
v -0.105499 0.428272 -0.002357
f 21 22 32
f 21 32 31
f 22 23 33
f 22 33 32
f 23 24 34
f 23 34 33
f 24 25 35
f 24 35 34
f 25 26 36
f 25 36 35
f 26 27 37
f 26 37 36
f 27 28 38
f 27 38 37
f 28 29 39
f 28 39 38
f 29 30 40
f 29 40 39
f 30 21 31
f 30 31 40
v -0.100255 0.433118 0.000963
v -0.097622 0.440981 -0.001216
v -0.094963 0.445841 -0.007759
v -0.093294 0.445841 -0.016169
v -0.093251 0.440981 -0.023231
v -0.094852 0.433118 -0.026250
v -0.097485 0.425255 -0.024072
v -0.100144 0.420395 -0.017528
v -0.101813 0.420395 -0.009119
v -0.101855 0.425255 -0.002056
v -0.200093 0.461296 -0.023383
v -0.198303 0.466643 -0.024864
v -0.196495 0.469947 -0.029314
v -0.195360 0.469947 -0.035032
v -0.195331 0.466643 -0.039835
v -0.196420 0.461296 -0.041888
v -0.198210 0.455949 -0.040406
v -0.200018 0.452645 -0.035957
v -0.201153 0.452645 -0.030238
v -0.201182 0.455949 -0.025436
f 41 42 52
f 41 52 51
f 42 43 53
f 42 53 52
f 43 44 54
f 43 54 53
f 44 45 55
f 44 55 54
f 45 46 56
f 45 56 55
f 46 47 57
f 46 57 56
f 47 48 58
f 47 58 57
f 48 49 59
f 48 59 58
f 49 50 60
f 49 60 59
f 50 41 51
f 50 51 60
v -0.198257 0.461296 -0.032635
v -0.196881 0.460044 -0.028130
v -0.195280 0.459809 -0.023323
v -0.193419 0.460757 -0.018165
v -0.191309 0.462827 -0.012673
v -0.189001 0.465798 -0.006914
v -0.186570 0.469324 -0.000990
v -0.184110 0.472980 0.004973
v -0.181723 0.476306 0.010837
v -0.179507 0.478862 0.016473
v -0.177544 0.480267 0.021767
v -0.175897 0.480246 0.026638
v -0.174596 0.478651 0.031041
v -0.173644 0.475483 0.034977
v -0.173006 0.470888 0.038489
v -0.172623 0.465142 0.041660
v -0.172410 0.458626 0.044602
v -0.172269 0.451781 0.047446
v -0.172100 0.445066 0.050328
v -0.171808 0.438906 0.053375
v -0.171318 0.433646 0.056690
v -0.170579 0.429508 0.060338
v -0.169580 0.426553 0.064338
v -0.168355 0.424616 0.068639
v -0.169731 0.425868 0.064134
v -0.171332 0.426102 0.059327
v -0.173193 0.425155 0.054168
v -0.175303 0.423084 0.048677
v -0.177611 0.420113 0.042918
v -0.180042 0.416587 0.036994
v -0.182502 0.412932 0.031031
v -0.184889 0.409606 0.025167
v -0.187105 0.407050 0.019531
v -0.189068 0.405644 0.014236
v -0.190716 0.405666 0.009366
v -0.192016 0.407261 0.004963
v -0.192968 0.410429 0.001027
v -0.193606 0.415024 -0.002485
v -0.193989 0.420769 -0.005656
v -0.194202 0.427285 -0.008598
v -0.194343 0.434130 -0.011442
v -0.194512 0.440846 -0.014324
v -0.194804 0.447006 -0.017372
v -0.195294 0.452266 -0.020686
v -0.196033 0.456403 -0.024334
v -0.197032 0.459358 -0.028334
f 61 62 63
f 61 63 62
f 61 63 64
f 61 64 63
f 61 64 65
f 61 65 64
f 61 65 66
f 61 66 65
f 61 66 67
f 61 67 66
f 61 67 68
f 61 68 67
f 61 68 69
f 61 69 68
f 61 69 70
f 61 70 69
f 61 70 71
f 61 71 70
f 61 71 72
f 61 72 71
f 61 72 73
f 61 73 72
f 61 73 74
f 61 74 73
f 61 74 75
f 61 75 74
f 61 75 76
f 61 76 75
f 61 76 77
f 61 77 76
f 61 77 78
f 61 78 77
f 61 78 79
f 61 79 78
f 61 79 80
f 61 80 79
f 61 80 81
f 61 81 80
f 61 81 82
f 61 82 81
f 61 82 83
f 61 83 82
f 61 83 84
f 61 84 83
f 61 84 85
f 61 85 84
f 61 85 86
f 61 86 85
f 61 86 87
f 61 87 86
f 61 87 88
f 61 88 87
f 61 88 89
f 61 89 88
f 61 89 90
f 61 90 89
f 61 90 91
f 61 91 90
f 61 91 92
f 61 92 91
f 61 92 93
f 61 93 92
f 61 93 94
f 61 94 93
f 61 94 95
f 61 95 94
f 61 95 96
f 61 96 95
f 61 96 97
f 61 97 96
f 61 97 98
f 61 98 97
f 61 98 99
f 61 99 98
f 61 99 100
f 61 100 99
f 61 100 101
f 61 101 100
f 61 101 102
f 61 102 101
f 61 102 103
f 61 103 102
f 61 103 104
f 61 104 103
f 61 104 105
f 61 105 104
f 61 105 106
f 61 106 105
v -0.198257 0.461296 -0.032635
v -0.197383 0.459735 -0.035687
v -0.196670 0.457719 -0.038570
v -0.196213 0.454977 -0.041184
v -0.196056 0.451389 -0.043483
v -0.196184 0.446994 -0.045483
v -0.196531 0.441981 -0.047253
v -0.196986 0.436659 -0.048909
v -0.197415 0.431414 -0.050594
v -0.197671 0.426657 -0.052459
v -0.197624 0.422757 -0.054643
v -0.197173 0.419998 -0.057250
v -0.196266 0.418532 -0.060337
v -0.194902 0.418357 -0.063903
v -0.193135 0.419324 -0.067893
v -0.191064 0.421148 -0.072202
v -0.188822 0.423460 -0.076691
v -0.186552 0.425849 -0.081210
v -0.184390 0.427929 -0.085613
v -0.182448 0.429391 -0.089787
v -0.180791 0.430045 -0.093661
v -0.179433 0.429854 -0.097222
v -0.178332 0.428936 -0.100512
v -0.177391 0.427564 -0.103634
v -0.178265 0.429126 -0.100583
v -0.178978 0.431141 -0.097699
v -0.179434 0.433883 -0.095086
v -0.179592 0.437471 -0.092786
v -0.179464 0.441866 -0.090787
v -0.179117 0.446879 -0.089016
v -0.178661 0.452202 -0.087361
v -0.178233 0.457446 -0.085676
v -0.177977 0.462204 -0.083811
v -0.178024 0.466103 -0.081627
v -0.178474 0.468862 -0.079020
v -0.179382 0.470329 -0.075933
v -0.180746 0.470503 -0.072366
v -0.182513 0.469537 -0.068376
v -0.184584 0.467712 -0.064067
v -0.186826 0.465401 -0.059578
v -0.189096 0.463012 -0.055060
v -0.191257 0.460931 -0.050657
v -0.193200 0.459470 -0.046483
v -0.194857 0.458815 -0.042608
v -0.196215 0.459006 -0.039048
v -0.197316 0.459924 -0.035757
f 107 108 109
f 107 109 108
f 107 109 110
f 107 110 109
f 107 110 111
f 107 111 110
f 107 111 112
f 107 112 111
f 107 112 113
f 107 113 112
f 107 113 114
f 107 114 113
f 107 114 115
f 107 115 114
f 107 115 116
f 107 116 115
f 107 116 117
f 107 117 116
f 107 117 118
f 107 118 117
f 107 118 119
f 107 119 118
f 107 119 120
f 107 120 119
f 107 120 121
f 107 121 120
f 107 121 122
f 107 122 121
f 107 122 123
f 107 123 122
f 107 123 124
f 107 124 123
f 107 124 125
f 107 125 124
f 107 125 126
f 107 126 125
f 107 126 127
f 107 127 126
f 107 127 128
f 107 128 127
f 107 128 129
f 107 129 128
f 107 129 130
f 107 130 129
f 107 130 131
f 107 131 130
f 107 131 132
f 107 132 131
f 107 132 133
f 107 133 132
f 107 133 134
f 107 134 133
f 107 134 135
f 107 135 134
f 107 135 136
f 107 136 135
f 107 136 137
f 107 137 136
f 107 137 138
f 107 138 137
f 107 138 139
f 107 139 138
f 107 139 140
f 107 140 139
f 107 140 141
f 107 141 140
f 107 141 142
f 107 142 141
f 107 142 143
f 107 143 142
f 107 143 144
f 107 144 143
f 107 144 145
f 107 145 144
f 107 145 146
f 107 146 145
f 107 146 147
f 107 147 146
f 107 147 148
f 107 148 147
f 107 148 149
f 107 149 148
f 107 149 150
f 107 150 149
f 107 150 151
f 107 151 150
f 107 151 152
f 107 152 151
v -0.201771 0.461296 -0.023881
v -0.202594 0.466602 -0.026153
v -0.201760 0.469881 -0.030901
v -0.199588 0.469881 -0.036311
v -0.196908 0.466602 -0.040317
v -0.194742 0.461296 -0.041389
v -0.193919 0.455990 -0.039117
v -0.194753 0.452711 -0.034370
v -0.196925 0.452711 -0.028959
v -0.199606 0.455990 -0.024953
v -0.250524 0.444985 -0.046708
v -0.251084 0.448593 -0.048253
v -0.250517 0.450822 -0.051481
v -0.249040 0.450822 -0.055160
v -0.247217 0.448593 -0.057884
v -0.245744 0.444985 -0.058613
v -0.245185 0.441377 -0.057068
v -0.245752 0.439147 -0.053840
v -0.247229 0.439147 -0.050161
v -0.249052 0.441377 -0.047437
f 153 154 164
f 153 164 163
f 154 155 165
f 154 165 164
f 155 156 166
f 155 166 165
f 156 157 167
f 156 167 166
f 157 158 168
f 157 168 167
f 158 159 169
f 158 169 168
f 159 160 170
f 159 170 169
f 160 161 171
f 160 171 170
f 161 162 172
f 161 172 171
f 162 153 163
f 162 163 172
v -0.248134 0.444985 -0.052661
v -0.248144 0.444573 -0.049162
v -0.248258 0.444436 -0.045627
v -0.248601 0.444902 -0.042015
v -0.249268 0.446225 -0.038293
v -0.250298 0.448506 -0.034447
v -0.251654 0.451648 -0.030489
v -0.253224 0.455356 -0.026459
v -0.254838 0.459178 -0.022415
v -0.256294 0.462582 -0.018424
v -0.257395 0.465051 -0.014553
v -0.257986 0.466173 -0.010857
v -0.257982 0.465724 -0.007363
v -0.257382 0.463704 -0.004071
v -0.256273 0.460337 -0.000953
v -0.254809 0.456035 0.002044
v -0.253188 0.451315 0.004987
v -0.251609 0.446709 0.007946
v -0.250245 0.442669 0.010977
v -0.249206 0.439490 0.014119
v -0.248531 0.437269 0.017384
v -0.248180 0.435906 0.020760
v -0.248058 0.435144 0.024214
v -0.248040 0.434658 0.027704
v -0.248030 0.435071 0.024205
v -0.247916 0.435207 0.020670
v -0.247573 0.434741 0.017058
v -0.246906 0.433418 0.013336
v -0.245876 0.431137 0.009490
v -0.244520 0.427995 0.005532
v -0.242950 0.424287 0.001502
v -0.241336 0.420465 -0.002542
v -0.239880 0.417061 -0.006533
v -0.238779 0.414592 -0.010404
v -0.238188 0.413470 -0.014100
v -0.238192 0.413919 -0.017594
v -0.238792 0.415939 -0.020886
v -0.239901 0.419306 -0.024004
v -0.241365 0.423608 -0.027001
v -0.242986 0.428328 -0.029944
v -0.244565 0.432934 -0.032903
v -0.245929 0.436974 -0.035934
v -0.246968 0.440153 -0.039076
v -0.247643 0.442374 -0.042341
v -0.247994 0.443738 -0.045717
v -0.248116 0.444499 -0.049171
f 173 174 175
f 173 175 174
f 173 175 176
f 173 176 175
f 173 176 177
f 173 177 176
f 173 177 178
f 173 178 177
f 173 178 179
f 173 179 178
f 173 179 180
f 173 180 179
f 173 180 181
f 173 181 180
f 173 181 182
f 173 182 181
f 173 182 183
f 173 183 182
f 173 183 184
f 173 184 183
f 173 184 185
f 173 185 184
f 173 185 186
f 173 186 185
f 173 186 187
f 173 187 186
f 173 187 188
f 173 188 187
f 173 188 189
f 173 189 188
f 173 189 190
f 173 190 189
f 173 190 191
f 173 191 190
f 173 191 192
f 173 192 191
f 173 192 193
f 173 193 192
f 173 193 194
f 173 194 193
f 173 194 195
f 173 195 194
f 173 195 196
f 173 196 195
f 173 196 197
f 173 197 196
f 173 197 198
f 173 198 197
f 173 198 199
f 173 199 198
f 173 199 200
f 173 200 199
f 173 200 201
f 173 201 200
f 173 201 202
f 173 202 201
f 173 202 203
f 173 203 202
f 173 203 204
f 173 204 203
f 173 204 205
f 173 205 204
f 173 205 206
f 173 206 205
f 173 206 207
f 173 207 206
f 173 207 208
f 173 208 207
f 173 208 209
f 173 209 208
f 173 209 210
f 173 210 209
f 173 210 211
f 173 211 210
f 173 211 212
f 173 212 211
f 173 212 213
f 173 213 212
f 173 213 214
f 173 214 213
f 173 214 215
f 173 215 214
f 173 215 216
f 173 216 215
f 173 216 217
f 173 217 216
f 173 217 218
f 173 218 217
v -0.248134 0.444985 -0.052661
v -0.245318 0.445912 -0.055252
v -0.242408 0.446554 -0.057847
v -0.239281 0.446542 -0.060449
v -0.235833 0.445565 -0.063064
v -0.232017 0.443478 -0.065691
v -0.227862 0.440367 -0.068331
v -0.223475 0.436560 -0.070979
v -0.219031 0.432579 -0.073629
v -0.214737 0.429052 -0.076273
v -0.210800 0.426600 -0.078905
v -0.207384 0.425718 -0.081518
v -0.204579 0.426679 -0.084109
v -0.202387 0.429484 -0.086678
v -0.200715 0.433859 -0.089228
v -0.199400 0.439309 -0.091766
v -0.198236 0.445213 -0.094298
v -0.197014 0.450943 -0.096832
v -0.195560 0.455976 -0.099374
v -0.193768 0.459986 -0.101929
v -0.191607 0.462887 -0.104497
v -0.189125 0.464821 -0.107076
v -0.186427 0.466102 -0.109664
v -0.183634 0.467098 -0.112254
v -0.186450 0.466172 -0.109663
v -0.189360 0.465529 -0.107068
v -0.192487 0.465541 -0.104465
v -0.195935 0.466518 -0.101851
v -0.199751 0.468606 -0.099224
v -0.203906 0.471716 -0.096584
v -0.208293 0.475523 -0.093936
v -0.212738 0.479504 -0.091286
v -0.217031 0.483031 -0.088642
v -0.220968 0.485483 -0.086010
v -0.224384 0.486365 -0.083397
v -0.227189 0.485404 -0.080806
v -0.229381 0.482599 -0.078237
v -0.231053 0.478224 -0.075686
v -0.232368 0.472774 -0.073149
v -0.233532 0.466870 -0.070617
v -0.234754 0.461140 -0.068083
v -0.236208 0.456107 -0.065540
v -0.238000 0.452097 -0.062986
v -0.240161 0.449196 -0.060418
v -0.242643 0.447262 -0.057838
v -0.245341 0.445981 -0.055251
f 219 220 221
f 219 221 220
f 219 221 222
f 219 222 221
f 219 222 223
f 219 223 222
f 219 223 224
f 219 224 223
f 219 224 225
f 219 225 224
f 219 225 226
f 219 226 225
f 219 226 227
f 219 227 226
f 219 227 228
f 219 228 227
f 219 228 229
f 219 229 228
f 219 229 230
f 219 230 229
f 219 230 231
f 219 231 230
f 219 231 232
f 219 232 231
f 219 232 233
f 219 233 232
f 219 233 234
f 219 234 233
f 219 234 235
f 219 235 234
f 219 235 236
f 219 236 235
f 219 236 237
f 219 237 236
f 219 237 238
f 219 238 237
f 219 238 239
f 219 239 238
f 219 239 240
f 219 240 239
f 219 240 241
f 219 241 240
f 219 241 242
f 219 242 241
f 219 242 243
f 219 243 242
f 219 243 244
f 219 244 243
f 219 244 245
f 219 245 244
f 219 245 246
f 219 246 245
f 219 246 247
f 219 247 246
f 219 247 248
f 219 248 247
f 219 248 249
f 219 249 248
f 219 249 250
f 219 250 249
f 219 250 251
f 219 251 250
f 219 251 252
f 219 252 251
f 219 252 253
f 219 253 252
f 219 253 254
f 219 254 253
f 219 254 255
f 219 255 254
f 219 255 256
f 219 256 255
f 219 256 257
f 219 257 256
f 219 257 258
f 219 258 257
f 219 258 259
f 219 259 258
f 219 259 260
f 219 260 259
f 219 260 261
f 219 261 260
f 219 261 262
f 219 262 261
f 219 262 263
f 219 263 262
f 219 263 264
f 219 264 263
v -0.193220 0.461296 -0.024660
v -0.191565 0.465896 -0.027836
v -0.192466 0.468739 -0.032845
v -0.195579 0.468739 -0.037774
v -0.199715 0.465896 -0.040740
v -0.203294 0.461296 -0.040611
v -0.204949 0.456696 -0.037435
v -0.204048 0.453853 -0.032425
v -0.200934 0.453853 -0.027496
v -0.196799 0.456696 -0.024530
v -0.237249 0.495051 -0.000422
v -0.236123 0.498180 -0.002582
v -0.236736 0.500113 -0.005988
v -0.238853 0.500113 -0.009340
v -0.241666 0.498180 -0.011357
v -0.244099 0.495051 -0.011269
v -0.245225 0.491923 -0.009109
v -0.244612 0.489990 -0.005703
v -0.242495 0.489990 -0.002351
v -0.239683 0.491923 -0.000334
f 265 266 276
f 265 276 275
f 266 267 277
f 266 277 276
f 267 268 278
f 267 278 277
f 268 269 279
f 268 279 278
f 269 270 280
f 269 280 279
f 270 271 281
f 270 281 280
f 271 272 282
f 271 282 281
f 272 273 283
f 272 283 282
f 273 274 284
f 273 284 283
f 274 265 275
f 274 275 284
v -0.240674 0.495051 -0.005845
v -0.237966 0.494045 -0.003136
v -0.234827 0.493680 -0.000553
v -0.231135 0.494139 0.001868
v -0.226885 0.495428 0.004125
v -0.222162 0.497422 0.006244
v -0.217125 0.499884 0.008270
v -0.211983 0.502502 0.010266
v -0.206970 0.504928 0.012300
v -0.202318 0.506817 0.014439
v -0.198230 0.507865 0.016744
v -0.194855 0.507852 0.019258
v -0.192273 0.506658 0.022004
v -0.190482 0.504284 0.024982
v -0.189406 0.500849 0.028170
v -0.188892 0.496573 0.031523
v -0.188740 0.491760 0.034981
v -0.188718 0.486754 0.038478
v -0.188590 0.481905 0.041943
v -0.188147 0.477525 0.045317
v -0.187232 0.473848 0.048552
v -0.185759 0.471002 0.051623
v -0.183733 0.468979 0.054532
v -0.181276 0.467599 0.057315
v -0.183984 0.468606 0.054606
v -0.187123 0.468970 0.052023
v -0.190815 0.468512 0.049602
v -0.195065 0.467222 0.047345
v -0.199788 0.465229 0.045226
v -0.204825 0.462767 0.043199
v -0.209967 0.460148 0.041204
v -0.214980 0.457722 0.039170
v -0.219632 0.455834 0.037030
v -0.223720 0.454785 0.034726
v -0.227095 0.454799 0.032212
v -0.229678 0.455992 0.029466
v -0.231468 0.458366 0.026487
v -0.232545 0.461802 0.023300
v -0.233058 0.466077 0.019947
v -0.233210 0.470890 0.016489
v -0.233232 0.475896 0.012992
v -0.233360 0.480745 0.009526
v -0.233803 0.485126 0.006153
v -0.234718 0.488803 0.002918
v -0.236191 0.491648 -0.000153
v -0.238217 0.493671 -0.003063
f 285 286 287
f 285 287 286
f 285 287 288
f 285 288 287
f 285 288 289
f 285 289 288
f 285 289 290
f 285 290 289
f 285 290 291
f 285 291 290
f 285 291 292
f 285 292 291
f 285 292 293
f 285 293 292
f 285 293 294
f 285 294 293
f 285 294 295
f 285 295 294
f 285 295 296
f 285 296 295
f 285 296 297
f 285 297 296
f 285 297 298
f 285 298 297
f 285 298 299
f 285 299 298
f 285 299 300
f 285 300 299
f 285 300 301
f 285 301 300
f 285 301 302
f 285 302 301
f 285 302 303
f 285 303 302
f 285 303 304
f 285 304 303
f 285 304 305
f 285 305 304
f 285 305 306
f 285 306 305
f 285 306 307
f 285 307 306
f 285 307 308
f 285 308 307
f 285 308 309
f 285 309 308
f 285 309 310
f 285 310 309
f 285 310 311
f 285 311 310
f 285 311 312
f 285 312 311
f 285 312 313
f 285 313 312
f 285 313 314
f 285 314 313
f 285 314 315
f 285 315 314
f 285 315 316
f 285 316 315
f 285 316 317
f 285 317 316
f 285 317 318
f 285 318 317
f 285 318 319
f 285 319 318
f 285 319 320
f 285 320 319
f 285 320 321
f 285 321 320
f 285 321 322
f 285 322 321
f 285 322 323
f 285 323 322
f 285 323 324
f 285 324 323
f 285 324 325
f 285 325 324
f 285 325 326
f 285 326 325
f 285 326 327
f 285 327 326
f 285 327 328
f 285 328 327
f 285 328 329
f 285 329 328
f 285 329 330
f 285 330 329
v -0.240674 0.495051 -0.005845
v -0.242559 0.492046 -0.010357
v -0.245089 0.487613 -0.014091
v -0.248119 0.482072 -0.017220
v -0.251515 0.475721 -0.019910
v -0.255131 0.468883 -0.022333
v -0.258815 0.461894 -0.024674
v -0.262416 0.455090 -0.027116
v -0.265789 0.448790 -0.029832
v -0.268807 0.443275 -0.032977
v -0.271368 0.438773 -0.036673
v -0.273399 0.435444 -0.041008
v -0.274863 0.433371 -0.046028
v -0.275760 0.432553 -0.051731
v -0.276127 0.432908 -0.058073
v -0.276036 0.434276 -0.064967
v -0.275591 0.436429 -0.072289
v -0.274918 0.439086 -0.079886
v -0.274161 0.441929 -0.087584
v -0.273473 0.444620 -0.095199
v -0.273005 0.446823 -0.102548
v -0.272903 0.448218 -0.109457
v -0.273300 0.448504 -0.115762
v -0.274343 0.447363 -0.121289
v -0.272459 0.450368 -0.116777
v -0.269929 0.454801 -0.113044
v -0.266899 0.460343 -0.109914
v -0.263503 0.466693 -0.107225
v -0.259887 0.473531 -0.104802
v -0.256202 0.480520 -0.102461
v -0.252602 0.487324 -0.100019
v -0.249229 0.493624 -0.097302
v -0.246210 0.499139 -0.094158
v -0.243650 0.503641 -0.090462
v -0.241619 0.506970 -0.086126
v -0.240155 0.509043 -0.081107
v -0.239258 0.509861 -0.075404
v -0.238891 0.509506 -0.069061
v -0.238981 0.508138 -0.062167
v -0.239427 0.505985 -0.054845
v -0.240100 0.503328 -0.047248
v -0.240856 0.500485 -0.039551
v -0.241545 0.497794 -0.031935
v -0.242012 0.495591 -0.024586
v -0.242115 0.494196 -0.017677
v -0.241717 0.493910 -0.011372
f 331 332 333
f 331 333 332
f 331 333 334
f 331 334 333
f 331 334 335
f 331 335 334
f 331 335 336
f 331 336 335
f 331 336 337
f 331 337 336
f 331 337 338
f 331 338 337
f 331 338 339
f 331 339 338
f 331 339 340
f 331 340 339
f 331 340 341
f 331 341 340
f 331 341 342
f 331 342 341
f 331 342 343
f 331 343 342
f 331 343 344
f 331 344 343
f 331 344 345
f 331 345 344
f 331 345 346
f 331 346 345
f 331 346 347
f 331 347 346
f 331 347 348
f 331 348 347
f 331 348 349
f 331 349 348
f 331 349 350
f 331 350 349
f 331 350 351
f 331 351 350
f 331 351 352
f 331 352 351
f 331 352 353
f 331 353 352
f 331 353 354
f 331 354 353
f 331 354 355
f 331 355 354
f 331 355 356
f 331 356 355
f 331 356 357
f 331 357 356
f 331 357 358
f 331 358 357
f 331 358 359
f 331 359 358
f 331 359 360
f 331 360 359
f 331 360 361
f 331 361 360
f 331 361 362
f 331 362 361
f 331 362 363
f 331 363 362
f 331 363 364
f 331 364 363
f 331 364 365
f 331 365 364
f 331 365 366
f 331 366 365
f 331 366 367
f 331 367 366
f 331 367 368
f 331 368 367
f 331 368 369
f 331 369 368
f 331 369 370
f 331 370 369
f 331 370 371
f 331 371 370
f 331 371 372
f 331 372 371
f 331 372 373
f 331 373 372
f 331 373 374
f 331 374 373
f 331 374 375
f 331 375 374
f 331 375 376
f 331 376 375
v -0.204003 0.461296 -0.025155
v -0.200060 0.465522 -0.024397
v -0.195428 0.468134 -0.026786
v -0.191876 0.468134 -0.031409
v -0.190762 0.465522 -0.036501
v -0.192510 0.461296 -0.040116
v -0.196453 0.457069 -0.040873
v -0.201086 0.454457 -0.038484
v -0.204637 0.454457 -0.033861
v -0.205752 0.457069 -0.028770
v -0.241042 0.502925 -0.057416
v -0.238360 0.505799 -0.056900
v -0.235210 0.507576 -0.058525
v -0.232795 0.507576 -0.061669
v -0.232037 0.505799 -0.065131
v -0.233226 0.502925 -0.067589
v -0.235908 0.500051 -0.068104
v -0.239058 0.498275 -0.066480
v -0.241473 0.498275 -0.063336
v -0.242231 0.500051 -0.059874
f 377 378 388
f 377 388 387
f 378 379 389
f 378 389 388
f 379 380 390
f 379 390 389
f 380 381 391
f 380 391 390
f 381 382 392
f 381 392 391
f 382 383 393
f 382 393 392
f 383 384 394
f 383 394 393
f 384 385 395
f 384 395 394
f 385 386 396
f 385 396 395
f 386 377 387
f 386 387 396
v -0.237134 0.502925 -0.062502
v -0.238360 0.503328 -0.058361
v -0.239017 0.504376 -0.054060
v -0.238957 0.506240 -0.049556
v -0.238179 0.508918 -0.044850
v -0.236800 0.512282 -0.039974
v -0.235023 0.516096 -0.034986
v -0.233120 0.520054 -0.029962
v -0.231389 0.523816 -0.024986
v -0.230127 0.527045 -0.020143
v -0.229590 0.529450 -0.015505
v -0.229969 0.530815 -0.011125
v -0.231363 0.531026 -0.007032
v -0.233774 0.530082 -0.003225
v -0.237099 0.528098 0.000323
v -0.241150 0.525290 0.003667
v -0.245670 0.521949 0.006878
v -0.250363 0.518412 0.010040
v -0.254928 0.515019 0.013239
v -0.259097 0.512077 0.016549
v -0.262663 0.509819 0.020029
v -0.265512 0.508377 0.023712
v -0.267644 0.507750 0.027597
v -0.269207 0.507768 0.031643
v -0.267982 0.507366 0.027502
v -0.267325 0.506317 0.023201
v -0.267385 0.504454 0.018697
v -0.268162 0.501775 0.013991
v -0.269542 0.498412 0.009114
v -0.271318 0.494598 0.004126
v -0.273222 0.490640 -0.000898
v -0.274953 0.486878 -0.005873
v -0.276215 0.483648 -0.010716
v -0.276751 0.481243 -0.015354
v -0.276373 0.479879 -0.019734
v -0.274978 0.479668 -0.023828
v -0.272568 0.480612 -0.027634
v -0.269242 0.482596 -0.031183
v -0.265191 0.485404 -0.034526
v -0.260671 0.488745 -0.037737
v -0.255979 0.492282 -0.040900
v -0.251414 0.495675 -0.044098
v -0.247245 0.498617 -0.047408
v -0.243678 0.500874 -0.050889
v -0.240829 0.502317 -0.054572
v -0.238698 0.502944 -0.058457
f 397 398 399
f 397 399 398
f 397 399 400
f 397 400 399
f 397 400 401
f 397 401 400
f 397 401 402
f 397 402 401
f 397 402 403
f 397 403 402
f 397 403 404
f 397 404 403
f 397 404 405
f 397 405 404
f 397 405 406
f 397 406 405
f 397 406 407
f 397 407 406
f 397 407 408
f 397 408 407
f 397 408 409
f 397 409 408
f 397 409 410
f 397 410 409
f 397 410 411
f 397 411 410
f 397 411 412
f 397 412 411
f 397 412 413
f 397 413 412
f 397 413 414
f 397 414 413
f 397 414 415
f 397 415 414
f 397 415 416
f 397 416 415
f 397 416 417
f 397 417 416
f 397 417 418
f 397 418 417
f 397 418 419
f 397 419 418
f 397 419 420
f 397 420 419
f 397 420 421
f 397 421 420
f 397 421 422
f 397 422 421
f 397 422 423
f 397 423 422
f 397 423 424
f 397 424 423
f 397 424 425
f 397 425 424
f 397 425 426
f 397 426 425
f 397 426 427
f 397 427 426
f 397 427 428
f 397 428 427
f 397 428 429
f 397 429 428
f 397 429 430
f 397 430 429
f 397 430 431
f 397 431 430
f 397 431 432
f 397 432 431
f 397 432 433
f 397 433 432
f 397 433 434
f 397 434 433
f 397 434 435
f 397 435 434
f 397 435 436
f 397 436 435
f 397 436 437
f 397 437 436
f 397 437 438
f 397 438 437
f 397 438 439
f 397 439 438
f 397 439 440
f 397 440 439
f 397 440 441
f 397 441 440
f 397 441 442
f 397 442 441
v -0.237134 0.502925 -0.062502
v -0.232805 0.503631 -0.062481
v -0.228423 0.504086 -0.062877
v -0.223944 0.504072 -0.064055
v -0.219339 0.503454 -0.066236
v -0.214604 0.502214 -0.069455
v -0.209762 0.500454 -0.073538
v -0.204857 0.498391 -0.078126
v -0.199950 0.496320 -0.082726
v -0.195109 0.494570 -0.086793
v -0.190400 0.493450 -0.089811
v -0.185871 0.493199 -0.091383
v -0.181550 0.493946 -0.091293
v -0.177437 0.495693 -0.089539
v -0.173505 0.498308 -0.086339
v -0.169704 0.501553 -0.082090
v -0.165969 0.505119 -0.077308
v -0.162233 0.508677 -0.072539
v -0.158434 0.511932 -0.068275
v -0.154527 0.514668 -0.064874
v -0.150490 0.516781 -0.062511
v -0.146327 0.518291 -0.061152
v -0.142068 0.519331 -0.060574
v -0.137755 0.520120 -0.060413
v -0.142085 0.519414 -0.060435
v -0.146467 0.518960 -0.060038
v -0.150946 0.518974 -0.058861
v -0.155551 0.519591 -0.056679
v -0.160285 0.520832 -0.053460
v -0.165127 0.522592 -0.049378
v -0.170033 0.524655 -0.044790
v -0.174940 0.526725 -0.040190
v -0.179780 0.528475 -0.036123
v -0.184490 0.529596 -0.033105
v -0.189018 0.529847 -0.031532
v -0.193339 0.529099 -0.031623
v -0.197452 0.527353 -0.033377
v -0.201384 0.524737 -0.036577
v -0.205186 0.521492 -0.040825
v -0.208920 0.517926 -0.045607
v -0.212656 0.514368 -0.050377
v -0.216456 0.511113 -0.054641
v -0.220363 0.508377 -0.058042
v -0.224400 0.506265 -0.060405
v -0.228562 0.504755 -0.061764
v -0.232822 0.503715 -0.062342
f 443 444 445
f 443 445 444
f 443 445 446
f 443 446 445
f 443 446 447
f 443 447 446
f 443 447 448
f 443 448 447
f 443 448 449
f 443 449 448
f 443 449 450
f 443 450 449
f 443 450 451
f 443 451 450
f 443 451 452
f 443 452 451
f 443 452 453
f 443 453 452
f 443 453 454
f 443 454 453
f 443 454 455
f 443 455 454
f 443 455 456
f 443 456 455
f 443 456 457
f 443 457 456
f 443 457 458
f 443 458 457
f 443 458 459
f 443 459 458
f 443 459 460
f 443 460 459
f 443 460 461
f 443 461 460
f 443 461 462
f 443 462 461
f 443 462 463
f 443 463 462
f 443 463 464
f 443 464 463
f 443 464 465
f 443 465 464
f 443 465 466
f 443 466 465
f 443 466 467
f 443 467 466
f 443 467 468
f 443 468 467
f 443 468 469
f 443 469 468
f 443 469 470
f 443 470 469
f 443 470 471
f 443 471 470
f 443 471 472
f 443 472 471
f 443 472 473
f 443 473 472
f 443 473 474
f 443 474 473
f 443 474 475
f 443 475 474
f 443 475 476
f 443 476 475
f 443 476 477
f 443 477 476
f 443 477 478
f 443 478 477
f 443 478 479
f 443 479 478
f 443 479 480
f 443 480 479
f 443 480 481
f 443 481 480
f 443 481 482
f 443 482 481
f 443 482 483
f 443 483 482
f 443 483 484
f 443 484 483
f 443 484 485
f 443 485 484
f 443 485 486
f 443 486 485
f 443 486 487
f 443 487 486
f 443 487 488
f 443 488 487
v -0.237134 0.502925 -0.062502
v -0.238110 0.498451 -0.062767
v -0.240015 0.493844 -0.062006
v -0.242653 0.489133 -0.060436
v -0.245831 0.484346 -0.058271
v -0.249339 0.479512 -0.055740
v -0.252957 0.474662 -0.053089
v -0.256459 0.469828 -0.050565
v -0.259635 0.465041 -0.048402
v -0.262295 0.460327 -0.046807
v -0.264287 0.455708 -0.045950
v -0.265504 0.451199 -0.045949
v -0.265890 0.446808 -0.046864
v -0.265446 0.442535 -0.048696
v -0.264227 0.438372 -0.051383
v -0.262340 0.434304 -0.054808
v -0.259938 0.430309 -0.058801
v -0.257209 0.426361 -0.063155
v -0.254364 0.422428 -0.067636
v -0.251629 0.418481 -0.071998
v -0.249224 0.414486 -0.075994
v -0.247359 0.410415 -0.079393
v -0.246227 0.406239 -0.081985
v -0.246024 0.401932 -0.083551
v -0.245048 0.406407 -0.083286
v -0.243143 0.411014 -0.084047
v -0.240505 0.415724 -0.085617
v -0.237328 0.420512 -0.087782
v -0.233819 0.425346 -0.090313
v -0.230201 0.430196 -0.092964
v -0.226699 0.435029 -0.095488
v -0.223524 0.439816 -0.097651
v -0.220864 0.444530 -0.099245
v -0.218871 0.449149 -0.100103
v -0.217654 0.453658 -0.100104
v -0.217268 0.458049 -0.099189
v -0.217712 0.462322 -0.097357
v -0.218931 0.466485 -0.094670
v -0.220818 0.470553 -0.091245
v -0.223220 0.474548 -0.087252
v -0.225950 0.478497 -0.082898
v -0.228794 0.482429 -0.078416
v -0.231530 0.486377 -0.074055
v -0.233935 0.490371 -0.070059
v -0.235799 0.494443 -0.066660
v -0.236931 0.498618 -0.064068
f 489 490 491
f 489 491 490
f 489 491 492
f 489 492 491
f 489 492 493
f 489 493 492
f 489 493 494
f 489 494 493
f 489 494 495
f 489 495 494
f 489 495 496
f 489 496 495
f 489 496 497
f 489 497 496
f 489 497 498
f 489 498 497
f 489 498 499
f 489 499 498
f 489 499 500
f 489 500 499
f 489 500 501
f 489 501 500
f 489 501 502
f 489 502 501
f 489 502 503
f 489 503 502
f 489 503 504
f 489 504 503
f 489 504 505
f 489 505 504
f 489 505 506
f 489 506 505
f 489 506 507
f 489 507 506
f 489 507 508
f 489 508 507
f 489 508 509
f 489 509 508
f 489 509 510
f 489 510 509
f 489 510 511
f 489 511 510
f 489 511 512
f 489 512 511
f 489 512 513
f 489 513 512
f 489 513 514
f 489 514 513
f 489 514 515
f 489 515 514
f 489 515 516
f 489 516 515
f 489 516 517
f 489 517 516
f 489 517 518
f 489 518 517
f 489 518 519
f 489 519 518
f 489 519 520
f 489 520 519
f 489 520 521
f 489 521 520
f 489 521 522
f 489 522 521
f 489 522 523
f 489 523 522
f 489 523 524
f 489 524 523
f 489 524 525
f 489 525 524
f 489 525 526
f 489 526 525
f 489 526 527
f 489 527 526
f 489 527 528
f 489 528 527
f 489 528 529
f 489 529 528
f 489 529 530
f 489 530 529
f 489 530 531
f 489 531 530
f 489 531 532
f 489 532 531
f 489 532 533
f 489 533 532
f 489 533 534
f 489 534 533
v -0.083861 0.433118 -0.010419
v -0.085434 0.438043 -0.017258
v -0.091636 0.441087 -0.022335
v -0.100098 0.441087 -0.023710
v -0.107588 0.438043 -0.020858
v -0.111246 0.433118 -0.014869
v -0.109673 0.428193 -0.008030
v -0.103471 0.425149 -0.002953
v -0.095009 0.425149 -0.001578
v -0.087518 0.428193 -0.004429
v -0.097113 0.506083 0.043450
v -0.098182 0.509432 0.038799
v -0.102399 0.511502 0.035347
v -0.108154 0.511502 0.034412
v -0.113247 0.509432 0.036351
v -0.115734 0.506083 0.040424
v -0.114665 0.502734 0.045075
v -0.110448 0.500664 0.048527
v -0.104693 0.500664 0.049462
v -0.099600 0.502734 0.047523
f 535 536 546
f 535 546 545
f 536 537 547
f 536 547 546
f 537 538 548
f 537 548 547
f 538 539 549
f 538 549 548
f 539 540 550
f 539 550 549
f 540 541 551
f 540 551 550
f 541 542 552
f 541 552 551
f 542 543 553
f 542 553 552
f 543 544 554
f 543 554 553
f 544 535 545
f 544 545 554
v -0.106423 0.506083 0.041937
v -0.101751 0.506150 0.041109
v -0.097140 0.506475 0.039925
v -0.092653 0.507334 0.038007
v -0.088339 0.508926 0.035081
v -0.084211 0.511315 0.031060
v -0.080246 0.514401 0.026081
v -0.076385 0.517927 0.020496
v -0.072539 0.521517 0.014822
v -0.068607 0.524739 0.009656
v -0.064490 0.527174 0.005571
v -0.060112 0.528496 0.003017
v -0.055431 0.528526 0.002240
v -0.050447 0.527262 0.003240
v -0.045202 0.524885 0.005772
v -0.039772 0.521722 0.009384
v -0.034256 0.518190 0.013503
v -0.028755 0.514723 0.017534
v -0.023358 0.511695 0.020960
v -0.018124 0.509365 0.023427
v -0.013076 0.507832 0.024799
v -0.008200 0.507031 0.025163
v -0.003450 0.506764 0.024793
v 0.001240 0.506756 0.024067
v -0.003433 0.506690 0.024896
v -0.008044 0.506364 0.026080
v -0.012531 0.505505 0.027998
v -0.016845 0.503913 0.030924
v -0.020973 0.501524 0.034945
v -0.024937 0.498438 0.039924
v -0.028799 0.494912 0.045509
v -0.032645 0.491322 0.051182
v -0.036577 0.488100 0.056348
v -0.040694 0.485665 0.060433
v -0.045072 0.484343 0.062988
v -0.049753 0.484314 0.063765
v -0.054737 0.485577 0.062764
v -0.059982 0.487954 0.060233
v -0.065412 0.491117 0.056621
v -0.070928 0.494649 0.052501
v -0.076428 0.498117 0.048470
v -0.081826 0.501144 0.045045
v -0.087060 0.503474 0.042578
v -0.092108 0.505008 0.041206
v -0.096983 0.505808 0.040841
v -0.101734 0.506075 0.041211
f 555 556 557
f 555 557 556
f 555 557 558
f 555 558 557
f 555 558 559
f 555 559 558
f 555 559 560
f 555 560 559
f 555 560 561
f 555 561 560
f 555 561 562
f 555 562 561
f 555 562 563
f 555 563 562
f 555 563 564
f 555 564 563
f 555 564 565
f 555 565 564
f 555 565 566
f 555 566 565
f 555 566 567
f 555 567 566
f 555 567 568
f 555 568 567
f 555 568 569
f 555 569 568
f 555 569 570
f 555 570 569
f 555 570 571
f 555 571 570
f 555 571 572
f 555 572 571
f 555 572 573
f 555 573 572
f 555 573 574
f 555 574 573
f 555 574 575
f 555 575 574
f 555 575 576
f 555 576 575
f 555 576 577
f 555 577 576
f 555 577 578
f 555 578 577
f 555 578 579
f 555 579 578
f 555 579 580
f 555 580 579
f 555 580 581
f 555 581 580
f 555 581 582
f 555 582 581
f 555 582 583
f 555 583 582
f 555 583 584
f 555 584 583
f 555 584 585
f 555 585 584
f 555 585 586
f 555 586 585
f 555 586 587
f 555 587 586
f 555 587 588
f 555 588 587
f 555 588 589
f 555 589 588
f 555 589 590
f 555 590 589
f 555 590 591
f 555 591 590
f 555 591 592
f 555 592 591
f 555 592 593
f 555 593 592
f 555 593 594
f 555 594 593
f 555 594 595
f 555 595 594
f 555 595 596
f 555 596 595
f 555 596 597
f 555 597 596
f 555 597 598
f 555 598 597
f 555 598 599
f 555 599 598
f 555 599 600
f 555 600 599
v -0.106423 0.506083 0.041937
v -0.107471 0.506150 0.036892
v -0.108861 0.506125 0.031914
v -0.111074 0.505880 0.027096
v -0.114536 0.505300 0.022523
v -0.119463 0.504328 0.018236
v -0.125768 0.502988 0.014217
v -0.133034 0.501390 0.010387
v -0.140573 0.499719 0.006610
v -0.147541 0.498201 0.002721
v -0.153097 0.497061 -0.001443
v -0.156567 0.496479 -0.006015
v -0.157574 0.496557 -0.011068
v -0.156120 0.497293 -0.016602
v -0.152580 0.498588 -0.022543
v -0.147627 0.500261 -0.028760
v -0.142103 0.502087 -0.035089
v -0.136852 0.503839 -0.041364
v -0.132563 0.505334 -0.047451
v -0.129651 0.506461 -0.053270
v -0.128205 0.507195 -0.058802
v -0.128007 0.507595 -0.064090
v -0.128632 0.507775 -0.069218
v -0.129600 0.507863 -0.074279
v -0.128553 0.507797 -0.069233
v -0.127162 0.507822 -0.064255
v -0.124949 0.508067 -0.059438
v -0.121487 0.508646 -0.054865
v -0.116560 0.509618 -0.050577
v -0.110256 0.510959 -0.046559
v -0.102989 0.512556 -0.042729
v -0.095450 0.514227 -0.038952
v -0.088482 0.515745 -0.035063
v -0.082926 0.516886 -0.030898
v -0.079457 0.517467 -0.026326
v -0.078449 0.517390 -0.021274
v -0.079903 0.516653 -0.015740
v -0.083444 0.515358 -0.009799
v -0.088396 0.513686 -0.003582
v -0.093920 0.511860 0.002747
v -0.099171 0.510107 0.009022
v -0.103460 0.508612 0.015110
v -0.106372 0.507485 0.020928
v -0.107819 0.506751 0.026460
v -0.108017 0.506351 0.031749
v -0.107392 0.506171 0.036876
f 601 602 603
f 601 603 602
f 601 603 604
f 601 604 603
f 601 604 605
f 601 605 604
f 601 605 606
f 601 606 605
f 601 606 607
f 601 607 606
f 601 607 608
f 601 608 607
f 601 608 609
f 601 609 608
f 601 609 610
f 601 610 609
f 601 610 611
f 601 611 610
f 601 611 612
f 601 612 611
f 601 612 613
f 601 613 612
f 601 613 614
f 601 614 613
f 601 614 615
f 601 615 614
f 601 615 616
f 601 616 615
f 601 616 617
f 601 617 616
f 601 617 618
f 601 618 617
f 601 618 619
f 601 619 618
f 601 619 620
f 601 620 619
f 601 620 621
f 601 621 620
f 601 621 622
f 601 622 621
f 601 622 623
f 601 623 622
f 601 623 624
f 601 624 623
f 601 624 625
f 601 625 624
f 601 625 626
f 601 626 625
f 601 626 627
f 601 627 626
f 601 627 628
f 601 628 627
f 601 628 629
f 601 629 628
f 601 629 630
f 601 630 629
f 601 630 631
f 601 631 630
f 601 631 632
f 601 632 631
f 601 632 633
f 601 633 632
f 601 633 634
f 601 634 633
f 601 634 635
f 601 635 634
f 601 635 636
f 601 636 635
f 601 636 637
f 601 637 636
f 601 637 638
f 601 638 637
f 601 638 639
f 601 639 638
f 601 639 640
f 601 640 639
f 601 640 641
f 601 641 640
f 601 641 642
f 601 642 641
f 601 642 643
f 601 643 642
f 601 643 644
f 601 644 643
f 601 644 645
f 601 645 644
f 601 645 646
f 601 646 645
v -0.106423 0.506083 0.041937
v -0.108848 0.502896 0.042296
v -0.111060 0.499568 0.042878
v -0.112810 0.495933 0.043945
v -0.113900 0.491859 0.045706
v -0.114252 0.487295 0.048244
v -0.113939 0.482289 0.051479
v -0.113188 0.476992 0.055175
v -0.112348 0.471636 0.058964
v -0.111829 0.466493 0.062416
v -0.112031 0.461829 0.065111
v -0.113271 0.457855 0.066714
v -0.115723 0.454686 0.067044
v -0.119387 0.452323 0.066100
v -0.124089 0.450650 0.064065
v -0.129513 0.449456 0.061273
v -0.135257 0.448475 0.058143
v -0.140912 0.447435 0.055107
v -0.146129 0.446104 0.052530
v -0.150682 0.444331 0.050653
v -0.154496 0.442068 0.049551
v -0.157651 0.439366 0.049143
v -0.160342 0.436357 0.049221
v -0.162822 0.433207 0.049521
v -0.160398 0.436394 0.049162
v -0.158186 0.439722 0.048580
v -0.156436 0.443357 0.047513
v -0.155346 0.447431 0.045752
v -0.154994 0.451995 0.043214
v -0.155307 0.457001 0.039979
v -0.156058 0.462298 0.036283
v -0.156898 0.467654 0.032494
v -0.157417 0.472797 0.029042
v -0.157215 0.477461 0.026348
v -0.155975 0.481435 0.024744
v -0.153523 0.484604 0.024414
v -0.149858 0.486967 0.025358
v -0.145156 0.488640 0.027393
v -0.139733 0.489834 0.030186
v -0.133989 0.490815 0.033316
v -0.128334 0.491855 0.036352
v -0.123116 0.493186 0.038928
v -0.118564 0.494959 0.040806
v -0.114750 0.497222 0.041907
v -0.111595 0.499924 0.042315
v -0.108904 0.502933 0.042237
f 647 648 649
f 647 649 648
f 647 649 650
f 647 650 649
f 647 650 651
f 647 651 650
f 647 651 652
f 647 652 651
f 647 652 653
f 647 653 652
f 647 653 654
f 647 654 653
f 647 654 655
f 647 655 654
f 647 655 656
f 647 656 655
f 647 656 657
f 647 657 656
f 647 657 658
f 647 658 657
f 647 658 659
f 647 659 658
f 647 659 660
f 647 660 659
f 647 660 661
f 647 661 660
f 647 661 662
f 647 662 661
f 647 662 663
f 647 663 662
f 647 663 664
f 647 664 663
f 647 664 665
f 647 665 664
f 647 665 666
f 647 666 665
f 647 666 667
f 647 667 666
f 647 667 668
f 647 668 667
f 647 668 669
f 647 669 668
f 647 669 670
f 647 670 669
f 647 670 671
f 647 671 670
f 647 671 672
f 647 672 671
f 647 672 673
f 647 673 672
f 647 673 674
f 647 674 673
f 647 674 675
f 647 675 674
f 647 675 676
f 647 676 675
f 647 676 677
f 647 677 676
f 647 677 678
f 647 678 677
f 647 678 679
f 647 679 678
f 647 679 680
f 647 680 679
f 647 680 681
f 647 681 680
f 647 681 682
f 647 682 681
f 647 682 683
f 647 683 682
f 647 683 684
f 647 684 683
f 647 684 685
f 647 685 684
f 647 685 686
f 647 686 685
f 647 686 687
f 647 687 686
f 647 687 688
f 647 688 687
f 647 688 689
f 647 689 688
f 647 689 690
f 647 690 689
f 647 690 691
f 647 691 690
f 647 691 692
f 647 692 691
v -0.096999 0.506083 0.042343
v -0.098702 0.511149 0.040015
v -0.103354 0.514281 0.038421
v -0.109179 0.514281 0.038170
v -0.113951 0.511149 0.039358
v -0.115848 0.506083 0.041531
v -0.114145 0.501017 0.043859
v -0.109493 0.497886 0.045453
v -0.103668 0.497886 0.045704
v -0.098896 0.501017 0.044516
v -0.102070 0.527295 0.089872
v -0.103228 0.530740 0.088289
v -0.106391 0.532869 0.087205
v -0.110352 0.532869 0.087034
v -0.113597 0.530740 0.087842
v -0.114887 0.527295 0.089320
v -0.113729 0.523849 0.090903
v -0.110566 0.521720 0.091987
v -0.106605 0.521720 0.092158
v -0.103360 0.523849 0.091350
f 693 694 704
f 693 704 703
f 694 695 705
f 694 705 704
f 695 696 706
f 695 706 705
f 696 697 707
f 696 707 706
f 697 698 708
f 697 708 707
f 698 699 709
f 698 709 708
f 699 700 710
f 699 710 709
f 700 701 711
f 700 711 710
f 701 702 712
f 701 712 711
f 702 693 703
f 702 703 712
v -0.108478 0.527295 0.089596
v -0.105185 0.526469 0.089252
v -0.101597 0.526458 0.088559
v -0.097735 0.527210 0.087537
v -0.093645 0.528592 0.086245
v -0.089396 0.530416 0.084764
v -0.085070 0.532452 0.083191
v -0.080756 0.534454 0.081633
v -0.076544 0.536175 0.080195
v -0.072516 0.537387 0.078976
v -0.068738 0.537904 0.078056
v -0.065259 0.537590 0.077492
v -0.062106 0.536377 0.077315
v -0.059276 0.534263 0.077525
v -0.056747 0.531320 0.078091
v -0.054468 0.527680 0.078955
v -0.052372 0.523533 0.080039
v -0.050378 0.519104 0.081243
v -0.048396 0.514640 0.082461
v -0.046338 0.510390 0.083589
v -0.044120 0.506581 0.084526
v -0.041675 0.503402 0.085193
v -0.038955 0.500986 0.085533
v -0.035941 0.499384 0.085522
v -0.039235 0.500210 0.085866
v -0.042823 0.500220 0.086560
v -0.046685 0.499469 0.087581
v -0.050775 0.498086 0.088873
v -0.055024 0.496263 0.090355
v -0.059350 0.494227 0.091928
v -0.063664 0.492225 0.093486
v -0.067876 0.490504 0.094923
v -0.071904 0.489292 0.096142
v -0.075682 0.488775 0.097063
v -0.079160 0.489088 0.097626
v -0.082314 0.490302 0.097803
v -0.085143 0.492415 0.097594
v -0.087673 0.495359 0.097028
v -0.089952 0.498998 0.096163
v -0.092048 0.503146 0.095080
v -0.094042 0.507575 0.093876
v -0.096023 0.512039 0.092657
v -0.098082 0.516289 0.091530
v -0.100300 0.520098 0.090592
v -0.102745 0.523277 0.089925
v -0.105465 0.525693 0.089585
f 713 714 715
f 713 715 714
f 713 715 716
f 713 716 715
f 713 716 717
f 713 717 716
f 713 717 718
f 713 718 717
f 713 718 719
f 713 719 718
f 713 719 720
f 713 720 719
f 713 720 721
f 713 721 720
f 713 721 722
f 713 722 721
f 713 722 723
f 713 723 722
f 713 723 724
f 713 724 723
f 713 724 725
f 713 725 724
f 713 725 726
f 713 726 725
f 713 726 727
f 713 727 726
f 713 727 728
f 713 728 727
f 713 728 729
f 713 729 728
f 713 729 730
f 713 730 729
f 713 730 731
f 713 731 730
f 713 731 732
f 713 732 731
f 713 732 733
f 713 733 732
f 713 733 734
f 713 734 733
f 713 734 735
f 713 735 734
f 713 735 736
f 713 736 735
f 713 736 737
f 713 737 736
f 713 737 738
f 713 738 737
f 713 738 739
f 713 739 738
f 713 739 740
f 713 740 739
f 713 740 741
f 713 741 740
f 713 741 742
f 713 742 741
f 713 742 743
f 713 743 742
f 713 743 744
f 713 744 743
f 713 744 745
f 713 745 744
f 713 745 746
f 713 746 745
f 713 746 747
f 713 747 746
f 713 747 748
f 713 748 747
f 713 748 749
f 713 749 748
f 713 749 750
f 713 750 749
f 713 750 751
f 713 751 750
f 713 751 752
f 713 752 751
f 713 752 753
f 713 753 752
f 713 753 754
f 713 754 753
f 713 754 755
f 713 755 754
f 713 755 756
f 713 756 755
f 713 756 757
f 713 757 756
f 713 757 758
f 713 758 757
v -0.108478 0.527295 0.089596
v -0.109156 0.529212 0.087181
v -0.110212 0.531040 0.084789
v -0.111936 0.532710 0.082439
v -0.114486 0.534184 0.080141
v -0.117864 0.535462 0.077894
v -0.121911 0.536581 0.075688
v -0.126328 0.537613 0.073506
v -0.130722 0.538651 0.071322
v -0.134662 0.539796 0.069110
v -0.137752 0.541142 0.066845
v -0.139683 0.542763 0.064508
v -0.140292 0.544697 0.062088
v -0.139577 0.546944 0.059587
v -0.137705 0.549465 0.057013
v -0.134981 0.552188 0.054386
v -0.131804 0.555017 0.051731
v -0.128604 0.557853 0.049074
v -0.125774 0.560601 0.046440
v -0.123613 0.563191 0.043849
v -0.122280 0.565584 0.041308
v -0.121773 0.567782 0.038819
v -0.121934 0.569822 0.036372
v -0.122474 0.571772 0.033948
v -0.121797 0.569854 0.036363
v -0.120740 0.568026 0.038755
v -0.119016 0.566357 0.041105
v -0.116466 0.564883 0.043404
v -0.113088 0.563605 0.045651
v -0.109041 0.562485 0.047856
v -0.104624 0.561453 0.050038
v -0.100230 0.560415 0.052222
v -0.096290 0.559270 0.054434
v -0.093200 0.557924 0.056699
v -0.091269 0.556304 0.059036
v -0.090660 0.554370 0.061456
v -0.091375 0.552123 0.063958
v -0.093247 0.549601 0.066532
v -0.095971 0.546879 0.069158
v -0.099148 0.544049 0.071814
v -0.102348 0.541213 0.074470
v -0.105178 0.538465 0.077104
v -0.107339 0.535876 0.079696
v -0.108672 0.533482 0.082236
v -0.109179 0.531284 0.084725
v -0.109018 0.529245 0.087172
f 759 760 761
f 759 761 760
f 759 761 762
f 759 762 761
f 759 762 763
f 759 763 762
f 759 763 764
f 759 764 763
f 759 764 765
f 759 765 764
f 759 765 766
f 759 766 765
f 759 766 767
f 759 767 766
f 759 767 768
f 759 768 767
f 759 768 769
f 759 769 768
f 759 769 770
f 759 770 769
f 759 770 771
f 759 771 770
f 759 771 772
f 759 772 771
f 759 772 773
f 759 773 772
f 759 773 774
f 759 774 773
f 759 774 775
f 759 775 774
f 759 775 776
f 759 776 775
f 759 776 777
f 759 777 776
f 759 777 778
f 759 778 777
f 759 778 779
f 759 779 778
f 759 779 780
f 759 780 779
f 759 780 781
f 759 781 780
f 759 781 782
f 759 782 781
f 759 782 783
f 759 783 782
f 759 783 784
f 759 784 783
f 759 784 785
f 759 785 784
f 759 785 786
f 759 786 785
f 759 786 787
f 759 787 786
f 759 787 788
f 759 788 787
f 759 788 789
f 759 789 788
f 759 789 790
f 759 790 789
f 759 790 791
f 759 791 790
f 759 791 792
f 759 792 791
f 759 792 793
f 759 793 792
f 759 793 794
f 759 794 793
f 759 794 795
f 759 795 794
f 759 795 796
f 759 796 795
f 759 796 797
f 759 797 796
f 759 797 798
f 759 798 797
f 759 798 799
f 759 799 798
f 759 799 800
f 759 800 799
f 759 800 801
f 759 801 800
f 759 801 802
f 759 802 801
f 759 802 803
f 759 803 802
f 759 803 804
f 759 804 803
v -0.108478 0.527295 0.089596
v -0.110761 0.523509 0.089433
v -0.112703 0.519506 0.089381
v -0.113946 0.515058 0.089557
v -0.114233 0.510001 0.090046
v -0.113488 0.504286 0.090872
v -0.111841 0.497998 0.091992
v -0.109628 0.491348 0.093297
v -0.107337 0.484649 0.094628
v -0.105529 0.478257 0.095801
v -0.104742 0.472516 0.096640
v -0.105399 0.467695 0.097008
v -0.107732 0.463941 0.096829
v -0.111740 0.461254 0.096102
v -0.117192 0.459487 0.094903
v -0.123665 0.458371 0.093371
v -0.130622 0.457563 0.091682
v -0.137500 0.456704 0.090017
v -0.143812 0.455485 0.088538
v -0.149223 0.453692 0.087353
v -0.153600 0.451241 0.086506
v -0.157023 0.448181 0.085970
v -0.159747 0.444676 0.085663
v -0.162129 0.440954 0.085467
v -0.159846 0.444740 0.085631
v -0.157904 0.448743 0.085682
v -0.156662 0.453191 0.085506
v -0.156374 0.458247 0.085017
v -0.157120 0.463962 0.084191
v -0.158766 0.470251 0.083071
v -0.160979 0.476901 0.081766
v -0.163271 0.483600 0.080435
v -0.165079 0.489992 0.079262
v -0.165865 0.495732 0.078423
v -0.165208 0.500554 0.078055
v -0.162876 0.504308 0.078235
v -0.158868 0.506994 0.078961
v -0.153416 0.508761 0.080160
v -0.146942 0.509877 0.081692
v -0.139986 0.510686 0.083382
v -0.133107 0.511544 0.085046
v -0.126796 0.512763 0.086525
v -0.121385 0.514556 0.087710
v -0.117007 0.517008 0.088557
v -0.113584 0.520067 0.089093
v -0.110861 0.523572 0.089400
f 805 806 807
f 805 807 806
f 805 807 808
f 805 808 807
f 805 808 809
f 805 809 808
f 805 809 810
f 805 810 809
f 805 810 811
f 805 811 810
f 805 811 812
f 805 812 811
f 805 812 813
f 805 813 812
f 805 813 814
f 805 814 813
f 805 814 815
f 805 815 814
f 805 815 816
f 805 816 815
f 805 816 817
f 805 817 816
f 805 817 818
f 805 818 817
f 805 818 819
f 805 819 818
f 805 819 820
f 805 820 819
f 805 820 821
f 805 821 820
f 805 821 822
f 805 822 821
f 805 822 823
f 805 823 822
f 805 823 824
f 805 824 823
f 805 824 825
f 805 825 824
f 805 825 826
f 805 826 825
f 805 826 827
f 805 827 826
f 805 827 828
f 805 828 827
f 805 828 829
f 805 829 828
f 805 829 830
f 805 830 829
f 805 830 831
f 805 831 830
f 805 831 832
f 805 832 831
f 805 832 833
f 805 833 832
f 805 833 834
f 805 834 833
f 805 834 835
f 805 835 834
f 805 835 836
f 805 836 835
f 805 836 837
f 805 837 836
f 805 837 838
f 805 838 837
f 805 838 839
f 805 839 838
f 805 839 840
f 805 840 839
f 805 840 841
f 805 841 840
f 805 841 842
f 805 842 841
f 805 842 843
f 805 843 842
f 805 843 844
f 805 844 843
f 805 844 845
f 805 845 844
f 805 845 846
f 805 846 845
f 805 846 847
f 805 847 846
f 805 847 848
f 805 848 847
f 805 848 849
f 805 849 848
f 805 849 850
f 805 850 849
v -0.100627 0.506083 0.034495
v -0.105375 0.509156 0.033081
v -0.110523 0.511056 0.035049
v -0.114106 0.511056 0.039649
v -0.114753 0.509156 0.045122
v -0.112219 0.506083 0.049379
v -0.107472 0.503010 0.050793
v -0.102323 0.501110 0.048825
v -0.098741 0.501110 0.044225
v -0.098093 0.503010 0.038752
v -0.078635 0.551468 0.055448
v -0.081864 0.553558 0.054487
v -0.085365 0.554850 0.055825
v -0.087800 0.554850 0.058953
v -0.088241 0.553558 0.062675
v -0.086518 0.551468 0.065570
v -0.083289 0.549378 0.066531
v -0.079789 0.548087 0.065193
v -0.077353 0.548087 0.062065
v -0.076912 0.549378 0.058343
f 851 852 862
f 851 862 861
f 852 853 863
f 852 863 862
f 853 854 864
f 853 864 863
f 854 855 865
f 854 865 864
f 855 856 866
f 855 866 865
f 856 857 867
f 856 867 866
f 857 858 868
f 857 868 867
f 858 859 869
f 858 869 868
f 859 860 870
f 859 870 869
f 860 851 861
f 860 861 870
v -0.082577 0.551468 0.060509
v -0.079884 0.549143 0.056772
v -0.077379 0.547027 0.052764
v -0.075307 0.545395 0.048132
v -0.073876 0.544477 0.042576
v -0.073184 0.544382 0.035958
v -0.073172 0.545046 0.028358
v -0.073626 0.546229 0.020088
v -0.074197 0.547543 0.011648
v -0.074468 0.548522 0.003643
v -0.074023 0.548703 -0.003334
v -0.072535 0.547721 -0.008806
v -0.069819 0.545370 -0.012510
v -0.065877 0.541652 -0.014447
v -0.060890 0.536769 -0.014879
v -0.055188 0.531089 -0.014283
v -0.049185 0.525074 -0.013252
v -0.043300 0.519190 -0.012391
v -0.037880 0.513824 -0.012199
v -0.033142 0.509218 -0.012990
v -0.029141 0.505435 -0.014843
v -0.025782 0.502366 -0.017620
v -0.022855 0.499781 -0.021021
v -0.020117 0.497405 -0.024693
v -0.022810 0.499730 -0.020955
v -0.025315 0.501846 -0.016947
v -0.027387 0.503479 -0.012316
v -0.028817 0.504396 -0.006760
v -0.029510 0.504492 -0.000142
v -0.029521 0.503827 0.007459
v -0.029067 0.502644 0.015729
v -0.028496 0.501330 0.024168
v -0.028226 0.500352 0.032174
v -0.028670 0.500170 0.039150
v -0.030159 0.501152 0.044622
v -0.032874 0.503503 0.048327
v -0.036817 0.507222 0.050263
v -0.041804 0.512104 0.050696
v -0.047505 0.517784 0.050099
v -0.053508 0.523799 0.049068
v -0.059393 0.529684 0.048207
v -0.064813 0.535049 0.048016
v -0.069552 0.539655 0.048806
v -0.073552 0.543439 0.050660
v -0.076912 0.546507 0.053436
v -0.079838 0.549092 0.056838
f 871 872 873
f 871 873 872
f 871 873 874
f 871 874 873
f 871 874 875
f 871 875 874
f 871 875 876
f 871 876 875
f 871 876 877
f 871 877 876
f 871 877 878
f 871 878 877
f 871 878 879
f 871 879 878
f 871 879 880
f 871 880 879
f 871 880 881
f 871 881 880
f 871 881 882
f 871 882 881
f 871 882 883
f 871 883 882
f 871 883 884
f 871 884 883
f 871 884 885
f 871 885 884
f 871 885 886
f 871 886 885
f 871 886 887
f 871 887 886
f 871 887 888
f 871 888 887
f 871 888 889
f 871 889 888
f 871 889 890
f 871 890 889
f 871 890 891
f 871 891 890
f 871 891 892
f 871 892 891
f 871 892 893
f 871 893 892
f 871 893 894
f 871 894 893
f 871 894 895
f 871 895 894
f 871 895 896
f 871 896 895
f 871 896 897
f 871 897 896
f 871 897 898
f 871 898 897
f 871 898 899
f 871 899 898
f 871 899 900
f 871 900 899
f 871 900 901
f 871 901 900
f 871 901 902
f 871 902 901
f 871 902 903
f 871 903 902
f 871 903 904
f 871 904 903
f 871 904 905
f 871 905 904
f 871 905 906
f 871 906 905
f 871 906 907
f 871 907 906
f 871 907 908
f 871 908 907
f 871 908 909
f 871 909 908
f 871 909 910
f 871 910 909
f 871 910 911
f 871 911 910
f 871 911 912
f 871 912 911
f 871 912 913
f 871 913 912
f 871 913 914
f 871 914 913
f 871 914 915
f 871 915 914
f 871 915 916
f 871 916 915
v -0.082577 0.551468 0.060509
v -0.084883 0.549434 0.062759
v -0.086838 0.547153 0.065162
v -0.088164 0.544429 0.067840
v -0.088698 0.541149 0.070861
v -0.088432 0.537305 0.074230
v -0.087512 0.533001 0.077884
v -0.086223 0.528438 0.081699
v -0.084946 0.523883 0.085508
v -0.084097 0.519629 0.089131
v -0.084066 0.515951 0.092398
v -0.085154 0.513060 0.095179
v -0.087521 0.511069 0.097403
v -0.091170 0.509979 0.099069
v -0.095936 0.509675 0.100249
v -0.101521 0.509947 0.101074
v -0.107534 0.510520 0.101712
v -0.113558 0.511102 0.102345
v -0.119214 0.511424 0.103138
v -0.124216 0.511286 0.104216
v -0.128417 0.510584 0.105642
v -0.131827 0.509327 0.107412
v -0.134607 0.507626 0.109457
v -0.137037 0.505678 0.111653
v -0.134730 0.507713 0.109403
v -0.132775 0.509993 0.107000
v -0.131449 0.512718 0.104323
v -0.130915 0.515998 0.101302
v -0.131181 0.519842 0.097932
v -0.132101 0.524145 0.094278
v -0.133390 0.528709 0.090464
v -0.134667 0.533264 0.086654
v -0.135516 0.537517 0.083031
v -0.135547 0.541195 0.079764
v -0.134460 0.544087 0.076983
v -0.132092 0.546078 0.074760
v -0.128443 0.547168 0.073093
v -0.123677 0.547472 0.071913
v -0.118092 0.547200 0.071089
v -0.112079 0.546626 0.070451
v -0.106055 0.546045 0.069818
v -0.100399 0.545723 0.069024
v -0.095397 0.545861 0.067947
v -0.091196 0.546562 0.066520
v -0.087786 0.547820 0.064750
v -0.085006 0.549521 0.062706
f 917 918 919
f 917 919 918
f 917 919 920
f 917 920 919
f 917 920 921
f 917 921 920
f 917 921 922
f 917 922 921
f 917 922 923
f 917 923 922
f 917 923 924
f 917 924 923
f 917 924 925
f 917 925 924
f 917 925 926
f 917 926 925
f 917 926 927
f 917 927 926
f 917 927 928
f 917 928 927
f 917 928 929
f 917 929 928
f 917 929 930
f 917 930 929
f 917 930 931
f 917 931 930
f 917 931 932
f 917 932 931
f 917 932 933
f 917 933 932
f 917 933 934
f 917 934 933
f 917 934 935
f 917 935 934
f 917 935 936
f 917 936 935
f 917 936 937
f 917 937 936
f 917 937 938
f 917 938 937
f 917 938 939
f 917 939 938
f 917 939 940
f 917 940 939
f 917 940 941
f 917 941 940
f 917 941 942
f 917 942 941
f 917 942 943
f 917 943 942
f 917 943 944
f 917 944 943
f 917 944 945
f 917 945 944
f 917 945 946
f 917 946 945
f 917 946 947
f 917 947 946
f 917 947 948
f 917 948 947
f 917 948 949
f 917 949 948
f 917 949 950
f 917 950 949
f 917 950 951
f 917 951 950
f 917 951 952
f 917 952 951
f 917 952 953
f 917 953 952
f 917 953 954
f 917 954 953
f 917 954 955
f 917 955 954
f 917 955 956
f 917 956 955
f 917 956 957
f 917 957 956
f 917 957 958
f 917 958 957
f 917 958 959
f 917 959 958
f 917 959 960
f 917 960 959
f 917 960 961
f 917 961 960
f 917 961 962
f 917 962 961
v -0.106423 0.505841 0.051367
v -0.101373 0.508174 0.049625
v -0.098252 0.509709 0.044946
v -0.098252 0.509858 0.039118
v -0.101373 0.508566 0.034367
v -0.106423 0.506325 0.032507
v -0.111474 0.503992 0.034249
v -0.114595 0.502457 0.038928
v -0.114595 0.502308 0.044756
v -0.111474 0.503600 0.049507
v -0.128696 0.555071 0.049610
v -0.125262 0.556657 0.048426
v -0.123139 0.557701 0.045244
v -0.123139 0.557802 0.041281
v -0.125262 0.556923 0.038050
v -0.128696 0.555400 0.036786
v -0.132130 0.553813 0.037970
v -0.134253 0.552770 0.041152
v -0.134253 0.552668 0.045115
v -0.132130 0.553547 0.048346
f 963 964 974
f 963 974 973
f 964 965 975
f 964 975 974
f 965 966 976
f 965 976 975
f 966 967 977
f 966 977 976
f 967 968 978
f 967 978 977
f 968 969 979
f 968 979 978
f 969 970 980
f 969 980 979
f 970 971 981
f 970 981 980
f 971 972 982
f 971 982 981
f 972 963 973
f 972 973 982
v -0.128696 0.555235 0.043198
v -0.127100 0.554830 0.046243
v -0.125030 0.554645 0.049092
v -0.122254 0.554787 0.051650
v -0.118695 0.555292 0.053886
v -0.114418 0.556130 0.055824
v -0.109612 0.557214 0.057545
v -0.104568 0.558408 0.059168
v -0.099632 0.559551 0.060835
v -0.095164 0.560478 0.062696
v -0.091485 0.561039 0.064881
v -0.088838 0.561121 0.067493
v -0.087352 0.560665 0.070583
v -0.087027 0.559671 0.074152
v -0.087733 0.558198 0.078146
v -0.089230 0.556359 0.082467
v -0.091193 0.554303 0.086980
v -0.093266 0.552197 0.091538
v -0.095099 0.550201 0.095997
v -0.096405 0.548451 0.100238
v -0.096991 0.547034 0.104184
v -0.096795 0.545980 0.107806
v -0.095893 0.545253 0.111137
v -0.094517 0.544746 0.114272
v -0.096113 0.545151 0.111228
v -0.098183 0.545336 0.108378
v -0.100959 0.545194 0.105820
v -0.104518 0.544689 0.103585
v -0.108795 0.543850 0.101646
v -0.113601 0.542767 0.099925
v -0.118645 0.541573 0.098302
v -0.123581 0.540429 0.096635
v -0.128049 0.539503 0.094775
v -0.131728 0.538942 0.092589
v -0.134375 0.538860 0.089978
v -0.135861 0.539316 0.086888
v -0.136186 0.540310 0.083318
v -0.135479 0.541783 0.079324
v -0.133983 0.543622 0.075004
v -0.132020 0.545678 0.070491
v -0.129947 0.547784 0.065933
v -0.128114 0.549779 0.061473
v -0.126808 0.551530 0.057232
v -0.126222 0.552947 0.053287
v -0.126418 0.554001 0.049665
v -0.127320 0.554728 0.046334
f 983 984 985
f 983 985 984
f 983 985 986
f 983 986 985
f 983 986 987
f 983 987 986
f 983 987 988
f 983 988 987
f 983 988 989
f 983 989 988
f 983 989 990
f 983 990 989
f 983 990 991
f 983 991 990
f 983 991 992
f 983 992 991
f 983 992 993
f 983 993 992
f 983 993 994
f 983 994 993
f 983 994 995
f 983 995 994
f 983 995 996
f 983 996 995
f 983 996 997
f 983 997 996
f 983 997 998
f 983 998 997
f 983 998 999
f 983 999 998
f 983 999 1000
f 983 1000 999
f 983 1000 1001
f 983 1001 1000
f 983 1001 1002
f 983 1002 1001
f 983 1002 1003
f 983 1003 1002
f 983 1003 1004
f 983 1004 1003
f 983 1004 1005
f 983 1005 1004
f 983 1005 1006
f 983 1006 1005
f 983 1006 1007
f 983 1007 1006
f 983 1007 1008
f 983 1008 1007
f 983 1008 1009
f 983 1009 1008
f 983 1009 1010
f 983 1010 1009
f 983 1010 1011
f 983 1011 1010
f 983 1011 1012
f 983 1012 1011
f 983 1012 1013
f 983 1013 1012
f 983 1013 1014
f 983 1014 1013
f 983 1014 1015
f 983 1015 1014
f 983 1015 1016
f 983 1016 1015
f 983 1016 1017
f 983 1017 1016
f 983 1017 1018
f 983 1018 1017
f 983 1018 1019
f 983 1019 1018
f 983 1019 1020
f 983 1020 1019
f 983 1020 1021
f 983 1021 1020
f 983 1021 1022
f 983 1022 1021
f 983 1022 1023
f 983 1023 1022
f 983 1023 1024
f 983 1024 1023
f 983 1024 1025
f 983 1025 1024
f 983 1025 1026
f 983 1026 1025
f 983 1026 1027
f 983 1027 1026
f 983 1027 1028
f 983 1028 1027
v -0.128696 0.555235 0.043198
v -0.128953 0.552684 0.039479
v -0.129861 0.549832 0.035975
v -0.131718 0.546543 0.032785
v -0.134617 0.542772 0.029940
v -0.138465 0.538563 0.027409
v -0.143002 0.534036 0.025106
v -0.147842 0.529369 0.022903
v -0.152526 0.524774 0.020649
v -0.156581 0.520469 0.018186
v -0.159587 0.516650 0.015377
v -0.161226 0.513460 0.012114
v -0.161328 0.510981 0.008344
v -0.159895 0.509210 0.004066
v -0.157095 0.508070 -0.000665
v -0.153244 0.507415 -0.005743
v -0.148766 0.507049 -0.011029
v -0.144131 0.506756 -0.016367
v -0.139799 0.506323 -0.021604
v -0.136157 0.505572 -0.026614
v -0.133463 0.504383 -0.031309
v -0.131811 0.502713 -0.035660
v -0.131109 0.500605 -0.039697
v -0.131057 0.498196 -0.043518
v -0.130799 0.500748 -0.039799
v -0.129892 0.503599 -0.036295
v -0.128035 0.506889 -0.033105
v -0.125136 0.510660 -0.030260
v -0.121288 0.514869 -0.027729
v -0.116751 0.519396 -0.025426
v -0.111911 0.524062 -0.023223
v -0.107227 0.528657 -0.020969
v -0.103171 0.532962 -0.018506
v -0.100166 0.536782 -0.015697
v -0.098527 0.539971 -0.012435
v -0.098424 0.542451 -0.008664
v -0.099858 0.544222 -0.004386
v -0.102658 0.545362 0.000345
v -0.106508 0.546017 0.005423
v -0.110987 0.546382 0.010709
v -0.115622 0.546675 0.016047
v -0.119953 0.547108 0.021284
v -0.123596 0.547859 0.026294
v -0.126290 0.549048 0.030989
v -0.127942 0.550718 0.035340
v -0.128644 0.552827 0.039376
f 1029 1030 1031
f 1029 1031 1030
f 1029 1031 1032
f 1029 1032 1031
f 1029 1032 1033
f 1029 1033 1032
f 1029 1033 1034
f 1029 1034 1033
f 1029 1034 1035
f 1029 1035 1034
f 1029 1035 1036
f 1029 1036 1035
f 1029 1036 1037
f 1029 1037 1036
f 1029 1037 1038
f 1029 1038 1037
f 1029 1038 1039
f 1029 1039 1038
f 1029 1039 1040
f 1029 1040 1039
f 1029 1040 1041
f 1029 1041 1040
f 1029 1041 1042
f 1029 1042 1041
f 1029 1042 1043
f 1029 1043 1042
f 1029 1043 1044
f 1029 1044 1043
f 1029 1044 1045
f 1029 1045 1044
f 1029 1045 1046
f 1029 1046 1045
f 1029 1046 1047
f 1029 1047 1046
f 1029 1047 1048
f 1029 1048 1047
f 1029 1048 1049
f 1029 1049 1048
f 1029 1049 1050
f 1029 1050 1049
f 1029 1050 1051
f 1029 1051 1050
f 1029 1051 1052
f 1029 1052 1051
f 1029 1052 1053
f 1029 1053 1052
f 1029 1053 1054
f 1029 1054 1053
f 1029 1054 1055
f 1029 1055 1054
f 1029 1055 1056
f 1029 1056 1055
f 1029 1056 1057
f 1029 1057 1056
f 1029 1057 1058
f 1029 1058 1057
f 1029 1058 1059
f 1029 1059 1058
f 1029 1059 1060
f 1029 1060 1059
f 1029 1060 1061
f 1029 1061 1060
f 1029 1061 1062
f 1029 1062 1061
f 1029 1062 1063
f 1029 1063 1062
f 1029 1063 1064
f 1029 1064 1063
f 1029 1064 1065
f 1029 1065 1064
f 1029 1065 1066
f 1029 1066 1065
f 1029 1066 1067
f 1029 1067 1066
f 1029 1067 1068
f 1029 1068 1067
f 1029 1068 1069
f 1029 1069 1068
f 1029 1069 1070
f 1029 1070 1069
f 1029 1070 1071
f 1029 1071 1070
f 1029 1071 1072
f 1029 1072 1071
f 1029 1072 1073
f 1029 1073 1072
f 1029 1073 1074
f 1029 1074 1073
v -0.111416 0.433118 -0.013149
v -0.109021 0.437435 -0.006140
v -0.102245 0.440104 -0.001616
v -0.093677 0.440104 -0.001303
v -0.086590 0.437435 -0.005322
v -0.083691 0.433118 -0.012138
v -0.086086 0.428801 -0.019147
v -0.092862 0.426132 -0.023672
v -0.101429 0.426132 -0.023984
v -0.108517 0.428801 -0.019965
v -0.105237 0.509757 -0.060793
v -0.103608 0.512693 -0.056027
v -0.099000 0.514508 -0.052950
v -0.093174 0.514508 -0.052737
v -0.088355 0.512693 -0.055470
v -0.086383 0.509757 -0.060105
v -0.088012 0.506822 -0.064871
v -0.092620 0.505007 -0.067948
v -0.098446 0.505007 -0.068160
v -0.103265 0.506822 -0.065427
f 1075 1076 1086
f 1075 1086 1085
f 1076 1077 1087
f 1076 1087 1086
f 1077 1078 1088
f 1077 1088 1087
f 1078 1079 1089
f 1078 1089 1088
f 1079 1080 1090
f 1079 1090 1089
f 1080 1081 1091
f 1080 1091 1090
f 1081 1082 1092
f 1081 1092 1091
f 1082 1083 1093
f 1082 1093 1092
f 1083 1084 1094
f 1083 1094 1093
f 1084 1075 1085
f 1084 1085 1094
v -0.095810 0.509757 -0.060449
v -0.101217 0.508432 -0.060723
v -0.106905 0.507719 -0.060025
v -0.112934 0.507747 -0.058150
v -0.119294 0.508499 -0.055129
v -0.125927 0.509844 -0.051166
v -0.132734 0.511568 -0.046603
v -0.139590 0.513397 -0.041872
v -0.146357 0.515033 -0.037447
v -0.152901 0.516186 -0.033790
v -0.159108 0.516603 -0.031299
v -0.164893 0.516101 -0.030266
v -0.170211 0.514582 -0.030848
v -0.175062 0.512045 -0.033043
v -0.179490 0.508589 -0.036697
v -0.183581 0.504397 -0.041518
v -0.187450 0.499722 -0.047106
v -0.191230 0.494854 -0.052999
v -0.195058 0.490092 -0.058725
v -0.199061 0.485708 -0.063851
v -0.203336 0.481917 -0.068036
v -0.207943 0.478850 -0.071073
v -0.212890 0.476524 -0.072934
v -0.218119 0.474811 -0.073823
v -0.212712 0.476136 -0.073549
v -0.207024 0.476849 -0.074247
v -0.200995 0.476821 -0.076121
v -0.194635 0.476069 -0.079142
v -0.188002 0.474724 -0.083105
v -0.181195 0.473000 -0.087668
v -0.174339 0.471171 -0.092399
v -0.167572 0.469535 -0.096824
v -0.161028 0.468382 -0.100482
v -0.154820 0.467965 -0.102973
v -0.149036 0.468467 -0.104005
v -0.143718 0.469986 -0.103424
v -0.138867 0.472523 -0.101228
v -0.134439 0.475979 -0.097574
v -0.130348 0.480171 -0.092754
v -0.126479 0.484846 -0.087166
v -0.122699 0.489714 -0.081272
v -0.118870 0.494476 -0.075546
v -0.114868 0.498860 -0.070420
v -0.110593 0.502651 -0.066236
v -0.105986 0.505718 -0.063199
v -0.101039 0.508044 -0.061338
f 1095 1096 1097
f 1095 1097 1096
f 1095 1097 1098
f 1095 1098 1097
f 1095 1098 1099
f 1095 1099 1098
f 1095 1099 1100
f 1095 1100 1099
f 1095 1100 1101
f 1095 1101 1100
f 1095 1101 1102
f 1095 1102 1101
f 1095 1102 1103
f 1095 1103 1102
f 1095 1103 1104
f 1095 1104 1103
f 1095 1104 1105
f 1095 1105 1104
f 1095 1105 1106
f 1095 1106 1105
f 1095 1106 1107
f 1095 1107 1106
f 1095 1107 1108
f 1095 1108 1107
f 1095 1108 1109
f 1095 1109 1108
f 1095 1109 1110
f 1095 1110 1109
f 1095 1110 1111
f 1095 1111 1110
f 1095 1111 1112
f 1095 1112 1111
f 1095 1112 1113
f 1095 1113 1112
f 1095 1113 1114
f 1095 1114 1113
f 1095 1114 1115
f 1095 1115 1114
f 1095 1115 1116
f 1095 1116 1115
f 1095 1116 1117
f 1095 1117 1116
f 1095 1117 1118
f 1095 1118 1117
f 1095 1118 1119
f 1095 1119 1118
f 1095 1119 1120
f 1095 1120 1119
f 1095 1120 1121
f 1095 1121 1120
f 1095 1121 1122
f 1095 1122 1121
f 1095 1122 1123
f 1095 1123 1122
f 1095 1123 1124
f 1095 1124 1123
f 1095 1124 1125
f 1095 1125 1124
f 1095 1125 1126
f 1095 1126 1125
f 1095 1126 1127
f 1095 1127 1126
f 1095 1127 1128
f 1095 1128 1127
f 1095 1128 1129
f 1095 1129 1128
f 1095 1129 1130
f 1095 1130 1129
f 1095 1130 1131
f 1095 1131 1130
f 1095 1131 1132
f 1095 1132 1131
f 1095 1132 1133
f 1095 1133 1132
f 1095 1133 1134
f 1095 1134 1133
f 1095 1134 1135
f 1095 1135 1134
f 1095 1135 1136
f 1095 1136 1135
f 1095 1136 1137
f 1095 1137 1136
f 1095 1137 1138
f 1095 1138 1137
f 1095 1138 1139
f 1095 1139 1138
f 1095 1139 1140
f 1095 1140 1139
v -0.095810 0.509757 -0.060449
v -0.093496 0.510402 -0.057565
v -0.090797 0.510878 -0.054937
v -0.087445 0.511069 -0.052743
v -0.083300 0.510914 -0.051074
v -0.078376 0.510418 -0.049923
v -0.072833 0.509653 -0.049182
v -0.066960 0.508743 -0.048660
v -0.061128 0.507851 -0.048111
v -0.055738 0.507152 -0.047269
v -0.051158 0.506807 -0.045889
v -0.047672 0.506940 -0.043783
v -0.045431 0.507616 -0.040851
v -0.044436 0.508836 -0.037093
v -0.044534 0.510533 -0.032609
v -0.045442 0.512585 -0.027587
v -0.046793 0.514829 -0.022272
v -0.048184 0.517091 -0.016930
v -0.049245 0.519209 -0.011807
v -0.049687 0.521057 -0.007095
v -0.049350 0.522565 -0.002899
v -0.048222 0.523727 0.000771
v -0.046439 0.524603 0.004006
v -0.044271 0.525311 0.006987
v -0.046585 0.524667 0.004104
v -0.049284 0.524190 0.001475
v -0.052636 0.524000 -0.000719
v -0.056781 0.524155 -0.002387
v -0.061705 0.524650 -0.003539
v -0.067248 0.525416 -0.004280
v -0.073121 0.526326 -0.004802
v -0.078953 0.527217 -0.005351
v -0.084343 0.527916 -0.006193
v -0.088922 0.528261 -0.007573
v -0.092409 0.528129 -0.009679
v -0.094650 0.527453 -0.012611
v -0.095645 0.526232 -0.016369
v -0.095547 0.524535 -0.020853
v -0.094639 0.522484 -0.025875
v -0.093288 0.520239 -0.031190
v -0.091897 0.517977 -0.036532
v -0.090836 0.515859 -0.041655
v -0.090394 0.514011 -0.046367
v -0.090730 0.512504 -0.050563
v -0.091859 0.511342 -0.054233
v -0.093642 0.510466 -0.057468
f 1141 1142 1143
f 1141 1143 1142
f 1141 1143 1144
f 1141 1144 1143
f 1141 1144 1145
f 1141 1145 1144
f 1141 1145 1146
f 1141 1146 1145
f 1141 1146 1147
f 1141 1147 1146
f 1141 1147 1148
f 1141 1148 1147
f 1141 1148 1149
f 1141 1149 1148
f 1141 1149 1150
f 1141 1150 1149
f 1141 1150 1151
f 1141 1151 1150
f 1141 1151 1152
f 1141 1152 1151
f 1141 1152 1153
f 1141 1153 1152
f 1141 1153 1154
f 1141 1154 1153
f 1141 1154 1155
f 1141 1155 1154
f 1141 1155 1156
f 1141 1156 1155
f 1141 1156 1157
f 1141 1157 1156
f 1141 1157 1158
f 1141 1158 1157
f 1141 1158 1159
f 1141 1159 1158
f 1141 1159 1160
f 1141 1160 1159
f 1141 1160 1161
f 1141 1161 1160
f 1141 1161 1162
f 1141 1162 1161
f 1141 1162 1163
f 1141 1163 1162
f 1141 1163 1164
f 1141 1164 1163
f 1141 1164 1165
f 1141 1165 1164
f 1141 1165 1166
f 1141 1166 1165
f 1141 1166 1167
f 1141 1167 1166
f 1141 1167 1168
f 1141 1168 1167
f 1141 1168 1169
f 1141 1169 1168
f 1141 1169 1170
f 1141 1170 1169
f 1141 1170 1171
f 1141 1171 1170
f 1141 1171 1172
f 1141 1172 1171
f 1141 1172 1173
f 1141 1173 1172
f 1141 1173 1174
f 1141 1174 1173
f 1141 1174 1175
f 1141 1175 1174
f 1141 1175 1176
f 1141 1176 1175
f 1141 1176 1177
f 1141 1177 1176
f 1141 1177 1178
f 1141 1178 1177
f 1141 1178 1179
f 1141 1179 1178
f 1141 1179 1180
f 1141 1180 1179
f 1141 1180 1181
f 1141 1181 1180
f 1141 1181 1182
f 1141 1182 1181
f 1141 1182 1183
f 1141 1183 1182
f 1141 1183 1184
f 1141 1184 1183
f 1141 1184 1185
f 1141 1185 1184
f 1141 1185 1186
f 1141 1186 1185
v -0.095810 0.509757 -0.060449
v -0.095071 0.505704 -0.063755
v -0.095163 0.501578 -0.067207
v -0.096495 0.497344 -0.070878
v -0.099208 0.492989 -0.074794
v -0.103191 0.488523 -0.078933
v -0.108110 0.483975 -0.083238
v -0.113454 0.479390 -0.087618
v -0.118610 0.474821 -0.091964
v -0.122944 0.470325 -0.096166
v -0.125885 0.465950 -0.100121
v -0.127005 0.461734 -0.103755
v -0.126074 0.457697 -0.107027
v -0.123093 0.453840 -0.109937
v -0.118291 0.450142 -0.112525
v -0.112097 0.446565 -0.114867
v -0.105080 0.443060 -0.117065
v -0.097874 0.439572 -0.119228
v -0.091094 0.436047 -0.121467
v -0.085250 0.432440 -0.123872
v -0.080676 0.428722 -0.126500
v -0.077483 0.424883 -0.129372
v -0.075530 0.420935 -0.132464
v -0.074408 0.416916 -0.135702
v -0.075146 0.420969 -0.132396
v -0.075055 0.425095 -0.128944
v -0.073723 0.429329 -0.125272
v -0.071009 0.433684 -0.121357
v -0.067026 0.438150 -0.117217
v -0.062107 0.442698 -0.112913
v -0.056763 0.447283 -0.108533
v -0.051607 0.451852 -0.104186
v -0.047274 0.456348 -0.099985
v -0.044333 0.460723 -0.096029
v -0.043213 0.464939 -0.092395
v -0.044144 0.468976 -0.089123
v -0.047125 0.472833 -0.086214
v -0.051926 0.476531 -0.083625
v -0.058121 0.480108 -0.081283
v -0.065138 0.483613 -0.079086
v -0.072343 0.487101 -0.076922
v -0.079123 0.490626 -0.074683
v -0.084968 0.494233 -0.072279
v -0.089542 0.497951 -0.069651
v -0.092735 0.501790 -0.066778
v -0.094688 0.505738 -0.063687
f 1187 1188 1189
f 1187 1189 1188
f 1187 1189 1190
f 1187 1190 1189
f 1187 1190 1191
f 1187 1191 1190
f 1187 1191 1192
f 1187 1192 1191
f 1187 1192 1193
f 1187 1193 1192
f 1187 1193 1194
f 1187 1194 1193
f 1187 1194 1195
f 1187 1195 1194
f 1187 1195 1196
f 1187 1196 1195
f 1187 1196 1197
f 1187 1197 1196
f 1187 1197 1198
f 1187 1198 1197
f 1187 1198 1199
f 1187 1199 1198
f 1187 1199 1200
f 1187 1200 1199
f 1187 1200 1201
f 1187 1201 1200
f 1187 1201 1202
f 1187 1202 1201
f 1187 1202 1203
f 1187 1203 1202
f 1187 1203 1204
f 1187 1204 1203
f 1187 1204 1205
f 1187 1205 1204
f 1187 1205 1206
f 1187 1206 1205
f 1187 1206 1207
f 1187 1207 1206
f 1187 1207 1208
f 1187 1208 1207
f 1187 1208 1209
f 1187 1209 1208
f 1187 1209 1210
f 1187 1210 1209
f 1187 1210 1211
f 1187 1211 1210
f 1187 1211 1212
f 1187 1212 1211
f 1187 1212 1213
f 1187 1213 1212
f 1187 1213 1214
f 1187 1214 1213
f 1187 1214 1215
f 1187 1215 1214
f 1187 1215 1216
f 1187 1216 1215
f 1187 1216 1217
f 1187 1217 1216
f 1187 1217 1218
f 1187 1218 1217
f 1187 1218 1219
f 1187 1219 1218
f 1187 1219 1220
f 1187 1220 1219
f 1187 1220 1221
f 1187 1221 1220
f 1187 1221 1222
f 1187 1222 1221
f 1187 1222 1223
f 1187 1223 1222
f 1187 1223 1224
f 1187 1224 1223
f 1187 1224 1225
f 1187 1225 1224
f 1187 1225 1226
f 1187 1226 1225
f 1187 1226 1227
f 1187 1227 1226
f 1187 1227 1228
f 1187 1228 1227
f 1187 1228 1229
f 1187 1229 1228
f 1187 1229 1230
f 1187 1230 1229
f 1187 1230 1231
f 1187 1231 1230
f 1187 1231 1232
f 1187 1232 1231
v -0.104989 0.509757 -0.062625
v -0.103842 0.514640 -0.059653
v -0.099627 0.517658 -0.056985
v -0.093954 0.517658 -0.055641
v -0.088990 0.514640 -0.056132
v -0.086631 0.509757 -0.058273
v -0.087778 0.504875 -0.061245
v -0.091993 0.501857 -0.063912
v -0.097666 0.501857 -0.065257
v -0.102630 0.504875 -0.064765
v -0.092369 0.532342 -0.102774
v -0.091589 0.535662 -0.100753
v -0.088723 0.537714 -0.098939
v -0.084865 0.537714 -0.098025
v -0.081490 0.535662 -0.098359
v -0.079886 0.532342 -0.099815
v -0.080666 0.529022 -0.101836
v -0.083532 0.526970 -0.103650
v -0.087389 0.526970 -0.104564
v -0.090765 0.529022 -0.104230
f 1233 1234 1244
f 1233 1244 1243
f 1234 1235 1245
f 1234 1245 1244
f 1235 1236 1246
f 1235 1246 1245
f 1236 1237 1247
f 1236 1247 1246
f 1237 1238 1248
f 1237 1248 1247
f 1238 1239 1249
f 1238 1249 1248
f 1239 1240 1250
f 1239 1250 1249
f 1240 1241 1251
f 1240 1251 1250
f 1241 1242 1252
f 1241 1252 1251
f 1242 1233 1243
f 1242 1243 1252
v -0.086127 0.532342 -0.101295
v -0.089437 0.532399 -0.099906
v -0.092678 0.532719 -0.098356
v -0.095774 0.533598 -0.096463
v -0.098666 0.535264 -0.094086
v -0.101332 0.537799 -0.091175
v -0.103798 0.541108 -0.087789
v -0.106133 0.544917 -0.084095
v -0.108445 0.548818 -0.080345
v -0.110858 0.552331 -0.076833
v -0.113491 0.554991 -0.073845
v -0.116441 0.556433 -0.071606
v -0.119760 0.556455 -0.070239
v -0.123447 0.555056 -0.069745
v -0.127451 0.552439 -0.070000
v -0.131676 0.548970 -0.070779
v -0.136001 0.545112 -0.071796
v -0.140303 0.541346 -0.072757
v -0.144475 0.538081 -0.073410
v -0.148446 0.535589 -0.073588
v -0.152191 0.533967 -0.073231
v -0.155732 0.533131 -0.072392
v -0.159128 0.532854 -0.071208
v -0.162456 0.532840 -0.069864
v -0.159147 0.532783 -0.071252
v -0.155905 0.532463 -0.072802
v -0.152809 0.531583 -0.074696
v -0.149917 0.529918 -0.077072
v -0.147251 0.527383 -0.079983
v -0.144786 0.524074 -0.083369
v -0.142450 0.520264 -0.087063
v -0.140138 0.516364 -0.090814
v -0.137726 0.512851 -0.094325
v -0.135092 0.510190 -0.097313
v -0.132142 0.508749 -0.099552
v -0.128823 0.508727 -0.100919
v -0.125136 0.510125 -0.101413
v -0.121133 0.512742 -0.101158
v -0.116908 0.516212 -0.100380
v -0.112582 0.520069 -0.099363
v -0.108281 0.523836 -0.098402
v -0.104109 0.527101 -0.097748
v -0.100138 0.529593 -0.097571
v -0.096393 0.531215 -0.097927
v -0.092851 0.532051 -0.098767
v -0.089455 0.532328 -0.099950
f 1253 1254 1255
f 1253 1255 1254
f 1253 1255 1256
f 1253 1256 1255
f 1253 1256 1257
f 1253 1257 1256
f 1253 1257 1258
f 1253 1258 1257
f 1253 1258 1259
f 1253 1259 1258
f 1253 1259 1260
f 1253 1260 1259
f 1253 1260 1261
f 1253 1261 1260
f 1253 1261 1262
f 1253 1262 1261
f 1253 1262 1263
f 1253 1263 1262
f 1253 1263 1264
f 1253 1264 1263
f 1253 1264 1265
f 1253 1265 1264
f 1253 1265 1266
f 1253 1266 1265
f 1253 1266 1267
f 1253 1267 1266
f 1253 1267 1268
f 1253 1268 1267
f 1253 1268 1269
f 1253 1269 1268
f 1253 1269 1270
f 1253 1270 1269
f 1253 1270 1271
f 1253 1271 1270
f 1253 1271 1272
f 1253 1272 1271
f 1253 1272 1273
f 1253 1273 1272
f 1253 1273 1274
f 1253 1274 1273
f 1253 1274 1275
f 1253 1275 1274
f 1253 1275 1276
f 1253 1276 1275
f 1253 1276 1277
f 1253 1277 1276
f 1253 1277 1278
f 1253 1278 1277
f 1253 1278 1279
f 1253 1279 1278
f 1253 1279 1280
f 1253 1280 1279
f 1253 1280 1281
f 1253 1281 1280
f 1253 1281 1282
f 1253 1282 1281
f 1253 1282 1283
f 1253 1283 1282
f 1253 1283 1284
f 1253 1284 1283
f 1253 1284 1285
f 1253 1285 1284
f 1253 1285 1286
f 1253 1286 1285
f 1253 1286 1287
f 1253 1287 1286
f 1253 1287 1288
f 1253 1288 1287
f 1253 1288 1289
f 1253 1289 1288
f 1253 1289 1290
f 1253 1290 1289
f 1253 1290 1291
f 1253 1291 1290
f 1253 1291 1292
f 1253 1292 1291
f 1253 1292 1293
f 1253 1293 1292
f 1253 1293 1294
f 1253 1294 1293
f 1253 1294 1295
f 1253 1295 1294
f 1253 1295 1296
f 1253 1296 1295
f 1253 1296 1297
f 1253 1297 1296
f 1253 1297 1298
f 1253 1298 1297
v -0.086127 0.532342 -0.101295
v -0.082620 0.531115 -0.098392
v -0.079025 0.529236 -0.095829
v -0.075296 0.526370 -0.093780
v -0.071417 0.522396 -0.092309
v -0.067399 0.517394 -0.091373
v -0.063278 0.511629 -0.090834
v -0.059109 0.505510 -0.090480
v -0.054959 0.499532 -0.090052
v -0.050897 0.494209 -0.089282
v -0.046987 0.490006 -0.087930
v -0.043276 0.487271 -0.085813
v -0.039789 0.486191 -0.082834
v -0.036525 0.486766 -0.078993
v -0.033460 0.488809 -0.074387
v -0.030546 0.491972 -0.069198
v -0.027721 0.495790 -0.063668
v -0.024915 0.499749 -0.058064
v -0.022062 0.503354 -0.052645
v -0.019105 0.506196 -0.047623
v -0.016009 0.508010 -0.043137
v -0.012763 0.508716 -0.039227
v -0.009383 0.508435 -0.035832
v -0.005916 0.507502 -0.032777
v -0.009423 0.508730 -0.035679
v -0.013019 0.510608 -0.038242
v -0.016748 0.513474 -0.040291
v -0.020627 0.517449 -0.041762
v -0.024644 0.522451 -0.042698
v -0.028766 0.528215 -0.043237
v -0.032935 0.534335 -0.043592
v -0.037085 0.540313 -0.044019
v -0.041146 0.545635 -0.044789
v -0.045056 0.549838 -0.046141
v -0.048767 0.552573 -0.048258
v -0.052254 0.553653 -0.051237
v -0.055518 0.553078 -0.055078
v -0.058583 0.551035 -0.059684
v -0.061497 0.547873 -0.064873
v -0.064322 0.544054 -0.070403
v -0.067128 0.540095 -0.076007
v -0.069981 0.536490 -0.081426
v -0.072939 0.533648 -0.086448
v -0.076034 0.531834 -0.090935
v -0.079280 0.531128 -0.094844
v -0.082660 0.531409 -0.098239
f 1299 1300 1301
f 1299 1301 1300
f 1299 1301 1302
f 1299 1302 1301
f 1299 1302 1303
f 1299 1303 1302
f 1299 1303 1304
f 1299 1304 1303
f 1299 1304 1305
f 1299 1305 1304
f 1299 1305 1306
f 1299 1306 1305
f 1299 1306 1307
f 1299 1307 1306
f 1299 1307 1308
f 1299 1308 1307
f 1299 1308 1309
f 1299 1309 1308
f 1299 1309 1310
f 1299 1310 1309
f 1299 1310 1311
f 1299 1311 1310
f 1299 1311 1312
f 1299 1312 1311
f 1299 1312 1313
f 1299 1313 1312
f 1299 1313 1314
f 1299 1314 1313
f 1299 1314 1315
f 1299 1315 1314
f 1299 1315 1316
f 1299 1316 1315
f 1299 1316 1317
f 1299 1317 1316
f 1299 1317 1318
f 1299 1318 1317
f 1299 1318 1319
f 1299 1319 1318
f 1299 1319 1320
f 1299 1320 1319
f 1299 1320 1321
f 1299 1321 1320
f 1299 1321 1322
f 1299 1322 1321
f 1299 1322 1323
f 1299 1323 1322
f 1299 1323 1324
f 1299 1324 1323
f 1299 1324 1325
f 1299 1325 1324
f 1299 1325 1326
f 1299 1326 1325
f 1299 1326 1327
f 1299 1327 1326
f 1299 1327 1328
f 1299 1328 1327
f 1299 1328 1329
f 1299 1329 1328
f 1299 1329 1330
f 1299 1330 1329
f 1299 1330 1331
f 1299 1331 1330
f 1299 1331 1332
f 1299 1332 1331
f 1299 1332 1333
f 1299 1333 1332
f 1299 1333 1334
f 1299 1334 1333
f 1299 1334 1335
f 1299 1335 1334
f 1299 1335 1336
f 1299 1336 1335
f 1299 1336 1337
f 1299 1337 1336
f 1299 1337 1338
f 1299 1338 1337
f 1299 1338 1339
f 1299 1339 1338
f 1299 1339 1340
f 1299 1340 1339
f 1299 1340 1341
f 1299 1341 1340
f 1299 1341 1342
f 1299 1342 1341
f 1299 1342 1343
f 1299 1343 1342
f 1299 1343 1344
f 1299 1344 1343
v -0.095810 0.510872 -0.051082
v -0.090556 0.512418 -0.053080
v -0.087309 0.512947 -0.057893
v -0.087309 0.512258 -0.063682
v -0.090556 0.510614 -0.068236
v -0.095810 0.508642 -0.069816
v -0.101064 0.507097 -0.067817
v -0.104311 0.506567 -0.063005
v -0.104311 0.507256 -0.057216
v -0.101064 0.508901 -0.052662
v -0.111667 0.557229 -0.059640
v -0.108094 0.558280 -0.060999
v -0.105886 0.558640 -0.064271
v -0.105886 0.558172 -0.068208
v -0.108094 0.557054 -0.071305
v -0.111667 0.555713 -0.072379
v -0.115240 0.554662 -0.071020
v -0.117448 0.554302 -0.067747
v -0.117448 0.554771 -0.063811
v -0.115240 0.555889 -0.060714
f 1345 1346 1356
f 1345 1356 1355
f 1346 1347 1357
f 1346 1357 1356
f 1347 1348 1358
f 1347 1358 1357
f 1348 1349 1359
f 1348 1359 1358
f 1349 1350 1360
f 1349 1360 1359
f 1350 1351 1361
f 1350 1361 1360
f 1351 1352 1362
f 1351 1362 1361
f 1352 1353 1363
f 1352 1363 1362
f 1353 1354 1364
f 1353 1364 1363
f 1354 1345 1355
f 1354 1355 1364
v -0.111667 0.556471 -0.066009
v -0.111989 0.554824 -0.062016
v -0.111992 0.553295 -0.057944
v -0.111284 0.552028 -0.053698
v -0.109543 0.551141 -0.049200
v -0.106635 0.550685 -0.044415
v -0.102663 0.550621 -0.039371
v -0.097981 0.550818 -0.034152
v -0.093139 0.551075 -0.028895
v -0.088792 0.551149 -0.023758
v -0.085581 0.550805 -0.018900
v -0.084016 0.549853 -0.014444
v -0.084378 0.548191 -0.010461
v -0.086669 0.545819 -0.006949
v -0.090605 0.542840 -0.003840
v -0.095677 0.539442 -0.001009
v -0.101245 0.535862 0.001700
v -0.106652 0.532341 0.004449
v -0.111348 0.529082 0.007372
v -0.114982 0.526214 0.010555
v -0.117448 0.523777 0.014024
v -0.118882 0.521721 0.017745
v -0.119603 0.519927 0.021641
v -0.120007 0.518250 0.025615
v -0.119685 0.519897 0.021621
v -0.119681 0.521426 0.017550
v -0.120390 0.522693 0.013304
v -0.122130 0.523580 0.008805
v -0.125039 0.524036 0.004021
v -0.129010 0.524100 -0.001023
v -0.133692 0.523902 -0.006242
v -0.138534 0.523646 -0.011500
v -0.142882 0.523572 -0.016636
v -0.146093 0.523916 -0.021494
v -0.147658 0.524868 -0.025950
v -0.147295 0.526529 -0.029934
v -0.145005 0.528902 -0.033445
v -0.141069 0.531881 -0.036554
v -0.135996 0.535278 -0.039385
v -0.130429 0.538859 -0.042095
v -0.125022 0.542380 -0.044844
v -0.120325 0.545639 -0.047767
v -0.116691 0.548507 -0.050949
v -0.114226 0.550944 -0.054418
v -0.112792 0.553000 -0.058140
v -0.112070 0.554794 -0.062036
f 1365 1366 1367
f 1365 1367 1366
f 1365 1367 1368
f 1365 1368 1367
f 1365 1368 1369
f 1365 1369 1368
f 1365 1369 1370
f 1365 1370 1369
f 1365 1370 1371
f 1365 1371 1370
f 1365 1371 1372
f 1365 1372 1371
f 1365 1372 1373
f 1365 1373 1372
f 1365 1373 1374
f 1365 1374 1373
f 1365 1374 1375
f 1365 1375 1374
f 1365 1375 1376
f 1365 1376 1375
f 1365 1376 1377
f 1365 1377 1376
f 1365 1377 1378
f 1365 1378 1377
f 1365 1378 1379
f 1365 1379 1378
f 1365 1379 1380
f 1365 1380 1379
f 1365 1380 1381
f 1365 1381 1380
f 1365 1381 1382
f 1365 1382 1381
f 1365 1382 1383
f 1365 1383 1382
f 1365 1383 1384
f 1365 1384 1383
f 1365 1384 1385
f 1365 1385 1384
f 1365 1385 1386
f 1365 1386 1385
f 1365 1386 1387
f 1365 1387 1386
f 1365 1387 1388
f 1365 1388 1387
f 1365 1388 1389
f 1365 1389 1388
f 1365 1389 1390
f 1365 1390 1389
f 1365 1390 1391
f 1365 1391 1390
f 1365 1391 1392
f 1365 1392 1391
f 1365 1392 1393
f 1365 1393 1392
f 1365 1393 1394
f 1365 1394 1393
f 1365 1394 1395
f 1365 1395 1394
f 1365 1395 1396
f 1365 1396 1395
f 1365 1396 1397
f 1365 1397 1396
f 1365 1397 1398
f 1365 1398 1397
f 1365 1398 1399
f 1365 1399 1398
f 1365 1399 1400
f 1365 1400 1399
f 1365 1400 1401
f 1365 1401 1400
f 1365 1401 1402
f 1365 1402 1401
f 1365 1402 1403
f 1365 1403 1402
f 1365 1403 1404
f 1365 1404 1403
f 1365 1404 1405
f 1365 1405 1404
f 1365 1405 1406
f 1365 1406 1405
f 1365 1406 1407
f 1365 1407 1406
f 1365 1407 1408
f 1365 1408 1407
f 1365 1408 1409
f 1365 1409 1408
f 1365 1409 1410
f 1365 1410 1409
v -0.111667 0.556471 -0.066009
v -0.108743 0.555916 -0.067456
v -0.106061 0.555219 -0.069396
v -0.103727 0.554321 -0.072038
v -0.101768 0.553206 -0.075439
v -0.100145 0.551895 -0.079521
v -0.098762 0.550445 -0.084090
v -0.097481 0.548936 -0.088865
v -0.096138 0.547462 -0.093514
v -0.094566 0.546122 -0.097700
v -0.092617 0.545000 -0.101122
v -0.090180 0.544162 -0.103556
v -0.087195 0.543642 -0.104880
v -0.083663 0.543440 -0.105096
v -0.079643 0.543520 -0.104324
v -0.075245 0.543820 -0.102787
v -0.070619 0.544253 -0.100787
v -0.065930 0.544722 -0.098662
v -0.061343 0.545131 -0.096742
v -0.056997 0.545402 -0.095309
v -0.052987 0.545477 -0.094557
v -0.049352 0.545334 -0.094565
v -0.046063 0.544990 -0.095275
v -0.043018 0.544505 -0.096477
v -0.045943 0.545060 -0.095031
v -0.048624 0.545756 -0.093091
v -0.050958 0.546654 -0.090449
v -0.052918 0.547770 -0.087048
v -0.054541 0.549080 -0.082966
v -0.055923 0.550531 -0.078396
v -0.057204 0.552040 -0.073621
v -0.058547 0.553513 -0.068972
v -0.060119 0.554854 -0.064786
v -0.062068 0.555975 -0.061364
v -0.064506 0.556813 -0.058931
v -0.067490 0.557334 -0.057606
v -0.071023 0.557536 -0.057390
v -0.075043 0.557455 -0.058163
v -0.079440 0.557155 -0.059699
v -0.084067 0.556723 -0.061699
v -0.088755 0.556254 -0.063825
v -0.093342 0.555844 -0.065745
v -0.097688 0.555574 -0.067177
v -0.101698 0.555499 -0.067929
v -0.105334 0.555642 -0.067922
v -0.108622 0.555986 -0.067212
f 1411 1412 1413
f 1411 1413 1412
f 1411 1413 1414
f 1411 1414 1413
f 1411 1414 1415
f 1411 1415 1414
f 1411 1415 1416
f 1411 1416 1415
f 1411 1416 1417
f 1411 1417 1416
f 1411 1417 1418
f 1411 1418 1417
f 1411 1418 1419
f 1411 1419 1418
f 1411 1419 1420
f 1411 1420 1419
f 1411 1420 1421
f 1411 1421 1420
f 1411 1421 1422
f 1411 1422 1421
f 1411 1422 1423
f 1411 1423 1422
f 1411 1423 1424
f 1411 1424 1423
f 1411 1424 1425
f 1411 1425 1424
f 1411 1425 1426
f 1411 1426 1425
f 1411 1426 1427
f 1411 1427 1426
f 1411 1427 1428
f 1411 1428 1427
f 1411 1428 1429
f 1411 1429 1428
f 1411 1429 1430
f 1411 1430 1429
f 1411 1430 1431
f 1411 1431 1430
f 1411 1431 1432
f 1411 1432 1431
f 1411 1432 1433
f 1411 1433 1432
f 1411 1433 1434
f 1411 1434 1433
f 1411 1434 1435
f 1411 1435 1434
f 1411 1435 1436
f 1411 1436 1435
f 1411 1436 1437
f 1411 1437 1436
f 1411 1437 1438
f 1411 1438 1437
f 1411 1438 1439
f 1411 1439 1438
f 1411 1439 1440
f 1411 1440 1439
f 1411 1440 1441
f 1411 1441 1440
f 1411 1441 1442
f 1411 1442 1441
f 1411 1442 1443
f 1411 1443 1442
f 1411 1443 1444
f 1411 1444 1443
f 1411 1444 1445
f 1411 1445 1444
f 1411 1445 1446
f 1411 1446 1445
f 1411 1446 1447
f 1411 1447 1446
f 1411 1447 1448
f 1411 1448 1447
f 1411 1448 1449
f 1411 1449 1448
f 1411 1449 1450
f 1411 1450 1449
f 1411 1450 1451
f 1411 1451 1450
f 1411 1451 1452
f 1411 1452 1451
f 1411 1452 1453
f 1411 1453 1452
f 1411 1453 1454
f 1411 1454 1453
f 1411 1454 1455
f 1411 1455 1454
f 1411 1455 1456
f 1411 1456 1455
v -0.111667 0.556471 -0.066009
v -0.116088 0.553391 -0.066213
v -0.120658 0.550377 -0.065439
v -0.125432 0.547451 -0.063341
v -0.130417 0.544619 -0.059856
v -0.135589 0.541867 -0.055159
v -0.140889 0.539172 -0.049622
v -0.146239 0.536498 -0.043764
v -0.151547 0.533806 -0.038177
v -0.156721 0.531056 -0.033461
v -0.161682 0.528213 -0.030140
v -0.166369 0.525249 -0.028608
v -0.170750 0.522152 -0.029071
v -0.174825 0.518921 -0.031531
v -0.178626 0.515570 -0.035779
v -0.182213 0.512125 -0.041423
v -0.185667 0.508622 -0.047937
v -0.189079 0.505101 -0.054723
v -0.192540 0.501602 -0.061187
v -0.196130 0.498159 -0.066811
v -0.199906 0.494797 -0.071224
v -0.203894 0.491528 -0.074250
v -0.208085 0.488347 -0.075950
v -0.212426 0.485233 -0.076674
v -0.208006 0.488313 -0.076471
v -0.203435 0.491327 -0.077244
v -0.198662 0.494253 -0.079343
v -0.193676 0.497085 -0.082828
v -0.188504 0.499837 -0.087525
v -0.183204 0.502532 -0.093061
v -0.177854 0.505206 -0.098920
v -0.172547 0.507897 -0.104506
v -0.167372 0.510648 -0.109223
v -0.162411 0.513491 -0.112543
v -0.157724 0.516455 -0.114076
v -0.153344 0.519552 -0.113612
v -0.149269 0.522783 -0.111152
v -0.145468 0.526134 -0.106905
v -0.141881 0.529579 -0.101260
v -0.138427 0.533082 -0.094747
v -0.135015 0.536603 -0.087961
v -0.131553 0.540102 -0.081497
v -0.127963 0.543545 -0.075872
v -0.124188 0.546907 -0.071460
v -0.120199 0.550176 -0.068434
v -0.116008 0.553356 -0.066733
f 1457 1458 1459
f 1457 1459 1458
f 1457 1459 1460
f 1457 1460 1459
f 1457 1460 1461
f 1457 1461 1460
f 1457 1461 1462
f 1457 1462 1461
f 1457 1462 1463
f 1457 1463 1462
f 1457 1463 1464
f 1457 1464 1463
f 1457 1464 1465
f 1457 1465 1464
f 1457 1465 1466
f 1457 1466 1465
f 1457 1466 1467
f 1457 1467 1466
f 1457 1467 1468
f 1457 1468 1467
f 1457 1468 1469
f 1457 1469 1468
f 1457 1469 1470
f 1457 1470 1469
f 1457 1470 1471
f 1457 1471 1470
f 1457 1471 1472
f 1457 1472 1471
f 1457 1472 1473
f 1457 1473 1472
f 1457 1473 1474
f 1457 1474 1473
f 1457 1474 1475
f 1457 1475 1474
f 1457 1475 1476
f 1457 1476 1475
f 1457 1476 1477
f 1457 1477 1476
f 1457 1477 1478
f 1457 1478 1477
f 1457 1478 1479
f 1457 1479 1478
f 1457 1479 1480
f 1457 1480 1479
f 1457 1480 1481
f 1457 1481 1480
f 1457 1481 1482
f 1457 1482 1481
f 1457 1482 1483
f 1457 1483 1482
f 1457 1483 1484
f 1457 1484 1483
f 1457 1484 1485
f 1457 1485 1484
f 1457 1485 1486
f 1457 1486 1485
f 1457 1486 1487
f 1457 1487 1486
f 1457 1487 1488
f 1457 1488 1487
f 1457 1488 1489
f 1457 1489 1488
f 1457 1489 1490
f 1457 1490 1489
f 1457 1490 1491
f 1457 1491 1490
f 1457 1491 1492
f 1457 1492 1491
f 1457 1492 1493
f 1457 1493 1492
f 1457 1493 1494
f 1457 1494 1493
f 1457 1494 1495
f 1457 1495 1494
f 1457 1495 1496
f 1457 1496 1495
f 1457 1496 1497
f 1457 1497 1496
f 1457 1497 1498
f 1457 1498 1497
f 1457 1498 1499
f 1457 1499 1498
f 1457 1499 1500
f 1457 1500 1499
f 1457 1500 1501
f 1457 1501 1500
f 1457 1501 1502
f 1457 1502 1501
v -0.095810 0.509987 -0.051019
v -0.090774 0.507624 -0.052763
v -0.087662 0.506075 -0.057444
v -0.087662 0.505934 -0.063272
v -0.090774 0.507252 -0.068022
v -0.095810 0.509528 -0.069879
v -0.100846 0.511891 -0.068134
v -0.103958 0.513439 -0.063454
v -0.103958 0.513581 -0.057626
v -0.100846 0.512262 -0.052876
v -0.075162 0.554718 -0.055126
v -0.071737 0.553111 -0.056312
v -0.069621 0.552058 -0.059495
v -0.069621 0.551962 -0.063458
v -0.071737 0.552859 -0.066688
v -0.075162 0.554406 -0.067951
v -0.078586 0.556013 -0.066765
v -0.080702 0.557066 -0.063582
v -0.080702 0.557162 -0.059619
v -0.078586 0.556265 -0.056389
f 1503 1504 1514
f 1503 1514 1513
f 1504 1505 1515
f 1504 1515 1514
f 1505 1506 1516
f 1505 1516 1515
f 1506 1507 1517
f 1506 1517 1516
f 1507 1508 1518
f 1507 1518 1517
f 1508 1509 1519
f 1508 1519 1518
f 1509 1510 1520
f 1509 1520 1519
f 1510 1511 1521
f 1510 1521 1520
f 1511 1512 1522
f 1511 1522 1521
f 1512 1503 1513
f 1512 1513 1522
v -0.075162 0.554562 -0.061538
v -0.075239 0.553759 -0.058000
v -0.074748 0.552693 -0.054481
v -0.073449 0.551254 -0.050989
v -0.071282 0.549414 -0.047527
v -0.068337 0.547215 -0.044091
v -0.064839 0.544761 -0.040675
v -0.061109 0.542200 -0.037266
v -0.057526 0.539707 -0.033852
v -0.054476 0.537459 -0.030420
v -0.052299 0.535615 -0.026958
v -0.051252 0.534292 -0.023458
v -0.051472 0.533555 -0.019914
v -0.052958 0.533402 -0.016328
v -0.055575 0.533770 -0.012703
v -0.059065 0.534543 -0.009048
v -0.063088 0.535561 -0.005375
v -0.067257 0.536646 -0.001697
v -0.071195 0.537625 0.001973
v -0.074579 0.538348 0.005625
v -0.077186 0.538713 0.009249
v -0.078925 0.538676 0.012845
v -0.079856 0.538267 0.016412
v -0.080218 0.537595 0.019960
v -0.080140 0.538398 0.016422
v -0.080632 0.539464 0.012903
v -0.081931 0.540903 0.009411
v -0.084098 0.542743 0.005949
v -0.087042 0.544942 0.002513
v -0.090541 0.547396 -0.000903
v -0.094270 0.549957 -0.004312
v -0.097853 0.552450 -0.007726
v -0.100904 0.554698 -0.011158
v -0.103081 0.556542 -0.014620
v -0.104127 0.557864 -0.018120
v -0.103907 0.558602 -0.021663
v -0.102421 0.558755 -0.025250
v -0.099805 0.558387 -0.028875
v -0.096314 0.557614 -0.032530
v -0.092292 0.556596 -0.036203
v -0.088122 0.555511 -0.039881
v -0.084184 0.554532 -0.043551
v -0.080800 0.553809 -0.047202
v -0.078193 0.553444 -0.050827
v -0.076455 0.553481 -0.054422
v -0.075524 0.553890 -0.057990
f 1523 1524 1525
f 1523 1525 1524
f 1523 1525 1526
f 1523 1526 1525
f 1523 1526 1527
f 1523 1527 1526
f 1523 1527 1528
f 1523 1528 1527
f 1523 1528 1529
f 1523 1529 1528
f 1523 1529 1530
f 1523 1530 1529
f 1523 1530 1531
f 1523 1531 1530
f 1523 1531 1532
f 1523 1532 1531
f 1523 1532 1533
f 1523 1533 1532
f 1523 1533 1534
f 1523 1534 1533
f 1523 1534 1535
f 1523 1535 1534
f 1523 1535 1536
f 1523 1536 1535
f 1523 1536 1537
f 1523 1537 1536
f 1523 1537 1538
f 1523 1538 1537
f 1523 1538 1539
f 1523 1539 1538
f 1523 1539 1540
f 1523 1540 1539
f 1523 1540 1541
f 1523 1541 1540
f 1523 1541 1542
f 1523 1542 1541
f 1523 1542 1543
f 1523 1543 1542
f 1523 1543 1544
f 1523 1544 1543
f 1523 1544 1545
f 1523 1545 1544
f 1523 1545 1546
f 1523 1546 1545
f 1523 1546 1547
f 1523 1547 1546
f 1523 1547 1548
f 1523 1548 1547
f 1523 1548 1549
f 1523 1549 1548
f 1523 1549 1550
f 1523 1550 1549
f 1523 1550 1551
f 1523 1551 1550
f 1523 1551 1552
f 1523 1552 1551
f 1523 1552 1553
f 1523 1553 1552
f 1523 1553 1554
f 1523 1554 1553
f 1523 1554 1555
f 1523 1555 1554
f 1523 1555 1556
f 1523 1556 1555
f 1523 1556 1557
f 1523 1557 1556
f 1523 1557 1558
f 1523 1558 1557
f 1523 1558 1559
f 1523 1559 1558
f 1523 1559 1560
f 1523 1560 1559
f 1523 1560 1561
f 1523 1561 1560
f 1523 1561 1562
f 1523 1562 1561
f 1523 1562 1563
f 1523 1563 1562
f 1523 1563 1564
f 1523 1564 1563
f 1523 1564 1565
f 1523 1565 1564
f 1523 1565 1566
f 1523 1566 1565
f 1523 1566 1567
f 1523 1567 1566
f 1523 1567 1568
f 1523 1568 1567
v -0.075162 0.554562 -0.061538
v -0.071728 0.551368 -0.063751
v -0.068663 0.548306 -0.067509
v -0.065876 0.545344 -0.072436
v -0.063290 0.542454 -0.078203
v -0.060821 0.539606 -0.084464
v -0.058385 0.536770 -0.090863
v -0.055898 0.533916 -0.097048
v -0.053281 0.531014 -0.102685
v -0.050464 0.528041 -0.107483
v -0.047390 0.524977 -0.111207
v -0.044021 0.521806 -0.113691
v -0.040337 0.518521 -0.114851
v -0.036336 0.515124 -0.114685
v -0.032040 0.511620 -0.113280
v -0.027487 0.508025 -0.110801
v -0.022735 0.504357 -0.107482
v -0.017852 0.500643 -0.103617
v -0.012918 0.496910 -0.099536
v -0.008017 0.493190 -0.095594
v -0.003234 0.489511 -0.092146
v 0.001349 0.485905 -0.089537
v 0.005653 0.482398 -0.088098
v 0.009589 0.479024 -0.088205
v 0.006155 0.482218 -0.085992
v 0.003090 0.485280 -0.082234
v 0.000303 0.488242 -0.077307
v -0.002283 0.491132 -0.071540
v -0.004752 0.493980 -0.065279
v -0.007187 0.496816 -0.058880
v -0.009674 0.499670 -0.052695
v -0.012292 0.502572 -0.047058
v -0.015109 0.505544 -0.042260
v -0.018182 0.508609 -0.038536
v -0.021551 0.511780 -0.036052
v -0.025236 0.515065 -0.034892
v -0.029237 0.518462 -0.035058
v -0.033533 0.521966 -0.036463
v -0.038085 0.525561 -0.038942
v -0.042838 0.529229 -0.042261
v -0.047720 0.532943 -0.046126
v -0.052654 0.536675 -0.050207
v -0.057555 0.540396 -0.054149
v -0.062339 0.544075 -0.057597
v -0.066922 0.547681 -0.060206
v -0.071226 0.551188 -0.061645
f 1569 1570 1571
f 1569 1571 1570
f 1569 1571 1572
f 1569 1572 1571
f 1569 1572 1573
f 1569 1573 1572
f 1569 1573 1574
f 1569 1574 1573
f 1569 1574 1575
f 1569 1575 1574
f 1569 1575 1576
f 1569 1576 1575
f 1569 1576 1577
f 1569 1577 1576
f 1569 1577 1578
f 1569 1578 1577
f 1569 1578 1579
f 1569 1579 1578
f 1569 1579 1580
f 1569 1580 1579
f 1569 1580 1581
f 1569 1581 1580
f 1569 1581 1582
f 1569 1582 1581
f 1569 1582 1583
f 1569 1583 1582
f 1569 1583 1584
f 1569 1584 1583
f 1569 1584 1585
f 1569 1585 1584
f 1569 1585 1586
f 1569 1586 1585
f 1569 1586 1587
f 1569 1587 1586
f 1569 1587 1588
f 1569 1588 1587
f 1569 1588 1589
f 1569 1589 1588
f 1569 1589 1590
f 1569 1590 1589
f 1569 1590 1591
f 1569 1591 1590
f 1569 1591 1592
f 1569 1592 1591
f 1569 1592 1593
f 1569 1593 1592
f 1569 1593 1594
f 1569 1594 1593
f 1569 1594 1595
f 1569 1595 1594
f 1569 1595 1596
f 1569 1596 1595
f 1569 1596 1597
f 1569 1597 1596
f 1569 1597 1598
f 1569 1598 1597
f 1569 1598 1599
f 1569 1599 1598
f 1569 1599 1600
f 1569 1600 1599
f 1569 1600 1601
f 1569 1601 1600
f 1569 1601 1602
f 1569 1602 1601
f 1569 1602 1603
f 1569 1603 1602
f 1569 1603 1604
f 1569 1604 1603
f 1569 1604 1605
f 1569 1605 1604
f 1569 1605 1606
f 1569 1606 1605
f 1569 1606 1607
f 1569 1607 1606
f 1569 1607 1608
f 1569 1608 1607
f 1569 1608 1609
f 1569 1609 1608
f 1569 1609 1610
f 1569 1610 1609
f 1569 1610 1611
f 1569 1611 1610
f 1569 1611 1612
f 1569 1612 1611
f 1569 1612 1613
f 1569 1613 1612
f 1569 1613 1614
f 1569 1614 1613
v -0.075162 0.554562 -0.061538
v -0.077478 0.553633 -0.063452
v -0.080120 0.552861 -0.065072
v -0.083274 0.552337 -0.066230
v -0.087018 0.552097 -0.066856
v -0.091320 0.552126 -0.066979
v -0.096046 0.552360 -0.066720
v -0.100978 0.552694 -0.066275
v -0.105849 0.552998 -0.065884
v -0.110379 0.553137 -0.065802
v -0.114311 0.552988 -0.066258
v -0.117452 0.552458 -0.067428
v -0.119699 0.551495 -0.069404
v -0.121051 0.550100 -0.072187
v -0.121613 0.548324 -0.075683
v -0.121578 0.546260 -0.079717
v -0.121200 0.544030 -0.084060
v -0.120761 0.541771 -0.088458
v -0.120530 0.539611 -0.092670
v -0.120722 0.537657 -0.096499
v -0.121472 0.535971 -0.099825
v -0.122811 0.534571 -0.102620
v -0.124663 0.533417 -0.104952
v -0.126840 0.532421 -0.106991
v -0.124524 0.533350 -0.105078
v -0.121882 0.534122 -0.103458
v -0.118728 0.534647 -0.102300
v -0.114983 0.534886 -0.101674
v -0.110682 0.534857 -0.101551
v -0.105956 0.534623 -0.101809
v -0.101024 0.534289 -0.102255
v -0.096153 0.533985 -0.102646
v -0.091623 0.533846 -0.102728
v -0.087691 0.533995 -0.102271
v -0.084550 0.534526 -0.101102
v -0.082303 0.535488 -0.099125
v -0.080951 0.536883 -0.096343
v -0.080389 0.538659 -0.092847
v -0.080424 0.540724 -0.088812
v -0.080802 0.542953 -0.084469
v -0.081241 0.545212 -0.080071
v -0.081472 0.547372 -0.075860
v -0.081280 0.549326 -0.072031
v -0.080530 0.551012 -0.068704
v -0.079191 0.552413 -0.065910
v -0.077339 0.553566 -0.063577
f 1615 1616 1617
f 1615 1617 1616
f 1615 1617 1618
f 1615 1618 1617
f 1615 1618 1619
f 1615 1619 1618
f 1615 1619 1620
f 1615 1620 1619
f 1615 1620 1621
f 1615 1621 1620
f 1615 1621 1622
f 1615 1622 1621
f 1615 1622 1623
f 1615 1623 1622
f 1615 1623 1624
f 1615 1624 1623
f 1615 1624 1625
f 1615 1625 1624
f 1615 1625 1626
f 1615 1626 1625
f 1615 1626 1627
f 1615 1627 1626
f 1615 1627 1628
f 1615 1628 1627
f 1615 1628 1629
f 1615 1629 1628
f 1615 1629 1630
f 1615 1630 1629
f 1615 1630 1631
f 1615 1631 1630
f 1615 1631 1632
f 1615 1632 1631
f 1615 1632 1633
f 1615 1633 1632
f 1615 1633 1634
f 1615 1634 1633
f 1615 1634 1635
f 1615 1635 1634
f 1615 1635 1636
f 1615 1636 1635
f 1615 1636 1637
f 1615 1637 1636
f 1615 1637 1638
f 1615 1638 1637
f 1615 1638 1639
f 1615 1639 1638
f 1615 1639 1640
f 1615 1640 1639
f 1615 1640 1641
f 1615 1641 1640
f 1615 1641 1642
f 1615 1642 1641
f 1615 1642 1643
f 1615 1643 1642
f 1615 1643 1644
f 1615 1644 1643
f 1615 1644 1645
f 1615 1645 1644
f 1615 1645 1646
f 1615 1646 1645
f 1615 1646 1647
f 1615 1647 1646
f 1615 1647 1648
f 1615 1648 1647
f 1615 1648 1649
f 1615 1649 1648
f 1615 1649 1650
f 1615 1650 1649
f 1615 1650 1651
f 1615 1651 1650
f 1615 1651 1652
f 1615 1652 1651
f 1615 1652 1653
f 1615 1653 1652
f 1615 1653 1654
f 1615 1654 1653
f 1615 1654 1655
f 1615 1655 1654
f 1615 1655 1656
f 1615 1656 1655
f 1615 1656 1657
f 1615 1657 1656
f 1615 1657 1658
f 1615 1658 1657
f 1615 1658 1659
f 1615 1659 1658
f 1615 1659 1660
f 1615 1660 1659
v 0.019573 0.300000 0.005751
v 0.018397 0.307821 -0.004068
v 0.010194 0.312654 -0.012334
v -0.001902 0.312654 -0.015888
v -0.013272 0.307821 -0.013373
v -0.019573 0.300000 -0.005751
v -0.018397 0.292179 0.004068
v -0.010194 0.287346 0.012334
v 0.001902 0.287346 0.015888
v 0.013272 0.292179 0.013373
v -0.017663 0.427700 0.109327
v -0.018463 0.433018 0.102650
v -0.024041 0.436305 0.097030
v -0.032266 0.436305 0.094613
v -0.039998 0.433018 0.096323
v -0.044282 0.427700 0.101506
v -0.043483 0.422382 0.108183
v -0.037905 0.419095 0.113804
v -0.029679 0.419095 0.116221
v -0.021948 0.422382 0.114511
f 1661 1662 1672
f 1661 1672 1671
f 1662 1663 1673
f 1662 1673 1672
f 1663 1664 1674
f 1663 1674 1673
f 1664 1665 1675
f 1664 1675 1674
f 1665 1666 1676
f 1665 1676 1675
f 1666 1667 1677
f 1666 1677 1676
f 1667 1668 1678
f 1667 1678 1677
f 1668 1669 1679
f 1668 1679 1678
f 1669 1670 1680
f 1669 1680 1679
f 1670 1661 1671
f 1670 1671 1680
v -0.017519 0.427700 0.108796
v -0.019566 0.435567 0.106070
v -0.025970 0.440429 0.103096
v -0.034285 0.440429 0.101008
v -0.041335 0.435567 0.100604
v -0.044427 0.427700 0.102038
v -0.042380 0.419833 0.104763
v -0.035976 0.414971 0.107738
v -0.027660 0.414971 0.109826
v -0.020610 0.419833 0.110230
v -0.045565 0.454271 0.202253
v -0.046957 0.459620 0.200400
v -0.051312 0.462926 0.198377
v -0.056966 0.462926 0.196957
v -0.061760 0.459620 0.196683
v -0.063863 0.454271 0.197658
v -0.062470 0.448922 0.199511
v -0.058115 0.445615 0.201534
v -0.052461 0.445615 0.202954
v -0.047667 0.448922 0.203229
f 1681 1682 1692
f 1681 1692 1691
f 1682 1683 1693
f 1682 1693 1692
f 1683 1684 1694
f 1683 1694 1693
f 1684 1685 1695
f 1684 1695 1694
f 1685 1686 1696
f 1685 1696 1695
f 1686 1687 1697
f 1686 1697 1696
f 1687 1688 1698
f 1687 1698 1697
f 1688 1689 1699
f 1688 1699 1698
f 1689 1690 1700
f 1689 1700 1699
f 1690 1681 1691
f 1690 1691 1700
v -0.054714 0.454271 0.199956
v -0.051304 0.453966 0.200131
v -0.047669 0.454570 0.200108
v -0.043829 0.456002 0.199904
v -0.039822 0.458106 0.199552
v -0.035701 0.460671 0.199100
v -0.031527 0.463450 0.198601
v -0.027366 0.466177 0.198113
v -0.023283 0.468589 0.197694
v -0.019337 0.470445 0.197397
v -0.015578 0.471549 0.197264
v -0.012041 0.471759 0.197327
v -0.008744 0.471002 0.197602
v -0.005687 0.469277 0.198088
v -0.002851 0.466658 0.198770
v -0.000202 0.463287 0.199617
v 0.002310 0.459360 0.200585
v 0.004743 0.455119 0.201622
v 0.007164 0.450825 0.202670
v 0.009637 0.446744 0.203672
v 0.012225 0.443125 0.204572
v 0.014980 0.440179 0.205326
v 0.017939 0.438060 0.205899
v 0.021125 0.436850 0.206272
v 0.017715 0.437154 0.206097
v 0.014080 0.436550 0.206120
v 0.010240 0.435119 0.206324
v 0.006233 0.433015 0.206676
v 0.002112 0.430449 0.207128
v -0.002062 0.427670 0.207627
v -0.006223 0.424943 0.208115
v -0.010306 0.422532 0.208534
v -0.014252 0.420675 0.208831
v -0.018011 0.419571 0.208964
v -0.021548 0.419361 0.208901
v -0.024845 0.420119 0.208626
v -0.027903 0.421844 0.208140
v -0.030738 0.424462 0.207458
v -0.033388 0.427834 0.206611
v -0.035899 0.431760 0.205643
v -0.038333 0.436002 0.204606
v -0.040753 0.440296 0.203558
v -0.043226 0.444376 0.202556
v -0.045814 0.447995 0.201655
v -0.048569 0.450942 0.200902
v -0.051529 0.453061 0.200329
f 1701 1702 1703
f 1701 1703 1702
f 1701 1703 1704
f 1701 1704 1703
f 1701 1704 1705
f 1701 1705 1704
f 1701 1705 1706
f 1701 1706 1705
f 1701 1706 1707
f 1701 1707 1706
f 1701 1707 1708
f 1701 1708 1707
f 1701 1708 1709
f 1701 1709 1708
f 1701 1709 1710
f 1701 1710 1709
f 1701 1710 1711
f 1701 1711 1710
f 1701 1711 1712
f 1701 1712 1711
f 1701 1712 1713
f 1701 1713 1712
f 1701 1713 1714
f 1701 1714 1713
f 1701 1714 1715
f 1701 1715 1714
f 1701 1715 1716
f 1701 1716 1715
f 1701 1716 1717
f 1701 1717 1716
f 1701 1717 1718
f 1701 1718 1717
f 1701 1718 1719
f 1701 1719 1718
f 1701 1719 1720
f 1701 1720 1719
f 1701 1720 1721
f 1701 1721 1720
f 1701 1721 1722
f 1701 1722 1721
f 1701 1722 1723
f 1701 1723 1722
f 1701 1723 1724
f 1701 1724 1723
f 1701 1724 1725
f 1701 1725 1724
f 1701 1725 1726
f 1701 1726 1725
f 1701 1726 1727
f 1701 1727 1726
f 1701 1727 1728
f 1701 1728 1727
f 1701 1728 1729
f 1701 1729 1728
f 1701 1729 1730
f 1701 1730 1729
f 1701 1730 1731
f 1701 1731 1730
f 1701 1731 1732
f 1701 1732 1731
f 1701 1732 1733
f 1701 1733 1732
f 1701 1733 1734
f 1701 1734 1733
f 1701 1734 1735
f 1701 1735 1734
f 1701 1735 1736
f 1701 1736 1735
f 1701 1736 1737
f 1701 1737 1736
f 1701 1737 1738
f 1701 1738 1737
f 1701 1738 1739
f 1701 1739 1738
f 1701 1739 1740
f 1701 1740 1739
f 1701 1740 1741
f 1701 1741 1740
f 1701 1741 1742
f 1701 1742 1741
f 1701 1742 1743
f 1701 1743 1742
f 1701 1743 1744
f 1701 1744 1743
f 1701 1744 1745
f 1701 1745 1744
f 1701 1745 1746
f 1701 1746 1745
v -0.054714 0.454271 0.199956
v -0.057942 0.452382 0.197781
v -0.061052 0.450123 0.195741
v -0.063918 0.447105 0.193975
v -0.066453 0.443053 0.192584
v -0.068628 0.437883 0.191596
v -0.070492 0.431738 0.190961
v -0.072159 0.424982 0.190547
v -0.073799 0.418142 0.190163
v -0.075607 0.411827 0.189590
v -0.077770 0.406617 0.188617
v -0.080434 0.402969 0.187079
v -0.083680 0.401135 0.184885
v -0.087508 0.401113 0.182036
v -0.091837 0.402653 0.178622
v -0.096520 0.405300 0.174807
v -0.101372 0.408470 0.170804
v -0.106197 0.411556 0.166830
v -0.110825 0.414032 0.163078
v -0.115141 0.415533 0.159678
v -0.119099 0.415915 0.156683
v -0.122724 0.415264 0.154061
v -0.126106 0.413854 0.151714
v -0.129369 0.412073 0.149501
v -0.126141 0.413962 0.151675
v -0.123031 0.416222 0.153715
v -0.120165 0.419239 0.155481
v -0.117630 0.423291 0.156872
v -0.115455 0.428462 0.157860
v -0.113592 0.434606 0.158495
v -0.111925 0.441362 0.158909
v -0.110284 0.448202 0.159293
v -0.108476 0.454518 0.159866
v -0.106313 0.459727 0.160839
v -0.103649 0.463375 0.162377
v -0.100403 0.465210 0.164571
v -0.096575 0.465231 0.167420
v -0.092247 0.463691 0.170834
v -0.087563 0.461045 0.174649
v -0.082711 0.457874 0.178652
v -0.077887 0.454788 0.182626
v -0.073258 0.452312 0.186378
v -0.068942 0.450811 0.189778
v -0.064985 0.450429 0.192773
v -0.061359 0.451081 0.195395
v -0.057977 0.452490 0.197742
f 1747 1748 1749
f 1747 1749 1748
f 1747 1749 1750
f 1747 1750 1749
f 1747 1750 1751
f 1747 1751 1750
f 1747 1751 1752
f 1747 1752 1751
f 1747 1752 1753
f 1747 1753 1752
f 1747 1753 1754
f 1747 1754 1753
f 1747 1754 1755
f 1747 1755 1754
f 1747 1755 1756
f 1747 1756 1755
f 1747 1756 1757
f 1747 1757 1756
f 1747 1757 1758
f 1747 1758 1757
f 1747 1758 1759
f 1747 1759 1758
f 1747 1759 1760
f 1747 1760 1759
f 1747 1760 1761
f 1747 1761 1760
f 1747 1761 1762
f 1747 1762 1761
f 1747 1762 1763
f 1747 1763 1762
f 1747 1763 1764
f 1747 1764 1763
f 1747 1764 1765
f 1747 1765 1764
f 1747 1765 1766
f 1747 1766 1765
f 1747 1766 1767
f 1747 1767 1766
f 1747 1767 1768
f 1747 1768 1767
f 1747 1768 1769
f 1747 1769 1768
f 1747 1769 1770
f 1747 1770 1769
f 1747 1770 1771
f 1747 1771 1770
f 1747 1771 1772
f 1747 1772 1771
f 1747 1772 1773
f 1747 1773 1772
f 1747 1773 1774
f 1747 1774 1773
f 1747 1774 1775
f 1747 1775 1774
f 1747 1775 1776
f 1747 1776 1775
f 1747 1776 1777
f 1747 1777 1776
f 1747 1777 1778
f 1747 1778 1777
f 1747 1778 1779
f 1747 1779 1778
f 1747 1779 1780
f 1747 1780 1779
f 1747 1780 1781
f 1747 1781 1780
f 1747 1781 1782
f 1747 1782 1781
f 1747 1782 1783
f 1747 1783 1782
f 1747 1783 1784
f 1747 1784 1783
f 1747 1784 1785
f 1747 1785 1784
f 1747 1785 1786
f 1747 1786 1785
f 1747 1786 1787
f 1747 1787 1786
f 1747 1787 1788
f 1747 1788 1787
f 1747 1788 1789
f 1747 1789 1788
f 1747 1789 1790
f 1747 1790 1789
f 1747 1790 1791
f 1747 1791 1790
f 1747 1791 1792
f 1747 1792 1791
v -0.045282 0.454271 0.200123
v -0.047131 0.459135 0.202752
v -0.051875 0.462141 0.204313
v -0.057704 0.462141 0.204209
v -0.062391 0.459135 0.202481
v -0.064145 0.454271 0.199788
v -0.062297 0.449407 0.197159
v -0.057552 0.446401 0.195598
v -0.051723 0.446401 0.195702
v -0.047036 0.449407 0.197430
v -0.049311 0.423063 0.257098
v -0.050568 0.426371 0.258886
v -0.053794 0.428415 0.259947
v -0.057758 0.428415 0.259877
v -0.060945 0.426371 0.258702
v -0.062138 0.423063 0.256870
v -0.060881 0.419756 0.255083
v -0.057654 0.417712 0.254021
v -0.053691 0.417712 0.254092
v -0.050504 0.419756 0.255267
f 1793 1794 1804
f 1793 1804 1803
f 1794 1795 1805
f 1794 1805 1804
f 1795 1796 1806
f 1795 1806 1805
f 1796 1797 1807
f 1796 1807 1806
f 1797 1798 1808
f 1797 1808 1807
f 1798 1799 1809
f 1798 1809 1808
f 1799 1800 1810
f 1799 1810 1809
f 1800 1801 1811
f 1800 1811 1810
f 1801 1802 1812
f 1801 1812 1811
f 1802 1793 1803
f 1802 1803 1812
v -0.055724 0.423063 0.256984
v -0.050639 0.424328 0.255660
v -0.045598 0.426396 0.254774
v -0.040622 0.429617 0.254518
v -0.035717 0.434092 0.254947
v -0.030875 0.439697 0.255993
v -0.026079 0.446114 0.257483
v -0.021302 0.452880 0.259163
v -0.016514 0.459444 0.260734
v -0.011684 0.465247 0.261888
v -0.006782 0.469788 0.262353
v -0.001788 0.472692 0.261924
v 0.003308 0.473761 0.260493
v 0.008509 0.472993 0.258058
v 0.013801 0.470590 0.254730
v 0.019164 0.466924 0.250712
v 0.024569 0.462497 0.246278
v 0.029986 0.457868 0.241735
v 0.035384 0.453588 0.237381
v 0.040736 0.450120 0.233472
v 0.046024 0.447782 0.230179
v 0.051242 0.446698 0.227572
v 0.056395 0.446768 0.225595
v 0.061503 0.447640 0.224056
v 0.056417 0.446375 0.225380
v 0.051376 0.444308 0.226266
v 0.046401 0.441086 0.226522
v 0.041495 0.436611 0.226093
v 0.036653 0.431006 0.225047
v 0.031857 0.424589 0.223557
v 0.027081 0.417824 0.221877
v 0.022293 0.411259 0.220306
v 0.017462 0.405456 0.219152
v 0.012560 0.400916 0.218687
v 0.007567 0.398011 0.219116
v 0.002470 0.396942 0.220547
v -0.002730 0.397710 0.222982
v -0.008022 0.400114 0.226310
v -0.013385 0.403779 0.230328
v -0.018791 0.408207 0.234762
v -0.024208 0.412835 0.239305
v -0.029605 0.417115 0.243658
v -0.034957 0.420583 0.247568
v -0.040246 0.422921 0.250860
v -0.045464 0.424005 0.253468
v -0.050617 0.423936 0.255445
f 1813 1814 1815
f 1813 1815 1814
f 1813 1815 1816
f 1813 1816 1815
f 1813 1816 1817
f 1813 1817 1816
f 1813 1817 1818
f 1813 1818 1817
f 1813 1818 1819
f 1813 1819 1818
f 1813 1819 1820
f 1813 1820 1819
f 1813 1820 1821
f 1813 1821 1820
f 1813 1821 1822
f 1813 1822 1821
f 1813 1822 1823
f 1813 1823 1822
f 1813 1823 1824
f 1813 1824 1823
f 1813 1824 1825
f 1813 1825 1824
f 1813 1825 1826
f 1813 1826 1825
f 1813 1826 1827
f 1813 1827 1826
f 1813 1827 1828
f 1813 1828 1827
f 1813 1828 1829
f 1813 1829 1828
f 1813 1829 1830
f 1813 1830 1829
f 1813 1830 1831
f 1813 1831 1830
f 1813 1831 1832
f 1813 1832 1831
f 1813 1832 1833
f 1813 1833 1832
f 1813 1833 1834
f 1813 1834 1833
f 1813 1834 1835
f 1813 1835 1834
f 1813 1835 1836
f 1813 1836 1835
f 1813 1836 1837
f 1813 1837 1836
f 1813 1837 1838
f 1813 1838 1837
f 1813 1838 1839
f 1813 1839 1838
f 1813 1839 1840
f 1813 1840 1839
f 1813 1840 1841
f 1813 1841 1840
f 1813 1841 1842
f 1813 1842 1841
f 1813 1842 1843
f 1813 1843 1842
f 1813 1843 1844
f 1813 1844 1843
f 1813 1844 1845
f 1813 1845 1844
f 1813 1845 1846
f 1813 1846 1845
f 1813 1846 1847
f 1813 1847 1846
f 1813 1847 1848
f 1813 1848 1847
f 1813 1848 1849
f 1813 1849 1848
f 1813 1849 1850
f 1813 1850 1849
f 1813 1850 1851
f 1813 1851 1850
f 1813 1851 1852
f 1813 1852 1851
f 1813 1852 1853
f 1813 1853 1852
f 1813 1853 1854
f 1813 1854 1853
f 1813 1854 1855
f 1813 1855 1854
f 1813 1855 1856
f 1813 1856 1855
f 1813 1856 1857
f 1813 1857 1856
f 1813 1857 1858
f 1813 1858 1857
v -0.055724 0.423063 0.256984
v -0.056497 0.426067 0.257064
v -0.057478 0.429020 0.257113
v -0.058959 0.431851 0.257085
v -0.061200 0.434495 0.256943
v -0.064334 0.436921 0.256665
v -0.068310 0.439141 0.256259
v -0.072875 0.441217 0.255764
v -0.077609 0.443252 0.255243
v -0.081995 0.445371 0.254775
v -0.085521 0.447702 0.254438
v -0.087773 0.450344 0.254294
v -0.088522 0.453353 0.254377
v -0.087768 0.456731 0.254689
v -0.085741 0.460420 0.255193
v -0.082853 0.464319 0.255829
v -0.079617 0.468304 0.256516
v -0.076551 0.472247 0.257179
v -0.074073 0.476047 0.257751
v -0.072437 0.479640 0.258197
v -0.071694 0.483015 0.258507
v -0.071712 0.486203 0.258701
v -0.072229 0.489270 0.258820
v -0.072955 0.492285 0.258907
v -0.072182 0.489281 0.258827
v -0.071201 0.486328 0.258779
v -0.069720 0.483498 0.258806
v -0.067479 0.480853 0.258948
v -0.064345 0.478427 0.259227
v -0.060369 0.476207 0.259632
v -0.055804 0.474131 0.260127
v -0.051071 0.472097 0.260648
v -0.046684 0.469977 0.261116
v -0.043158 0.467647 0.261453
v -0.040906 0.465005 0.261597
v -0.040157 0.461995 0.261514
v -0.040911 0.458618 0.261202
v -0.042938 0.454929 0.260698
v -0.045827 0.451029 0.260063
v -0.049062 0.447044 0.259375
v -0.052128 0.443101 0.258713
v -0.054606 0.439302 0.258140
v -0.056242 0.435709 0.257694
v -0.056985 0.432334 0.257385
v -0.056967 0.429145 0.257190
v -0.056450 0.426079 0.257071
f 1859 1860 1861
f 1859 1861 1860
f 1859 1861 1862
f 1859 1862 1861
f 1859 1862 1863
f 1859 1863 1862
f 1859 1863 1864
f 1859 1864 1863
f 1859 1864 1865
f 1859 1865 1864
f 1859 1865 1866
f 1859 1866 1865
f 1859 1866 1867
f 1859 1867 1866
f 1859 1867 1868
f 1859 1868 1867
f 1859 1868 1869
f 1859 1869 1868
f 1859 1869 1870
f 1859 1870 1869
f 1859 1870 1871
f 1859 1871 1870
f 1859 1871 1872
f 1859 1872 1871
f 1859 1872 1873
f 1859 1873 1872
f 1859 1873 1874
f 1859 1874 1873
f 1859 1874 1875
f 1859 1875 1874
f 1859 1875 1876
f 1859 1876 1875
f 1859 1876 1877
f 1859 1877 1876
f 1859 1877 1878
f 1859 1878 1877
f 1859 1878 1879
f 1859 1879 1878
f 1859 1879 1880
f 1859 1880 1879
f 1859 1880 1881
f 1859 1881 1880
f 1859 1881 1882
f 1859 1882 1881
f 1859 1882 1883
f 1859 1883 1882
f 1859 1883 1884
f 1859 1884 1883
f 1859 1884 1885
f 1859 1885 1884
f 1859 1885 1886
f 1859 1886 1885
f 1859 1886 1887
f 1859 1887 1886
f 1859 1887 1888
f 1859 1888 1887
f 1859 1888 1889
f 1859 1889 1888
f 1859 1889 1890
f 1859 1890 1889
f 1859 1890 1891
f 1859 1891 1890
f 1859 1891 1892
f 1859 1892 1891
f 1859 1892 1893
f 1859 1893 1892
f 1859 1893 1894
f 1859 1894 1893
f 1859 1894 1895
f 1859 1895 1894
f 1859 1895 1896
f 1859 1896 1895
f 1859 1896 1897
f 1859 1897 1896
f 1859 1897 1898
f 1859 1898 1897
f 1859 1898 1899
f 1859 1899 1898
f 1859 1899 1900
f 1859 1900 1899
f 1859 1900 1901
f 1859 1901 1900
f 1859 1901 1902
f 1859 1902 1901
f 1859 1902 1903
f 1859 1903 1902
f 1859 1903 1904
f 1859 1904 1903
v -0.055724 0.423063 0.256984
v -0.056654 0.420972 0.253611
v -0.056842 0.418650 0.250126
v -0.056059 0.416027 0.246492
v -0.054283 0.413095 0.242707
v -0.051654 0.409898 0.238793
v -0.048451 0.406523 0.234791
v -0.045043 0.403084 0.230758
v -0.041853 0.399713 0.226757
v -0.039298 0.396539 0.222854
v -0.037745 0.393676 0.219103
v -0.037466 0.391209 0.215547
v -0.038605 0.389183 0.212206
v -0.041161 0.387597 0.209081
v -0.044990 0.386407 0.206150
v -0.049822 0.385528 0.203371
v -0.055289 0.384846 0.200690
v -0.060973 0.384232 0.198041
v -0.066454 0.383555 0.195361
v -0.071359 0.382699 0.192594
v -0.075412 0.381578 0.189697
v -0.078472 0.380149 0.186649
v -0.080561 0.378417 0.183453
v -0.081908 0.376456 0.180144
v -0.080978 0.378547 0.183516
v -0.080790 0.380869 0.187002
v -0.081573 0.383492 0.190636
v -0.083350 0.386424 0.194420
v -0.085978 0.389621 0.198335
v -0.089181 0.392996 0.202337
v -0.092589 0.396435 0.206370
v -0.095779 0.399807 0.210370
v -0.098334 0.402980 0.214274
v -0.099887 0.405843 0.218024
v -0.100166 0.408310 0.221581
v -0.099028 0.410336 0.224922
v -0.096472 0.411922 0.228047
v -0.092642 0.413113 0.230978
v -0.087810 0.413991 0.233757
v -0.082343 0.414673 0.236438
v -0.076659 0.415287 0.239087
v -0.071179 0.415964 0.241766
v -0.066273 0.416821 0.244534
v -0.062220 0.417941 0.247431
v -0.059160 0.419371 0.250479
v -0.057072 0.421102 0.253675
f 1905 1906 1907
f 1905 1907 1906
f 1905 1907 1908
f 1905 1908 1907
f 1905 1908 1909
f 1905 1909 1908
f 1905 1909 1910
f 1905 1910 1909
f 1905 1910 1911
f 1905 1911 1910
f 1905 1911 1912
f 1905 1912 1911
f 1905 1912 1913
f 1905 1913 1912
f 1905 1913 1914
f 1905 1914 1913
f 1905 1914 1915
f 1905 1915 1914
f 1905 1915 1916
f 1905 1916 1915
f 1905 1916 1917
f 1905 1917 1916
f 1905 1917 1918
f 1905 1918 1917
f 1905 1918 1919
f 1905 1919 1918
f 1905 1919 1920
f 1905 1920 1919
f 1905 1920 1921
f 1905 1921 1920
f 1905 1921 1922
f 1905 1922 1921
f 1905 1922 1923
f 1905 1923 1922
f 1905 1923 1924
f 1905 1924 1923
f 1905 1924 1925
f 1905 1925 1924
f 1905 1925 1926
f 1905 1926 1925
f 1905 1926 1927
f 1905 1927 1926
f 1905 1927 1928
f 1905 1928 1927
f 1905 1928 1929
f 1905 1929 1928
f 1905 1929 1930
f 1905 1930 1929
f 1905 1930 1931
f 1905 1931 1930
f 1905 1931 1932
f 1905 1932 1931
f 1905 1932 1933
f 1905 1933 1932
f 1905 1933 1934
f 1905 1934 1933
f 1905 1934 1935
f 1905 1935 1934
f 1905 1935 1936
f 1905 1936 1935
f 1905 1936 1937
f 1905 1937 1936
f 1905 1937 1938
f 1905 1938 1937
f 1905 1938 1939
f 1905 1939 1938
f 1905 1939 1940
f 1905 1940 1939
f 1905 1940 1941
f 1905 1941 1940
f 1905 1941 1942
f 1905 1942 1941
f 1905 1942 1943
f 1905 1943 1942
f 1905 1943 1944
f 1905 1944 1943
f 1905 1944 1945
f 1905 1945 1944
f 1905 1945 1946
f 1905 1946 1945
f 1905 1946 1947
f 1905 1947 1946
f 1905 1947 1948
f 1905 1948 1947
f 1905 1948 1949
f 1905 1949 1948
f 1905 1949 1950
f 1905 1950 1949
v -0.045833 0.454271 0.196775
v -0.048709 0.458570 0.194087
v -0.053879 0.461227 0.193640
v -0.059368 0.461227 0.195605
v -0.063079 0.458570 0.199232
v -0.063594 0.454271 0.203136
v -0.060718 0.449972 0.205824
v -0.055548 0.447314 0.206271
v -0.050060 0.447314 0.204306
v -0.046349 0.449972 0.200679
v -0.031697 0.495278 0.245202
v -0.033653 0.498202 0.243374
v -0.037169 0.500008 0.243070
v -0.040901 0.500008 0.244406
v -0.043425 0.498202 0.246873
v -0.043775 0.495278 0.249527
v -0.041819 0.492354 0.251355
v -0.038304 0.490548 0.251659
v -0.034572 0.490548 0.250323
v -0.032048 0.492354 0.247856
f 1951 1952 1962
f 1951 1962 1961
f 1952 1953 1963
f 1952 1963 1962
f 1953 1954 1964
f 1953 1964 1963
f 1954 1955 1965
f 1954 1965 1964
f 1955 1956 1966
f 1955 1966 1965
f 1956 1957 1967
f 1956 1967 1966
f 1957 1958 1968
f 1957 1968 1967
f 1958 1959 1969
f 1958 1969 1968
f 1959 1960 1970
f 1959 1970 1969
f 1960 1951 1961
f 1960 1961 1970
v -0.037736 0.495278 0.247365
v -0.035193 0.493812 0.244779
v -0.032700 0.492587 0.242003
v -0.030320 0.491902 0.238800
v -0.028102 0.492005 0.234974
v -0.026071 0.493002 0.230441
v -0.024209 0.494816 0.225262
v -0.022461 0.497179 0.219649
v -0.020739 0.499669 0.213936
v -0.018940 0.501783 0.208520
v -0.016960 0.503028 0.203791
v -0.014717 0.503010 0.200061
v -0.012168 0.501514 0.197499
v -0.009312 0.498539 0.196106
v -0.006194 0.494303 0.195711
v -0.002895 0.489197 0.196003
v 0.000482 0.483715 0.196593
v 0.003833 0.478360 0.197082
v 0.007069 0.473553 0.197137
v 0.010136 0.469564 0.196546
v 0.013017 0.466469 0.195249
v 0.015735 0.464162 0.193328
v 0.018341 0.462395 0.190980
v 0.020896 0.460869 0.188443
v 0.018353 0.462334 0.191028
v 0.015860 0.463560 0.193804
v 0.013479 0.464244 0.197007
v 0.011262 0.464142 0.200833
v 0.009231 0.463144 0.205366
v 0.007369 0.461330 0.210545
v 0.005621 0.458967 0.216158
v 0.003899 0.456477 0.221871
v 0.002100 0.454363 0.227287
v 0.000119 0.453119 0.232016
v -0.002123 0.453136 0.235747
v -0.004672 0.454632 0.238308
v -0.007528 0.457607 0.239701
v -0.010647 0.461844 0.240096
v -0.013946 0.466950 0.239804
v -0.017322 0.472432 0.239214
v -0.020673 0.477787 0.238726
v -0.023909 0.482593 0.238670
v -0.026976 0.486583 0.239261
v -0.029858 0.489677 0.240559
v -0.032575 0.491985 0.242479
v -0.035181 0.493752 0.244827
f 1971 1972 1973
f 1971 1973 1972
f 1971 1973 1974
f 1971 1974 1973
f 1971 1974 1975
f 1971 1975 1974
f 1971 1975 1976
f 1971 1976 1975
f 1971 1976 1977
f 1971 1977 1976
f 1971 1977 1978
f 1971 1978 1977
f 1971 1978 1979
f 1971 1979 1978
f 1971 1979 1980
f 1971 1980 1979
f 1971 1980 1981
f 1971 1981 1980
f 1971 1981 1982
f 1971 1982 1981
f 1971 1982 1983
f 1971 1983 1982
f 1971 1983 1984
f 1971 1984 1983
f 1971 1984 1985
f 1971 1985 1984
f 1971 1985 1986
f 1971 1986 1985
f 1971 1986 1987
f 1971 1987 1986
f 1971 1987 1988
f 1971 1988 1987
f 1971 1988 1989
f 1971 1989 1988
f 1971 1989 1990
f 1971 1990 1989
f 1971 1990 1991
f 1971 1991 1990
f 1971 1991 1992
f 1971 1992 1991
f 1971 1992 1993
f 1971 1993 1992
f 1971 1993 1994
f 1971 1994 1993
f 1971 1994 1995
f 1971 1995 1994
f 1971 1995 1996
f 1971 1996 1995
f 1971 1996 1997
f 1971 1997 1996
f 1971 1997 1998
f 1971 1998 1997
f 1971 1998 1999
f 1971 1999 1998
f 1971 1999 2000
f 1971 2000 1999
f 1971 2000 2001
f 1971 2001 2000
f 1971 2001 2002
f 1971 2002 2001
f 1971 2002 2003
f 1971 2003 2002
f 1971 2003 2004
f 1971 2004 2003
f 1971 2004 2005
f 1971 2005 2004
f 1971 2005 2006
f 1971 2006 2005
f 1971 2006 2007
f 1971 2007 2006
f 1971 2007 2008
f 1971 2008 2007
f 1971 2008 2009
f 1971 2009 2008
f 1971 2009 2010
f 1971 2010 2009
f 1971 2010 2011
f 1971 2011 2010
f 1971 2011 2012
f 1971 2012 2011
f 1971 2012 2013
f 1971 2013 2012
f 1971 2013 2014
f 1971 2014 2013
f 1971 2014 2015
f 1971 2015 2014
f 1971 2015 2016
f 1971 2016 2015
v -0.037736 0.495278 0.247365
v -0.041288 0.495783 0.245550
v -0.045179 0.495876 0.244213
v -0.049541 0.495399 0.243539
v -0.054404 0.494315 0.243568
v -0.059710 0.492696 0.244219
v -0.065326 0.490700 0.245308
v -0.071067 0.488553 0.246571
v -0.076717 0.486516 0.247706
v -0.082056 0.484855 0.248406
v -0.086893 0.483804 0.248398
v -0.091081 0.483537 0.247479
v -0.094545 0.484148 0.245541
v -0.097284 0.485637 0.242585
v -0.099375 0.487910 0.238718
v -0.100963 0.490793 0.234143
v -0.102240 0.494052 0.229133
v -0.103427 0.497421 0.223994
v -0.104738 0.500639 0.219030
v -0.106360 0.503481 0.214504
v -0.108425 0.505786 0.210600
v -0.110989 0.507486 0.207399
v -0.114026 0.508614 0.204860
v -0.117402 0.509332 0.202799
v -0.113850 0.508827 0.204614
v -0.109959 0.508733 0.205950
v -0.105597 0.509211 0.206625
v -0.100734 0.510295 0.206595
v -0.095428 0.511914 0.205944
v -0.089812 0.513910 0.204856
v -0.084071 0.516057 0.203593
v -0.078421 0.518094 0.202457
v -0.073082 0.519755 0.201758
v -0.068245 0.520806 0.201766
v -0.064057 0.521073 0.202685
v -0.060593 0.520461 0.204623
v -0.057854 0.518973 0.207579
v -0.055763 0.516699 0.211446
v -0.054175 0.513816 0.216021
v -0.052898 0.510558 0.221031
v -0.051711 0.507189 0.226170
v -0.050400 0.503971 0.231133
v -0.048778 0.501129 0.235660
v -0.046714 0.498824 0.239564
v -0.044149 0.497124 0.242765
v -0.041112 0.495995 0.245304
f 2017 2018 2019
f 2017 2019 2018
f 2017 2019 2020
f 2017 2020 2019
f 2017 2020 2021
f 2017 2021 2020
f 2017 2021 2022
f 2017 2022 2021
f 2017 2022 2023
f 2017 2023 2022
f 2017 2023 2024
f 2017 2024 2023
f 2017 2024 2025
f 2017 2025 2024
f 2017 2025 2026
f 2017 2026 2025
f 2017 2026 2027
f 2017 2027 2026
f 2017 2027 2028
f 2017 2028 2027
f 2017 2028 2029
f 2017 2029 2028
f 2017 2029 2030
f 2017 2030 2029
f 2017 2030 2031
f 2017 2031 2030
f 2017 2031 2032
f 2017 2032 2031
f 2017 2032 2033
f 2017 2033 2032
f 2017 2033 2034
f 2017 2034 2033
f 2017 2034 2035
f 2017 2035 2034
f 2017 2035 2036
f 2017 2036 2035
f 2017 2036 2037
f 2017 2037 2036
f 2017 2037 2038
f 2017 2038 2037
f 2017 2038 2039
f 2017 2039 2038
f 2017 2039 2040
f 2017 2040 2039
f 2017 2040 2041
f 2017 2041 2040
f 2017 2041 2042
f 2017 2042 2041
f 2017 2042 2043
f 2017 2043 2042
f 2017 2043 2044
f 2017 2044 2043
f 2017 2044 2045
f 2017 2045 2044
f 2017 2045 2046
f 2017 2046 2045
f 2017 2046 2047
f 2017 2047 2046
f 2017 2047 2048
f 2017 2048 2047
f 2017 2048 2049
f 2017 2049 2048
f 2017 2049 2050
f 2017 2050 2049
f 2017 2050 2051
f 2017 2051 2050
f 2017 2051 2052
f 2017 2052 2051
f 2017 2052 2053
f 2017 2053 2052
f 2017 2053 2054
f 2017 2054 2053
f 2017 2054 2055
f 2017 2055 2054
f 2017 2055 2056
f 2017 2056 2055
f 2017 2056 2057
f 2017 2057 2056
f 2017 2057 2058
f 2017 2058 2057
f 2017 2058 2059
f 2017 2059 2058
f 2017 2059 2060
f 2017 2060 2059
f 2017 2060 2061
f 2017 2061 2060
f 2017 2061 2062
f 2017 2062 2061
v -0.037736 0.495278 0.247365
v -0.038291 0.490444 0.250205
v -0.037852 0.485358 0.252908
v -0.036066 0.479928 0.255425
v -0.032869 0.474138 0.257749
v -0.028437 0.468034 0.259902
v -0.023150 0.461711 0.261938
v -0.017534 0.455305 0.263928
v -0.012194 0.448970 0.265956
v -0.007739 0.442860 0.268106
v -0.004705 0.437112 0.270452
v -0.003491 0.431827 0.273049
v -0.004309 0.427061 0.275925
v -0.007160 0.422812 0.279081
v -0.011831 0.419028 0.282488
v -0.017924 0.415605 0.286090
v -0.024900 0.412408 0.289815
v -0.032153 0.409281 0.293577
v -0.039077 0.406071 0.297294
v -0.045146 0.402642 0.300893
v -0.049981 0.398899 0.304322
v -0.053404 0.394796 0.307557
v -0.055479 0.390350 0.310607
v -0.056562 0.385651 0.313519
v -0.056007 0.390485 0.310679
v -0.056446 0.395571 0.307976
v -0.058232 0.401001 0.305459
v -0.061429 0.406791 0.303135
v -0.065861 0.412895 0.300982
v -0.071148 0.419218 0.298946
v -0.076764 0.425624 0.296956
v -0.082104 0.431959 0.294928
v -0.086559 0.438069 0.292778
v -0.089593 0.443817 0.290432
v -0.090807 0.449102 0.287835
v -0.089989 0.453868 0.284959
v -0.087138 0.458117 0.281803
v -0.082467 0.461901 0.278396
v -0.076374 0.465324 0.274794
v -0.069398 0.468521 0.271069
v -0.062145 0.471648 0.267307
v -0.055221 0.474858 0.263590
v -0.049152 0.478287 0.259991
v -0.044317 0.482030 0.256562
v -0.040894 0.486133 0.253327
v -0.038819 0.490579 0.250277
f 2063 2064 2065
f 2063 2065 2064
f 2063 2065 2066
f 2063 2066 2065
f 2063 2066 2067
f 2063 2067 2066
f 2063 2067 2068
f 2063 2068 2067
f 2063 2068 2069
f 2063 2069 2068
f 2063 2069 2070
f 2063 2070 2069
f 2063 2070 2071
f 2063 2071 2070
f 2063 2071 2072
f 2063 2072 2071
f 2063 2072 2073
f 2063 2073 2072
f 2063 2073 2074
f 2063 2074 2073
f 2063 2074 2075
f 2063 2075 2074
f 2063 2075 2076
f 2063 2076 2075
f 2063 2076 2077
f 2063 2077 2076
f 2063 2077 2078
f 2063 2078 2077
f 2063 2078 2079
f 2063 2079 2078
f 2063 2079 2080
f 2063 2080 2079
f 2063 2080 2081
f 2063 2081 2080
f 2063 2081 2082
f 2063 2082 2081
f 2063 2082 2083
f 2063 2083 2082
f 2063 2083 2084
f 2063 2084 2083
f 2063 2084 2085
f 2063 2085 2084
f 2063 2085 2086
f 2063 2086 2085
f 2063 2086 2087
f 2063 2087 2086
f 2063 2087 2088
f 2063 2088 2087
f 2063 2088 2089
f 2063 2089 2088
f 2063 2089 2090
f 2063 2090 2089
f 2063 2090 2091
f 2063 2091 2090
f 2063 2091 2092
f 2063 2092 2091
f 2063 2092 2093
f 2063 2093 2092
f 2063 2093 2094
f 2063 2094 2093
f 2063 2094 2095
f 2063 2095 2094
f 2063 2095 2096
f 2063 2096 2095
f 2063 2096 2097
f 2063 2097 2096
f 2063 2097 2098
f 2063 2098 2097
f 2063 2098 2099
f 2063 2099 2098
f 2063 2099 2100
f 2063 2100 2099
f 2063 2100 2101
f 2063 2101 2100
f 2063 2101 2102
f 2063 2102 2101
f 2063 2102 2103
f 2063 2103 2102
f 2063 2103 2104
f 2063 2104 2103
f 2063 2104 2105
f 2063 2105 2104
f 2063 2105 2106
f 2063 2106 2105
f 2063 2106 2107
f 2063 2107 2106
f 2063 2107 2108
f 2063 2108 2107
v -0.049673 0.454271 0.207929
v -0.047693 0.458587 0.204546
v -0.048395 0.461254 0.199410
v -0.051510 0.461254 0.194482
v -0.055849 0.458587 0.191645
v -0.059754 0.454271 0.191982
v -0.061734 0.449955 0.195365
v -0.061032 0.447288 0.200501
v -0.057917 0.447288 0.205429
v -0.053578 0.449955 0.208266
v -0.092236 0.493348 0.231264
v -0.090890 0.496283 0.228963
v -0.091367 0.498096 0.225471
v -0.093485 0.498096 0.222120
v -0.096435 0.496283 0.220190
v -0.099091 0.493348 0.220420
v -0.100437 0.490413 0.222720
v -0.099960 0.488600 0.226213
v -0.097842 0.488600 0.229564
v -0.094891 0.490413 0.231493
f 2109 2110 2120
f 2109 2120 2119
f 2110 2111 2121
f 2110 2121 2120
f 2111 2112 2122
f 2111 2122 2121
f 2112 2113 2123
f 2112 2123 2122
f 2113 2114 2124
f 2113 2124 2123
f 2114 2115 2125
f 2114 2125 2124
f 2115 2116 2126
f 2115 2126 2125
f 2116 2117 2127
f 2116 2127 2126
f 2117 2118 2128
f 2117 2128 2127
f 2118 2109 2119
f 2118 2119 2128
v -0.095663 0.493348 0.225842
v -0.092035 0.492298 0.228417
v -0.088230 0.491520 0.230861
v -0.084020 0.491366 0.233003
v -0.079215 0.492132 0.234700
v -0.073725 0.493953 0.235886
v -0.067606 0.496744 0.236602
v -0.061060 0.500195 0.237000
v -0.054408 0.503808 0.237318
v -0.048037 0.506988 0.237847
v -0.042329 0.509145 0.238870
v -0.037588 0.509812 0.240615
v -0.033981 0.508728 0.243207
v -0.031509 0.505894 0.246646
v -0.030004 0.501569 0.250807
v -0.029162 0.496222 0.255462
v -0.028601 0.490441 0.260328
v -0.027934 0.484823 0.265114
v -0.026839 0.479864 0.269582
v -0.025116 0.475876 0.273579
v -0.022709 0.472942 0.277066
v -0.019705 0.470928 0.280109
v -0.016297 0.469538 0.282849
v -0.012712 0.468421 0.285457
v -0.016340 0.469471 0.282881
v -0.020145 0.470249 0.280437
v -0.024355 0.470403 0.278295
v -0.029161 0.469637 0.276599
v -0.034650 0.467816 0.275412
v -0.040769 0.465025 0.274696
v -0.047316 0.461574 0.274298
v -0.053968 0.457961 0.273980
v -0.060338 0.454781 0.273451
v -0.066046 0.452624 0.272428
v -0.070788 0.451957 0.270683
v -0.074394 0.453041 0.268091
v -0.076866 0.455875 0.264652
v -0.078371 0.460200 0.260491
v -0.079214 0.465547 0.255836
v -0.079775 0.471328 0.250971
v -0.080442 0.476946 0.246184
v -0.081536 0.481905 0.241717
v -0.083259 0.485893 0.237719
v -0.085667 0.488827 0.234232
v -0.088670 0.490841 0.231190
v -0.092078 0.492231 0.228450
f 2129 2130 2131
f 2129 2131 2130
f 2129 2131 2132
f 2129 2132 2131
f 2129 2132 2133
f 2129 2133 2132
f 2129 2133 2134
f 2129 2134 2133
f 2129 2134 2135
f 2129 2135 2134
f 2129 2135 2136
f 2129 2136 2135
f 2129 2136 2137
f 2129 2137 2136
f 2129 2137 2138
f 2129 2138 2137
f 2129 2138 2139
f 2129 2139 2138
f 2129 2139 2140
f 2129 2140 2139
f 2129 2140 2141
f 2129 2141 2140
f 2129 2141 2142
f 2129 2142 2141
f 2129 2142 2143
f 2129 2143 2142
f 2129 2143 2144
f 2129 2144 2143
f 2129 2144 2145
f 2129 2145 2144
f 2129 2145 2146
f 2129 2146 2145
f 2129 2146 2147
f 2129 2147 2146
f 2129 2147 2148
f 2129 2148 2147
f 2129 2148 2149
f 2129 2149 2148
f 2129 2149 2150
f 2129 2150 2149
f 2129 2150 2151
f 2129 2151 2150
f 2129 2151 2152
f 2129 2152 2151
f 2129 2152 2153
f 2129 2153 2152
f 2129 2153 2154
f 2129 2154 2153
f 2129 2154 2155
f 2129 2155 2154
f 2129 2155 2156
f 2129 2156 2155
f 2129 2156 2157
f 2129 2157 2156
f 2129 2157 2158
f 2129 2158 2157
f 2129 2158 2159
f 2129 2159 2158
f 2129 2159 2160
f 2129 2160 2159
f 2129 2160 2161
f 2129 2161 2160
f 2129 2161 2162
f 2129 2162 2161
f 2129 2162 2163
f 2129 2163 2162
f 2129 2163 2164
f 2129 2164 2163
f 2129 2164 2165
f 2129 2165 2164
f 2129 2165 2166
f 2129 2166 2165
f 2129 2166 2167
f 2129 2167 2166
f 2129 2167 2168
f 2129 2168 2167
f 2129 2168 2169
f 2129 2169 2168
f 2129 2169 2170
f 2129 2170 2169
f 2129 2170 2171
f 2129 2171 2170
f 2129 2171 2172
f 2129 2172 2171
f 2129 2172 2173
f 2129 2173 2172
f 2129 2173 2174
f 2129 2174 2173
v -0.095663 0.493348 0.225842
v -0.096855 0.492210 0.220723
v -0.098514 0.490436 0.215826
v -0.100895 0.487679 0.211270
v -0.104097 0.483804 0.207103
v -0.108066 0.478884 0.203300
v -0.112612 0.473180 0.199770
v -0.117432 0.467101 0.196370
v -0.122158 0.461151 0.192925
v -0.126403 0.455856 0.189252
v -0.129818 0.451690 0.185187
v -0.132141 0.449011 0.180604
v -0.133230 0.448014 0.175436
v -0.133085 0.448696 0.169684
v -0.131847 0.450867 0.163415
v -0.129780 0.454166 0.156752
v -0.127232 0.458121 0.149863
v -0.124589 0.462204 0.142928
v -0.122221 0.465913 0.136123
v -0.120430 0.468838 0.129591
v -0.119406 0.470717 0.123423
v -0.119203 0.471478 0.117644
v -0.119721 0.471257 0.112206
v -0.120707 0.470399 0.106990
v -0.119516 0.471537 0.112109
v -0.117856 0.473311 0.117006
v -0.115475 0.476069 0.121561
v -0.112274 0.479943 0.125728
v -0.108305 0.484863 0.129532
v -0.103759 0.490568 0.133062
v -0.098939 0.496647 0.136462
v -0.094213 0.502596 0.139907
v -0.089968 0.507892 0.143579
v -0.086553 0.512058 0.147645
v -0.084230 0.514736 0.152228
v -0.083141 0.515734 0.157395
v -0.083286 0.515051 0.163147
v -0.084524 0.512881 0.169417
v -0.086591 0.509581 0.176079
v -0.089139 0.505627 0.182969
v -0.091782 0.501543 0.189904
v -0.094150 0.497834 0.196709
v -0.095941 0.494910 0.203240
v -0.096965 0.493031 0.209408
v -0.097168 0.492269 0.215188
v -0.096649 0.492490 0.220625
f 2175 2176 2177
f 2175 2177 2176
f 2175 2177 2178
f 2175 2178 2177
f 2175 2178 2179
f 2175 2179 2178
f 2175 2179 2180
f 2175 2180 2179
f 2175 2180 2181
f 2175 2181 2180
f 2175 2181 2182
f 2175 2182 2181
f 2175 2182 2183
f 2175 2183 2182
f 2175 2183 2184
f 2175 2184 2183
f 2175 2184 2185
f 2175 2185 2184
f 2175 2185 2186
f 2175 2186 2185
f 2175 2186 2187
f 2175 2187 2186
f 2175 2187 2188
f 2175 2188 2187
f 2175 2188 2189
f 2175 2189 2188
f 2175 2189 2190
f 2175 2190 2189
f 2175 2190 2191
f 2175 2191 2190
f 2175 2191 2192
f 2175 2192 2191
f 2175 2192 2193
f 2175 2193 2192
f 2175 2193 2194
f 2175 2194 2193
f 2175 2194 2195
f 2175 2195 2194
f 2175 2195 2196
f 2175 2196 2195
f 2175 2196 2197
f 2175 2197 2196
f 2175 2197 2198
f 2175 2198 2197
f 2175 2198 2199
f 2175 2199 2198
f 2175 2199 2200
f 2175 2200 2199
f 2175 2200 2201
f 2175 2201 2200
f 2175 2201 2202
f 2175 2202 2201
f 2175 2202 2203
f 2175 2203 2202
f 2175 2203 2204
f 2175 2204 2203
f 2175 2204 2205
f 2175 2205 2204
f 2175 2205 2206
f 2175 2206 2205
f 2175 2206 2207
f 2175 2207 2206
f 2175 2207 2208
f 2175 2208 2207
f 2175 2208 2209
f 2175 2209 2208
f 2175 2209 2210
f 2175 2210 2209
f 2175 2210 2211
f 2175 2211 2210
f 2175 2211 2212
f 2175 2212 2211
f 2175 2212 2213
f 2175 2213 2212
f 2175 2213 2214
f 2175 2214 2213
f 2175 2214 2215
f 2175 2215 2214
f 2175 2215 2216
f 2175 2216 2215
f 2175 2216 2217
f 2175 2217 2216
f 2175 2217 2218
f 2175 2218 2217
f 2175 2218 2219
f 2175 2219 2218
f 2175 2219 2220
f 2175 2220 2219
v -0.023499 0.427700 0.093730
v -0.030435 0.432572 0.092440
v -0.037575 0.435584 0.096106
v -0.042194 0.435584 0.103329
v -0.042527 0.432572 0.111350
v -0.038446 0.427700 0.117104
v -0.031511 0.422827 0.118394
v -0.024370 0.419816 0.114727
v -0.019751 0.419816 0.107504
v -0.019419 0.422827 0.099484
v 0.026024 0.510384 0.130668
v 0.021308 0.513697 0.129791
v 0.016453 0.515745 0.132284
v 0.013312 0.515745 0.137196
v 0.013086 0.513697 0.142650
v 0.015860 0.510384 0.146562
v 0.020576 0.507070 0.147440
v 0.025432 0.505023 0.144947
v 0.028573 0.505023 0.140035
v 0.028799 0.507070 0.134581
f 2221 2222 2232
f 2221 2232 2231
f 2222 2223 2233
f 2222 2233 2232
f 2223 2224 2234
f 2223 2234 2233
f 2224 2225 2235
f 2224 2235 2234
f 2225 2226 2236
f 2225 2236 2235
f 2226 2227 2237
f 2226 2237 2236
f 2227 2228 2238
f 2227 2238 2237
f 2228 2229 2239
f 2228 2239 2238
f 2229 2230 2240
f 2229 2240 2239
f 2230 2221 2231
f 2230 2231 2240
v 0.020942 0.510384 0.138615
v 0.021429 0.509009 0.135561
v 0.021523 0.507978 0.132262
v 0.021055 0.507440 0.128614
v 0.019978 0.507437 0.124587
v 0.018353 0.507915 0.120218
v 0.016333 0.508739 0.115605
v 0.014146 0.509711 0.110887
v 0.012057 0.510596 0.106230
v 0.010339 0.511155 0.101804
v 0.009235 0.511177 0.097760
v 0.008925 0.510500 0.094210
v 0.009507 0.509041 0.091215
v 0.010982 0.506799 0.088775
v 0.013251 0.503859 0.086829
v 0.016133 0.500381 0.085265
v 0.019387 0.496577 0.083932
v 0.022739 0.492687 0.082660
v 0.025923 0.488944 0.081283
v 0.028713 0.485547 0.079662
v 0.030955 0.482631 0.077699
v 0.032587 0.480251 0.075357
v 0.033658 0.478363 0.072666
v 0.034336 0.476819 0.069730
v 0.033850 0.478194 0.072785
v 0.033756 0.479225 0.076084
v 0.034223 0.479763 0.079732
v 0.035300 0.479766 0.083759
v 0.036926 0.479288 0.088128
v 0.038945 0.478463 0.092741
v 0.041133 0.477492 0.097459
v 0.043221 0.476607 0.102116
v 0.044939 0.476047 0.106542
v 0.046044 0.476026 0.110586
v 0.046353 0.476703 0.114136
v 0.045771 0.478162 0.117131
v 0.044297 0.480404 0.119571
v 0.042028 0.483344 0.121517
v 0.039145 0.486822 0.123081
v 0.035892 0.490626 0.124414
v 0.032540 0.494516 0.125686
v 0.029355 0.498259 0.127063
v 0.026565 0.501656 0.128684
v 0.024323 0.504571 0.130647
v 0.022691 0.506952 0.132989
v 0.021621 0.508840 0.135680
f 2241 2242 2243
f 2241 2243 2242
f 2241 2243 2244
f 2241 2244 2243
f 2241 2244 2245
f 2241 2245 2244
f 2241 2245 2246
f 2241 2246 2245
f 2241 2246 2247
f 2241 2247 2246
f 2241 2247 2248
f 2241 2248 2247
f 2241 2248 2249
f 2241 2249 2248
f 2241 2249 2250
f 2241 2250 2249
f 2241 2250 2251
f 2241 2251 2250
f 2241 2251 2252
f 2241 2252 2251
f 2241 2252 2253
f 2241 2253 2252
f 2241 2253 2254
f 2241 2254 2253
f 2241 2254 2255
f 2241 2255 2254
f 2241 2255 2256
f 2241 2256 2255
f 2241 2256 2257
f 2241 2257 2256
f 2241 2257 2258
f 2241 2258 2257
f 2241 2258 2259
f 2241 2259 2258
f 2241 2259 2260
f 2241 2260 2259
f 2241 2260 2261
f 2241 2261 2260
f 2241 2261 2262
f 2241 2262 2261
f 2241 2262 2263
f 2241 2263 2262
f 2241 2263 2264
f 2241 2264 2263
f 2241 2264 2265
f 2241 2265 2264
f 2241 2265 2266
f 2241 2266 2265
f 2241 2266 2267
f 2241 2267 2266
f 2241 2267 2268
f 2241 2268 2267
f 2241 2268 2269
f 2241 2269 2268
f 2241 2269 2270
f 2241 2270 2269
f 2241 2270 2271
f 2241 2271 2270
f 2241 2271 2272
f 2241 2272 2271
f 2241 2272 2273
f 2241 2273 2272
f 2241 2273 2274
f 2241 2274 2273
f 2241 2274 2275
f 2241 2275 2274
f 2241 2275 2276
f 2241 2276 2275
f 2241 2276 2277
f 2241 2277 2276
f 2241 2277 2278
f 2241 2278 2277
f 2241 2278 2279
f 2241 2279 2278
f 2241 2279 2280
f 2241 2280 2279
f 2241 2280 2281
f 2241 2281 2280
f 2241 2281 2282
f 2241 2282 2281
f 2241 2282 2283
f 2241 2283 2282
f 2241 2283 2284
f 2241 2284 2283
f 2241 2284 2285
f 2241 2285 2284
f 2241 2285 2286
f 2241 2286 2285
v 0.020942 0.510384 0.138615
v 0.016155 0.511752 0.139438
v 0.011339 0.512711 0.141327
v 0.006490 0.513199 0.144437
v 0.001611 0.513247 0.148694
v -0.003293 0.512943 0.153862
v -0.008212 0.512427 0.159584
v -0.013134 0.511866 0.165424
v -0.018046 0.511438 0.170916
v -0.022937 0.511316 0.175612
v -0.027797 0.511648 0.179129
v -0.032617 0.512542 0.181188
v -0.037395 0.514052 0.181642
v -0.042130 0.516181 0.180490
v -0.046826 0.518870 0.177879
v -0.051490 0.522013 0.174090
v -0.056133 0.525462 0.169505
v -0.060766 0.529045 0.164572
v -0.065403 0.532583 0.159757
v -0.070055 0.535907 0.155496
v -0.074731 0.538881 0.152146
v -0.079437 0.541414 0.149943
v -0.084177 0.543477 0.148960
v -0.088944 0.545130 0.149044
v -0.084157 0.543761 0.148222
v -0.079341 0.542803 0.146332
v -0.074492 0.542314 0.143222
v -0.069613 0.542267 0.138965
v -0.064709 0.542570 0.133797
v -0.059790 0.543086 0.128075
v -0.054868 0.543648 0.122236
v -0.049956 0.544075 0.116744
v -0.045065 0.544197 0.112048
v -0.040205 0.543865 0.108530
v -0.035385 0.542972 0.106472
v -0.030607 0.541461 0.106018
v -0.025872 0.539333 0.107170
v -0.021177 0.536643 0.109780
v -0.016512 0.533500 0.113570
v -0.011869 0.530051 0.118155
v -0.007236 0.526468 0.123088
v -0.002599 0.522931 0.127903
v 0.002053 0.519606 0.132164
v 0.006729 0.516632 0.135514
v 0.011435 0.514099 0.137717
v 0.016175 0.512036 0.138700
f 2287 2288 2289
f 2287 2289 2288
f 2287 2289 2290
f 2287 2290 2289
f 2287 2290 2291
f 2287 2291 2290
f 2287 2291 2292
f 2287 2292 2291
f 2287 2292 2293
f 2287 2293 2292
f 2287 2293 2294
f 2287 2294 2293
f 2287 2294 2295
f 2287 2295 2294
f 2287 2295 2296
f 2287 2296 2295
f 2287 2296 2297
f 2287 2297 2296
f 2287 2297 2298
f 2287 2298 2297
f 2287 2298 2299
f 2287 2299 2298
f 2287 2299 2300
f 2287 2300 2299
f 2287 2300 2301
f 2287 2301 2300
f 2287 2301 2302
f 2287 2302 2301
f 2287 2302 2303
f 2287 2303 2302
f 2287 2303 2304
f 2287 2304 2303
f 2287 2304 2305
f 2287 2305 2304
f 2287 2305 2306
f 2287 2306 2305
f 2287 2306 2307
f 2287 2307 2306
f 2287 2307 2308
f 2287 2308 2307
f 2287 2308 2309
f 2287 2309 2308
f 2287 2309 2310
f 2287 2310 2309
f 2287 2310 2311
f 2287 2311 2310
f 2287 2311 2312
f 2287 2312 2311
f 2287 2312 2313
f 2287 2313 2312
f 2287 2313 2314
f 2287 2314 2313
f 2287 2314 2315
f 2287 2315 2314
f 2287 2315 2316
f 2287 2316 2315
f 2287 2316 2317
f 2287 2317 2316
f 2287 2317 2318
f 2287 2318 2317
f 2287 2318 2319
f 2287 2319 2318
f 2287 2319 2320
f 2287 2320 2319
f 2287 2320 2321
f 2287 2321 2320
f 2287 2321 2322
f 2287 2322 2321
f 2287 2322 2323
f 2287 2323 2322
f 2287 2323 2324
f 2287 2324 2323
f 2287 2324 2325
f 2287 2325 2324
f 2287 2325 2326
f 2287 2326 2325
f 2287 2326 2327
f 2287 2327 2326
f 2287 2327 2328
f 2287 2328 2327
f 2287 2328 2329
f 2287 2329 2328
f 2287 2329 2330
f 2287 2330 2329
f 2287 2330 2331
f 2287 2331 2330
f 2287 2331 2332
f 2287 2332 2331
v 0.020942 0.510384 0.138615
v 0.022116 0.507198 0.141379
v 0.024351 0.503585 0.143545
v 0.027472 0.499616 0.145212
v 0.031275 0.495373 0.146496
v 0.035516 0.490954 0.147533
v 0.039928 0.486466 0.148475
v 0.044234 0.482021 0.149475
v 0.048169 0.477724 0.150685
v 0.051495 0.473673 0.152237
v 0.054016 0.469946 0.154242
v 0.055594 0.466597 0.156778
v 0.056159 0.463656 0.159883
v 0.055710 0.461122 0.163559
v 0.054319 0.458967 0.167765
v 0.052123 0.457135 0.172424
v 0.049317 0.455549 0.177426
v 0.046140 0.454112 0.182637
v 0.042858 0.452717 0.187906
v 0.039746 0.451254 0.193080
v 0.037073 0.449614 0.198007
v 0.035081 0.447700 0.202551
v 0.033976 0.445430 0.206596
v 0.033932 0.442734 0.210044
v 0.032759 0.445920 0.207281
v 0.030524 0.449533 0.205115
v 0.027403 0.453502 0.203448
v 0.023600 0.457744 0.202164
v 0.019359 0.462164 0.201126
v 0.014947 0.466651 0.200185
v 0.010640 0.471097 0.199185
v 0.006705 0.475393 0.197975
v 0.003380 0.479444 0.196423
v 0.000859 0.483172 0.194418
v -0.000720 0.486521 0.191882
v -0.001284 0.489462 0.188777
v -0.000835 0.491996 0.185101
v 0.000556 0.494151 0.180895
v 0.002752 0.495982 0.176236
v 0.005557 0.497568 0.171234
v 0.008735 0.499006 0.166023
v 0.012017 0.500400 0.160754
v 0.015128 0.501864 0.155580
v 0.017801 0.503503 0.150653
v 0.019793 0.505417 0.146109
v 0.020898 0.507687 0.142064
f 2333 2334 2335
f 2333 2335 2334
f 2333 2335 2336
f 2333 2336 2335
f 2333 2336 2337
f 2333 2337 2336
f 2333 2337 2338
f 2333 2338 2337
f 2333 2338 2339
f 2333 2339 2338
f 2333 2339 2340
f 2333 2340 2339
f 2333 2340 2341
f 2333 2341 2340
f 2333 2341 2342
f 2333 2342 2341
f 2333 2342 2343
f 2333 2343 2342
f 2333 2343 2344
f 2333 2344 2343
f 2333 2344 2345
f 2333 2345 2344
f 2333 2345 2346
f 2333 2346 2345
f 2333 2346 2347
f 2333 2347 2346
f 2333 2347 2348
f 2333 2348 2347
f 2333 2348 2349
f 2333 2349 2348
f 2333 2349 2350
f 2333 2350 2349
f 2333 2350 2351
f 2333 2351 2350
f 2333 2351 2352
f 2333 2352 2351
f 2333 2352 2353
f 2333 2353 2352
f 2333 2353 2354
f 2333 2354 2353
f 2333 2354 2355
f 2333 2355 2354
f 2333 2355 2356
f 2333 2356 2355
f 2333 2356 2357
f 2333 2357 2356
f 2333 2357 2358
f 2333 2358 2357
f 2333 2358 2359
f 2333 2359 2358
f 2333 2359 2360
f 2333 2360 2359
f 2333 2360 2361
f 2333 2361 2360
f 2333 2361 2362
f 2333 2362 2361
f 2333 2362 2363
f 2333 2363 2362
f 2333 2363 2364
f 2333 2364 2363
f 2333 2364 2365
f 2333 2365 2364
f 2333 2365 2366
f 2333 2366 2365
f 2333 2366 2367
f 2333 2367 2366
f 2333 2367 2368
f 2333 2368 2367
f 2333 2368 2369
f 2333 2369 2368
f 2333 2369 2370
f 2333 2370 2369
f 2333 2370 2371
f 2333 2371 2370
f 2333 2371 2372
f 2333 2372 2371
f 2333 2372 2373
f 2333 2373 2372
f 2333 2373 2374
f 2333 2374 2373
f 2333 2374 2375
f 2333 2375 2374
f 2333 2375 2376
f 2333 2376 2375
f 2333 2376 2377
f 2333 2377 2376
f 2333 2377 2378
f 2333 2378 2377
v 0.026912 0.510384 0.131312
v 0.024202 0.515544 0.131423
v 0.020247 0.518733 0.134282
v 0.016557 0.518733 0.138796
v 0.014542 0.515544 0.143240
v 0.014972 0.510384 0.145919
v 0.017683 0.505223 0.145807
v 0.021638 0.502034 0.142949
v 0.025328 0.502034 0.138435
v 0.027342 0.505223 0.133990
v 0.073356 0.534927 0.173176
v 0.071513 0.538436 0.173252
v 0.068823 0.540605 0.175196
v 0.066314 0.540605 0.178265
v 0.064944 0.538436 0.181288
v 0.065237 0.534927 0.183109
v 0.067080 0.531418 0.183033
v 0.069769 0.529249 0.181089
v 0.072278 0.529249 0.178020
v 0.073648 0.531418 0.174998
f 2379 2380 2390
f 2379 2390 2389
f 2380 2381 2391
f 2380 2391 2390
f 2381 2382 2392
f 2381 2392 2391
f 2382 2383 2393
f 2382 2393 2392
f 2383 2384 2394
f 2383 2394 2393
f 2384 2385 2395
f 2384 2395 2394
f 2385 2386 2396
f 2385 2396 2395
f 2386 2387 2397
f 2386 2397 2396
f 2387 2388 2398
f 2387 2398 2397
f 2388 2379 2389
f 2388 2389 2398
v 0.069296 0.534927 0.178143
v 0.070887 0.535100 0.173939
v 0.072112 0.536471 0.169438
v 0.073017 0.538894 0.164676
v 0.073668 0.542152 0.159707
v 0.074150 0.545967 0.154599
v 0.074557 0.550024 0.149431
v 0.074992 0.553989 0.144286
v 0.075555 0.557537 0.139245
v 0.076334 0.560372 0.134380
v 0.077405 0.562254 0.129752
v 0.078818 0.563008 0.125405
v 0.080602 0.562547 0.121358
v 0.082756 0.560870 0.117614
v 0.085253 0.558066 0.114150
v 0.088041 0.554308 0.110922
v 0.091046 0.549838 0.107872
v 0.094178 0.544951 0.104925
v 0.097338 0.539971 0.102000
v 0.100425 0.535234 0.099016
v 0.103341 0.531054 0.095893
v 0.106004 0.527708 0.092564
v 0.108346 0.525414 0.088973
v 0.110323 0.524319 0.085084
v 0.108732 0.524146 0.089287
v 0.107506 0.522775 0.093788
v 0.106601 0.520352 0.098551
v 0.105950 0.517094 0.103520
v 0.105469 0.513279 0.108628
v 0.105062 0.509222 0.113796
v 0.104626 0.505257 0.118941
v 0.104064 0.501709 0.123982
v 0.103284 0.498874 0.128847
v 0.102214 0.496993 0.133474
v 0.100801 0.496238 0.137822
v 0.099017 0.496699 0.141868
v 0.096863 0.498376 0.145612
v 0.094366 0.501180 0.149077
v 0.091578 0.504938 0.152304
v 0.088573 0.509408 0.155355
v 0.085440 0.514296 0.158302
v 0.082280 0.519275 0.161226
v 0.079194 0.524012 0.164210
v 0.076278 0.528192 0.167333
v 0.073615 0.531538 0.170663
v 0.071273 0.533832 0.174254
f 2399 2400 2401
f 2399 2401 2400
f 2399 2401 2402
f 2399 2402 2401
f 2399 2402 2403
f 2399 2403 2402
f 2399 2403 2404
f 2399 2404 2403
f 2399 2404 2405
f 2399 2405 2404
f 2399 2405 2406
f 2399 2406 2405
f 2399 2406 2407
f 2399 2407 2406
f 2399 2407 2408
f 2399 2408 2407
f 2399 2408 2409
f 2399 2409 2408
f 2399 2409 2410
f 2399 2410 2409
f 2399 2410 2411
f 2399 2411 2410
f 2399 2411 2412
f 2399 2412 2411
f 2399 2412 2413
f 2399 2413 2412
f 2399 2413 2414
f 2399 2414 2413
f 2399 2414 2415
f 2399 2415 2414
f 2399 2415 2416
f 2399 2416 2415
f 2399 2416 2417
f 2399 2417 2416
f 2399 2417 2418
f 2399 2418 2417
f 2399 2418 2419
f 2399 2419 2418
f 2399 2419 2420
f 2399 2420 2419
f 2399 2420 2421
f 2399 2421 2420
f 2399 2421 2422
f 2399 2422 2421
f 2399 2422 2423
f 2399 2423 2422
f 2399 2423 2424
f 2399 2424 2423
f 2399 2424 2425
f 2399 2425 2424
f 2399 2425 2426
f 2399 2426 2425
f 2399 2426 2427
f 2399 2427 2426
f 2399 2427 2428
f 2399 2428 2427
f 2399 2428 2429
f 2399 2429 2428
f 2399 2429 2430
f 2399 2430 2429
f 2399 2430 2431
f 2399 2431 2430
f 2399 2431 2432
f 2399 2432 2431
f 2399 2432 2433
f 2399 2433 2432
f 2399 2433 2434
f 2399 2434 2433
f 2399 2434 2435
f 2399 2435 2434
f 2399 2435 2436
f 2399 2436 2435
f 2399 2436 2437
f 2399 2437 2436
f 2399 2437 2438
f 2399 2438 2437
f 2399 2438 2439
f 2399 2439 2438
f 2399 2439 2440
f 2399 2440 2439
f 2399 2440 2441
f 2399 2441 2440
f 2399 2441 2442
f 2399 2442 2441
f 2399 2442 2443
f 2399 2443 2442
f 2399 2443 2444
f 2399 2444 2443
v 0.069296 0.534927 0.178143
v 0.066472 0.534752 0.179571
v 0.063744 0.534101 0.181176
v 0.061159 0.532747 0.183043
v 0.058732 0.530618 0.185198
v 0.056449 0.527778 0.187617
v 0.054272 0.524420 0.190230
v 0.052142 0.520830 0.192928
v 0.049990 0.517352 0.195585
v 0.047742 0.514338 0.198069
v 0.045336 0.512107 0.200262
v 0.042722 0.510896 0.202076
v 0.039875 0.510832 0.203463
v 0.036794 0.511916 0.204423
v 0.033505 0.514020 0.205003
v 0.030057 0.516906 0.205293
v 0.026515 0.520258 0.205409
v 0.022950 0.523720 0.205484
v 0.019432 0.526951 0.205646
v 0.016020 0.529663 0.206000
v 0.012752 0.531666 0.206618
v 0.009642 0.532892 0.207525
v 0.006675 0.533416 0.208694
v 0.003804 0.533464 0.210039
v 0.006629 0.533639 0.208611
v 0.009357 0.534290 0.207005
v 0.011942 0.535644 0.205139
v 0.014369 0.537773 0.202983
v 0.016652 0.540613 0.200564
v 0.018829 0.543971 0.197952
v 0.020959 0.547561 0.195253
v 0.023111 0.551039 0.192596
v 0.025358 0.554053 0.190112
v 0.027765 0.556284 0.187919
v 0.030379 0.557495 0.186105
v 0.033226 0.557559 0.184719
v 0.036307 0.556475 0.183759
v 0.039596 0.554371 0.183178
v 0.043043 0.551484 0.182889
v 0.046586 0.548133 0.182772
v 0.050151 0.544670 0.182697
v 0.053669 0.541439 0.182536
v 0.057081 0.538727 0.182181
v 0.060349 0.536725 0.181563
v 0.063459 0.535499 0.180656
v 0.066426 0.534975 0.179488
f 2445 2446 2447
f 2445 2447 2446
f 2445 2447 2448
f 2445 2448 2447
f 2445 2448 2449
f 2445 2449 2448
f 2445 2449 2450
f 2445 2450 2449
f 2445 2450 2451
f 2445 2451 2450
f 2445 2451 2452
f 2445 2452 2451
f 2445 2452 2453
f 2445 2453 2452
f 2445 2453 2454
f 2445 2454 2453
f 2445 2454 2455
f 2445 2455 2454
f 2445 2455 2456
f 2445 2456 2455
f 2445 2456 2457
f 2445 2457 2456
f 2445 2457 2458
f 2445 2458 2457
f 2445 2458 2459
f 2445 2459 2458
f 2445 2459 2460
f 2445 2460 2459
f 2445 2460 2461
f 2445 2461 2460
f 2445 2461 2462
f 2445 2462 2461
f 2445 2462 2463
f 2445 2463 2462
f 2445 2463 2464
f 2445 2464 2463
f 2445 2464 2465
f 2445 2465 2464
f 2445 2465 2466
f 2445 2466 2465
f 2445 2466 2467
f 2445 2467 2466
f 2445 2467 2468
f 2445 2468 2467
f 2445 2468 2469
f 2445 2469 2468
f 2445 2469 2470
f 2445 2470 2469
f 2445 2470 2471
f 2445 2471 2470
f 2445 2471 2472
f 2445 2472 2471
f 2445 2472 2473
f 2445 2473 2472
f 2445 2473 2474
f 2445 2474 2473
f 2445 2474 2475
f 2445 2475 2474
f 2445 2475 2476
f 2445 2476 2475
f 2445 2476 2477
f 2445 2477 2476
f 2445 2477 2478
f 2445 2478 2477
f 2445 2478 2479
f 2445 2479 2478
f 2445 2479 2480
f 2445 2480 2479
f 2445 2480 2481
f 2445 2481 2480
f 2445 2481 2482
f 2445 2482 2481
f 2445 2482 2483
f 2445 2483 2482
f 2445 2483 2484
f 2445 2484 2483
f 2445 2484 2485
f 2445 2485 2484
f 2445 2485 2486
f 2445 2486 2485
f 2445 2486 2487
f 2445 2487 2486
f 2445 2487 2488
f 2445 2488 2487
f 2445 2488 2489
f 2445 2489 2488
f 2445 2489 2490
f 2445 2490 2489
v 0.016213 0.510384 0.130454
v 0.013065 0.513354 0.134360
v 0.012926 0.515189 0.139892
v 0.015849 0.515189 0.144936
v 0.020718 0.513354 0.147566
v 0.025672 0.510384 0.146777
v 0.028820 0.507414 0.142871
v 0.028959 0.505578 0.137339
v 0.026035 0.505578 0.132295
v 0.021167 0.507414 0.129665
v 0.046623 0.563034 0.116320
v 0.044482 0.565054 0.118976
v 0.044388 0.566302 0.122738
v 0.046376 0.566302 0.126168
v 0.049686 0.565054 0.127956
v 0.053055 0.563034 0.127420
v 0.055196 0.561015 0.124764
v 0.055290 0.559767 0.121002
v 0.053302 0.559767 0.117572
v 0.049992 0.561015 0.115784
f 2491 2492 2502
f 2491 2502 2501
f 2492 2493 2503
f 2492 2503 2502
f 2493 2494 2504
f 2493 2504 2503
f 2494 2495 2505
f 2494 2505 2504
f 2495 2496 2506
f 2495 2506 2505
f 2496 2497 2507
f 2496 2507 2506
f 2497 2498 2508
f 2497 2508 2507
f 2498 2499 2509
f 2498 2509 2508
f 2499 2500 2510
f 2499 2510 2509
f 2500 2491 2501
f 2500 2501 2510
v 0.049839 0.563034 0.121870
v 0.046007 0.561644 0.118604
v 0.041638 0.560679 0.115745
v 0.036440 0.560368 0.113514
v 0.030298 0.560803 0.111998
v 0.023273 0.561934 0.111151
v 0.015585 0.563590 0.110806
v 0.007581 0.565495 0.110700
v -0.000314 0.567314 0.110513
v -0.007656 0.568697 0.109906
v -0.014045 0.569326 0.108577
v -0.019178 0.568964 0.106297
v -0.022892 0.567481 0.102941
v -0.025187 0.564877 0.098510
v -0.026225 0.561281 0.093128
v -0.026310 0.556931 0.087023
v -0.025843 0.552146 0.080499
v -0.025266 0.547274 0.073893
v -0.025006 0.542652 0.067527
v -0.025409 0.538554 0.061663
v -0.026695 0.535153 0.056468
v -0.028923 0.532497 0.051987
v -0.031982 0.530496 0.048135
v -0.035578 0.528920 0.044690
v -0.031746 0.530310 0.047956
v -0.027377 0.531276 0.050815
v -0.022178 0.531586 0.053046
v -0.016036 0.531152 0.054562
v -0.009012 0.530020 0.055409
v -0.001324 0.528364 0.055754
v 0.006680 0.526459 0.055860
v 0.014575 0.524640 0.056047
v 0.021918 0.523257 0.056654
v 0.028307 0.522628 0.057983
v 0.033440 0.522990 0.060263
v 0.037153 0.524473 0.063619
v 0.039448 0.527077 0.068050
v 0.040487 0.530674 0.073432
v 0.040572 0.535023 0.079537
v 0.040104 0.539808 0.086061
v 0.039528 0.544680 0.092666
v 0.039267 0.549302 0.099033
v 0.039670 0.553400 0.104897
v 0.040956 0.556801 0.110092
v 0.043185 0.559457 0.114573
v 0.046243 0.561458 0.118425
f 2511 2512 2513
f 2511 2513 2512
f 2511 2513 2514
f 2511 2514 2513
f 2511 2514 2515
f 2511 2515 2514
f 2511 2515 2516
f 2511 2516 2515
f 2511 2516 2517
f 2511 2517 2516
f 2511 2517 2518
f 2511 2518 2517
f 2511 2518 2519
f 2511 2519 2518
f 2511 2519 2520
f 2511 2520 2519
f 2511 2520 2521
f 2511 2521 2520
f 2511 2521 2522
f 2511 2522 2521
f 2511 2522 2523
f 2511 2523 2522
f 2511 2523 2524
f 2511 2524 2523
f 2511 2524 2525
f 2511 2525 2524
f 2511 2525 2526
f 2511 2526 2525
f 2511 2526 2527
f 2511 2527 2526
f 2511 2527 2528
f 2511 2528 2527
f 2511 2528 2529
f 2511 2529 2528
f 2511 2529 2530
f 2511 2530 2529
f 2511 2530 2531
f 2511 2531 2530
f 2511 2531 2532
f 2511 2532 2531
f 2511 2532 2533
f 2511 2533 2532
f 2511 2533 2534
f 2511 2534 2533
f 2511 2534 2535
f 2511 2535 2534
f 2511 2535 2536
f 2511 2536 2535
f 2511 2536 2537
f 2511 2537 2536
f 2511 2537 2538
f 2511 2538 2537
f 2511 2538 2539
f 2511 2539 2538
f 2511 2539 2540
f 2511 2540 2539
f 2511 2540 2541
f 2511 2541 2540
f 2511 2541 2542
f 2511 2542 2541
f 2511 2542 2543
f 2511 2543 2542
f 2511 2543 2544
f 2511 2544 2543
f 2511 2544 2545
f 2511 2545 2544
f 2511 2545 2546
f 2511 2546 2545
f 2511 2546 2547
f 2511 2547 2546
f 2511 2547 2548
f 2511 2548 2547
f 2511 2548 2549
f 2511 2549 2548
f 2511 2549 2550
f 2511 2550 2549
f 2511 2550 2551
f 2511 2551 2550
f 2511 2551 2552
f 2511 2552 2551
f 2511 2552 2553
f 2511 2553 2552
f 2511 2553 2554
f 2511 2554 2553
f 2511 2554 2555
f 2511 2555 2554
f 2511 2555 2556
f 2511 2556 2555
v 0.049839 0.563034 0.121870
v 0.046983 0.563966 0.124134
v 0.044294 0.564878 0.126621
v 0.041993 0.565742 0.129627
v 0.040271 0.566534 0.133407
v 0.039218 0.567243 0.138081
v 0.038786 0.567876 0.143586
v 0.038780 0.568455 0.149660
v 0.038885 0.569022 0.155883
v 0.038721 0.569621 0.161746
v 0.037909 0.570301 0.166743
v 0.036149 0.571097 0.170472
v 0.033273 0.572032 0.172709
v 0.029281 0.573104 0.173455
v 0.024341 0.574294 0.172932
v 0.018754 0.575564 0.171545
v 0.012897 0.576867 0.169796
v 0.007152 0.578157 0.168197
v 0.001832 0.579393 0.167167
v -0.002866 0.580553 0.166967
v -0.006896 0.581630 0.167662
v -0.010346 0.582636 0.169131
v -0.013409 0.583594 0.171119
v -0.016305 0.584531 0.173329
v -0.013449 0.583599 0.171065
v -0.010760 0.582687 0.168579
v -0.008459 0.581824 0.165572
v -0.006737 0.581032 0.161793
v -0.005683 0.580322 0.157118
v -0.005251 0.579690 0.151614
v -0.005245 0.579110 0.145540
v -0.005351 0.578544 0.139316
v -0.005186 0.577944 0.133454
v -0.004375 0.577265 0.128457
v -0.002614 0.576468 0.124728
v 0.000261 0.575533 0.122491
v 0.004253 0.574461 0.121745
v 0.009193 0.573271 0.122267
v 0.014780 0.572001 0.123655
v 0.020637 0.570698 0.125403
v 0.026383 0.569409 0.127003
v 0.031702 0.568172 0.128033
v 0.036401 0.567012 0.128232
v 0.040430 0.565935 0.127537
v 0.043881 0.564929 0.126069
v 0.046943 0.563971 0.124081
f 2557 2558 2559
f 2557 2559 2558
f 2557 2559 2560
f 2557 2560 2559
f 2557 2560 2561
f 2557 2561 2560
f 2557 2561 2562
f 2557 2562 2561
f 2557 2562 2563
f 2557 2563 2562
f 2557 2563 2564
f 2557 2564 2563
f 2557 2564 2565
f 2557 2565 2564
f 2557 2565 2566
f 2557 2566 2565
f 2557 2566 2567
f 2557 2567 2566
f 2557 2567 2568
f 2557 2568 2567
f 2557 2568 2569
f 2557 2569 2568
f 2557 2569 2570
f 2557 2570 2569
f 2557 2570 2571
f 2557 2571 2570
f 2557 2571 2572
f 2557 2572 2571
f 2557 2572 2573
f 2557 2573 2572
f 2557 2573 2574
f 2557 2574 2573
f 2557 2574 2575
f 2557 2575 2574
f 2557 2575 2576
f 2557 2576 2575
f 2557 2576 2577
f 2557 2577 2576
f 2557 2577 2578
f 2557 2578 2577
f 2557 2578 2579
f 2557 2579 2578
f 2557 2579 2580
f 2557 2580 2579
f 2557 2580 2581
f 2557 2581 2580
f 2557 2581 2582
f 2557 2582 2581
f 2557 2582 2583
f 2557 2583 2582
f 2557 2583 2584
f 2557 2584 2583
f 2557 2584 2585
f 2557 2585 2584
f 2557 2585 2586
f 2557 2586 2585
f 2557 2586 2587
f 2557 2587 2586
f 2557 2587 2588
f 2557 2588 2587
f 2557 2588 2589
f 2557 2589 2588
f 2557 2589 2590
f 2557 2590 2589
f 2557 2590 2591
f 2557 2591 2590
f 2557 2591 2592
f 2557 2592 2591
f 2557 2592 2593
f 2557 2593 2592
f 2557 2593 2594
f 2557 2594 2593
f 2557 2594 2595
f 2557 2595 2594
f 2557 2595 2596
f 2557 2596 2595
f 2557 2596 2597
f 2557 2597 2596
f 2557 2597 2598
f 2557 2598 2597
f 2557 2598 2599
f 2557 2599 2598
f 2557 2599 2600
f 2557 2600 2599
f 2557 2600 2601
f 2557 2601 2600
f 2557 2601 2602
f 2557 2602 2601
v 0.049839 0.563034 0.121870
v 0.052396 0.559661 0.121679
v 0.054776 0.556149 0.120744
v 0.056916 0.552447 0.118800
v 0.058805 0.548547 0.115798
v 0.060473 0.544473 0.111871
v 0.061990 0.540279 0.107302
v 0.063447 0.536038 0.102486
v 0.064953 0.531837 0.097877
v 0.066618 0.527759 0.093931
v 0.068535 0.523882 0.091049
v 0.070777 0.520260 0.089533
v 0.073381 0.516924 0.089539
v 0.076347 0.513874 0.091069
v 0.079637 0.511079 0.093964
v 0.083181 0.508485 0.097923
v 0.086882 0.506015 0.102545
v 0.090633 0.503583 0.107375
v 0.094324 0.501106 0.111957
v 0.097864 0.498508 0.115897
v 0.101183 0.495736 0.118913
v 0.104251 0.492766 0.120870
v 0.107078 0.489606 0.121818
v 0.109729 0.486308 0.122022
v 0.107172 0.489681 0.122213
v 0.104792 0.493193 0.123148
v 0.102652 0.496895 0.125092
v 0.100763 0.500795 0.128094
v 0.099095 0.504869 0.132022
v 0.097579 0.509063 0.136591
v 0.096121 0.513304 0.141407
v 0.094615 0.517505 0.146016
v 0.092951 0.521583 0.149962
v 0.091033 0.525460 0.152843
v 0.088792 0.529082 0.154360
v 0.086188 0.532418 0.154353
v 0.083222 0.535468 0.152823
v 0.079931 0.538262 0.149929
v 0.076387 0.540857 0.145969
v 0.072686 0.543327 0.141347
v 0.068936 0.545759 0.136518
v 0.065244 0.548236 0.131936
v 0.061705 0.550834 0.127995
v 0.058385 0.553606 0.124980
v 0.055318 0.556576 0.123022
v 0.052490 0.559735 0.122074
f 2603 2604 2605
f 2603 2605 2604
f 2603 2605 2606
f 2603 2606 2605
f 2603 2606 2607
f 2603 2607 2606
f 2603 2607 2608
f 2603 2608 2607
f 2603 2608 2609
f 2603 2609 2608
f 2603 2609 2610
f 2603 2610 2609
f 2603 2610 2611
f 2603 2611 2610
f 2603 2611 2612
f 2603 2612 2611
f 2603 2612 2613
f 2603 2613 2612
f 2603 2613 2614
f 2603 2614 2613
f 2603 2614 2615
f 2603 2615 2614
f 2603 2615 2616
f 2603 2616 2615
f 2603 2616 2617
f 2603 2617 2616
f 2603 2617 2618
f 2603 2618 2617
f 2603 2618 2619
f 2603 2619 2618
f 2603 2619 2620
f 2603 2620 2619
f 2603 2620 2621
f 2603 2621 2620
f 2603 2621 2622
f 2603 2622 2621
f 2603 2622 2623
f 2603 2623 2622
f 2603 2623 2624
f 2603 2624 2623
f 2603 2624 2625
f 2603 2625 2624
f 2603 2625 2626
f 2603 2626 2625
f 2603 2626 2627
f 2603 2627 2626
f 2603 2627 2628
f 2603 2628 2627
f 2603 2628 2629
f 2603 2629 2628
f 2603 2629 2630
f 2603 2630 2629
f 2603 2630 2631
f 2603 2631 2630
f 2603 2631 2632
f 2603 2632 2631
f 2603 2632 2633
f 2603 2633 2632
f 2603 2633 2634
f 2603 2634 2633
f 2603 2634 2635
f 2603 2635 2634
f 2603 2635 2636
f 2603 2636 2635
f 2603 2636 2637
f 2603 2637 2636
f 2603 2637 2638
f 2603 2638 2637
f 2603 2638 2639
f 2603 2639 2638
f 2603 2639 2640
f 2603 2640 2639
f 2603 2640 2641
f 2603 2641 2640
f 2603 2641 2642
f 2603 2642 2641
f 2603 2642 2643
f 2603 2643 2642
f 2603 2643 2644
f 2603 2644 2643
f 2603 2644 2645
f 2603 2645 2644
f 2603 2645 2646
f 2603 2646 2645
f 2603 2646 2647
f 2603 2647 2646
f 2603 2647 2648
f 2603 2648 2647
v 0.029949 0.510384 0.141419
v 0.029538 0.513751 0.136678
v 0.025844 0.515831 0.132676
v 0.020278 0.515831 0.130943
v 0.014965 0.513751 0.132141
v 0.011936 0.510384 0.135812
v 0.012346 0.507017 0.140553
v 0.016041 0.504936 0.144555
v 0.021607 0.504936 0.146287
v 0.026920 0.507017 0.145090
v 0.015209 0.562579 0.178613
v 0.014930 0.564868 0.175389
v 0.012418 0.566283 0.172668
v 0.008633 0.566283 0.171490
v 0.005020 0.564868 0.172304
v 0.002960 0.562579 0.174800
v 0.003240 0.560289 0.178024
v 0.005752 0.558874 0.180745
v 0.009537 0.558874 0.181923
v 0.013149 0.560289 0.181109
f 2649 2650 2660
f 2649 2660 2659
f 2650 2651 2661
f 2650 2661 2660
f 2651 2652 2662
f 2651 2662 2661
f 2652 2653 2663
f 2652 2663 2662
f 2653 2654 2664
f 2653 2664 2663
f 2654 2655 2665
f 2654 2665 2664
f 2655 2656 2666
f 2655 2666 2665
f 2656 2657 2667
f 2656 2667 2666
f 2657 2658 2668
f 2657 2668 2667
f 2658 2649 2659
f 2658 2659 2668
v 0.009085 0.562579 0.176707
v 0.012087 0.561648 0.177132
v 0.015173 0.560885 0.177353
v 0.018441 0.560482 0.177137
v 0.021963 0.560585 0.176307
v 0.025767 0.561247 0.174798
v 0.029821 0.562407 0.172685
v 0.034037 0.563890 0.170181
v 0.038283 0.565431 0.167605
v 0.042403 0.566724 0.165331
v 0.046248 0.567467 0.163723
v 0.049698 0.567427 0.163067
v 0.052689 0.566473 0.163521
v 0.055219 0.564605 0.165083
v 0.057355 0.561952 0.167597
v 0.059215 0.558751 0.170777
v 0.060950 0.555301 0.174260
v 0.062714 0.551910 0.177671
v 0.064641 0.548841 0.180690
v 0.066818 0.546270 0.183105
v 0.069277 0.544259 0.184841
v 0.071990 0.542754 0.185963
v 0.074884 0.541608 0.186649
v 0.077863 0.540631 0.187130
v 0.074861 0.541562 0.186705
v 0.071774 0.542325 0.186484
v 0.068506 0.542728 0.186700
v 0.064984 0.542625 0.187529
v 0.061181 0.541963 0.189038
v 0.057127 0.540803 0.191151
v 0.052911 0.539320 0.193656
v 0.048665 0.537778 0.196232
v 0.044544 0.536486 0.198505
v 0.040699 0.535742 0.200113
v 0.037249 0.535782 0.200769
v 0.034259 0.536737 0.200316
v 0.031728 0.538605 0.198753
v 0.029592 0.541257 0.196239
v 0.027732 0.544458 0.193060
v 0.025997 0.547908 0.189577
v 0.024233 0.551300 0.186166
v 0.022307 0.554368 0.183147
v 0.020129 0.556939 0.180732
v 0.017671 0.558950 0.178995
v 0.014958 0.560456 0.177873
v 0.012064 0.561602 0.177188
f 2669 2670 2671
f 2669 2671 2670
f 2669 2671 2672
f 2669 2672 2671
f 2669 2672 2673
f 2669 2673 2672
f 2669 2673 2674
f 2669 2674 2673
f 2669 2674 2675
f 2669 2675 2674
f 2669 2675 2676
f 2669 2676 2675
f 2669 2676 2677
f 2669 2677 2676
f 2669 2677 2678
f 2669 2678 2677
f 2669 2678 2679
f 2669 2679 2678
f 2669 2679 2680
f 2669 2680 2679
f 2669 2680 2681
f 2669 2681 2680
f 2669 2681 2682
f 2669 2682 2681
f 2669 2682 2683
f 2669 2683 2682
f 2669 2683 2684
f 2669 2684 2683
f 2669 2684 2685
f 2669 2685 2684
f 2669 2685 2686
f 2669 2686 2685
f 2669 2686 2687
f 2669 2687 2686
f 2669 2687 2688
f 2669 2688 2687
f 2669 2688 2689
f 2669 2689 2688
f 2669 2689 2690
f 2669 2690 2689
f 2669 2690 2691
f 2669 2691 2690
f 2669 2691 2692
f 2669 2692 2691
f 2669 2692 2693
f 2669 2693 2692
f 2669 2693 2694
f 2669 2694 2693
f 2669 2694 2695
f 2669 2695 2694
f 2669 2695 2696
f 2669 2696 2695
f 2669 2696 2697
f 2669 2697 2696
f 2669 2697 2698
f 2669 2698 2697
f 2669 2698 2699
f 2669 2699 2698
f 2669 2699 2700
f 2669 2700 2699
f 2669 2700 2701
f 2669 2701 2700
f 2669 2701 2702
f 2669 2702 2701
f 2669 2702 2703
f 2669 2703 2702
f 2669 2703 2704
f 2669 2704 2703
f 2669 2704 2705
f 2669 2705 2704
f 2669 2705 2706
f 2669 2706 2705
f 2669 2706 2707
f 2669 2707 2706
f 2669 2707 2708
f 2669 2708 2707
f 2669 2708 2709
f 2669 2709 2708
f 2669 2709 2710
f 2669 2710 2709
f 2669 2710 2711
f 2669 2711 2710
f 2669 2711 2712
f 2669 2712 2711
f 2669 2712 2713
f 2669 2713 2712
f 2669 2713 2714
f 2669 2714 2713
v 0.009085 0.562579 0.176707
v 0.008448 0.562999 0.172365
v 0.007253 0.563254 0.168074
v 0.005116 0.563233 0.163869
v 0.001843 0.562879 0.159768
v -0.002543 0.562197 0.155768
v -0.007808 0.561257 0.151849
v -0.013540 0.560180 0.147972
v -0.019207 0.559122 0.144089
v -0.024239 0.558250 0.140149
v -0.028110 0.557720 0.136102
v -0.030419 0.557649 0.131913
v -0.030948 0.558100 0.127561
v -0.029699 0.559074 0.123048
v -0.026887 0.560506 0.118391
v -0.022914 0.562280 0.113629
v -0.018306 0.564240 0.108809
v -0.013633 0.566220 0.103983
v -0.009427 0.568062 0.099199
v -0.006100 0.569646 0.094496
v -0.003886 0.570903 0.089894
v -0.002808 0.571827 0.085396
v -0.002672 0.572473 0.080984
v -0.003094 0.572956 0.076623
v -0.002457 0.572536 0.080964
v -0.001263 0.572281 0.085255
v 0.000875 0.572302 0.089460
v 0.004147 0.572656 0.093561
v 0.008533 0.573338 0.097561
v 0.013799 0.574278 0.101480
v 0.019530 0.575355 0.105357
v 0.025198 0.576413 0.109240
v 0.030230 0.577284 0.113180
v 0.034101 0.577815 0.117227
v 0.036409 0.577886 0.121416
v 0.036939 0.577435 0.125768
v 0.035689 0.576461 0.130281
v 0.032877 0.575029 0.134938
v 0.028905 0.573255 0.139700
v 0.024296 0.571294 0.144520
v 0.019623 0.569315 0.149346
v 0.015417 0.567473 0.154130
v 0.012090 0.565889 0.158833
v 0.009877 0.564632 0.163435
v 0.008799 0.563708 0.167933
v 0.008663 0.563062 0.172345
f 2715 2716 2717
f 2715 2717 2716
f 2715 2717 2718
f 2715 2718 2717
f 2715 2718 2719
f 2715 2719 2718
f 2715 2719 2720
f 2715 2720 2719
f 2715 2720 2721
f 2715 2721 2720
f 2715 2721 2722
f 2715 2722 2721
f 2715 2722 2723
f 2715 2723 2722
f 2715 2723 2724
f 2715 2724 2723
f 2715 2724 2725
f 2715 2725 2724
f 2715 2725 2726
f 2715 2726 2725
f 2715 2726 2727
f 2715 2727 2726
f 2715 2727 2728
f 2715 2728 2727
f 2715 2728 2729
f 2715 2729 2728
f 2715 2729 2730
f 2715 2730 2729
f 2715 2730 2731
f 2715 2731 2730
f 2715 2731 2732
f 2715 2732 2731
f 2715 2732 2733
f 2715 2733 2732
f 2715 2733 2734
f 2715 2734 2733
f 2715 2734 2735
f 2715 2735 2734
f 2715 2735 2736
f 2715 2736 2735
f 2715 2736 2737
f 2715 2737 2736
f 2715 2737 2738
f 2715 2738 2737
f 2715 2738 2739
f 2715 2739 2738
f 2715 2739 2740
f 2715 2740 2739
f 2715 2740 2741
f 2715 2741 2740
f 2715 2741 2742
f 2715 2742 2741
f 2715 2742 2743
f 2715 2743 2742
f 2715 2743 2744
f 2715 2744 2743
f 2715 2744 2745
f 2715 2745 2744
f 2715 2745 2746
f 2715 2746 2745
f 2715 2746 2747
f 2715 2747 2746
f 2715 2747 2748
f 2715 2748 2747
f 2715 2748 2749
f 2715 2749 2748
f 2715 2749 2750
f 2715 2750 2749
f 2715 2750 2751
f 2715 2751 2750
f 2715 2751 2752
f 2715 2752 2751
f 2715 2752 2753
f 2715 2753 2752
f 2715 2753 2754
f 2715 2754 2753
f 2715 2754 2755
f 2715 2755 2754
f 2715 2755 2756
f 2715 2756 2755
f 2715 2756 2757
f 2715 2757 2756
f 2715 2757 2758
f 2715 2758 2757
f 2715 2758 2759
f 2715 2759 2758
f 2715 2759 2760
f 2715 2760 2759
v 0.009085 0.562579 0.176707
v 0.006533 0.560474 0.177388
v 0.004261 0.558128 0.178485
v 0.002400 0.555430 0.180194
v 0.000992 0.552345 0.182573
v -0.000005 0.548908 0.185563
v -0.000703 0.545214 0.188999
v -0.001268 0.541407 0.192631
v -0.001900 0.537657 0.196163
v -0.002804 0.534140 0.199292
v -0.004163 0.531013 0.201744
v -0.006115 0.528393 0.203316
v -0.008734 0.526345 0.203898
v -0.012019 0.524868 0.203491
v -0.015898 0.523898 0.202203
v -0.020232 0.523318 0.200239
v -0.024837 0.522971 0.197871
v -0.029510 0.522682 0.195404
v -0.034050 0.522279 0.193133
v -0.038291 0.521620 0.191307
v -0.042120 0.520608 0.190093
v -0.045497 0.519209 0.189549
v -0.048463 0.517458 0.189616
v -0.051149 0.515466 0.190100
v -0.048596 0.517572 0.189418
v -0.046325 0.519917 0.188321
v -0.044464 0.522615 0.186613
v -0.043055 0.525700 0.184233
v -0.042059 0.529137 0.181243
v -0.041361 0.532831 0.177807
v -0.040796 0.536639 0.174176
v -0.040164 0.540388 0.170643
v -0.039260 0.543906 0.167515
v -0.037901 0.547033 0.165062
v -0.035949 0.549652 0.163490
v -0.033330 0.551700 0.162908
v -0.030044 0.553178 0.163315
v -0.026166 0.554147 0.164603
v -0.021832 0.554727 0.166567
v -0.017227 0.555074 0.168935
v -0.012554 0.555363 0.171402
v -0.008013 0.555766 0.173673
v -0.003773 0.556426 0.175499
v 0.000056 0.557437 0.176713
v 0.003433 0.558837 0.177257
v 0.006399 0.560588 0.177190
f 2761 2762 2763
f 2761 2763 2762
f 2761 2763 2764
f 2761 2764 2763
f 2761 2764 2765
f 2761 2765 2764
f 2761 2765 2766
f 2761 2766 2765
f 2761 2766 2767
f 2761 2767 2766
f 2761 2767 2768
f 2761 2768 2767
f 2761 2768 2769
f 2761 2769 2768
f 2761 2769 2770
f 2761 2770 2769
f 2761 2770 2771
f 2761 2771 2770
f 2761 2771 2772
f 2761 2772 2771
f 2761 2772 2773
f 2761 2773 2772
f 2761 2773 2774
f 2761 2774 2773
f 2761 2774 2775
f 2761 2775 2774
f 2761 2775 2776
f 2761 2776 2775
f 2761 2776 2777
f 2761 2777 2776
f 2761 2777 2778
f 2761 2778 2777
f 2761 2778 2779
f 2761 2779 2778
f 2761 2779 2780
f 2761 2780 2779
f 2761 2780 2781
f 2761 2781 2780
f 2761 2781 2782
f 2761 2782 2781
f 2761 2782 2783
f 2761 2783 2782
f 2761 2783 2784
f 2761 2784 2783
f 2761 2784 2785
f 2761 2785 2784
f 2761 2785 2786
f 2761 2786 2785
f 2761 2786 2787
f 2761 2787 2786
f 2761 2787 2788
f 2761 2788 2787
f 2761 2788 2789
f 2761 2789 2788
f 2761 2789 2790
f 2761 2790 2789
f 2761 2790 2791
f 2761 2791 2790
f 2761 2791 2792
f 2761 2792 2791
f 2761 2792 2793
f 2761 2793 2792
f 2761 2793 2794
f 2761 2794 2793
f 2761 2794 2795
f 2761 2795 2794
f 2761 2795 2796
f 2761 2796 2795
f 2761 2796 2797
f 2761 2797 2796
f 2761 2797 2798
f 2761 2798 2797
f 2761 2798 2799
f 2761 2799 2798
f 2761 2799 2800
f 2761 2800 2799
f 2761 2800 2801
f 2761 2801 2800
f 2761 2801 2802
f 2761 2802 2801
f 2761 2802 2803
f 2761 2803 2802
f 2761 2803 2804
f 2761 2804 2803
f 2761 2804 2805
f 2761 2805 2804
f 2761 2805 2806
f 2761 2806 2805
v -0.030733 0.427700 0.119287
v -0.023646 0.431648 0.116515
v -0.019357 0.434088 0.109504
v -0.019505 0.434088 0.100932
v -0.024033 0.431648 0.094073
v -0.031212 0.427700 0.091547
v -0.038300 0.423752 0.094319
v -0.042589 0.421312 0.101330
v -0.042441 0.421312 0.109902
v -0.037912 0.423752 0.116761
v -0.082982 0.521996 0.115749
v -0.078162 0.524680 0.113864
v -0.075246 0.526339 0.109097
v -0.075346 0.526339 0.103267
v -0.078425 0.524680 0.098603
v -0.083307 0.521996 0.096886
v -0.088127 0.519311 0.098771
v -0.091043 0.517652 0.103538
v -0.090943 0.517652 0.109367
v -0.087863 0.519311 0.114031
f 2807 2808 2818
f 2807 2818 2817
f 2808 2809 2819
f 2808 2819 2818
f 2809 2810 2820
f 2809 2820 2819
f 2810 2811 2821
f 2810 2821 2820
f 2811 2812 2822
f 2811 2822 2821
f 2812 2813 2823
f 2812 2823 2822
f 2813 2814 2824
f 2813 2824 2823
f 2814 2815 2825
f 2814 2825 2824
f 2815 2816 2826
f 2815 2826 2825
f 2816 2807 2817
f 2816 2817 2826
v -0.083144 0.521996 0.106317
v -0.082326 0.520898 0.109155
v -0.080896 0.520139 0.112004
v -0.078754 0.519773 0.114868
v -0.075933 0.519783 0.117745
v -0.072568 0.520094 0.120633
v -0.068866 0.520591 0.123528
v -0.065085 0.521133 0.126425
v -0.061501 0.521565 0.129317
v -0.058382 0.521740 0.132201
v -0.055956 0.521531 0.135070
v -0.054393 0.520845 0.137922
v -0.053780 0.519634 0.140755
v -0.054117 0.517898 0.143570
v -0.055316 0.515684 0.146367
v -0.057209 0.513087 0.149150
v -0.059566 0.510233 0.151924
v -0.062121 0.507270 0.154693
v -0.064596 0.504351 0.157465
v -0.066735 0.501618 0.160243
v -0.068329 0.499186 0.163032
v -0.069245 0.497129 0.165835
v -0.069449 0.495466 0.168652
v -0.069041 0.494141 0.171481
v -0.069859 0.495239 0.168643
v -0.071289 0.495998 0.165794
v -0.073432 0.496364 0.162930
v -0.076252 0.496354 0.160053
v -0.079617 0.496043 0.157165
v -0.083319 0.495546 0.154270
v -0.087100 0.495004 0.151373
v -0.090684 0.494572 0.148481
v -0.093804 0.494397 0.145598
v -0.096229 0.494606 0.142728
v -0.097792 0.495292 0.139876
v -0.098405 0.496503 0.137043
v -0.098068 0.498239 0.134229
v -0.096870 0.500453 0.131432
v -0.094977 0.503050 0.128649
v -0.092619 0.505904 0.125875
v -0.090064 0.508867 0.123105
v -0.087589 0.511786 0.120333
v -0.085450 0.514520 0.117555
v -0.083856 0.516951 0.114766
v -0.082940 0.519008 0.111963
v -0.082736 0.520671 0.109147
f 2827 2828 2829
f 2827 2829 2828
f 2827 2829 2830
f 2827 2830 2829
f 2827 2830 2831
f 2827 2831 2830
f 2827 2831 2832
f 2827 2832 2831
f 2827 2832 2833
f 2827 2833 2832
f 2827 2833 2834
f 2827 2834 2833
f 2827 2834 2835
f 2827 2835 2834
f 2827 2835 2836
f 2827 2836 2835
f 2827 2836 2837
f 2827 2837 2836
f 2827 2837 2838
f 2827 2838 2837
f 2827 2838 2839
f 2827 2839 2838
f 2827 2839 2840
f 2827 2840 2839
f 2827 2840 2841
f 2827 2841 2840
f 2827 2841 2842
f 2827 2842 2841
f 2827 2842 2843
f 2827 2843 2842
f 2827 2843 2844
f 2827 2844 2843
f 2827 2844 2845
f 2827 2845 2844
f 2827 2845 2846
f 2827 2846 2845
f 2827 2846 2847
f 2827 2847 2846
f 2827 2847 2848
f 2827 2848 2847
f 2827 2848 2849
f 2827 2849 2848
f 2827 2849 2850
f 2827 2850 2849
f 2827 2850 2851
f 2827 2851 2850
f 2827 2851 2852
f 2827 2852 2851
f 2827 2852 2853
f 2827 2853 2852
f 2827 2853 2854
f 2827 2854 2853
f 2827 2854 2855
f 2827 2855 2854
f 2827 2855 2856
f 2827 2856 2855
f 2827 2856 2857
f 2827 2857 2856
f 2827 2857 2858
f 2827 2858 2857
f 2827 2858 2859
f 2827 2859 2858
f 2827 2859 2860
f 2827 2860 2859
f 2827 2860 2861
f 2827 2861 2860
f 2827 2861 2862
f 2827 2862 2861
f 2827 2862 2863
f 2827 2863 2862
f 2827 2863 2864
f 2827 2864 2863
f 2827 2864 2865
f 2827 2865 2864
f 2827 2865 2866
f 2827 2866 2865
f 2827 2866 2867
f 2827 2867 2866
f 2827 2867 2868
f 2827 2868 2867
f 2827 2868 2869
f 2827 2869 2868
f 2827 2869 2870
f 2827 2870 2869
f 2827 2870 2871
f 2827 2871 2870
f 2827 2871 2872
f 2827 2872 2871
v -0.083144 0.521996 0.106317
v -0.078667 0.522986 0.103931
v -0.074617 0.523751 0.100409
v -0.071034 0.524269 0.095650
v -0.067875 0.524563 0.089765
v -0.065045 0.524684 0.083009
v -0.062405 0.524704 0.075749
v -0.059793 0.524710 0.068415
v -0.057038 0.524791 0.061459
v -0.053979 0.525032 0.055311
v -0.050478 0.525507 0.050335
v -0.046434 0.526269 0.046797
v -0.041797 0.527344 0.044834
v -0.036565 0.528732 0.044447
v -0.030791 0.530407 0.045497
v -0.024575 0.532315 0.047719
v -0.018055 0.534384 0.050749
v -0.011392 0.536529 0.054158
v -0.004757 0.538658 0.057492
v 0.001688 0.540687 0.060322
v 0.007805 0.542543 0.062282
v 0.013497 0.544175 0.063115
v 0.018722 0.545560 0.062711
v 0.023520 0.546719 0.061172
v 0.019042 0.545729 0.063559
v 0.014992 0.544964 0.067081
v 0.011409 0.544446 0.071839
v 0.008251 0.544152 0.077725
v 0.005421 0.544031 0.084480
v 0.002781 0.544011 0.091740
v 0.000169 0.544005 0.099074
v -0.002586 0.543924 0.106030
v -0.005645 0.543683 0.112179
v -0.009147 0.543208 0.117154
v -0.013190 0.542446 0.120693
v -0.017828 0.541371 0.122656
v -0.023060 0.539983 0.123043
v -0.028833 0.538308 0.121993
v -0.035049 0.536400 0.119770
v -0.041570 0.534331 0.116740
v -0.048233 0.532186 0.113331
v -0.054868 0.530057 0.109997
v -0.061313 0.528028 0.107168
v -0.067430 0.526172 0.105208
v -0.073121 0.524540 0.104375
v -0.078347 0.523155 0.104778
f 2873 2874 2875
f 2873 2875 2874
f 2873 2875 2876
f 2873 2876 2875
f 2873 2876 2877
f 2873 2877 2876
f 2873 2877 2878
f 2873 2878 2877
f 2873 2878 2879
f 2873 2879 2878
f 2873 2879 2880
f 2873 2880 2879
f 2873 2880 2881
f 2873 2881 2880
f 2873 2881 2882
f 2873 2882 2881
f 2873 2882 2883
f 2873 2883 2882
f 2873 2883 2884
f 2873 2884 2883
f 2873 2884 2885
f 2873 2885 2884
f 2873 2885 2886
f 2873 2886 2885
f 2873 2886 2887
f 2873 2887 2886
f 2873 2887 2888
f 2873 2888 2887
f 2873 2888 2889
f 2873 2889 2888
f 2873 2889 2890
f 2873 2890 2889
f 2873 2890 2891
f 2873 2891 2890
f 2873 2891 2892
f 2873 2892 2891
f 2873 2892 2893
f 2873 2893 2892
f 2873 2893 2894
f 2873 2894 2893
f 2873 2894 2895
f 2873 2895 2894
f 2873 2895 2896
f 2873 2896 2895
f 2873 2896 2897
f 2873 2897 2896
f 2873 2897 2898
f 2873 2898 2897
f 2873 2898 2899
f 2873 2899 2898
f 2873 2899 2900
f 2873 2900 2899
f 2873 2900 2901
f 2873 2901 2900
f 2873 2901 2902
f 2873 2902 2901
f 2873 2902 2903
f 2873 2903 2902
f 2873 2903 2904
f 2873 2904 2903
f 2873 2904 2905
f 2873 2905 2904
f 2873 2905 2906
f 2873 2906 2905
f 2873 2906 2907
f 2873 2907 2906
f 2873 2907 2908
f 2873 2908 2907
f 2873 2908 2909
f 2873 2909 2908
f 2873 2909 2910
f 2873 2910 2909
f 2873 2910 2911
f 2873 2911 2910
f 2873 2911 2912
f 2873 2912 2911
f 2873 2912 2913
f 2873 2913 2912
f 2873 2913 2914
f 2873 2914 2913
f 2873 2914 2915
f 2873 2915 2914
f 2873 2915 2916
f 2873 2916 2915
f 2873 2916 2917
f 2873 2917 2916
f 2873 2917 2918
f 2873 2918 2917
v -0.083144 0.521996 0.106317
v -0.086550 0.517679 0.105737
v -0.090013 0.513325 0.105688
v -0.093591 0.508897 0.106715
v -0.097324 0.504370 0.109201
v -0.101225 0.499734 0.113257
v -0.105272 0.495006 0.118674
v -0.109409 0.490218 0.124939
v -0.113558 0.485424 0.131311
v -0.117627 0.480681 0.136940
v -0.121530 0.476044 0.141014
v -0.125199 0.471558 0.142895
v -0.128596 0.467246 0.142236
v -0.131722 0.463109 0.139037
v -0.134614 0.459122 0.133645
v -0.137340 0.455242 0.126698
v -0.139986 0.451413 0.119008
v -0.142644 0.447577 0.111425
v -0.145393 0.443682 0.104690
v -0.148287 0.439694 0.099316
v -0.151348 0.435598 0.095513
v -0.154565 0.431402 0.093168
v -0.157898 0.427132 0.091899
v -0.161287 0.422826 0.091161
v -0.157881 0.427143 0.091742
v -0.154418 0.431497 0.091791
v -0.150841 0.435924 0.090763
v -0.147107 0.440452 0.088278
v -0.143206 0.445087 0.084222
v -0.139160 0.449816 0.078805
v -0.135022 0.454603 0.072540
v -0.130874 0.459398 0.066168
v -0.126804 0.464141 0.060539
v -0.122901 0.468778 0.056465
v -0.119232 0.473264 0.054583
v -0.115835 0.477576 0.055242
v -0.112709 0.481713 0.058442
v -0.109817 0.485700 0.063834
v -0.107091 0.489580 0.070781
v -0.104445 0.493409 0.078471
v -0.101787 0.497245 0.086054
v -0.099039 0.501140 0.092788
v -0.096145 0.505128 0.098162
v -0.093083 0.509223 0.101966
v -0.089866 0.513419 0.104311
v -0.086533 0.517689 0.105580
f 2919 2920 2921
f 2919 2921 2920
f 2919 2921 2922
f 2919 2922 2921
f 2919 2922 2923
f 2919 2923 2922
f 2919 2923 2924
f 2919 2924 2923
f 2919 2924 2925
f 2919 2925 2924
f 2919 2925 2926
f 2919 2926 2925
f 2919 2926 2927
f 2919 2927 2926
f 2919 2927 2928
f 2919 2928 2927
f 2919 2928 2929
f 2919 2929 2928
f 2919 2929 2930
f 2919 2930 2929
f 2919 2930 2931
f 2919 2931 2930
f 2919 2931 2932
f 2919 2932 2931
f 2919 2932 2933
f 2919 2933 2932
f 2919 2933 2934
f 2919 2934 2933
f 2919 2934 2935
f 2919 2935 2934
f 2919 2935 2936
f 2919 2936 2935
f 2919 2936 2937
f 2919 2937 2936
f 2919 2937 2938
f 2919 2938 2937
f 2919 2938 2939
f 2919 2939 2938
f 2919 2939 2940
f 2919 2940 2939
f 2919 2940 2941
f 2919 2941 2940
f 2919 2941 2942
f 2919 2942 2941
f 2919 2942 2943
f 2919 2943 2942
f 2919 2943 2944
f 2919 2944 2943
f 2919 2944 2945
f 2919 2945 2944
f 2919 2945 2946
f 2919 2946 2945
f 2919 2946 2947
f 2919 2947 2946
f 2919 2947 2948
f 2919 2948 2947
f 2919 2948 2949
f 2919 2949 2948
f 2919 2949 2950
f 2919 2950 2949
f 2919 2950 2951
f 2919 2951 2950
f 2919 2951 2952
f 2919 2952 2951
f 2919 2952 2953
f 2919 2953 2952
f 2919 2953 2954
f 2919 2954 2953
f 2919 2954 2955
f 2919 2955 2954
f 2919 2955 2956
f 2919 2956 2955
f 2919 2956 2957
f 2919 2957 2956
f 2919 2957 2958
f 2919 2958 2957
f 2919 2958 2959
f 2919 2959 2958
f 2919 2959 2960
f 2919 2960 2959
f 2919 2960 2961
f 2919 2961 2960
f 2919 2961 2962
f 2919 2962 2961
f 2919 2962 2963
f 2919 2963 2962
f 2919 2963 2964
f 2919 2964 2963
v -0.084198 0.521996 0.115691
v -0.082516 0.527336 0.114068
v -0.081074 0.530637 0.109483
v -0.080423 0.530637 0.103690
v -0.080812 0.527336 0.098900
v -0.082091 0.521996 0.096944
v -0.083773 0.516655 0.098567
v -0.085214 0.513354 0.103152
v -0.085865 0.513354 0.108945
v -0.085477 0.516655 0.113735
v -0.150408 0.540676 0.105214
v -0.149264 0.544308 0.104109
v -0.148284 0.546552 0.100992
v -0.147841 0.546552 0.097053
v -0.148105 0.544308 0.093795
v -0.148975 0.540676 0.092465
v -0.150119 0.537044 0.093569
v -0.151099 0.534800 0.096686
v -0.151542 0.534800 0.100626
v -0.151278 0.537044 0.103883
f 2965 2966 2976
f 2965 2976 2975
f 2966 2967 2977
f 2966 2977 2976
f 2967 2968 2978
f 2967 2978 2977
f 2968 2969 2979
f 2968 2979 2978
f 2969 2970 2980
f 2969 2980 2979
f 2970 2971 2981
f 2970 2981 2980
f 2971 2972 2982
f 2971 2982 2981
f 2972 2973 2983
f 2972 2983 2982
f 2973 2974 2984
f 2973 2984 2983
f 2974 2965 2975
f 2974 2975 2984
v -0.149692 0.540676 0.098839
v -0.149069 0.539527 0.101602
v -0.148369 0.538709 0.104492
v -0.147527 0.538485 0.107613
v -0.146507 0.539011 0.111024
v -0.145308 0.540297 0.114730
v -0.143960 0.542204 0.118677
v -0.142530 0.544464 0.122760
v -0.141101 0.546715 0.126840
v -0.139768 0.548561 0.130763
v -0.138620 0.549632 0.134386
v -0.137723 0.549641 0.137597
v -0.137114 0.548435 0.140337
v -0.136793 0.546013 0.142606
v -0.136725 0.542530 0.144463
v -0.136840 0.538271 0.146020
v -0.137051 0.533607 0.147420
v -0.137264 0.528935 0.148817
v -0.137394 0.524615 0.150350
v -0.137376 0.520916 0.152124
v -0.137178 0.517978 0.154193
v -0.136803 0.515789 0.156552
v -0.136286 0.514195 0.159142
v -0.135691 0.512931 0.161860
v -0.136313 0.514080 0.159097
v -0.137014 0.514898 0.156207
v -0.137856 0.515122 0.153086
v -0.138875 0.514596 0.149675
v -0.140075 0.513310 0.145969
v -0.141422 0.511403 0.142022
v -0.142853 0.509143 0.137939
v -0.144282 0.506892 0.133859
v -0.145614 0.505046 0.129936
v -0.146763 0.503975 0.126313
v -0.147660 0.503966 0.123102
v -0.148269 0.505172 0.120362
v -0.148589 0.507594 0.118093
v -0.148658 0.511077 0.116236
v -0.148543 0.515336 0.114678
v -0.148332 0.520000 0.113279
v -0.148118 0.524672 0.111882
v -0.147988 0.528992 0.110349
v -0.148006 0.532691 0.108575
v -0.148204 0.535629 0.106506
v -0.148580 0.537818 0.104147
v -0.149097 0.539412 0.101557
f 2985 2986 2987
f 2985 2987 2986
f 2985 2987 2988
f 2985 2988 2987
f 2985 2988 2989
f 2985 2989 2988
f 2985 2989 2990
f 2985 2990 2989
f 2985 2990 2991
f 2985 2991 2990
f 2985 2991 2992
f 2985 2992 2991
f 2985 2992 2993
f 2985 2993 2992
f 2985 2993 2994
f 2985 2994 2993
f 2985 2994 2995
f 2985 2995 2994
f 2985 2995 2996
f 2985 2996 2995
f 2985 2996 2997
f 2985 2997 2996
f 2985 2997 2998
f 2985 2998 2997
f 2985 2998 2999
f 2985 2999 2998
f 2985 2999 3000
f 2985 3000 2999
f 2985 3000 3001
f 2985 3001 3000
f 2985 3001 3002
f 2985 3002 3001
f 2985 3002 3003
f 2985 3003 3002
f 2985 3003 3004
f 2985 3004 3003
f 2985 3004 3005
f 2985 3005 3004
f 2985 3005 3006
f 2985 3006 3005
f 2985 3006 3007
f 2985 3007 3006
f 2985 3007 3008
f 2985 3008 3007
f 2985 3008 3009
f 2985 3009 3008
f 2985 3009 3010
f 2985 3010 3009
f 2985 3010 3011
f 2985 3011 3010
f 2985 3011 3012
f 2985 3012 3011
f 2985 3012 3013
f 2985 3013 3012
f 2985 3013 3014
f 2985 3014 3013
f 2985 3014 3015
f 2985 3015 3014
f 2985 3015 3016
f 2985 3016 3015
f 2985 3016 3017
f 2985 3017 3016
f 2985 3017 3018
f 2985 3018 3017
f 2985 3018 3019
f 2985 3019 3018
f 2985 3019 3020
f 2985 3020 3019
f 2985 3020 3021
f 2985 3021 3020
f 2985 3021 3022
f 2985 3022 3021
f 2985 3022 3023
f 2985 3023 3022
f 2985 3023 3024
f 2985 3024 3023
f 2985 3024 3025
f 2985 3025 3024
f 2985 3025 3026
f 2985 3026 3025
f 2985 3026 3027
f 2985 3027 3026
f 2985 3027 3028
f 2985 3028 3027
f 2985 3028 3029
f 2985 3029 3028
f 2985 3029 3030
f 2985 3030 3029
v -0.149692 0.540676 0.098839
v -0.147098 0.543714 0.096257
v -0.144550 0.546389 0.093174
v -0.142079 0.548446 0.089239
v -0.139703 0.549753 0.084268
v -0.137420 0.550320 0.078276
v -0.135211 0.550299 0.071474
v -0.133041 0.549963 0.064236
v -0.130867 0.549664 0.057049
v -0.128640 0.549783 0.050439
v -0.126316 0.550670 0.044889
v -0.123862 0.552594 0.040770
v -0.121260 0.555700 0.038282
v -0.118509 0.559988 0.037425
v -0.115628 0.565314 0.037999
v -0.112651 0.571407 0.039633
v -0.109621 0.577918 0.041844
v -0.106586 0.584467 0.044106
v -0.103591 0.590700 0.045932
v -0.100669 0.596345 0.046948
v -0.097841 0.601250 0.046943
v -0.095107 0.605406 0.045902
v -0.092451 0.608943 0.044009
v -0.089840 0.612117 0.041616
v -0.092433 0.609080 0.044198
v -0.094982 0.606405 0.047281
v -0.097452 0.604347 0.051216
v -0.099828 0.603041 0.056187
v -0.102111 0.602474 0.062179
v -0.104321 0.602494 0.068981
v -0.106491 0.602830 0.076219
v -0.108665 0.603129 0.083406
v -0.110892 0.603011 0.090016
v -0.113215 0.602124 0.095566
v -0.115669 0.600199 0.099685
v -0.118271 0.597093 0.102173
v -0.121022 0.592805 0.103030
v -0.123903 0.587480 0.102456
v -0.126881 0.581386 0.100822
v -0.129911 0.574875 0.098611
v -0.132946 0.568327 0.096349
v -0.135941 0.562094 0.094522
v -0.138862 0.556448 0.093507
v -0.141690 0.551543 0.093512
v -0.144424 0.547388 0.094552
v -0.147081 0.543851 0.096446
f 3031 3032 3033
f 3031 3033 3032
f 3031 3033 3034
f 3031 3034 3033
f 3031 3034 3035
f 3031 3035 3034
f 3031 3035 3036
f 3031 3036 3035
f 3031 3036 3037
f 3031 3037 3036
f 3031 3037 3038
f 3031 3038 3037
f 3031 3038 3039
f 3031 3039 3038
f 3031 3039 3040
f 3031 3040 3039
f 3031 3040 3041
f 3031 3041 3040
f 3031 3041 3042
f 3031 3042 3041
f 3031 3042 3043
f 3031 3043 3042
f 3031 3043 3044
f 3031 3044 3043
f 3031 3044 3045
f 3031 3045 3044
f 3031 3045 3046
f 3031 3046 3045
f 3031 3046 3047
f 3031 3047 3046
f 3031 3047 3048
f 3031 3048 3047
f 3031 3048 3049
f 3031 3049 3048
f 3031 3049 3050
f 3031 3050 3049
f 3031 3050 3051
f 3031 3051 3050
f 3031 3051 3052
f 3031 3052 3051
f 3031 3052 3053
f 3031 3053 3052
f 3031 3053 3054
f 3031 3054 3053
f 3031 3054 3055
f 3031 3055 3054
f 3031 3055 3056
f 3031 3056 3055
f 3031 3056 3057
f 3031 3057 3056
f 3031 3057 3058
f 3031 3058 3057
f 3031 3058 3059
f 3031 3059 3058
f 3031 3059 3060
f 3031 3060 3059
f 3031 3060 3061
f 3031 3061 3060
f 3031 3061 3062
f 3031 3062 3061
f 3031 3062 3063
f 3031 3063 3062
f 3031 3063 3064
f 3031 3064 3063
f 3031 3064 3065
f 3031 3065 3064
f 3031 3065 3066
f 3031 3066 3065
f 3031 3066 3067
f 3031 3067 3066
f 3031 3067 3068
f 3031 3068 3067
f 3031 3068 3069
f 3031 3069 3068
f 3031 3069 3070
f 3031 3070 3069
f 3031 3070 3071
f 3031 3071 3070
f 3031 3071 3072
f 3031 3072 3071
f 3031 3072 3073
f 3031 3073 3072
f 3031 3073 3074
f 3031 3074 3073
f 3031 3074 3075
f 3031 3075 3074
f 3031 3075 3076
f 3031 3076 3075
v -0.149692 0.540676 0.098839
v -0.148726 0.537871 0.096058
v -0.147839 0.534856 0.093458
v -0.147142 0.531339 0.091289
v -0.146730 0.527065 0.089772
v -0.146653 0.521905 0.089018
v -0.146890 0.515913 0.088981
v -0.147345 0.509342 0.089441
v -0.147862 0.502610 0.090041
v -0.148247 0.496226 0.090341
v -0.148309 0.490696 0.089905
v -0.147895 0.486429 0.088383
v -0.146920 0.483648 0.085581
v -0.145384 0.482354 0.081498
v -0.143371 0.482322 0.076329
v -0.141035 0.483145 0.070425
v -0.138569 0.484316 0.064220
v -0.136163 0.485325 0.058155
v -0.133976 0.485756 0.052588
v -0.132102 0.485355 0.047737
v -0.130564 0.484068 0.043649
v -0.129311 0.482022 0.040213
v -0.128247 0.479476 0.037209
v -0.127263 0.476720 0.034386
v -0.128229 0.479525 0.037167
v -0.129115 0.482540 0.039767
v -0.129813 0.486057 0.041936
v -0.130224 0.490331 0.043453
v -0.130301 0.495491 0.044207
v -0.130064 0.501483 0.044244
v -0.129609 0.508054 0.043784
v -0.129093 0.514786 0.043184
v -0.128707 0.521170 0.042884
v -0.128645 0.526700 0.043320
v -0.129059 0.530968 0.044842
v -0.130034 0.533748 0.047644
v -0.131571 0.535042 0.051727
v -0.133583 0.535074 0.056896
v -0.135919 0.534251 0.062800
v -0.138385 0.533080 0.069005
v -0.140791 0.532071 0.075070
v -0.142978 0.531640 0.080637
v -0.144852 0.532041 0.085488
v -0.146391 0.533329 0.089576
v -0.147644 0.535374 0.093012
v -0.148707 0.537920 0.096016
f 3077 3078 3079
f 3077 3079 3078
f 3077 3079 3080
f 3077 3080 3079
f 3077 3080 3081
f 3077 3081 3080
f 3077 3081 3082
f 3077 3082 3081
f 3077 3082 3083
f 3077 3083 3082
f 3077 3083 3084
f 3077 3084 3083
f 3077 3084 3085
f 3077 3085 3084
f 3077 3085 3086
f 3077 3086 3085
f 3077 3086 3087
f 3077 3087 3086
f 3077 3087 3088
f 3077 3088 3087
f 3077 3088 3089
f 3077 3089 3088
f 3077 3089 3090
f 3077 3090 3089
f 3077 3090 3091
f 3077 3091 3090
f 3077 3091 3092
f 3077 3092 3091
f 3077 3092 3093
f 3077 3093 3092
f 3077 3093 3094
f 3077 3094 3093
f 3077 3094 3095
f 3077 3095 3094
f 3077 3095 3096
f 3077 3096 3095
f 3077 3096 3097
f 3077 3097 3096
f 3077 3097 3098
f 3077 3098 3097
f 3077 3098 3099
f 3077 3099 3098
f 3077 3099 3100
f 3077 3100 3099
f 3077 3100 3101
f 3077 3101 3100
f 3077 3101 3102
f 3077 3102 3101
f 3077 3102 3103
f 3077 3103 3102
f 3077 3103 3104
f 3077 3104 3103
f 3077 3104 3105
f 3077 3105 3104
f 3077 3105 3106
f 3077 3106 3105
f 3077 3106 3107
f 3077 3107 3106
f 3077 3107 3108
f 3077 3108 3107
f 3077 3108 3109
f 3077 3109 3108
f 3077 3109 3110
f 3077 3110 3109
f 3077 3110 3111
f 3077 3111 3110
f 3077 3111 3112
f 3077 3112 3111
f 3077 3112 3113
f 3077 3113 3112
f 3077 3113 3114
f 3077 3114 3113
f 3077 3114 3115
f 3077 3115 3114
f 3077 3115 3116
f 3077 3116 3115
f 3077 3116 3117
f 3077 3117 3116
f 3077 3117 3118
f 3077 3118 3117
f 3077 3118 3119
f 3077 3119 3118
f 3077 3119 3120
f 3077 3120 3119
f 3077 3120 3121
f 3077 3121 3120
f 3077 3121 3122
f 3077 3122 3121
v -0.073762 0.521996 0.107293
v -0.075130 0.525724 0.103025
v -0.079559 0.528028 0.100015
v -0.085357 0.528028 0.099412
v -0.090311 0.525724 0.101447
v -0.092527 0.521996 0.105342
v -0.091159 0.518267 0.109610
v -0.086730 0.515963 0.112620
v -0.080932 0.515963 0.113223
v -0.075978 0.518267 0.111188
v -0.081286 0.570134 0.150483
v -0.082216 0.572669 0.147581
v -0.085228 0.574236 0.145534
v -0.089171 0.574236 0.145124
v -0.092540 0.572669 0.146508
v -0.094047 0.570134 0.149157
v -0.093117 0.567599 0.152059
v -0.090105 0.566032 0.154106
v -0.086162 0.566032 0.154516
v -0.082793 0.567599 0.153132
f 3123 3124 3134
f 3123 3134 3133
f 3124 3125 3135
f 3124 3135 3134
f 3125 3126 3136
f 3125 3136 3135
f 3126 3127 3137
f 3126 3137 3136
f 3127 3128 3138
f 3127 3138 3137
f 3128 3129 3139
f 3128 3139 3138
f 3129 3130 3140
f 3129 3140 3139
f 3130 3131 3141
f 3130 3141 3140
f 3131 3132 3142
f 3131 3142 3141
f 3132 3123 3133
f 3132 3133 3142
v -0.087666 0.570134 0.149820
v -0.083304 0.568284 0.148825
v -0.078759 0.567089 0.147123
v -0.073985 0.566719 0.144533
v -0.068981 0.567172 0.141055
v -0.063785 0.568315 0.136834
v -0.058463 0.569912 0.132124
v -0.053100 0.571652 0.127259
v -0.047794 0.573193 0.122610
v -0.042637 0.574196 0.118540
v -0.037712 0.574365 0.115368
v -0.033080 0.573485 0.113328
v -0.028772 0.571439 0.112543
v -0.024789 0.568228 0.113014
v -0.021098 0.563968 0.114616
v -0.017639 0.558874 0.117116
v -0.014331 0.553242 0.120196
v -0.011078 0.547409 0.123492
v -0.007785 0.541722 0.126632
v -0.004365 0.536487 0.129283
v -0.000753 0.531943 0.131191
v 0.003088 0.528222 0.132212
v 0.007158 0.525325 0.132344
v 0.011412 0.523084 0.131770
v 0.007049 0.524934 0.132765
v 0.002505 0.526129 0.134467
v -0.002270 0.526499 0.137057
v -0.007273 0.526046 0.140534
v -0.012469 0.524903 0.144756
v -0.017792 0.523306 0.149465
v -0.023154 0.521565 0.154330
v -0.028461 0.520024 0.158980
v -0.033618 0.519022 0.163050
v -0.038543 0.518852 0.166222
v -0.043175 0.519733 0.168262
v -0.047483 0.521779 0.169047
v -0.051466 0.524989 0.168576
v -0.055157 0.529250 0.166974
v -0.058615 0.534344 0.164474
v -0.061924 0.539976 0.161394
v -0.065177 0.545808 0.158098
v -0.068470 0.551496 0.154958
v -0.071890 0.556731 0.152307
v -0.075501 0.561275 0.150399
v -0.079342 0.564996 0.149378
v -0.083413 0.567893 0.149246
f 3143 3144 3145
f 3143 3145 3144
f 3143 3145 3146
f 3143 3146 3145
f 3143 3146 3147
f 3143 3147 3146
f 3143 3147 3148
f 3143 3148 3147
f 3143 3148 3149
f 3143 3149 3148
f 3143 3149 3150
f 3143 3150 3149
f 3143 3150 3151
f 3143 3151 3150
f 3143 3151 3152
f 3143 3152 3151
f 3143 3152 3153
f 3143 3153 3152
f 3143 3153 3154
f 3143 3154 3153
f 3143 3154 3155
f 3143 3155 3154
f 3143 3155 3156
f 3143 3156 3155
f 3143 3156 3157
f 3143 3157 3156
f 3143 3157 3158
f 3143 3158 3157
f 3143 3158 3159
f 3143 3159 3158
f 3143 3159 3160
f 3143 3160 3159
f 3143 3160 3161
f 3143 3161 3160
f 3143 3161 3162
f 3143 3162 3161
f 3143 3162 3163
f 3143 3163 3162
f 3143 3163 3164
f 3143 3164 3163
f 3143 3164 3165
f 3143 3165 3164
f 3143 3165 3166
f 3143 3166 3165
f 3143 3166 3167
f 3143 3167 3166
f 3143 3167 3168
f 3143 3168 3167
f 3143 3168 3169
f 3143 3169 3168
f 3143 3169 3170
f 3143 3170 3169
f 3143 3170 3171
f 3143 3171 3170
f 3143 3171 3172
f 3143 3172 3171
f 3143 3172 3173
f 3143 3173 3172
f 3143 3173 3174
f 3143 3174 3173
f 3143 3174 3175
f 3143 3175 3174
f 3143 3175 3176
f 3143 3176 3175
f 3143 3176 3177
f 3143 3177 3176
f 3143 3177 3178
f 3143 3178 3177
f 3143 3178 3179
f 3143 3179 3178
f 3143 3179 3180
f 3143 3180 3179
f 3143 3180 3181
f 3143 3181 3180
f 3143 3181 3182
f 3143 3182 3181
f 3143 3182 3183
f 3143 3183 3182
f 3143 3183 3184
f 3143 3184 3183
f 3143 3184 3185
f 3143 3185 3184
f 3143 3185 3186
f 3143 3186 3185
f 3143 3186 3187
f 3143 3187 3186
f 3143 3187 3188
f 3143 3188 3187
v -0.087666 0.570134 0.149820
v -0.090660 0.568826 0.148502
v -0.093733 0.567017 0.147731
v -0.096904 0.564599 0.147622
v -0.100170 0.561588 0.148161
v -0.103514 0.558090 0.149230
v -0.106908 0.554281 0.150638
v -0.110316 0.550384 0.152141
v -0.113699 0.546646 0.153472
v -0.117018 0.543304 0.154371
v -0.120240 0.540565 0.154612
v -0.123342 0.538581 0.154031
v -0.126309 0.537432 0.152540
v -0.129144 0.537117 0.150140
v -0.131857 0.537557 0.146917
v -0.134473 0.538600 0.143036
v -0.137026 0.540040 0.138724
v -0.139554 0.541637 0.134239
v -0.142096 0.543148 0.129849
v -0.144688 0.544347 0.125799
v -0.147357 0.545059 0.122279
v -0.150122 0.545178 0.119406
v -0.152984 0.544689 0.117196
v -0.155926 0.543698 0.115532
v -0.152933 0.545006 0.116850
v -0.149859 0.546815 0.117622
v -0.146688 0.549233 0.117730
v -0.143422 0.552244 0.117192
v -0.140078 0.555742 0.116123
v -0.136685 0.559551 0.114715
v -0.133277 0.563447 0.113212
v -0.129894 0.567186 0.111881
v -0.126575 0.570528 0.110982
v -0.123353 0.573266 0.110740
v -0.120251 0.575251 0.111321
v -0.117283 0.576400 0.112812
v -0.114449 0.576715 0.115213
v -0.111736 0.576275 0.118436
v -0.109119 0.575232 0.122316
v -0.106566 0.573792 0.126629
v -0.104039 0.572194 0.131113
v -0.101497 0.570684 0.135503
v -0.098905 0.569485 0.139554
v -0.096236 0.568773 0.143073
v -0.093471 0.568654 0.145946
v -0.090609 0.569143 0.148157
f 3189 3190 3191
f 3189 3191 3190
f 3189 3191 3192
f 3189 3192 3191
f 3189 3192 3193
f 3189 3193 3192
f 3189 3193 3194
f 3189 3194 3193
f 3189 3194 3195
f 3189 3195 3194
f 3189 3195 3196
f 3189 3196 3195
f 3189 3196 3197
f 3189 3197 3196
f 3189 3197 3198
f 3189 3198 3197
f 3189 3198 3199
f 3189 3199 3198
f 3189 3199 3200
f 3189 3200 3199
f 3189 3200 3201
f 3189 3201 3200
f 3189 3201 3202
f 3189 3202 3201
f 3189 3202 3203
f 3189 3203 3202
f 3189 3203 3204
f 3189 3204 3203
f 3189 3204 3205
f 3189 3205 3204
f 3189 3205 3206
f 3189 3206 3205
f 3189 3206 3207
f 3189 3207 3206
f 3189 3207 3208
f 3189 3208 3207
f 3189 3208 3209
f 3189 3209 3208
f 3189 3209 3210
f 3189 3210 3209
f 3189 3210 3211
f 3189 3211 3210
f 3189 3211 3212
f 3189 3212 3211
f 3189 3212 3213
f 3189 3213 3212
f 3189 3213 3214
f 3189 3214 3213
f 3189 3214 3215
f 3189 3215 3214
f 3189 3215 3216
f 3189 3216 3215
f 3189 3216 3217
f 3189 3217 3216
f 3189 3217 3218
f 3189 3218 3217
f 3189 3218 3219
f 3189 3219 3218
f 3189 3219 3220
f 3189 3220 3219
f 3189 3220 3221
f 3189 3221 3220
f 3189 3221 3222
f 3189 3222 3221
f 3189 3222 3223
f 3189 3223 3222
f 3189 3223 3224
f 3189 3224 3223
f 3189 3224 3225
f 3189 3225 3224
f 3189 3225 3226
f 3189 3226 3225
f 3189 3226 3227
f 3189 3227 3226
f 3189 3227 3228
f 3189 3228 3227
f 3189 3228 3229
f 3189 3229 3228
f 3189 3229 3230
f 3189 3230 3229
f 3189 3230 3231
f 3189 3231 3230
f 3189 3231 3232
f 3189 3232 3231
f 3189 3232 3233
f 3189 3233 3232
f 3189 3233 3234
f 3189 3234 3233
v -0.083144 0.525484 0.115082
v -0.077600 0.524787 0.113420
v -0.074173 0.523025 0.109045
v -0.074173 0.520869 0.103629
v -0.077600 0.519143 0.099239
v -0.083144 0.518507 0.097553
v -0.088689 0.519204 0.099215
v -0.092115 0.520967 0.103590
v -0.092115 0.523122 0.109006
v -0.088689 0.524848 0.113396
v -0.082747 0.587298 0.087230
v -0.078977 0.586824 0.086100
v -0.076647 0.585625 0.083126
v -0.076647 0.584159 0.079442
v -0.078977 0.582986 0.076457
v -0.082747 0.582553 0.075311
v -0.086518 0.583027 0.076441
v -0.088848 0.584226 0.079416
v -0.088848 0.585692 0.083099
v -0.086518 0.586865 0.086084
f 3235 3236 3246
f 3235 3246 3245
f 3236 3237 3247
f 3236 3247 3246
f 3237 3238 3248
f 3237 3248 3247
f 3238 3239 3249
f 3238 3249 3248
f 3239 3240 3250
f 3239 3250 3249
f 3240 3241 3251
f 3240 3251 3250
f 3241 3242 3252
f 3241 3252 3251
f 3242 3243 3253
f 3242 3253 3252
f 3243 3244 3254
f 3243 3254 3253
f 3244 3235 3245
f 3244 3245 3254
v -0.082747 0.584925 0.081271
v -0.081124 0.584114 0.086535
v -0.079144 0.583256 0.091684
v -0.076295 0.582280 0.096556
v -0.072111 0.581126 0.100999
v -0.066346 0.579761 0.104935
v -0.059084 0.578195 0.108392
v -0.050764 0.576487 0.111510
v -0.042130 0.574737 0.114527
v -0.034098 0.573068 0.117737
v -0.027587 0.571603 0.121434
v -0.023335 0.570440 0.125855
v -0.021751 0.569634 0.131132
v -0.022837 0.569186 0.137264
v -0.026181 0.569040 0.144120
v -0.031046 0.569097 0.151464
v -0.036514 0.569235 0.159000
v -0.041667 0.569331 0.166436
v -0.045763 0.569286 0.173533
v -0.048361 0.569040 0.180150
v -0.049378 0.568582 0.186261
v -0.049061 0.567946 0.191943
v -0.047873 0.567193 0.197347
v -0.046330 0.566393 0.202636
v -0.047954 0.567204 0.197372
v -0.049933 0.568063 0.192223
v -0.052782 0.569038 0.187352
v -0.056966 0.570192 0.182908
v -0.062731 0.571557 0.178972
v -0.069994 0.573123 0.175515
v -0.078314 0.574831 0.172398
v -0.086948 0.576581 0.169381
v -0.094979 0.578250 0.166171
v -0.101490 0.579715 0.162473
v -0.105743 0.580878 0.158052
v -0.107326 0.581684 0.152775
v -0.106240 0.582133 0.146643
v -0.102896 0.582279 0.139787
v -0.098031 0.582221 0.132443
v -0.092564 0.582083 0.124907
v -0.087411 0.581987 0.117471
v -0.083315 0.582032 0.110374
v -0.080717 0.582278 0.103757
v -0.079699 0.582736 0.097647
v -0.080017 0.583372 0.091964
v -0.081204 0.584125 0.086560
f 3255 3256 3257
f 3255 3257 3256
f 3255 3257 3258
f 3255 3258 3257
f 3255 3258 3259
f 3255 3259 3258
f 3255 3259 3260
f 3255 3260 3259
f 3255 3260 3261
f 3255 3261 3260
f 3255 3261 3262
f 3255 3262 3261
f 3255 3262 3263
f 3255 3263 3262
f 3255 3263 3264
f 3255 3264 3263
f 3255 3264 3265
f 3255 3265 3264
f 3255 3265 3266
f 3255 3266 3265
f 3255 3266 3267
f 3255 3267 3266
f 3255 3267 3268
f 3255 3268 3267
f 3255 3268 3269
f 3255 3269 3268
f 3255 3269 3270
f 3255 3270 3269
f 3255 3270 3271
f 3255 3271 3270
f 3255 3271 3272
f 3255 3272 3271
f 3255 3272 3273
f 3255 3273 3272
f 3255 3273 3274
f 3255 3274 3273
f 3255 3274 3275
f 3255 3275 3274
f 3255 3275 3276
f 3255 3276 3275
f 3255 3276 3277
f 3255 3277 3276
f 3255 3277 3278
f 3255 3278 3277
f 3255 3278 3279
f 3255 3279 3278
f 3255 3279 3280
f 3255 3280 3279
f 3255 3280 3281
f 3255 3281 3280
f 3255 3281 3282
f 3255 3282 3281
f 3255 3282 3283
f 3255 3283 3282
f 3255 3283 3284
f 3255 3284 3283
f 3255 3284 3285
f 3255 3285 3284
f 3255 3285 3286
f 3255 3286 3285
f 3255 3286 3287
f 3255 3287 3286
f 3255 3287 3288
f 3255 3288 3287
f 3255 3288 3289
f 3255 3289 3288
f 3255 3289 3290
f 3255 3290 3289
f 3255 3290 3291
f 3255 3291 3290
f 3255 3291 3292
f 3255 3292 3291
f 3255 3292 3293
f 3255 3293 3292
f 3255 3293 3294
f 3255 3294 3293
f 3255 3294 3295
f 3255 3295 3294
f 3255 3295 3296
f 3255 3296 3295
f 3255 3296 3297
f 3255 3297 3296
f 3255 3297 3298
f 3255 3298 3297
f 3255 3298 3299
f 3255 3299 3298
f 3255 3299 3300
f 3255 3300 3299
v -0.082747 0.584925 0.081271
v -0.082605 0.582020 0.078166
v -0.083151 0.579098 0.075010
v -0.084716 0.576151 0.071776
v -0.087410 0.573178 0.068456
v -0.091136 0.570180 0.065058
v -0.095620 0.567164 0.061603
v -0.100443 0.564140 0.058122
v -0.105106 0.561120 0.054653
v -0.109094 0.558115 0.051236
v -0.111944 0.555138 0.047904
v -0.113310 0.552197 0.044685
v -0.113007 0.549295 0.041593
v -0.111033 0.546433 0.038627
v -0.107575 0.543606 0.035774
v -0.102980 0.540807 0.033007
v -0.097710 0.538024 0.030292
v -0.092279 0.535244 0.027588
v -0.087189 0.532457 0.024859
v -0.082854 0.529651 0.022072
v -0.079553 0.526821 0.019207
v -0.077381 0.523964 0.016256
v -0.076228 0.521082 0.013228
v -0.075763 0.518184 0.010148
v -0.075906 0.521090 0.013253
v -0.075360 0.524012 0.016409
v -0.073794 0.526958 0.019643
v -0.071101 0.529932 0.022963
v -0.067374 0.532930 0.026361
v -0.062890 0.535946 0.029816
v -0.058067 0.538970 0.033297
v -0.053404 0.541990 0.036766
v -0.049417 0.544994 0.040183
v -0.046566 0.547971 0.043515
v -0.045200 0.550913 0.046734
v -0.045504 0.553815 0.049826
v -0.047477 0.556677 0.052791
v -0.050935 0.559503 0.055645
v -0.055530 0.562303 0.058412
v -0.060800 0.565086 0.061127
v -0.066231 0.567865 0.063831
v -0.071322 0.570653 0.066560
v -0.075656 0.573459 0.069347
v -0.078957 0.576289 0.072212
v -0.081129 0.579146 0.075163
v -0.082283 0.582028 0.078191
f 3301 3302 3303
f 3301 3303 3302
f 3301 3303 3304
f 3301 3304 3303
f 3301 3304 3305
f 3301 3305 3304
f 3301 3305 3306
f 3301 3306 3305
f 3301 3306 3307
f 3301 3307 3306
f 3301 3307 3308
f 3301 3308 3307
f 3301 3308 3309
f 3301 3309 3308
f 3301 3309 3310
f 3301 3310 3309
f 3301 3310 3311
f 3301 3311 3310
f 3301 3311 3312
f 3301 3312 3311
f 3301 3312 3313
f 3301 3313 3312
f 3301 3313 3314
f 3301 3314 3313
f 3301 3314 3315
f 3301 3315 3314
f 3301 3315 3316
f 3301 3316 3315
f 3301 3316 3317
f 3301 3317 3316
f 3301 3317 3318
f 3301 3318 3317
f 3301 3318 3319
f 3301 3319 3318
f 3301 3319 3320
f 3301 3320 3319
f 3301 3320 3321
f 3301 3321 3320
f 3301 3321 3322
f 3301 3322 3321
f 3301 3322 3323
f 3301 3323 3322
f 3301 3323 3324
f 3301 3324 3323
f 3301 3324 3325
f 3301 3325 3324
f 3301 3325 3326
f 3301 3326 3325
f 3301 3326 3327
f 3301 3327 3326
f 3301 3327 3328
f 3301 3328 3327
f 3301 3328 3329
f 3301 3329 3328
f 3301 3329 3330
f 3301 3330 3329
f 3301 3330 3331
f 3301 3331 3330
f 3301 3331 3332
f 3301 3332 3331
f 3301 3332 3333
f 3301 3333 3332
f 3301 3333 3334
f 3301 3334 3333
f 3301 3334 3335
f 3301 3335 3334
f 3301 3335 3336
f 3301 3336 3335
f 3301 3336 3337
f 3301 3337 3336
f 3301 3337 3338
f 3301 3338 3337
f 3301 3338 3339
f 3301 3339 3338
f 3301 3339 3340
f 3301 3340 3339
f 3301 3340 3341
f 3301 3341 3340
f 3301 3341 3342
f 3301 3342 3341
f 3301 3342 3343
f 3301 3343 3342
f 3301 3343 3344
f 3301 3344 3343
f 3301 3344 3345
f 3301 3345 3344
f 3301 3345 3346
f 3301 3346 3345
v -0.001109 0.300000 -0.020370
v -0.009282 0.308559 -0.016023
v -0.013910 0.313849 -0.005556
v -0.013225 0.313849 0.007033
v -0.007488 0.308559 0.016936
v 0.001109 0.300000 0.020370
v 0.009282 0.291441 0.016023
v 0.013910 0.286151 0.005556
v 0.013225 0.286151 -0.007033
v 0.007488 0.291441 -0.016936
v 0.113963 0.412719 -0.020095
v 0.108405 0.418539 -0.017139
v 0.105257 0.422136 -0.010022
v 0.105723 0.422136 -0.001461
v 0.109624 0.418539 0.005273
v 0.115470 0.412719 0.007608
v 0.121028 0.406899 0.004652
v 0.124175 0.403302 -0.002465
v 0.123709 0.403302 -0.011026
v 0.119809 0.406899 -0.017760
f 3347 3348 3358
f 3347 3358 3357
f 3348 3349 3359
f 3348 3359 3358
f 3349 3350 3360
f 3349 3360 3359
f 3350 3351 3361
f 3350 3361 3360
f 3351 3352 3362
f 3351 3362 3361
f 3352 3353 3363
f 3352 3363 3362
f 3353 3354 3364
f 3353 3364 3363
f 3354 3355 3365
f 3354 3365 3364
f 3355 3356 3366
f 3355 3366 3365
f 3356 3347 3357
f 3356 3357 3366
v 0.114506 0.412719 -0.020114
v 0.111903 0.420433 -0.017425
v 0.110375 0.425200 -0.010465
v 0.110506 0.425200 -0.001893
v 0.112244 0.420433 0.005018
v 0.114927 0.412719 0.007627
v 0.117530 0.405006 0.004938
v 0.119057 0.400238 -0.002022
v 0.118927 0.400238 -0.010595
v 0.117189 0.405006 -0.017505
v 0.199942 0.441973 -0.016973
v 0.198172 0.447218 -0.015144
v 0.197133 0.450460 -0.010411
v 0.197222 0.450460 -0.004582
v 0.198404 0.447218 0.000117
v 0.200228 0.441973 0.001891
v 0.201998 0.436728 0.000062
v 0.203037 0.433486 -0.004670
v 0.202948 0.433486 -0.010500
v 0.201766 0.436728 -0.015199
f 3367 3368 3378
f 3367 3378 3377
f 3368 3369 3379
f 3368 3379 3378
f 3369 3370 3380
f 3369 3380 3379
f 3370 3371 3381
f 3370 3381 3380
f 3371 3372 3382
f 3371 3382 3381
f 3372 3373 3383
f 3372 3383 3382
f 3373 3374 3384
f 3373 3384 3383
f 3374 3375 3385
f 3374 3385 3384
f 3375 3376 3386
f 3375 3386 3385
f 3376 3367 3377
f 3376 3377 3386
v 0.200085 0.441973 -0.007541
v 0.198023 0.442041 -0.010887
v 0.195845 0.442451 -0.014160
v 0.193427 0.443566 -0.017283
v 0.190681 0.445649 -0.020201
v 0.187579 0.448782 -0.022896
v 0.184164 0.452835 -0.025395
v 0.180553 0.457468 -0.027771
v 0.176912 0.462185 -0.030129
v 0.173438 0.466415 -0.032591
v 0.170315 0.469607 -0.035273
v 0.167691 0.471331 -0.038268
v 0.165646 0.471350 -0.041624
v 0.164179 0.469663 -0.045342
v 0.163211 0.466508 -0.049373
v 0.162596 0.462315 -0.053623
v 0.162145 0.457635 -0.057978
v 0.161666 0.453040 -0.062314
v 0.160990 0.449025 -0.066527
v 0.160002 0.445928 -0.070545
v 0.158658 0.443883 -0.074340
v 0.156985 0.442805 -0.077929
v 0.155073 0.442432 -0.081368
v 0.153044 0.442401 -0.084735
v 0.155106 0.442333 -0.081389
v 0.157284 0.441923 -0.078116
v 0.159702 0.440808 -0.074993
v 0.162448 0.438725 -0.072075
v 0.165550 0.435592 -0.069380
v 0.168965 0.431539 -0.066881
v 0.172576 0.426906 -0.064505
v 0.176216 0.422189 -0.062146
v 0.179691 0.417959 -0.059685
v 0.182814 0.414767 -0.057002
v 0.185438 0.413043 -0.054008
v 0.187483 0.413024 -0.050652
v 0.188950 0.414711 -0.046934
v 0.189917 0.417866 -0.042903
v 0.190533 0.422059 -0.038652
v 0.190984 0.426739 -0.034298
v 0.191463 0.431334 -0.029962
v 0.192138 0.435350 -0.025749
v 0.193126 0.438446 -0.021731
v 0.194471 0.440491 -0.017936
v 0.196144 0.441569 -0.014347
v 0.198056 0.441942 -0.010907
f 3387 3388 3389
f 3387 3389 3388
f 3387 3389 3390
f 3387 3390 3389
f 3387 3390 3391
f 3387 3391 3390
f 3387 3391 3392
f 3387 3392 3391
f 3387 3392 3393
f 3387 3393 3392
f 3387 3393 3394
f 3387 3394 3393
f 3387 3394 3395
f 3387 3395 3394
f 3387 3395 3396
f 3387 3396 3395
f 3387 3396 3397
f 3387 3397 3396
f 3387 3397 3398
f 3387 3398 3397
f 3387 3398 3399
f 3387 3399 3398
f 3387 3399 3400
f 3387 3400 3399
f 3387 3400 3401
f 3387 3401 3400
f 3387 3401 3402
f 3387 3402 3401
f 3387 3402 3403
f 3387 3403 3402
f 3387 3403 3404
f 3387 3404 3403
f 3387 3404 3405
f 3387 3405 3404
f 3387 3405 3406
f 3387 3406 3405
f 3387 3406 3407
f 3387 3407 3406
f 3387 3407 3408
f 3387 3408 3407
f 3387 3408 3409
f 3387 3409 3408
f 3387 3409 3410
f 3387 3410 3409
f 3387 3410 3411
f 3387 3411 3410
f 3387 3411 3412
f 3387 3412 3411
f 3387 3412 3413
f 3387 3413 3412
f 3387 3413 3414
f 3387 3414 3413
f 3387 3414 3415
f 3387 3415 3414
f 3387 3415 3416
f 3387 3416 3415
f 3387 3416 3417
f 3387 3417 3416
f 3387 3417 3418
f 3387 3418 3417
f 3387 3418 3419
f 3387 3419 3418
f 3387 3419 3420
f 3387 3420 3419
f 3387 3420 3421
f 3387 3421 3420
f 3387 3421 3422
f 3387 3422 3421
f 3387 3422 3423
f 3387 3423 3422
f 3387 3423 3424
f 3387 3424 3423
f 3387 3424 3425
f 3387 3425 3424
f 3387 3425 3426
f 3387 3426 3425
f 3387 3426 3427
f 3387 3427 3426
f 3387 3427 3428
f 3387 3428 3427
f 3387 3428 3429
f 3387 3429 3428
f 3387 3429 3430
f 3387 3430 3429
f 3387 3430 3431
f 3387 3431 3430
f 3387 3431 3432
f 3387 3432 3431
v 0.200085 0.441973 -0.007541
v 0.199492 0.441692 -0.004005
v 0.199108 0.440801 -0.000451
v 0.199013 0.439068 0.003125
v 0.199224 0.436444 0.006727
v 0.199705 0.433034 0.010351
v 0.200374 0.429073 0.013991
v 0.201119 0.424893 0.017637
v 0.201807 0.420878 0.021278
v 0.202305 0.417417 0.024903
v 0.202496 0.414853 0.028503
v 0.202291 0.413441 0.032071
v 0.201643 0.413318 0.035603
v 0.200554 0.414484 0.039098
v 0.199069 0.416803 0.042561
v 0.197276 0.420019 0.045999
v 0.195293 0.423788 0.049422
v 0.193254 0.427722 0.052839
v 0.191290 0.431437 0.056263
v 0.189515 0.434602 0.059702
v 0.188009 0.436980 0.063164
v 0.186810 0.438467 0.066650
v 0.185899 0.439112 0.070160
v 0.185197 0.439148 0.073687
v 0.185790 0.439429 0.070151
v 0.186174 0.440320 0.066598
v 0.186269 0.442053 0.063021
v 0.186058 0.444677 0.059419
v 0.185577 0.448087 0.055795
v 0.184908 0.452048 0.052155
v 0.184163 0.456228 0.048510
v 0.183475 0.460242 0.044869
v 0.182977 0.463704 0.041243
v 0.182786 0.466268 0.037643
v 0.182992 0.467680 0.034075
v 0.183639 0.467803 0.030543
v 0.184728 0.466637 0.027048
v 0.186213 0.464318 0.023585
v 0.188006 0.461102 0.020147
v 0.189989 0.457333 0.016725
v 0.192028 0.453399 0.013307
v 0.193992 0.449684 0.009884
v 0.195767 0.446519 0.006444
v 0.197273 0.444141 0.002983
v 0.198472 0.442654 -0.000503
v 0.199383 0.442008 -0.004014
f 3433 3434 3435
f 3433 3435 3434
f 3433 3435 3436
f 3433 3436 3435
f 3433 3436 3437
f 3433 3437 3436
f 3433 3437 3438
f 3433 3438 3437
f 3433 3438 3439
f 3433 3439 3438
f 3433 3439 3440
f 3433 3440 3439
f 3433 3440 3441
f 3433 3441 3440
f 3433 3441 3442
f 3433 3442 3441
f 3433 3442 3443
f 3433 3443 3442
f 3433 3443 3444
f 3433 3444 3443
f 3433 3444 3445
f 3433 3445 3444
f 3433 3445 3446
f 3433 3446 3445
f 3433 3446 3447
f 3433 3447 3446
f 3433 3447 3448
f 3433 3448 3447
f 3433 3448 3449
f 3433 3449 3448
f 3433 3449 3450
f 3433 3450 3449
f 3433 3450 3451
f 3433 3451 3450
f 3433 3451 3452
f 3433 3452 3451
f 3433 3452 3453
f 3433 3453 3452
f 3433 3453 3454
f 3433 3454 3453
f 3433 3454 3455
f 3433 3455 3454
f 3433 3455 3456
f 3433 3456 3455
f 3433 3456 3457
f 3433 3457 3456
f 3433 3457 3458
f 3433 3458 3457
f 3433 3458 3459
f 3433 3459 3458
f 3433 3459 3460
f 3433 3460 3459
f 3433 3460 3461
f 3433 3461 3460
f 3433 3461 3462
f 3433 3462 3461
f 3433 3462 3463
f 3433 3463 3462
f 3433 3463 3464
f 3433 3464 3463
f 3433 3464 3465
f 3433 3465 3464
f 3433 3465 3466
f 3433 3466 3465
f 3433 3466 3467
f 3433 3467 3466
f 3433 3467 3468
f 3433 3468 3467
f 3433 3468 3469
f 3433 3469 3468
f 3433 3469 3470
f 3433 3470 3469
f 3433 3470 3471
f 3433 3471 3470
f 3433 3471 3472
f 3433 3472 3471
f 3433 3472 3473
f 3433 3473 3472
f 3433 3473 3474
f 3433 3474 3473
f 3433 3474 3475
f 3433 3475 3474
f 3433 3475 3476
f 3433 3476 3475
f 3433 3476 3477
f 3433 3477 3476
f 3433 3477 3478
f 3433 3478 3477
v 0.200430 0.441973 -0.016967
v 0.201734 0.447345 -0.015117
v 0.202408 0.450666 -0.010373
v 0.202195 0.450666 -0.004547
v 0.201176 0.447345 0.000136
v 0.199740 0.441973 0.001886
v 0.198435 0.436601 0.000035
v 0.197761 0.433280 -0.004709
v 0.197975 0.433280 -0.010535
v 0.198994 0.436601 -0.015217
v 0.255073 0.427990 -0.011945
v 0.255960 0.431643 -0.010687
v 0.256419 0.433901 -0.007461
v 0.256274 0.433901 -0.003499
v 0.255580 0.431643 -0.000315
v 0.254604 0.427990 0.000875
v 0.253717 0.424337 -0.000384
v 0.253259 0.422079 -0.003610
v 0.253404 0.422079 -0.007571
v 0.254097 0.424337 -0.010755
f 3479 3480 3490
f 3479 3490 3489
f 3480 3481 3491
f 3480 3491 3490
f 3481 3482 3492
f 3481 3492 3491
f 3482 3483 3493
f 3482 3493 3492
f 3483 3484 3494
f 3483 3494 3493
f 3484 3485 3495
f 3484 3495 3494
f 3485 3486 3496
f 3485 3496 3495
f 3486 3487 3497
f 3486 3497 3496
f 3487 3488 3498
f 3487 3498 3497
f 3488 3479 3489
f 3488 3489 3498
v 0.254839 0.427990 -0.005535
v 0.253810 0.427547 -0.010647
v 0.253044 0.428103 -0.015962
v 0.252610 0.429922 -0.021534
v 0.252509 0.433006 -0.027365
v 0.252687 0.437156 -0.033412
v 0.253051 0.442008 -0.039603
v 0.253473 0.447086 -0.045840
v 0.253816 0.451862 -0.052015
v 0.253943 0.455813 -0.058022
v 0.253733 0.458483 -0.063768
v 0.253098 0.459538 -0.069185
v 0.251991 0.458799 -0.074236
v 0.250414 0.456267 -0.078922
v 0.248412 0.452119 -0.083279
v 0.246073 0.446692 -0.087374
v 0.243517 0.440439 -0.091302
v 0.240882 0.433883 -0.095168
v 0.238307 0.427554 -0.099080
v 0.235916 0.421927 -0.103135
v 0.233805 0.417365 -0.107407
v 0.232026 0.414069 -0.111938
v 0.230580 0.412036 -0.116725
v 0.229396 0.411002 -0.121716
v 0.230424 0.411445 -0.116605
v 0.231190 0.410889 -0.111290
v 0.231624 0.409070 -0.105717
v 0.231726 0.405986 -0.099887
v 0.231547 0.401836 -0.093839
v 0.231184 0.396984 -0.087649
v 0.230761 0.391906 -0.081412
v 0.230418 0.387130 -0.075237
v 0.230292 0.383179 -0.069230
v 0.230502 0.380509 -0.063484
v 0.231137 0.379454 -0.058067
v 0.232243 0.380193 -0.053016
v 0.233821 0.382725 -0.048330
v 0.235823 0.386873 -0.043973
v 0.238161 0.392300 -0.039877
v 0.240717 0.398553 -0.035950
v 0.243352 0.405109 -0.032084
v 0.245928 0.411438 -0.028172
v 0.248319 0.417065 -0.024116
v 0.250430 0.421627 -0.019844
v 0.252208 0.424923 -0.015314
v 0.253655 0.426956 -0.010526
f 3499 3500 3501
f 3499 3501 3500
f 3499 3501 3502
f 3499 3502 3501
f 3499 3502 3503
f 3499 3503 3502
f 3499 3503 3504
f 3499 3504 3503
f 3499 3504 3505
f 3499 3505 3504
f 3499 3505 3506
f 3499 3506 3505
f 3499 3506 3507
f 3499 3507 3506
f 3499 3507 3508
f 3499 3508 3507
f 3499 3508 3509
f 3499 3509 3508
f 3499 3509 3510
f 3499 3510 3509
f 3499 3510 3511
f 3499 3511 3510
f 3499 3511 3512
f 3499 3512 3511
f 3499 3512 3513
f 3499 3513 3512
f 3499 3513 3514
f 3499 3514 3513
f 3499 3514 3515
f 3499 3515 3514
f 3499 3515 3516
f 3499 3516 3515
f 3499 3516 3517
f 3499 3517 3516
f 3499 3517 3518
f 3499 3518 3517
f 3499 3518 3519
f 3499 3519 3518
f 3499 3519 3520
f 3499 3520 3519
f 3499 3520 3521
f 3499 3521 3520
f 3499 3521 3522
f 3499 3522 3521
f 3499 3522 3523
f 3499 3523 3522
f 3499 3523 3524
f 3499 3524 3523
f 3499 3524 3525
f 3499 3525 3524
f 3499 3525 3526
f 3499 3526 3525
f 3499 3526 3527
f 3499 3527 3526
f 3499 3527 3528
f 3499 3528 3527
f 3499 3528 3529
f 3499 3529 3528
f 3499 3529 3530
f 3499 3530 3529
f 3499 3530 3531
f 3499 3531 3530
f 3499 3531 3532
f 3499 3532 3531
f 3499 3532 3533
f 3499 3533 3532
f 3499 3533 3534
f 3499 3534 3533
f 3499 3534 3535
f 3499 3535 3534
f 3499 3535 3536
f 3499 3536 3535
f 3499 3536 3537
f 3499 3537 3536
f 3499 3537 3538
f 3499 3538 3537
f 3499 3538 3539
f 3499 3539 3538
f 3499 3539 3540
f 3499 3540 3539
f 3499 3540 3541
f 3499 3541 3540
f 3499 3541 3542
f 3499 3542 3541
f 3499 3542 3543
f 3499 3543 3542
f 3499 3543 3544
f 3499 3544 3543
v 0.254839 0.427990 -0.005535
v 0.252309 0.426874 -0.001649
v 0.249530 0.424731 0.001895
v 0.246473 0.421443 0.005056
v 0.243157 0.417096 0.007863
v 0.239641 0.411920 0.010393
v 0.236005 0.406251 0.012758
v 0.232347 0.400494 0.015094
v 0.228771 0.395075 0.017543
v 0.225377 0.390404 0.020241
v 0.222250 0.386828 0.023306
v 0.219450 0.384599 0.026821
v 0.217010 0.383852 0.030831
v 0.214931 0.384586 0.035336
v 0.213179 0.386668 0.040292
v 0.211693 0.389846 0.045613
v 0.210389 0.393770 0.051185
v 0.209168 0.398033 0.056870
v 0.207924 0.402207 0.062525
v 0.206562 0.405889 0.068015
v 0.204997 0.408742 0.073228
v 0.203175 0.410536 0.078088
v 0.201075 0.411185 0.082564
v 0.198725 0.410807 0.086698
v 0.201254 0.411923 0.082811
v 0.204033 0.414066 0.079268
v 0.207091 0.417354 0.076107
v 0.210406 0.421701 0.073300
v 0.213923 0.426878 0.070770
v 0.217559 0.432546 0.068405
v 0.221217 0.438303 0.066069
v 0.224792 0.443722 0.063620
v 0.228186 0.448393 0.060922
v 0.231314 0.451970 0.057857
v 0.234113 0.454198 0.054342
v 0.236553 0.454945 0.050332
v 0.238633 0.454211 0.045827
v 0.240385 0.452129 0.040871
v 0.241870 0.448952 0.035549
v 0.243174 0.445027 0.029978
v 0.244396 0.440764 0.024293
v 0.245639 0.436590 0.018638
v 0.247002 0.432908 0.013148
v 0.248566 0.430055 0.007934
v 0.250388 0.428261 0.003075
v 0.252489 0.427612 -0.001402
f 3545 3546 3547
f 3545 3547 3546
f 3545 3547 3548
f 3545 3548 3547
f 3545 3548 3549
f 3545 3549 3548
f 3545 3549 3550
f 3545 3550 3549
f 3545 3550 3551
f 3545 3551 3550
f 3545 3551 3552
f 3545 3552 3551
f 3545 3552 3553
f 3545 3553 3552
f 3545 3553 3554
f 3545 3554 3553
f 3545 3554 3555
f 3545 3555 3554
f 3545 3555 3556
f 3545 3556 3555
f 3545 3556 3557
f 3545 3557 3556
f 3545 3557 3558
f 3545 3558 3557
f 3545 3558 3559
f 3545 3559 3558
f 3545 3559 3560
f 3545 3560 3559
f 3545 3560 3561
f 3545 3561 3560
f 3545 3561 3562
f 3545 3562 3561
f 3545 3562 3563
f 3545 3563 3562
f 3545 3563 3564
f 3545 3564 3563
f 3545 3564 3565
f 3545 3565 3564
f 3545 3565 3566
f 3545 3566 3565
f 3545 3566 3567
f 3545 3567 3566
f 3545 3567 3568
f 3545 3568 3567
f 3545 3568 3569
f 3545 3569 3568
f 3545 3569 3570
f 3545 3570 3569
f 3545 3570 3571
f 3545 3571 3570
f 3545 3571 3572
f 3545 3572 3571
f 3545 3572 3573
f 3545 3573 3572
f 3545 3573 3574
f 3545 3574 3573
f 3545 3574 3575
f 3545 3575 3574
f 3545 3575 3576
f 3545 3576 3575
f 3545 3576 3577
f 3545 3577 3576
f 3545 3577 3578
f 3545 3578 3577
f 3545 3578 3579
f 3545 3579 3578
f 3545 3579 3580
f 3545 3580 3579
f 3545 3580 3581
f 3545 3581 3580
f 3545 3581 3582
f 3545 3582 3581
f 3545 3582 3583
f 3545 3583 3582
f 3545 3583 3584
f 3545 3584 3583
f 3545 3584 3585
f 3545 3585 3584
f 3545 3585 3586
f 3545 3586 3585
f 3545 3586 3587
f 3545 3587 3586
f 3545 3587 3588
f 3545 3588 3587
f 3545 3588 3589
f 3545 3589 3588
f 3545 3589 3590
f 3545 3590 3589
v 0.194138 0.441973 -0.014863
v 0.192063 0.445665 -0.010857
v 0.193052 0.447947 -0.005584
v 0.196727 0.447947 -0.001059
v 0.201685 0.445665 0.000991
v 0.206032 0.441973 -0.000219
v 0.208107 0.438281 -0.004225
v 0.207118 0.435999 -0.009498
v 0.203442 0.435999 -0.014023
v 0.198484 0.438281 -0.016072
v 0.226164 0.485448 -0.036985
v 0.224753 0.487958 -0.034261
v 0.225425 0.489510 -0.030676
v 0.227925 0.489510 -0.027599
v 0.231296 0.487958 -0.026205
v 0.234252 0.485448 -0.027027
v 0.235663 0.482937 -0.029752
v 0.234990 0.481385 -0.033337
v 0.232491 0.481385 -0.036414
v 0.229119 0.482937 -0.037808
f 3591 3592 3602
f 3591 3602 3601
f 3592 3593 3603
f 3592 3603 3602
f 3593 3594 3604
f 3593 3604 3603
f 3594 3595 3605
f 3594 3605 3604
f 3595 3596 3606
f 3595 3606 3605
f 3596 3597 3607
f 3596 3607 3606
f 3597 3598 3608
f 3597 3608 3607
f 3598 3599 3609
f 3598 3609 3608
f 3599 3600 3610
f 3599 3610 3609
f 3600 3591 3601
f 3600 3601 3610
v 0.230208 0.485448 -0.032006
v 0.226102 0.484057 -0.034311
v 0.221642 0.483100 -0.036280
v 0.216584 0.482874 -0.037687
v 0.210807 0.483528 -0.038415
v 0.204326 0.485043 -0.038480
v 0.197290 0.487238 -0.038022
v 0.189960 0.489792 -0.037286
v 0.182671 0.492295 -0.036590
v 0.175786 0.494304 -0.036274
v 0.169636 0.495415 -0.036651
v 0.164474 0.495317 -0.037959
v 0.160437 0.493842 -0.040328
v 0.157525 0.490991 -0.043757
v 0.155601 0.486931 -0.048118
v 0.154413 0.481972 -0.053172
v 0.153627 0.476520 -0.058605
v 0.152883 0.471016 -0.064078
v 0.151846 0.465872 -0.069275
v 0.150253 0.461408 -0.073947
v 0.147956 0.457804 -0.077956
v 0.144940 0.455081 -0.081287
v 0.141326 0.453088 -0.084055
v 0.137358 0.451530 -0.086488
v 0.141463 0.452921 -0.084184
v 0.145923 0.453877 -0.082214
v 0.150981 0.454103 -0.080808
v 0.156758 0.453449 -0.080079
v 0.163239 0.451934 -0.080014
v 0.170275 0.449739 -0.080473
v 0.177606 0.447185 -0.081208
v 0.184894 0.444683 -0.081904
v 0.191779 0.442673 -0.082220
v 0.197929 0.441562 -0.081844
v 0.203092 0.441660 -0.080536
v 0.207129 0.443135 -0.078167
v 0.210040 0.445986 -0.074738
v 0.211964 0.450046 -0.070377
v 0.213153 0.455006 -0.065323
v 0.213938 0.460458 -0.059889
v 0.214682 0.465961 -0.054416
v 0.215720 0.471105 -0.049220
v 0.217313 0.475570 -0.044548
v 0.219610 0.479173 -0.040539
v 0.222626 0.481897 -0.037208
v 0.226239 0.483889 -0.034440
f 3611 3612 3613
f 3611 3613 3612
f 3611 3613 3614
f 3611 3614 3613
f 3611 3614 3615
f 3611 3615 3614
f 3611 3615 3616
f 3611 3616 3615
f 3611 3616 3617
f 3611 3617 3616
f 3611 3617 3618
f 3611 3618 3617
f 3611 3618 3619
f 3611 3619 3618
f 3611 3619 3620
f 3611 3620 3619
f 3611 3620 3621
f 3611 3621 3620
f 3611 3621 3622
f 3611 3622 3621
f 3611 3622 3623
f 3611 3623 3622
f 3611 3623 3624
f 3611 3624 3623
f 3611 3624 3625
f 3611 3625 3624
f 3611 3625 3626
f 3611 3626 3625
f 3611 3626 3627
f 3611 3627 3626
f 3611 3627 3628
f 3611 3628 3627
f 3611 3628 3629
f 3611 3629 3628
f 3611 3629 3630
f 3611 3630 3629
f 3611 3630 3631
f 3611 3631 3630
f 3611 3631 3632
f 3611 3632 3631
f 3611 3632 3633
f 3611 3633 3632
f 3611 3633 3634
f 3611 3634 3633
f 3611 3634 3635
f 3611 3635 3634
f 3611 3635 3636
f 3611 3636 3635
f 3611 3636 3637
f 3611 3637 3636
f 3611 3637 3638
f 3611 3638 3637
f 3611 3638 3639
f 3611 3639 3638
f 3611 3639 3640
f 3611 3640 3639
f 3611 3640 3641
f 3611 3641 3640
f 3611 3641 3642
f 3611 3642 3641
f 3611 3642 3643
f 3611 3643 3642
f 3611 3643 3644
f 3611 3644 3643
f 3611 3644 3645
f 3611 3645 3644
f 3611 3645 3646
f 3611 3646 3645
f 3611 3646 3647
f 3611 3647 3646
f 3611 3647 3648
f 3611 3648 3647
f 3611 3648 3649
f 3611 3649 3648
f 3611 3649 3650
f 3611 3650 3649
f 3611 3650 3651
f 3611 3651 3650
f 3611 3651 3652
f 3611 3652 3651
f 3611 3652 3653
f 3611 3653 3652
f 3611 3653 3654
f 3611 3654 3653
f 3611 3654 3655
f 3611 3655 3654
f 3611 3655 3656
f 3611 3656 3655
v 0.230208 0.485448 -0.032006
v 0.229302 0.486152 -0.028506
v 0.228932 0.486608 -0.024788
v 0.229327 0.486707 -0.020761
v 0.230551 0.486420 -0.016399
v 0.232520 0.485787 -0.011736
v 0.235022 0.484906 -0.006856
v 0.237751 0.483920 -0.001886
v 0.240343 0.482997 0.003030
v 0.242431 0.482309 0.007742
v 0.243684 0.482009 0.012116
v 0.243858 0.482211 0.016053
v 0.242820 0.482977 0.019500
v 0.240570 0.484307 0.022457
v 0.237241 0.486139 0.024978
v 0.233078 0.488359 0.027161
v 0.228409 0.490814 0.029140
v 0.223605 0.493332 0.031064
v 0.219027 0.495746 0.033079
v 0.214982 0.497910 0.035310
v 0.211682 0.499729 0.037842
v 0.209211 0.501162 0.040710
v 0.207505 0.502239 0.043887
v 0.206335 0.503066 0.047281
v 0.207241 0.502361 0.043780
v 0.207611 0.501906 0.040063
v 0.207215 0.501807 0.036036
v 0.205991 0.502093 0.031673
v 0.204022 0.502726 0.027010
v 0.201520 0.503607 0.022131
v 0.198792 0.504594 0.017160
v 0.196199 0.505517 0.012244
v 0.194112 0.506205 0.007533
v 0.192858 0.506505 0.003159
v 0.192685 0.506303 -0.000778
v 0.193723 0.505537 -0.004226
v 0.195972 0.504207 -0.007183
v 0.199301 0.502375 -0.009703
v 0.203465 0.500155 -0.011887
v 0.208133 0.497700 -0.013865
v 0.212938 0.495181 -0.015789
v 0.217516 0.492768 -0.017804
v 0.221561 0.490603 -0.020036
v 0.224861 0.488785 -0.022568
v 0.227332 0.487352 -0.025435
v 0.229038 0.486275 -0.028613
f 3657 3658 3659
f 3657 3659 3658
f 3657 3659 3660
f 3657 3660 3659
f 3657 3660 3661
f 3657 3661 3660
f 3657 3661 3662
f 3657 3662 3661
f 3657 3662 3663
f 3657 3663 3662
f 3657 3663 3664
f 3657 3664 3663
f 3657 3664 3665
f 3657 3665 3664
f 3657 3665 3666
f 3657 3666 3665
f 3657 3666 3667
f 3657 3667 3666
f 3657 3667 3668
f 3657 3668 3667
f 3657 3668 3669
f 3657 3669 3668
f 3657 3669 3670
f 3657 3670 3669
f 3657 3670 3671
f 3657 3671 3670
f 3657 3671 3672
f 3657 3672 3671
f 3657 3672 3673
f 3657 3673 3672
f 3657 3673 3674
f 3657 3674 3673
f 3657 3674 3675
f 3657 3675 3674
f 3657 3675 3676
f 3657 3676 3675
f 3657 3676 3677
f 3657 3677 3676
f 3657 3677 3678
f 3657 3678 3677
f 3657 3678 3679
f 3657 3679 3678
f 3657 3679 3680
f 3657 3680 3679
f 3657 3680 3681
f 3657 3681 3680
f 3657 3681 3682
f 3657 3682 3681
f 3657 3682 3683
f 3657 3683 3682
f 3657 3683 3684
f 3657 3684 3683
f 3657 3684 3685
f 3657 3685 3684
f 3657 3685 3686
f 3657 3686 3685
f 3657 3686 3687
f 3657 3687 3686
f 3657 3687 3688
f 3657 3688 3687
f 3657 3688 3689
f 3657 3689 3688
f 3657 3689 3690
f 3657 3690 3689
f 3657 3690 3691
f 3657 3691 3690
f 3657 3691 3692
f 3657 3692 3691
f 3657 3692 3693
f 3657 3693 3692
f 3657 3693 3694
f 3657 3694 3693
f 3657 3694 3695
f 3657 3695 3694
f 3657 3695 3696
f 3657 3696 3695
f 3657 3696 3697
f 3657 3697 3696
f 3657 3697 3698
f 3657 3698 3697
f 3657 3698 3699
f 3657 3699 3698
f 3657 3699 3700
f 3657 3700 3699
f 3657 3700 3701
f 3657 3701 3700
f 3657 3701 3702
f 3657 3702 3701
v 0.230208 0.485448 -0.032006
v 0.233498 0.481290 -0.031320
v 0.236621 0.476856 -0.031331
v 0.239477 0.471978 -0.032460
v 0.242020 0.466582 -0.034893
v 0.244265 0.460693 -0.038571
v 0.246281 0.454424 -0.043204
v 0.248183 0.447965 -0.048317
v 0.250113 0.441553 -0.053311
v 0.252222 0.435439 -0.057556
v 0.254648 0.429849 -0.060478
v 0.257495 0.424957 -0.061641
v 0.260820 0.420857 -0.060810
v 0.264622 0.417548 -0.057986
v 0.268846 0.414937 -0.053402
v 0.273386 0.412851 -0.047494
v 0.278106 0.411063 -0.040838
v 0.282854 0.409321 -0.034064
v 0.287488 0.407389 -0.027769
v 0.291892 0.405078 -0.022429
v 0.295999 0.402273 -0.018335
v 0.299793 0.398950 -0.015544
v 0.303319 0.395184 -0.013871
v 0.306679 0.391141 -0.012895
v 0.303388 0.395299 -0.013582
v 0.300265 0.399733 -0.013571
v 0.297410 0.404611 -0.012442
v 0.294867 0.410007 -0.010009
v 0.292621 0.415896 -0.006331
v 0.290605 0.422165 -0.001697
v 0.288704 0.428624 0.003415
v 0.286774 0.435035 0.008409
v 0.284665 0.441150 0.012654
v 0.282238 0.446740 0.015577
v 0.279391 0.451631 0.016740
v 0.276066 0.455732 0.015909
v 0.272264 0.459041 0.013084
v 0.268040 0.461652 0.008500
v 0.263500 0.463737 0.002593
v 0.258780 0.465526 -0.004063
v 0.254032 0.467268 -0.010838
v 0.249399 0.469200 -0.017133
v 0.244994 0.471511 -0.022473
v 0.240888 0.474316 -0.026567
v 0.237094 0.477639 -0.029358
v 0.233567 0.481405 -0.031031
f 3703 3704 3705
f 3703 3705 3704
f 3703 3705 3706
f 3703 3706 3705
f 3703 3706 3707
f 3703 3707 3706
f 3703 3707 3708
f 3703 3708 3707
f 3703 3708 3709
f 3703 3709 3708
f 3703 3709 3710
f 3703 3710 3709
f 3703 3710 3711
f 3703 3711 3710
f 3703 3711 3712
f 3703 3712 3711
f 3703 3712 3713
f 3703 3713 3712
f 3703 3713 3714
f 3703 3714 3713
f 3703 3714 3715
f 3703 3715 3714
f 3703 3715 3716
f 3703 3716 3715
f 3703 3716 3717
f 3703 3717 3716
f 3703 3717 3718
f 3703 3718 3717
f 3703 3718 3719
f 3703 3719 3718
f 3703 3719 3720
f 3703 3720 3719
f 3703 3720 3721
f 3703 3721 3720
f 3703 3721 3722
f 3703 3722 3721
f 3703 3722 3723
f 3703 3723 3722
f 3703 3723 3724
f 3703 3724 3723
f 3703 3724 3725
f 3703 3725 3724
f 3703 3725 3726
f 3703 3726 3725
f 3703 3726 3727
f 3703 3727 3726
f 3703 3727 3728
f 3703 3728 3727
f 3703 3728 3729
f 3703 3729 3728
f 3703 3729 3730
f 3703 3730 3729
f 3703 3730 3731
f 3703 3731 3730
f 3703 3731 3732
f 3703 3732 3731
f 3703 3732 3733
f 3703 3733 3732
f 3703 3733 3734
f 3703 3734 3733
f 3703 3734 3735
f 3703 3735 3734
f 3703 3735 3736
f 3703 3736 3735
f 3703 3736 3737
f 3703 3737 3736
f 3703 3737 3738
f 3703 3738 3737
f 3703 3738 3739
f 3703 3739 3738
f 3703 3739 3740
f 3703 3740 3739
f 3703 3740 3741
f 3703 3741 3740
f 3703 3741 3742
f 3703 3742 3741
f 3703 3742 3743
f 3703 3743 3742
f 3703 3743 3744
f 3703 3744 3743
f 3703 3744 3745
f 3703 3745 3744
f 3703 3745 3746
f 3703 3746 3745
f 3703 3746 3747
f 3703 3747 3746
f 3703 3747 3748
f 3703 3748 3747
v 0.206857 0.441973 -0.014107
v 0.203044 0.446172 -0.015452
v 0.198100 0.448768 -0.013775
v 0.193915 0.448768 -0.009717
v 0.192086 0.446172 -0.004828
v 0.193312 0.441973 -0.000974
v 0.197126 0.437773 0.000371
v 0.202070 0.435178 -0.001306
v 0.206255 0.435178 -0.005364
v 0.208084 0.437773 -0.010254
v 0.229790 0.473058 0.013882
v 0.227197 0.475913 0.012968
v 0.223836 0.477678 0.014108
v 0.220989 0.477678 0.016867
v 0.219746 0.475913 0.020192
v 0.220580 0.473058 0.022812
v 0.223173 0.470202 0.023727
v 0.226535 0.468437 0.022587
v 0.229381 0.468437 0.019827
v 0.230625 0.470202 0.016502
f 3749 3750 3760
f 3749 3760 3759
f 3750 3751 3761
f 3750 3761 3760
f 3751 3752 3762
f 3751 3762 3761
f 3752 3753 3763
f 3752 3763 3762
f 3753 3754 3764
f 3753 3764 3763
f 3754 3755 3765
f 3754 3765 3764
f 3755 3756 3766
f 3755 3766 3765
f 3756 3757 3767
f 3756 3767 3766
f 3757 3758 3768
f 3757 3768 3767
f 3758 3749 3759
f 3758 3759 3768
v 0.225185 0.473058 0.018347
v 0.227626 0.470967 0.014239
v 0.229890 0.469297 0.009799
v 0.231814 0.468427 0.004727
v 0.233298 0.468598 -0.001168
v 0.234322 0.469855 -0.007921
v 0.234959 0.472025 -0.015395
v 0.235367 0.474736 -0.023298
v 0.235763 0.477476 -0.031223
v 0.236392 0.479667 -0.038714
v 0.237482 0.480766 -0.045343
v 0.239214 0.480352 -0.050775
v 0.241684 0.478194 -0.054830
v 0.244892 0.474291 -0.057506
v 0.248741 0.468876 -0.058986
v 0.253052 0.462368 -0.059603
v 0.257595 0.455312 -0.059788
v 0.262127 0.448284 -0.059994
v 0.266429 0.441798 -0.060628
v 0.270345 0.436224 -0.061983
v 0.273801 0.431737 -0.064197
v 0.276816 0.428291 -0.067234
v 0.279492 0.425645 -0.070903
v 0.281991 0.423419 -0.074903
v 0.279550 0.425509 -0.070795
v 0.277287 0.427179 -0.066355
v 0.275362 0.428049 -0.061283
v 0.273879 0.427878 -0.055388
v 0.272855 0.426622 -0.048635
v 0.272217 0.424452 -0.041160
v 0.271809 0.421740 -0.033258
v 0.271413 0.419001 -0.025333
v 0.270785 0.416810 -0.017842
v 0.269694 0.415710 -0.011213
v 0.267963 0.416125 -0.005781
v 0.265493 0.418283 -0.001726
v 0.262285 0.422185 0.000950
v 0.258436 0.427601 0.002430
v 0.254124 0.434108 0.003047
v 0.249581 0.441164 0.003232
v 0.245049 0.448192 0.003438
v 0.240747 0.454678 0.004072
v 0.236831 0.460252 0.005428
v 0.233375 0.464739 0.007641
v 0.230360 0.468185 0.010678
v 0.227684 0.470832 0.014347
f 3769 3770 3771
f 3769 3771 3770
f 3769 3771 3772
f 3769 3772 3771
f 3769 3772 3773
f 3769 3773 3772
f 3769 3773 3774
f 3769 3774 3773
f 3769 3774 3775
f 3769 3775 3774
f 3769 3775 3776
f 3769 3776 3775
f 3769 3776 3777
f 3769 3777 3776
f 3769 3777 3778
f 3769 3778 3777
f 3769 3778 3779
f 3769 3779 3778
f 3769 3779 3780
f 3769 3780 3779
f 3769 3780 3781
f 3769 3781 3780
f 3769 3781 3782
f 3769 3782 3781
f 3769 3782 3783
f 3769 3783 3782
f 3769 3783 3784
f 3769 3784 3783
f 3769 3784 3785
f 3769 3785 3784
f 3769 3785 3786
f 3769 3786 3785
f 3769 3786 3787
f 3769 3787 3786
f 3769 3787 3788
f 3769 3788 3787
f 3769 3788 3789
f 3769 3789 3788
f 3769 3789 3790
f 3769 3790 3789
f 3769 3790 3791
f 3769 3791 3790
f 3769 3791 3792
f 3769 3792 3791
f 3769 3792 3793
f 3769 3793 3792
f 3769 3793 3794
f 3769 3794 3793
f 3769 3794 3795
f 3769 3795 3794
f 3769 3795 3796
f 3769 3796 3795
f 3769 3796 3797
f 3769 3797 3796
f 3769 3797 3798
f 3769 3798 3797
f 3769 3798 3799
f 3769 3799 3798
f 3769 3799 3800
f 3769 3800 3799
f 3769 3800 3801
f 3769 3801 3800
f 3769 3801 3802
f 3769 3802 3801
f 3769 3802 3803
f 3769 3803 3802
f 3769 3803 3804
f 3769 3804 3803
f 3769 3804 3805
f 3769 3805 3804
f 3769 3805 3806
f 3769 3806 3805
f 3769 3806 3807
f 3769 3807 3806
f 3769 3807 3808
f 3769 3808 3807
f 3769 3808 3809
f 3769 3809 3808
f 3769 3809 3810
f 3769 3810 3809
f 3769 3810 3811
f 3769 3811 3810
f 3769 3811 3812
f 3769 3812 3811
f 3769 3812 3813
f 3769 3813 3812
f 3769 3813 3814
f 3769 3814 3813
v 0.225185 0.473058 0.018347
v 0.221767 0.472204 0.019897
v 0.218461 0.471141 0.021586
v 0.215425 0.469584 0.023610
v 0.212793 0.467281 0.026136
v 0.210633 0.464109 0.029249
v 0.208914 0.460123 0.032910
v 0.207503 0.455573 0.036952
v 0.206175 0.450867 0.041099
v 0.204661 0.446505 0.045014
v 0.202691 0.442982 0.048363
v 0.200050 0.440696 0.050878
v 0.196618 0.439867 0.052411
v 0.192395 0.440494 0.052961
v 0.187502 0.442358 0.052678
v 0.182152 0.445061 0.051828
v 0.176616 0.448108 0.050747
v 0.171164 0.450999 0.049770
v 0.166019 0.453326 0.049174
v 0.161315 0.454840 0.049127
v 0.157083 0.455484 0.049666
v 0.153256 0.455382 0.050708
v 0.149698 0.454786 0.052083
v 0.146253 0.453981 0.053599
v 0.149671 0.454835 0.052050
v 0.152977 0.455897 0.050360
v 0.156013 0.457454 0.048337
v 0.158645 0.459757 0.045811
v 0.160805 0.462930 0.042698
v 0.162523 0.466916 0.039036
v 0.163935 0.471466 0.034994
v 0.165263 0.476171 0.030848
v 0.166777 0.480533 0.026933
v 0.168747 0.484056 0.023584
v 0.171388 0.486342 0.021068
v 0.174820 0.487172 0.019536
v 0.179042 0.486544 0.018986
v 0.183936 0.484681 0.019269
v 0.189286 0.481978 0.020119
v 0.194822 0.478931 0.021200
v 0.200274 0.476039 0.022177
v 0.205419 0.473712 0.022773
v 0.210123 0.472199 0.022820
v 0.214355 0.471555 0.022281
v 0.218182 0.471656 0.021239
v 0.221740 0.472253 0.019864
f 3815 3816 3817
f 3815 3817 3816
f 3815 3817 3818
f 3815 3818 3817
f 3815 3818 3819
f 3815 3819 3818
f 3815 3819 3820
f 3815 3820 3819
f 3815 3820 3821
f 3815 3821 3820
f 3815 3821 3822
f 3815 3822 3821
f 3815 3822 3823
f 3815 3823 3822
f 3815 3823 3824
f 3815 3824 3823
f 3815 3824 3825
f 3815 3825 3824
f 3815 3825 3826
f 3815 3826 3825
f 3815 3826 3827
f 3815 3827 3826
f 3815 3827 3828
f 3815 3828 3827
f 3815 3828 3829
f 3815 3829 3828
f 3815 3829 3830
f 3815 3830 3829
f 3815 3830 3831
f 3815 3831 3830
f 3815 3831 3832
f 3815 3832 3831
f 3815 3832 3833
f 3815 3833 3832
f 3815 3833 3834
f 3815 3834 3833
f 3815 3834 3835
f 3815 3835 3834
f 3815 3835 3836
f 3815 3836 3835
f 3815 3836 3837
f 3815 3837 3836
f 3815 3837 3838
f 3815 3838 3837
f 3815 3838 3839
f 3815 3839 3838
f 3815 3839 3840
f 3815 3840 3839
f 3815 3840 3841
f 3815 3841 3840
f 3815 3841 3842
f 3815 3842 3841
f 3815 3842 3843
f 3815 3843 3842
f 3815 3843 3844
f 3815 3844 3843
f 3815 3844 3845
f 3815 3845 3844
f 3815 3845 3846
f 3815 3846 3845
f 3815 3846 3847
f 3815 3847 3846
f 3815 3847 3848
f 3815 3848 3847
f 3815 3848 3849
f 3815 3849 3848
f 3815 3849 3850
f 3815 3850 3849
f 3815 3850 3851
f 3815 3851 3850
f 3815 3851 3852
f 3815 3852 3851
f 3815 3852 3853
f 3815 3853 3852
f 3815 3853 3854
f 3815 3854 3853
f 3815 3854 3855
f 3815 3855 3854
f 3815 3855 3856
f 3815 3856 3855
f 3815 3856 3857
f 3815 3857 3856
f 3815 3857 3858
f 3815 3858 3857
f 3815 3858 3859
f 3815 3859 3858
f 3815 3859 3860
f 3815 3860 3859
v 0.101524 0.412719 -0.010531
v 0.101862 0.416804 -0.003001
v 0.107111 0.419329 0.003290
v 0.115265 0.419329 0.005940
v 0.123209 0.416804 0.003936
v 0.127909 0.412719 -0.001956
v 0.127571 0.408634 -0.009486
v 0.122322 0.406109 -0.015778
v 0.114168 0.406109 -0.018427
v 0.106224 0.408634 -0.016423
v 0.119256 0.488233 -0.050735
v 0.119486 0.491011 -0.045615
v 0.123055 0.492727 -0.041337
v 0.128600 0.492727 -0.039535
v 0.134002 0.491011 -0.040898
v 0.137198 0.488233 -0.044904
v 0.136968 0.485455 -0.050025
v 0.133399 0.483738 -0.054303
v 0.127854 0.483738 -0.056105
v 0.122452 0.485455 -0.054742
f 3861 3862 3872
f 3861 3872 3871
f 3862 3863 3873
f 3862 3873 3872
f 3863 3864 3874
f 3863 3874 3873
f 3864 3865 3875
f 3864 3875 3874
f 3865 3866 3876
f 3865 3876 3875
f 3866 3867 3877
f 3866 3877 3876
f 3867 3868 3878
f 3867 3878 3877
f 3868 3869 3879
f 3868 3879 3878
f 3869 3870 3880
f 3869 3880 3879
f 3870 3861 3871
f 3870 3871 3880
v 0.128227 0.488233 -0.047820
v 0.123514 0.486904 -0.047182
v 0.118694 0.486111 -0.045606
v 0.113748 0.485947 -0.042927
v 0.108682 0.486385 -0.039195
v 0.103518 0.487308 -0.034613
v 0.098295 0.488533 -0.029502
v 0.093056 0.489833 -0.024262
v 0.087852 0.490960 -0.019323
v 0.082731 0.491676 -0.015102
v 0.077731 0.491778 -0.011959
v 0.072885 0.491115 -0.010155
v 0.068208 0.489608 -0.009828
v 0.063699 0.487258 -0.010980
v 0.059343 0.484143 -0.013470
v 0.055110 0.480413 -0.017037
v 0.050958 0.476273 -0.021323
v 0.046842 0.471960 -0.025911
v 0.042710 0.467721 -0.030369
v 0.038518 0.463785 -0.034298
v 0.034229 0.460334 -0.037377
v 0.029820 0.457484 -0.039403
v 0.025285 0.455264 -0.040326
v 0.020643 0.453579 -0.040311
v 0.025356 0.454908 -0.040949
v 0.030176 0.455701 -0.042525
v 0.035122 0.455865 -0.045203
v 0.040189 0.455427 -0.048935
v 0.045352 0.454504 -0.053517
v 0.050575 0.453279 -0.058628
v 0.055814 0.451979 -0.063869
v 0.061018 0.450852 -0.068808
v 0.066140 0.450135 -0.073028
v 0.071139 0.450034 -0.076172
v 0.075985 0.450697 -0.077976
v 0.080663 0.452203 -0.078302
v 0.085172 0.454554 -0.077151
v 0.089528 0.457669 -0.074661
v 0.093761 0.461399 -0.071093
v 0.097912 0.465539 -0.066807
v 0.102029 0.469852 -0.062220
v 0.106160 0.474090 -0.057762
v 0.110352 0.478027 -0.053833
v 0.114641 0.481478 -0.050753
v 0.119050 0.484328 -0.048728
v 0.123585 0.486548 -0.047805
f 3881 3882 3883
f 3881 3883 3882
f 3881 3883 3884
f 3881 3884 3883
f 3881 3884 3885
f 3881 3885 3884
f 3881 3885 3886
f 3881 3886 3885
f 3881 3886 3887
f 3881 3887 3886
f 3881 3887 3888
f 3881 3888 3887
f 3881 3888 3889
f 3881 3889 3888
f 3881 3889 3890
f 3881 3890 3889
f 3881 3890 3891
f 3881 3891 3890
f 3881 3891 3892
f 3881 3892 3891
f 3881 3892 3893
f 3881 3893 3892
f 3881 3893 3894
f 3881 3894 3893
f 3881 3894 3895
f 3881 3895 3894
f 3881 3895 3896
f 3881 3896 3895
f 3881 3896 3897
f 3881 3897 3896
f 3881 3897 3898
f 3881 3898 3897
f 3881 3898 3899
f 3881 3899 3898
f 3881 3899 3900
f 3881 3900 3899
f 3881 3900 3901
f 3881 3901 3900
f 3881 3901 3902
f 3881 3902 3901
f 3881 3902 3903
f 3881 3903 3902
f 3881 3903 3904
f 3881 3904 3903
f 3881 3904 3905
f 3881 3905 3904
f 3881 3905 3906
f 3881 3906 3905
f 3881 3906 3907
f 3881 3907 3906
f 3881 3907 3908
f 3881 3908 3907
f 3881 3908 3909
f 3881 3909 3908
f 3881 3909 3910
f 3881 3910 3909
f 3881 3910 3911
f 3881 3911 3910
f 3881 3911 3912
f 3881 3912 3911
f 3881 3912 3913
f 3881 3913 3912
f 3881 3913 3914
f 3881 3914 3913
f 3881 3914 3915
f 3881 3915 3914
f 3881 3915 3916
f 3881 3916 3915
f 3881 3916 3917
f 3881 3917 3916
f 3881 3917 3918
f 3881 3918 3917
f 3881 3918 3919
f 3881 3919 3918
f 3881 3919 3920
f 3881 3920 3919
f 3881 3920 3921
f 3881 3921 3920
f 3881 3921 3922
f 3881 3922 3921
f 3881 3922 3923
f 3881 3923 3922
f 3881 3923 3924
f 3881 3924 3923
f 3881 3924 3925
f 3881 3925 3924
f 3881 3925 3926
f 3881 3926 3925
v 0.128227 0.488233 -0.047820
v 0.130870 0.487056 -0.045137
v 0.133681 0.485724 -0.042683
v 0.136863 0.484047 -0.040734
v 0.140578 0.481873 -0.039513
v 0.144896 0.479141 -0.039112
v 0.149759 0.475902 -0.039453
v 0.154983 0.472327 -0.040288
v 0.160286 0.468679 -0.041229
v 0.165331 0.465271 -0.041819
v 0.169789 0.462407 -0.041610
v 0.173401 0.460331 -0.040248
v 0.176023 0.459174 -0.037535
v 0.177653 0.458938 -0.033473
v 0.178437 0.459489 -0.028257
v 0.178635 0.460584 -0.022243
v 0.178575 0.461919 -0.015877
v 0.178593 0.463181 -0.009618
v 0.178973 0.464107 -0.003851
v 0.179898 0.464527 0.001172
v 0.181425 0.464388 0.005376
v 0.183486 0.463752 0.008852
v 0.185918 0.462771 0.011822
v 0.188517 0.461635 0.014564
v 0.185874 0.462812 0.011882
v 0.183064 0.464144 0.009427
v 0.179882 0.465821 0.007479
v 0.176166 0.467995 0.006258
v 0.171849 0.470727 0.005857
v 0.166986 0.473966 0.006198
v 0.161762 0.477541 0.007032
v 0.156459 0.481189 0.007974
v 0.151414 0.484597 0.008564
v 0.146955 0.487460 0.008355
v 0.143343 0.489537 0.006992
v 0.140722 0.490694 0.004280
v 0.139091 0.490930 0.000218
v 0.138307 0.490379 -0.004998
v 0.138110 0.489283 -0.011013
v 0.138170 0.487948 -0.017379
v 0.138151 0.486686 -0.023638
v 0.137771 0.485760 -0.029404
v 0.136846 0.485341 -0.034428
v 0.135320 0.485480 -0.038632
v 0.133259 0.486116 -0.042108
v 0.130827 0.487096 -0.045078
f 3927 3928 3929
f 3927 3929 3928
f 3927 3929 3930
f 3927 3930 3929
f 3927 3930 3931
f 3927 3931 3930
f 3927 3931 3932
f 3927 3932 3931
f 3927 3932 3933
f 3927 3933 3932
f 3927 3933 3934
f 3927 3934 3933
f 3927 3934 3935
f 3927 3935 3934
f 3927 3935 3936
f 3927 3936 3935
f 3927 3936 3937
f 3927 3937 3936
f 3927 3937 3938
f 3927 3938 3937
f 3927 3938 3939
f 3927 3939 3938
f 3927 3939 3940
f 3927 3940 3939
f 3927 3940 3941
f 3927 3941 3940
f 3927 3941 3942
f 3927 3942 3941
f 3927 3942 3943
f 3927 3943 3942
f 3927 3943 3944
f 3927 3944 3943
f 3927 3944 3945
f 3927 3945 3944
f 3927 3945 3946
f 3927 3946 3945
f 3927 3946 3947
f 3927 3947 3946
f 3927 3947 3948
f 3927 3948 3947
f 3927 3948 3949
f 3927 3949 3948
f 3927 3949 3950
f 3927 3950 3949
f 3927 3950 3951
f 3927 3951 3950
f 3927 3951 3952
f 3927 3952 3951
f 3927 3952 3953
f 3927 3953 3952
f 3927 3953 3954
f 3927 3954 3953
f 3927 3954 3955
f 3927 3955 3954
f 3927 3955 3956
f 3927 3956 3955
f 3927 3956 3957
f 3927 3957 3956
f 3927 3957 3958
f 3927 3958 3957
f 3927 3958 3959
f 3927 3959 3958
f 3927 3959 3960
f 3927 3960 3959
f 3927 3960 3961
f 3927 3961 3960
f 3927 3961 3962
f 3927 3962 3961
f 3927 3962 3963
f 3927 3963 3962
f 3927 3963 3964
f 3927 3964 3963
f 3927 3964 3965
f 3927 3965 3964
f 3927 3965 3966
f 3927 3966 3965
f 3927 3966 3967
f 3927 3967 3966
f 3927 3967 3968
f 3927 3968 3967
f 3927 3968 3969
f 3927 3969 3968
f 3927 3969 3970
f 3927 3970 3969
f 3927 3970 3971
f 3927 3971 3970
f 3927 3971 3972
f 3927 3972 3971
v 0.119242 0.488233 -0.050692
v 0.119967 0.492722 -0.047043
v 0.123847 0.495496 -0.043691
v 0.129400 0.495496 -0.041917
v 0.134505 0.492722 -0.042396
v 0.137212 0.488233 -0.044948
v 0.136487 0.483744 -0.048596
v 0.132607 0.480969 -0.051948
v 0.127054 0.480969 -0.053723
v 0.121949 0.483744 -0.053243
v 0.134342 0.517343 -0.088019
v 0.134835 0.520395 -0.085538
v 0.137474 0.522282 -0.083259
v 0.141250 0.522282 -0.082052
v 0.144721 0.520395 -0.082378
v 0.146562 0.517343 -0.084113
v 0.146069 0.514290 -0.086594
v 0.143430 0.512403 -0.088873
v 0.139654 0.512403 -0.090080
v 0.136183 0.514290 -0.089754
f 3973 3974 3984
f 3973 3984 3983
f 3974 3975 3985
f 3974 3985 3984
f 3975 3976 3986
f 3975 3986 3985
f 3976 3977 3987
f 3976 3987 3986
f 3977 3978 3988
f 3977 3988 3987
f 3978 3979 3989
f 3978 3989 3988
f 3979 3980 3990
f 3979 3990 3989
f 3980 3981 3991
f 3980 3991 3990
f 3981 3982 3992
f 3981 3992 3991
f 3982 3973 3983
f 3982 3983 3992
v 0.140452 0.517343 -0.086066
v 0.135408 0.517173 -0.084905
v 0.130428 0.517726 -0.083175
v 0.125536 0.519281 -0.080653
v 0.120737 0.521900 -0.077292
v 0.116021 0.525460 -0.073188
v 0.111364 0.529682 -0.068562
v 0.106729 0.534170 -0.063725
v 0.102078 0.538464 -0.059042
v 0.097369 0.542099 -0.054879
v 0.092565 0.544663 -0.051561
v 0.087641 0.545849 -0.049330
v 0.082580 0.545494 -0.048316
v 0.077385 0.543597 -0.048519
v 0.072068 0.540323 -0.049809
v 0.066656 0.535977 -0.051944
v 0.061187 0.530973 -0.054600
v 0.055701 0.525775 -0.057408
v 0.050239 0.520842 -0.060007
v 0.044834 0.516571 -0.062083
v 0.039512 0.513242 -0.063416
v 0.034284 0.510977 -0.063910
v 0.029144 0.509714 -0.063612
v 0.024067 0.509172 -0.062745
v 0.029111 0.509342 -0.063906
v 0.034092 0.508789 -0.065637
v 0.038984 0.507234 -0.068158
v 0.043783 0.504615 -0.071519
v 0.048498 0.501055 -0.075623
v 0.053156 0.496833 -0.080250
v 0.057790 0.492345 -0.085086
v 0.062442 0.488051 -0.089769
v 0.067151 0.484416 -0.093932
v 0.071954 0.481852 -0.097250
v 0.076879 0.480666 -0.099481
v 0.081939 0.481021 -0.100495
v 0.087135 0.482917 -0.100292
v 0.092452 0.486192 -0.099002
v 0.097863 0.490538 -0.096867
v 0.103332 0.495542 -0.094212
v 0.108818 0.500740 -0.091403
v 0.114281 0.505673 -0.088805
v 0.119686 0.509943 -0.086728
v 0.125007 0.513273 -0.085395
v 0.130236 0.515538 -0.084902
v 0.135376 0.516801 -0.085199
f 3993 3994 3995
f 3993 3995 3994
f 3993 3995 3996
f 3993 3996 3995
f 3993 3996 3997
f 3993 3997 3996
f 3993 3997 3998
f 3993 3998 3997
f 3993 3998 3999
f 3993 3999 3998
f 3993 3999 4000
f 3993 4000 3999
f 3993 4000 4001
f 3993 4001 4000
f 3993 4001 4002
f 3993 4002 4001
f 3993 4002 4003
f 3993 4003 4002
f 3993 4003 4004
f 3993 4004 4003
f 3993 4004 4005
f 3993 4005 4004
f 3993 4005 4006
f 3993 4006 4005
f 3993 4006 4007
f 3993 4007 4006
f 3993 4007 4008
f 3993 4008 4007
f 3993 4008 4009
f 3993 4009 4008
f 3993 4009 4010
f 3993 4010 4009
f 3993 4010 4011
f 3993 4011 4010
f 3993 4011 4012
f 3993 4012 4011
f 3993 4012 4013
f 3993 4013 4012
f 3993 4013 4014
f 3993 4014 4013
f 3993 4014 4015
f 3993 4015 4014
f 3993 4015 4016
f 3993 4016 4015
f 3993 4016 4017
f 3993 4017 4016
f 3993 4017 4018
f 3993 4018 4017
f 3993 4018 4019
f 3993 4019 4018
f 3993 4019 4020
f 3993 4020 4019
f 3993 4020 4021
f 3993 4021 4020
f 3993 4021 4022
f 3993 4022 4021
f 3993 4022 4023
f 3993 4023 4022
f 3993 4023 4024
f 3993 4024 4023
f 3993 4024 4025
f 3993 4025 4024
f 3993 4025 4026
f 3993 4026 4025
f 3993 4026 4027
f 3993 4027 4026
f 3993 4027 4028
f 3993 4028 4027
f 3993 4028 4029
f 3993 4029 4028
f 3993 4029 4030
f 3993 4030 4029
f 3993 4030 4031
f 3993 4031 4030
f 3993 4031 4032
f 3993 4032 4031
f 3993 4032 4033
f 3993 4033 4032
f 3993 4033 4034
f 3993 4034 4033
f 3993 4034 4035
f 3993 4035 4034
f 3993 4035 4036
f 3993 4036 4035
f 3993 4036 4037
f 3993 4037 4036
f 3993 4037 4038
f 3993 4038 4037
v 0.140452 0.517343 -0.086066
v 0.141927 0.518202 -0.083201
v 0.143631 0.518886 -0.080397
v 0.145822 0.519195 -0.077722
v 0.148694 0.518981 -0.075229
v 0.152319 0.518187 -0.072935
v 0.156611 0.516880 -0.070819
v 0.161335 0.515240 -0.068818
v 0.166136 0.513542 -0.066837
v 0.170600 0.512103 -0.064767
v 0.174325 0.511231 -0.062500
v 0.176997 0.511171 -0.059953
v 0.178441 0.512055 -0.057080
v 0.178656 0.513883 -0.053880
v 0.177818 0.516522 -0.050400
v 0.176242 0.519729 -0.046724
v 0.174329 0.523196 -0.042958
v 0.172492 0.526603 -0.039213
v 0.171087 0.529678 -0.035583
v 0.170350 0.532240 -0.032130
v 0.170365 0.534222 -0.028877
v 0.171062 0.535681 -0.025805
v 0.172245 0.536765 -0.022862
v 0.173658 0.537673 -0.019981
v 0.172182 0.536813 -0.022846
v 0.170478 0.536130 -0.025650
v 0.168288 0.535820 -0.028325
v 0.165416 0.536035 -0.030818
v 0.161791 0.536829 -0.033112
v 0.157499 0.538136 -0.035228
v 0.152774 0.539775 -0.037229
v 0.147974 0.541474 -0.039210
v 0.143510 0.542913 -0.041280
v 0.139784 0.543784 -0.043547
v 0.137113 0.543845 -0.046094
v 0.135669 0.542961 -0.048967
v 0.135453 0.541132 -0.052167
v 0.136291 0.538493 -0.055647
v 0.137868 0.535286 -0.059323
v 0.139781 0.531820 -0.063088
v 0.141618 0.528413 -0.066834
v 0.143023 0.525337 -0.070464
v 0.143760 0.522776 -0.073917
v 0.143745 0.520793 -0.077170
v 0.143048 0.519335 -0.080242
v 0.141864 0.518251 -0.083184
f 4039 4040 4041
f 4039 4041 4040
f 4039 4041 4042
f 4039 4042 4041
f 4039 4042 4043
f 4039 4043 4042
f 4039 4043 4044
f 4039 4044 4043
f 4039 4044 4045
f 4039 4045 4044
f 4039 4045 4046
f 4039 4046 4045
f 4039 4046 4047
f 4039 4047 4046
f 4039 4047 4048
f 4039 4048 4047
f 4039 4048 4049
f 4039 4049 4048
f 4039 4049 4050
f 4039 4050 4049
f 4039 4050 4051
f 4039 4051 4050
f 4039 4051 4052
f 4039 4052 4051
f 4039 4052 4053
f 4039 4053 4052
f 4039 4053 4054
f 4039 4054 4053
f 4039 4054 4055
f 4039 4055 4054
f 4039 4055 4056
f 4039 4056 4055
f 4039 4056 4057
f 4039 4057 4056
f 4039 4057 4058
f 4039 4058 4057
f 4039 4058 4059
f 4039 4059 4058
f 4039 4059 4060
f 4039 4060 4059
f 4039 4060 4061
f 4039 4061 4060
f 4039 4061 4062
f 4039 4062 4061
f 4039 4062 4063
f 4039 4063 4062
f 4039 4063 4064
f 4039 4064 4063
f 4039 4064 4065
f 4039 4065 4064
f 4039 4065 4066
f 4039 4066 4065
f 4039 4066 4067
f 4039 4067 4066
f 4039 4067 4068
f 4039 4068 4067
f 4039 4068 4069
f 4039 4069 4068
f 4039 4069 4070
f 4039 4070 4069
f 4039 4070 4071
f 4039 4071 4070
f 4039 4071 4072
f 4039 4072 4071
f 4039 4072 4073
f 4039 4073 4072
f 4039 4073 4074
f 4039 4074 4073
f 4039 4074 4075
f 4039 4075 4074
f 4039 4075 4076
f 4039 4076 4075
f 4039 4076 4077
f 4039 4077 4076
f 4039 4077 4078
f 4039 4078 4077
f 4039 4078 4079
f 4039 4079 4078
f 4039 4079 4080
f 4039 4080 4079
f 4039 4080 4081
f 4039 4081 4080
f 4039 4081 4082
f 4039 4082 4081
f 4039 4082 4083
f 4039 4083 4082
f 4039 4083 4084
f 4039 4084 4083
v 0.140452 0.517343 -0.086066
v 0.143270 0.513235 -0.086732
v 0.145700 0.508897 -0.087696
v 0.147388 0.504122 -0.089231
v 0.148109 0.498775 -0.091509
v 0.147821 0.492832 -0.094565
v 0.146682 0.486386 -0.098275
v 0.145037 0.479642 -0.102374
v 0.143364 0.472881 -0.106494
v 0.142200 0.466420 -0.110223
v 0.142050 0.460559 -0.113172
v 0.143308 0.455529 -0.115038
v 0.146188 0.451458 -0.115656
v 0.150691 0.448345 -0.115025
v 0.156601 0.446064 -0.113312
v 0.163527 0.444383 -0.110818
v 0.170960 0.443002 -0.107932
v 0.178366 0.441604 -0.105069
v 0.185265 0.439908 -0.102594
v 0.191315 0.437709 -0.100774
v 0.196354 0.434913 -0.099731
v 0.200426 0.431547 -0.099432
v 0.203757 0.427742 -0.099702
v 0.206700 0.423708 -0.100272
v 0.203882 0.427816 -0.099606
v 0.201453 0.432153 -0.098642
v 0.199764 0.436928 -0.097107
v 0.199043 0.442275 -0.094829
v 0.199331 0.448218 -0.091773
v 0.200470 0.454664 -0.088064
v 0.202115 0.461408 -0.083965
v 0.203788 0.468169 -0.079844
v 0.204953 0.474630 -0.076115
v 0.205103 0.480492 -0.073166
v 0.203845 0.485521 -0.071300
v 0.200964 0.489592 -0.070682
v 0.196462 0.492705 -0.071313
v 0.190551 0.494986 -0.073026
v 0.183626 0.496667 -0.075521
v 0.176192 0.498048 -0.078406
v 0.168787 0.499446 -0.081269
v 0.161887 0.501142 -0.083744
v 0.155838 0.503341 -0.085564
v 0.150798 0.506137 -0.086607
v 0.146726 0.509504 -0.086907
v 0.143395 0.513308 -0.086636
f 4085 4086 4087
f 4085 4087 4086
f 4085 4087 4088
f 4085 4088 4087
f 4085 4088 4089
f 4085 4089 4088
f 4085 4089 4090
f 4085 4090 4089
f 4085 4090 4091
f 4085 4091 4090
f 4085 4091 4092
f 4085 4092 4091
f 4085 4092 4093
f 4085 4093 4092
f 4085 4093 4094
f 4085 4094 4093
f 4085 4094 4095
f 4085 4095 4094
f 4085 4095 4096
f 4085 4096 4095
f 4085 4096 4097
f 4085 4097 4096
f 4085 4097 4098
f 4085 4098 4097
f 4085 4098 4099
f 4085 4099 4098
f 4085 4099 4100
f 4085 4100 4099
f 4085 4100 4101
f 4085 4101 4100
f 4085 4101 4102
f 4085 4102 4101
f 4085 4102 4103
f 4085 4103 4102
f 4085 4103 4104
f 4085 4104 4103
f 4085 4104 4105
f 4085 4105 4104
f 4085 4105 4106
f 4085 4106 4105
f 4085 4106 4107
f 4085 4107 4106
f 4085 4107 4108
f 4085 4108 4107
f 4085 4108 4109
f 4085 4109 4108
f 4085 4109 4110
f 4085 4110 4109
f 4085 4110 4111
f 4085 4111 4110
f 4085 4111 4112
f 4085 4112 4111
f 4085 4112 4113
f 4085 4113 4112
f 4085 4113 4114
f 4085 4114 4113
f 4085 4114 4115
f 4085 4115 4114
f 4085 4115 4116
f 4085 4116 4115
f 4085 4116 4117
f 4085 4117 4116
f 4085 4117 4118
f 4085 4118 4117
f 4085 4118 4119
f 4085 4119 4118
f 4085 4119 4120
f 4085 4120 4119
f 4085 4120 4121
f 4085 4121 4120
f 4085 4121 4122
f 4085 4122 4121
f 4085 4122 4123
f 4085 4123 4122
f 4085 4123 4124
f 4085 4124 4123
f 4085 4124 4125
f 4085 4125 4124
f 4085 4125 4126
f 4085 4126 4125
f 4085 4126 4127
f 4085 4127 4126
f 4085 4127 4128
f 4085 4128 4127
f 4085 4128 4129
f 4085 4129 4128
f 4085 4129 4130
f 4085 4130 4129
v 0.125519 0.488233 -0.038784
v 0.130502 0.491233 -0.039171
v 0.134617 0.493087 -0.042861
v 0.136291 0.493087 -0.048446
v 0.134885 0.491233 -0.053791
v 0.130936 0.488233 -0.056855
v 0.125952 0.485232 -0.056469
v 0.121838 0.483378 -0.052778
v 0.120164 0.483378 -0.047194
v 0.121570 0.485232 -0.041849
v 0.098909 0.532810 -0.049912
v 0.102298 0.534850 -0.050175
v 0.105096 0.536111 -0.052685
v 0.106234 0.536111 -0.056482
v 0.105278 0.534850 -0.060117
v 0.102592 0.532810 -0.062201
v 0.099204 0.530770 -0.061938
v 0.096406 0.529509 -0.059428
v 0.095267 0.529509 -0.055631
v 0.096223 0.530770 -0.051996
f 4131 4132 4142
f 4131 4142 4141
f 4132 4133 4143
f 4132 4143 4142
f 4133 4134 4144
f 4133 4144 4143
f 4134 4135 4145
f 4134 4145 4144
f 4135 4136 4146
f 4135 4146 4145
f 4136 4137 4147
f 4136 4147 4146
f 4137 4138 4148
f 4137 4148 4147
f 4138 4139 4149
f 4138 4149 4148
f 4139 4140 4150
f 4139 4150 4149
f 4140 4131 4141
f 4140 4141 4150
v 0.100751 0.532810 -0.056056
v 0.101583 0.532291 -0.051160
v 0.103558 0.532487 -0.046210
v 0.106622 0.533362 -0.041208
v 0.110593 0.534806 -0.036164
v 0.115208 0.536652 -0.031089
v 0.120141 0.538696 -0.025999
v 0.125036 0.540717 -0.020911
v 0.129537 0.542491 -0.015841
v 0.133315 0.543814 -0.010806
v 0.136099 0.544515 -0.005818
v 0.137693 0.544472 -0.000885
v 0.137994 0.543621 0.003986
v 0.137004 0.541963 0.008796
v 0.134823 0.539561 0.013549
v 0.131648 0.536536 0.018256
v 0.127750 0.533061 0.022929
v 0.123458 0.529338 0.027583
v 0.119128 0.525593 0.032235
v 0.115116 0.522046 0.036902
v 0.111748 0.518901 0.041600
v 0.109288 0.516324 0.046340
v 0.107915 0.514426 0.051132
v 0.107686 0.513244 0.055978
v 0.106854 0.513763 0.051082
v 0.104878 0.513567 0.046132
v 0.101815 0.512692 0.041130
v 0.097843 0.511248 0.036086
v 0.093229 0.509403 0.031011
v 0.088296 0.507358 0.025921
v 0.083401 0.505337 0.020833
v 0.078900 0.503563 0.015763
v 0.075121 0.502240 0.010728
v 0.072338 0.501539 0.005739
v 0.070744 0.501582 0.000807
v 0.070443 0.502433 -0.004064
v 0.071433 0.504091 -0.008874
v 0.073613 0.506494 -0.013628
v 0.076789 0.509518 -0.018334
v 0.080687 0.512994 -0.023007
v 0.084979 0.516716 -0.027661
v 0.089309 0.520462 -0.032313
v 0.093320 0.524008 -0.036980
v 0.096689 0.527153 -0.041678
v 0.099149 0.529730 -0.046418
v 0.100522 0.531628 -0.051210
f 4151 4152 4153
f 4151 4153 4152
f 4151 4153 4154
f 4151 4154 4153
f 4151 4154 4155
f 4151 4155 4154
f 4151 4155 4156
f 4151 4156 4155
f 4151 4156 4157
f 4151 4157 4156
f 4151 4157 4158
f 4151 4158 4157
f 4151 4158 4159
f 4151 4159 4158
f 4151 4159 4160
f 4151 4160 4159
f 4151 4160 4161
f 4151 4161 4160
f 4151 4161 4162
f 4151 4162 4161
f 4151 4162 4163
f 4151 4163 4162
f 4151 4163 4164
f 4151 4164 4163
f 4151 4164 4165
f 4151 4165 4164
f 4151 4165 4166
f 4151 4166 4165
f 4151 4166 4167
f 4151 4167 4166
f 4151 4167 4168
f 4151 4168 4167
f 4151 4168 4169
f 4151 4169 4168
f 4151 4169 4170
f 4151 4170 4169
f 4151 4170 4171
f 4151 4171 4170
f 4151 4171 4172
f 4151 4172 4171
f 4151 4172 4173
f 4151 4173 4172
f 4151 4173 4174
f 4151 4174 4173
f 4151 4174 4175
f 4151 4175 4174
f 4151 4175 4176
f 4151 4176 4175
f 4151 4176 4177
f 4151 4177 4176
f 4151 4177 4178
f 4151 4178 4177
f 4151 4178 4179
f 4151 4179 4178
f 4151 4179 4180
f 4151 4180 4179
f 4151 4180 4181
f 4151 4181 4180
f 4151 4181 4182
f 4151 4182 4181
f 4151 4182 4183
f 4151 4183 4182
f 4151 4183 4184
f 4151 4184 4183
f 4151 4184 4185
f 4151 4185 4184
f 4151 4185 4186
f 4151 4186 4185
f 4151 4186 4187
f 4151 4187 4186
f 4151 4187 4188
f 4151 4188 4187
f 4151 4188 4189
f 4151 4189 4188
f 4151 4189 4190
f 4151 4190 4189
f 4151 4190 4191
f 4151 4191 4190
f 4151 4191 4192
f 4151 4192 4191
f 4151 4192 4193
f 4151 4193 4192
f 4151 4193 4194
f 4151 4194 4193
f 4151 4194 4195
f 4151 4195 4194
f 4151 4195 4196
f 4151 4196 4195
v 0.100751 0.532810 -0.056056
v 0.103769 0.533134 -0.057819
v 0.106668 0.533341 -0.059815
v 0.109300 0.533288 -0.062328
v 0.111549 0.532861 -0.065586
v 0.113367 0.532014 -0.069683
v 0.114794 0.530785 -0.074538
v 0.115963 0.529304 -0.079897
v 0.117075 0.527768 -0.085364
v 0.118372 0.526413 -0.090472
v 0.120089 0.525468 -0.094763
v 0.122414 0.525115 -0.097875
v 0.125448 0.525454 -0.099607
v 0.129193 0.526486 -0.099959
v 0.133544 0.528110 -0.099131
v 0.138316 0.530144 -0.097487
v 0.143273 0.532358 -0.095483
v 0.148174 0.534518 -0.093588
v 0.152815 0.536425 -0.092197
v 0.157067 0.537952 -0.091565
v 0.160887 0.539057 -0.091770
v 0.164323 0.539789 -0.092720
v 0.167494 0.540261 -0.094188
v 0.170544 0.540615 -0.095890
v 0.167525 0.540291 -0.094127
v 0.164626 0.540085 -0.092131
v 0.161994 0.540138 -0.089618
v 0.159745 0.540564 -0.086360
v 0.157927 0.541412 -0.082263
v 0.156500 0.542640 -0.077408
v 0.155332 0.544121 -0.072049
v 0.154220 0.545657 -0.066582
v 0.152923 0.547012 -0.061474
v 0.151205 0.547958 -0.057183
v 0.148881 0.548311 -0.054071
v 0.145846 0.547971 -0.052339
v 0.142102 0.546939 -0.051987
v 0.137750 0.545315 -0.052815
v 0.132978 0.543281 -0.054459
v 0.128022 0.541067 -0.056462
v 0.123121 0.538907 -0.058357
v 0.118479 0.537000 -0.059749
v 0.114228 0.535474 -0.060381
v 0.110408 0.534368 -0.060176
v 0.106971 0.533637 -0.059226
v 0.103801 0.533165 -0.057758
f 4197 4198 4199
f 4197 4199 4198
f 4197 4199 4200
f 4197 4200 4199
f 4197 4200 4201
f 4197 4201 4200
f 4197 4201 4202
f 4197 4202 4201
f 4197 4202 4203
f 4197 4203 4202
f 4197 4203 4204
f 4197 4204 4203
f 4197 4204 4205
f 4197 4205 4204
f 4197 4205 4206
f 4197 4206 4205
f 4197 4206 4207
f 4197 4207 4206
f 4197 4207 4208
f 4197 4208 4207
f 4197 4208 4209
f 4197 4209 4208
f 4197 4209 4210
f 4197 4210 4209
f 4197 4210 4211
f 4197 4211 4210
f 4197 4211 4212
f 4197 4212 4211
f 4197 4212 4213
f 4197 4213 4212
f 4197 4213 4214
f 4197 4214 4213
f 4197 4214 4215
f 4197 4215 4214
f 4197 4215 4216
f 4197 4216 4215
f 4197 4216 4217
f 4197 4217 4216
f 4197 4217 4218
f 4197 4218 4217
f 4197 4218 4219
f 4197 4219 4218
f 4197 4219 4220
f 4197 4220 4219
f 4197 4220 4221
f 4197 4221 4220
f 4197 4221 4222
f 4197 4222 4221
f 4197 4222 4223
f 4197 4223 4222
f 4197 4223 4224
f 4197 4224 4223
f 4197 4224 4225
f 4197 4225 4224
f 4197 4225 4226
f 4197 4226 4225
f 4197 4226 4227
f 4197 4227 4226
f 4197 4227 4228
f 4197 4228 4227
f 4197 4228 4229
f 4197 4229 4228
f 4197 4229 4230
f 4197 4230 4229
f 4197 4230 4231
f 4197 4231 4230
f 4197 4231 4232
f 4197 4232 4231
f 4197 4232 4233
f 4197 4233 4232
f 4197 4233 4234
f 4197 4234 4233
f 4197 4234 4235
f 4197 4235 4234
f 4197 4235 4236
f 4197 4236 4235
f 4197 4236 4237
f 4197 4237 4236
f 4197 4237 4238
f 4197 4238 4237
f 4197 4238 4239
f 4197 4239 4238
f 4197 4239 4240
f 4197 4240 4239
f 4197 4240 4241
f 4197 4241 4240
f 4197 4241 4242
f 4197 4242 4241
v 0.100751 0.532810 -0.056056
v 0.099036 0.529541 -0.058958
v 0.096339 0.525811 -0.061081
v 0.092772 0.521672 -0.062513
v 0.088511 0.517207 -0.063395
v 0.083783 0.512522 -0.063906
v 0.078849 0.507741 -0.064255
v 0.073986 0.502993 -0.064660
v 0.069465 0.498406 -0.065336
v 0.065532 0.494095 -0.066478
v 0.062389 0.490155 -0.068246
v 0.060179 0.486654 -0.070755
v 0.058978 0.483626 -0.074064
v 0.058784 0.481072 -0.078172
v 0.059524 0.478956 -0.083020
v 0.061054 0.477212 -0.088495
v 0.063171 0.475743 -0.094436
v 0.065631 0.474436 -0.100649
v 0.068161 0.473161 -0.106917
v 0.070486 0.471790 -0.113023
v 0.072344 0.470200 -0.118758
v 0.073508 0.468284 -0.123943
v 0.073802 0.465959 -0.128438
v 0.073112 0.463172 -0.132153
v 0.074827 0.466440 -0.129251
v 0.077524 0.470171 -0.127128
v 0.081091 0.474310 -0.125696
v 0.085352 0.478775 -0.124814
v 0.090080 0.483460 -0.124303
v 0.095014 0.488241 -0.123954
v 0.099877 0.492989 -0.123549
v 0.104398 0.497576 -0.122874
v 0.108331 0.501887 -0.121731
v 0.111474 0.505827 -0.119963
v 0.113684 0.509328 -0.117454
v 0.114885 0.512356 -0.114145
v 0.115079 0.514910 -0.110037
v 0.114339 0.517026 -0.105189
v 0.112809 0.518770 -0.099714
v 0.110692 0.520238 -0.093773
v 0.108232 0.521546 -0.087560
v 0.105702 0.522820 -0.081292
v 0.103377 0.524191 -0.075186
v 0.101519 0.525782 -0.069451
v 0.100355 0.527698 -0.064266
v 0.100061 0.530023 -0.059771
f 4243 4244 4245
f 4243 4245 4244
f 4243 4245 4246
f 4243 4246 4245
f 4243 4246 4247
f 4243 4247 4246
f 4243 4247 4248
f 4243 4248 4247
f 4243 4248 4249
f 4243 4249 4248
f 4243 4249 4250
f 4243 4250 4249
f 4243 4250 4251
f 4243 4251 4250
f 4243 4251 4252
f 4243 4252 4251
f 4243 4252 4253
f 4243 4253 4252
f 4243 4253 4254
f 4243 4254 4253
f 4243 4254 4255
f 4243 4255 4254
f 4243 4255 4256
f 4243 4256 4255
f 4243 4256 4257
f 4243 4257 4256
f 4243 4257 4258
f 4243 4258 4257
f 4243 4258 4259
f 4243 4259 4258
f 4243 4259 4260
f 4243 4260 4259
f 4243 4260 4261
f 4243 4261 4260
f 4243 4261 4262
f 4243 4262 4261
f 4243 4262 4263
f 4243 4263 4262
f 4243 4263 4264
f 4243 4264 4263
f 4243 4264 4265
f 4243 4265 4264
f 4243 4265 4266
f 4243 4266 4265
f 4243 4266 4267
f 4243 4267 4266
f 4243 4267 4268
f 4243 4268 4267
f 4243 4268 4269
f 4243 4269 4268
f 4243 4269 4270
f 4243 4270 4269
f 4243 4270 4271
f 4243 4271 4270
f 4243 4271 4272
f 4243 4272 4271
f 4243 4272 4273
f 4243 4273 4272
f 4243 4273 4274
f 4243 4274 4273
f 4243 4274 4275
f 4243 4275 4274
f 4243 4275 4276
f 4243 4276 4275
f 4243 4276 4277
f 4243 4277 4276
f 4243 4277 4278
f 4243 4278 4277
f 4243 4278 4279
f 4243 4279 4278
f 4243 4279 4280
f 4243 4280 4279
f 4243 4280 4281
f 4243 4281 4280
f 4243 4281 4282
f 4243 4282 4281
f 4243 4282 4283
f 4243 4283 4282
f 4243 4283 4284
f 4243 4284 4283
f 4243 4284 4285
f 4243 4285 4284
f 4243 4285 4286
f 4243 4286 4285
f 4243 4286 4287
f 4243 4287 4286
f 4243 4287 4288
f 4243 4288 4287
v 0.127363 0.488233 -0.057213
v 0.122758 0.491025 -0.054980
v 0.120242 0.492750 -0.050012
v 0.120776 0.492750 -0.044207
v 0.124157 0.491025 -0.039781
v 0.129092 0.488233 -0.038427
v 0.133697 0.485440 -0.040660
v 0.136212 0.483715 -0.045627
v 0.135678 0.483715 -0.051433
v 0.132298 0.485440 -0.055858
v 0.156050 0.537178 -0.056822
v 0.152918 0.539077 -0.055304
v 0.151207 0.540250 -0.051925
v 0.151571 0.540250 -0.047978
v 0.153869 0.539077 -0.044969
v 0.157225 0.537178 -0.044047
v 0.160357 0.535279 -0.045566
v 0.162067 0.534106 -0.048944
v 0.161704 0.534106 -0.052892
v 0.159405 0.535279 -0.055901
f 4289 4290 4300
f 4289 4300 4299
f 4290 4291 4301
f 4290 4301 4300
f 4291 4292 4302
f 4291 4302 4301
f 4292 4293 4303
f 4292 4303 4302
f 4293 4294 4304
f 4293 4304 4303
f 4294 4295 4305
f 4294 4305 4304
f 4295 4296 4306
f 4295 4306 4305
f 4296 4297 4307
f 4296 4307 4306
f 4297 4298 4308
f 4297 4308 4307
f 4298 4289 4299
f 4298 4299 4308
v 0.156637 0.537178 -0.050435
v 0.155882 0.535385 -0.053048
v 0.154917 0.533711 -0.055686
v 0.153465 0.532317 -0.058382
v 0.151289 0.531339 -0.061163
v 0.148276 0.530842 -0.064042
v 0.144487 0.530790 -0.067013
v 0.140167 0.531043 -0.070046
v 0.135708 0.531376 -0.073096
v 0.131588 0.531514 -0.076106
v 0.128278 0.531187 -0.079021
v 0.126153 0.530180 -0.081795
v 0.125422 0.528372 -0.084406
v 0.126086 0.525764 -0.086852
v 0.127936 0.522474 -0.089159
v 0.130595 0.518720 -0.091370
v 0.133593 0.514772 -0.093541
v 0.136453 0.510902 -0.095728
v 0.138780 0.507339 -0.097978
v 0.140333 0.504220 -0.100320
v 0.141048 0.501582 -0.102760
v 0.141039 0.499360 -0.105286
v 0.140543 0.497417 -0.107868
v 0.139837 0.495595 -0.110476
v 0.140593 0.497388 -0.107862
v 0.141558 0.499062 -0.105224
v 0.143010 0.500456 -0.102529
v 0.145186 0.501434 -0.099748
v 0.148199 0.501931 -0.096869
v 0.151987 0.501983 -0.093898
v 0.156308 0.501730 -0.090864
v 0.160766 0.501397 -0.087814
v 0.164887 0.501259 -0.084804
v 0.168197 0.501586 -0.081890
v 0.170322 0.502593 -0.079115
v 0.171052 0.504401 -0.076505
v 0.170389 0.507009 -0.074058
v 0.168539 0.510299 -0.071752
v 0.165879 0.514053 -0.069541
v 0.162882 0.518001 -0.067370
v 0.160022 0.521871 -0.065182
v 0.157694 0.525434 -0.062932
v 0.156142 0.528553 -0.060591
v 0.155427 0.531191 -0.058151
v 0.155436 0.533413 -0.055625
v 0.155932 0.535356 -0.053042
f 4309 4310 4311
f 4309 4311 4310
f 4309 4311 4312
f 4309 4312 4311
f 4309 4312 4313
f 4309 4313 4312
f 4309 4313 4314
f 4309 4314 4313
f 4309 4314 4315
f 4309 4315 4314
f 4309 4315 4316
f 4309 4316 4315
f 4309 4316 4317
f 4309 4317 4316
f 4309 4317 4318
f 4309 4318 4317
f 4309 4318 4319
f 4309 4319 4318
f 4309 4319 4320
f 4309 4320 4319
f 4309 4320 4321
f 4309 4321 4320
f 4309 4321 4322
f 4309 4322 4321
f 4309 4322 4323
f 4309 4323 4322
f 4309 4323 4324
f 4309 4324 4323
f 4309 4324 4325
f 4309 4325 4324
f 4309 4325 4326
f 4309 4326 4325
f 4309 4326 4327
f 4309 4327 4326
f 4309 4327 4328
f 4309 4328 4327
f 4309 4328 4329
f 4309 4329 4328
f 4309 4329 4330
f 4309 4330 4329
f 4309 4330 4331
f 4309 4331 4330
f 4309 4331 4332
f 4309 4332 4331
f 4309 4332 4333
f 4309 4333 4332
f 4309 4333 4334
f 4309 4334 4333
f 4309 4334 4335
f 4309 4335 4334
f 4309 4335 4336
f 4309 4336 4335
f 4309 4336 4337
f 4309 4337 4336
f 4309 4337 4338
f 4309 4338 4337
f 4309 4338 4339
f 4309 4339 4338
f 4309 4339 4340
f 4309 4340 4339
f 4309 4340 4341
f 4309 4341 4340
f 4309 4341 4342
f 4309 4342 4341
f 4309 4342 4343
f 4309 4343 4342
f 4309 4343 4344
f 4309 4344 4343
f 4309 4344 4345
f 4309 4345 4344
f 4309 4345 4346
f 4309 4346 4345
f 4309 4346 4347
f 4309 4347 4346
f 4309 4347 4348
f 4309 4348 4347
f 4309 4348 4349
f 4309 4349 4348
f 4309 4349 4350
f 4309 4350 4349
f 4309 4350 4351
f 4309 4351 4350
f 4309 4351 4352
f 4309 4352 4351
f 4309 4352 4353
f 4309 4353 4352
f 4309 4353 4354
f 4309 4354 4353
v 0.156637 0.537178 -0.050435
v 0.155313 0.535754 -0.045884
v 0.154646 0.533955 -0.041230
v 0.154986 0.531579 -0.036421
v 0.156463 0.528553 -0.031434
v 0.159002 0.524919 -0.026283
v 0.162334 0.520831 -0.021008
v 0.166040 0.516530 -0.015675
v 0.169608 0.512307 -0.010364
v 0.172507 0.508467 -0.005156
v 0.174256 0.505285 -0.000127
v 0.174492 0.502969 0.004666
v 0.173022 0.501629 0.009195
v 0.169844 0.501266 0.013457
v 0.165155 0.501768 0.017485
v 0.159315 0.502928 0.021334
v 0.152805 0.504471 0.025079
v 0.146159 0.506092 0.028803
v 0.139886 0.507500 0.032585
v 0.134406 0.508454 0.036490
v 0.129987 0.508801 0.040560
v 0.126707 0.508497 0.044807
v 0.124433 0.507617 0.049210
v 0.122816 0.506361 0.053716
v 0.124140 0.507784 0.049165
v 0.124807 0.509584 0.044512
v 0.124468 0.511959 0.039702
v 0.122990 0.514986 0.034715
v 0.120451 0.518620 0.029564
v 0.117119 0.522707 0.024289
v 0.113413 0.527009 0.018956
v 0.109845 0.531232 0.013645
v 0.106946 0.535071 0.008437
v 0.105197 0.538253 0.003409
v 0.104961 0.540570 -0.001385
v 0.106431 0.541909 -0.005913
v 0.109609 0.542273 -0.010176
v 0.114299 0.541771 -0.014204
v 0.120138 0.540611 -0.018053
v 0.126648 0.539068 -0.021798
v 0.133295 0.537446 -0.025522
v 0.139567 0.536038 -0.029304
v 0.145047 0.535084 -0.033209
v 0.149466 0.534737 -0.037279
v 0.152747 0.535042 -0.041526
v 0.155021 0.535922 -0.045929
f 4355 4356 4357
f 4355 4357 4356
f 4355 4357 4358
f 4355 4358 4357
f 4355 4358 4359
f 4355 4359 4358
f 4355 4359 4360
f 4355 4360 4359
f 4355 4360 4361
f 4355 4361 4360
f 4355 4361 4362
f 4355 4362 4361
f 4355 4362 4363
f 4355 4363 4362
f 4355 4363 4364
f 4355 4364 4363
f 4355 4364 4365
f 4355 4365 4364
f 4355 4365 4366
f 4355 4366 4365
f 4355 4366 4367
f 4355 4367 4366
f 4355 4367 4368
f 4355 4368 4367
f 4355 4368 4369
f 4355 4369 4368
f 4355 4369 4370
f 4355 4370 4369
f 4355 4370 4371
f 4355 4371 4370
f 4355 4371 4372
f 4355 4372 4371
f 4355 4372 4373
f 4355 4373 4372
f 4355 4373 4374
f 4355 4374 4373
f 4355 4374 4375
f 4355 4375 4374
f 4355 4375 4376
f 4355 4376 4375
f 4355 4376 4377
f 4355 4377 4376
f 4355 4377 4378
f 4355 4378 4377
f 4355 4378 4379
f 4355 4379 4378
f 4355 4379 4380
f 4355 4380 4379
f 4355 4380 4381
f 4355 4381 4380
f 4355 4381 4382
f 4355 4382 4381
f 4355 4382 4383
f 4355 4383 4382
f 4355 4383 4384
f 4355 4384 4383
f 4355 4384 4385
f 4355 4385 4384
f 4355 4385 4386
f 4355 4386 4385
f 4355 4386 4387
f 4355 4387 4386
f 4355 4387 4388
f 4355 4388 4387
f 4355 4388 4389
f 4355 4389 4388
f 4355 4389 4390
f 4355 4390 4389
f 4355 4390 4391
f 4355 4391 4390
f 4355 4391 4392
f 4355 4392 4391
f 4355 4392 4393
f 4355 4393 4392
f 4355 4393 4394
f 4355 4394 4393
f 4355 4394 4395
f 4355 4395 4394
f 4355 4395 4396
f 4355 4396 4395
f 4355 4396 4397
f 4355 4397 4396
f 4355 4397 4398
f 4355 4398 4397
f 4355 4398 4399
f 4355 4399 4398
f 4355 4399 4400
f 4355 4400 4399
v 0.127720 0.412719 -0.011076
v 0.122898 0.417349 -0.016445
v 0.114951 0.420210 -0.017917
v 0.106915 0.420210 -0.014930
v 0.101859 0.417349 -0.008625
v 0.101713 0.412719 -0.001411
v 0.106535 0.408089 0.003957
v 0.114481 0.405228 0.005429
v 0.122518 0.405228 0.002443
v 0.127574 0.408089 -0.003862
v 0.140911 0.484930 0.037162
v 0.137633 0.488078 0.033512
v 0.132229 0.490024 0.032511
v 0.126764 0.490024 0.034542
v 0.123326 0.488078 0.038829
v 0.123227 0.484930 0.043734
v 0.126506 0.481782 0.047385
v 0.131909 0.479836 0.048386
v 0.137374 0.479836 0.046355
v 0.140812 0.481782 0.042068
f 4401 4402 4412
f 4401 4412 4411
f 4402 4403 4413
f 4402 4413 4412
f 4403 4404 4414
f 4403 4414 4413
f 4404 4405 4415
f 4404 4415 4414
f 4405 4406 4416
f 4405 4416 4415
f 4406 4407 4417
f 4406 4417 4416
f 4407 4408 4418
f 4407 4418 4417
f 4408 4409 4419
f 4408 4419 4418
f 4409 4410 4420
f 4409 4420 4419
f 4410 4401 4411
f 4410 4411 4420
v 0.132069 0.484930 0.040448
v 0.135814 0.482332 0.037247
v 0.139376 0.480168 0.033442
v 0.142635 0.478720 0.028642
v 0.145535 0.478124 0.022660
v 0.148087 0.478351 0.015533
v 0.150367 0.479221 0.007512
v 0.152507 0.480423 -0.000971
v 0.154673 0.481564 -0.009368
v 0.157042 0.482224 -0.017096
v 0.159777 0.482017 -0.023620
v 0.163002 0.480650 -0.028532
v 0.166783 0.477966 -0.031614
v 0.171122 0.473963 -0.032864
v 0.175949 0.468801 -0.032502
v 0.181143 0.462773 -0.030937
v 0.186541 0.456263 -0.028702
v 0.191964 0.449691 -0.026382
v 0.197247 0.443452 -0.024524
v 0.202258 0.437856 -0.023559
v 0.206921 0.433084 -0.023739
v 0.211225 0.429162 -0.025102
v 0.215227 0.425957 -0.027459
v 0.219045 0.423186 -0.030421
v 0.215300 0.425784 -0.027219
v 0.211738 0.427948 -0.023415
v 0.208479 0.429396 -0.018614
v 0.205579 0.429992 -0.012632
v 0.203027 0.429765 -0.005505
v 0.200747 0.428895 0.002516
v 0.198607 0.427693 0.010998
v 0.196441 0.426552 0.019396
v 0.194072 0.425892 0.027124
v 0.191337 0.426099 0.033648
v 0.188112 0.427466 0.038560
v 0.184330 0.430150 0.041641
v 0.179992 0.434153 0.042891
v 0.175164 0.439315 0.042530
v 0.169970 0.445343 0.040964
v 0.164573 0.451853 0.038730
v 0.159150 0.458425 0.036409
v 0.153867 0.464664 0.034551
v 0.148856 0.470260 0.033587
v 0.144193 0.475032 0.033767
v 0.139889 0.478954 0.035129
v 0.135887 0.482159 0.037487
f 4421 4422 4423
f 4421 4423 4422
f 4421 4423 4424
f 4421 4424 4423
f 4421 4424 4425
f 4421 4425 4424
f 4421 4425 4426
f 4421 4426 4425
f 4421 4426 4427
f 4421 4427 4426
f 4421 4427 4428
f 4421 4428 4427
f 4421 4428 4429
f 4421 4429 4428
f 4421 4429 4430
f 4421 4430 4429
f 4421 4430 4431
f 4421 4431 4430
f 4421 4431 4432
f 4421 4432 4431
f 4421 4432 4433
f 4421 4433 4432
f 4421 4433 4434
f 4421 4434 4433
f 4421 4434 4435
f 4421 4435 4434
f 4421 4435 4436
f 4421 4436 4435
f 4421 4436 4437
f 4421 4437 4436
f 4421 4437 4438
f 4421 4438 4437
f 4421 4438 4439
f 4421 4439 4438
f 4421 4439 4440
f 4421 4440 4439
f 4421 4440 4441
f 4421 4441 4440
f 4421 4441 4442
f 4421 4442 4441
f 4421 4442 4443
f 4421 4443 4442
f 4421 4443 4444
f 4421 4444 4443
f 4421 4444 4445
f 4421 4445 4444
f 4421 4445 4446
f 4421 4446 4445
f 4421 4446 4447
f 4421 4447 4446
f 4421 4447 4448
f 4421 4448 4447
f 4421 4448 4449
f 4421 4449 4448
f 4421 4449 4450
f 4421 4450 4449
f 4421 4450 4451
f 4421 4451 4450
f 4421 4451 4452
f 4421 4452 4451
f 4421 4452 4453
f 4421 4453 4452
f 4421 4453 4454
f 4421 4454 4453
f 4421 4454 4455
f 4421 4455 4454
f 4421 4455 4456
f 4421 4456 4455
f 4421 4456 4457
f 4421 4457 4456
f 4421 4457 4458
f 4421 4458 4457
f 4421 4458 4459
f 4421 4459 4458
f 4421 4459 4460
f 4421 4460 4459
f 4421 4460 4461
f 4421 4461 4460
f 4421 4461 4462
f 4421 4462 4461
f 4421 4462 4463
f 4421 4463 4462
f 4421 4463 4464
f 4421 4464 4463
f 4421 4464 4465
f 4421 4465 4464
f 4421 4465 4466
f 4421 4466 4465
v 0.132069 0.484930 0.040448
v 0.128070 0.484709 0.038043
v 0.123455 0.484081 0.036497
v 0.118178 0.483017 0.035873
v 0.112304 0.481558 0.036079
v 0.105974 0.479799 0.036920
v 0.099383 0.477867 0.038124
v 0.092760 0.475915 0.039373
v 0.086343 0.474098 0.040334
v 0.080360 0.472567 0.040693
v 0.075000 0.471448 0.040184
v 0.070402 0.470832 0.038613
v 0.066640 0.470767 0.035880
v 0.063712 0.471253 0.031984
v 0.061547 0.472242 0.027026
v 0.060005 0.473643 0.021201
v 0.058896 0.475329 0.014773
v 0.057994 0.477152 0.008057
v 0.057060 0.478953 0.001386
v 0.055864 0.480583 -0.004922
v 0.054213 0.481911 -0.010595
v 0.051965 0.482845 -0.015437
v 0.049055 0.483343 -0.019358
v 0.045528 0.483434 -0.022420
v 0.049527 0.483654 -0.020015
v 0.054143 0.484282 -0.018469
v 0.059420 0.485347 -0.017844
v 0.065294 0.486805 -0.018050
v 0.071624 0.488565 -0.018891
v 0.078215 0.490496 -0.020096
v 0.084838 0.492449 -0.021345
v 0.091254 0.494265 -0.022306
v 0.097238 0.495796 -0.022665
v 0.102598 0.496915 -0.022155
v 0.107195 0.497531 -0.020584
v 0.110958 0.497596 -0.017851
v 0.113886 0.497110 -0.013955
v 0.116051 0.496121 -0.008998
v 0.117593 0.494721 -0.003172
v 0.118701 0.493034 0.003256
v 0.119604 0.491212 0.009972
v 0.120538 0.489410 0.016643
v 0.121733 0.487781 0.022951
v 0.123385 0.486453 0.028624
v 0.125633 0.485518 0.033465
v 0.128542 0.485021 0.037386
f 4467 4468 4469
f 4467 4469 4468
f 4467 4469 4470
f 4467 4470 4469
f 4467 4470 4471
f 4467 4471 4470
f 4467 4471 4472
f 4467 4472 4471
f 4467 4472 4473
f 4467 4473 4472
f 4467 4473 4474
f 4467 4474 4473
f 4467 4474 4475
f 4467 4475 4474
f 4467 4475 4476
f 4467 4476 4475
f 4467 4476 4477
f 4467 4477 4476
f 4467 4477 4478
f 4467 4478 4477
f 4467 4478 4479
f 4467 4479 4478
f 4467 4479 4480
f 4467 4480 4479
f 4467 4480 4481
f 4467 4481 4480
f 4467 4481 4482
f 4467 4482 4481
f 4467 4482 4483
f 4467 4483 4482
f 4467 4483 4484
f 4467 4484 4483
f 4467 4484 4485
f 4467 4485 4484
f 4467 4485 4486
f 4467 4486 4485
f 4467 4486 4487
f 4467 4487 4486
f 4467 4487 4488
f 4467 4488 4487
f 4467 4488 4489
f 4467 4489 4488
f 4467 4489 4490
f 4467 4490 4489
f 4467 4490 4491
f 4467 4491 4490
f 4467 4491 4492
f 4467 4492 4491
f 4467 4492 4493
f 4467 4493 4492
f 4467 4493 4494
f 4467 4494 4493
f 4467 4494 4495
f 4467 4495 4494
f 4467 4495 4496
f 4467 4496 4495
f 4467 4496 4497
f 4467 4497 4496
f 4467 4497 4498
f 4467 4498 4497
f 4467 4498 4499
f 4467 4499 4498
f 4467 4499 4500
f 4467 4500 4499
f 4467 4500 4501
f 4467 4501 4500
f 4467 4501 4502
f 4467 4502 4501
f 4467 4502 4503
f 4467 4503 4502
f 4467 4503 4504
f 4467 4504 4503
f 4467 4504 4505
f 4467 4505 4504
f 4467 4505 4506
f 4467 4506 4505
f 4467 4506 4507
f 4467 4507 4506
f 4467 4507 4508
f 4467 4508 4507
f 4467 4508 4509
f 4467 4509 4508
f 4467 4509 4510
f 4467 4510 4509
f 4467 4510 4511
f 4467 4511 4510
f 4467 4511 4512
f 4467 4512 4511
v 0.132069 0.484930 0.040448
v 0.132151 0.480763 0.043187
v 0.132735 0.476536 0.045833
v 0.134299 0.472190 0.048299
v 0.137165 0.467687 0.050524
v 0.141408 0.463017 0.052496
v 0.146825 0.458205 0.054250
v 0.152955 0.453306 0.055874
v 0.159147 0.448400 0.057486
v 0.164664 0.443576 0.059222
v 0.168806 0.438918 0.061212
v 0.171028 0.434492 0.063557
v 0.171033 0.430335 0.066310
v 0.168819 0.426447 0.069472
v 0.164686 0.422791 0.072988
v 0.159178 0.419301 0.076758
v 0.152995 0.415893 0.080652
v 0.146874 0.412478 0.084534
v 0.141466 0.408976 0.088286
v 0.137232 0.405332 0.091820
v 0.134375 0.401522 0.095101
v 0.132819 0.397553 0.098142
v 0.132245 0.393467 0.101002
v 0.132171 0.389319 0.103769
v 0.132089 0.393485 0.101030
v 0.131506 0.397712 0.098384
v 0.129941 0.402058 0.095919
v 0.127075 0.406562 0.093693
v 0.122832 0.411232 0.091722
v 0.117415 0.416044 0.089967
v 0.111285 0.420943 0.088343
v 0.105094 0.425849 0.086731
v 0.099577 0.430673 0.084995
v 0.095435 0.435331 0.083005
v 0.093212 0.439756 0.080661
v 0.093208 0.443913 0.077908
v 0.095421 0.447802 0.074746
v 0.099555 0.451458 0.071229
v 0.105063 0.454948 0.067460
v 0.111245 0.458356 0.063566
v 0.117366 0.461771 0.059683
v 0.122775 0.465273 0.055932
v 0.127008 0.468917 0.052397
v 0.129866 0.472727 0.049116
v 0.131421 0.476695 0.046076
v 0.131996 0.480782 0.043216
f 4513 4514 4515
f 4513 4515 4514
f 4513 4515 4516
f 4513 4516 4515
f 4513 4516 4517
f 4513 4517 4516
f 4513 4517 4518
f 4513 4518 4517
f 4513 4518 4519
f 4513 4519 4518
f 4513 4519 4520
f 4513 4520 4519
f 4513 4520 4521
f 4513 4521 4520
f 4513 4521 4522
f 4513 4522 4521
f 4513 4522 4523
f 4513 4523 4522
f 4513 4523 4524
f 4513 4524 4523
f 4513 4524 4525
f 4513 4525 4524
f 4513 4525 4526
f 4513 4526 4525
f 4513 4526 4527
f 4513 4527 4526
f 4513 4527 4528
f 4513 4528 4527
f 4513 4528 4529
f 4513 4529 4528
f 4513 4529 4530
f 4513 4530 4529
f 4513 4530 4531
f 4513 4531 4530
f 4513 4531 4532
f 4513 4532 4531
f 4513 4532 4533
f 4513 4533 4532
f 4513 4533 4534
f 4513 4534 4533
f 4513 4534 4535
f 4513 4535 4534
f 4513 4535 4536
f 4513 4536 4535
f 4513 4536 4537
f 4513 4537 4536
f 4513 4537 4538
f 4513 4538 4537
f 4513 4538 4539
f 4513 4539 4538
f 4513 4539 4540
f 4513 4540 4539
f 4513 4540 4541
f 4513 4541 4540
f 4513 4541 4542
f 4513 4542 4541
f 4513 4542 4543
f 4513 4543 4542
f 4513 4543 4544
f 4513 4544 4543
f 4513 4544 4545
f 4513 4545 4544
f 4513 4545 4546
f 4513 4546 4545
f 4513 4546 4547
f 4513 4547 4546
f 4513 4547 4548
f 4513 4548 4547
f 4513 4548 4549
f 4513 4549 4548
f 4513 4549 4550
f 4513 4550 4549
f 4513 4550 4551
f 4513 4551 4550
f 4513 4551 4552
f 4513 4552 4551
f 4513 4552 4553
f 4513 4553 4552
f 4513 4553 4554
f 4513 4554 4553
f 4513 4554 4555
f 4513 4555 4554
f 4513 4555 4556
f 4513 4556 4555
f 4513 4556 4557
f 4513 4557 4556
f 4513 4557 4558
f 4513 4558 4557
v 0.140562 0.484930 0.036344
v 0.138283 0.490265 0.035767
v 0.133630 0.493562 0.036979
v 0.128381 0.493562 0.039516
v 0.124541 0.490265 0.042409
v 0.123576 0.484930 0.044553
v 0.125855 0.479595 0.045129
v 0.130508 0.476298 0.043918
v 0.135757 0.476298 0.041381
v 0.139598 0.479595 0.038488
v 0.159904 0.499288 0.083304
v 0.158354 0.502916 0.082912
v 0.155190 0.505158 0.083736
v 0.151621 0.505158 0.085461
v 0.149009 0.502916 0.087428
v 0.148354 0.499288 0.088886
v 0.149904 0.495660 0.089278
v 0.153068 0.493418 0.088454
v 0.156637 0.493418 0.086729
v 0.159248 0.495660 0.084762
f 4559 4560 4570
f 4559 4570 4569
f 4560 4561 4571
f 4560 4571 4570
f 4561 4562 4572
f 4561 4572 4571
f 4562 4563 4573
f 4562 4573 4572
f 4563 4564 4574
f 4563 4574 4573
f 4564 4565 4575
f 4564 4575 4574
f 4565 4566 4576
f 4565 4576 4575
f 4566 4567 4577
f 4566 4577 4576
f 4567 4568 4578
f 4567 4578 4577
f 4568 4559 4569
f 4568 4569 4578
v 0.154129 0.499288 0.086095
v 0.158352 0.499498 0.082643
v 0.162417 0.501043 0.078848
v 0.166320 0.503952 0.074701
v 0.170081 0.508054 0.070248
v 0.173738 0.513038 0.065568
v 0.177339 0.518502 0.060764
v 0.180937 0.523984 0.055956
v 0.184589 0.529012 0.051265
v 0.188347 0.533145 0.046804
v 0.192255 0.536010 0.042669
v 0.196345 0.537341 0.038928
v 0.200633 0.536998 0.035619
v 0.205120 0.534980 0.032740
v 0.209789 0.531429 0.030256
v 0.214608 0.526610 0.028097
v 0.219533 0.520896 0.026170
v 0.224512 0.514727 0.024359
v 0.229489 0.508577 0.022543
v 0.234409 0.502906 0.020604
v 0.239224 0.498118 0.018438
v 0.243898 0.494522 0.015965
v 0.248410 0.492290 0.013142
v 0.252764 0.491394 0.009974
v 0.248541 0.491185 0.013426
v 0.244477 0.489639 0.017222
v 0.240574 0.486730 0.021368
v 0.236812 0.482629 0.025821
v 0.233155 0.477644 0.030501
v 0.229555 0.472180 0.035305
v 0.225957 0.466698 0.040113
v 0.222305 0.461670 0.044805
v 0.218547 0.457538 0.049266
v 0.214638 0.454673 0.053401
v 0.210548 0.453341 0.057141
v 0.206260 0.453685 0.060451
v 0.201773 0.455702 0.063330
v 0.197104 0.459254 0.065814
v 0.192285 0.464072 0.067972
v 0.187360 0.469787 0.069900
v 0.182381 0.475956 0.071711
v 0.177404 0.482106 0.073526
v 0.172484 0.487777 0.075465
v 0.167669 0.492565 0.077631
v 0.162995 0.496160 0.080104
v 0.158483 0.498392 0.082928
f 4579 4580 4581
f 4579 4581 4580
f 4579 4581 4582
f 4579 4582 4581
f 4579 4582 4583
f 4579 4583 4582
f 4579 4583 4584
f 4579 4584 4583
f 4579 4584 4585
f 4579 4585 4584
f 4579 4585 4586
f 4579 4586 4585
f 4579 4586 4587
f 4579 4587 4586
f 4579 4587 4588
f 4579 4588 4587
f 4579 4588 4589
f 4579 4589 4588
f 4579 4589 4590
f 4579 4590 4589
f 4579 4590 4591
f 4579 4591 4590
f 4579 4591 4592
f 4579 4592 4591
f 4579 4592 4593
f 4579 4593 4592
f 4579 4593 4594
f 4579 4594 4593
f 4579 4594 4595
f 4579 4595 4594
f 4579 4595 4596
f 4579 4596 4595
f 4579 4596 4597
f 4579 4597 4596
f 4579 4597 4598
f 4579 4598 4597
f 4579 4598 4599
f 4579 4599 4598
f 4579 4599 4600
f 4579 4600 4599
f 4579 4600 4601
f 4579 4601 4600
f 4579 4601 4602
f 4579 4602 4601
f 4579 4602 4603
f 4579 4603 4602
f 4579 4603 4604
f 4579 4604 4603
f 4579 4604 4605
f 4579 4605 4604
f 4579 4605 4606
f 4579 4606 4605
f 4579 4606 4607
f 4579 4607 4606
f 4579 4607 4608
f 4579 4608 4607
f 4579 4608 4609
f 4579 4609 4608
f 4579 4609 4610
f 4579 4610 4609
f 4579 4610 4611
f 4579 4611 4610
f 4579 4611 4612
f 4579 4612 4611
f 4579 4612 4613
f 4579 4613 4612
f 4579 4613 4614
f 4579 4614 4613
f 4579 4614 4615
f 4579 4615 4614
f 4579 4615 4616
f 4579 4616 4615
f 4579 4616 4617
f 4579 4617 4616
f 4579 4617 4618
f 4579 4618 4617
f 4579 4618 4619
f 4579 4619 4618
f 4579 4619 4620
f 4579 4620 4619
f 4579 4620 4621
f 4579 4621 4620
f 4579 4621 4622
f 4579 4622 4621
f 4579 4622 4623
f 4579 4623 4622
f 4579 4623 4624
f 4579 4624 4623
v 0.154129 0.499288 0.086095
v 0.149327 0.498938 0.086239
v 0.144351 0.497226 0.086894
v 0.139241 0.494451 0.087950
v 0.134031 0.490896 0.089299
v 0.128760 0.486867 0.090826
v 0.123471 0.482687 0.092410
v 0.118203 0.478680 0.093929
v 0.112997 0.475153 0.095267
v 0.107886 0.472378 0.096323
v 0.102899 0.470573 0.097013
v 0.098055 0.469895 0.097280
v 0.093365 0.470422 0.097094
v 0.088828 0.472154 0.096455
v 0.084434 0.475012 0.095392
v 0.080164 0.478842 0.093964
v 0.075989 0.483422 0.092253
v 0.071875 0.488483 0.090362
v 0.067784 0.493717 0.088406
v 0.063673 0.498800 0.086507
v 0.059502 0.503409 0.084785
v 0.055232 0.507238 0.083357
v 0.050827 0.510003 0.082329
v 0.046248 0.511407 0.081813
v 0.051050 0.511758 0.081670
v 0.056025 0.513469 0.081014
v 0.061136 0.516244 0.079958
v 0.066346 0.519800 0.078609
v 0.071616 0.523829 0.077082
v 0.076906 0.528009 0.075498
v 0.082173 0.532016 0.073980
v 0.087380 0.535542 0.072641
v 0.092490 0.538318 0.071586
v 0.097478 0.540122 0.070895
v 0.102321 0.540801 0.070628
v 0.107012 0.540274 0.070814
v 0.111549 0.538541 0.071454
v 0.115943 0.535683 0.072516
v 0.120213 0.531854 0.073944
v 0.124388 0.527273 0.075655
v 0.128501 0.522212 0.077546
v 0.132593 0.516979 0.079502
v 0.136703 0.511896 0.081402
v 0.140874 0.507287 0.083123
v 0.145144 0.503458 0.084551
v 0.149550 0.500692 0.085579
f 4625 4626 4627
f 4625 4627 4626
f 4625 4627 4628
f 4625 4628 4627
f 4625 4628 4629
f 4625 4629 4628
f 4625 4629 4630
f 4625 4630 4629
f 4625 4630 4631
f 4625 4631 4630
f 4625 4631 4632
f 4625 4632 4631
f 4625 4632 4633
f 4625 4633 4632
f 4625 4633 4634
f 4625 4634 4633
f 4625 4634 4635
f 4625 4635 4634
f 4625 4635 4636
f 4625 4636 4635
f 4625 4636 4637
f 4625 4637 4636
f 4625 4637 4638
f 4625 4638 4637
f 4625 4638 4639
f 4625 4639 4638
f 4625 4639 4640
f 4625 4640 4639
f 4625 4640 4641
f 4625 4641 4640
f 4625 4641 4642
f 4625 4642 4641
f 4625 4642 4643
f 4625 4643 4642
f 4625 4643 4644
f 4625 4644 4643
f 4625 4644 4645
f 4625 4645 4644
f 4625 4645 4646
f 4625 4646 4645
f 4625 4646 4647
f 4625 4647 4646
f 4625 4647 4648
f 4625 4648 4647
f 4625 4648 4649
f 4625 4649 4648
f 4625 4649 4650
f 4625 4650 4649
f 4625 4650 4651
f 4625 4651 4650
f 4625 4651 4652
f 4625 4652 4651
f 4625 4652 4653
f 4625 4653 4652
f 4625 4653 4654
f 4625 4654 4653
f 4625 4654 4655
f 4625 4655 4654
f 4625 4655 4656
f 4625 4656 4655
f 4625 4656 4657
f 4625 4657 4656
f 4625 4657 4658
f 4625 4658 4657
f 4625 4658 4659
f 4625 4659 4658
f 4625 4659 4660
f 4625 4660 4659
f 4625 4660 4661
f 4625 4661 4660
f 4625 4661 4662
f 4625 4662 4661
f 4625 4662 4663
f 4625 4663 4662
f 4625 4663 4664
f 4625 4664 4663
f 4625 4664 4665
f 4625 4665 4664
f 4625 4665 4666
f 4625 4666 4665
f 4625 4666 4667
f 4625 4667 4666
f 4625 4667 4668
f 4625 4668 4667
f 4625 4668 4669
f 4625 4669 4668
f 4625 4669 4670
f 4625 4670 4669
v 0.131330 0.484930 0.031044
v 0.126711 0.487748 0.033214
v 0.124139 0.489490 0.038148
v 0.124596 0.489490 0.043960
v 0.127907 0.487748 0.048430
v 0.132808 0.484930 0.049852
v 0.137427 0.482111 0.047682
v 0.139999 0.480369 0.042749
v 0.139543 0.480369 0.036937
v 0.136231 0.482111 0.032466
v 0.158542 0.530767 0.031933
v 0.155401 0.532684 0.033409
v 0.153652 0.533868 0.036764
v 0.153962 0.533868 0.040716
v 0.156214 0.532684 0.043756
v 0.159547 0.530767 0.044723
v 0.162688 0.528850 0.043247
v 0.164437 0.527666 0.039892
v 0.164126 0.527666 0.035940
v 0.161874 0.528850 0.032900
f 4671 4672 4682
f 4671 4682 4681
f 4672 4673 4683
f 4672 4683 4682
f 4673 4674 4684
f 4673 4684 4683
f 4674 4675 4685
f 4674 4685 4684
f 4675 4676 4686
f 4675 4686 4685
f 4676 4677 4687
f 4676 4687 4686
f 4677 4678 4688
f 4677 4688 4687
f 4678 4679 4689
f 4678 4689 4688
f 4679 4680 4690
f 4679 4690 4689
f 4680 4671 4681
f 4680 4681 4690
v 0.159044 0.530767 0.038328
v 0.156533 0.530387 0.033374
v 0.152720 0.530790 0.028774
v 0.147726 0.531902 0.024496
v 0.141776 0.533589 0.020478
v 0.135170 0.535670 0.016638
v 0.128263 0.537932 0.012881
v 0.121433 0.540148 0.009102
v 0.115055 0.542093 0.005200
v 0.109468 0.543561 0.001083
v 0.104956 0.544384 -0.003326
v 0.101717 0.544441 -0.008082
v 0.099857 0.543670 -0.013213
v 0.099375 0.542070 -0.018720
v 0.100167 0.539705 -0.024573
v 0.102032 0.536694 -0.030719
v 0.104690 0.533207 -0.037080
v 0.107799 0.529448 -0.043564
v 0.110985 0.525644 -0.050069
v 0.113870 0.522020 -0.056492
v 0.116100 0.518790 -0.062737
v 0.117373 0.516136 -0.068721
v 0.117465 0.514191 -0.074384
v 0.116256 0.513028 -0.079692
v 0.118768 0.513408 -0.074738
v 0.122581 0.513005 -0.070138
v 0.127574 0.511893 -0.065860
v 0.133524 0.510206 -0.061842
v 0.140130 0.508125 -0.058002
v 0.147037 0.505863 -0.054245
v 0.153867 0.503647 -0.050466
v 0.160245 0.501702 -0.046565
v 0.165832 0.500234 -0.042448
v 0.170344 0.499411 -0.038038
v 0.173583 0.499354 -0.033282
v 0.175443 0.500125 -0.028151
v 0.175926 0.501725 -0.022644
v 0.175134 0.504090 -0.016791
v 0.173268 0.507101 -0.010645
v 0.170610 0.510588 -0.004284
v 0.167501 0.514347 0.002200
v 0.164315 0.518151 0.008705
v 0.161430 0.521775 0.015128
v 0.159200 0.525005 0.021372
v 0.157928 0.527659 0.027357
v 0.157835 0.529604 0.033019
f 4691 4692 4693
f 4691 4693 4692
f 4691 4693 4694
f 4691 4694 4693
f 4691 4694 4695
f 4691 4695 4694
f 4691 4695 4696
f 4691 4696 4695
f 4691 4696 4697
f 4691 4697 4696
f 4691 4697 4698
f 4691 4698 4697
f 4691 4698 4699
f 4691 4699 4698
f 4691 4699 4700
f 4691 4700 4699
f 4691 4700 4701
f 4691 4701 4700
f 4691 4701 4702
f 4691 4702 4701
f 4691 4702 4703
f 4691 4703 4702
f 4691 4703 4704
f 4691 4704 4703
f 4691 4704 4705
f 4691 4705 4704
f 4691 4705 4706
f 4691 4706 4705
f 4691 4706 4707
f 4691 4707 4706
f 4691 4707 4708
f 4691 4708 4707
f 4691 4708 4709
f 4691 4709 4708
f 4691 4709 4710
f 4691 4710 4709
f 4691 4710 4711
f 4691 4711 4710
f 4691 4711 4712
f 4691 4712 4711
f 4691 4712 4713
f 4691 4713 4712
f 4691 4713 4714
f 4691 4714 4713
f 4691 4714 4715
f 4691 4715 4714
f 4691 4715 4716
f 4691 4716 4715
f 4691 4716 4717
f 4691 4717 4716
f 4691 4717 4718
f 4691 4718 4717
f 4691 4718 4719
f 4691 4719 4718
f 4691 4719 4720
f 4691 4720 4719
f 4691 4720 4721
f 4691 4721 4720
f 4691 4721 4722
f 4691 4722 4721
f 4691 4722 4723
f 4691 4723 4722
f 4691 4723 4724
f 4691 4724 4723
f 4691 4724 4725
f 4691 4725 4724
f 4691 4725 4726
f 4691 4726 4725
f 4691 4726 4727
f 4691 4727 4726
f 4691 4727 4728
f 4691 4728 4727
f 4691 4728 4729
f 4691 4729 4728
f 4691 4729 4730
f 4691 4730 4729
f 4691 4730 4731
f 4691 4731 4730
f 4691 4731 4732
f 4691 4732 4731
f 4691 4732 4733
f 4691 4733 4732
f 4691 4733 4734
f 4691 4734 4733
f 4691 4734 4735
f 4691 4735 4734
f 4691 4735 4736
f 4691 4736 4735
v 0.159044 0.530767 0.038328
v 0.155775 0.530936 0.040539
v 0.152947 0.530895 0.043853
v 0.150461 0.530693 0.048018
v 0.148223 0.530374 0.052803
v 0.146134 0.529984 0.057960
v 0.144090 0.529573 0.063230
v 0.141988 0.529189 0.068355
v 0.139730 0.528879 0.073090
v 0.137230 0.528684 0.077220
v 0.134417 0.528636 0.080571
v 0.131243 0.528760 0.083021
v 0.127683 0.529066 0.084506
v 0.123736 0.529555 0.085026
v 0.119427 0.530215 0.084645
v 0.114807 0.531023 0.083485
v 0.109943 0.531945 0.081720
v 0.104924 0.532942 0.079565
v 0.099847 0.533966 0.077265
v 0.094815 0.534968 0.075078
v 0.089932 0.535900 0.073264
v 0.085297 0.536714 0.072068
v 0.081004 0.537367 0.071724
v 0.077152 0.537811 0.072484
v 0.080422 0.537643 0.070273
v 0.083249 0.537683 0.066959
v 0.085736 0.537885 0.062793
v 0.087974 0.538204 0.058008
v 0.090063 0.538594 0.052852
v 0.092106 0.539006 0.047582
v 0.094208 0.539389 0.042457
v 0.096466 0.539699 0.037722
v 0.098967 0.539895 0.033592
v 0.101779 0.539942 0.030240
v 0.104953 0.539819 0.027791
v 0.108514 0.539513 0.026306
v 0.112461 0.539023 0.025785
v 0.116769 0.538363 0.026166
v 0.121390 0.537556 0.027327
v 0.126253 0.536633 0.029092
v 0.131272 0.535637 0.031246
v 0.136350 0.534613 0.033546
v 0.141382 0.533610 0.035733
v 0.146265 0.532678 0.037548
v 0.150899 0.531864 0.038743
v 0.155193 0.531211 0.039087
f 4737 4738 4739
f 4737 4739 4738
f 4737 4739 4740
f 4737 4740 4739
f 4737 4740 4741
f 4737 4741 4740
f 4737 4741 4742
f 4737 4742 4741
f 4737 4742 4743
f 4737 4743 4742
f 4737 4743 4744
f 4737 4744 4743
f 4737 4744 4745
f 4737 4745 4744
f 4737 4745 4746
f 4737 4746 4745
f 4737 4746 4747
f 4737 4747 4746
f 4737 4747 4748
f 4737 4748 4747
f 4737 4748 4749
f 4737 4749 4748
f 4737 4749 4750
f 4737 4750 4749
f 4737 4750 4751
f 4737 4751 4750
f 4737 4751 4752
f 4737 4752 4751
f 4737 4752 4753
f 4737 4753 4752
f 4737 4753 4754
f 4737 4754 4753
f 4737 4754 4755
f 4737 4755 4754
f 4737 4755 4756
f 4737 4756 4755
f 4737 4756 4757
f 4737 4757 4756
f 4737 4757 4758
f 4737 4758 4757
f 4737 4758 4759
f 4737 4759 4758
f 4737 4759 4760
f 4737 4760 4759
f 4737 4760 4761
f 4737 4761 4760
f 4737 4761 4762
f 4737 4762 4761
f 4737 4762 4763
f 4737 4763 4762
f 4737 4763 4764
f 4737 4764 4763
f 4737 4764 4765
f 4737 4765 4764
f 4737 4765 4766
f 4737 4766 4765
f 4737 4766 4767
f 4737 4767 4766
f 4737 4767 4768
f 4737 4768 4767
f 4737 4768 4769
f 4737 4769 4768
f 4737 4769 4770
f 4737 4770 4769
f 4737 4770 4771
f 4737 4771 4770
f 4737 4771 4772
f 4737 4772 4771
f 4737 4772 4773
f 4737 4773 4772
f 4737 4773 4774
f 4737 4774 4773
f 4737 4774 4775
f 4737 4775 4774
f 4737 4775 4776
f 4737 4776 4775
f 4737 4776 4777
f 4737 4777 4776
f 4737 4777 4778
f 4737 4778 4777
f 4737 4778 4779
f 4737 4779 4778
f 4737 4779 4780
f 4737 4780 4779
f 4737 4780 4781
f 4737 4781 4780
f 4737 4781 4782
f 4737 4782 4781
v 0.159044 0.530767 0.038328
v 0.162332 0.527474 0.040443
v 0.165866 0.524007 0.041948
v 0.169813 0.520250 0.042427
v 0.174259 0.516142 0.041671
v 0.179193 0.511691 0.039704
v 0.184513 0.506969 0.036783
v 0.190036 0.502104 0.033356
v 0.195530 0.497259 0.030001
v 0.200745 0.492610 0.027339
v 0.205451 0.488319 0.025938
v 0.209472 0.484511 0.026237
v 0.212712 0.481250 0.028469
v 0.215172 0.478539 0.032635
v 0.216947 0.476309 0.038499
v 0.218213 0.474438 0.045626
v 0.219199 0.472762 0.053445
v 0.220157 0.471108 0.061336
v 0.221318 0.469309 0.068721
v 0.222865 0.467240 0.075152
v 0.224899 0.464828 0.080372
v 0.227432 0.462065 0.084358
v 0.230380 0.459011 0.087316
v 0.233573 0.455784 0.089666
v 0.230285 0.459078 0.087551
v 0.226751 0.462544 0.086046
v 0.222804 0.466301 0.085567
v 0.218358 0.470409 0.086323
v 0.213424 0.474860 0.088290
v 0.208104 0.479582 0.091211
v 0.202581 0.484448 0.094638
v 0.197087 0.489293 0.097993
v 0.191871 0.493941 0.100655
v 0.187166 0.498232 0.102055
v 0.183145 0.502041 0.101757
v 0.179905 0.505301 0.099525
v 0.177445 0.508012 0.095359
v 0.175670 0.510242 0.089495
v 0.174404 0.512114 0.082368
v 0.173418 0.513789 0.074549
v 0.172460 0.515444 0.066658
v 0.171299 0.517242 0.059272
v 0.169752 0.519311 0.052842
v 0.167718 0.521723 0.047622
v 0.165184 0.524486 0.043636
v 0.162237 0.527540 0.040678
f 4783 4784 4785
f 4783 4785 4784
f 4783 4785 4786
f 4783 4786 4785
f 4783 4786 4787
f 4783 4787 4786
f 4783 4787 4788
f 4783 4788 4787
f 4783 4788 4789
f 4783 4789 4788
f 4783 4789 4790
f 4783 4790 4789
f 4783 4790 4791
f 4783 4791 4790
f 4783 4791 4792
f 4783 4792 4791
f 4783 4792 4793
f 4783 4793 4792
f 4783 4793 4794
f 4783 4794 4793
f 4783 4794 4795
f 4783 4795 4794
f 4783 4795 4796
f 4783 4796 4795
f 4783 4796 4797
f 4783 4797 4796
f 4783 4797 4798
f 4783 4798 4797
f 4783 4798 4799
f 4783 4799 4798
f 4783 4799 4800
f 4783 4800 4799
f 4783 4800 4801
f 4783 4801 4800
f 4783 4801 4802
f 4783 4802 4801
f 4783 4802 4803
f 4783 4803 4802
f 4783 4803 4804
f 4783 4804 4803
f 4783 4804 4805
f 4783 4805 4804
f 4783 4805 4806
f 4783 4806 4805
f 4783 4806 4807
f 4783 4807 4806
f 4783 4807 4808
f 4783 4808 4807
f 4783 4808 4809
f 4783 4809 4808
f 4783 4809 4810
f 4783 4810 4809
f 4783 4810 4811
f 4783 4811 4810
f 4783 4811 4812
f 4783 4812 4811
f 4783 4812 4813
f 4783 4813 4812
f 4783 4813 4814
f 4783 4814 4813
f 4783 4814 4815
f 4783 4815 4814
f 4783 4815 4816
f 4783 4816 4815
f 4783 4816 4817
f 4783 4817 4816
f 4783 4817 4818
f 4783 4818 4817
f 4783 4818 4819
f 4783 4819 4818
f 4783 4819 4820
f 4783 4820 4819
f 4783 4820 4821
f 4783 4821 4820
f 4783 4821 4822
f 4783 4822 4821
f 4783 4822 4823
f 4783 4823 4822
f 4783 4823 4824
f 4783 4824 4823
f 4783 4824 4825
f 4783 4825 4824
f 4783 4825 4826
f 4783 4826 4825
f 4783 4826 4827
f 4783 4827 4826
f 4783 4827 4828
f 4783 4828 4827
v 0.138357 0.484930 0.047479
v 0.140254 0.488600 0.043366
v 0.139025 0.490868 0.038138
v 0.135139 0.490868 0.033793
v 0.130080 0.488600 0.031989
v 0.125781 0.484930 0.033417
v 0.123884 0.481260 0.037531
v 0.125113 0.478992 0.042758
v 0.129000 0.478992 0.047104
v 0.134059 0.481260 0.048907
v 0.112234 0.521563 0.066793
v 0.113524 0.524059 0.063996
v 0.112687 0.525601 0.060441
v 0.110045 0.525601 0.057486
v 0.106605 0.524059 0.056260
v 0.103681 0.521563 0.057231
v 0.102392 0.519068 0.060028
v 0.103228 0.517525 0.063583
v 0.105870 0.517525 0.066538
v 0.109310 0.519068 0.067764
f 4829 4830 4840
f 4829 4840 4839
f 4830 4831 4841
f 4830 4841 4840
f 4831 4832 4842
f 4831 4842 4841
f 4832 4833 4843
f 4832 4843 4842
f 4833 4834 4844
f 4833 4844 4843
f 4834 4835 4845
f 4834 4845 4844
f 4835 4836 4846
f 4835 4846 4845
f 4836 4837 4847
f 4836 4847 4846
f 4837 4838 4848
f 4837 4848 4847
f 4838 4829 4839
f 4838 4839 4848
v 0.107958 0.521563 0.062012
v 0.110904 0.520699 0.063770
v 0.114177 0.520228 0.065223
v 0.117921 0.520327 0.066237
v 0.122178 0.521045 0.066772
v 0.126900 0.522325 0.066873
v 0.131957 0.524008 0.066662
v 0.137158 0.525866 0.066316
v 0.142279 0.527627 0.066045
v 0.147089 0.529012 0.066065
v 0.151381 0.529773 0.066567
v 0.155002 0.529723 0.067695
v 0.157869 0.528763 0.069527
v 0.159983 0.526893 0.072061
v 0.161425 0.524213 0.075222
v 0.162351 0.520909 0.078865
v 0.162965 0.517228 0.082799
v 0.163498 0.513450 0.086808
v 0.164176 0.509847 0.090682
v 0.165189 0.506648 0.094243
v 0.166666 0.504010 0.097372
v 0.168657 0.501992 0.100021
v 0.171119 0.500543 0.102230
v 0.173907 0.499487 0.104136
v 0.170961 0.500352 0.102378
v 0.167688 0.500822 0.100925
v 0.163944 0.500724 0.099911
v 0.159686 0.500005 0.099376
v 0.154964 0.498726 0.099275
v 0.149908 0.497042 0.099486
v 0.144706 0.495184 0.099832
v 0.139585 0.493423 0.100103
v 0.134776 0.492038 0.100083
v 0.130484 0.491278 0.099581
v 0.126862 0.491328 0.098453
v 0.123995 0.492287 0.096621
v 0.121881 0.494157 0.094087
v 0.120439 0.496837 0.090926
v 0.119514 0.500142 0.087283
v 0.118900 0.503822 0.083349
v 0.118367 0.507600 0.079340
v 0.117689 0.511204 0.075466
v 0.116676 0.514402 0.071905
v 0.115199 0.517041 0.068776
v 0.113208 0.519059 0.066127
v 0.110746 0.520508 0.063918
f 4849 4850 4851
f 4849 4851 4850
f 4849 4851 4852
f 4849 4852 4851
f 4849 4852 4853
f 4849 4853 4852
f 4849 4853 4854
f 4849 4854 4853
f 4849 4854 4855
f 4849 4855 4854
f 4849 4855 4856
f 4849 4856 4855
f 4849 4856 4857
f 4849 4857 4856
f 4849 4857 4858
f 4849 4858 4857
f 4849 4858 4859
f 4849 4859 4858
f 4849 4859 4860
f 4849 4860 4859
f 4849 4860 4861
f 4849 4861 4860
f 4849 4861 4862
f 4849 4862 4861
f 4849 4862 4863
f 4849 4863 4862
f 4849 4863 4864
f 4849 4864 4863
f 4849 4864 4865
f 4849 4865 4864
f 4849 4865 4866
f 4849 4866 4865
f 4849 4866 4867
f 4849 4867 4866
f 4849 4867 4868
f 4849 4868 4867
f 4849 4868 4869
f 4849 4869 4868
f 4849 4869 4870
f 4849 4870 4869
f 4849 4870 4871
f 4849 4871 4870
f 4849 4871 4872
f 4849 4872 4871
f 4849 4872 4873
f 4849 4873 4872
f 4849 4873 4874
f 4849 4874 4873
f 4849 4874 4875
f 4849 4875 4874
f 4849 4875 4876
f 4849 4876 4875
f 4849 4876 4877
f 4849 4877 4876
f 4849 4877 4878
f 4849 4878 4877
f 4849 4878 4879
f 4849 4879 4878
f 4849 4879 4880
f 4849 4880 4879
f 4849 4880 4881
f 4849 4881 4880
f 4849 4881 4882
f 4849 4882 4881
f 4849 4882 4883
f 4849 4883 4882
f 4849 4883 4884
f 4849 4884 4883
f 4849 4884 4885
f 4849 4885 4884
f 4849 4885 4886
f 4849 4886 4885
f 4849 4886 4887
f 4849 4887 4886
f 4849 4887 4888
f 4849 4888 4887
f 4849 4888 4889
f 4849 4889 4888
f 4849 4889 4890
f 4849 4890 4889
f 4849 4890 4891
f 4849 4891 4890
f 4849 4891 4892
f 4849 4892 4891
f 4849 4892 4893
f 4849 4893 4892
f 4849 4893 4894
f 4849 4894 4893
v 0.107958 0.521563 0.062012
v 0.107346 0.520745 0.059021
v 0.106550 0.519757 0.056111
v 0.105348 0.518398 0.053378
v 0.103567 0.516507 0.050900
v 0.101135 0.514020 0.048708
v 0.098116 0.510995 0.046773
v 0.094709 0.507615 0.045009
v 0.091221 0.504160 0.043280
v 0.088014 0.500962 0.041428
v 0.085442 0.498347 0.039297
v 0.083785 0.496570 0.036765
v 0.083197 0.495774 0.033763
v 0.083679 0.495957 0.030291
v 0.085076 0.496980 0.026418
v 0.087108 0.498584 0.022267
v 0.089421 0.500446 0.017992
v 0.091652 0.502234 0.013752
v 0.093496 0.503666 0.009683
v 0.094753 0.504560 0.005872
v 0.095359 0.504858 0.002346
v 0.095386 0.504624 -0.000925
v 0.095006 0.504018 -0.004019
v 0.094443 0.503244 -0.007031
v 0.095055 0.504063 -0.004040
v 0.095851 0.505050 -0.001130
v 0.097052 0.506409 0.001603
v 0.098833 0.508300 0.004081
v 0.101265 0.510787 0.006273
v 0.104285 0.513812 0.008208
v 0.107692 0.517193 0.009972
v 0.111180 0.520648 0.011701
v 0.114387 0.523845 0.013553
v 0.116959 0.526460 0.015684
v 0.118616 0.528237 0.018216
v 0.119203 0.529034 0.021218
v 0.118722 0.528850 0.024690
v 0.117325 0.527827 0.028563
v 0.115293 0.526223 0.032714
v 0.112980 0.524361 0.036989
v 0.110748 0.522573 0.041229
v 0.108904 0.521141 0.045298
v 0.107647 0.520247 0.049109
v 0.107041 0.519950 0.052635
v 0.107015 0.520184 0.055906
v 0.107394 0.520789 0.059000
f 4895 4896 4897
f 4895 4897 4896
f 4895 4897 4898
f 4895 4898 4897
f 4895 4898 4899
f 4895 4899 4898
f 4895 4899 4900
f 4895 4900 4899
f 4895 4900 4901
f 4895 4901 4900
f 4895 4901 4902
f 4895 4902 4901
f 4895 4902 4903
f 4895 4903 4902
f 4895 4903 4904
f 4895 4904 4903
f 4895 4904 4905
f 4895 4905 4904
f 4895 4905 4906
f 4895 4906 4905
f 4895 4906 4907
f 4895 4907 4906
f 4895 4907 4908
f 4895 4908 4907
f 4895 4908 4909
f 4895 4909 4908
f 4895 4909 4910
f 4895 4910 4909
f 4895 4910 4911
f 4895 4911 4910
f 4895 4911 4912
f 4895 4912 4911
f 4895 4912 4913
f 4895 4913 4912
f 4895 4913 4914
f 4895 4914 4913
f 4895 4914 4915
f 4895 4915 4914
f 4895 4915 4916
f 4895 4916 4915
f 4895 4916 4917
f 4895 4917 4916
f 4895 4917 4918
f 4895 4918 4917
f 4895 4918 4919
f 4895 4919 4918
f 4895 4919 4920
f 4895 4920 4919
f 4895 4920 4921
f 4895 4921 4920
f 4895 4921 4922
f 4895 4922 4921
f 4895 4922 4923
f 4895 4923 4922
f 4895 4923 4924
f 4895 4924 4923
f 4895 4924 4925
f 4895 4925 4924
f 4895 4925 4926
f 4895 4926 4925
f 4895 4926 4927
f 4895 4927 4926
f 4895 4927 4928
f 4895 4928 4927
f 4895 4928 4929
f 4895 4929 4928
f 4895 4929 4930
f 4895 4930 4929
f 4895 4930 4931
f 4895 4931 4930
f 4895 4931 4932
f 4895 4932 4931
f 4895 4932 4933
f 4895 4933 4932
f 4895 4933 4934
f 4895 4934 4933
f 4895 4934 4935
f 4895 4935 4934
f 4895 4935 4936
f 4895 4936 4935
f 4895 4936 4937
f 4895 4937 4936
f 4895 4937 4938
f 4895 4938 4937
f 4895 4938 4939
f 4895 4939 4938
f 4895 4939 4940
f 4895 4940 4939
v -0.020400 0.300000 0.000118
v -0.016446 0.306695 0.010043
v -0.006211 0.310832 0.016132
v 0.006397 0.310832 0.016060
v 0.016561 0.306695 0.009853
v 0.020400 0.300000 -0.000118
v 0.016446 0.293305 -0.010043
v 0.006211 0.289168 -0.016132
v -0.006397 0.289168 -0.016060
v -0.016561 0.293305 -0.009853
v -0.014500 0.461680 -0.108722
v -0.011811 0.466232 -0.101973
v -0.004851 0.469046 -0.097832
v 0.003722 0.469046 -0.097881
v 0.010634 0.466232 -0.102102
v 0.013244 0.461680 -0.108882
v 0.010555 0.457128 -0.115631
v 0.003595 0.454314 -0.119772
v -0.004978 0.454314 -0.119722
v -0.011890 0.457128 -0.115502
f 4941 4942 4952
f 4941 4952 4951
f 4942 4943 4953
f 4942 4953 4952
f 4943 4944 4954
f 4943 4954 4953
f 4944 4945 4955
f 4944 4955 4954
f 4945 4946 4956
f 4945 4956 4955
f 4946 4947 4957
f 4946 4957 4956
f 4947 4948 4958
f 4947 4958 4957
f 4948 4949 4959
f 4948 4959 4958
f 4949 4950 4960
f 4949 4960 4959
f 4950 4941 4951
f 4950 4951 4960
v -0.014458 0.461680 -0.107721
v -0.011507 0.468802 -0.103968
v -0.004401 0.473203 -0.102062
v 0.004147 0.473203 -0.102730
v 0.010870 0.468802 -0.105718
v 0.013202 0.461680 -0.109883
v 0.010251 0.454559 -0.113636
v 0.003145 0.450158 -0.115542
v -0.005403 0.450158 -0.114874
v -0.012126 0.454559 -0.111886
v -0.018231 0.520331 -0.212921
v -0.016225 0.525173 -0.210370
v -0.011392 0.528166 -0.209073
v -0.005580 0.528166 -0.209528
v -0.001008 0.525173 -0.211559
v 0.000577 0.520331 -0.214392
v -0.001429 0.515488 -0.216944
v -0.006261 0.512496 -0.218240
v -0.012074 0.512496 -0.217785
v -0.016646 0.515488 -0.215754
f 4961 4962 4972
f 4961 4972 4971
f 4962 4963 4973
f 4962 4973 4972
f 4963 4964 4974
f 4963 4974 4973
f 4964 4965 4975
f 4964 4975 4974
f 4965 4966 4976
f 4965 4976 4975
f 4966 4967 4977
f 4966 4977 4976
f 4967 4968 4978
f 4967 4978 4977
f 4968 4969 4979
f 4968 4979 4978
f 4969 4970 4980
f 4969 4980 4979
f 4970 4961 4971
f 4970 4971 4980
v -0.008827 0.520331 -0.213657
v -0.012215 0.519685 -0.212209
v -0.015602 0.519563 -0.210469
v -0.018988 0.520223 -0.208291
v -0.022372 0.521752 -0.205628
v -0.025755 0.524081 -0.202517
v -0.029137 0.526999 -0.199076
v -0.032519 0.530185 -0.195486
v -0.035900 0.533252 -0.191962
v -0.039283 0.535802 -0.188728
v -0.042667 0.537474 -0.185984
v -0.046053 0.537999 -0.183882
v -0.049441 0.537233 -0.182501
v -0.052831 0.535175 -0.181844
v -0.056224 0.531970 -0.181827
v -0.059617 0.527889 -0.182301
v -0.063011 0.523289 -0.183065
v -0.066406 0.518570 -0.183895
v -0.069800 0.514120 -0.184575
v -0.073193 0.510258 -0.184926
v -0.076585 0.507197 -0.184830
v -0.079976 0.505005 -0.184247
v -0.083365 0.503594 -0.183227
v -0.086753 0.502707 -0.181914
v -0.083365 0.503353 -0.183362
v -0.079978 0.503475 -0.185102
v -0.076592 0.502816 -0.187279
v -0.073208 0.501287 -0.189943
v -0.069825 0.498958 -0.193054
v -0.066443 0.496039 -0.196495
v -0.063061 0.492853 -0.200085
v -0.059680 0.489786 -0.203609
v -0.056297 0.487237 -0.206843
v -0.052913 0.485565 -0.209587
v -0.049527 0.485039 -0.211689
v -0.046139 0.485806 -0.213069
v -0.042749 0.487863 -0.213727
v -0.039356 0.491068 -0.213744
v -0.035963 0.495150 -0.213270
v -0.032569 0.499749 -0.212506
v -0.029174 0.504468 -0.211676
v -0.025780 0.508919 -0.210996
v -0.022387 0.512780 -0.210645
v -0.018995 0.515842 -0.210741
v -0.015604 0.518033 -0.211324
v -0.012215 0.519444 -0.212344
f 4981 4982 4983
f 4981 4983 4982
f 4981 4983 4984
f 4981 4984 4983
f 4981 4984 4985
f 4981 4985 4984
f 4981 4985 4986
f 4981 4986 4985
f 4981 4986 4987
f 4981 4987 4986
f 4981 4987 4988
f 4981 4988 4987
f 4981 4988 4989
f 4981 4989 4988
f 4981 4989 4990
f 4981 4990 4989
f 4981 4990 4991
f 4981 4991 4990
f 4981 4991 4992
f 4981 4992 4991
f 4981 4992 4993
f 4981 4993 4992
f 4981 4993 4994
f 4981 4994 4993
f 4981 4994 4995
f 4981 4995 4994
f 4981 4995 4996
f 4981 4996 4995
f 4981 4996 4997
f 4981 4997 4996
f 4981 4997 4998
f 4981 4998 4997
f 4981 4998 4999
f 4981 4999 4998
f 4981 4999 5000
f 4981 5000 4999
f 4981 5000 5001
f 4981 5001 5000
f 4981 5001 5002
f 4981 5002 5001
f 4981 5002 5003
f 4981 5003 5002
f 4981 5003 5004
f 4981 5004 5003
f 4981 5004 5005
f 4981 5005 5004
f 4981 5005 5006
f 4981 5006 5005
f 4981 5006 5007
f 4981 5007 5006
f 4981 5007 5008
f 4981 5008 5007
f 4981 5008 5009
f 4981 5009 5008
f 4981 5009 5010
f 4981 5010 5009
f 4981 5010 5011
f 4981 5011 5010
f 4981 5011 5012
f 4981 5012 5011
f 4981 5012 5013
f 4981 5013 5012
f 4981 5013 5014
f 4981 5014 5013
f 4981 5014 5015
f 4981 5015 5014
f 4981 5015 5016
f 4981 5016 5015
f 4981 5016 5017
f 4981 5017 5016
f 4981 5017 5018
f 4981 5018 5017
f 4981 5018 5019
f 4981 5019 5018
f 4981 5019 5020
f 4981 5020 5019
f 4981 5020 5021
f 4981 5021 5020
f 4981 5021 5022
f 4981 5022 5021
f 4981 5022 5023
f 4981 5023 5022
f 4981 5023 5024
f 4981 5024 5023
f 4981 5024 5025
f 4981 5025 5024
f 4981 5025 5026
f 4981 5026 5025
v -0.008827 0.520331 -0.213657
v -0.004949 0.522807 -0.211339
v 0.000169 0.524490 -0.209563
v 0.006252 0.525556 -0.208208
v 0.013044 0.526168 -0.207161
v 0.020264 0.526506 -0.206301
v 0.027620 0.526757 -0.205501
v 0.034817 0.527109 -0.204631
v 0.041577 0.527742 -0.203570
v 0.047653 0.528812 -0.202212
v 0.052847 0.530446 -0.200469
v 0.057018 0.532735 -0.198279
v 0.060094 0.535725 -0.195612
v 0.062075 0.539415 -0.192468
v 0.063033 0.543759 -0.188877
v 0.063108 0.548669 -0.184902
v 0.062500 0.554016 -0.180628
v 0.061455 0.559642 -0.176164
v 0.060251 0.565370 -0.171631
v 0.059182 0.571012 -0.167156
v 0.058543 0.576378 -0.162869
v 0.058611 0.581293 -0.158890
v 0.059645 0.585589 -0.155333
v 0.061919 0.589091 -0.152316
v 0.058041 0.586615 -0.154634
v 0.052923 0.584932 -0.156410
v 0.046840 0.583867 -0.157765
v 0.040048 0.583254 -0.158812
v 0.032828 0.582917 -0.159672
v 0.025472 0.582665 -0.160472
v 0.018275 0.582313 -0.161342
v 0.011515 0.581680 -0.162403
v 0.005439 0.580611 -0.163761
v 0.000245 0.578976 -0.165504
v -0.003926 0.576687 -0.167694
v -0.007002 0.573698 -0.170361
v -0.008983 0.570007 -0.173505
v -0.009941 0.565663 -0.177096
v -0.010016 0.560753 -0.181071
v -0.009408 0.555406 -0.185345
v -0.008363 0.549780 -0.189809
v -0.007159 0.544052 -0.194342
v -0.006090 0.538411 -0.198817
v -0.005451 0.533044 -0.203104
v -0.005519 0.528130 -0.207083
v -0.006553 0.523834 -0.210640
f 5027 5028 5029
f 5027 5029 5028
f 5027 5029 5030
f 5027 5030 5029
f 5027 5030 5031
f 5027 5031 5030
f 5027 5031 5032
f 5027 5032 5031
f 5027 5032 5033
f 5027 5033 5032
f 5027 5033 5034
f 5027 5034 5033
f 5027 5034 5035
f 5027 5035 5034
f 5027 5035 5036
f 5027 5036 5035
f 5027 5036 5037
f 5027 5037 5036
f 5027 5037 5038
f 5027 5038 5037
f 5027 5038 5039
f 5027 5039 5038
f 5027 5039 5040
f 5027 5040 5039
f 5027 5040 5041
f 5027 5041 5040
f 5027 5041 5042
f 5027 5042 5041
f 5027 5042 5043
f 5027 5043 5042
f 5027 5043 5044
f 5027 5044 5043
f 5027 5044 5045
f 5027 5045 5044
f 5027 5045 5046
f 5027 5046 5045
f 5027 5046 5047
f 5027 5047 5046
f 5027 5047 5048
f 5027 5048 5047
f 5027 5048 5049
f 5027 5049 5048
f 5027 5049 5050
f 5027 5050 5049
f 5027 5050 5051
f 5027 5051 5050
f 5027 5051 5052
f 5027 5052 5051
f 5027 5052 5053
f 5027 5053 5052
f 5027 5053 5054
f 5027 5054 5053
f 5027 5054 5055
f 5027 5055 5054
f 5027 5055 5056
f 5027 5056 5055
f 5027 5056 5057
f 5027 5057 5056
f 5027 5057 5058
f 5027 5058 5057
f 5027 5058 5059
f 5027 5059 5058
f 5027 5059 5060
f 5027 5060 5059
f 5027 5060 5061
f 5027 5061 5060
f 5027 5061 5062
f 5027 5062 5061
f 5027 5062 5063
f 5027 5063 5062
f 5027 5063 5064
f 5027 5064 5063
f 5027 5064 5065
f 5027 5065 5064
f 5027 5065 5066
f 5027 5066 5065
f 5027 5066 5067
f 5027 5067 5066
f 5027 5067 5068
f 5027 5068 5067
f 5027 5068 5069
f 5027 5069 5068
f 5027 5069 5070
f 5027 5070 5069
f 5027 5070 5071
f 5027 5071 5070
f 5027 5071 5072
f 5027 5072 5071
v -0.008827 0.520331 -0.213657
v -0.005639 0.516056 -0.214248
v -0.002962 0.511404 -0.215009
v -0.001191 0.506087 -0.216072
v -0.000545 0.499943 -0.217509
v -0.001029 0.492968 -0.219323
v -0.002429 0.485320 -0.221442
v -0.004338 0.477297 -0.223730
v -0.006220 0.469295 -0.226010
v -0.007487 0.461744 -0.228084
v -0.007594 0.455047 -0.229772
v -0.006121 0.449510 -0.230934
v -0.002841 0.445303 -0.231495
v 0.002246 0.442423 -0.231453
v 0.008913 0.440705 -0.230886
v 0.016740 0.439840 -0.229932
v 0.025181 0.439427 -0.228773
v 0.033651 0.439034 -0.227605
v 0.041611 0.438267 -0.226607
v 0.048655 0.436827 -0.225914
v 0.054569 0.434555 -0.225597
v 0.059358 0.431456 -0.225655
v 0.063241 0.427692 -0.226015
v 0.066613 0.423552 -0.226544
v 0.063424 0.427827 -0.225953
v 0.060748 0.432478 -0.225192
v 0.058977 0.437795 -0.224129
v 0.058330 0.443939 -0.222692
v 0.058815 0.450915 -0.220878
v 0.060215 0.458563 -0.218759
v 0.062124 0.466586 -0.216471
v 0.064006 0.474588 -0.214191
v 0.065273 0.482139 -0.212117
v 0.065379 0.488836 -0.210429
v 0.063906 0.494372 -0.209267
v 0.060626 0.498580 -0.208706
v 0.055539 0.501459 -0.208748
v 0.048873 0.503178 -0.209315
v 0.041046 0.504043 -0.210269
v 0.032604 0.504456 -0.211428
v 0.024135 0.504848 -0.212596
v 0.016175 0.505616 -0.213594
v 0.009131 0.507056 -0.214287
v 0.003217 0.509328 -0.214604
v -0.001572 0.512426 -0.214546
v -0.005455 0.516191 -0.214186
f 5073 5074 5075
f 5073 5075 5074
f 5073 5075 5076
f 5073 5076 5075
f 5073 5076 5077
f 5073 5077 5076
f 5073 5077 5078
f 5073 5078 5077
f 5073 5078 5079
f 5073 5079 5078
f 5073 5079 5080
f 5073 5080 5079
f 5073 5080 5081
f 5073 5081 5080
f 5073 5081 5082
f 5073 5082 5081
f 5073 5082 5083
f 5073 5083 5082
f 5073 5083 5084
f 5073 5084 5083
f 5073 5084 5085
f 5073 5085 5084
f 5073 5085 5086
f 5073 5086 5085
f 5073 5086 5087
f 5073 5087 5086
f 5073 5087 5088
f 5073 5088 5087
f 5073 5088 5089
f 5073 5089 5088
f 5073 5089 5090
f 5073 5090 5089
f 5073 5090 5091
f 5073 5091 5090
f 5073 5091 5092
f 5073 5092 5091
f 5073 5092 5093
f 5073 5093 5092
f 5073 5093 5094
f 5073 5094 5093
f 5073 5094 5095
f 5073 5095 5094
f 5073 5095 5096
f 5073 5096 5095
f 5073 5096 5097
f 5073 5097 5096
f 5073 5097 5098
f 5073 5098 5097
f 5073 5098 5099
f 5073 5099 5098
f 5073 5099 5100
f 5073 5100 5099
f 5073 5100 5101
f 5073 5101 5100
f 5073 5101 5102
f 5073 5102 5101
f 5073 5102 5103
f 5073 5103 5102
f 5073 5103 5104
f 5073 5104 5103
f 5073 5104 5105
f 5073 5105 5104
f 5073 5105 5106
f 5073 5106 5105
f 5073 5106 5107
f 5073 5107 5106
f 5073 5107 5108
f 5073 5108 5107
f 5073 5108 5109
f 5073 5109 5108
f 5073 5109 5110
f 5073 5110 5109
f 5073 5110 5111
f 5073 5111 5110
f 5073 5111 5112
f 5073 5112 5111
f 5073 5112 5113
f 5073 5113 5112
f 5073 5113 5114
f 5073 5114 5113
f 5073 5114 5115
f 5073 5115 5114
f 5073 5115 5116
f 5073 5116 5115
f 5073 5116 5117
f 5073 5117 5116
f 5073 5117 5118
f 5073 5118 5117
v -0.018252 0.520331 -0.213273
v -0.016448 0.525874 -0.213236
v -0.011732 0.529300 -0.213359
v -0.005907 0.529300 -0.213596
v -0.001197 0.525874 -0.213856
v 0.000598 0.520331 -0.214040
v -0.001206 0.514787 -0.214077
v -0.005922 0.511361 -0.213954
v -0.011747 0.511361 -0.213717
v -0.016457 0.514787 -0.213457
v -0.017891 0.521634 -0.278680
v -0.016664 0.525403 -0.278654
v -0.013458 0.527733 -0.278738
v -0.009497 0.527733 -0.278899
v -0.006294 0.525403 -0.279076
v -0.005073 0.521634 -0.279201
v -0.006300 0.517864 -0.279226
v -0.009506 0.515535 -0.279142
v -0.013468 0.515535 -0.278981
v -0.016670 0.517864 -0.278805
f 5119 5120 5130
f 5119 5130 5129
f 5120 5121 5131
f 5120 5131 5130
f 5121 5122 5132
f 5121 5132 5131
f 5122 5123 5133
f 5122 5133 5132
f 5123 5124 5134
f 5123 5134 5133
f 5124 5125 5135
f 5124 5135 5134
f 5125 5126 5136
f 5125 5136 5135
f 5126 5127 5137
f 5126 5137 5136
f 5127 5128 5138
f 5127 5138 5137
f 5128 5119 5129
f 5128 5129 5138
v -0.011482 0.521634 -0.278940
v -0.015066 0.522174 -0.277981
v -0.018581 0.523449 -0.277011
v -0.022005 0.525668 -0.276025
v -0.025337 0.528845 -0.275023
v -0.028593 0.532836 -0.274009
v -0.031796 0.537369 -0.272986
v -0.034981 0.542087 -0.271960
v -0.038188 0.546586 -0.270937
v -0.041453 0.550467 -0.269925
v -0.044811 0.553381 -0.268927
v -0.048286 0.555071 -0.267950
v -0.051890 0.555399 -0.266994
v -0.055625 0.554367 -0.266061
v -0.059476 0.552110 -0.265147
v -0.063420 0.548886 -0.264248
v -0.067422 0.545045 -0.263360
v -0.071446 0.540984 -0.262475
v -0.075452 0.537108 -0.261587
v -0.079406 0.533775 -0.260690
v -0.083282 0.531255 -0.259781
v -0.087067 0.529693 -0.258855
v -0.090762 0.529076 -0.257915
v -0.094387 0.529193 -0.256963
v -0.090802 0.528652 -0.257922
v -0.087288 0.527378 -0.258893
v -0.083864 0.525158 -0.259879
v -0.080531 0.521981 -0.260880
v -0.077276 0.517991 -0.261894
v -0.074073 0.513458 -0.262918
v -0.070887 0.508740 -0.263944
v -0.067681 0.504241 -0.264966
v -0.064415 0.500360 -0.265979
v -0.061057 0.497446 -0.266976
v -0.057583 0.495756 -0.267953
v -0.053978 0.495427 -0.268909
v -0.050244 0.496460 -0.269843
v -0.046392 0.498717 -0.270757
v -0.042449 0.501940 -0.271655
v -0.038446 0.505782 -0.272543
v -0.034423 0.509842 -0.273428
v -0.030417 0.513718 -0.274316
v -0.026463 0.517051 -0.275213
v -0.022587 0.519571 -0.276123
v -0.018802 0.521134 -0.277048
v -0.015107 0.521751 -0.277988
f 5139 5140 5141
f 5139 5141 5140
f 5139 5141 5142
f 5139 5142 5141
f 5139 5142 5143
f 5139 5143 5142
f 5139 5143 5144
f 5139 5144 5143
f 5139 5144 5145
f 5139 5145 5144
f 5139 5145 5146
f 5139 5146 5145
f 5139 5146 5147
f 5139 5147 5146
f 5139 5147 5148
f 5139 5148 5147
f 5139 5148 5149
f 5139 5149 5148
f 5139 5149 5150
f 5139 5150 5149
f 5139 5150 5151
f 5139 5151 5150
f 5139 5151 5152
f 5139 5152 5151
f 5139 5152 5153
f 5139 5153 5152
f 5139 5153 5154
f 5139 5154 5153
f 5139 5154 5155
f 5139 5155 5154
f 5139 5155 5156
f 5139 5156 5155
f 5139 5156 5157
f 5139 5157 5156
f 5139 5157 5158
f 5139 5158 5157
f 5139 5158 5159
f 5139 5159 5158
f 5139 5159 5160
f 5139 5160 5159
f 5139 5160 5161
f 5139 5161 5160
f 5139 5161 5162
f 5139 5162 5161
f 5139 5162 5163
f 5139 5163 5162
f 5139 5163 5164
f 5139 5164 5163
f 5139 5164 5165
f 5139 5165 5164
f 5139 5165 5166
f 5139 5166 5165
f 5139 5166 5167
f 5139 5167 5166
f 5139 5167 5168
f 5139 5168 5167
f 5139 5168 5169
f 5139 5169 5168
f 5139 5169 5170
f 5139 5170 5169
f 5139 5170 5171
f 5139 5171 5170
f 5139 5171 5172
f 5139 5172 5171
f 5139 5172 5173
f 5139 5173 5172
f 5139 5173 5174
f 5139 5174 5173
f 5139 5174 5175
f 5139 5175 5174
f 5139 5175 5176
f 5139 5176 5175
f 5139 5176 5177
f 5139 5177 5176
f 5139 5177 5178
f 5139 5178 5177
f 5139 5178 5179
f 5139 5179 5178
f 5139 5179 5180
f 5139 5180 5179
f 5139 5180 5181
f 5139 5181 5180
f 5139 5181 5182
f 5139 5182 5181
f 5139 5182 5183
f 5139 5183 5182
f 5139 5183 5184
f 5139 5184 5183
v -0.011482 0.521634 -0.278940
v -0.010410 0.525696 -0.276565
v -0.008212 0.529605 -0.274238
v -0.004773 0.533347 -0.271966
v -0.000192 0.536935 -0.269743
v 0.005275 0.540403 -0.267558
v 0.011264 0.543801 -0.265396
v 0.017339 0.547187 -0.263237
v 0.023041 0.550623 -0.261063
v 0.027932 0.554169 -0.258853
v 0.031640 0.557875 -0.256592
v 0.033895 0.561777 -0.254268
v 0.034555 0.565894 -0.251875
v 0.033620 0.570227 -0.249412
v 0.031232 0.574756 -0.246887
v 0.027661 0.579445 -0.244310
v 0.023279 0.584244 -0.241698
v 0.018524 0.589093 -0.239070
v 0.013855 0.593930 -0.236446
v 0.009707 0.598697 -0.233844
v 0.006447 0.603344 -0.231281
v 0.004327 0.607837 -0.228767
v 0.003450 0.612162 -0.226308
v 0.003698 0.616335 -0.223896
v 0.002626 0.612274 -0.226272
v 0.000428 0.608364 -0.228598
v -0.003012 0.604622 -0.230871
v -0.007592 0.601034 -0.233094
v -0.013059 0.597566 -0.235279
v -0.019048 0.594168 -0.237441
v -0.025123 0.590782 -0.239599
v -0.030825 0.587346 -0.241774
v -0.035716 0.583800 -0.243984
v -0.039425 0.580094 -0.246245
v -0.041680 0.576192 -0.248569
v -0.042340 0.572075 -0.250962
v -0.041405 0.567742 -0.253424
v -0.039016 0.563213 -0.255950
v -0.035445 0.558524 -0.258526
v -0.031063 0.553725 -0.261138
v -0.026308 0.548876 -0.263766
v -0.021639 0.544039 -0.266391
v -0.017492 0.539272 -0.268992
v -0.014231 0.534625 -0.271556
v -0.012112 0.530132 -0.274069
v -0.011234 0.525807 -0.276529
f 5185 5186 5187
f 5185 5187 5186
f 5185 5187 5188
f 5185 5188 5187
f 5185 5188 5189
f 5185 5189 5188
f 5185 5189 5190
f 5185 5190 5189
f 5185 5190 5191
f 5185 5191 5190
f 5185 5191 5192
f 5185 5192 5191
f 5185 5192 5193
f 5185 5193 5192
f 5185 5193 5194
f 5185 5194 5193
f 5185 5194 5195
f 5185 5195 5194
f 5185 5195 5196
f 5185 5196 5195
f 5185 5196 5197
f 5185 5197 5196
f 5185 5197 5198
f 5185 5198 5197
f 5185 5198 5199
f 5185 5199 5198
f 5185 5199 5200
f 5185 5200 5199
f 5185 5200 5201
f 5185 5201 5200
f 5185 5201 5202
f 5185 5202 5201
f 5185 5202 5203
f 5185 5203 5202
f 5185 5203 5204
f 5185 5204 5203
f 5185 5204 5205
f 5185 5205 5204
f 5185 5205 5206
f 5185 5206 5205
f 5185 5206 5207
f 5185 5207 5206
f 5185 5207 5208
f 5185 5208 5207
f 5185 5208 5209
f 5185 5209 5208
f 5185 5209 5210
f 5185 5210 5209
f 5185 5210 5211
f 5185 5211 5210
f 5185 5211 5212
f 5185 5212 5211
f 5185 5212 5213
f 5185 5213 5212
f 5185 5213 5214
f 5185 5214 5213
f 5185 5214 5215
f 5185 5215 5214
f 5185 5215 5216
f 5185 5216 5215
f 5185 5216 5217
f 5185 5217 5216
f 5185 5217 5218
f 5185 5218 5217
f 5185 5218 5219
f 5185 5219 5218
f 5185 5219 5220
f 5185 5220 5219
f 5185 5220 5221
f 5185 5221 5220
f 5185 5221 5222
f 5185 5222 5221
f 5185 5222 5223
f 5185 5223 5222
f 5185 5223 5224
f 5185 5224 5223
f 5185 5224 5225
f 5185 5225 5224
f 5185 5225 5226
f 5185 5226 5225
f 5185 5226 5227
f 5185 5227 5226
f 5185 5227 5228
f 5185 5228 5227
f 5185 5228 5229
f 5185 5229 5228
f 5185 5229 5230
f 5185 5230 5229
v -0.011482 0.521634 -0.278940
v -0.010631 0.517005 -0.277707
v -0.010933 0.512054 -0.276433
v -0.012452 0.506763 -0.275117
v -0.015060 0.501168 -0.273762
v -0.018495 0.495342 -0.272379
v -0.022395 0.489386 -0.270979
v -0.026342 0.483417 -0.269577
v -0.029901 0.477556 -0.268189
v -0.032663 0.471918 -0.266829
v -0.034282 0.466599 -0.265509
v -0.034506 0.461670 -0.264238
v -0.033206 0.457166 -0.263021
v -0.030380 0.453089 -0.261857
v -0.026160 0.449401 -0.260742
v -0.020796 0.446033 -0.259667
v -0.014635 0.442888 -0.258620
v -0.008087 0.439850 -0.257587
v -0.001585 0.436800 -0.256552
v 0.004450 0.433619 -0.255500
v 0.009660 0.430208 -0.254420
v 0.013781 0.426493 -0.253302
v 0.016683 0.422437 -0.252140
v 0.018434 0.418060 -0.250939
v 0.017584 0.422689 -0.252172
v 0.017885 0.427639 -0.253446
v 0.019404 0.432930 -0.254762
v 0.022013 0.438526 -0.256117
v 0.025447 0.444352 -0.257500
v 0.029347 0.450308 -0.258900
v 0.033294 0.456277 -0.260302
v 0.036853 0.462138 -0.261690
v 0.039616 0.467776 -0.263050
v 0.041234 0.473095 -0.264370
v 0.041459 0.478024 -0.265641
v 0.040158 0.482527 -0.266858
v 0.037332 0.486604 -0.268022
v 0.033112 0.490292 -0.269137
v 0.027748 0.493660 -0.270212
v 0.021588 0.496806 -0.271259
v 0.015039 0.499843 -0.272292
v 0.008538 0.502893 -0.273327
v 0.002502 0.506074 -0.274379
v -0.002708 0.509485 -0.275459
v -0.006829 0.513201 -0.276577
v -0.009731 0.517256 -0.277739
f 5231 5232 5233
f 5231 5233 5232
f 5231 5233 5234
f 5231 5234 5233
f 5231 5234 5235
f 5231 5235 5234
f 5231 5235 5236
f 5231 5236 5235
f 5231 5236 5237
f 5231 5237 5236
f 5231 5237 5238
f 5231 5238 5237
f 5231 5238 5239
f 5231 5239 5238
f 5231 5239 5240
f 5231 5240 5239
f 5231 5240 5241
f 5231 5241 5240
f 5231 5241 5242
f 5231 5242 5241
f 5231 5242 5243
f 5231 5243 5242
f 5231 5243 5244
f 5231 5244 5243
f 5231 5244 5245
f 5231 5245 5244
f 5231 5245 5246
f 5231 5246 5245
f 5231 5246 5247
f 5231 5247 5246
f 5231 5247 5248
f 5231 5248 5247
f 5231 5248 5249
f 5231 5249 5248
f 5231 5249 5250
f 5231 5250 5249
f 5231 5250 5251
f 5231 5251 5250
f 5231 5251 5252
f 5231 5252 5251
f 5231 5252 5253
f 5231 5253 5252
f 5231 5253 5254
f 5231 5254 5253
f 5231 5254 5255
f 5231 5255 5254
f 5231 5255 5256
f 5231 5256 5255
f 5231 5256 5257
f 5231 5257 5256
f 5231 5257 5258
f 5231 5258 5257
f 5231 5258 5259
f 5231 5259 5258
f 5231 5259 5260
f 5231 5260 5259
f 5231 5260 5261
f 5231 5261 5260
f 5231 5261 5262
f 5231 5262 5261
f 5231 5262 5263
f 5231 5263 5262
f 5231 5263 5264
f 5231 5264 5263
f 5231 5264 5265
f 5231 5265 5264
f 5231 5265 5266
f 5231 5266 5265
f 5231 5266 5267
f 5231 5267 5266
f 5231 5267 5268
f 5231 5268 5267
f 5231 5268 5269
f 5231 5269 5268
f 5231 5269 5270
f 5231 5270 5269
f 5231 5270 5271
f 5231 5271 5270
f 5231 5271 5272
f 5231 5272 5271
f 5231 5272 5273
f 5231 5273 5272
f 5231 5273 5274
f 5231 5274 5273
f 5231 5274 5275
f 5231 5275 5274
f 5231 5275 5276
f 5231 5276 5275
v -0.016417 0.520331 -0.208056
v -0.012379 0.523757 -0.205618
v -0.006984 0.525875 -0.206251
v -0.002294 0.525875 -0.209712
v -0.000098 0.523757 -0.214681
v -0.001237 0.520331 -0.219258
v -0.005275 0.516904 -0.221695
v -0.010670 0.514787 -0.221063
v -0.015360 0.514787 -0.217601
v -0.017556 0.516904 -0.212633
v -0.041075 0.578366 -0.246554
v -0.038329 0.580696 -0.244896
v -0.034661 0.582136 -0.245326
v -0.031471 0.582136 -0.247680
v -0.029978 0.580696 -0.251059
v -0.030753 0.578366 -0.254171
v -0.033498 0.576036 -0.255829
v -0.037167 0.574596 -0.255398
v -0.040357 0.574596 -0.253044
v -0.041849 0.576036 -0.249666
f 5277 5278 5288
f 5277 5288 5287
f 5278 5279 5289
f 5278 5289 5288
f 5279 5280 5290
f 5279 5290 5289
f 5280 5281 5291
f 5280 5291 5290
f 5281 5282 5292
f 5281 5292 5291
f 5282 5283 5293
f 5282 5293 5292
f 5283 5284 5294
f 5283 5294 5293
f 5284 5285 5295
f 5284 5295 5294
f 5285 5286 5296
f 5285 5296 5295
f 5286 5277 5287
f 5286 5287 5296
v -0.035914 0.578366 -0.250362
v -0.038158 0.577752 -0.246139
v -0.040007 0.577498 -0.241638
v -0.041167 0.577873 -0.236652
v -0.041474 0.579024 -0.231067
v -0.040929 0.580952 -0.224883
v -0.039699 0.583506 -0.218217
v -0.038090 0.586404 -0.211284
v -0.036508 0.589277 -0.204371
v -0.035395 0.591724 -0.197786
v -0.035158 0.593371 -0.191819
v -0.036112 0.593933 -0.186689
v -0.038428 0.593254 -0.182516
v -0.042105 0.591334 -0.179300
v -0.046972 0.588329 -0.176922
v -0.052717 0.584524 -0.175160
v -0.058930 0.580293 -0.173728
v -0.065170 0.576037 -0.172315
v -0.071031 0.572125 -0.170636
v -0.076207 0.568840 -0.168474
v -0.080531 0.566330 -0.165713
v -0.084003 0.564597 -0.162354
v -0.086784 0.563494 -0.158508
v -0.089171 0.562749 -0.154386
v -0.086927 0.563363 -0.158609
v -0.085078 0.563617 -0.163110
v -0.083918 0.563242 -0.168096
v -0.083611 0.562091 -0.173681
v -0.084156 0.560163 -0.179865
v -0.085386 0.557609 -0.186532
v -0.086995 0.554711 -0.193464
v -0.088577 0.551838 -0.200378
v -0.089691 0.549391 -0.206962
v -0.089927 0.547744 -0.212930
v -0.088973 0.547182 -0.218060
v -0.086657 0.547861 -0.222232
v -0.082980 0.549781 -0.225448
v -0.078113 0.552786 -0.227826
v -0.072368 0.556591 -0.229588
v -0.066155 0.560822 -0.231020
v -0.059915 0.565078 -0.232433
v -0.054054 0.568990 -0.234112
v -0.048878 0.572275 -0.236274
v -0.044554 0.574785 -0.239035
v -0.041083 0.576518 -0.242395
v -0.038301 0.577621 -0.246240
f 5297 5298 5299
f 5297 5299 5298
f 5297 5299 5300
f 5297 5300 5299
f 5297 5300 5301
f 5297 5301 5300
f 5297 5301 5302
f 5297 5302 5301
f 5297 5302 5303
f 5297 5303 5302
f 5297 5303 5304
f 5297 5304 5303
f 5297 5304 5305
f 5297 5305 5304
f 5297 5305 5306
f 5297 5306 5305
f 5297 5306 5307
f 5297 5307 5306
f 5297 5307 5308
f 5297 5308 5307
f 5297 5308 5309
f 5297 5309 5308
f 5297 5309 5310
f 5297 5310 5309
f 5297 5310 5311
f 5297 5311 5310
f 5297 5311 5312
f 5297 5312 5311
f 5297 5312 5313
f 5297 5313 5312
f 5297 5313 5314
f 5297 5314 5313
f 5297 5314 5315
f 5297 5315 5314
f 5297 5315 5316
f 5297 5316 5315
f 5297 5316 5317
f 5297 5317 5316
f 5297 5317 5318
f 5297 5318 5317
f 5297 5318 5319
f 5297 5319 5318
f 5297 5319 5320
f 5297 5320 5319
f 5297 5320 5321
f 5297 5321 5320
f 5297 5321 5322
f 5297 5322 5321
f 5297 5322 5323
f 5297 5323 5322
f 5297 5323 5324
f 5297 5324 5323
f 5297 5324 5325
f 5297 5325 5324
f 5297 5325 5326
f 5297 5326 5325
f 5297 5326 5327
f 5297 5327 5326
f 5297 5327 5328
f 5297 5328 5327
f 5297 5328 5329
f 5297 5329 5328
f 5297 5329 5330
f 5297 5330 5329
f 5297 5330 5331
f 5297 5331 5330
f 5297 5331 5332
f 5297 5332 5331
f 5297 5332 5333
f 5297 5333 5332
f 5297 5333 5334
f 5297 5334 5333
f 5297 5334 5335
f 5297 5335 5334
f 5297 5335 5336
f 5297 5336 5335
f 5297 5336 5337
f 5297 5337 5336
f 5297 5337 5338
f 5297 5338 5337
f 5297 5338 5339
f 5297 5339 5338
f 5297 5339 5340
f 5297 5340 5339
f 5297 5340 5341
f 5297 5341 5340
f 5297 5341 5342
f 5297 5342 5341
v -0.035914 0.578366 -0.250362
v -0.032705 0.574529 -0.252668
v -0.030611 0.569802 -0.255559
v -0.029528 0.564267 -0.258982
v -0.029263 0.558077 -0.262836
v -0.029560 0.551439 -0.266985
v -0.030114 0.544595 -0.271269
v -0.030601 0.537804 -0.275518
v -0.030702 0.531322 -0.279563
v -0.030125 0.525383 -0.283252
v -0.028628 0.520178 -0.286458
v -0.026040 0.515845 -0.289090
v -0.022273 0.512455 -0.291102
v -0.017326 0.510008 -0.292493
v -0.011288 0.508433 -0.293311
v -0.004331 0.507592 -0.293646
v 0.003305 0.507294 -0.293624
v 0.011327 0.507305 -0.293399
v 0.019416 0.507369 -0.293138
v 0.027247 0.507227 -0.293013
v 0.034517 0.506637 -0.293183
v 0.040969 0.505392 -0.293784
v 0.046409 0.503340 -0.294916
v 0.050735 0.500396 -0.296634
v 0.047526 0.504233 -0.294329
v 0.045432 0.508960 -0.291437
v 0.044349 0.514495 -0.288014
v 0.044085 0.520685 -0.284160
v 0.044381 0.527323 -0.280012
v 0.044935 0.534167 -0.275728
v 0.045423 0.540958 -0.271479
v 0.045523 0.547440 -0.267433
v 0.044946 0.553379 -0.263744
v 0.043449 0.558584 -0.260538
v 0.040862 0.562917 -0.257906
v 0.037094 0.566307 -0.255894
v 0.032147 0.568754 -0.254503
v 0.026109 0.570329 -0.253685
v 0.019152 0.571170 -0.253350
v 0.011516 0.571468 -0.253372
v 0.003494 0.571457 -0.253598
v -0.004594 0.571393 -0.253858
v -0.012426 0.571535 -0.253983
v -0.019696 0.572125 -0.253813
v -0.026147 0.573370 -0.253212
v -0.031588 0.575422 -0.252080
f 5343 5344 5345
f 5343 5345 5344
f 5343 5345 5346
f 5343 5346 5345
f 5343 5346 5347
f 5343 5347 5346
f 5343 5347 5348
f 5343 5348 5347
f 5343 5348 5349
f 5343 5349 5348
f 5343 5349 5350
f 5343 5350 5349
f 5343 5350 5351
f 5343 5351 5350
f 5343 5351 5352
f 5343 5352 5351
f 5343 5352 5353
f 5343 5353 5352
f 5343 5353 5354
f 5343 5354 5353
f 5343 5354 5355
f 5343 5355 5354
f 5343 5355 5356
f 5343 5356 5355
f 5343 5356 5357
f 5343 5357 5356
f 5343 5357 5358
f 5343 5358 5357
f 5343 5358 5359
f 5343 5359 5358
f 5343 5359 5360
f 5343 5360 5359
f 5343 5360 5361
f 5343 5361 5360
f 5343 5361 5362
f 5343 5362 5361
f 5343 5362 5363
f 5343 5363 5362
f 5343 5363 5364
f 5343 5364 5363
f 5343 5364 5365
f 5343 5365 5364
f 5343 5365 5366
f 5343 5366 5365
f 5343 5366 5367
f 5343 5367 5366
f 5343 5367 5368
f 5343 5368 5367
f 5343 5368 5369
f 5343 5369 5368
f 5343 5369 5370
f 5343 5370 5369
f 5343 5370 5371
f 5343 5371 5370
f 5343 5371 5372
f 5343 5372 5371
f 5343 5372 5373
f 5343 5373 5372
f 5343 5373 5374
f 5343 5374 5373
f 5343 5374 5375
f 5343 5375 5374
f 5343 5375 5376
f 5343 5376 5375
f 5343 5376 5377
f 5343 5377 5376
f 5343 5377 5378
f 5343 5378 5377
f 5343 5378 5379
f 5343 5379 5378
f 5343 5379 5380
f 5343 5380 5379
f 5343 5380 5381
f 5343 5381 5380
f 5343 5381 5382
f 5343 5382 5381
f 5343 5382 5383
f 5343 5383 5382
f 5343 5383 5384
f 5343 5384 5383
f 5343 5384 5385
f 5343 5385 5384
f 5343 5385 5386
f 5343 5386 5385
f 5343 5386 5387
f 5343 5387 5386
f 5343 5387 5388
f 5343 5388 5387
v -0.017013 0.520331 -0.218344
v -0.017434 0.524176 -0.213982
v -0.014568 0.526553 -0.209496
v -0.009509 0.526553 -0.206599
v -0.004189 0.524176 -0.206398
v -0.000641 0.520331 -0.208970
v -0.000220 0.516485 -0.213331
v -0.003086 0.514109 -0.217817
v -0.008145 0.514109 -0.220714
v -0.013465 0.516485 -0.220915
v 0.011243 0.573927 -0.261620
v 0.010956 0.576542 -0.258654
v 0.012905 0.578158 -0.255604
v 0.016346 0.578158 -0.253634
v 0.019963 0.576542 -0.253498
v 0.022376 0.573927 -0.255246
v 0.022662 0.571312 -0.258212
v 0.020713 0.569696 -0.261262
v 0.017273 0.569696 -0.263232
v 0.013655 0.571312 -0.263369
f 5389 5390 5400
f 5389 5400 5399
f 5390 5391 5401
f 5390 5401 5400
f 5391 5392 5402
f 5391 5402 5401
f 5392 5393 5403
f 5392 5403 5402
f 5393 5394 5404
f 5393 5404 5403
f 5394 5395 5405
f 5394 5405 5404
f 5395 5396 5406
f 5395 5406 5405
f 5396 5397 5407
f 5396 5407 5406
f 5397 5398 5408
f 5397 5408 5407
f 5398 5389 5399
f 5398 5399 5408
v 0.016809 0.573927 -0.258433
v 0.013631 0.571977 -0.259903
v 0.010160 0.570335 -0.261172
v 0.006155 0.569252 -0.262077
v 0.001478 0.568875 -0.262523
v -0.003886 0.569217 -0.262500
v -0.009812 0.570149 -0.262093
v -0.016059 0.571418 -0.261467
v -0.022302 0.572683 -0.260844
v -0.028182 0.573566 -0.260469
v -0.033363 0.573718 -0.260570
v -0.037588 0.572865 -0.261325
v -0.040716 0.570863 -0.262829
v -0.042746 0.567709 -0.265082
v -0.043819 0.563552 -0.267989
v -0.044195 0.558663 -0.271372
v -0.044207 0.553393 -0.275004
v -0.044215 0.548118 -0.278638
v -0.044543 0.543180 -0.282053
v -0.045435 0.538832 -0.285084
v -0.047013 0.535203 -0.287646
v -0.049263 0.532281 -0.289749
v -0.052047 0.529917 -0.291488
v -0.055124 0.527861 -0.293026
v -0.051945 0.529811 -0.291557
v -0.048474 0.531453 -0.290288
v -0.044470 0.532536 -0.289382
v -0.039792 0.532914 -0.288937
v -0.034429 0.532572 -0.288959
v -0.028502 0.531639 -0.289366
v -0.022255 0.530370 -0.289993
v -0.016012 0.529106 -0.290616
v -0.010132 0.528222 -0.290991
v -0.004951 0.528071 -0.290889
v -0.000726 0.528923 -0.290134
v 0.002401 0.530926 -0.288630
v 0.004432 0.534079 -0.286377
v 0.005505 0.538236 -0.283471
v 0.005880 0.543126 -0.280087
v 0.005893 0.548396 -0.276456
v 0.005900 0.553670 -0.272822
v 0.006229 0.558609 -0.269407
v 0.007121 0.562956 -0.266376
v 0.008698 0.566585 -0.263814
v 0.010949 0.569507 -0.261711
v 0.013732 0.571871 -0.259972
f 5409 5410 5411
f 5409 5411 5410
f 5409 5411 5412
f 5409 5412 5411
f 5409 5412 5413
f 5409 5413 5412
f 5409 5413 5414
f 5409 5414 5413
f 5409 5414 5415
f 5409 5415 5414
f 5409 5415 5416
f 5409 5416 5415
f 5409 5416 5417
f 5409 5417 5416
f 5409 5417 5418
f 5409 5418 5417
f 5409 5418 5419
f 5409 5419 5418
f 5409 5419 5420
f 5409 5420 5419
f 5409 5420 5421
f 5409 5421 5420
f 5409 5421 5422
f 5409 5422 5421
f 5409 5422 5423
f 5409 5423 5422
f 5409 5423 5424
f 5409 5424 5423
f 5409 5424 5425
f 5409 5425 5424
f 5409 5425 5426
f 5409 5426 5425
f 5409 5426 5427
f 5409 5427 5426
f 5409 5427 5428
f 5409 5428 5427
f 5409 5428 5429
f 5409 5429 5428
f 5409 5429 5430
f 5409 5430 5429
f 5409 5430 5431
f 5409 5431 5430
f 5409 5431 5432
f 5409 5432 5431
f 5409 5432 5433
f 5409 5433 5432
f 5409 5433 5434
f 5409 5434 5433
f 5409 5434 5435
f 5409 5435 5434
f 5409 5435 5436
f 5409 5436 5435
f 5409 5436 5437
f 5409 5437 5436
f 5409 5437 5438
f 5409 5438 5437
f 5409 5438 5439
f 5409 5439 5438
f 5409 5439 5440
f 5409 5440 5439
f 5409 5440 5441
f 5409 5441 5440
f 5409 5441 5442
f 5409 5442 5441
f 5409 5442 5443
f 5409 5443 5442
f 5409 5443 5444
f 5409 5444 5443
f 5409 5444 5445
f 5409 5445 5444
f 5409 5445 5446
f 5409 5446 5445
f 5409 5446 5447
f 5409 5447 5446
f 5409 5447 5448
f 5409 5448 5447
f 5409 5448 5449
f 5409 5449 5448
f 5409 5449 5450
f 5409 5450 5449
f 5409 5450 5451
f 5409 5451 5450
f 5409 5451 5452
f 5409 5452 5451
f 5409 5452 5453
f 5409 5453 5452
f 5409 5453 5454
f 5409 5454 5453
v 0.016809 0.573927 -0.258433
v 0.018713 0.574325 -0.254001
v 0.021753 0.574002 -0.249780
v 0.025818 0.573031 -0.245750
v 0.030708 0.571537 -0.241872
v 0.036159 0.569687 -0.238099
v 0.041865 0.567676 -0.234373
v 0.047499 0.565711 -0.230633
v 0.052738 0.563996 -0.226820
v 0.057289 0.562717 -0.222880
v 0.060909 0.562027 -0.218767
v 0.063427 0.562035 -0.214449
v 0.064753 0.562799 -0.209910
v 0.064888 0.564317 -0.205149
v 0.063920 0.566534 -0.200184
v 0.062021 0.569340 -0.195047
v 0.059434 0.572581 -0.189781
v 0.056453 0.576073 -0.184442
v 0.053399 0.579611 -0.179090
v 0.050599 0.582988 -0.173785
v 0.048362 0.586008 -0.168585
v 0.046950 0.588506 -0.163537
v 0.046561 0.590356 -0.158680
v 0.047310 0.591485 -0.154034
v 0.045407 0.591087 -0.158466
v 0.042366 0.591410 -0.162686
v 0.038301 0.592381 -0.166717
v 0.033412 0.593874 -0.170595
v 0.027960 0.595724 -0.174368
v 0.022254 0.597735 -0.178094
v 0.016620 0.599700 -0.181834
v 0.011381 0.601415 -0.185646
v 0.006830 0.602694 -0.189587
v 0.003210 0.603384 -0.193700
v 0.000692 0.603376 -0.198018
v -0.000634 0.602613 -0.202557
v -0.000769 0.601094 -0.207317
v 0.000200 0.598878 -0.212282
v 0.002098 0.596072 -0.217420
v 0.004685 0.592830 -0.222686
v 0.007666 0.589338 -0.228024
v 0.010720 0.585800 -0.233377
v 0.013520 0.582424 -0.238681
v 0.015757 0.579403 -0.243882
v 0.017169 0.576905 -0.248929
v 0.017558 0.575056 -0.253787
f 5455 5456 5457
f 5455 5457 5456
f 5455 5457 5458
f 5455 5458 5457
f 5455 5458 5459
f 5455 5459 5458
f 5455 5459 5460
f 5455 5460 5459
f 5455 5460 5461
f 5455 5461 5460
f 5455 5461 5462
f 5455 5462 5461
f 5455 5462 5463
f 5455 5463 5462
f 5455 5463 5464
f 5455 5464 5463
f 5455 5464 5465
f 5455 5465 5464
f 5455 5465 5466
f 5455 5466 5465
f 5455 5466 5467
f 5455 5467 5466
f 5455 5467 5468
f 5455 5468 5467
f 5455 5468 5469
f 5455 5469 5468
f 5455 5469 5470
f 5455 5470 5469
f 5455 5470 5471
f 5455 5471 5470
f 5455 5471 5472
f 5455 5472 5471
f 5455 5472 5473
f 5455 5473 5472
f 5455 5473 5474
f 5455 5474 5473
f 5455 5474 5475
f 5455 5475 5474
f 5455 5475 5476
f 5455 5476 5475
f 5455 5476 5477
f 5455 5477 5476
f 5455 5477 5478
f 5455 5478 5477
f 5455 5478 5479
f 5455 5479 5478
f 5455 5479 5480
f 5455 5480 5479
f 5455 5480 5481
f 5455 5481 5480
f 5455 5481 5482
f 5455 5482 5481
f 5455 5482 5483
f 5455 5483 5482
f 5455 5483 5484
f 5455 5484 5483
f 5455 5484 5485
f 5455 5485 5484
f 5455 5485 5486
f 5455 5486 5485
f 5455 5486 5487
f 5455 5487 5486
f 5455 5487 5488
f 5455 5488 5487
f 5455 5488 5489
f 5455 5489 5488
f 5455 5489 5490
f 5455 5490 5489
f 5455 5490 5491
f 5455 5491 5490
f 5455 5491 5492
f 5455 5492 5491
f 5455 5492 5493
f 5455 5493 5492
f 5455 5493 5494
f 5455 5494 5493
f 5455 5494 5495
f 5455 5495 5494
f 5455 5495 5496
f 5455 5496 5495
f 5455 5496 5497
f 5455 5497 5496
f 5455 5497 5498
f 5455 5498 5497
f 5455 5498 5499
f 5455 5499 5498
f 5455 5499 5500
f 5455 5500 5499
v 0.016809 0.573927 -0.258433
v 0.018996 0.571015 -0.258992
v 0.020914 0.567953 -0.259884
v 0.022359 0.564626 -0.261365
v 0.023217 0.560969 -0.263576
v 0.023486 0.556983 -0.266518
v 0.023279 0.552731 -0.270053
v 0.022807 0.548330 -0.273916
v 0.022352 0.543938 -0.277759
v 0.022218 0.539726 -0.281203
v 0.022689 0.535853 -0.283894
v 0.023983 0.532442 -0.285562
v 0.026218 0.529557 -0.286061
v 0.029395 0.527200 -0.285389
v 0.033394 0.525303 -0.283694
v 0.037999 0.523746 -0.281247
v 0.042925 0.522369 -0.278401
v 0.047867 0.521001 -0.275535
v 0.052545 0.519484 -0.272997
v 0.056747 0.517701 -0.271051
v 0.060360 0.515588 -0.269837
v 0.063385 0.513147 -0.269353
v 0.065938 0.510440 -0.269457
v 0.068221 0.507582 -0.269895
v 0.066035 0.510494 -0.269337
v 0.064116 0.513556 -0.268444
v 0.062671 0.516883 -0.266963
v 0.061814 0.520540 -0.264753
v 0.061545 0.524526 -0.261810
v 0.061752 0.528779 -0.258275
v 0.062223 0.533179 -0.254412
v 0.062679 0.537571 -0.250569
v 0.062813 0.541783 -0.247126
v 0.062342 0.545656 -0.244434
v 0.061048 0.549068 -0.242766
v 0.058812 0.551952 -0.242268
v 0.055636 0.554309 -0.242939
v 0.051636 0.556206 -0.244634
v 0.047032 0.557763 -0.247081
v 0.042106 0.559140 -0.249927
v 0.037164 0.560509 -0.252793
v 0.032486 0.562025 -0.255331
v 0.028284 0.563808 -0.257277
v 0.024671 0.565921 -0.258491
v 0.021645 0.568362 -0.258976
v 0.019093 0.571069 -0.258871
f 5501 5502 5503
f 5501 5503 5502
f 5501 5503 5504
f 5501 5504 5503
f 5501 5504 5505
f 5501 5505 5504
f 5501 5505 5506
f 5501 5506 5505
f 5501 5506 5507
f 5501 5507 5506
f 5501 5507 5508
f 5501 5508 5507
f 5501 5508 5509
f 5501 5509 5508
f 5501 5509 5510
f 5501 5510 5509
f 5501 5510 5511
f 5501 5511 5510
f 5501 5511 5512
f 5501 5512 5511
f 5501 5512 5513
f 5501 5513 5512
f 5501 5513 5514
f 5501 5514 5513
f 5501 5514 5515
f 5501 5515 5514
f 5501 5515 5516
f 5501 5516 5515
f 5501 5516 5517
f 5501 5517 5516
f 5501 5517 5518
f 5501 5518 5517
f 5501 5518 5519
f 5501 5519 5518
f 5501 5519 5520
f 5501 5520 5519
f 5501 5520 5521
f 5501 5521 5520
f 5501 5521 5522
f 5501 5522 5521
f 5501 5522 5523
f 5501 5523 5522
f 5501 5523 5524
f 5501 5524 5523
f 5501 5524 5525
f 5501 5525 5524
f 5501 5525 5526
f 5501 5526 5525
f 5501 5526 5527
f 5501 5527 5526
f 5501 5527 5528
f 5501 5528 5527
f 5501 5528 5529
f 5501 5529 5528
f 5501 5529 5530
f 5501 5530 5529
f 5501 5530 5531
f 5501 5531 5530
f 5501 5531 5532
f 5501 5532 5531
f 5501 5532 5533
f 5501 5533 5532
f 5501 5533 5534
f 5501 5534 5533
f 5501 5534 5535
f 5501 5535 5534
f 5501 5535 5536
f 5501 5536 5535
f 5501 5536 5537
f 5501 5537 5536
f 5501 5537 5538
f 5501 5538 5537
f 5501 5538 5539
f 5501 5539 5538
f 5501 5539 5540
f 5501 5540 5539
f 5501 5540 5541
f 5501 5541 5540
f 5501 5541 5542
f 5501 5542 5541
f 5501 5542 5543
f 5501 5543 5542
f 5501 5543 5544
f 5501 5544 5543
f 5501 5544 5545
f 5501 5545 5544
f 5501 5545 5546
f 5501 5546 5545
v -0.001030 0.461680 -0.094936
v 0.005707 0.466379 -0.097391
v 0.010025 0.469283 -0.104204
v 0.010274 0.469283 -0.112774
v 0.006358 0.466379 -0.119827
v -0.000226 0.461680 -0.122668
v -0.006963 0.456981 -0.120213
v -0.011281 0.454077 -0.113399
v -0.011530 0.454077 -0.104830
v -0.007614 0.456981 -0.097777
v -0.065096 0.552750 -0.101235
v -0.060515 0.555946 -0.102904
v -0.057579 0.557920 -0.107537
v -0.057410 0.557920 -0.113365
v -0.060072 0.555946 -0.118161
v -0.064549 0.552750 -0.120093
v -0.069131 0.549555 -0.118423
v -0.072067 0.547580 -0.113790
v -0.072236 0.547580 -0.107962
v -0.069573 0.549555 -0.103167
f 5547 5548 5558
f 5547 5558 5557
f 5548 5549 5559
f 5548 5559 5558
f 5549 5550 5560
f 5549 5560 5559
f 5550 5551 5561
f 5550 5561 5560
f 5551 5552 5562
f 5551 5562 5561
f 5552 5553 5563
f 5552 5563 5562
f 5553 5554 5564
f 5553 5564 5563
f 5554 5555 5565
f 5554 5565 5564
f 5555 5556 5566
f 5555 5566 5565
f 5556 5547 5557
f 5556 5557 5566
v -0.064823 0.552750 -0.110664
v -0.061931 0.551868 -0.107062
v -0.057914 0.551771 -0.103823
v -0.053003 0.552300 -0.100871
v -0.047426 0.553293 -0.098134
v -0.041439 0.554572 -0.095528
v -0.035313 0.555949 -0.092967
v -0.029321 0.557231 -0.090363
v -0.023726 0.558237 -0.087631
v -0.018757 0.558806 -0.084698
v -0.014604 0.558804 -0.081503
v -0.011399 0.558141 -0.078002
v -0.009210 0.556769 -0.074175
v -0.008036 0.554686 -0.070021
v -0.007811 0.551943 -0.065563
v -0.008401 0.548629 -0.060842
v -0.009618 0.544878 -0.055920
v -0.011230 0.540850 -0.050870
v -0.012978 0.536728 -0.045776
v -0.014587 0.532704 -0.040728
v -0.015785 0.528966 -0.035812
v -0.016318 0.525692 -0.031109
v -0.015956 0.523043 -0.026694
v -0.014469 0.521180 -0.022641
v -0.017360 0.522063 -0.026243
v -0.021377 0.522159 -0.029482
v -0.026288 0.521631 -0.032434
v -0.031865 0.520638 -0.035171
v -0.037852 0.519359 -0.037777
v -0.043978 0.517982 -0.040338
v -0.049970 0.516699 -0.042942
v -0.055566 0.515693 -0.045674
v -0.060534 0.515125 -0.048607
v -0.064687 0.515126 -0.051802
v -0.067892 0.515789 -0.055303
v -0.070082 0.517162 -0.059130
v -0.071255 0.519244 -0.063284
v -0.071480 0.521988 -0.067742
v -0.070891 0.525301 -0.072463
v -0.069674 0.529053 -0.077386
v -0.068061 0.533080 -0.082435
v -0.066313 0.537202 -0.087529
v -0.064704 0.541227 -0.092577
v -0.063506 0.544965 -0.097494
v -0.062974 0.548239 -0.102196
v -0.063336 0.550887 -0.106611
f 5567 5568 5569
f 5567 5569 5568
f 5567 5569 5570
f 5567 5570 5569
f 5567 5570 5571
f 5567 5571 5570
f 5567 5571 5572
f 5567 5572 5571
f 5567 5572 5573
f 5567 5573 5572
f 5567 5573 5574
f 5567 5574 5573
f 5567 5574 5575
f 5567 5575 5574
f 5567 5575 5576
f 5567 5576 5575
f 5567 5576 5577
f 5567 5577 5576
f 5567 5577 5578
f 5567 5578 5577
f 5567 5578 5579
f 5567 5579 5578
f 5567 5579 5580
f 5567 5580 5579
f 5567 5580 5581
f 5567 5581 5580
f 5567 5581 5582
f 5567 5582 5581
f 5567 5582 5583
f 5567 5583 5582
f 5567 5583 5584
f 5567 5584 5583
f 5567 5584 5585
f 5567 5585 5584
f 5567 5585 5586
f 5567 5586 5585
f 5567 5586 5587
f 5567 5587 5586
f 5567 5587 5588
f 5567 5588 5587
f 5567 5588 5589
f 5567 5589 5588
f 5567 5589 5590
f 5567 5590 5589
f 5567 5590 5591
f 5567 5591 5590
f 5567 5591 5592
f 5567 5592 5591
f 5567 5592 5593
f 5567 5593 5592
f 5567 5593 5594
f 5567 5594 5593
f 5567 5594 5595
f 5567 5595 5594
f 5567 5595 5596
f 5567 5596 5595
f 5567 5596 5597
f 5567 5597 5596
f 5567 5597 5598
f 5567 5598 5597
f 5567 5598 5599
f 5567 5599 5598
f 5567 5599 5600
f 5567 5600 5599
f 5567 5600 5601
f 5567 5601 5600
f 5567 5601 5602
f 5567 5602 5601
f 5567 5602 5603
f 5567 5603 5602
f 5567 5603 5604
f 5567 5604 5603
f 5567 5604 5605
f 5567 5605 5604
f 5567 5605 5606
f 5567 5606 5605
f 5567 5606 5607
f 5567 5607 5606
f 5567 5607 5608
f 5567 5608 5607
f 5567 5608 5609
f 5567 5609 5608
f 5567 5609 5610
f 5567 5610 5609
f 5567 5610 5611
f 5567 5611 5610
f 5567 5611 5612
f 5567 5612 5611
v -0.064823 0.552750 -0.110664
v -0.062110 0.551651 -0.115029
v -0.059896 0.550196 -0.119632
v -0.058554 0.548118 -0.124652
v -0.058286 0.545273 -0.130186
v -0.059090 0.541661 -0.136231
v -0.060757 0.537432 -0.142689
v -0.062898 0.532865 -0.149373
v -0.065003 0.528323 -0.156040
v -0.066517 0.524204 -0.162425
v -0.066926 0.520874 -0.168282
v -0.065836 0.518616 -0.173423
v -0.063033 0.517582 -0.177744
v -0.058516 0.517773 -0.181247
v -0.052499 0.519036 -0.184034
v -0.045377 0.521088 -0.186292
v -0.037665 0.523562 -0.188269
v -0.029917 0.526062 -0.190228
v -0.022643 0.528224 -0.192413
v -0.016231 0.529768 -0.195011
v -0.010892 0.530547 -0.198121
v -0.006627 0.530558 -0.201745
v -0.003234 0.529946 -0.205785
v -0.000339 0.528977 -0.210063
v -0.003051 0.530076 -0.205698
v -0.005265 0.531531 -0.201094
v -0.006607 0.533609 -0.196074
v -0.006875 0.536455 -0.190541
v -0.006071 0.540067 -0.184495
v -0.004404 0.544295 -0.178038
v -0.002263 0.548862 -0.171353
v -0.000158 0.553404 -0.164686
v 0.001356 0.557524 -0.158301
v 0.001765 0.560853 -0.152444
v 0.000675 0.563111 -0.147304
v -0.002129 0.564145 -0.142982
v -0.006646 0.563954 -0.139479
v -0.012662 0.562692 -0.136693
v -0.019784 0.560639 -0.134434
v -0.027496 0.558165 -0.132458
v -0.035245 0.555665 -0.130499
v -0.042519 0.553504 -0.128313
v -0.048930 0.551959 -0.125715
v -0.054269 0.551181 -0.122605
v -0.058534 0.551170 -0.118982
v -0.061928 0.551782 -0.114942
f 5613 5614 5615
f 5613 5615 5614
f 5613 5615 5616
f 5613 5616 5615
f 5613 5616 5617
f 5613 5617 5616
f 5613 5617 5618
f 5613 5618 5617
f 5613 5618 5619
f 5613 5619 5618
f 5613 5619 5620
f 5613 5620 5619
f 5613 5620 5621
f 5613 5621 5620
f 5613 5621 5622
f 5613 5622 5621
f 5613 5622 5623
f 5613 5623 5622
f 5613 5623 5624
f 5613 5624 5623
f 5613 5624 5625
f 5613 5625 5624
f 5613 5625 5626
f 5613 5626 5625
f 5613 5626 5627
f 5613 5627 5626
f 5613 5627 5628
f 5613 5628 5627
f 5613 5628 5629
f 5613 5629 5628
f 5613 5629 5630
f 5613 5630 5629
f 5613 5630 5631
f 5613 5631 5630
f 5613 5631 5632
f 5613 5632 5631
f 5613 5632 5633
f 5613 5633 5632
f 5613 5633 5634
f 5613 5634 5633
f 5613 5634 5635
f 5613 5635 5634
f 5613 5635 5636
f 5613 5636 5635
f 5613 5636 5637
f 5613 5637 5636
f 5613 5637 5638
f 5613 5638 5637
f 5613 5638 5639
f 5613 5639 5638
f 5613 5639 5640
f 5613 5640 5639
f 5613 5640 5641
f 5613 5641 5640
f 5613 5641 5642
f 5613 5642 5641
f 5613 5642 5643
f 5613 5643 5642
f 5613 5643 5644
f 5613 5644 5643
f 5613 5644 5645
f 5613 5645 5644
f 5613 5645 5646
f 5613 5646 5645
f 5613 5646 5647
f 5613 5647 5646
f 5613 5647 5648
f 5613 5648 5647
f 5613 5648 5649
f 5613 5649 5648
f 5613 5649 5650
f 5613 5650 5649
f 5613 5650 5651
f 5613 5651 5650
f 5613 5651 5652
f 5613 5652 5651
f 5613 5652 5653
f 5613 5653 5652
f 5613 5653 5654
f 5613 5654 5653
f 5613 5654 5655
f 5613 5655 5654
f 5613 5655 5656
f 5613 5656 5655
f 5613 5656 5657
f 5613 5657 5656
f 5613 5657 5658
f 5613 5658 5657
v -0.066792 0.552750 -0.101439
v -0.064229 0.557824 -0.102733
v -0.061892 0.560959 -0.107057
v -0.060675 0.560959 -0.112759
v -0.061042 0.557824 -0.117660
v -0.062853 0.552750 -0.119889
v -0.065416 0.547677 -0.118594
v -0.067753 0.544541 -0.114270
v -0.068970 0.544541 -0.108569
v -0.068603 0.547677 -0.103667
v -0.128737 0.580955 -0.117752
v -0.126994 0.584405 -0.118632
v -0.125406 0.586537 -0.121573
v -0.124578 0.586537 -0.125449
v -0.124827 0.584405 -0.128782
v -0.126059 0.580955 -0.130298
v -0.127802 0.577505 -0.129417
v -0.129391 0.575373 -0.126477
v -0.130218 0.575373 -0.122600
v -0.129969 0.577505 -0.119267
f 5659 5660 5670
f 5659 5670 5669
f 5660 5661 5671
f 5660 5671 5670
f 5661 5662 5672
f 5661 5672 5671
f 5662 5663 5673
f 5662 5673 5672
f 5663 5664 5674
f 5663 5674 5673
f 5664 5665 5675
f 5664 5675 5674
f 5665 5666 5676
f 5665 5676 5675
f 5666 5667 5677
f 5666 5677 5676
f 5667 5668 5678
f 5667 5678 5677
f 5668 5659 5669
f 5668 5669 5678
v -0.127398 0.580955 -0.124025
v -0.127282 0.579307 -0.120257
v -0.126911 0.578408 -0.116104
v -0.126233 0.578410 -0.111488
v -0.125257 0.579285 -0.106422
v -0.124036 0.580876 -0.100988
v -0.122662 0.582921 -0.095320
v -0.121245 0.585090 -0.089589
v -0.119908 0.587022 -0.083980
v -0.118772 0.588367 -0.078673
v -0.117939 0.588822 -0.073824
v -0.117486 0.588165 -0.069546
v -0.117451 0.586278 -0.065901
v -0.117836 0.583162 -0.062888
v -0.118600 0.578934 -0.060447
v -0.119667 0.573816 -0.058464
v -0.120934 0.568111 -0.056784
v -0.122282 0.562168 -0.055224
v -0.123588 0.556350 -0.053601
v -0.124739 0.550986 -0.051745
v -0.125646 0.546337 -0.049521
v -0.126255 0.542562 -0.046847
v -0.126557 0.539688 -0.043709
v -0.126604 0.537563 -0.040187
v -0.126720 0.539210 -0.043955
v -0.127091 0.540110 -0.048108
v -0.127770 0.540108 -0.052725
v -0.128746 0.539232 -0.057790
v -0.129966 0.537641 -0.063224
v -0.131341 0.535596 -0.068892
v -0.132758 0.533428 -0.074623
v -0.134094 0.531495 -0.080232
v -0.135230 0.530150 -0.085539
v -0.136063 0.529696 -0.090389
v -0.136517 0.530353 -0.094666
v -0.136551 0.532240 -0.098311
v -0.136167 0.535356 -0.101324
v -0.135403 0.539584 -0.103765
v -0.134336 0.544702 -0.105748
v -0.133068 0.550407 -0.107429
v -0.131720 0.556349 -0.108988
v -0.130415 0.562167 -0.110611
v -0.129263 0.567532 -0.112467
v -0.128356 0.572181 -0.114691
v -0.127747 0.575955 -0.117365
v -0.127445 0.578829 -0.120503
f 5679 5680 5681
f 5679 5681 5680
f 5679 5681 5682
f 5679 5682 5681
f 5679 5682 5683
f 5679 5683 5682
f 5679 5683 5684
f 5679 5684 5683
f 5679 5684 5685
f 5679 5685 5684
f 5679 5685 5686
f 5679 5686 5685
f 5679 5686 5687
f 5679 5687 5686
f 5679 5687 5688
f 5679 5688 5687
f 5679 5688 5689
f 5679 5689 5688
f 5679 5689 5690
f 5679 5690 5689
f 5679 5690 5691
f 5679 5691 5690
f 5679 5691 5692
f 5679 5692 5691
f 5679 5692 5693
f 5679 5693 5692
f 5679 5693 5694
f 5679 5694 5693
f 5679 5694 5695
f 5679 5695 5694
f 5679 5695 5696
f 5679 5696 5695
f 5679 5696 5697
f 5679 5697 5696
f 5679 5697 5698
f 5679 5698 5697
f 5679 5698 5699
f 5679 5699 5698
f 5679 5699 5700
f 5679 5700 5699
f 5679 5700 5701
f 5679 5701 5700
f 5679 5701 5702
f 5679 5702 5701
f 5679 5702 5703
f 5679 5703 5702
f 5679 5703 5704
f 5679 5704 5703
f 5679 5704 5705
f 5679 5705 5704
f 5679 5705 5706
f 5679 5706 5705
f 5679 5706 5707
f 5679 5707 5706
f 5679 5707 5708
f 5679 5708 5707
f 5679 5708 5709
f 5679 5709 5708
f 5679 5709 5710
f 5679 5710 5709
f 5679 5710 5711
f 5679 5711 5710
f 5679 5711 5712
f 5679 5712 5711
f 5679 5712 5713
f 5679 5713 5712
f 5679 5713 5714
f 5679 5714 5713
f 5679 5714 5715
f 5679 5715 5714
f 5679 5715 5716
f 5679 5716 5715
f 5679 5716 5717
f 5679 5717 5716
f 5679 5717 5718
f 5679 5718 5717
f 5679 5718 5719
f 5679 5719 5718
f 5679 5719 5720
f 5679 5720 5719
f 5679 5720 5721
f 5679 5721 5720
f 5679 5721 5722
f 5679 5722 5721
f 5679 5722 5723
f 5679 5723 5722
f 5679 5723 5724
f 5679 5724 5723
v -0.127398 0.580955 -0.124025
v -0.125085 0.579165 -0.126773
v -0.123015 0.576881 -0.129426
v -0.121343 0.573788 -0.131924
v -0.120141 0.569739 -0.134240
v -0.119391 0.564769 -0.136380
v -0.118993 0.559084 -0.138383
v -0.118776 0.553032 -0.140316
v -0.118521 0.547054 -0.142263
v -0.118000 0.541620 -0.144314
v -0.117001 0.537158 -0.146551
v -0.115364 0.533994 -0.149036
v -0.113002 0.532304 -0.151803
v -0.109915 0.532088 -0.154851
v -0.106191 0.533171 -0.158148
v -0.101988 0.535225 -0.161630
v -0.097519 0.537823 -0.165217
v -0.093013 0.540495 -0.168818
v -0.088687 0.542801 -0.172348
v -0.084712 0.544391 -0.175742
v -0.081191 0.545060 -0.178960
v -0.078139 0.544773 -0.181995
v -0.075485 0.543678 -0.184875
v -0.073074 0.542088 -0.187661
v -0.075387 0.543877 -0.184913
v -0.077457 0.546161 -0.182260
v -0.079129 0.549255 -0.179762
v -0.080332 0.553303 -0.177446
v -0.081081 0.558273 -0.175306
v -0.081479 0.563959 -0.173303
v -0.081697 0.570011 -0.171370
v -0.081951 0.575988 -0.169423
v -0.082472 0.581422 -0.167372
v -0.083472 0.585885 -0.165135
v -0.085109 0.589049 -0.162650
v -0.087471 0.590739 -0.159883
v -0.090557 0.590954 -0.156835
v -0.094282 0.589872 -0.153538
v -0.098484 0.587817 -0.150055
v -0.102954 0.585220 -0.146469
v -0.107460 0.582547 -0.142868
v -0.111786 0.580242 -0.139338
v -0.115760 0.578652 -0.135944
v -0.119281 0.577983 -0.132726
v -0.122333 0.578269 -0.129691
v -0.124987 0.579365 -0.126811
f 5725 5726 5727
f 5725 5727 5726
f 5725 5727 5728
f 5725 5728 5727
f 5725 5728 5729
f 5725 5729 5728
f 5725 5729 5730
f 5725 5730 5729
f 5725 5730 5731
f 5725 5731 5730
f 5725 5731 5732
f 5725 5732 5731
f 5725 5732 5733
f 5725 5733 5732
f 5725 5733 5734
f 5725 5734 5733
f 5725 5734 5735
f 5725 5735 5734
f 5725 5735 5736
f 5725 5736 5735
f 5725 5736 5737
f 5725 5737 5736
f 5725 5737 5738
f 5725 5738 5737
f 5725 5738 5739
f 5725 5739 5738
f 5725 5739 5740
f 5725 5740 5739
f 5725 5740 5741
f 5725 5741 5740
f 5725 5741 5742
f 5725 5742 5741
f 5725 5742 5743
f 5725 5743 5742
f 5725 5743 5744
f 5725 5744 5743
f 5725 5744 5745
f 5725 5745 5744
f 5725 5745 5746
f 5725 5746 5745
f 5725 5746 5747
f 5725 5747 5746
f 5725 5747 5748
f 5725 5748 5747
f 5725 5748 5749
f 5725 5749 5748
f 5725 5749 5750
f 5725 5750 5749
f 5725 5750 5751
f 5725 5751 5750
f 5725 5751 5752
f 5725 5752 5751
f 5725 5752 5753
f 5725 5753 5752
f 5725 5753 5754
f 5725 5754 5753
f 5725 5754 5755
f 5725 5755 5754
f 5725 5755 5756
f 5725 5756 5755
f 5725 5756 5757
f 5725 5757 5756
f 5725 5757 5758
f 5725 5758 5757
f 5725 5758 5759
f 5725 5759 5758
f 5725 5759 5760
f 5725 5760 5759
f 5725 5760 5761
f 5725 5761 5760
f 5725 5761 5762
f 5725 5762 5761
f 5725 5762 5763
f 5725 5763 5762
f 5725 5763 5764
f 5725 5764 5763
f 5725 5764 5765
f 5725 5765 5764
f 5725 5765 5766
f 5725 5766 5765
f 5725 5766 5767
f 5725 5767 5766
f 5725 5767 5768
f 5725 5768 5767
f 5725 5768 5769
f 5725 5769 5768
f 5725 5769 5770
f 5725 5770 5769
v -0.057421 0.552750 -0.104816
v -0.055923 0.555697 -0.109618
v -0.057825 0.557519 -0.114819
v -0.062399 0.557519 -0.118433
v -0.067899 0.555697 -0.119080
v -0.072224 0.552750 -0.116511
v -0.073722 0.549803 -0.111709
v -0.071821 0.547982 -0.106508
v -0.067246 0.547982 -0.102894
v -0.061746 0.549803 -0.102248
v -0.083561 0.613857 -0.076597
v -0.082542 0.615861 -0.079863
v -0.083836 0.617100 -0.083400
v -0.086946 0.617100 -0.085857
v -0.090686 0.615861 -0.086297
v -0.093627 0.613857 -0.084550
v -0.094646 0.611853 -0.081285
v -0.093353 0.610614 -0.077748
v -0.090242 0.610614 -0.075290
v -0.086502 0.611853 -0.074851
f 5771 5772 5782
f 5771 5782 5781
f 5772 5773 5783
f 5772 5783 5782
f 5773 5774 5784
f 5773 5784 5783
f 5774 5775 5785
f 5774 5785 5784
f 5775 5776 5786
f 5775 5786 5785
f 5776 5777 5787
f 5776 5787 5786
f 5777 5778 5788
f 5777 5788 5787
f 5778 5779 5789
f 5778 5789 5788
f 5779 5780 5790
f 5779 5790 5789
f 5780 5771 5781
f 5780 5781 5790
v -0.088594 0.613857 -0.080574
v -0.084128 0.612736 -0.077605
v -0.079273 0.611976 -0.075058
v -0.073731 0.611848 -0.073255
v -0.067341 0.612503 -0.072372
v -0.060101 0.613942 -0.072410
v -0.052174 0.616014 -0.073192
v -0.043868 0.618437 -0.074385
v -0.035587 0.620837 -0.075551
v -0.027771 0.622808 -0.076213
v -0.020829 0.623972 -0.075928
v -0.015075 0.624039 -0.074355
v -0.010680 0.622854 -0.071309
v -0.007643 0.620414 -0.066791
v -0.005795 0.616878 -0.060985
v -0.004821 0.612536 -0.054232
v -0.004312 0.607764 -0.046974
v -0.003827 0.602970 -0.039690
v -0.002963 0.598526 -0.032817
v -0.001413 0.594715 -0.026688
v 0.000987 0.591688 -0.021480
v 0.004236 0.589444 -0.017192
v 0.008170 0.587834 -0.013647
v 0.012495 0.586583 -0.010525
v 0.008029 0.587703 -0.013494
v 0.003173 0.588464 -0.016040
v -0.002368 0.588592 -0.017844
v -0.008759 0.587937 -0.018727
v -0.015999 0.586498 -0.018689
v -0.023925 0.584425 -0.017907
v -0.032231 0.582003 -0.016714
v -0.040513 0.579603 -0.015547
v -0.048329 0.577632 -0.014885
v -0.055270 0.576468 -0.015171
v -0.061024 0.576400 -0.016744
v -0.065419 0.577586 -0.019790
v -0.068456 0.580025 -0.024308
v -0.070304 0.583561 -0.030113
v -0.071279 0.587904 -0.036867
v -0.071788 0.592675 -0.044124
v -0.072272 0.597470 -0.051409
v -0.073136 0.601914 -0.058282
v -0.074686 0.605725 -0.064411
v -0.077086 0.608752 -0.069619
v -0.080335 0.610995 -0.073907
v -0.084270 0.612606 -0.077452
f 5791 5792 5793
f 5791 5793 5792
f 5791 5793 5794
f 5791 5794 5793
f 5791 5794 5795
f 5791 5795 5794
f 5791 5795 5796
f 5791 5796 5795
f 5791 5796 5797
f 5791 5797 5796
f 5791 5797 5798
f 5791 5798 5797
f 5791 5798 5799
f 5791 5799 5798
f 5791 5799 5800
f 5791 5800 5799
f 5791 5800 5801
f 5791 5801 5800
f 5791 5801 5802
f 5791 5802 5801
f 5791 5802 5803
f 5791 5803 5802
f 5791 5803 5804
f 5791 5804 5803
f 5791 5804 5805
f 5791 5805 5804
f 5791 5805 5806
f 5791 5806 5805
f 5791 5806 5807
f 5791 5807 5806
f 5791 5807 5808
f 5791 5808 5807
f 5791 5808 5809
f 5791 5809 5808
f 5791 5809 5810
f 5791 5810 5809
f 5791 5810 5811
f 5791 5811 5810
f 5791 5811 5812
f 5791 5812 5811
f 5791 5812 5813
f 5791 5813 5812
f 5791 5813 5814
f 5791 5814 5813
f 5791 5814 5815
f 5791 5815 5814
f 5791 5815 5816
f 5791 5816 5815
f 5791 5816 5817
f 5791 5817 5816
f 5791 5817 5818
f 5791 5818 5817
f 5791 5818 5819
f 5791 5819 5818
f 5791 5819 5820
f 5791 5820 5819
f 5791 5820 5821
f 5791 5821 5820
f 5791 5821 5822
f 5791 5822 5821
f 5791 5822 5823
f 5791 5823 5822
f 5791 5823 5824
f 5791 5824 5823
f 5791 5824 5825
f 5791 5825 5824
f 5791 5825 5826
f 5791 5826 5825
f 5791 5826 5827
f 5791 5827 5826
f 5791 5827 5828
f 5791 5828 5827
f 5791 5828 5829
f 5791 5829 5828
f 5791 5829 5830
f 5791 5830 5829
f 5791 5830 5831
f 5791 5831 5830
f 5791 5831 5832
f 5791 5832 5831
f 5791 5832 5833
f 5791 5833 5832
f 5791 5833 5834
f 5791 5834 5833
f 5791 5834 5835
f 5791 5835 5834
f 5791 5835 5836
f 5791 5836 5835
v -0.088594 0.613857 -0.080574
v -0.088313 0.613988 -0.086007
v -0.089090 0.613774 -0.091574
v -0.091180 0.613130 -0.097306
v -0.094569 0.612062 -0.103202
v -0.099040 0.610640 -0.109235
v -0.104214 0.608988 -0.115356
v -0.109602 0.607266 -0.121505
v -0.114664 0.605651 -0.127612
v -0.118869 0.604316 -0.133611
v -0.121757 0.603411 -0.139444
v -0.122989 0.603048 -0.145068
v -0.122386 0.603284 -0.150461
v -0.119948 0.604121 -0.155622
v -0.115854 0.605499 -0.160574
v -0.110443 0.607307 -0.165360
v -0.104175 0.609395 -0.170038
v -0.097580 0.611591 -0.174674
v -0.091200 0.613716 -0.179338
v -0.085523 0.615611 -0.184090
v -0.080928 0.617152 -0.188979
v -0.077632 0.618269 -0.194032
v -0.075650 0.618957 -0.199250
v -0.074724 0.619299 -0.204602
v -0.075005 0.619168 -0.199169
v -0.074228 0.619382 -0.193602
v -0.072139 0.620026 -0.187870
v -0.068749 0.621094 -0.181974
v -0.064279 0.622516 -0.175941
v -0.059104 0.624168 -0.169820
v -0.053716 0.625890 -0.163671
v -0.048654 0.627505 -0.157564
v -0.044449 0.628840 -0.151565
v -0.041561 0.629745 -0.145732
v -0.040329 0.630108 -0.140108
v -0.040932 0.629871 -0.134715
v -0.043370 0.629035 -0.129554
v -0.047464 0.627657 -0.124602
v -0.052875 0.625849 -0.119816
v -0.059143 0.623760 -0.115138
v -0.065738 0.621565 -0.110502
v -0.072118 0.619440 -0.105838
v -0.077795 0.617545 -0.101086
v -0.082390 0.616003 -0.096197
v -0.085686 0.614887 -0.091144
v -0.087669 0.614199 -0.085926
f 5837 5838 5839
f 5837 5839 5838
f 5837 5839 5840
f 5837 5840 5839
f 5837 5840 5841
f 5837 5841 5840
f 5837 5841 5842
f 5837 5842 5841
f 5837 5842 5843
f 5837 5843 5842
f 5837 5843 5844
f 5837 5844 5843
f 5837 5844 5845
f 5837 5845 5844
f 5837 5845 5846
f 5837 5846 5845
f 5837 5846 5847
f 5837 5847 5846
f 5837 5847 5848
f 5837 5848 5847
f 5837 5848 5849
f 5837 5849 5848
f 5837 5849 5850
f 5837 5850 5849
f 5837 5850 5851
f 5837 5851 5850
f 5837 5851 5852
f 5837 5852 5851
f 5837 5852 5853
f 5837 5853 5852
f 5837 5853 5854
f 5837 5854 5853
f 5837 5854 5855
f 5837 5855 5854
f 5837 5855 5856
f 5837 5856 5855
f 5837 5856 5857
f 5837 5857 5856
f 5837 5857 5858
f 5837 5858 5857
f 5837 5858 5859
f 5837 5859 5858
f 5837 5859 5860
f 5837 5860 5859
f 5837 5860 5861
f 5837 5861 5860
f 5837 5861 5862
f 5837 5862 5861
f 5837 5862 5863
f 5837 5863 5862
f 5837 5863 5864
f 5837 5864 5863
f 5837 5864 5865
f 5837 5865 5864
f 5837 5865 5866
f 5837 5866 5865
f 5837 5866 5867
f 5837 5867 5866
f 5837 5867 5868
f 5837 5868 5867
f 5837 5868 5869
f 5837 5869 5868
f 5837 5869 5870
f 5837 5870 5869
f 5837 5870 5871
f 5837 5871 5870
f 5837 5871 5872
f 5837 5872 5871
f 5837 5872 5873
f 5837 5873 5872
f 5837 5873 5874
f 5837 5874 5873
f 5837 5874 5875
f 5837 5875 5874
f 5837 5875 5876
f 5837 5876 5875
f 5837 5876 5877
f 5837 5877 5876
f 5837 5877 5878
f 5837 5878 5877
f 5837 5878 5879
f 5837 5879 5878
f 5837 5879 5880
f 5837 5880 5879
f 5837 5880 5881
f 5837 5881 5880
f 5837 5881 5882
f 5837 5882 5881
v -0.088594 0.613857 -0.080574
v -0.091495 0.610294 -0.080593
v -0.094099 0.606332 -0.079570
v -0.096398 0.601958 -0.077469
v -0.098426 0.597221 -0.074418
v -0.100253 0.592213 -0.070656
v -0.101970 0.587056 -0.066503
v -0.103679 0.581889 -0.062326
v -0.105488 0.576858 -0.058502
v -0.107499 0.572096 -0.055386
v -0.109794 0.567719 -0.053275
v -0.112436 0.563807 -0.052384
v -0.115457 0.560405 -0.052826
v -0.118856 0.557513 -0.054602
v -0.122601 0.555086 -0.057597
v -0.126631 0.553043 -0.061599
v -0.130862 0.551271 -0.066307
v -0.135194 0.549633 -0.071369
v -0.139518 0.547987 -0.076406
v -0.143732 0.546191 -0.081052
v -0.147744 0.544123 -0.084989
v -0.151486 0.541693 -0.087975
v -0.154923 0.538851 -0.089882
v -0.158063 0.535610 -0.090747
v -0.155163 0.539173 -0.090727
v -0.152558 0.543135 -0.091750
v -0.150260 0.547509 -0.093852
v -0.148231 0.552246 -0.096903
v -0.146404 0.557254 -0.100665
v -0.144688 0.562411 -0.104818
v -0.142978 0.567578 -0.108995
v -0.141169 0.572609 -0.112819
v -0.139158 0.577371 -0.115935
v -0.136863 0.581748 -0.118046
v -0.134221 0.585660 -0.118937
v -0.131200 0.589062 -0.118495
v -0.127802 0.591955 -0.116719
v -0.124056 0.594381 -0.113723
v -0.120026 0.596424 -0.109722
v -0.115795 0.598196 -0.105014
v -0.111463 0.599834 -0.099952
v -0.107139 0.601480 -0.094915
v -0.102925 0.603276 -0.090268
v -0.098913 0.605344 -0.086332
v -0.095171 0.607774 -0.083346
v -0.091734 0.610617 -0.081439
f 5883 5884 5885
f 5883 5885 5884
f 5883 5885 5886
f 5883 5886 5885
f 5883 5886 5887
f 5883 5887 5886
f 5883 5887 5888
f 5883 5888 5887
f 5883 5888 5889
f 5883 5889 5888
f 5883 5889 5890
f 5883 5890 5889
f 5883 5890 5891
f 5883 5891 5890
f 5883 5891 5892
f 5883 5892 5891
f 5883 5892 5893
f 5883 5893 5892
f 5883 5893 5894
f 5883 5894 5893
f 5883 5894 5895
f 5883 5895 5894
f 5883 5895 5896
f 5883 5896 5895
f 5883 5896 5897
f 5883 5897 5896
f 5883 5897 5898
f 5883 5898 5897
f 5883 5898 5899
f 5883 5899 5898
f 5883 5899 5900
f 5883 5900 5899
f 5883 5900 5901
f 5883 5901 5900
f 5883 5901 5902
f 5883 5902 5901
f 5883 5902 5903
f 5883 5903 5902
f 5883 5903 5904
f 5883 5904 5903
f 5883 5904 5905
f 5883 5905 5904
f 5883 5905 5906
f 5883 5906 5905
f 5883 5906 5907
f 5883 5907 5906
f 5883 5907 5908
f 5883 5908 5907
f 5883 5908 5909
f 5883 5909 5908
f 5883 5909 5910
f 5883 5910 5909
f 5883 5910 5911
f 5883 5911 5910
f 5883 5911 5912
f 5883 5912 5911
f 5883 5912 5913
f 5883 5913 5912
f 5883 5913 5914
f 5883 5914 5913
f 5883 5914 5915
f 5883 5915 5914
f 5883 5915 5916
f 5883 5916 5915
f 5883 5916 5917
f 5883 5917 5916
f 5883 5917 5918
f 5883 5918 5917
f 5883 5918 5919
f 5883 5919 5918
f 5883 5919 5920
f 5883 5920 5919
f 5883 5920 5921
f 5883 5921 5920
f 5883 5921 5922
f 5883 5922 5921
f 5883 5922 5923
f 5883 5923 5922
f 5883 5923 5924
f 5883 5924 5923
f 5883 5924 5925
f 5883 5925 5924
f 5883 5925 5926
f 5883 5926 5925
f 5883 5926 5927
f 5883 5927 5926
f 5883 5927 5928
f 5883 5928 5927
v -0.074154 0.552750 -0.109283
v -0.071666 0.555485 -0.104775
v -0.066564 0.557174 -0.102517
v -0.060797 0.557174 -0.103370
v -0.056567 0.555485 -0.107009
v -0.055491 0.552750 -0.112044
v -0.057979 0.550016 -0.116552
v -0.063081 0.548326 -0.118811
v -0.068848 0.548326 -0.117957
v -0.073078 0.550016 -0.114318
v -0.075617 0.606369 -0.139793
v -0.073925 0.608228 -0.136728
v -0.070456 0.609378 -0.135192
v -0.066534 0.609378 -0.135773
v -0.063658 0.608228 -0.138247
v -0.062926 0.606369 -0.141671
v -0.064618 0.604510 -0.144736
v -0.068087 0.603361 -0.146272
v -0.072009 0.603361 -0.145692
v -0.074885 0.604510 -0.143217
f 5929 5930 5940
f 5929 5940 5939
f 5930 5931 5941
f 5930 5941 5940
f 5931 5932 5942
f 5931 5942 5941
f 5932 5933 5943
f 5932 5943 5942
f 5933 5934 5944
f 5933 5944 5943
f 5934 5935 5945
f 5934 5945 5944
f 5935 5936 5946
f 5935 5946 5945
f 5936 5937 5947
f 5936 5947 5946
f 5937 5938 5948
f 5937 5948 5947
f 5938 5929 5939
f 5938 5939 5948
v -0.069271 0.606369 -0.140732
v -0.073326 0.605707 -0.138560
v -0.077172 0.605354 -0.135867
v -0.080675 0.605509 -0.132318
v -0.083771 0.606269 -0.127752
v -0.086473 0.607614 -0.122200
v -0.088867 0.609416 -0.115880
v -0.091101 0.611454 -0.109161
v -0.093365 0.613448 -0.102517
v -0.095860 0.615101 -0.096448
v -0.098769 0.616137 -0.091416
v -0.102234 0.616350 -0.087771
v -0.106330 0.615626 -0.085701
v -0.111056 0.613967 -0.085208
v -0.116338 0.611483 -0.086102
v -0.122035 0.608384 -0.088032
v -0.127962 0.604943 -0.090538
v -0.133919 0.601458 -0.093117
v -0.139716 0.598210 -0.095299
v -0.145206 0.595418 -0.096712
v -0.150301 0.593211 -0.097140
v -0.154989 0.591609 -0.096551
v -0.159334 0.590515 -0.095104
v -0.163471 0.589730 -0.093138
v -0.159417 0.590392 -0.095311
v -0.155571 0.590746 -0.098003
v -0.152068 0.590590 -0.101552
v -0.148971 0.589830 -0.106118
v -0.146270 0.588485 -0.111670
v -0.143876 0.586683 -0.117991
v -0.141642 0.584645 -0.124709
v -0.139378 0.582651 -0.131354
v -0.136883 0.580999 -0.137422
v -0.133973 0.579962 -0.142455
v -0.130509 0.579750 -0.146100
v -0.126413 0.580473 -0.148169
v -0.121687 0.582133 -0.148662
v -0.116405 0.584616 -0.147769
v -0.110708 0.587715 -0.145839
v -0.104781 0.591156 -0.143333
v -0.098824 0.594641 -0.140753
v -0.093027 0.597890 -0.138571
v -0.087537 0.600682 -0.137158
v -0.082442 0.602888 -0.136730
v -0.077754 0.604491 -0.137320
v -0.073409 0.605584 -0.138766
f 5949 5950 5951
f 5949 5951 5950
f 5949 5951 5952
f 5949 5952 5951
f 5949 5952 5953
f 5949 5953 5952
f 5949 5953 5954
f 5949 5954 5953
f 5949 5954 5955
f 5949 5955 5954
f 5949 5955 5956
f 5949 5956 5955
f 5949 5956 5957
f 5949 5957 5956
f 5949 5957 5958
f 5949 5958 5957
f 5949 5958 5959
f 5949 5959 5958
f 5949 5959 5960
f 5949 5960 5959
f 5949 5960 5961
f 5949 5961 5960
f 5949 5961 5962
f 5949 5962 5961
f 5949 5962 5963
f 5949 5963 5962
f 5949 5963 5964
f 5949 5964 5963
f 5949 5964 5965
f 5949 5965 5964
f 5949 5965 5966
f 5949 5966 5965
f 5949 5966 5967
f 5949 5967 5966
f 5949 5967 5968
f 5949 5968 5967
f 5949 5968 5969
f 5949 5969 5968
f 5949 5969 5970
f 5949 5970 5969
f 5949 5970 5971
f 5949 5971 5970
f 5949 5971 5972
f 5949 5972 5971
f 5949 5972 5973
f 5949 5973 5972
f 5949 5973 5974
f 5949 5974 5973
f 5949 5974 5975
f 5949 5975 5974
f 5949 5975 5976
f 5949 5976 5975
f 5949 5976 5977
f 5949 5977 5976
f 5949 5977 5978
f 5949 5978 5977
f 5949 5978 5979
f 5949 5979 5978
f 5949 5979 5980
f 5949 5980 5979
f 5949 5980 5981
f 5949 5981 5980
f 5949 5981 5982
f 5949 5982 5981
f 5949 5982 5983
f 5949 5983 5982
f 5949 5983 5984
f 5949 5984 5983
f 5949 5984 5985
f 5949 5985 5984
f 5949 5985 5986
f 5949 5986 5985
f 5949 5986 5987
f 5949 5987 5986
f 5949 5987 5988
f 5949 5988 5987
f 5949 5988 5989
f 5949 5989 5988
f 5949 5989 5990
f 5949 5990 5989
f 5949 5990 5991
f 5949 5991 5990
f 5949 5991 5992
f 5949 5992 5991
f 5949 5992 5993
f 5949 5993 5992
f 5949 5993 5994
f 5949 5994 5993
v -0.069271 0.606369 -0.140732
v -0.065630 0.605327 -0.138616
v -0.061263 0.603797 -0.137477
v -0.056321 0.601881 -0.137114
v -0.050953 0.599677 -0.137324
v -0.045323 0.597297 -0.137888
v -0.039605 0.594858 -0.138571
v -0.033975 0.592478 -0.139135
v -0.028601 0.590270 -0.139355
v -0.023630 0.588333 -0.139030
v -0.019182 0.586749 -0.138000
v -0.015344 0.585575 -0.136149
v -0.012158 0.584840 -0.133418
v -0.009624 0.584544 -0.129808
v -0.007699 0.584657 -0.125378
v -0.006298 0.585123 -0.120241
v -0.005301 0.585861 -0.114560
v -0.004559 0.586770 -0.108535
v -0.003905 0.587739 -0.102391
v -0.003163 0.588648 -0.096366
v -0.002158 0.589381 -0.090694
v -0.000728 0.589828 -0.085597
v 0.001277 0.589887 -0.081275
v 0.004007 0.589459 -0.077930
v 0.000366 0.590500 -0.080046
v -0.004001 0.592030 -0.081185
v -0.008943 0.593947 -0.081549
v -0.014311 0.596151 -0.081338
v -0.019941 0.598531 -0.080774
v -0.025659 0.600970 -0.080092
v -0.031289 0.603350 -0.079528
v -0.036663 0.605558 -0.079308
v -0.041635 0.607495 -0.079632
v -0.046082 0.609079 -0.080663
v -0.049920 0.610253 -0.082514
v -0.053106 0.610988 -0.085244
v -0.055640 0.611284 -0.088854
v -0.057565 0.611171 -0.093285
v -0.058966 0.610705 -0.098422
v -0.059963 0.609967 -0.104102
v -0.060705 0.609058 -0.110127
v -0.061359 0.608089 -0.116271
v -0.062101 0.607179 -0.122296
v -0.063106 0.606446 -0.127968
v -0.064536 0.606000 -0.133065
v -0.066541 0.605940 -0.137388
f 5995 5996 5997
f 5995 5997 5996
f 5995 5997 5998
f 5995 5998 5997
f 5995 5998 5999
f 5995 5999 5998
f 5995 5999 6000
f 5995 6000 5999
f 5995 6000 6001
f 5995 6001 6000
f 5995 6001 6002
f 5995 6002 6001
f 5995 6002 6003
f 5995 6003 6002
f 5995 6003 6004
f 5995 6004 6003
f 5995 6004 6005
f 5995 6005 6004
f 5995 6005 6006
f 5995 6006 6005
f 5995 6006 6007
f 5995 6007 6006
f 5995 6007 6008
f 5995 6008 6007
f 5995 6008 6009
f 5995 6009 6008
f 5995 6009 6010
f 5995 6010 6009
f 5995 6010 6011
f 5995 6011 6010
f 5995 6011 6012
f 5995 6012 6011
f 5995 6012 6013
f 5995 6013 6012
f 5995 6013 6014
f 5995 6014 6013
f 5995 6014 6015
f 5995 6015 6014
f 5995 6015 6016
f 5995 6016 6015
f 5995 6016 6017
f 5995 6017 6016
f 5995 6017 6018
f 5995 6018 6017
f 5995 6018 6019
f 5995 6019 6018
f 5995 6019 6020
f 5995 6020 6019
f 5995 6020 6021
f 5995 6021 6020
f 5995 6021 6022
f 5995 6022 6021
f 5995 6022 6023
f 5995 6023 6022
f 5995 6023 6024
f 5995 6024 6023
f 5995 6024 6025
f 5995 6025 6024
f 5995 6025 6026
f 5995 6026 6025
f 5995 6026 6027
f 5995 6027 6026
f 5995 6027 6028
f 5995 6028 6027
f 5995 6028 6029
f 5995 6029 6028
f 5995 6029 6030
f 5995 6030 6029
f 5995 6030 6031
f 5995 6031 6030
f 5995 6031 6032
f 5995 6032 6031
f 5995 6032 6033
f 5995 6033 6032
f 5995 6033 6034
f 5995 6034 6033
f 5995 6034 6035
f 5995 6035 6034
f 5995 6035 6036
f 5995 6036 6035
f 5995 6036 6037
f 5995 6037 6036
f 5995 6037 6038
f 5995 6038 6037
f 5995 6038 6039
f 5995 6039 6038
f 5995 6039 6040
f 5995 6040 6039
v -0.069271 0.606369 -0.140732
v -0.067290 0.602448 -0.144125
v -0.066393 0.598210 -0.147923
v -0.066789 0.593593 -0.152203
v -0.068432 0.588613 -0.156950
v -0.071087 0.583336 -0.162074
v -0.074381 0.577872 -0.167437
v -0.077840 0.572360 -0.172862
v -0.080954 0.566949 -0.178158
v -0.083225 0.561784 -0.183139
v -0.084225 0.556991 -0.187646
v -0.083641 0.552661 -0.191560
v -0.081306 0.548843 -0.194821
v -0.077222 0.545537 -0.197428
v -0.071553 0.542695 -0.199443
v -0.064613 0.540224 -0.200984
v -0.056830 0.537999 -0.202209
v -0.048701 0.535876 -0.203306
v -0.040739 0.533704 -0.204465
v -0.033415 0.531345 -0.205861
v -0.027103 0.528690 -0.207637
v -0.022038 0.525671 -0.209878
v -0.018266 0.522274 -0.212601
v -0.015579 0.518559 -0.215730
v -0.017561 0.522480 -0.212338
v -0.018457 0.526718 -0.208540
v -0.018061 0.531335 -0.204259
v -0.016419 0.536316 -0.199513
v -0.013763 0.541593 -0.194388
v -0.010470 0.547056 -0.189025
v -0.007010 0.552568 -0.183600
v -0.003896 0.557980 -0.178305
v -0.001625 0.563144 -0.173323
v -0.000625 0.567937 -0.168817
v -0.001209 0.572267 -0.164903
v -0.003544 0.576085 -0.161642
v -0.007628 0.579391 -0.159035
v -0.013297 0.582233 -0.157020
v -0.020238 0.584704 -0.155479
v -0.028020 0.586929 -0.154253
v -0.036149 0.589052 -0.153157
v -0.044111 0.591224 -0.151998
v -0.051436 0.593583 -0.150601
v -0.057747 0.596238 -0.148826
v -0.062812 0.599257 -0.146585
v -0.066584 0.602654 -0.143861
f 6041 6042 6043
f 6041 6043 6042
f 6041 6043 6044
f 6041 6044 6043
f 6041 6044 6045
f 6041 6045 6044
f 6041 6045 6046
f 6041 6046 6045
f 6041 6046 6047
f 6041 6047 6046
f 6041 6047 6048
f 6041 6048 6047
f 6041 6048 6049
f 6041 6049 6048
f 6041 6049 6050
f 6041 6050 6049
f 6041 6050 6051
f 6041 6051 6050
f 6041 6051 6052
f 6041 6052 6051
f 6041 6052 6053
f 6041 6053 6052
f 6041 6053 6054
f 6041 6054 6053
f 6041 6054 6055
f 6041 6055 6054
f 6041 6055 6056
f 6041 6056 6055
f 6041 6056 6057
f 6041 6057 6056
f 6041 6057 6058
f 6041 6058 6057
f 6041 6058 6059
f 6041 6059 6058
f 6041 6059 6060
f 6041 6060 6059
f 6041 6060 6061
f 6041 6061 6060
f 6041 6061 6062
f 6041 6062 6061
f 6041 6062 6063
f 6041 6063 6062
f 6041 6063 6064
f 6041 6064 6063
f 6041 6064 6065
f 6041 6065 6064
f 6041 6065 6066
f 6041 6066 6065
f 6041 6066 6067
f 6041 6067 6066
f 6041 6067 6068
f 6041 6068 6067
f 6041 6068 6069
f 6041 6069 6068
f 6041 6069 6070
f 6041 6070 6069
f 6041 6070 6071
f 6041 6071 6070
f 6041 6071 6072
f 6041 6072 6071
f 6041 6072 6073
f 6041 6073 6072
f 6041 6073 6074
f 6041 6074 6073
f 6041 6074 6075
f 6041 6075 6074
f 6041 6075 6076
f 6041 6076 6075
f 6041 6076 6077
f 6041 6077 6076
f 6041 6077 6078
f 6041 6078 6077
f 6041 6078 6079
f 6041 6079 6078
f 6041 6079 6080
f 6041 6080 6079
f 6041 6080 6081
f 6041 6081 6080
f 6041 6081 6082
f 6041 6082 6081
f 6041 6082 6083
f 6041 6083 6082
f 6041 6083 6084
f 6041 6084 6083
f 6041 6084 6085
f 6041 6085 6084
f 6041 6085 6086
f 6041 6086 6085
v -0.005321 0.461680 -0.121856
v -0.010152 0.467106 -0.117304
v -0.011345 0.470460 -0.109505
v -0.008445 0.470460 -0.101437
v -0.002559 0.467106 -0.096182
v 0.004065 0.461680 -0.095748
v 0.008896 0.456254 -0.100300
v 0.010089 0.452901 -0.108099
v 0.007189 0.452901 -0.116167
v 0.001303 0.456254 -0.121422
v 0.066269 0.545221 -0.142874
v 0.062984 0.548911 -0.139778
v 0.062172 0.551191 -0.134475
v 0.064144 0.551191 -0.128988
v 0.068147 0.548911 -0.125415
v 0.072651 0.545221 -0.125120
v 0.075936 0.541531 -0.128215
v 0.076748 0.539251 -0.133519
v 0.074775 0.539251 -0.139005
v 0.070773 0.541531 -0.142578
f 6087 6088 6098
f 6087 6098 6097
f 6088 6089 6099
f 6088 6099 6098
f 6089 6090 6100
f 6089 6100 6099
f 6090 6091 6101
f 6090 6101 6100
f 6091 6092 6102
f 6091 6102 6101
f 6092 6093 6103
f 6092 6103 6102
f 6093 6094 6104
f 6093 6104 6103
f 6094 6095 6105
f 6094 6105 6104
f 6095 6096 6106
f 6095 6106 6105
f 6096 6087 6097
f 6096 6097 6106
v 0.069460 0.545221 -0.133997
v 0.068075 0.543398 -0.138992
v 0.066385 0.541829 -0.143998
v 0.063973 0.540857 -0.149031
v 0.060475 0.540783 -0.154104
v 0.055714 0.541756 -0.159224
v 0.049774 0.543704 -0.164388
v 0.043017 0.546329 -0.169582
v 0.036039 0.549136 -0.174784
v 0.029563 0.551528 -0.179968
v 0.024306 0.552911 -0.185106
v 0.020844 0.552808 -0.190178
v 0.019496 0.550956 -0.195171
v 0.020261 0.547353 -0.200086
v 0.022821 0.542266 -0.204935
v 0.026601 0.536168 -0.209738
v 0.030882 0.529656 -0.214523
v 0.034942 0.523326 -0.219316
v 0.038185 0.517673 -0.224139
v 0.040250 0.512995 -0.229006
v 0.041050 0.509364 -0.233920
v 0.040766 0.506630 -0.238874
v 0.039760 0.504495 -0.243855
v 0.038447 0.502612 -0.248847
v 0.039832 0.504435 -0.243852
v 0.041522 0.506005 -0.238846
v 0.043935 0.506976 -0.233813
v 0.047432 0.507050 -0.228740
v 0.052193 0.506077 -0.223620
v 0.058133 0.504129 -0.218456
v 0.064890 0.501505 -0.213262
v 0.071868 0.498697 -0.208060
v 0.078344 0.496305 -0.202876
v 0.083601 0.494922 -0.197738
v 0.087063 0.495025 -0.192666
v 0.088411 0.496877 -0.187673
v 0.087646 0.500480 -0.182758
v 0.085086 0.505567 -0.177909
v 0.081306 0.511665 -0.173106
v 0.077025 0.518177 -0.168321
v 0.072965 0.524507 -0.163528
v 0.069722 0.530160 -0.158705
v 0.067658 0.534838 -0.153838
v 0.066857 0.538469 -0.148924
v 0.067141 0.541203 -0.143970
v 0.068147 0.543338 -0.138989
f 6107 6108 6109
f 6107 6109 6108
f 6107 6109 6110
f 6107 6110 6109
f 6107 6110 6111
f 6107 6111 6110
f 6107 6111 6112
f 6107 6112 6111
f 6107 6112 6113
f 6107 6113 6112
f 6107 6113 6114
f 6107 6114 6113
f 6107 6114 6115
f 6107 6115 6114
f 6107 6115 6116
f 6107 6116 6115
f 6107 6116 6117
f 6107 6117 6116
f 6107 6117 6118
f 6107 6118 6117
f 6107 6118 6119
f 6107 6119 6118
f 6107 6119 6120
f 6107 6120 6119
f 6107 6120 6121
f 6107 6121 6120
f 6107 6121 6122
f 6107 6122 6121
f 6107 6122 6123
f 6107 6123 6122
f 6107 6123 6124
f 6107 6124 6123
f 6107 6124 6125
f 6107 6125 6124
f 6107 6125 6126
f 6107 6126 6125
f 6107 6126 6127
f 6107 6127 6126
f 6107 6127 6128
f 6107 6128 6127
f 6107 6128 6129
f 6107 6129 6128
f 6107 6129 6130
f 6107 6130 6129
f 6107 6130 6131
f 6107 6131 6130
f 6107 6131 6132
f 6107 6132 6131
f 6107 6132 6133
f 6107 6133 6132
f 6107 6133 6134
f 6107 6134 6133
f 6107 6134 6135
f 6107 6135 6134
f 6107 6135 6136
f 6107 6136 6135
f 6107 6136 6137
f 6107 6137 6136
f 6107 6137 6138
f 6107 6138 6137
f 6107 6138 6139
f 6107 6139 6138
f 6107 6139 6140
f 6107 6140 6139
f 6107 6140 6141
f 6107 6141 6140
f 6107 6141 6142
f 6107 6142 6141
f 6107 6142 6143
f 6107 6143 6142
f 6107 6143 6144
f 6107 6144 6143
f 6107 6144 6145
f 6107 6145 6144
f 6107 6145 6146
f 6107 6146 6145
f 6107 6146 6147
f 6107 6147 6146
f 6107 6147 6148
f 6107 6148 6147
f 6107 6148 6149
f 6107 6149 6148
f 6107 6149 6150
f 6107 6150 6149
f 6107 6150 6151
f 6107 6151 6150
f 6107 6151 6152
f 6107 6152 6151
v 0.069460 0.545221 -0.133997
v 0.067722 0.545172 -0.129901
v 0.066968 0.544509 -0.125099
v 0.066977 0.543372 -0.119752
v 0.067540 0.541889 -0.114007
v 0.068438 0.540198 -0.108022
v 0.069439 0.538443 -0.101964
v 0.070310 0.536768 -0.095998
v 0.070834 0.535310 -0.090282
v 0.070818 0.534188 -0.084952
v 0.070104 0.533501 -0.080122
v 0.068584 0.533316 -0.075870
v 0.066200 0.533669 -0.072237
v 0.062953 0.534559 -0.069222
v 0.058900 0.535952 -0.066785
v 0.054149 0.537780 -0.064847
v 0.048858 0.539943 -0.063297
v 0.043219 0.542324 -0.061996
v 0.037452 0.544785 -0.060787
v 0.031787 0.547181 -0.059505
v 0.026456 0.549370 -0.057983
v 0.021680 0.551213 -0.056064
v 0.017666 0.552581 -0.053598
v 0.014637 0.553336 -0.050427
v 0.016376 0.553385 -0.054523
v 0.017129 0.554048 -0.059325
v 0.017121 0.555185 -0.064672
v 0.016557 0.556668 -0.070417
v 0.015659 0.558359 -0.076402
v 0.014658 0.560114 -0.082460
v 0.013787 0.561789 -0.088426
v 0.013263 0.563247 -0.094142
v 0.013279 0.564368 -0.099472
v 0.013993 0.565056 -0.104302
v 0.015513 0.565241 -0.108554
v 0.017897 0.564888 -0.112187
v 0.021144 0.563997 -0.115202
v 0.025197 0.562604 -0.117639
v 0.029948 0.560777 -0.119577
v 0.035239 0.558613 -0.121127
v 0.040878 0.556233 -0.122428
v 0.046645 0.553772 -0.123637
v 0.052311 0.551375 -0.124919
v 0.057641 0.549187 -0.126441
v 0.062417 0.547344 -0.128360
v 0.066431 0.545976 -0.130826
f 6153 6154 6155
f 6153 6155 6154
f 6153 6155 6156
f 6153 6156 6155
f 6153 6156 6157
f 6153 6157 6156
f 6153 6157 6158
f 6153 6158 6157
f 6153 6158 6159
f 6153 6159 6158
f 6153 6159 6160
f 6153 6160 6159
f 6153 6160 6161
f 6153 6161 6160
f 6153 6161 6162
f 6153 6162 6161
f 6153 6162 6163
f 6153 6163 6162
f 6153 6163 6164
f 6153 6164 6163
f 6153 6164 6165
f 6153 6165 6164
f 6153 6165 6166
f 6153 6166 6165
f 6153 6166 6167
f 6153 6167 6166
f 6153 6167 6168
f 6153 6168 6167
f 6153 6168 6169
f 6153 6169 6168
f 6153 6169 6170
f 6153 6170 6169
f 6153 6170 6171
f 6153 6171 6170
f 6153 6171 6172
f 6153 6172 6171
f 6153 6172 6173
f 6153 6173 6172
f 6153 6173 6174
f 6153 6174 6173
f 6153 6174 6175
f 6153 6175 6174
f 6153 6175 6176
f 6153 6176 6175
f 6153 6176 6177
f 6153 6177 6176
f 6153 6177 6178
f 6153 6178 6177
f 6153 6178 6179
f 6153 6179 6178
f 6153 6179 6180
f 6153 6180 6179
f 6153 6180 6181
f 6153 6181 6180
f 6153 6181 6182
f 6153 6182 6181
f 6153 6182 6183
f 6153 6183 6182
f 6153 6183 6184
f 6153 6184 6183
f 6153 6184 6185
f 6153 6185 6184
f 6153 6185 6186
f 6153 6186 6185
f 6153 6186 6187
f 6153 6187 6186
f 6153 6187 6188
f 6153 6188 6187
f 6153 6188 6189
f 6153 6189 6188
f 6153 6189 6190
f 6153 6190 6189
f 6153 6190 6191
f 6153 6191 6190
f 6153 6191 6192
f 6153 6192 6191
f 6153 6192 6193
f 6153 6193 6192
f 6153 6193 6194
f 6153 6194 6193
f 6153 6194 6195
f 6153 6195 6194
f 6153 6195 6196
f 6153 6196 6195
f 6153 6196 6197
f 6153 6197 6196
f 6153 6197 6198
f 6153 6198 6197
v 0.069460 0.545221 -0.133997
v 0.071976 0.541018 -0.133321
v 0.074597 0.536301 -0.134057
v 0.077300 0.531185 -0.135892
v 0.080061 0.525776 -0.138533
v 0.082859 0.520190 -0.141661
v 0.085669 0.514548 -0.144944
v 0.088464 0.508971 -0.148045
v 0.091224 0.503575 -0.150649
v 0.093925 0.498462 -0.152475
v 0.096552 0.493715 -0.153297
v 0.099094 0.489391 -0.152954
v 0.101543 0.485520 -0.151366
v 0.103900 0.482102 -0.148531
v 0.106170 0.479107 -0.144532
v 0.108367 0.476478 -0.139528
v 0.110506 0.474131 -0.133747
v 0.112608 0.471966 -0.127468
v 0.114697 0.469866 -0.121008
v 0.116797 0.467710 -0.114702
v 0.118933 0.465377 -0.108884
v 0.121129 0.462751 -0.103871
v 0.123406 0.459726 -0.099958
v 0.125788 0.456187 -0.097456
v 0.123271 0.460390 -0.098131
v 0.120650 0.465106 -0.097395
v 0.117948 0.470222 -0.095560
v 0.115186 0.475631 -0.092919
v 0.112388 0.481218 -0.089791
v 0.109579 0.486860 -0.086509
v 0.106783 0.492437 -0.083407
v 0.104024 0.497832 -0.080803
v 0.101323 0.502945 -0.078977
v 0.098695 0.507692 -0.078155
v 0.096154 0.512017 -0.078498
v 0.093705 0.515888 -0.080087
v 0.091348 0.519306 -0.082922
v 0.089077 0.522300 -0.086921
v 0.086881 0.524930 -0.091924
v 0.084742 0.527276 -0.097706
v 0.082640 0.529441 -0.103985
v 0.080551 0.531541 -0.110445
v 0.078451 0.533697 -0.116751
v 0.076314 0.536030 -0.122569
v 0.074118 0.538656 -0.127581
v 0.071841 0.541682 -0.131495
f 6199 6200 6201
f 6199 6201 6200
f 6199 6201 6202
f 6199 6202 6201
f 6199 6202 6203
f 6199 6203 6202
f 6199 6203 6204
f 6199 6204 6203
f 6199 6204 6205
f 6199 6205 6204
f 6199 6205 6206
f 6199 6206 6205
f 6199 6206 6207
f 6199 6207 6206
f 6199 6207 6208
f 6199 6208 6207
f 6199 6208 6209
f 6199 6209 6208
f 6199 6209 6210
f 6199 6210 6209
f 6199 6210 6211
f 6199 6211 6210
f 6199 6211 6212
f 6199 6212 6211
f 6199 6212 6213
f 6199 6213 6212
f 6199 6213 6214
f 6199 6214 6213
f 6199 6214 6215
f 6199 6215 6214
f 6199 6215 6216
f 6199 6216 6215
f 6199 6216 6217
f 6199 6217 6216
f 6199 6217 6218
f 6199 6218 6217
f 6199 6218 6219
f 6199 6219 6218
f 6199 6219 6220
f 6199 6220 6219
f 6199 6220 6221
f 6199 6221 6220
f 6199 6221 6222
f 6199 6222 6221
f 6199 6222 6223
f 6199 6223 6222
f 6199 6223 6224
f 6199 6224 6223
f 6199 6224 6225
f 6199 6225 6224
f 6199 6225 6226
f 6199 6226 6225
f 6199 6226 6227
f 6199 6227 6226
f 6199 6227 6228
f 6199 6228 6227
f 6199 6228 6229
f 6199 6229 6228
f 6199 6229 6230
f 6199 6230 6229
f 6199 6230 6231
f 6199 6231 6230
f 6199 6231 6232
f 6199 6232 6231
f 6199 6232 6233
f 6199 6233 6232
f 6199 6233 6234
f 6199 6234 6233
f 6199 6234 6235
f 6199 6235 6234
f 6199 6235 6236
f 6199 6236 6235
f 6199 6236 6237
f 6199 6237 6236
f 6199 6237 6238
f 6199 6238 6237
f 6199 6238 6239
f 6199 6239 6238
f 6199 6239 6240
f 6199 6240 6239
f 6199 6240 6241
f 6199 6241 6240
f 6199 6241 6242
f 6199 6242 6241
f 6199 6242 6243
f 6199 6243 6242
f 6199 6243 6244
f 6199 6244 6243
v 0.067659 0.545221 -0.143256
v 0.066417 0.550525 -0.141179
v 0.066338 0.553803 -0.136359
v 0.067451 0.553803 -0.130637
v 0.069331 0.550525 -0.126197
v 0.071261 0.545221 -0.124737
v 0.072502 0.539917 -0.126814
v 0.072581 0.536639 -0.131634
v 0.071468 0.536639 -0.137357
v 0.069588 0.539917 -0.141796
v 0.130012 0.564383 -0.152309
v 0.129168 0.567990 -0.150897
v 0.129114 0.570219 -0.147619
v 0.129871 0.570219 -0.143727
v 0.131149 0.567990 -0.140709
v 0.132461 0.564383 -0.139716
v 0.133305 0.560776 -0.141128
v 0.133359 0.558547 -0.144406
v 0.132602 0.558547 -0.148297
v 0.131324 0.560776 -0.151316
f 6245 6246 6256
f 6245 6256 6255
f 6246 6247 6257
f 6246 6257 6256
f 6247 6248 6258
f 6247 6258 6257
f 6248 6249 6259
f 6248 6259 6258
f 6249 6250 6260
f 6249 6260 6259
f 6250 6251 6261
f 6250 6261 6260
f 6251 6252 6262
f 6251 6262 6261
f 6252 6253 6263
f 6252 6263 6262
f 6253 6254 6264
f 6253 6264 6263
f 6254 6245 6255
f 6254 6255 6264
v 0.131237 0.564383 -0.146012
v 0.129545 0.564268 -0.149105
v 0.127744 0.564531 -0.152159
v 0.125739 0.565499 -0.155144
v 0.123469 0.567372 -0.158038
v 0.120928 0.570179 -0.160839
v 0.118161 0.573765 -0.163563
v 0.115262 0.577805 -0.166241
v 0.112359 0.581855 -0.168918
v 0.109597 0.585425 -0.171643
v 0.107109 0.588049 -0.174462
v 0.105001 0.589370 -0.177411
v 0.103328 0.589192 -0.180510
v 0.102090 0.587516 -0.183758
v 0.101232 0.584537 -0.187136
v 0.100649 0.580613 -0.190609
v 0.100205 0.576208 -0.194129
v 0.099758 0.571813 -0.197648
v 0.099180 0.567873 -0.201122
v 0.098375 0.564710 -0.204519
v 0.097298 0.562482 -0.207822
v 0.095958 0.561160 -0.211035
v 0.094413 0.560542 -0.214177
v 0.092758 0.560302 -0.217282
v 0.094450 0.560416 -0.214190
v 0.096251 0.560153 -0.211135
v 0.098257 0.559186 -0.208150
v 0.100526 0.557313 -0.205256
v 0.103067 0.554505 -0.202455
v 0.105834 0.550920 -0.199732
v 0.108733 0.546880 -0.197054
v 0.111636 0.542829 -0.194377
v 0.114398 0.539260 -0.191652
v 0.116886 0.536636 -0.188832
v 0.118995 0.535315 -0.185883
v 0.120667 0.535492 -0.182784
v 0.121905 0.537168 -0.179536
v 0.122763 0.540148 -0.176158
v 0.123347 0.544071 -0.172686
v 0.123790 0.548477 -0.169165
v 0.124237 0.552872 -0.165646
v 0.124815 0.556812 -0.162172
v 0.125620 0.559975 -0.158776
v 0.126697 0.562203 -0.155473
v 0.128037 0.563525 -0.152260
v 0.129582 0.564143 -0.149117
f 6265 6266 6267
f 6265 6267 6266
f 6265 6267 6268
f 6265 6268 6267
f 6265 6268 6269
f 6265 6269 6268
f 6265 6269 6270
f 6265 6270 6269
f 6265 6270 6271
f 6265 6271 6270
f 6265 6271 6272
f 6265 6272 6271
f 6265 6272 6273
f 6265 6273 6272
f 6265 6273 6274
f 6265 6274 6273
f 6265 6274 6275
f 6265 6275 6274
f 6265 6275 6276
f 6265 6276 6275
f 6265 6276 6277
f 6265 6277 6276
f 6265 6277 6278
f 6265 6278 6277
f 6265 6278 6279
f 6265 6279 6278
f 6265 6279 6280
f 6265 6280 6279
f 6265 6280 6281
f 6265 6281 6280
f 6265 6281 6282
f 6265 6282 6281
f 6265 6282 6283
f 6265 6283 6282
f 6265 6283 6284
f 6265 6284 6283
f 6265 6284 6285
f 6265 6285 6284
f 6265 6285 6286
f 6265 6286 6285
f 6265 6286 6287
f 6265 6287 6286
f 6265 6287 6288
f 6265 6288 6287
f 6265 6288 6289
f 6265 6289 6288
f 6265 6289 6290
f 6265 6290 6289
f 6265 6290 6291
f 6265 6291 6290
f 6265 6291 6292
f 6265 6292 6291
f 6265 6292 6293
f 6265 6293 6292
f 6265 6293 6294
f 6265 6294 6293
f 6265 6294 6295
f 6265 6295 6294
f 6265 6295 6296
f 6265 6296 6295
f 6265 6296 6297
f 6265 6297 6296
f 6265 6297 6298
f 6265 6298 6297
f 6265 6298 6299
f 6265 6299 6298
f 6265 6299 6300
f 6265 6300 6299
f 6265 6300 6301
f 6265 6301 6300
f 6265 6301 6302
f 6265 6302 6301
f 6265 6302 6303
f 6265 6303 6302
f 6265 6303 6304
f 6265 6304 6303
f 6265 6304 6305
f 6265 6305 6304
f 6265 6305 6306
f 6265 6306 6305
f 6265 6306 6307
f 6265 6307 6306
f 6265 6307 6308
f 6265 6308 6307
f 6265 6308 6309
f 6265 6309 6308
f 6265 6309 6310
f 6265 6310 6309
v 0.131237 0.564383 -0.146012
v 0.128924 0.566464 -0.143916
v 0.126697 0.568413 -0.141589
v 0.124670 0.570053 -0.138724
v 0.122940 0.571236 -0.135061
v 0.121553 0.571890 -0.130477
v 0.120485 0.572054 -0.125039
v 0.119634 0.571883 -0.119016
v 0.118840 0.571625 -0.112842
v 0.117906 0.571581 -0.107042
v 0.116641 0.572049 -0.102133
v 0.114889 0.573266 -0.098529
v 0.112565 0.575363 -0.096461
v 0.109670 0.578341 -0.095927
v 0.106289 0.582067 -0.096700
v 0.102575 0.586305 -0.098363
v 0.098723 0.590758 -0.100401
v 0.094927 0.595123 -0.102286
v 0.091348 0.599153 -0.103588
v 0.088088 0.602694 -0.104035
v 0.085170 0.605706 -0.103561
v 0.082550 0.608260 -0.102289
v 0.080130 0.610505 -0.100480
v 0.077797 0.612619 -0.098439
v 0.080110 0.610537 -0.100536
v 0.082337 0.608589 -0.102863
v 0.084364 0.606948 -0.105728
v 0.086093 0.605766 -0.109390
v 0.087480 0.605112 -0.113975
v 0.088548 0.604948 -0.119413
v 0.089399 0.605119 -0.125435
v 0.090193 0.605377 -0.131609
v 0.091127 0.605420 -0.137410
v 0.092392 0.604953 -0.142319
v 0.094144 0.603736 -0.145922
v 0.096468 0.601639 -0.147991
v 0.099363 0.598661 -0.148524
v 0.102744 0.594934 -0.147752
v 0.106458 0.590696 -0.146088
v 0.110310 0.586244 -0.144051
v 0.114107 0.581878 -0.142165
v 0.117685 0.577848 -0.140864
v 0.120946 0.574308 -0.140416
v 0.123863 0.571296 -0.140890
v 0.126483 0.568742 -0.142162
v 0.128903 0.566496 -0.143972
f 6311 6312 6313
f 6311 6313 6312
f 6311 6313 6314
f 6311 6314 6313
f 6311 6314 6315
f 6311 6315 6314
f 6311 6315 6316
f 6311 6316 6315
f 6311 6316 6317
f 6311 6317 6316
f 6311 6317 6318
f 6311 6318 6317
f 6311 6318 6319
f 6311 6319 6318
f 6311 6319 6320
f 6311 6320 6319
f 6311 6320 6321
f 6311 6321 6320
f 6311 6321 6322
f 6311 6322 6321
f 6311 6322 6323
f 6311 6323 6322
f 6311 6323 6324
f 6311 6324 6323
f 6311 6324 6325
f 6311 6325 6324
f 6311 6325 6326
f 6311 6326 6325
f 6311 6326 6327
f 6311 6327 6326
f 6311 6327 6328
f 6311 6328 6327
f 6311 6328 6329
f 6311 6329 6328
f 6311 6329 6330
f 6311 6330 6329
f 6311 6330 6331
f 6311 6331 6330
f 6311 6331 6332
f 6311 6332 6331
f 6311 6332 6333
f 6311 6333 6332
f 6311 6333 6334
f 6311 6334 6333
f 6311 6334 6335
f 6311 6335 6334
f 6311 6335 6336
f 6311 6336 6335
f 6311 6336 6337
f 6311 6337 6336
f 6311 6337 6338
f 6311 6338 6337
f 6311 6338 6339
f 6311 6339 6338
f 6311 6339 6340
f 6311 6340 6339
f 6311 6340 6341
f 6311 6341 6340
f 6311 6341 6342
f 6311 6342 6341
f 6311 6342 6343
f 6311 6343 6342
f 6311 6343 6344
f 6311 6344 6343
f 6311 6344 6345
f 6311 6345 6344
f 6311 6345 6346
f 6311 6346 6345
f 6311 6346 6347
f 6311 6347 6346
f 6311 6347 6348
f 6311 6348 6347
f 6311 6348 6349
f 6311 6349 6348
f 6311 6349 6350
f 6311 6350 6349
f 6311 6350 6351
f 6311 6351 6350
f 6311 6351 6352
f 6311 6352 6351
f 6311 6352 6353
f 6311 6353 6352
f 6311 6353 6354
f 6311 6354 6353
f 6311 6354 6355
f 6311 6355 6354
f 6311 6355 6356
f 6311 6356 6355
v 0.131237 0.564383 -0.146012
v 0.131422 0.561613 -0.144179
v 0.131631 0.558407 -0.142916
v 0.131869 0.554680 -0.142334
v 0.132136 0.550451 -0.142408
v 0.132425 0.545813 -0.143017
v 0.132729 0.540917 -0.143962
v 0.133037 0.535954 -0.144997
v 0.133337 0.531130 -0.145849
v 0.133617 0.526645 -0.146258
v 0.133870 0.522672 -0.145998
v 0.134086 0.519337 -0.144902
v 0.134263 0.516709 -0.142884
v 0.134401 0.514786 -0.139943
v 0.134503 0.513502 -0.136167
v 0.134576 0.512730 -0.131722
v 0.134630 0.512297 -0.126833
v 0.134677 0.512004 -0.121763
v 0.134727 0.511642 -0.116781
v 0.134792 0.511023 -0.112135
v 0.134879 0.509995 -0.108025
v 0.134995 0.508465 -0.104571
v 0.135140 0.506414 -0.101797
v 0.135309 0.503927 -0.099594
v 0.135124 0.506697 -0.101428
v 0.134914 0.509903 -0.102691
v 0.134676 0.513630 -0.103273
v 0.134409 0.517859 -0.103199
v 0.134120 0.522497 -0.102590
v 0.133816 0.527393 -0.101644
v 0.133509 0.532356 -0.100610
v 0.133209 0.537180 -0.099757
v 0.132928 0.541665 -0.099348
v 0.132676 0.545638 -0.099609
v 0.132459 0.548973 -0.100704
v 0.132282 0.551601 -0.102723
v 0.132145 0.553524 -0.105663
v 0.132043 0.554808 -0.109439
v 0.131970 0.555580 -0.113884
v 0.131915 0.556013 -0.118773
v 0.131869 0.556306 -0.123844
v 0.131818 0.556668 -0.128826
v 0.131754 0.557287 -0.133471
v 0.131666 0.558315 -0.137582
v 0.131551 0.559845 -0.141036
v 0.131406 0.561896 -0.143809
f 6357 6358 6359
f 6357 6359 6358
f 6357 6359 6360
f 6357 6360 6359
f 6357 6360 6361
f 6357 6361 6360
f 6357 6361 6362
f 6357 6362 6361
f 6357 6362 6363
f 6357 6363 6362
f 6357 6363 6364
f 6357 6364 6363
f 6357 6364 6365
f 6357 6365 6364
f 6357 6365 6366
f 6357 6366 6365
f 6357 6366 6367
f 6357 6367 6366
f 6357 6367 6368
f 6357 6368 6367
f 6357 6368 6369
f 6357 6369 6368
f 6357 6369 6370
f 6357 6370 6369
f 6357 6370 6371
f 6357 6371 6370
f 6357 6371 6372
f 6357 6372 6371
f 6357 6372 6373
f 6357 6373 6372
f 6357 6373 6374
f 6357 6374 6373
f 6357 6374 6375
f 6357 6375 6374
f 6357 6375 6376
f 6357 6376 6375
f 6357 6376 6377
f 6357 6377 6376
f 6357 6377 6378
f 6357 6378 6377
f 6357 6378 6379
f 6357 6379 6378
f 6357 6379 6380
f 6357 6380 6379
f 6357 6380 6381
f 6357 6381 6380
f 6357 6381 6382
f 6357 6382 6381
f 6357 6382 6383
f 6357 6383 6382
f 6357 6383 6384
f 6357 6384 6383
f 6357 6384 6385
f 6357 6385 6384
f 6357 6385 6386
f 6357 6386 6385
f 6357 6386 6387
f 6357 6387 6386
f 6357 6387 6388
f 6357 6388 6387
f 6357 6388 6389
f 6357 6389 6388
f 6357 6389 6390
f 6357 6390 6389
f 6357 6390 6391
f 6357 6391 6390
f 6357 6391 6392
f 6357 6392 6391
f 6357 6392 6393
f 6357 6393 6392
f 6357 6393 6394
f 6357 6394 6393
f 6357 6394 6395
f 6357 6395 6394
f 6357 6395 6396
f 6357 6396 6395
f 6357 6396 6397
f 6357 6397 6396
f 6357 6397 6398
f 6357 6398 6397
f 6357 6398 6399
f 6357 6399 6398
f 6357 6399 6400
f 6357 6400 6399
f 6357 6400 6401
f 6357 6401 6400
f 6357 6401 6402
f 6357 6402 6401
v 0.060061 0.545221 -0.134793
v 0.061512 0.548987 -0.130587
v 0.065999 0.551315 -0.127682
v 0.071808 0.551315 -0.127190
v 0.076720 0.548987 -0.129298
v 0.078859 0.545221 -0.133200
v 0.077408 0.541455 -0.137407
v 0.072920 0.539127 -0.140311
v 0.067111 0.539127 -0.140803
v 0.062199 0.541455 -0.138696
v 0.066662 0.591196 -0.176939
v 0.067649 0.593757 -0.174078
v 0.070700 0.595340 -0.172104
v 0.074650 0.595340 -0.171769
v 0.077990 0.593757 -0.173202
v 0.079445 0.591196 -0.175856
v 0.078458 0.588635 -0.178716
v 0.075406 0.587052 -0.180691
v 0.071456 0.587052 -0.181026
v 0.068116 0.588635 -0.179593
f 6403 6404 6414
f 6403 6414 6413
f 6404 6405 6415
f 6404 6415 6414
f 6405 6406 6416
f 6405 6416 6415
f 6406 6407 6417
f 6406 6417 6416
f 6407 6408 6418
f 6407 6418 6417
f 6408 6409 6419
f 6408 6419 6418
f 6409 6410 6420
f 6409 6420 6419
f 6410 6411 6421
f 6410 6421 6420
f 6411 6412 6422
f 6411 6422 6421
f 6412 6403 6413
f 6412 6413 6422
v 0.073053 0.591196 -0.176397
v 0.069514 0.590203 -0.175545
v 0.065851 0.589863 -0.173996
v 0.062063 0.590186 -0.171739
v 0.058165 0.591089 -0.168862
v 0.054185 0.592421 -0.165526
v 0.050162 0.593985 -0.161943
v 0.046137 0.595557 -0.158350
v 0.042154 0.596908 -0.154995
v 0.038253 0.597823 -0.152105
v 0.034470 0.598121 -0.149875
v 0.030828 0.597672 -0.148441
v 0.027340 0.596410 -0.147877
v 0.024006 0.594332 -0.148184
v 0.020814 0.591509 -0.149288
v 0.017738 0.588069 -0.151050
v 0.014746 0.584192 -0.153278
v 0.011795 0.580094 -0.155744
v 0.008842 0.576005 -0.158200
v 0.005846 0.572147 -0.160408
v 0.002768 0.568718 -0.162158
v -0.000419 0.565870 -0.163289
v -0.003732 0.563685 -0.163710
v -0.007169 0.562152 -0.163436
v -0.003630 0.563144 -0.164288
v 0.000033 0.563485 -0.165836
v 0.003821 0.563162 -0.168094
v 0.007719 0.562259 -0.170971
v 0.011699 0.560927 -0.174307
v 0.015722 0.559363 -0.177890
v 0.019747 0.557790 -0.181482
v 0.023730 0.556440 -0.184838
v 0.027631 0.555525 -0.187727
v 0.031414 0.555227 -0.189958
v 0.035057 0.555675 -0.191392
v 0.038545 0.556938 -0.191955
v 0.041878 0.559015 -0.191649
v 0.045070 0.561839 -0.190545
v 0.048146 0.565279 -0.188783
v 0.051139 0.569155 -0.186554
v 0.054089 0.573253 -0.184089
v 0.057042 0.577343 -0.181633
v 0.060038 0.581201 -0.179424
v 0.063116 0.584629 -0.177675
v 0.066303 0.587478 -0.176544
v 0.069616 0.589663 -0.176123
f 6423 6424 6425
f 6423 6425 6424
f 6423 6425 6426
f 6423 6426 6425
f 6423 6426 6427
f 6423 6427 6426
f 6423 6427 6428
f 6423 6428 6427
f 6423 6428 6429
f 6423 6429 6428
f 6423 6429 6430
f 6423 6430 6429
f 6423 6430 6431
f 6423 6431 6430
f 6423 6431 6432
f 6423 6432 6431
f 6423 6432 6433
f 6423 6433 6432
f 6423 6433 6434
f 6423 6434 6433
f 6423 6434 6435
f 6423 6435 6434
f 6423 6435 6436
f 6423 6436 6435
f 6423 6436 6437
f 6423 6437 6436
f 6423 6437 6438
f 6423 6438 6437
f 6423 6438 6439
f 6423 6439 6438
f 6423 6439 6440
f 6423 6440 6439
f 6423 6440 6441
f 6423 6441 6440
f 6423 6441 6442
f 6423 6442 6441
f 6423 6442 6443
f 6423 6443 6442
f 6423 6443 6444
f 6423 6444 6443
f 6423 6444 6445
f 6423 6445 6444
f 6423 6445 6446
f 6423 6446 6445
f 6423 6446 6447
f 6423 6447 6446
f 6423 6447 6448
f 6423 6448 6447
f 6423 6448 6449
f 6423 6449 6448
f 6423 6449 6450
f 6423 6450 6449
f 6423 6450 6451
f 6423 6451 6450
f 6423 6451 6452
f 6423 6452 6451
f 6423 6452 6453
f 6423 6453 6452
f 6423 6453 6454
f 6423 6454 6453
f 6423 6454 6455
f 6423 6455 6454
f 6423 6455 6456
f 6423 6456 6455
f 6423 6456 6457
f 6423 6457 6456
f 6423 6457 6458
f 6423 6458 6457
f 6423 6458 6459
f 6423 6459 6458
f 6423 6459 6460
f 6423 6460 6459
f 6423 6460 6461
f 6423 6461 6460
f 6423 6461 6462
f 6423 6462 6461
f 6423 6462 6463
f 6423 6463 6462
f 6423 6463 6464
f 6423 6464 6463
f 6423 6464 6465
f 6423 6465 6464
f 6423 6465 6466
f 6423 6466 6465
f 6423 6466 6467
f 6423 6467 6466
f 6423 6467 6468
f 6423 6468 6467
v 0.073053 0.591196 -0.176397
v 0.074042 0.592476 -0.171525
v 0.075706 0.593626 -0.166736
v 0.078496 0.594559 -0.162087
v 0.082633 0.595233 -0.157605
v 0.088086 0.595654 -0.153286
v 0.094571 0.595876 -0.149095
v 0.101598 0.595994 -0.144972
v 0.108539 0.596128 -0.140837
v 0.114721 0.596408 -0.136609
v 0.119526 0.596954 -0.132210
v 0.122485 0.597855 -0.127581
v 0.123343 0.599160 -0.122693
v 0.122098 0.600870 -0.117544
v 0.119007 0.602935 -0.112166
v 0.114540 0.605265 -0.106617
v 0.109314 0.607742 -0.100974
v 0.104002 0.610235 -0.095321
v 0.099231 0.612623 -0.089734
v 0.095493 0.614813 -0.084276
v 0.093070 0.616750 -0.078981
v 0.091994 0.618427 -0.073852
v 0.092046 0.619888 -0.068864
v 0.092771 0.621219 -0.063959
v 0.091782 0.619939 -0.068831
v 0.090119 0.618788 -0.073620
v 0.087329 0.617855 -0.078269
v 0.083191 0.617181 -0.082751
v 0.077738 0.616760 -0.087070
v 0.071253 0.616538 -0.091261
v 0.064226 0.616421 -0.095385
v 0.057286 0.616286 -0.099519
v 0.051104 0.616006 -0.103748
v 0.046298 0.615461 -0.108147
v 0.043339 0.614560 -0.112775
v 0.042482 0.613254 -0.117663
v 0.043726 0.611545 -0.122813
v 0.046817 0.609479 -0.128191
v 0.051284 0.607149 -0.133739
v 0.056510 0.604673 -0.139382
v 0.061823 0.602180 -0.145036
v 0.066593 0.599791 -0.150622
v 0.070331 0.597601 -0.156080
v 0.072755 0.595664 -0.161376
v 0.073830 0.593987 -0.166504
v 0.073779 0.592527 -0.171492
f 6469 6470 6471
f 6469 6471 6470
f 6469 6471 6472
f 6469 6472 6471
f 6469 6472 6473
f 6469 6473 6472
f 6469 6473 6474
f 6469 6474 6473
f 6469 6474 6475
f 6469 6475 6474
f 6469 6475 6476
f 6469 6476 6475
f 6469 6476 6477
f 6469 6477 6476
f 6469 6477 6478
f 6469 6478 6477
f 6469 6478 6479
f 6469 6479 6478
f 6469 6479 6480
f 6469 6480 6479
f 6469 6480 6481
f 6469 6481 6480
f 6469 6481 6482
f 6469 6482 6481
f 6469 6482 6483
f 6469 6483 6482
f 6469 6483 6484
f 6469 6484 6483
f 6469 6484 6485
f 6469 6485 6484
f 6469 6485 6486
f 6469 6486 6485
f 6469 6486 6487
f 6469 6487 6486
f 6469 6487 6488
f 6469 6488 6487
f 6469 6488 6489
f 6469 6489 6488
f 6469 6489 6490
f 6469 6490 6489
f 6469 6490 6491
f 6469 6491 6490
f 6469 6491 6492
f 6469 6492 6491
f 6469 6492 6493
f 6469 6493 6492
f 6469 6493 6494
f 6469 6494 6493
f 6469 6494 6495
f 6469 6495 6494
f 6469 6495 6496
f 6469 6496 6495
f 6469 6496 6497
f 6469 6497 6496
f 6469 6497 6498
f 6469 6498 6497
f 6469 6498 6499
f 6469 6499 6498
f 6469 6499 6500
f 6469 6500 6499
f 6469 6500 6501
f 6469 6501 6500
f 6469 6501 6502
f 6469 6502 6501
f 6469 6502 6503
f 6469 6503 6502
f 6469 6503 6504
f 6469 6504 6503
f 6469 6504 6505
f 6469 6505 6504
f 6469 6505 6506
f 6469 6506 6505
f 6469 6506 6507
f 6469 6507 6506
f 6469 6507 6508
f 6469 6508 6507
f 6469 6508 6509
f 6469 6509 6508
f 6469 6509 6510
f 6469 6510 6509
f 6469 6510 6511
f 6469 6511 6510
f 6469 6511 6512
f 6469 6512 6511
f 6469 6512 6513
f 6469 6513 6512
f 6469 6513 6514
f 6469 6514 6513
v 0.073053 0.591196 -0.176397
v 0.075279 0.587847 -0.177010
v 0.076798 0.583997 -0.178228
v 0.077613 0.579646 -0.180048
v 0.077821 0.574863 -0.182387
v 0.077586 0.569765 -0.185105
v 0.077118 0.564502 -0.188023
v 0.076651 0.559239 -0.190939
v 0.076425 0.554149 -0.193649
v 0.076663 0.549388 -0.195962
v 0.077553 0.545089 -0.197719
v 0.079227 0.541349 -0.198803
v 0.081756 0.538216 -0.199157
v 0.085140 0.535691 -0.198779
v 0.089309 0.533723 -0.197730
v 0.094129 0.532218 -0.196125
v 0.099413 0.531043 -0.194122
v 0.104938 0.530040 -0.191913
v 0.110465 0.529037 -0.189702
v 0.115758 0.527869 -0.187691
v 0.120609 0.526386 -0.186059
v 0.124852 0.524471 -0.184947
v 0.128391 0.522056 -0.184436
v 0.131223 0.519138 -0.184531
v 0.128997 0.522487 -0.183918
v 0.127478 0.526337 -0.182700
v 0.126663 0.530689 -0.180880
v 0.126455 0.535471 -0.178541
v 0.126690 0.540569 -0.175823
v 0.127159 0.545832 -0.172905
v 0.127626 0.551095 -0.169989
v 0.127851 0.556186 -0.167279
v 0.127613 0.560946 -0.164966
v 0.126724 0.565245 -0.163209
v 0.125049 0.568985 -0.162124
v 0.122520 0.572118 -0.161771
v 0.119136 0.574644 -0.162148
v 0.114967 0.576611 -0.163198
v 0.110148 0.578116 -0.164803
v 0.104864 0.579291 -0.166806
v 0.099338 0.580295 -0.169015
v 0.093811 0.581297 -0.171226
v 0.088518 0.582465 -0.173237
v 0.083668 0.583949 -0.174869
v 0.079424 0.585863 -0.175981
v 0.075886 0.588278 -0.176491
f 6515 6516 6517
f 6515 6517 6516
f 6515 6517 6518
f 6515 6518 6517
f 6515 6518 6519
f 6515 6519 6518
f 6515 6519 6520
f 6515 6520 6519
f 6515 6520 6521
f 6515 6521 6520
f 6515 6521 6522
f 6515 6522 6521
f 6515 6522 6523
f 6515 6523 6522
f 6515 6523 6524
f 6515 6524 6523
f 6515 6524 6525
f 6515 6525 6524
f 6515 6525 6526
f 6515 6526 6525
f 6515 6526 6527
f 6515 6527 6526
f 6515 6527 6528
f 6515 6528 6527
f 6515 6528 6529
f 6515 6529 6528
f 6515 6529 6530
f 6515 6530 6529
f 6515 6530 6531
f 6515 6531 6530
f 6515 6531 6532
f 6515 6532 6531
f 6515 6532 6533
f 6515 6533 6532
f 6515 6533 6534
f 6515 6534 6533
f 6515 6534 6535
f 6515 6535 6534
f 6515 6535 6536
f 6515 6536 6535
f 6515 6536 6537
f 6515 6537 6536
f 6515 6537 6538
f 6515 6538 6537
f 6515 6538 6539
f 6515 6539 6538
f 6515 6539 6540
f 6515 6540 6539
f 6515 6540 6541
f 6515 6541 6540
f 6515 6541 6542
f 6515 6542 6541
f 6515 6542 6543
f 6515 6543 6542
f 6515 6543 6544
f 6515 6544 6543
f 6515 6544 6545
f 6515 6545 6544
f 6515 6545 6546
f 6515 6546 6545
f 6515 6546 6547
f 6515 6547 6546
f 6515 6547 6548
f 6515 6548 6547
f 6515 6548 6549
f 6515 6549 6548
f 6515 6549 6550
f 6515 6550 6549
f 6515 6550 6551
f 6515 6551 6550
f 6515 6551 6552
f 6515 6552 6551
f 6515 6552 6553
f 6515 6553 6552
f 6515 6553 6554
f 6515 6554 6553
f 6515 6554 6555
f 6515 6555 6554
f 6515 6555 6556
f 6515 6556 6555
f 6515 6556 6557
f 6515 6557 6556
f 6515 6557 6558
f 6515 6558 6557
f 6515 6558 6559
f 6515 6559 6558
f 6515 6559 6560
f 6515 6560 6559
v 0.076547 0.545221 -0.140222
v 0.072454 0.548897 -0.142152
v 0.067217 0.551168 -0.140967
v 0.062837 0.551168 -0.137119
v 0.060987 0.548897 -0.132079
v 0.062373 0.545221 -0.127772
v 0.066466 0.541545 -0.125842
v 0.071702 0.539273 -0.127027
v 0.076082 0.539273 -0.130874
v 0.077933 0.541545 -0.135914
v 0.102686 0.593829 -0.105890
v 0.099902 0.596329 -0.107202
v 0.096342 0.597874 -0.106396
v 0.093363 0.597874 -0.103780
v 0.092105 0.596329 -0.100353
v 0.093047 0.593829 -0.097424
v 0.095830 0.591330 -0.096111
v 0.099391 0.589785 -0.096917
v 0.102370 0.589785 -0.099534
v 0.103628 0.591330 -0.102961
f 6561 6562 6572
f 6561 6572 6571
f 6562 6563 6573
f 6562 6573 6572
f 6563 6564 6574
f 6563 6574 6573
f 6564 6565 6575
f 6564 6575 6574
f 6565 6566 6576
f 6565 6576 6575
f 6566 6567 6577
f 6566 6577 6576
f 6567 6568 6578
f 6567 6578 6577
f 6568 6569 6579
f 6568 6579 6578
f 6569 6570 6580
f 6569 6580 6579
f 6570 6561 6571
f 6570 6571 6580
v 0.097866 0.593829 -0.101657
v 0.100871 0.591625 -0.105039
v 0.103758 0.589670 -0.108693
v 0.106378 0.588285 -0.112969
v 0.108603 0.587739 -0.118160
v 0.110377 0.588154 -0.124399
v 0.111736 0.589454 -0.131604
v 0.112814 0.591354 -0.139462
v 0.113821 0.593402 -0.147482
v 0.115015 0.595053 -0.155070
v 0.116647 0.595773 -0.161641
v 0.118917 0.595133 -0.166729
v 0.121935 0.592898 -0.170078
v 0.125703 0.589067 -0.171687
v 0.130109 0.583878 -0.171814
v 0.134952 0.577756 -0.170924
v 0.139982 0.571239 -0.169602
v 0.144942 0.564868 -0.168440
v 0.149620 0.559098 -0.167934
v 0.153883 0.554213 -0.168392
v 0.157695 0.550289 -0.169899
v 0.161113 0.547204 -0.172321
v 0.164263 0.544689 -0.175364
v 0.167296 0.542423 -0.178680
v 0.164292 0.544628 -0.175297
v 0.161404 0.546583 -0.171643
v 0.158785 0.547968 -0.167367
v 0.156559 0.548514 -0.162177
v 0.154785 0.548099 -0.155937
v 0.153426 0.546799 -0.148733
v 0.152349 0.544899 -0.140874
v 0.151341 0.542851 -0.132854
v 0.150147 0.541199 -0.125267
v 0.148515 0.540480 -0.118696
v 0.146246 0.541120 -0.113607
v 0.143227 0.543355 -0.110258
v 0.139459 0.547185 -0.108649
v 0.135054 0.552375 -0.108523
v 0.130210 0.558496 -0.109413
v 0.125181 0.565014 -0.110735
v 0.120220 0.571384 -0.111896
v 0.115542 0.577154 -0.112402
v 0.111279 0.582040 -0.111944
v 0.107467 0.585964 -0.110438
v 0.104049 0.589049 -0.108016
v 0.100899 0.591564 -0.104972
f 6581 6582 6583
f 6581 6583 6582
f 6581 6583 6584
f 6581 6584 6583
f 6581 6584 6585
f 6581 6585 6584
f 6581 6585 6586
f 6581 6586 6585
f 6581 6586 6587
f 6581 6587 6586
f 6581 6587 6588
f 6581 6588 6587
f 6581 6588 6589
f 6581 6589 6588
f 6581 6589 6590
f 6581 6590 6589
f 6581 6590 6591
f 6581 6591 6590
f 6581 6591 6592
f 6581 6592 6591
f 6581 6592 6593
f 6581 6593 6592
f 6581 6593 6594
f 6581 6594 6593
f 6581 6594 6595
f 6581 6595 6594
f 6581 6595 6596
f 6581 6596 6595
f 6581 6596 6597
f 6581 6597 6596
f 6581 6597 6598
f 6581 6598 6597
f 6581 6598 6599
f 6581 6599 6598
f 6581 6599 6600
f 6581 6600 6599
f 6581 6600 6601
f 6581 6601 6600
f 6581 6601 6602
f 6581 6602 6601
f 6581 6602 6603
f 6581 6603 6602
f 6581 6603 6604
f 6581 6604 6603
f 6581 6604 6605
f 6581 6605 6604
f 6581 6605 6606
f 6581 6606 6605
f 6581 6606 6607
f 6581 6607 6606
f 6581 6607 6608
f 6581 6608 6607
f 6581 6608 6609
f 6581 6609 6608
f 6581 6609 6610
f 6581 6610 6609
f 6581 6610 6611
f 6581 6611 6610
f 6581 6611 6612
f 6581 6612 6611
f 6581 6612 6613
f 6581 6613 6612
f 6581 6613 6614
f 6581 6614 6613
f 6581 6614 6615
f 6581 6615 6614
f 6581 6615 6616
f 6581 6616 6615
f 6581 6616 6617
f 6581 6617 6616
f 6581 6617 6618
f 6581 6618 6617
f 6581 6618 6619
f 6581 6619 6618
f 6581 6619 6620
f 6581 6620 6619
f 6581 6620 6621
f 6581 6621 6620
f 6581 6621 6622
f 6581 6622 6621
f 6581 6622 6623
f 6581 6623 6622
f 6581 6623 6624
f 6581 6624 6623
f 6581 6624 6625
f 6581 6625 6624
f 6581 6625 6626
f 6581 6626 6625
v 0.097866 0.593829 -0.101657
v 0.093955 0.595626 -0.103781
v 0.089542 0.597257 -0.105215
v 0.084441 0.598660 -0.105703
v 0.078616 0.599823 -0.105195
v 0.072154 0.600776 -0.103810
v 0.065247 0.601583 -0.101815
v 0.058167 0.602332 -0.099581
v 0.051225 0.603126 -0.097536
v 0.044734 0.604070 -0.096113
v 0.038973 0.605254 -0.095693
v 0.034148 0.606749 -0.096560
v 0.030368 0.608589 -0.098865
v 0.027635 0.610775 -0.102609
v 0.025837 0.613270 -0.107641
v 0.024769 0.616007 -0.113675
v 0.024153 0.618893 -0.120331
v 0.023674 0.621825 -0.127176
v 0.023022 0.624699 -0.133782
v 0.021925 0.627426 -0.139777
v 0.020192 0.629943 -0.144897
v 0.017734 0.632220 -0.149020
v 0.014588 0.634269 -0.152197
v 0.010941 0.636153 -0.154684
v 0.014852 0.634357 -0.152560
v 0.019265 0.632726 -0.151126
v 0.024366 0.631323 -0.150638
v 0.030191 0.630159 -0.151146
v 0.036653 0.629206 -0.152531
v 0.043560 0.628400 -0.154525
v 0.050640 0.627651 -0.156760
v 0.057582 0.626857 -0.158805
v 0.064073 0.625913 -0.160228
v 0.069834 0.624728 -0.160648
v 0.074659 0.623234 -0.159781
v 0.078439 0.621394 -0.157476
v 0.081172 0.619208 -0.153732
v 0.082970 0.616712 -0.148700
v 0.084038 0.613975 -0.142666
v 0.084654 0.611089 -0.136010
v 0.085133 0.608158 -0.129165
v 0.085785 0.605284 -0.122559
v 0.086882 0.602557 -0.116563
v 0.088615 0.600040 -0.111444
v 0.091073 0.597763 -0.107321
v 0.094219 0.595713 -0.104144
f 6627 6628 6629
f 6627 6629 6628
f 6627 6629 6630
f 6627 6630 6629
f 6627 6630 6631
f 6627 6631 6630
f 6627 6631 6632
f 6627 6632 6631
f 6627 6632 6633
f 6627 6633 6632
f 6627 6633 6634
f 6627 6634 6633
f 6627 6634 6635
f 6627 6635 6634
f 6627 6635 6636
f 6627 6636 6635
f 6627 6636 6637
f 6627 6637 6636
f 6627 6637 6638
f 6627 6638 6637
f 6627 6638 6639
f 6627 6639 6638
f 6627 6639 6640
f 6627 6640 6639
f 6627 6640 6641
f 6627 6641 6640
f 6627 6641 6642
f 6627 6642 6641
f 6627 6642 6643
f 6627 6643 6642
f 6627 6643 6644
f 6627 6644 6643
f 6627 6644 6645
f 6627 6645 6644
f 6627 6645 6646
f 6627 6646 6645
f 6627 6646 6647
f 6627 6647 6646
f 6627 6647 6648
f 6627 6648 6647
f 6627 6648 6649
f 6627 6649 6648
f 6627 6649 6650
f 6627 6650 6649
f 6627 6650 6651
f 6627 6651 6650
f 6627 6651 6652
f 6627 6652 6651
f 6627 6652 6653
f 6627 6653 6652
f 6627 6653 6654
f 6627 6654 6653
f 6627 6654 6655
f 6627 6655 6654
f 6627 6655 6656
f 6627 6656 6655
f 6627 6656 6657
f 6627 6657 6656
f 6627 6657 6658
f 6627 6658 6657
f 6627 6658 6659
f 6627 6659 6658
f 6627 6659 6660
f 6627 6660 6659
f 6627 6660 6661
f 6627 6661 6660
f 6627 6661 6662
f 6627 6662 6661
f 6627 6662 6663
f 6627 6663 6662
f 6627 6663 6664
f 6627 6664 6663
f 6627 6664 6665
f 6627 6665 6664
f 6627 6665 6666
f 6627 6666 6665
f 6627 6666 6667
f 6627 6667 6666
f 6627 6667 6668
f 6627 6668 6667
f 6627 6668 6669
f 6627 6669 6668
f 6627 6669 6670
f 6627 6670 6669
f 6627 6670 6671
f 6627 6671 6670
f 6627 6671 6672
f 6627 6672 6671
v 0.097866 0.593829 -0.101657
v 0.098323 0.589078 -0.099799
v 0.099623 0.584160 -0.098430
v 0.102025 0.579022 -0.097699
v 0.105553 0.573659 -0.097620
v 0.110045 0.568105 -0.098099
v 0.115187 0.562421 -0.098955
v 0.120558 0.556692 -0.099944
v 0.125682 0.551012 -0.100789
v 0.130085 0.545475 -0.101217
v 0.133353 0.540165 -0.100987
v 0.135177 0.535142 -0.099922
v 0.135396 0.530438 -0.097927
v 0.134009 0.526054 -0.095002
v 0.131180 0.521958 -0.091241
v 0.127215 0.518087 -0.086823
v 0.122529 0.514360 -0.081987
v 0.117596 0.510683 -0.077008
v 0.112891 0.506959 -0.072162
v 0.108837 0.503107 -0.067692
v 0.105748 0.499062 -0.063781
v 0.103784 0.494793 -0.060522
v 0.102922 0.490305 -0.057900
v 0.102903 0.485649 -0.055767
v 0.102446 0.490399 -0.057625
v 0.101145 0.495318 -0.058994
v 0.098744 0.500456 -0.059725
v 0.095216 0.505819 -0.059804
v 0.090724 0.511373 -0.059325
v 0.085582 0.517057 -0.058469
v 0.080211 0.522786 -0.057480
v 0.075087 0.528466 -0.056635
v 0.070684 0.534003 -0.056207
v 0.067416 0.539313 -0.056437
v 0.065592 0.544336 -0.057502
v 0.065373 0.549040 -0.059497
v 0.066759 0.553424 -0.062422
v 0.069589 0.557520 -0.066183
v 0.073554 0.561391 -0.070601
v 0.078240 0.565118 -0.075437
v 0.083173 0.568795 -0.080416
v 0.087878 0.572519 -0.085262
v 0.091931 0.576371 -0.089732
v 0.095021 0.580416 -0.093643
v 0.096985 0.584685 -0.096902
v 0.097847 0.589173 -0.099524
f 6673 6674 6675
f 6673 6675 6674
f 6673 6675 6676
f 6673 6676 6675
f 6673 6676 6677
f 6673 6677 6676
f 6673 6677 6678
f 6673 6678 6677
f 6673 6678 6679
f 6673 6679 6678
f 6673 6679 6680
f 6673 6680 6679
f 6673 6680 6681
f 6673 6681 6680
f 6673 6681 6682
f 6673 6682 6681
f 6673 6682 6683
f 6673 6683 6682
f 6673 6683 6684
f 6673 6684 6683
f 6673 6684 6685
f 6673 6685 6684
f 6673 6685 6686
f 6673 6686 6685
f 6673 6686 6687
f 6673 6687 6686
f 6673 6687 6688
f 6673 6688 6687
f 6673 6688 6689
f 6673 6689 6688
f 6673 6689 6690
f 6673 6690 6689
f 6673 6690 6691
f 6673 6691 6690
f 6673 6691 6692
f 6673 6692 6691
f 6673 6692 6693
f 6673 6693 6692
f 6673 6693 6694
f 6673 6694 6693
f 6673 6694 6695
f 6673 6695 6694
f 6673 6695 6696
f 6673 6696 6695
f 6673 6696 6697
f 6673 6697 6696
f 6673 6697 6698
f 6673 6698 6697
f 6673 6698 6699
f 6673 6699 6698
f 6673 6699 6700
f 6673 6700 6699
f 6673 6700 6701
f 6673 6701 6700
f 6673 6701 6702
f 6673 6702 6701
f 6673 6702 6703
f 6673 6703 6702
f 6673 6703 6704
f 6673 6704 6703
f 6673 6704 6705
f 6673 6705 6704
f 6673 6705 6706
f 6673 6706 6705
f 6673 6706 6707
f 6673 6707 6706
f 6673 6707 6708
f 6673 6708 6707
f 6673 6708 6709
f 6673 6709 6708
f 6673 6709 6710
f 6673 6710 6709
f 6673 6710 6711
f 6673 6711 6710
f 6673 6711 6712
f 6673 6712 6711
f 6673 6712 6713
f 6673 6713 6712
f 6673 6713 6714
f 6673 6714 6713
f 6673 6714 6715
f 6673 6715 6714
f 6673 6715 6716
f 6673 6716 6715
f 6673 6716 6717
f 6673 6717 6716
f 6673 6717 6718
f 6673 6718 6717
