o part_0
v 0.000000 0.000000 0.030000
v 0.017634 0.000000 0.024271
v 0.028532 0.000000 0.009271
v 0.028532 0.000000 -0.009271
v 0.017634 0.000000 -0.024271
v 0.000000 0.000000 -0.030000
v -0.017634 0.000000 -0.024271
v -0.028532 0.000000 -0.009271
v -0.028532 0.000000 0.009271
v -0.017634 0.000000 0.024271
v 0.000000 0.300000 0.020400
v 0.011991 0.300000 0.016504
v 0.019402 0.300000 0.006304
v 0.019402 0.300000 -0.006304
v 0.011991 0.300000 -0.016504
v 0.000000 0.300000 -0.020400
v -0.011991 0.300000 -0.016504
v -0.019402 0.300000 -0.006304
v -0.019402 0.300000 0.006304
v -0.011991 0.300000 0.016504
f 1 2 12
f 1 12 11
f 2 3 13
f 2 13 12
f 3 4 14
f 3 14 13
f 4 5 15
f 4 15 14
f 5 6 16
f 5 16 15
f 6 7 17
f 6 17 16
f 7 8 18
f 7 18 17
f 8 9 19
f 8 19 18
f 9 10 20
f 9 20 19
f 10 1 11
f 10 11 20
o part_1
v -0.000960 0.300000 0.020377
v 0.009733 0.305751 0.016981
v 0.016708 0.309306 0.007098
v 0.017302 0.309306 -0.005496
v 0.011287 0.305751 -0.015990
v 0.000960 0.300000 -0.020377
v -0.009733 0.294249 -0.016981
v -0.016708 0.290694 -0.007098
v -0.017302 0.290694 0.005496
v -0.011287 0.294249 0.015990
v -0.092323 0.467884 0.009537
v -0.085052 0.471795 0.007227
v -0.080309 0.474212 0.000507
v -0.079905 0.474212 -0.008057
v -0.083995 0.471795 -0.015193
v -0.091017 0.467884 -0.018176
v -0.098289 0.463973 -0.015867
v -0.103032 0.461556 -0.009147
v -0.103436 0.461556 -0.000583
v -0.099345 0.463973 0.006554
f 21 22 32
f 21 32 31
f 22 23 33
f 22 33 32
f 23 24 34
f 23 34 33
f 24 25 35
f 24 35 34
f 25 26 36
f 25 36 35
f 26 27 37
f 26 37 36
f 27 28 38
f 27 38 37
f 28 29 39
f 28 39 38
f 29 30 40
f 29 40 39
f 30 21 31
f 30 31 40
o part_2
v -0.091544 0.467884 0.009552
v -0.087959 0.475195 0.006870
v -0.085792 0.479714 -0.000086
v -0.085870 0.479714 -0.008660
v -0.088164 0.475195 -0.015575
v -0.091797 0.467884 -0.018191
v -0.095382 0.460572 -0.015509
v -0.097549 0.456053 -0.008553
v -0.097471 0.456053 0.000020
v -0.095177 0.460572 0.006935
v -0.188713 0.515829 0.005999
v -0.186275 0.520801 0.004175
v -0.184801 0.523874 -0.000555
v -0.184855 0.523874 -0.006385
v -0.186414 0.520801 -0.011087
v -0.188885 0.515829 -0.012866
v -0.191322 0.510857 -0.011042
v -0.192796 0.507785 -0.006312
v -0.192743 0.507785 -0.000483
v -0.191183 0.510857 0.004220
f 41 42 52
f 41 52 51
f 42 43 53
f 42 53 52
f 43 44 54
f 43 54 53
f 44 45 55
f 44 55 54
f 45 46 56
f 45 56 55
f 46 47 57
f 46 57 56
f 47 48 58
f 47 58 57
f 48 49 59
f 48 59 58
f 49 50 60
f 49 60 59
f 50 41 51
f 50 51 60
o part_3
v -0.188799 0.515829 -0.003434
v -0.187299 0.516362 -0.000808
v -0.185579 0.517345 0.001628
v -0.183549 0.518962 0.003797
v -0.181186 0.521258 0.005680
v -0.178526 0.524159 0.007309
v -0.175656 0.527489 0.008756
v -0.172700 0.530996 0.010129
v -0.169802 0.534386 0.011552
v -0.167108 0.537357 0.013151
v -0.164748 0.539645 0.015037
v -0.162821 0.541052 0.017295
v -0.161377 0.541471 0.019968
v -0.160417 0.540902 0.023058
v -0.159889 0.539452 0.026519
v -0.159696 0.537318 0.030268
v -0.159707 0.534766 0.034192
v -0.159776 0.532097 0.038167
v -0.159758 0.529605 0.042066
v -0.159530 0.527542 0.045785
v -0.159005 0.526083 0.049250
v -0.158148 0.525304 0.052428
v -0.156981 0.525159 0.055339
v -0.155593 0.525464 0.058061
v -0.157092 0.524931 0.055435
v -0.158813 0.523948 0.052999
v -0.160843 0.522331 0.050830
v -0.163206 0.520035 0.048947
v -0.165866 0.517134 0.047318
v -0.168735 0.513804 0.045871
v -0.171692 0.510297 0.044498
v -0.174590 0.506908 0.043075
v -0.177284 0.503936 0.041476
v -0.179644 0.501648 0.039590
v -0.181571 0.500241 0.037332
v -0.183015 0.499822 0.034659
v -0.183975 0.500391 0.031569
v -0.184503 0.501842 0.028108
v -0.184696 0.503976 0.024359
v -0.184685 0.506527 0.020435
v -0.184616 0.509196 0.016460
v -0.184634 0.511688 0.012561
v -0.184862 0.513752 0.008842
v -0.185386 0.515210 0.005377
v -0.186243 0.515989 0.002199
v -0.187411 0.516134 -0.000712
f 61 62 63
f 61 63 62
f 61 63 64
f 61 64 63
f 61 64 65
f 61 65 64
f 61 65 66
f 61 66 65
f 61 66 67
f 61 67 66
f 61 67 68
f 61 68 67
f 61 68 69
f 61 69 68
f 61 69 70
f 61 70 69
f 61 70 71
f 61 71 70
f 61 71 72
f 61 72 71
f 61 72 73
f 61 73 72
f 61 73 74
f 61 74 73
f 61 74 75
f 61 75 74
f 61 75 76
f 61 76 75
f 61 76 77
f 61 77 76
f 61 77 78
f 61 78 77
f 61 78 79
f 61 79 78
f 61 79 80
f 61 80 79
f 61 80 81
f 61 81 80
f 61 81 82
f 61 82 81
f 61 82 83
f 61 83 82
f 61 83 84
f 61 84 83
f 61 84 85
f 61 85 84
f 61 85 86
f 61 86 85
f 61 86 87
f 61 87 86
f 61 87 88
f 61 88 87
f 61 88 89
f 61 89 88
f 61 89 90
f 61 90 89
f 61 90 91
f 61 91 90
f 61 91 92
f 61 92 91
f 61 92 93
f 61 93 92
f 61 93 94
f 61 94 93
f 61 94 95
f 61 95 94
f 61 95 96
f 61 96 95
f 61 96 97
f 61 97 96
f 61 97 98
f 61 98 97
f 61 98 99
f 61 99 98
f 61 99 100
f 61 100 99
f 61 100 101
f 61 101 100
f 61 101 102
f 61 102 101
f 61 102 103
f 61 103 102
f 61 103 104
f 61 104 103
f 61 104 105
f 61 105 104
f 61 105 106
f 61 106 105
o part_4
v -0.188799 0.515829 -0.003434
v -0.186752 0.517710 -0.004756
v -0.184831 0.519347 -0.006800
v -0.183041 0.520734 -0.009592
v -0.181366 0.521898 -0.013044
v -0.179778 0.522897 -0.016992
v -0.178238 0.523803 -0.021213
v -0.176701 0.524703 -0.025452
v -0.175122 0.525686 -0.029447
v -0.173457 0.526833 -0.032951
v -0.171669 0.528215 -0.035758
v -0.169733 0.529881 -0.037716
v -0.167635 0.531859 -0.038747
v -0.165375 0.534148 -0.038852
v -0.162966 0.536722 -0.038109
v -0.160436 0.539531 -0.036667
v -0.157819 0.542505 -0.034735
v -0.155160 0.545560 -0.032559
v -0.152504 0.548609 -0.030401
v -0.149896 0.551567 -0.028517
v -0.147374 0.554358 -0.027127
v -0.144968 0.556927 -0.026398
v -0.142693 0.559245 -0.026417
v -0.140544 0.561321 -0.027158
v -0.142591 0.559441 -0.025836
v -0.144512 0.557803 -0.023792
v -0.146302 0.556416 -0.021000
v -0.147977 0.555252 -0.017547
v -0.149565 0.554253 -0.013600
v -0.151105 0.553347 -0.009379
v -0.152642 0.552447 -0.005140
v -0.154221 0.551464 -0.001145
v -0.155886 0.550317 0.002360
v -0.157674 0.548936 0.005166
v -0.159610 0.547269 0.007124
v -0.161708 0.545291 0.008156
v -0.163968 0.543002 0.008261
v -0.166377 0.540428 0.007517
v -0.168907 0.537619 0.006076
v -0.171524 0.534646 0.004144
v -0.174183 0.531590 0.001967
v -0.176839 0.528541 -0.000190
v -0.179447 0.525583 -0.002075
v -0.181969 0.522792 -0.003465
v -0.184375 0.520223 -0.004194
v -0.186650 0.517905 -0.004174
f 107 108 109
f 107 109 108
f 107 109 110
f 107 110 109
f 107 110 111
f 107 111 110
f 107 111 112
f 107 112 111
f 107 112 113
f 107 113 112
f 107 113 114
f 107 114 113
f 107 114 115
f 107 115 114
f 107 115 116
f 107 116 115
f 107 116 117
f 107 117 116
f 107 117 118
f 107 118 117
f 107 118 119
f 107 119 118
f 107 119 120
f 107 120 119
f 107 120 121
f 107 121 120
f 107 121 122
f 107 122 121
f 107 122 123
f 107 123 122
f 107 123 124
f 107 124 123
f 107 124 125
f 107 125 124
f 107 125 126
f 107 126 125
f 107 126 127
f 107 127 126
f 107 127 128
f 107 128 127
f 107 128 129
f 107 129 128
f 107 129 130
f 107 130 129
f 107 130 131
f 107 131 130
f 107 131 132
f 107 132 131
f 107 132 133
f 107 133 132
f 107 133 134
f 107 134 133
f 107 134 135
f 107 135 134
f 107 135 136
f 107 136 135
f 107 136 137
f 107 137 136
f 107 137 138
f 107 138 137
f 107 138 139
f 107 139 138
f 107 139 140
f 107 140 139
f 107 140 141
f 107 141 140
f 107 141 142
f 107 142 141
f 107 142 143
f 107 143 142
f 107 143 144
f 107 144 143
f 107 144 145
f 107 145 144
f 107 145 146
f 107 146 145
f 107 146 147
f 107 147 146
f 107 147 148
f 107 148 147
f 107 148 149
f 107 149 148
f 107 149 150
f 107 150 149
f 107 150 151
f 107 151 150
f 107 151 152
f 107 152 151
o part_5
v -0.188799 0.515829 -0.003434
v -0.189412 0.512387 -0.005528
v -0.190174 0.508634 -0.007108
v -0.191165 0.504400 -0.007891
v -0.192420 0.499618 -0.007768
v -0.193919 0.494323 -0.006795
v -0.195604 0.488641 -0.005183
v -0.197377 0.482774 -0.003265
v -0.199121 0.476970 -0.001450
v -0.200711 0.471487 -0.000166
v -0.202035 0.466557 0.000202
v -0.203011 0.462358 -0.000640
v -0.203591 0.458983 -0.002846
v -0.203777 0.456434 -0.006419
v -0.203613 0.454616 -0.011200
v -0.203184 0.453351 -0.016897
v -0.202602 0.452407 -0.023126
v -0.201989 0.451525 -0.029457
v -0.201466 0.450459 -0.035482
v -0.201127 0.449006 -0.040869
v -0.201033 0.447039 -0.045405
v -0.201202 0.444525 -0.049035
v -0.201602 0.441530 -0.051869
v -0.202150 0.438223 -0.054188
v -0.201537 0.441666 -0.052094
v -0.200775 0.445419 -0.050514
v -0.199783 0.449653 -0.049730
v -0.198529 0.454435 -0.049853
v -0.197029 0.459730 -0.050826
v -0.195344 0.465412 -0.052438
v -0.193571 0.471278 -0.054356
v -0.191828 0.477083 -0.056171
v -0.190238 0.482566 -0.057456
v -0.188913 0.487496 -0.057823
v -0.187938 0.491695 -0.056982
v -0.187357 0.495069 -0.054775
v -0.187171 0.497618 -0.051203
v -0.187335 0.499437 -0.046422
v -0.187764 0.500702 -0.040724
v -0.188347 0.501646 -0.034496
v -0.188959 0.502528 -0.028165
v -0.189483 0.503594 -0.022139
v -0.189822 0.505047 -0.016753
v -0.189915 0.507014 -0.012216
v -0.189746 0.509528 -0.008587
v -0.189347 0.512523 -0.005753
f 153 154 155
f 153 155 154
f 153 155 156
f 153 156 155
f 153 156 157
f 153 157 156
f 153 157 158
f 153 158 157
f 153 158 159
f 153 159 158
f 153 159 160
f 153 160 159
f 153 160 161
f 153 161 160
f 153 161 162
f 153 162 161
f 153 162 163
f 153 163 162
f 153 163 164
f 153 164 163
f 153 164 165
f 153 165 164
f 153 165 166
f 153 166 165
f 153 166 167
f 153 167 166
f 153 167 168
f 153 168 167
f 153 168 169
f 153 169 168
f 153 169 170
f 153 170 169
f 153 170 171
f 153 171 170
f 153 171 172
f 153 172 171
f 153 172 173
f 153 173 172
f 153 173 174
f 153 174 173
f 153 174 175
f 153 175 174
f 153 175 176
f 153 176 175
f 153 176 177
f 153 177 176
f 153 177 178
f 153 178 177
f 153 178 179
f 153 179 178
f 153 179 180
f 153 180 179
f 153 180 181
f 153 181 180
f 153 181 182
f 153 182 181
f 153 182 183
f 153 183 182
f 153 183 184
f 153 184 183
f 153 184 185
f 153 185 184
f 153 185 186
f 153 186 185
f 153 186 187
f 153 187 186
f 153 187 188
f 153 188 187
f 153 188 189
f 153 189 188
f 153 189 190
f 153 190 189
f 153 190 191
f 153 191 190
f 153 191 192
f 153 192 191
f 153 192 193
f 153 193 192
f 153 193 194
f 153 194 193
f 153 194 195
f 153 195 194
f 153 195 196
f 153 196 195
f 153 196 197
f 153 197 196
f 153 197 198
f 153 198 197
o part_6
v -0.188758 0.515829 0.005999
v -0.188845 0.521373 0.004198
v -0.188915 0.524800 -0.000518
v -0.188941 0.524800 -0.006348
v -0.188912 0.521373 -0.011065
v -0.188840 0.515829 -0.012867
v -0.188752 0.510285 -0.011065
v -0.188682 0.506859 -0.006349
v -0.188657 0.506859 -0.000519
v -0.188685 0.510285 0.004197
v -0.257380 0.514840 0.003281
v -0.257439 0.518610 0.002056
v -0.257487 0.520940 -0.001151
v -0.257504 0.520940 -0.005116
v -0.257485 0.518610 -0.008323
v -0.257436 0.514840 -0.009548
v -0.257376 0.511070 -0.008323
v -0.257328 0.508740 -0.005116
v -0.257311 0.508740 -0.001152
v -0.257331 0.511070 0.002055
f 199 200 210
f 199 210 209
f 200 201 211
f 200 211 210
f 201 202 212
f 201 212 211
f 202 203 213
f 202 213 212
f 203 204 214
f 203 214 213
f 204 205 215
f 204 215 214
f 205 206 216
f 205 216 215
f 206 207 217
f 206 217 216
f 207 208 218
f 207 218 217
f 208 199 209
f 208 209 218
o part_7
v -0.257408 0.514840 -0.003134
v -0.256005 0.515952 -0.000399
v -0.254616 0.517865 0.002120
v -0.253239 0.520597 0.004419
v -0.251873 0.524047 0.006525
v -0.250516 0.528029 0.008488
v -0.249163 0.532301 0.010373
v -0.247811 0.536584 0.012254
v -0.246454 0.540596 0.014209
v -0.245088 0.544069 0.016309
v -0.243711 0.546780 0.018613
v -0.242320 0.548569 0.021166
v -0.240913 0.549350 0.023990
v -0.239490 0.549124 0.027084
v -0.238052 0.547975 0.030427
v -0.236603 0.546065 0.033974
v -0.235145 0.543616 0.037666
v -0.233683 0.540894 0.041432
v -0.232222 0.538186 0.045194
v -0.230765 0.535766 0.048878
v -0.229316 0.533879 0.052419
v -0.227878 0.532709 0.055768
v -0.226453 0.532358 0.058896
v -0.225041 0.532809 0.061808
v -0.226443 0.531697 0.059073
v -0.227832 0.529784 0.056554
v -0.229209 0.527052 0.054255
v -0.230575 0.523602 0.052149
v -0.231932 0.519620 0.050187
v -0.233285 0.515349 0.048302
v -0.234638 0.511065 0.046420
v -0.235995 0.507053 0.044465
v -0.237360 0.503580 0.042365
v -0.238737 0.500869 0.040061
v -0.240129 0.499080 0.037508
v -0.241536 0.498299 0.034685
v -0.242959 0.498525 0.031590
v -0.244396 0.499674 0.028248
v -0.245845 0.501585 0.024700
v -0.247303 0.504034 0.021008
v -0.248765 0.506755 0.017242
v -0.250227 0.509464 0.013480
v -0.251684 0.511883 0.009796
v -0.253133 0.513770 0.006255
v -0.254570 0.514940 0.002906
v -0.255995 0.515291 -0.000221
f 219 220 221
f 219 221 220
f 219 221 222
f 219 222 221
f 219 222 223
f 219 223 222
f 219 223 224
f 219 224 223
f 219 224 225
f 219 225 224
f 219 225 226
f 219 226 225
f 219 226 227
f 219 227 226
f 219 227 228
f 219 228 227
f 219 228 229
f 219 229 228
f 219 229 230
f 219 230 229
f 219 230 231
f 219 231 230
f 219 231 232
f 219 232 231
f 219 232 233
f 219 233 232
f 219 233 234
f 219 234 233
f 219 234 235
f 219 235 234
f 219 235 236
f 219 236 235
f 219 236 237
f 219 237 236
f 219 237 238
f 219 238 237
f 219 238 239
f 219 239 238
f 219 239 240
f 219 240 239
f 219 240 241
f 219 241 240
f 219 241 242
f 219 242 241
f 219 242 243
f 219 243 242
f 219 243 244
f 219 244 243
f 219 244 245
f 219 245 244
f 219 245 246
f 219 246 245
f 219 246 247
f 219 247 246
f 219 247 248
f 219 248 247
f 219 248 249
f 219 249 248
f 219 249 250
f 219 250 249
f 219 250 251
f 219 251 250
f 219 251 252
f 219 252 251
f 219 252 253
f 219 253 252
f 219 253 254
f 219 254 253
f 219 254 255
f 219 255 254
f 219 255 256
f 219 256 255
f 219 256 257
f 219 257 256
f 219 257 258
f 219 258 257
f 219 258 259
f 219 259 258
f 219 259 260
f 219 260 259
f 219 260 261
f 219 261 260
f 219 261 262
f 219 262 261
f 219 262 263
f 219 263 262
f 219 263 264
f 219 264 263
o part_8
v -0.257408 0.514840 -0.003134
v -0.255335 0.518379 -0.005311
v -0.253260 0.521684 -0.007882
v -0.251183 0.524520 -0.011242
v -0.249101 0.526723 -0.015665
v -0.247014 0.528248 -0.021226
v -0.244922 0.529189 -0.027769
v -0.242829 0.529769 -0.034920
v -0.240735 0.530307 -0.042140
v -0.238643 0.531169 -0.048817
v -0.236556 0.532703 -0.054363
v -0.234476 0.535183 -0.058320
v -0.232403 0.538757 -0.060439
v -0.230339 0.543426 -0.060718
v -0.228281 0.549041 -0.059409
v -0.226227 0.555327 -0.056970
v -0.224176 0.561938 -0.053986
v -0.222125 0.568507 -0.051072
v -0.220071 0.574715 -0.048766
v -0.218013 0.580338 -0.047442
v -0.215950 0.585284 -0.047256
v -0.213883 0.589597 -0.048133
v -0.211812 0.593441 -0.049799
v -0.209740 0.597050 -0.051858
v -0.211813 0.593511 -0.049681
v -0.213887 0.590206 -0.047110
v -0.215965 0.587370 -0.043750
v -0.218047 0.585167 -0.039327
v -0.220134 0.583642 -0.033766
v -0.222225 0.582701 -0.027223
v -0.224319 0.582121 -0.020072
v -0.226413 0.581583 -0.012852
v -0.228505 0.580721 -0.006176
v -0.230592 0.579187 -0.000630
v -0.232672 0.576707 0.003328
v -0.234744 0.573133 0.005447
v -0.236809 0.568464 0.005726
v -0.238867 0.562849 0.004417
v -0.240920 0.556563 0.001977
v -0.242972 0.549952 -0.001006
v -0.245023 0.543383 -0.003920
v -0.247077 0.537175 -0.006226
v -0.249135 0.531552 -0.007550
v -0.251197 0.526606 -0.007736
v -0.253265 0.522293 -0.006859
v -0.255335 0.518449 -0.005193
f 265 266 267
f 265 267 266
f 265 267 268
f 265 268 267
f 265 268 269
f 265 269 268
f 265 269 270
f 265 270 269
f 265 270 271
f 265 271 270
f 265 271 272
f 265 272 271
f 265 272 273
f 265 273 272
f 265 273 274
f 265 274 273
f 265 274 275
f 265 275 274
f 265 275 276
f 265 276 275
f 265 276 277
f 265 277 276
f 265 277 278
f 265 278 277
f 265 278 279
f 265 279 278
f 265 279 280
f 265 280 279
f 265 280 281
f 265 281 280
f 265 281 282
f 265 282 281
f 265 282 283
f 265 283 282
f 265 283 284
f 265 284 283
f 265 284 285
f 265 285 284
f 265 285 286
f 265 286 285
f 265 286 287
f 265 287 286
f 265 287 288
f 265 288 287
f 265 288 289
f 265 289 288
f 265 289 290
f 265 290 289
f 265 290 291
f 265 291 290
f 265 291 292
f 265 292 291
f 265 292 293
f 265 293 292
f 265 293 294
f 265 294 293
f 265 294 295
f 265 295 294
f 265 295 296
f 265 296 295
f 265 296 297
f 265 297 296
f 265 297 298
f 265 298 297
f 265 298 299
f 265 299 298
f 265 299 300
f 265 300 299
f 265 300 301
f 265 301 300
f 265 301 302
f 265 302 301
f 265 302 303
f 265 303 302
f 265 303 304
f 265 304 303
f 265 304 305
f 265 305 304
f 265 305 306
f 265 306 305
f 265 306 307
f 265 307 306
f 265 307 308
f 265 308 307
f 265 308 309
f 265 309 308
f 265 309 310
f 265 310 309
o part_9
v -0.257408 0.514840 -0.003134
v -0.256097 0.511559 -0.005810
v -0.254779 0.507903 -0.008047
v -0.253449 0.503608 -0.009535
v -0.252103 0.498538 -0.010113
v -0.250742 0.492704 -0.009796
v -0.249370 0.486263 -0.008767
v -0.247991 0.479496 -0.007356
v -0.246613 0.472768 -0.005991
v -0.245244 0.466472 -0.005132
v -0.243890 0.460970 -0.005203
v -0.242557 0.456539 -0.006531
v -0.241247 0.453328 -0.009290
v -0.239962 0.451339 -0.013482
v -0.238698 0.450420 -0.018929
v -0.237449 0.450296 -0.025307
v -0.236208 0.450603 -0.032191
v -0.234968 0.450949 -0.039121
v -0.233722 0.450969 -0.045669
v -0.232464 0.450382 -0.051505
v -0.231192 0.449032 -0.056445
v -0.229903 0.446906 -0.060477
v -0.228603 0.444141 -0.063759
v -0.227295 0.441002 -0.066601
v -0.228606 0.444283 -0.063925
v -0.229924 0.447939 -0.061688
v -0.231254 0.452234 -0.060200
v -0.232600 0.457304 -0.059622
v -0.233960 0.463138 -0.059939
v -0.235333 0.469579 -0.060968
v -0.236711 0.476345 -0.062379
v -0.238089 0.483073 -0.063744
v -0.239459 0.489369 -0.064603
v -0.240813 0.494872 -0.064532
v -0.242146 0.499303 -0.063204
v -0.243455 0.502513 -0.060445
v -0.244741 0.504503 -0.056253
v -0.246005 0.505421 -0.050806
v -0.247254 0.505546 -0.044428
v -0.248494 0.505239 -0.037544
v -0.249734 0.504893 -0.030614
v -0.250980 0.504873 -0.024066
v -0.252238 0.505459 -0.018230
v -0.253511 0.506810 -0.013290
v -0.254799 0.508936 -0.009258
v -0.256100 0.511701 -0.005977
f 311 312 313
f 311 313 312
f 311 313 314
f 311 314 313
f 311 314 315
f 311 315 314
f 311 315 316
f 311 316 315
f 311 316 317
f 311 317 316
f 311 317 318
f 311 318 317
f 311 318 319
f 311 319 318
f 311 319 320
f 311 320 319
f 311 320 321
f 311 321 320
f 311 321 322
f 311 322 321
f 311 322 323
f 311 323 322
f 311 323 324
f 311 324 323
f 311 324 325
f 311 325 324
f 311 325 326
f 311 326 325
f 311 326 327
f 311 327 326
f 311 327 328
f 311 328 327
f 311 328 329
f 311 329 328
f 311 329 330
f 311 330 329
f 311 330 331
f 311 331 330
f 311 331 332
f 311 332 331
f 311 332 333
f 311 333 332
f 311 333 334
f 311 334 333
f 311 334 335
f 311 335 334
f 311 335 336
f 311 336 335
f 311 336 337
f 311 337 336
f 311 337 338
f 311 338 337
f 311 338 339
f 311 339 338
f 311 339 340
f 311 340 339
f 311 340 341
f 311 341 340
f 311 341 342
f 311 342 341
f 311 342 343
f 311 343 342
f 311 343 344
f 311 344 343
f 311 344 345
f 311 345 344
f 311 345 346
f 311 346 345
f 311 346 347
f 311 347 346
f 311 347 348
f 311 348 347
f 311 348 349
f 311 349 348
f 311 349 350
f 311 350 349
f 311 350 351
f 311 351 350
f 311 351 352
f 311 352 351
f 311 352 353
f 311 353 352
f 311 353 354
f 311 354 353
f 311 354 355
f 311 355 354
f 311 355 356
f 311 356 355
o part_10
v -0.183178 0.515829 0.004142
v -0.181601 0.520285 0.000729
v -0.182773 0.523038 -0.004274
v -0.186247 0.523038 -0.008956
v -0.190695 0.520285 -0.011529
v -0.194419 0.515829 -0.011009
v -0.195996 0.511374 -0.007596
v -0.194824 0.508620 -0.002593
v -0.191351 0.508620 0.002089
v -0.186902 0.511374 0.004662
v -0.223233 0.551114 0.030099
v -0.222161 0.554144 0.027778
v -0.222958 0.556016 0.024376
v -0.225320 0.556016 0.021192
v -0.228344 0.554144 0.019443
v -0.230877 0.551114 0.019796
v -0.231949 0.548084 0.022117
v -0.231152 0.546212 0.025519
v -0.228790 0.546212 0.028703
v -0.225765 0.548084 0.030452
f 357 358 368
f 357 368 367
f 358 359 369
f 358 369 368
f 359 360 370
f 359 370 369
f 360 361 371
f 360 371 370
f 361 362 372
f 361 372 371
f 362 363 373
f 362 373 372
f 363 364 374
f 363 374 373
f 364 365 375
f 364 375 374
f 365 366 376
f 365 376 375
f 366 357 367
f 366 367 376
o part_11
v -0.227055 0.551114 0.024947
v -0.223439 0.551243 0.026192
v -0.219526 0.552156 0.026863
v -0.215323 0.553832 0.026976
v -0.210876 0.556152 0.026617
v -0.206253 0.558936 0.025919
v -0.201540 0.561956 0.025048
v -0.196833 0.564961 0.024189
v -0.192229 0.567696 0.023526
v -0.187815 0.569927 0.023233
v -0.183667 0.571458 0.023451
v -0.179838 0.572150 0.024285
v -0.176356 0.571927 0.025786
v -0.173220 0.570791 0.027957
v -0.170403 0.568815 0.030742
v -0.167852 0.566139 0.034039
v -0.165492 0.562959 0.037705
v -0.163234 0.559509 0.041569
v -0.160982 0.556045 0.045443
v -0.158640 0.552816 0.049145
v -0.156123 0.550050 0.052508
v -0.153361 0.547930 0.055398
v -0.150309 0.546572 0.057731
v -0.146960 0.545999 0.059490
v -0.150576 0.545870 0.058245
v -0.154489 0.544956 0.057574
v -0.158692 0.543281 0.057461
v -0.163139 0.540961 0.057820
v -0.167762 0.538177 0.058518
v -0.172475 0.535157 0.059389
v -0.177182 0.532152 0.060249
v -0.181787 0.529417 0.060911
v -0.186200 0.527185 0.061205
v -0.190348 0.525654 0.060986
v -0.194177 0.524963 0.060153
v -0.197659 0.525186 0.058651
v -0.200795 0.526321 0.056481
v -0.203612 0.528298 0.053696
v -0.206163 0.530974 0.050398
v -0.208523 0.534154 0.046732
v -0.210781 0.537603 0.042869
v -0.213033 0.541068 0.038994
v -0.215375 0.544297 0.035292
v -0.217892 0.547062 0.031930
v -0.220654 0.549182 0.029039
v -0.223706 0.550540 0.026706
f 377 378 379
f 377 379 378
f 377 379 380
f 377 380 379
f 377 380 381
f 377 381 380
f 377 381 382
f 377 382 381
f 377 382 383
f 377 383 382
f 377 383 384
f 377 384 383
f 377 384 385
f 377 385 384
f 377 385 386
f 377 386 385
f 377 386 387
f 377 387 386
f 377 387 388
f 377 388 387
f 377 388 389
f 377 389 388
f 377 389 390
f 377 390 389
f 377 390 391
f 377 391 390
f 377 391 392
f 377 392 391
f 377 392 393
f 377 393 392
f 377 393 394
f 377 394 393
f 377 394 395
f 377 395 394
f 377 395 396
f 377 396 395
f 377 396 397
f 377 397 396
f 377 397 398
f 377 398 397
f 377 398 399
f 377 399 398
f 377 399 400
f 377 400 399
f 377 400 401
f 377 401 400
f 377 401 402
f 377 402 401
f 377 402 403
f 377 403 402
f 377 403 404
f 377 404 403
f 377 404 405
f 377 405 404
f 377 405 406
f 377 406 405
f 377 406 407
f 377 407 406
f 377 407 408
f 377 408 407
f 377 408 409
f 377 409 408
f 377 409 410
f 377 410 409
f 377 410 411
f 377 411 410
f 377 411 412
f 377 412 411
f 377 412 413
f 377 413 412
f 377 413 414
f 377 414 413
f 377 414 415
f 377 415 414
f 377 415 416
f 377 416 415
f 377 416 417
f 377 417 416
f 377 417 418
f 377 418 417
f 377 418 419
f 377 419 418
f 377 419 420
f 377 420 419
f 377 420 421
f 377 421 420
f 377 421 422
f 377 422 421
o part_12
v -0.227055 0.551114 0.024947
v -0.229345 0.549738 0.021098
v -0.232103 0.547471 0.017725
v -0.235373 0.544229 0.014875
v -0.239110 0.540096 0.012502
v -0.243210 0.535274 0.010498
v -0.247520 0.530050 0.008710
v -0.251862 0.524765 0.006955
v -0.256049 0.519775 0.005041
v -0.259902 0.515422 0.002786
v -0.263269 0.511995 0.000035
v -0.266040 0.509704 -0.003325
v -0.268157 0.508658 -0.007351
v -0.269620 0.508857 -0.012045
v -0.270488 0.510192 -0.017347
v -0.270869 0.512453 -0.023146
v -0.270917 0.515350 -0.029285
v -0.270809 0.518544 -0.035583
v -0.270733 0.521675 -0.041848
v -0.270869 0.524405 -0.047898
v -0.271366 0.526446 -0.053578
v -0.272330 0.527596 -0.058781
v -0.273807 0.527771 -0.063462
v -0.275751 0.527055 -0.067666
v -0.273460 0.528431 -0.063816
v -0.270702 0.530698 -0.060443
v -0.267432 0.533940 -0.057593
v -0.263695 0.538073 -0.055220
v -0.259596 0.542895 -0.053216
v -0.255286 0.548119 -0.051428
v -0.250943 0.553404 -0.049673
v -0.246757 0.558394 -0.047759
v -0.242904 0.562746 -0.045504
v -0.239537 0.566173 -0.042753
v -0.236766 0.568465 -0.039394
v -0.234649 0.569511 -0.035367
v -0.233185 0.569312 -0.030673
v -0.232318 0.567977 -0.025371
v -0.231936 0.565716 -0.019572
v -0.231889 0.562819 -0.013433
v -0.231997 0.559625 -0.007135
v -0.232072 0.556493 -0.000870
v -0.231937 0.553764 0.005180
v -0.231440 0.551723 0.010860
v -0.230475 0.550573 0.016063
v -0.228999 0.550398 0.020744
f 423 424 425
f 423 425 424
f 423 425 426
f 423 426 425
f 423 426 427
f 423 427 426
f 423 427 428
f 423 428 427
f 423 428 429
f 423 429 428
f 423 429 430
f 423 430 429
f 423 430 431
f 423 431 430
f 423 431 432
f 423 432 431
f 423 432 433
f 423 433 432
f 423 433 434
f 423 434 433
f 423 434 435
f 423 435 434
f 423 435 436
f 423 436 435
f 423 436 437
f 423 437 436
f 423 437 438
f 423 438 437
f 423 438 439
f 423 439 438
f 423 439 440
f 423 440 439
f 423 440 441
f 423 441 440
f 423 441 442
f 423 442 441
f 423 442 443
f 423 443 442
f 423 443 444
f 423 444 443
f 423 444 445
f 423 445 444
f 423 445 446
f 423 446 445
f 423 446 447
f 423 447 446
f 423 447 448
f 423 448 447
f 423 448 449
f 423 449 448
f 423 449 450
f 423 450 449
f 423 450 451
f 423 451 450
f 423 451 452
f 423 452 451
f 423 452 453
f 423 453 452
f 423 453 454
f 423 454 453
f 423 454 455
f 423 455 454
f 423 455 456
f 423 456 455
f 423 456 457
f 423 457 456
f 423 457 458
f 423 458 457
f 423 458 459
f 423 459 458
f 423 459 460
f 423 460 459
f 423 460 461
f 423 461 460
f 423 461 462
f 423 462 461
f 423 462 463
f 423 463 462
f 423 463 464
f 423 464 463
f 423 464 465
f 423 465 464
f 423 465 466
f 423 466 465
f 423 466 467
f 423 467 466
f 423 467 468
f 423 468 467
o part_13
v -0.194627 0.515829 0.003983
v -0.190195 0.519424 0.005175
v -0.185230 0.521646 0.003079
v -0.181627 0.521646 -0.001505
v -0.180764 0.519424 -0.006826
v -0.182970 0.515829 -0.010850
v -0.187402 0.512234 -0.012042
v -0.192368 0.510013 -0.009946
v -0.195970 0.510013 -0.005362
v -0.196833 0.512234 -0.000042
v -0.227608 0.567869 -0.025775
v -0.224595 0.570314 -0.024965
v -0.221218 0.571824 -0.026390
v -0.218768 0.571824 -0.029507
v -0.218182 0.570314 -0.033125
v -0.219681 0.567869 -0.035862
v -0.222695 0.565424 -0.036672
v -0.226072 0.563914 -0.035247
v -0.228521 0.563914 -0.032130
v -0.229108 0.565424 -0.028512
f 469 470 480
f 469 480 479
f 470 471 481
f 470 481 480
f 471 472 482
f 471 482 481
f 472 473 483
f 472 483 482
f 473 474 484
f 473 484 483
f 474 475 485
f 474 485 484
f 475 476 486
f 475 486 485
f 476 477 487
f 476 487 486
f 477 478 488
f 477 488 487
f 478 469 479
f 478 479 488
o part_14
v -0.223645 0.567869 -0.030818
v -0.224687 0.566098 -0.028495
v -0.225639 0.564465 -0.026025
v -0.226377 0.563159 -0.023202
v -0.226794 0.562348 -0.019850
v -0.226834 0.562116 -0.015878
v -0.226521 0.562425 -0.011325
v -0.225964 0.563111 -0.006368
v -0.225338 0.563901 -0.001300
v -0.224861 0.564463 0.003525
v -0.224747 0.564468 0.007752
v -0.225168 0.563651 0.011097
v -0.226220 0.561864 0.013403
v -0.227903 0.559107 0.014670
v -0.230121 0.555528 0.015055
v -0.232703 0.551392 0.014842
v -0.235433 0.547027 0.014385
v -0.238094 0.542768 0.014040
v -0.240511 0.538885 0.014099
v -0.242575 0.535543 0.014738
v -0.244262 0.532780 0.015998
v -0.245628 0.530511 0.017787
v -0.246780 0.528570 0.019928
v -0.247843 0.526767 0.022217
v -0.246801 0.528538 0.019894
v -0.245849 0.530171 0.017423
v -0.245110 0.531477 0.014601
v -0.244694 0.532288 0.011249
v -0.244654 0.532520 0.007276
v -0.244966 0.532211 0.002723
v -0.245524 0.531525 -0.002233
v -0.246149 0.530735 -0.007302
v -0.246627 0.530173 -0.012126
v -0.246741 0.530168 -0.016353
v -0.246320 0.530986 -0.019698
v -0.245268 0.532773 -0.022004
v -0.243585 0.535529 -0.023271
v -0.241366 0.539108 -0.023656
v -0.238785 0.543245 -0.023443
v -0.236055 0.547609 -0.022986
v -0.233393 0.551868 -0.022641
v -0.230977 0.555752 -0.022700
v -0.228913 0.559093 -0.023340
v -0.227225 0.561857 -0.024599
v -0.225860 0.564125 -0.026389
v -0.224707 0.566066 -0.028530
f 489 490 491
f 489 491 490
f 489 491 492
f 489 492 491
f 489 492 493
f 489 493 492
f 489 493 494
f 489 494 493
f 489 494 495
f 489 495 494
f 489 495 496
f 489 496 495
f 489 496 497
f 489 497 496
f 489 497 498
f 489 498 497
f 489 498 499
f 489 499 498
f 489 499 500
f 489 500 499
f 489 500 501
f 489 501 500
f 489 501 502
f 489 502 501
f 489 502 503
f 489 503 502
f 489 503 504
f 489 504 503
f 489 504 505
f 489 505 504
f 489 505 506
f 489 506 505
f 489 506 507
f 489 507 506
f 489 507 508
f 489 508 507
f 489 508 509
f 489 509 508
f 489 509 510
f 489 510 509
f 489 510 511
f 489 511 510
f 489 511 512
f 489 512 511
f 489 512 513
f 489 513 512
f 489 513 514
f 489 514 513
f 489 514 515
f 489 515 514
f 489 515 516
f 489 516 515
f 489 516 517
f 489 517 516
f 489 517 518
f 489 518 517
f 489 518 519
f 489 519 518
f 489 519 520
f 489 520 519
f 489 520 521
f 489 521 520
f 489 521 522
f 489 522 521
f 489 522 523
f 489 523 522
f 489 523 524
f 489 524 523
f 489 524 525
f 489 525 524
f 489 525 526
f 489 526 525
f 489 526 527
f 489 527 526
f 489 527 528
f 489 528 527
f 489 528 529
f 489 529 528
f 489 529 530
f 489 530 529
f 489 530 531
f 489 531 530
f 489 531 532
f 489 532 531
f 489 532 533
f 489 533 532
f 489 533 534
f 489 534 533
o part_15
v -0.223645 0.567869 -0.030818
v -0.220625 0.567378 -0.033741
v -0.218182 0.566125 -0.037381
v -0.216255 0.564188 -0.041662
v -0.214743 0.561700 -0.046461
v -0.213514 0.558839 -0.051610
v -0.212413 0.555810 -0.056917
v -0.211273 0.552830 -0.062178
v -0.209933 0.550115 -0.067190
v -0.208246 0.547861 -0.071769
v -0.206089 0.546228 -0.075765
v -0.203377 0.545331 -0.079070
v -0.200063 0.545230 -0.081627
v -0.196148 0.545924 -0.083438
v -0.191677 0.547354 -0.084557
v -0.186737 0.549405 -0.085093
v -0.181450 0.551917 -0.085196
v -0.175962 0.554694 -0.085051
v -0.170436 0.557521 -0.084859
v -0.165037 0.560179 -0.084825
v -0.159921 0.562464 -0.085142
v -0.155221 0.564198 -0.085975
v -0.151037 0.565249 -0.087451
v -0.147429 0.565537 -0.089643
v -0.150449 0.566027 -0.086720
v -0.152892 0.567281 -0.083081
v -0.154819 0.569218 -0.078799
v -0.156331 0.571705 -0.074001
v -0.157560 0.574566 -0.068852
v -0.158661 0.577596 -0.063544
v -0.159801 0.580576 -0.058284
v -0.161141 0.583290 -0.053272
v -0.162828 0.585545 -0.048693
v -0.164985 0.587178 -0.044697
v -0.167697 0.588075 -0.041392
v -0.171011 0.588176 -0.038834
v -0.174926 0.587482 -0.037024
v -0.179397 0.586052 -0.035905
v -0.184337 0.584000 -0.035369
v -0.189624 0.581488 -0.035265
v -0.195112 0.578711 -0.035411
v -0.200638 0.575885 -0.035603
v -0.206037 0.573226 -0.035637
v -0.211153 0.570942 -0.035320
v -0.215853 0.569207 -0.034486
v -0.220037 0.568157 -0.033011
f 535 536 537
f 535 537 536
f 535 537 538
f 535 538 537
f 535 538 539
f 535 539 538
f 535 539 540
f 535 540 539
f 535 540 541
f 535 541 540
f 535 541 542
f 535 542 541
f 535 542 543
f 535 543 542
f 535 543 544
f 535 544 543
f 535 544 545
f 535 545 544
f 535 545 546
f 535 546 545
f 535 546 547
f 535 547 546
f 535 547 548
f 535 548 547
f 535 548 549
f 535 549 548
f 535 549 550
f 535 550 549
f 535 550 551
f 535 551 550
f 535 551 552
f 535 552 551
f 535 552 553
f 535 553 552
f 535 553 554
f 535 554 553
f 535 554 555
f 535 555 554
f 535 555 556
f 535 556 555
f 535 556 557
f 535 557 556
f 535 557 558
f 535 558 557
f 535 558 559
f 535 559 558
f 535 559 560
f 535 560 559
f 535 560 561
f 535 561 560
f 535 561 562
f 535 562 561
f 535 562 563
f 535 563 562
f 535 563 564
f 535 564 563
f 535 564 565
f 535 565 564
f 535 565 566
f 535 566 565
f 535 566 567
f 535 567 566
f 535 567 568
f 535 568 567
f 535 568 569
f 535 569 568
f 535 569 570
f 535 570 569
f 535 570 571
f 535 571 570
f 535 571 572
f 535 572 571
f 535 572 573
f 535 573 572
f 535 573 574
f 535 574 573
f 535 574 575
f 535 575 574
f 535 575 576
f 535 576 575
f 535 576 577
f 535 577 576
f 535 577 578
f 535 578 577
f 535 578 579
f 535 579 578
f 535 579 580
f 535 580 579
o part_16
v -0.078190 0.467884 -0.001048
v -0.079316 0.473248 -0.007640
v -0.085161 0.476563 -0.012964
v -0.093493 0.476563 -0.014986
v -0.101128 0.473248 -0.012934
v -0.105151 0.467884 -0.007591
v -0.104025 0.462519 -0.000999
v -0.098179 0.459204 0.004325
v -0.089848 0.459204 0.006347
v -0.082212 0.462519 0.004294
v -0.099105 0.548461 0.066311
v -0.099871 0.552109 0.061828
v -0.103846 0.554363 0.058208
v -0.109511 0.554363 0.056833
v -0.114703 0.552109 0.058228
v -0.117439 0.548461 0.061861
v -0.116673 0.544813 0.066344
v -0.112698 0.542559 0.069964
v -0.107032 0.542559 0.071339
v -0.101840 0.544813 0.069944
f 581 582 592
f 581 592 591
f 582 583 593
f 582 593 592
f 583 584 594
f 583 594 593
f 584 585 595
f 584 595 594
f 585 586 596
f 585 596 595
f 586 587 597
f 586 597 596
f 587 588 598
f 587 598 597
f 588 589 599
f 588 599 598
f 589 590 600
f 589 600 599
f 590 581 591
f 590 591 600
o part_17
v -0.108272 0.548461 0.064086
v -0.104696 0.546979 0.064818
v -0.100827 0.545921 0.065123
v -0.096537 0.545470 0.064815
v -0.091789 0.545678 0.063842
v -0.086630 0.546479 0.062270
v -0.081176 0.547705 0.060268
v -0.075596 0.549113 0.058084
v -0.070089 0.550415 0.056006
v -0.064861 0.551315 0.054334
v -0.060093 0.551553 0.053330
v -0.055921 0.550931 0.053195
v -0.052418 0.549346 0.054032
v -0.049583 0.546796 0.055842
v -0.047345 0.543388 0.058520
v -0.045567 0.539316 0.061867
v -0.044066 0.534844 0.065619
v -0.042640 0.530265 0.069478
v -0.041088 0.525867 0.073154
v -0.039240 0.521896 0.076400
v -0.036981 0.518517 0.079048
v -0.034265 0.515797 0.081030
v -0.031128 0.513684 0.082400
v -0.027697 0.511994 0.083342
v -0.031272 0.513476 0.082610
v -0.035141 0.514534 0.082305
v -0.039432 0.514985 0.082613
v -0.044179 0.514777 0.083586
v -0.049338 0.513977 0.085158
v -0.054793 0.512750 0.087160
v -0.060373 0.511342 0.089345
v -0.065879 0.510041 0.091422
v -0.071107 0.509140 0.093094
v -0.075876 0.508903 0.094098
v -0.080048 0.509524 0.094234
v -0.083551 0.511110 0.093396
v -0.086385 0.513659 0.091586
v -0.088624 0.517068 0.088908
v -0.090402 0.521139 0.085561
v -0.091902 0.525612 0.081810
v -0.093328 0.530191 0.077950
v -0.094881 0.534588 0.074274
v -0.096728 0.538560 0.071028
v -0.098987 0.541939 0.068380
v -0.101703 0.544659 0.066398
v -0.104841 0.546772 0.065028
f 601 602 603
f 601 603 602
f 601 603 604
f 601 604 603
f 601 604 605
f 601 605 604
f 601 605 606
f 601 606 605
f 601 606 607
f 601 607 606
f 601 607 608
f 601 608 607
f 601 608 609
f 601 609 608
f 601 609 610
f 601 610 609
f 601 610 611
f 601 611 610
f 601 611 612
f 601 612 611
f 601 612 613
f 601 613 612
f 601 613 614
f 601 614 613
f 601 614 615
f 601 615 614
f 601 615 616
f 601 616 615
f 601 616 617
f 601 617 616
f 601 617 618
f 601 618 617
f 601 618 619
f 601 619 618
f 601 619 620
f 601 620 619
f 601 620 621
f 601 621 620
f 601 621 622
f 601 622 621
f 601 622 623
f 601 623 622
f 601 623 624
f 601 624 623
f 601 624 625
f 601 625 624
f 601 625 626
f 601 626 625
f 601 626 627
f 601 627 626
f 601 627 628
f 601 628 627
f 601 628 629
f 601 629 628
f 601 629 630
f 601 630 629
f 601 630 631
f 601 631 630
f 601 631 632
f 601 632 631
f 601 632 633
f 601 633 632
f 601 633 634
f 601 634 633
f 601 634 635
f 601 635 634
f 601 635 636
f 601 636 635
f 601 636 637
f 601 637 636
f 601 637 638
f 601 638 637
f 601 638 639
f 601 639 638
f 601 639 640
f 601 640 639
f 601 640 641
f 601 641 640
f 601 641 642
f 601 642 641
f 601 642 643
f 601 643 642
f 601 643 644
f 601 644 643
f 601 644 645
f 601 645 644
f 601 645 646
f 601 646 645
o part_18
v -0.108272 0.548461 0.064086
v -0.111582 0.546273 0.062555
v -0.114876 0.543902 0.061244
v -0.118129 0.541083 0.060471
v -0.121320 0.537574 0.060525
v -0.124436 0.533248 0.061560
v -0.127482 0.528147 0.063525
v -0.130478 0.522498 0.066148
v -0.133459 0.516684 0.068968
v -0.136469 0.511182 0.071414
v -0.139550 0.506465 0.072918
v -0.142737 0.502916 0.073020
v -0.146049 0.500749 0.071465
v -0.149487 0.499963 0.068252
v -0.153031 0.500345 0.063637
v -0.156646 0.501513 0.058079
v -0.160290 0.502991 0.052149
v -0.163918 0.504306 0.046415
v -0.167497 0.505073 0.041339
v -0.171006 0.505064 0.037193
v -0.174440 0.504238 0.034028
v -0.177812 0.502722 0.031691
v -0.181142 0.500759 0.029891
v -0.184457 0.498612 0.028311
v -0.181146 0.500800 0.029841
v -0.177852 0.503171 0.031153
v -0.174599 0.505990 0.031926
v -0.171409 0.509499 0.031872
v -0.168292 0.513825 0.030837
v -0.165246 0.518926 0.028871
v -0.162250 0.524575 0.026249
v -0.159269 0.530389 0.023429
v -0.156259 0.535891 0.020982
v -0.153179 0.540608 0.019478
v -0.149992 0.544156 0.019377
v -0.146679 0.546324 0.020932
v -0.143241 0.547110 0.024145
v -0.139698 0.546728 0.028759
v -0.136082 0.545560 0.034317
v -0.132439 0.544082 0.040248
v -0.128810 0.542767 0.045981
v -0.125231 0.542000 0.051058
v -0.121723 0.542009 0.055203
v -0.118288 0.542835 0.058368
v -0.114917 0.544351 0.060706
v -0.111586 0.546314 0.062506
f 647 648 649
f 647 649 648
f 647 649 650
f 647 650 649
f 647 650 651
f 647 651 650
f 647 651 652
f 647 652 651
f 647 652 653
f 647 653 652
f 647 653 654
f 647 654 653
f 647 654 655
f 647 655 654
f 647 655 656
f 647 656 655
f 647 656 657
f 647 657 656
f 647 657 658
f 647 658 657
f 647 658 659
f 647 659 658
f 647 659 660
f 647 660 659
f 647 660 661
f 647 661 660
f 647 661 662
f 647 662 661
f 647 662 663
f 647 663 662
f 647 663 664
f 647 664 663
f 647 664 665
f 647 665 664
f 647 665 666
f 647 666 665
f 647 666 667
f 647 667 666
f 647 667 668
f 647 668 667
f 647 668 669
f 647 669 668
f 647 669 670
f 647 670 669
f 647 670 671
f 647 671 670
f 647 671 672
f 647 672 671
f 647 672 673
f 647 673 672
f 647 673 674
f 647 674 673
f 647 674 675
f 647 675 674
f 647 675 676
f 647 676 675
f 647 676 677
f 647 677 676
f 647 677 678
f 647 678 677
f 647 678 679
f 647 679 678
f 647 679 680
f 647 680 679
f 647 680 681
f 647 681 680
f 647 681 682
f 647 682 681
f 647 682 683
f 647 683 682
f 647 683 684
f 647 684 683
f 647 684 685
f 647 685 684
f 647 685 686
f 647 686 685
f 647 686 687
f 647 687 686
f 647 687 688
f 647 688 687
f 647 688 689
f 647 689 688
f 647 689 690
f 647 690 689
f 647 690 691
f 647 691 690
f 647 691 692
f 647 692 691
o part_19
v -0.099249 0.548461 0.066837
v -0.100584 0.553844 0.065040
v -0.104856 0.557171 0.062878
v -0.110432 0.557171 0.061178
v -0.115184 0.553844 0.060588
v -0.117295 0.548461 0.061335
v -0.115959 0.543078 0.063132
v -0.111687 0.539752 0.065294
v -0.106111 0.539752 0.066994
v -0.101360 0.543078 0.067584
v -0.121144 0.564561 0.128296
v -0.122053 0.568221 0.127074
v -0.124957 0.570483 0.125604
v -0.128749 0.570483 0.124448
v -0.131980 0.568221 0.124047
v -0.133416 0.564561 0.124555
v -0.132507 0.560900 0.125777
v -0.129603 0.558638 0.127247
v -0.125811 0.558638 0.128403
v -0.122580 0.560900 0.128804
f 693 694 704
f 693 704 703
f 694 695 705
f 694 705 704
f 695 696 706
f 695 706 705
f 696 697 707
f 696 707 706
f 697 698 708
f 697 708 707
f 698 699 709
f 698 709 708
f 699 700 710
f 699 710 709
f 700 701 711
f 700 711 710
f 701 702 712
f 701 712 711
f 702 693 703
f 702 703 712
o part_20
v -0.127280 0.564561 0.126426
v -0.124092 0.563330 0.126658
v -0.120763 0.562440 0.126846
v -0.117164 0.562195 0.126949
v -0.113216 0.562793 0.126941
v -0.108903 0.564268 0.126818
v -0.104282 0.566482 0.126597
v -0.099479 0.569133 0.126319
v -0.094667 0.571808 0.126039
v -0.090039 0.574039 0.125816
v -0.085779 0.575387 0.125710
v -0.082027 0.575512 0.125764
v -0.078862 0.574227 0.126003
v -0.076283 0.571532 0.126428
v -0.074213 0.567613 0.127014
v -0.072511 0.562812 0.127716
v -0.070992 0.557567 0.128476
v -0.069464 0.552345 0.129233
v -0.067754 0.547562 0.129932
v -0.065737 0.543516 0.130534
v -0.063355 0.540349 0.131021
v -0.060623 0.538023 0.131398
v -0.057622 0.536343 0.131689
v -0.054479 0.535003 0.131936
v -0.057667 0.536234 0.131704
v -0.060996 0.537124 0.131516
v -0.064595 0.537369 0.131413
v -0.068543 0.536771 0.131421
v -0.072856 0.535296 0.131544
v -0.077477 0.533083 0.131764
v -0.082280 0.530431 0.132042
v -0.087092 0.527757 0.132323
v -0.091720 0.525525 0.132546
v -0.095980 0.524177 0.132652
v -0.099732 0.524052 0.132598
v -0.102897 0.525337 0.132358
v -0.105476 0.528032 0.131933
v -0.107546 0.531951 0.131348
v -0.109249 0.536752 0.130646
v -0.110767 0.541997 0.129886
v -0.112295 0.547219 0.129129
v -0.114005 0.552002 0.128430
v -0.116022 0.556048 0.127827
v -0.118404 0.559215 0.127340
v -0.121136 0.561541 0.126964
v -0.124138 0.563221 0.126672
f 713 714 715
f 713 715 714
f 713 715 716
f 713 716 715
f 713 716 717
f 713 717 716
f 713 717 718
f 713 718 717
f 713 718 719
f 713 719 718
f 713 719 720
f 713 720 719
f 713 720 721
f 713 721 720
f 713 721 722
f 713 722 721
f 713 722 723
f 713 723 722
f 713 723 724
f 713 724 723
f 713 724 725
f 713 725 724
f 713 725 726
f 713 726 725
f 713 726 727
f 713 727 726
f 713 727 728
f 713 728 727
f 713 728 729
f 713 729 728
f 713 729 730
f 713 730 729
f 713 730 731
f 713 731 730
f 713 731 732
f 713 732 731
f 713 732 733
f 713 733 732
f 713 733 734
f 713 734 733
f 713 734 735
f 713 735 734
f 713 735 736
f 713 736 735
f 713 736 737
f 713 737 736
f 713 737 738
f 713 738 737
f 713 738 739
f 713 739 738
f 713 739 740
f 713 740 739
f 713 740 741
f 713 741 740
f 713 741 742
f 713 742 741
f 713 742 743
f 713 743 742
f 713 743 744
f 713 744 743
f 713 744 745
f 713 745 744
f 713 745 746
f 713 746 745
f 713 746 747
f 713 747 746
f 713 747 748
f 713 748 747
f 713 748 749
f 713 749 748
f 713 749 750
f 713 750 749
f 713 750 751
f 713 751 750
f 713 751 752
f 713 752 751
f 713 752 753
f 713 753 752
f 713 753 754
f 713 754 753
f 713 754 755
f 713 755 754
f 713 755 756
f 713 756 755
f 713 756 757
f 713 757 756
f 713 757 758
f 713 758 757
o part_21
v -0.127280 0.564561 0.126426
v -0.127873 0.566669 0.123671
v -0.128960 0.568552 0.120825
v -0.130795 0.570090 0.117838
v -0.133473 0.571242 0.114695
v -0.136933 0.572035 0.111407
v -0.140973 0.572561 0.108010
v -0.145283 0.572963 0.104562
v -0.149488 0.573414 0.101135
v -0.153195 0.574094 0.097800
v -0.156051 0.575163 0.094624
v -0.157792 0.576746 0.091655
v -0.158274 0.578905 0.088921
v -0.157497 0.581643 0.086422
v -0.155605 0.584893 0.084131
v -0.152862 0.588533 0.081998
v -0.149621 0.592401 0.079958
v -0.146275 0.596319 0.077938
v -0.143199 0.600112 0.075867
v -0.140703 0.603639 0.073688
v -0.138989 0.606806 0.071363
v -0.138118 0.609588 0.068882
v -0.137995 0.612025 0.066260
v -0.138366 0.614236 0.063547
v -0.137773 0.612127 0.066302
v -0.136686 0.610245 0.069148
v -0.134851 0.608706 0.072134
v -0.132173 0.607555 0.075277
v -0.128713 0.606762 0.078566
v -0.124673 0.606235 0.081963
v -0.120362 0.605833 0.085411
v -0.116158 0.605382 0.088838
v -0.112451 0.604703 0.092173
v -0.109595 0.603633 0.095349
v -0.107854 0.602051 0.098318
v -0.107372 0.599891 0.101051
v -0.108149 0.597154 0.103551
v -0.110041 0.593904 0.105842
v -0.112784 0.590264 0.107975
v -0.116024 0.586395 0.110015
v -0.119371 0.582478 0.112035
v -0.122447 0.578684 0.114106
v -0.124943 0.575158 0.116285
v -0.126657 0.571990 0.118610
v -0.127528 0.569209 0.121091
v -0.127651 0.566772 0.123713
f 759 760 761
f 759 761 760
f 759 761 762
f 759 762 761
f 759 762 763
f 759 763 762
f 759 763 764
f 759 764 763
f 759 764 765
f 759 765 764
f 759 765 766
f 759 766 765
f 759 766 767
f 759 767 766
f 759 767 768
f 759 768 767
f 759 768 769
f 759 769 768
f 759 769 770
f 759 770 769
f 759 770 771
f 759 771 770
f 759 771 772
f 759 772 771
f 759 772 773
f 759 773 772
f 759 773 774
f 759 774 773
f 759 774 775
f 759 775 774
f 759 775 776
f 759 776 775
f 759 776 777
f 759 777 776
f 759 777 778
f 759 778 777
f 759 778 779
f 759 779 778
f 759 779 780
f 759 780 779
f 759 780 781
f 759 781 780
f 759 781 782
f 759 782 781
f 759 782 783
f 759 783 782
f 759 783 784
f 759 784 783
f 759 784 785
f 759 785 784
f 759 785 786
f 759 786 785
f 759 786 787
f 759 787 786
f 759 787 788
f 759 788 787
f 759 788 789
f 759 789 788
f 759 789 790
f 759 790 789
f 759 790 791
f 759 791 790
f 759 791 792
f 759 792 791
f 759 792 793
f 759 793 792
f 759 793 794
f 759 794 793
f 759 794 795
f 759 795 794
f 759 795 796
f 759 796 795
f 759 796 797
f 759 797 796
f 759 797 798
f 759 798 797
f 759 798 799
f 759 799 798
f 759 799 800
f 759 800 799
f 759 800 801
f 759 801 800
f 759 801 802
f 759 802 801
f 759 802 803
f 759 803 802
f 759 803 804
f 759 804 803
o part_22
v -0.127280 0.564561 0.126426
v -0.128404 0.562176 0.124829
v -0.129108 0.559389 0.123464
v -0.129284 0.556097 0.122390
v -0.128936 0.552301 0.121607
v -0.128148 0.548084 0.121066
v -0.127071 0.543590 0.120685
v -0.125904 0.539009 0.120354
v -0.124865 0.534552 0.119952
v -0.124170 0.530424 0.119360
v -0.124006 0.526805 0.118474
v -0.124513 0.523829 0.117219
v -0.125762 0.521565 0.115552
v -0.127755 0.520013 0.113476
v -0.130417 0.519103 0.111029
v -0.133612 0.518703 0.108288
v -0.137150 0.518632 0.105357
v -0.140816 0.518685 0.102356
v -0.144392 0.518650 0.099405
v -0.147679 0.518339 0.096613
v -0.150527 0.517606 0.094064
v -0.152849 0.516370 0.091805
v -0.154644 0.514629 0.089837
v -0.156019 0.512486 0.088101
v -0.154896 0.514870 0.089698
v -0.154192 0.517658 0.091063
v -0.154015 0.520950 0.092136
v -0.154363 0.524745 0.092920
v -0.155152 0.528963 0.093461
v -0.156228 0.533456 0.093842
v -0.157396 0.538037 0.094173
v -0.158435 0.542495 0.094575
v -0.159130 0.546623 0.095167
v -0.159293 0.550241 0.096052
v -0.158787 0.553217 0.097308
v -0.157537 0.555481 0.098975
v -0.155545 0.557033 0.101051
v -0.152882 0.557943 0.103498
v -0.149688 0.558344 0.106239
v -0.146150 0.558414 0.109169
v -0.142483 0.558362 0.112171
v -0.138908 0.558396 0.115122
v -0.135620 0.558707 0.117914
v -0.132773 0.559440 0.120463
v -0.130451 0.560676 0.122722
v -0.128655 0.562417 0.124690
f 805 806 807
f 805 807 806
f 805 807 808
f 805 808 807
f 805 808 809
f 805 809 808
f 805 809 810
f 805 810 809
f 805 810 811
f 805 811 810
f 805 811 812
f 805 812 811
f 805 812 813
f 805 813 812
f 805 813 814
f 805 814 813
f 805 814 815
f 805 815 814
f 805 815 816
f 805 816 815
f 805 816 817
f 805 817 816
f 805 817 818
f 805 818 817
f 805 818 819
f 805 819 818
f 805 819 820
f 805 820 819
f 805 820 821
f 805 821 820
f 805 821 822
f 805 822 821
f 805 822 823
f 805 823 822
f 805 823 824
f 805 824 823
f 805 824 825
f 805 825 824
f 805 825 826
f 805 826 825
f 805 826 827
f 805 827 826
f 805 827 828
f 805 828 827
f 805 828 829
f 805 829 828
f 805 829 830
f 805 830 829
f 805 830 831
f 805 831 830
f 805 831 832
f 805 832 831
f 805 832 833
f 805 833 832
f 805 833 834
f 805 834 833
f 805 834 835
f 805 835 834
f 805 835 836
f 805 836 835
f 805 836 837
f 805 837 836
f 805 837 838
f 805 838 837
f 805 838 839
f 805 839 838
f 805 839 840
f 805 840 839
f 805 840 841
f 805 841 840
f 805 841 842
f 805 842 841
f 805 842 843
f 805 843 842
f 805 843 844
f 805 844 843
f 805 844 845
f 805 845 844
f 805 845 846
f 805 846 845
f 805 846 847
f 805 847 846
f 805 847 848
f 805 848 847
f 805 848 849
f 805 849 848
f 805 849 850
f 805 850 849
o part_23
v -0.102046 0.548461 0.056999
v -0.106606 0.551719 0.055391
v -0.111802 0.553732 0.057105
v -0.115650 0.553732 0.061485
v -0.116679 0.551719 0.066858
v -0.114497 0.548461 0.071173
v -0.109937 0.545204 0.072781
v -0.104741 0.543190 0.071067
v -0.100894 0.543190 0.066687
v -0.099864 0.545204 0.061314
v -0.077094 0.597859 0.082935
v -0.080195 0.600074 0.081842
v -0.083728 0.601443 0.083007
v -0.086344 0.601443 0.085986
v -0.087044 0.600074 0.089640
v -0.085561 0.597859 0.092574
v -0.082460 0.595644 0.093667
v -0.078927 0.594275 0.092502
v -0.076310 0.594275 0.089523
v -0.075610 0.595644 0.085869
f 851 852 862
f 851 862 861
f 852 853 863
f 852 863 862
f 853 854 864
f 853 864 863
f 854 855 865
f 854 865 864
f 855 856 866
f 855 866 865
f 856 857 867
f 856 867 866
f 857 858 868
f 857 868 867
f 858 859 869
f 858 869 868
f 859 860 870
f 859 870 869
f 860 851 861
f 860 861 870
o part_24
v -0.081327 0.597859 0.087754
v -0.080116 0.596007 0.084804
v -0.079047 0.594307 0.081697
v -0.078316 0.592971 0.078216
v -0.078099 0.592186 0.074169
v -0.078483 0.592047 0.069458
v -0.079431 0.592515 0.064124
v -0.080774 0.593406 0.058356
v -0.082227 0.594415 0.052466
v -0.083445 0.595173 0.046834
v -0.084084 0.595307 0.041843
v -0.083866 0.594522 0.037796
v -0.082639 0.592652 0.034864
v -0.080401 0.589698 0.033045
v -0.077308 0.585824 0.032171
v -0.073635 0.581327 0.031937
v -0.069726 0.576578 0.031962
v -0.065929 0.571948 0.031865
v -0.062525 0.567741 0.031333
v -0.059686 0.564141 0.030178
v -0.057449 0.561186 0.028360
v -0.055725 0.558783 0.025975
v -0.054339 0.556743 0.023217
v -0.053095 0.554856 0.020302
v -0.054306 0.556708 0.023253
v -0.055376 0.558408 0.026360
v -0.056106 0.559744 0.029841
v -0.056324 0.560529 0.033888
v -0.055940 0.560668 0.038599
v -0.054991 0.560200 0.043933
v -0.053649 0.559309 0.049701
v -0.052195 0.558299 0.055591
v -0.050977 0.557542 0.061222
v -0.050339 0.557408 0.066214
v -0.050557 0.558193 0.070260
v -0.051784 0.560063 0.073193
v -0.054021 0.563017 0.075012
v -0.057115 0.566891 0.075886
v -0.060788 0.571387 0.076120
v -0.064696 0.576136 0.076095
v -0.068494 0.580767 0.076192
v -0.071897 0.584974 0.076724
v -0.074736 0.588574 0.077879
v -0.076974 0.591529 0.079697
v -0.078698 0.593932 0.082081
v -0.080084 0.595972 0.084840
f 871 872 873
f 871 873 872
f 871 873 874
f 871 874 873
f 871 874 875
f 871 875 874
f 871 875 876
f 871 876 875
f 871 876 877
f 871 877 876
f 871 877 878
f 871 878 877
f 871 878 879
f 871 879 878
f 871 879 880
f 871 880 879
f 871 880 881
f 871 881 880
f 871 881 882
f 871 882 881
f 871 882 883
f 871 883 882
f 871 883 884
f 871 884 883
f 871 884 885
f 871 885 884
f 871 885 886
f 871 886 885
f 871 886 887
f 871 887 886
f 871 887 888
f 871 888 887
f 871 888 889
f 871 889 888
f 871 889 890
f 871 890 889
f 871 890 891
f 871 891 890
f 871 891 892
f 871 892 891
f 871 892 893
f 871 893 892
f 871 893 894
f 871 894 893
f 871 894 895
f 871 895 894
f 871 895 896
f 871 896 895
f 871 896 897
f 871 897 896
f 871 897 898
f 871 898 897
f 871 898 899
f 871 899 898
f 871 899 900
f 871 900 899
f 871 900 901
f 871 901 900
f 871 901 902
f 871 902 901
f 871 902 903
f 871 903 902
f 871 903 904
f 871 904 903
f 871 904 905
f 871 905 904
f 871 905 906
f 871 906 905
f 871 906 907
f 871 907 906
f 871 907 908
f 871 908 907
f 871 908 909
f 871 909 908
f 871 909 910
f 871 910 909
f 871 910 911
f 871 911 910
f 871 911 912
f 871 912 911
f 871 912 913
f 871 913 912
f 871 913 914
f 871 914 913
f 871 914 915
f 871 915 914
f 871 915 916
f 871 916 915
o part_25
v -0.081327 0.597859 0.087754
v -0.084262 0.597042 0.088995
v -0.087038 0.596017 0.090491
v -0.089517 0.594600 0.092466
v -0.091614 0.592680 0.095056
v -0.093315 0.590238 0.098284
v -0.094686 0.587362 0.102044
v -0.095864 0.584231 0.106115
v -0.097036 0.581092 0.110195
v -0.098410 0.578221 0.113948
v -0.100185 0.575876 0.117058
v -0.102511 0.574258 0.119278
v -0.105472 0.573476 0.120477
v -0.109068 0.573530 0.120653
v -0.113215 0.574310 0.119941
v -0.117761 0.575617 0.118585
v -0.122511 0.577192 0.116902
v -0.127255 0.578759 0.115228
v -0.131806 0.580071 0.113865
v -0.136027 0.580949 0.113034
v -0.139852 0.581305 0.112841
v -0.143294 0.581157 0.113264
v -0.146440 0.580618 0.114165
v -0.149427 0.579871 0.115321
v -0.146492 0.580687 0.114080
v -0.143716 0.581713 0.112584
v -0.141237 0.583129 0.110610
v -0.139140 0.585050 0.108019
v -0.137439 0.587491 0.104791
v -0.136068 0.590368 0.101032
v -0.134891 0.593499 0.096961
v -0.133719 0.596638 0.092880
v -0.132344 0.599509 0.089127
v -0.130569 0.601853 0.086018
v -0.128243 0.603472 0.083797
v -0.125282 0.604254 0.082598
v -0.121687 0.604200 0.082422
v -0.117540 0.603419 0.083135
v -0.112993 0.602112 0.084491
v -0.108243 0.600538 0.086174
v -0.103499 0.598971 0.087848
v -0.098948 0.597658 0.089210
v -0.094727 0.596781 0.090041
v -0.090902 0.596425 0.090235
v -0.087460 0.596572 0.089812
v -0.084314 0.597111 0.088911
f 917 918 919
f 917 919 918
f 917 919 920
f 917 920 919
f 917 920 921
f 917 921 920
f 917 921 922
f 917 922 921
f 917 922 923
f 917 923 922
f 917 923 924
f 917 924 923
f 917 924 925
f 917 925 924
f 917 925 926
f 917 926 925
f 917 926 927
f 917 927 926
f 917 927 928
f 917 928 927
f 917 928 929
f 917 929 928
f 917 929 930
f 917 930 929
f 917 930 931
f 917 931 930
f 917 931 932
f 917 932 931
f 917 932 933
f 917 933 932
f 917 933 934
f 917 934 933
f 917 934 935
f 917 935 934
f 917 935 936
f 917 936 935
f 917 936 937
f 917 937 936
f 917 937 938
f 917 938 937
f 917 938 939
f 917 939 938
f 917 939 940
f 917 940 939
f 917 940 941
f 917 941 940
f 917 941 942
f 917 942 941
f 917 942 943
f 917 943 942
f 917 943 944
f 917 944 943
f 917 944 945
f 917 945 944
f 917 945 946
f 917 946 945
f 917 946 947
f 917 947 946
f 917 947 948
f 917 948 947
f 917 948 949
f 917 949 948
f 917 949 950
f 917 950 949
f 917 950 951
f 917 951 950
f 917 951 952
f 917 952 951
f 917 952 953
f 917 953 952
f 917 953 954
f 917 954 953
f 917 954 955
f 917 955 954
f 917 955 956
f 917 956 955
f 917 956 957
f 917 957 956
f 917 957 958
f 917 958 957
f 917 958 959
f 917 959 958
f 917 959 960
f 917 960 959
f 917 960 961
f 917 961 960
f 917 961 962
f 917 962 961
o part_26
v -0.106972 0.548461 0.073429
v -0.102916 0.551905 0.071046
v -0.100906 0.554033 0.066004
v -0.101709 0.554033 0.060230
v -0.105019 0.551905 0.055928
v -0.109572 0.548461 0.054743
v -0.113628 0.545017 0.057126
v -0.115638 0.542889 0.062168
v -0.114834 0.542889 0.067942
v -0.111524 0.545017 0.072243
v -0.146781 0.598652 0.075921
v -0.144023 0.600993 0.074301
v -0.142656 0.602440 0.070872
v -0.143203 0.602440 0.066946
v -0.145454 0.600993 0.064021
v -0.148549 0.598652 0.063215
v -0.151307 0.596310 0.064835
v -0.152674 0.594863 0.068264
v -0.152128 0.594863 0.072190
v -0.149877 0.596310 0.075115
f 963 964 974
f 963 974 973
f 964 965 975
f 964 975 974
f 965 966 976
f 965 976 975
f 966 967 977
f 966 977 976
f 967 968 978
f 967 978 977
f 968 969 979
f 968 979 978
f 969 970 980
f 969 980 979
f 970 971 981
f 970 981 980
f 971 972 982
f 971 982 981
f 972 963 973
f 972 973 982
o part_27
v -0.147665 0.598652 0.069568
v -0.146419 0.597717 0.073098
v -0.144804 0.597076 0.076587
v -0.142536 0.596955 0.080004
v -0.139459 0.597480 0.083331
v -0.135568 0.598653 0.086568
v -0.131018 0.600351 0.089731
v -0.126103 0.602341 0.092854
v -0.121208 0.604314 0.095980
v -0.116757 0.605934 0.099154
v -0.113140 0.606889 0.102421
v -0.110660 0.606937 0.105814
v -0.109480 0.605950 0.109352
v -0.109601 0.603926 0.113034
v -0.110858 0.600996 0.116842
v -0.112950 0.597401 0.120742
v -0.115485 0.593452 0.124692
v -0.118041 0.589487 0.128644
v -0.120230 0.585814 0.132556
v -0.121762 0.582666 0.136394
v -0.122480 0.580165 0.140143
v -0.122388 0.578311 0.143801
v -0.121643 0.576976 0.147387
v -0.120530 0.575936 0.150932
v -0.121776 0.576870 0.147402
v -0.123391 0.577511 0.143912
v -0.125659 0.577632 0.140496
v -0.128736 0.577107 0.137169
v -0.132627 0.575934 0.133932
v -0.137177 0.574236 0.130768
v -0.142092 0.572246 0.127645
v -0.146987 0.570273 0.124520
v -0.151439 0.568653 0.121346
v -0.155055 0.567698 0.118079
v -0.157535 0.567650 0.114685
v -0.158715 0.568638 0.111148
v -0.158594 0.570661 0.107466
v -0.157337 0.573591 0.103658
v -0.155245 0.577187 0.099757
v -0.152710 0.581135 0.095807
v -0.150154 0.585100 0.091855
v -0.147965 0.588773 0.087944
v -0.146433 0.591922 0.084105
v -0.145715 0.594422 0.080357
v -0.145807 0.596276 0.076699
v -0.146552 0.597611 0.073113
f 983 984 985
f 983 985 984
f 983 985 986
f 983 986 985
f 983 986 987
f 983 987 986
f 983 987 988
f 983 988 987
f 983 988 989
f 983 989 988
f 983 989 990
f 983 990 989
f 983 990 991
f 983 991 990
f 983 991 992
f 983 992 991
f 983 992 993
f 983 993 992
f 983 993 994
f 983 994 993
f 983 994 995
f 983 995 994
f 983 995 996
f 983 996 995
f 983 996 997
f 983 997 996
f 983 997 998
f 983 998 997
f 983 998 999
f 983 999 998
f 983 999 1000
f 983 1000 999
f 983 1000 1001
f 983 1001 1000
f 983 1001 1002
f 983 1002 1001
f 983 1002 1003
f 983 1003 1002
f 983 1003 1004
f 983 1004 1003
f 983 1004 1005
f 983 1005 1004
f 983 1005 1006
f 983 1006 1005
f 983 1006 1007
f 983 1007 1006
f 983 1007 1008
f 983 1008 1007
f 983 1008 1009
f 983 1009 1008
f 983 1009 1010
f 983 1010 1009
f 983 1010 1011
f 983 1011 1010
f 983 1011 1012
f 983 1012 1011
f 983 1012 1013
f 983 1013 1012
f 983 1013 1014
f 983 1014 1013
f 983 1014 1015
f 983 1015 1014
f 983 1015 1016
f 983 1016 1015
f 983 1016 1017
f 983 1017 1016
f 983 1017 1018
f 983 1018 1017
f 983 1018 1019
f 983 1019 1018
f 983 1019 1020
f 983 1020 1019
f 983 1020 1021
f 983 1021 1020
f 983 1021 1022
f 983 1022 1021
f 983 1022 1023
f 983 1023 1022
f 983 1023 1024
f 983 1024 1023
f 983 1024 1025
f 983 1025 1024
f 983 1025 1026
f 983 1026 1025
f 983 1026 1027
f 983 1027 1026
f 983 1027 1028
f 983 1028 1027
o part_28
v -0.147665 0.598652 0.069568
v -0.148244 0.595992 0.064685
v -0.150102 0.592289 0.060157
v -0.152976 0.587758 0.055909
v -0.156604 0.582612 0.051870
v -0.160697 0.577088 0.047960
v -0.164946 0.571437 0.044092
v -0.169040 0.565911 0.040182
v -0.172684 0.560753 0.036147
v -0.175615 0.556176 0.031916
v -0.177620 0.552353 0.027428
v -0.178550 0.549407 0.022642
v -0.178326 0.547401 0.017538
v -0.176950 0.546334 0.012115
v -0.174497 0.546145 0.006394
v -0.171119 0.546710 0.000417
v -0.167028 0.547856 -0.005756
v -0.162487 0.549369 -0.012055
v -0.157791 0.551009 -0.018396
v -0.153252 0.552520 -0.024694
v -0.149177 0.553653 -0.030864
v -0.145856 0.554172 -0.036825
v -0.143550 0.553863 -0.042505
v -0.142525 0.552511 -0.047831
v -0.141946 0.555170 -0.042948
v -0.140088 0.558873 -0.038420
v -0.137214 0.563404 -0.034172
v -0.133586 0.568550 -0.030133
v -0.129493 0.574074 -0.026222
v -0.125244 0.579725 -0.022355
v -0.121150 0.585251 -0.018445
v -0.117506 0.590409 -0.014410
v -0.114575 0.594987 -0.010178
v -0.112570 0.598809 -0.005690
v -0.111640 0.601755 -0.000905
v -0.111864 0.603762 0.004199
v -0.113240 0.604828 0.009622
v -0.115693 0.605017 0.015343
v -0.119071 0.604452 0.021320
v -0.123162 0.603306 0.027494
v -0.127703 0.601793 0.033792
v -0.132399 0.600154 0.040133
v -0.136938 0.598642 0.046431
v -0.141013 0.597509 0.052601
v -0.144334 0.596990 0.058562
v -0.146640 0.597299 0.064242
f 1029 1030 1031
f 1029 1031 1030
f 1029 1031 1032
f 1029 1032 1031
f 1029 1032 1033
f 1029 1033 1032
f 1029 1033 1034
f 1029 1034 1033
f 1029 1034 1035
f 1029 1035 1034
f 1029 1035 1036
f 1029 1036 1035
f 1029 1036 1037
f 1029 1037 1036
f 1029 1037 1038
f 1029 1038 1037
f 1029 1038 1039
f 1029 1039 1038
f 1029 1039 1040
f 1029 1040 1039
f 1029 1040 1041
f 1029 1041 1040
f 1029 1041 1042
f 1029 1042 1041
f 1029 1042 1043
f 1029 1043 1042
f 1029 1043 1044
f 1029 1044 1043
f 1029 1044 1045
f 1029 1045 1044
f 1029 1045 1046
f 1029 1046 1045
f 1029 1046 1047
f 1029 1047 1046
f 1029 1047 1048
f 1029 1048 1047
f 1029 1048 1049
f 1029 1049 1048
f 1029 1049 1050
f 1029 1050 1049
f 1029 1050 1051
f 1029 1051 1050
f 1029 1051 1052
f 1029 1052 1051
f 1029 1052 1053
f 1029 1053 1052
f 1029 1053 1054
f 1029 1054 1053
f 1029 1054 1055
f 1029 1055 1054
f 1029 1055 1056
f 1029 1056 1055
f 1029 1056 1057
f 1029 1057 1056
f 1029 1057 1058
f 1029 1058 1057
f 1029 1058 1059
f 1029 1059 1058
f 1029 1059 1060
f 1029 1060 1059
f 1029 1060 1061
f 1029 1061 1060
f 1029 1061 1062
f 1029 1062 1061
f 1029 1062 1063
f 1029 1063 1062
f 1029 1063 1064
f 1029 1064 1063
f 1029 1064 1065
f 1029 1065 1064
f 1029 1065 1066
f 1029 1066 1065
f 1029 1066 1067
f 1029 1067 1066
f 1029 1067 1068
f 1029 1068 1067
f 1029 1068 1069
f 1029 1069 1068
f 1029 1069 1070
f 1029 1070 1069
f 1029 1070 1071
f 1029 1071 1070
f 1029 1071 1072
f 1029 1072 1071
f 1029 1072 1073
f 1029 1073 1072
f 1029 1073 1074
f 1029 1074 1073
o part_29
v -0.105454 0.467884 -0.002760
v -0.102062 0.472441 0.003660
v -0.094700 0.475258 0.007033
v -0.086181 0.475258 0.006069
v -0.079759 0.472441 0.001137
v -0.077886 0.467884 -0.005879
v -0.081279 0.463326 -0.012300
v -0.088641 0.460510 -0.015672
v -0.097160 0.460510 -0.014708
v -0.103582 0.463326 -0.009776
v -0.108840 0.570762 -0.072163
v -0.106533 0.573861 -0.067797
v -0.101527 0.575776 -0.065504
v -0.095734 0.575776 -0.066159
v -0.091367 0.573861 -0.069513
v -0.090093 0.570762 -0.074284
v -0.092400 0.567663 -0.078650
v -0.097406 0.565747 -0.080943
v -0.103199 0.565747 -0.080288
v -0.107566 0.567663 -0.076934
f 1075 1076 1086
f 1075 1086 1085
f 1076 1077 1087
f 1076 1087 1086
f 1077 1078 1088
f 1077 1088 1087
f 1078 1079 1089
f 1078 1089 1088
f 1079 1080 1090
f 1079 1090 1089
f 1080 1081 1091
f 1080 1091 1090
f 1081 1082 1092
f 1081 1092 1091
f 1082 1083 1093
f 1082 1093 1092
f 1083 1084 1094
f 1083 1094 1093
f 1084 1075 1085
f 1084 1085 1094
o part_30
v -0.099467 0.570762 -0.073224
v -0.103279 0.570261 -0.072134
v -0.107020 0.570273 -0.070288
v -0.110679 0.570864 -0.067585
v -0.114263 0.571996 -0.064084
v -0.117787 0.573555 -0.059951
v -0.121275 0.575372 -0.055438
v -0.124755 0.577240 -0.050849
v -0.128260 0.578941 -0.046508
v -0.131817 0.580263 -0.042725
v -0.135452 0.581029 -0.039765
v -0.139183 0.581105 -0.037822
v -0.143021 0.580425 -0.036998
v -0.146965 0.578988 -0.037292
v -0.151005 0.576862 -0.038603
v -0.155123 0.574179 -0.040737
v -0.159294 0.571119 -0.043429
v -0.163489 0.567890 -0.046369
v -0.167677 0.564713 -0.049234
v -0.171828 0.561793 -0.051717
v -0.175920 0.559300 -0.053570
v -0.179935 0.557349 -0.054623
v -0.183870 0.555977 -0.054821
v -0.187733 0.555117 -0.054262
v -0.183920 0.555618 -0.055352
v -0.180180 0.555606 -0.057198
v -0.176520 0.555015 -0.059900
v -0.172936 0.553883 -0.063402
v -0.169412 0.552324 -0.067534
v -0.165925 0.550507 -0.072047
v -0.162444 0.548639 -0.076637
v -0.158940 0.546938 -0.080978
v -0.155383 0.545616 -0.084761
v -0.151748 0.544850 -0.087720
v -0.148016 0.544774 -0.089663
v -0.144178 0.545454 -0.090487
v -0.140235 0.546891 -0.090194
v -0.136194 0.549017 -0.088883
v -0.132076 0.551700 -0.086749
v -0.127905 0.554761 -0.084056
v -0.123710 0.557989 -0.081116
v -0.119523 0.561166 -0.078252
v -0.115371 0.564086 -0.075768
v -0.111280 0.566579 -0.073915
v -0.107264 0.568530 -0.072862
v -0.103329 0.569902 -0.072665
f 1095 1096 1097
f 1095 1097 1096
f 1095 1097 1098
f 1095 1098 1097
f 1095 1098 1099
f 1095 1099 1098
f 1095 1099 1100
f 1095 1100 1099
f 1095 1100 1101
f 1095 1101 1100
f 1095 1101 1102
f 1095 1102 1101
f 1095 1102 1103
f 1095 1103 1102
f 1095 1103 1104
f 1095 1104 1103
f 1095 1104 1105
f 1095 1105 1104
f 1095 1105 1106
f 1095 1106 1105
f 1095 1106 1107
f 1095 1107 1106
f 1095 1107 1108
f 1095 1108 1107
f 1095 1108 1109
f 1095 1109 1108
f 1095 1109 1110
f 1095 1110 1109
f 1095 1110 1111
f 1095 1111 1110
f 1095 1111 1112
f 1095 1112 1111
f 1095 1112 1113
f 1095 1113 1112
f 1095 1113 1114
f 1095 1114 1113
f 1095 1114 1115
f 1095 1115 1114
f 1095 1115 1116
f 1095 1116 1115
f 1095 1116 1117
f 1095 1117 1116
f 1095 1117 1118
f 1095 1118 1117
f 1095 1118 1119
f 1095 1119 1118
f 1095 1119 1120
f 1095 1120 1119
f 1095 1120 1121
f 1095 1121 1120
f 1095 1121 1122
f 1095 1122 1121
f 1095 1122 1123
f 1095 1123 1122
f 1095 1123 1124
f 1095 1124 1123
f 1095 1124 1125
f 1095 1125 1124
f 1095 1125 1126
f 1095 1126 1125
f 1095 1126 1127
f 1095 1127 1126
f 1095 1127 1128
f 1095 1128 1127
f 1095 1128 1129
f 1095 1129 1128
f 1095 1129 1130
f 1095 1130 1129
f 1095 1130 1131
f 1095 1131 1130
f 1095 1131 1132
f 1095 1132 1131
f 1095 1132 1133
f 1095 1133 1132
f 1095 1133 1134
f 1095 1134 1133
f 1095 1134 1135
f 1095 1135 1134
f 1095 1135 1136
f 1095 1136 1135
f 1095 1136 1137
f 1095 1137 1136
f 1095 1137 1138
f 1095 1138 1137
f 1095 1138 1139
f 1095 1139 1138
f 1095 1139 1140
f 1095 1140 1139
o part_31
v -0.099467 0.570762 -0.073224
v -0.097035 0.571185 -0.070522
v -0.094415 0.571519 -0.067973
v -0.091344 0.571643 -0.065791
v -0.087590 0.571447 -0.064162
v -0.083037 0.570878 -0.063182
v -0.077733 0.569958 -0.062811
v -0.071908 0.568793 -0.062863
v -0.065936 0.567560 -0.063034
v -0.060277 0.566474 -0.062952
v -0.055389 0.565748 -0.062243
v -0.051638 0.565554 -0.060612
v -0.049229 0.565987 -0.057892
v -0.048161 0.567048 -0.054084
v -0.048230 0.568640 -0.049353
v -0.049071 0.570593 -0.043997
v -0.050224 0.572692 -0.038387
v -0.051232 0.574723 -0.032895
v -0.051716 0.576510 -0.027827
v -0.051451 0.577946 -0.023368
v -0.050387 0.579008 -0.019557
v -0.048639 0.579751 -0.016300
v -0.046441 0.580283 -0.013410
v -0.044054 0.580726 -0.010672
v -0.046485 0.580303 -0.013374
v -0.049105 0.579969 -0.015923
v -0.052176 0.579845 -0.018105
v -0.055930 0.580040 -0.019734
v -0.060483 0.580610 -0.020714
v -0.065787 0.581530 -0.021085
v -0.071612 0.582695 -0.021033
v -0.077584 0.583927 -0.020862
v -0.083243 0.585014 -0.020944
v -0.088132 0.585740 -0.021653
v -0.091882 0.585934 -0.023284
v -0.094291 0.585501 -0.026004
v -0.095359 0.584440 -0.029812
v -0.095290 0.582848 -0.034543
v -0.094449 0.580895 -0.039899
v -0.093296 0.578795 -0.045509
v -0.092289 0.576765 -0.051001
v -0.091804 0.574978 -0.056069
v -0.092069 0.573542 -0.060528
v -0.093134 0.572480 -0.064339
v -0.094881 0.571737 -0.067596
v -0.097079 0.571205 -0.070486
f 1141 1142 1143
f 1141 1143 1142
f 1141 1143 1144
f 1141 1144 1143
f 1141 1144 1145
f 1141 1145 1144
f 1141 1145 1146
f 1141 1146 1145
f 1141 1146 1147
f 1141 1147 1146
f 1141 1147 1148
f 1141 1148 1147
f 1141 1148 1149
f 1141 1149 1148
f 1141 1149 1150
f 1141 1150 1149
f 1141 1150 1151
f 1141 1151 1150
f 1141 1151 1152
f 1141 1152 1151
f 1141 1152 1153
f 1141 1153 1152
f 1141 1153 1154
f 1141 1154 1153
f 1141 1154 1155
f 1141 1155 1154
f 1141 1155 1156
f 1141 1156 1155
f 1141 1156 1157
f 1141 1157 1156
f 1141 1157 1158
f 1141 1158 1157
f 1141 1158 1159
f 1141 1159 1158
f 1141 1159 1160
f 1141 1160 1159
f 1141 1160 1161
f 1141 1161 1160
f 1141 1161 1162
f 1141 1162 1161
f 1141 1162 1163
f 1141 1163 1162
f 1141 1163 1164
f 1141 1164 1163
f 1141 1164 1165
f 1141 1165 1164
f 1141 1165 1166
f 1141 1166 1165
f 1141 1166 1167
f 1141 1167 1166
f 1141 1167 1168
f 1141 1168 1167
f 1141 1168 1169
f 1141 1169 1168
f 1141 1169 1170
f 1141 1170 1169
f 1141 1170 1171
f 1141 1171 1170
f 1141 1171 1172
f 1141 1172 1171
f 1141 1172 1173
f 1141 1173 1172
f 1141 1173 1174
f 1141 1174 1173
f 1141 1174 1175
f 1141 1175 1174
f 1141 1175 1176
f 1141 1176 1175
f 1141 1176 1177
f 1141 1177 1176
f 1141 1177 1178
f 1141 1178 1177
f 1141 1178 1179
f 1141 1179 1178
f 1141 1179 1180
f 1141 1180 1179
f 1141 1180 1181
f 1141 1181 1180
f 1141 1181 1182
f 1141 1182 1181
f 1141 1182 1183
f 1141 1183 1182
f 1141 1183 1184
f 1141 1184 1183
f 1141 1184 1185
f 1141 1185 1184
f 1141 1185 1186
f 1141 1186 1185
o part_32
v -0.099467 0.570762 -0.073224
v -0.096287 0.567971 -0.074950
v -0.093418 0.564980 -0.076942
v -0.091168 0.561587 -0.079463
v -0.089750 0.557656 -0.082693
v -0.089219 0.553151 -0.086680
v -0.089451 0.548151 -0.091319
v -0.090154 0.542847 -0.096360
v -0.090907 0.537510 -0.101444
v -0.091234 0.532449 -0.106164
v -0.090678 0.527959 -0.110130
v -0.088884 0.524272 -0.113040
v -0.085658 0.521512 -0.114726
v -0.080998 0.519679 -0.115190
v -0.075100 0.518649 -0.114596
v -0.068320 0.518190 -0.113250
v -0.061113 0.518007 -0.111539
v -0.053957 0.517791 -0.109871
v -0.047272 0.517271 -0.108605
v -0.041349 0.516256 -0.107991
v -0.036314 0.514667 -0.108134
v -0.032111 0.512539 -0.108986
v -0.028526 0.510011 -0.110368
v -0.025253 0.507281 -0.112014
v -0.028432 0.510072 -0.110287
v -0.031301 0.513063 -0.108296
v -0.033551 0.516456 -0.105775
v -0.034969 0.520387 -0.102545
v -0.035501 0.524892 -0.098558
v -0.035268 0.529892 -0.093918
v -0.034565 0.535196 -0.088878
v -0.033812 0.540533 -0.083794
v -0.033485 0.545594 -0.079074
v -0.034041 0.550083 -0.075108
v -0.035835 0.553771 -0.072198
v -0.039061 0.556531 -0.070511
v -0.043721 0.558364 -0.070048
v -0.049619 0.559394 -0.070641
v -0.056399 0.559853 -0.071988
v -0.063606 0.560036 -0.073699
v -0.070762 0.560252 -0.075366
v -0.077448 0.560772 -0.076633
v -0.083370 0.561787 -0.077247
v -0.088405 0.563376 -0.077104
v -0.092608 0.565504 -0.076251
v -0.096193 0.568032 -0.074870
f 1187 1188 1189
f 1187 1189 1188
f 1187 1189 1190
f 1187 1190 1189
f 1187 1190 1191
f 1187 1191 1190
f 1187 1191 1192
f 1187 1192 1191
f 1187 1192 1193
f 1187 1193 1192
f 1187 1193 1194
f 1187 1194 1193
f 1187 1194 1195
f 1187 1195 1194
f 1187 1195 1196
f 1187 1196 1195
f 1187 1196 1197
f 1187 1197 1196
f 1187 1197 1198
f 1187 1198 1197
f 1187 1198 1199
f 1187 1199 1198
f 1187 1199 1200
f 1187 1200 1199
f 1187 1200 1201
f 1187 1201 1200
f 1187 1201 1202
f 1187 1202 1201
f 1187 1202 1203
f 1187 1203 1202
f 1187 1203 1204
f 1187 1204 1203
f 1187 1204 1205
f 1187 1205 1204
f 1187 1205 1206
f 1187 1206 1205
f 1187 1206 1207
f 1187 1207 1206
f 1187 1207 1208
f 1187 1208 1207
f 1187 1208 1209
f 1187 1209 1208
f 1187 1209 1210
f 1187 1210 1209
f 1187 1210 1211
f 1187 1211 1210
f 1187 1211 1212
f 1187 1212 1211
f 1187 1212 1213
f 1187 1213 1212
f 1187 1213 1214
f 1187 1214 1213
f 1187 1214 1215
f 1187 1215 1214
f 1187 1215 1216
f 1187 1216 1215
f 1187 1216 1217
f 1187 1217 1216
f 1187 1217 1218
f 1187 1218 1217
f 1187 1218 1219
f 1187 1219 1218
f 1187 1219 1220
f 1187 1220 1219
f 1187 1220 1221
f 1187 1221 1220
f 1187 1221 1222
f 1187 1222 1221
f 1187 1222 1223
f 1187 1223 1222
f 1187 1223 1224
f 1187 1224 1223
f 1187 1224 1225
f 1187 1225 1224
f 1187 1225 1226
f 1187 1226 1225
f 1187 1226 1227
f 1187 1227 1226
f 1187 1227 1228
f 1187 1228 1227
f 1187 1228 1229
f 1187 1229 1228
f 1187 1229 1230
f 1187 1230 1229
f 1187 1230 1231
f 1187 1231 1230
f 1187 1231 1232
f 1187 1232 1231
o part_33
v -0.108895 0.570762 -0.072944
v -0.107022 0.575731 -0.070540
v -0.102262 0.578803 -0.069161
v -0.096435 0.578803 -0.069333
v -0.091766 0.575731 -0.070992
v -0.090038 0.570762 -0.073503
v -0.091911 0.565792 -0.075907
v -0.096671 0.562721 -0.077287
v -0.102498 0.562721 -0.077114
v -0.107167 0.565792 -0.075455
v -0.107822 0.603239 -0.138646
v -0.106548 0.606618 -0.137011
v -0.103312 0.608706 -0.136073
v -0.099349 0.608706 -0.136190
v -0.096174 0.606618 -0.137318
v -0.094999 0.603239 -0.139026
v -0.096273 0.599859 -0.140661
v -0.099509 0.597771 -0.141599
v -0.103472 0.597771 -0.141481
v -0.106647 0.599859 -0.140353
f 1233 1234 1244
f 1233 1244 1243
f 1234 1235 1245
f 1234 1245 1244
f 1235 1236 1246
f 1235 1246 1245
f 1236 1237 1247
f 1236 1247 1246
f 1237 1238 1248
f 1237 1248 1247
f 1238 1239 1249
f 1238 1249 1248
f 1239 1240 1250
f 1239 1250 1249
f 1240 1241 1251
f 1240 1251 1250
f 1241 1242 1252
f 1241 1252 1251
f 1242 1233 1243
f 1242 1243 1252
o part_34
v -0.101411 0.603239 -0.138836
v -0.106107 0.601590 -0.137396
v -0.111383 0.601239 -0.135298
v -0.117120 0.601915 -0.132676
v -0.123198 0.603355 -0.129667
v -0.129486 0.605264 -0.126420
v -0.135845 0.607332 -0.123091
v -0.142134 0.609243 -0.119843
v -0.148219 0.610698 -0.116826
v -0.153981 0.611431 -0.114176
v -0.159323 0.611227 -0.112003
v -0.164178 0.609933 -0.110383
v -0.168511 0.607473 -0.109356
v -0.172321 0.603845 -0.108923
v -0.175644 0.599128 -0.109043
v -0.178547 0.593473 -0.109639
v -0.181128 0.587097 -0.110602
v -0.183504 0.580265 -0.111798
v -0.185811 0.573276 -0.113072
v -0.188188 0.566445 -0.114267
v -0.190775 0.560084 -0.115222
v -0.193704 0.554486 -0.115790
v -0.197093 0.549917 -0.115835
v -0.201062 0.546644 -0.115221
v -0.196366 0.548292 -0.116661
v -0.191089 0.548644 -0.118759
v -0.185353 0.547967 -0.121381
v -0.179275 0.546528 -0.124390
v -0.172987 0.544618 -0.127637
v -0.166628 0.542550 -0.130966
v -0.160339 0.540640 -0.134214
v -0.154254 0.539185 -0.137231
v -0.148492 0.538452 -0.139881
v -0.143150 0.538656 -0.142054
v -0.138295 0.539949 -0.143674
v -0.133962 0.542410 -0.144701
v -0.130152 0.546038 -0.145134
v -0.126829 0.550755 -0.145014
v -0.123925 0.556409 -0.144418
v -0.121345 0.562785 -0.143455
v -0.118968 0.569617 -0.142260
v -0.116662 0.576606 -0.140985
v -0.114285 0.583437 -0.139790
v -0.111698 0.589798 -0.138835
v -0.108769 0.595396 -0.138267
v -0.105380 0.599965 -0.138222
f 1253 1254 1255
f 1253 1255 1254
f 1253 1255 1256
f 1253 1256 1255
f 1253 1256 1257
f 1253 1257 1256
f 1253 1257 1258
f 1253 1258 1257
f 1253 1258 1259
f 1253 1259 1258
f 1253 1259 1260
f 1253 1260 1259
f 1253 1260 1261
f 1253 1261 1260
f 1253 1261 1262
f 1253 1262 1261
f 1253 1262 1263
f 1253 1263 1262
f 1253 1263 1264
f 1253 1264 1263
f 1253 1264 1265
f 1253 1265 1264
f 1253 1265 1266
f 1253 1266 1265
f 1253 1266 1267
f 1253 1267 1266
f 1253 1267 1268
f 1253 1268 1267
f 1253 1268 1269
f 1253 1269 1268
f 1253 1269 1270
f 1253 1270 1269
f 1253 1270 1271
f 1253 1271 1270
f 1253 1271 1272
f 1253 1272 1271
f 1253 1272 1273
f 1253 1273 1272
f 1253 1273 1274
f 1253 1274 1273
f 1253 1274 1275
f 1253 1275 1274
f 1253 1275 1276
f 1253 1276 1275
f 1253 1276 1277
f 1253 1277 1276
f 1253 1277 1278
f 1253 1278 1277
f 1253 1278 1279
f 1253 1279 1278
f 1253 1279 1280
f 1253 1280 1279
f 1253 1280 1281
f 1253 1281 1280
f 1253 1281 1282
f 1253 1282 1281
f 1253 1282 1283
f 1253 1283 1282
f 1253 1283 1284
f 1253 1284 1283
f 1253 1284 1285
f 1253 1285 1284
f 1253 1285 1286
f 1253 1286 1285
f 1253 1286 1287
f 1253 1287 1286
f 1253 1287 1288
f 1253 1288 1287
f 1253 1288 1289
f 1253 1289 1288
f 1253 1289 1290
f 1253 1290 1289
f 1253 1290 1291
f 1253 1291 1290
f 1253 1291 1292
f 1253 1292 1291
f 1253 1292 1293
f 1253 1293 1292
f 1253 1293 1294
f 1253 1294 1293
f 1253 1294 1295
f 1253 1295 1294
f 1253 1295 1296
f 1253 1296 1295
f 1253 1296 1297
f 1253 1297 1296
f 1253 1297 1298
f 1253 1298 1297
o part_35
v -0.101411 0.603239 -0.138836
v -0.098242 0.602484 -0.138422
v -0.095134 0.601125 -0.138305
v -0.092102 0.599015 -0.138558
v -0.089144 0.596163 -0.139176
v -0.086249 0.592694 -0.140098
v -0.083394 0.588824 -0.141216
v -0.080551 0.584833 -0.142395
v -0.077689 0.581029 -0.143481
v -0.074778 0.577715 -0.144327
v -0.071792 0.575153 -0.144802
v -0.068710 0.573536 -0.144813
v -0.065523 0.572967 -0.144308
v -0.062230 0.573445 -0.143287
v -0.058842 0.574868 -0.141802
v -0.055378 0.577044 -0.139946
v -0.051865 0.579709 -0.137849
v -0.048334 0.582562 -0.135661
v -0.044814 0.585293 -0.133532
v -0.041335 0.587623 -0.131600
v -0.037918 0.589336 -0.129972
v -0.034575 0.590308 -0.128709
v -0.031309 0.590528 -0.127816
v -0.028103 0.590144 -0.127219
v -0.031271 0.590898 -0.127634
v -0.034379 0.592258 -0.127750
v -0.037411 0.594368 -0.127497
v -0.040369 0.597220 -0.126879
v -0.043264 0.600688 -0.125957
v -0.046119 0.604558 -0.124839
v -0.048962 0.608549 -0.123660
v -0.051824 0.612353 -0.122574
v -0.054735 0.615668 -0.121728
v -0.057722 0.618230 -0.121253
v -0.060804 0.619847 -0.121243
v -0.063991 0.620416 -0.121748
v -0.067284 0.619938 -0.122768
v -0.070671 0.618514 -0.124254
v -0.074135 0.616339 -0.126109
v -0.077648 0.613673 -0.128206
v -0.081180 0.610821 -0.130394
v -0.084699 0.608090 -0.132523
v -0.088178 0.605759 -0.134455
v -0.091595 0.604046 -0.136083
v -0.094938 0.603075 -0.137346
v -0.098205 0.602854 -0.138240
f 1299 1300 1301
f 1299 1301 1300
f 1299 1301 1302
f 1299 1302 1301
f 1299 1302 1303
f 1299 1303 1302
f 1299 1303 1304
f 1299 1304 1303
f 1299 1304 1305
f 1299 1305 1304
f 1299 1305 1306
f 1299 1306 1305
f 1299 1306 1307
f 1299 1307 1306
f 1299 1307 1308
f 1299 1308 1307
f 1299 1308 1309
f 1299 1309 1308
f 1299 1309 1310
f 1299 1310 1309
f 1299 1310 1311
f 1299 1311 1310
f 1299 1311 1312
f 1299 1312 1311
f 1299 1312 1313
f 1299 1313 1312
f 1299 1313 1314
f 1299 1314 1313
f 1299 1314 1315
f 1299 1315 1314
f 1299 1315 1316
f 1299 1316 1315
f 1299 1316 1317
f 1299 1317 1316
f 1299 1317 1318
f 1299 1318 1317
f 1299 1318 1319
f 1299 1319 1318
f 1299 1319 1320
f 1299 1320 1319
f 1299 1320 1321
f 1299 1321 1320
f 1299 1321 1322
f 1299 1322 1321
f 1299 1322 1323
f 1299 1323 1322
f 1299 1323 1324
f 1299 1324 1323
f 1299 1324 1325
f 1299 1325 1324
f 1299 1325 1326
f 1299 1326 1325
f 1299 1326 1327
f 1299 1327 1326
f 1299 1327 1328
f 1299 1328 1327
f 1299 1328 1329
f 1299 1329 1328
f 1299 1329 1330
f 1299 1330 1329
f 1299 1330 1331
f 1299 1331 1330
f 1299 1331 1332
f 1299 1332 1331
f 1299 1332 1333
f 1299 1333 1332
f 1299 1333 1334
f 1299 1334 1333
f 1299 1334 1335
f 1299 1335 1334
f 1299 1335 1336
f 1299 1336 1335
f 1299 1336 1337
f 1299 1337 1336
f 1299 1337 1338
f 1299 1338 1337
f 1299 1338 1339
f 1299 1339 1338
f 1299 1339 1340
f 1299 1340 1339
f 1299 1340 1341
f 1299 1341 1340
f 1299 1341 1342
f 1299 1342 1341
f 1299 1342 1343
f 1299 1343 1342
f 1299 1343 1344
f 1299 1344 1343
o part_36
v -0.099903 0.570762 -0.063801
v -0.094875 0.573259 -0.065371
v -0.091600 0.574802 -0.069941
v -0.091330 0.574802 -0.075764
v -0.094168 0.573259 -0.080618
v -0.099030 0.570762 -0.082647
v -0.104058 0.568265 -0.081076
v -0.107333 0.566722 -0.076507
v -0.107603 0.566722 -0.070683
v -0.104765 0.568265 -0.065830
v -0.129719 0.630216 -0.068205
v -0.126299 0.631914 -0.069273
v -0.124073 0.632964 -0.072380
v -0.123889 0.632964 -0.076340
v -0.125819 0.631914 -0.079641
v -0.129125 0.630216 -0.081020
v -0.132544 0.628519 -0.079952
v -0.134771 0.627469 -0.076845
v -0.134955 0.627469 -0.072885
v -0.133025 0.628519 -0.069585
f 1345 1346 1356
f 1345 1356 1355
f 1346 1347 1357
f 1346 1357 1356
f 1347 1348 1358
f 1347 1358 1357
f 1348 1349 1359
f 1348 1359 1358
f 1349 1350 1360
f 1349 1360 1359
f 1350 1351 1361
f 1350 1361 1360
f 1351 1352 1362
f 1351 1362 1361
f 1352 1353 1363
f 1352 1363 1362
f 1353 1354 1364
f 1353 1364 1363
f 1354 1345 1355
f 1354 1355 1364
o part_37
v -0.129422 0.630216 -0.074613
v -0.127436 0.628306 -0.069753
v -0.124374 0.626934 -0.065023
v -0.120032 0.626203 -0.060447
v -0.114457 0.626091 -0.056020
v -0.107879 0.626481 -0.051713
v -0.100670 0.627186 -0.047483
v -0.093297 0.627974 -0.043273
v -0.086267 0.628591 -0.039021
v -0.080072 0.628789 -0.034669
v -0.075135 0.628356 -0.030164
v -0.071766 0.627138 -0.025471
v -0.070130 0.625052 -0.020569
v -0.070226 0.622098 -0.015458
v -0.071891 0.618358 -0.010159
v -0.074814 0.613987 -0.004707
v -0.078572 0.609199 0.000845
v -0.082673 0.604238 0.006439
v -0.086609 0.599360 0.012012
v -0.089916 0.594798 0.017510
v -0.092219 0.590738 0.022887
v -0.093289 0.587296 0.028115
v -0.093078 0.584496 0.033189
v -0.091792 0.582234 0.038133
v -0.093778 0.584145 0.033273
v -0.096839 0.585517 0.028543
v -0.101181 0.586248 0.023967
v -0.106757 0.586360 0.019540
v -0.113335 0.585970 0.015234
v -0.120544 0.585265 0.011004
v -0.127917 0.584477 0.006793
v -0.134947 0.583860 0.002541
v -0.141142 0.583662 -0.001811
v -0.146079 0.584094 -0.006315
v -0.149447 0.585313 -0.011008
v -0.151084 0.587399 -0.015910
v -0.150987 0.590353 -0.021021
v -0.149322 0.594093 -0.026321
v -0.146399 0.598463 -0.031773
v -0.142641 0.603252 -0.037325
v -0.138541 0.608212 -0.042918
v -0.134604 0.613091 -0.048492
v -0.131298 0.617653 -0.053990
v -0.128995 0.621713 -0.059367
v -0.127925 0.625155 -0.064595
v -0.128136 0.627955 -0.069669
f 1365 1366 1367
f 1365 1367 1366
f 1365 1367 1368
f 1365 1368 1367
f 1365 1368 1369
f 1365 1369 1368
f 1365 1369 1370
f 1365 1370 1369
f 1365 1370 1371
f 1365 1371 1370
f 1365 1371 1372
f 1365 1372 1371
f 1365 1372 1373
f 1365 1373 1372
f 1365 1373 1374
f 1365 1374 1373
f 1365 1374 1375
f 1365 1375 1374
f 1365 1375 1376
f 1365 1376 1375
f 1365 1376 1377
f 1365 1377 1376
f 1365 1377 1378
f 1365 1378 1377
f 1365 1378 1379
f 1365 1379 1378
f 1365 1379 1380
f 1365 1380 1379
f 1365 1380 1381
f 1365 1381 1380
f 1365 1381 1382
f 1365 1382 1381
f 1365 1382 1383
f 1365 1383 1382
f 1365 1383 1384
f 1365 1384 1383
f 1365 1384 1385
f 1365 1385 1384
f 1365 1385 1386
f 1365 1386 1385
f 1365 1386 1387
f 1365 1387 1386
f 1365 1387 1388
f 1365 1388 1387
f 1365 1388 1389
f 1365 1389 1388
f 1365 1389 1390
f 1365 1390 1389
f 1365 1390 1391
f 1365 1391 1390
f 1365 1391 1392
f 1365 1392 1391
f 1365 1392 1393
f 1365 1393 1392
f 1365 1393 1394
f 1365 1394 1393
f 1365 1394 1395
f 1365 1395 1394
f 1365 1395 1396
f 1365 1396 1395
f 1365 1396 1397
f 1365 1397 1396
f 1365 1397 1398
f 1365 1398 1397
f 1365 1398 1399
f 1365 1399 1398
f 1365 1399 1400
f 1365 1400 1399
f 1365 1400 1401
f 1365 1401 1400
f 1365 1401 1402
f 1365 1402 1401
f 1365 1402 1403
f 1365 1403 1402
f 1365 1403 1404
f 1365 1404 1403
f 1365 1404 1405
f 1365 1405 1404
f 1365 1405 1406
f 1365 1406 1405
f 1365 1406 1407
f 1365 1407 1406
f 1365 1407 1408
f 1365 1408 1407
f 1365 1408 1409
f 1365 1409 1408
f 1365 1409 1410
f 1365 1410 1409
o part_38
v -0.129422 0.630216 -0.074613
v -0.127885 0.629388 -0.077592
v -0.126947 0.628252 -0.080850
v -0.126738 0.626740 -0.084448
v -0.127239 0.624863 -0.088378
v -0.128326 0.622684 -0.092580
v -0.129787 0.620313 -0.096958
v -0.131353 0.617888 -0.101385
v -0.132732 0.615559 -0.105724
v -0.133636 0.613474 -0.109841
v -0.133816 0.611762 -0.113621
v -0.133092 0.610515 -0.116979
v -0.131367 0.609784 -0.119870
v -0.128641 0.609568 -0.122294
v -0.125010 0.609818 -0.124295
v -0.120655 0.610440 -0.125960
v -0.115826 0.611307 -0.127402
v -0.110809 0.612270 -0.128757
v -0.105898 0.613179 -0.130161
v -0.101361 0.613895 -0.131740
v -0.097409 0.614310 -0.133592
v -0.094168 0.614359 -0.135776
v -0.091656 0.614033 -0.138299
v -0.089742 0.613399 -0.141102
v -0.091279 0.614227 -0.138123
v -0.092216 0.615363 -0.134865
v -0.092426 0.616875 -0.131267
v -0.091924 0.618752 -0.127337
v -0.090838 0.620931 -0.123135
v -0.089377 0.623302 -0.118757
v -0.087810 0.625727 -0.114330
v -0.086432 0.628056 -0.109991
v -0.085528 0.630141 -0.105874
v -0.085347 0.631853 -0.102094
v -0.086071 0.633100 -0.098736
v -0.087797 0.633831 -0.095845
v -0.090523 0.634047 -0.093421
v -0.094154 0.633797 -0.091420
v -0.098508 0.633175 -0.089755
v -0.103337 0.632308 -0.088313
v -0.108354 0.631345 -0.086958
v -0.113266 0.630436 -0.085553
v -0.117803 0.629720 -0.083975
v -0.121755 0.629305 -0.082123
v -0.124995 0.629256 -0.079939
v -0.127508 0.629582 -0.077416
f 1411 1412 1413
f 1411 1413 1412
f 1411 1413 1414
f 1411 1414 1413
f 1411 1414 1415
f 1411 1415 1414
f 1411 1415 1416
f 1411 1416 1415
f 1411 1416 1417
f 1411 1417 1416
f 1411 1417 1418
f 1411 1418 1417
f 1411 1418 1419
f 1411 1419 1418
f 1411 1419 1420
f 1411 1420 1419
f 1411 1420 1421
f 1411 1421 1420
f 1411 1421 1422
f 1411 1422 1421
f 1411 1422 1423
f 1411 1423 1422
f 1411 1423 1424
f 1411 1424 1423
f 1411 1424 1425
f 1411 1425 1424
f 1411 1425 1426
f 1411 1426 1425
f 1411 1426 1427
f 1411 1427 1426
f 1411 1427 1428
f 1411 1428 1427
f 1411 1428 1429
f 1411 1429 1428
f 1411 1429 1430
f 1411 1430 1429
f 1411 1430 1431
f 1411 1431 1430
f 1411 1431 1432
f 1411 1432 1431
f 1411 1432 1433
f 1411 1433 1432
f 1411 1433 1434
f 1411 1434 1433
f 1411 1434 1435
f 1411 1435 1434
f 1411 1435 1436
f 1411 1436 1435
f 1411 1436 1437
f 1411 1437 1436
f 1411 1437 1438
f 1411 1438 1437
f 1411 1438 1439
f 1411 1439 1438
f 1411 1439 1440
f 1411 1440 1439
f 1411 1440 1441
f 1411 1441 1440
f 1411 1441 1442
f 1411 1442 1441
f 1411 1442 1443
f 1411 1443 1442
f 1411 1443 1444
f 1411 1444 1443
f 1411 1444 1445
f 1411 1445 1444
f 1411 1445 1446
f 1411 1446 1445
f 1411 1446 1447
f 1411 1447 1446
f 1411 1447 1448
f 1411 1448 1447
f 1411 1448 1449
f 1411 1449 1448
f 1411 1449 1450
f 1411 1450 1449
f 1411 1450 1451
f 1411 1451 1450
f 1411 1451 1452
f 1411 1452 1451
f 1411 1452 1453
f 1411 1453 1452
f 1411 1453 1454
f 1411 1454 1453
f 1411 1454 1455
f 1411 1455 1454
f 1411 1455 1456
f 1411 1456 1455
o part_39
v -0.103236 0.570762 -0.081871
v -0.106760 0.573814 -0.078369
v -0.107497 0.575700 -0.072902
v -0.105167 0.575700 -0.067558
v -0.100660 0.573814 -0.064378
v -0.095697 0.570762 -0.064577
v -0.092173 0.567710 -0.068078
v -0.091436 0.565823 -0.073545
v -0.093766 0.565823 -0.078889
v -0.098273 0.567710 -0.082069
v -0.061612 0.637633 -0.096725
v -0.064008 0.639709 -0.094344
v -0.064510 0.640991 -0.090627
v -0.062925 0.640991 -0.086993
v -0.059860 0.639709 -0.084830
v -0.056485 0.637633 -0.084965
v -0.054089 0.635558 -0.087346
v -0.053588 0.634275 -0.091063
v -0.055172 0.634275 -0.094697
v -0.058237 0.635558 -0.096860
f 1457 1458 1468
f 1457 1468 1467
f 1458 1459 1469
f 1458 1469 1468
f 1459 1460 1470
f 1459 1470 1469
f 1460 1461 1471
f 1460 1471 1470
f 1461 1462 1472
f 1461 1472 1471
f 1462 1463 1473
f 1462 1473 1472
f 1463 1464 1474
f 1463 1474 1473
f 1464 1465 1475
f 1464 1475 1474
f 1465 1466 1476
f 1465 1476 1475
f 1466 1457 1467
f 1466 1467 1476
o part_40
v -0.059049 0.637633 -0.090845
v -0.061692 0.634822 -0.094949
v -0.065531 0.632752 -0.098984
v -0.070614 0.631452 -0.102949
v -0.076796 0.630833 -0.106850
v -0.083803 0.630724 -0.110705
v -0.091265 0.630898 -0.114533
v -0.098760 0.631093 -0.118360
v -0.105850 0.631036 -0.122209
v -0.112126 0.630475 -0.126106
v -0.117240 0.629194 -0.130068
v -0.120943 0.627040 -0.134111
v -0.123105 0.623931 -0.138243
v -0.123726 0.619866 -0.142462
v -0.122936 0.614929 -0.146762
v -0.120985 0.609271 -0.151128
v -0.118219 0.603109 -0.155541
v -0.115048 0.596696 -0.159976
v -0.111909 0.590304 -0.164410
v -0.109227 0.584193 -0.168818
v -0.107369 0.578594 -0.173179
v -0.106610 0.573675 -0.177477
v -0.107095 0.569527 -0.181704
v -0.108776 0.566120 -0.185863
v -0.106133 0.568931 -0.181759
v -0.102293 0.571001 -0.177724
v -0.097211 0.572301 -0.173759
v -0.091029 0.572920 -0.169858
v -0.084022 0.573029 -0.166003
v -0.076559 0.572854 -0.162175
v -0.069064 0.572660 -0.158348
v -0.061974 0.572717 -0.154498
v -0.055699 0.573278 -0.150602
v -0.050585 0.574559 -0.146640
v -0.046881 0.576713 -0.142596
v -0.044719 0.579822 -0.138465
v -0.044099 0.583886 -0.134246
v -0.044889 0.588824 -0.129946
v -0.046840 0.594482 -0.125580
v -0.049606 0.600644 -0.121167
v -0.052777 0.607057 -0.116731
v -0.055915 0.613449 -0.112297
v -0.058598 0.619560 -0.107890
v -0.060456 0.625159 -0.103529
v -0.061215 0.630078 -0.099231
v -0.060730 0.634226 -0.095004
f 1477 1478 1479
f 1477 1479 1478
f 1477 1479 1480
f 1477 1480 1479
f 1477 1480 1481
f 1477 1481 1480
f 1477 1481 1482
f 1477 1482 1481
f 1477 1482 1483
f 1477 1483 1482
f 1477 1483 1484
f 1477 1484 1483
f 1477 1484 1485
f 1477 1485 1484
f 1477 1485 1486
f 1477 1486 1485
f 1477 1486 1487
f 1477 1487 1486
f 1477 1487 1488
f 1477 1488 1487
f 1477 1488 1489
f 1477 1489 1488
f 1477 1489 1490
f 1477 1490 1489
f 1477 1490 1491
f 1477 1491 1490
f 1477 1491 1492
f 1477 1492 1491
f 1477 1492 1493
f 1477 1493 1492
f 1477 1493 1494
f 1477 1494 1493
f 1477 1494 1495
f 1477 1495 1494
f 1477 1495 1496
f 1477 1496 1495
f 1477 1496 1497
f 1477 1497 1496
f 1477 1497 1498
f 1477 1498 1497
f 1477 1498 1499
f 1477 1499 1498
f 1477 1499 1500
f 1477 1500 1499
f 1477 1500 1501
f 1477 1501 1500
f 1477 1501 1502
f 1477 1502 1501
f 1477 1502 1503
f 1477 1503 1502
f 1477 1503 1504
f 1477 1504 1503
f 1477 1504 1505
f 1477 1505 1504
f 1477 1505 1506
f 1477 1506 1505
f 1477 1506 1507
f 1477 1507 1506
f 1477 1507 1508
f 1477 1508 1507
f 1477 1508 1509
f 1477 1509 1508
f 1477 1509 1510
f 1477 1510 1509
f 1477 1510 1511
f 1477 1511 1510
f 1477 1511 1512
f 1477 1512 1511
f 1477 1512 1513
f 1477 1513 1512
f 1477 1513 1514
f 1477 1514 1513
f 1477 1514 1515
f 1477 1515 1514
f 1477 1515 1516
f 1477 1516 1515
f 1477 1516 1517
f 1477 1517 1516
f 1477 1517 1518
f 1477 1518 1517
f 1477 1518 1519
f 1477 1519 1518
f 1477 1519 1520
f 1477 1520 1519
f 1477 1520 1521
f 1477 1521 1520
f 1477 1521 1522
f 1477 1522 1521
o part_41
v -0.059049 0.637633 -0.090845
v -0.057333 0.636252 -0.087283
v -0.055344 0.634649 -0.083930
v -0.052805 0.632603 -0.081001
v -0.049522 0.629956 -0.078645
v -0.045440 0.626664 -0.076903
v -0.040665 0.622814 -0.075693
v -0.035461 0.618617 -0.074814
v -0.030205 0.614378 -0.073974
v -0.025329 0.610445 -0.072843
v -0.021245 0.607152 -0.071102
v -0.018278 0.604760 -0.068503
v -0.016602 0.603411 -0.064909
v -0.016220 0.603105 -0.060322
v -0.016953 0.603700 -0.054876
v -0.018480 0.604935 -0.048820
v -0.020385 0.606476 -0.042472
v -0.022239 0.607975 -0.036165
v -0.023663 0.609127 -0.030188
v -0.024395 0.609721 -0.024742
v -0.024328 0.609670 -0.019912
v -0.023517 0.609018 -0.015654
v -0.022155 0.607922 -0.011820
v -0.020521 0.606606 -0.008195
v -0.022236 0.607988 -0.011757
v -0.024225 0.609590 -0.015109
v -0.026764 0.611636 -0.018038
v -0.030047 0.614283 -0.020395
v -0.034130 0.617575 -0.022137
v -0.038904 0.621425 -0.023347
v -0.044108 0.625622 -0.024226
v -0.049364 0.629861 -0.025065
v -0.054240 0.633794 -0.026197
v -0.058324 0.637087 -0.027938
v -0.061292 0.639479 -0.030537
v -0.062967 0.640828 -0.034130
v -0.063349 0.641134 -0.038718
v -0.062616 0.640539 -0.044164
v -0.061090 0.639304 -0.050220
v -0.059184 0.637763 -0.056568
v -0.057331 0.636264 -0.062875
v -0.055907 0.635112 -0.068852
v -0.055174 0.634518 -0.074297
v -0.055241 0.634569 -0.079128
v -0.056053 0.635221 -0.083386
v -0.057414 0.636317 -0.087220
f 1523 1524 1525
f 1523 1525 1524
f 1523 1525 1526
f 1523 1526 1525
f 1523 1526 1527
f 1523 1527 1526
f 1523 1527 1528
f 1523 1528 1527
f 1523 1528 1529
f 1523 1529 1528
f 1523 1529 1530
f 1523 1530 1529
f 1523 1530 1531
f 1523 1531 1530
f 1523 1531 1532
f 1523 1532 1531
f 1523 1532 1533
f 1523 1533 1532
f 1523 1533 1534
f 1523 1534 1533
f 1523 1534 1535
f 1523 1535 1534
f 1523 1535 1536
f 1523 1536 1535
f 1523 1536 1537
f 1523 1537 1536
f 1523 1537 1538
f 1523 1538 1537
f 1523 1538 1539
f 1523 1539 1538
f 1523 1539 1540
f 1523 1540 1539
f 1523 1540 1541
f 1523 1541 1540
f 1523 1541 1542
f 1523 1542 1541
f 1523 1542 1543
f 1523 1543 1542
f 1523 1543 1544
f 1523 1544 1543
f 1523 1544 1545
f 1523 1545 1544
f 1523 1545 1546
f 1523 1546 1545
f 1523 1546 1547
f 1523 1547 1546
f 1523 1547 1548
f 1523 1548 1547
f 1523 1548 1549
f 1523 1549 1548
f 1523 1549 1550
f 1523 1550 1549
f 1523 1550 1551
f 1523 1551 1550
f 1523 1551 1552
f 1523 1552 1551
f 1523 1552 1553
f 1523 1553 1552
f 1523 1553 1554
f 1523 1554 1553
f 1523 1554 1555
f 1523 1555 1554
f 1523 1555 1556
f 1523 1556 1555
f 1523 1556 1557
f 1523 1557 1556
f 1523 1557 1558
f 1523 1558 1557
f 1523 1558 1559
f 1523 1559 1558
f 1523 1559 1560
f 1523 1560 1559
f 1523 1560 1561
f 1523 1561 1560
f 1523 1561 1562
f 1523 1562 1561
f 1523 1562 1563
f 1523 1563 1562
f 1523 1563 1564
f 1523 1564 1563
f 1523 1564 1565
f 1523 1565 1564
f 1523 1565 1566
f 1523 1566 1565
f 1523 1566 1567
f 1523 1567 1566
f 1523 1567 1568
f 1523 1568 1567
o part_42
v 0.015002 0.300000 -0.013824
v 0.005913 0.307709 -0.017938
v -0.005434 0.312473 -0.015200
v -0.014706 0.312473 -0.006656
v -0.018361 0.307709 0.004430
v -0.015002 0.300000 0.013824
v -0.005913 0.292291 0.017938
v 0.005434 0.287527 0.015200
v 0.014706 0.287527 0.006656
v 0.018361 0.292291 -0.004430
v 0.094128 0.447554 0.081678
v 0.087948 0.452796 0.078881
v 0.080231 0.456036 0.080743
v 0.073927 0.456036 0.086552
v 0.071441 0.452796 0.094091
v 0.073725 0.447554 0.100479
v 0.079906 0.442312 0.103276
v 0.087622 0.439072 0.101415
v 0.093927 0.439072 0.095605
v 0.096412 0.442312 0.088066
f 1569 1570 1580
f 1569 1580 1579
f 1570 1571 1581
f 1570 1581 1580
f 1571 1572 1582
f 1571 1582 1581
f 1572 1573 1583
f 1572 1583 1582
f 1573 1574 1584
f 1573 1584 1583
f 1574 1575 1585
f 1574 1585 1584
f 1575 1576 1586
f 1575 1586 1585
f 1576 1577 1587
f 1576 1587 1586
f 1577 1578 1588
f 1577 1588 1587
f 1578 1569 1579
f 1578 1579 1588
o part_43
v 0.094434 0.447554 0.082022
v 0.091178 0.455480 0.082302
v 0.085152 0.460379 0.085935
v 0.078658 0.460379 0.091532
v 0.074176 0.455480 0.096956
v 0.073419 0.447554 0.100135
v 0.076675 0.439628 0.099855
v 0.082701 0.434730 0.096223
v 0.089195 0.434730 0.090626
v 0.093677 0.439628 0.085201
v 0.161637 0.473651 0.166793
v 0.159422 0.479041 0.166984
v 0.155325 0.482372 0.169454
v 0.150909 0.482372 0.173260
v 0.147861 0.479041 0.176948
v 0.147346 0.473651 0.179110
v 0.149560 0.468261 0.178920
v 0.153658 0.464930 0.176450
v 0.158074 0.464930 0.172643
v 0.161122 0.468261 0.168955
f 1589 1590 1600
f 1589 1600 1599
f 1590 1591 1601
f 1590 1601 1600
f 1591 1592 1602
f 1591 1602 1601
f 1592 1593 1603
f 1592 1603 1602
f 1593 1594 1604
f 1593 1604 1603
f 1594 1595 1605
f 1594 1605 1604
f 1595 1596 1606
f 1595 1606 1605
f 1596 1597 1607
f 1596 1607 1606
f 1597 1598 1608
f 1597 1608 1607
f 1598 1589 1599
f 1598 1599 1608
o part_44
v 0.154491 0.473651 0.172952
v 0.156995 0.473358 0.168130
v 0.159398 0.474535 0.162927
v 0.161709 0.477047 0.157378
v 0.163946 0.480644 0.151547
v 0.166131 0.484984 0.145523
v 0.168292 0.489668 0.139411
v 0.170460 0.494266 0.133320
v 0.172662 0.498354 0.127362
v 0.174927 0.501547 0.121636
v 0.177274 0.503525 0.116226
v 0.179721 0.504060 0.111189
v 0.182276 0.503034 0.106558
v 0.184938 0.500447 0.102331
v 0.187699 0.496419 0.098479
v 0.190544 0.491175 0.094941
v 0.193451 0.485035 0.091637
v 0.196392 0.478385 0.088464
v 0.199340 0.471650 0.085314
v 0.202264 0.465258 0.082074
v 0.205136 0.459610 0.078642
v 0.207934 0.455046 0.074928
v 0.210640 0.451818 0.070868
v 0.213245 0.450060 0.066427
v 0.210741 0.450352 0.071248
v 0.208338 0.449176 0.076451
v 0.206027 0.446663 0.082001
v 0.203791 0.443067 0.087831
v 0.201606 0.438726 0.093855
v 0.199444 0.434043 0.099968
v 0.197277 0.429445 0.106058
v 0.195074 0.425356 0.112016
v 0.192810 0.422164 0.117742
v 0.190462 0.420186 0.123153
v 0.188015 0.419651 0.128189
v 0.185461 0.420677 0.132821
v 0.182799 0.423263 0.137047
v 0.180038 0.427292 0.140900
v 0.177193 0.432536 0.144437
v 0.174286 0.438676 0.147742
v 0.171345 0.445326 0.150914
v 0.168397 0.452061 0.154065
v 0.165473 0.458452 0.157304
v 0.162600 0.464100 0.160736
v 0.159802 0.468664 0.164450
v 0.157096 0.471892 0.168510
f 1609 1610 1611
f 1609 1611 1610
f 1609 1611 1612
f 1609 1612 1611
f 1609 1612 1613
f 1609 1613 1612
f 1609 1613 1614
f 1609 1614 1613
f 1609 1614 1615
f 1609 1615 1614
f 1609 1615 1616
f 1609 1616 1615
f 1609 1616 1617
f 1609 1617 1616
f 1609 1617 1618
f 1609 1618 1617
f 1609 1618 1619
f 1609 1619 1618
f 1609 1619 1620
f 1609 1620 1619
f 1609 1620 1621
f 1609 1621 1620
f 1609 1621 1622
f 1609 1622 1621
f 1609 1622 1623
f 1609 1623 1622
f 1609 1623 1624
f 1609 1624 1623
f 1609 1624 1625
f 1609 1625 1624
f 1609 1625 1626
f 1609 1626 1625
f 1609 1626 1627
f 1609 1627 1626
f 1609 1627 1628
f 1609 1628 1627
f 1609 1628 1629
f 1609 1629 1628
f 1609 1629 1630
f 1609 1630 1629
f 1609 1630 1631
f 1609 1631 1630
f 1609 1631 1632
f 1609 1632 1631
f 1609 1632 1633
f 1609 1633 1632
f 1609 1633 1634
f 1609 1634 1633
f 1609 1634 1635
f 1609 1635 1634
f 1609 1635 1636
f 1609 1636 1635
f 1609 1636 1637
f 1609 1637 1636
f 1609 1637 1638
f 1609 1638 1637
f 1609 1638 1639
f 1609 1639 1638
f 1609 1639 1640
f 1609 1640 1639
f 1609 1640 1641
f 1609 1641 1640
f 1609 1641 1642
f 1609 1642 1641
f 1609 1642 1643
f 1609 1643 1642
f 1609 1643 1644
f 1609 1644 1643
f 1609 1644 1645
f 1609 1645 1644
f 1609 1645 1646
f 1609 1646 1645
f 1609 1646 1647
f 1609 1647 1646
f 1609 1647 1648
f 1609 1648 1647
f 1609 1648 1649
f 1609 1649 1648
f 1609 1649 1650
f 1609 1650 1649
f 1609 1650 1651
f 1609 1651 1650
f 1609 1651 1652
f 1609 1652 1651
f 1609 1652 1653
f 1609 1653 1652
f 1609 1653 1654
f 1609 1654 1653
o part_45
v 0.154491 0.473651 0.172952
v 0.151200 0.477251 0.172960
v 0.147229 0.480353 0.173713
v 0.142494 0.482894 0.175304
v 0.137046 0.484912 0.177676
v 0.131038 0.486519 0.180662
v 0.124694 0.487879 0.184016
v 0.118284 0.489192 0.187441
v 0.112098 0.490668 0.190621
v 0.106411 0.492511 0.193255
v 0.101459 0.494892 0.195084
v 0.097412 0.497938 0.195921
v 0.094361 0.501715 0.195666
v 0.092306 0.506223 0.194319
v 0.091157 0.511396 0.191980
v 0.090743 0.517107 0.188837
v 0.090827 0.523184 0.185146
v 0.091135 0.529426 0.181211
v 0.091378 0.535619 0.177347
v 0.091285 0.541566 0.173851
v 0.090631 0.547102 0.170970
v 0.089265 0.552115 0.168869
v 0.087134 0.556567 0.167606
v 0.084324 0.560521 0.167087
v 0.087615 0.556920 0.167078
v 0.091586 0.553818 0.166326
v 0.096321 0.551278 0.164734
v 0.101769 0.549259 0.162363
v 0.107777 0.547652 0.159377
v 0.114122 0.546292 0.156023
v 0.120531 0.544980 0.152598
v 0.126717 0.543503 0.149417
v 0.132404 0.541661 0.146784
v 0.137357 0.539279 0.144955
v 0.141403 0.536233 0.144118
v 0.144454 0.532456 0.144373
v 0.146509 0.527948 0.145719
v 0.147658 0.522776 0.148058
v 0.148072 0.517065 0.151202
v 0.147988 0.510987 0.154893
v 0.147680 0.504746 0.158828
v 0.147437 0.498552 0.162692
v 0.147531 0.492605 0.166188
v 0.148184 0.487069 0.169069
v 0.149550 0.482056 0.171170
v 0.151681 0.477604 0.172433
f 1655 1656 1657
f 1655 1657 1656
f 1655 1657 1658
f 1655 1658 1657
f 1655 1658 1659
f 1655 1659 1658
f 1655 1659 1660
f 1655 1660 1659
f 1655 1660 1661
f 1655 1661 1660
f 1655 1661 1662
f 1655 1662 1661
f 1655 1662 1663
f 1655 1663 1662
f 1655 1663 1664
f 1655 1664 1663
f 1655 1664 1665
f 1655 1665 1664
f 1655 1665 1666
f 1655 1666 1665
f 1655 1666 1667
f 1655 1667 1666
f 1655 1667 1668
f 1655 1668 1667
f 1655 1668 1669
f 1655 1669 1668
f 1655 1669 1670
f 1655 1670 1669
f 1655 1670 1671
f 1655 1671 1670
f 1655 1671 1672
f 1655 1672 1671
f 1655 1672 1673
f 1655 1673 1672
f 1655 1673 1674
f 1655 1674 1673
f 1655 1674 1675
f 1655 1675 1674
f 1655 1675 1676
f 1655 1676 1675
f 1655 1676 1677
f 1655 1677 1676
f 1655 1677 1678
f 1655 1678 1677
f 1655 1678 1679
f 1655 1679 1678
f 1655 1679 1680
f 1655 1680 1679
f 1655 1680 1681
f 1655 1681 1680
f 1655 1681 1682
f 1655 1682 1681
f 1655 1682 1683
f 1655 1683 1682
f 1655 1683 1684
f 1655 1684 1683
f 1655 1684 1685
f 1655 1685 1684
f 1655 1685 1686
f 1655 1686 1685
f 1655 1686 1687
f 1655 1687 1686
f 1655 1687 1688
f 1655 1688 1687
f 1655 1688 1689
f 1655 1689 1688
f 1655 1689 1690
f 1655 1690 1689
f 1655 1690 1691
f 1655 1691 1690
f 1655 1691 1692
f 1655 1692 1691
f 1655 1692 1693
f 1655 1693 1692
f 1655 1693 1694
f 1655 1694 1693
f 1655 1694 1695
f 1655 1695 1694
f 1655 1695 1696
f 1655 1696 1695
f 1655 1696 1697
f 1655 1697 1696
f 1655 1697 1698
f 1655 1698 1697
f 1655 1698 1699
f 1655 1699 1698
f 1655 1699 1700
f 1655 1700 1699
o part_46
v 0.154491 0.473651 0.172952
v 0.151807 0.469788 0.174543
v 0.149810 0.465205 0.175770
v 0.148643 0.459752 0.176561
v 0.148279 0.453458 0.176926
v 0.148574 0.446473 0.176944
v 0.149287 0.439051 0.176742
v 0.150113 0.431510 0.176480
v 0.150722 0.424196 0.176332
v 0.150790 0.417449 0.176470
v 0.150040 0.411560 0.177040
v 0.148266 0.406742 0.178150
v 0.145362 0.403110 0.179857
v 0.141326 0.400663 0.182161
v 0.136268 0.399288 0.185005
v 0.130390 0.398771 0.188282
v 0.123972 0.398821 0.191844
v 0.117336 0.399098 0.195520
v 0.110815 0.399256 0.199137
v 0.104711 0.398976 0.202533
v 0.099265 0.398007 0.205582
v 0.094623 0.396195 0.208206
v 0.090811 0.393514 0.210392
v 0.087686 0.390112 0.212216
v 0.090371 0.393975 0.210625
v 0.092367 0.398559 0.209397
v 0.093535 0.404011 0.208607
v 0.093898 0.410306 0.208241
v 0.093603 0.417290 0.208223
v 0.092891 0.424712 0.208425
v 0.092064 0.432254 0.208688
v 0.091456 0.439567 0.208835
v 0.091387 0.446314 0.208697
v 0.092138 0.452204 0.208127
v 0.093911 0.457021 0.207017
v 0.096816 0.460653 0.205310
v 0.100851 0.463100 0.203006
v 0.105910 0.464475 0.200162
v 0.111788 0.464992 0.196885
v 0.118205 0.464943 0.193323
v 0.124841 0.464665 0.189647
v 0.131363 0.464508 0.186030
v 0.137467 0.464787 0.182634
v 0.142913 0.465757 0.179585
v 0.147554 0.467569 0.176961
v 0.151367 0.470249 0.174775
f 1701 1702 1703
f 1701 1703 1702
f 1701 1703 1704
f 1701 1704 1703
f 1701 1704 1705
f 1701 1705 1704
f 1701 1705 1706
f 1701 1706 1705
f 1701 1706 1707
f 1701 1707 1706
f 1701 1707 1708
f 1701 1708 1707
f 1701 1708 1709
f 1701 1709 1708
f 1701 1709 1710
f 1701 1710 1709
f 1701 1710 1711
f 1701 1711 1710
f 1701 1711 1712
f 1701 1712 1711
f 1701 1712 1713
f 1701 1713 1712
f 1701 1713 1714
f 1701 1714 1713
f 1701 1714 1715
f 1701 1715 1714
f 1701 1715 1716
f 1701 1716 1715
f 1701 1716 1717
f 1701 1717 1716
f 1701 1717 1718
f 1701 1718 1717
f 1701 1718 1719
f 1701 1719 1718
f 1701 1719 1720
f 1701 1720 1719
f 1701 1720 1721
f 1701 1721 1720
f 1701 1721 1722
f 1701 1722 1721
f 1701 1722 1723
f 1701 1723 1722
f 1701 1723 1724
f 1701 1724 1723
f 1701 1724 1725
f 1701 1725 1724
f 1701 1725 1726
f 1701 1726 1725
f 1701 1726 1727
f 1701 1727 1726
f 1701 1727 1728
f 1701 1728 1727
f 1701 1728 1729
f 1701 1729 1728
f 1701 1729 1730
f 1701 1730 1729
f 1701 1730 1731
f 1701 1731 1730
f 1701 1731 1732
f 1701 1732 1731
f 1701 1732 1733
f 1701 1733 1732
f 1701 1733 1734
f 1701 1734 1733
f 1701 1734 1735
f 1701 1735 1734
f 1701 1735 1736
f 1701 1736 1735
f 1701 1736 1737
f 1701 1737 1736
f 1701 1737 1738
f 1701 1738 1737
f 1701 1738 1739
f 1701 1739 1738
f 1701 1739 1740
f 1701 1740 1739
f 1701 1740 1741
f 1701 1741 1740
f 1701 1741 1742
f 1701 1742 1741
f 1701 1742 1743
f 1701 1743 1742
f 1701 1743 1744
f 1701 1744 1743
f 1701 1744 1745
f 1701 1745 1744
f 1701 1745 1746
f 1701 1746 1745
o part_47
v 0.160764 0.473651 0.165906
v 0.160169 0.479136 0.167789
v 0.157407 0.482526 0.171644
v 0.153530 0.482526 0.175999
v 0.150021 0.479136 0.179189
v 0.148219 0.473651 0.179997
v 0.148813 0.468166 0.178114
v 0.151576 0.464775 0.174259
v 0.155453 0.464775 0.169905
v 0.158962 0.468166 0.166714
v 0.205557 0.464417 0.209824
v 0.205153 0.468147 0.211105
v 0.203274 0.470452 0.213726
v 0.200638 0.470452 0.216687
v 0.198252 0.468147 0.218857
v 0.197027 0.464417 0.219406
v 0.197431 0.460687 0.218126
v 0.199310 0.458381 0.215504
v 0.201946 0.458381 0.212543
v 0.204332 0.460687 0.210374
f 1747 1748 1758
f 1747 1758 1757
f 1748 1749 1759
f 1748 1759 1758
f 1749 1750 1760
f 1749 1760 1759
f 1750 1751 1761
f 1750 1761 1760
f 1751 1752 1762
f 1751 1762 1761
f 1752 1753 1763
f 1752 1763 1762
f 1753 1754 1764
f 1753 1764 1763
f 1754 1755 1765
f 1754 1765 1764
f 1755 1756 1766
f 1755 1766 1765
f 1756 1747 1757
f 1756 1757 1766
o part_48
v 0.201292 0.464417 0.214615
v 0.202805 0.463820 0.211128
v 0.204663 0.464203 0.207471
v 0.206843 0.465505 0.203656
v 0.209290 0.467564 0.199708
v 0.211923 0.470155 0.195669
v 0.214647 0.473002 0.191586
v 0.217356 0.475807 0.187509
v 0.219946 0.478274 0.183491
v 0.222321 0.480129 0.179580
v 0.224401 0.481146 0.175813
v 0.226131 0.481165 0.172219
v 0.227479 0.480101 0.168813
v 0.228447 0.477954 0.165595
v 0.229064 0.474808 0.162549
v 0.229387 0.470824 0.159649
v 0.229494 0.466230 0.156855
v 0.229483 0.461296 0.154119
v 0.229457 0.456321 0.151391
v 0.229521 0.451602 0.148618
v 0.229771 0.447413 0.145753
v 0.230288 0.443984 0.142757
v 0.231128 0.441472 0.139601
v 0.232313 0.439940 0.136276
v 0.230800 0.440538 0.139763
v 0.228942 0.440154 0.143420
v 0.226762 0.438853 0.147236
v 0.224315 0.436793 0.151183
v 0.221681 0.434202 0.155222
v 0.218958 0.431355 0.159306
v 0.216249 0.428550 0.163382
v 0.213659 0.426084 0.167400
v 0.211284 0.424228 0.171312
v 0.209203 0.423211 0.175079
v 0.207474 0.423192 0.178672
v 0.206125 0.424256 0.182078
v 0.205157 0.426403 0.185297
v 0.204540 0.429549 0.188342
v 0.204218 0.433533 0.191242
v 0.204110 0.438128 0.194037
v 0.204122 0.443061 0.196772
v 0.204148 0.448037 0.199501
v 0.204084 0.452756 0.202274
v 0.203834 0.456944 0.205139
v 0.203316 0.460373 0.208135
v 0.202477 0.462886 0.211290
f 1767 1768 1769
f 1767 1769 1768
f 1767 1769 1770
f 1767 1770 1769
f 1767 1770 1771
f 1767 1771 1770
f 1767 1771 1772
f 1767 1772 1771
f 1767 1772 1773
f 1767 1773 1772
f 1767 1773 1774
f 1767 1774 1773
f 1767 1774 1775
f 1767 1775 1774
f 1767 1775 1776
f 1767 1776 1775
f 1767 1776 1777
f 1767 1777 1776
f 1767 1777 1778
f 1767 1778 1777
f 1767 1778 1779
f 1767 1779 1778
f 1767 1779 1780
f 1767 1780 1779
f 1767 1780 1781
f 1767 1781 1780
f 1767 1781 1782
f 1767 1782 1781
f 1767 1782 1783
f 1767 1783 1782
f 1767 1783 1784
f 1767 1784 1783
f 1767 1784 1785
f 1767 1785 1784
f 1767 1785 1786
f 1767 1786 1785
f 1767 1786 1787
f 1767 1787 1786
f 1767 1787 1788
f 1767 1788 1787
f 1767 1788 1789
f 1767 1789 1788
f 1767 1789 1790
f 1767 1790 1789
f 1767 1790 1791
f 1767 1791 1790
f 1767 1791 1792
f 1767 1792 1791
f 1767 1792 1793
f 1767 1793 1792
f 1767 1793 1794
f 1767 1794 1793
f 1767 1794 1795
f 1767 1795 1794
f 1767 1795 1796
f 1767 1796 1795
f 1767 1796 1797
f 1767 1797 1796
f 1767 1797 1798
f 1767 1798 1797
f 1767 1798 1799
f 1767 1799 1798
f 1767 1799 1800
f 1767 1800 1799
f 1767 1800 1801
f 1767 1801 1800
f 1767 1801 1802
f 1767 1802 1801
f 1767 1802 1803
f 1767 1803 1802
f 1767 1803 1804
f 1767 1804 1803
f 1767 1804 1805
f 1767 1805 1804
f 1767 1805 1806
f 1767 1806 1805
f 1767 1806 1807
f 1767 1807 1806
f 1767 1807 1808
f 1767 1808 1807
f 1767 1808 1809
f 1767 1809 1808
f 1767 1809 1810
f 1767 1810 1809
f 1767 1810 1811
f 1767 1811 1810
f 1767 1811 1812
f 1767 1812 1811
o part_49
v 0.201292 0.464417 0.214615
v 0.197062 0.464084 0.216907
v 0.192566 0.462285 0.219173
v 0.187871 0.459396 0.221420
v 0.183035 0.455732 0.223654
v 0.178118 0.451620 0.225879
v 0.173180 0.447392 0.228103
v 0.168280 0.443377 0.230331
v 0.163475 0.439881 0.232567
v 0.158814 0.437175 0.234818
v 0.154336 0.435476 0.237085
v 0.150068 0.434934 0.239373
v 0.146024 0.435629 0.241683
v 0.142206 0.437560 0.244014
v 0.138598 0.440649 0.246365
v 0.135173 0.444745 0.248734
v 0.131892 0.449630 0.251117
v 0.128705 0.455034 0.253508
v 0.125556 0.460652 0.255904
v 0.122387 0.466154 0.258297
v 0.119136 0.471207 0.260682
v 0.115745 0.475486 0.263054
v 0.112155 0.478675 0.265407
v 0.108298 0.480397 0.267735
v 0.112528 0.480730 0.265443
v 0.117025 0.482528 0.263177
v 0.121720 0.485418 0.260930
v 0.126555 0.489082 0.258696
v 0.131472 0.493194 0.256471
v 0.136410 0.497422 0.254247
v 0.141310 0.501437 0.252019
v 0.146115 0.504932 0.249783
v 0.150776 0.507638 0.247533
v 0.155255 0.509338 0.245265
v 0.159523 0.509880 0.242977
v 0.163566 0.509185 0.240667
v 0.167384 0.507254 0.238336
v 0.170992 0.504164 0.235985
v 0.174417 0.500069 0.233616
v 0.177699 0.495184 0.231233
v 0.180886 0.489779 0.228842
v 0.184034 0.484162 0.226447
v 0.187203 0.478660 0.224053
v 0.190454 0.473607 0.221668
v 0.193846 0.469327 0.219296
v 0.197436 0.466139 0.216943
f 1813 1814 1815
f 1813 1815 1814
f 1813 1815 1816
f 1813 1816 1815
f 1813 1816 1817
f 1813 1817 1816
f 1813 1817 1818
f 1813 1818 1817
f 1813 1818 1819
f 1813 1819 1818
f 1813 1819 1820
f 1813 1820 1819
f 1813 1820 1821
f 1813 1821 1820
f 1813 1821 1822
f 1813 1822 1821
f 1813 1822 1823
f 1813 1823 1822
f 1813 1823 1824
f 1813 1824 1823
f 1813 1824 1825
f 1813 1825 1824
f 1813 1825 1826
f 1813 1826 1825
f 1813 1826 1827
f 1813 1827 1826
f 1813 1827 1828
f 1813 1828 1827
f 1813 1828 1829
f 1813 1829 1828
f 1813 1829 1830
f 1813 1830 1829
f 1813 1830 1831
f 1813 1831 1830
f 1813 1831 1832
f 1813 1832 1831
f 1813 1832 1833
f 1813 1833 1832
f 1813 1833 1834
f 1813 1834 1833
f 1813 1834 1835
f 1813 1835 1834
f 1813 1835 1836
f 1813 1836 1835
f 1813 1836 1837
f 1813 1837 1836
f 1813 1837 1838
f 1813 1838 1837
f 1813 1838 1839
f 1813 1839 1838
f 1813 1839 1840
f 1813 1840 1839
f 1813 1840 1841
f 1813 1841 1840
f 1813 1841 1842
f 1813 1842 1841
f 1813 1842 1843
f 1813 1843 1842
f 1813 1843 1844
f 1813 1844 1843
f 1813 1844 1845
f 1813 1845 1844
f 1813 1845 1846
f 1813 1846 1845
f 1813 1846 1847
f 1813 1847 1846
f 1813 1847 1848
f 1813 1848 1847
f 1813 1848 1849
f 1813 1849 1848
f 1813 1849 1850
f 1813 1850 1849
f 1813 1850 1851
f 1813 1851 1850
f 1813 1851 1852
f 1813 1852 1851
f 1813 1852 1853
f 1813 1853 1852
f 1813 1853 1854
f 1813 1854 1853
f 1813 1854 1855
f 1813 1855 1854
f 1813 1855 1856
f 1813 1856 1855
f 1813 1856 1857
f 1813 1857 1856
f 1813 1857 1858
f 1813 1858 1857
o part_50
v 0.154833 0.473651 0.163525
v 0.151712 0.478277 0.165215
v 0.149654 0.481136 0.169860
v 0.149443 0.481136 0.175686
v 0.151160 0.478277 0.180467
v 0.154150 0.473651 0.182378
v 0.157270 0.469025 0.180689
v 0.159329 0.466166 0.176044
v 0.159540 0.466166 0.170217
v 0.157822 0.469025 0.165436
v 0.211746 0.511358 0.168605
v 0.209624 0.514504 0.169754
v 0.208224 0.516448 0.172913
v 0.208081 0.516448 0.176874
v 0.209249 0.514504 0.180126
v 0.211282 0.511358 0.181425
v 0.213403 0.508213 0.180276
v 0.214803 0.506269 0.177118
v 0.214947 0.506269 0.173156
v 0.213779 0.508213 0.169904
f 1859 1860 1870
f 1859 1870 1869
f 1860 1861 1871
f 1860 1871 1870
f 1861 1862 1872
f 1861 1872 1871
f 1862 1863 1873
f 1862 1873 1872
f 1863 1864 1874
f 1863 1874 1873
f 1864 1865 1875
f 1864 1875 1874
f 1865 1866 1876
f 1865 1876 1875
f 1866 1867 1877
f 1866 1877 1876
f 1867 1868 1878
f 1867 1878 1877
f 1868 1859 1869
f 1868 1869 1878
o part_51
v 0.211514 0.511358 0.175015
v 0.209547 0.511403 0.171538
v 0.207287 0.511884 0.168216
v 0.204542 0.513085 0.165149
v 0.201220 0.515141 0.162386
v 0.197338 0.518027 0.159918
v 0.193020 0.521561 0.157679
v 0.188475 0.525432 0.155560
v 0.183971 0.529241 0.153420
v 0.179794 0.532566 0.151107
v 0.176204 0.535020 0.148485
v 0.173401 0.536305 0.145448
v 0.171493 0.536264 0.141941
v 0.170480 0.534896 0.137962
v 0.170253 0.532360 0.133569
v 0.170614 0.528953 0.128866
v 0.171302 0.525061 0.123992
v 0.172030 0.521108 0.119096
v 0.172533 0.517492 0.114319
v 0.172598 0.514523 0.109772
v 0.172104 0.512385 0.105520
v 0.171033 0.511102 0.101572
v 0.169476 0.510539 0.097879
v 0.167626 0.510411 0.094341
v 0.169593 0.510366 0.097817
v 0.171853 0.509885 0.101140
v 0.174598 0.508684 0.104207
v 0.177920 0.506628 0.106970
v 0.181802 0.503742 0.109438
v 0.186120 0.500208 0.111676
v 0.190665 0.496337 0.113796
v 0.195169 0.492528 0.115936
v 0.199346 0.489203 0.118249
v 0.202936 0.486749 0.120871
v 0.205739 0.485464 0.123907
v 0.207647 0.485505 0.127415
v 0.208661 0.486873 0.131394
v 0.208887 0.489409 0.135787
v 0.208526 0.492816 0.140489
v 0.207838 0.496708 0.145364
v 0.207110 0.500661 0.150260
v 0.206608 0.504277 0.155037
v 0.206542 0.507246 0.159584
v 0.207037 0.509384 0.163836
v 0.208108 0.510667 0.167784
v 0.209664 0.511230 0.171477
f 1879 1880 1881
f 1879 1881 1880
f 1879 1881 1882
f 1879 1882 1881
f 1879 1882 1883
f 1879 1883 1882
f 1879 1883 1884
f 1879 1884 1883
f 1879 1884 1885
f 1879 1885 1884
f 1879 1885 1886
f 1879 1886 1885
f 1879 1886 1887
f 1879 1887 1886
f 1879 1887 1888
f 1879 1888 1887
f 1879 1888 1889
f 1879 1889 1888
f 1879 1889 1890
f 1879 1890 1889
f 1879 1890 1891
f 1879 1891 1890
f 1879 1891 1892
f 1879 1892 1891
f 1879 1892 1893
f 1879 1893 1892
f 1879 1893 1894
f 1879 1894 1893
f 1879 1894 1895
f 1879 1895 1894
f 1879 1895 1896
f 1879 1896 1895
f 1879 1896 1897
f 1879 1897 1896
f 1879 1897 1898
f 1879 1898 1897
f 1879 1898 1899
f 1879 1899 1898
f 1879 1899 1900
f 1879 1900 1899
f 1879 1900 1901
f 1879 1901 1900
f 1879 1901 1902
f 1879 1902 1901
f 1879 1902 1903
f 1879 1903 1902
f 1879 1903 1904
f 1879 1904 1903
f 1879 1904 1905
f 1879 1905 1904
f 1879 1905 1906
f 1879 1906 1905
f 1879 1906 1907
f 1879 1907 1906
f 1879 1907 1908
f 1879 1908 1907
f 1879 1908 1909
f 1879 1909 1908
f 1879 1909 1910
f 1879 1910 1909
f 1879 1910 1911
f 1879 1911 1910
f 1879 1911 1912
f 1879 1912 1911
f 1879 1912 1913
f 1879 1913 1912
f 1879 1913 1914
f 1879 1914 1913
f 1879 1914 1915
f 1879 1915 1914
f 1879 1915 1916
f 1879 1916 1915
f 1879 1916 1917
f 1879 1917 1916
f 1879 1917 1918
f 1879 1918 1917
f 1879 1918 1919
f 1879 1919 1918
f 1879 1919 1920
f 1879 1920 1919
f 1879 1920 1921
f 1879 1921 1920
f 1879 1921 1922
f 1879 1922 1921
f 1879 1922 1923
f 1879 1923 1922
f 1879 1923 1924
f 1879 1924 1923
o part_52
v 0.211514 0.511358 0.175015
v 0.209150 0.509549 0.179824
v 0.207695 0.506350 0.184906
v 0.206986 0.502011 0.190213
v 0.206841 0.496809 0.195690
v 0.207055 0.491060 0.201274
v 0.207401 0.485109 0.206898
v 0.207649 0.479307 0.212493
v 0.207578 0.473992 0.217992
v 0.206991 0.469467 0.223336
v 0.205727 0.465976 0.228475
v 0.203672 0.463694 0.233377
v 0.200769 0.462709 0.238023
v 0.197016 0.463023 0.242414
v 0.192474 0.464545 0.246567
v 0.187254 0.467101 0.250515
v 0.181518 0.470447 0.254309
v 0.175463 0.474281 0.258007
v 0.169310 0.478263 0.261675
v 0.163290 0.482044 0.265383
v 0.157628 0.485277 0.269198
v 0.152530 0.487647 0.273184
v 0.148178 0.488877 0.277394
v 0.144735 0.488718 0.281878
v 0.147099 0.490527 0.277069
v 0.148553 0.493726 0.271987
v 0.149263 0.498064 0.266680
v 0.149407 0.503267 0.261204
v 0.149194 0.509016 0.255619
v 0.148848 0.514967 0.249995
v 0.148600 0.520769 0.244400
v 0.148671 0.526084 0.238901
v 0.149258 0.530609 0.233558
v 0.150522 0.534100 0.228418
v 0.152576 0.536382 0.223516
v 0.155480 0.537367 0.218870
v 0.159232 0.537053 0.214479
v 0.163775 0.535531 0.210327
v 0.168995 0.532974 0.206378
v 0.174731 0.529629 0.202584
v 0.180786 0.525795 0.198887
v 0.186938 0.521812 0.195219
v 0.192959 0.518032 0.191511
v 0.198621 0.514799 0.187695
v 0.203719 0.512429 0.183709
v 0.208071 0.511198 0.179499
f 1925 1926 1927
f 1925 1927 1926
f 1925 1927 1928
f 1925 1928 1927
f 1925 1928 1929
f 1925 1929 1928
f 1925 1929 1930
f 1925 1930 1929
f 1925 1930 1931
f 1925 1931 1930
f 1925 1931 1932
f 1925 1932 1931
f 1925 1932 1933
f 1925 1933 1932
f 1925 1933 1934
f 1925 1934 1933
f 1925 1934 1935
f 1925 1935 1934
f 1925 1935 1936
f 1925 1936 1935
f 1925 1936 1937
f 1925 1937 1936
f 1925 1937 1938
f 1925 1938 1937
f 1925 1938 1939
f 1925 1939 1938
f 1925 1939 1940
f 1925 1940 1939
f 1925 1940 1941
f 1925 1941 1940
f 1925 1941 1942
f 1925 1942 1941
f 1925 1942 1943
f 1925 1943 1942
f 1925 1943 1944
f 1925 1944 1943
f 1925 1944 1945
f 1925 1945 1944
f 1925 1945 1946
f 1925 1946 1945
f 1925 1946 1947
f 1925 1947 1946
f 1925 1947 1948
f 1925 1948 1947
f 1925 1948 1949
f 1925 1949 1948
f 1925 1949 1950
f 1925 1950 1949
f 1925 1950 1951
f 1925 1951 1950
f 1925 1951 1952
f 1925 1952 1951
f 1925 1952 1953
f 1925 1953 1952
f 1925 1953 1954
f 1925 1954 1953
f 1925 1954 1955
f 1925 1955 1954
f 1925 1955 1956
f 1925 1956 1955
f 1925 1956 1957
f 1925 1957 1956
f 1925 1957 1958
f 1925 1958 1957
f 1925 1958 1959
f 1925 1959 1958
f 1925 1959 1960
f 1925 1960 1959
f 1925 1960 1961
f 1925 1961 1960
f 1925 1961 1962
f 1925 1962 1961
f 1925 1962 1963
f 1925 1963 1962
f 1925 1963 1964
f 1925 1964 1963
f 1925 1964 1965
f 1925 1965 1964
f 1925 1965 1966
f 1925 1966 1965
f 1925 1966 1967
f 1925 1967 1966
f 1925 1967 1968
f 1925 1968 1967
f 1925 1968 1969
f 1925 1969 1968
f 1925 1969 1970
f 1925 1970 1969
o part_53
v 0.163923 0.473651 0.172771
v 0.162062 0.478236 0.169689
v 0.157309 0.481070 0.167852
v 0.151480 0.481070 0.167964
v 0.146802 0.478236 0.169981
v 0.145060 0.473651 0.173132
v 0.146921 0.469066 0.176215
v 0.151673 0.466232 0.178051
v 0.157502 0.466232 0.177939
v 0.162181 0.469066 0.175923
v 0.162025 0.513482 0.231397
v 0.160760 0.516600 0.229300
v 0.157528 0.518527 0.228052
v 0.153565 0.518527 0.228128
v 0.150383 0.516600 0.229499
v 0.149199 0.513482 0.231642
v 0.150464 0.510364 0.233738
v 0.153696 0.508437 0.234987
v 0.157660 0.508437 0.234911
v 0.160841 0.510364 0.233540
f 1971 1972 1982
f 1971 1982 1981
f 1972 1973 1983
f 1972 1983 1982
f 1973 1974 1984
f 1973 1984 1983
f 1974 1975 1985
f 1974 1985 1984
f 1975 1976 1986
f 1975 1986 1985
f 1976 1977 1987
f 1976 1987 1986
f 1977 1978 1988
f 1977 1988 1987
f 1978 1979 1989
f 1978 1989 1988
f 1979 1980 1990
f 1979 1990 1989
f 1980 1971 1981
f 1980 1981 1990
o part_54
v 0.155612 0.513482 0.231519
v 0.159625 0.512621 0.229709
v 0.163616 0.512386 0.227473
v 0.167573 0.513054 0.224624
v 0.171495 0.514704 0.221108
v 0.175385 0.517240 0.216991
v 0.179252 0.520413 0.212439
v 0.183109 0.523860 0.207702
v 0.186971 0.527152 0.203071
v 0.190855 0.529848 0.198844
v 0.194775 0.531555 0.195289
v 0.198741 0.531980 0.192605
v 0.202760 0.530967 0.190898
v 0.206831 0.528514 0.190169
v 0.210948 0.524780 0.190311
v 0.215101 0.520057 0.191125
v 0.219276 0.514738 0.192343
v 0.223457 0.509264 0.193667
v 0.227627 0.504063 0.194805
v 0.231775 0.499501 0.195510
v 0.235890 0.495824 0.195613
v 0.239970 0.493129 0.195049
v 0.244017 0.491336 0.193871
v 0.248041 0.490170 0.192268
v 0.244028 0.491031 0.194079
v 0.240037 0.491265 0.196315
v 0.236080 0.490597 0.199164
v 0.232158 0.488948 0.202679
v 0.228268 0.486412 0.206797
v 0.224401 0.483239 0.211348
v 0.220545 0.479791 0.216086
v 0.216682 0.476500 0.220717
v 0.212798 0.473804 0.224944
v 0.208878 0.472097 0.228499
v 0.204912 0.471671 0.231183
v 0.200893 0.472685 0.232889
v 0.196822 0.475138 0.233618
v 0.192705 0.478872 0.233476
v 0.188552 0.483595 0.232663
v 0.184377 0.488913 0.231445
v 0.180196 0.494388 0.230121
v 0.176026 0.499588 0.228982
v 0.171878 0.504151 0.228278
v 0.167763 0.507828 0.228175
v 0.163683 0.510523 0.228739
v 0.159636 0.512316 0.229916
f 1991 1992 1993
f 1991 1993 1992
f 1991 1993 1994
f 1991 1994 1993
f 1991 1994 1995
f 1991 1995 1994
f 1991 1995 1996
f 1991 1996 1995
f 1991 1996 1997
f 1991 1997 1996
f 1991 1997 1998
f 1991 1998 1997
f 1991 1998 1999
f 1991 1999 1998
f 1991 1999 2000
f 1991 2000 1999
f 1991 2000 2001
f 1991 2001 2000
f 1991 2001 2002
f 1991 2002 2001
f 1991 2002 2003
f 1991 2003 2002
f 1991 2003 2004
f 1991 2004 2003
f 1991 2004 2005
f 1991 2005 2004
f 1991 2005 2006
f 1991 2006 2005
f 1991 2006 2007
f 1991 2007 2006
f 1991 2007 2008
f 1991 2008 2007
f 1991 2008 2009
f 1991 2009 2008
f 1991 2009 2010
f 1991 2010 2009
f 1991 2010 2011
f 1991 2011 2010
f 1991 2011 2012
f 1991 2012 2011
f 1991 2012 2013
f 1991 2013 2012
f 1991 2013 2014
f 1991 2014 2013
f 1991 2014 2015
f 1991 2015 2014
f 1991 2015 2016
f 1991 2016 2015
f 1991 2016 2017
f 1991 2017 2016
f 1991 2017 2018
f 1991 2018 2017
f 1991 2018 2019
f 1991 2019 2018
f 1991 2019 2020
f 1991 2020 2019
f 1991 2020 2021
f 1991 2021 2020
f 1991 2021 2022
f 1991 2022 2021
f 1991 2022 2023
f 1991 2023 2022
f 1991 2023 2024
f 1991 2024 2023
f 1991 2024 2025
f 1991 2025 2024
f 1991 2025 2026
f 1991 2026 2025
f 1991 2026 2027
f 1991 2027 2026
f 1991 2027 2028
f 1991 2028 2027
f 1991 2028 2029
f 1991 2029 2028
f 1991 2029 2030
f 1991 2030 2029
f 1991 2030 2031
f 1991 2031 2030
f 1991 2031 2032
f 1991 2032 2031
f 1991 2032 2033
f 1991 2033 2032
f 1991 2033 2034
f 1991 2034 2033
f 1991 2034 2035
f 1991 2035 2034
f 1991 2035 2036
f 1991 2036 2035
o part_55
v 0.155612 0.513482 0.231519
v 0.152542 0.513037 0.230301
v 0.149415 0.512232 0.229329
v 0.146190 0.510817 0.228773
v 0.142848 0.508668 0.228719
v 0.139390 0.505796 0.229158
v 0.135841 0.502354 0.229987
v 0.132244 0.498608 0.231024
v 0.128653 0.494904 0.232032
v 0.125128 0.491610 0.232760
v 0.121724 0.489068 0.232974
v 0.118480 0.487539 0.232497
v 0.115421 0.487163 0.231231
v 0.112547 0.487941 0.229178
v 0.109834 0.489731 0.226433
v 0.107241 0.492273 0.223174
v 0.104714 0.495226 0.219634
v 0.102193 0.498219 0.216067
v 0.099624 0.500910 0.212707
v 0.096964 0.503029 0.209736
v 0.094188 0.504427 0.207259
v 0.091295 0.505090 0.205284
v 0.088305 0.505143 0.203725
v 0.085257 0.504837 0.202413
v 0.088327 0.505281 0.203631
v 0.091454 0.506087 0.204603
v 0.094679 0.507501 0.205159
v 0.098021 0.509651 0.205213
v 0.101479 0.512522 0.204774
v 0.105028 0.515964 0.203945
v 0.108625 0.519710 0.202908
v 0.112215 0.523415 0.201900
v 0.115741 0.526708 0.201172
v 0.119145 0.529250 0.200958
v 0.122389 0.530779 0.201435
v 0.125448 0.531155 0.202701
v 0.128322 0.530378 0.204754
v 0.131035 0.528588 0.207499
v 0.133628 0.526046 0.210758
v 0.136155 0.523093 0.214298
v 0.138676 0.520099 0.217865
v 0.141245 0.517409 0.221225
v 0.143905 0.515289 0.224196
v 0.146681 0.513891 0.226673
v 0.149574 0.513228 0.228648
v 0.152564 0.513175 0.230207
f 2037 2038 2039
f 2037 2039 2038
f 2037 2039 2040
f 2037 2040 2039
f 2037 2040 2041
f 2037 2041 2040
f 2037 2041 2042
f 2037 2042 2041
f 2037 2042 2043
f 2037 2043 2042
f 2037 2043 2044
f 2037 2044 2043
f 2037 2044 2045
f 2037 2045 2044
f 2037 2045 2046
f 2037 2046 2045
f 2037 2046 2047
f 2037 2047 2046
f 2037 2047 2048
f 2037 2048 2047
f 2037 2048 2049
f 2037 2049 2048
f 2037 2049 2050
f 2037 2050 2049
f 2037 2050 2051
f 2037 2051 2050
f 2037 2051 2052
f 2037 2052 2051
f 2037 2052 2053
f 2037 2053 2052
f 2037 2053 2054
f 2037 2054 2053
f 2037 2054 2055
f 2037 2055 2054
f 2037 2055 2056
f 2037 2056 2055
f 2037 2056 2057
f 2037 2057 2056
f 2037 2057 2058
f 2037 2058 2057
f 2037 2058 2059
f 2037 2059 2058
f 2037 2059 2060
f 2037 2060 2059
f 2037 2060 2061
f 2037 2061 2060
f 2037 2061 2062
f 2037 2062 2061
f 2037 2062 2063
f 2037 2063 2062
f 2037 2063 2064
f 2037 2064 2063
f 2037 2064 2065
f 2037 2065 2064
f 2037 2065 2066
f 2037 2066 2065
f 2037 2066 2067
f 2037 2067 2066
f 2037 2067 2068
f 2037 2068 2067
f 2037 2068 2069
f 2037 2069 2068
f 2037 2069 2070
f 2037 2070 2069
f 2037 2070 2071
f 2037 2071 2070
f 2037 2071 2072
f 2037 2072 2071
f 2037 2072 2073
f 2037 2073 2072
f 2037 2073 2074
f 2037 2074 2073
f 2037 2074 2075
f 2037 2075 2074
f 2037 2075 2076
f 2037 2076 2075
f 2037 2076 2077
f 2037 2077 2076
f 2037 2077 2078
f 2037 2078 2077
f 2037 2078 2079
f 2037 2079 2078
f 2037 2079 2080
f 2037 2080 2079
f 2037 2080 2081
f 2037 2081 2080
f 2037 2081 2082
f 2037 2082 2081
o part_56
v 0.074455 0.447554 0.080943
v 0.071282 0.452025 0.087534
v 0.072939 0.454789 0.095479
v 0.078793 0.454789 0.101743
v 0.086607 0.452025 0.103934
v 0.093398 0.447554 0.101214
v 0.096571 0.443083 0.094623
v 0.094914 0.440319 0.086678
v 0.089060 0.440319 0.080414
v 0.081246 0.443083 0.078224
v 0.125321 0.547390 0.039486
v 0.123163 0.550430 0.043968
v 0.124290 0.552310 0.049370
v 0.128270 0.552310 0.053630
v 0.133584 0.550430 0.055119
v 0.138202 0.547390 0.053270
v 0.140360 0.544349 0.048788
v 0.139233 0.542470 0.043385
v 0.135253 0.542470 0.039126
v 0.129939 0.544349 0.037636
f 2083 2084 2094
f 2083 2094 2093
f 2084 2085 2095
f 2084 2095 2094
f 2085 2086 2096
f 2085 2096 2095
f 2086 2087 2097
f 2086 2097 2096
f 2087 2088 2098
f 2087 2098 2097
f 2088 2089 2099
f 2088 2099 2098
f 2089 2090 2100
f 2089 2100 2099
f 2090 2091 2101
f 2090 2101 2100
f 2091 2092 2102
f 2091 2102 2101
f 2092 2083 2093
f 2092 2093 2102
o part_57
v 0.131762 0.547390 0.046378
v 0.130025 0.546183 0.043577
v 0.128072 0.545112 0.040848
v 0.125619 0.544355 0.038287
v 0.122428 0.544063 0.035973
v 0.118388 0.544305 0.033943
v 0.113564 0.545039 0.032176
v 0.108206 0.546110 0.030587
v 0.102714 0.547265 0.029043
v 0.097568 0.548202 0.027383
v 0.093245 0.548622 0.025447
v 0.090124 0.548286 0.023110
v 0.088414 0.547062 0.020300
v 0.088115 0.544951 0.017018
v 0.089018 0.542083 0.013334
v 0.090743 0.538699 0.009375
v 0.092816 0.535096 0.005299
v 0.094754 0.531578 0.001268
v 0.096157 0.528395 -0.002583
v 0.096778 0.525706 -0.006173
v 0.096548 0.523551 -0.009478
v 0.095581 0.521860 -0.012537
v 0.094114 0.520483 -0.015428
v 0.092431 0.519243 -0.018246
v 0.094167 0.520450 -0.015445
v 0.096120 0.521521 -0.012717
v 0.098573 0.522277 -0.010156
v 0.101764 0.522570 -0.007842
v 0.105804 0.522328 -0.005812
v 0.110628 0.521593 -0.004044
v 0.115986 0.520522 -0.002455
v 0.121478 0.519367 -0.000911
v 0.126624 0.518430 0.000749
v 0.130947 0.518010 0.002684
v 0.134068 0.518346 0.005022
v 0.135778 0.519570 0.007831
v 0.136077 0.521682 0.011113
v 0.135174 0.524549 0.014797
v 0.133449 0.527934 0.018757
v 0.131376 0.531537 0.022832
v 0.129438 0.535055 0.026863
v 0.128035 0.538237 0.030715
v 0.127415 0.540927 0.034304
v 0.127644 0.543082 0.037610
v 0.128611 0.544773 0.040668
v 0.130078 0.546149 0.043559
f 2103 2104 2105
f 2103 2105 2104
f 2103 2105 2106
f 2103 2106 2105
f 2103 2106 2107
f 2103 2107 2106
f 2103 2107 2108
f 2103 2108 2107
f 2103 2108 2109
f 2103 2109 2108
f 2103 2109 2110
f 2103 2110 2109
f 2103 2110 2111
f 2103 2111 2110
f 2103 2111 2112
f 2103 2112 2111
f 2103 2112 2113
f 2103 2113 2112
f 2103 2113 2114
f 2103 2114 2113
f 2103 2114 2115
f 2103 2115 2114
f 2103 2115 2116
f 2103 2116 2115
f 2103 2116 2117
f 2103 2117 2116
f 2103 2117 2118
f 2103 2118 2117
f 2103 2118 2119
f 2103 2119 2118
f 2103 2119 2120
f 2103 2120 2119
f 2103 2120 2121
f 2103 2121 2120
f 2103 2121 2122
f 2103 2122 2121
f 2103 2122 2123
f 2103 2123 2122
f 2103 2123 2124
f 2103 2124 2123
f 2103 2124 2125
f 2103 2125 2124
f 2103 2125 2126
f 2103 2126 2125
f 2103 2126 2127
f 2103 2127 2126
f 2103 2127 2128
f 2103 2128 2127
f 2103 2128 2129
f 2103 2129 2128
f 2103 2129 2130
f 2103 2130 2129
f 2103 2130 2131
f 2103 2131 2130
f 2103 2131 2132
f 2103 2132 2131
f 2103 2132 2133
f 2103 2133 2132
f 2103 2133 2134
f 2103 2134 2133
f 2103 2134 2135
f 2103 2135 2134
f 2103 2135 2136
f 2103 2136 2135
f 2103 2136 2137
f 2103 2137 2136
f 2103 2137 2138
f 2103 2138 2137
f 2103 2138 2139
f 2103 2139 2138
f 2103 2139 2140
f 2103 2140 2139
f 2103 2140 2141
f 2103 2141 2140
f 2103 2141 2142
f 2103 2142 2141
f 2103 2142 2143
f 2103 2143 2142
f 2103 2143 2144
f 2103 2144 2143
f 2103 2144 2145
f 2103 2145 2144
f 2103 2145 2146
f 2103 2146 2145
f 2103 2146 2147
f 2103 2147 2146
f 2103 2147 2148
f 2103 2148 2147
o part_58
v 0.131762 0.547390 0.046378
v 0.132792 0.546529 0.049224
v 0.134479 0.545236 0.051808
v 0.136810 0.543519 0.054134
v 0.139691 0.541440 0.056240
v 0.142972 0.539098 0.058187
v 0.146458 0.536621 0.060050
v 0.149937 0.534148 0.061917
v 0.153191 0.531823 0.063874
v 0.156020 0.529779 0.066001
v 0.158255 0.528125 0.068365
v 0.159776 0.526942 0.071016
v 0.160519 0.526270 0.073977
v 0.160485 0.526110 0.077250
v 0.159736 0.526421 0.080809
v 0.158394 0.527122 0.084605
v 0.156626 0.528104 0.088572
v 0.154634 0.529233 0.092629
v 0.152634 0.530368 0.096688
v 0.150840 0.531366 0.100665
v 0.149445 0.532102 0.104483
v 0.148601 0.532476 0.108080
v 0.148401 0.532425 0.111419
v 0.148856 0.531943 0.114496
v 0.147825 0.532804 0.111649
v 0.146139 0.534097 0.109065
v 0.143808 0.535814 0.106739
v 0.140926 0.537893 0.104633
v 0.137646 0.540235 0.102687
v 0.134160 0.542712 0.100823
v 0.130681 0.545185 0.098956
v 0.127426 0.547510 0.097000
v 0.124598 0.549554 0.094873
v 0.122363 0.551208 0.092508
v 0.120842 0.552391 0.089858
v 0.120099 0.553063 0.086896
v 0.120133 0.553223 0.083623
v 0.120881 0.552912 0.080065
v 0.122224 0.552211 0.076268
v 0.123992 0.551229 0.072302
v 0.125984 0.550100 0.068245
v 0.127984 0.548965 0.064185
v 0.129778 0.547967 0.060208
v 0.131173 0.547231 0.056391
v 0.132017 0.546857 0.052794
v 0.132217 0.546908 0.049454
f 2149 2150 2151
f 2149 2151 2150
f 2149 2151 2152
f 2149 2152 2151
f 2149 2152 2153
f 2149 2153 2152
f 2149 2153 2154
f 2149 2154 2153
f 2149 2154 2155
f 2149 2155 2154
f 2149 2155 2156
f 2149 2156 2155
f 2149 2156 2157
f 2149 2157 2156
f 2149 2157 2158
f 2149 2158 2157
f 2149 2158 2159
f 2149 2159 2158
f 2149 2159 2160
f 2149 2160 2159
f 2149 2160 2161
f 2149 2161 2160
f 2149 2161 2162
f 2149 2162 2161
f 2149 2162 2163
f 2149 2163 2162
f 2149 2163 2164
f 2149 2164 2163
f 2149 2164 2165
f 2149 2165 2164
f 2149 2165 2166
f 2149 2166 2165
f 2149 2166 2167
f 2149 2167 2166
f 2149 2167 2168
f 2149 2168 2167
f 2149 2168 2169
f 2149 2169 2168
f 2149 2169 2170
f 2149 2170 2169
f 2149 2170 2171
f 2149 2171 2170
f 2149 2171 2172
f 2149 2172 2171
f 2149 2172 2173
f 2149 2173 2172
f 2149 2173 2174
f 2149 2174 2173
f 2149 2174 2175
f 2149 2175 2174
f 2149 2175 2176
f 2149 2176 2175
f 2149 2176 2177
f 2149 2177 2176
f 2149 2177 2178
f 2149 2178 2177
f 2149 2178 2179
f 2149 2179 2178
f 2149 2179 2180
f 2149 2180 2179
f 2149 2180 2181
f 2149 2181 2180
f 2149 2181 2182
f 2149 2182 2181
f 2149 2182 2183
f 2149 2183 2182
f 2149 2183 2184
f 2149 2184 2183
f 2149 2184 2185
f 2149 2185 2184
f 2149 2185 2186
f 2149 2186 2185
f 2149 2186 2187
f 2149 2187 2186
f 2149 2187 2188
f 2149 2188 2187
f 2149 2188 2189
f 2149 2189 2188
f 2149 2189 2190
f 2149 2190 2189
f 2149 2190 2191
f 2149 2191 2190
f 2149 2191 2192
f 2149 2192 2191
f 2149 2192 2193
f 2149 2193 2192
f 2149 2193 2194
f 2149 2194 2193
o part_59
v 0.125262 0.547390 0.039541
v 0.124877 0.552460 0.042393
v 0.127121 0.555593 0.046767
v 0.131137 0.555593 0.050993
v 0.135392 0.552460 0.053455
v 0.138261 0.547390 0.053215
v 0.138646 0.542320 0.050362
v 0.136402 0.539187 0.045988
v 0.132386 0.539187 0.041763
v 0.128131 0.542320 0.039300
v 0.170681 0.573865 0.000531
v 0.170419 0.577312 0.002470
v 0.171945 0.579443 0.005445
v 0.174676 0.579443 0.008318
v 0.177570 0.577312 0.009993
v 0.179520 0.573865 0.009829
v 0.179782 0.570417 0.007890
v 0.178256 0.568287 0.004915
v 0.175525 0.568287 0.002042
v 0.172632 0.570417 0.000367
f 2195 2196 2206
f 2195 2206 2205
f 2196 2197 2207
f 2196 2207 2206
f 2197 2198 2208
f 2197 2208 2207
f 2198 2199 2209
f 2198 2209 2208
f 2199 2200 2210
f 2199 2210 2209
f 2200 2201 2211
f 2200 2211 2210
f 2201 2202 2212
f 2201 2212 2211
f 2202 2203 2213
f 2202 2213 2212
f 2203 2204 2214
f 2203 2214 2213
f 2204 2195 2205
f 2204 2205 2214
o part_60
v 0.175101 0.573865 0.005180
v 0.170784 0.574012 0.002917
v 0.166306 0.574872 0.000943
v 0.161590 0.576792 -0.000601
v 0.156608 0.579890 -0.001666
v 0.151383 0.584070 -0.002293
v 0.145979 0.589044 -0.002598
v 0.140494 0.594378 -0.002757
v 0.135046 0.599548 -0.002982
v 0.129756 0.604015 -0.003492
v 0.124734 0.607295 -0.004484
v 0.120061 0.609023 -0.006106
v 0.115781 0.609005 -0.008436
v 0.111895 0.607240 -0.011475
v 0.108358 0.603923 -0.015143
v 0.105088 0.599419 -0.019293
v 0.101977 0.594212 -0.023729
v 0.098903 0.588842 -0.028230
v 0.095747 0.583831 -0.032586
v 0.092413 0.579615 -0.036620
v 0.088835 0.576480 -0.040214
v 0.084992 0.574523 -0.043331
v 0.080910 0.573626 -0.046018
v 0.076668 0.573442 -0.048415
v 0.080984 0.573295 -0.046152
v 0.085462 0.572436 -0.044178
v 0.090178 0.570515 -0.042634
v 0.095160 0.567417 -0.041569
v 0.100385 0.563237 -0.040942
v 0.105789 0.558263 -0.040637
v 0.111274 0.552930 -0.040478
v 0.116722 0.547759 -0.040253
v 0.122012 0.543292 -0.039743
v 0.127034 0.540013 -0.038751
v 0.131707 0.538284 -0.037129
v 0.135987 0.538303 -0.034799
v 0.139873 0.540068 -0.031760
v 0.143410 0.543384 -0.028092
v 0.146680 0.547888 -0.023942
v 0.149791 0.553095 -0.019506
v 0.152866 0.558465 -0.015005
v 0.156021 0.563476 -0.010649
v 0.159355 0.567693 -0.006615
v 0.162933 0.570828 -0.003021
v 0.166776 0.572785 0.000096
v 0.170858 0.573681 0.002783
f 2215 2216 2217
f 2215 2217 2216
f 2215 2217 2218
f 2215 2218 2217
f 2215 2218 2219
f 2215 2219 2218
f 2215 2219 2220
f 2215 2220 2219
f 2215 2220 2221
f 2215 2221 2220
f 2215 2221 2222
f 2215 2222 2221
f 2215 2222 2223
f 2215 2223 2222
f 2215 2223 2224
f 2215 2224 2223
f 2215 2224 2225
f 2215 2225 2224
f 2215 2225 2226
f 2215 2226 2225
f 2215 2226 2227
f 2215 2227 2226
f 2215 2227 2228
f 2215 2228 2227
f 2215 2228 2229
f 2215 2229 2228
f 2215 2229 2230
f 2215 2230 2229
f 2215 2230 2231
f 2215 2231 2230
f 2215 2231 2232
f 2215 2232 2231
f 2215 2232 2233
f 2215 2233 2232
f 2215 2233 2234
f 2215 2234 2233
f 2215 2234 2235
f 2215 2235 2234
f 2215 2235 2236
f 2215 2236 2235
f 2215 2236 2237
f 2215 2237 2236
f 2215 2237 2238
f 2215 2238 2237
f 2215 2238 2239
f 2215 2239 2238
f 2215 2239 2240
f 2215 2240 2239
f 2215 2240 2241
f 2215 2241 2240
f 2215 2241 2242
f 2215 2242 2241
f 2215 2242 2243
f 2215 2243 2242
f 2215 2243 2244
f 2215 2244 2243
f 2215 2244 2245
f 2215 2245 2244
f 2215 2245 2246
f 2215 2246 2245
f 2215 2246 2247
f 2215 2247 2246
f 2215 2247 2248
f 2215 2248 2247
f 2215 2248 2249
f 2215 2249 2248
f 2215 2249 2250
f 2215 2250 2249
f 2215 2250 2251
f 2215 2251 2250
f 2215 2251 2252
f 2215 2252 2251
f 2215 2252 2253
f 2215 2253 2252
f 2215 2253 2254
f 2215 2254 2253
f 2215 2254 2255
f 2215 2255 2254
f 2215 2255 2256
f 2215 2256 2255
f 2215 2256 2257
f 2215 2257 2256
f 2215 2257 2258
f 2215 2258 2257
f 2215 2258 2259
f 2215 2259 2258
f 2215 2259 2260
f 2215 2260 2259
o part_61
v 0.175101 0.573865 0.005180
v 0.174025 0.575371 0.007826
v 0.173288 0.576710 0.010722
v 0.173105 0.577776 0.014024
v 0.173572 0.578520 0.017804
v 0.174665 0.578954 0.022043
v 0.176243 0.579149 0.026638
v 0.178068 0.579222 0.031415
v 0.179841 0.579320 0.036153
v 0.181242 0.579603 0.040619
v 0.181982 0.580212 0.044599
v 0.181839 0.581257 0.047930
v 0.180694 0.582798 0.050526
v 0.178547 0.584833 0.052386
v 0.175518 0.587306 0.053598
v 0.171827 0.590105 0.054324
v 0.167765 0.593087 0.054777
v 0.163650 0.596095 0.055192
v 0.159782 0.598982 0.055789
v 0.156399 0.601628 0.056741
v 0.153642 0.603966 0.058153
v 0.151536 0.605982 0.060043
v 0.149983 0.607724 0.062338
v 0.148769 0.609299 0.064884
v 0.149845 0.607792 0.062237
v 0.150581 0.606453 0.059341
v 0.150765 0.605388 0.056040
v 0.150298 0.604644 0.052260
v 0.149204 0.604210 0.048021
v 0.147626 0.604015 0.043425
v 0.145801 0.603942 0.038648
v 0.144029 0.603843 0.033910
v 0.142628 0.603561 0.029445
v 0.141888 0.602952 0.025465
v 0.142031 0.601906 0.022133
v 0.143176 0.600366 0.019538
v 0.145322 0.598330 0.017677
v 0.148352 0.595858 0.016466
v 0.152043 0.593059 0.015740
v 0.156105 0.590077 0.015286
v 0.160220 0.587068 0.014871
v 0.164087 0.584182 0.014275
v 0.167470 0.581535 0.013323
v 0.170227 0.579198 0.011911
v 0.172333 0.577182 0.010021
v 0.173887 0.575440 0.007725
f 2261 2262 2263
f 2261 2263 2262
f 2261 2263 2264
f 2261 2264 2263
f 2261 2264 2265
f 2261 2265 2264
f 2261 2265 2266
f 2261 2266 2265
f 2261 2266 2267
f 2261 2267 2266
f 2261 2267 2268
f 2261 2268 2267
f 2261 2268 2269
f 2261 2269 2268
f 2261 2269 2270
f 2261 2270 2269
f 2261 2270 2271
f 2261 2271 2270
f 2261 2271 2272
f 2261 2272 2271
f 2261 2272 2273
f 2261 2273 2272
f 2261 2273 2274
f 2261 2274 2273
f 2261 2274 2275
f 2261 2275 2274
f 2261 2275 2276
f 2261 2276 2275
f 2261 2276 2277
f 2261 2277 2276
f 2261 2277 2278
f 2261 2278 2277
f 2261 2278 2279
f 2261 2279 2278
f 2261 2279 2280
f 2261 2280 2279
f 2261 2280 2281
f 2261 2281 2280
f 2261 2281 2282
f 2261 2282 2281
f 2261 2282 2283
f 2261 2283 2282
f 2261 2283 2284
f 2261 2284 2283
f 2261 2284 2285
f 2261 2285 2284
f 2261 2285 2286
f 2261 2286 2285
f 2261 2286 2287
f 2261 2287 2286
f 2261 2287 2288
f 2261 2288 2287
f 2261 2288 2289
f 2261 2289 2288
f 2261 2289 2290
f 2261 2290 2289
f 2261 2290 2291
f 2261 2291 2290
f 2261 2291 2292
f 2261 2292 2291
f 2261 2292 2293
f 2261 2293 2292
f 2261 2293 2294
f 2261 2294 2293
f 2261 2294 2295
f 2261 2295 2294
f 2261 2295 2296
f 2261 2296 2295
f 2261 2296 2297
f 2261 2297 2296
f 2261 2297 2298
f 2261 2298 2297
f 2261 2298 2299
f 2261 2299 2298
f 2261 2299 2300
f 2261 2300 2299
f 2261 2300 2301
f 2261 2301 2300
f 2261 2301 2302
f 2261 2302 2301
f 2261 2302 2303
f 2261 2303 2302
f 2261 2303 2304
f 2261 2304 2303
f 2261 2304 2305
f 2261 2305 2304
f 2261 2305 2306
f 2261 2306 2305
o part_62
v 0.175101 0.573865 0.005180
v 0.177895 0.569783 0.007267
v 0.180416 0.565125 0.008696
v 0.182543 0.559646 0.009183
v 0.184246 0.553275 0.008650
v 0.185566 0.546104 0.007201
v 0.186613 0.538359 0.005095
v 0.187543 0.530370 0.002710
v 0.188542 0.522526 0.000491
v 0.189801 0.515225 -0.001106
v 0.191487 0.508821 -0.001678
v 0.193728 0.503578 -0.000920
v 0.196590 0.499638 0.001330
v 0.200074 0.497000 0.005070
v 0.204113 0.495523 0.010139
v 0.208578 0.494942 0.016234
v 0.213304 0.494905 0.022951
v 0.218098 0.495012 0.029834
v 0.222776 0.494877 0.036438
v 0.227180 0.494167 0.042386
v 0.231202 0.492656 0.047416
v 0.234799 0.490255 0.051427
v 0.238004 0.487031 0.054497
v 0.240934 0.483232 0.056908
v 0.238139 0.487314 0.054821
v 0.235619 0.491971 0.053392
v 0.233491 0.497451 0.052905
v 0.231788 0.503822 0.053438
v 0.230468 0.510993 0.054887
v 0.229421 0.518738 0.056993
v 0.228491 0.526727 0.059378
v 0.227492 0.534571 0.061597
v 0.226233 0.541871 0.063194
v 0.224547 0.548276 0.063765
v 0.222306 0.553519 0.063007
v 0.219444 0.557459 0.060758
v 0.215960 0.560097 0.057018
v 0.211922 0.561574 0.051949
v 0.207456 0.562155 0.045854
v 0.202731 0.562192 0.039137
v 0.197936 0.562084 0.032254
v 0.193258 0.562220 0.025649
v 0.188854 0.562930 0.019702
v 0.184832 0.564441 0.014672
v 0.181235 0.566842 0.010661
v 0.178030 0.570066 0.007591
f 2307 2308 2309
f 2307 2309 2308
f 2307 2309 2310
f 2307 2310 2309
f 2307 2310 2311
f 2307 2311 2310
f 2307 2311 2312
f 2307 2312 2311
f 2307 2312 2313
f 2307 2313 2312
f 2307 2313 2314
f 2307 2314 2313
f 2307 2314 2315
f 2307 2315 2314
f 2307 2315 2316
f 2307 2316 2315
f 2307 2316 2317
f 2307 2317 2316
f 2307 2317 2318
f 2307 2318 2317
f 2307 2318 2319
f 2307 2319 2318
f 2307 2319 2320
f 2307 2320 2319
f 2307 2320 2321
f 2307 2321 2320
f 2307 2321 2322
f 2307 2322 2321
f 2307 2322 2323
f 2307 2323 2322
f 2307 2323 2324
f 2307 2324 2323
f 2307 2324 2325
f 2307 2325 2324
f 2307 2325 2326
f 2307 2326 2325
f 2307 2326 2327
f 2307 2327 2326
f 2307 2327 2328
f 2307 2328 2327
f 2307 2328 2329
f 2307 2329 2328
f 2307 2329 2330
f 2307 2330 2329
f 2307 2330 2331
f 2307 2331 2330
f 2307 2331 2332
f 2307 2332 2331
f 2307 2332 2333
f 2307 2333 2332
f 2307 2333 2334
f 2307 2334 2333
f 2307 2334 2335
f 2307 2335 2334
f 2307 2335 2336
f 2307 2336 2335
f 2307 2336 2337
f 2307 2337 2336
f 2307 2337 2338
f 2307 2338 2337
f 2307 2338 2339
f 2307 2339 2338
f 2307 2339 2340
f 2307 2340 2339
f 2307 2340 2341
f 2307 2341 2340
f 2307 2341 2342
f 2307 2342 2341
f 2307 2342 2343
f 2307 2343 2342
f 2307 2343 2344
f 2307 2344 2343
f 2307 2344 2345
f 2307 2345 2344
f 2307 2345 2346
f 2307 2346 2345
f 2307 2346 2347
f 2307 2347 2346
f 2307 2347 2348
f 2307 2348 2347
f 2307 2348 2349
f 2307 2349 2348
f 2307 2349 2350
f 2307 2350 2349
f 2307 2350 2351
f 2307 2351 2350
f 2307 2351 2352
f 2307 2352 2351
o part_63
v 0.131762 0.550745 0.055194
v 0.137254 0.550811 0.053241
v 0.140649 0.549571 0.048667
v 0.140649 0.547498 0.043218
v 0.137254 0.545383 0.038976
v 0.131762 0.544035 0.037561
v 0.126269 0.543969 0.039514
v 0.122874 0.545209 0.044089
v 0.122874 0.547282 0.049538
v 0.126269 0.549397 0.053779
v 0.122699 0.611141 0.028983
v 0.126434 0.611186 0.027655
v 0.128743 0.610343 0.024544
v 0.128743 0.608933 0.020839
v 0.126434 0.607495 0.017954
v 0.122699 0.606579 0.016993
v 0.118964 0.606533 0.018320
v 0.116656 0.607377 0.021431
v 0.116656 0.608786 0.025136
v 0.118964 0.610224 0.028021
f 2353 2354 2364
f 2353 2364 2363
f 2354 2355 2365
f 2354 2365 2364
f 2355 2356 2366
f 2355 2366 2365
f 2356 2357 2367
f 2356 2367 2366
f 2357 2358 2368
f 2357 2368 2367
f 2358 2359 2369
f 2358 2369 2368
f 2359 2360 2370
f 2359 2370 2369
f 2360 2361 2371
f 2360 2371 2370
f 2361 2362 2372
f 2361 2372 2371
f 2362 2353 2363
f 2362 2363 2372
o part_64
v 0.122699 0.608860 0.022988
v 0.122658 0.607918 0.028271
v 0.123195 0.607074 0.033588
v 0.124827 0.606415 0.038966
v 0.127876 0.605996 0.044424
v 0.132399 0.605825 0.049965
v 0.138156 0.605862 0.055576
v 0.144640 0.606023 0.061228
v 0.151155 0.606188 0.066882
v 0.156921 0.606228 0.072493
v 0.161202 0.606016 0.078020
v 0.163430 0.605458 0.083432
v 0.163294 0.604500 0.088711
v 0.160794 0.603143 0.093856
v 0.156241 0.601440 0.098885
v 0.150203 0.599485 0.103831
v 0.143417 0.597404 0.108734
v 0.136660 0.595329 0.113639
v 0.130631 0.593376 0.118585
v 0.125837 0.591631 0.123601
v 0.122515 0.590136 0.128700
v 0.120612 0.588880 0.133878
v 0.119802 0.587808 0.139119
v 0.119572 0.586835 0.144392
v 0.119613 0.587776 0.139108
v 0.119076 0.588620 0.133792
v 0.117444 0.589279 0.128414
v 0.114394 0.589699 0.122956
v 0.109872 0.589870 0.117414
v 0.104115 0.589832 0.111804
v 0.097630 0.589672 0.106152
v 0.091116 0.589506 0.100498
v 0.085350 0.589467 0.094887
v 0.081068 0.589678 0.089359
v 0.078840 0.590237 0.083947
v 0.078976 0.591194 0.078669
v 0.081476 0.592551 0.073524
v 0.086030 0.594255 0.068495
v 0.092068 0.596209 0.063549
v 0.098854 0.598290 0.058646
v 0.105611 0.600366 0.053741
v 0.111639 0.602319 0.048794
v 0.116434 0.604063 0.043779
v 0.119755 0.605559 0.038680
v 0.121659 0.606815 0.033501
v 0.122469 0.607886 0.028261
f 2373 2374 2375
f 2373 2375 2374
f 2373 2375 2376
f 2373 2376 2375
f 2373 2376 2377
f 2373 2377 2376
f 2373 2377 2378
f 2373 2378 2377
f 2373 2378 2379
f 2373 2379 2378
f 2373 2379 2380
f 2373 2380 2379
f 2373 2380 2381
f 2373 2381 2380
f 2373 2381 2382
f 2373 2382 2381
f 2373 2382 2383
f 2373 2383 2382
f 2373 2383 2384
f 2373 2384 2383
f 2373 2384 2385
f 2373 2385 2384
f 2373 2385 2386
f 2373 2386 2385
f 2373 2386 2387
f 2373 2387 2386
f 2373 2387 2388
f 2373 2388 2387
f 2373 2388 2389
f 2373 2389 2388
f 2373 2389 2390
f 2373 2390 2389
f 2373 2390 2391
f 2373 2391 2390
f 2373 2391 2392
f 2373 2392 2391
f 2373 2392 2393
f 2373 2393 2392
f 2373 2393 2394
f 2373 2394 2393
f 2373 2394 2395
f 2373 2395 2394
f 2373 2395 2396
f 2373 2396 2395
f 2373 2396 2397
f 2373 2397 2396
f 2373 2397 2398
f 2373 2398 2397
f 2373 2398 2399
f 2373 2399 2398
f 2373 2399 2400
f 2373 2400 2399
f 2373 2400 2401
f 2373 2401 2400
f 2373 2401 2402
f 2373 2402 2401
f 2373 2402 2403
f 2373 2403 2402
f 2373 2403 2404
f 2373 2404 2403
f 2373 2404 2405
f 2373 2405 2404
f 2373 2405 2406
f 2373 2406 2405
f 2373 2406 2407
f 2373 2407 2406
f 2373 2407 2408
f 2373 2408 2407
f 2373 2408 2409
f 2373 2409 2408
f 2373 2409 2410
f 2373 2410 2409
f 2373 2410 2411
f 2373 2411 2410
f 2373 2411 2412
f 2373 2412 2411
f 2373 2412 2413
f 2373 2413 2412
f 2373 2413 2414
f 2373 2414 2413
f 2373 2414 2415
f 2373 2415 2414
f 2373 2415 2416
f 2373 2416 2415
f 2373 2416 2417
f 2373 2417 2416
f 2373 2417 2418
f 2373 2418 2417
o part_65
v 0.122699 0.608860 0.022988
v 0.121144 0.605520 0.020022
v 0.118227 0.602122 0.017430
v 0.114203 0.598677 0.015144
v 0.109343 0.595197 0.013087
v 0.103958 0.591693 0.011176
v 0.098383 0.588182 0.009316
v 0.092958 0.584677 0.007415
v 0.088012 0.581193 0.005383
v 0.083834 0.577741 0.003139
v 0.080663 0.574333 0.000618
v 0.078665 0.570974 -0.002227
v 0.077928 0.567669 -0.005418
v 0.078450 0.564418 -0.008956
v 0.080147 0.561217 -0.012817
v 0.082849 0.558059 -0.016956
v 0.086321 0.554934 -0.021306
v 0.090271 0.551830 -0.025787
v 0.094371 0.548731 -0.030310
v 0.098281 0.545625 -0.034781
v 0.101666 0.542496 -0.039107
v 0.104215 0.539331 -0.043203
v 0.105657 0.536120 -0.046994
v 0.105738 0.532850 -0.050410
v 0.107293 0.536190 -0.047444
v 0.110210 0.539587 -0.044853
v 0.114234 0.543032 -0.042566
v 0.119093 0.546513 -0.040510
v 0.124478 0.550016 -0.038598
v 0.130054 0.553527 -0.036739
v 0.135478 0.557032 -0.034838
v 0.140425 0.560517 -0.032805
v 0.144603 0.563968 -0.030561
v 0.147774 0.567377 -0.028040
v 0.149772 0.570735 -0.025196
v 0.150509 0.574040 -0.022005
v 0.149987 0.577291 -0.018466
v 0.148290 0.580492 -0.014605
v 0.145587 0.583650 -0.010467
v 0.142116 0.586775 -0.006117
v 0.138166 0.589880 -0.001636
v 0.134065 0.592978 0.002888
v 0.130155 0.596085 0.007358
v 0.126771 0.599214 0.011684
v 0.124222 0.602378 0.015780
v 0.122780 0.605590 0.019571
f 2419 2420 2421
f 2419 2421 2420
f 2419 2421 2422
f 2419 2422 2421
f 2419 2422 2423
f 2419 2423 2422
f 2419 2423 2424
f 2419 2424 2423
f 2419 2424 2425
f 2419 2425 2424
f 2419 2425 2426
f 2419 2426 2425
f 2419 2426 2427
f 2419 2427 2426
f 2419 2427 2428
f 2419 2428 2427
f 2419 2428 2429
f 2419 2429 2428
f 2419 2429 2430
f 2419 2430 2429
f 2419 2430 2431
f 2419 2431 2430
f 2419 2431 2432
f 2419 2432 2431
f 2419 2432 2433
f 2419 2433 2432
f 2419 2433 2434
f 2419 2434 2433
f 2419 2434 2435
f 2419 2435 2434
f 2419 2435 2436
f 2419 2436 2435
f 2419 2436 2437
f 2419 2437 2436
f 2419 2437 2438
f 2419 2438 2437
f 2419 2438 2439
f 2419 2439 2438
f 2419 2439 2440
f 2419 2440 2439
f 2419 2440 2441
f 2419 2441 2440
f 2419 2441 2442
f 2419 2442 2441
f 2419 2442 2443
f 2419 2443 2442
f 2419 2443 2444
f 2419 2444 2443
f 2419 2444 2445
f 2419 2445 2444
f 2419 2445 2446
f 2419 2446 2445
f 2419 2446 2447
f 2419 2447 2446
f 2419 2447 2448
f 2419 2448 2447
f 2419 2448 2449
f 2419 2449 2448
f 2419 2449 2450
f 2419 2450 2449
f 2419 2450 2451
f 2419 2451 2450
f 2419 2451 2452
f 2419 2452 2451
f 2419 2452 2453
f 2419 2453 2452
f 2419 2453 2454
f 2419 2454 2453
f 2419 2454 2455
f 2419 2455 2454
f 2419 2455 2456
f 2419 2456 2455
f 2419 2456 2457
f 2419 2457 2456
f 2419 2457 2458
f 2419 2458 2457
f 2419 2458 2459
f 2419 2459 2458
f 2419 2459 2460
f 2419 2460 2459
f 2419 2460 2461
f 2419 2461 2460
f 2419 2461 2462
f 2419 2462 2461
f 2419 2462 2463
f 2419 2463 2462
f 2419 2463 2464
f 2419 2464 2463
o part_66
v 0.138893 0.547390 0.040204
v 0.134427 0.550263 0.037797
v 0.128943 0.552038 0.038668
v 0.124536 0.552038 0.042484
v 0.122888 0.550263 0.047787
v 0.124630 0.547390 0.052552
v 0.129096 0.544517 0.054958
v 0.134580 0.542742 0.054087
v 0.138988 0.542742 0.050271
v 0.140635 0.544517 0.044968
v 0.161712 0.610697 0.071174
v 0.158675 0.612650 0.069538
v 0.154946 0.613857 0.070130
v 0.151948 0.613857 0.072725
v 0.150828 0.612650 0.076331
v 0.152012 0.610697 0.079571
v 0.155049 0.608743 0.081207
v 0.158778 0.607536 0.080615
v 0.161776 0.607536 0.078020
v 0.162896 0.608743 0.074414
f 2465 2466 2476
f 2465 2476 2475
f 2466 2467 2477
f 2466 2477 2476
f 2467 2468 2478
f 2467 2478 2477
f 2468 2469 2479
f 2468 2479 2478
f 2469 2470 2480
f 2469 2480 2479
f 2470 2471 2481
f 2470 2481 2480
f 2471 2472 2482
f 2471 2482 2481
f 2472 2473 2483
f 2472 2483 2482
f 2473 2474 2484
f 2473 2484 2483
f 2474 2465 2475
f 2474 2475 2484
o part_67
v 0.156862 0.610697 0.075373
v 0.157858 0.610255 0.071880
v 0.158058 0.610351 0.067902
v 0.157590 0.610897 0.063517
v 0.156609 0.611791 0.058820
v 0.155298 0.612908 0.053921
v 0.153856 0.614112 0.048944
v 0.152493 0.615264 0.044014
v 0.151409 0.616227 0.039254
v 0.150783 0.616881 0.034773
v 0.150763 0.617125 0.030661
v 0.151452 0.616891 0.026981
v 0.152904 0.616141 0.023766
v 0.155119 0.614876 0.021015
v 0.158043 0.613131 0.018697
v 0.161572 0.610978 0.016747
v 0.165561 0.608515 0.015077
v 0.169828 0.605864 0.013576
v 0.174173 0.603160 0.012123
v 0.178389 0.600543 0.010591
v 0.182273 0.598150 0.008858
v 0.185645 0.596103 0.006812
v 0.188349 0.594507 0.004360
v 0.190257 0.593450 0.001422
v 0.189260 0.593892 0.004915
v 0.189061 0.593796 0.008893
v 0.189529 0.593249 0.013277
v 0.190510 0.592356 0.017975
v 0.191821 0.591239 0.022873
v 0.193263 0.590034 0.027851
v 0.194626 0.588882 0.032781
v 0.195710 0.587919 0.037541
v 0.196336 0.587266 0.042022
v 0.196356 0.587021 0.046134
v 0.195667 0.587255 0.049814
v 0.194215 0.588005 0.053029
v 0.192000 0.589271 0.055779
v 0.189076 0.591015 0.058098
v 0.185546 0.593168 0.060048
v 0.181558 0.595631 0.061718
v 0.177291 0.598283 0.063219
v 0.172946 0.600987 0.064671
v 0.168730 0.603603 0.066203
v 0.164846 0.605997 0.067937
v 0.161474 0.608043 0.069983
v 0.158770 0.609639 0.072435
f 2485 2486 2487
f 2485 2487 2486
f 2485 2487 2488
f 2485 2488 2487
f 2485 2488 2489
f 2485 2489 2488
f 2485 2489 2490
f 2485 2490 2489
f 2485 2490 2491
f 2485 2491 2490
f 2485 2491 2492
f 2485 2492 2491
f 2485 2492 2493
f 2485 2493 2492
f 2485 2493 2494
f 2485 2494 2493
f 2485 2494 2495
f 2485 2495 2494
f 2485 2495 2496
f 2485 2496 2495
f 2485 2496 2497
f 2485 2497 2496
f 2485 2497 2498
f 2485 2498 2497
f 2485 2498 2499
f 2485 2499 2498
f 2485 2499 2500
f 2485 2500 2499
f 2485 2500 2501
f 2485 2501 2500
f 2485 2501 2502
f 2485 2502 2501
f 2485 2502 2503
f 2485 2503 2502
f 2485 2503 2504
f 2485 2504 2503
f 2485 2504 2505
f 2485 2505 2504
f 2485 2505 2506
f 2485 2506 2505
f 2485 2506 2507
f 2485 2507 2506
f 2485 2507 2508
f 2485 2508 2507
f 2485 2508 2509
f 2485 2509 2508
f 2485 2509 2510
f 2485 2510 2509
f 2485 2510 2511
f 2485 2511 2510
f 2485 2511 2512
f 2485 2512 2511
f 2485 2512 2513
f 2485 2513 2512
f 2485 2513 2514
f 2485 2514 2513
f 2485 2514 2515
f 2485 2515 2514
f 2485 2515 2516
f 2485 2516 2515
f 2485 2516 2517
f 2485 2517 2516
f 2485 2517 2518
f 2485 2518 2517
f 2485 2518 2519
f 2485 2519 2518
f 2485 2519 2520
f 2485 2520 2519
f 2485 2520 2521
f 2485 2521 2520
f 2485 2521 2522
f 2485 2522 2521
f 2485 2522 2523
f 2485 2523 2522
f 2485 2523 2524
f 2485 2524 2523
f 2485 2524 2525
f 2485 2525 2524
f 2485 2525 2526
f 2485 2526 2525
f 2485 2526 2527
f 2485 2527 2526
f 2485 2527 2528
f 2485 2528 2527
f 2485 2528 2529
f 2485 2529 2528
f 2485 2529 2530
f 2485 2530 2529
o part_68
v 0.156862 0.610697 0.075373
v 0.153135 0.610244 0.076943
v 0.149708 0.609290 0.079348
v 0.146593 0.607815 0.082620
v 0.143752 0.605880 0.086658
v 0.141118 0.603602 0.091268
v 0.138597 0.601133 0.096195
v 0.136084 0.598652 0.101143
v 0.133469 0.596341 0.105808
v 0.130650 0.594371 0.109905
v 0.127540 0.592886 0.113193
v 0.124077 0.591992 0.115499
v 0.120229 0.591741 0.116732
v 0.115995 0.592136 0.116891
v 0.111408 0.593120 0.116069
v 0.106530 0.594589 0.114437
v 0.101449 0.596400 0.112238
v 0.096265 0.598381 0.109755
v 0.091089 0.600349 0.107294
v 0.086027 0.602127 0.105149
v 0.081171 0.603561 0.103576
v 0.076590 0.604536 0.102770
v 0.072320 0.604990 0.102830
v 0.068350 0.604942 0.103725
v 0.072077 0.605395 0.102155
v 0.075504 0.606349 0.099750
v 0.078620 0.607824 0.096477
v 0.081460 0.609759 0.092440
v 0.084095 0.612037 0.087829
v 0.086615 0.614506 0.082903
v 0.089129 0.616987 0.077955
v 0.091743 0.619298 0.073290
v 0.094563 0.621268 0.069193
v 0.097672 0.622753 0.065905
v 0.101135 0.623647 0.063599
v 0.104983 0.623898 0.062366
v 0.109217 0.623503 0.062206
v 0.113804 0.622519 0.063029
v 0.118682 0.621050 0.064661
v 0.123764 0.619239 0.066860
v 0.128947 0.617258 0.069343
v 0.134123 0.615290 0.071804
v 0.139185 0.613512 0.073949
v 0.144041 0.612078 0.075521
v 0.148623 0.611103 0.076328
v 0.152893 0.610649 0.076268
f 2531 2532 2533
f 2531 2533 2532
f 2531 2533 2534
f 2531 2534 2533
f 2531 2534 2535
f 2531 2535 2534
f 2531 2535 2536
f 2531 2536 2535
f 2531 2536 2537
f 2531 2537 2536
f 2531 2537 2538
f 2531 2538 2537
f 2531 2538 2539
f 2531 2539 2538
f 2531 2539 2540
f 2531 2540 2539
f 2531 2540 2541
f 2531 2541 2540
f 2531 2541 2542
f 2531 2542 2541
f 2531 2542 2543
f 2531 2543 2542
f 2531 2543 2544
f 2531 2544 2543
f 2531 2544 2545
f 2531 2545 2544
f 2531 2545 2546
f 2531 2546 2545
f 2531 2546 2547
f 2531 2547 2546
f 2531 2547 2548
f 2531 2548 2547
f 2531 2548 2549
f 2531 2549 2548
f 2531 2549 2550
f 2531 2550 2549
f 2531 2550 2551
f 2531 2551 2550
f 2531 2551 2552
f 2531 2552 2551
f 2531 2552 2553
f 2531 2553 2552
f 2531 2553 2554
f 2531 2554 2553
f 2531 2554 2555
f 2531 2555 2554
f 2531 2555 2556
f 2531 2556 2555
f 2531 2556 2557
f 2531 2557 2556
f 2531 2557 2558
f 2531 2558 2557
f 2531 2558 2559
f 2531 2559 2558
f 2531 2559 2560
f 2531 2560 2559
f 2531 2560 2561
f 2531 2561 2560
f 2531 2561 2562
f 2531 2562 2561
f 2531 2562 2563
f 2531 2563 2562
f 2531 2563 2564
f 2531 2564 2563
f 2531 2564 2565
f 2531 2565 2564
f 2531 2565 2566
f 2531 2566 2565
f 2531 2566 2567
f 2531 2567 2566
f 2531 2567 2568
f 2531 2568 2567
f 2531 2568 2569
f 2531 2569 2568
f 2531 2569 2570
f 2531 2570 2569
f 2531 2570 2571
f 2531 2571 2570
f 2531 2571 2572
f 2531 2572 2571
f 2531 2572 2573
f 2531 2573 2572
f 2531 2573 2574
f 2531 2574 2573
f 2531 2574 2575
f 2531 2575 2574
f 2531 2575 2576
f 2531 2576 2575
o part_69
v 0.096333 0.447554 0.097284
v 0.097202 0.451307 0.089625
v 0.093000 0.453626 0.082521
v 0.085332 0.453626 0.078686
v 0.077128 0.451307 0.079584
v 0.071520 0.447554 0.084873
v 0.070651 0.443801 0.092532
v 0.074853 0.441482 0.099636
v 0.082521 0.441482 0.103472
v 0.090726 0.443801 0.102573
v 0.070990 0.539710 0.138029
v 0.071581 0.542262 0.132821
v 0.068723 0.543840 0.127990
v 0.063509 0.543840 0.125382
v 0.057930 0.542262 0.125993
v 0.054117 0.539710 0.129590
v 0.053526 0.537158 0.134798
v 0.056384 0.535581 0.139629
v 0.061598 0.535581 0.142237
v 0.067177 0.537158 0.141626
f 2577 2578 2588
f 2577 2588 2587
f 2578 2579 2589
f 2578 2589 2588
f 2579 2580 2590
f 2579 2590 2589
f 2580 2581 2591
f 2580 2591 2590
f 2581 2582 2592
f 2581 2592 2591
f 2582 2583 2593
f 2582 2593 2592
f 2583 2584 2594
f 2583 2594 2593
f 2584 2585 2595
f 2584 2595 2594
f 2585 2586 2596
f 2585 2596 2595
f 2586 2577 2587
f 2586 2587 2596
o part_70
v 0.062554 0.539710 0.133810
v 0.066708 0.538213 0.134679
v 0.070978 0.536869 0.135274
v 0.075518 0.535884 0.135232
v 0.080459 0.535431 0.134242
v 0.085865 0.535594 0.132156
v 0.091701 0.536327 0.129054
v 0.097832 0.537452 0.125256
v 0.104040 0.538679 0.121276
v 0.110060 0.539657 0.117740
v 0.115632 0.540040 0.115263
v 0.120545 0.539550 0.114339
v 0.124685 0.538034 0.115241
v 0.128052 0.535492 0.117969
v 0.130761 0.532077 0.122249
v 0.133021 0.528067 0.127590
v 0.135093 0.523808 0.133373
v 0.137242 0.519651 0.138975
v 0.139686 0.515885 0.143881
v 0.142560 0.512690 0.147770
v 0.145899 0.510111 0.150564
v 0.149639 0.508064 0.152410
v 0.153649 0.506376 0.153619
v 0.157775 0.504841 0.154554
v 0.153621 0.506339 0.153685
v 0.149351 0.507682 0.153090
v 0.144811 0.508668 0.153132
v 0.139870 0.509121 0.154122
v 0.134464 0.508958 0.156208
v 0.128628 0.508224 0.159309
v 0.122497 0.507099 0.163108
v 0.116289 0.505872 0.167087
v 0.110268 0.504894 0.170624
v 0.104697 0.504512 0.173100
v 0.099784 0.505002 0.174024
v 0.095643 0.506518 0.173122
v 0.092277 0.509060 0.170394
v 0.089568 0.512475 0.166114
v 0.087308 0.516485 0.160774
v 0.085236 0.520744 0.154990
v 0.083087 0.524901 0.149388
v 0.080643 0.528667 0.144483
v 0.077768 0.531862 0.140593
v 0.074430 0.534441 0.137799
v 0.070690 0.536487 0.135953
v 0.066680 0.538176 0.134745
f 2597 2598 2599
f 2597 2599 2598
f 2597 2599 2600
f 2597 2600 2599
f 2597 2600 2601
f 2597 2601 2600
f 2597 2601 2602
f 2597 2602 2601
f 2597 2602 2603
f 2597 2603 2602
f 2597 2603 2604
f 2597 2604 2603
f 2597 2604 2605
f 2597 2605 2604
f 2597 2605 2606
f 2597 2606 2605
f 2597 2606 2607
f 2597 2607 2606
f 2597 2607 2608
f 2597 2608 2607
f 2597 2608 2609
f 2597 2609 2608
f 2597 2609 2610
f 2597 2610 2609
f 2597 2610 2611
f 2597 2611 2610
f 2597 2611 2612
f 2597 2612 2611
f 2597 2612 2613
f 2597 2613 2612
f 2597 2613 2614
f 2597 2614 2613
f 2597 2614 2615
f 2597 2615 2614
f 2597 2615 2616
f 2597 2616 2615
f 2597 2616 2617
f 2597 2617 2616
f 2597 2617 2618
f 2597 2618 2617
f 2597 2618 2619
f 2597 2619 2618
f 2597 2619 2620
f 2597 2620 2619
f 2597 2620 2621
f 2597 2621 2620
f 2597 2621 2622
f 2597 2622 2621
f 2597 2622 2623
f 2597 2623 2622
f 2597 2623 2624
f 2597 2624 2623
f 2597 2624 2625
f 2597 2625 2624
f 2597 2625 2626
f 2597 2626 2625
f 2597 2626 2627
f 2597 2627 2626
f 2597 2627 2628
f 2597 2628 2627
f 2597 2628 2629
f 2597 2629 2628
f 2597 2629 2630
f 2597 2630 2629
f 2597 2630 2631
f 2597 2631 2630
f 2597 2631 2632
f 2597 2632 2631
f 2597 2632 2633
f 2597 2633 2632
f 2597 2633 2634
f 2597 2634 2633
f 2597 2634 2635
f 2597 2635 2634
f 2597 2635 2636
f 2597 2636 2635
f 2597 2636 2637
f 2597 2637 2636
f 2597 2637 2638
f 2597 2638 2637
f 2597 2638 2639
f 2597 2639 2638
f 2597 2639 2640
f 2597 2640 2639
f 2597 2640 2641
f 2597 2641 2640
f 2597 2641 2642
f 2597 2642 2641
o part_71
v 0.062554 0.539710 0.133810
v 0.059087 0.537487 0.131879
v 0.055518 0.535048 0.130363
v 0.051751 0.532191 0.129647
v 0.047722 0.528785 0.129986
v 0.043419 0.524802 0.131434
v 0.038883 0.520328 0.133822
v 0.034207 0.515559 0.136776
v 0.029521 0.510769 0.139771
v 0.024971 0.506266 0.142216
v 0.020696 0.502341 0.143550
v 0.016804 0.499222 0.143339
v 0.013354 0.497032 0.141344
v 0.010345 0.495772 0.137564
v 0.007720 0.495318 0.132238
v 0.005369 0.495443 0.125803
v 0.003155 0.495854 0.118817
v 0.000930 0.496243 0.111872
v -0.001434 0.496338 0.105493
v -0.004032 0.495943 0.100054
v -0.006904 0.494970 0.095724
v -0.010037 0.493448 0.092449
v -0.013369 0.491508 0.089974
v -0.016803 0.489352 0.087914
v -0.013337 0.491576 0.089844
v -0.009768 0.494015 0.091360
v -0.006001 0.496871 0.092076
v -0.001972 0.500277 0.091737
v 0.002331 0.504261 0.090289
v 0.006867 0.508735 0.087901
v 0.011543 0.513504 0.084947
v 0.016229 0.518294 0.081952
v 0.020779 0.522797 0.079507
v 0.025054 0.526722 0.078173
v 0.028946 0.529841 0.078384
v 0.032397 0.532031 0.080380
v 0.035405 0.533291 0.084159
v 0.038031 0.533745 0.089485
v 0.040381 0.533620 0.095921
v 0.042596 0.533209 0.102907
v 0.044820 0.532819 0.109851
v 0.047185 0.532724 0.116230
v 0.049782 0.533120 0.121669
v 0.052654 0.534093 0.125999
v 0.055788 0.535615 0.129274
v 0.059119 0.537555 0.131749
f 2643 2644 2645
f 2643 2645 2644
f 2643 2645 2646
f 2643 2646 2645
f 2643 2646 2647
f 2643 2647 2646
f 2643 2647 2648
f 2643 2648 2647
f 2643 2648 2649
f 2643 2649 2648
f 2643 2649 2650
f 2643 2650 2649
f 2643 2650 2651
f 2643 2651 2650
f 2643 2651 2652
f 2643 2652 2651
f 2643 2652 2653
f 2643 2653 2652
f 2643 2653 2654
f 2643 2654 2653
f 2643 2654 2655
f 2643 2655 2654
f 2643 2655 2656
f 2643 2656 2655
f 2643 2656 2657
f 2643 2657 2656
f 2643 2657 2658
f 2643 2658 2657
f 2643 2658 2659
f 2643 2659 2658
f 2643 2659 2660
f 2643 2660 2659
f 2643 2660 2661
f 2643 2661 2660
f 2643 2661 2662
f 2643 2662 2661
f 2643 2662 2663
f 2643 2663 2662
f 2643 2663 2664
f 2643 2664 2663
f 2643 2664 2665
f 2643 2665 2664
f 2643 2665 2666
f 2643 2666 2665
f 2643 2666 2667
f 2643 2667 2666
f 2643 2667 2668
f 2643 2668 2667
f 2643 2668 2669
f 2643 2669 2668
f 2643 2669 2670
f 2643 2670 2669
f 2643 2670 2671
f 2643 2671 2670
f 2643 2671 2672
f 2643 2672 2671
f 2643 2672 2673
f 2643 2673 2672
f 2643 2673 2674
f 2643 2674 2673
f 2643 2674 2675
f 2643 2675 2674
f 2643 2675 2676
f 2643 2676 2675
f 2643 2676 2677
f 2643 2677 2676
f 2643 2677 2678
f 2643 2678 2677
f 2643 2678 2679
f 2643 2679 2678
f 2643 2679 2680
f 2643 2680 2679
f 2643 2680 2681
f 2643 2681 2680
f 2643 2681 2682
f 2643 2682 2681
f 2643 2682 2683
f 2643 2683 2682
f 2643 2683 2684
f 2643 2684 2683
f 2643 2684 2685
f 2643 2685 2684
f 2643 2685 2686
f 2643 2686 2685
f 2643 2686 2687
f 2643 2687 2686
f 2643 2687 2688
f 2643 2688 2687
o part_72
v 0.071623 0.539710 0.136401
v 0.070640 0.544540 0.133288
v 0.066567 0.547525 0.130374
v 0.060961 0.547525 0.128772
v 0.055964 0.544540 0.129094
v 0.053484 0.539710 0.131218
v 0.054468 0.534881 0.134331
v 0.058540 0.531896 0.137246
v 0.064146 0.531896 0.138847
v 0.069143 0.534881 0.138525
v 0.055463 0.566921 0.181970
v 0.054794 0.570205 0.179853
v 0.052025 0.572235 0.177871
v 0.048213 0.572235 0.176782
v 0.044815 0.570205 0.177001
v 0.043128 0.566921 0.178445
v 0.043797 0.563637 0.180562
v 0.046566 0.561607 0.182544
v 0.050378 0.561607 0.183633
v 0.053776 0.563637 0.183414
f 2689 2690 2700
f 2689 2700 2699
f 2690 2691 2701
f 2690 2701 2700
f 2691 2692 2702
f 2691 2702 2701
f 2692 2693 2703
f 2692 2703 2702
f 2693 2694 2704
f 2693 2704 2703
f 2694 2695 2705
f 2694 2705 2704
f 2695 2696 2706
f 2695 2706 2705
f 2696 2697 2707
f 2696 2707 2706
f 2697 2698 2708
f 2697 2708 2707
f 2698 2689 2699
f 2698 2699 2708
o part_73
v 0.049296 0.566921 0.180207
v 0.052673 0.567565 0.179357
v 0.055896 0.569005 0.177996
v 0.058972 0.571201 0.176150
v 0.061926 0.574028 0.173898
v 0.064793 0.577303 0.171359
v 0.067617 0.580799 0.168678
v 0.070446 0.584268 0.166014
v 0.073328 0.587464 0.163526
v 0.076308 0.590157 0.161360
v 0.079422 0.592158 0.159638
v 0.082697 0.593332 0.158448
v 0.086146 0.593608 0.157834
v 0.089769 0.592985 0.157797
v 0.093554 0.591535 0.158291
v 0.097472 0.589392 0.159229
v 0.101488 0.586748 0.160490
v 0.105557 0.583829 0.161927
v 0.109631 0.580885 0.163380
v 0.113662 0.578161 0.164692
v 0.117607 0.575885 0.165716
v 0.121429 0.574240 0.166335
v 0.125104 0.573352 0.166468
v 0.128624 0.573259 0.166091
v 0.125247 0.572614 0.166942
v 0.122024 0.571175 0.168303
v 0.118947 0.568979 0.170149
v 0.115994 0.566152 0.172401
v 0.113127 0.562877 0.174940
v 0.110303 0.559381 0.177621
v 0.107474 0.555912 0.180285
v 0.104591 0.552716 0.182773
v 0.101612 0.550023 0.184939
v 0.098498 0.548021 0.186661
v 0.095223 0.546848 0.187851
v 0.091774 0.546572 0.188465
v 0.088150 0.547195 0.188502
v 0.084366 0.548645 0.188008
v 0.080448 0.550787 0.187069
v 0.076432 0.553432 0.185809
v 0.072363 0.556350 0.184372
v 0.068289 0.559295 0.182919
v 0.064258 0.562018 0.181607
v 0.060313 0.564295 0.180583
v 0.056491 0.565939 0.179964
v 0.052816 0.566828 0.179830
f 2709 2710 2711
f 2709 2711 2710
f 2709 2711 2712
f 2709 2712 2711
f 2709 2712 2713
f 2709 2713 2712
f 2709 2713 2714
f 2709 2714 2713
f 2709 2714 2715
f 2709 2715 2714
f 2709 2715 2716
f 2709 2716 2715
f 2709 2716 2717
f 2709 2717 2716
f 2709 2717 2718
f 2709 2718 2717
f 2709 2718 2719
f 2709 2719 2718
f 2709 2719 2720
f 2709 2720 2719
f 2709 2720 2721
f 2709 2721 2720
f 2709 2721 2722
f 2709 2722 2721
f 2709 2722 2723
f 2709 2723 2722
f 2709 2723 2724
f 2709 2724 2723
f 2709 2724 2725
f 2709 2725 2724
f 2709 2725 2726
f 2709 2726 2725
f 2709 2726 2727
f 2709 2727 2726
f 2709 2727 2728
f 2709 2728 2727
f 2709 2728 2729
f 2709 2729 2728
f 2709 2729 2730
f 2709 2730 2729
f 2709 2730 2731
f 2709 2731 2730
f 2709 2731 2732
f 2709 2732 2731
f 2709 2732 2733
f 2709 2733 2732
f 2709 2733 2734
f 2709 2734 2733
f 2709 2734 2735
f 2709 2735 2734
f 2709 2735 2736
f 2709 2736 2735
f 2709 2736 2737
f 2709 2737 2736
f 2709 2737 2738
f 2709 2738 2737
f 2709 2738 2739
f 2709 2739 2738
f 2709 2739 2740
f 2709 2740 2739
f 2709 2740 2741
f 2709 2741 2740
f 2709 2741 2742
f 2709 2742 2741
f 2709 2742 2743
f 2709 2743 2742
f 2709 2743 2744
f 2709 2744 2743
f 2709 2744 2745
f 2709 2745 2744
f 2709 2745 2746
f 2709 2746 2745
f 2709 2746 2747
f 2709 2747 2746
f 2709 2747 2748
f 2709 2748 2747
f 2709 2748 2749
f 2709 2749 2748
f 2709 2749 2750
f 2709 2750 2749
f 2709 2750 2751
f 2709 2751 2750
f 2709 2751 2752
f 2709 2752 2751
f 2709 2752 2753
f 2709 2753 2752
f 2709 2753 2754
f 2709 2754 2753
o part_74
v 0.049296 0.566921 0.180207
v 0.047804 0.569918 0.175599
v 0.044853 0.572395 0.170878
v 0.040529 0.574385 0.166050
v 0.035067 0.575970 0.161135
v 0.028807 0.577271 0.156158
v 0.022158 0.578434 0.151151
v 0.015568 0.579618 0.146149
v 0.009482 0.580981 0.141185
v 0.004310 0.582669 0.136292
v 0.000390 0.584802 0.131496
v -0.002033 0.587468 0.126816
v -0.002833 0.590710 0.122261
v -0.002011 0.594529 0.117831
v 0.000307 0.598879 0.113517
v 0.003878 0.603675 0.109299
v 0.008363 0.608796 0.105153
v 0.013352 0.614097 0.101045
v 0.018399 0.619417 0.096942
v 0.023058 0.624600 0.092808
v 0.026919 0.629499 0.088613
v 0.029642 0.633994 0.084330
v 0.030992 0.638001 0.079942
v 0.030882 0.641488 0.075440
v 0.032373 0.638492 0.080048
v 0.035325 0.636014 0.084770
v 0.039649 0.634025 0.089597
v 0.045111 0.632440 0.094512
v 0.051371 0.631139 0.099489
v 0.058020 0.629975 0.104496
v 0.064610 0.628792 0.109498
v 0.070696 0.627428 0.114462
v 0.075868 0.625741 0.119355
v 0.079787 0.623607 0.124151
v 0.082210 0.620942 0.128831
v 0.083011 0.617700 0.133387
v 0.082189 0.613881 0.137816
v 0.079871 0.609530 0.142130
v 0.076300 0.604734 0.146348
v 0.071815 0.599613 0.150495
v 0.066826 0.594313 0.154602
v 0.061779 0.588992 0.158706
v 0.057120 0.583809 0.162839
v 0.053259 0.578910 0.167034
v 0.050536 0.574415 0.171317
v 0.049185 0.570409 0.175706
f 2755 2756 2757
f 2755 2757 2756
f 2755 2757 2758
f 2755 2758 2757
f 2755 2758 2759
f 2755 2759 2758
f 2755 2759 2760
f 2755 2760 2759
f 2755 2760 2761
f 2755 2761 2760
f 2755 2761 2762
f 2755 2762 2761
f 2755 2762 2763
f 2755 2763 2762
f 2755 2763 2764
f 2755 2764 2763
f 2755 2764 2765
f 2755 2765 2764
f 2755 2765 2766
f 2755 2766 2765
f 2755 2766 2767
f 2755 2767 2766
f 2755 2767 2768
f 2755 2768 2767
f 2755 2768 2769
f 2755 2769 2768
f 2755 2769 2770
f 2755 2770 2769
f 2755 2770 2771
f 2755 2771 2770
f 2755 2771 2772
f 2755 2772 2771
f 2755 2772 2773
f 2755 2773 2772
f 2755 2773 2774
f 2755 2774 2773
f 2755 2774 2775
f 2755 2775 2774
f 2755 2775 2776
f 2755 2776 2775
f 2755 2776 2777
f 2755 2777 2776
f 2755 2777 2778
f 2755 2778 2777
f 2755 2778 2779
f 2755 2779 2778
f 2755 2779 2780
f 2755 2780 2779
f 2755 2780 2781
f 2755 2781 2780
f 2755 2781 2782
f 2755 2782 2781
f 2755 2782 2783
f 2755 2783 2782
f 2755 2783 2784
f 2755 2784 2783
f 2755 2784 2785
f 2755 2785 2784
f 2755 2785 2786
f 2755 2786 2785
f 2755 2786 2787
f 2755 2787 2786
f 2755 2787 2788
f 2755 2788 2787
f 2755 2788 2789
f 2755 2789 2788
f 2755 2789 2790
f 2755 2790 2789
f 2755 2790 2791
f 2755 2791 2790
f 2755 2791 2792
f 2755 2792 2791
f 2755 2792 2793
f 2755 2793 2792
f 2755 2793 2794
f 2755 2794 2793
f 2755 2794 2795
f 2755 2795 2794
f 2755 2795 2796
f 2755 2796 2795
f 2755 2796 2797
f 2755 2797 2796
f 2755 2797 2798
f 2755 2798 2797
f 2755 2798 2799
f 2755 2799 2798
f 2755 2799 2800
f 2755 2800 2799
o part_75
v 0.049296 0.566921 0.180207
v 0.046353 0.562103 0.180102
v 0.044282 0.556626 0.180632
v 0.043219 0.550387 0.181897
v 0.043110 0.543427 0.183858
v 0.043762 0.535890 0.186374
v 0.044882 0.528000 0.189231
v 0.046108 0.520030 0.192165
v 0.047051 0.512274 0.194893
v 0.047337 0.505014 0.197142
v 0.046645 0.498494 0.198678
v 0.044741 0.492891 0.199330
v 0.041502 0.488298 0.199008
v 0.036927 0.484714 0.197713
v 0.031141 0.482047 0.195533
v 0.024377 0.480119 0.192640
v 0.016955 0.478689 0.189269
v 0.009251 0.477472 0.185691
v 0.001653 0.476175 0.182190
v -0.005478 0.474525 0.179030
v -0.011847 0.472298 0.176426
v -0.017262 0.469350 0.174517
v -0.021670 0.465640 0.173343
v -0.025205 0.461271 0.172805
v -0.022263 0.466089 0.172910
v -0.020192 0.471566 0.172380
v -0.019129 0.477805 0.171115
v -0.019019 0.484766 0.169155
v -0.019672 0.492302 0.166638
v -0.020792 0.500192 0.163781
v -0.022018 0.508162 0.160847
v -0.022961 0.515919 0.158119
v -0.023246 0.523178 0.155870
v -0.022555 0.529698 0.154334
v -0.020651 0.535301 0.153682
v -0.017412 0.539895 0.154004
v -0.012837 0.543478 0.155300
v -0.007051 0.546146 0.157479
v -0.000286 0.548073 0.160372
v 0.007135 0.549504 0.163744
v 0.014839 0.550721 0.167322
v 0.022437 0.552017 0.170822
v 0.029568 0.553668 0.173982
v 0.035937 0.555894 0.176587
v 0.041352 0.558842 0.178495
v 0.045760 0.562552 0.179669
f 2801 2802 2803
f 2801 2803 2802
f 2801 2803 2804
f 2801 2804 2803
f 2801 2804 2805
f 2801 2805 2804
f 2801 2805 2806
f 2801 2806 2805
f 2801 2806 2807
f 2801 2807 2806
f 2801 2807 2808
f 2801 2808 2807
f 2801 2808 2809
f 2801 2809 2808
f 2801 2809 2810
f 2801 2810 2809
f 2801 2810 2811
f 2801 2811 2810
f 2801 2811 2812
f 2801 2812 2811
f 2801 2812 2813
f 2801 2813 2812
f 2801 2813 2814
f 2801 2814 2813
f 2801 2814 2815
f 2801 2815 2814
f 2801 2815 2816
f 2801 2816 2815
f 2801 2816 2817
f 2801 2817 2816
f 2801 2817 2818
f 2801 2818 2817
f 2801 2818 2819
f 2801 2819 2818
f 2801 2819 2820
f 2801 2820 2819
f 2801 2820 2821
f 2801 2821 2820
f 2801 2821 2822
f 2801 2822 2821
f 2801 2822 2823
f 2801 2823 2822
f 2801 2823 2824
f 2801 2824 2823
f 2801 2824 2825
f 2801 2825 2824
f 2801 2825 2826
f 2801 2826 2825
f 2801 2826 2827
f 2801 2827 2826
f 2801 2827 2828
f 2801 2828 2827
f 2801 2828 2829
f 2801 2829 2828
f 2801 2829 2830
f 2801 2830 2829
f 2801 2830 2831
f 2801 2831 2830
f 2801 2831 2832
f 2801 2832 2831
f 2801 2832 2833
f 2801 2833 2832
f 2801 2833 2834
f 2801 2834 2833
f 2801 2834 2835
f 2801 2835 2834
f 2801 2835 2836
f 2801 2836 2835
f 2801 2836 2837
f 2801 2837 2836
f 2801 2837 2838
f 2801 2838 2837
f 2801 2838 2839
f 2801 2839 2838
f 2801 2839 2840
f 2801 2840 2839
f 2801 2840 2841
f 2801 2841 2840
f 2801 2841 2842
f 2801 2842 2841
f 2801 2842 2843
f 2801 2843 2842
f 2801 2843 2844
f 2801 2844 2843
f 2801 2844 2845
f 2801 2845 2844
f 2801 2845 2846
f 2801 2846 2845
o part_76
v 0.066086 0.539710 0.125063
v 0.060859 0.542288 0.124895
v 0.056280 0.543880 0.128132
v 0.054097 0.543880 0.133538
v 0.055144 0.542288 0.139048
v 0.059021 0.539710 0.142556
v 0.064248 0.537133 0.142724
v 0.068827 0.535540 0.139487
v 0.071010 0.535540 0.134081
v 0.069963 0.537133 0.128572
v 0.094059 0.599499 0.139615
v 0.090505 0.601251 0.139501
v 0.087391 0.602334 0.141702
v 0.085906 0.602334 0.145378
v 0.086618 0.601251 0.149124
v 0.089255 0.599499 0.151510
v 0.092809 0.597746 0.151624
v 0.095923 0.596663 0.149423
v 0.097407 0.596663 0.145747
v 0.096695 0.597746 0.142001
f 2847 2848 2858
f 2847 2858 2857
f 2848 2849 2859
f 2848 2859 2858
f 2849 2850 2860
f 2849 2860 2859
f 2850 2851 2861
f 2850 2861 2860
f 2851 2852 2862
f 2851 2862 2861
f 2852 2853 2863
f 2852 2863 2862
f 2853 2854 2864
f 2853 2864 2863
f 2854 2855 2865
f 2854 2865 2864
f 2855 2856 2866
f 2855 2866 2865
f 2856 2847 2857
f 2856 2857 2866
o part_77
v 0.091657 0.599499 0.145563
v 0.092984 0.597971 0.140772
v 0.093760 0.596767 0.135706
v 0.093610 0.596103 0.130178
v 0.092350 0.596090 0.124096
v 0.090004 0.596711 0.117471
v 0.086803 0.597833 0.110421
v 0.083152 0.599217 0.103145
v 0.079569 0.600562 0.095903
v 0.076609 0.601542 0.088973
v 0.074785 0.601859 0.082609
v 0.074484 0.601284 0.077005
v 0.075919 0.599694 0.072268
v 0.079089 0.597089 0.068397
v 0.083783 0.593593 0.065287
v 0.089611 0.589433 0.062743
v 0.096064 0.584908 0.060511
v 0.102584 0.580343 0.058312
v 0.108654 0.576042 0.055889
v 0.113869 0.572241 0.053039
v 0.117999 0.569075 0.049647
v 0.121018 0.566558 0.045701
v 0.123111 0.564583 0.041293
v 0.124653 0.562930 0.036609
v 0.123326 0.564457 0.041400
v 0.122550 0.565662 0.046466
v 0.122700 0.566325 0.051994
v 0.123960 0.566339 0.058076
v 0.126306 0.565717 0.064700
v 0.129507 0.564596 0.071751
v 0.133158 0.563212 0.079027
v 0.136741 0.561867 0.086269
v 0.139700 0.560887 0.093199
v 0.141525 0.560570 0.099563
v 0.141826 0.561145 0.105166
v 0.140391 0.562735 0.109904
v 0.137221 0.565340 0.113775
v 0.132527 0.568836 0.116885
v 0.126699 0.572996 0.119428
v 0.120246 0.577521 0.121661
v 0.113726 0.582085 0.123859
v 0.107656 0.586386 0.126283
v 0.102441 0.590188 0.129133
v 0.098311 0.593354 0.132524
v 0.095292 0.595871 0.136471
v 0.093199 0.597846 0.140879
f 2867 2868 2869
f 2867 2869 2868
f 2867 2869 2870
f 2867 2870 2869
f 2867 2870 2871
f 2867 2871 2870
f 2867 2871 2872
f 2867 2872 2871
f 2867 2872 2873
f 2867 2873 2872
f 2867 2873 2874
f 2867 2874 2873
f 2867 2874 2875
f 2867 2875 2874
f 2867 2875 2876
f 2867 2876 2875
f 2867 2876 2877
f 2867 2877 2876
f 2867 2877 2878
f 2867 2878 2877
f 2867 2878 2879
f 2867 2879 2878
f 2867 2879 2880
f 2867 2880 2879
f 2867 2880 2881
f 2867 2881 2880
f 2867 2881 2882
f 2867 2882 2881
f 2867 2882 2883
f 2867 2883 2882
f 2867 2883 2884
f 2867 2884 2883
f 2867 2884 2885
f 2867 2885 2884
f 2867 2885 2886
f 2867 2886 2885
f 2867 2886 2887
f 2867 2887 2886
f 2867 2887 2888
f 2867 2888 2887
f 2867 2888 2889
f 2867 2889 2888
f 2867 2889 2890
f 2867 2890 2889
f 2867 2890 2891
f 2867 2891 2890
f 2867 2891 2892
f 2867 2892 2891
f 2867 2892 2893
f 2867 2893 2892
f 2867 2893 2894
f 2867 2894 2893
f 2867 2894 2895
f 2867 2895 2894
f 2867 2895 2896
f 2867 2896 2895
f 2867 2896 2897
f 2867 2897 2896
f 2867 2897 2898
f 2867 2898 2897
f 2867 2898 2899
f 2867 2899 2898
f 2867 2899 2900
f 2867 2900 2899
f 2867 2900 2901
f 2867 2901 2900
f 2867 2901 2902
f 2867 2902 2901
f 2867 2902 2903
f 2867 2903 2902
f 2867 2903 2904
f 2867 2904 2903
f 2867 2904 2905
f 2867 2905 2904
f 2867 2905 2906
f 2867 2906 2905
f 2867 2906 2907
f 2867 2907 2906
f 2867 2907 2908
f 2867 2908 2907
f 2867 2908 2909
f 2867 2909 2908
f 2867 2909 2910
f 2867 2910 2909
f 2867 2910 2911
f 2867 2911 2910
f 2867 2911 2912
f 2867 2912 2911
o part_78
v 0.091657 0.599499 0.145563
v 0.087643 0.599670 0.145320
v 0.083567 0.599751 0.145696
v 0.079394 0.599693 0.147010
v 0.075114 0.599481 0.149383
v 0.070732 0.599124 0.152740
v 0.066276 0.598659 0.156829
v 0.061785 0.598144 0.161260
v 0.057307 0.597649 0.165560
v 0.052894 0.597245 0.169235
v 0.048589 0.596998 0.171841
v 0.044428 0.596957 0.173044
v 0.040429 0.597149 0.172663
v 0.036591 0.597573 0.170699
v 0.032897 0.598203 0.167331
v 0.029313 0.598991 0.162895
v 0.025792 0.599869 0.157834
v 0.022284 0.600768 0.152642
v 0.018742 0.601616 0.147792
v 0.015125 0.602356 0.143674
v 0.011407 0.602952 0.140539
v 0.007581 0.603392 0.138463
v 0.003659 0.603695 0.137327
v -0.000326 0.603907 0.136808
v 0.003687 0.603736 0.137050
v 0.007764 0.603655 0.136675
v 0.011936 0.603712 0.135360
v 0.016217 0.603925 0.132987
v 0.020598 0.604282 0.129630
v 0.025054 0.604747 0.125541
v 0.029546 0.605261 0.121110
v 0.034023 0.605757 0.116811
v 0.038437 0.606161 0.113136
v 0.042742 0.606407 0.110529
v 0.046903 0.606448 0.109327
v 0.050902 0.606257 0.109707
v 0.054739 0.605832 0.111671
v 0.058433 0.605202 0.115039
v 0.062018 0.604415 0.119475
v 0.065539 0.603536 0.124536
v 0.069046 0.602638 0.129728
v 0.072589 0.601790 0.134579
v 0.076206 0.601050 0.138697
v 0.079924 0.600454 0.141831
v 0.083750 0.600013 0.143907
v 0.087672 0.599711 0.145043
f 2913 2914 2915
f 2913 2915 2914
f 2913 2915 2916
f 2913 2916 2915
f 2913 2916 2917
f 2913 2917 2916
f 2913 2917 2918
f 2913 2918 2917
f 2913 2918 2919
f 2913 2919 2918
f 2913 2919 2920
f 2913 2920 2919
f 2913 2920 2921
f 2913 2921 2920
f 2913 2921 2922
f 2913 2922 2921
f 2913 2922 2923
f 2913 2923 2922
f 2913 2923 2924
f 2913 2924 2923
f 2913 2924 2925
f 2913 2925 2924
f 2913 2925 2926
f 2913 2926 2925
f 2913 2926 2927
f 2913 2927 2926
f 2913 2927 2928
f 2913 2928 2927
f 2913 2928 2929
f 2913 2929 2928
f 2913 2929 2930
f 2913 2930 2929
f 2913 2930 2931
f 2913 2931 2930
f 2913 2931 2932
f 2913 2932 2931
f 2913 2932 2933
f 2913 2933 2932
f 2913 2933 2934
f 2913 2934 2933
f 2913 2934 2935
f 2913 2935 2934
f 2913 2935 2936
f 2913 2936 2935
f 2913 2936 2937
f 2913 2937 2936
f 2913 2937 2938
f 2913 2938 2937
f 2913 2938 2939
f 2913 2939 2938
f 2913 2939 2940
f 2913 2940 2939
f 2913 2940 2941
f 2913 2941 2940
f 2913 2941 2942
f 2913 2942 2941
f 2913 2942 2943
f 2913 2943 2942
f 2913 2943 2944
f 2913 2944 2943
f 2913 2944 2945
f 2913 2945 2944
f 2913 2945 2946
f 2913 2946 2945
f 2913 2946 2947
f 2913 2947 2946
f 2913 2947 2948
f 2913 2948 2947
f 2913 2948 2949
f 2913 2949 2948
f 2913 2949 2950
f 2913 2950 2949
f 2913 2950 2951
f 2913 2951 2950
f 2913 2951 2952
f 2913 2952 2951
f 2913 2952 2953
f 2913 2953 2952
f 2913 2953 2954
f 2913 2954 2953
f 2913 2954 2955
f 2913 2955 2954
f 2913 2955 2956
f 2913 2956 2955
f 2913 2956 2957
f 2913 2957 2956
f 2913 2957 2958
f 2913 2958 2957
o part_79
v 0.091657 0.599499 0.145563
v 0.093110 0.595825 0.147083
v 0.095113 0.592019 0.147918
v 0.097787 0.588050 0.147916
v 0.101121 0.583922 0.147094
v 0.104998 0.579662 0.145595
v 0.109224 0.575318 0.143661
v 0.113551 0.570949 0.141601
v 0.117706 0.566623 0.139755
v 0.121422 0.562402 0.138455
v 0.124470 0.558343 0.137989
v 0.126680 0.554486 0.138567
v 0.127961 0.550854 0.140301
v 0.128315 0.547447 0.143191
v 0.127830 0.544242 0.147125
v 0.126677 0.541199 0.151892
v 0.125085 0.538263 0.157206
v 0.123321 0.535367 0.162734
v 0.121658 0.532448 0.168136
v 0.120344 0.529444 0.173103
v 0.119574 0.526308 0.177393
v 0.119462 0.523013 0.180862
v 0.120022 0.519556 0.183495
v 0.121132 0.515965 0.185443
v 0.119679 0.519639 0.183922
v 0.117676 0.523445 0.183087
v 0.115001 0.527414 0.183089
v 0.111668 0.531542 0.183911
v 0.107791 0.535802 0.185410
v 0.103565 0.540146 0.187344
v 0.099238 0.544514 0.189404
v 0.095083 0.548841 0.191250
v 0.091367 0.553062 0.192550
v 0.088319 0.557121 0.193016
v 0.086109 0.560978 0.192438
v 0.084828 0.564610 0.190704
v 0.084474 0.568017 0.187814
v 0.084959 0.571222 0.183880
v 0.086112 0.574264 0.179113
v 0.087704 0.577201 0.173799
v 0.089468 0.580097 0.168271
v 0.091131 0.583016 0.162869
v 0.092445 0.586020 0.157902
v 0.093215 0.589156 0.153612
v 0.093327 0.592451 0.150143
v 0.092767 0.595908 0.147510
f 2959 2960 2961
f 2959 2961 2960
f 2959 2961 2962
f 2959 2962 2961
f 2959 2962 2963
f 2959 2963 2962
f 2959 2963 2964
f 2959 2964 2963
f 2959 2964 2965
f 2959 2965 2964
f 2959 2965 2966
f 2959 2966 2965
f 2959 2966 2967
f 2959 2967 2966
f 2959 2967 2968
f 2959 2968 2967
f 2959 2968 2969
f 2959 2969 2968
f 2959 2969 2970
f 2959 2970 2969
f 2959 2970 2971
f 2959 2971 2970
f 2959 2971 2972
f 2959 2972 2971
f 2959 2972 2973
f 2959 2973 2972
f 2959 2973 2974
f 2959 2974 2973
f 2959 2974 2975
f 2959 2975 2974
f 2959 2975 2976
f 2959 2976 2975
f 2959 2976 2977
f 2959 2977 2976
f 2959 2977 2978
f 2959 2978 2977
f 2959 2978 2979
f 2959 2979 2978
f 2959 2979 2980
f 2959 2980 2979
f 2959 2980 2981
f 2959 2981 2980
f 2959 2981 2982
f 2959 2982 2981
f 2959 2982 2983
f 2959 2983 2982
f 2959 2983 2984
f 2959 2984 2983
f 2959 2984 2985
f 2959 2985 2984
f 2959 2985 2986
f 2959 2986 2985
f 2959 2986 2987
f 2959 2987 2986
f 2959 2987 2988
f 2959 2988 2987
f 2959 2988 2989
f 2959 2989 2988
f 2959 2989 2990
f 2959 2990 2989
f 2959 2990 2991
f 2959 2991 2990
f 2959 2991 2992
f 2959 2992 2991
f 2959 2992 2993
f 2959 2993 2992
f 2959 2993 2994
f 2959 2994 2993
f 2959 2994 2995
f 2959 2995 2994
f 2959 2995 2996
f 2959 2996 2995
f 2959 2996 2997
f 2959 2997 2996
f 2959 2997 2998
f 2959 2998 2997
f 2959 2998 2999
f 2959 2999 2998
f 2959 2999 3000
f 2959 3000 2999
f 2959 3000 3001
f 2959 3001 3000
f 2959 3001 3002
f 2959 3002 3001
f 2959 3002 3003
f 2959 3003 3002
f 2959 3003 3004
f 2959 3004 3003
o part_80
v 0.056693 0.539710 0.141201
v 0.061664 0.542274 0.142844
v 0.066975 0.543859 0.141036
v 0.070597 0.543859 0.136468
v 0.071147 0.542274 0.130884
v 0.068414 0.539710 0.126418
v 0.063443 0.537146 0.124776
v 0.058132 0.535562 0.126583
v 0.054510 0.535562 0.131152
v 0.053960 0.537146 0.136735
v 0.038352 0.589177 0.122806
v 0.041732 0.590920 0.123923
v 0.045344 0.591998 0.122693
v 0.047807 0.591998 0.119587
v 0.048181 0.590920 0.115790
v 0.046323 0.589177 0.112753
v 0.042942 0.587433 0.111636
v 0.039331 0.586356 0.112866
v 0.036868 0.586356 0.115972
v 0.036494 0.587433 0.119769
f 3005 3006 3016
f 3005 3016 3015
f 3006 3007 3017
f 3006 3017 3016
f 3007 3008 3018
f 3007 3018 3017
f 3008 3009 3019
f 3008 3019 3018
f 3009 3010 3020
f 3009 3020 3019
f 3010 3011 3021
f 3010 3021 3020
f 3011 3012 3022
f 3011 3022 3021
f 3012 3013 3023
f 3012 3023 3022
f 3013 3014 3024
f 3013 3024 3023
f 3014 3005 3015
f 3014 3015 3024
o part_81
v 0.042337 0.589177 0.117780
v 0.040958 0.587957 0.121992
v 0.039832 0.586883 0.126333
v 0.039318 0.586158 0.130982
v 0.039736 0.585966 0.136101
v 0.041250 0.586402 0.141773
v 0.043797 0.587429 0.147965
v 0.047069 0.588869 0.154521
v 0.050548 0.590429 0.161183
v 0.053603 0.591746 0.167631
v 0.055602 0.592459 0.173547
v 0.056038 0.592277 0.178675
v 0.054630 0.591041 0.182873
v 0.051376 0.588750 0.186141
v 0.046560 0.585564 0.188622
v 0.040688 0.581775 0.190571
v 0.034391 0.577742 0.192306
v 0.028302 0.573829 0.194146
v 0.022938 0.570330 0.196350
v 0.018606 0.567422 0.199075
v 0.015371 0.565141 0.202353
v 0.013068 0.563392 0.206101
v 0.011376 0.561994 0.210156
v 0.009939 0.560741 0.214340
v 0.011318 0.561961 0.210127
v 0.012444 0.563036 0.205786
v 0.012958 0.563760 0.201137
v 0.012540 0.563952 0.196018
v 0.011026 0.563516 0.190347
v 0.008479 0.562490 0.184155
v 0.005207 0.561049 0.177598
v 0.001728 0.559490 0.170936
v -0.001327 0.558173 0.164489
v -0.003326 0.557460 0.158573
v -0.003762 0.557641 0.153445
v -0.002354 0.558877 0.149247
v 0.000900 0.561169 0.145978
v 0.005716 0.564354 0.143497
v 0.011588 0.568144 0.141548
v 0.017885 0.572176 0.139814
v 0.023974 0.576089 0.137974
v 0.029338 0.579588 0.135769
v 0.033670 0.582497 0.133044
v 0.036905 0.584778 0.129766
v 0.039208 0.586526 0.126019
v 0.040900 0.587924 0.121963
f 3025 3026 3027
f 3025 3027 3026
f 3025 3027 3028
f 3025 3028 3027
f 3025 3028 3029
f 3025 3029 3028
f 3025 3029 3030
f 3025 3030 3029
f 3025 3030 3031
f 3025 3031 3030
f 3025 3031 3032
f 3025 3032 3031
f 3025 3032 3033
f 3025 3033 3032
f 3025 3033 3034
f 3025 3034 3033
f 3025 3034 3035
f 3025 3035 3034
f 3025 3035 3036
f 3025 3036 3035
f 3025 3036 3037
f 3025 3037 3036
f 3025 3037 3038
f 3025 3038 3037
f 3025 3038 3039
f 3025 3039 3038
f 3025 3039 3040
f 3025 3040 3039
f 3025 3040 3041
f 3025 3041 3040
f 3025 3041 3042
f 3025 3042 3041
f 3025 3042 3043
f 3025 3043 3042
f 3025 3043 3044
f 3025 3044 3043
f 3025 3044 3045
f 3025 3045 3044
f 3025 3045 3046
f 3025 3046 3045
f 3025 3046 3047
f 3025 3047 3046
f 3025 3047 3048
f 3025 3048 3047
f 3025 3048 3049
f 3025 3049 3048
f 3025 3049 3050
f 3025 3050 3049
f 3025 3050 3051
f 3025 3051 3050
f 3025 3051 3052
f 3025 3052 3051
f 3025 3052 3053
f 3025 3053 3052
f 3025 3053 3054
f 3025 3054 3053
f 3025 3054 3055
f 3025 3055 3054
f 3025 3055 3056
f 3025 3056 3055
f 3025 3056 3057
f 3025 3057 3056
f 3025 3057 3058
f 3025 3058 3057
f 3025 3058 3059
f 3025 3059 3058
f 3025 3059 3060
f 3025 3060 3059
f 3025 3060 3061
f 3025 3061 3060
f 3025 3061 3062
f 3025 3062 3061
f 3025 3062 3063
f 3025 3063 3062
f 3025 3063 3064
f 3025 3064 3063
f 3025 3064 3065
f 3025 3065 3064
f 3025 3065 3066
f 3025 3066 3065
f 3025 3066 3067
f 3025 3067 3066
f 3025 3067 3068
f 3025 3068 3067
f 3025 3068 3069
f 3025 3069 3068
f 3025 3069 3070
f 3025 3070 3069
o part_82
v 0.042337 0.589177 0.117780
v 0.043569 0.587481 0.114563
v 0.044030 0.585411 0.111165
v 0.043614 0.582917 0.107561
v 0.042378 0.580024 0.103763
v 0.040493 0.576816 0.099813
v 0.038215 0.573419 0.095770
v 0.035857 0.569982 0.091709
v 0.033751 0.566667 0.087706
v 0.032216 0.563630 0.083839
v 0.031526 0.561002 0.080170
v 0.031879 0.558880 0.076746
v 0.033380 0.557315 0.073593
v 0.036030 0.556306 0.070710
v 0.039722 0.555804 0.068073
v 0.044259 0.555711 0.065635
v 0.049368 0.555895 0.063331
v 0.054729 0.556202 0.061086
v 0.060009 0.556469 0.058822
v 0.064897 0.556547 0.056466
v 0.069135 0.556309 0.053958
v 0.072554 0.555674 0.051256
v 0.075095 0.554613 0.048347
v 0.076866 0.553178 0.045258
v 0.075634 0.554874 0.048474
v 0.075173 0.556944 0.051872
v 0.075589 0.559439 0.055477
v 0.076825 0.562331 0.059274
v 0.078710 0.565539 0.063224
v 0.080988 0.568937 0.067267
v 0.083346 0.572374 0.071329
v 0.085453 0.575688 0.075331
v 0.086987 0.578726 0.079198
v 0.087677 0.581353 0.082867
v 0.087324 0.583475 0.086291
v 0.085823 0.585041 0.089444
v 0.083173 0.586049 0.092327
v 0.079481 0.586551 0.094964
v 0.074944 0.586644 0.097403
v 0.069835 0.586460 0.099707
v 0.064474 0.586153 0.101951
v 0.059194 0.585886 0.104215
v 0.054306 0.585809 0.106571
v 0.050068 0.586046 0.109080
v 0.046650 0.586682 0.111782
v 0.044108 0.587742 0.114690
f 3071 3072 3073
f 3071 3073 3072
f 3071 3073 3074
f 3071 3074 3073
f 3071 3074 3075
f 3071 3075 3074
f 3071 3075 3076
f 3071 3076 3075
f 3071 3076 3077
f 3071 3077 3076
f 3071 3077 3078
f 3071 3078 3077
f 3071 3078 3079
f 3071 3079 3078
f 3071 3079 3080
f 3071 3080 3079
f 3071 3080 3081
f 3071 3081 3080
f 3071 3081 3082
f 3071 3082 3081
f 3071 3082 3083
f 3071 3083 3082
f 3071 3083 3084
f 3071 3084 3083
f 3071 3084 3085
f 3071 3085 3084
f 3071 3085 3086
f 3071 3086 3085
f 3071 3086 3087
f 3071 3087 3086
f 3071 3087 3088
f 3071 3088 3087
f 3071 3088 3089
f 3071 3089 3088
f 3071 3089 3090
f 3071 3090 3089
f 3071 3090 3091
f 3071 3091 3090
f 3071 3091 3092
f 3071 3092 3091
f 3071 3092 3093
f 3071 3093 3092
f 3071 3093 3094
f 3071 3094 3093
f 3071 3094 3095
f 3071 3095 3094
f 3071 3095 3096
f 3071 3096 3095
f 3071 3096 3097
f 3071 3097 3096
f 3071 3097 3098
f 3071 3098 3097
f 3071 3098 3099
f 3071 3099 3098
f 3071 3099 3100
f 3071 3100 3099
f 3071 3100 3101
f 3071 3101 3100
f 3071 3101 3102
f 3071 3102 3101
f 3071 3102 3103
f 3071 3103 3102
f 3071 3103 3104
f 3071 3104 3103
f 3071 3104 3105
f 3071 3105 3104
f 3071 3105 3106
f 3071 3106 3105
f 3071 3106 3107
f 3071 3107 3106
f 3071 3107 3108
f 3071 3108 3107
f 3071 3108 3109
f 3071 3109 3108
f 3071 3109 3110
f 3071 3110 3109
f 3071 3110 3111
f 3071 3111 3110
f 3071 3111 3112
f 3071 3112 3111
f 3071 3112 3113
f 3071 3113 3112
f 3071 3113 3114
f 3071 3114 3113
f 3071 3114 3115
f 3071 3115 3114
f 3071 3115 3116
f 3071 3116 3115
o part_83
v -0.019690 0.300000 -0.005336
v -0.018518 0.306769 0.005236
v -0.010273 0.310952 0.013808
v 0.001896 0.310952 0.017106
v 0.013340 0.306769 0.013870
v 0.019690 0.300000 0.005336
v 0.018518 0.293231 -0.005236
v 0.010273 0.289048 -0.013808
v -0.001896 0.289048 -0.017106
v -0.013340 0.293231 -0.013870
v 0.011214 0.437545 -0.094416
v 0.012011 0.442147 -0.087227
v 0.017618 0.444992 -0.081398
v 0.025892 0.444992 -0.079155
v 0.033675 0.442147 -0.081356
v 0.037993 0.437545 -0.087159
v 0.037196 0.432942 -0.094348
v 0.031589 0.430097 -0.100177
v 0.023315 0.430097 -0.102420
v 0.015532 0.432942 -0.100219
f 3117 3118 3128
f 3117 3128 3127
f 3118 3119 3129
f 3118 3129 3128
f 3119 3120 3130
f 3119 3130 3129
f 3120 3121 3131
f 3120 3131 3130
f 3121 3122 3132
f 3121 3132 3131
f 3122 3123 3133
f 3122 3133 3132
f 3123 3124 3134
f 3123 3134 3133
f 3124 3125 3135
f 3124 3135 3134
f 3125 3126 3136
f 3125 3136 3135
f 3126 3117 3127
f 3126 3127 3136
o part_84
v 0.010928 0.437545 -0.093117
v 0.013001 0.445039 -0.089504
v 0.019505 0.449670 -0.086381
v 0.027956 0.449670 -0.084942
v 0.035127 0.445039 -0.085735
v 0.038279 0.437545 -0.088458
v 0.036206 0.430051 -0.092071
v 0.029702 0.425420 -0.095193
v 0.021251 0.425420 -0.096633
v 0.014080 0.430051 -0.095840
v 0.029259 0.473183 -0.174299
v 0.030668 0.478279 -0.171843
v 0.035091 0.481428 -0.169719
v 0.040838 0.481428 -0.168741
v 0.045715 0.478279 -0.169280
v 0.047857 0.473183 -0.171132
v 0.046448 0.468087 -0.173588
v 0.042026 0.464938 -0.175712
v 0.036279 0.464938 -0.176690
v 0.031402 0.468087 -0.176151
f 3137 3138 3148
f 3137 3148 3147
f 3138 3139 3149
f 3138 3149 3148
f 3139 3140 3150
f 3139 3150 3149
f 3140 3141 3151
f 3140 3151 3150
f 3141 3142 3152
f 3141 3152 3151
f 3142 3143 3153
f 3142 3153 3152
f 3143 3144 3154
f 3143 3154 3153
f 3144 3145 3155
f 3144 3155 3154
f 3145 3146 3156
f 3145 3156 3155
f 3146 3137 3147
f 3146 3147 3156
o part_85
v 0.038558 0.473183 -0.172716
v 0.034190 0.471095 -0.172814
v 0.029624 0.469397 -0.172777
v 0.024655 0.468501 -0.172459
v 0.019134 0.468701 -0.171759
v 0.013014 0.470088 -0.170644
v 0.006374 0.472510 -0.169168
v -0.000596 0.475584 -0.167464
v -0.007611 0.478750 -0.165728
v -0.014347 0.481362 -0.164186
v -0.020492 0.482800 -0.163053
v -0.025802 0.482581 -0.162499
v -0.030142 0.480436 -0.162618
v -0.033513 0.476366 -0.163408
v -0.036048 0.470638 -0.164778
v -0.037992 0.463736 -0.166558
v -0.039658 0.456281 -0.168531
v -0.041369 0.448917 -0.170472
v -0.043409 0.442205 -0.172185
v -0.045970 0.436529 -0.173537
v -0.049130 0.432039 -0.174474
v -0.052841 0.428646 -0.175029
v -0.056956 0.426054 -0.175303
v -0.061268 0.423852 -0.175442
v -0.056899 0.425940 -0.175343
v -0.052333 0.427638 -0.175381
v -0.047364 0.428534 -0.175698
v -0.041843 0.428334 -0.176398
v -0.035724 0.426947 -0.177513
v -0.029083 0.424525 -0.178989
v -0.022114 0.421451 -0.180693
v -0.015098 0.418285 -0.182429
v -0.008362 0.415673 -0.183972
v -0.002217 0.414235 -0.185104
v 0.003093 0.414454 -0.185658
v 0.007433 0.416599 -0.185540
v 0.010804 0.420669 -0.184749
v 0.013339 0.426398 -0.183379
v 0.015283 0.433299 -0.181599
v 0.016949 0.440754 -0.179627
v 0.018660 0.448118 -0.177686
v 0.020700 0.454830 -0.175972
v 0.023261 0.460506 -0.174620
v 0.026421 0.464996 -0.173683
v 0.030132 0.468389 -0.173129
v 0.034247 0.470982 -0.172854
f 3157 3158 3159
f 3157 3159 3158
f 3157 3159 3160
f 3157 3160 3159
f 3157 3160 3161
f 3157 3161 3160
f 3157 3161 3162
f 3157 3162 3161
f 3157 3162 3163
f 3157 3163 3162
f 3157 3163 3164
f 3157 3164 3163
f 3157 3164 3165
f 3157 3165 3164
f 3157 3165 3166
f 3157 3166 3165
f 3157 3166 3167
f 3157 3167 3166
f 3157 3167 3168
f 3157 3168 3167
f 3157 3168 3169
f 3157 3169 3168
f 3157 3169 3170
f 3157 3170 3169
f 3157 3170 3171
f 3157 3171 3170
f 3157 3171 3172
f 3157 3172 3171
f 3157 3172 3173
f 3157 3173 3172
f 3157 3173 3174
f 3157 3174 3173
f 3157 3174 3175
f 3157 3175 3174
f 3157 3175 3176
f 3157 3176 3175
f 3157 3176 3177
f 3157 3177 3176
f 3157 3177 3178
f 3157 3178 3177
f 3157 3178 3179
f 3157 3179 3178
f 3157 3179 3180
f 3157 3180 3179
f 3157 3180 3181
f 3157 3181 3180
f 3157 3181 3182
f 3157 3182 3181
f 3157 3182 3183
f 3157 3183 3182
f 3157 3183 3184
f 3157 3184 3183
f 3157 3184 3185
f 3157 3185 3184
f 3157 3185 3186
f 3157 3186 3185
f 3157 3186 3187
f 3157 3187 3186
f 3157 3187 3188
f 3157 3188 3187
f 3157 3188 3189
f 3157 3189 3188
f 3157 3189 3190
f 3157 3190 3189
f 3157 3190 3191
f 3157 3191 3190
f 3157 3191 3192
f 3157 3192 3191
f 3157 3192 3193
f 3157 3193 3192
f 3157 3193 3194
f 3157 3194 3193
f 3157 3194 3195
f 3157 3195 3194
f 3157 3195 3196
f 3157 3196 3195
f 3157 3196 3197
f 3157 3197 3196
f 3157 3197 3198
f 3157 3198 3197
f 3157 3198 3199
f 3157 3199 3198
f 3157 3199 3200
f 3157 3200 3199
f 3157 3200 3201
f 3157 3201 3200
f 3157 3201 3202
f 3157 3202 3201
o part_86
v 0.038558 0.473183 -0.172716
v 0.041024 0.476686 -0.169327
v 0.044215 0.479778 -0.165995
v 0.048523 0.482234 -0.162749
v 0.054098 0.483969 -0.159600
v 0.060858 0.485029 -0.156543
v 0.068508 0.485585 -0.153555
v 0.076580 0.485900 -0.150599
v 0.084505 0.486299 -0.147631
v 0.091685 0.487120 -0.144606
v 0.097585 0.488671 -0.141483
v 0.101797 0.491182 -0.138229
v 0.104103 0.494776 -0.134829
v 0.104503 0.499454 -0.131282
v 0.103216 0.505092 -0.127604
v 0.100648 0.511458 -0.123828
v 0.097336 0.518247 -0.119995
v 0.093876 0.525121 -0.116150
v 0.090839 0.531754 -0.112338
v 0.088691 0.537882 -0.108594
v 0.087728 0.543335 -0.104942
v 0.088033 0.548068 -0.101387
v 0.089455 0.552165 -0.097918
v 0.091601 0.555850 -0.094506
v 0.089135 0.552347 -0.097894
v 0.085945 0.549256 -0.101226
v 0.081637 0.546799 -0.104472
v 0.076062 0.545064 -0.107621
v 0.069301 0.544004 -0.110678
v 0.061652 0.543448 -0.113667
v 0.053579 0.543133 -0.116623
v 0.045655 0.542734 -0.119590
v 0.038474 0.541913 -0.122615
v 0.032575 0.540362 -0.125738
v 0.028363 0.537851 -0.128992
v 0.026057 0.534257 -0.132392
v 0.025656 0.529579 -0.135940
v 0.026943 0.523942 -0.139617
v 0.029512 0.517575 -0.143393
v 0.032824 0.510786 -0.147226
v 0.036283 0.503912 -0.151071
v 0.039321 0.497279 -0.154883
v 0.041469 0.491151 -0.158627
v 0.042432 0.485698 -0.162280
v 0.042127 0.480965 -0.165834
v 0.040705 0.476868 -0.169303
f 3203 3204 3205
f 3203 3205 3204
f 3203 3205 3206
f 3203 3206 3205
f 3203 3206 3207
f 3203 3207 3206
f 3203 3207 3208
f 3203 3208 3207
f 3203 3208 3209
f 3203 3209 3208
f 3203 3209 3210
f 3203 3210 3209
f 3203 3210 3211
f 3203 3211 3210
f 3203 3211 3212
f 3203 3212 3211
f 3203 3212 3213
f 3203 3213 3212
f 3203 3213 3214
f 3203 3214 3213
f 3203 3214 3215
f 3203 3215 3214
f 3203 3215 3216
f 3203 3216 3215
f 3203 3216 3217
f 3203 3217 3216
f 3203 3217 3218
f 3203 3218 3217
f 3203 3218 3219
f 3203 3219 3218
f 3203 3219 3220
f 3203 3220 3219
f 3203 3220 3221
f 3203 3221 3220
f 3203 3221 3222
f 3203 3222 3221
f 3203 3222 3223
f 3203 3223 3222
f 3203 3223 3224
f 3203 3224 3223
f 3203 3224 3225
f 3203 3225 3224
f 3203 3225 3226
f 3203 3226 3225
f 3203 3226 3227
f 3203 3227 3226
f 3203 3227 3228
f 3203 3228 3227
f 3203 3228 3229
f 3203 3229 3228
f 3203 3229 3230
f 3203 3230 3229
f 3203 3230 3231
f 3203 3231 3230
f 3203 3231 3232
f 3203 3232 3231
f 3203 3232 3233
f 3203 3233 3232
f 3203 3233 3234
f 3203 3234 3233
f 3203 3234 3235
f 3203 3235 3234
f 3203 3235 3236
f 3203 3236 3235
f 3203 3236 3237
f 3203 3237 3236
f 3203 3237 3238
f 3203 3238 3237
f 3203 3238 3239
f 3203 3239 3238
f 3203 3239 3240
f 3203 3240 3239
f 3203 3240 3241
f 3203 3241 3240
f 3203 3241 3242
f 3203 3242 3241
f 3203 3242 3243
f 3203 3243 3242
f 3203 3243 3244
f 3203 3244 3243
f 3203 3244 3245
f 3203 3245 3244
f 3203 3245 3246
f 3203 3246 3245
f 3203 3246 3247
f 3203 3247 3246
f 3203 3247 3248
f 3203 3248 3247
o part_87
v 0.038558 0.473183 -0.172716
v 0.040861 0.470728 -0.172157
v 0.042755 0.467756 -0.171893
v 0.044153 0.464157 -0.171986
v 0.045067 0.459945 -0.172428
v 0.045582 0.455229 -0.173157
v 0.045842 0.450191 -0.174070
v 0.046029 0.445061 -0.175036
v 0.046345 0.440093 -0.175908
v 0.046984 0.435534 -0.176548
v 0.048116 0.431598 -0.176833
v 0.049865 0.428442 -0.176674
v 0.052295 0.426149 -0.176023
v 0.055409 0.424719 -0.174880
v 0.059138 0.424069 -0.173293
v 0.063361 0.424041 -0.171352
v 0.067907 0.424423 -0.169177
v 0.072581 0.424967 -0.166910
v 0.077183 0.425420 -0.164695
v 0.081530 0.425550 -0.162663
v 0.085478 0.425175 -0.160919
v 0.088942 0.424188 -0.159524
v 0.091909 0.422574 -0.158487
v 0.094468 0.420443 -0.157744
v 0.092166 0.422898 -0.158302
v 0.090271 0.425870 -0.158566
v 0.088873 0.429469 -0.158473
v 0.087960 0.433681 -0.158031
v 0.087445 0.438397 -0.157302
v 0.087185 0.443435 -0.156389
v 0.086997 0.448565 -0.155424
v 0.086682 0.453533 -0.154551
v 0.086043 0.458092 -0.153911
v 0.084911 0.462028 -0.153626
v 0.083162 0.465184 -0.153785
v 0.080731 0.467477 -0.154436
v 0.077618 0.468907 -0.155579
v 0.073888 0.469557 -0.157166
v 0.069666 0.469585 -0.159107
v 0.065120 0.469203 -0.161282
v 0.060446 0.468659 -0.163549
v 0.055844 0.468206 -0.165764
v 0.051497 0.468076 -0.167796
v 0.047549 0.468451 -0.169540
v 0.044085 0.469438 -0.170935
v 0.041118 0.471052 -0.171972
f 3249 3250 3251
f 3249 3251 3250
f 3249 3251 3252
f 3249 3252 3251
f 3249 3252 3253
f 3249 3253 3252
f 3249 3253 3254
f 3249 3254 3253
f 3249 3254 3255
f 3249 3255 3254
f 3249 3255 3256
f 3249 3256 3255
f 3249 3256 3257
f 3249 3257 3256
f 3249 3257 3258
f 3249 3258 3257
f 3249 3258 3259
f 3249 3259 3258
f 3249 3259 3260
f 3249 3260 3259
f 3249 3260 3261
f 3249 3261 3260
f 3249 3261 3262
f 3249 3262 3261
f 3249 3262 3263
f 3249 3263 3262
f 3249 3263 3264
f 3249 3264 3263
f 3249 3264 3265
f 3249 3265 3264
f 3249 3265 3266
f 3249 3266 3265
f 3249 3266 3267
f 3249 3267 3266
f 3249 3267 3268
f 3249 3268 3267
f 3249 3268 3269
f 3249 3269 3268
f 3249 3269 3270
f 3249 3270 3269
f 3249 3270 3271
f 3249 3271 3270
f 3249 3271 3272
f 3249 3272 3271
f 3249 3272 3273
f 3249 3273 3272
f 3249 3273 3274
f 3249 3274 3273
f 3249 3274 3275
f 3249 3275 3274
f 3249 3275 3276
f 3249 3276 3275
f 3249 3276 3277
f 3249 3277 3276
f 3249 3277 3278
f 3249 3278 3277
f 3249 3278 3279
f 3249 3279 3278
f 3249 3279 3280
f 3249 3280 3279
f 3249 3280 3281
f 3249 3281 3280
f 3249 3281 3282
f 3249 3282 3281
f 3249 3282 3283
f 3249 3283 3282
f 3249 3283 3284
f 3249 3284 3283
f 3249 3284 3285
f 3249 3285 3284
f 3249 3285 3286
f 3249 3286 3285
f 3249 3286 3287
f 3249 3287 3286
f 3249 3287 3288
f 3249 3288 3287
f 3249 3288 3289
f 3249 3289 3288
f 3249 3289 3290
f 3249 3290 3289
f 3249 3290 3291
f 3249 3291 3290
f 3249 3291 3292
f 3249 3292 3291
f 3249 3292 3293
f 3249 3293 3292
f 3249 3293 3294
f 3249 3294 3293
o part_88
v 0.029245 0.473183 -0.174215
v 0.031053 0.478725 -0.174107
v 0.035727 0.482150 -0.173467
v 0.041483 0.482150 -0.172540
v 0.046121 0.478725 -0.171680
v 0.047871 0.473183 -0.171216
v 0.046064 0.467641 -0.171324
v 0.041390 0.464217 -0.171964
v 0.035634 0.464217 -0.172891
v 0.030995 0.467641 -0.173751
v 0.039860 0.471621 -0.221148
v 0.041089 0.475390 -0.221075
v 0.044268 0.477719 -0.220639
v 0.048182 0.477719 -0.220009
v 0.051336 0.475390 -0.219425
v 0.052526 0.471621 -0.219109
v 0.051297 0.467853 -0.219183
v 0.048119 0.465524 -0.219618
v 0.044205 0.465524 -0.220248
v 0.041050 0.467853 -0.220833
f 3295 3296 3306
f 3295 3306 3305
f 3296 3297 3307
f 3296 3307 3306
f 3297 3298 3308
f 3297 3308 3307
f 3298 3299 3309
f 3298 3309 3308
f 3299 3300 3310
f 3299 3310 3309
f 3300 3301 3311
f 3300 3311 3310
f 3301 3302 3312
f 3301 3312 3311
f 3302 3303 3313
f 3302 3313 3312
f 3303 3304 3314
f 3303 3314 3313
f 3304 3295 3305
f 3304 3305 3314
o part_89
v 0.046193 0.471621 -0.220129
v 0.043025 0.471050 -0.219482
v 0.039792 0.470788 -0.218856
v 0.036428 0.471154 -0.218273
v 0.032885 0.472374 -0.217745
v 0.029151 0.474511 -0.217280
v 0.025249 0.477446 -0.216867
v 0.021244 0.480878 -0.216487
v 0.017225 0.484373 -0.216112
v 0.013298 0.487435 -0.215707
v 0.009560 0.489587 -0.215242
v 0.006090 0.490457 -0.214692
v 0.002932 0.489840 -0.214042
v 0.000084 0.487736 -0.213294
v -0.002496 0.484349 -0.212460
v -0.004885 0.480053 -0.211566
v -0.007184 0.475323 -0.210642
v -0.009496 0.470657 -0.209723
v -0.011911 0.466488 -0.208837
v -0.014494 0.463116 -0.208004
v -0.017269 0.460662 -0.207232
v -0.020222 0.459061 -0.206517
v -0.023306 0.458088 -0.205844
v -0.026455 0.457426 -0.205192
v -0.023287 0.457997 -0.205838
v -0.020054 0.458259 -0.206464
v -0.016690 0.457892 -0.207048
v -0.013147 0.456673 -0.207575
v -0.009412 0.454536 -0.208041
v -0.005511 0.451601 -0.208454
v -0.001506 0.448169 -0.208833
v 0.002513 0.444674 -0.209209
v 0.006441 0.441612 -0.209613
v 0.010178 0.439460 -0.210078
v 0.013648 0.438590 -0.210629
v 0.016807 0.439207 -0.211278
v 0.019654 0.441311 -0.212027
v 0.022234 0.444698 -0.212860
v 0.024623 0.448994 -0.213755
v 0.026922 0.453724 -0.214678
v 0.029234 0.458390 -0.215597
v 0.031650 0.462559 -0.216483
v 0.034232 0.465931 -0.217316
v 0.037007 0.468385 -0.218088
v 0.039960 0.469986 -0.218803
v 0.043044 0.470958 -0.219476
f 3315 3316 3317
f 3315 3317 3316
f 3315 3317 3318
f 3315 3318 3317
f 3315 3318 3319
f 3315 3319 3318
f 3315 3319 3320
f 3315 3320 3319
f 3315 3320 3321
f 3315 3321 3320
f 3315 3321 3322
f 3315 3322 3321
f 3315 3322 3323
f 3315 3323 3322
f 3315 3323 3324
f 3315 3324 3323
f 3315 3324 3325
f 3315 3325 3324
f 3315 3325 3326
f 3315 3326 3325
f 3315 3326 3327
f 3315 3327 3326
f 3315 3327 3328
f 3315 3328 3327
f 3315 3328 3329
f 3315 3329 3328
f 3315 3329 3330
f 3315 3330 3329
f 3315 3330 3331
f 3315 3331 3330
f 3315 3331 3332
f 3315 3332 3331
f 3315 3332 3333
f 3315 3333 3332
f 3315 3333 3334
f 3315 3334 3333
f 3315 3334 3335
f 3315 3335 3334
f 3315 3335 3336
f 3315 3336 3335
f 3315 3336 3337
f 3315 3337 3336
f 3315 3337 3338
f 3315 3338 3337
f 3315 3338 3339
f 3315 3339 3338
f 3315 3339 3340
f 3315 3340 3339
f 3315 3340 3341
f 3315 3341 3340
f 3315 3341 3342
f 3315 3342 3341
f 3315 3342 3343
f 3315 3343 3342
f 3315 3343 3344
f 3315 3344 3343
f 3315 3344 3345
f 3315 3345 3344
f 3315 3345 3346
f 3315 3346 3345
f 3315 3346 3347
f 3315 3347 3346
f 3315 3347 3348
f 3315 3348 3347
f 3315 3348 3349
f 3315 3349 3348
f 3315 3349 3350
f 3315 3350 3349
f 3315 3350 3351
f 3315 3351 3350
f 3315 3351 3352
f 3315 3352 3351
f 3315 3352 3353
f 3315 3353 3352
f 3315 3353 3354
f 3315 3354 3353
f 3315 3354 3355
f 3315 3355 3354
f 3315 3355 3356
f 3315 3356 3355
f 3315 3356 3357
f 3315 3357 3356
f 3315 3357 3358
f 3315 3358 3357
f 3315 3358 3359
f 3315 3359 3358
f 3315 3359 3360
f 3315 3360 3359
o part_90
v 0.046193 0.471621 -0.220129
v 0.049756 0.470212 -0.217023
v 0.053138 0.468284 -0.213930
v 0.056182 0.465385 -0.210859
v 0.058791 0.461235 -0.207817
v 0.060949 0.455792 -0.204805
v 0.062732 0.449272 -0.201818
v 0.064295 0.442121 -0.198845
v 0.065853 0.434953 -0.195873
v 0.067641 0.428448 -0.192886
v 0.069884 0.423250 -0.189868
v 0.072755 0.419854 -0.186809
v 0.076348 0.418530 -0.183702
v 0.080663 0.419280 -0.180546
v 0.085605 0.421832 -0.177349
v 0.091003 0.425690 -0.174122
v 0.096631 0.430212 -0.170879
v 0.102254 0.434716 -0.167637
v 0.107657 0.438590 -0.164409
v 0.112684 0.441386 -0.161207
v 0.117262 0.442890 -0.158034
v 0.121404 0.443142 -0.154890
v 0.125207 0.442424 -0.151769
v 0.128830 0.441187 -0.148659
v 0.125267 0.442596 -0.151765
v 0.121885 0.444524 -0.154858
v 0.118841 0.447424 -0.157929
v 0.116232 0.451573 -0.160971
v 0.114074 0.457016 -0.163983
v 0.112291 0.463536 -0.166970
v 0.110728 0.470687 -0.169942
v 0.109171 0.477855 -0.172915
v 0.107382 0.484360 -0.175902
v 0.105139 0.489558 -0.178920
v 0.102268 0.492955 -0.181979
v 0.098675 0.494278 -0.185086
v 0.094360 0.493528 -0.188242
v 0.089418 0.490976 -0.191439
v 0.084020 0.487118 -0.194666
v 0.078392 0.482596 -0.197909
v 0.072769 0.478092 -0.201151
v 0.067366 0.474218 -0.204379
v 0.062339 0.471422 -0.207581
v 0.057762 0.469919 -0.210754
v 0.053620 0.469666 -0.213898
v 0.049816 0.470384 -0.217019
f 3361 3362 3363
f 3361 3363 3362
f 3361 3363 3364
f 3361 3364 3363
f 3361 3364 3365
f 3361 3365 3364
f 3361 3365 3366
f 3361 3366 3365
f 3361 3366 3367
f 3361 3367 3366
f 3361 3367 3368
f 3361 3368 3367
f 3361 3368 3369
f 3361 3369 3368
f 3361 3369 3370
f 3361 3370 3369
f 3361 3370 3371
f 3361 3371 3370
f 3361 3371 3372
f 3361 3372 3371
f 3361 3372 3373
f 3361 3373 3372
f 3361 3373 3374
f 3361 3374 3373
f 3361 3374 3375
f 3361 3375 3374
f 3361 3375 3376
f 3361 3376 3375
f 3361 3376 3377
f 3361 3377 3376
f 3361 3377 3378
f 3361 3378 3377
f 3361 3378 3379
f 3361 3379 3378
f 3361 3379 3380
f 3361 3380 3379
f 3361 3380 3381
f 3361 3381 3380
f 3361 3381 3382
f 3361 3382 3381
f 3361 3382 3383
f 3361 3383 3382
f 3361 3383 3384
f 3361 3384 3383
f 3361 3384 3385
f 3361 3385 3384
f 3361 3385 3386
f 3361 3386 3385
f 3361 3386 3387
f 3361 3387 3386
f 3361 3387 3388
f 3361 3388 3387
f 3361 3388 3389
f 3361 3389 3388
f 3361 3389 3390
f 3361 3390 3389
f 3361 3390 3391
f 3361 3391 3390
f 3361 3391 3392
f 3361 3392 3391
f 3361 3392 3393
f 3361 3393 3392
f 3361 3393 3394
f 3361 3394 3393
f 3361 3394 3395
f 3361 3395 3394
f 3361 3395 3396
f 3361 3396 3395
f 3361 3396 3397
f 3361 3397 3396
f 3361 3397 3398
f 3361 3398 3397
f 3361 3398 3399
f 3361 3399 3398
f 3361 3399 3400
f 3361 3400 3399
f 3361 3400 3401
f 3361 3401 3400
f 3361 3401 3402
f 3361 3402 3401
f 3361 3402 3403
f 3361 3403 3402
f 3361 3403 3404
f 3361 3404 3403
f 3361 3404 3405
f 3361 3405 3404
f 3361 3405 3406
f 3361 3406 3405
o part_91
v 0.032441 0.473183 -0.165535
v 0.036317 0.477436 -0.164600
v 0.041049 0.480065 -0.166764
v 0.044830 0.480065 -0.171202
v 0.046215 0.477436 -0.176218
v 0.044675 0.473183 -0.179896
v 0.040799 0.468930 -0.180832
v 0.036067 0.466301 -0.178667
v 0.032287 0.466301 -0.174229
v 0.030902 0.468930 -0.169213
v 0.000913 0.509973 -0.196358
v 0.003548 0.512865 -0.195722
v 0.006766 0.514653 -0.197194
v 0.009337 0.514653 -0.200212
v 0.010279 0.512865 -0.203623
v 0.009232 0.509973 -0.206124
v 0.006596 0.507081 -0.206760
v 0.003378 0.505293 -0.205288
v 0.000808 0.505293 -0.202270
v -0.000134 0.507081 -0.198860
f 3407 3408 3418
f 3407 3418 3417
f 3408 3409 3419
f 3408 3419 3418
f 3409 3410 3420
f 3409 3420 3419
f 3410 3411 3421
f 3410 3421 3420
f 3411 3412 3422
f 3411 3422 3421
f 3412 3413 3423
f 3412 3423 3422
f 3413 3414 3424
f 3413 3424 3423
f 3414 3415 3425
f 3414 3425 3424
f 3415 3416 3426
f 3415 3426 3425
f 3416 3407 3417
f 3416 3417 3426
o part_92
v 0.005072 0.509973 -0.201241
v 0.003798 0.508395 -0.196806
v 0.002715 0.507122 -0.192202
v 0.002059 0.506528 -0.187224
v 0.002016 0.506909 -0.181708
v 0.002666 0.508392 -0.175584
v 0.003943 0.510872 -0.168910
v 0.005636 0.514015 -0.161870
v 0.007421 0.517303 -0.154750
v 0.008909 0.520120 -0.147890
v 0.009724 0.521865 -0.141622
v 0.009564 0.522060 -0.136208
v 0.008264 0.520442 -0.131795
v 0.005825 0.517012 -0.128381
v 0.002411 0.512032 -0.125823
v -0.001676 0.505980 -0.123855
v -0.006060 0.499457 -0.122148
v -0.010353 0.493078 -0.120361
v -0.014229 0.487362 -0.118208
v -0.017478 0.482645 -0.115505
v -0.020035 0.479027 -0.112194
v -0.021977 0.476387 -0.108345
v -0.023494 0.474424 -0.104122
v -0.024818 0.472767 -0.099730
v -0.023544 0.474345 -0.104165
v -0.022461 0.475617 -0.108769
v -0.021805 0.476212 -0.113747
v -0.021762 0.475830 -0.119264
v -0.022412 0.474348 -0.125387
v -0.023689 0.471868 -0.132062
v -0.025382 0.468724 -0.139101
v -0.027167 0.465437 -0.146221
v -0.028655 0.462620 -0.153081
v -0.029470 0.460875 -0.159349
v -0.029310 0.460680 -0.164763
v -0.028010 0.462297 -0.169177
v -0.025571 0.465728 -0.172590
v -0.022157 0.470708 -0.175149
v -0.018070 0.476760 -0.177116
v -0.013686 0.483283 -0.178823
v -0.009393 0.489662 -0.180610
v -0.005517 0.495377 -0.182763
v -0.002268 0.500095 -0.185467
v 0.000288 0.503712 -0.188777
v 0.002231 0.506353 -0.192626
v 0.003748 0.508316 -0.196850
f 3427 3428 3429
f 3427 3429 3428
f 3427 3429 3430
f 3427 3430 3429
f 3427 3430 3431
f 3427 3431 3430
f 3427 3431 3432
f 3427 3432 3431
f 3427 3432 3433
f 3427 3433 3432
f 3427 3433 3434
f 3427 3434 3433
f 3427 3434 3435
f 3427 3435 3434
f 3427 3435 3436
f 3427 3436 3435
f 3427 3436 3437
f 3427 3437 3436
f 3427 3437 3438
f 3427 3438 3437
f 3427 3438 3439
f 3427 3439 3438
f 3427 3439 3440
f 3427 3440 3439
f 3427 3440 3441
f 3427 3441 3440
f 3427 3441 3442
f 3427 3442 3441
f 3427 3442 3443
f 3427 3443 3442
f 3427 3443 3444
f 3427 3444 3443
f 3427 3444 3445
f 3427 3445 3444
f 3427 3445 3446
f 3427 3446 3445
f 3427 3446 3447
f 3427 3447 3446
f 3427 3447 3448
f 3427 3448 3447
f 3427 3448 3449
f 3427 3449 3448
f 3427 3449 3450
f 3427 3450 3449
f 3427 3450 3451
f 3427 3451 3450
f 3427 3451 3452
f 3427 3452 3451
f 3427 3452 3453
f 3427 3453 3452
f 3427 3453 3454
f 3427 3454 3453
f 3427 3454 3455
f 3427 3455 3454
f 3427 3455 3456
f 3427 3456 3455
f 3427 3456 3457
f 3427 3457 3456
f 3427 3457 3458
f 3427 3458 3457
f 3427 3458 3459
f 3427 3459 3458
f 3427 3459 3460
f 3427 3460 3459
f 3427 3460 3461
f 3427 3461 3460
f 3427 3461 3462
f 3427 3462 3461
f 3427 3462 3463
f 3427 3463 3462
f 3427 3463 3464
f 3427 3464 3463
f 3427 3464 3465
f 3427 3465 3464
f 3427 3465 3466
f 3427 3466 3465
f 3427 3466 3467
f 3427 3467 3466
f 3427 3467 3468
f 3427 3468 3467
f 3427 3468 3469
f 3427 3469 3468
f 3427 3469 3470
f 3427 3470 3469
f 3427 3470 3471
f 3427 3471 3470
f 3427 3471 3472
f 3427 3472 3471
o part_93
v 0.005072 0.509973 -0.201241
v 0.008065 0.509564 -0.202105
v 0.010952 0.508854 -0.203233
v 0.013659 0.507634 -0.204807
v 0.016148 0.505798 -0.206919
v 0.018424 0.503357 -0.209562
v 0.020531 0.500438 -0.212623
v 0.022548 0.497264 -0.215907
v 0.024576 0.494123 -0.219162
v 0.026726 0.491326 -0.222116
v 0.029099 0.489159 -0.224519
v 0.031771 0.487841 -0.226179
v 0.034784 0.487490 -0.226992
v 0.038139 0.488105 -0.226960
v 0.041793 0.489568 -0.226185
v 0.045669 0.491662 -0.224858
v 0.049667 0.494100 -0.223230
v 0.053677 0.496571 -0.221573
v 0.057597 0.498787 -0.220139
v 0.061348 0.500525 -0.219124
v 0.064885 0.501657 -0.218639
v 0.068205 0.502174 -0.218692
v 0.071345 0.502181 -0.219192
v 0.074378 0.501887 -0.219956
v 0.071385 0.502296 -0.219091
v 0.068499 0.503006 -0.217964
v 0.065792 0.504226 -0.216390
v 0.063303 0.506062 -0.214278
v 0.061027 0.508502 -0.211635
v 0.058920 0.511422 -0.208574
v 0.056903 0.514596 -0.205290
v 0.054875 0.517737 -0.202035
v 0.052724 0.520534 -0.199081
v 0.050352 0.522700 -0.196678
v 0.047680 0.524019 -0.195018
v 0.044667 0.524370 -0.194205
v 0.041312 0.523755 -0.194237
v 0.037658 0.522292 -0.195012
v 0.033781 0.520198 -0.196339
v 0.029783 0.517760 -0.197967
v 0.025774 0.515289 -0.199624
v 0.021854 0.513073 -0.201058
v 0.018103 0.511335 -0.202073
v 0.014566 0.510203 -0.202558
v 0.011246 0.509686 -0.202504
v 0.008106 0.509679 -0.202005
f 3473 3474 3475
f 3473 3475 3474
f 3473 3475 3476
f 3473 3476 3475
f 3473 3476 3477
f 3473 3477 3476
f 3473 3477 3478
f 3473 3478 3477
f 3473 3478 3479
f 3473 3479 3478
f 3473 3479 3480
f 3473 3480 3479
f 3473 3480 3481
f 3473 3481 3480
f 3473 3481 3482
f 3473 3482 3481
f 3473 3482 3483
f 3473 3483 3482
f 3473 3483 3484
f 3473 3484 3483
f 3473 3484 3485
f 3473 3485 3484
f 3473 3485 3486
f 3473 3486 3485
f 3473 3486 3487
f 3473 3487 3486
f 3473 3487 3488
f 3473 3488 3487
f 3473 3488 3489
f 3473 3489 3488
f 3473 3489 3490
f 3473 3490 3489
f 3473 3490 3491
f 3473 3491 3490
f 3473 3491 3492
f 3473 3492 3491
f 3473 3492 3493
f 3473 3493 3492
f 3473 3493 3494
f 3473 3494 3493
f 3473 3494 3495
f 3473 3495 3494
f 3473 3495 3496
f 3473 3496 3495
f 3473 3496 3497
f 3473 3497 3496
f 3473 3497 3498
f 3473 3498 3497
f 3473 3498 3499
f 3473 3499 3498
f 3473 3499 3500
f 3473 3500 3499
f 3473 3500 3501
f 3473 3501 3500
f 3473 3501 3502
f 3473 3502 3501
f 3473 3502 3503
f 3473 3503 3502
f 3473 3503 3504
f 3473 3504 3503
f 3473 3504 3505
f 3473 3505 3504
f 3473 3505 3506
f 3473 3506 3505
f 3473 3506 3507
f 3473 3507 3506
f 3473 3507 3508
f 3473 3508 3507
f 3473 3508 3509
f 3473 3509 3508
f 3473 3509 3510
f 3473 3510 3509
f 3473 3510 3511
f 3473 3511 3510
f 3473 3511 3512
f 3473 3512 3511
f 3473 3512 3513
f 3473 3513 3512
f 3473 3513 3514
f 3473 3514 3513
f 3473 3514 3515
f 3473 3515 3514
f 3473 3515 3516
f 3473 3516 3515
f 3473 3516 3517
f 3473 3517 3516
f 3473 3517 3518
f 3473 3518 3517
o part_94
v 0.035000 0.473183 -0.181452
v 0.032095 0.477153 -0.178323
v 0.031658 0.479606 -0.173052
v 0.033858 0.479606 -0.167653
v 0.037852 0.477153 -0.164188
v 0.042117 0.473183 -0.163979
v 0.045022 0.469213 -0.167108
v 0.045458 0.466760 -0.172379
v 0.043259 0.466760 -0.177778
v 0.039264 0.469213 -0.181243
v 0.074689 0.513770 -0.194358
v 0.072713 0.516470 -0.192231
v 0.072416 0.518138 -0.188647
v 0.073912 0.518138 -0.184975
v 0.076628 0.516470 -0.182619
v 0.079528 0.513770 -0.182477
v 0.081503 0.511071 -0.184605
v 0.081800 0.509403 -0.188189
v 0.080305 0.509403 -0.191860
v 0.077588 0.511071 -0.194217
f 3519 3520 3530
f 3519 3530 3529
f 3520 3521 3531
f 3520 3531 3530
f 3521 3522 3532
f 3521 3532 3531
f 3522 3523 3533
f 3522 3533 3532
f 3523 3524 3534
f 3523 3534 3533
f 3524 3525 3535
f 3524 3535 3534
f 3525 3526 3536
f 3525 3536 3535
f 3526 3527 3537
f 3526 3537 3536
f 3527 3528 3538
f 3527 3538 3537
f 3528 3519 3529
f 3528 3529 3538
o part_95
v 0.077108 0.513770 -0.188418
v 0.074670 0.512133 -0.192635
v 0.071101 0.511536 -0.196942
v 0.066617 0.511780 -0.201321
v 0.061442 0.512658 -0.205754
v 0.055836 0.513934 -0.210222
v 0.050074 0.515353 -0.214701
v 0.044439 0.516655 -0.219171
v 0.039201 0.517592 -0.223609
v 0.034600 0.517943 -0.227997
v 0.030832 0.517528 -0.232319
v 0.028035 0.516221 -0.236565
v 0.026281 0.513956 -0.240729
v 0.025568 0.510732 -0.244811
v 0.025827 0.506616 -0.248816
v 0.026918 0.501734 -0.252756
v 0.028647 0.496266 -0.256645
v 0.030773 0.490433 -0.260503
v 0.033026 0.484484 -0.264351
v 0.035123 0.478677 -0.268212
v 0.036788 0.473268 -0.272106
v 0.037764 0.468493 -0.276055
v 0.037823 0.464560 -0.280076
v 0.036752 0.461666 -0.284186
v 0.039190 0.463303 -0.279968
v 0.042759 0.463901 -0.275661
v 0.047244 0.463656 -0.271282
v 0.052418 0.462778 -0.266849
v 0.058024 0.461502 -0.262382
v 0.063786 0.460083 -0.257902
v 0.069421 0.458782 -0.253433
v 0.074660 0.457844 -0.248995
v 0.079260 0.457493 -0.244607
v 0.083028 0.457908 -0.240284
v 0.085825 0.459215 -0.236038
v 0.087580 0.461481 -0.231874
v 0.088292 0.464704 -0.227793
v 0.088033 0.468820 -0.223787
v 0.086942 0.473702 -0.219848
v 0.085213 0.479170 -0.215958
v 0.083087 0.485003 -0.212100
v 0.080834 0.490952 -0.208252
v 0.078737 0.496759 -0.204392
v 0.077072 0.502168 -0.200497
v 0.076096 0.506944 -0.196549
v 0.076037 0.510877 -0.192528
f 3539 3540 3541
f 3539 3541 3540
f 3539 3541 3542
f 3539 3542 3541
f 3539 3542 3543
f 3539 3543 3542
f 3539 3543 3544
f 3539 3544 3543
f 3539 3544 3545
f 3539 3545 3544
f 3539 3545 3546
f 3539 3546 3545
f 3539 3546 3547
f 3539 3547 3546
f 3539 3547 3548
f 3539 3548 3547
f 3539 3548 3549
f 3539 3549 3548
f 3539 3549 3550
f 3539 3550 3549
f 3539 3550 3551
f 3539 3551 3550
f 3539 3551 3552
f 3539 3552 3551
f 3539 3552 3553
f 3539 3553 3552
f 3539 3553 3554
f 3539 3554 3553
f 3539 3554 3555
f 3539 3555 3554
f 3539 3555 3556
f 3539 3556 3555
f 3539 3556 3557
f 3539 3557 3556
f 3539 3557 3558
f 3539 3558 3557
f 3539 3558 3559
f 3539 3559 3558
f 3539 3559 3560
f 3539 3560 3559
f 3539 3560 3561
f 3539 3561 3560
f 3539 3561 3562
f 3539 3562 3561
f 3539 3562 3563
f 3539 3563 3562
f 3539 3563 3564
f 3539 3564 3563
f 3539 3564 3565
f 3539 3565 3564
f 3539 3565 3566
f 3539 3566 3565
f 3539 3566 3567
f 3539 3567 3566
f 3539 3567 3568
f 3539 3568 3567
f 3539 3568 3569
f 3539 3569 3568
f 3539 3569 3570
f 3539 3570 3569
f 3539 3570 3571
f 3539 3571 3570
f 3539 3571 3572
f 3539 3572 3571
f 3539 3572 3573
f 3539 3573 3572
f 3539 3573 3574
f 3539 3574 3573
f 3539 3574 3575
f 3539 3575 3574
f 3539 3575 3576
f 3539 3576 3575
f 3539 3576 3577
f 3539 3577 3576
f 3539 3577 3578
f 3539 3578 3577
f 3539 3578 3579
f 3539 3579 3578
f 3539 3579 3580
f 3539 3580 3579
f 3539 3580 3581
f 3539 3581 3580
f 3539 3581 3582
f 3539 3582 3581
f 3539 3582 3583
f 3539 3583 3582
f 3539 3583 3584
f 3539 3584 3583
o part_96
v 0.077108 0.513770 -0.188418
v 0.074578 0.513980 -0.183748
v 0.072788 0.513676 -0.178592
v 0.071965 0.512699 -0.172798
v 0.072132 0.511033 -0.166353
v 0.073149 0.508777 -0.159349
v 0.074740 0.506123 -0.151967
v 0.076534 0.503326 -0.144452
v 0.078112 0.500680 -0.137078
v 0.079056 0.498475 -0.130122
v 0.079002 0.496963 -0.123823
v 0.077678 0.496335 -0.118359
v 0.074940 0.496689 -0.113826
v 0.070790 0.498025 -0.110223
v 0.065369 0.500244 -0.107456
v 0.058949 0.503158 -0.105347
v 0.051896 0.506512 -0.103654
v 0.044627 0.510016 -0.102103
v 0.037562 0.513379 -0.100419
v 0.031070 0.516343 -0.098356
v 0.025427 0.518716 -0.095735
v 0.020775 0.520401 -0.092462
v 0.017091 0.521413 -0.088552
v 0.014146 0.521912 -0.084156
v 0.016676 0.521702 -0.088826
v 0.018466 0.522006 -0.093982
v 0.019289 0.522983 -0.099775
v 0.019122 0.524649 -0.106220
v 0.018105 0.526905 -0.113224
v 0.016514 0.529559 -0.120606
v 0.014720 0.532356 -0.128122
v 0.013142 0.535002 -0.135495
v 0.012198 0.537207 -0.142452
v 0.012252 0.538719 -0.148751
v 0.013576 0.539347 -0.154214
v 0.016314 0.538993 -0.158747
v 0.020465 0.537657 -0.162350
v 0.025885 0.535438 -0.165117
v 0.032305 0.532524 -0.167227
v 0.039358 0.529170 -0.168920
v 0.046627 0.525666 -0.170471
v 0.053692 0.522303 -0.172155
v 0.060184 0.519339 -0.174217
v 0.065827 0.516966 -0.176838
v 0.070479 0.515281 -0.180111
v 0.074163 0.514269 -0.184021
f 3585 3586 3587
f 3585 3587 3586
f 3585 3587 3588
f 3585 3588 3587
f 3585 3588 3589
f 3585 3589 3588
f 3585 3589 3590
f 3585 3590 3589
f 3585 3590 3591
f 3585 3591 3590
f 3585 3591 3592
f 3585 3592 3591
f 3585 3592 3593
f 3585 3593 3592
f 3585 3593 3594
f 3585 3594 3593
f 3585 3594 3595
f 3585 3595 3594
f 3585 3595 3596
f 3585 3596 3595
f 3585 3596 3597
f 3585 3597 3596
f 3585 3597 3598
f 3585 3598 3597
f 3585 3598 3599
f 3585 3599 3598
f 3585 3599 3600
f 3585 3600 3599
f 3585 3600 3601
f 3585 3601 3600
f 3585 3601 3602
f 3585 3602 3601
f 3585 3602 3603
f 3585 3603 3602
f 3585 3603 3604
f 3585 3604 3603
f 3585 3604 3605
f 3585 3605 3604
f 3585 3605 3606
f 3585 3606 3605
f 3585 3606 3607
f 3585 3607 3606
f 3585 3607 3608
f 3585 3608 3607
f 3585 3608 3609
f 3585 3609 3608
f 3585 3609 3610
f 3585 3610 3609
f 3585 3610 3611
f 3585 3611 3610
f 3585 3611 3612
f 3585 3612 3611
f 3585 3612 3613
f 3585 3613 3612
f 3585 3613 3614
f 3585 3614 3613
f 3585 3614 3615
f 3585 3615 3614
f 3585 3615 3616
f 3585 3616 3615
f 3585 3616 3617
f 3585 3617 3616
f 3585 3617 3618
f 3585 3618 3617
f 3585 3618 3619
f 3585 3619 3618
f 3585 3619 3620
f 3585 3620 3619
f 3585 3620 3621
f 3585 3621 3620
f 3585 3621 3622
f 3585 3622 3621
f 3585 3622 3623
f 3585 3623 3622
f 3585 3623 3624
f 3585 3624 3623
f 3585 3624 3625
f 3585 3625 3624
f 3585 3625 3626
f 3585 3626 3625
f 3585 3626 3627
f 3585 3627 3626
f 3585 3627 3628
f 3585 3628 3627
f 3585 3628 3629
f 3585 3629 3628
f 3585 3629 3630
f 3585 3630 3629
o part_97
v 0.077108 0.513770 -0.188418
v 0.079901 0.510745 -0.186331
v 0.082789 0.507431 -0.184757
v 0.085839 0.503622 -0.184063
v 0.089087 0.499211 -0.184440
v 0.092530 0.494205 -0.185875
v 0.096130 0.488725 -0.188153
v 0.099813 0.482989 -0.190884
v 0.103487 0.477282 -0.193566
v 0.107051 0.471910 -0.195652
v 0.110412 0.467154 -0.196641
v 0.113499 0.463233 -0.196148
v 0.116274 0.460261 -0.193965
v 0.118736 0.458241 -0.190091
v 0.120925 0.457054 -0.184734
v 0.122911 0.456485 -0.178280
v 0.124786 0.456250 -0.171231
v 0.126653 0.456043 -0.164133
v 0.128604 0.455581 -0.157488
v 0.130710 0.454645 -0.151685
v 0.133011 0.453114 -0.146941
v 0.135511 0.450981 -0.143268
v 0.138173 0.448353 -0.140474
v 0.140930 0.445436 -0.138194
v 0.138137 0.448461 -0.140281
v 0.135250 0.451775 -0.141854
v 0.132200 0.455584 -0.142548
v 0.128952 0.459995 -0.142171
v 0.125508 0.465002 -0.140736
v 0.121909 0.470482 -0.138459
v 0.118226 0.476217 -0.135727
v 0.114552 0.481924 -0.133046
v 0.110988 0.487297 -0.130959
v 0.107627 0.492052 -0.129970
v 0.104539 0.495974 -0.130463
v 0.101765 0.498945 -0.132647
v 0.099302 0.500965 -0.136521
v 0.097114 0.502152 -0.141877
v 0.095128 0.502721 -0.148331
v 0.093252 0.502956 -0.155380
v 0.091385 0.503163 -0.162479
v 0.089435 0.503625 -0.169124
v 0.087329 0.504561 -0.174926
v 0.085027 0.506093 -0.179670
v 0.082527 0.508226 -0.183344
v 0.079865 0.510854 -0.186137
f 3631 3632 3633
f 3631 3633 3632
f 3631 3633 3634
f 3631 3634 3633
f 3631 3634 3635
f 3631 3635 3634
f 3631 3635 3636
f 3631 3636 3635
f 3631 3636 3637
f 3631 3637 3636
f 3631 3637 3638
f 3631 3638 3637
f 3631 3638 3639
f 3631 3639 3638
f 3631 3639 3640
f 3631 3640 3639
f 3631 3640 3641
f 3631 3641 3640
f 3631 3641 3642
f 3631 3642 3641
f 3631 3642 3643
f 3631 3643 3642
f 3631 3643 3644
f 3631 3644 3643
f 3631 3644 3645
f 3631 3645 3644
f 3631 3645 3646
f 3631 3646 3645
f 3631 3646 3647
f 3631 3647 3646
f 3631 3647 3648
f 3631 3648 3647
f 3631 3648 3649
f 3631 3649 3648
f 3631 3649 3650
f 3631 3650 3649
f 3631 3650 3651
f 3631 3651 3650
f 3631 3651 3652
f 3631 3652 3651
f 3631 3652 3653
f 3631 3653 3652
f 3631 3653 3654
f 3631 3654 3653
f 3631 3654 3655
f 3631 3655 3654
f 3631 3655 3656
f 3631 3656 3655
f 3631 3656 3657
f 3631 3657 3656
f 3631 3657 3658
f 3631 3658 3657
f 3631 3658 3659
f 3631 3659 3658
f 3631 3659 3660
f 3631 3660 3659
f 3631 3660 3661
f 3631 3661 3660
f 3631 3661 3662
f 3631 3662 3661
f 3631 3662 3663
f 3631 3663 3662
f 3631 3663 3664
f 3631 3664 3663
f 3631 3664 3665
f 3631 3665 3664
f 3631 3665 3666
f 3631 3666 3665
f 3631 3666 3667
f 3631 3667 3666
f 3631 3667 3668
f 3631 3668 3667
f 3631 3668 3669
f 3631 3669 3668
f 3631 3669 3670
f 3631 3670 3669
f 3631 3670 3671
f 3631 3671 3670
f 3631 3671 3672
f 3631 3672 3671
f 3631 3672 3673
f 3631 3673 3672
f 3631 3673 3674
f 3631 3674 3673
f 3631 3674 3675
f 3631 3675 3674
f 3631 3675 3676
f 3631 3676 3675
o part_98
v 0.015209 0.437545 -0.080581
v 0.022331 0.441292 -0.077626
v 0.030322 0.443608 -0.079698
v 0.036128 0.443608 -0.086006
v 0.037532 0.441292 -0.094140
v 0.033998 0.437545 -0.100994
v 0.026876 0.433798 -0.103949
v 0.018885 0.431482 -0.101877
v 0.013079 0.431482 -0.095569
v 0.011675 0.433798 -0.087434
v -0.018103 0.532944 -0.117276
v -0.013260 0.535492 -0.115267
v -0.007827 0.537067 -0.116676
v -0.003879 0.537067 -0.120965
v -0.002924 0.535492 -0.126497
v -0.005327 0.532944 -0.131157
v -0.010170 0.530396 -0.133167
v -0.015604 0.528821 -0.131757
v -0.019552 0.528821 -0.127468
v -0.020507 0.530396 -0.121937
f 3677 3678 3688
f 3677 3688 3687
f 3678 3679 3689
f 3678 3689 3688
f 3679 3680 3690
f 3679 3690 3689
f 3680 3681 3691
f 3680 3691 3690
f 3681 3682 3692
f 3681 3692 3691
f 3682 3683 3693
f 3682 3693 3692
f 3683 3684 3694
f 3683 3694 3693
f 3684 3685 3695
f 3684 3695 3694
f 3685 3686 3696
f 3685 3696 3695
f 3686 3677 3687
f 3686 3687 3696
o part_99
v -0.011715 0.532944 -0.124217
v -0.014177 0.531032 -0.121908
v -0.016404 0.529390 -0.119085
v -0.018280 0.528148 -0.115498
v -0.019769 0.527352 -0.111064
v -0.020901 0.526963 -0.105852
v -0.021772 0.526873 -0.100070
v -0.022526 0.526919 -0.094031
v -0.023333 0.526903 -0.088110
v -0.024372 0.526621 -0.082695
v -0.025803 0.525890 -0.078135
v -0.027744 0.524575 -0.074690
v -0.030261 0.522600 -0.072500
v -0.033353 0.519966 -0.071567
v -0.036956 0.516747 -0.071749
v -0.040951 0.513079 -0.072785
v -0.045177 0.509146 -0.074328
v -0.049457 0.505150 -0.075989
v -0.053620 0.501290 -0.077392
v -0.057521 0.497729 -0.078225
v -0.061066 0.494576 -0.078281
v -0.064223 0.491868 -0.077489
v -0.067030 0.489561 -0.075933
v -0.069602 0.487523 -0.073864
v -0.067140 0.489435 -0.076173
v -0.064913 0.491077 -0.078996
v -0.063037 0.492319 -0.082582
v -0.061548 0.493116 -0.087017
v -0.060416 0.493504 -0.092228
v -0.059545 0.493594 -0.098010
v -0.058791 0.493548 -0.104049
v -0.057984 0.493564 -0.109970
v -0.056945 0.493846 -0.115385
v -0.055514 0.494577 -0.119946
v -0.053572 0.495892 -0.123391
v -0.051056 0.497867 -0.125580
v -0.047964 0.500501 -0.126514
v -0.044361 0.503720 -0.126332
v -0.040366 0.507388 -0.125295
v -0.036140 0.511321 -0.123753
v -0.031860 0.515317 -0.122092
v -0.027697 0.519177 -0.120688
v -0.023796 0.522738 -0.119855
v -0.020251 0.525891 -0.119800
v -0.017094 0.528599 -0.120592
v -0.014287 0.530906 -0.122147
f 3697 3698 3699
f 3697 3699 3698
f 3697 3699 3700
f 3697 3700 3699
f 3697 3700 3701
f 3697 3701 3700
f 3697 3701 3702
f 3697 3702 3701
f 3697 3702 3703
f 3697 3703 3702
f 3697 3703 3704
f 3697 3704 3703
f 3697 3704 3705
f 3697 3705 3704
f 3697 3705 3706
f 3697 3706 3705
f 3697 3706 3707
f 3697 3707 3706
f 3697 3707 3708
f 3697 3708 3707
f 3697 3708 3709
f 3697 3709 3708
f 3697 3709 3710
f 3697 3710 3709
f 3697 3710 3711
f 3697 3711 3710
f 3697 3711 3712
f 3697 3712 3711
f 3697 3712 3713
f 3697 3713 3712
f 3697 3713 3714
f 3697 3714 3713
f 3697 3714 3715
f 3697 3715 3714
f 3697 3715 3716
f 3697 3716 3715
f 3697 3716 3717
f 3697 3717 3716
f 3697 3717 3718
f 3697 3718 3717
f 3697 3718 3719
f 3697 3719 3718
f 3697 3719 3720
f 3697 3720 3719
f 3697 3720 3721
f 3697 3721 3720
f 3697 3721 3722
f 3697 3722 3721
f 3697 3722 3723
f 3697 3723 3722
f 3697 3723 3724
f 3697 3724 3723
f 3697 3724 3725
f 3697 3725 3724
f 3697 3725 3726
f 3697 3726 3725
f 3697 3726 3727
f 3697 3727 3726
f 3697 3727 3728
f 3697 3728 3727
f 3697 3728 3729
f 3697 3729 3728
f 3697 3729 3730
f 3697 3730 3729
f 3697 3730 3731
f 3697 3731 3730
f 3697 3731 3732
f 3697 3732 3731
f 3697 3732 3733
f 3697 3733 3732
f 3697 3733 3734
f 3697 3734 3733
f 3697 3734 3735
f 3697 3735 3734
f 3697 3735 3736
f 3697 3736 3735
f 3697 3736 3737
f 3697 3737 3736
f 3697 3737 3738
f 3697 3738 3737
f 3697 3738 3739
f 3697 3739 3738
f 3697 3739 3740
f 3697 3740 3739
f 3697 3740 3741
f 3697 3741 3740
f 3697 3741 3742
f 3697 3742 3741
o part_100
v -0.011715 0.532944 -0.124217
v -0.008520 0.532859 -0.122935
v -0.005168 0.532704 -0.122025
v -0.001533 0.532421 -0.121786
v 0.002455 0.531978 -0.122389
v 0.006803 0.531372 -0.123845
v 0.011444 0.530634 -0.125997
v 0.016251 0.529822 -0.128544
v 0.021054 0.529011 -0.131079
v 0.025664 0.528287 -0.133158
v 0.029907 0.527729 -0.134366
v 0.033650 0.527397 -0.134383
v 0.036817 0.527325 -0.133036
v 0.039411 0.527512 -0.130324
v 0.041503 0.527926 -0.126422
v 0.043228 0.528505 -0.121648
v 0.044761 0.529171 -0.116418
v 0.046289 0.529839 -0.111177
v 0.047984 0.530432 -0.106329
v 0.049971 0.530893 -0.102179
v 0.052318 0.531191 -0.098881
v 0.055019 0.531330 -0.096426
v 0.058003 0.531341 -0.094640
v 0.061143 0.531281 -0.093228
v 0.057948 0.531366 -0.094510
v 0.054595 0.531521 -0.095419
v 0.050961 0.531804 -0.095658
v 0.046972 0.532247 -0.095056
v 0.042625 0.532853 -0.093600
v 0.037983 0.533590 -0.091447
v 0.033176 0.534403 -0.088900
v 0.028374 0.535214 -0.086365
v 0.023764 0.535938 -0.084286
v 0.019520 0.536496 -0.083078
v 0.015778 0.536827 -0.083061
v 0.012610 0.536900 -0.084408
v 0.010017 0.536713 -0.087120
v 0.007925 0.536299 -0.091023
v 0.006200 0.535720 -0.095797
v 0.004667 0.535054 -0.101027
v 0.003138 0.534386 -0.106268
v 0.001444 0.533793 -0.111115
v -0.000544 0.533332 -0.115266
v -0.002890 0.533033 -0.118563
v -0.005591 0.532895 -0.121019
v -0.008575 0.532884 -0.122804
f 3743 3744 3745
f 3743 3745 3744
f 3743 3745 3746
f 3743 3746 3745
f 3743 3746 3747
f 3743 3747 3746
f 3743 3747 3748
f 3743 3748 3747
f 3743 3748 3749
f 3743 3749 3748
f 3743 3749 3750
f 3743 3750 3749
f 3743 3750 3751
f 3743 3751 3750
f 3743 3751 3752
f 3743 3752 3751
f 3743 3752 3753
f 3743 3753 3752
f 3743 3753 3754
f 3743 3754 3753
f 3743 3754 3755
f 3743 3755 3754
f 3743 3755 3756
f 3743 3756 3755
f 3743 3756 3757
f 3743 3757 3756
f 3743 3757 3758
f 3743 3758 3757
f 3743 3758 3759
f 3743 3759 3758
f 3743 3759 3760
f 3743 3760 3759
f 3743 3760 3761
f 3743 3761 3760
f 3743 3761 3762
f 3743 3762 3761
f 3743 3762 3763
f 3743 3763 3762
f 3743 3763 3764
f 3743 3764 3763
f 3743 3764 3765
f 3743 3765 3764
f 3743 3765 3766
f 3743 3766 3765
f 3743 3766 3767
f 3743 3767 3766
f 3743 3767 3768
f 3743 3768 3767
f 3743 3768 3769
f 3743 3769 3768
f 3743 3769 3770
f 3743 3770 3769
f 3743 3770 3771
f 3743 3771 3770
f 3743 3771 3772
f 3743 3772 3771
f 3743 3772 3773
f 3743 3773 3772
f 3743 3773 3774
f 3743 3774 3773
f 3743 3774 3775
f 3743 3775 3774
f 3743 3775 3776
f 3743 3776 3775
f 3743 3776 3777
f 3743 3777 3776
f 3743 3777 3778
f 3743 3778 3777
f 3743 3778 3779
f 3743 3779 3778
f 3743 3779 3780
f 3743 3780 3779
f 3743 3780 3781
f 3743 3781 3780
f 3743 3781 3782
f 3743 3782 3781
f 3743 3782 3783
f 3743 3783 3782
f 3743 3783 3784
f 3743 3784 3783
f 3743 3784 3785
f 3743 3785 3784
f 3743 3785 3786
f 3743 3786 3785
f 3743 3786 3787
f 3743 3787 3786
f 3743 3787 3788
f 3743 3788 3787
o part_101
v -0.011715 0.532944 -0.124217
v -0.013617 0.529026 -0.126689
v -0.015787 0.525088 -0.128928
v -0.018596 0.521101 -0.130612
v -0.022371 0.517040 -0.131458
v -0.027275 0.512893 -0.131323
v -0.033237 0.508665 -0.130269
v -0.039936 0.504381 -0.128576
v -0.046840 0.500081 -0.126705
v -0.053300 0.495815 -0.125219
v -0.058671 0.491632 -0.124678
v -0.062435 0.487572 -0.125533
v -0.064306 0.483657 -0.128032
v -0.064283 0.479886 -0.132175
v -0.062653 0.476238 -0.137714
v -0.059934 0.472674 -0.144198
v -0.056772 0.469143 -0.151067
v -0.053815 0.465597 -0.157758
v -0.051594 0.461994 -0.163810
v -0.050431 0.458311 -0.168943
v -0.050398 0.454541 -0.173095
v -0.051330 0.450698 -0.176409
v -0.052902 0.446805 -0.179168
v -0.054741 0.442892 -0.181694
v -0.052839 0.446810 -0.179222
v -0.050669 0.450748 -0.176983
v -0.047860 0.454735 -0.175299
v -0.044085 0.458796 -0.174453
v -0.039181 0.462943 -0.174588
v -0.033219 0.467171 -0.175642
v -0.026520 0.471455 -0.177335
v -0.019617 0.475755 -0.179206
v -0.013156 0.480021 -0.180692
v -0.007785 0.484204 -0.181233
v -0.004021 0.488264 -0.180378
v -0.002150 0.492180 -0.177879
v -0.002173 0.495950 -0.173736
v -0.003803 0.499598 -0.168197
v -0.006522 0.503162 -0.161713
v -0.009684 0.506693 -0.154844
v -0.012641 0.510239 -0.148153
v -0.014862 0.513842 -0.142101
v -0.016025 0.517525 -0.136968
v -0.016058 0.521295 -0.132816
v -0.015126 0.525139 -0.129502
v -0.013555 0.529031 -0.126743
f 3789 3790 3791
f 3789 3791 3790
f 3789 3791 3792
f 3789 3792 3791
f 3789 3792 3793
f 3789 3793 3792
f 3789 3793 3794
f 3789 3794 3793
f 3789 3794 3795
f 3789 3795 3794
f 3789 3795 3796
f 3789 3796 3795
f 3789 3796 3797
f 3789 3797 3796
f 3789 3797 3798
f 3789 3798 3797
f 3789 3798 3799
f 3789 3799 3798
f 3789 3799 3800
f 3789 3800 3799
f 3789 3800 3801
f 3789 3801 3800
f 3789 3801 3802
f 3789 3802 3801
f 3789 3802 3803
f 3789 3803 3802
f 3789 3803 3804
f 3789 3804 3803
f 3789 3804 3805
f 3789 3805 3804
f 3789 3805 3806
f 3789 3806 3805
f 3789 3806 3807
f 3789 3807 3806
f 3789 3807 3808
f 3789 3808 3807
f 3789 3808 3809
f 3789 3809 3808
f 3789 3809 3810
f 3789 3810 3809
f 3789 3810 3811
f 3789 3811 3810
f 3789 3811 3812
f 3789 3812 3811
f 3789 3812 3813
f 3789 3813 3812
f 3789 3813 3814
f 3789 3814 3813
f 3789 3814 3815
f 3789 3815 3814
f 3789 3815 3816
f 3789 3816 3815
f 3789 3816 3817
f 3789 3817 3816
f 3789 3817 3818
f 3789 3818 3817
f 3789 3818 3819
f 3789 3819 3818
f 3789 3819 3820
f 3789 3820 3819
f 3789 3820 3821
f 3789 3821 3820
f 3789 3821 3822
f 3789 3822 3821
f 3789 3822 3823
f 3789 3823 3822
f 3789 3823 3824
f 3789 3824 3823
f 3789 3824 3825
f 3789 3825 3824
f 3789 3825 3826
f 3789 3826 3825
f 3789 3826 3827
f 3789 3827 3826
f 3789 3827 3828
f 3789 3828 3827
f 3789 3828 3829
f 3789 3829 3828
f 3789 3829 3830
f 3789 3830 3829
f 3789 3830 3831
f 3789 3831 3830
f 3789 3831 3832
f 3789 3832 3831
f 3789 3832 3833
f 3789 3833 3832
f 3789 3833 3834
f 3789 3834 3833
o part_102
v -0.017982 0.532944 -0.117166
v -0.014962 0.537923 -0.116892
v -0.010702 0.541000 -0.119416
v -0.006829 0.541000 -0.123773
v -0.004822 0.537923 -0.128300
v -0.005448 0.532944 -0.131267
v -0.008468 0.527965 -0.131541
v -0.012728 0.524887 -0.129017
v -0.016602 0.524887 -0.124660
v -0.018608 0.527965 -0.120134
v -0.058052 0.560523 -0.156823
v -0.055998 0.563908 -0.156637
v -0.053101 0.566001 -0.158353
v -0.050467 0.566001 -0.161316
v -0.049103 0.563908 -0.164394
v -0.049529 0.560523 -0.166412
v -0.051582 0.557137 -0.166598
v -0.054479 0.555044 -0.164882
v -0.057113 0.555044 -0.161919
v -0.058478 0.557137 -0.158841
f 3835 3836 3846
f 3835 3846 3845
f 3836 3837 3847
f 3836 3847 3846
f 3837 3838 3848
f 3837 3848 3847
f 3838 3839 3849
f 3838 3849 3848
f 3839 3840 3850
f 3839 3850 3849
f 3840 3841 3851
f 3840 3851 3850
f 3841 3842 3852
f 3841 3852 3851
f 3842 3843 3853
f 3842 3853 3852
f 3843 3844 3854
f 3843 3854 3853
f 3844 3835 3845
f 3844 3845 3854
o part_103
v -0.053790 0.560523 -0.161618
v -0.055957 0.559623 -0.158272
v -0.057959 0.559553 -0.154501
v -0.059777 0.560413 -0.150251
v -0.061423 0.562135 -0.145560
v -0.062934 0.564532 -0.140521
v -0.064365 0.567332 -0.135275
v -0.065782 0.570207 -0.129991
v -0.067253 0.572808 -0.124848
v -0.068844 0.574803 -0.120016
v -0.070613 0.575908 -0.115641
v -0.072599 0.575916 -0.111829
v -0.074826 0.574719 -0.108637
v -0.077292 0.572317 -0.106063
v -0.079976 0.568818 -0.104053
v -0.082837 0.564429 -0.102499
v -0.085819 0.559434 -0.101257
v -0.088855 0.554166 -0.100156
v -0.091876 0.548971 -0.099017
v -0.094818 0.544180 -0.097670
v -0.097625 0.540064 -0.095977
v -0.100260 0.536810 -0.093840
v -0.102711 0.534486 -0.091227
v -0.104996 0.532992 -0.088187
v -0.102829 0.533892 -0.091532
v -0.100827 0.533961 -0.095304
v -0.099009 0.533101 -0.099553
v -0.097364 0.531380 -0.104245
v -0.095852 0.528982 -0.109284
v -0.094421 0.526182 -0.114529
v -0.093004 0.523307 -0.119813
v -0.091534 0.520706 -0.124957
v -0.089942 0.518711 -0.129789
v -0.088174 0.517607 -0.134163
v -0.086187 0.517598 -0.137975
v -0.083961 0.518795 -0.141168
v -0.081494 0.521197 -0.143741
v -0.078810 0.524696 -0.145752
v -0.075949 0.529085 -0.147305
v -0.072967 0.534080 -0.148547
v -0.069931 0.539349 -0.149648
v -0.066910 0.544543 -0.150788
v -0.063968 0.549334 -0.152134
v -0.061162 0.553450 -0.153828
v -0.058526 0.556704 -0.155964
v -0.056076 0.559029 -0.158578
f 3855 3856 3857
f 3855 3857 3856
f 3855 3857 3858
f 3855 3858 3857
f 3855 3858 3859
f 3855 3859 3858
f 3855 3859 3860
f 3855 3860 3859
f 3855 3860 3861
f 3855 3861 3860
f 3855 3861 3862
f 3855 3862 3861
f 3855 3862 3863
f 3855 3863 3862
f 3855 3863 3864
f 3855 3864 3863
f 3855 3864 3865
f 3855 3865 3864
f 3855 3865 3866
f 3855 3866 3865
f 3855 3866 3867
f 3855 3867 3866
f 3855 3867 3868
f 3855 3868 3867
f 3855 3868 3869
f 3855 3869 3868
f 3855 3869 3870
f 3855 3870 3869
f 3855 3870 3871
f 3855 3871 3870
f 3855 3871 3872
f 3855 3872 3871
f 3855 3872 3873
f 3855 3873 3872
f 3855 3873 3874
f 3855 3874 3873
f 3855 3874 3875
f 3855 3875 3874
f 3855 3875 3876
f 3855 3876 3875
f 3855 3876 3877
f 3855 3877 3876
f 3855 3877 3878
f 3855 3878 3877
f 3855 3878 3879
f 3855 3879 3878
f 3855 3879 3880
f 3855 3880 3879
f 3855 3880 3881
f 3855 3881 3880
f 3855 3881 3882
f 3855 3882 3881
f 3855 3882 3883
f 3855 3883 3882
f 3855 3883 3884
f 3855 3884 3883
f 3855 3884 3885
f 3855 3885 3884
f 3855 3885 3886
f 3855 3886 3885
f 3855 3886 3887
f 3855 3887 3886
f 3855 3887 3888
f 3855 3888 3887
f 3855 3888 3889
f 3855 3889 3888
f 3855 3889 3890
f 3855 3890 3889
f 3855 3890 3891
f 3855 3891 3890
f 3855 3891 3892
f 3855 3892 3891
f 3855 3892 3893
f 3855 3893 3892
f 3855 3893 3894
f 3855 3894 3893
f 3855 3894 3895
f 3855 3895 3894
f 3855 3895 3896
f 3855 3896 3895
f 3855 3896 3897
f 3855 3897 3896
f 3855 3897 3898
f 3855 3898 3897
f 3855 3898 3899
f 3855 3899 3898
f 3855 3899 3900
f 3855 3900 3899
o part_104
v -0.053790 0.560523 -0.161618
v -0.050880 0.560837 -0.162843
v -0.048013 0.560750 -0.164316
v -0.045215 0.560034 -0.166174
v -0.042496 0.558596 -0.168477
v -0.039852 0.556477 -0.171197
v -0.037265 0.553842 -0.174235
v -0.034704 0.550956 -0.177426
v -0.032136 0.548146 -0.180571
v -0.029521 0.545757 -0.183457
v -0.026827 0.544098 -0.185895
v -0.024026 0.543406 -0.187739
v -0.021106 0.543806 -0.188912
v -0.018067 0.545300 -0.189413
v -0.014921 0.547760 -0.189321
v -0.011696 0.550951 -0.188780
v -0.008424 0.554562 -0.187981
v -0.005145 0.558250 -0.187135
v -0.001892 0.561686 -0.186443
v 0.001303 0.564607 -0.186068
v 0.004425 0.566846 -0.186111
v 0.007467 0.568364 -0.186598
v 0.010440 0.569252 -0.187471
v 0.013370 0.569739 -0.188591
v 0.010459 0.569425 -0.187365
v 0.007593 0.569512 -0.185893
v 0.004795 0.570228 -0.184034
v 0.002076 0.571666 -0.181732
v -0.000568 0.573785 -0.179011
v -0.003156 0.576420 -0.175974
v -0.005716 0.579306 -0.172782
v -0.008285 0.582115 -0.169638
v -0.010899 0.584505 -0.166751
v -0.013594 0.586164 -0.164313
v -0.016394 0.586856 -0.162469
v -0.019314 0.586456 -0.161296
v -0.022354 0.584962 -0.160795
v -0.025499 0.582502 -0.160887
v -0.028725 0.579310 -0.161429
v -0.031996 0.575700 -0.162228
v -0.035276 0.572012 -0.163074
v -0.038528 0.568576 -0.163766
v -0.041724 0.565655 -0.164141
v -0.044845 0.563415 -0.164097
v -0.047887 0.561898 -0.163611
v -0.050861 0.561010 -0.162737
f 3901 3902 3903
f 3901 3903 3902
f 3901 3903 3904
f 3901 3904 3903
f 3901 3904 3905
f 3901 3905 3904
f 3901 3905 3906
f 3901 3906 3905
f 3901 3906 3907
f 3901 3907 3906
f 3901 3907 3908
f 3901 3908 3907
f 3901 3908 3909
f 3901 3909 3908
f 3901 3909 3910
f 3901 3910 3909
f 3901 3910 3911
f 3901 3911 3910
f 3901 3911 3912
f 3901 3912 3911
f 3901 3912 3913
f 3901 3913 3912
f 3901 3913 3914
f 3901 3914 3913
f 3901 3914 3915
f 3901 3915 3914
f 3901 3915 3916
f 3901 3916 3915
f 3901 3916 3917
f 3901 3917 3916
f 3901 3917 3918
f 3901 3918 3917
f 3901 3918 3919
f 3901 3919 3918
f 3901 3919 3920
f 3901 3920 3919
f 3901 3920 3921
f 3901 3921 3920
f 3901 3921 3922
f 3901 3922 3921
f 3901 3922 3923
f 3901 3923 3922
f 3901 3923 3924
f 3901 3924 3923
f 3901 3924 3925
f 3901 3925 3924
f 3901 3925 3926
f 3901 3926 3925
f 3901 3926 3927
f 3901 3927 3926
f 3901 3927 3928
f 3901 3928 3927
f 3901 3928 3929
f 3901 3929 3928
f 3901 3929 3930
f 3901 3930 3929
f 3901 3930 3931
f 3901 3931 3930
f 3901 3931 3932
f 3901 3932 3931
f 3901 3932 3933
f 3901 3933 3932
f 3901 3933 3934
f 3901 3934 3933
f 3901 3934 3935
f 3901 3935 3934
f 3901 3935 3936
f 3901 3936 3935
f 3901 3936 3937
f 3901 3937 3936
f 3901 3937 3938
f 3901 3938 3937
f 3901 3938 3939
f 3901 3939 3938
f 3901 3939 3940
f 3901 3940 3939
f 3901 3940 3941
f 3901 3941 3940
f 3901 3941 3942
f 3901 3942 3941
f 3901 3942 3943
f 3901 3943 3942
f 3901 3943 3944
f 3901 3944 3943
f 3901 3944 3945
f 3901 3945 3944
f 3901 3945 3946
f 3901 3946 3945
o part_105
v -0.003473 0.532944 -0.119629
v -0.002816 0.536059 -0.124513
v -0.005559 0.537984 -0.129284
v -0.010653 0.537984 -0.132119
v -0.016152 0.536059 -0.131936
v -0.019957 0.532944 -0.128804
v -0.020614 0.529829 -0.123920
v -0.017872 0.527904 -0.119149
v -0.012778 0.527904 -0.116314
v -0.007278 0.529829 -0.116497
v -0.023160 0.584566 -0.090465
v -0.022713 0.586684 -0.093787
v -0.024578 0.587993 -0.097031
v -0.028042 0.587993 -0.098959
v -0.031782 0.586684 -0.098834
v -0.034369 0.584566 -0.096705
v -0.034816 0.582448 -0.093383
v -0.032951 0.581138 -0.090139
v -0.029487 0.581138 -0.088211
v -0.025747 0.582448 -0.088336
f 3947 3948 3958
f 3947 3958 3957
f 3948 3949 3959
f 3948 3959 3958
f 3949 3950 3960
f 3949 3960 3959
f 3950 3951 3961
f 3950 3961 3960
f 3951 3952 3962
f 3951 3962 3961
f 3952 3953 3963
f 3952 3963 3962
f 3953 3954 3964
f 3953 3964 3963
f 3954 3955 3965
f 3954 3965 3964
f 3955 3956 3966
f 3955 3966 3965
f 3956 3947 3957
f 3956 3957 3966
o part_106
v -0.028765 0.584566 -0.093585
v -0.024438 0.582557 -0.092603
v -0.019681 0.581059 -0.092242
v -0.014349 0.580243 -0.092710
v -0.008420 0.580135 -0.094041
v -0.001973 0.580642 -0.096118
v 0.004828 0.581571 -0.098709
v 0.011763 0.582656 -0.101490
v 0.018575 0.583597 -0.104095
v 0.025010 0.584090 -0.106156
v 0.030843 0.583869 -0.107348
v 0.035909 0.582738 -0.107433
v 0.040119 0.580590 -0.106282
v 0.043472 0.577426 -0.103895
v 0.046058 0.573352 -0.100401
v 0.048043 0.568563 -0.096038
v 0.049650 0.563328 -0.091132
v 0.051135 0.557947 -0.086049
v 0.052753 0.552723 -0.081156
v 0.054725 0.547921 -0.076777
v 0.057216 0.543733 -0.073145
v 0.060303 0.540254 -0.070374
v 0.063966 0.537457 -0.068433
v 0.068059 0.535170 -0.067114
v 0.063732 0.537179 -0.068096
v 0.058975 0.538677 -0.068457
v 0.053643 0.539493 -0.067988
v 0.047714 0.539601 -0.066658
v 0.041268 0.539094 -0.064580
v 0.034466 0.538165 -0.061990
v 0.027531 0.537080 -0.059208
v 0.020719 0.536139 -0.056604
v 0.014285 0.535646 -0.054543
v 0.008451 0.535867 -0.053350
v 0.003385 0.536998 -0.053266
v -0.000824 0.539146 -0.054416
v -0.004178 0.542310 -0.056803
v -0.006764 0.546384 -0.060298
v -0.008748 0.551173 -0.064660
v -0.010356 0.556408 -0.069567
v -0.011841 0.561789 -0.074650
v -0.013459 0.567013 -0.079542
v -0.015431 0.571815 -0.083922
v -0.017922 0.576003 -0.087554
v -0.021009 0.579482 -0.090325
v -0.024672 0.582279 -0.092265
f 3967 3968 3969
f 3967 3969 3968
f 3967 3969 3970
f 3967 3970 3969
f 3967 3970 3971
f 3967 3971 3970
f 3967 3971 3972
f 3967 3972 3971
f 3967 3972 3973
f 3967 3973 3972
f 3967 3973 3974
f 3967 3974 3973
f 3967 3974 3975
f 3967 3975 3974
f 3967 3975 3976
f 3967 3976 3975
f 3967 3976 3977
f 3967 3977 3976
f 3967 3977 3978
f 3967 3978 3977
f 3967 3978 3979
f 3967 3979 3978
f 3967 3979 3980
f 3967 3980 3979
f 3967 3980 3981
f 3967 3981 3980
f 3967 3981 3982
f 3967 3982 3981
f 3967 3982 3983
f 3967 3983 3982
f 3967 3983 3984
f 3967 3984 3983
f 3967 3984 3985
f 3967 3985 3984
f 3967 3985 3986
f 3967 3986 3985
f 3967 3986 3987
f 3967 3987 3986
f 3967 3987 3988
f 3967 3988 3987
f 3967 3988 3989
f 3967 3989 3988
f 3967 3989 3990
f 3967 3990 3989
f 3967 3990 3991
f 3967 3991 3990
f 3967 3991 3992
f 3967 3992 3991
f 3967 3992 3993
f 3967 3993 3992
f 3967 3993 3994
f 3967 3994 3993
f 3967 3994 3995
f 3967 3995 3994
f 3967 3995 3996
f 3967 3996 3995
f 3967 3996 3997
f 3967 3997 3996
f 3967 3997 3998
f 3967 3998 3997
f 3967 3998 3999
f 3967 3999 3998
f 3967 3999 4000
f 3967 4000 3999
f 3967 4000 4001
f 3967 4001 4000
f 3967 4001 4002
f 3967 4002 4001
f 3967 4002 4003
f 3967 4003 4002
f 3967 4003 4004
f 3967 4004 4003
f 3967 4004 4005
f 3967 4005 4004
f 3967 4005 4006
f 3967 4006 4005
f 3967 4006 4007
f 3967 4007 4006
f 3967 4007 4008
f 3967 4008 4007
f 3967 4008 4009
f 3967 4009 4008
f 3967 4009 4010
f 3967 4010 4009
f 3967 4010 4011
f 3967 4011 4010
f 3967 4011 4012
f 3967 4012 4011
o part_107
v -0.028765 0.584566 -0.093585
v -0.031721 0.582951 -0.095924
v -0.035123 0.580736 -0.097497
v -0.038966 0.577924 -0.098310
v -0.043187 0.574600 -0.098472
v -0.047685 0.570903 -0.098159
v -0.052327 0.567011 -0.097597
v -0.056966 0.563122 -0.097039
v -0.061453 0.559439 -0.096743
v -0.065650 0.556149 -0.096948
v -0.069439 0.553409 -0.097854
v -0.072738 0.551333 -0.099604
v -0.075502 0.549978 -0.102274
v -0.077732 0.549346 -0.105863
v -0.079471 0.549377 -0.110297
v -0.080804 0.549958 -0.115432
v -0.081845 0.550932 -0.121067
v -0.082734 0.552112 -0.126964
v -0.083621 0.553295 -0.132865
v -0.084652 0.554283 -0.138518
v -0.085959 0.554898 -0.143696
v -0.087645 0.555001 -0.148222
v -0.089773 0.554508 -0.151988
v -0.092344 0.553414 -0.154989
v -0.089388 0.555028 -0.152650
v -0.085986 0.557244 -0.151077
v -0.082143 0.560056 -0.150263
v -0.077922 0.563380 -0.150102
v -0.073424 0.567077 -0.150415
v -0.068782 0.570969 -0.150977
v -0.064143 0.574858 -0.151535
v -0.059656 0.578541 -0.151830
v -0.055459 0.581831 -0.151625
v -0.051670 0.584570 -0.150720
v -0.048371 0.586647 -0.148969
v -0.045607 0.588001 -0.146300
v -0.043377 0.588634 -0.142710
v -0.041638 0.588603 -0.138277
v -0.040305 0.588022 -0.133142
v -0.039264 0.587048 -0.127507
v -0.038375 0.585868 -0.121610
v -0.037488 0.584684 -0.115709
v -0.036457 0.583696 -0.110056
v -0.035150 0.583081 -0.104878
v -0.033464 0.582978 -0.100352
v -0.031336 0.583471 -0.096586
f 4013 4014 4015
f 4013 4015 4014
f 4013 4015 4016
f 4013 4016 4015
f 4013 4016 4017
f 4013 4017 4016
f 4013 4017 4018
f 4013 4018 4017
f 4013 4018 4019
f 4013 4019 4018
f 4013 4019 4020
f 4013 4020 4019
f 4013 4020 4021
f 4013 4021 4020
f 4013 4021 4022
f 4013 4022 4021
f 4013 4022 4023
f 4013 4023 4022
f 4013 4023 4024
f 4013 4024 4023
f 4013 4024 4025
f 4013 4025 4024
f 4013 4025 4026
f 4013 4026 4025
f 4013 4026 4027
f 4013 4027 4026
f 4013 4027 4028
f 4013 4028 4027
f 4013 4028 4029
f 4013 4029 4028
f 4013 4029 4030
f 4013 4030 4029
f 4013 4030 4031
f 4013 4031 4030
f 4013 4031 4032
f 4013 4032 4031
f 4013 4032 4033
f 4013 4033 4032
f 4013 4033 4034
f 4013 4034 4033
f 4013 4034 4035
f 4013 4035 4034
f 4013 4035 4036
f 4013 4036 4035
f 4013 4036 4037
f 4013 4037 4036
f 4013 4037 4038
f 4013 4038 4037
f 4013 4038 4039
f 4013 4039 4038
f 4013 4039 4040
f 4013 4040 4039
f 4013 4040 4041
f 4013 4041 4040
f 4013 4041 4042
f 4013 4042 4041
f 4013 4042 4043
f 4013 4043 4042
f 4013 4043 4044
f 4013 4044 4043
f 4013 4044 4045
f 4013 4045 4044
f 4013 4045 4046
f 4013 4046 4045
f 4013 4046 4047
f 4013 4047 4046
f 4013 4047 4048
f 4013 4048 4047
f 4013 4048 4049
f 4013 4049 4048
f 4013 4049 4050
f 4013 4050 4049
f 4013 4050 4051
f 4013 4051 4050
f 4013 4051 4052
f 4013 4052 4051
f 4013 4052 4053
f 4013 4053 4052
f 4013 4053 4054
f 4013 4054 4053
f 4013 4054 4055
f 4013 4055 4054
f 4013 4055 4056
f 4013 4056 4055
f 4013 4056 4057
f 4013 4057 4056
f 4013 4057 4058
f 4013 4058 4057
o part_108
v -0.019419 0.532944 -0.129660
v -0.020613 0.536012 -0.124848
v -0.018408 0.537908 -0.119795
v -0.013646 0.537908 -0.116431
v -0.008147 0.536012 -0.116041
v -0.004011 0.532944 -0.118774
v -0.002817 0.529876 -0.123585
v -0.005022 0.527980 -0.128638
v -0.009784 0.527980 -0.132002
v -0.015283 0.529876 -0.132392
v 0.004985 0.590179 -0.158970
v 0.004173 0.592266 -0.155698
v 0.005673 0.593555 -0.152262
v 0.008910 0.593555 -0.149975
v 0.012650 0.592266 -0.149709
v 0.015463 0.590179 -0.151567
v 0.016274 0.588093 -0.154839
v 0.014775 0.586804 -0.158275
v 0.011537 0.586804 -0.160563
v 0.007798 0.588093 -0.160828
f 4059 4060 4070
f 4059 4070 4069
f 4060 4061 4071
f 4060 4071 4070
f 4061 4062 4072
f 4061 4072 4071
f 4062 4063 4073
f 4062 4073 4072
f 4063 4064 4074
f 4063 4074 4073
f 4064 4065 4075
f 4064 4075 4074
f 4065 4066 4076
f 4065 4076 4075
f 4066 4067 4077
f 4066 4077 4076
f 4067 4068 4078
f 4067 4078 4077
f 4068 4059 4069
f 4068 4069 4078
o part_109
v 0.010224 0.590179 -0.155269
v 0.006779 0.588381 -0.156815
v 0.002695 0.587126 -0.157813
v -0.002082 0.586460 -0.158215
v -0.007490 0.586329 -0.158075
v -0.013384 0.586611 -0.157518
v -0.019559 0.587132 -0.156719
v -0.025774 0.587687 -0.155885
v -0.031776 0.588061 -0.155235
v -0.037325 0.588050 -0.154974
v -0.042217 0.587481 -0.155277
v -0.046304 0.586229 -0.156272
v -0.049509 0.584227 -0.158024
v -0.051833 0.581477 -0.160534
v -0.053351 0.578043 -0.163735
v -0.054213 0.574051 -0.167501
v -0.054622 0.569674 -0.171656
v -0.054817 0.565116 -0.175993
v -0.055053 0.560592 -0.180297
v -0.055570 0.556307 -0.184359
v -0.056573 0.552435 -0.188003
v -0.058206 0.549098 -0.191106
v -0.060533 0.546350 -0.193612
v -0.063499 0.544146 -0.195570
v -0.060054 0.545944 -0.194024
v -0.055970 0.547199 -0.193026
v -0.051193 0.547865 -0.192624
v -0.045785 0.547996 -0.192764
v -0.039892 0.547714 -0.193322
v -0.033717 0.547193 -0.194121
v -0.027501 0.546638 -0.194954
v -0.021499 0.546264 -0.195604
v -0.015951 0.546275 -0.195865
v -0.011059 0.546844 -0.195562
v -0.006971 0.548096 -0.194567
v -0.003766 0.550098 -0.192815
v -0.001443 0.552848 -0.190305
v 0.000076 0.556282 -0.187104
v 0.000938 0.560274 -0.183338
v 0.001347 0.564651 -0.179184
v 0.001542 0.569209 -0.174846
v 0.001778 0.573733 -0.170542
v 0.002295 0.578018 -0.166481
v 0.003297 0.581890 -0.162836
v 0.004931 0.585227 -0.159734
v 0.007258 0.587975 -0.157227
f 4079 4080 4081
f 4079 4081 4080
f 4079 4081 4082
f 4079 4082 4081
f 4079 4082 4083
f 4079 4083 4082
f 4079 4083 4084
f 4079 4084 4083
f 4079 4084 4085
f 4079 4085 4084
f 4079 4085 4086
f 4079 4086 4085
f 4079 4086 4087
f 4079 4087 4086
f 4079 4087 4088
f 4079 4088 4087
f 4079 4088 4089
f 4079 4089 4088
f 4079 4089 4090
f 4079 4090 4089
f 4079 4090 4091
f 4079 4091 4090
f 4079 4091 4092
f 4079 4092 4091
f 4079 4092 4093
f 4079 4093 4092
f 4079 4093 4094
f 4079 4094 4093
f 4079 4094 4095
f 4079 4095 4094
f 4079 4095 4096
f 4079 4096 4095
f 4079 4096 4097
f 4079 4097 4096
f 4079 4097 4098
f 4079 4098 4097
f 4079 4098 4099
f 4079 4099 4098
f 4079 4099 4100
f 4079 4100 4099
f 4079 4100 4101
f 4079 4101 4100
f 4079 4101 4102
f 4079 4102 4101
f 4079 4102 4103
f 4079 4103 4102
f 4079 4103 4104
f 4079 4104 4103
f 4079 4104 4105
f 4079 4105 4104
f 4079 4105 4106
f 4079 4106 4105
f 4079 4106 4107
f 4079 4107 4106
f 4079 4107 4108
f 4079 4108 4107
f 4079 4108 4109
f 4079 4109 4108
f 4079 4109 4110
f 4079 4110 4109
f 4079 4110 4111
f 4079 4111 4110
f 4079 4111 4112
f 4079 4112 4111
f 4079 4112 4113
f 4079 4113 4112
f 4079 4113 4114
f 4079 4114 4113
f 4079 4114 4115
f 4079 4115 4114
f 4079 4115 4116
f 4079 4116 4115
f 4079 4116 4117
f 4079 4117 4116
f 4079 4117 4118
f 4079 4118 4117
f 4079 4118 4119
f 4079 4119 4118
f 4079 4119 4120
f 4079 4120 4119
f 4079 4120 4121
f 4079 4121 4120
f 4079 4121 4122
f 4079 4122 4121
f 4079 4122 4123
f 4079 4123 4122
f 4079 4123 4124
f 4079 4124 4123
o part_110
v 0.010224 0.590179 -0.155269
v 0.013350 0.588577 -0.153023
v 0.016989 0.586317 -0.151628
v 0.021080 0.583478 -0.150982
v 0.025529 0.580178 -0.150932
v 0.030218 0.576569 -0.151281
v 0.035013 0.572825 -0.151805
v 0.039769 0.569130 -0.152265
v 0.044347 0.565665 -0.152428
v 0.048620 0.562591 -0.152086
v 0.052483 0.560043 -0.151063
v 0.055863 0.558116 -0.149237
v 0.058720 0.556860 -0.146544
v 0.061055 0.556274 -0.142984
v 0.062907 0.556309 -0.138622
v 0.064349 0.556870 -0.133579
v 0.065486 0.557823 -0.128030
v 0.066444 0.559005 -0.122184
v 0.067365 0.560236 -0.116276
v 0.068390 0.561332 -0.110541
v 0.069656 0.562119 -0.105206
v 0.071280 0.562446 -0.100466
v 0.073356 0.562193 -0.096476
v 0.075944 0.561283 -0.093336
v 0.072817 0.562885 -0.095581
v 0.069178 0.565145 -0.096977
v 0.065088 0.567984 -0.097622
v 0.060639 0.571285 -0.097673
v 0.055950 0.574894 -0.097323
v 0.051155 0.578637 -0.096800
v 0.046399 0.582332 -0.096340
v 0.041821 0.585798 -0.096176
v 0.037548 0.588871 -0.096519
v 0.033685 0.591419 -0.097542
v 0.030305 0.593346 -0.099368
v 0.027448 0.594603 -0.102060
v 0.025113 0.595188 -0.105620
v 0.023261 0.595153 -0.109983
v 0.021819 0.594592 -0.115025
v 0.020682 0.593639 -0.120575
v 0.019724 0.592457 -0.126420
v 0.018803 0.591226 -0.132329
v 0.017778 0.590130 -0.138064
v 0.016512 0.589343 -0.143399
v 0.014888 0.589016 -0.148139
v 0.012812 0.589269 -0.152129
f 4125 4126 4127
f 4125 4127 4126
f 4125 4127 4128
f 4125 4128 4127
f 4125 4128 4129
f 4125 4129 4128
f 4125 4129 4130
f 4125 4130 4129
f 4125 4130 4131
f 4125 4131 4130
f 4125 4131 4132
f 4125 4132 4131
f 4125 4132 4133
f 4125 4133 4132
f 4125 4133 4134
f 4125 4134 4133
f 4125 4134 4135
f 4125 4135 4134
f 4125 4135 4136
f 4125 4136 4135
f 4125 4136 4137
f 4125 4137 4136
f 4125 4137 4138
f 4125 4138 4137
f 4125 4138 4139
f 4125 4139 4138
f 4125 4139 4140
f 4125 4140 4139
f 4125 4140 4141
f 4125 4141 4140
f 4125 4141 4142
f 4125 4142 4141
f 4125 4142 4143
f 4125 4143 4142
f 4125 4143 4144
f 4125 4144 4143
f 4125 4144 4145
f 4125 4145 4144
f 4125 4145 4146
f 4125 4146 4145
f 4125 4146 4147
f 4125 4147 4146
f 4125 4147 4148
f 4125 4148 4147
f 4125 4148 4149
f 4125 4149 4148
f 4125 4149 4150
f 4125 4150 4149
f 4125 4150 4151
f 4125 4151 4150
f 4125 4151 4152
f 4125 4152 4151
f 4125 4152 4153
f 4125 4153 4152
f 4125 4153 4154
f 4125 4154 4153
f 4125 4154 4155
f 4125 4155 4154
f 4125 4155 4156
f 4125 4156 4155
f 4125 4156 4157
f 4125 4157 4156
f 4125 4157 4158
f 4125 4158 4157
f 4125 4158 4159
f 4125 4159 4158
f 4125 4159 4160
f 4125 4160 4159
f 4125 4160 4161
f 4125 4161 4160
f 4125 4161 4162
f 4125 4162 4161
f 4125 4162 4163
f 4125 4163 4162
f 4125 4163 4164
f 4125 4164 4163
f 4125 4164 4165
f 4125 4165 4164
f 4125 4165 4166
f 4125 4166 4165
f 4125 4166 4167
f 4125 4167 4166
f 4125 4167 4168
f 4125 4168 4167
f 4125 4168 4169
f 4125 4169 4168
f 4125 4169 4170
f 4125 4170 4169
o part_111
v 0.022488 0.437545 -0.104497
v 0.015822 0.441456 -0.100788
v 0.012510 0.443874 -0.093259
v 0.013817 0.443874 -0.084786
v 0.019244 0.441456 -0.078605
v 0.026719 0.437545 -0.077078
v 0.033385 0.433633 -0.080787
v 0.036698 0.431215 -0.088316
v 0.035390 0.431215 -0.096789
v 0.029963 0.433633 -0.102970
v 0.065678 0.516218 -0.106669
v 0.061145 0.518878 -0.104147
v 0.058893 0.520522 -0.099027
v 0.059782 0.520522 -0.093266
v 0.063473 0.518878 -0.089063
v 0.068555 0.516218 -0.088024
v 0.073088 0.513558 -0.090546
v 0.075341 0.511914 -0.095666
v 0.074452 0.511914 -0.101428
v 0.070761 0.513558 -0.105631
f 4171 4172 4182
f 4171 4182 4181
f 4172 4173 4183
f 4172 4183 4182
f 4173 4174 4184
f 4173 4184 4183
f 4174 4175 4185
f 4174 4185 4184
f 4175 4176 4186
f 4175 4186 4185
f 4176 4177 4187
f 4176 4187 4186
f 4177 4178 4188
f 4177 4188 4187
f 4178 4179 4189
f 4178 4189 4188
f 4179 4180 4190
f 4179 4190 4189
f 4180 4171 4181
f 4180 4181 4190
o part_112
v 0.067117 0.516218 -0.097347
v 0.066510 0.515234 -0.100232
v 0.065511 0.514461 -0.103120
v 0.063881 0.514028 -0.106015
v 0.061517 0.513992 -0.108918
v 0.058449 0.514335 -0.111827
v 0.054842 0.514970 -0.114742
v 0.050965 0.515750 -0.117660
v 0.047153 0.516495 -0.120577
v 0.043763 0.517012 -0.123490
v 0.041120 0.517126 -0.126395
v 0.039469 0.516705 -0.129290
v 0.038943 0.515677 -0.132174
v 0.039542 0.514042 -0.135047
v 0.041134 0.511871 -0.137910
v 0.043472 0.509298 -0.140765
v 0.046233 0.506497 -0.143616
v 0.049059 0.503660 -0.146467
v 0.051614 0.500970 -0.149320
v 0.053630 0.498570 -0.152178
v 0.054943 0.496550 -0.155044
v 0.055521 0.494927 -0.157917
v 0.055468 0.493643 -0.160796
v 0.055024 0.492571 -0.163679
v 0.055631 0.493555 -0.160795
v 0.056630 0.494328 -0.157906
v 0.058259 0.494761 -0.155011
v 0.060624 0.494797 -0.152108
v 0.063691 0.494454 -0.149199
v 0.067298 0.493819 -0.146284
v 0.071176 0.493039 -0.143366
v 0.074988 0.492294 -0.140449
v 0.078377 0.491777 -0.137536
v 0.081021 0.491663 -0.134631
v 0.082672 0.492084 -0.131736
v 0.083198 0.493112 -0.128852
v 0.082598 0.494747 -0.125979
v 0.081006 0.496918 -0.123116
v 0.078668 0.499491 -0.120261
v 0.075908 0.502292 -0.117410
v 0.073082 0.505129 -0.114559
v 0.070526 0.507819 -0.111706
v 0.068511 0.510219 -0.108848
v 0.067198 0.512239 -0.105982
v 0.066620 0.513863 -0.103109
v 0.066672 0.515146 -0.100230
f 4191 4192 4193
f 4191 4193 4192
f 4191 4193 4194
f 4191 4194 4193
f 4191 4194 4195
f 4191 4195 4194
f 4191 4195 4196
f 4191 4196 4195
f 4191 4196 4197
f 4191 4197 4196
f 4191 4197 4198
f 4191 4198 4197
f 4191 4198 4199
f 4191 4199 4198
f 4191 4199 4200
f 4191 4200 4199
f 4191 4200 4201
f 4191 4201 4200
f 4191 4201 4202
f 4191 4202 4201
f 4191 4202 4203
f 4191 4203 4202
f 4191 4203 4204
f 4191 4204 4203
f 4191 4204 4205
f 4191 4205 4204
f 4191 4205 4206
f 4191 4206 4205
f 4191 4206 4207
f 4191 4207 4206
f 4191 4207 4208
f 4191 4208 4207
f 4191 4208 4209
f 4191 4209 4208
f 4191 4209 4210
f 4191 4210 4209
f 4191 4210 4211
f 4191 4211 4210
f 4191 4211 4212
f 4191 4212 4211
f 4191 4212 4213
f 4191 4213 4212
f 4191 4213 4214
f 4191 4214 4213
f 4191 4214 4215
f 4191 4215 4214
f 4191 4215 4216
f 4191 4216 4215
f 4191 4216 4217
f 4191 4217 4216
f 4191 4217 4218
f 4191 4218 4217
f 4191 4218 4219
f 4191 4219 4218
f 4191 4219 4220
f 4191 4220 4219
f 4191 4220 4221
f 4191 4221 4220
f 4191 4221 4222
f 4191 4222 4221
f 4191 4222 4223
f 4191 4223 4222
f 4191 4223 4224
f 4191 4224 4223
f 4191 4224 4225
f 4191 4225 4224
f 4191 4225 4226
f 4191 4226 4225
f 4191 4226 4227
f 4191 4227 4226
f 4191 4227 4228
f 4191 4228 4227
f 4191 4228 4229
f 4191 4229 4228
f 4191 4229 4230
f 4191 4230 4229
f 4191 4230 4231
f 4191 4231 4230
f 4191 4231 4232
f 4191 4232 4231
f 4191 4232 4233
f 4191 4233 4232
f 4191 4233 4234
f 4191 4234 4233
f 4191 4234 4235
f 4191 4235 4234
f 4191 4235 4236
f 4191 4236 4235
o part_113
v 0.067117 0.516218 -0.097347
v 0.068746 0.513418 -0.092744
v 0.070952 0.510273 -0.088529
v 0.074110 0.506561 -0.084952
v 0.078395 0.502177 -0.082133
v 0.083771 0.497142 -0.080046
v 0.089997 0.491600 -0.078531
v 0.096663 0.485796 -0.077310
v 0.103245 0.480041 -0.076033
v 0.109189 0.474668 -0.074328
v 0.113984 0.469979 -0.071851
v 0.117243 0.466207 -0.068343
v 0.118756 0.463475 -0.063662
v 0.118525 0.461785 -0.057810
v 0.116757 0.461010 -0.050927
v 0.113841 0.460920 -0.043272
v 0.110286 0.461211 -0.035188
v 0.106648 0.461552 -0.027048
v 0.103449 0.461631 -0.019204
v 0.101100 0.461203 -0.011930
v 0.099843 0.460124 -0.005389
v 0.099713 0.458372 0.000395
v 0.100534 0.456054 0.005541
v 0.101932 0.453391 0.010298
v 0.100303 0.456191 0.005696
v 0.098097 0.459336 0.001481
v 0.094939 0.463048 -0.002096
v 0.090654 0.467432 -0.004915
v 0.085278 0.472467 -0.007002
v 0.079052 0.478009 -0.008517
v 0.072386 0.483813 -0.009738
v 0.065804 0.489568 -0.011015
v 0.059860 0.494941 -0.012721
v 0.055065 0.499630 -0.015197
v 0.051806 0.503402 -0.018706
v 0.050292 0.506134 -0.023386
v 0.050524 0.507824 -0.029238
v 0.052292 0.508599 -0.036122
v 0.055208 0.508689 -0.043776
v 0.058763 0.508398 -0.051860
v 0.062401 0.508057 -0.060000
v 0.065600 0.507978 -0.067845
v 0.067949 0.508406 -0.075119
v 0.069206 0.509485 -0.081660
v 0.069336 0.511237 -0.087444
v 0.068515 0.513555 -0.092589
f 4237 4238 4239
f 4237 4239 4238
f 4237 4239 4240
f 4237 4240 4239
f 4237 4240 4241
f 4237 4241 4240
f 4237 4241 4242
f 4237 4242 4241
f 4237 4242 4243
f 4237 4243 4242
f 4237 4243 4244
f 4237 4244 4243
f 4237 4244 4245
f 4237 4245 4244
f 4237 4245 4246
f 4237 4246 4245
f 4237 4246 4247
f 4237 4247 4246
f 4237 4247 4248
f 4237 4248 4247
f 4237 4248 4249
f 4237 4249 4248
f 4237 4249 4250
f 4237 4250 4249
f 4237 4250 4251
f 4237 4251 4250
f 4237 4251 4252
f 4237 4252 4251
f 4237 4252 4253
f 4237 4253 4252
f 4237 4253 4254
f 4237 4254 4253
f 4237 4254 4255
f 4237 4255 4254
f 4237 4255 4256
f 4237 4256 4255
f 4237 4256 4257
f 4237 4257 4256
f 4237 4257 4258
f 4237 4258 4257
f 4237 4258 4259
f 4237 4259 4258
f 4237 4259 4260
f 4237 4260 4259
f 4237 4260 4261
f 4237 4261 4260
f 4237 4261 4262
f 4237 4262 4261
f 4237 4262 4263
f 4237 4263 4262
f 4237 4263 4264
f 4237 4264 4263
f 4237 4264 4265
f 4237 4265 4264
f 4237 4265 4266
f 4237 4266 4265
f 4237 4266 4267
f 4237 4267 4266
f 4237 4267 4268
f 4237 4268 4267
f 4237 4268 4269
f 4237 4269 4268
f 4237 4269 4270
f 4237 4270 4269
f 4237 4270 4271
f 4237 4271 4270
f 4237 4271 4272
f 4237 4272 4271
f 4237 4272 4273
f 4237 4273 4272
f 4237 4273 4274
f 4237 4274 4273
f 4237 4274 4275
f 4237 4275 4274
f 4237 4275 4276
f 4237 4276 4275
f 4237 4276 4277
f 4237 4277 4276
f 4237 4277 4278
f 4237 4278 4277
f 4237 4278 4279
f 4237 4279 4278
f 4237 4279 4280
f 4237 4280 4279
f 4237 4280 4281
f 4237 4281 4280
f 4237 4281 4282
f 4237 4282 4281
o part_114
v 0.066421 0.516218 -0.106754
v 0.063857 0.521058 -0.104758
v 0.062538 0.524050 -0.099931
v 0.062968 0.524050 -0.094117
v 0.064982 0.521058 -0.089537
v 0.067812 0.516218 -0.087939
v 0.070377 0.511378 -0.089935
v 0.071696 0.508386 -0.094762
v 0.071266 0.508386 -0.100576
v 0.069251 0.511378 -0.105157
v 0.109290 0.540111 -0.106896
v 0.107547 0.543403 -0.105539
v 0.106650 0.545437 -0.102257
v 0.106942 0.545437 -0.098303
v 0.108312 0.543403 -0.095189
v 0.110236 0.540111 -0.094103
v 0.111980 0.536820 -0.095460
v 0.112877 0.534786 -0.098742
v 0.112585 0.534786 -0.102696
v 0.111215 0.536820 -0.105810
f 4283 4284 4294
f 4283 4294 4293
f 4284 4285 4295
f 4284 4295 4294
f 4285 4286 4296
f 4285 4296 4295
f 4286 4287 4297
f 4286 4297 4296
f 4287 4288 4298
f 4287 4298 4297
f 4288 4289 4299
f 4288 4299 4298
f 4289 4290 4300
f 4289 4300 4299
f 4290 4291 4301
f 4290 4301 4300
f 4291 4292 4302
f 4291 4302 4301
f 4292 4283 4293
f 4292 4293 4302
o part_115
v 0.109763 0.540111 -0.100500
v 0.108131 0.539194 -0.103636
v 0.106361 0.538526 -0.106776
v 0.104273 0.538420 -0.109924
v 0.101723 0.539141 -0.113083
v 0.098642 0.540805 -0.116254
v 0.095077 0.543334 -0.119436
v 0.091183 0.546448 -0.122626
v 0.087211 0.549702 -0.125818
v 0.083458 0.552564 -0.129005
v 0.080219 0.554511 -0.132180
v 0.077728 0.555125 -0.135337
v 0.076114 0.554178 -0.138474
v 0.075376 0.551668 -0.141589
v 0.075386 0.547826 -0.144687
v 0.075910 0.543068 -0.147773
v 0.076654 0.537919 -0.150854
v 0.077319 0.532910 -0.153937
v 0.077655 0.528486 -0.157027
v 0.077507 0.524927 -0.160129
v 0.076829 0.522311 -0.163243
v 0.075687 0.520520 -0.166368
v 0.074229 0.519294 -0.169501
v 0.072632 0.518315 -0.172637
v 0.074264 0.519232 -0.169500
v 0.076035 0.519901 -0.166360
v 0.078122 0.520006 -0.163213
v 0.080673 0.519285 -0.160054
v 0.083753 0.517621 -0.156883
v 0.087319 0.515092 -0.153700
v 0.091212 0.511979 -0.150510
v 0.095185 0.508725 -0.147318
v 0.098937 0.505863 -0.144131
v 0.102176 0.503916 -0.140956
v 0.104668 0.503301 -0.137799
v 0.106282 0.504249 -0.134663
v 0.107019 0.506759 -0.131547
v 0.107009 0.510601 -0.128449
v 0.106485 0.515359 -0.125363
v 0.105742 0.520508 -0.122282
v 0.105077 0.525517 -0.119200
v 0.104740 0.529941 -0.116110
v 0.104889 0.533500 -0.113008
v 0.105567 0.536116 -0.109893
v 0.106708 0.537906 -0.106768
v 0.108166 0.539133 -0.103636
f 4303 4304 4305
f 4303 4305 4304
f 4303 4305 4306
f 4303 4306 4305
f 4303 4306 4307
f 4303 4307 4306
f 4303 4307 4308
f 4303 4308 4307
f 4303 4308 4309
f 4303 4309 4308
f 4303 4309 4310
f 4303 4310 4309
f 4303 4310 4311
f 4303 4311 4310
f 4303 4311 4312
f 4303 4312 4311
f 4303 4312 4313
f 4303 4313 4312
f 4303 4313 4314
f 4303 4314 4313
f 4303 4314 4315
f 4303 4315 4314
f 4303 4315 4316
f 4303 4316 4315
f 4303 4316 4317
f 4303 4317 4316
f 4303 4317 4318
f 4303 4318 4317
f 4303 4318 4319
f 4303 4319 4318
f 4303 4319 4320
f 4303 4320 4319
f 4303 4320 4321
f 4303 4321 4320
f 4303 4321 4322
f 4303 4322 4321
f 4303 4322 4323
f 4303 4323 4322
f 4303 4323 4324
f 4303 4324 4323
f 4303 4324 4325
f 4303 4325 4324
f 4303 4325 4326
f 4303 4326 4325
f 4303 4326 4327
f 4303 4327 4326
f 4303 4327 4328
f 4303 4328 4327
f 4303 4328 4329
f 4303 4329 4328
f 4303 4329 4330
f 4303 4330 4329
f 4303 4330 4331
f 4303 4331 4330
f 4303 4331 4332
f 4303 4332 4331
f 4303 4332 4333
f 4303 4333 4332
f 4303 4333 4334
f 4303 4334 4333
f 4303 4334 4335
f 4303 4335 4334
f 4303 4335 4336
f 4303 4336 4335
f 4303 4336 4337
f 4303 4337 4336
f 4303 4337 4338
f 4303 4338 4337
f 4303 4338 4339
f 4303 4339 4338
f 4303 4339 4340
f 4303 4340 4339
f 4303 4340 4341
f 4303 4341 4340
f 4303 4341 4342
f 4303 4342 4341
f 4303 4342 4343
f 4303 4343 4342
f 4303 4343 4344
f 4303 4344 4343
f 4303 4344 4345
f 4303 4345 4344
f 4303 4345 4346
f 4303 4346 4345
f 4303 4346 4347
f 4303 4347 4346
f 4303 4347 4348
f 4303 4348 4347
o part_116
v 0.109763 0.540111 -0.100500
v 0.108261 0.539981 -0.097601
v 0.106938 0.539541 -0.094614
v 0.105949 0.538526 -0.091467
v 0.105389 0.536773 -0.088111
v 0.105270 0.534260 -0.084542
v 0.105519 0.531115 -0.080795
v 0.105981 0.527603 -0.076944
v 0.106448 0.524083 -0.073091
v 0.106686 0.520957 -0.069349
v 0.106477 0.518599 -0.065824
v 0.105653 0.517302 -0.062597
v 0.104120 0.517223 -0.059712
v 0.101879 0.518362 -0.057170
v 0.099023 0.520562 -0.054927
v 0.095719 0.523531 -0.052900
v 0.092187 0.526892 -0.050984
v 0.088659 0.530247 -0.049066
v 0.085345 0.533234 -0.047044
v 0.082398 0.535589 -0.044844
v 0.079893 0.537184 -0.042431
v 0.077816 0.538041 -0.039810
v 0.076074 0.538323 -0.037027
v 0.074511 0.538295 -0.034157
v 0.076014 0.538426 -0.037056
v 0.077337 0.538866 -0.040042
v 0.078326 0.539881 -0.043190
v 0.078886 0.541634 -0.046545
v 0.079004 0.544147 -0.050115
v 0.078755 0.547292 -0.053862
v 0.078293 0.550804 -0.057712
v 0.077826 0.554323 -0.061565
v 0.077588 0.557450 -0.065307
v 0.077797 0.559807 -0.068832
v 0.078622 0.561105 -0.072060
v 0.080154 0.561184 -0.074944
v 0.082395 0.560044 -0.077486
v 0.085252 0.557845 -0.079729
v 0.088555 0.554876 -0.081756
v 0.092087 0.551514 -0.083672
v 0.095615 0.548160 -0.085591
v 0.098929 0.545173 -0.087613
v 0.101876 0.542818 -0.089812
v 0.104381 0.541223 -0.092226
v 0.106458 0.540366 -0.094847
v 0.108200 0.540084 -0.097630
f 4349 4350 4351
f 4349 4351 4350
f 4349 4351 4352
f 4349 4352 4351
f 4349 4352 4353
f 4349 4353 4352
f 4349 4353 4354
f 4349 4354 4353
f 4349 4354 4355
f 4349 4355 4354
f 4349 4355 4356
f 4349 4356 4355
f 4349 4356 4357
f 4349 4357 4356
f 4349 4357 4358
f 4349 4358 4357
f 4349 4358 4359
f 4349 4359 4358
f 4349 4359 4360
f 4349 4360 4359
f 4349 4360 4361
f 4349 4361 4360
f 4349 4361 4362
f 4349 4362 4361
f 4349 4362 4363
f 4349 4363 4362
f 4349 4363 4364
f 4349 4364 4363
f 4349 4364 4365
f 4349 4365 4364
f 4349 4365 4366
f 4349 4366 4365
f 4349 4366 4367
f 4349 4367 4366
f 4349 4367 4368
f 4349 4368 4367
f 4349 4368 4369
f 4349 4369 4368
f 4349 4369 4370
f 4349 4370 4369
f 4349 4370 4371
f 4349 4371 4370
f 4349 4371 4372
f 4349 4372 4371
f 4349 4372 4373
f 4349 4373 4372
f 4349 4373 4374
f 4349 4374 4373
f 4349 4374 4375
f 4349 4375 4374
f 4349 4375 4376
f 4349 4376 4375
f 4349 4376 4377
f 4349 4377 4376
f 4349 4377 4378
f 4349 4378 4377
f 4349 4378 4379
f 4349 4379 4378
f 4349 4379 4380
f 4349 4380 4379
f 4349 4380 4381
f 4349 4381 4380
f 4349 4381 4382
f 4349 4382 4381
f 4349 4382 4383
f 4349 4383 4382
f 4349 4383 4384
f 4349 4384 4383
f 4349 4384 4385
f 4349 4385 4384
f 4349 4385 4386
f 4349 4386 4385
f 4349 4386 4387
f 4349 4387 4386
f 4349 4387 4388
f 4349 4388 4387
f 4349 4388 4389
f 4349 4389 4388
f 4349 4389 4390
f 4349 4390 4389
f 4349 4390 4391
f 4349 4391 4390
f 4349 4391 4392
f 4349 4392 4391
f 4349 4392 4393
f 4349 4393 4392
f 4349 4393 4394
f 4349 4394 4393
o part_117
v 0.057814 0.516218 -0.098908
v 0.058873 0.519676 -0.094335
v 0.063081 0.521813 -0.090913
v 0.068831 0.521813 -0.089948
v 0.073926 0.519676 -0.091809
v 0.076420 0.516218 -0.095786
v 0.075360 0.512760 -0.100358
v 0.071152 0.510624 -0.103781
v 0.065403 0.510624 -0.104746
v 0.060308 0.512760 -0.102884
v 0.066538 0.559749 -0.132655
v 0.067258 0.562100 -0.129545
v 0.070120 0.563553 -0.127218
v 0.074030 0.563553 -0.126562
v 0.077494 0.562100 -0.127828
v 0.079190 0.559749 -0.130532
v 0.078470 0.557398 -0.133641
v 0.075608 0.555945 -0.135968
v 0.071699 0.555945 -0.136624
v 0.068234 0.557398 -0.135359
f 4395 4396 4406
f 4395 4406 4405
f 4396 4397 4407
f 4396 4407 4406
f 4397 4398 4408
f 4397 4408 4407
f 4398 4399 4409
f 4398 4409 4408
f 4399 4400 4410
f 4399 4410 4409
f 4400 4401 4411
f 4400 4411 4410
f 4401 4402 4412
f 4401 4412 4411
f 4402 4403 4413
f 4402 4413 4412
f 4403 4404 4414
f 4403 4414 4413
f 4404 4395 4405
f 4404 4405 4414
o part_118
v 0.072864 0.559749 -0.131593
v 0.068165 0.558675 -0.129365
v 0.063560 0.557840 -0.126816
v 0.059165 0.557554 -0.123536
v 0.055081 0.558070 -0.119182
v 0.051351 0.559505 -0.113602
v 0.047948 0.561783 -0.106895
v 0.044765 0.564632 -0.099425
v 0.041635 0.567620 -0.091770
v 0.038358 0.570227 -0.084624
v 0.034738 0.571943 -0.078668
v 0.030616 0.572362 -0.074445
v 0.025905 0.571258 -0.072257
v 0.020607 0.568631 -0.072102
v 0.014808 0.564706 -0.073682
v 0.008664 0.559891 -0.076452
v 0.002373 0.554695 -0.079729
v -0.003864 0.549637 -0.082822
v -0.009881 0.545151 -0.085153
v -0.015572 0.541507 -0.086357
v -0.020908 0.538783 -0.086333
v -0.025934 0.536861 -0.085237
v -0.030748 0.535487 -0.083409
v -0.035470 0.534353 -0.081260
v -0.030771 0.535427 -0.083489
v -0.026165 0.536262 -0.086038
v -0.021771 0.536548 -0.089318
v -0.017686 0.536032 -0.093671
v -0.013957 0.534597 -0.099252
v -0.010553 0.532319 -0.105959
v -0.007370 0.529470 -0.113429
v -0.004241 0.526482 -0.121083
v -0.000964 0.523875 -0.128230
v 0.002657 0.522159 -0.134186
v 0.006779 0.521740 -0.138409
v 0.011489 0.522844 -0.140597
v 0.016787 0.525471 -0.140751
v 0.022587 0.529396 -0.139172
v 0.028731 0.534211 -0.136402
v 0.035021 0.539407 -0.133124
v 0.041258 0.544465 -0.130031
v 0.047275 0.548951 -0.127701
v 0.052966 0.552595 -0.126497
v 0.058302 0.555320 -0.126520
v 0.063328 0.557241 -0.127617
v 0.068142 0.558615 -0.129445
f 4415 4416 4417
f 4415 4417 4416
f 4415 4417 4418
f 4415 4418 4417
f 4415 4418 4419
f 4415 4419 4418
f 4415 4419 4420
f 4415 4420 4419
f 4415 4420 4421
f 4415 4421 4420
f 4415 4421 4422
f 4415 4422 4421
f 4415 4422 4423
f 4415 4423 4422
f 4415 4423 4424
f 4415 4424 4423
f 4415 4424 4425
f 4415 4425 4424
f 4415 4425 4426
f 4415 4426 4425
f 4415 4426 4427
f 4415 4427 4426
f 4415 4427 4428
f 4415 4428 4427
f 4415 4428 4429
f 4415 4429 4428
f 4415 4429 4430
f 4415 4430 4429
f 4415 4430 4431
f 4415 4431 4430
f 4415 4431 4432
f 4415 4432 4431
f 4415 4432 4433
f 4415 4433 4432
f 4415 4433 4434
f 4415 4434 4433
f 4415 4434 4435
f 4415 4435 4434
f 4415 4435 4436
f 4415 4436 4435
f 4415 4436 4437
f 4415 4437 4436
f 4415 4437 4438
f 4415 4438 4437
f 4415 4438 4439
f 4415 4439 4438
f 4415 4439 4440
f 4415 4440 4439
f 4415 4440 4441
f 4415 4441 4440
f 4415 4441 4442
f 4415 4442 4441
f 4415 4442 4443
f 4415 4443 4442
f 4415 4443 4444
f 4415 4444 4443
f 4415 4444 4445
f 4415 4445 4444
f 4415 4445 4446
f 4415 4446 4445
f 4415 4446 4447
f 4415 4447 4446
f 4415 4447 4448
f 4415 4448 4447
f 4415 4448 4449
f 4415 4449 4448
f 4415 4449 4450
f 4415 4450 4449
f 4415 4450 4451
f 4415 4451 4450
f 4415 4451 4452
f 4415 4452 4451
f 4415 4452 4453
f 4415 4453 4452
f 4415 4453 4454
f 4415 4454 4453
f 4415 4454 4455
f 4415 4455 4454
f 4415 4455 4456
f 4415 4456 4455
f 4415 4456 4457
f 4415 4457 4456
f 4415 4457 4458
f 4415 4458 4457
f 4415 4458 4459
f 4415 4459 4458
f 4415 4459 4460
f 4415 4460 4459
o part_119
v 0.072864 0.559749 -0.131593
v 0.075457 0.559499 -0.129512
v 0.078248 0.559017 -0.127690
v 0.081392 0.558122 -0.126336
v 0.084980 0.556709 -0.125565
v 0.089017 0.554771 -0.125386
v 0.093419 0.552407 -0.125688
v 0.098026 0.549802 -0.126261
v 0.102627 0.547206 -0.126824
v 0.106986 0.544891 -0.127070
v 0.110887 0.543112 -0.126712
v 0.114162 0.542064 -0.125529
v 0.116720 0.541854 -0.123402
v 0.118561 0.542482 -0.120330
v 0.119776 0.543842 -0.116433
v 0.120533 0.545737 -0.111932
v 0.121049 0.547914 -0.107113
v 0.121558 0.550100 -0.102285
v 0.122272 0.552044 -0.097728
v 0.123352 0.553562 -0.093653
v 0.124880 0.554556 -0.090168
v 0.126851 0.555032 -0.087268
v 0.129177 0.555094 -0.084834
v 0.131700 0.554925 -0.082661
v 0.129107 0.555175 -0.084742
v 0.126316 0.555657 -0.086564
v 0.123172 0.556552 -0.087918
v 0.119584 0.557965 -0.088689
v 0.115547 0.559903 -0.088868
v 0.111145 0.562267 -0.088566
v 0.106538 0.564872 -0.087993
v 0.101938 0.567468 -0.087430
v 0.097578 0.569783 -0.087184
v 0.093677 0.571562 -0.087542
v 0.090402 0.572610 -0.088725
v 0.087844 0.572820 -0.090852
v 0.086003 0.572192 -0.093924
v 0.084788 0.570832 -0.097821
v 0.084031 0.568937 -0.102322
v 0.083515 0.566760 -0.107141
v 0.083007 0.564574 -0.111969
v 0.082292 0.562629 -0.116526
v 0.081213 0.561112 -0.120601
v 0.079684 0.560118 -0.124086
v 0.077713 0.559642 -0.126986
v 0.075387 0.559580 -0.129420
f 4461 4462 4463
f 4461 4463 4462
f 4461 4463 4464
f 4461 4464 4463
f 4461 4464 4465
f 4461 4465 4464
f 4461 4465 4466
f 4461 4466 4465
f 4461 4466 4467
f 4461 4467 4466
f 4461 4467 4468
f 4461 4468 4467
f 4461 4468 4469
f 4461 4469 4468
f 4461 4469 4470
f 4461 4470 4469
f 4461 4470 4471
f 4461 4471 4470
f 4461 4471 4472
f 4461 4472 4471
f 4461 4472 4473
f 4461 4473 4472
f 4461 4473 4474
f 4461 4474 4473
f 4461 4474 4475
f 4461 4475 4474
f 4461 4475 4476
f 4461 4476 4475
f 4461 4476 4477
f 4461 4477 4476
f 4461 4477 4478
f 4461 4478 4477
f 4461 4478 4479
f 4461 4479 4478
f 4461 4479 4480
f 4461 4480 4479
f 4461 4480 4481
f 4461 4481 4480
f 4461 4481 4482
f 4461 4482 4481
f 4461 4482 4483
f 4461 4483 4482
f 4461 4483 4484
f 4461 4484 4483
f 4461 4484 4485
f 4461 4485 4484
f 4461 4485 4486
f 4461 4486 4485
f 4461 4486 4487
f 4461 4487 4486
f 4461 4487 4488
f 4461 4488 4487
f 4461 4488 4489
f 4461 4489 4488
f 4461 4489 4490
f 4461 4490 4489
f 4461 4490 4491
f 4461 4491 4490
f 4461 4491 4492
f 4461 4492 4491
f 4461 4492 4493
f 4461 4493 4492
f 4461 4493 4494
f 4461 4494 4493
f 4461 4494 4495
f 4461 4495 4494
f 4461 4495 4496
f 4461 4496 4495
f 4461 4496 4497
f 4461 4497 4496
f 4461 4497 4498
f 4461 4498 4497
f 4461 4498 4499
f 4461 4499 4498
f 4461 4499 4500
f 4461 4500 4499
f 4461 4500 4501
f 4461 4501 4500
f 4461 4501 4502
f 4461 4502 4501
f 4461 4502 4503
f 4461 4503 4502
f 4461 4503 4504
f 4461 4504 4503
f 4461 4504 4505
f 4461 4505 4504
f 4461 4505 4506
f 4461 4506 4505
o part_120
v 0.067117 0.512637 -0.088620
v 0.072641 0.512878 -0.090468
v 0.076055 0.514395 -0.094944
v 0.076055 0.516609 -0.100337
v 0.072641 0.518673 -0.104588
v 0.067117 0.519800 -0.106073
v 0.061593 0.519558 -0.104225
v 0.058179 0.518041 -0.099750
v 0.058179 0.515827 -0.094356
v 0.061593 0.513763 -0.090105
v 0.071707 0.562819 -0.071288
v 0.075463 0.562983 -0.072545
v 0.077784 0.564015 -0.075588
v 0.077784 0.565520 -0.079256
v 0.075463 0.566923 -0.082147
v 0.071707 0.567689 -0.083156
v 0.067950 0.567525 -0.081900
v 0.065629 0.566493 -0.078856
v 0.065629 0.564988 -0.075189
v 0.067950 0.563585 -0.072298
f 4507 4508 4518
f 4507 4518 4517
f 4508 4509 4519
f 4508 4519 4518
f 4509 4510 4520
f 4509 4520 4519
f 4510 4511 4521
f 4510 4521 4520
f 4511 4512 4522
f 4511 4522 4521
f 4512 4513 4523
f 4512 4523 4522
f 4513 4514 4524
f 4513 4524 4523
f 4514 4515 4525
f 4514 4525 4524
f 4515 4516 4526
f 4515 4526 4525
f 4516 4507 4517
f 4516 4517 4526
o part_121
v 0.071707 0.565254 -0.077222
v 0.071206 0.562711 -0.074728
v 0.071098 0.560117 -0.072197
v 0.071726 0.557426 -0.069598
v 0.073308 0.554609 -0.066911
v 0.075878 0.551662 -0.064132
v 0.079275 0.548606 -0.061276
v 0.083158 0.545486 -0.058375
v 0.087058 0.542364 -0.055473
v 0.090454 0.539308 -0.052617
v 0.092853 0.536384 -0.049854
v 0.093874 0.533641 -0.047218
v 0.093310 0.531107 -0.044730
v 0.091159 0.528781 -0.042389
v 0.087631 0.526637 -0.040176
v 0.083106 0.524624 -0.038055
v 0.078077 0.522678 -0.035981
v 0.073065 0.520729 -0.033905
v 0.068539 0.518717 -0.031784
v 0.064840 0.516595 -0.029587
v 0.062129 0.514344 -0.027297
v 0.060371 0.511967 -0.024920
v 0.059351 0.509492 -0.022474
v 0.058722 0.506967 -0.019992
v 0.059222 0.509509 -0.022486
v 0.059331 0.512104 -0.025016
v 0.058702 0.514795 -0.027615
v 0.057121 0.517612 -0.030303
v 0.054550 0.520559 -0.033082
v 0.051154 0.523615 -0.035938
v 0.047271 0.526735 -0.038839
v 0.043371 0.529857 -0.041741
v 0.039975 0.532912 -0.044597
v 0.037576 0.535837 -0.047360
v 0.036554 0.538580 -0.049995
v 0.037119 0.541114 -0.052484
v 0.039269 0.543440 -0.054825
v 0.042797 0.545584 -0.057038
v 0.047322 0.547596 -0.059159
v 0.052352 0.549543 -0.061233
v 0.057364 0.551491 -0.063309
v 0.061890 0.553504 -0.065430
v 0.065589 0.555625 -0.067627
v 0.068300 0.557877 -0.069916
v 0.070057 0.560254 -0.072294
v 0.071078 0.562728 -0.074740
f 4527 4528 4529
f 4527 4529 4528
f 4527 4529 4530
f 4527 4530 4529
f 4527 4530 4531
f 4527 4531 4530
f 4527 4531 4532
f 4527 4532 4531
f 4527 4532 4533
f 4527 4533 4532
f 4527 4533 4534
f 4527 4534 4533
f 4527 4534 4535
f 4527 4535 4534
f 4527 4535 4536
f 4527 4536 4535
f 4527 4536 4537
f 4527 4537 4536
f 4527 4537 4538
f 4527 4538 4537
f 4527 4538 4539
f 4527 4539 4538
f 4527 4539 4540
f 4527 4540 4539
f 4527 4540 4541
f 4527 4541 4540
f 4527 4541 4542
f 4527 4542 4541
f 4527 4542 4543
f 4527 4543 4542
f 4527 4543 4544
f 4527 4544 4543
f 4527 4544 4545
f 4527 4545 4544
f 4527 4545 4546
f 4527 4546 4545
f 4527 4546 4547
f 4527 4547 4546
f 4527 4547 4548
f 4527 4548 4547
f 4527 4548 4549
f 4527 4549 4548
f 4527 4549 4550
f 4527 4550 4549
f 4527 4550 4551
f 4527 4551 4550
f 4527 4551 4552
f 4527 4552 4551
f 4527 4552 4553
f 4527 4553 4552
f 4527 4553 4554
f 4527 4554 4553
f 4527 4554 4555
f 4527 4555 4554
f 4527 4555 4556
f 4527 4556 4555
f 4527 4556 4557
f 4527 4557 4556
f 4527 4557 4558
f 4527 4558 4557
f 4527 4558 4559
f 4527 4559 4558
f 4527 4559 4560
f 4527 4560 4559
f 4527 4560 4561
f 4527 4561 4560
f 4527 4561 4562
f 4527 4562 4561
f 4527 4562 4563
f 4527 4563 4562
f 4527 4563 4564
f 4527 4564 4563
f 4527 4564 4565
f 4527 4565 4564
f 4527 4565 4566
f 4527 4566 4565
f 4527 4566 4567
f 4527 4567 4566
f 4527 4567 4568
f 4527 4568 4567
f 4527 4568 4569
f 4527 4569 4568
f 4527 4569 4570
f 4527 4570 4569
f 4527 4570 4571
f 4527 4571 4570
f 4527 4571 4572
f 4527 4572 4571
o part_122
v 0.071707 0.565254 -0.077222
v 0.070559 0.564285 -0.081646
v 0.068705 0.563319 -0.085913
v 0.065771 0.562355 -0.089941
v 0.061617 0.561394 -0.093699
v 0.056329 0.560437 -0.097206
v 0.050193 0.559482 -0.100526
v 0.043660 0.558528 -0.103757
v 0.037275 0.557574 -0.107021
v 0.031609 0.556618 -0.110445
v 0.027174 0.555658 -0.114140
v 0.024358 0.554694 -0.118195
v 0.023368 0.553725 -0.122653
v 0.024205 0.552751 -0.127516
v 0.026660 0.551772 -0.132737
v 0.030347 0.550791 -0.138231
v 0.034752 0.549807 -0.143884
v 0.039306 0.548822 -0.149570
v 0.043462 0.547839 -0.155168
v 0.046771 0.546858 -0.160578
v 0.048945 0.545880 -0.165737
v 0.049900 0.544906 -0.170626
v 0.049775 0.543935 -0.175276
v 0.048943 0.542965 -0.179770
v 0.050090 0.543934 -0.175346
v 0.051945 0.544900 -0.171079
v 0.054879 0.545864 -0.167051
v 0.059033 0.546825 -0.163293
v 0.064321 0.547782 -0.159786
v 0.070457 0.548737 -0.156466
v 0.076990 0.549691 -0.153235
v 0.083375 0.550645 -0.149971
v 0.089041 0.551601 -0.146548
v 0.093476 0.552561 -0.142852
v 0.096292 0.553525 -0.138798
v 0.097282 0.554494 -0.134339
v 0.096445 0.555468 -0.129476
v 0.093990 0.556447 -0.124255
v 0.090303 0.557429 -0.118761
v 0.085898 0.558412 -0.113108
v 0.081344 0.559397 -0.107422
v 0.077188 0.560380 -0.101824
v 0.073878 0.561361 -0.096414
v 0.071704 0.562339 -0.091255
v 0.070750 0.563313 -0.086366
v 0.070875 0.564284 -0.081716
f 4573 4574 4575
f 4573 4575 4574
f 4573 4575 4576
f 4573 4576 4575
f 4573 4576 4577
f 4573 4577 4576
f 4573 4577 4578
f 4573 4578 4577
f 4573 4578 4579
f 4573 4579 4578
f 4573 4579 4580
f 4573 4580 4579
f 4573 4580 4581
f 4573 4581 4580
f 4573 4581 4582
f 4573 4582 4581
f 4573 4582 4583
f 4573 4583 4582
f 4573 4583 4584
f 4573 4584 4583
f 4573 4584 4585
f 4573 4585 4584
f 4573 4585 4586
f 4573 4586 4585
f 4573 4586 4587
f 4573 4587 4586
f 4573 4587 4588
f 4573 4588 4587
f 4573 4588 4589
f 4573 4589 4588
f 4573 4589 4590
f 4573 4590 4589
f 4573 4590 4591
f 4573 4591 4590
f 4573 4591 4592
f 4573 4592 4591
f 4573 4592 4593
f 4573 4593 4592
f 4573 4593 4594
f 4573 4594 4593
f 4573 4594 4595
f 4573 4595 4594
f 4573 4595 4596
f 4573 4596 4595
f 4573 4596 4597
f 4573 4597 4596
f 4573 4597 4598
f 4573 4598 4597
f 4573 4598 4599
f 4573 4599 4598
f 4573 4599 4600
f 4573 4600 4599
f 4573 4600 4601
f 4573 4601 4600
f 4573 4601 4602
f 4573 4602 4601
f 4573 4602 4603
f 4573 4603 4602
f 4573 4603 4604
f 4573 4604 4603
f 4573 4604 4605
f 4573 4605 4604
f 4573 4605 4606
f 4573 4606 4605
f 4573 4606 4607
f 4573 4607 4606
f 4573 4607 4608
f 4573 4608 4607
f 4573 4608 4609
f 4573 4609 4608
f 4573 4609 4610
f 4573 4610 4609
f 4573 4610 4611
f 4573 4611 4610
f 4573 4611 4612
f 4573 4612 4611
f 4573 4612 4613
f 4573 4613 4612
f 4573 4613 4614
f 4573 4614 4613
f 4573 4614 4615
f 4573 4615 4614
f 4573 4615 4616
f 4573 4616 4615
f 4573 4616 4617
f 4573 4617 4616
f 4573 4617 4618
f 4573 4618 4617
