o mesh
v 0.000000 0.000339 0.005990 0.200 0.440 0.170
v 0.005702 -0.000129 0.001864 0.200 0.440 0.170
v 0.003524 -0.000419 -0.004838 0.200 0.440 0.170
v -0.003524 -0.000130 -0.004855 0.200 0.440 0.170
v -0.005702 0.000339 0.001838 0.200 0.440 0.170
v 0.003149 0.076802 0.000659 0.200 0.440 0.170
v 0.007900 0.076412 -0.002780 0.200 0.440 0.170
v 0.006085 0.076170 -0.008365 0.200 0.440 0.170
v 0.000212 0.076411 -0.008379 0.200 0.440 0.170
v -0.001603 0.076802 -0.002802 0.200 0.440 0.170
f 1 2 7
f 1 7 6
f 2 3 8
f 2 8 7
f 3 4 9
f 3 9 8
f 4 5 10
f 4 10 9
f 5 1 6
f 5 6 10
v 0.003149 0.077524 0.001582 0.200 0.440 0.170
v 0.008813 0.076150 -0.002390 0.200 0.440 0.170
v 0.006649 0.075286 -0.009047 0.200 0.440 0.170
v -0.000352 0.076126 -0.009190 0.200 0.440 0.170
v -0.002516 0.077509 -0.002621 0.200 0.440 0.170
v 0.012594 0.153876 -0.012404 0.200 0.440 0.170
v 0.017315 0.152731 -0.015714 0.200 0.440 0.170
v 0.015511 0.152011 -0.021262 0.200 0.440 0.170
v 0.009677 0.152711 -0.021381 0.200 0.440 0.170
v 0.007874 0.153864 -0.015906 0.200 0.440 0.170
f 11 12 17
f 11 17 16
f 12 13 18
f 12 18 17
f 13 14 19
f 13 19 18
f 14 15 20
f 14 20 19
f 15 11 16
f 15 16 20
v 0.012594 0.154673 -0.011560 0.200 0.440 0.170
v 0.018192 0.152478 -0.015247 0.200 0.440 0.170
v 0.016054 0.151057 -0.021817 0.200 0.440 0.170
v 0.009134 0.152375 -0.022190 0.200 0.440 0.170
v 0.006996 0.154610 -0.015851 0.200 0.440 0.170
v 0.028337 0.230920 -0.034189 0.200 0.440 0.170
v 0.033001 0.229090 -0.037261 0.200 0.440 0.170
v 0.031220 0.227907 -0.042736 0.200 0.440 0.170
v 0.025454 0.229005 -0.043047 0.200 0.440 0.170
v 0.023672 0.230867 -0.037764 0.200 0.440 0.170
f 21 22 27
f 21 27 26
f 22 23 28
f 22 28 27
f 23 24 29
f 23 29 28
f 24 25 30
f 24 30 29
f 25 21 26
f 25 26 30
v 0.023483 0.229558 -0.042526 0.200 0.440 0.170
v 0.023825 0.232069 -0.035944 0.200 0.440 0.170
v 0.030402 0.231110 -0.033584 0.200 0.440 0.170
v 0.034125 0.228006 -0.038708 0.200 0.440 0.170
v 0.029849 0.227047 -0.044235 0.200 0.440 0.170
v 0.046331 0.306077 -0.072271 0.200 0.440 0.170
v 0.046616 0.308169 -0.066786 0.200 0.440 0.170
v 0.052097 0.307370 -0.064820 0.200 0.440 0.170
v 0.055200 0.304784 -0.069090 0.200 0.440 0.170
v 0.051636 0.303985 -0.073695 0.200 0.440 0.170
f 31 32 37
f 31 37 36
f 32 33 38
f 32 38 37
f 33 34 39
f 33 39 38
f 34 35 40
f 34 40 39
f 35 31 36
f 35 36 40
v 0.045522 0.306077 -0.072859 0.200 0.440 0.170
v 0.046038 0.309119 -0.066516 0.200 0.440 0.170
v 0.052549 0.307957 -0.064065 0.200 0.440 0.170
v 0.056057 0.304197 -0.068893 0.200 0.440 0.170
v 0.051714 0.303035 -0.074328 0.200 0.440 0.170
v 0.074668 0.382596 -0.111271 0.200 0.440 0.170
v 0.075098 0.385131 -0.105985 0.200 0.440 0.170
v 0.080524 0.384163 -0.103943 0.200 0.440 0.170
v 0.083447 0.381030 -0.107966 0.200 0.440 0.170
v 0.079828 0.380062 -0.112495 0.200 0.440 0.170
f 41 42 47
f 41 47 46
f 42 43 48
f 42 48 47
f 43 44 49
f 43 49 48
f 44 45 50
f 44 50 49
f 45 41 46
f 45 46 50
v 0.004762 0.182957 0.001372 1.000 0.817 0.342
v 0.008901 0.181268 0.002329 1.000 0.817 0.342
v 0.012760 0.178595 0.002850 1.000 0.817 0.342
v 0.016247 0.175610 0.003061 1.000 0.817 0.342
v 0.019369 0.172557 0.003036 1.000 0.817 0.342
v 0.022163 0.169559 0.002833 1.000 0.817 0.342
v 0.024681 0.166675 0.002496 1.000 0.817 0.342
v 0.026973 0.163927 0.002057 1.000 0.817 0.342
v 0.029090 0.161319 0.001539 1.000 0.817 0.342
v 0.031078 0.158839 0.000956 1.000 0.817 0.342
v 0.032977 0.156468 0.000317 1.000 0.817 0.342
v 0.034825 0.154184 -0.000378 1.000 0.817 0.342
v 0.036652 0.151960 -0.001131 1.000 0.817 0.342
v 0.038486 0.149765 -0.001952 1.000 0.817 0.342
v 0.040350 0.147569 -0.002854 1.000 0.817 0.342
v 0.042263 0.145338 -0.003854 1.000 0.817 0.342
v 0.044236 0.143038 -0.004975 1.000 0.817 0.342
v 0.046273 0.140631 -0.006244 1.000 0.817 0.342
v 0.048370 0.138081 -0.007693 1.000 0.817 0.342
v 0.050504 0.135351 -0.009356 1.000 0.817 0.342
v 0.052630 0.132409 -0.011270 1.000 0.817 0.342
v 0.054669 0.129233 -0.013465 1.000 0.817 0.342
v 0.056481 0.125822 -0.015955 1.000 0.817 0.342
v 0.057817 0.122225 -0.018709 1.000 0.817 0.342
v 0.058043 0.118645 -0.021544 1.000 0.817 0.342
v 0.054996 0.115943 -0.023622 1.000 0.817 0.342
v 0.051110 0.113859 -0.025311 1.000 0.817 0.342
v 0.047046 0.112257 -0.026741 1.000 0.817 0.342
v 0.043037 0.111047 -0.027977 1.000 0.817 0.342
v 0.039186 0.110146 -0.029069 1.000 0.817 0.342
v 0.035530 0.109487 -0.030056 1.000 0.817 0.342
v 0.032076 0.109013 -0.030973 1.000 0.817 0.342
v 0.028808 0.108680 -0.031846 1.000 0.817 0.342
v 0.025700 0.108453 -0.032702 1.000 0.817 0.342
v 0.022721 0.108308 -0.033560 1.000 0.817 0.342
v 0.019834 0.108228 -0.034439 1.000 0.817 0.342
v 0.017003 0.108202 -0.035354 1.000 0.817 0.342
v 0.014188 0.108228 -0.036321 1.000 0.817 0.342
v 0.011351 0.108308 -0.037349 1.000 0.817 0.342
v 0.008453 0.108453 -0.038450 1.000 0.817 0.342
v 0.005453 0.108680 -0.039630 1.000 0.817 0.342
v 0.002315 0.109013 -0.040892 1.000 0.817 0.342
v -0.000999 0.109487 -0.042231 1.000 0.817 0.342
v -0.004515 0.110146 -0.043634 1.000 0.817 0.342
v -0.008252 0.111047 -0.045072 1.000 0.817 0.342
v -0.012201 0.112257 -0.046488 1.000 0.817 0.342
v -0.016310 0.113859 -0.047781 1.000 0.817 0.342
v -0.020432 0.115943 -0.048762 1.000 0.817 0.342
v -0.024117 0.118645 -0.048927 1.000 0.817 0.342
v -0.025637 0.122225 -0.046523 1.000 0.817 0.342
v -0.026221 0.125822 -0.043519 1.000 0.817 0.342
v -0.026264 0.129233 -0.040439 1.000 0.817 0.342
v -0.025950 0.132409 -0.037460 1.000 0.817 0.342
v -0.025397 0.135351 -0.034653 1.000 0.817 0.342
v -0.024688 0.138081 -0.032042 1.000 0.817 0.342
v -0.023880 0.140631 -0.029626 1.000 0.817 0.342
v -0.023011 0.143038 -0.027388 1.000 0.817 0.342
v -0.022105 0.145338 -0.025307 1.000 0.817 0.342
v -0.021175 0.147569 -0.023360 1.000 0.817 0.342
v -0.020224 0.149765 -0.021520 1.000 0.817 0.342
v -0.019249 0.151960 -0.019763 1.000 0.817 0.342
v -0.018240 0.154184 -0.018063 1.000 0.817 0.342
v -0.017178 0.156468 -0.016399 1.000 0.817 0.342
v -0.016043 0.158839 -0.014748 1.000 0.817 0.342
v -0.014802 0.161319 -0.013090 1.000 0.817 0.342
v -0.013419 0.163927 -0.011405 1.000 0.817 0.342
v -0.011848 0.166675 -0.009679 1.000 0.817 0.342
v -0.010036 0.169559 -0.007899 1.000 0.817 0.342
v -0.007922 0.172557 -0.006060 1.000 0.817 0.342
v -0.005439 0.175610 -0.004167 1.000 0.817 0.342
v -0.002523 0.178595 -0.002244 1.000 0.817 0.342
v 0.000876 0.181268 -0.000345 1.000 0.817 0.342
v 0.009642 0.133909 -0.013271 1.000 0.817 0.342
f 123 51 52
f 123 52 51
f 123 52 53
f 123 53 52
f 123 53 54
f 123 54 53
f 123 54 55
f 123 55 54
f 123 55 56
f 123 56 55
f 123 56 57
f 123 57 56
f 123 57 58
f 123 58 57
f 123 58 59
f 123 59 58
f 123 59 60
f 123 60 59
f 123 60 61
f 123 61 60
f 123 61 62
f 123 62 61
f 123 62 63
f 123 63 62
f 123 63 64
f 123 64 63
f 123 64 65
f 123 65 64
f 123 65 66
f 123 66 65
f 123 66 67
f 123 67 66
f 123 67 68
f 123 68 67
f 123 68 69
f 123 69 68
f 123 69 70
f 123 70 69
f 123 70 71
f 123 71 70
f 123 71 72
f 123 72 71
f 123 72 73
f 123 73 72
f 123 73 74
f 123 74 73
f 123 74 75
f 123 75 74
f 123 75 76
f 123 76 75
f 123 76 77
f 123 77 76
f 123 77 78
f 123 78 77
f 123 78 79
f 123 79 78
f 123 79 80
f 123 80 79
f 123 80 81
f 123 81 80
f 123 81 82
f 123 82 81
f 123 82 83
f 123 83 82
f 123 83 84
f 123 84 83
f 123 84 85
f 123 85 84
f 123 85 86
f 123 86 85
f 123 86 87
f 123 87 86
f 123 87 88
f 123 88 87
f 123 88 89
f 123 89 88
f 123 89 90
f 123 90 89
f 123 90 91
f 123 91 90
f 123 91 92
f 123 92 91
f 123 92 93
f 123 93 92
f 123 93 94
f 123 94 93
f 123 94 95
f 123 95 94
f 123 95 96
f 123 96 95
f 123 96 97
f 123 97 96
f 123 97 98
f 123 98 97
f 123 98 99
f 123 99 98
f 123 99 100
f 123 100 99
f 123 100 101
f 123 101 100
f 123 101 102
f 123 102 101
f 123 102 103
f 123 103 102
f 123 103 104
f 123 104 103
f 123 104 105
f 123 105 104
f 123 105 106
f 123 106 105
f 123 106 107
f 123 107 106
f 123 107 108
f 123 108 107
f 123 108 109
f 123 109 108
f 123 109 110
f 123 110 109
f 123 110 111
f 123 111 110
f 123 111 112
f 123 112 111
f 123 112 113
f 123 113 112
f 123 113 114
f 123 114 113
f 123 114 115
f 123 115 114
f 123 115 116
f 123 116 115
f 123 116 117
f 123 117 116
f 123 117 118
f 123 118 117
f 123 118 119
f 123 119 118
f 123 119 120
f 123 120 119
f 123 120 121
f 123 121 120
f 123 121 122
f 123 122 121
f 123 122 51
f 123 51 122
v 0.044899 0.159333 -0.002650 1.000 0.839 0.421
v 0.045904 0.155745 -0.003831 1.000 0.839 0.421
v 0.045989 0.151908 -0.005150 1.000 0.839 0.421
v 0.045609 0.148218 -0.006518 1.000 0.839 0.421
v 0.044957 0.144787 -0.007895 1.000 0.839 0.421
v 0.044148 0.141644 -0.009264 1.000 0.839 0.421
v 0.043257 0.138776 -0.010619 1.000 0.839 0.421
v 0.042332 0.136158 -0.011959 1.000 0.839 0.421
v 0.041404 0.133752 -0.013293 1.000 0.839 0.421
v 0.040490 0.131524 -0.014629 1.000 0.839 0.421
v 0.039599 0.129436 -0.015982 1.000 0.839 0.421
v 0.038731 0.127456 -0.017367 1.000 0.839 0.421
v 0.037883 0.125553 -0.018801 1.000 0.839 0.421
v 0.037044 0.123700 -0.020305 1.000 0.839 0.421
v 0.036202 0.121872 -0.021898 1.000 0.839 0.421
v 0.035337 0.120048 -0.023604 1.000 0.839 0.421
v 0.034427 0.118213 -0.025446 1.000 0.839 0.421
v 0.033440 0.116356 -0.027446 1.000 0.839 0.421
v 0.032343 0.114472 -0.029628 1.000 0.839 0.421
v 0.031091 0.112567 -0.032005 1.000 0.839 0.421
v 0.029633 0.110662 -0.034585 1.000 0.839 0.421
v 0.027908 0.108797 -0.037349 1.000 0.839 0.421
v 0.025846 0.107050 -0.040234 1.000 0.839 0.421
v 0.023368 0.105559 -0.043082 1.000 0.839 0.421
v 0.020352 0.104668 -0.045404 1.000 0.839 0.421
v 0.016546 0.105559 -0.045356 1.000 0.839 0.421
v 0.012855 0.107050 -0.044564 1.000 0.839 0.421
v 0.009475 0.108797 -0.043492 1.000 0.839 0.421
v 0.006436 0.110662 -0.042316 1.000 0.839 0.421
v 0.003722 0.112567 -0.041127 1.000 0.839 0.421
v 0.001294 0.114472 -0.039976 1.000 0.839 0.421
v -0.000893 0.116356 -0.038889 1.000 0.839 0.421
v -0.002882 0.118213 -0.037880 1.000 0.839 0.421
v -0.004715 0.120048 -0.036953 1.000 0.839 0.421
v -0.006430 0.121872 -0.036107 1.000 0.839 0.421
v -0.008060 0.123700 -0.035338 1.000 0.839 0.421
v -0.009633 0.125553 -0.034638 1.000 0.839 0.421
v -0.011172 0.127456 -0.033999 1.000 0.839 0.421
v -0.012698 0.129436 -0.033412 1.000 0.839 0.421
v -0.014222 0.131524 -0.032864 1.000 0.839 0.421
v -0.015755 0.133752 -0.032343 1.000 0.839 0.421
v -0.017298 0.136158 -0.031833 1.000 0.839 0.421
v -0.018842 0.138776 -0.031316 1.000 0.839 0.421
v -0.020367 0.141644 -0.030767 1.000 0.839 0.421
v -0.021836 0.144787 -0.030157 1.000 0.839 0.421
v -0.023184 0.148218 -0.029446 1.000 0.839 0.421
v -0.024308 0.151908 -0.028580 1.000 0.839 0.421
v -0.025032 0.155745 -0.027473 1.000 0.839 0.421
v -0.024937 0.159333 -0.025925 1.000 0.839 0.421
v -0.022634 0.161085 -0.023297 1.000 0.839 0.421
v -0.019742 0.162076 -0.020627 1.000 0.839 0.421
v -0.016705 0.162647 -0.018161 1.000 0.839 0.421
v -0.013682 0.162945 -0.015955 1.000 0.839 0.421
v -0.010747 0.163068 -0.014011 1.000 0.839 0.421
v -0.007928 0.163081 -0.012307 1.000 0.839 0.421
v -0.005230 0.163032 -0.010814 1.000 0.839 0.421
v -0.002642 0.162956 -0.009503 1.000 0.839 0.421
v -0.000144 0.162876 -0.008344 1.000 0.839 0.421
v 0.002288 0.162808 -0.007312 1.000 0.839 0.421
v 0.004682 0.162763 -0.006386 1.000 0.839 0.421
v 0.007069 0.162747 -0.005548 1.000 0.839 0.421
v 0.009481 0.162763 -0.004786 1.000 0.839 0.421
v 0.011952 0.162808 -0.004091 1.000 0.839 0.421
v 0.014516 0.162876 -0.003458 1.000 0.839 0.421
v 0.017210 0.162956 -0.002887 1.000 0.839 0.421
v 0.020067 0.163032 -0.002383 1.000 0.839 0.421
v 0.023121 0.163081 -0.001958 1.000 0.839 0.421
v 0.026399 0.163068 -0.001630 1.000 0.839 0.421
v 0.029914 0.162945 -0.001425 1.000 0.839 0.421
v 0.033655 0.162647 -0.001376 1.000 0.839 0.421
v 0.037564 0.162076 -0.001527 1.000 0.839 0.421
v 0.041480 0.161085 -0.001928 1.000 0.839 0.421
v 0.009642 0.133909 -0.013271 1.000 0.839 0.421
f 196 124 125
f 196 125 124
f 196 125 126
f 196 126 125
f 196 126 127
f 196 127 126
f 196 127 128
f 196 128 127
f 196 128 129
f 196 129 128
f 196 129 130
f 196 130 129
f 196 130 131
f 196 131 130
f 196 131 132
f 196 132 131
f 196 132 133
f 196 133 132
f 196 133 134
f 196 134 133
f 196 134 135
f 196 135 134
f 196 135 136
f 196 136 135
f 196 136 137
f 196 137 136
f 196 137 138
f 196 138 137
f 196 138 139
f 196 139 138
f 196 139 140
f 196 140 139
f 196 140 141
f 196 141 140
f 196 141 142
f 196 142 141
f 196 142 143
f 196 143 142
f 196 143 144
f 196 144 143
f 196 144 145
f 196 145 144
f 196 145 146
f 196 146 145
f 196 146 147
f 196 147 146
f 196 147 148
f 196 148 147
f 196 148 149
f 196 149 148
f 196 149 150
f 196 150 149
f 196 150 151
f 196 151 150
f 196 151 152
f 196 152 151
f 196 152 153
f 196 153 152
f 196 153 154
f 196 154 153
f 196 154 155
f 196 155 154
f 196 155 156
f 196 156 155
f 196 156 157
f 196 157 156
f 196 157 158
f 196 158 157
f 196 158 159
f 196 159 158
f 196 159 160
f 196 160 159
f 196 160 161
f 196 161 160
f 196 161 162
f 196 162 161
f 196 162 163
f 196 163 162
f 196 163 164
f 196 164 163
f 196 164 165
f 196 165 164
f 196 165 166
f 196 166 165
f 196 166 167
f 196 167 166
f 196 167 168
f 196 168 167
f 196 168 169
f 196 169 168
f 196 169 170
f 196 170 169
f 196 170 171
f 196 171 170
f 196 171 172
f 196 172 171
f 196 172 173
f 196 173 172
f 196 173 174
f 196 174 173
f 196 174 175
f 196 175 174
f 196 175 176
f 196 176 175
f 196 176 177
f 196 177 176
f 196 177 178
f 196 178 177
f 196 178 179
f 196 179 178
f 196 179 180
f 196 180 179
f 196 180 181
f 196 181 180
f 196 181 182
f 196 182 181
f 196 182 183
f 196 183 182
f 196 183 184
f 196 184 183
f 196 184 185
f 196 185 184
f 196 185 186
f 196 186 185
f 196 186 187
f 196 187 186
f 196 187 188
f 196 188 187
f 196 188 189
f 196 189 188
f 196 189 190
f 196 190 189
f 196 190 191
f 196 191 190
f 196 191 192
f 196 192 191
f 196 192 193
f 196 193 192
f 196 193 194
f 196 194 193
f 196 194 195
f 196 195 194
f 196 195 124
f 196 124 195
v 0.013059 0.140391 -0.023521 0.819 0.402 0.420
v 0.013059 0.140391 -0.023521 0.819 0.402 0.420
v 0.013059 0.140391 -0.023521 0.819 0.402 0.420
v 0.013059 0.140391 -0.023521 0.819 0.402 0.420
v 0.013059 0.140391 -0.023521 0.819 0.402 0.420
v 0.013059 0.140391 -0.023521 0.819 0.402 0.420
v 0.013059 0.140391 -0.023521 0.819 0.402 0.420
v 0.013059 0.140391 -0.023521 0.819 0.402 0.420
v 0.013059 0.140391 -0.023521 0.819 0.402 0.420
v 0.013059 0.140391 -0.023521 0.819 0.402 0.420
v 0.004817 0.139566 -0.024818 0.819 0.402 0.420
v 0.005521 0.143714 -0.021960 0.819 0.402 0.420
v 0.008938 0.146277 -0.019200 0.819 0.402 0.420
v 0.013763 0.146277 -0.017592 0.819 0.402 0.420
v 0.018153 0.143714 -0.017750 0.819 0.402 0.420
v 0.020430 0.139566 -0.019614 0.819 0.402 0.420
v 0.019726 0.135418 -0.022472 0.819 0.402 0.420
v 0.016309 0.132855 -0.025232 0.819 0.402 0.420
v 0.011484 0.132855 -0.026840 0.819 0.402 0.420
v 0.007095 0.135418 -0.026682 0.819 0.402 0.420
v -0.001147 0.137405 -0.023009 0.819 0.402 0.420
v -0.000008 0.144116 -0.018385 0.819 0.402 0.420
v 0.005521 0.148264 -0.013919 0.819 0.402 0.420
v 0.013328 0.148264 -0.011317 0.819 0.402 0.420
v 0.020431 0.144116 -0.011573 0.819 0.402 0.420
v 0.024117 0.137405 -0.014589 0.819 0.402 0.420
v 0.022977 0.130694 -0.019213 0.819 0.402 0.420
v 0.017448 0.126547 -0.023679 0.819 0.402 0.420
v 0.009642 0.126547 -0.026281 0.819 0.402 0.420
v 0.002539 0.130694 -0.026025 0.819 0.402 0.420
v -0.002554 0.134734 -0.018786 0.819 0.402 0.420
v -0.001415 0.141445 -0.014162 0.819 0.402 0.420
v 0.004114 0.145593 -0.009696 0.819 0.402 0.420
v 0.011921 0.145593 -0.007094 0.819 0.402 0.420
v 0.019023 0.141445 -0.007350 0.819 0.402 0.420
v 0.022709 0.134734 -0.010366 0.819 0.402 0.420
v 0.021570 0.128023 -0.014990 0.819 0.402 0.420
v 0.016041 0.123876 -0.019456 0.819 0.402 0.420
v 0.008234 0.123876 -0.022058 0.819 0.402 0.420
v 0.001131 0.128023 -0.021802 0.819 0.402 0.420
v 0.001132 0.132573 -0.013761 0.819 0.402 0.420
v 0.001836 0.136721 -0.010903 0.819 0.402 0.420
v 0.005253 0.139284 -0.008143 0.819 0.402 0.420
v 0.010078 0.139284 -0.006535 0.819 0.402 0.420
v 0.014468 0.136721 -0.006693 0.819 0.402 0.420
v 0.016745 0.132573 -0.008557 0.819 0.402 0.420
v 0.016041 0.128426 -0.011415 0.819 0.402 0.420
v 0.012624 0.125862 -0.014175 0.819 0.402 0.420
v 0.007799 0.125862 -0.015783 0.819 0.402 0.420
v 0.003410 0.128426 -0.015625 0.819 0.402 0.420
v 0.008504 0.131748 -0.009854 0.819 0.402 0.420
v 0.008504 0.131748 -0.009854 0.819 0.402 0.420
v 0.008504 0.131748 -0.009854 0.819 0.402 0.420
v 0.008504 0.131748 -0.009854 0.819 0.402 0.420
v 0.008504 0.131748 -0.009854 0.819 0.402 0.420
v 0.008504 0.131748 -0.009854 0.819 0.402 0.420
v 0.008504 0.131748 -0.009854 0.819 0.402 0.420
v 0.008504 0.131748 -0.009854 0.819 0.402 0.420
v 0.008504 0.131748 -0.009854 0.819 0.402 0.420
v 0.008504 0.131748 -0.009854 0.819 0.402 0.420
f 197 208 198
f 197 207 208
f 198 209 199
f 198 208 209
f 199 210 200
f 199 209 210
f 200 211 201
f 200 210 211
f 201 212 202
f 201 211 212
f 202 213 203
f 202 212 213
f 203 214 204
f 203 213 214
f 204 215 205
f 204 214 215
f 205 216 206
f 205 215 216
f 206 207 197
f 206 216 207
f 207 218 208
f 207 217 218
f 208 219 209
f 208 218 219
f 209 220 210
f 209 219 220
f 210 221 211
f 210 220 221
f 211 222 212
f 211 221 222
f 212 223 213
f 212 222 223
f 213 224 214
f 213 223 224
f 214 225 215
f 214 224 225
f 215 226 216
f 215 225 226
f 216 217 207
f 216 226 217
f 217 228 218
f 217 227 228
f 218 229 219
f 218 228 229
f 219 230 220
f 219 229 230
f 220 231 221
f 220 230 231
f 221 232 222
f 221 231 232
f 222 233 223
f 222 232 233
f 223 234 224
f 223 233 234
f 224 235 225
f 224 234 235
f 225 236 226
f 225 235 236
f 226 227 217
f 226 236 227
f 227 238 228
f 227 237 238
f 228 239 229
f 228 238 239
f 229 240 230
f 229 239 240
f 230 241 231
f 230 240 241
f 231 242 232
f 231 241 242
f 232 243 233
f 232 242 243
f 233 244 234
f 233 243 244
f 234 245 235
f 234 244 245
f 235 246 236
f 235 245 246
f 236 237 227
f 236 246 237
f 237 248 238
f 237 247 248
f 238 249 239
f 238 248 249
f 239 250 240
f 239 249 250
f 240 251 241
f 240 250 251
f 241 252 242
f 241 251 252
f 242 253 243
f 242 252 253
f 243 254 244
f 243 253 254
f 244 255 245
f 244 254 255
f 245 256 246
f 245 255 256
f 246 247 237
f 246 256 247
v 0.013753 0.229608 -0.012103 1.000 0.817 0.342
v 0.017578 0.228021 -0.011158 1.000 0.817 0.342
v 0.021140 0.225513 -0.010607 1.000 0.817 0.342
v 0.024360 0.222714 -0.010345 1.000 0.817 0.342
v 0.027243 0.219855 -0.010307 1.000 0.817 0.342
v 0.029825 0.217050 -0.010442 1.000 0.817 0.342
v 0.032153 0.214353 -0.010708 1.000 0.817 0.342
v 0.034275 0.211788 -0.011076 1.000 0.817 0.342
v 0.036236 0.209354 -0.011523 1.000 0.817 0.342
v 0.038078 0.207043 -0.012035 1.000 0.817 0.342
v 0.039841 0.204836 -0.012606 1.000 0.817 0.342
v 0.041558 0.202713 -0.013232 1.000 0.817 0.342
v 0.043257 0.200647 -0.013918 1.000 0.817 0.342
v 0.044965 0.198612 -0.014671 1.000 0.817 0.342
v 0.046703 0.196578 -0.015502 1.000 0.817 0.342
v 0.048488 0.194514 -0.016429 1.000 0.817 0.342
v 0.050331 0.192389 -0.017472 1.000 0.817 0.342
v 0.052237 0.190169 -0.018657 1.000 0.817 0.342
v 0.054200 0.187819 -0.020014 1.000 0.817 0.342
v 0.056201 0.185305 -0.021575 1.000 0.817 0.342
v 0.058199 0.182597 -0.023373 1.000 0.817 0.342
v 0.060119 0.179676 -0.025439 1.000 0.817 0.342
v 0.061832 0.176539 -0.027782 1.000 0.817 0.342
v 0.063103 0.173229 -0.030374 1.000 0.817 0.342
v 0.063341 0.169926 -0.033034 1.000 0.817 0.342
v 0.060516 0.167400 -0.034951 1.000 0.817 0.342
v 0.056905 0.165437 -0.036499 1.000 0.817 0.342
v 0.053129 0.163923 -0.037807 1.000 0.817 0.342
v 0.049402 0.162773 -0.038938 1.000 0.817 0.342
v 0.045822 0.161915 -0.039939 1.000 0.817 0.342
v 0.042426 0.161284 -0.040847 1.000 0.817 0.342
v 0.039218 0.160828 -0.041694 1.000 0.817 0.342
v 0.036184 0.160506 -0.042505 1.000 0.817 0.342
v 0.033300 0.160285 -0.043303 1.000 0.817 0.342
v 0.030537 0.160144 -0.044108 1.000 0.817 0.342
v 0.027861 0.160065 -0.044935 1.000 0.817 0.342
v 0.025239 0.160040 -0.045800 1.000 0.817 0.342
v 0.022634 0.160065 -0.046717 1.000 0.817 0.342
v 0.020010 0.160144 -0.047695 1.000 0.817 0.342
v 0.017331 0.160285 -0.048746 1.000 0.817 0.342
v 0.014560 0.160506 -0.049875 1.000 0.817 0.342
v 0.011662 0.160828 -0.051086 1.000 0.817 0.342
v 0.008605 0.161284 -0.052375 1.000 0.817 0.342
v 0.005360 0.161915 -0.053730 1.000 0.817 0.342
v 0.001914 0.162773 -0.055124 1.000 0.817 0.342
v -0.001727 0.163923 -0.056504 1.000 0.817 0.342
v -0.005517 0.165437 -0.057775 1.000 0.817 0.342
v -0.009321 0.167400 -0.058755 1.000 0.817 0.342
v -0.012729 0.169926 -0.058961 1.000 0.817 0.342
v -0.014165 0.173229 -0.056710 1.000 0.817 0.342
v -0.014741 0.176539 -0.053881 1.000 0.817 0.342
v -0.014816 0.179676 -0.050979 1.000 0.817 0.342
v -0.014557 0.182597 -0.048172 1.000 0.817 0.342
v -0.014074 0.185305 -0.045527 1.000 0.817 0.342
v -0.013442 0.187819 -0.043069 1.000 0.817 0.342
v -0.012716 0.190169 -0.040796 1.000 0.817 0.342
v -0.011931 0.192389 -0.038694 1.000 0.817 0.342
v -0.011109 0.194514 -0.036742 1.000 0.817 0.342
v -0.010262 0.196578 -0.034918 1.000 0.817 0.342
v -0.009393 0.198612 -0.033198 1.000 0.817 0.342
v -0.008500 0.200647 -0.031559 1.000 0.817 0.342
v -0.007573 0.202713 -0.029978 1.000 0.817 0.342
v -0.006597 0.204836 -0.028434 1.000 0.817 0.342
v -0.005550 0.207043 -0.026905 1.000 0.817 0.342
v -0.004403 0.209354 -0.025374 1.000 0.817 0.342
v -0.003124 0.211788 -0.023822 1.000 0.817 0.342
v -0.001668 0.214353 -0.022236 1.000 0.817 0.342
v 0.000013 0.217050 -0.020603 1.000 0.817 0.342
v 0.001975 0.219855 -0.018920 1.000 0.817 0.342
v 0.004281 0.222714 -0.017189 1.000 0.817 0.342
v 0.006990 0.225513 -0.015430 1.000 0.817 0.342
v 0.010148 0.228021 -0.013691 1.000 0.817 0.342
v 0.018135 0.183646 -0.024960 1.000 0.817 0.342
f 329 257 258
f 329 258 257
f 329 258 259
f 329 259 258
f 329 259 260
f 329 260 259
f 329 260 261
f 329 261 260
f 329 261 262
f 329 262 261
f 329 262 263
f 329 263 262
f 329 263 264
f 329 264 263
f 329 264 265
f 329 265 264
f 329 265 266
f 329 266 265
f 329 266 267
f 329 267 266
f 329 267 268
f 329 268 267
f 329 268 269
f 329 269 268
f 329 269 270
f 329 270 269
f 329 270 271
f 329 271 270
f 329 271 272
f 329 272 271
f 329 272 273
f 329 273 272
f 329 273 274
f 329 274 273
f 329 274 275
f 329 275 274
f 329 275 276
f 329 276 275
f 329 276 277
f 329 277 276
f 329 277 278
f 329 278 277
f 329 278 279
f 329 279 278
f 329 279 280
f 329 280 279
f 329 280 281
f 329 281 280
f 329 281 282
f 329 282 281
f 329 282 283
f 329 283 282
f 329 283 284
f 329 284 283
f 329 284 285
f 329 285 284
f 329 285 286
f 329 286 285
f 329 286 287
f 329 287 286
f 329 287 288
f 329 288 287
f 329 288 289
f 329 289 288
f 329 289 290
f 329 290 289
f 329 290 291
f 329 291 290
f 329 291 292
f 329 292 291
f 329 292 293
f 329 293 292
f 329 293 294
f 329 294 293
f 329 294 295
f 329 295 294
f 329 295 296
f 329 296 295
f 329 296 297
f 329 297 296
f 329 297 298
f 329 298 297
f 329 298 299
f 329 299 298
f 329 299 300
f 329 300 299
f 329 300 301
f 329 301 300
f 329 301 302
f 329 302 301
f 329 302 303
f 329 303 302
f 329 303 304
f 329 304 303
f 329 304 305
f 329 305 304
f 329 305 306
f 329 306 305
f 329 306 307
f 329 307 306
f 329 307 308
f 329 308 307
f 329 308 309
f 329 309 308
f 329 309 310
f 329 310 309
f 329 310 311
f 329 311 310
f 329 311 312
f 329 312 311
f 329 312 313
f 329 313 312
f 329 313 314
f 329 314 313
f 329 314 315
f 329 315 314
f 329 315 316
f 329 316 315
f 329 316 317
f 329 317 316
f 329 317 318
f 329 318 317
f 329 318 319
f 329 319 318
f 329 319 320
f 329 320 319
f 329 320 321
f 329 321 320
f 329 321 322
f 329 322 321
f 329 322 323
f 329 323 322
f 329 323 324
f 329 324 323
f 329 324 325
f 329 325 324
f 329 325 326
f 329 326 325
f 329 326 327
f 329 327 326
f 329 327 328
f 329 328 327
f 329 328 257
f 329 257 328
v 0.051065 0.207759 -0.015700 1.000 0.839 0.421
v 0.051993 0.204407 -0.016754 1.000 0.839 0.421
v 0.052062 0.200813 -0.017927 1.000 0.839 0.421
v 0.051701 0.197355 -0.019146 1.000 0.839 0.421
v 0.051088 0.194142 -0.020380 1.000 0.839 0.421
v 0.050331 0.191197 -0.021614 1.000 0.839 0.421
v 0.049501 0.188514 -0.022840 1.000 0.839 0.421
v 0.048641 0.186065 -0.024060 1.000 0.839 0.421
v 0.047780 0.183818 -0.025280 1.000 0.839 0.421
v 0.046934 0.181738 -0.026508 1.000 0.839 0.421
v 0.046111 0.179793 -0.027756 1.000 0.839 0.421
v 0.045312 0.177951 -0.029039 1.000 0.839 0.421
v 0.044533 0.176183 -0.030374 1.000 0.839 0.421
v 0.043765 0.174465 -0.031776 1.000 0.839 0.421
v 0.042996 0.172773 -0.033268 1.000 0.839 0.421
v 0.042209 0.171089 -0.034869 1.000 0.839 0.421
v 0.041382 0.169397 -0.036602 1.000 0.839 0.421
v 0.040487 0.167689 -0.038488 1.000 0.839 0.421
v 0.039493 0.165959 -0.040549 1.000 0.839 0.421
v 0.038358 0.164214 -0.042799 1.000 0.839 0.421
v 0.037036 0.162473 -0.045244 1.000 0.839 0.421
v 0.035468 0.160773 -0.047868 1.000 0.839 0.421
v 0.033591 0.159185 -0.050610 1.000 0.839 0.421
v 0.031327 0.157833 -0.053320 1.000 0.839 0.421
v 0.028555 0.157030 -0.055529 1.000 0.839 0.421
v 0.025011 0.157833 -0.055473 1.000 0.839 0.421
v 0.021563 0.159185 -0.054710 1.000 0.839 0.421
v 0.018401 0.160773 -0.053685 1.000 0.839 0.421
v 0.015558 0.162473 -0.052565 1.000 0.839 0.421
v 0.013017 0.164214 -0.051436 1.000 0.839 0.421
v 0.010745 0.165959 -0.050347 1.000 0.839 0.421
v 0.008699 0.167689 -0.049323 1.000 0.839 0.421
v 0.006839 0.169397 -0.048375 1.000 0.839 0.421
v 0.005125 0.171089 -0.047509 1.000 0.839 0.421
v 0.003524 0.172773 -0.046722 1.000 0.839 0.421
v 0.002004 0.174465 -0.046011 1.000 0.839 0.421
v 0.000539 0.176183 -0.045369 1.000 0.839 0.421
v -0.000892 0.177951 -0.044788 1.000 0.839 0.421
v -0.002309 0.179793 -0.044260 1.000 0.839 0.421
v -0.003723 0.181738 -0.043774 1.000 0.839 0.421
v -0.005143 0.183818 -0.043318 1.000 0.839 0.421
v -0.006569 0.186065 -0.042878 1.000 0.839 0.421
v -0.007995 0.188514 -0.042437 1.000 0.839 0.421
v -0.009402 0.191197 -0.041973 1.000 0.839 0.421
v -0.010754 0.194142 -0.041459 1.000 0.839 0.421
v -0.011994 0.197355 -0.040856 1.000 0.839 0.421
v -0.013024 0.200813 -0.040111 1.000 0.839 0.421
v -0.013685 0.204407 -0.039140 1.000 0.839 0.421
v -0.013594 0.207759 -0.037739 1.000 0.839 0.421
v -0.011487 0.209362 -0.035249 1.000 0.839 0.421
v -0.008837 0.210249 -0.032702 1.000 0.839 0.421
v -0.006052 0.210745 -0.030343 1.000 0.839 0.421
v -0.003277 0.210992 -0.028229 1.000 0.839 0.421
v -0.000580 0.211079 -0.026364 1.000 0.839 0.421
v 0.002013 0.211069 -0.024729 1.000 0.839 0.421
v 0.004497 0.211005 -0.023297 1.000 0.839 0.421
v 0.006883 0.210919 -0.022040 1.000 0.839 0.421
v 0.009187 0.210833 -0.020931 1.000 0.839 0.421
v 0.011433 0.210762 -0.019945 1.000 0.839 0.421
v 0.013646 0.210715 -0.019063 1.000 0.839 0.421
v 0.015855 0.210699 -0.018269 1.000 0.839 0.421
v 0.018089 0.210715 -0.017549 1.000 0.839 0.421
v 0.020380 0.210762 -0.016896 1.000 0.839 0.421
v 0.022761 0.210833 -0.016304 1.000 0.839 0.421
v 0.025263 0.210919 -0.015775 1.000 0.839 0.421
v 0.027919 0.211005 -0.015314 1.000 0.839 0.421
v 0.030761 0.211069 -0.014930 1.000 0.839 0.421
v 0.033813 0.211079 -0.014641 1.000 0.839 0.421
v 0.037087 0.210992 -0.014471 1.000 0.839 0.421
v 0.040576 0.210745 -0.014450 1.000 0.839 0.421
v 0.044222 0.210249 -0.014617 1.000 0.839 0.421
v 0.047875 0.209362 -0.015016 1.000 0.839 0.421
v 0.018135 0.183646 -0.024960 1.000 0.839 0.421
f 402 330 331
f 402 331 330
f 402 331 332
f 402 332 331
f 402 332 333
f 402 333 332
f 402 333 334
f 402 334 333
f 402 334 335
f 402 335 334
f 402 335 336
f 402 336 335
f 402 336 337
f 402 337 336
f 402 337 338
f 402 338 337
f 402 338 339
f 402 339 338
f 402 339 340
f 402 340 339
f 402 340 341
f 402 341 340
f 402 341 342
f 402 342 341
f 402 342 343
f 402 343 342
f 402 343 344
f 402 344 343
f 402 344 345
f 402 345 344
f 402 345 346
f 402 346 345
f 402 346 347
f 402 347 346
f 402 347 348
f 402 348 347
f 402 348 349
f 402 349 348
f 402 349 350
f 402 350 349
f 402 350 351
f 402 351 350
f 402 351 352
f 402 352 351
f 402 352 353
f 402 353 352
f 402 353 354
f 402 354 353
f 402 354 355
f 402 355 354
f 402 355 356
f 402 356 355
f 402 356 357
f 402 357 356
f 402 357 358
f 402 358 357
f 402 358 359
f 402 359 358
f 402 359 360
f 402 360 359
f 402 360 361
f 402 361 360
f 402 361 362
f 402 362 361
f 402 362 363
f 402 363 362
f 402 363 364
f 402 364 363
f 402 364 365
f 402 365 364
f 402 365 366
f 402 366 365
f 402 366 367
f 402 367 366
f 402 367 368
f 402 368 367
f 402 368 369
f 402 369 368
f 402 369 370
f 402 370 369
f 402 370 371
f 402 371 370
f 402 371 372
f 402 372 371
f 402 372 373
f 402 373 372
f 402 373 374
f 402 374 373
f 402 374 375
f 402 375 374
f 402 375 376
f 402 376 375
f 402 376 377
f 402 377 376
f 402 377 378
f 402 378 377
f 402 378 379
f 402 379 378
f 402 379 380
f 402 380 379
f 402 380 381
f 402 381 380
f 402 381 382
f 402 382 381
f 402 382 383
f 402 383 382
f 402 383 384
f 402 384 383
f 402 384 385
f 402 385 384
f 402 385 386
f 402 386 385
f 402 386 387
f 402 387 386
f 402 387 388
f 402 388 387
f 402 388 389
f 402 389 388
f 402 389 390
f 402 390 389
f 402 390 391
f 402 391 390
f 402 391 392
f 402 392 391
f 402 392 393
f 402 393 392
f 402 393 394
f 402 394 393
f 402 394 395
f 402 395 394
f 402 395 396
f 402 396 395
f 402 396 397
f 402 397 396
f 402 397 398
f 402 398 397
f 402 398 399
f 402 399 398
f 402 399 400
f 402 400 399
f 402 400 401
f 402 401 400
f 402 401 330
f 402 330 401
v 0.021370 0.189662 -0.034450 0.819 0.402 0.420
v 0.021370 0.189662 -0.034450 0.819 0.402 0.420
v 0.021370 0.189662 -0.034450 0.819 0.402 0.420
v 0.021370 0.189662 -0.034450 0.819 0.402 0.420
v 0.021370 0.189662 -0.034450 0.819 0.402 0.420
v 0.021370 0.189662 -0.034450 0.819 0.402 0.420
v 0.021370 0.189662 -0.034450 0.819 0.402 0.420
v 0.021370 0.189662 -0.034450 0.819 0.402 0.420
v 0.021370 0.189662 -0.034450 0.819 0.402 0.420
v 0.021370 0.189662 -0.034450 0.819 0.402 0.420
v 0.013730 0.188896 -0.035705 0.819 0.402 0.420
v 0.014366 0.192745 -0.033049 0.819 0.402 0.420
v 0.017519 0.195124 -0.030466 0.819 0.402 0.420
v 0.021986 0.195124 -0.028944 0.819 0.402 0.420
v 0.026061 0.192745 -0.029063 0.819 0.402 0.420
v 0.028187 0.188896 -0.030778 0.819 0.402 0.420
v 0.027551 0.185047 -0.033434 0.819 0.402 0.420
v 0.024397 0.182668 -0.036017 0.819 0.402 0.420
v 0.019930 0.182668 -0.037540 0.819 0.402 0.420
v 0.015856 0.185047 -0.037421 0.819 0.402 0.420
v 0.008185 0.186891 -0.034065 0.819 0.402 0.420
v 0.009213 0.193119 -0.029766 0.819 0.402 0.420
v 0.014315 0.196968 -0.025587 0.819 0.402 0.420
v 0.021544 0.196968 -0.023124 0.819 0.402 0.420
v 0.028136 0.193119 -0.023316 0.819 0.402 0.420
v 0.031576 0.186891 -0.026092 0.819 0.402 0.420
v 0.030547 0.180663 -0.030390 0.819 0.402 0.420
v 0.025445 0.176814 -0.034569 0.819 0.402 0.420
v 0.018217 0.176814 -0.037033 0.819 0.402 0.420
v 0.011624 0.180663 -0.036840 0.819 0.402 0.420
v 0.006852 0.184412 -0.030154 0.819 0.402 0.420
v 0.007880 0.190640 -0.025856 0.819 0.402 0.420
v 0.012983 0.194489 -0.021677 0.819 0.402 0.420
v 0.020211 0.194489 -0.019213 0.819 0.402 0.420
v 0.026804 0.190640 -0.019406 0.819 0.402 0.420
v 0.030243 0.184412 -0.022182 0.819 0.402 0.420
v 0.029215 0.178184 -0.026480 0.819 0.402 0.420
v 0.024112 0.174335 -0.030659 0.819 0.402 0.420
v 0.016884 0.174335 -0.033123 0.819 0.402 0.420
v 0.010291 0.178184 -0.032930 0.819 0.402 0.420
v 0.010241 0.182407 -0.025468 0.819 0.402 0.420
v 0.010876 0.186256 -0.022812 0.819 0.402 0.420
v 0.014030 0.188635 -0.020229 0.819 0.402 0.420
v 0.018497 0.188635 -0.018706 0.819 0.402 0.420
v 0.022572 0.186256 -0.018826 0.819 0.402 0.420
v 0.024697 0.182407 -0.020541 0.819 0.402 0.420
v 0.024062 0.178558 -0.023197 0.819 0.402 0.420
v 0.020908 0.176179 -0.025780 0.819 0.402 0.420
v 0.016441 0.176179 -0.027303 0.819 0.402 0.420
v 0.012366 0.178558 -0.027184 0.819 0.402 0.420
v 0.017057 0.181641 -0.021796 0.819 0.402 0.420
v 0.017057 0.181641 -0.021796 0.819 0.402 0.420
v 0.017057 0.181641 -0.021796 0.819 0.402 0.420
v 0.017057 0.181641 -0.021796 0.819 0.402 0.420
v 0.017057 0.181641 -0.021796 0.819 0.402 0.420
v 0.017057 0.181641 -0.021796 0.819 0.402 0.420
v 0.017057 0.181641 -0.021796 0.819 0.402 0.420
v 0.017057 0.181641 -0.021796 0.819 0.402 0.420
v 0.017057 0.181641 -0.021796 0.819 0.402 0.420
v 0.017057 0.181641 -0.021796 0.819 0.402 0.420
f 403 414 404
f 403 413 414
f 404 415 405
f 404 414 415
f 405 416 406
f 405 415 416
f 406 417 407
f 406 416 417
f 407 418 408
f 407 417 418
f 408 419 409
f 408 418 419
f 409 420 410
f 409 419 420
f 410 421 411
f 410 420 421
f 411 422 412
f 411 421 422
f 412 413 403
f 412 422 413
f 413 424 414
f 413 423 424
f 414 425 415
f 414 424 425
f 415 426 416
f 415 425 426
f 416 427 417
f 416 426 427
f 417 428 418
f 417 427 428
f 418 429 419
f 418 428 429
f 419 430 420
f 419 429 430
f 420 431 421
f 420 430 431
f 421 432 422
f 421 431 432
f 422 423 413
f 422 432 423
f 423 434 424
f 423 433 434
f 424 435 425
f 424 434 435
f 425 436 426
f 425 435 436
f 426 437 427
f 426 436 437
f 427 438 428
f 427 437 438
f 428 439 429
f 428 438 439
f 429 440 430
f 429 439 440
f 430 441 431
f 430 440 441
f 431 442 432
f 431 441 442
f 432 433 423
f 432 442 433
f 433 444 434
f 433 443 444
f 434 445 435
f 434 444 445
f 435 446 436
f 435 445 446
f 436 447 437
f 436 446 447
f 437 448 438
f 437 447 448
f 438 449 439
f 438 448 449
f 439 450 440
f 439 449 450
f 440 451 441
f 440 450 451
f 441 452 442
f 441 451 452
f 442 443 433
f 442 452 443
f 443 454 444
f 443 453 454
f 444 455 445
f 444 454 455
f 445 456 446
f 445 455 456
f 446 457 447
f 446 456 457
f 447 458 448
f 447 457 458
f 448 459 449
f 448 458 459
f 449 460 450
f 449 459 460
f 450 461 451
f 450 460 461
f 451 462 452
f 451 461 462
f 452 453 443
f 452 462 453
v 0.024225 0.276258 -0.029729 1.000 0.817 0.342
v 0.027611 0.274774 -0.028417 1.000 0.817 0.342
v 0.030792 0.272430 -0.027481 1.000 0.817 0.342
v 0.033691 0.269818 -0.026846 1.000 0.817 0.342
v 0.036307 0.267152 -0.026456 1.000 0.817 0.342
v 0.038670 0.264540 -0.026262 1.000 0.817 0.342
v 0.040816 0.262032 -0.026221 1.000 0.817 0.342
v 0.042786 0.259648 -0.026301 1.000 0.817 0.342
v 0.044621 0.257390 -0.026477 1.000 0.817 0.342
v 0.046357 0.255247 -0.026731 1.000 0.817 0.342
v 0.048029 0.253205 -0.027051 1.000 0.817 0.342
v 0.049666 0.251241 -0.027432 1.000 0.817 0.342
v 0.051296 0.249334 -0.027874 1.000 0.817 0.342
v 0.052943 0.247458 -0.028380 1.000 0.817 0.342
v 0.054629 0.245586 -0.028960 1.000 0.817 0.342
v 0.056369 0.243691 -0.029626 1.000 0.817 0.342
v 0.058179 0.241741 -0.030397 1.000 0.817 0.342
v 0.060063 0.239707 -0.031297 1.000 0.817 0.342
v 0.062021 0.237556 -0.032353 1.000 0.817 0.342
v 0.064038 0.235258 -0.033597 1.000 0.817 0.342
v 0.066081 0.232786 -0.035065 1.000 0.817 0.342
v 0.068084 0.230119 -0.036790 1.000 0.817 0.342
v 0.069929 0.227256 -0.038797 1.000 0.817 0.342
v 0.071397 0.224233 -0.041078 1.000 0.817 0.342
v 0.071919 0.221207 -0.043520 1.000 0.817 0.342
v 0.069524 0.218856 -0.045552 1.000 0.817 0.342
v 0.066363 0.217015 -0.047316 1.000 0.817 0.342
v 0.063023 0.215588 -0.048878 1.000 0.817 0.342
v 0.059713 0.214500 -0.050277 1.000 0.817 0.342
v 0.056524 0.213683 -0.051545 1.000 0.817 0.342
v 0.053496 0.213080 -0.052714 1.000 0.817 0.342
v 0.050637 0.212642 -0.053812 1.000 0.817 0.342
v 0.047936 0.212331 -0.054863 1.000 0.817 0.342
v 0.045373 0.212117 -0.055891 1.000 0.817 0.342
v 0.042924 0.211980 -0.056917 1.000 0.817 0.342
v 0.040560 0.211903 -0.057959 1.000 0.817 0.342
v 0.038251 0.211878 -0.059034 1.000 0.817 0.342
v 0.035965 0.211903 -0.060158 1.000 0.817 0.342
v 0.033671 0.211980 -0.061346 1.000 0.817 0.342
v 0.031336 0.212117 -0.062610 1.000 0.817 0.342
v 0.028928 0.212331 -0.063961 1.000 0.817 0.342
v 0.026415 0.212642 -0.065405 1.000 0.817 0.342
v 0.023767 0.213080 -0.066944 1.000 0.817 0.342
v 0.020957 0.213683 -0.068569 1.000 0.817 0.342
v 0.017970 0.214500 -0.070257 1.000 0.817 0.342
v 0.014804 0.215588 -0.071958 1.000 0.817 0.342
v 0.011493 0.217015 -0.073579 1.000 0.817 0.342
v 0.008136 0.218856 -0.074935 1.000 0.817 0.342
v 0.005052 0.221207 -0.075526 1.000 0.817 0.342
v 0.003477 0.224233 -0.073588 1.000 0.817 0.342
v 0.002621 0.227256 -0.071014 1.000 0.817 0.342
v 0.002215 0.230119 -0.068318 1.000 0.817 0.342
v 0.002128 0.232786 -0.065676 1.000 0.817 0.342
v 0.002266 0.235258 -0.063164 1.000 0.817 0.342
v 0.002562 0.237556 -0.060813 1.000 0.817 0.342
v 0.002968 0.239707 -0.058625 1.000 0.817 0.342
v 0.003449 0.241741 -0.056594 1.000 0.817 0.342
v 0.003983 0.243691 -0.054701 1.000 0.817 0.342
v 0.004555 0.245586 -0.052927 1.000 0.817 0.342
v 0.005161 0.247458 -0.051251 1.000 0.817 0.342
v 0.005800 0.249334 -0.049650 1.000 0.817 0.342
v 0.006479 0.251241 -0.048104 1.000 0.817 0.342
v 0.007209 0.253205 -0.046590 1.000 0.817 0.342
v 0.008008 0.255247 -0.045087 1.000 0.817 0.342
v 0.008899 0.257390 -0.043576 1.000 0.817 0.342
v 0.009913 0.259648 -0.042036 1.000 0.817 0.342
v 0.011086 0.262032 -0.040451 1.000 0.817 0.342
v 0.012464 0.264540 -0.038805 1.000 0.817 0.342
v 0.014097 0.267152 -0.037087 1.000 0.817 0.342
v 0.016041 0.269818 -0.035293 1.000 0.817 0.342
v 0.018354 0.272430 -0.033434 1.000 0.817 0.342
v 0.021079 0.274774 -0.031544 1.000 0.817 0.342
v 0.029289 0.233384 -0.040310 1.000 0.817 0.342
f 535 463 464
f 535 464 463
f 535 464 465
f 535 465 464
f 535 465 466
f 535 466 465
f 535 466 467
f 535 467 466
f 535 467 468
f 535 468 467
f 535 468 469
f 535 469 468
f 535 469 470
f 535 470 469
f 535 470 471
f 535 471 470
f 535 471 472
f 535 472 471
f 535 472 473
f 535 473 472
f 535 473 474
f 535 474 473
f 535 474 475
f 535 475 474
f 535 475 476
f 535 476 475
f 535 476 477
f 535 477 476
f 535 477 478
f 535 478 477
f 535 478 479
f 535 479 478
f 535 479 480
f 535 480 479
f 535 480 481
f 535 481 480
f 535 481 482
f 535 482 481
f 535 482 483
f 535 483 482
f 535 483 484
f 535 484 483
f 535 484 485
f 535 485 484
f 535 485 486
f 535 486 485
f 535 486 487
f 535 487 486
f 535 487 488
f 535 488 487
f 535 488 489
f 535 489 488
f 535 489 490
f 535 490 489
f 535 490 491
f 535 491 490
f 535 491 492
f 535 492 491
f 535 492 493
f 535 493 492
f 535 493 494
f 535 494 493
f 535 494 495
f 535 495 494
f 535 495 496
f 535 496 495
f 535 496 497
f 535 497 496
f 535 497 498
f 535 498 497
f 535 498 499
f 535 499 498
f 535 499 500
f 535 500 499
f 535 500 501
f 535 501 500
f 535 501 502
f 535 502 501
f 535 502 503
f 535 503 502
f 535 503 504
f 535 504 503
f 535 504 505
f 535 505 504
f 535 505 506
f 535 506 505
f 535 506 507
f 535 507 506
f 535 507 508
f 535 508 507
f 535 508 509
f 535 509 508
f 535 509 510
f 535 510 509
f 535 510 511
f 535 511 510
f 535 511 512
f 535 512 511
f 535 512 513
f 535 513 512
f 535 513 514
f 535 514 513
f 535 514 515
f 535 515 514
f 535 515 516
f 535 516 515
f 535 516 517
f 535 517 516
f 535 517 518
f 535 518 517
f 535 518 519
f 535 519 518
f 535 519 520
f 535 520 519
f 535 520 521
f 535 521 520
f 535 521 522
f 535 522 521
f 535 522 523
f 535 523 522
f 535 523 524
f 535 524 523
f 535 524 525
f 535 525 524
f 535 525 526
f 535 526 525
f 535 526 527
f 535 527 526
f 535 527 528
f 535 528 527
f 535 528 529
f 535 529 528
f 535 529 530
f 535 530 529
f 535 530 531
f 535 531 530
f 535 531 532
f 535 532 531
f 535 532 533
f 535 533 532
f 535 533 534
f 535 534 533
f 535 534 463
f 535 463 534
v 0.058850 0.256185 -0.029095 1.000 0.839 0.421
v 0.059797 0.253068 -0.029923 1.000 0.839 0.421
v 0.059962 0.249718 -0.030937 1.000 0.839 0.421
v 0.059738 0.246493 -0.032039 1.000 0.839 0.421
v 0.059287 0.243496 -0.033187 1.000 0.839 0.421
v 0.058707 0.240751 -0.034356 1.000 0.839 0.421
v 0.058062 0.238251 -0.035533 1.000 0.839 0.421
v 0.057392 0.235972 -0.036713 1.000 0.839 0.421
v 0.056724 0.233883 -0.037899 1.000 0.839 0.421
v 0.056074 0.231953 -0.039098 1.000 0.839 0.421
v 0.055449 0.230150 -0.040318 1.000 0.839 0.421
v 0.054853 0.228446 -0.041572 1.000 0.839 0.421
v 0.054283 0.226814 -0.042876 1.000 0.839 0.421
v 0.053733 0.225230 -0.044247 1.000 0.839 0.421
v 0.053194 0.223675 -0.045704 1.000 0.839 0.421
v 0.052653 0.222130 -0.047269 1.000 0.839 0.421
v 0.052092 0.220582 -0.048965 1.000 0.839 0.421
v 0.051489 0.219022 -0.050814 1.000 0.839 0.421
v 0.050816 0.217447 -0.052840 1.000 0.839 0.421
v 0.050039 0.215862 -0.055061 1.000 0.839 0.421
v 0.049113 0.214284 -0.057488 1.000 0.839 0.421
v 0.047986 0.212749 -0.060111 1.000 0.839 0.421
v 0.046589 0.211320 -0.062880 1.000 0.839 0.421
v 0.044835 0.210108 -0.065661 1.000 0.839 0.421
v 0.042553 0.209391 -0.068022 1.000 0.839 0.421
v 0.039283 0.210108 -0.068318 1.000 0.839 0.421
v 0.036017 0.211320 -0.067940 1.000 0.839 0.421
v 0.032984 0.212749 -0.067291 1.000 0.839 0.421
v 0.030234 0.214284 -0.066524 1.000 0.839 0.421
v 0.027764 0.215862 -0.065723 1.000 0.839 0.421
v 0.025546 0.217447 -0.064935 1.000 0.839 0.421
v 0.023546 0.219022 -0.064189 1.000 0.839 0.421
v 0.021728 0.220582 -0.063498 1.000 0.839 0.421
v 0.020055 0.222130 -0.062872 1.000 0.839 0.421
v 0.018497 0.223675 -0.062312 1.000 0.839 0.421
v 0.017024 0.225230 -0.061818 1.000 0.839 0.421
v 0.015611 0.226814 -0.061386 1.000 0.839 0.421
v 0.014238 0.228446 -0.061012 1.000 0.839 0.421
v 0.012887 0.230150 -0.060690 1.000 0.839 0.421
v 0.011545 0.231953 -0.060411 1.000 0.839 0.421
v 0.010204 0.233883 -0.060166 1.000 0.839 0.421
v 0.008861 0.235972 -0.059942 1.000 0.839 0.421
v 0.007522 0.238251 -0.059723 1.000 0.839 0.421
v 0.006200 0.240751 -0.059488 1.000 0.839 0.421
v 0.004927 0.243496 -0.059207 1.000 0.839 0.421
v 0.003750 0.246493 -0.058838 1.000 0.839 0.421
v 0.002750 0.249718 -0.058321 1.000 0.839 0.421
v 0.002064 0.253068 -0.057556 1.000 0.839 0.421
v 0.002013 0.256185 -0.056300 1.000 0.839 0.421
v 0.003656 0.257639 -0.053754 1.000 0.839 0.421
v 0.005782 0.258422 -0.051080 1.000 0.839 0.421
v 0.008051 0.258844 -0.048563 1.000 0.839 0.421
v 0.010340 0.259039 -0.046277 1.000 0.839 0.421
v 0.012587 0.259090 -0.044232 1.000 0.839 0.421
v 0.014767 0.259056 -0.042416 1.000 0.839 0.421
v 0.016873 0.258977 -0.040805 1.000 0.839 0.421
v 0.018910 0.258882 -0.039370 1.000 0.839 0.421
v 0.020892 0.258790 -0.038086 1.000 0.839 0.421
v 0.022836 0.258716 -0.036926 1.000 0.839 0.421
v 0.024764 0.258668 -0.035871 1.000 0.839 0.421
v 0.026700 0.258652 -0.034900 1.000 0.839 0.421
v 0.028670 0.258668 -0.034001 1.000 0.839 0.421
v 0.030701 0.258716 -0.033162 1.000 0.839 0.421
v 0.032823 0.258790 -0.032375 1.000 0.839 0.421
v 0.035067 0.258882 -0.031637 1.000 0.839 0.421
v 0.037462 0.258977 -0.030950 1.000 0.839 0.421
v 0.040037 0.259056 -0.030321 1.000 0.839 0.421
v 0.042819 0.259090 -0.029762 1.000 0.839 0.421
v 0.045821 0.259039 -0.029294 1.000 0.839 0.421
v 0.049038 0.258844 -0.028945 1.000 0.839 0.421
v 0.052421 0.258422 -0.028756 1.000 0.839 0.421
v 0.055837 0.257639 -0.028778 1.000 0.839 0.421
v 0.029289 0.233384 -0.040310 1.000 0.839 0.421
f 608 536 537
f 608 537 536
f 608 537 538
f 608 538 537
f 608 538 539
f 608 539 538
f 608 539 540
f 608 540 539
f 608 540 541
f 608 541 540
f 608 541 542
f 608 542 541
f 608 542 543
f 608 543 542
f 608 543 544
f 608 544 543
f 608 544 545
f 608 545 544
f 608 545 546
f 608 546 545
f 608 546 547
f 608 547 546
f 608 547 548
f 608 548 547
f 608 548 549
f 608 549 548
f 608 549 550
f 608 550 549
f 608 550 551
f 608 551 550
f 608 551 552
f 608 552 551
f 608 552 553
f 608 553 552
f 608 553 554
f 608 554 553
f 608 554 555
f 608 555 554
f 608 555 556
f 608 556 555
f 608 556 557
f 608 557 556
f 608 557 558
f 608 558 557
f 608 558 559
f 608 559 558
f 608 559 560
f 608 560 559
f 608 560 561
f 608 561 560
f 608 561 562
f 608 562 561
f 608 562 563
f 608 563 562
f 608 563 564
f 608 564 563
f 608 564 565
f 608 565 564
f 608 565 566
f 608 566 565
f 608 566 567
f 608 567 566
f 608 567 568
f 608 568 567
f 608 568 569
f 608 569 568
f 608 569 570
f 608 570 569
f 608 570 571
f 608 571 570
f 608 571 572
f 608 572 571
f 608 572 573
f 608 573 572
f 608 573 574
f 608 574 573
f 608 574 575
f 608 575 574
f 608 575 576
f 608 576 575
f 608 576 577
f 608 577 576
f 608 577 578
f 608 578 577
f 608 578 579
f 608 579 578
f 608 579 580
f 608 580 579
f 608 580 581
f 608 581 580
f 608 581 582
f 608 582 581
f 608 582 583
f 608 583 582
f 608 583 584
f 608 584 583
f 608 584 585
f 608 585 584
f 608 585 586
f 608 586 585
f 608 586 587
f 608 587 586
f 608 587 588
f 608 588 587
f 608 588 589
f 608 589 588
f 608 589 590
f 608 590 589
f 608 590 591
f 608 591 590
f 608 591 592
f 608 592 591
f 608 592 593
f 608 593 592
f 608 593 594
f 608 594 593
f 608 594 595
f 608 595 594
f 608 595 596
f 608 596 595
f 608 596 597
f 608 597 596
f 608 597 598
f 608 598 597
f 608 598 599
f 608 599 598
f 608 599 600
f 608 600 599
f 608 600 601
f 608 601 600
f 608 601 602
f 608 602 601
f 608 602 603
f 608 603 602
f 608 603 604
f 608 604 603
f 608 604 605
f 608 605 604
f 608 605 606
f 608 606 605
f 608 606 607
f 608 607 606
f 608 607 536
f 608 536 607
v 0.033282 0.238933 -0.048653 0.819 0.402 0.420
v 0.033282 0.238933 -0.048653 0.819 0.402 0.420
v 0.033282 0.238933 -0.048653 0.819 0.402 0.420
v 0.033282 0.238933 -0.048653 0.819 0.402 0.420
v 0.033282 0.238933 -0.048653 0.819 0.402 0.420
v 0.033282 0.238933 -0.048653 0.819 0.402 0.420
v 0.033282 0.238933 -0.048653 0.819 0.402 0.420
v 0.033282 0.238933 -0.048653 0.819 0.402 0.420
v 0.033282 0.238933 -0.048653 0.819 0.402 0.420
v 0.033282 0.238933 -0.048653 0.819 0.402 0.420
v 0.026420 0.238226 -0.050632 0.819 0.402 0.420
v 0.026714 0.241777 -0.048129 0.819 0.402 0.420
v 0.029322 0.243971 -0.045421 0.819 0.402 0.420
v 0.033249 0.243971 -0.043542 0.819 0.402 0.420
v 0.036994 0.241777 -0.043209 0.819 0.402 0.420
v 0.039127 0.238226 -0.044549 0.819 0.402 0.420
v 0.038834 0.234676 -0.047051 0.819 0.402 0.420
v 0.036225 0.232482 -0.049760 0.819 0.402 0.420
v 0.032298 0.232482 -0.051639 0.819 0.402 0.420
v 0.028553 0.234676 -0.051972 0.819 0.402 0.420
v 0.021162 0.236377 -0.049730 0.819 0.402 0.420
v 0.021637 0.242121 -0.045682 0.819 0.402 0.420
v 0.025858 0.245672 -0.041300 0.819 0.402 0.420
v 0.032212 0.245672 -0.038259 0.819 0.402 0.420
v 0.038272 0.242121 -0.037720 0.819 0.402 0.420
v 0.041723 0.236377 -0.039889 0.819 0.402 0.420
v 0.041248 0.230632 -0.043938 0.819 0.402 0.420
v 0.037027 0.227082 -0.048319 0.819 0.402 0.420
v 0.030674 0.227082 -0.051361 0.819 0.402 0.420
v 0.024614 0.230632 -0.051900 0.819 0.402 0.420
v 0.019517 0.234090 -0.046293 0.819 0.402 0.420
v 0.019992 0.239835 -0.042244 0.819 0.402 0.420
v 0.024213 0.243385 -0.037863 0.819 0.402 0.420
v 0.030567 0.243385 -0.034821 0.819 0.402 0.420
v 0.036627 0.239835 -0.034283 0.819 0.402 0.420
v 0.040078 0.234090 -0.036452 0.819 0.402 0.420
v 0.039603 0.228346 -0.040500 0.819 0.402 0.420
v 0.035382 0.224795 -0.044882 0.819 0.402 0.420
v 0.029028 0.224795 -0.047923 0.819 0.402 0.420
v 0.022968 0.228346 -0.048462 0.819 0.402 0.420
v 0.022113 0.232241 -0.041633 0.819 0.402 0.420
v 0.022407 0.235791 -0.039131 0.819 0.402 0.420
v 0.025015 0.237985 -0.036423 0.819 0.402 0.420
v 0.028942 0.237985 -0.034543 0.819 0.402 0.420
v 0.032687 0.235791 -0.034210 0.819 0.402 0.420
v 0.034820 0.232241 -0.035551 0.819 0.402 0.420
v 0.034526 0.228690 -0.038053 0.819 0.402 0.420
v 0.031918 0.226496 -0.040761 0.819 0.402 0.420
v 0.027991 0.226496 -0.042640 0.819 0.402 0.420
v 0.024246 0.228690 -0.042974 0.819 0.402 0.420
v 0.027958 0.231534 -0.037530 0.819 0.402 0.420
v 0.027958 0.231534 -0.037530 0.819 0.402 0.420
v 0.027958 0.231534 -0.037530 0.819 0.402 0.420
v 0.027958 0.231534 -0.037530 0.819 0.402 0.420
v 0.027958 0.231534 -0.037530 0.819 0.402 0.420
v 0.027958 0.231534 -0.037530 0.819 0.402 0.420
v 0.027958 0.231534 -0.037530 0.819 0.402 0.420
v 0.027958 0.231534 -0.037530 0.819 0.402 0.420
v 0.027958 0.231534 -0.037530 0.819 0.402 0.420
v 0.027958 0.231534 -0.037530 0.819 0.402 0.420
f 609 620 610
f 609 619 620
f 610 621 611
f 610 620 621
f 611 622 612
f 611 621 622
f 612 623 613
f 612 622 623
f 613 624 614
f 613 623 624
f 614 625 615
f 614 624 625
f 615 626 616
f 615 625 626
f 616 627 617
f 616 626 627
f 617 628 618
f 617 627 628
f 618 619 609
f 618 628 619
f 619 630 620
f 619 629 630
f 620 631 621
f 620 630 631
f 621 632 622
f 621 631 632
f 622 633 623
f 622 632 633
f 623 634 624
f 623 633 634
f 624 635 625
f 624 634 635
f 625 636 626
f 625 635 636
f 626 637 627
f 626 636 637
f 627 638 628
f 627 637 638
f 628 629 619
f 628 638 629
f 629 640 630
f 629 639 640
f 630 641 631
f 630 640 641
f 631 642 632
f 631 641 642
f 632 643 633
f 632 642 643
f 633 644 634
f 633 643 644
f 634 645 635
f 634 644 645
f 635 646 636
f 635 645 646
f 636 647 637
f 636 646 647
f 637 648 638
f 637 647 648
f 638 639 629
f 638 648 639
f 639 650 640
f 639 649 650
f 640 651 641
f 640 650 651
f 641 652 642
f 641 651 652
f 642 653 643
f 642 652 653
f 643 654 644
f 643 653 654
f 644 655 645
f 644 654 655
f 645 656 646
f 645 655 656
f 646 657 647
f 646 656 657
f 647 658 648
f 647 657 658
f 648 649 639
f 648 658 649
f 649 660 650
f 649 659 660
f 650 661 651
f 650 660 661
f 651 662 652
f 651 661 662
f 652 663 653
f 652 662 663
f 653 664 654
f 653 663 664
f 654 665 655
f 654 664 665
f 655 666 656
f 655 665 666
f 656 667 657
f 656 666 667
f 657 668 658
f 657 667 668
f 658 659 649
f 658 668 659
v 0.034435 0.322909 -0.054586 1.000 0.817 0.342
v 0.036215 0.321527 -0.051780 1.000 0.817 0.342
v 0.038030 0.319347 -0.049355 1.000 0.817 0.342
v 0.039796 0.316922 -0.047304 1.000 0.817 0.342
v 0.041487 0.314450 -0.045590 1.000 0.817 0.342
v 0.043100 0.312031 -0.044159 1.000 0.817 0.342
v 0.044640 0.309711 -0.042962 1.000 0.817 0.342
v 0.046119 0.307509 -0.041952 1.000 0.817 0.342
v 0.047555 0.305425 -0.041088 1.000 0.817 0.342
v 0.048964 0.303451 -0.040338 1.000 0.817 0.342
v 0.050366 0.301573 -0.039675 1.000 0.817 0.342
v 0.051780 0.299770 -0.039078 1.000 0.817 0.342
v 0.053226 0.298022 -0.038532 1.000 0.817 0.342
v 0.054723 0.296305 -0.038028 1.000 0.817 0.342
v 0.056293 0.294595 -0.037560 1.000 0.817 0.342
v 0.057955 0.292867 -0.037129 1.000 0.817 0.342
v 0.059729 0.291093 -0.036743 1.000 0.817 0.342
v 0.061633 0.289244 -0.036415 1.000 0.817 0.342
v 0.063680 0.287294 -0.036166 1.000 0.817 0.342
v 0.065879 0.285212 -0.036029 1.000 0.817 0.342
v 0.068222 0.282974 -0.036048 1.000 0.817 0.342
v 0.070679 0.280562 -0.036282 1.000 0.817 0.342
v 0.073173 0.277973 -0.036812 1.000 0.817 0.342
v 0.075532 0.275237 -0.037747 1.000 0.817 0.342
v 0.077260 0.272488 -0.039301 1.000 0.817 0.342
v 0.076535 0.270312 -0.042074 1.000 0.817 0.342
v 0.075083 0.268594 -0.045052 1.000 0.817 0.342
v 0.073390 0.267254 -0.047974 1.000 0.817 0.342
v 0.071633 0.266226 -0.050762 1.000 0.817 0.342
v 0.069904 0.265451 -0.053390 1.000 0.817 0.342
v 0.068246 0.264876 -0.055861 1.000 0.817 0.342
v 0.066681 0.264456 -0.058193 1.000 0.817 0.342
v 0.065215 0.264156 -0.060408 1.000 0.817 0.342
v 0.063845 0.263949 -0.062535 1.000 0.817 0.342
v 0.062562 0.263815 -0.064602 1.000 0.817 0.342
v 0.061356 0.263740 -0.066638 1.000 0.817 0.342
v 0.060213 0.263716 -0.068672 1.000 0.817 0.342
v 0.059119 0.263740 -0.070732 1.000 0.817 0.342
v 0.058057 0.263815 -0.072847 1.000 0.817 0.342
v 0.057010 0.263949 -0.075043 1.000 0.817 0.342
v 0.055961 0.264156 -0.077345 1.000 0.817 0.342
v 0.054888 0.264456 -0.079775 1.000 0.817 0.342
v 0.053771 0.264876 -0.082352 1.000 0.817 0.342
v 0.052587 0.265451 -0.085082 1.000 0.817 0.342
v 0.051310 0.266226 -0.087957 1.000 0.817 0.342
v 0.049912 0.267254 -0.090940 1.000 0.817 0.342
v 0.048368 0.268594 -0.093944 1.000 0.817 0.342
v 0.046646 0.270312 -0.096775 1.000 0.817 0.342
v 0.044704 0.272488 -0.098883 1.000 0.817 0.342
v 0.042463 0.275237 -0.098268 1.000 0.817 0.342
v 0.040401 0.277973 -0.096787 1.000 0.817 0.342
v 0.038609 0.280562 -0.094975 1.000 0.817 0.342
v 0.037084 0.282974 -0.093034 1.000 0.817 0.342
v 0.035803 0.285212 -0.091072 1.000 0.817 0.342
v 0.034731 0.287294 -0.089148 1.000 0.817 0.342
v 0.033834 0.289244 -0.087290 1.000 0.817 0.342
v 0.033082 0.291093 -0.085510 1.000 0.817 0.342
v 0.032448 0.292867 -0.083809 1.000 0.817 0.342
v 0.031913 0.294595 -0.082178 1.000 0.817 0.342
v 0.031459 0.296305 -0.080604 1.000 0.817 0.342
v 0.031074 0.298022 -0.079071 1.000 0.817 0.342
v 0.030753 0.299770 -0.077560 1.000 0.817 0.342
v 0.030492 0.301573 -0.076048 1.000 0.817 0.342
v 0.030293 0.303451 -0.074510 1.000 0.817 0.342
v 0.030162 0.305425 -0.072919 1.000 0.817 0.342
v 0.030114 0.307509 -0.071244 1.000 0.817 0.342
v 0.030165 0.309711 -0.069453 1.000 0.817 0.342
v 0.030340 0.312031 -0.067510 1.000 0.817 0.342
v 0.030673 0.314450 -0.065381 1.000 0.817 0.342
v 0.031203 0.316922 -0.063031 1.000 0.817 0.342
v 0.031974 0.319347 -0.060438 1.000 0.817 0.342
v 0.033035 0.321527 -0.057600 1.000 0.817 0.342
v 0.043103 0.283121 -0.059323 1.000 0.817 0.342
f 741 669 670
f 741 670 669
f 741 670 671
f 741 671 670
f 741 671 672
f 741 672 671
f 741 672 673
f 741 673 672
f 741 673 674
f 741 674 673
f 741 674 675
f 741 675 674
f 741 675 676
f 741 676 675
f 741 676 677
f 741 677 676
f 741 677 678
f 741 678 677
f 741 678 679
f 741 679 678
f 741 679 680
f 741 680 679
f 741 680 681
f 741 681 680
f 741 681 682
f 741 682 681
f 741 682 683
f 741 683 682
f 741 683 684
f 741 684 683
f 741 684 685
f 741 685 684
f 741 685 686
f 741 686 685
f 741 686 687
f 741 687 686
f 741 687 688
f 741 688 687
f 741 688 689
f 741 689 688
f 741 689 690
f 741 690 689
f 741 690 691
f 741 691 690
f 741 691 692
f 741 692 691
f 741 692 693
f 741 693 692
f 741 693 694
f 741 694 693
f 741 694 695
f 741 695 694
f 741 695 696
f 741 696 695
f 741 696 697
f 741 697 696
f 741 697 698
f 741 698 697
f 741 698 699
f 741 699 698
f 741 699 700
f 741 700 699
f 741 700 701
f 741 701 700
f 741 701 702
f 741 702 701
f 741 702 703
f 741 703 702
f 741 703 704
f 741 704 703
f 741 704 705
f 741 705 704
f 741 705 706
f 741 706 705
f 741 706 707
f 741 707 706
f 741 707 708
f 741 708 707
f 741 708 709
f 741 709 708
f 741 709 710
f 741 710 709
f 741 710 711
f 741 711 710
f 741 711 712
f 741 712 711
f 741 712 713
f 741 713 712
f 741 713 714
f 741 714 713
f 741 714 715
f 741 715 714
f 741 715 716
f 741 716 715
f 741 716 717
f 741 717 716
f 741 717 718
f 741 718 717
f 741 718 719
f 741 719 718
f 741 719 720
f 741 720 719
f 741 720 721
f 741 721 720
f 741 721 722
f 741 722 721
f 741 722 723
f 741 723 722
f 741 723 724
f 741 724 723
f 741 724 725
f 741 725 724
f 741 725 726
f 741 726 725
f 741 726 727
f 741 727 726
f 741 727 728
f 741 728 727
f 741 728 729
f 741 729 728
f 741 729 730
f 741 730 729
f 741 730 731
f 741 731 730
f 741 731 732
f 741 732 731
f 741 732 733
f 741 733 732
f 741 733 734
f 741 734 733
f 741 734 735
f 741 735 734
f 741 735 736
f 741 736 735
f 741 736 737
f 741 737 736
f 741 737 738
f 741 738 737
f 741 738 739
f 741 739 738
f 741 739 740
f 741 740 739
f 741 740 669
f 741 669 740
v 0.059953 0.304610 -0.035647 1.000 0.839 0.421
v 0.061061 0.301729 -0.035734 1.000 0.839 0.421
v 0.061671 0.298623 -0.036368 1.000 0.839 0.421
v 0.062038 0.295631 -0.037277 1.000 0.839 0.421
v 0.062266 0.292850 -0.038343 1.000 0.839 0.421
v 0.062415 0.290305 -0.039497 1.000 0.839 0.421
v 0.062526 0.287989 -0.040696 1.000 0.839 0.421
v 0.062628 0.285879 -0.041914 1.000 0.839 0.421
v 0.062741 0.283949 -0.043139 1.000 0.839 0.421
v 0.062880 0.282167 -0.044367 1.000 0.839 0.421
v 0.063056 0.280507 -0.045601 1.000 0.839 0.421
v 0.063276 0.278940 -0.046848 1.000 0.839 0.421
v 0.063548 0.277444 -0.048120 1.000 0.839 0.421
v 0.063876 0.275995 -0.049435 1.000 0.839 0.421
v 0.064264 0.274576 -0.050811 1.000 0.839 0.421
v 0.064713 0.273171 -0.052271 1.000 0.839 0.421
v 0.065223 0.271766 -0.053842 1.000 0.839 0.421
v 0.065790 0.270355 -0.055553 1.000 0.839 0.421
v 0.066407 0.268934 -0.057436 1.000 0.839 0.421
v 0.067058 0.267509 -0.059524 1.000 0.839 0.421
v 0.067715 0.266096 -0.061848 1.000 0.839 0.421
v 0.068333 0.264725 -0.064429 1.000 0.839 0.421
v 0.068834 0.263454 -0.067266 1.000 0.839 0.421
v 0.069074 0.262383 -0.070302 1.000 0.839 0.421
v 0.068682 0.261753 -0.073299 1.000 0.839 0.421
v 0.066371 0.262383 -0.075249 1.000 0.839 0.421
v 0.063686 0.263454 -0.076686 1.000 0.839 0.421
v 0.061029 0.264725 -0.077797 1.000 0.839 0.421
v 0.058523 0.266096 -0.078671 1.000 0.839 0.421
v 0.056212 0.267509 -0.079373 1.000 0.839 0.421
v 0.054104 0.268934 -0.079953 1.000 0.839 0.421
v 0.052186 0.270355 -0.080451 1.000 0.839 0.421
v 0.050439 0.271766 -0.080898 1.000 0.839 0.421
v 0.048842 0.273171 -0.081317 1.000 0.839 0.421
v 0.047370 0.274576 -0.081728 1.000 0.839 0.421
v 0.046003 0.275995 -0.082145 1.000 0.839 0.421
v 0.044719 0.277444 -0.082579 1.000 0.839 0.421
v 0.043501 0.278940 -0.083038 1.000 0.839 0.421
v 0.042333 0.280507 -0.083526 1.000 0.839 0.421
v 0.041200 0.282167 -0.084045 1.000 0.839 0.421
v 0.040092 0.283949 -0.084591 1.000 0.839 0.421
v 0.038999 0.285879 -0.085158 1.000 0.839 0.421
v 0.037919 0.287989 -0.085730 1.000 0.839 0.421
v 0.036850 0.290305 -0.086283 1.000 0.839 0.421
v 0.035798 0.292850 -0.086781 1.000 0.839 0.421
v 0.034779 0.295631 -0.087166 1.000 0.839 0.421
v 0.033815 0.298623 -0.087347 1.000 0.839 0.421
v 0.032952 0.301729 -0.087176 1.000 0.839 0.421
v 0.032280 0.304610 -0.086291 1.000 0.839 0.421
v 0.032099 0.305915 -0.083498 1.000 0.839 0.421
v 0.032192 0.306595 -0.080344 1.000 0.839 0.421
v 0.032474 0.306943 -0.077227 1.000 0.839 0.421
v 0.032899 0.307086 -0.074274 1.000 0.839 0.421
v 0.033429 0.307102 -0.071527 1.000 0.839 0.421
v 0.034038 0.307044 -0.068989 1.000 0.839 0.421
v 0.034708 0.306949 -0.066647 1.000 0.839 0.421
v 0.035428 0.306844 -0.064476 1.000 0.839 0.421
v 0.036194 0.306747 -0.062450 1.000 0.839 0.421
v 0.037004 0.306670 -0.060540 1.000 0.839 0.421
v 0.037863 0.306621 -0.058719 1.000 0.839 0.421
v 0.038780 0.306604 -0.056960 1.000 0.839 0.421
v 0.039765 0.306621 -0.055239 1.000 0.839 0.421
v 0.040833 0.306670 -0.053532 1.000 0.839 0.421
v 0.042003 0.306747 -0.051818 1.000 0.839 0.421
v 0.043294 0.306844 -0.050080 1.000 0.839 0.421
v 0.044732 0.306949 -0.048301 1.000 0.839 0.421
v 0.046341 0.307044 -0.046472 1.000 0.839 0.421
v 0.048148 0.307102 -0.044589 1.000 0.839 0.421
v 0.050174 0.307086 -0.042659 1.000 0.839 0.421
v 0.052430 0.306943 -0.040706 1.000 0.839 0.421
v 0.054900 0.306595 -0.038785 1.000 0.839 0.421
v 0.057505 0.305915 -0.037003 1.000 0.839 0.421
v 0.043103 0.283121 -0.059323 1.000 0.839 0.421
f 814 742 743
f 814 743 742
f 814 743 744
f 814 744 743
f 814 744 745
f 814 745 744
f 814 745 746
f 814 746 745
f 814 746 747
f 814 747 746
f 814 747 748
f 814 748 747
f 814 748 749
f 814 749 748
f 814 749 750
f 814 750 749
f 814 750 751
f 814 751 750
f 814 751 752
f 814 752 751
f 814 752 753
f 814 753 752
f 814 753 754
f 814 754 753
f 814 754 755
f 814 755 754
f 814 755 756
f 814 756 755
f 814 756 757
f 814 757 756
f 814 757 758
f 814 758 757
f 814 758 759
f 814 759 758
f 814 759 760
f 814 760 759
f 814 760 761
f 814 761 760
f 814 761 762
f 814 762 761
f 814 762 763
f 814 763 762
f 814 763 764
f 814 764 763
f 814 764 765
f 814 765 764
f 814 765 766
f 814 766 765
f 814 766 767
f 814 767 766
f 814 767 768
f 814 768 767
f 814 768 769
f 814 769 768
f 814 769 770
f 814 770 769
f 814 770 771
f 814 771 770
f 814 771 772
f 814 772 771
f 814 772 773
f 814 773 772
f 814 773 774
f 814 774 773
f 814 774 775
f 814 775 774
f 814 775 776
f 814 776 775
f 814 776 777
f 814 777 776
f 814 777 778
f 814 778 777
f 814 778 779
f 814 779 778
f 814 779 780
f 814 780 779
f 814 780 781
f 814 781 780
f 814 781 782
f 814 782 781
f 814 782 783
f 814 783 782
f 814 783 784
f 814 784 783
f 814 784 785
f 814 785 784
f 814 785 786
f 814 786 785
f 814 786 787
f 814 787 786
f 814 787 788
f 814 788 787
f 814 788 789
f 814 789 788
f 814 789 790
f 814 790 789
f 814 790 791
f 814 791 790
f 814 791 792
f 814 792 791
f 814 792 793
f 814 793 792
f 814 793 794
f 814 794 793
f 814 794 795
f 814 795 794
f 814 795 796
f 814 796 795
f 814 796 797
f 814 797 796
f 814 797 798
f 814 798 797
f 814 798 799
f 814 799 798
f 814 799 800
f 814 800 799
f 814 800 801
f 814 801 800
f 814 801 802
f 814 802 801
f 814 802 803
f 814 803 802
f 814 803 804
f 814 804 803
f 814 804 805
f 814 805 804
f 814 805 806
f 814 806 805
f 814 806 807
f 814 807 806
f 814 807 808
f 814 808 807
f 814 808 809
f 814 809 808
f 814 809 810
f 814 810 809
f 814 810 811
f 814 811 810
f 814 811 812
f 814 812 811
f 814 812 813
f 814 813 812
f 814 813 742
f 814 742 813
v 0.050537 0.288204 -0.063384 0.819 0.402 0.420
v 0.050537 0.288204 -0.063384 0.819 0.402 0.420
v 0.050537 0.288204 -0.063384 0.819 0.402 0.420
v 0.050537 0.288204 -0.063384 0.819 0.402 0.420
v 0.050537 0.288204 -0.063384 0.819 0.402 0.420
v 0.050537 0.288204 -0.063384 0.819 0.402 0.420
v 0.050537 0.288204 -0.063384 0.819 0.402 0.420
v 0.050537 0.288204 -0.063384 0.819 0.402 0.420
v 0.050537 0.288204 -0.063384 0.819 0.402 0.420
v 0.050537 0.288204 -0.063384 0.819 0.402 0.420
v 0.046497 0.287557 -0.068529 0.819 0.402 0.420
v 0.045375 0.290808 -0.066512 0.819 0.402 0.420
v 0.045864 0.292818 -0.063103 0.819 0.402 0.420
v 0.047776 0.292818 -0.059604 0.819 0.402 0.420
v 0.050381 0.290808 -0.057351 0.819 0.402 0.420
v 0.052684 0.287557 -0.057206 0.819 0.402 0.420
v 0.053805 0.284305 -0.059222 0.819 0.402 0.420
v 0.053316 0.282295 -0.062631 0.819 0.402 0.420
v 0.051404 0.282295 -0.066130 0.819 0.402 0.420
v 0.048800 0.284305 -0.068383 0.819 0.402 0.420
v 0.042107 0.285862 -0.070674 0.819 0.402 0.420
v 0.040293 0.291124 -0.067410 0.819 0.402 0.420
v 0.041083 0.294376 -0.061895 0.819 0.402 0.420
v 0.044177 0.294376 -0.056233 0.819 0.402 0.420
v 0.048392 0.291124 -0.052589 0.819 0.402 0.420
v 0.052118 0.285862 -0.052353 0.819 0.402 0.420
v 0.053932 0.280601 -0.055616 0.819 0.402 0.420
v 0.053141 0.277349 -0.061132 0.819 0.402 0.420
v 0.050048 0.277349 -0.066793 0.819 0.402 0.420
v 0.045833 0.280601 -0.070438 0.819 0.402 0.420
v 0.039044 0.283768 -0.069000 0.819 0.402 0.420
v 0.037230 0.289030 -0.065737 0.819 0.402 0.420
v 0.038021 0.292281 -0.060221 0.819 0.402 0.420
v 0.041114 0.292281 -0.054560 0.819 0.402 0.420
v 0.045329 0.289030 -0.050915 0.819 0.402 0.420
v 0.049055 0.283768 -0.050679 0.819 0.402 0.420
v 0.050869 0.278507 -0.053942 0.819 0.402 0.420
v 0.050079 0.275255 -0.059458 0.819 0.402 0.420
v 0.046985 0.275255 -0.065120 0.819 0.402 0.420
v 0.042770 0.278507 -0.068764 0.819 0.402 0.420
v 0.038478 0.282074 -0.064147 0.819 0.402 0.420
v 0.037357 0.285326 -0.062131 0.819 0.402 0.420
v 0.037846 0.287336 -0.058722 0.819 0.402 0.420
v 0.039758 0.287336 -0.055223 0.819 0.402 0.420
v 0.042362 0.285326 -0.052970 0.819 0.402 0.420
v 0.044665 0.282074 -0.052824 0.819 0.402 0.420
v 0.045787 0.278823 -0.054841 0.819 0.402 0.420
v 0.045298 0.276813 -0.058250 0.819 0.402 0.420
v 0.043386 0.276813 -0.061749 0.819 0.402 0.420
v 0.040781 0.278823 -0.064002 0.819 0.402 0.420
v 0.040625 0.281427 -0.057969 0.819 0.402 0.420
v 0.040625 0.281427 -0.057969 0.819 0.402 0.420
v 0.040625 0.281427 -0.057969 0.819 0.402 0.420
v 0.040625 0.281427 -0.057969 0.819 0.402 0.420
v 0.040625 0.281427 -0.057969 0.819 0.402 0.420
v 0.040625 0.281427 -0.057969 0.819 0.402 0.420
v 0.040625 0.281427 -0.057969 0.819 0.402 0.420
v 0.040625 0.281427 -0.057969 0.819 0.402 0.420
v 0.040625 0.281427 -0.057969 0.819 0.402 0.420
v 0.040625 0.281427 -0.057969 0.819 0.402 0.420
f 815 826 816
f 815 825 826
f 816 827 817
f 816 826 827
f 817 828 818
f 817 827 828
f 818 829 819
f 818 828 829
f 819 830 820
f 819 829 830
f 820 831 821
f 820 830 831
f 821 832 822
f 821 831 832
f 822 833 823
f 822 832 833
f 823 834 824
f 823 833 834
f 824 825 815
f 824 834 825
f 825 836 826
f 825 835 836
f 826 837 827
f 826 836 837
f 827 838 828
f 827 837 838
f 828 839 829
f 828 838 839
f 829 840 830
f 829 839 840
f 830 841 831
f 830 840 841
f 831 842 832
f 831 841 842
f 832 843 833
f 832 842 843
f 833 844 834
f 833 843 844
f 834 835 825
f 834 844 835
f 835 846 836
f 835 845 846
f 836 847 837
f 836 846 847
f 837 848 838
f 837 847 848
f 838 849 839
f 838 848 849
f 839 850 840
f 839 849 850
f 840 851 841
f 840 850 851
f 841 852 842
f 841 851 852
f 842 853 843
f 842 852 853
f 843 854 844
f 843 853 854
f 844 845 835
f 844 854 845
f 845 856 846
f 845 855 856
f 846 857 847
f 846 856 857
f 847 858 848
f 847 857 858
f 848 859 849
f 848 858 859
f 849 860 850
f 849 859 860
f 850 861 851
f 850 860 861
f 851 862 852
f 851 861 862
f 852 863 853
f 852 862 863
f 853 864 854
f 853 863 864
f 854 855 845
f 854 864 855
f 855 866 856
f 855 865 866
f 856 867 857
f 856 866 867
f 857 868 858
f 857 867 868
f 858 869 859
f 858 868 869
f 859 870 860
f 859 869 870
f 860 871 861
f 860 870 871
f 861 872 862
f 861 871 872
f 862 873 863
f 862 872 873
f 863 874 864
f 863 873 874
f 864 865 855
f 864 874 865
v 0.055573 0.369560 -0.075041 1.000 0.817 0.342
v 0.058261 0.368279 -0.073673 1.000 0.817 0.342
v 0.060786 0.366265 -0.072601 1.000 0.817 0.342
v 0.063095 0.364026 -0.071796 1.000 0.817 0.342
v 0.065190 0.361748 -0.071220 1.000 0.817 0.342
v 0.067093 0.359522 -0.070832 1.000 0.817 0.342
v 0.068832 0.357390 -0.070597 1.000 0.817 0.342
v 0.070440 0.355369 -0.070485 1.000 0.817 0.342
v 0.071948 0.353461 -0.070472 1.000 0.817 0.342
v 0.073385 0.351656 -0.070540 1.000 0.817 0.342
v 0.074778 0.349941 -0.070677 1.000 0.817 0.342
v 0.076152 0.348298 -0.070876 1.000 0.817 0.342
v 0.077530 0.346709 -0.071135 1.000 0.817 0.342
v 0.078930 0.345152 -0.071455 1.000 0.817 0.342
v 0.080373 0.343604 -0.071843 1.000 0.817 0.342
v 0.081872 0.342043 -0.072309 1.000 0.817 0.342
v 0.083440 0.340444 -0.072867 1.000 0.817 0.342
v 0.085084 0.338782 -0.073538 1.000 0.817 0.342
v 0.086806 0.337031 -0.074344 1.000 0.817 0.342
v 0.088596 0.335166 -0.075315 1.000 0.817 0.342
v 0.090427 0.333163 -0.076481 1.000 0.817 0.342
v 0.092248 0.331005 -0.077873 1.000 0.817 0.342
v 0.093960 0.328690 -0.079516 1.000 0.817 0.342
v 0.095376 0.326241 -0.081410 1.000 0.817 0.342
v 0.096000 0.323769 -0.083468 1.000 0.817 0.342
v 0.094105 0.321768 -0.085238 1.000 0.817 0.342
v 0.091540 0.320172 -0.086807 1.000 0.817 0.342
v 0.088814 0.318919 -0.088218 1.000 0.817 0.342
v 0.086106 0.317953 -0.089499 1.000 0.817 0.342
v 0.083497 0.317220 -0.090675 1.000 0.817 0.342
v 0.081022 0.316672 -0.091770 1.000 0.817 0.342
v 0.078688 0.316270 -0.092806 1.000 0.817 0.342
v 0.076489 0.315982 -0.093805 1.000 0.817 0.342
v 0.074410 0.315781 -0.094787 1.000 0.817 0.342
v 0.072430 0.315651 -0.095769 1.000 0.817 0.342
v 0.070527 0.315577 -0.096768 1.000 0.817 0.342
v 0.068677 0.315554 -0.097801 1.000 0.817 0.342
v 0.066855 0.315577 -0.098883 1.000 0.817 0.342
v 0.065035 0.315651 -0.100026 1.000 0.817 0.342
v 0.063192 0.315781 -0.101245 1.000 0.817 0.342
v 0.061299 0.315982 -0.102551 1.000 0.817 0.342
v 0.059331 0.316270 -0.103950 1.000 0.817 0.342
v 0.057263 0.316672 -0.105448 1.000 0.817 0.342
v 0.055073 0.317220 -0.107039 1.000 0.817 0.342
v 0.052747 0.317953 -0.108705 1.000 0.817 0.342
v 0.050279 0.318919 -0.110404 1.000 0.817 0.342
v 0.047690 0.320172 -0.112053 1.000 0.817 0.342
v 0.045045 0.321768 -0.113483 1.000 0.817 0.342
v 0.042563 0.323769 -0.114233 1.000 0.817 0.342
v 0.041096 0.326241 -0.112660 1.000 0.817 0.342
v 0.040170 0.328690 -0.110485 1.000 0.817 0.342
v 0.039608 0.331005 -0.108180 1.000 0.817 0.342
v 0.039318 0.333163 -0.105906 1.000 0.817 0.342
v 0.039229 0.335166 -0.103737 1.000 0.817 0.342
v 0.039289 0.337031 -0.101702 1.000 0.817 0.342
v 0.039456 0.338782 -0.099808 1.000 0.817 0.342
v 0.039702 0.340444 -0.098049 1.000 0.817 0.342
v 0.040006 0.342043 -0.096412 1.000 0.817 0.342
v 0.040356 0.343604 -0.094882 1.000 0.817 0.342
v 0.040745 0.345152 -0.093440 1.000 0.817 0.342
v 0.041171 0.346709 -0.092068 1.000 0.817 0.342
v 0.041639 0.348298 -0.090747 1.000 0.817 0.342
v 0.042156 0.349941 -0.089458 1.000 0.817 0.342
v 0.042737 0.351656 -0.088185 1.000 0.817 0.342
v 0.043400 0.353461 -0.086908 1.000 0.817 0.342
v 0.044169 0.355369 -0.085610 1.000 0.817 0.342
v 0.045073 0.357390 -0.084276 1.000 0.817 0.342
v 0.046150 0.359522 -0.082890 1.000 0.817 0.342
v 0.047440 0.361748 -0.081439 1.000 0.817 0.342
v 0.048991 0.364026 -0.079917 1.000 0.817 0.342
v 0.050846 0.366265 -0.078324 1.000 0.817 0.342
v 0.053041 0.368279 -0.076678 1.000 0.817 0.342
v 0.059578 0.332859 -0.081996 1.000 0.817 0.342
f 947 875 876
f 947 876 875
f 947 876 877
f 947 877 876
f 947 877 878
f 947 878 877
f 947 878 879
f 947 879 878
f 947 879 880
f 947 880 879
f 947 880 881
f 947 881 880
f 947 881 882
f 947 882 881
f 947 882 883
f 947 883 882
f 947 883 884
f 947 884 883
f 947 884 885
f 947 885 884
f 947 885 886
f 947 886 885
f 947 886 887
f 947 887 886
f 947 887 888
f 947 888 887
f 947 888 889
f 947 889 888
f 947 889 890
f 947 890 889
f 947 890 891
f 947 891 890
f 947 891 892
f 947 892 891
f 947 892 893
f 947 893 892
f 947 893 894
f 947 894 893
f 947 894 895
f 947 895 894
f 947 895 896
f 947 896 895
f 947 896 897
f 947 897 896
f 947 897 898
f 947 898 897
f 947 898 899
f 947 899 898
f 947 899 900
f 947 900 899
f 947 900 901
f 947 901 900
f 947 901 902
f 947 902 901
f 947 902 903
f 947 903 902
f 947 903 904
f 947 904 903
f 947 904 905
f 947 905 904
f 947 905 906
f 947 906 905
f 947 906 907
f 947 907 906
f 947 907 908
f 947 908 907
f 947 908 909
f 947 909 908
f 947 909 910
f 947 910 909
f 947 910 911
f 947 911 910
f 947 911 912
f 947 912 911
f 947 912 913
f 947 913 912
f 947 913 914
f 947 914 913
f 947 914 915
f 947 915 914
f 947 915 916
f 947 916 915
f 947 916 917
f 947 917 916
f 947 917 918
f 947 918 917
f 947 918 919
f 947 919 918
f 947 919 920
f 947 920 919
f 947 920 921
f 947 921 920
f 947 921 922
f 947 922 921
f 947 922 923
f 947 923 922
f 947 923 924
f 947 924 923
f 947 924 925
f 947 925 924
f 947 925 926
f 947 926 925
f 947 926 927
f 947 927 926
f 947 927 928
f 947 928 927
f 947 928 929
f 947 929 928
f 947 929 930
f 947 930 929
f 947 930 931
f 947 931 930
f 947 931 932
f 947 932 931
f 947 932 933
f 947 933 932
f 947 933 934
f 947 934 933
f 947 934 935
f 947 935 934
f 947 935 936
f 947 936 935
f 947 936 937
f 947 937 936
f 947 937 938
f 947 938 937
f 947 938 939
f 947 939 938
f 947 939 940
f 947 940 939
f 947 940 941
f 947 941 940
f 947 941 942
f 947 942 941
f 947 942 943
f 947 943 942
f 947 943 944
f 947 944 943
f 947 944 945
f 947 945 944
f 947 945 946
f 947 946 945
f 947 946 875
f 947 875 946
v 0.084395 0.353036 -0.072579 1.000 0.839 0.421
v 0.085188 0.350390 -0.073129 1.000 0.839 0.421
v 0.085326 0.347528 -0.073850 1.000 0.839 0.421
v 0.085146 0.344769 -0.074667 1.000 0.839 0.421
v 0.084785 0.342204 -0.075545 1.000 0.839 0.421
v 0.084326 0.339859 -0.076460 1.000 0.839 0.421
v 0.083821 0.337726 -0.077400 1.000 0.839 0.421
v 0.083303 0.335787 -0.078358 1.000 0.839 0.421
v 0.082795 0.334014 -0.079334 1.000 0.839 0.421
v 0.082309 0.332382 -0.080330 1.000 0.839 0.421
v 0.081853 0.330864 -0.081355 1.000 0.839 0.421
v 0.081428 0.329435 -0.082417 1.000 0.839 0.421
v 0.081035 0.328074 -0.083529 1.000 0.839 0.421
v 0.080668 0.326761 -0.084706 1.000 0.839 0.421
v 0.080322 0.325478 -0.085965 1.000 0.839 0.421
v 0.079988 0.324211 -0.087324 1.000 0.839 0.421
v 0.079651 0.322950 -0.088803 1.000 0.839 0.421
v 0.079297 0.321688 -0.090426 1.000 0.839 0.421
v 0.078904 0.320422 -0.092212 1.000 0.839 0.421
v 0.078444 0.319157 -0.094180 1.000 0.839 0.421
v 0.077881 0.317907 -0.096342 1.000 0.839 0.421
v 0.077171 0.316701 -0.098691 1.000 0.839 0.421
v 0.076251 0.315589 -0.101187 1.000 0.839 0.421
v 0.075035 0.314657 -0.103714 1.000 0.839 0.421
v 0.073336 0.314114 -0.105893 1.000 0.839 0.421
v 0.070598 0.314657 -0.106268 1.000 0.839 0.421
v 0.067802 0.315589 -0.106051 1.000 0.839 0.421
v 0.065182 0.316701 -0.105593 1.000 0.839 0.421
v 0.062794 0.317907 -0.105028 1.000 0.839 0.421
v 0.060642 0.319157 -0.104429 1.000 0.839 0.421
v 0.058709 0.320422 -0.103839 1.000 0.839 0.421
v 0.056967 0.321688 -0.103282 1.000 0.839 0.421
v 0.055386 0.322950 -0.102774 1.000 0.839 0.421
v 0.053937 0.324211 -0.102322 1.000 0.839 0.421
v 0.052594 0.325478 -0.101929 1.000 0.839 0.421
v 0.051332 0.326761 -0.101596 1.000 0.839 0.421
v 0.050130 0.328074 -0.101322 1.000 0.839 0.421
v 0.048970 0.329435 -0.101104 1.000 0.839 0.421
v 0.047839 0.330864 -0.100938 1.000 0.839 0.421
v 0.046723 0.332382 -0.100818 1.000 0.839 0.421
v 0.045618 0.334014 -0.100738 1.000 0.839 0.421
v 0.044519 0.335787 -0.100688 1.000 0.839 0.421
v 0.043431 0.337726 -0.100654 1.000 0.839 0.421
v 0.042364 0.339859 -0.100619 1.000 0.839 0.421
v 0.041342 0.342204 -0.100557 1.000 0.839 0.421
v 0.040402 0.344769 -0.100428 1.000 0.839 0.421
v 0.039604 0.347528 -0.100173 1.000 0.839 0.421
v 0.039051 0.350390 -0.099692 1.000 0.839 0.421
v 0.038973 0.353036 -0.098730 1.000 0.839 0.421
v 0.040131 0.354192 -0.096438 1.000 0.839 0.421
v 0.041661 0.354768 -0.093977 1.000 0.839 0.421
v 0.043321 0.355042 -0.091635 1.000 0.839 0.421
v 0.045016 0.355133 -0.089491 1.000 0.839 0.421
v 0.046699 0.355113 -0.087563 1.000 0.839 0.421
v 0.048348 0.355031 -0.085842 1.000 0.839 0.421
v 0.049956 0.354922 -0.084310 1.000 0.839 0.421
v 0.051526 0.354807 -0.082941 1.000 0.839 0.421
v 0.053066 0.354704 -0.081712 1.000 0.839 0.421
v 0.054590 0.354624 -0.080601 1.000 0.839 0.421
v 0.056113 0.354573 -0.079587 1.000 0.839 0.421
v 0.057654 0.354556 -0.078655 1.000 0.839 0.421
v 0.059234 0.354573 -0.077790 1.000 0.839 0.421
v 0.060875 0.354624 -0.076982 1.000 0.839 0.421
v 0.062601 0.354704 -0.076222 1.000 0.839 0.421
v 0.064437 0.354807 -0.075507 1.000 0.839 0.421
v 0.066409 0.354922 -0.074837 1.000 0.839 0.421
v 0.068543 0.355031 -0.074216 1.000 0.839 0.421
v 0.070859 0.355113 -0.073653 1.000 0.839 0.421
v 0.073371 0.355133 -0.073166 1.000 0.839 0.421
v 0.076076 0.355042 -0.072777 1.000 0.839 0.421
v 0.078934 0.354768 -0.072517 1.000 0.839 0.421
v 0.081831 0.354192 -0.072429 1.000 0.839 0.421
v 0.059578 0.332859 -0.081996 1.000 0.839 0.421
f 1020 948 949
f 1020 949 948
f 1020 949 950
f 1020 950 949
f 1020 950 951
f 1020 951 950
f 1020 951 952
f 1020 952 951
f 1020 952 953
f 1020 953 952
f 1020 953 954
f 1020 954 953
f 1020 954 955
f 1020 955 954
f 1020 955 956
f 1020 956 955
f 1020 956 957
f 1020 957 956
f 1020 957 958
f 1020 958 957
f 1020 958 959
f 1020 959 958
f 1020 959 960
f 1020 960 959
f 1020 960 961
f 1020 961 960
f 1020 961 962
f 1020 962 961
f 1020 962 963
f 1020 963 962
f 1020 963 964
f 1020 964 963
f 1020 964 965
f 1020 965 964
f 1020 965 966
f 1020 966 965
f 1020 966 967
f 1020 967 966
f 1020 967 968
f 1020 968 967
f 1020 968 969
f 1020 969 968
f 1020 969 970
f 1020 970 969
f 1020 970 971
f 1020 971 970
f 1020 971 972
f 1020 972 971
f 1020 972 973
f 1020 973 972
f 1020 973 974
f 1020 974 973
f 1020 974 975
f 1020 975 974
f 1020 975 976
f 1020 976 975
f 1020 976 977
f 1020 977 976
f 1020 977 978
f 1020 978 977
f 1020 978 979
f 1020 979 978
f 1020 979 980
f 1020 980 979
f 1020 980 981
f 1020 981 980
f 1020 981 982
f 1020 982 981
f 1020 982 983
f 1020 983 982
f 1020 983 984
f 1020 984 983
f 1020 984 985
f 1020 985 984
f 1020 985 986
f 1020 986 985
f 1020 986 987
f 1020 987 986
f 1020 987 988
f 1020 988 987
f 1020 988 989
f 1020 989 988
f 1020 989 990
f 1020 990 989
f 1020 990 991
f 1020 991 990
f 1020 991 992
f 1020 992 991
f 1020 992 993
f 1020 993 992
f 1020 993 994
f 1020 994 993
f 1020 994 995
f 1020 995 994
f 1020 995 996
f 1020 996 995
f 1020 996 997
f 1020 997 996
f 1020 997 998
f 1020 998 997
f 1020 998 999
f 1020 999 998
f 1020 999 1000
f 1020 1000 999
f 1020 1000 1001
f 1020 1001 1000
f 1020 1001 1002
f 1020 1002 1001
f 1020 1002 1003
f 1020 1003 1002
f 1020 1003 1004
f 1020 1004 1003
f 1020 1004 1005
f 1020 1005 1004
f 1020 1005 1006
f 1020 1006 1005
f 1020 1006 1007
f 1020 1007 1006
f 1020 1007 1008
f 1020 1008 1007
f 1020 1008 1009
f 1020 1009 1008
f 1020 1009 1010
f 1020 1010 1009
f 1020 1010 1011
f 1020 1011 1010
f 1020 1011 1012
f 1020 1012 1011
f 1020 1012 1013
f 1020 1013 1012
f 1020 1013 1014
f 1020 1014 1013
f 1020 1014 1015
f 1020 1015 1014
f 1020 1015 1016
f 1020 1016 1015
f 1020 1016 1017
f 1020 1017 1016
f 1020 1017 1018
f 1020 1018 1017
f 1020 1018 1019
f 1020 1019 1018
f 1020 1019 948
f 1020 948 1019
v 0.063416 0.337474 -0.088663 0.819 0.402 0.420
v 0.063416 0.337474 -0.088663 0.819 0.402 0.420
v 0.063416 0.337474 -0.088663 0.819 0.402 0.420
v 0.063416 0.337474 -0.088663 0.819 0.402 0.420
v 0.063416 0.337474 -0.088663 0.819 0.402 0.420
v 0.063416 0.337474 -0.088663 0.819 0.402 0.420
v 0.063416 0.337474 -0.088663 0.819 0.402 0.420
v 0.063416 0.337474 -0.088663 0.819 0.402 0.420
v 0.063416 0.337474 -0.088663 0.819 0.402 0.420
v 0.063416 0.337474 -0.088663 0.819 0.402 0.420
v 0.057850 0.336887 -0.090738 0.819 0.402 0.420
v 0.057936 0.339840 -0.088644 0.819 0.402 0.420
v 0.059928 0.341665 -0.086233 0.819 0.402 0.420
v 0.063066 0.341665 -0.084426 0.819 0.402 0.420
v 0.066151 0.339840 -0.083914 0.819 0.402 0.420
v 0.068005 0.336887 -0.084891 0.819 0.402 0.420
v 0.067919 0.333934 -0.086985 0.819 0.402 0.420
v 0.065927 0.332109 -0.089396 0.819 0.402 0.420
v 0.062789 0.332109 -0.091202 0.819 0.402 0.420
v 0.059704 0.333934 -0.091715 0.819 0.402 0.420
v 0.053432 0.335348 -0.090322 0.819 0.402 0.420
v 0.053571 0.340126 -0.086934 0.819 0.402 0.420
v 0.056795 0.343080 -0.083034 0.819 0.402 0.420
v 0.061872 0.343080 -0.080110 0.819 0.402 0.420
v 0.066864 0.340126 -0.079281 0.819 0.402 0.420
v 0.069864 0.335348 -0.080862 0.819 0.402 0.420
v 0.069725 0.330570 -0.084250 0.819 0.402 0.420
v 0.066501 0.327617 -0.088151 0.819 0.402 0.420
v 0.061424 0.327617 -0.091074 0.819 0.402 0.420
v 0.056432 0.330570 -0.091903 0.819 0.402 0.420
v 0.051851 0.333446 -0.087575 0.819 0.402 0.420
v 0.051989 0.338225 -0.084187 0.819 0.402 0.420
v 0.055213 0.341178 -0.080287 0.819 0.402 0.420
v 0.060291 0.341178 -0.077363 0.819 0.402 0.420
v 0.065283 0.338225 -0.076534 0.819 0.402 0.420
v 0.068282 0.333446 -0.078115 0.819 0.402 0.420
v 0.068144 0.328668 -0.081503 0.819 0.402 0.420
v 0.064920 0.325715 -0.085404 0.819 0.402 0.420
v 0.059842 0.325715 -0.088327 0.819 0.402 0.420
v 0.054850 0.328668 -0.089157 0.819 0.402 0.420
v 0.053710 0.331908 -0.083546 0.819 0.402 0.420
v 0.053795 0.334861 -0.081453 0.819 0.402 0.420
v 0.055788 0.336686 -0.079042 0.819 0.402 0.420
v 0.058926 0.336686 -0.077235 0.819 0.402 0.420
v 0.062011 0.334861 -0.076722 0.819 0.402 0.420
v 0.063865 0.331908 -0.077700 0.819 0.402 0.420
v 0.063779 0.328955 -0.079794 0.819 0.402 0.420
v 0.061787 0.327130 -0.082204 0.819 0.402 0.420
v 0.058649 0.327130 -0.084011 0.819 0.402 0.420
v 0.055563 0.328955 -0.084524 0.819 0.402 0.420
v 0.058298 0.331320 -0.079774 0.819 0.402 0.420
v 0.058298 0.331320 -0.079774 0.819 0.402 0.420
v 0.058298 0.331320 -0.079774 0.819 0.402 0.420
v 0.058298 0.331320 -0.079774 0.819 0.402 0.420
v 0.058298 0.331320 -0.079774 0.819 0.402 0.420
v 0.058298 0.331320 -0.079774 0.819 0.402 0.420
v 0.058298 0.331320 -0.079774 0.819 0.402 0.420
v 0.058298 0.331320 -0.079774 0.819 0.402 0.420
v 0.058298 0.331320 -0.079774 0.819 0.402 0.420
v 0.058298 0.331320 -0.079774 0.819 0.402 0.420
f 1021 1032 1022
f 1021 1031 1032
f 1022 1033 1023
f 1022 1032 1033
f 1023 1034 1024
f 1023 1033 1034
f 1024 1035 1025
f 1024 1034 1035
f 1025 1036 1026
f 1025 1035 1036
f 1026 1037 1027
f 1026 1036 1037
f 1027 1038 1028
f 1027 1037 1038
f 1028 1039 1029
f 1028 1038 1039
f 1029 1040 1030
f 1029 1039 1040
f 1030 1031 1021
f 1030 1040 1031
f 1031 1042 1032
f 1031 1041 1042
f 1032 1043 1033
f 1032 1042 1043
f 1033 1044 1034
f 1033 1043 1044
f 1034 1045 1035
f 1034 1044 1045
f 1035 1046 1036
f 1035 1045 1046
f 1036 1047 1037
f 1036 1046 1047
f 1037 1048 1038
f 1037 1047 1048
f 1038 1049 1039
f 1038 1048 1049
f 1039 1050 1040
f 1039 1049 1050
f 1040 1041 1031
f 1040 1050 1041
f 1041 1052 1042
f 1041 1051 1052
f 1042 1053 1043
f 1042 1052 1053
f 1043 1054 1044
f 1043 1053 1054
f 1044 1055 1045
f 1044 1054 1055
f 1045 1056 1046
f 1045 1055 1056
f 1046 1057 1047
f 1046 1056 1057
f 1047 1058 1048
f 1047 1057 1058
f 1048 1059 1049
f 1048 1058 1059
f 1049 1060 1050
f 1049 1059 1060
f 1050 1051 1041
f 1050 1060 1051
f 1051 1062 1052
f 1051 1061 1062
f 1052 1063 1053
f 1052 1062 1063
f 1053 1064 1054
f 1053 1063 1064
f 1054 1065 1055
f 1054 1064 1065
f 1055 1066 1056
f 1055 1065 1066
f 1056 1067 1057
f 1056 1066 1067
f 1057 1068 1058
f 1057 1067 1068
f 1058 1069 1059
f 1058 1068 1069
f 1059 1070 1060
f 1059 1069 1070
f 1060 1061 1051
f 1060 1070 1061
f 1061 1072 1062
f 1061 1071 1072
f 1062 1073 1063
f 1062 1072 1073
f 1063 1074 1064
f 1063 1073 1074
f 1064 1075 1065
f 1064 1074 1075
f 1065 1076 1066
f 1065 1075 1076
f 1066 1077 1067
f 1066 1076 1077
f 1067 1078 1068
f 1067 1077 1078
f 1068 1079 1069
f 1068 1078 1079
f 1069 1080 1070
f 1069 1079 1080
f 1070 1071 1061
f 1070 1080 1071
v 0.073930 0.416210 -0.104428 1.000 0.817 0.342
v 0.075715 0.415032 -0.102390 1.000 0.817 0.342
v 0.077443 0.413182 -0.100641 1.000 0.817 0.342
v 0.079074 0.411130 -0.099184 1.000 0.817 0.342
v 0.080603 0.409046 -0.097992 1.000 0.817 0.342
v 0.082035 0.407012 -0.097023 1.000 0.817 0.342
v 0.083386 0.405069 -0.096241 1.000 0.817 0.342
v 0.084671 0.403230 -0.095608 1.000 0.817 0.342
v 0.085911 0.401496 -0.095096 1.000 0.817 0.342
v 0.087122 0.399860 -0.094679 1.000 0.817 0.342
v 0.088324 0.398309 -0.094338 1.000 0.817 0.342
v 0.089534 0.396827 -0.094060 1.000 0.817 0.342
v 0.090772 0.395396 -0.093835 1.000 0.817 0.342
v 0.092053 0.393998 -0.093658 1.000 0.817 0.342
v 0.093396 0.392613 -0.093529 1.000 0.817 0.342
v 0.094817 0.391220 -0.093451 1.000 0.817 0.342
v 0.096330 0.389796 -0.093433 1.000 0.817 0.342
v 0.097949 0.388320 -0.093489 1.000 0.817 0.342
v 0.099683 0.386769 -0.093639 1.000 0.817 0.342
v 0.101532 0.385119 -0.093911 1.000 0.817 0.342
v 0.103485 0.383351 -0.094339 1.000 0.817 0.342
v 0.105508 0.381448 -0.094965 1.000 0.817 0.342
v 0.107523 0.379407 -0.095839 1.000 0.817 0.342
v 0.109368 0.377244 -0.097018 1.000 0.817 0.342
v 0.110586 0.375050 -0.098576 1.000 0.817 0.342
v 0.109525 0.373224 -0.100641 1.000 0.817 0.342
v 0.107821 0.371750 -0.102738 1.000 0.817 0.342
v 0.105932 0.370584 -0.104753 1.000 0.817 0.342
v 0.104019 0.369679 -0.106657 1.000 0.817 0.342
v 0.102162 0.368988 -0.108445 1.000 0.817 0.342
v 0.100397 0.368469 -0.110128 1.000 0.817 0.342
v 0.098739 0.368085 -0.111721 1.000 0.817 0.342
v 0.097188 0.367807 -0.113245 1.000 0.817 0.342
v 0.095738 0.367613 -0.114720 1.000 0.817 0.342
v 0.094377 0.367486 -0.116168 1.000 0.817 0.342
v 0.093091 0.367415 -0.117610 1.000 0.817 0.342
v 0.091865 0.367391 -0.119068 1.000 0.817 0.342
v 0.090682 0.367415 -0.120561 1.000 0.817 0.342
v 0.089527 0.367486 -0.122110 1.000 0.817 0.342
v 0.088380 0.367613 -0.123733 1.000 0.817 0.342
v 0.087225 0.367807 -0.125450 1.000 0.817 0.342
v 0.086043 0.368085 -0.127274 1.000 0.817 0.342
v 0.084814 0.368469 -0.129218 1.000 0.817 0.342
v 0.083519 0.368988 -0.131283 1.000 0.817 0.342
v 0.082139 0.369679 -0.133461 1.000 0.817 0.342
v 0.080657 0.370584 -0.135716 1.000 0.817 0.342
v 0.079060 0.371750 -0.137971 1.000 0.817 0.342
v 0.077347 0.373224 -0.140060 1.000 0.817 0.342
v 0.075537 0.375050 -0.141513 1.000 0.817 0.342
v 0.073766 0.377244 -0.140631 1.000 0.817 0.342
v 0.072242 0.379407 -0.139060 1.000 0.817 0.342
v 0.070982 0.381448 -0.137261 1.000 0.817 0.342
v 0.069963 0.383351 -0.135405 1.000 0.817 0.342
v 0.069153 0.385119 -0.133577 1.000 0.817 0.342
v 0.068517 0.386769 -0.131819 1.000 0.817 0.342
v 0.068022 0.388320 -0.130151 1.000 0.817 0.342
v 0.067643 0.389796 -0.128576 1.000 0.817 0.342
v 0.067357 0.391220 -0.127089 1.000 0.817 0.342
v 0.067149 0.392613 -0.125682 1.000 0.817 0.342
v 0.067007 0.393998 -0.124340 1.000 0.817 0.342
v 0.066924 0.395396 -0.123049 1.000 0.817 0.342
v 0.066897 0.396827 -0.121792 1.000 0.817 0.342
v 0.066927 0.398309 -0.120550 1.000 0.817 0.342
v 0.067020 0.399860 -0.119304 1.000 0.817 0.342
v 0.067186 0.401496 -0.118034 1.000 0.817 0.342
v 0.067440 0.403230 -0.116717 1.000 0.817 0.342
v 0.067802 0.405069 -0.115331 1.000 0.817 0.342
v 0.068299 0.407012 -0.113851 1.000 0.817 0.342
v 0.068960 0.409046 -0.112254 1.000 0.817 0.342
v 0.069823 0.411130 -0.110518 1.000 0.817 0.342
v 0.070924 0.413182 -0.108628 1.000 0.817 0.342
v 0.072292 0.415032 -0.106584 1.000 0.817 0.342
v 0.078713 0.382596 -0.108332 1.000 0.817 0.342
f 1153 1081 1082
f 1153 1082 1081
f 1153 1082 1083
f 1153 1083 1082
f 1153 1083 1084
f 1153 1084 1083
f 1153 1084 1085
f 1153 1085 1084
f 1153 1085 1086
f 1153 1086 1085
f 1153 1086 1087
f 1153 1087 1086
f 1153 1087 1088
f 1153 1088 1087
f 1153 1088 1089
f 1153 1089 1088
f 1153 1089 1090
f 1153 1090 1089
f 1153 1090 1091
f 1153 1091 1090
f 1153 1091 1092
f 1153 1092 1091
f 1153 1092 1093
f 1153 1093 1092
f 1153 1093 1094
f 1153 1094 1093
f 1153 1094 1095
f 1153 1095 1094
f 1153 1095 1096
f 1153 1096 1095
f 1153 1096 1097
f 1153 1097 1096
f 1153 1097 1098
f 1153 1098 1097
f 1153 1098 1099
f 1153 1099 1098
f 1153 1099 1100
f 1153 1100 1099
f 1153 1100 1101
f 1153 1101 1100
f 1153 1101 1102
f 1153 1102 1101
f 1153 1102 1103
f 1153 1103 1102
f 1153 1103 1104
f 1153 1104 1103
f 1153 1104 1105
f 1153 1105 1104
f 1153 1105 1106
f 1153 1106 1105
f 1153 1106 1107
f 1153 1107 1106
f 1153 1107 1108
f 1153 1108 1107
f 1153 1108 1109
f 1153 1109 1108
f 1153 1109 1110
f 1153 1110 1109
f 1153 1110 1111
f 1153 1111 1110
f 1153 1111 1112
f 1153 1112 1111
f 1153 1112 1113
f 1153 1113 1112
f 1153 1113 1114
f 1153 1114 1113
f 1153 1114 1115
f 1153 1115 1114
f 1153 1115 1116
f 1153 1116 1115
f 1153 1116 1117
f 1153 1117 1116
f 1153 1117 1118
f 1153 1118 1117
f 1153 1118 1119
f 1153 1119 1118
f 1153 1119 1120
f 1153 1120 1119
f 1153 1120 1121
f 1153 1121 1120
f 1153 1121 1122
f 1153 1122 1121
f 1153 1122 1123
f 1153 1123 1122
f 1153 1123 1124
f 1153 1124 1123
f 1153 1124 1125
f 1153 1125 1124
f 1153 1125 1126
f 1153 1126 1125
f 1153 1126 1127
f 1153 1127 1126
f 1153 1127 1128
f 1153 1128 1127
f 1153 1128 1129
f 1153 1129 1128
f 1153 1129 1130
f 1153 1130 1129
f 1153 1130 1131
f 1153 1131 1130
f 1153 1131 1132
f 1153 1132 1131
f 1153 1132 1133
f 1153 1133 1132
f 1153 1133 1134
f 1153 1134 1133
f 1153 1134 1135
f 1153 1135 1134
f 1153 1135 1136
f 1153 1136 1135
f 1153 1136 1137
f 1153 1137 1136
f 1153 1137 1138
f 1153 1138 1137
f 1153 1138 1139
f 1153 1139 1138
f 1153 1139 1140
f 1153 1140 1139
f 1153 1140 1141
f 1153 1141 1140
f 1153 1141 1142
f 1153 1142 1141
f 1153 1142 1143
f 1153 1143 1142
f 1153 1143 1144
f 1153 1144 1143
f 1153 1144 1145
f 1153 1145 1144
f 1153 1145 1146
f 1153 1146 1145
f 1153 1146 1147
f 1153 1147 1146
f 1153 1147 1148
f 1153 1148 1147
f 1153 1148 1149
f 1153 1149 1148
f 1153 1149 1150
f 1153 1150 1149
f 1153 1150 1151
f 1153 1151 1150
f 1153 1151 1152
f 1153 1152 1151
f 1153 1152 1081
f 1153 1081 1152
v 0.097488 0.401461 -0.093251 1.000 0.839 0.421
v 0.098289 0.399051 -0.093426 1.000 0.839 0.421
v 0.098577 0.396433 -0.093939 1.000 0.839 0.421
v 0.098627 0.393906 -0.094634 1.000 0.839 0.421
v 0.098550 0.391559 -0.095442 1.000 0.839 0.421
v 0.098409 0.389413 -0.096318 1.000 0.839 0.421
v 0.098243 0.387464 -0.097236 1.000 0.839 0.421
v 0.098081 0.385694 -0.098178 1.000 0.839 0.421
v 0.097939 0.384080 -0.099138 1.000 0.839 0.421
v 0.097829 0.382596 -0.100113 1.000 0.839 0.421
v 0.097759 0.381221 -0.101108 1.000 0.839 0.421
v 0.097733 0.379930 -0.102129 1.000 0.839 0.421
v 0.097756 0.378704 -0.103187 1.000 0.839 0.421
v 0.097827 0.377526 -0.104295 1.000 0.839 0.421
v 0.097948 0.376379 -0.105470 1.000 0.839 0.421
v 0.098116 0.375252 -0.106731 1.000 0.839 0.421
v 0.098327 0.374135 -0.108098 1.000 0.839 0.421
v 0.098576 0.373021 -0.109597 1.000 0.839 0.421
v 0.098851 0.371909 -0.111251 1.000 0.839 0.421
v 0.099135 0.370804 -0.113085 1.000 0.839 0.421
v 0.099402 0.369718 -0.115120 1.000 0.839 0.421
v 0.099612 0.368677 -0.117366 1.000 0.839 0.421
v 0.099698 0.367724 -0.119806 1.000 0.839 0.421
v 0.099543 0.366932 -0.122365 1.000 0.839 0.421
v 0.098854 0.366475 -0.124773 1.000 0.839 0.421
v 0.096633 0.366932 -0.125930 1.000 0.839 0.421
v 0.094156 0.367724 -0.126594 1.000 0.839 0.421
v 0.091749 0.368677 -0.126999 1.000 0.839 0.421
v 0.089507 0.369718 -0.127243 1.000 0.839 0.421
v 0.087459 0.370804 -0.127388 1.000 0.839 0.421
v 0.085605 0.371909 -0.127477 1.000 0.839 0.421
v 0.083929 0.373021 -0.127539 1.000 0.839 0.421
v 0.082411 0.374135 -0.127596 1.000 0.839 0.421
v 0.081029 0.375252 -0.127662 1.000 0.839 0.421
v 0.079761 0.376379 -0.127750 1.000 0.839 0.421
v 0.078585 0.377526 -0.127867 1.000 0.839 0.421
v 0.077485 0.378704 -0.128019 1.000 0.839 0.421
v 0.076444 0.379930 -0.128209 1.000 0.839 0.421
v 0.075449 0.381221 -0.128438 1.000 0.839 0.421
v 0.074489 0.382596 -0.128706 1.000 0.839 0.421
v 0.073555 0.384080 -0.129010 1.000 0.839 0.421
v 0.072643 0.385694 -0.129341 1.000 0.839 0.421
v 0.071752 0.387464 -0.129689 1.000 0.839 0.421
v 0.070886 0.389413 -0.130034 1.000 0.839 0.421
v 0.070056 0.391559 -0.130348 1.000 0.839 0.421
v 0.069280 0.393906 -0.130586 1.000 0.839 0.421
v 0.068589 0.396433 -0.130676 1.000 0.839 0.421
v 0.068028 0.399051 -0.130497 1.000 0.839 0.421
v 0.067696 0.401461 -0.129747 1.000 0.839 0.421
v 0.067895 0.402469 -0.127418 1.000 0.839 0.421
v 0.068335 0.402941 -0.124812 1.000 0.839 0.421
v 0.068920 0.403141 -0.122265 1.000 0.839 0.421
v 0.069603 0.403180 -0.119878 1.000 0.839 0.421
v 0.070351 0.403124 -0.117680 1.000 0.839 0.421
v 0.071145 0.403019 -0.115674 1.000 0.839 0.421
v 0.071971 0.402894 -0.113844 1.000 0.839 0.421
v 0.072825 0.402770 -0.112169 1.000 0.839 0.421
v 0.073705 0.402662 -0.110628 1.000 0.839 0.421
v 0.074615 0.402578 -0.109195 1.000 0.839 0.421
v 0.075562 0.402526 -0.107850 1.000 0.839 0.421
v 0.076556 0.402508 -0.106571 1.000 0.839 0.421
v 0.077610 0.402526 -0.105342 1.000 0.839 0.421
v 0.078738 0.402578 -0.104145 1.000 0.839 0.421
v 0.079959 0.402662 -0.102966 1.000 0.839 0.421
v 0.081294 0.402770 -0.101795 1.000 0.839 0.421
v 0.082763 0.402894 -0.100623 1.000 0.839 0.421
v 0.084391 0.403019 -0.099447 1.000 0.839 0.421
v 0.086198 0.403124 -0.098268 1.000 0.839 0.421
v 0.088201 0.403180 -0.097094 1.000 0.839 0.421
v 0.090403 0.403141 -0.095947 1.000 0.839 0.421
v 0.092782 0.402941 -0.094864 1.000 0.839 0.421
v 0.095246 0.402469 -0.093911 1.000 0.839 0.421
v 0.078713 0.382596 -0.108332 1.000 0.839 0.421
f 1226 1154 1155
f 1226 1155 1154
f 1226 1155 1156
f 1226 1156 1155
f 1226 1156 1157
f 1226 1157 1156
f 1226 1157 1158
f 1226 1158 1157
f 1226 1158 1159
f 1226 1159 1158
f 1226 1159 1160
f 1226 1160 1159
f 1226 1160 1161
f 1226 1161 1160
f 1226 1161 1162
f 1226 1162 1161
f 1226 1162 1163
f 1226 1163 1162
f 1226 1163 1164
f 1226 1164 1163
f 1226 1164 1165
f 1226 1165 1164
f 1226 1165 1166
f 1226 1166 1165
f 1226 1166 1167
f 1226 1167 1166
f 1226 1167 1168
f 1226 1168 1167
f 1226 1168 1169
f 1226 1169 1168
f 1226 1169 1170
f 1226 1170 1169
f 1226 1170 1171
f 1226 1171 1170
f 1226 1171 1172
f 1226 1172 1171
f 1226 1172 1173
f 1226 1173 1172
f 1226 1173 1174
f 1226 1174 1173
f 1226 1174 1175
f 1226 1175 1174
f 1226 1175 1176
f 1226 1176 1175
f 1226 1176 1177
f 1226 1177 1176
f 1226 1177 1178
f 1226 1178 1177
f 1226 1178 1179
f 1226 1179 1178
f 1226 1179 1180
f 1226 1180 1179
f 1226 1180 1181
f 1226 1181 1180
f 1226 1181 1182
f 1226 1182 1181
f 1226 1182 1183
f 1226 1183 1182
f 1226 1183 1184
f 1226 1184 1183
f 1226 1184 1185
f 1226 1185 1184
f 1226 1185 1186
f 1226 1186 1185
f 1226 1186 1187
f 1226 1187 1186
f 1226 1187 1188
f 1226 1188 1187
f 1226 1188 1189
f 1226 1189 1188
f 1226 1189 1190
f 1226 1190 1189
f 1226 1190 1191
f 1226 1191 1190
f 1226 1191 1192
f 1226 1192 1191
f 1226 1192 1193
f 1226 1193 1192
f 1226 1193 1194
f 1226 1194 1193
f 1226 1194 1195
f 1226 1195 1194
f 1226 1195 1196
f 1226 1196 1195
f 1226 1196 1197
f 1226 1197 1196
f 1226 1197 1198
f 1226 1198 1197
f 1226 1198 1199
f 1226 1199 1198
f 1226 1199 1200
f 1226 1200 1199
f 1226 1200 1201
f 1226 1201 1200
f 1226 1201 1202
f 1226 1202 1201
f 1226 1202 1203
f 1226 1203 1202
f 1226 1203 1204
f 1226 1204 1203
f 1226 1204 1205
f 1226 1205 1204
f 1226 1205 1206
f 1226 1206 1205
f 1226 1206 1207
f 1226 1207 1206
f 1226 1207 1208
f 1226 1208 1207
f 1226 1208 1209
f 1226 1209 1208
f 1226 1209 1210
f 1226 1210 1209
f 1226 1210 1211
f 1226 1211 1210
f 1226 1211 1212
f 1226 1212 1211
f 1226 1212 1213
f 1226 1213 1212
f 1226 1213 1214
f 1226 1214 1213
f 1226 1214 1215
f 1226 1215 1214
f 1226 1215 1216
f 1226 1216 1215
f 1226 1216 1217
f 1226 1217 1216
f 1226 1217 1218
f 1226 1218 1217
f 1226 1218 1219
f 1226 1219 1218
f 1226 1219 1220
f 1226 1220 1219
f 1226 1220 1221
f 1226 1221 1220
f 1226 1221 1222
f 1226 1222 1221
f 1226 1222 1223
f 1226 1223 1222
f 1226 1223 1224
f 1226 1224 1223
f 1226 1224 1225
f 1226 1225 1224
f 1226 1225 1154
f 1226 1154 1225
v 0.084070 0.386745 -0.112705 0.819 0.402 0.420
v 0.084070 0.386745 -0.112705 0.819 0.402 0.420
v 0.084070 0.386745 -0.112705 0.819 0.402 0.420
v 0.084070 0.386745 -0.112705 0.819 0.402 0.420
v 0.084070 0.386745 -0.112705 0.819 0.402 0.420
v 0.084070 0.386745 -0.112705 0.819 0.402 0.420
v 0.084070 0.386745 -0.112705 0.819 0.402 0.420
v 0.084070 0.386745 -0.112705 0.819 0.402 0.420
v 0.084070 0.386745 -0.112705 0.819 0.402 0.420
v 0.084070 0.386745 -0.112705 0.819 0.402 0.420
v 0.080057 0.386217 -0.116228 0.819 0.402 0.420
v 0.079460 0.388871 -0.114441 0.819 0.402 0.420
v 0.080362 0.390512 -0.111779 0.819 0.402 0.420
v 0.082420 0.390512 -0.109258 0.819 0.402 0.420
v 0.084848 0.388871 -0.107840 0.819 0.402 0.420
v 0.086718 0.386217 -0.108068 0.819 0.402 0.420
v 0.087316 0.383563 -0.109854 0.819 0.402 0.420
v 0.086413 0.381922 -0.112517 0.819 0.402 0.420
v 0.084355 0.381922 -0.115038 0.819 0.402 0.420
v 0.081927 0.383563 -0.116456 0.819 0.402 0.420
v 0.076213 0.384834 -0.117292 0.819 0.402 0.420
v 0.075246 0.389129 -0.114401 0.819 0.402 0.420
v 0.076707 0.391783 -0.110093 0.819 0.402 0.420
v 0.080037 0.391783 -0.106014 0.819 0.402 0.420
v 0.083965 0.389129 -0.103720 0.819 0.402 0.420
v 0.086991 0.384834 -0.104089 0.819 0.402 0.420
v 0.087958 0.380539 -0.106979 0.819 0.402 0.420
v 0.086497 0.377885 -0.111287 0.819 0.402 0.420
v 0.083167 0.377885 -0.115367 0.819 0.402 0.420
v 0.079239 0.380539 -0.117661 0.819 0.402 0.420
v 0.074006 0.383125 -0.115490 0.819 0.402 0.420
v 0.073039 0.387420 -0.112600 0.819 0.402 0.420
v 0.074500 0.390074 -0.108292 0.819 0.402 0.420
v 0.077830 0.390074 -0.104212 0.819 0.402 0.420
v 0.081758 0.387420 -0.101918 0.819 0.402 0.420
v 0.084784 0.383125 -0.102287 0.819 0.402 0.420
v 0.085751 0.378830 -0.105178 0.819 0.402 0.420
v 0.084290 0.376175 -0.109486 0.819 0.402 0.420
v 0.080960 0.376175 -0.113565 0.819 0.402 0.420
v 0.077032 0.378830 -0.115859 0.819 0.402 0.420
v 0.074279 0.381742 -0.111511 0.819 0.402 0.420
v 0.073681 0.384396 -0.109725 0.819 0.402 0.420
v 0.074584 0.386037 -0.107062 0.819 0.402 0.420
v 0.076642 0.386037 -0.104541 0.819 0.402 0.420
v 0.079070 0.384396 -0.103123 0.819 0.402 0.420
v 0.080940 0.381742 -0.103351 0.819 0.402 0.420
v 0.081538 0.379087 -0.105138 0.819 0.402 0.420
v 0.080635 0.377447 -0.107800 0.819 0.402 0.420
v 0.078577 0.377447 -0.110321 0.819 0.402 0.420
v 0.076149 0.379087 -0.111739 0.819 0.402 0.420
v 0.076927 0.381213 -0.106874 0.819 0.402 0.420
v 0.076927 0.381213 -0.106874 0.819 0.402 0.420
v 0.076927 0.381213 -0.106874 0.819 0.402 0.420
v 0.076927 0.381213 -0.106874 0.819 0.402 0.420
v 0.076927 0.381213 -0.106874 0.819 0.402 0.420
v 0.076927 0.381213 -0.106874 0.819 0.402 0.420
v 0.076927 0.381213 -0.106874 0.819 0.402 0.420
v 0.076927 0.381213 -0.106874 0.819 0.402 0.420
v 0.076927 0.381213 -0.106874 0.819 0.402 0.420
v 0.076927 0.381213 -0.106874 0.819 0.402 0.420
f 1227 1238 1228
f 1227 1237 1238
f 1228 1239 1229
f 1228 1238 1239
f 1229 1240 1230
f 1229 1239 1240
f 1230 1241 1231
f 1230 1240 1241
f 1231 1242 1232
f 1231 1241 1242
f 1232 1243 1233
f 1232 1242 1243
f 1233 1244 1234
f 1233 1243 1244
f 1234 1245 1235
f 1234 1244 1245
f 1235 1246 1236
f 1235 1245 1246
f 1236 1237 1227
f 1236 1246 1237
f 1237 1248 1238
f 1237 1247 1248
f 1238 1249 1239
f 1238 1248 1249
f 1239 1250 1240
f 1239 1249 1250
f 1240 1251 1241
f 1240 1250 1251
f 1241 1252 1242
f 1241 1251 1252
f 1242 1253 1243
f 1242 1252 1253
f 1243 1254 1244
f 1243 1253 1254
f 1244 1255 1245
f 1244 1254 1255
f 1245 1256 1246
f 1245 1255 1256
f 1246 1247 1237
f 1246 1256 1247
f 1247 1258 1248
f 1247 1257 1258
f 1248 1259 1249
f 1248 1258 1259
f 1249 1260 1250
f 1249 1259 1260
f 1250 1261 1251
f 1250 1260 1261
f 1251 1262 1252
f 1251 1261 1262
f 1252 1263 1253
f 1252 1262 1263
f 1253 1264 1254
f 1253 1263 1264
f 1254 1265 1255
f 1254 1264 1265
f 1255 1266 1256
f 1255 1265 1266
f 1256 1257 1247
f 1256 1266 1257
f 1257 1268 1258
f 1257 1267 1268
f 1258 1269 1259
f 1258 1268 1269
f 1259 1270 1260
f 1259 1269 1270
f 1260 1271 1261
f 1260 1270 1271
f 1261 1272 1262
f 1261 1271 1272
f 1262 1273 1263
f 1262 1272 1273
f 1263 1274 1264
f 1263 1273 1274
f 1264 1275 1265
f 1264 1274 1275
f 1265 1276 1266
f 1265 1275 1276
f 1266 1267 1257
f 1266 1276 1267
f 1267 1278 1268
f 1267 1277 1278
f 1268 1279 1269
f 1268 1278 1279
f 1269 1280 1270
f 1269 1279 1280
f 1270 1281 1271
f 1270 1280 1281
f 1271 1282 1272
f 1271 1281 1282
f 1272 1283 1273
f 1272 1282 1283
f 1273 1284 1274
f 1273 1283 1284
f 1274 1285 1275
f 1274 1284 1285
f 1275 1286 1276
f 1275 1285 1286
f 1276 1277 1267
f 1276 1286 1277
v 0.000000 0.010000 -0.000000 0.180 0.500 0.200
v 0.007323 0.004739 0.008787 0.180 0.500 0.200
v 0.014486 -0.000522 0.017548 0.180 0.500 0.200
v 0.021336 -0.005783 0.026259 0.180 0.500 0.200
v 0.027722 -0.011044 0.034896 0.180 0.500 0.200
v 0.033503 -0.016305 0.043435 0.180 0.500 0.200
v 0.038549 -0.021566 0.051857 0.180 0.500 0.200
v 0.042744 -0.026827 0.060143 0.180 0.500 0.200
v 0.045987 -0.032088 0.068276 0.180 0.500 0.200
v 0.048197 -0.037349 0.076243 0.180 0.500 0.200
v 0.049309 -0.042610 0.084035 0.180 0.500 0.200
v 0.049281 -0.047872 0.091644 0.180 0.500 0.200
v 0.048092 -0.053133 0.099066 0.180 0.500 0.200
v 0.045740 -0.058394 0.106302 0.180 0.500 0.200
v 0.042249 -0.063655 0.113356 0.180 0.500 0.200
v 0.037660 -0.068916 0.120234 0.180 0.500 0.200
v 0.032037 -0.074177 0.126946 0.180 0.500 0.200
v 0.025463 -0.079438 0.133505 0.180 0.500 0.200
v 0.018038 -0.084699 0.139929 0.180 0.500 0.200
v 0.009878 -0.089960 0.146234 0.180 0.500 0.200
v 0.001113 -0.095221 0.152443 0.180 0.500 0.200
v -0.008116 -0.100482 0.158577 0.180 0.500 0.200
v -0.017659 -0.105743 0.164660 0.180 0.500 0.200
v -0.027361 -0.111004 0.170719 0.180 0.500 0.200
v -0.034683 -0.105743 0.161932 0.180 0.500 0.200
v -0.041847 -0.100482 0.153171 0.180 0.500 0.200
v -0.048697 -0.095221 0.144460 0.180 0.500 0.200
v -0.055083 -0.089960 0.135823 0.180 0.500 0.200
v -0.060864 -0.084699 0.127283 0.180 0.500 0.200
v -0.065910 -0.079438 0.118861 0.180 0.500 0.200
v -0.070104 -0.074177 0.110576 0.180 0.500 0.200
v -0.073348 -0.068916 0.102443 0.180 0.500 0.200
v -0.075558 -0.063655 0.094475 0.180 0.500 0.200
v -0.076670 -0.058394 0.086684 0.180 0.500 0.200
v -0.076642 -0.053133 0.079075 0.180 0.500 0.200
v -0.075452 -0.047872 0.071653 0.180 0.500 0.200
v -0.073101 -0.042610 0.064416 0.180 0.500 0.200
v -0.069610 -0.037349 0.057363 0.180 0.500 0.200
v -0.065021 -0.032088 0.050485 0.180 0.500 0.200
v -0.059398 -0.026827 0.043773 0.180 0.500 0.200
v -0.052824 -0.021566 0.037213 0.180 0.500 0.200
v -0.045399 -0.016305 0.030790 0.180 0.500 0.200
v -0.037239 -0.011044 0.024485 0.180 0.500 0.200
v -0.028474 -0.005783 0.018276 0.180 0.500 0.200
v -0.019245 -0.000522 0.012142 0.180 0.500 0.200
v -0.009702 0.004739 0.006058 0.180 0.500 0.200
f 1287 1288 1289
f 1287 1289 1288
f 1287 1289 1290
f 1287 1290 1289
f 1287 1290 1291
f 1287 1291 1290
f 1287 1291 1292
f 1287 1292 1291
f 1287 1292 1293
f 1287 1293 1292
f 1287 1293 1294
f 1287 1294 1293
f 1287 1294 1295
f 1287 1295 1294
f 1287 1295 1296
f 1287 1296 1295
f 1287 1296 1297
f 1287 1297 1296
f 1287 1297 1298
f 1287 1298 1297
f 1287 1298 1299
f 1287 1299 1298
f 1287 1299 1300
f 1287 1300 1299
f 1287 1300 1301
f 1287 1301 1300
f 1287 1301 1302
f 1287 1302 1301
f 1287 1302 1303
f 1287 1303 1302
f 1287 1303 1304
f 1287 1304 1303
f 1287 1304 1305
f 1287 1305 1304
f 1287 1305 1306
f 1287 1306 1305
f 1287 1306 1307
f 1287 1307 1306
f 1287 1307 1308
f 1287 1308 1307
f 1287 1308 1309
f 1287 1309 1308
f 1287 1309 1310
f 1287 1310 1309
f 1287 1310 1311
f 1287 1311 1310
f 1287 1311 1312
f 1287 1312 1311
f 1287 1312 1313
f 1287 1313 1312
f 1287 1313 1314
f 1287 1314 1313
f 1287 1314 1315
f 1287 1315 1314
f 1287 1315 1316
f 1287 1316 1315
f 1287 1316 1317
f 1287 1317 1316
f 1287 1317 1318
f 1287 1318 1317
f 1287 1318 1319
f 1287 1319 1318
f 1287 1319 1320
f 1287 1320 1319
f 1287 1320 1321
f 1287 1321 1320
f 1287 1321 1322
f 1287 1322 1321
f 1287 1322 1323
f 1287 1323 1322
f 1287 1323 1324
f 1287 1324 1323
f 1287 1324 1325
f 1287 1325 1324
f 1287 1325 1326
f 1287 1326 1325
f 1287 1326 1327
f 1287 1327 1326
f 1287 1327 1328
f 1287 1328 1327
f 1287 1328 1329
f 1287 1329 1328
f 1287 1329 1330
f 1287 1330 1329
f 1287 1330 1331
f 1287 1331 1330
f 1287 1331 1332
f 1287 1332 1331
v 0.000000 0.010000 -0.000000 0.180 0.500 0.200
v 0.001943 0.002601 -0.012921 0.180 0.500 0.200
v 0.003980 -0.004798 -0.025675 0.180 0.500 0.200
v 0.006205 -0.012197 -0.038099 0.180 0.500 0.200
v 0.008706 -0.019596 -0.050035 0.180 0.500 0.200
v 0.011567 -0.026995 -0.061336 0.180 0.500 0.200
v 0.014866 -0.034394 -0.071865 0.180 0.500 0.200
v 0.018672 -0.041793 -0.081499 0.180 0.500 0.200
v 0.023045 -0.049192 -0.090134 0.180 0.500 0.200
v 0.028034 -0.056591 -0.097682 0.180 0.500 0.200
v 0.033677 -0.063990 -0.104077 0.180 0.500 0.200
v 0.039999 -0.071389 -0.109275 0.180 0.500 0.200
v 0.047013 -0.078789 -0.113251 0.180 0.500 0.200
v 0.054719 -0.086188 -0.116007 0.180 0.500 0.200
v 0.063104 -0.093587 -0.117565 0.180 0.500 0.200
v 0.072143 -0.100986 -0.117970 0.180 0.500 0.200
v 0.081797 -0.108385 -0.117288 0.180 0.500 0.200
v 0.092019 -0.115784 -0.115607 0.180 0.500 0.200
v 0.102748 -0.123183 -0.113032 0.180 0.500 0.200
v 0.113914 -0.130582 -0.109684 0.180 0.500 0.200
v 0.125441 -0.137981 -0.105701 0.180 0.500 0.200
v 0.137244 -0.145380 -0.101230 0.180 0.500 0.200
v 0.149234 -0.152779 -0.096429 0.180 0.500 0.200
v 0.161319 -0.160178 -0.091461 0.180 0.500 0.200
v 0.159376 -0.152779 -0.078540 0.180 0.500 0.200
v 0.157339 -0.145380 -0.065786 0.180 0.500 0.200
v 0.155114 -0.137981 -0.053362 0.180 0.500 0.200
v 0.152614 -0.130582 -0.041426 0.180 0.500 0.200
v 0.149752 -0.123183 -0.030125 0.180 0.500 0.200
v 0.146453 -0.115784 -0.019596 0.180 0.500 0.200
v 0.142647 -0.108385 -0.009962 0.180 0.500 0.200
v 0.138274 -0.100986 -0.001327 0.180 0.500 0.200
v 0.133285 -0.093587 0.006221 0.180 0.500 0.200
v 0.127642 -0.086188 0.012616 0.180 0.500 0.200
v 0.121321 -0.078789 0.017813 0.180 0.500 0.200
v 0.114307 -0.071389 0.021790 0.180 0.500 0.200
v 0.106601 -0.063990 0.024546 0.180 0.500 0.200
v 0.098216 -0.056591 0.026104 0.180 0.500 0.200
v 0.089177 -0.049192 0.026509 0.180 0.500 0.200
v 0.079522 -0.041793 0.025827 0.180 0.500 0.200
v 0.069300 -0.034394 0.024146 0.180 0.500 0.200
v 0.058572 -0.026995 0.021570 0.180 0.500 0.200
v 0.047405 -0.019596 0.018223 0.180 0.500 0.200
v 0.035878 -0.012197 0.014239 0.180 0.500 0.200
v 0.024075 -0.004798 0.009769 0.180 0.500 0.200
v 0.012085 0.002601 0.004968 0.180 0.500 0.200
f 1333 1334 1335
f 1333 1335 1334
f 1333 1335 1336
f 1333 1336 1335
f 1333 1336 1337
f 1333 1337 1336
f 1333 1337 1338
f 1333 1338 1337
f 1333 1338 1339
f 1333 1339 1338
f 1333 1339 1340
f 1333 1340 1339
f 1333 1340 1341
f 1333 1341 1340
f 1333 1341 1342
f 1333 1342 1341
f 1333 1342 1343
f 1333 1343 1342
f 1333 1343 1344
f 1333 1344 1343
f 1333 1344 1345
f 1333 1345 1344
f 1333 1345 1346
f 1333 1346 1345
f 1333 1346 1347
f 1333 1347 1346
f 1333 1347 1348
f 1333 1348 1347
f 1333 1348 1349
f 1333 1349 1348
f 1333 1349 1350
f 1333 1350 1349
f 1333 1350 1351
f 1333 1351 1350
f 1333 1351 1352
f 1333 1352 1351
f 1333 1352 1353
f 1333 1353 1352
f 1333 1353 1354
f 1333 1354 1353
f 1333 1354 1355
f 1333 1355 1354
f 1333 1355 1356
f 1333 1356 1355
f 1333 1356 1357
f 1333 1357 1356
f 1333 1357 1358
f 1333 1358 1357
f 1333 1358 1359
f 1333 1359 1358
f 1333 1359 1360
f 1333 1360 1359
f 1333 1360 1361
f 1333 1361 1360
f 1333 1361 1362
f 1333 1362 1361
f 1333 1362 1363
f 1333 1363 1362
f 1333 1363 1364
f 1333 1364 1363
f 1333 1364 1365
f 1333 1365 1364
f 1333 1365 1366
f 1333 1366 1365
f 1333 1366 1367
f 1333 1367 1366
f 1333 1367 1368
f 1333 1368 1367
f 1333 1368 1369
f 1333 1369 1368
f 1333 1369 1370
f 1333 1370 1369
f 1333 1370 1371
f 1333 1371 1370
f 1333 1371 1372
f 1333 1372 1371
f 1333 1372 1373
f 1333 1373 1372
f 1333 1373 1374
f 1333 1374 1373
f 1333 1374 1375
f 1333 1375 1374
f 1333 1375 1376
f 1333 1376 1375
f 1333 1376 1377
f 1333 1377 1376
f 1333 1377 1378
f 1333 1378 1377
