o mesh
v 0.000000 0.000000 0.030000
v 0.017634 0.000000 0.024271
v 0.028532 0.000000 0.009271
v 0.028532 0.000000 -0.009271
v 0.017634 0.000000 -0.024271
v 0.000000 0.000000 -0.030000
v -0.017634 0.000000 -0.024271
v -0.028532 0.000000 -0.009271
v -0.028532 0.000000 0.009271
v -0.017634 0.000000 0.024271
v 0.000000 0.300000 0.020400
v 0.011991 0.300000 0.016504
v 0.019402 0.300000 0.006304
v 0.019402 0.300000 -0.006304
v 0.011991 0.300000 -0.016504
v 0.000000 0.300000 -0.020400
v -0.011991 0.300000 -0.016504
v -0.019402 0.300000 -0.006304
v -0.019402 0.300000 0.006304
v -0.011991 0.300000 0.016504
f 1 2 12
f 1 12 11
f 2 3 13
f 2 13 12
f 3 4 14
f 3 14 13
f 4 5 15
f 4 15 14
f 5 6 16
f 5 16 15
f 6 7 17
f 6 17 16
f 7 8 18
f 7 18 17
f 8 9 19
f 8 19 18
f 9 10 20
f 9 20 19
f 10 1 11
f 10 11 20
v -0.000017 0.300000 0.020400
v 0.009806 0.306881 0.016512
v 0.015883 0.311134 0.006317
v 0.015894 0.311134 -0.006291
v 0.009833 0.306881 -0.016496
v 0.000017 0.300000 -0.020400
v -0.009806 0.293119 -0.016512
v -0.015883 0.288866 -0.006317
v -0.015894 0.288866 0.006291
v -0.009833 0.293119 0.016496
v -0.095031 0.435593 0.013794
v -0.088351 0.440272 0.011150
v -0.084219 0.443164 0.004217
v -0.084212 0.443164 -0.004356
v -0.088333 0.440272 -0.011296
v -0.095008 0.435593 -0.013950
v -0.101688 0.430914 -0.011307
v -0.105820 0.428022 -0.004374
v -0.105827 0.428022 0.004199
v -0.101706 0.430914 0.011139
f 21 22 32
f 21 32 31
f 22 23 33
f 22 33 32
f 23 24 34
f 23 34 33
f 24 25 35
f 24 35 34
f 25 26 36
f 25 36 35
f 26 27 37
f 26 37 36
f 27 28 38
f 27 38 37
f 28 29 39
f 28 39 38
f 29 30 40
f 29 40 39
f 30 21 31
f 30 31 40
v -0.094249 0.435593 0.013772
v -0.092223 0.443451 0.011006
v -0.091266 0.448308 0.004006
v -0.091743 0.448308 -0.004554
v -0.093471 0.443451 -0.011405
v -0.095790 0.435593 -0.013929
v -0.097816 0.427735 -0.011163
v -0.098773 0.422878 -0.004163
v -0.098296 0.422878 0.004397
v -0.096568 0.427735 0.011248
v -0.188231 0.461588 0.014557
v -0.186854 0.466931 0.012676
v -0.186203 0.470234 0.007916
v -0.186527 0.470234 0.002096
v -0.187702 0.466931 -0.002563
v -0.189280 0.461588 -0.004279
v -0.190657 0.456244 -0.002398
v -0.191308 0.452942 0.002362
v -0.190984 0.452942 0.008183
v -0.189809 0.456244 0.012841
f 41 42 52
f 41 52 51
f 42 43 53
f 42 53 52
f 43 44 54
f 43 54 53
f 44 45 55
f 44 55 54
f 45 46 56
f 45 56 55
f 46 47 57
f 46 57 56
f 47 48 58
f 47 58 57
f 48 49 59
f 48 59 58
f 49 50 60
f 49 60 59
f 50 41 51
f 50 51 60
v -0.188755 0.461588 0.005139
v -0.187473 0.461885 0.007989
v -0.186088 0.462569 0.010763
v -0.184527 0.463914 0.013407
v -0.182752 0.466062 0.015894
v -0.180765 0.469003 0.018226
v -0.178611 0.472575 0.020434
v -0.176366 0.476486 0.022576
v -0.174131 0.480359 0.024725
v -0.172016 0.483785 0.026962
v -0.170119 0.486388 0.029360
v -0.168519 0.487880 0.031976
v -0.167256 0.488105 0.034840
v -0.166331 0.487062 0.037952
v -0.165702 0.484908 0.041282
v -0.165292 0.481931 0.044773
v -0.165001 0.478508 0.048351
v -0.164721 0.475046 0.051937
v -0.164350 0.471923 0.055457
v -0.163811 0.469431 0.058853
v -0.163060 0.467733 0.062094
v -0.162096 0.466837 0.065177
v -0.160956 0.466602 0.068131
v -0.159712 0.466754 0.071009
v -0.160995 0.466457 0.068160
v -0.162380 0.465773 0.065386
v -0.163941 0.464428 0.062741
v -0.165716 0.462280 0.060254
v -0.167702 0.459339 0.057922
v -0.169857 0.455767 0.055714
v -0.172102 0.451856 0.053572
v -0.174337 0.447983 0.051423
v -0.176452 0.444557 0.049186
v -0.178349 0.441954 0.046788
v -0.179949 0.440462 0.044173
v -0.181212 0.440237 0.041309
v -0.182137 0.441280 0.038197
v -0.182766 0.443434 0.034867
v -0.183176 0.446411 0.031376
v -0.183467 0.449834 0.027797
v -0.183747 0.453296 0.024211
v -0.184118 0.456419 0.020691
v -0.184657 0.458911 0.017295
v -0.185407 0.460609 0.014054
v -0.186372 0.461505 0.010971
v -0.187512 0.461740 0.008017
f 61 62 63
f 61 63 62
f 61 63 64
f 61 64 63
f 61 64 65
f 61 65 64
f 61 65 66
f 61 66 65
f 61 66 67
f 61 67 66
f 61 67 68
f 61 68 67
f 61 68 69
f 61 69 68
f 61 69 70
f 61 70 69
f 61 70 71
f 61 71 70
f 61 71 72
f 61 72 71
f 61 72 73
f 61 73 72
f 61 73 74
f 61 74 73
f 61 74 75
f 61 75 74
f 61 75 76
f 61 76 75
f 61 76 77
f 61 77 76
f 61 77 78
f 61 78 77
f 61 78 79
f 61 79 78
f 61 79 80
f 61 80 79
f 61 80 81
f 61 81 80
f 61 81 82
f 61 82 81
f 61 82 83
f 61 83 82
f 61 83 84
f 61 84 83
f 61 84 85
f 61 85 84
f 61 85 86
f 61 86 85
f 61 86 87
f 61 87 86
f 61 87 88
f 61 88 87
f 61 88 89
f 61 89 88
f 61 89 90
f 61 90 89
f 61 90 91
f 61 91 90
f 61 91 92
f 61 92 91
f 61 92 93
f 61 93 92
f 61 93 94
f 61 94 93
f 61 94 95
f 61 95 94
f 61 95 96
f 61 96 95
f 61 96 97
f 61 97 96
f 61 97 98
f 61 98 97
f 61 98 99
f 61 99 98
f 61 99 100
f 61 100 99
f 61 100 101
f 61 101 100
f 61 101 102
f 61 102 101
f 61 102 103
f 61 103 102
f 61 103 104
f 61 104 103
f 61 104 105
f 61 105 104
f 61 105 106
f 61 106 105
v -0.188755 0.461588 0.005139
v -0.186988 0.460717 0.000098
v -0.185426 0.459097 -0.004910
v -0.184195 0.456274 -0.009867
v -0.183349 0.452051 -0.014763
v -0.182871 0.446489 -0.019601
v -0.182675 0.439899 -0.024396
v -0.182621 0.432796 -0.029168
v -0.182532 0.425819 -0.033946
v -0.182221 0.419648 -0.038758
v -0.181520 0.414899 -0.043632
v -0.180298 0.412040 -0.048587
v -0.178488 0.411325 -0.053634
v -0.176088 0.412753 -0.058774
v -0.173169 0.416072 -0.063995
v -0.169858 0.420813 -0.069277
v -0.166326 0.426359 -0.074594
v -0.162759 0.432032 -0.079917
v -0.159334 0.437191 -0.085217
v -0.156191 0.441323 -0.090473
v -0.153416 0.444116 -0.095672
v -0.151026 0.445508 -0.100810
v -0.148966 0.445698 -0.105897
v -0.147113 0.445139 -0.110951
v -0.148881 0.446009 -0.105910
v -0.150443 0.447630 -0.100902
v -0.151674 0.450452 -0.095945
v -0.152520 0.454676 -0.091049
v -0.152998 0.460238 -0.086210
v -0.153193 0.466827 -0.081416
v -0.153248 0.473931 -0.076644
v -0.153337 0.480907 -0.071866
v -0.153647 0.487079 -0.067054
v -0.154349 0.491828 -0.062180
v -0.155570 0.494686 -0.057225
v -0.157381 0.495401 -0.052178
v -0.159780 0.493973 -0.047038
v -0.162700 0.490655 -0.041817
v -0.166011 0.485913 -0.036534
v -0.169542 0.480367 -0.031217
v -0.173109 0.474694 -0.025895
v -0.176535 0.469535 -0.020594
v -0.179678 0.465404 -0.015338
v -0.182453 0.462610 -0.010140
v -0.184843 0.461218 -0.005001
v -0.186902 0.461028 0.000085
f 107 108 109
f 107 109 108
f 107 109 110
f 107 110 109
f 107 110 111
f 107 111 110
f 107 111 112
f 107 112 111
f 107 112 113
f 107 113 112
f 107 113 114
f 107 114 113
f 107 114 115
f 107 115 114
f 107 115 116
f 107 116 115
f 107 116 117
f 107 117 116
f 107 117 118
f 107 118 117
f 107 118 119
f 107 119 118
f 107 119 120
f 107 120 119
f 107 120 121
f 107 121 120
f 107 121 122
f 107 122 121
f 107 122 123
f 107 123 122
f 107 123 124
f 107 124 123
f 107 124 125
f 107 125 124
f 107 125 126
f 107 126 125
f 107 126 127
f 107 127 126
f 107 127 128
f 107 128 127
f 107 128 129
f 107 129 128
f 107 129 130
f 107 130 129
f 107 130 131
f 107 131 130
f 107 131 132
f 107 132 131
f 107 132 133
f 107 133 132
f 107 133 134
f 107 134 133
f 107 134 135
f 107 135 134
f 107 135 136
f 107 136 135
f 107 136 137
f 107 137 136
f 107 137 138
f 107 138 137
f 107 138 139
f 107 139 138
f 107 139 140
f 107 140 139
f 107 140 141
f 107 141 140
f 107 141 142
f 107 142 141
f 107 142 143
f 107 143 142
f 107 143 144
f 107 144 143
f 107 144 145
f 107 145 144
f 107 145 146
f 107 146 145
f 107 146 147
f 107 147 146
f 107 147 148
f 107 148 147
f 107 148 149
f 107 149 148
f 107 149 150
f 107 150 149
f 107 150 151
f 107 151 150
f 107 151 152
f 107 152 151
v -0.189233 0.461588 0.014560
v -0.190982 0.466817 0.012667
v -0.191881 0.470049 0.007899
v -0.191586 0.470049 0.002077
v -0.190210 0.466817 -0.002576
v -0.188278 0.461588 -0.004282
v -0.186529 0.456358 -0.002389
v -0.185630 0.453127 0.002379
v -0.185925 0.453127 0.008201
v -0.187301 0.456358 0.012854
v -0.245370 0.441727 0.008693
v -0.246559 0.445283 0.007406
v -0.247171 0.447481 0.004164
v -0.246970 0.447481 0.000205
v -0.246034 0.445283 -0.002959
v -0.244721 0.441727 -0.004119
v -0.243531 0.438171 -0.002832
v -0.242920 0.435973 0.000410
v -0.243121 0.435973 0.004369
v -0.244057 0.438171 0.007533
f 153 154 164
f 153 164 163
f 154 155 165
f 154 165 164
f 155 156 166
f 155 166 165
f 156 157 167
f 156 167 166
f 157 158 168
f 157 168 167
f 158 159 169
f 158 169 168
f 159 160 170
f 159 170 169
f 160 161 171
f 160 171 170
f 161 162 172
f 161 172 171
f 162 153 163
f 162 163 172
v -0.245045 0.441727 0.002287
v -0.243638 0.442759 0.006114
v -0.242454 0.444433 0.009878
v -0.241602 0.447059 0.013550
v -0.241115 0.450737 0.017119
v -0.240964 0.455378 0.020595
v -0.241057 0.460724 0.024003
v -0.241261 0.466386 0.027380
v -0.241412 0.471899 0.030771
v -0.241344 0.476781 0.034224
v -0.240908 0.480602 0.037780
v -0.239990 0.483040 0.041470
v -0.238530 0.483921 0.045311
v -0.236529 0.483246 0.049304
v -0.234046 0.481186 0.053431
v -0.231194 0.478066 0.057661
v -0.228123 0.474316 0.061952
v -0.225000 0.470416 0.066258
v -0.221987 0.466832 0.070533
v -0.219219 0.463953 0.074740
v -0.216786 0.462038 0.078853
v -0.214720 0.461174 0.082864
v -0.212984 0.461261 0.086783
v -0.211472 0.461992 0.090639
v -0.212879 0.460960 0.086812
v -0.214063 0.459286 0.083048
v -0.214916 0.456660 0.079376
v -0.215402 0.452982 0.075806
v -0.215554 0.448341 0.072330
v -0.215460 0.442995 0.068923
v -0.215257 0.437333 0.065546
v -0.215105 0.431820 0.062154
v -0.215173 0.426938 0.058702
v -0.215609 0.423117 0.055146
v -0.216528 0.420679 0.051456
v -0.217987 0.419798 0.047614
v -0.219989 0.420473 0.043622
v -0.222471 0.422533 0.039495
v -0.225323 0.425653 0.035265
v -0.228394 0.429403 0.030973
v -0.231517 0.433303 0.026667
v -0.234530 0.436887 0.022392
v -0.237298 0.439766 0.018185
v -0.239731 0.441681 0.014072
v -0.241797 0.442545 0.010061
v -0.243533 0.442458 0.006143
f 173 174 175
f 173 175 174
f 173 175 176
f 173 176 175
f 173 176 177
f 173 177 176
f 173 177 178
f 173 178 177
f 173 178 179
f 173 179 178
f 173 179 180
f 173 180 179
f 173 180 181
f 173 181 180
f 173 181 182
f 173 182 181
f 173 182 183
f 173 183 182
f 173 183 184
f 173 184 183
f 173 184 185
f 173 185 184
f 173 185 186
f 173 186 185
f 173 186 187
f 173 187 186
f 173 187 188
f 173 188 187
f 173 188 189
f 173 189 188
f 173 189 190
f 173 190 189
f 173 190 191
f 173 191 190
f 173 191 192
f 173 192 191
f 173 192 193
f 173 193 192
f 173 193 194
f 173 194 193
f 173 194 195
f 173 195 194
f 173 195 196
f 173 196 195
f 173 196 197
f 173 197 196
f 173 197 198
f 173 198 197
f 173 198 199
f 173 199 198
f 173 199 200
f 173 200 199
f 173 200 201
f 173 201 200
f 173 201 202
f 173 202 201
f 173 202 203
f 173 203 202
f 173 203 204
f 173 204 203
f 173 204 205
f 173 205 204
f 173 205 206
f 173 206 205
f 173 206 207
f 173 207 206
f 173 207 208
f 173 208 207
f 173 208 209
f 173 209 208
f 173 209 210
f 173 210 209
f 173 210 211
f 173 211 210
f 173 211 212
f 173 212 211
f 173 212 213
f 173 213 212
f 173 213 214
f 173 214 213
f 173 214 215
f 173 215 214
f 173 215 216
f 173 216 215
f 173 216 217
f 173 217 216
f 173 217 218
f 173 218 217
v -0.245045 0.441727 0.002287
v -0.244758 0.444938 0.000015
v -0.244405 0.447991 -0.002476
v -0.243891 0.450667 -0.005489
v -0.243136 0.452771 -0.009294
v -0.242096 0.454203 -0.014029
v -0.240790 0.455004 -0.019637
v -0.239297 0.455365 -0.025854
v -0.237752 0.455602 -0.032244
v -0.236318 0.456100 -0.038271
v -0.235157 0.457246 -0.043403
v -0.234401 0.459347 -0.047211
v -0.234122 0.462576 -0.049458
v -0.234319 0.466933 -0.050144
v -0.234921 0.472245 -0.049507
v -0.235797 0.478205 -0.047973
v -0.236783 0.484426 -0.046077
v -0.237717 0.490523 -0.044354
v -0.238464 0.496180 -0.043240
v -0.238945 0.501206 -0.042999
v -0.239141 0.505561 -0.043688
v -0.239096 0.509343 -0.045169
v -0.238891 0.512748 -0.047173
v -0.238619 0.515995 -0.049395
v -0.238906 0.512784 -0.047122
v -0.239260 0.509731 -0.044632
v -0.239773 0.507055 -0.041619
v -0.240529 0.504952 -0.037814
v -0.241568 0.503520 -0.033079
v -0.242875 0.502718 -0.027471
v -0.244367 0.502357 -0.021253
v -0.245912 0.502121 -0.014864
v -0.247347 0.501622 -0.008836
v -0.248507 0.500476 -0.003705
v -0.249264 0.498375 0.000103
v -0.249543 0.495146 0.002350
v -0.249346 0.490789 0.003036
v -0.248744 0.485477 0.002399
v -0.247868 0.479517 0.000866
v -0.246882 0.473296 -0.001030
v -0.245948 0.467199 -0.002754
v -0.245201 0.461542 -0.003868
v -0.244720 0.456516 -0.004108
v -0.244523 0.452161 -0.003420
v -0.244569 0.448379 -0.001939
v -0.244774 0.444974 0.000065
f 219 220 221
f 219 221 220
f 219 221 222
f 219 222 221
f 219 222 223
f 219 223 222
f 219 223 224
f 219 224 223
f 219 224 225
f 219 225 224
f 219 225 226
f 219 226 225
f 219 226 227
f 219 227 226
f 219 227 228
f 219 228 227
f 219 228 229
f 219 229 228
f 219 229 230
f 219 230 229
f 219 230 231
f 219 231 230
f 219 231 232
f 219 232 231
f 219 232 233
f 219 233 232
f 219 233 234
f 219 234 233
f 219 234 235
f 219 235 234
f 219 235 236
f 219 236 235
f 219 236 237
f 219 237 236
f 219 237 238
f 219 238 237
f 219 238 239
f 219 239 238
f 219 239 240
f 219 240 239
f 219 240 241
f 219 241 240
f 219 241 242
f 219 242 241
f 219 242 243
f 219 243 242
f 219 243 244
f 219 244 243
f 219 244 245
f 219 245 244
f 219 245 246
f 219 246 245
f 219 246 247
f 219 247 246
f 219 247 248
f 219 248 247
f 219 248 249
f 219 249 248
f 219 249 250
f 219 250 249
f 219 250 251
f 219 251 250
f 219 251 252
f 219 252 251
f 219 252 253
f 219 253 252
f 219 253 254
f 219 254 253
f 219 254 255
f 219 255 254
f 219 255 256
f 219 256 255
f 219 256 257
f 219 257 256
f 219 257 258
f 219 258 257
f 219 258 259
f 219 259 258
f 219 259 260
f 219 260 259
f 219 260 261
f 219 261 260
f 219 261 262
f 219 262 261
f 219 262 263
f 219 263 262
f 219 263 264
f 219 264 263
v -0.245045 0.441727 0.002287
v -0.241178 0.438663 0.001906
v -0.237309 0.435511 0.002101
v -0.233436 0.432199 0.003338
v -0.229558 0.428686 0.005892
v -0.225676 0.424967 0.009786
v -0.221791 0.421080 0.014778
v -0.217903 0.417097 0.020397
v -0.214015 0.413115 0.026006
v -0.210130 0.409242 0.030904
v -0.206250 0.405579 0.034437
v -0.202375 0.402202 0.036100
v -0.198508 0.399153 0.035620
v -0.194648 0.396433 0.032996
v -0.190795 0.393999 0.028503
v -0.186946 0.391774 0.022645
v -0.183099 0.389658 0.016076
v -0.179253 0.387543 0.009497
v -0.175404 0.385333 0.003544
v -0.171552 0.382954 -0.001310
v -0.167695 0.380370 -0.004824
v -0.163834 0.377585 -0.007022
v -0.159969 0.374639 -0.008176
v -0.156102 0.371606 -0.008756
v -0.159970 0.374670 -0.008376
v -0.163839 0.377822 -0.008570
v -0.167712 0.381134 -0.009807
v -0.171589 0.384647 -0.012361
v -0.175471 0.388366 -0.016255
v -0.179357 0.392253 -0.021248
v -0.183245 0.396236 -0.026866
v -0.187132 0.400218 -0.032475
v -0.191017 0.404090 -0.037373
v -0.194898 0.407754 -0.040906
v -0.198772 0.411131 -0.042570
v -0.202640 0.414180 -0.042089
v -0.206499 0.416900 -0.039466
v -0.210353 0.419334 -0.034972
v -0.214202 0.421559 -0.029114
v -0.218048 0.423675 -0.022545
v -0.221895 0.425790 -0.015966
v -0.225743 0.428000 -0.010013
v -0.229596 0.430379 -0.005159
v -0.233453 0.432963 -0.001645
v -0.237314 0.435748 0.000553
v -0.241179 0.438694 0.001707
f 265 266 267
f 265 267 266
f 265 267 268
f 265 268 267
f 265 268 269
f 265 269 268
f 265 269 270
f 265 270 269
f 265 270 271
f 265 271 270
f 265 271 272
f 265 272 271
f 265 272 273
f 265 273 272
f 265 273 274
f 265 274 273
f 265 274 275
f 265 275 274
f 265 275 276
f 265 276 275
f 265 276 277
f 265 277 276
f 265 277 278
f 265 278 277
f 265 278 279
f 265 279 278
f 265 279 280
f 265 280 279
f 265 280 281
f 265 281 280
f 265 281 282
f 265 282 281
f 265 282 283
f 265 283 282
f 265 283 284
f 265 284 283
f 265 284 285
f 265 285 284
f 265 285 286
f 265 286 285
f 265 286 287
f 265 287 286
f 265 287 288
f 265 288 287
f 265 288 289
f 265 289 288
f 265 289 290
f 265 290 289
f 265 290 291
f 265 291 290
f 265 291 292
f 265 292 291
f 265 292 293
f 265 293 292
f 265 293 294
f 265 294 293
f 265 294 295
f 265 295 294
f 265 295 296
f 265 296 295
f 265 296 297
f 265 297 296
f 265 297 298
f 265 298 297
f 265 298 299
f 265 299 298
f 265 299 300
f 265 300 299
f 265 300 301
f 265 301 300
f 265 301 302
f 265 302 301
f 265 302 303
f 265 303 302
f 265 303 304
f 265 304 303
f 265 304 305
f 265 305 304
f 265 305 306
f 265 306 305
f 265 306 307
f 265 307 306
f 265 307 308
f 265 308 307
f 265 308 309
f 265 309 308
f 265 309 310
f 265 310 309
v -0.182184 0.461588 0.011907
v -0.181329 0.466288 0.008565
v -0.183311 0.469193 0.003915
v -0.187372 0.469193 -0.000267
v -0.191961 0.466288 -0.002385
v -0.195327 0.461588 -0.001629
v -0.196182 0.456888 0.001713
v -0.194200 0.453983 0.006363
v -0.190139 0.453983 0.010545
v -0.185549 0.456888 0.012663
v -0.219755 0.492524 0.044180
v -0.219174 0.495720 0.041908
v -0.220521 0.497695 0.038746
v -0.223283 0.497695 0.035902
v -0.226404 0.495720 0.034462
v -0.228692 0.492524 0.034976
v -0.229273 0.489327 0.037248
v -0.227926 0.487352 0.040410
v -0.225164 0.487352 0.043255
v -0.222043 0.489327 0.044695
f 311 312 322
f 311 322 321
f 312 313 323
f 312 323 322
f 313 314 324
f 313 324 323
f 314 315 325
f 314 325 324
f 315 316 326
f 315 326 325
f 316 317 327
f 316 327 326
f 317 318 328
f 317 328 327
f 318 319 329
f 318 329 328
f 319 320 330
f 319 330 329
f 320 311 321
f 320 321 330
v -0.224224 0.492524 0.039578
v -0.220403 0.491892 0.042256
v -0.216337 0.491773 0.044727
v -0.211845 0.492534 0.046845
v -0.206836 0.494371 0.048531
v -0.201314 0.497271 0.049788
v -0.195382 0.501021 0.050705
v -0.189229 0.505231 0.051436
v -0.183099 0.509394 0.052187
v -0.177255 0.512960 0.053177
v -0.171944 0.515424 0.054611
v -0.167350 0.516398 0.056643
v -0.163576 0.515671 0.059359
v -0.160622 0.513243 0.062758
v -0.158385 0.509325 0.066757
v -0.156681 0.504304 0.071199
v -0.155263 0.498688 0.075880
v -0.153868 0.493024 0.080581
v -0.152252 0.487820 0.085096
v -0.150226 0.483465 0.089270
v -0.147687 0.480174 0.093017
v -0.144631 0.477959 0.096331
v -0.141150 0.476624 0.099291
v -0.137422 0.475801 0.102046
v -0.141242 0.476432 0.099368
v -0.145309 0.476552 0.096896
v -0.149800 0.475790 0.094779
v -0.154809 0.473954 0.093093
v -0.160332 0.471053 0.091835
v -0.166263 0.467303 0.090919
v -0.172416 0.463094 0.090187
v -0.178547 0.458931 0.089437
v -0.184390 0.455365 0.088447
v -0.189702 0.452901 0.087013
v -0.194295 0.451927 0.084981
v -0.198069 0.452654 0.082265
v -0.201024 0.455082 0.078865
v -0.203260 0.459000 0.074867
v -0.204965 0.464021 0.070425
v -0.206382 0.469637 0.065744
v -0.207777 0.475301 0.061043
v -0.209394 0.480505 0.056528
v -0.211419 0.484860 0.052354
v -0.213958 0.488150 0.048607
v -0.217015 0.490366 0.045293
v -0.220496 0.491701 0.042333
f 331 332 333
f 331 333 332
f 331 333 334
f 331 334 333
f 331 334 335
f 331 335 334
f 331 335 336
f 331 336 335
f 331 336 337
f 331 337 336
f 331 337 338
f 331 338 337
f 331 338 339
f 331 339 338
f 331 339 340
f 331 340 339
f 331 340 341
f 331 341 340
f 331 341 342
f 331 342 341
f 331 342 343
f 331 343 342
f 331 343 344
f 331 344 343
f 331 344 345
f 331 345 344
f 331 345 346
f 331 346 345
f 331 346 347
f 331 347 346
f 331 347 348
f 331 348 347
f 331 348 349
f 331 349 348
f 331 349 350
f 331 350 349
f 331 350 351
f 331 351 350
f 331 351 352
f 331 352 351
f 331 352 353
f 331 353 352
f 331 353 354
f 331 354 353
f 331 354 355
f 331 355 354
f 331 355 356
f 331 356 355
f 331 356 357
f 331 357 356
f 331 357 358
f 331 358 357
f 331 358 359
f 331 359 358
f 331 359 360
f 331 360 359
f 331 360 361
f 331 361 360
f 331 361 362
f 331 362 361
f 331 362 363
f 331 363 362
f 331 363 364
f 331 364 363
f 331 364 365
f 331 365 364
f 331 365 366
f 331 366 365
f 331 366 367
f 331 367 366
f 331 367 368
f 331 368 367
f 331 368 369
f 331 369 368
f 331 369 370
f 331 370 369
f 331 370 371
f 331 371 370
f 331 371 372
f 331 372 371
f 331 372 373
f 331 373 372
f 331 373 374
f 331 374 373
f 331 374 375
f 331 375 374
f 331 375 376
f 331 376 375
v -0.224224 0.492524 0.039578
v -0.225053 0.491412 0.036041
v -0.226114 0.489831 0.032688
v -0.227541 0.487505 0.029626
v -0.229394 0.484316 0.026901
v -0.231651 0.480305 0.024498
v -0.234217 0.475667 0.022340
v -0.236936 0.470719 0.020304
v -0.239614 0.465853 0.018235
v -0.242047 0.461486 0.015971
v -0.244049 0.457995 0.013365
v -0.245478 0.455665 0.010304
v -0.246259 0.454652 0.006729
v -0.246392 0.454954 0.002639
v -0.245953 0.456418 -0.001906
v -0.245083 0.458758 -0.006793
v -0.243967 0.461597 -0.011874
v -0.242810 0.464518 -0.016989
v -0.241806 0.467129 -0.021981
v -0.241112 0.469113 -0.026729
v -0.240821 0.470275 -0.031155
v -0.240956 0.470574 -0.035244
v -0.241458 0.470127 -0.039041
v -0.242191 0.469212 -0.042655
v -0.241361 0.470324 -0.039118
v -0.240301 0.471905 -0.035764
v -0.238873 0.474230 -0.032702
v -0.237021 0.477420 -0.029978
v -0.234763 0.481430 -0.027574
v -0.232197 0.486068 -0.025416
v -0.229478 0.491017 -0.023380
v -0.226800 0.495882 -0.021311
v -0.224367 0.500250 -0.019047
v -0.222366 0.503741 -0.016441
v -0.220937 0.506071 -0.013380
v -0.220155 0.507084 -0.009805
v -0.220022 0.506782 -0.005715
v -0.220461 0.505317 -0.001171
v -0.221332 0.502977 0.003716
v -0.222448 0.500139 0.008798
v -0.223604 0.497217 0.013912
v -0.224608 0.494606 0.018905
v -0.225303 0.492623 0.023653
v -0.225593 0.491461 0.028079
v -0.225458 0.491162 0.032167
v -0.224956 0.491609 0.035964
f 377 378 379
f 377 379 378
f 377 379 380
f 377 380 379
f 377 380 381
f 377 381 380
f 377 381 382
f 377 382 381
f 377 382 383
f 377 383 382
f 377 383 384
f 377 384 383
f 377 384 385
f 377 385 384
f 377 385 386
f 377 386 385
f 377 386 387
f 377 387 386
f 377 387 388
f 377 388 387
f 377 388 389
f 377 389 388
f 377 389 390
f 377 390 389
f 377 390 391
f 377 391 390
f 377 391 392
f 377 392 391
f 377 392 393
f 377 393 392
f 377 393 394
f 377 394 393
f 377 394 395
f 377 395 394
f 377 395 396
f 377 396 395
f 377 396 397
f 377 397 396
f 377 397 398
f 377 398 397
f 377 398 399
f 377 399 398
f 377 399 400
f 377 400 399
f 377 400 401
f 377 401 400
f 377 401 402
f 377 402 401
f 377 402 403
f 377 403 402
f 377 403 404
f 377 404 403
f 377 404 405
f 377 405 404
f 377 405 406
f 377 406 405
f 377 406 407
f 377 407 406
f 377 407 408
f 377 408 407
f 377 408 409
f 377 409 408
f 377 409 410
f 377 410 409
f 377 410 411
f 377 411 410
f 377 411 412
f 377 412 411
f 377 412 413
f 377 413 412
f 377 413 414
f 377 414 413
f 377 414 415
f 377 415 414
f 377 415 416
f 377 416 415
f 377 416 417
f 377 417 416
f 377 417 418
f 377 418 417
f 377 418 419
f 377 419 418
f 377 419 420
f 377 420 419
f 377 420 421
f 377 421 420
f 377 421 422
f 377 422 421
v -0.193766 0.461588 0.013131
v -0.190213 0.466208 0.013233
v -0.186102 0.469064 0.010243
v -0.183005 0.469064 0.005304
v -0.182105 0.466208 0.000302
v -0.183744 0.461588 -0.002853
v -0.187298 0.456967 -0.002955
v -0.191408 0.454112 0.000035
v -0.194505 0.454112 0.004974
v -0.195406 0.456967 0.009977
v -0.228426 0.489979 -0.012163
v -0.226009 0.493121 -0.012094
v -0.223214 0.495063 -0.014127
v -0.221108 0.495063 -0.017485
v -0.220496 0.493121 -0.020887
v -0.221611 0.489979 -0.023032
v -0.224027 0.486838 -0.023101
v -0.226822 0.484896 -0.021068
v -0.228928 0.484896 -0.017709
v -0.229541 0.486838 -0.014308
f 423 424 434
f 423 434 433
f 424 425 435
f 424 435 434
f 425 426 436
f 425 436 435
f 426 427 437
f 426 437 436
f 427 428 438
f 427 438 437
f 428 429 439
f 428 439 438
f 429 430 440
f 429 440 439
f 430 431 441
f 430 441 440
f 431 432 442
f 431 442 441
f 432 423 433
f 432 433 442
v -0.225018 0.489979 -0.017597
v -0.226488 0.489470 -0.013505
v -0.227503 0.489846 -0.009031
v -0.228032 0.491169 -0.004150
v -0.228124 0.493344 0.001097
v -0.227883 0.496167 0.006623
v -0.227452 0.499360 0.012307
v -0.226999 0.502595 0.018010
v -0.226699 0.505533 0.023585
v -0.226717 0.507852 0.028894
v -0.227192 0.509279 0.033820
v -0.228226 0.509619 0.038278
v -0.229872 0.508767 0.042224
v -0.232129 0.506724 0.045657
v -0.234945 0.503594 0.048624
v -0.238218 0.499572 0.051206
v -0.241809 0.494931 0.053523
v -0.245552 0.489992 0.055712
v -0.249274 0.485096 0.057919
v -0.252806 0.480570 0.060285
v -0.256005 0.476692 0.062930
v -0.258767 0.473666 0.065941
v -0.261043 0.471586 0.069359
v -0.262864 0.470393 0.073158
v -0.261394 0.470903 0.069065
v -0.260379 0.470526 0.064592
v -0.259850 0.469203 0.059711
v -0.259758 0.467028 0.054464
v -0.259999 0.464205 0.048938
v -0.260430 0.461012 0.043254
v -0.260883 0.457777 0.037551
v -0.261183 0.454839 0.031976
v -0.261165 0.452521 0.026667
v -0.260690 0.451093 0.021741
v -0.259656 0.450753 0.017283
v -0.258010 0.451605 0.013337
v -0.255753 0.453648 0.009903
v -0.252938 0.456779 0.006937
v -0.249665 0.460801 0.004354
v -0.246074 0.465442 0.002038
v -0.242330 0.470380 -0.000151
v -0.238608 0.475276 -0.002359
v -0.235076 0.479802 -0.004725
v -0.231877 0.483680 -0.007370
v -0.229115 0.486706 -0.010381
v -0.226839 0.488786 -0.013798
f 443 444 445
f 443 445 444
f 443 445 446
f 443 446 445
f 443 446 447
f 443 447 446
f 443 447 448
f 443 448 447
f 443 448 449
f 443 449 448
f 443 449 450
f 443 450 449
f 443 450 451
f 443 451 450
f 443 451 452
f 443 452 451
f 443 452 453
f 443 453 452
f 443 453 454
f 443 454 453
f 443 454 455
f 443 455 454
f 443 455 456
f 443 456 455
f 443 456 457
f 443 457 456
f 443 457 458
f 443 458 457
f 443 458 459
f 443 459 458
f 443 459 460
f 443 460 459
f 443 460 461
f 443 461 460
f 443 461 462
f 443 462 461
f 443 462 463
f 443 463 462
f 443 463 464
f 443 464 463
f 443 464 465
f 443 465 464
f 443 465 466
f 443 466 465
f 443 466 467
f 443 467 466
f 443 467 468
f 443 468 467
f 443 468 469
f 443 469 468
f 443 469 470
f 443 470 469
f 443 470 471
f 443 471 470
f 443 471 472
f 443 472 471
f 443 472 473
f 443 473 472
f 443 473 474
f 443 474 473
f 443 474 475
f 443 475 474
f 443 475 476
f 443 476 475
f 443 476 477
f 443 477 476
f 443 477 478
f 443 478 477
f 443 478 479
f 443 479 478
f 443 479 480
f 443 480 479
f 443 480 481
f 443 481 480
f 443 481 482
f 443 482 481
f 443 482 483
f 443 483 482
f 443 483 484
f 443 484 483
f 443 484 485
f 443 485 484
f 443 485 486
f 443 486 485
f 443 486 487
f 443 487 486
f 443 487 488
f 443 488 487
v -0.225018 0.489979 -0.017597
v -0.220954 0.491640 -0.019014
v -0.216738 0.492583 -0.021568
v -0.212394 0.492922 -0.025080
v -0.207951 0.492794 -0.029333
v -0.203444 0.492364 -0.034065
v -0.198912 0.491814 -0.038988
v -0.194395 0.491332 -0.043802
v -0.189931 0.491101 -0.048218
v -0.185554 0.491285 -0.051977
v -0.181293 0.492017 -0.054866
v -0.177168 0.493391 -0.056736
v -0.173190 0.495458 -0.057508
v -0.169358 0.498216 -0.057183
v -0.165661 0.501617 -0.055838
v -0.162081 0.505567 -0.053624
v -0.158589 0.509931 -0.050752
v -0.155149 0.514545 -0.047483
v -0.151725 0.519229 -0.044105
v -0.148274 0.523792 -0.040917
v -0.144760 0.528053 -0.038209
v -0.141147 0.531847 -0.036241
v -0.137406 0.535037 -0.035231
v -0.133514 0.537509 -0.035359
v -0.137578 0.535849 -0.033943
v -0.141794 0.534906 -0.031389
v -0.146138 0.534567 -0.027876
v -0.150581 0.534695 -0.023624
v -0.155087 0.535125 -0.018891
v -0.159619 0.535675 -0.013969
v -0.164137 0.536157 -0.009155
v -0.168601 0.536388 -0.004739
v -0.172978 0.536204 -0.000980
v -0.177239 0.535472 0.001910
v -0.181364 0.534097 0.003779
v -0.185342 0.532031 0.004551
v -0.189174 0.529273 0.004226
v -0.192870 0.525871 0.002882
v -0.196450 0.521922 0.000667
v -0.199943 0.517558 -0.002204
v -0.203382 0.512943 -0.005474
v -0.206807 0.508260 -0.008852
v -0.210258 0.503697 -0.012040
v -0.213772 0.499436 -0.014748
v -0.217385 0.495642 -0.016716
v -0.221126 0.492452 -0.017726
f 489 490 491
f 489 491 490
f 489 491 492
f 489 492 491
f 489 492 493
f 489 493 492
f 489 493 494
f 489 494 493
f 489 494 495
f 489 495 494
f 489 495 496
f 489 496 495
f 489 496 497
f 489 497 496
f 489 497 498
f 489 498 497
f 489 498 499
f 489 499 498
f 489 499 500
f 489 500 499
f 489 500 501
f 489 501 500
f 489 501 502
f 489 502 501
f 489 502 503
f 489 503 502
f 489 503 504
f 489 504 503
f 489 504 505
f 489 505 504
f 489 505 506
f 489 506 505
f 489 506 507
f 489 507 506
f 489 507 508
f 489 508 507
f 489 508 509
f 489 509 508
f 489 509 510
f 489 510 509
f 489 510 511
f 489 511 510
f 489 511 512
f 489 512 511
f 489 512 513
f 489 513 512
f 489 513 514
f 489 514 513
f 489 514 515
f 489 515 514
f 489 515 516
f 489 516 515
f 489 516 517
f 489 517 516
f 489 517 518
f 489 518 517
f 489 518 519
f 489 519 518
f 489 519 520
f 489 520 519
f 489 520 521
f 489 521 520
f 489 521 522
f 489 522 521
f 489 522 523
f 489 523 522
f 489 523 524
f 489 524 523
f 489 524 525
f 489 525 524
f 489 525 526
f 489 526 525
f 489 526 527
f 489 527 526
f 489 527 528
f 489 528 527
f 489 528 529
f 489 529 528
f 489 529 530
f 489 530 529
f 489 530 531
f 489 531 530
f 489 531 532
f 489 532 531
f 489 532 533
f 489 533 532
f 489 533 534
f 489 534 533
v -0.225018 0.489979 -0.017597
v -0.224499 0.487327 -0.019090
v -0.224505 0.484291 -0.020224
v -0.225079 0.480841 -0.020970
v -0.226168 0.477015 -0.021364
v -0.227653 0.472900 -0.021487
v -0.229366 0.468618 -0.021455
v -0.231110 0.464314 -0.021400
v -0.232679 0.460138 -0.021466
v -0.233877 0.456233 -0.021786
v -0.234537 0.452719 -0.022473
v -0.234540 0.449686 -0.023609
v -0.233823 0.447178 -0.025237
v -0.232385 0.445196 -0.027358
v -0.230290 0.443694 -0.029928
v -0.227658 0.442583 -0.032865
v -0.224655 0.441744 -0.036056
v -0.221476 0.441033 -0.039367
v -0.218329 0.440299 -0.042657
v -0.215409 0.439398 -0.045790
v -0.212886 0.438209 -0.048653
v -0.210877 0.436644 -0.051165
v -0.209437 0.434664 -0.053287
v -0.208521 0.432301 -0.055051
v -0.209040 0.434953 -0.053558
v -0.209034 0.437989 -0.052424
v -0.208460 0.441439 -0.051678
v -0.207371 0.445265 -0.051285
v -0.205886 0.449380 -0.051161
v -0.204173 0.453662 -0.051194
v -0.202429 0.457966 -0.051248
v -0.200860 0.462142 -0.051182
v -0.199663 0.466047 -0.050863
v -0.199002 0.469561 -0.050176
v -0.198999 0.472594 -0.049040
v -0.199716 0.475102 -0.047412
v -0.201154 0.477084 -0.045291
v -0.203249 0.478586 -0.042721
v -0.205881 0.479697 -0.039783
v -0.208884 0.480536 -0.036592
v -0.212063 0.481247 -0.033281
v -0.215211 0.481981 -0.029992
v -0.218130 0.482882 -0.026858
v -0.220654 0.484071 -0.023995
v -0.222662 0.485637 -0.021484
v -0.224103 0.487616 -0.019361
f 535 536 537
f 535 537 536
f 535 537 538
f 535 538 537
f 535 538 539
f 535 539 538
f 535 539 540
f 535 540 539
f 535 540 541
f 535 541 540
f 535 541 542
f 535 542 541
f 535 542 543
f 535 543 542
f 535 543 544
f 535 544 543
f 535 544 545
f 535 545 544
f 535 545 546
f 535 546 545
f 535 546 547
f 535 547 546
f 535 547 548
f 535 548 547
f 535 548 549
f 535 549 548
f 535 549 550
f 535 550 549
f 535 550 551
f 535 551 550
f 535 551 552
f 535 552 551
f 535 552 553
f 535 553 552
f 535 553 554
f 535 554 553
f 535 554 555
f 535 555 554
f 535 555 556
f 535 556 555
f 535 556 557
f 535 557 556
f 535 557 558
f 535 558 557
f 535 558 559
f 535 559 558
f 535 559 560
f 535 560 559
f 535 560 561
f 535 561 560
f 535 561 562
f 535 562 561
f 535 562 563
f 535 563 562
f 535 563 564
f 535 564 563
f 535 564 565
f 535 565 564
f 535 565 566
f 535 566 565
f 535 566 567
f 535 567 566
f 535 567 568
f 535 568 567
f 535 568 569
f 535 569 568
f 535 569 570
f 535 570 569
f 535 570 571
f 535 571 570
f 535 571 572
f 535 572 571
f 535 572 573
f 535 573 572
f 535 573 574
f 535 574 573
f 535 574 575
f 535 575 574
f 535 575 576
f 535 576 575
f 535 576 577
f 535 577 576
f 535 577 578
f 535 578 577
f 535 578 579
f 535 579 578
f 535 579 580
f 535 580 579
v -0.081844 0.435593 0.004264
v -0.082284 0.440334 -0.002866
v -0.087589 0.443264 -0.008931
v -0.095731 0.443264 -0.011614
v -0.103602 0.440334 -0.009892
v -0.108194 0.435593 -0.004420
v -0.107755 0.430852 0.002709
v -0.102450 0.427922 0.008774
v -0.094308 0.427922 0.011458
v -0.086437 0.430852 0.009735
v -0.103297 0.512643 0.055174
v -0.103596 0.515867 0.050326
v -0.107202 0.517859 0.046202
v -0.112739 0.517859 0.044377
v -0.118092 0.515867 0.045548
v -0.121214 0.512643 0.049269
v -0.120915 0.509419 0.054117
v -0.117309 0.507426 0.058241
v -0.111772 0.507426 0.060066
v -0.106419 0.509419 0.058894
f 581 582 592
f 581 592 591
f 582 583 593
f 582 593 592
f 583 584 594
f 583 594 593
f 584 585 595
f 584 595 594
f 585 586 596
f 585 596 595
f 586 587 597
f 586 597 596
f 587 588 598
f 587 598 597
f 588 589 599
f 588 599 598
f 589 590 600
f 589 600 599
f 590 581 591
f 590 591 600
v -0.112255 0.512643 0.052221
v -0.109183 0.511544 0.053329
v -0.105596 0.510951 0.053862
v -0.101515 0.510844 0.053840
v -0.097017 0.511148 0.053352
v -0.092221 0.511744 0.052532
v -0.087276 0.512487 0.051543
v -0.082343 0.513218 0.050569
v -0.077588 0.513775 0.049792
v -0.073160 0.514009 0.049383
v -0.069186 0.513797 0.049482
v -0.065756 0.513050 0.050190
v -0.062917 0.511722 0.051559
v -0.060668 0.509813 0.053590
v -0.058964 0.507368 0.056229
v -0.057713 0.504478 0.059377
v -0.056790 0.501264 0.062891
v -0.056044 0.497877 0.066604
v -0.055311 0.494478 0.070331
v -0.054428 0.491225 0.073890
v -0.053248 0.488265 0.077117
v -0.051650 0.485715 0.079876
v -0.049558 0.483652 0.082082
v -0.046953 0.482094 0.083713
v -0.050025 0.483193 0.082605
v -0.053612 0.483786 0.082072
v -0.057693 0.483892 0.082094
v -0.062191 0.483589 0.082582
v -0.066987 0.482993 0.083403
v -0.071932 0.482250 0.084391
v -0.076865 0.481519 0.085365
v -0.081620 0.480962 0.086142
v -0.086048 0.480728 0.086551
v -0.090022 0.480940 0.086452
v -0.093452 0.481687 0.085744
v -0.096292 0.483015 0.084375
v -0.098540 0.484924 0.082344
v -0.100244 0.487369 0.079705
v -0.101495 0.490259 0.076557
v -0.102418 0.493473 0.073043
v -0.103164 0.496860 0.069330
v -0.103897 0.500259 0.065603
v -0.104780 0.503512 0.062044
v -0.105961 0.506472 0.058817
v -0.107558 0.509022 0.056058
v -0.109650 0.511085 0.053852
f 601 602 603
f 601 603 602
f 601 603 604
f 601 604 603
f 601 604 605
f 601 605 604
f 601 605 606
f 601 606 605
f 601 606 607
f 601 607 606
f 601 607 608
f 601 608 607
f 601 608 609
f 601 609 608
f 601 609 610
f 601 610 609
f 601 610 611
f 601 611 610
f 601 611 612
f 601 612 611
f 601 612 613
f 601 613 612
f 601 613 614
f 601 614 613
f 601 614 615
f 601 615 614
f 601 615 616
f 601 616 615
f 601 616 617
f 601 617 616
f 601 617 618
f 601 618 617
f 601 618 619
f 601 619 618
f 601 619 620
f 601 620 619
f 601 620 621
f 601 621 620
f 601 621 622
f 601 622 621
f 601 622 623
f 601 623 622
f 601 623 624
f 601 624 623
f 601 624 625
f 601 625 624
f 601 625 626
f 601 626 625
f 601 626 627
f 601 627 626
f 601 627 628
f 601 628 627
f 601 628 629
f 601 629 628
f 601 629 630
f 601 630 629
f 601 630 631
f 601 631 630
f 601 631 632
f 601 632 631
f 601 632 633
f 601 633 632
f 601 633 634
f 601 634 633
f 601 634 635
f 601 635 634
f 601 635 636
f 601 636 635
f 601 636 637
f 601 637 636
f 601 637 638
f 601 638 637
f 601 638 639
f 601 639 638
f 601 639 640
f 601 640 639
f 601 640 641
f 601 641 640
f 601 641 642
f 601 642 641
f 601 642 643
f 601 643 642
f 601 643 644
f 601 644 643
f 601 644 645
f 601 645 644
f 601 645 646
f 601 646 645
v -0.112255 0.512643 0.052221
v -0.115203 0.511893 0.050702
v -0.118349 0.510764 0.049677
v -0.121755 0.509137 0.049299
v -0.125429 0.507001 0.049584
v -0.129331 0.504428 0.050436
v -0.133387 0.501561 0.051671
v -0.137498 0.498589 0.053043
v -0.141551 0.495728 0.054269
v -0.145434 0.493193 0.055073
v -0.149047 0.491172 0.055208
v -0.152319 0.489803 0.054495
v -0.155210 0.489160 0.052836
v -0.157720 0.489244 0.050233
v -0.159889 0.489981 0.046781
v -0.161789 0.491231 0.042661
v -0.163518 0.492807 0.038118
v -0.165189 0.494494 0.033430
v -0.166914 0.496077 0.028878
v -0.168794 0.497364 0.024709
v -0.170903 0.498215 0.021109
v -0.173278 0.498557 0.018170
v -0.175914 0.498402 0.015878
v -0.178749 0.497866 0.014081
v -0.175802 0.498616 0.015600
v -0.172656 0.499745 0.016625
v -0.169249 0.501372 0.017003
v -0.165576 0.503508 0.016719
v -0.161674 0.506081 0.015867
v -0.157618 0.508948 0.014631
v -0.153506 0.511920 0.013260
v -0.149453 0.514781 0.012033
v -0.145571 0.517316 0.011230
v -0.141958 0.519337 0.011094
v -0.138686 0.520706 0.011808
v -0.135795 0.521349 0.013466
v -0.133285 0.521265 0.016069
v -0.131116 0.520528 0.019521
v -0.129216 0.519278 0.023641
v -0.127487 0.517702 0.028184
v -0.125816 0.516015 0.032872
v -0.124091 0.514432 0.037424
v -0.122211 0.513145 0.041593
v -0.120102 0.512294 0.045194
v -0.117726 0.511952 0.048132
v -0.115091 0.512107 0.050424
f 647 648 649
f 647 649 648
f 647 649 650
f 647 650 649
f 647 650 651
f 647 651 650
f 647 651 652
f 647 652 651
f 647 652 653
f 647 653 652
f 647 653 654
f 647 654 653
f 647 654 655
f 647 655 654
f 647 655 656
f 647 656 655
f 647 656 657
f 647 657 656
f 647 657 658
f 647 658 657
f 647 658 659
f 647 659 658
f 647 659 660
f 647 660 659
f 647 660 661
f 647 661 660
f 647 661 662
f 647 662 661
f 647 662 663
f 647 663 662
f 647 663 664
f 647 664 663
f 647 664 665
f 647 665 664
f 647 665 666
f 647 666 665
f 647 666 667
f 647 667 666
f 647 667 668
f 647 668 667
f 647 668 669
f 647 669 668
f 647 669 670
f 647 670 669
f 647 670 671
f 647 671 670
f 647 671 672
f 647 672 671
f 647 672 673
f 647 673 672
f 647 673 674
f 647 674 673
f 647 674 675
f 647 675 674
f 647 675 676
f 647 676 675
f 647 676 677
f 647 677 676
f 647 677 678
f 647 678 677
f 647 678 679
f 647 679 678
f 647 679 680
f 647 680 679
f 647 680 681
f 647 681 680
f 647 681 682
f 647 682 681
f 647 682 683
f 647 683 682
f 647 683 684
f 647 684 683
f 647 684 685
f 647 685 684
f 647 685 686
f 647 686 685
f 647 686 687
f 647 687 686
f 647 687 688
f 647 688 687
f 647 688 689
f 647 689 688
f 647 689 690
f 647 690 689
f 647 690 691
f 647 691 690
f 647 691 692
f 647 692 691
v -0.103011 0.512643 0.054095
v -0.104248 0.517508 0.051131
v -0.108544 0.520515 0.048584
v -0.114258 0.520515 0.047426
v -0.119207 0.517508 0.048099
v -0.121500 0.512643 0.050347
v -0.120263 0.507777 0.053311
v -0.115967 0.504770 0.055859
v -0.110253 0.504770 0.057017
v -0.105304 0.507777 0.056344
v -0.114720 0.536718 0.096668
v -0.115562 0.540026 0.094652
v -0.118483 0.542071 0.092920
v -0.122368 0.542071 0.092133
v -0.125733 0.540026 0.092591
v -0.127293 0.536718 0.094119
v -0.126452 0.533409 0.096135
v -0.123531 0.531365 0.097867
v -0.119645 0.531365 0.098655
v -0.116280 0.533409 0.098197
f 693 694 704
f 693 704 703
f 694 695 705
f 694 705 704
f 695 696 706
f 695 706 705
f 696 697 707
f 696 707 706
f 697 698 708
f 697 708 707
f 698 699 709
f 698 709 708
f 699 700 710
f 699 710 709
f 700 701 711
f 700 711 710
f 701 702 712
f 701 712 711
f 702 693 703
f 702 703 712
v -0.121007 0.536718 0.095394
v -0.117480 0.536036 0.094578
v -0.113889 0.535896 0.093472
v -0.110205 0.536542 0.091947
v -0.106420 0.538044 0.089966
v -0.102543 0.540320 0.087571
v -0.098600 0.543156 0.084877
v -0.094629 0.546233 0.082055
v -0.090673 0.549177 0.079304
v -0.086779 0.551602 0.076829
v -0.082987 0.553165 0.074815
v -0.079327 0.553609 0.073398
v -0.075815 0.552795 0.072652
v -0.072453 0.550725 0.072577
v -0.069222 0.547535 0.073099
v -0.066094 0.543483 0.074081
v -0.063027 0.538912 0.075341
v -0.059976 0.534208 0.076671
v -0.056896 0.529746 0.077872
v -0.053750 0.525843 0.078775
v -0.050513 0.522714 0.079265
v -0.047174 0.520442 0.079298
v -0.043743 0.518954 0.078911
v -0.040247 0.518010 0.078235
v -0.043774 0.518692 0.079051
v -0.047365 0.518831 0.080157
v -0.051049 0.518186 0.081682
v -0.054834 0.516684 0.083663
v -0.058710 0.514407 0.086058
v -0.062653 0.511572 0.088752
v -0.066625 0.508494 0.091574
v -0.070580 0.505550 0.094325
v -0.074475 0.503125 0.096800
v -0.078267 0.501562 0.098814
v -0.081927 0.501119 0.100231
v -0.085438 0.501932 0.100977
v -0.088801 0.504003 0.101052
v -0.092031 0.507192 0.100530
v -0.095159 0.511244 0.099548
v -0.098226 0.515815 0.098288
v -0.101278 0.520519 0.096958
v -0.104357 0.524982 0.095756
v -0.107503 0.528885 0.094854
v -0.110741 0.532013 0.094364
v -0.114079 0.534286 0.094331
v -0.117511 0.535773 0.094718
f 713 714 715
f 713 715 714
f 713 715 716
f 713 716 715
f 713 716 717
f 713 717 716
f 713 717 718
f 713 718 717
f 713 718 719
f 713 719 718
f 713 719 720
f 713 720 719
f 713 720 721
f 713 721 720
f 713 721 722
f 713 722 721
f 713 722 723
f 713 723 722
f 713 723 724
f 713 724 723
f 713 724 725
f 713 725 724
f 713 725 726
f 713 726 725
f 713 726 727
f 713 727 726
f 713 727 728
f 713 728 727
f 713 728 729
f 713 729 728
f 713 729 730
f 713 730 729
f 713 730 731
f 713 731 730
f 713 731 732
f 713 732 731
f 713 732 733
f 713 733 732
f 713 733 734
f 713 734 733
f 713 734 735
f 713 735 734
f 713 735 736
f 713 736 735
f 713 736 737
f 713 737 736
f 713 737 738
f 713 738 737
f 713 738 739
f 713 739 738
f 713 739 740
f 713 740 739
f 713 740 741
f 713 741 740
f 713 741 742
f 713 742 741
f 713 742 743
f 713 743 742
f 713 743 744
f 713 744 743
f 713 744 745
f 713 745 744
f 713 745 746
f 713 746 745
f 713 746 747
f 713 747 746
f 713 747 748
f 713 748 747
f 713 748 749
f 713 749 748
f 713 749 750
f 713 750 749
f 713 750 751
f 713 751 750
f 713 751 752
f 713 752 751
f 713 752 753
f 713 753 752
f 713 753 754
f 713 754 753
f 713 754 755
f 713 755 754
f 713 755 756
f 713 756 755
f 713 756 757
f 713 757 756
f 713 757 758
f 713 758 757
v -0.121007 0.536718 0.095394
v -0.124593 0.534439 0.092969
v -0.128068 0.531203 0.091100
v -0.131414 0.526876 0.089866
v -0.134640 0.521526 0.089227
v -0.137771 0.515364 0.089060
v -0.140845 0.508710 0.089179
v -0.143906 0.501952 0.089359
v -0.147004 0.495506 0.089356
v -0.150185 0.489772 0.088940
v -0.153490 0.485091 0.087912
v -0.156947 0.481711 0.086128
v -0.160573 0.479764 0.083510
v -0.164366 0.479249 0.080059
v -0.168312 0.480036 0.075852
v -0.172382 0.481875 0.071033
v -0.176535 0.484426 0.065799
v -0.180725 0.487290 0.060385
v -0.184903 0.490049 0.055030
v -0.189023 0.492317 0.049962
v -0.193047 0.493772 0.045366
v -0.196952 0.494204 0.041365
v -0.200729 0.493545 0.037998
v -0.204393 0.491930 0.035187
v -0.200806 0.494209 0.037612
v -0.197332 0.497445 0.039481
v -0.193986 0.501771 0.040715
v -0.190759 0.507122 0.041354
v -0.187628 0.513284 0.041521
v -0.184555 0.519938 0.041402
v -0.181494 0.526696 0.041222
v -0.178396 0.533142 0.041225
v -0.175215 0.538876 0.041640
v -0.171910 0.543557 0.042668
v -0.168453 0.546937 0.044453
v -0.164827 0.548884 0.047071
v -0.161034 0.549399 0.050521
v -0.157087 0.548612 0.054729
v -0.153018 0.546773 0.059548
v -0.148864 0.544222 0.064781
v -0.144675 0.541358 0.070196
v -0.140497 0.538599 0.075551
v -0.136377 0.536331 0.080619
v -0.132352 0.534876 0.085215
v -0.128448 0.534444 0.089216
v -0.124671 0.535103 0.092583
f 759 760 761
f 759 761 760
f 759 761 762
f 759 762 761
f 759 762 763
f 759 763 762
f 759 763 764
f 759 764 763
f 759 764 765
f 759 765 764
f 759 765 766
f 759 766 765
f 759 766 767
f 759 767 766
f 759 767 768
f 759 768 767
f 759 768 769
f 759 769 768
f 759 769 770
f 759 770 769
f 759 770 771
f 759 771 770
f 759 771 772
f 759 772 771
f 759 772 773
f 759 773 772
f 759 773 774
f 759 774 773
f 759 774 775
f 759 775 774
f 759 775 776
f 759 776 775
f 759 776 777
f 759 777 776
f 759 777 778
f 759 778 777
f 759 778 779
f 759 779 778
f 759 779 780
f 759 780 779
f 759 780 781
f 759 781 780
f 759 781 782
f 759 782 781
f 759 782 783
f 759 783 782
f 759 783 784
f 759 784 783
f 759 784 785
f 759 785 784
f 759 785 786
f 759 786 785
f 759 786 787
f 759 787 786
f 759 787 788
f 759 788 787
f 759 788 789
f 759 789 788
f 759 789 790
f 759 790 789
f 759 790 791
f 759 791 790
f 759 791 792
f 759 792 791
f 759 792 793
f 759 793 792
f 759 793 794
f 759 794 793
f 759 794 795
f 759 795 794
f 759 795 796
f 759 796 795
f 759 796 797
f 759 797 796
f 759 797 798
f 759 798 797
f 759 798 799
f 759 799 798
f 759 799 800
f 759 800 799
f 759 800 801
f 759 801 800
f 759 801 802
f 759 802 801
f 759 802 803
f 759 803 802
f 759 803 804
f 759 804 803
v -0.111345 0.512643 0.042832
v -0.116252 0.515494 0.044166
v -0.119632 0.517256 0.048577
v -0.120195 0.517256 0.054380
v -0.117725 0.515494 0.059358
v -0.113166 0.512643 0.061610
v -0.108259 0.509791 0.060276
v -0.104879 0.508029 0.055865
v -0.104316 0.508029 0.050063
v -0.106786 0.509791 0.045085
v -0.084089 0.558798 0.048509
v -0.087425 0.560737 0.049416
v -0.089724 0.561936 0.052415
v -0.090107 0.561936 0.056361
v -0.088427 0.560737 0.059746
v -0.085327 0.558798 0.061278
v -0.081991 0.556859 0.060371
v -0.079692 0.555661 0.057371
v -0.079309 0.555661 0.053425
v -0.080989 0.556859 0.050040
f 805 806 816
f 805 816 815
f 806 807 817
f 806 817 816
f 807 808 818
f 807 818 817
f 808 809 819
f 808 819 818
f 809 810 820
f 809 820 819
f 810 811 821
f 810 821 820
f 811 812 822
f 811 822 821
f 812 813 823
f 812 823 822
f 813 814 824
f 813 824 823
f 814 805 815
f 814 815 824
v -0.084708 0.558798 0.054893
v -0.086013 0.557433 0.051074
v -0.088362 0.556695 0.047183
v -0.091626 0.556508 0.043227
v -0.095618 0.556757 0.039220
v -0.100097 0.557299 0.035180
v -0.104787 0.557968 0.031125
v -0.109399 0.558590 0.027075
v -0.113647 0.558993 0.023051
v -0.117275 0.559024 0.019070
v -0.120071 0.558555 0.015147
v -0.121885 0.557496 0.011292
v -0.122640 0.555801 0.007512
v -0.122336 0.553468 0.003805
v -0.121049 0.550546 0.000167
v -0.118931 0.547124 -0.003412
v -0.116193 0.543329 -0.006949
v -0.113091 0.539317 -0.010460
v -0.109911 0.535256 -0.013966
v -0.106942 0.531323 -0.017486
v -0.104459 0.527682 -0.021041
v -0.102704 0.524479 -0.024646
v -0.101866 0.521825 -0.028315
v -0.102070 0.519799 -0.032057
v -0.100765 0.521164 -0.028238
v -0.098417 0.521902 -0.024346
v -0.095152 0.522090 -0.020391
v -0.091160 0.521840 -0.016384
v -0.086681 0.521298 -0.012344
v -0.081991 0.520629 -0.008288
v -0.077380 0.520008 -0.004239
v -0.073132 0.519604 -0.000214
v -0.069504 0.519573 0.003767
v -0.066707 0.520042 0.007690
v -0.064893 0.521101 0.011544
v -0.064138 0.522797 0.015325
v -0.064443 0.525129 0.019031
v -0.065729 0.528052 0.022669
v -0.067847 0.531474 0.026249
v -0.070586 0.535268 0.029785
v -0.073687 0.539281 0.033296
v -0.076868 0.543341 0.036802
v -0.079837 0.547275 0.040322
v -0.082319 0.550915 0.043877
v -0.084074 0.554119 0.047482
v -0.084913 0.556772 0.051151
f 825 826 827
f 825 827 826
f 825 827 828
f 825 828 827
f 825 828 829
f 825 829 828
f 825 829 830
f 825 830 829
f 825 830 831
f 825 831 830
f 825 831 832
f 825 832 831
f 825 832 833
f 825 833 832
f 825 833 834
f 825 834 833
f 825 834 835
f 825 835 834
f 825 835 836
f 825 836 835
f 825 836 837
f 825 837 836
f 825 837 838
f 825 838 837
f 825 838 839
f 825 839 838
f 825 839 840
f 825 840 839
f 825 840 841
f 825 841 840
f 825 841 842
f 825 842 841
f 825 842 843
f 825 843 842
f 825 843 844
f 825 844 843
f 825 844 845
f 825 845 844
f 825 845 846
f 825 846 845
f 825 846 847
f 825 847 846
f 825 847 848
f 825 848 847
f 825 848 849
f 825 849 848
f 825 849 850
f 825 850 849
f 825 850 851
f 825 851 850
f 825 851 852
f 825 852 851
f 825 852 853
f 825 853 852
f 825 853 854
f 825 854 853
f 825 854 855
f 825 855 854
f 825 855 856
f 825 856 855
f 825 856 857
f 825 857 856
f 825 857 858
f 825 858 857
f 825 858 859
f 825 859 858
f 825 859 860
f 825 860 859
f 825 860 861
f 825 861 860
f 825 861 862
f 825 862 861
f 825 862 863
f 825 863 862
f 825 863 864
f 825 864 863
f 825 864 865
f 825 865 864
f 825 865 866
f 825 866 865
f 825 866 867
f 825 867 866
f 825 867 868
f 825 868 867
f 825 868 869
f 825 869 868
f 825 869 870
f 825 870 869
v -0.084708 0.558798 0.054893
v -0.087537 0.559296 0.057329
v -0.090017 0.559557 0.060261
v -0.092003 0.559483 0.063896
v -0.093458 0.559047 0.068289
v -0.094438 0.558289 0.073359
v -0.095078 0.557300 0.078912
v -0.095577 0.556215 0.084667
v -0.096165 0.555191 0.090295
v -0.097079 0.554388 0.095458
v -0.098528 0.553948 0.099859
v -0.100668 0.553979 0.103275
v -0.103584 0.554535 0.105587
v -0.107274 0.555619 0.106795
v -0.111656 0.557172 0.107017
v -0.116573 0.559088 0.106477
v -0.121816 0.561226 0.105474
v -0.127148 0.563424 0.104343
v -0.132339 0.565526 0.103413
v -0.137190 0.567398 0.102966
v -0.141566 0.568947 0.103197
v -0.145411 0.570135 0.104186
v -0.148762 0.570987 0.105878
v -0.151764 0.571603 0.108066
v -0.148935 0.571105 0.105630
v -0.146455 0.570844 0.102698
v -0.144469 0.570919 0.099063
v -0.143014 0.571354 0.094670
v -0.142034 0.572113 0.089600
v -0.141394 0.573101 0.084046
v -0.140895 0.574187 0.078291
v -0.140307 0.575211 0.072664
v -0.139393 0.576014 0.067501
v -0.137944 0.576453 0.063099
v -0.135804 0.576423 0.059683
v -0.132888 0.575866 0.057372
v -0.129198 0.574783 0.056164
v -0.124816 0.573230 0.055942
v -0.119899 0.571313 0.056481
v -0.114656 0.569176 0.057485
v -0.109324 0.566977 0.058616
v -0.104133 0.564875 0.059546
v -0.099282 0.563003 0.059992
v -0.094906 0.561454 0.059761
v -0.091061 0.560267 0.058773
v -0.087710 0.559414 0.057081
f 871 872 873
f 871 873 872
f 871 873 874
f 871 874 873
f 871 874 875
f 871 875 874
f 871 875 876
f 871 876 875
f 871 876 877
f 871 877 876
f 871 877 878
f 871 878 877
f 871 878 879
f 871 879 878
f 871 879 880
f 871 880 879
f 871 880 881
f 871 881 880
f 871 881 882
f 871 882 881
f 871 882 883
f 871 883 882
f 871 883 884
f 871 884 883
f 871 884 885
f 871 885 884
f 871 885 886
f 871 886 885
f 871 886 887
f 871 887 886
f 871 887 888
f 871 888 887
f 871 888 889
f 871 889 888
f 871 889 890
f 871 890 889
f 871 890 891
f 871 891 890
f 871 891 892
f 871 892 891
f 871 892 893
f 871 893 892
f 871 893 894
f 871 894 893
f 871 894 895
f 871 895 894
f 871 895 896
f 871 896 895
f 871 896 897
f 871 897 896
f 871 897 898
f 871 898 897
f 871 898 899
f 871 899 898
f 871 899 900
f 871 900 899
f 871 900 901
f 871 901 900
f 871 901 902
f 871 902 901
f 871 902 903
f 871 903 902
f 871 903 904
f 871 904 903
f 871 904 905
f 871 905 904
f 871 905 906
f 871 906 905
f 871 906 907
f 871 907 906
f 871 907 908
f 871 908 907
f 871 908 909
f 871 909 908
f 871 909 910
f 871 910 909
f 871 910 911
f 871 911 910
f 871 911 912
f 871 912 911
f 871 912 913
f 871 913 912
f 871 913 914
f 871 914 913
f 871 914 915
f 871 915 914
f 871 915 916
f 871 916 915
v -0.084708 0.558798 0.054893
v -0.082860 0.554993 0.057951
v -0.080711 0.551029 0.060641
v -0.077948 0.546742 0.062583
v -0.074350 0.542016 0.063507
v -0.069853 0.536817 0.063334
v -0.064573 0.531206 0.062208
v -0.058804 0.525337 0.060485
v -0.052971 0.519435 0.058684
v -0.047562 0.513755 0.057399
v -0.043044 0.508545 0.057201
v -0.039782 0.503996 0.058535
v -0.037979 0.500214 0.061647
v -0.037633 0.497199 0.066536
v -0.038544 0.494845 0.072957
v -0.040346 0.492961 0.080465
v -0.042572 0.491299 0.088489
v -0.044733 0.489604 0.096436
v -0.046406 0.487652 0.103785
v -0.047296 0.485287 0.110182
v -0.047286 0.482449 0.115480
v -0.046442 0.479172 0.119762
v -0.044984 0.475572 0.123295
v -0.043225 0.471814 0.126461
v -0.045073 0.475619 0.123403
v -0.047222 0.479583 0.120713
v -0.049985 0.483870 0.118772
v -0.053583 0.488596 0.117847
v -0.058080 0.493795 0.118020
v -0.063360 0.499407 0.119146
v -0.069129 0.505275 0.120869
v -0.074962 0.511178 0.122670
v -0.080371 0.516857 0.123955
v -0.084889 0.522068 0.124153
v -0.088150 0.526617 0.122819
v -0.089954 0.530399 0.119707
v -0.090300 0.533413 0.114818
v -0.089389 0.535767 0.108397
v -0.087587 0.537651 0.100889
v -0.085361 0.539313 0.092865
v -0.083200 0.541008 0.084919
v -0.081527 0.542961 0.077569
v -0.080637 0.545325 0.071173
v -0.080647 0.548163 0.065874
v -0.081491 0.551440 0.061592
v -0.082949 0.555040 0.058059
f 917 918 919
f 917 919 918
f 917 919 920
f 917 920 919
f 917 920 921
f 917 921 920
f 917 921 922
f 917 922 921
f 917 922 923
f 917 923 922
f 917 923 924
f 917 924 923
f 917 924 925
f 917 925 924
f 917 925 926
f 917 926 925
f 917 926 927
f 917 927 926
f 917 927 928
f 917 928 927
f 917 928 929
f 917 929 928
f 917 929 930
f 917 930 929
f 917 930 931
f 917 931 930
f 917 931 932
f 917 932 931
f 917 932 933
f 917 933 932
f 917 933 934
f 917 934 933
f 917 934 935
f 917 935 934
f 917 935 936
f 917 936 935
f 917 936 937
f 917 937 936
f 917 937 938
f 917 938 937
f 917 938 939
f 917 939 938
f 917 939 940
f 917 940 939
f 917 940 941
f 917 941 940
f 917 941 942
f 917 942 941
f 917 942 943
f 917 943 942
f 917 943 944
f 917 944 943
f 917 944 945
f 917 945 944
f 917 945 946
f 917 946 945
f 917 946 947
f 917 947 946
f 917 947 948
f 917 948 947
f 917 948 949
f 917 949 948
f 917 949 950
f 917 950 949
f 917 950 951
f 917 951 950
f 917 951 952
f 917 952 951
f 917 952 953
f 917 953 952
f 917 953 954
f 917 954 953
f 917 954 955
f 917 955 954
f 917 955 956
f 917 956 955
f 917 956 957
f 917 957 956
f 917 957 958
f 917 958 957
f 917 958 959
f 917 959 958
f 917 959 960
f 917 960 959
f 917 960 961
f 917 961 960
f 917 961 962
f 917 962 961
v -0.112255 0.513090 0.061644
v -0.107139 0.515140 0.059743
v -0.103978 0.516236 0.054969
v -0.103978 0.515959 0.049146
v -0.107139 0.514416 0.044497
v -0.112255 0.512195 0.042799
v -0.117371 0.510145 0.044700
v -0.120533 0.509050 0.049474
v -0.120533 0.509326 0.055297
v -0.117371 0.510870 0.059946
v -0.132048 0.560266 0.056380
v -0.128569 0.561660 0.055088
v -0.126419 0.562405 0.051842
v -0.126419 0.562217 0.047882
v -0.128569 0.561167 0.044721
v -0.132048 0.559657 0.043566
v -0.135527 0.558263 0.044859
v -0.137677 0.557518 0.048105
v -0.137677 0.557706 0.052065
v -0.135527 0.558756 0.055226
f 963 964 974
f 963 974 973
f 964 965 975
f 964 975 974
f 965 966 976
f 965 976 975
f 966 967 977
f 966 977 976
f 967 968 978
f 967 978 977
f 968 969 979
f 968 979 978
f 969 970 980
f 969 980 979
f 970 971 981
f 970 981 980
f 971 972 982
f 971 982 981
f 972 963 973
f 972 973 982
v -0.132048 0.559962 0.049973
v -0.131042 0.559638 0.052984
v -0.129211 0.559655 0.055891
v -0.126638 0.559978 0.058704
v -0.123465 0.560548 0.061443
v -0.119884 0.561287 0.064130
v -0.116116 0.562102 0.066793
v -0.112400 0.562896 0.069463
v -0.108970 0.563572 0.072169
v -0.106040 0.564042 0.074938
v -0.103785 0.564234 0.077791
v -0.102330 0.564096 0.080746
v -0.101741 0.563601 0.083809
v -0.102017 0.562749 0.086980
v -0.103094 0.561567 0.090253
v -0.104846 0.560106 0.093610
v -0.107098 0.558440 0.097030
v -0.109635 0.556655 0.100486
v -0.112225 0.554850 0.103949
v -0.114628 0.553121 0.107388
v -0.116623 0.551560 0.110776
v -0.118018 0.550247 0.114088
v -0.118670 0.549240 0.117307
v -0.118498 0.548573 0.120422
v -0.119504 0.548897 0.117412
v -0.121334 0.548880 0.114505
v -0.123907 0.548557 0.111691
v -0.127080 0.547987 0.108953
v -0.130662 0.547248 0.106266
v -0.134429 0.546433 0.103602
v -0.138145 0.545639 0.100933
v -0.141575 0.544963 0.098227
v -0.144505 0.544493 0.095458
v -0.146761 0.544301 0.092604
v -0.148215 0.544439 0.089650
v -0.148804 0.544934 0.086587
v -0.148528 0.545786 0.083415
v -0.147451 0.546968 0.080143
v -0.145699 0.548429 0.076786
v -0.143447 0.550095 0.073365
v -0.140910 0.551879 0.069909
v -0.138321 0.553685 0.066447
v -0.135917 0.555414 0.063008
v -0.133923 0.556974 0.059620
v -0.132528 0.558288 0.056308
v -0.131876 0.559294 0.053089
f 983 984 985
f 983 985 984
f 983 985 986
f 983 986 985
f 983 986 987
f 983 987 986
f 983 987 988
f 983 988 987
f 983 988 989
f 983 989 988
f 983 989 990
f 983 990 989
f 983 990 991
f 983 991 990
f 983 991 992
f 983 992 991
f 983 992 993
f 983 993 992
f 983 993 994
f 983 994 993
f 983 994 995
f 983 995 994
f 983 995 996
f 983 996 995
f 983 996 997
f 983 997 996
f 983 997 998
f 983 998 997
f 983 998 999
f 983 999 998
f 983 999 1000
f 983 1000 999
f 983 1000 1001
f 983 1001 1000
f 983 1001 1002
f 983 1002 1001
f 983 1002 1003
f 983 1003 1002
f 983 1003 1004
f 983 1004 1003
f 983 1004 1005
f 983 1005 1004
f 983 1005 1006
f 983 1006 1005
f 983 1006 1007
f 983 1007 1006
f 983 1007 1008
f 983 1008 1007
f 983 1008 1009
f 983 1009 1008
f 983 1009 1010
f 983 1010 1009
f 983 1010 1011
f 983 1011 1010
f 983 1011 1012
f 983 1012 1011
f 983 1012 1013
f 983 1013 1012
f 983 1013 1014
f 983 1014 1013
f 983 1014 1015
f 983 1015 1014
f 983 1015 1016
f 983 1016 1015
f 983 1016 1017
f 983 1017 1016
f 983 1017 1018
f 983 1018 1017
f 983 1018 1019
f 983 1019 1018
f 983 1019 1020
f 983 1020 1019
f 983 1020 1021
f 983 1021 1020
f 983 1021 1022
f 983 1022 1021
f 983 1022 1023
f 983 1023 1022
f 983 1023 1024
f 983 1024 1023
f 983 1024 1025
f 983 1025 1024
f 983 1025 1026
f 983 1026 1025
f 983 1026 1027
f 983 1027 1026
f 983 1027 1028
f 983 1028 1027
v -0.132048 0.559962 0.049973
v -0.129489 0.559093 0.047686
v -0.127462 0.557972 0.044780
v -0.126007 0.556580 0.041206
v -0.125071 0.554943 0.037027
v -0.124533 0.553117 0.032384
v -0.124225 0.551182 0.027474
v -0.123947 0.549233 0.022528
v -0.123491 0.547368 0.017789
v -0.122661 0.545680 0.013487
v -0.121290 0.544249 0.009815
v -0.119256 0.543131 0.006916
v -0.116496 0.542358 0.004864
v -0.113011 0.541928 0.003657
v -0.108863 0.541812 0.003223
v -0.104174 0.541952 0.003419
v -0.099110 0.542270 0.004053
v -0.093869 0.542671 0.004893
v -0.088658 0.543059 0.005698
v -0.083677 0.543337 0.006235
v -0.079093 0.543428 0.006308
v -0.075029 0.543272 0.005777
v -0.071537 0.542845 0.004577
v -0.068577 0.542166 0.002759
v -0.071135 0.543035 0.005046
v -0.073163 0.544156 0.007952
v -0.074618 0.545548 0.011526
v -0.075554 0.547185 0.015705
v -0.076091 0.549011 0.020348
v -0.076400 0.550946 0.025259
v -0.076678 0.552895 0.030204
v -0.077133 0.554760 0.034943
v -0.077963 0.556448 0.039246
v -0.079335 0.557879 0.042917
v -0.081368 0.558996 0.045816
v -0.084128 0.559770 0.047869
v -0.087614 0.560200 0.049075
v -0.091761 0.560316 0.049510
v -0.096451 0.560176 0.049313
v -0.101514 0.559858 0.048680
v -0.106755 0.559457 0.047839
v -0.111966 0.559069 0.047035
v -0.116948 0.558791 0.046497
v -0.121531 0.558700 0.046424
v -0.125596 0.558856 0.046955
v -0.129087 0.559283 0.048155
f 1029 1030 1031
f 1029 1031 1030
f 1029 1031 1032
f 1029 1032 1031
f 1029 1032 1033
f 1029 1033 1032
f 1029 1033 1034
f 1029 1034 1033
f 1029 1034 1035
f 1029 1035 1034
f 1029 1035 1036
f 1029 1036 1035
f 1029 1036 1037
f 1029 1037 1036
f 1029 1037 1038
f 1029 1038 1037
f 1029 1038 1039
f 1029 1039 1038
f 1029 1039 1040
f 1029 1040 1039
f 1029 1040 1041
f 1029 1041 1040
f 1029 1041 1042
f 1029 1042 1041
f 1029 1042 1043
f 1029 1043 1042
f 1029 1043 1044
f 1029 1044 1043
f 1029 1044 1045
f 1029 1045 1044
f 1029 1045 1046
f 1029 1046 1045
f 1029 1046 1047
f 1029 1047 1046
f 1029 1047 1048
f 1029 1048 1047
f 1029 1048 1049
f 1029 1049 1048
f 1029 1049 1050
f 1029 1050 1049
f 1029 1050 1051
f 1029 1051 1050
f 1029 1051 1052
f 1029 1052 1051
f 1029 1052 1053
f 1029 1053 1052
f 1029 1053 1054
f 1029 1054 1053
f 1029 1054 1055
f 1029 1055 1054
f 1029 1055 1056
f 1029 1056 1055
f 1029 1056 1057
f 1029 1057 1056
f 1029 1057 1058
f 1029 1058 1057
f 1029 1058 1059
f 1029 1059 1058
f 1029 1059 1060
f 1029 1060 1059
f 1029 1060 1061
f 1029 1061 1060
f 1029 1061 1062
f 1029 1062 1061
f 1029 1062 1063
f 1029 1063 1062
f 1029 1063 1064
f 1029 1064 1063
f 1029 1064 1065
f 1029 1065 1064
f 1029 1065 1066
f 1029 1066 1065
f 1029 1066 1067
f 1029 1067 1066
f 1029 1067 1068
f 1029 1068 1067
f 1029 1068 1069
f 1029 1069 1068
f 1029 1069 1070
f 1029 1070 1069
f 1029 1070 1071
f 1029 1071 1070
f 1029 1071 1072
f 1029 1072 1071
f 1029 1072 1073
f 1029 1073 1072
f 1029 1073 1074
f 1029 1074 1073
v -0.132048 0.559962 0.049973
v -0.135183 0.557039 0.048356
v -0.138451 0.554076 0.047056
v -0.142022 0.551021 0.046492
v -0.146042 0.547829 0.047013
v -0.150580 0.544481 0.048784
v -0.155594 0.540988 0.051709
v -0.160934 0.537397 0.055420
v -0.166356 0.533780 0.059330
v -0.171567 0.530228 0.062730
v -0.176277 0.526827 0.064919
v -0.180256 0.523648 0.065340
v -0.183375 0.520730 0.063684
v -0.185636 0.518073 0.059950
v -0.187165 0.515637 0.054447
v -0.188193 0.513354 0.047735
v -0.189011 0.511134 0.040512
v -0.189910 0.508890 0.033488
v -0.191135 0.506547 0.027250
v -0.192837 0.504059 0.022166
v -0.195056 0.501414 0.018332
v -0.197724 0.498633 0.015584
v -0.200696 0.495760 0.013570
v -0.203800 0.492846 0.011875
v -0.200664 0.495769 0.013492
v -0.197397 0.498732 0.014792
v -0.193825 0.501787 0.015356
v -0.189805 0.504979 0.014835
v -0.185268 0.508327 0.013064
v -0.180253 0.511820 0.010139
v -0.174914 0.515411 0.006428
v -0.169492 0.519028 0.002518
v -0.164281 0.522580 -0.000882
v -0.159571 0.525981 -0.003071
v -0.155592 0.529160 -0.003492
v -0.152472 0.532078 -0.001836
v -0.150212 0.534735 0.001898
v -0.148683 0.537171 0.007401
v -0.147654 0.539454 0.014113
v -0.146837 0.541674 0.021336
v -0.145937 0.543918 0.028360
v -0.144712 0.546261 0.034598
v -0.143010 0.548749 0.039682
v -0.140791 0.551394 0.043516
v -0.138123 0.554175 0.046264
v -0.135151 0.557048 0.048278
f 1075 1076 1077
f 1075 1077 1076
f 1075 1077 1078
f 1075 1078 1077
f 1075 1078 1079
f 1075 1079 1078
f 1075 1079 1080
f 1075 1080 1079
f 1075 1080 1081
f 1075 1081 1080
f 1075 1081 1082
f 1075 1082 1081
f 1075 1082 1083
f 1075 1083 1082
f 1075 1083 1084
f 1075 1084 1083
f 1075 1084 1085
f 1075 1085 1084
f 1075 1085 1086
f 1075 1086 1085
f 1075 1086 1087
f 1075 1087 1086
f 1075 1087 1088
f 1075 1088 1087
f 1075 1088 1089
f 1075 1089 1088
f 1075 1089 1090
f 1075 1090 1089
f 1075 1090 1091
f 1075 1091 1090
f 1075 1091 1092
f 1075 1092 1091
f 1075 1092 1093
f 1075 1093 1092
f 1075 1093 1094
f 1075 1094 1093
f 1075 1094 1095
f 1075 1095 1094
f 1075 1095 1096
f 1075 1096 1095
f 1075 1096 1097
f 1075 1097 1096
f 1075 1097 1098
f 1075 1098 1097
f 1075 1098 1099
f 1075 1099 1098
f 1075 1099 1100
f 1075 1100 1099
f 1075 1100 1101
f 1075 1101 1100
f 1075 1101 1102
f 1075 1102 1101
f 1075 1102 1103
f 1075 1103 1102
f 1075 1103 1104
f 1075 1104 1103
f 1075 1104 1105
f 1075 1105 1104
f 1075 1105 1106
f 1075 1106 1105
f 1075 1106 1107
f 1075 1107 1106
f 1075 1107 1108
f 1075 1108 1107
f 1075 1108 1109
f 1075 1109 1108
f 1075 1109 1110
f 1075 1110 1109
f 1075 1110 1111
f 1075 1111 1110
f 1075 1111 1112
f 1075 1112 1111
f 1075 1112 1113
f 1075 1113 1112
f 1075 1113 1114
f 1075 1114 1113
f 1075 1114 1115
f 1075 1115 1114
f 1075 1115 1116
f 1075 1116 1115
f 1075 1116 1117
f 1075 1117 1116
f 1075 1117 1118
f 1075 1118 1117
f 1075 1118 1119
f 1075 1119 1118
f 1075 1119 1120
f 1075 1120 1119
v -0.108811 0.435593 0.001415
v -0.105397 0.439336 0.008332
v -0.098019 0.441649 0.012036
v -0.089496 0.441649 0.011113
v -0.083082 0.439336 0.005915
v -0.081228 0.435593 -0.001572
v -0.084642 0.431850 -0.008488
v -0.092020 0.429536 -0.012193
v -0.100543 0.429536 -0.011269
v -0.106957 0.431850 -0.006072
v -0.108900 0.516527 -0.040641
v -0.106579 0.519073 -0.035938
v -0.101562 0.520646 -0.033419
v -0.095766 0.520646 -0.034047
v -0.091405 0.519073 -0.037581
v -0.090144 0.516527 -0.042672
v -0.092466 0.513982 -0.047376
v -0.097483 0.512409 -0.049894
v -0.103278 0.512409 -0.049267
v -0.107640 0.513982 -0.045732
f 1121 1122 1132
f 1121 1132 1131
f 1122 1123 1133
f 1122 1133 1132
f 1123 1124 1134
f 1123 1134 1133
f 1124 1125 1135
f 1124 1135 1134
f 1125 1126 1136
f 1125 1136 1135
f 1126 1127 1137
f 1126 1137 1136
f 1127 1128 1138
f 1127 1138 1137
f 1128 1129 1139
f 1128 1139 1138
f 1129 1130 1140
f 1129 1140 1139
f 1130 1121 1131
f 1130 1131 1140
v -0.099522 0.516527 -0.041657
v -0.103930 0.515425 -0.039331
v -0.108088 0.514992 -0.035729
v -0.112029 0.515146 -0.031008
v -0.115798 0.515765 -0.025400
v -0.119451 0.516694 -0.019202
v -0.123055 0.517757 -0.012748
v -0.126677 0.518769 -0.006392
v -0.130387 0.519547 -0.000482
v -0.134243 0.519927 0.004671
v -0.138298 0.519776 0.008809
v -0.142585 0.518996 0.011750
v -0.147125 0.517538 0.013399
v -0.151915 0.515402 0.013755
v -0.156939 0.512639 0.012914
v -0.162161 0.509343 0.011057
v -0.167530 0.505649 0.008444
v -0.172985 0.501722 0.005385
v -0.178460 0.497744 0.002228
v -0.183885 0.493899 -0.000674
v -0.189195 0.490365 -0.002984
v -0.194333 0.487295 -0.004408
v -0.199252 0.484813 -0.004713
v -0.203923 0.483000 -0.003742
v -0.199516 0.484102 -0.006068
v -0.195357 0.484535 -0.009670
v -0.191416 0.484381 -0.014391
v -0.187648 0.483762 -0.019999
v -0.183995 0.482833 -0.026197
v -0.180391 0.481770 -0.032651
v -0.176769 0.480758 -0.039007
v -0.173059 0.479980 -0.044917
v -0.169202 0.479600 -0.050070
v -0.165148 0.479751 -0.054208
v -0.160860 0.480531 -0.057149
v -0.156321 0.481989 -0.058798
v -0.151530 0.484125 -0.059154
v -0.146507 0.486888 -0.058313
v -0.141285 0.490184 -0.056456
v -0.135916 0.493878 -0.053843
v -0.130460 0.497805 -0.050784
v -0.124985 0.501783 -0.047627
v -0.119560 0.505628 -0.044725
v -0.114250 0.509162 -0.042415
v -0.109113 0.512232 -0.040991
v -0.104193 0.514714 -0.040686
f 1141 1142 1143
f 1141 1143 1142
f 1141 1143 1144
f 1141 1144 1143
f 1141 1144 1145
f 1141 1145 1144
f 1141 1145 1146
f 1141 1146 1145
f 1141 1146 1147
f 1141 1147 1146
f 1141 1147 1148
f 1141 1148 1147
f 1141 1148 1149
f 1141 1149 1148
f 1141 1149 1150
f 1141 1150 1149
f 1141 1150 1151
f 1141 1151 1150
f 1141 1151 1152
f 1141 1152 1151
f 1141 1152 1153
f 1141 1153 1152
f 1141 1153 1154
f 1141 1154 1153
f 1141 1154 1155
f 1141 1155 1154
f 1141 1155 1156
f 1141 1156 1155
f 1141 1156 1157
f 1141 1157 1156
f 1141 1157 1158
f 1141 1158 1157
f 1141 1158 1159
f 1141 1159 1158
f 1141 1159 1160
f 1141 1160 1159
f 1141 1160 1161
f 1141 1161 1160
f 1141 1161 1162
f 1141 1162 1161
f 1141 1162 1163
f 1141 1163 1162
f 1141 1163 1164
f 1141 1164 1163
f 1141 1164 1165
f 1141 1165 1164
f 1141 1165 1166
f 1141 1166 1165
f 1141 1166 1167
f 1141 1167 1166
f 1141 1167 1168
f 1141 1168 1167
f 1141 1168 1169
f 1141 1169 1168
f 1141 1169 1170
f 1141 1170 1169
f 1141 1170 1171
f 1141 1171 1170
f 1141 1171 1172
f 1141 1172 1171
f 1141 1172 1173
f 1141 1173 1172
f 1141 1173 1174
f 1141 1174 1173
f 1141 1174 1175
f 1141 1175 1174
f 1141 1175 1176
f 1141 1176 1175
f 1141 1176 1177
f 1141 1177 1176
f 1141 1177 1178
f 1141 1178 1177
f 1141 1178 1179
f 1141 1179 1178
f 1141 1179 1180
f 1141 1180 1179
f 1141 1180 1181
f 1141 1181 1180
f 1141 1181 1182
f 1141 1182 1181
f 1141 1182 1183
f 1141 1183 1182
f 1141 1183 1184
f 1141 1184 1183
f 1141 1184 1185
f 1141 1185 1184
f 1141 1185 1186
f 1141 1186 1185
v -0.099522 0.516527 -0.041657
v -0.096689 0.515329 -0.040633
v -0.093816 0.514009 -0.039849
v -0.090858 0.512424 -0.039590
v -0.087778 0.510460 -0.040082
v -0.084561 0.508072 -0.041414
v -0.081222 0.505303 -0.043502
v -0.077803 0.502282 -0.046089
v -0.074366 0.499210 -0.048777
v -0.070989 0.496322 -0.051101
v -0.067745 0.493848 -0.052604
v -0.064693 0.491969 -0.052927
v -0.061864 0.490787 -0.051871
v -0.059259 0.490300 -0.049436
v -0.056846 0.490409 -0.045821
v -0.054566 0.490932 -0.041386
v -0.052345 0.491639 -0.036585
v -0.050107 0.492295 -0.031887
v -0.047789 0.492699 -0.027687
v -0.045348 0.492722 -0.024244
v -0.042770 0.492321 -0.021640
v -0.040071 0.491541 -0.019786
v -0.037286 0.490496 -0.018458
v -0.034463 0.489329 -0.017371
v -0.037297 0.490527 -0.018395
v -0.040169 0.491847 -0.019179
v -0.043128 0.493432 -0.019437
v -0.046207 0.495396 -0.018945
v -0.049424 0.497784 -0.017613
v -0.052763 0.500553 -0.015525
v -0.056182 0.503574 -0.012939
v -0.059619 0.506646 -0.010250
v -0.062996 0.509534 -0.007927
v -0.066240 0.512009 -0.006423
v -0.069293 0.513887 -0.006100
v -0.072121 0.515070 -0.007156
v -0.074726 0.515556 -0.009591
v -0.077139 0.515447 -0.013206
v -0.079420 0.514924 -0.017642
v -0.081641 0.514217 -0.022442
v -0.083878 0.513561 -0.027140
v -0.086196 0.513157 -0.031340
v -0.088638 0.513134 -0.034784
v -0.091215 0.513535 -0.037388
v -0.093914 0.514315 -0.039241
v -0.096699 0.515361 -0.040569
f 1187 1188 1189
f 1187 1189 1188
f 1187 1189 1190
f 1187 1190 1189
f 1187 1190 1191
f 1187 1191 1190
f 1187 1191 1192
f 1187 1192 1191
f 1187 1192 1193
f 1187 1193 1192
f 1187 1193 1194
f 1187 1194 1193
f 1187 1194 1195
f 1187 1195 1194
f 1187 1195 1196
f 1187 1196 1195
f 1187 1196 1197
f 1187 1197 1196
f 1187 1197 1198
f 1187 1198 1197
f 1187 1198 1199
f 1187 1199 1198
f 1187 1199 1200
f 1187 1200 1199
f 1187 1200 1201
f 1187 1201 1200
f 1187 1201 1202
f 1187 1202 1201
f 1187 1202 1203
f 1187 1203 1202
f 1187 1203 1204
f 1187 1204 1203
f 1187 1204 1205
f 1187 1205 1204
f 1187 1205 1206
f 1187 1206 1205
f 1187 1206 1207
f 1187 1207 1206
f 1187 1207 1208
f 1187 1208 1207
f 1187 1208 1209
f 1187 1209 1208
f 1187 1209 1210
f 1187 1210 1209
f 1187 1210 1211
f 1187 1211 1210
f 1187 1211 1212
f 1187 1212 1211
f 1187 1212 1213
f 1187 1213 1212
f 1187 1213 1214
f 1187 1214 1213
f 1187 1214 1215
f 1187 1215 1214
f 1187 1215 1216
f 1187 1216 1215
f 1187 1216 1217
f 1187 1217 1216
f 1187 1217 1218
f 1187 1218 1217
f 1187 1218 1219
f 1187 1219 1218
f 1187 1219 1220
f 1187 1220 1219
f 1187 1220 1221
f 1187 1221 1220
f 1187 1221 1222
f 1187 1222 1221
f 1187 1222 1223
f 1187 1223 1222
f 1187 1223 1224
f 1187 1224 1223
f 1187 1224 1225
f 1187 1225 1224
f 1187 1225 1226
f 1187 1226 1225
f 1187 1226 1227
f 1187 1227 1226
f 1187 1227 1228
f 1187 1228 1227
f 1187 1228 1229
f 1187 1229 1228
f 1187 1229 1230
f 1187 1230 1229
f 1187 1230 1231
f 1187 1231 1230
f 1187 1231 1232
f 1187 1232 1231
v -0.108952 0.516527 -0.041396
v -0.107073 0.521295 -0.038617
v -0.102309 0.524242 -0.036999
v -0.096482 0.524242 -0.037161
v -0.091816 0.521295 -0.039039
v -0.090093 0.516527 -0.041918
v -0.091972 0.511759 -0.044697
v -0.096735 0.508812 -0.046314
v -0.102563 0.508812 -0.046153
v -0.107229 0.511759 -0.044274
v -0.107124 0.542044 -0.084460
v -0.105846 0.545287 -0.082571
v -0.102608 0.547291 -0.081471
v -0.098645 0.547291 -0.081580
v -0.095472 0.545287 -0.082858
v -0.094300 0.542044 -0.084815
v -0.095578 0.538802 -0.086705
v -0.098817 0.536798 -0.087805
v -0.102780 0.536798 -0.087695
v -0.105953 0.538802 -0.086417
f 1233 1234 1244
f 1233 1244 1243
f 1234 1235 1245
f 1234 1245 1244
f 1235 1236 1246
f 1235 1246 1245
f 1236 1237 1247
f 1236 1247 1246
f 1237 1238 1248
f 1237 1248 1247
f 1238 1239 1249
f 1238 1249 1248
f 1239 1240 1250
f 1239 1250 1249
f 1240 1241 1251
f 1240 1251 1250
f 1241 1242 1252
f 1241 1252 1251
f 1242 1233 1243
f 1242 1243 1252
v -0.100712 0.542044 -0.084638
v -0.104504 0.541697 -0.083534
v -0.108274 0.541855 -0.082131
v -0.112010 0.542807 -0.080258
v -0.115708 0.544674 -0.077842
v -0.119370 0.547405 -0.074915
v -0.123003 0.550792 -0.071599
v -0.126623 0.554498 -0.068094
v -0.130248 0.558110 -0.064644
v -0.133894 0.561192 -0.061509
v -0.137580 0.563347 -0.058923
v -0.141317 0.564278 -0.057062
v -0.145113 0.563822 -0.056023
v -0.148968 0.561981 -0.055805
v -0.152874 0.558914 -0.056313
v -0.156819 0.554922 -0.057369
v -0.160787 0.550399 -0.058740
v -0.164759 0.545781 -0.060166
v -0.168717 0.541484 -0.061403
v -0.172648 0.537842 -0.062252
v -0.176542 0.535064 -0.062589
v -0.180397 0.533201 -0.062384
v -0.184219 0.532132 -0.061708
v -0.188020 0.531568 -0.060732
v -0.184228 0.531915 -0.061836
v -0.180458 0.531758 -0.063239
v -0.176722 0.530805 -0.065112
v -0.173024 0.528938 -0.067528
v -0.169362 0.526207 -0.070455
v -0.165729 0.522821 -0.073771
v -0.162109 0.519114 -0.077276
v -0.158484 0.515502 -0.080726
v -0.154838 0.512421 -0.083861
v -0.151152 0.510265 -0.086447
v -0.147415 0.509335 -0.088308
v -0.143619 0.509790 -0.089347
v -0.139764 0.511632 -0.089565
v -0.135858 0.514698 -0.089057
v -0.131913 0.518691 -0.088001
v -0.127945 0.523214 -0.086630
v -0.123973 0.527831 -0.085204
v -0.120015 0.532129 -0.083967
v -0.116084 0.535771 -0.083118
v -0.112190 0.538548 -0.082781
v -0.108335 0.540412 -0.082986
v -0.104513 0.541481 -0.083662
f 1253 1254 1255
f 1253 1255 1254
f 1253 1255 1256
f 1253 1256 1255
f 1253 1256 1257
f 1253 1257 1256
f 1253 1257 1258
f 1253 1258 1257
f 1253 1258 1259
f 1253 1259 1258
f 1253 1259 1260
f 1253 1260 1259
f 1253 1260 1261
f 1253 1261 1260
f 1253 1261 1262
f 1253 1262 1261
f 1253 1262 1263
f 1253 1263 1262
f 1253 1263 1264
f 1253 1264 1263
f 1253 1264 1265
f 1253 1265 1264
f 1253 1265 1266
f 1253 1266 1265
f 1253 1266 1267
f 1253 1267 1266
f 1253 1267 1268
f 1253 1268 1267
f 1253 1268 1269
f 1253 1269 1268
f 1253 1269 1270
f 1253 1270 1269
f 1253 1270 1271
f 1253 1271 1270
f 1253 1271 1272
f 1253 1272 1271
f 1253 1272 1273
f 1253 1273 1272
f 1253 1273 1274
f 1253 1274 1273
f 1253 1274 1275
f 1253 1275 1274
f 1253 1275 1276
f 1253 1276 1275
f 1253 1276 1277
f 1253 1277 1276
f 1253 1277 1278
f 1253 1278 1277
f 1253 1278 1279
f 1253 1279 1278
f 1253 1279 1280
f 1253 1280 1279
f 1253 1280 1281
f 1253 1281 1280
f 1253 1281 1282
f 1253 1282 1281
f 1253 1282 1283
f 1253 1283 1282
f 1253 1283 1284
f 1253 1284 1283
f 1253 1284 1285
f 1253 1285 1284
f 1253 1285 1286
f 1253 1286 1285
f 1253 1286 1287
f 1253 1287 1286
f 1253 1287 1288
f 1253 1288 1287
f 1253 1288 1289
f 1253 1289 1288
f 1253 1289 1290
f 1253 1290 1289
f 1253 1290 1291
f 1253 1291 1290
f 1253 1291 1292
f 1253 1292 1291
f 1253 1292 1293
f 1253 1293 1292
f 1253 1293 1294
f 1253 1294 1293
f 1253 1294 1295
f 1253 1295 1294
f 1253 1295 1296
f 1253 1296 1295
f 1253 1296 1297
f 1253 1297 1296
f 1253 1297 1298
f 1253 1298 1297
v -0.100712 0.542044 -0.084638
v -0.096050 0.540881 -0.083207
v -0.091388 0.538885 -0.082271
v -0.086725 0.535803 -0.081980
v -0.082061 0.531609 -0.082350
v -0.077397 0.526463 -0.083284
v -0.072732 0.520675 -0.084599
v -0.068068 0.514660 -0.086049
v -0.063403 0.508889 -0.087354
v -0.058739 0.503830 -0.088237
v -0.054075 0.499892 -0.088454
v -0.049413 0.497377 -0.087826
v -0.044751 0.496448 -0.086257
v -0.040090 0.497105 -0.083746
v -0.035430 0.499185 -0.080390
v -0.030771 0.502386 -0.076369
v -0.026112 0.506299 -0.071925
v -0.021453 0.510456 -0.067336
v -0.016794 0.514386 -0.062882
v -0.012135 0.517674 -0.058809
v -0.007475 0.520010 -0.055301
v -0.002815 0.521234 -0.052453
v 0.001846 0.521372 -0.050250
v 0.006508 0.520677 -0.048542
v 0.001846 0.521841 -0.049972
v -0.002816 0.523837 -0.050908
v -0.007479 0.526919 -0.051199
v -0.012143 0.531113 -0.050830
v -0.016807 0.536259 -0.049895
v -0.021472 0.542047 -0.048580
v -0.026137 0.548062 -0.047130
v -0.030801 0.553833 -0.045825
v -0.035465 0.558892 -0.044942
v -0.040129 0.562830 -0.044725
v -0.044792 0.565344 -0.045353
v -0.049453 0.566273 -0.046922
v -0.054114 0.565617 -0.049433
v -0.058774 0.563537 -0.052789
v -0.063434 0.560336 -0.056811
v -0.068092 0.556423 -0.061255
v -0.072751 0.552266 -0.065843
v -0.077410 0.548336 -0.070298
v -0.082069 0.545048 -0.074370
v -0.086729 0.542712 -0.077878
v -0.091390 0.541487 -0.080726
v -0.096051 0.541350 -0.082929
f 1299 1300 1301
f 1299 1301 1300
f 1299 1301 1302
f 1299 1302 1301
f 1299 1302 1303
f 1299 1303 1302
f 1299 1303 1304
f 1299 1304 1303
f 1299 1304 1305
f 1299 1305 1304
f 1299 1305 1306
f 1299 1306 1305
f 1299 1306 1307
f 1299 1307 1306
f 1299 1307 1308
f 1299 1308 1307
f 1299 1308 1309
f 1299 1309 1308
f 1299 1309 1310
f 1299 1310 1309
f 1299 1310 1311
f 1299 1311 1310
f 1299 1311 1312
f 1299 1312 1311
f 1299 1312 1313
f 1299 1313 1312
f 1299 1313 1314
f 1299 1314 1313
f 1299 1314 1315
f 1299 1315 1314
f 1299 1315 1316
f 1299 1316 1315
f 1299 1316 1317
f 1299 1317 1316
f 1299 1317 1318
f 1299 1318 1317
f 1299 1318 1319
f 1299 1319 1318
f 1299 1319 1320
f 1299 1320 1319
f 1299 1320 1321
f 1299 1321 1320
f 1299 1321 1322
f 1299 1322 1321
f 1299 1322 1323
f 1299 1323 1322
f 1299 1323 1324
f 1299 1324 1323
f 1299 1324 1325
f 1299 1325 1324
f 1299 1325 1326
f 1299 1326 1325
f 1299 1326 1327
f 1299 1327 1326
f 1299 1327 1328
f 1299 1328 1327
f 1299 1328 1329
f 1299 1329 1328
f 1299 1329 1330
f 1299 1330 1329
f 1299 1330 1331
f 1299 1331 1330
f 1299 1331 1332
f 1299 1332 1331
f 1299 1332 1333
f 1299 1333 1332
f 1299 1333 1334
f 1299 1334 1333
f 1299 1334 1335
f 1299 1335 1334
f 1299 1335 1336
f 1299 1336 1335
f 1299 1336 1337
f 1299 1337 1336
f 1299 1337 1338
f 1299 1338 1337
f 1299 1338 1339
f 1299 1339 1338
f 1299 1339 1340
f 1299 1340 1339
f 1299 1340 1341
f 1299 1341 1340
f 1299 1341 1342
f 1299 1342 1341
f 1299 1342 1343
f 1299 1343 1342
f 1299 1343 1344
f 1299 1344 1343
v -0.101004 0.516527 -0.032341
v -0.096275 0.519764 -0.033413
v -0.092787 0.521764 -0.037634
v -0.091871 0.521764 -0.043391
v -0.093878 0.519764 -0.048486
v -0.098041 0.516527 -0.050973
v -0.102770 0.513291 -0.049901
v -0.106258 0.511290 -0.045680
v -0.107174 0.511290 -0.039922
v -0.105167 0.513291 -0.034827
v -0.128510 0.555933 -0.039772
v -0.125294 0.558134 -0.040501
v -0.122922 0.559494 -0.043371
v -0.122300 0.559494 -0.047286
v -0.123664 0.558134 -0.050751
v -0.126495 0.555933 -0.052442
v -0.129711 0.553732 -0.051713
v -0.132083 0.552371 -0.048842
v -0.132706 0.552371 -0.044927
v -0.131341 0.553732 -0.041463
f 1345 1346 1356
f 1345 1356 1355
f 1346 1347 1357
f 1346 1357 1356
f 1347 1348 1358
f 1347 1358 1357
f 1348 1349 1359
f 1348 1359 1358
f 1349 1350 1360
f 1349 1360 1359
f 1350 1351 1361
f 1350 1361 1360
f 1351 1352 1362
f 1351 1362 1361
f 1352 1353 1363
f 1352 1363 1362
f 1353 1354 1364
f 1353 1364 1363
f 1354 1345 1355
f 1354 1355 1364
v -0.127503 0.555933 -0.046107
v -0.126528 0.555603 -0.042606
v -0.125006 0.555653 -0.039188
v -0.122742 0.556218 -0.035881
v -0.119702 0.557320 -0.032691
v -0.115985 0.558892 -0.029602
v -0.111799 0.560788 -0.026584
v -0.107434 0.562808 -0.023593
v -0.103222 0.564723 -0.020579
v -0.099496 0.566300 -0.017491
v -0.096552 0.567336 -0.014287
v -0.094608 0.567678 -0.010932
v -0.093780 0.567247 -0.007409
v -0.094068 0.566043 -0.003719
v -0.095357 0.564145 0.000122
v -0.097426 0.561706 0.004080
v -0.099982 0.558930 0.008111
v -0.102691 0.556047 0.012165
v -0.105221 0.553289 0.016192
v -0.107282 0.550855 0.020149
v -0.108666 0.548891 0.024004
v -0.109275 0.547465 0.027742
v -0.109141 0.546553 0.031369
v -0.108459 0.546020 0.034914
v -0.109434 0.546350 0.031413
v -0.110956 0.546300 0.027995
v -0.113220 0.545735 0.024688
v -0.116260 0.544633 0.021497
v -0.119977 0.543061 0.018409
v -0.124163 0.541165 0.015391
v -0.128528 0.539145 0.012400
v -0.132740 0.537230 0.009385
v -0.136465 0.535653 0.006298
v -0.139409 0.534617 0.003093
v -0.141354 0.534275 -0.000262
v -0.142182 0.534706 -0.003784
v -0.141893 0.535910 -0.007474
v -0.140605 0.537808 -0.011315
v -0.138536 0.540247 -0.015273
v -0.135980 0.543023 -0.019304
v -0.133271 0.545906 -0.023358
v -0.130741 0.548664 -0.027385
v -0.128679 0.551098 -0.031342
v -0.127295 0.553062 -0.035197
v -0.126687 0.554488 -0.038935
v -0.126821 0.555400 -0.042562
f 1365 1366 1367
f 1365 1367 1366
f 1365 1367 1368
f 1365 1368 1367
f 1365 1368 1369
f 1365 1369 1368
f 1365 1369 1370
f 1365 1370 1369
f 1365 1370 1371
f 1365 1371 1370
f 1365 1371 1372
f 1365 1372 1371
f 1365 1372 1373
f 1365 1373 1372
f 1365 1373 1374
f 1365 1374 1373
f 1365 1374 1375
f 1365 1375 1374
f 1365 1375 1376
f 1365 1376 1375
f 1365 1376 1377
f 1365 1377 1376
f 1365 1377 1378
f 1365 1378 1377
f 1365 1378 1379
f 1365 1379 1378
f 1365 1379 1380
f 1365 1380 1379
f 1365 1380 1381
f 1365 1381 1380
f 1365 1381 1382
f 1365 1382 1381
f 1365 1382 1383
f 1365 1383 1382
f 1365 1383 1384
f 1365 1384 1383
f 1365 1384 1385
f 1365 1385 1384
f 1365 1385 1386
f 1365 1386 1385
f 1365 1386 1387
f 1365 1387 1386
f 1365 1387 1388
f 1365 1388 1387
f 1365 1388 1389
f 1365 1389 1388
f 1365 1389 1390
f 1365 1390 1389
f 1365 1390 1391
f 1365 1391 1390
f 1365 1391 1392
f 1365 1392 1391
f 1365 1392 1393
f 1365 1393 1392
f 1365 1393 1394
f 1365 1394 1393
f 1365 1394 1395
f 1365 1395 1394
f 1365 1395 1396
f 1365 1396 1395
f 1365 1396 1397
f 1365 1397 1396
f 1365 1397 1398
f 1365 1398 1397
f 1365 1398 1399
f 1365 1399 1398
f 1365 1399 1400
f 1365 1400 1399
f 1365 1400 1401
f 1365 1401 1400
f 1365 1401 1402
f 1365 1402 1401
f 1365 1402 1403
f 1365 1403 1402
f 1365 1403 1404
f 1365 1404 1403
f 1365 1404 1405
f 1365 1405 1404
f 1365 1405 1406
f 1365 1406 1405
f 1365 1406 1407
f 1365 1407 1406
f 1365 1407 1408
f 1365 1408 1407
f 1365 1408 1409
f 1365 1409 1408
f 1365 1409 1410
f 1365 1410 1409
v -0.127503 0.555933 -0.046107
v -0.124157 0.556098 -0.048669
v -0.120959 0.556135 -0.051436
v -0.118125 0.555858 -0.054707
v -0.115849 0.555097 -0.058750
v -0.114234 0.553762 -0.063711
v -0.113247 0.551884 -0.069542
v -0.112704 0.549621 -0.075988
v -0.112294 0.547242 -0.082618
v -0.111632 0.545082 -0.088899
v -0.110334 0.543474 -0.094299
v -0.108089 0.542685 -0.098387
v -0.104727 0.542865 -0.100926
v -0.100246 0.544014 -0.101915
v -0.094820 0.545982 -0.101593
v -0.088757 0.548503 -0.100390
v -0.082443 0.551241 -0.098838
v -0.076261 0.553864 -0.097470
v -0.070523 0.556102 -0.096716
v -0.065413 0.557797 -0.096833
v -0.060964 0.558918 -0.097867
v -0.057074 0.559555 -0.099674
v -0.053547 0.559878 -0.101984
v -0.050168 0.560073 -0.104500
v -0.053514 0.559907 -0.101938
v -0.056711 0.559870 -0.099171
v -0.059546 0.560148 -0.095901
v -0.061822 0.560909 -0.091857
v -0.063436 0.562243 -0.086896
v -0.064423 0.564122 -0.081065
v -0.064966 0.566385 -0.074619
v -0.065377 0.568763 -0.067989
v -0.066039 0.570923 -0.061708
v -0.067337 0.572532 -0.056309
v -0.069581 0.573321 -0.052220
v -0.072943 0.573141 -0.049681
v -0.077424 0.571992 -0.048692
v -0.082850 0.570023 -0.049014
v -0.088913 0.567503 -0.050217
v -0.095228 0.564765 -0.051769
v -0.101409 0.562142 -0.053137
v -0.107147 0.559903 -0.053891
v -0.112258 0.558209 -0.053774
v -0.116706 0.557087 -0.052740
v -0.120596 0.556450 -0.050933
v -0.124124 0.556127 -0.048623
f 1411 1412 1413
f 1411 1413 1412
f 1411 1413 1414
f 1411 1414 1413
f 1411 1414 1415
f 1411 1415 1414
f 1411 1415 1416
f 1411 1416 1415
f 1411 1416 1417
f 1411 1417 1416
f 1411 1417 1418
f 1411 1418 1417
f 1411 1418 1419
f 1411 1419 1418
f 1411 1419 1420
f 1411 1420 1419
f 1411 1420 1421
f 1411 1421 1420
f 1411 1421 1422
f 1411 1422 1421
f 1411 1422 1423
f 1411 1423 1422
f 1411 1423 1424
f 1411 1424 1423
f 1411 1424 1425
f 1411 1425 1424
f 1411 1425 1426
f 1411 1426 1425
f 1411 1426 1427
f 1411 1427 1426
f 1411 1427 1428
f 1411 1428 1427
f 1411 1428 1429
f 1411 1429 1428
f 1411 1429 1430
f 1411 1430 1429
f 1411 1430 1431
f 1411 1431 1430
f 1411 1431 1432
f 1411 1432 1431
f 1411 1432 1433
f 1411 1433 1432
f 1411 1433 1434
f 1411 1434 1433
f 1411 1434 1435
f 1411 1435 1434
f 1411 1435 1436
f 1411 1436 1435
f 1411 1436 1437
f 1411 1437 1436
f 1411 1437 1438
f 1411 1438 1437
f 1411 1438 1439
f 1411 1439 1438
f 1411 1439 1440
f 1411 1440 1439
f 1411 1440 1441
f 1411 1441 1440
f 1411 1441 1442
f 1411 1442 1441
f 1411 1442 1443
f 1411 1443 1442
f 1411 1443 1444
f 1411 1444 1443
f 1411 1444 1445
f 1411 1445 1444
f 1411 1445 1446
f 1411 1446 1445
f 1411 1446 1447
f 1411 1447 1446
f 1411 1447 1448
f 1411 1448 1447
f 1411 1448 1449
f 1411 1449 1448
f 1411 1449 1450
f 1411 1450 1449
f 1411 1450 1451
f 1411 1451 1450
f 1411 1451 1452
f 1411 1452 1451
f 1411 1452 1453
f 1411 1453 1452
f 1411 1453 1454
f 1411 1454 1453
f 1411 1454 1455
f 1411 1455 1454
f 1411 1455 1456
f 1411 1456 1455
v -0.127503 0.555933 -0.046107
v -0.128543 0.553699 -0.049527
v -0.129903 0.551262 -0.052727
v -0.131885 0.548433 -0.055498
v -0.134691 0.545083 -0.057700
v -0.138365 0.541184 -0.059304
v -0.142779 0.536817 -0.060397
v -0.147640 0.532168 -0.061183
v -0.152537 0.527495 -0.061943
v -0.157006 0.523094 -0.062998
v -0.160607 0.519241 -0.064652
v -0.162996 0.516154 -0.067142
v -0.163987 0.513951 -0.070597
v -0.163578 0.512633 -0.075016
v -0.161958 0.512081 -0.080271
v -0.159470 0.512077 -0.086126
v -0.156554 0.512344 -0.092275
v -0.153674 0.512588 -0.098399
v -0.151241 0.512550 -0.104215
v -0.149548 0.512044 -0.109521
v -0.148723 0.510989 -0.114228
v -0.148722 0.509413 -0.118366
v -0.149343 0.507444 -0.122076
v -0.150283 0.505273 -0.125565
v -0.149243 0.507507 -0.122145
v -0.147883 0.509943 -0.118945
v -0.145901 0.512773 -0.116174
v -0.143095 0.516123 -0.113971
v -0.139421 0.520022 -0.112368
v -0.135007 0.524389 -0.111274
v -0.130146 0.529038 -0.110489
v -0.125249 0.533710 -0.109729
v -0.120780 0.538112 -0.108674
v -0.117179 0.541965 -0.107020
v -0.114790 0.545052 -0.104530
v -0.113799 0.547254 -0.101075
v -0.114208 0.548573 -0.096656
v -0.115828 0.549125 -0.091400
v -0.118316 0.549129 -0.085546
v -0.121232 0.548861 -0.079397
v -0.124112 0.548617 -0.073273
v -0.126545 0.548656 -0.067457
v -0.128238 0.549162 -0.062151
v -0.129063 0.550217 -0.057444
v -0.129064 0.551793 -0.053305
v -0.128443 0.553762 -0.049596
f 1457 1458 1459
f 1457 1459 1458
f 1457 1459 1460
f 1457 1460 1459
f 1457 1460 1461
f 1457 1461 1460
f 1457 1461 1462
f 1457 1462 1461
f 1457 1462 1463
f 1457 1463 1462
f 1457 1463 1464
f 1457 1464 1463
f 1457 1464 1465
f 1457 1465 1464
f 1457 1465 1466
f 1457 1466 1465
f 1457 1466 1467
f 1457 1467 1466
f 1457 1467 1468
f 1457 1468 1467
f 1457 1468 1469
f 1457 1469 1468
f 1457 1469 1470
f 1457 1470 1469
f 1457 1470 1471
f 1457 1471 1470
f 1457 1471 1472
f 1457 1472 1471
f 1457 1472 1473
f 1457 1473 1472
f 1457 1473 1474
f 1457 1474 1473
f 1457 1474 1475
f 1457 1475 1474
f 1457 1475 1476
f 1457 1476 1475
f 1457 1476 1477
f 1457 1477 1476
f 1457 1477 1478
f 1457 1478 1477
f 1457 1478 1479
f 1457 1479 1478
f 1457 1479 1480
f 1457 1480 1479
f 1457 1480 1481
f 1457 1481 1480
f 1457 1481 1482
f 1457 1482 1481
f 1457 1482 1483
f 1457 1483 1482
f 1457 1483 1484
f 1457 1484 1483
f 1457 1484 1485
f 1457 1485 1484
f 1457 1485 1486
f 1457 1486 1485
f 1457 1486 1487
f 1457 1487 1486
f 1457 1487 1488
f 1457 1488 1487
f 1457 1488 1489
f 1457 1489 1488
f 1457 1489 1490
f 1457 1490 1489
f 1457 1490 1491
f 1457 1491 1490
f 1457 1491 1492
f 1457 1492 1491
f 1457 1492 1493
f 1457 1493 1492
f 1457 1493 1494
f 1457 1494 1493
f 1457 1494 1495
f 1457 1495 1494
f 1457 1495 1496
f 1457 1496 1495
f 1457 1496 1497
f 1457 1497 1496
f 1457 1497 1498
f 1457 1498 1497
f 1457 1498 1499
f 1457 1499 1498
f 1457 1499 1500
f 1457 1500 1499
f 1457 1500 1501
f 1457 1501 1500
f 1457 1501 1502
f 1457 1502 1501
v -0.101425 0.516527 -0.050896
v -0.105818 0.519203 -0.048152
v -0.107806 0.520857 -0.042927
v -0.106630 0.520857 -0.037217
v -0.102739 0.519203 -0.033203
v -0.097620 0.516527 -0.032418
v -0.093227 0.513851 -0.035162
v -0.091239 0.512197 -0.040387
v -0.092415 0.512197 -0.046097
v -0.096306 0.513851 -0.050111
v -0.077762 0.559242 -0.052688
v -0.080749 0.561062 -0.050822
v -0.082101 0.562186 -0.047269
v -0.081301 0.562186 -0.043386
v -0.078655 0.561062 -0.040656
v -0.075174 0.559242 -0.040122
v -0.072187 0.557422 -0.041988
v -0.070835 0.556298 -0.045541
v -0.071634 0.556298 -0.049424
v -0.074280 0.557422 -0.052154
f 1503 1504 1514
f 1503 1514 1513
f 1504 1505 1515
f 1504 1515 1514
f 1505 1506 1516
f 1505 1516 1515
f 1506 1507 1517
f 1506 1517 1516
f 1507 1508 1518
f 1507 1518 1517
f 1508 1509 1519
f 1508 1519 1518
f 1509 1510 1520
f 1509 1520 1519
f 1510 1511 1521
f 1510 1521 1520
f 1511 1512 1522
f 1511 1522 1521
f 1512 1503 1513
f 1512 1513 1522
v -0.076468 0.559242 -0.046405
v -0.077389 0.556432 -0.051196
v -0.079394 0.554181 -0.056215
v -0.082671 0.552587 -0.061500
v -0.087160 0.551620 -0.067039
v -0.092627 0.551156 -0.072783
v -0.098700 0.551006 -0.078654
v -0.104919 0.550932 -0.084555
v -0.110790 0.550678 -0.090384
v -0.115832 0.549996 -0.096039
v -0.119634 0.548673 -0.101434
v -0.121894 0.546554 -0.106506
v -0.122454 0.543557 -0.111221
v -0.121313 0.539682 -0.115580
v -0.118631 0.535010 -0.119617
v -0.114708 0.529698 -0.123393
v -0.109957 0.523958 -0.126996
v -0.104856 0.518038 -0.130525
v -0.099903 0.512194 -0.134086
v -0.095556 0.506662 -0.137773
v -0.092186 0.501636 -0.141665
v -0.090029 0.497236 -0.145812
v -0.089143 0.493492 -0.150224
v -0.089341 0.490308 -0.154864
v -0.088420 0.493118 -0.150073
v -0.086414 0.495369 -0.145054
v -0.083138 0.496963 -0.139769
v -0.078648 0.497930 -0.134230
v -0.073182 0.498394 -0.128486
v -0.067109 0.498544 -0.122616
v -0.060889 0.498618 -0.116714
v -0.055019 0.498872 -0.110885
v -0.049977 0.499554 -0.105231
v -0.046175 0.500877 -0.099836
v -0.043915 0.502996 -0.094764
v -0.043355 0.505993 -0.090048
v -0.044496 0.509868 -0.085689
v -0.047178 0.514540 -0.081652
v -0.051101 0.519852 -0.077876
v -0.055852 0.525592 -0.074273
v -0.060952 0.531512 -0.070744
v -0.065905 0.537356 -0.067183
v -0.070252 0.542888 -0.063496
v -0.073622 0.547914 -0.059604
v -0.075780 0.552314 -0.055458
v -0.076666 0.556058 -0.051045
f 1523 1524 1525
f 1523 1525 1524
f 1523 1525 1526
f 1523 1526 1525
f 1523 1526 1527
f 1523 1527 1526
f 1523 1527 1528
f 1523 1528 1527
f 1523 1528 1529
f 1523 1529 1528
f 1523 1529 1530
f 1523 1530 1529
f 1523 1530 1531
f 1523 1531 1530
f 1523 1531 1532
f 1523 1532 1531
f 1523 1532 1533
f 1523 1533 1532
f 1523 1533 1534
f 1523 1534 1533
f 1523 1534 1535
f 1523 1535 1534
f 1523 1535 1536
f 1523 1536 1535
f 1523 1536 1537
f 1523 1537 1536
f 1523 1537 1538
f 1523 1538 1537
f 1523 1538 1539
f 1523 1539 1538
f 1523 1539 1540
f 1523 1540 1539
f 1523 1540 1541
f 1523 1541 1540
f 1523 1541 1542
f 1523 1542 1541
f 1523 1542 1543
f 1523 1543 1542
f 1523 1543 1544
f 1523 1544 1543
f 1523 1544 1545
f 1523 1545 1544
f 1523 1545 1546
f 1523 1546 1545
f 1523 1546 1547
f 1523 1547 1546
f 1523 1547 1548
f 1523 1548 1547
f 1523 1548 1549
f 1523 1549 1548
f 1523 1549 1550
f 1523 1550 1549
f 1523 1550 1551
f 1523 1551 1550
f 1523 1551 1552
f 1523 1552 1551
f 1523 1552 1553
f 1523 1553 1552
f 1523 1553 1554
f 1523 1554 1553
f 1523 1554 1555
f 1523 1555 1554
f 1523 1555 1556
f 1523 1556 1555
f 1523 1556 1557
f 1523 1557 1556
f 1523 1557 1558
f 1523 1558 1557
f 1523 1558 1559
f 1523 1559 1558
f 1523 1559 1560
f 1523 1560 1559
f 1523 1560 1561
f 1523 1561 1560
f 1523 1561 1562
f 1523 1562 1561
f 1523 1562 1563
f 1523 1563 1562
f 1523 1563 1564
f 1523 1564 1563
f 1523 1564 1565
f 1523 1565 1564
f 1523 1565 1566
f 1523 1566 1565
f 1523 1566 1567
f 1523 1567 1566
f 1523 1567 1568
f 1523 1568 1567
v -0.076468 0.559242 -0.046405
v -0.076806 0.558111 -0.043155
v -0.076466 0.556614 -0.039900
v -0.075338 0.554692 -0.036639
v -0.073464 0.552368 -0.033372
v -0.070990 0.549721 -0.030101
v -0.068148 0.546876 -0.026827
v -0.065221 0.543984 -0.023552
v -0.062514 0.541211 -0.020279
v -0.060319 0.538715 -0.017010
v -0.058891 0.536631 -0.013746
v -0.058412 0.535059 -0.010490
v -0.058980 0.534052 -0.007242
v -0.060594 0.533608 -0.004001
v -0.063158 0.533676 -0.000768
v -0.066488 0.534156 0.002459
v -0.070331 0.534913 0.005683
v -0.074394 0.535789 0.008904
v -0.078371 0.536618 0.012127
v -0.081980 0.537249 0.015352
v -0.084991 0.537558 0.018582
v -0.087254 0.537464 0.021817
v -0.088729 0.536945 0.025058
v -0.089526 0.536060 0.028305
v -0.089188 0.537192 0.025055
v -0.089528 0.538689 0.021800
v -0.090656 0.540611 0.018539
v -0.092530 0.542935 0.015272
v -0.095004 0.545582 0.012001
v -0.097846 0.548427 0.008726
v -0.100773 0.551318 0.005452
v -0.103480 0.554091 0.002179
v -0.105675 0.556587 -0.001091
v -0.107103 0.558671 -0.004354
v -0.107582 0.560243 -0.007610
v -0.107014 0.561251 -0.010858
v -0.105400 0.561695 -0.014099
v -0.102836 0.561627 -0.017332
v -0.099506 0.561146 -0.020559
v -0.095663 0.560389 -0.023783
v -0.091600 0.559514 -0.027004
v -0.087623 0.558684 -0.030227
v -0.084014 0.558053 -0.033452
v -0.081003 0.557745 -0.036682
v -0.078740 0.557839 -0.039917
v -0.077265 0.558358 -0.043159
f 1569 1570 1571
f 1569 1571 1570
f 1569 1571 1572
f 1569 1572 1571
f 1569 1572 1573
f 1569 1573 1572
f 1569 1573 1574
f 1569 1574 1573
f 1569 1574 1575
f 1569 1575 1574
f 1569 1575 1576
f 1569 1576 1575
f 1569 1576 1577
f 1569 1577 1576
f 1569 1577 1578
f 1569 1578 1577
f 1569 1578 1579
f 1569 1579 1578
f 1569 1579 1580
f 1569 1580 1579
f 1569 1580 1581
f 1569 1581 1580
f 1569 1581 1582
f 1569 1582 1581
f 1569 1582 1583
f 1569 1583 1582
f 1569 1583 1584
f 1569 1584 1583
f 1569 1584 1585
f 1569 1585 1584
f 1569 1585 1586
f 1569 1586 1585
f 1569 1586 1587
f 1569 1587 1586
f 1569 1587 1588
f 1569 1588 1587
f 1569 1588 1589
f 1569 1589 1588
f 1569 1589 1590
f 1569 1590 1589
f 1569 1590 1591
f 1569 1591 1590
f 1569 1591 1592
f 1569 1592 1591
f 1569 1592 1593
f 1569 1593 1592
f 1569 1593 1594
f 1569 1594 1593
f 1569 1594 1595
f 1569 1595 1594
f 1569 1595 1596
f 1569 1596 1595
f 1569 1596 1597
f 1569 1597 1596
f 1569 1597 1598
f 1569 1598 1597
f 1569 1598 1599
f 1569 1599 1598
f 1569 1599 1600
f 1569 1600 1599
f 1569 1600 1601
f 1569 1601 1600
f 1569 1601 1602
f 1569 1602 1601
f 1569 1602 1603
f 1569 1603 1602
f 1569 1603 1604
f 1569 1604 1603
f 1569 1604 1605
f 1569 1605 1604
f 1569 1605 1606
f 1569 1606 1605
f 1569 1606 1607
f 1569 1607 1606
f 1569 1607 1608
f 1569 1608 1607
f 1569 1608 1609
f 1569 1609 1608
f 1569 1609 1610
f 1569 1610 1609
f 1569 1610 1611
f 1569 1611 1610
f 1569 1611 1612
f 1569 1612 1611
f 1569 1612 1613
f 1569 1613 1612
f 1569 1613 1614
f 1569 1614 1613
v 0.019999 0.300000 0.004027
v 0.018090 0.307074 -0.006234
v 0.009272 0.311446 -0.014113
v -0.003088 0.311446 -0.016602
v -0.014268 0.307074 -0.012749
v -0.019999 0.300000 -0.004027
v -0.018090 0.292926 0.006234
v -0.009272 0.288554 0.014113
v 0.003088 0.288554 0.016602
v 0.014268 0.292926 0.012749
v -0.004888 0.428192 0.094558
v -0.006185 0.433003 0.087581
v -0.012182 0.435976 0.082223
v -0.020587 0.435976 0.080531
v -0.028189 0.433003 0.083151
v -0.032086 0.428192 0.089082
v -0.030788 0.423382 0.096059
v -0.024792 0.420409 0.101417
v -0.016387 0.420409 0.103109
v -0.008784 0.423382 0.100489
f 1615 1616 1626
f 1615 1626 1625
f 1616 1617 1627
f 1616 1627 1626
f 1617 1618 1628
f 1617 1628 1627
f 1618 1619 1629
f 1618 1629 1628
f 1619 1620 1630
f 1619 1630 1629
f 1620 1621 1631
f 1620 1631 1630
f 1621 1622 1632
f 1621 1632 1631
f 1622 1623 1633
f 1622 1633 1632
f 1623 1624 1634
f 1623 1634 1633
f 1624 1615 1625
f 1624 1625 1634
v -0.005527 0.428192 0.096766
v -0.006793 0.435608 0.092654
v -0.012526 0.440192 0.088224
v -0.020536 0.440192 0.085167
v -0.027763 0.435608 0.084652
v -0.031447 0.428192 0.086874
v -0.030181 0.420777 0.090985
v -0.024447 0.416193 0.095416
v -0.016437 0.416193 0.098472
v -0.009210 0.420777 0.098988
v -0.040823 0.468126 0.176808
v -0.041684 0.473168 0.174012
v -0.045583 0.476285 0.170999
v -0.051030 0.476285 0.168921
v -0.055944 0.473168 0.168570
v -0.058449 0.468126 0.170081
v -0.057588 0.463083 0.172877
v -0.053689 0.459966 0.175890
v -0.048242 0.459966 0.177968
v -0.043328 0.463083 0.178319
f 1635 1636 1646
f 1635 1646 1645
f 1636 1637 1647
f 1636 1647 1646
f 1637 1638 1648
f 1637 1648 1647
f 1638 1639 1649
f 1638 1649 1648
f 1639 1640 1650
f 1639 1650 1649
f 1640 1641 1651
f 1640 1651 1650
f 1641 1642 1652
f 1641 1652 1651
f 1642 1643 1653
f 1642 1653 1652
f 1643 1644 1654
f 1643 1654 1653
f 1644 1635 1645
f 1644 1645 1654
v -0.049636 0.468126 0.173444
v -0.045950 0.468055 0.173981
v -0.042234 0.468280 0.174384
v -0.038457 0.469137 0.174502
v -0.034592 0.470884 0.174217
v -0.030631 0.473617 0.173487
v -0.026583 0.477228 0.172361
v -0.022480 0.481409 0.170976
v -0.018366 0.485696 0.169544
v -0.014295 0.489544 0.168310
v -0.010319 0.492427 0.167513
v -0.006479 0.493927 0.167340
v -0.002796 0.493817 0.167894
v 0.000729 0.492095 0.169177
v 0.004118 0.488992 0.171084
v 0.007412 0.484923 0.173427
v 0.010664 0.480415 0.175969
v 0.013925 0.476013 0.178462
v 0.017243 0.472181 0.180698
v 0.020647 0.469227 0.182538
v 0.024147 0.467260 0.183932
v 0.027735 0.466181 0.184924
v 0.031385 0.465736 0.185630
v 0.035064 0.465585 0.186203
v 0.031377 0.465655 0.185666
v 0.027662 0.465430 0.185263
v 0.023884 0.464573 0.185145
v 0.020019 0.462826 0.185430
v 0.016058 0.460094 0.186160
v 0.012011 0.456483 0.187286
v 0.007907 0.452301 0.188671
v 0.003793 0.448015 0.190103
v -0.000277 0.444166 0.191337
v -0.004253 0.441284 0.192134
v -0.008094 0.439783 0.192307
v -0.011777 0.439894 0.191753
v -0.015301 0.441615 0.190470
v -0.018690 0.444719 0.188563
v -0.021985 0.448788 0.186220
v -0.025236 0.453296 0.183678
v -0.028498 0.457698 0.181185
v -0.031816 0.461530 0.178949
v -0.035220 0.464483 0.177109
v -0.038720 0.466451 0.175715
v -0.042308 0.467529 0.174724
v -0.045957 0.467975 0.174017
f 1655 1656 1657
f 1655 1657 1656
f 1655 1657 1658
f 1655 1658 1657
f 1655 1658 1659
f 1655 1659 1658
f 1655 1659 1660
f 1655 1660 1659
f 1655 1660 1661
f 1655 1661 1660
f 1655 1661 1662
f 1655 1662 1661
f 1655 1662 1663
f 1655 1663 1662
f 1655 1663 1664
f 1655 1664 1663
f 1655 1664 1665
f 1655 1665 1664
f 1655 1665 1666
f 1655 1666 1665
f 1655 1666 1667
f 1655 1667 1666
f 1655 1667 1668
f 1655 1668 1667
f 1655 1668 1669
f 1655 1669 1668
f 1655 1669 1670
f 1655 1670 1669
f 1655 1670 1671
f 1655 1671 1670
f 1655 1671 1672
f 1655 1672 1671
f 1655 1672 1673
f 1655 1673 1672
f 1655 1673 1674
f 1655 1674 1673
f 1655 1674 1675
f 1655 1675 1674
f 1655 1675 1676
f 1655 1676 1675
f 1655 1676 1677
f 1655 1677 1676
f 1655 1677 1678
f 1655 1678 1677
f 1655 1678 1679
f 1655 1679 1678
f 1655 1679 1680
f 1655 1680 1679
f 1655 1680 1681
f 1655 1681 1680
f 1655 1681 1682
f 1655 1682 1681
f 1655 1682 1683
f 1655 1683 1682
f 1655 1683 1684
f 1655 1684 1683
f 1655 1684 1685
f 1655 1685 1684
f 1655 1685 1686
f 1655 1686 1685
f 1655 1686 1687
f 1655 1687 1686
f 1655 1687 1688
f 1655 1688 1687
f 1655 1688 1689
f 1655 1689 1688
f 1655 1689 1690
f 1655 1690 1689
f 1655 1690 1691
f 1655 1691 1690
f 1655 1691 1692
f 1655 1692 1691
f 1655 1692 1693
f 1655 1693 1692
f 1655 1693 1694
f 1655 1694 1693
f 1655 1694 1695
f 1655 1695 1694
f 1655 1695 1696
f 1655 1696 1695
f 1655 1696 1697
f 1655 1697 1696
f 1655 1697 1698
f 1655 1698 1697
f 1655 1698 1699
f 1655 1699 1698
f 1655 1699 1700
f 1655 1700 1699
v -0.049636 0.468126 0.173444
v -0.050876 0.469549 0.169861
v -0.052404 0.470741 0.166280
v -0.054534 0.471452 0.162705
v -0.057500 0.471494 0.159138
v -0.061381 0.470804 0.155580
v -0.066070 0.469467 0.152030
v -0.071275 0.467718 0.148485
v -0.076564 0.465901 0.144941
v -0.081436 0.464418 0.141393
v -0.085407 0.463656 0.137836
v -0.088097 0.463919 0.134266
v -0.089297 0.465374 0.130682
v -0.089006 0.468022 0.127083
v -0.087434 0.471694 0.123472
v -0.084961 0.476088 0.119852
v -0.082071 0.480815 0.116227
v -0.079266 0.485475 0.112604
v -0.076976 0.489722 0.108985
v -0.075493 0.493323 0.105375
v -0.074927 0.496192 0.101773
v -0.075196 0.498392 0.098180
v -0.076067 0.500110 0.094592
v -0.077226 0.501597 0.091008
v -0.075986 0.500174 0.094592
v -0.074459 0.498981 0.098173
v -0.072329 0.498271 0.101748
v -0.069363 0.498229 0.105314
v -0.065481 0.498919 0.108872
v -0.060792 0.500256 0.112422
v -0.055587 0.502005 0.115967
v -0.050298 0.503822 0.119511
v -0.045426 0.505305 0.123059
v -0.041455 0.506067 0.126616
v -0.038766 0.505804 0.130186
v -0.037566 0.504349 0.133770
v -0.037857 0.501701 0.137369
v -0.039429 0.498028 0.140980
v -0.041901 0.493635 0.144601
v -0.044791 0.488908 0.148225
v -0.047597 0.484248 0.151849
v -0.049887 0.480000 0.155467
v -0.051369 0.476399 0.159078
v -0.051936 0.473531 0.162679
v -0.051667 0.471331 0.166272
v -0.050795 0.469613 0.169860
f 1701 1702 1703
f 1701 1703 1702
f 1701 1703 1704
f 1701 1704 1703
f 1701 1704 1705
f 1701 1705 1704
f 1701 1705 1706
f 1701 1706 1705
f 1701 1706 1707
f 1701 1707 1706
f 1701 1707 1708
f 1701 1708 1707
f 1701 1708 1709
f 1701 1709 1708
f 1701 1709 1710
f 1701 1710 1709
f 1701 1710 1711
f 1701 1711 1710
f 1701 1711 1712
f 1701 1712 1711
f 1701 1712 1713
f 1701 1713 1712
f 1701 1713 1714
f 1701 1714 1713
f 1701 1714 1715
f 1701 1715 1714
f 1701 1715 1716
f 1701 1716 1715
f 1701 1716 1717
f 1701 1717 1716
f 1701 1717 1718
f 1701 1718 1717
f 1701 1718 1719
f 1701 1719 1718
f 1701 1719 1720
f 1701 1720 1719
f 1701 1720 1721
f 1701 1721 1720
f 1701 1721 1722
f 1701 1722 1721
f 1701 1722 1723
f 1701 1723 1722
f 1701 1723 1724
f 1701 1724 1723
f 1701 1724 1725
f 1701 1725 1724
f 1701 1725 1726
f 1701 1726 1725
f 1701 1726 1727
f 1701 1727 1726
f 1701 1727 1728
f 1701 1728 1727
f 1701 1728 1729
f 1701 1729 1728
f 1701 1729 1730
f 1701 1730 1729
f 1701 1730 1731
f 1701 1731 1730
f 1701 1731 1732
f 1701 1732 1731
f 1701 1732 1733
f 1701 1733 1732
f 1701 1733 1734
f 1701 1734 1733
f 1701 1734 1735
f 1701 1735 1734
f 1701 1735 1736
f 1701 1736 1735
f 1701 1736 1737
f 1701 1737 1736
f 1701 1737 1738
f 1701 1738 1737
f 1701 1738 1739
f 1701 1739 1738
f 1701 1739 1740
f 1701 1740 1739
f 1701 1740 1741
f 1701 1741 1740
f 1701 1741 1742
f 1701 1742 1741
f 1701 1742 1743
f 1701 1743 1742
f 1701 1743 1744
f 1701 1744 1743
f 1701 1744 1745
f 1701 1745 1744
f 1701 1745 1746
f 1701 1746 1745
v -0.049636 0.468126 0.173444
v -0.050353 0.465055 0.173044
v -0.050350 0.461558 0.173128
v -0.049785 0.457727 0.173589
v -0.048807 0.453652 0.174327
v -0.047578 0.449427 0.175234
v -0.046269 0.445156 0.176194
v -0.045052 0.440938 0.177094
v -0.044088 0.436871 0.177822
v -0.043521 0.433039 0.178284
v -0.043468 0.429512 0.178401
v -0.044011 0.426338 0.178118
v -0.045191 0.423543 0.177407
v -0.047009 0.421125 0.176267
v -0.049422 0.419060 0.174728
v -0.052348 0.417300 0.172843
v -0.055672 0.415776 0.170692
v -0.059250 0.414402 0.168370
v -0.062919 0.413082 0.165987
v -0.066508 0.411715 0.163657
v -0.069846 0.410199 0.161496
v -0.072772 0.408438 0.159613
v -0.075135 0.406343 0.158107
v -0.076778 0.403822 0.157084
v -0.076061 0.406893 0.157484
v -0.076064 0.410390 0.157401
v -0.076629 0.414221 0.156940
v -0.077607 0.418296 0.156202
v -0.078836 0.422521 0.155295
v -0.080145 0.426792 0.154334
v -0.081363 0.431010 0.153435
v -0.082326 0.435077 0.152706
v -0.082893 0.438909 0.152244
v -0.082946 0.442436 0.152127
v -0.082403 0.445609 0.152410
v -0.081223 0.448405 0.153122
v -0.079406 0.450823 0.154261
v -0.076992 0.452888 0.155801
v -0.074066 0.454648 0.157685
v -0.070742 0.456172 0.159837
v -0.067164 0.457546 0.162159
v -0.063495 0.458866 0.164542
v -0.059906 0.460233 0.166871
v -0.056568 0.461749 0.169032
v -0.053643 0.463510 0.170916
v -0.051279 0.465604 0.172422
f 1747 1748 1749
f 1747 1749 1748
f 1747 1749 1750
f 1747 1750 1749
f 1747 1750 1751
f 1747 1751 1750
f 1747 1751 1752
f 1747 1752 1751
f 1747 1752 1753
f 1747 1753 1752
f 1747 1753 1754
f 1747 1754 1753
f 1747 1754 1755
f 1747 1755 1754
f 1747 1755 1756
f 1747 1756 1755
f 1747 1756 1757
f 1747 1757 1756
f 1747 1757 1758
f 1747 1758 1757
f 1747 1758 1759
f 1747 1759 1758
f 1747 1759 1760
f 1747 1760 1759
f 1747 1760 1761
f 1747 1761 1760
f 1747 1761 1762
f 1747 1762 1761
f 1747 1762 1763
f 1747 1763 1762
f 1747 1763 1764
f 1747 1764 1763
f 1747 1764 1765
f 1747 1765 1764
f 1747 1765 1766
f 1747 1766 1765
f 1747 1766 1767
f 1747 1767 1766
f 1747 1767 1768
f 1747 1768 1767
f 1747 1768 1769
f 1747 1769 1768
f 1747 1769 1770
f 1747 1770 1769
f 1747 1770 1771
f 1747 1771 1770
f 1747 1771 1772
f 1747 1772 1771
f 1747 1772 1773
f 1747 1773 1772
f 1747 1773 1774
f 1747 1774 1773
f 1747 1774 1775
f 1747 1775 1774
f 1747 1775 1776
f 1747 1776 1775
f 1747 1776 1777
f 1747 1777 1776
f 1747 1777 1778
f 1747 1778 1777
f 1747 1778 1779
f 1747 1779 1778
f 1747 1779 1780
f 1747 1780 1779
f 1747 1780 1781
f 1747 1781 1780
f 1747 1781 1782
f 1747 1782 1781
f 1747 1782 1783
f 1747 1783 1782
f 1747 1783 1784
f 1747 1784 1783
f 1747 1784 1785
f 1747 1785 1784
f 1747 1785 1786
f 1747 1786 1785
f 1747 1786 1787
f 1747 1787 1786
f 1747 1787 1788
f 1747 1788 1787
f 1747 1788 1789
f 1747 1789 1788
f 1747 1789 1790
f 1747 1790 1789
f 1747 1790 1791
f 1747 1791 1790
f 1747 1791 1792
f 1747 1792 1791
v -0.040352 0.468126 0.175116
v -0.042209 0.473650 0.175258
v -0.046902 0.477065 0.174708
v -0.052639 0.477065 0.173675
v -0.057230 0.473650 0.172554
v -0.058920 0.468126 0.171773
v -0.057064 0.462601 0.171631
v -0.052371 0.459186 0.172181
v -0.046633 0.459186 0.173214
v -0.042042 0.462601 0.174335
v -0.053597 0.463200 0.231658
v -0.054859 0.466957 0.231755
v -0.058051 0.469279 0.231381
v -0.061952 0.469279 0.230679
v -0.065074 0.466957 0.229916
v -0.066223 0.463200 0.229385
v -0.064961 0.459444 0.229288
v -0.061769 0.457122 0.229663
v -0.057868 0.457122 0.230365
v -0.054746 0.459444 0.231127
f 1793 1794 1804
f 1793 1804 1803
f 1794 1795 1805
f 1794 1805 1804
f 1795 1796 1806
f 1795 1806 1805
f 1796 1797 1807
f 1796 1807 1806
f 1797 1798 1808
f 1797 1808 1807
f 1798 1799 1809
f 1798 1809 1808
f 1799 1800 1810
f 1799 1810 1809
f 1800 1801 1811
f 1800 1811 1810
f 1801 1802 1812
f 1801 1812 1811
f 1802 1793 1803
f 1802 1803 1812
v -0.059910 0.463200 0.230522
v -0.056474 0.463090 0.229473
v -0.052943 0.463702 0.228505
v -0.049293 0.465218 0.227635
v -0.045526 0.467633 0.226864
v -0.041660 0.470800 0.226176
v -0.037730 0.474459 0.225542
v -0.033779 0.478270 0.224924
v -0.029858 0.481860 0.224283
v -0.026014 0.484860 0.223576
v -0.022290 0.486949 0.222769
v -0.018715 0.487892 0.221837
v -0.015308 0.487563 0.220765
v -0.012066 0.485963 0.219553
v -0.008975 0.483217 0.218215
v -0.006003 0.479560 0.216777
v -0.003108 0.475313 0.215274
v -0.000243 0.470844 0.213747
v 0.002643 0.466529 0.212237
v 0.005593 0.462704 0.210780
v 0.008641 0.459632 0.209406
v 0.011807 0.457458 0.208131
v 0.015092 0.456189 0.206956
v 0.018471 0.455643 0.205860
v 0.015035 0.455753 0.206908
v 0.011504 0.455141 0.207877
v 0.007854 0.453625 0.208746
v 0.004087 0.451210 0.209517
v 0.000221 0.448043 0.210205
v -0.003709 0.444384 0.210840
v -0.007659 0.440573 0.211457
v -0.011580 0.436983 0.212099
v -0.015424 0.433983 0.212805
v -0.019149 0.431894 0.213612
v -0.022723 0.430951 0.214545
v -0.026131 0.431280 0.215617
v -0.029373 0.432880 0.216829
v -0.032464 0.435626 0.218167
v -0.035436 0.439283 0.219605
v -0.038330 0.443530 0.221107
v -0.041196 0.447999 0.222635
v -0.044081 0.452314 0.224145
v -0.047031 0.456139 0.225601
v -0.050080 0.459211 0.226975
v -0.053246 0.461385 0.228250
v -0.056531 0.462654 0.229426
f 1813 1814 1815
f 1813 1815 1814
f 1813 1815 1816
f 1813 1816 1815
f 1813 1816 1817
f 1813 1817 1816
f 1813 1817 1818
f 1813 1818 1817
f 1813 1818 1819
f 1813 1819 1818
f 1813 1819 1820
f 1813 1820 1819
f 1813 1820 1821
f 1813 1821 1820
f 1813 1821 1822
f 1813 1822 1821
f 1813 1822 1823
f 1813 1823 1822
f 1813 1823 1824
f 1813 1824 1823
f 1813 1824 1825
f 1813 1825 1824
f 1813 1825 1826
f 1813 1826 1825
f 1813 1826 1827
f 1813 1827 1826
f 1813 1827 1828
f 1813 1828 1827
f 1813 1828 1829
f 1813 1829 1828
f 1813 1829 1830
f 1813 1830 1829
f 1813 1830 1831
f 1813 1831 1830
f 1813 1831 1832
f 1813 1832 1831
f 1813 1832 1833
f 1813 1833 1832
f 1813 1833 1834
f 1813 1834 1833
f 1813 1834 1835
f 1813 1835 1834
f 1813 1835 1836
f 1813 1836 1835
f 1813 1836 1837
f 1813 1837 1836
f 1813 1837 1838
f 1813 1838 1837
f 1813 1838 1839
f 1813 1839 1838
f 1813 1839 1840
f 1813 1840 1839
f 1813 1840 1841
f 1813 1841 1840
f 1813 1841 1842
f 1813 1842 1841
f 1813 1842 1843
f 1813 1843 1842
f 1813 1843 1844
f 1813 1844 1843
f 1813 1844 1845
f 1813 1845 1844
f 1813 1845 1846
f 1813 1846 1845
f 1813 1846 1847
f 1813 1847 1846
f 1813 1847 1848
f 1813 1848 1847
f 1813 1848 1849
f 1813 1849 1848
f 1813 1849 1850
f 1813 1850 1849
f 1813 1850 1851
f 1813 1851 1850
f 1813 1851 1852
f 1813 1852 1851
f 1813 1852 1853
f 1813 1853 1852
f 1813 1853 1854
f 1813 1854 1853
f 1813 1854 1855
f 1813 1855 1854
f 1813 1855 1856
f 1813 1856 1855
f 1813 1856 1857
f 1813 1857 1856
f 1813 1857 1858
f 1813 1858 1857
v -0.059910 0.463200 0.230522
v -0.062814 0.463599 0.228214
v -0.065877 0.463088 0.225800
v -0.069105 0.461627 0.223273
v -0.072480 0.459325 0.220648
v -0.075966 0.456391 0.217948
v -0.079512 0.453105 0.215207
v -0.083064 0.449792 0.212463
v -0.086561 0.446787 0.209755
v -0.089951 0.444403 0.207120
v -0.093185 0.442907 0.204589
v -0.096232 0.442490 0.202186
v -0.099072 0.443252 0.199921
v -0.101707 0.445193 0.197795
v -0.104154 0.448213 0.195796
v -0.106446 0.452120 0.193902
v -0.108630 0.456650 0.192080
v -0.110760 0.461486 0.190295
v -0.112895 0.466296 0.188507
v -0.115091 0.470754 0.186677
v -0.117398 0.474580 0.184773
v -0.119851 0.477564 0.182769
v -0.122469 0.479599 0.180655
v -0.125247 0.480725 0.178433
v -0.122343 0.480326 0.180740
v -0.119280 0.480838 0.183155
v -0.116051 0.482298 0.185681
v -0.112676 0.484600 0.188306
v -0.109191 0.487534 0.191006
v -0.105644 0.490820 0.193747
v -0.102093 0.494133 0.196491
v -0.098595 0.497139 0.199199
v -0.095206 0.499522 0.201834
v -0.091972 0.501018 0.204365
v -0.088925 0.501436 0.206768
v -0.086084 0.500674 0.209033
v -0.083449 0.498733 0.211159
v -0.081002 0.495713 0.213158
v -0.078710 0.491805 0.215053
v -0.076527 0.487276 0.216874
v -0.074397 0.482439 0.218659
v -0.072262 0.477629 0.220448
v -0.070066 0.473171 0.222277
v -0.067759 0.469345 0.224182
v -0.065306 0.466361 0.226185
v -0.062687 0.464326 0.228300
f 1859 1860 1861
f 1859 1861 1860
f 1859 1861 1862
f 1859 1862 1861
f 1859 1862 1863
f 1859 1863 1862
f 1859 1863 1864
f 1859 1864 1863
f 1859 1864 1865
f 1859 1865 1864
f 1859 1865 1866
f 1859 1866 1865
f 1859 1866 1867
f 1859 1867 1866
f 1859 1867 1868
f 1859 1868 1867
f 1859 1868 1869
f 1859 1869 1868
f 1859 1869 1870
f 1859 1870 1869
f 1859 1870 1871
f 1859 1871 1870
f 1859 1871 1872
f 1859 1872 1871
f 1859 1872 1873
f 1859 1873 1872
f 1859 1873 1874
f 1859 1874 1873
f 1859 1874 1875
f 1859 1875 1874
f 1859 1875 1876
f 1859 1876 1875
f 1859 1876 1877
f 1859 1877 1876
f 1859 1877 1878
f 1859 1878 1877
f 1859 1878 1879
f 1859 1879 1878
f 1859 1879 1880
f 1859 1880 1879
f 1859 1880 1881
f 1859 1881 1880
f 1859 1881 1882
f 1859 1882 1881
f 1859 1882 1883
f 1859 1883 1882
f 1859 1883 1884
f 1859 1884 1883
f 1859 1884 1885
f 1859 1885 1884
f 1859 1885 1886
f 1859 1886 1885
f 1859 1886 1887
f 1859 1887 1886
f 1859 1887 1888
f 1859 1888 1887
f 1859 1888 1889
f 1859 1889 1888
f 1859 1889 1890
f 1859 1890 1889
f 1859 1890 1891
f 1859 1891 1890
f 1859 1891 1892
f 1859 1892 1891
f 1859 1892 1893
f 1859 1893 1892
f 1859 1893 1894
f 1859 1894 1893
f 1859 1894 1895
f 1859 1895 1894
f 1859 1895 1896
f 1859 1896 1895
f 1859 1896 1897
f 1859 1897 1896
f 1859 1897 1898
f 1859 1898 1897
f 1859 1898 1899
f 1859 1899 1898
f 1859 1899 1900
f 1859 1900 1899
f 1859 1900 1901
f 1859 1901 1900
f 1859 1901 1902
f 1859 1902 1901
f 1859 1902 1903
f 1859 1903 1902
f 1859 1903 1904
f 1859 1904 1903
v -0.041101 0.468126 0.169427
v -0.044391 0.472069 0.166668
v -0.049684 0.474507 0.166498
v -0.054959 0.474507 0.168980
v -0.058201 0.472069 0.173168
v -0.058171 0.468126 0.177462
v -0.054881 0.464182 0.180221
v -0.049588 0.461744 0.180391
v -0.044313 0.461744 0.177908
v -0.041072 0.464182 0.173721
v -0.027275 0.506544 0.205889
v -0.029512 0.509226 0.204013
v -0.033112 0.510883 0.203897
v -0.036699 0.510883 0.205585
v -0.038903 0.509226 0.208433
v -0.038883 0.506544 0.211352
v -0.036646 0.503862 0.213228
v -0.033046 0.502205 0.213345
v -0.029460 0.502205 0.211656
v -0.027255 0.503862 0.208808
f 1905 1906 1916
f 1905 1916 1915
f 1906 1907 1917
f 1906 1917 1916
f 1907 1908 1918
f 1907 1918 1917
f 1908 1909 1919
f 1908 1919 1918
f 1909 1910 1920
f 1909 1920 1919
f 1910 1911 1921
f 1910 1921 1920
f 1911 1912 1922
f 1911 1922 1921
f 1912 1913 1923
f 1912 1923 1922
f 1913 1914 1924
f 1913 1924 1923
f 1914 1905 1915
f 1914 1915 1924
v -0.033079 0.506544 0.208621
v -0.029707 0.505620 0.205361
v -0.026533 0.505085 0.201770
v -0.023725 0.505264 0.197570
v -0.021382 0.506356 0.192594
v -0.019518 0.508383 0.186820
v -0.018048 0.511184 0.180388
v -0.016807 0.514432 0.173575
v -0.015568 0.517682 0.166759
v -0.014079 0.520445 0.160360
v -0.012105 0.522258 0.154768
v -0.009465 0.522767 0.150288
v -0.006059 0.521778 0.147084
v -0.001888 0.519290 0.145156
v 0.002949 0.515497 0.144339
v 0.008271 0.510756 0.144330
v 0.013843 0.505527 0.144738
v 0.019413 0.500300 0.145142
v 0.024754 0.495521 0.145167
v 0.029701 0.491515 0.144532
v 0.034169 0.488444 0.143100
v 0.038172 0.486286 0.140892
v 0.041810 0.484842 0.138074
v 0.045249 0.483787 0.134926
v 0.041877 0.484711 0.138186
v 0.038703 0.485247 0.141777
v 0.035895 0.485067 0.145977
v 0.033552 0.483975 0.150953
v 0.031687 0.481948 0.156726
v 0.030218 0.479147 0.163159
v 0.028977 0.475900 0.169972
v 0.027737 0.472649 0.176787
v 0.026248 0.469887 0.183187
v 0.024274 0.468073 0.188779
v 0.021634 0.467564 0.193259
v 0.018229 0.468554 0.196463
v 0.014058 0.471041 0.198391
v 0.009220 0.474834 0.199208
v 0.003898 0.479575 0.199216
v -0.001673 0.484805 0.198809
v -0.007243 0.490031 0.198404
v -0.012585 0.494811 0.198380
v -0.017531 0.498817 0.199015
v -0.022000 0.501887 0.200447
v -0.026003 0.504046 0.202655
v -0.029640 0.505489 0.205473
f 1925 1926 1927
f 1925 1927 1926
f 1925 1927 1928
f 1925 1928 1927
f 1925 1928 1929
f 1925 1929 1928
f 1925 1929 1930
f 1925 1930 1929
f 1925 1930 1931
f 1925 1931 1930
f 1925 1931 1932
f 1925 1932 1931
f 1925 1932 1933
f 1925 1933 1932
f 1925 1933 1934
f 1925 1934 1933
f 1925 1934 1935
f 1925 1935 1934
f 1925 1935 1936
f 1925 1936 1935
f 1925 1936 1937
f 1925 1937 1936
f 1925 1937 1938
f 1925 1938 1937
f 1925 1938 1939
f 1925 1939 1938
f 1925 1939 1940
f 1925 1940 1939
f 1925 1940 1941
f 1925 1941 1940
f 1925 1941 1942
f 1925 1942 1941
f 1925 1942 1943
f 1925 1943 1942
f 1925 1943 1944
f 1925 1944 1943
f 1925 1944 1945
f 1925 1945 1944
f 1925 1945 1946
f 1925 1946 1945
f 1925 1946 1947
f 1925 1947 1946
f 1925 1947 1948
f 1925 1948 1947
f 1925 1948 1949
f 1925 1949 1948
f 1925 1949 1950
f 1925 1950 1949
f 1925 1950 1951
f 1925 1951 1950
f 1925 1951 1952
f 1925 1952 1951
f 1925 1952 1953
f 1925 1953 1952
f 1925 1953 1954
f 1925 1954 1953
f 1925 1954 1955
f 1925 1955 1954
f 1925 1955 1956
f 1925 1956 1955
f 1925 1956 1957
f 1925 1957 1956
f 1925 1957 1958
f 1925 1958 1957
f 1925 1958 1959
f 1925 1959 1958
f 1925 1959 1960
f 1925 1960 1959
f 1925 1960 1961
f 1925 1961 1960
f 1925 1961 1962
f 1925 1962 1961
f 1925 1962 1963
f 1925 1963 1962
f 1925 1963 1964
f 1925 1964 1963
f 1925 1964 1965
f 1925 1965 1964
f 1925 1965 1966
f 1925 1966 1965
f 1925 1966 1967
f 1925 1967 1966
f 1925 1967 1968
f 1925 1968 1967
f 1925 1968 1969
f 1925 1969 1968
f 1925 1969 1970
f 1925 1970 1969
v -0.033079 0.506544 0.208621
v -0.038338 0.505120 0.208241
v -0.043528 0.503297 0.208265
v -0.048583 0.500699 0.209071
v -0.053461 0.497082 0.210908
v -0.058154 0.492390 0.213831
v -0.062688 0.486786 0.217675
v -0.067126 0.480633 0.222075
v -0.071558 0.474438 0.226516
v -0.076082 0.468775 0.230420
v -0.080792 0.464187 0.233238
v -0.085762 0.461097 0.234542
v -0.091032 0.459736 0.234099
v -0.096601 0.460103 0.231909
v -0.102430 0.461968 0.228206
v -0.108446 0.464908 0.223416
v -0.114554 0.468380 0.218089
v -0.120655 0.471811 0.212804
v -0.126660 0.474692 0.208074
v -0.132508 0.476661 0.204266
v -0.138169 0.477555 0.201543
v -0.143653 0.477430 0.199851
v -0.149003 0.476530 0.198942
v -0.154283 0.475232 0.198435
v -0.149024 0.476656 0.198815
v -0.143835 0.478479 0.198791
v -0.138779 0.481076 0.197985
v -0.133901 0.484694 0.196148
v -0.129209 0.489386 0.193225
v -0.124675 0.494989 0.189381
v -0.120236 0.501143 0.184981
v -0.115804 0.507337 0.180540
v -0.111281 0.513000 0.176636
v -0.106570 0.517588 0.173818
v -0.101600 0.520678 0.172514
v -0.096331 0.522040 0.172957
v -0.090761 0.521672 0.175147
v -0.084932 0.519807 0.178850
v -0.078916 0.516867 0.183640
v -0.072808 0.513395 0.188967
v -0.066707 0.509965 0.194252
v -0.060702 0.507084 0.198982
v -0.054855 0.505115 0.202790
v -0.049194 0.504220 0.205513
v -0.043710 0.504346 0.207205
v -0.038360 0.505245 0.208114
f 1971 1972 1973
f 1971 1973 1972
f 1971 1973 1974
f 1971 1974 1973
f 1971 1974 1975
f 1971 1975 1974
f 1971 1975 1976
f 1971 1976 1975
f 1971 1976 1977
f 1971 1977 1976
f 1971 1977 1978
f 1971 1978 1977
f 1971 1978 1979
f 1971 1979 1978
f 1971 1979 1980
f 1971 1980 1979
f 1971 1980 1981
f 1971 1981 1980
f 1971 1981 1982
f 1971 1982 1981
f 1971 1982 1983
f 1971 1983 1982
f 1971 1983 1984
f 1971 1984 1983
f 1971 1984 1985
f 1971 1985 1984
f 1971 1985 1986
f 1971 1986 1985
f 1971 1986 1987
f 1971 1987 1986
f 1971 1987 1988
f 1971 1988 1987
f 1971 1988 1989
f 1971 1989 1988
f 1971 1989 1990
f 1971 1990 1989
f 1971 1990 1991
f 1971 1991 1990
f 1971 1991 1992
f 1971 1992 1991
f 1971 1992 1993
f 1971 1993 1992
f 1971 1993 1994
f 1971 1994 1993
f 1971 1994 1995
f 1971 1995 1994
f 1971 1995 1996
f 1971 1996 1995
f 1971 1996 1997
f 1971 1997 1996
f 1971 1997 1998
f 1971 1998 1997
f 1971 1998 1999
f 1971 1999 1998
f 1971 1999 2000
f 1971 2000 1999
f 1971 2000 2001
f 1971 2001 2000
f 1971 2001 2002
f 1971 2002 2001
f 1971 2002 2003
f 1971 2003 2002
f 1971 2003 2004
f 1971 2004 2003
f 1971 2004 2005
f 1971 2005 2004
f 1971 2005 2006
f 1971 2006 2005
f 1971 2006 2007
f 1971 2007 2006
f 1971 2007 2008
f 1971 2008 2007
f 1971 2008 2009
f 1971 2009 2008
f 1971 2009 2010
f 1971 2010 2009
f 1971 2010 2011
f 1971 2011 2010
f 1971 2011 2012
f 1971 2012 2011
f 1971 2012 2013
f 1971 2013 2012
f 1971 2013 2014
f 1971 2014 2013
f 1971 2014 2015
f 1971 2015 2014
f 1971 2015 2016
f 1971 2016 2015
v -0.046104 0.468126 0.182191
v -0.043410 0.472315 0.179160
v -0.043095 0.474903 0.173946
v -0.045278 0.474903 0.168541
v -0.049126 0.472315 0.165008
v -0.053169 0.468126 0.164698
v -0.055862 0.463937 0.167729
v -0.056178 0.461348 0.172943
v -0.053994 0.461348 0.178348
v -0.050146 0.463937 0.181881
v -0.090262 0.508366 0.196770
v -0.088430 0.511214 0.194709
v -0.088216 0.512975 0.191164
v -0.089700 0.512975 0.187488
v -0.092317 0.511214 0.185086
v -0.095066 0.508366 0.184875
v -0.096898 0.505517 0.186936
v -0.097112 0.503757 0.190482
v -0.095627 0.503757 0.194157
v -0.093011 0.505517 0.196560
f 2017 2018 2028
f 2017 2028 2027
f 2018 2019 2029
f 2018 2029 2028
f 2019 2020 2030
f 2019 2030 2029
f 2020 2021 2031
f 2020 2031 2030
f 2021 2022 2032
f 2021 2032 2031
f 2022 2023 2033
f 2022 2033 2032
f 2023 2024 2034
f 2023 2034 2033
f 2024 2025 2035
f 2024 2035 2034
f 2025 2026 2036
f 2025 2036 2035
f 2026 2017 2027
f 2026 2027 2036
v -0.092664 0.508366 0.190823
v -0.090382 0.507862 0.193114
v -0.087922 0.507600 0.195288
v -0.085103 0.507823 0.197225
v -0.081802 0.508700 0.198844
v -0.077984 0.510275 0.200123
v -0.073722 0.512453 0.201108
v -0.069185 0.515003 0.201912
v -0.064617 0.517596 0.202695
v -0.060296 0.519853 0.203642
v -0.056487 0.521417 0.204926
v -0.053399 0.522006 0.206685
v -0.051144 0.521465 0.208995
v -0.049723 0.519796 0.211854
v -0.049022 0.517151 0.215188
v -0.048834 0.513812 0.218860
v -0.048893 0.510139 0.222695
v -0.048921 0.506508 0.226509
v -0.048674 0.503249 0.230142
v -0.047981 0.500593 0.233482
v -0.046773 0.498635 0.236481
v -0.045083 0.497331 0.239162
v -0.043034 0.496512 0.241607
v -0.040806 0.495935 0.243934
v -0.043088 0.496439 0.241643
v -0.045548 0.496701 0.239469
v -0.048367 0.496477 0.237532
v -0.051668 0.495600 0.235913
v -0.055486 0.494025 0.234634
v -0.059748 0.491847 0.233649
v -0.064285 0.489297 0.232845
v -0.068853 0.486705 0.232062
v -0.073174 0.484447 0.231115
v -0.076983 0.482883 0.229831
v -0.080071 0.482295 0.228071
v -0.082326 0.482835 0.225762
v -0.083747 0.484505 0.222903
v -0.084448 0.487149 0.219569
v -0.084636 0.490488 0.215897
v -0.084577 0.494161 0.212062
v -0.084549 0.497793 0.208248
v -0.084796 0.501051 0.204615
v -0.085489 0.503708 0.201275
v -0.086697 0.505665 0.198276
v -0.088387 0.506970 0.195595
v -0.090436 0.507789 0.193150
f 2037 2038 2039
f 2037 2039 2038
f 2037 2039 2040
f 2037 2040 2039
f 2037 2040 2041
f 2037 2041 2040
f 2037 2041 2042
f 2037 2042 2041
f 2037 2042 2043
f 2037 2043 2042
f 2037 2043 2044
f 2037 2044 2043
f 2037 2044 2045
f 2037 2045 2044
f 2037 2045 2046
f 2037 2046 2045
f 2037 2046 2047
f 2037 2047 2046
f 2037 2047 2048
f 2037 2048 2047
f 2037 2048 2049
f 2037 2049 2048
f 2037 2049 2050
f 2037 2050 2049
f 2037 2050 2051
f 2037 2051 2050
f 2037 2051 2052
f 2037 2052 2051
f 2037 2052 2053
f 2037 2053 2052
f 2037 2053 2054
f 2037 2054 2053
f 2037 2054 2055
f 2037 2055 2054
f 2037 2055 2056
f 2037 2056 2055
f 2037 2056 2057
f 2037 2057 2056
f 2037 2057 2058
f 2037 2058 2057
f 2037 2058 2059
f 2037 2059 2058
f 2037 2059 2060
f 2037 2060 2059
f 2037 2060 2061
f 2037 2061 2060
f 2037 2061 2062
f 2037 2062 2061
f 2037 2062 2063
f 2037 2063 2062
f 2037 2063 2064
f 2037 2064 2063
f 2037 2064 2065
f 2037 2065 2064
f 2037 2065 2066
f 2037 2066 2065
f 2037 2066 2067
f 2037 2067 2066
f 2037 2067 2068
f 2037 2068 2067
f 2037 2068 2069
f 2037 2069 2068
f 2037 2069 2070
f 2037 2070 2069
f 2037 2070 2071
f 2037 2071 2070
f 2037 2071 2072
f 2037 2072 2071
f 2037 2072 2073
f 2037 2073 2072
f 2037 2073 2074
f 2037 2074 2073
f 2037 2074 2075
f 2037 2075 2074
f 2037 2075 2076
f 2037 2076 2075
f 2037 2076 2077
f 2037 2077 2076
f 2037 2077 2078
f 2037 2078 2077
f 2037 2078 2079
f 2037 2079 2078
f 2037 2079 2080
f 2037 2080 2079
f 2037 2080 2081
f 2037 2081 2080
f 2037 2081 2082
f 2037 2082 2081
v -0.092664 0.508366 0.190823
v -0.089484 0.509878 0.188766
v -0.086557 0.511323 0.186241
v -0.084060 0.512651 0.182922
v -0.082080 0.513840 0.178643
v -0.080610 0.514892 0.173423
v -0.079542 0.515834 0.167457
v -0.078689 0.516719 0.161094
v -0.077807 0.517611 0.154784
v -0.076636 0.518582 0.149009
v -0.074935 0.519695 0.144216
v -0.072520 0.521002 0.140744
v -0.069291 0.522528 0.138777
v -0.065250 0.524273 0.138315
v -0.060494 0.526211 0.139175
v -0.055208 0.528292 0.141016
v -0.049633 0.530452 0.143393
v -0.044030 0.532619 0.145823
v -0.038641 0.534728 0.147855
v -0.033654 0.536728 0.149142
v -0.029177 0.538591 0.149487
v -0.025218 0.540314 0.148873
v -0.021688 0.541921 0.147465
v -0.018411 0.543460 0.145588
v -0.021591 0.541948 0.147644
v -0.024517 0.540503 0.150169
v -0.027015 0.539175 0.153489
v -0.028994 0.537986 0.157767
v -0.030465 0.536935 0.162987
v -0.031533 0.535992 0.168953
v -0.032386 0.535107 0.175316
v -0.033268 0.534215 0.181627
v -0.034439 0.533244 0.187401
v -0.036140 0.532131 0.192195
v -0.038555 0.530824 0.195667
v -0.041783 0.529298 0.197634
v -0.045825 0.527553 0.198095
v -0.050581 0.525615 0.197235
v -0.055866 0.523534 0.195394
v -0.061442 0.521374 0.193017
v -0.067045 0.519207 0.190588
v -0.072434 0.517098 0.188555
v -0.077420 0.515098 0.187268
v -0.081898 0.513235 0.186923
v -0.085857 0.511512 0.187537
v -0.089387 0.509905 0.188946
f 2083 2084 2085
f 2083 2085 2084
f 2083 2085 2086
f 2083 2086 2085
f 2083 2086 2087
f 2083 2087 2086
f 2083 2087 2088
f 2083 2088 2087
f 2083 2088 2089
f 2083 2089 2088
f 2083 2089 2090
f 2083 2090 2089
f 2083 2090 2091
f 2083 2091 2090
f 2083 2091 2092
f 2083 2092 2091
f 2083 2092 2093
f 2083 2093 2092
f 2083 2093 2094
f 2083 2094 2093
f 2083 2094 2095
f 2083 2095 2094
f 2083 2095 2096
f 2083 2096 2095
f 2083 2096 2097
f 2083 2097 2096
f 2083 2097 2098
f 2083 2098 2097
f 2083 2098 2099
f 2083 2099 2098
f 2083 2099 2100
f 2083 2100 2099
f 2083 2100 2101
f 2083 2101 2100
f 2083 2101 2102
f 2083 2102 2101
f 2083 2102 2103
f 2083 2103 2102
f 2083 2103 2104
f 2083 2104 2103
f 2083 2104 2105
f 2083 2105 2104
f 2083 2105 2106
f 2083 2106 2105
f 2083 2106 2107
f 2083 2107 2106
f 2083 2107 2108
f 2083 2108 2107
f 2083 2108 2109
f 2083 2109 2108
f 2083 2109 2110
f 2083 2110 2109
f 2083 2110 2111
f 2083 2111 2110
f 2083 2111 2112
f 2083 2112 2111
f 2083 2112 2113
f 2083 2113 2112
f 2083 2113 2114
f 2083 2114 2113
f 2083 2114 2115
f 2083 2115 2114
f 2083 2115 2116
f 2083 2116 2115
f 2083 2116 2117
f 2083 2117 2116
f 2083 2117 2118
f 2083 2118 2117
f 2083 2118 2119
f 2083 2119 2118
f 2083 2119 2120
f 2083 2120 2119
f 2083 2120 2121
f 2083 2121 2120
f 2083 2121 2122
f 2083 2122 2121
f 2083 2122 2123
f 2083 2123 2122
f 2083 2123 2124
f 2083 2124 2123
f 2083 2124 2125
f 2083 2125 2124
f 2083 2125 2126
f 2083 2126 2125
f 2083 2126 2127
f 2083 2127 2126
f 2083 2127 2128
f 2083 2128 2127
v -0.092664 0.508366 0.190823
v -0.094178 0.505918 0.189825
v -0.095691 0.503352 0.189100
v -0.097202 0.500551 0.188926
v -0.098712 0.497430 0.189496
v -0.100219 0.493966 0.190867
v -0.101724 0.490205 0.192931
v -0.103229 0.486259 0.195426
v -0.104733 0.482291 0.197973
v -0.106238 0.478485 0.200141
v -0.107745 0.475020 0.201514
v -0.109255 0.472034 0.201771
v -0.110769 0.469603 0.200732
v -0.112287 0.467728 0.198399
v -0.113807 0.466331 0.194949
v -0.115330 0.465276 0.190705
v -0.116854 0.464383 0.186081
v -0.118378 0.463467 0.181510
v -0.119901 0.462367 0.177369
v -0.121421 0.460970 0.173922
v -0.122940 0.459229 0.171275
v -0.124456 0.457169 0.169372
v -0.125971 0.454873 0.168021
v -0.127485 0.452459 0.166942
v -0.125971 0.454907 0.167940
v -0.124458 0.457473 0.168665
v -0.122946 0.460274 0.168839
v -0.121437 0.463395 0.168268
v -0.119930 0.466859 0.166897
v -0.118424 0.470620 0.164833
v -0.116920 0.474566 0.162339
v -0.115416 0.478534 0.159791
v -0.113911 0.482340 0.157624
v -0.112404 0.485805 0.156250
v -0.110894 0.488791 0.155994
v -0.109380 0.491222 0.157032
v -0.107862 0.493097 0.159365
v -0.106341 0.494493 0.162816
v -0.104819 0.495549 0.167060
v -0.103295 0.496442 0.171683
v -0.101771 0.497358 0.176255
v -0.100248 0.498458 0.180395
v -0.098728 0.499855 0.183843
v -0.097209 0.501596 0.186490
v -0.095693 0.503656 0.188392
v -0.094178 0.505952 0.189744
f 2129 2130 2131
f 2129 2131 2130
f 2129 2131 2132
f 2129 2132 2131
f 2129 2132 2133
f 2129 2133 2132
f 2129 2133 2134
f 2129 2134 2133
f 2129 2134 2135
f 2129 2135 2134
f 2129 2135 2136
f 2129 2136 2135
f 2129 2136 2137
f 2129 2137 2136
f 2129 2137 2138
f 2129 2138 2137
f 2129 2138 2139
f 2129 2139 2138
f 2129 2139 2140
f 2129 2140 2139
f 2129 2140 2141
f 2129 2141 2140
f 2129 2141 2142
f 2129 2142 2141
f 2129 2142 2143
f 2129 2143 2142
f 2129 2143 2144
f 2129 2144 2143
f 2129 2144 2145
f 2129 2145 2144
f 2129 2145 2146
f 2129 2146 2145
f 2129 2146 2147
f 2129 2147 2146
f 2129 2147 2148
f 2129 2148 2147
f 2129 2148 2149
f 2129 2149 2148
f 2129 2149 2150
f 2129 2150 2149
f 2129 2150 2151
f 2129 2151 2150
f 2129 2151 2152
f 2129 2152 2151
f 2129 2152 2153
f 2129 2153 2152
f 2129 2153 2154
f 2129 2154 2153
f 2129 2154 2155
f 2129 2155 2154
f 2129 2155 2156
f 2129 2156 2155
f 2129 2156 2157
f 2129 2157 2156
f 2129 2157 2158
f 2129 2158 2157
f 2129 2158 2159
f 2129 2159 2158
f 2129 2159 2160
f 2129 2160 2159
f 2129 2160 2161
f 2129 2161 2160
f 2129 2161 2162
f 2129 2162 2161
f 2129 2162 2163
f 2129 2163 2162
f 2129 2163 2164
f 2129 2164 2163
f 2129 2164 2165
f 2129 2165 2164
f 2129 2165 2166
f 2129 2166 2165
f 2129 2166 2167
f 2129 2167 2166
f 2129 2167 2168
f 2129 2168 2167
f 2129 2168 2169
f 2129 2169 2168
f 2129 2169 2170
f 2129 2170 2169
f 2129 2170 2171
f 2129 2171 2170
f 2129 2171 2172
f 2129 2172 2171
f 2129 2172 2173
f 2129 2173 2172
f 2129 2173 2174
f 2129 2174 2173
v -0.011578 0.428192 0.079791
v -0.018073 0.433747 0.079115
v -0.024727 0.437180 0.083293
v -0.028997 0.437180 0.090727
v -0.029252 0.433747 0.098579
v -0.025396 0.428192 0.103849
v -0.018900 0.422638 0.104524
v -0.012247 0.419205 0.100347
v -0.007977 0.419205 0.092913
v -0.007721 0.422638 0.085061
v 0.044681 0.500649 0.117223
v 0.040264 0.504426 0.116763
v 0.035740 0.506761 0.119604
v 0.032836 0.506761 0.124659
v 0.032663 0.504426 0.129998
v 0.035285 0.500649 0.133582
v 0.039702 0.496872 0.134041
v 0.044226 0.494537 0.131201
v 0.047130 0.494537 0.126146
v 0.047304 0.496872 0.120806
f 2175 2176 2186
f 2175 2186 2185
f 2176 2177 2187
f 2176 2187 2186
f 2177 2178 2188
f 2177 2188 2187
f 2178 2179 2189
f 2178 2189 2188
f 2179 2180 2190
f 2179 2190 2189
f 2180 2181 2191
f 2180 2191 2190
f 2181 2182 2192
f 2181 2192 2191
f 2182 2183 2193
f 2182 2193 2192
f 2183 2184 2194
f 2183 2194 2193
f 2184 2175 2185
f 2184 2185 2194
v 0.039983 0.500649 0.125402
v 0.040585 0.498438 0.121174
v 0.040531 0.497119 0.116165
v 0.039885 0.496602 0.110453
v 0.038765 0.496731 0.104176
v 0.037321 0.497299 0.097515
v 0.035730 0.498066 0.090679
v 0.034182 0.498775 0.083894
v 0.032862 0.499175 0.077380
v 0.031940 0.499035 0.071339
v 0.031553 0.498167 0.065935
v 0.031803 0.496435 0.061287
v 0.032739 0.493770 0.057456
v 0.034363 0.490173 0.054442
v 0.036622 0.485712 0.052184
v 0.039417 0.480522 0.050563
v 0.042610 0.474793 0.049415
v 0.046031 0.468754 0.048538
v 0.049494 0.462658 0.047711
v 0.052810 0.456761 0.046711
v 0.055804 0.451302 0.045326
v 0.058322 0.446490 0.043375
v 0.060249 0.442479 0.040723
v 0.061520 0.439361 0.037289
v 0.060918 0.441572 0.041517
v 0.060972 0.442890 0.046527
v 0.061617 0.443407 0.052238
v 0.062738 0.443278 0.058515
v 0.064182 0.442710 0.065177
v 0.065772 0.441944 0.072012
v 0.067321 0.441234 0.078797
v 0.068640 0.440835 0.085311
v 0.069563 0.440975 0.091352
v 0.069950 0.441843 0.096756
v 0.069700 0.443575 0.101404
v 0.068764 0.446239 0.105235
v 0.067140 0.449837 0.108249
v 0.064881 0.454298 0.110508
v 0.062086 0.459488 0.112128
v 0.058893 0.465217 0.113276
v 0.055472 0.471255 0.114153
v 0.052009 0.477351 0.114980
v 0.048692 0.483249 0.115980
v 0.045699 0.488707 0.117366
v 0.043181 0.493520 0.119316
v 0.041254 0.497530 0.121969
f 2195 2196 2197
f 2195 2197 2196
f 2195 2197 2198
f 2195 2198 2197
f 2195 2198 2199
f 2195 2199 2198
f 2195 2199 2200
f 2195 2200 2199
f 2195 2200 2201
f 2195 2201 2200
f 2195 2201 2202
f 2195 2202 2201
f 2195 2202 2203
f 2195 2203 2202
f 2195 2203 2204
f 2195 2204 2203
f 2195 2204 2205
f 2195 2205 2204
f 2195 2205 2206
f 2195 2206 2205
f 2195 2206 2207
f 2195 2207 2206
f 2195 2207 2208
f 2195 2208 2207
f 2195 2208 2209
f 2195 2209 2208
f 2195 2209 2210
f 2195 2210 2209
f 2195 2210 2211
f 2195 2211 2210
f 2195 2211 2212
f 2195 2212 2211
f 2195 2212 2213
f 2195 2213 2212
f 2195 2213 2214
f 2195 2214 2213
f 2195 2214 2215
f 2195 2215 2214
f 2195 2215 2216
f 2195 2216 2215
f 2195 2216 2217
f 2195 2217 2216
f 2195 2217 2218
f 2195 2218 2217
f 2195 2218 2219
f 2195 2219 2218
f 2195 2219 2220
f 2195 2220 2219
f 2195 2220 2221
f 2195 2221 2220
f 2195 2221 2222
f 2195 2222 2221
f 2195 2222 2223
f 2195 2223 2222
f 2195 2223 2224
f 2195 2224 2223
f 2195 2224 2225
f 2195 2225 2224
f 2195 2225 2226
f 2195 2226 2225
f 2195 2226 2227
f 2195 2227 2226
f 2195 2227 2228
f 2195 2228 2227
f 2195 2228 2229
f 2195 2229 2228
f 2195 2229 2230
f 2195 2230 2229
f 2195 2230 2231
f 2195 2231 2230
f 2195 2231 2232
f 2195 2232 2231
f 2195 2232 2233
f 2195 2233 2232
f 2195 2233 2234
f 2195 2234 2233
f 2195 2234 2235
f 2195 2235 2234
f 2195 2235 2236
f 2195 2236 2235
f 2195 2236 2237
f 2195 2237 2236
f 2195 2237 2238
f 2195 2238 2237
f 2195 2238 2239
f 2195 2239 2238
f 2195 2239 2240
f 2195 2240 2239
v 0.039983 0.500649 0.125402
v 0.038195 0.498365 0.129742
v 0.037218 0.495400 0.134136
v 0.037260 0.491582 0.138598
v 0.038318 0.486914 0.143128
v 0.040226 0.481532 0.147714
v 0.042693 0.475683 0.152338
v 0.045335 0.469686 0.156973
v 0.047730 0.463898 0.161591
v 0.049459 0.458666 0.166166
v 0.050160 0.454296 0.170672
v 0.049566 0.451011 0.175091
v 0.047534 0.448931 0.179415
v 0.044066 0.448054 0.183643
v 0.039302 0.448263 0.187785
v 0.033510 0.449333 0.191858
v 0.027053 0.450960 0.195887
v 0.020348 0.452795 0.199899
v 0.013819 0.454483 0.203924
v 0.007848 0.455703 0.207985
v 0.002727 0.456211 0.212103
v -0.001377 0.455867 0.216289
v -0.004463 0.454670 0.220542
v -0.006738 0.452793 0.224850
v -0.004949 0.455078 0.220510
v -0.003973 0.458042 0.216116
v -0.004015 0.461860 0.211654
v -0.005072 0.466528 0.207124
v -0.006981 0.471910 0.202538
v -0.009447 0.477759 0.197914
v -0.012090 0.483756 0.193279
v -0.014484 0.489545 0.188661
v -0.016213 0.494776 0.184086
v -0.016914 0.499146 0.179581
v -0.016320 0.502431 0.175161
v -0.014289 0.504511 0.170837
v -0.010820 0.505388 0.166609
v -0.006057 0.505179 0.162467
v -0.000265 0.504109 0.158394
v 0.006192 0.502482 0.154365
v 0.012898 0.500647 0.150353
v 0.019427 0.498959 0.146329
v 0.025398 0.497739 0.142267
v 0.030518 0.497231 0.138149
v 0.034623 0.497575 0.133964
v 0.037709 0.498772 0.129710
f 2241 2242 2243
f 2241 2243 2242
f 2241 2243 2244
f 2241 2244 2243
f 2241 2244 2245
f 2241 2245 2244
f 2241 2245 2246
f 2241 2246 2245
f 2241 2246 2247
f 2241 2247 2246
f 2241 2247 2248
f 2241 2248 2247
f 2241 2248 2249
f 2241 2249 2248
f 2241 2249 2250
f 2241 2250 2249
f 2241 2250 2251
f 2241 2251 2250
f 2241 2251 2252
f 2241 2252 2251
f 2241 2252 2253
f 2241 2253 2252
f 2241 2253 2254
f 2241 2254 2253
f 2241 2254 2255
f 2241 2255 2254
f 2241 2255 2256
f 2241 2256 2255
f 2241 2256 2257
f 2241 2257 2256
f 2241 2257 2258
f 2241 2258 2257
f 2241 2258 2259
f 2241 2259 2258
f 2241 2259 2260
f 2241 2260 2259
f 2241 2260 2261
f 2241 2261 2260
f 2241 2261 2262
f 2241 2262 2261
f 2241 2262 2263
f 2241 2263 2262
f 2241 2263 2264
f 2241 2264 2263
f 2241 2264 2265
f 2241 2265 2264
f 2241 2265 2266
f 2241 2266 2265
f 2241 2266 2267
f 2241 2267 2266
f 2241 2267 2268
f 2241 2268 2267
f 2241 2268 2269
f 2241 2269 2268
f 2241 2269 2270
f 2241 2270 2269
f 2241 2270 2271
f 2241 2271 2270
f 2241 2271 2272
f 2241 2272 2271
f 2241 2272 2273
f 2241 2273 2272
f 2241 2273 2274
f 2241 2274 2273
f 2241 2274 2275
f 2241 2275 2274
f 2241 2275 2276
f 2241 2276 2275
f 2241 2276 2277
f 2241 2277 2276
f 2241 2277 2278
f 2241 2278 2277
f 2241 2278 2279
f 2241 2279 2278
f 2241 2279 2280
f 2241 2280 2279
f 2241 2280 2281
f 2241 2281 2280
f 2241 2281 2282
f 2241 2282 2281
f 2241 2282 2283
f 2241 2283 2282
f 2241 2283 2284
f 2241 2284 2283
f 2241 2284 2285
f 2241 2285 2284
f 2241 2285 2286
f 2241 2286 2285
v 0.044599 0.500649 0.117176
v 0.042684 0.506065 0.118167
v 0.039737 0.509413 0.121922
v 0.036884 0.509413 0.127006
v 0.035216 0.506065 0.131478
v 0.035368 0.500649 0.133629
v 0.037283 0.495232 0.132638
v 0.040229 0.491885 0.128883
v 0.043082 0.491885 0.123798
v 0.044751 0.495232 0.119327
v 0.092001 0.512912 0.147232
v 0.090699 0.516595 0.147906
v 0.088695 0.518872 0.150459
v 0.086755 0.518872 0.153916
v 0.085621 0.516595 0.156957
v 0.085724 0.512912 0.158420
v 0.087026 0.509229 0.157746
v 0.089030 0.506953 0.155192
v 0.090970 0.506953 0.151735
v 0.092104 0.509229 0.148694
f 2287 2288 2298
f 2287 2298 2297
f 2288 2289 2299
f 2288 2299 2298
f 2289 2290 2300
f 2289 2300 2299
f 2290 2291 2301
f 2290 2301 2300
f 2291 2292 2302
f 2291 2302 2301
f 2292 2293 2303
f 2292 2303 2302
f 2293 2294 2304
f 2293 2304 2303
f 2294 2295 2305
f 2294 2305 2304
f 2295 2296 2306
f 2295 2306 2305
f 2296 2287 2297
f 2296 2297 2306
v 0.088863 0.512912 0.152826
v 0.088658 0.512848 0.149489
v 0.088385 0.513069 0.146148
v 0.087965 0.513900 0.142796
v 0.087338 0.515587 0.139430
v 0.086483 0.518219 0.136048
v 0.085424 0.521693 0.132651
v 0.084235 0.525712 0.129246
v 0.083021 0.529830 0.125839
v 0.081909 0.533525 0.122439
v 0.081021 0.536292 0.119054
v 0.080454 0.537734 0.115692
v 0.080259 0.537630 0.112356
v 0.080437 0.535982 0.109046
v 0.080935 0.533007 0.105759
v 0.081658 0.529106 0.102487
v 0.082482 0.524781 0.099223
v 0.083282 0.520556 0.095957
v 0.083951 0.516875 0.092681
v 0.084417 0.514035 0.089392
v 0.084654 0.512142 0.086086
v 0.084685 0.511104 0.082766
v 0.084568 0.510676 0.079436
v 0.084383 0.510533 0.076100
v 0.084587 0.510598 0.079437
v 0.084861 0.510376 0.082778
v 0.085281 0.509545 0.086130
v 0.085908 0.507859 0.089496
v 0.086763 0.505226 0.092878
v 0.087821 0.501752 0.096275
v 0.089011 0.497733 0.099680
v 0.090225 0.493616 0.103088
v 0.091337 0.489921 0.106488
v 0.092224 0.487154 0.109872
v 0.092792 0.485712 0.113234
v 0.092987 0.485816 0.116570
v 0.092809 0.487464 0.119880
v 0.092310 0.490438 0.123167
v 0.091588 0.494340 0.126439
v 0.090764 0.498664 0.129703
v 0.089964 0.502890 0.132969
v 0.089295 0.506571 0.136245
v 0.088829 0.509410 0.139534
v 0.088592 0.511304 0.142840
v 0.088561 0.512342 0.146160
v 0.088677 0.512770 0.149491
f 2307 2308 2309
f 2307 2309 2308
f 2307 2309 2310
f 2307 2310 2309
f 2307 2310 2311
f 2307 2311 2310
f 2307 2311 2312
f 2307 2312 2311
f 2307 2312 2313
f 2307 2313 2312
f 2307 2313 2314
f 2307 2314 2313
f 2307 2314 2315
f 2307 2315 2314
f 2307 2315 2316
f 2307 2316 2315
f 2307 2316 2317
f 2307 2317 2316
f 2307 2317 2318
f 2307 2318 2317
f 2307 2318 2319
f 2307 2319 2318
f 2307 2319 2320
f 2307 2320 2319
f 2307 2320 2321
f 2307 2321 2320
f 2307 2321 2322
f 2307 2322 2321
f 2307 2322 2323
f 2307 2323 2322
f 2307 2323 2324
f 2307 2324 2323
f 2307 2324 2325
f 2307 2325 2324
f 2307 2325 2326
f 2307 2326 2325
f 2307 2326 2327
f 2307 2327 2326
f 2307 2327 2328
f 2307 2328 2327
f 2307 2328 2329
f 2307 2329 2328
f 2307 2329 2330
f 2307 2330 2329
f 2307 2330 2331
f 2307 2331 2330
f 2307 2331 2332
f 2307 2332 2331
f 2307 2332 2333
f 2307 2333 2332
f 2307 2333 2334
f 2307 2334 2333
f 2307 2334 2335
f 2307 2335 2334
f 2307 2335 2336
f 2307 2336 2335
f 2307 2336 2337
f 2307 2337 2336
f 2307 2337 2338
f 2307 2338 2337
f 2307 2338 2339
f 2307 2339 2338
f 2307 2339 2340
f 2307 2340 2339
f 2307 2340 2341
f 2307 2341 2340
f 2307 2341 2342
f 2307 2342 2341
f 2307 2342 2343
f 2307 2343 2342
f 2307 2343 2344
f 2307 2344 2343
f 2307 2344 2345
f 2307 2345 2344
f 2307 2345 2346
f 2307 2346 2345
f 2307 2346 2347
f 2307 2347 2346
f 2307 2347 2348
f 2307 2348 2347
f 2307 2348 2349
f 2307 2349 2348
f 2307 2349 2350
f 2307 2350 2349
f 2307 2350 2351
f 2307 2351 2350
f 2307 2351 2352
f 2307 2352 2351
v 0.088863 0.512912 0.152826
v 0.086539 0.516372 0.153166
v 0.083984 0.519646 0.154002
v 0.081048 0.522616 0.155654
v 0.077660 0.525226 0.158271
v 0.073836 0.527487 0.161823
v 0.069671 0.529476 0.166102
v 0.065332 0.531326 0.170756
v 0.061026 0.533202 0.175338
v 0.056976 0.535283 0.179372
v 0.053386 0.537731 0.182422
v 0.050411 0.540670 0.184157
v 0.048134 0.544167 0.184398
v 0.046556 0.548221 0.183144
v 0.045592 0.552766 0.180575
v 0.045088 0.557678 0.177023
v 0.044841 0.562795 0.172923
v 0.044627 0.567939 0.168751
v 0.044237 0.572942 0.164953
v 0.043508 0.577675 0.161882
v 0.042343 0.582058 0.159746
v 0.040725 0.586082 0.158576
v 0.038727 0.589800 0.158221
v 0.036496 0.593334 0.158363
v 0.038820 0.589874 0.158023
v 0.041375 0.586600 0.157187
v 0.044311 0.583630 0.155535
v 0.047699 0.581021 0.152917
v 0.051523 0.578760 0.149365
v 0.055688 0.576770 0.145086
v 0.060027 0.574921 0.140432
v 0.064333 0.573044 0.135851
v 0.068383 0.570963 0.131817
v 0.071973 0.568515 0.128767
v 0.074948 0.565576 0.127032
v 0.077225 0.562079 0.126791
v 0.078803 0.558025 0.128044
v 0.079767 0.553480 0.130613
v 0.080270 0.548568 0.134165
v 0.080518 0.543451 0.138266
v 0.080732 0.538308 0.142438
v 0.081121 0.533304 0.146236
v 0.081851 0.528572 0.149306
v 0.083016 0.524188 0.151442
v 0.084634 0.520165 0.152613
v 0.086632 0.516446 0.152967
f 2353 2354 2355
f 2353 2355 2354
f 2353 2355 2356
f 2353 2356 2355
f 2353 2356 2357
f 2353 2357 2356
f 2353 2357 2358
f 2353 2358 2357
f 2353 2358 2359
f 2353 2359 2358
f 2353 2359 2360
f 2353 2360 2359
f 2353 2360 2361
f 2353 2361 2360
f 2353 2361 2362
f 2353 2362 2361
f 2353 2362 2363
f 2353 2363 2362
f 2353 2363 2364
f 2353 2364 2363
f 2353 2364 2365
f 2353 2365 2364
f 2353 2365 2366
f 2353 2366 2365
f 2353 2366 2367
f 2353 2367 2366
f 2353 2367 2368
f 2353 2368 2367
f 2353 2368 2369
f 2353 2369 2368
f 2353 2369 2370
f 2353 2370 2369
f 2353 2370 2371
f 2353 2371 2370
f 2353 2371 2372
f 2353 2372 2371
f 2353 2372 2373
f 2353 2373 2372
f 2353 2373 2374
f 2353 2374 2373
f 2353 2374 2375
f 2353 2375 2374
f 2353 2375 2376
f 2353 2376 2375
f 2353 2376 2377
f 2353 2377 2376
f 2353 2377 2378
f 2353 2378 2377
f 2353 2378 2379
f 2353 2379 2378
f 2353 2379 2380
f 2353 2380 2379
f 2353 2380 2381
f 2353 2381 2380
f 2353 2381 2382
f 2353 2382 2381
f 2353 2382 2383
f 2353 2383 2382
f 2353 2383 2384
f 2353 2384 2383
f 2353 2384 2385
f 2353 2385 2384
f 2353 2385 2386
f 2353 2386 2385
f 2353 2386 2387
f 2353 2387 2386
f 2353 2387 2388
f 2353 2388 2387
f 2353 2388 2389
f 2353 2389 2388
f 2353 2389 2390
f 2353 2390 2389
f 2353 2390 2391
f 2353 2391 2390
f 2353 2391 2392
f 2353 2392 2391
f 2353 2392 2393
f 2353 2393 2392
f 2353 2393 2394
f 2353 2394 2393
f 2353 2394 2395
f 2353 2395 2394
f 2353 2395 2396
f 2353 2396 2395
f 2353 2396 2397
f 2353 2397 2396
f 2353 2397 2398
f 2353 2398 2397
v 0.088863 0.512912 0.152826
v 0.085966 0.508444 0.154447
v 0.083518 0.503440 0.155509
v 0.081737 0.497640 0.155736
v 0.080700 0.490952 0.155036
v 0.080345 0.483450 0.153484
v 0.080493 0.475348 0.151304
v 0.080868 0.466974 0.148840
v 0.081142 0.458722 0.146503
v 0.080972 0.450999 0.144719
v 0.080054 0.444169 0.143870
v 0.078156 0.438509 0.144244
v 0.075156 0.434164 0.145995
v 0.071054 0.431135 0.149122
v 0.065972 0.429275 0.153472
v 0.060141 0.428308 0.158757
v 0.053868 0.427871 0.164595
v 0.047492 0.427555 0.170561
v 0.041344 0.426967 0.176242
v 0.035699 0.425780 0.181295
v 0.030736 0.423777 0.185496
v 0.026516 0.420888 0.188770
v 0.022965 0.417202 0.191209
v 0.019861 0.412981 0.193089
v 0.022757 0.417449 0.191468
v 0.025206 0.422452 0.190406
v 0.026986 0.428253 0.190179
v 0.028024 0.434940 0.190879
v 0.028379 0.442443 0.192431
v 0.028231 0.450545 0.194611
v 0.027855 0.458918 0.197075
v 0.027582 0.467171 0.199412
v 0.027751 0.474894 0.201196
v 0.028670 0.481723 0.202045
v 0.030567 0.487384 0.201671
v 0.033567 0.491729 0.199920
v 0.037670 0.494758 0.196793
v 0.042752 0.496618 0.192443
v 0.048582 0.497585 0.187158
v 0.054856 0.498022 0.181320
v 0.061232 0.498338 0.175354
v 0.067379 0.498926 0.169674
v 0.073025 0.500113 0.164620
v 0.077987 0.502116 0.160419
v 0.082207 0.505005 0.157145
v 0.085759 0.508691 0.154706
f 2399 2400 2401
f 2399 2401 2400
f 2399 2401 2402
f 2399 2402 2401
f 2399 2402 2403
f 2399 2403 2402
f 2399 2403 2404
f 2399 2404 2403
f 2399 2404 2405
f 2399 2405 2404
f 2399 2405 2406
f 2399 2406 2405
f 2399 2406 2407
f 2399 2407 2406
f 2399 2407 2408
f 2399 2408 2407
f 2399 2408 2409
f 2399 2409 2408
f 2399 2409 2410
f 2399 2410 2409
f 2399 2410 2411
f 2399 2411 2410
f 2399 2411 2412
f 2399 2412 2411
f 2399 2412 2413
f 2399 2413 2412
f 2399 2413 2414
f 2399 2414 2413
f 2399 2414 2415
f 2399 2415 2414
f 2399 2415 2416
f 2399 2416 2415
f 2399 2416 2417
f 2399 2417 2416
f 2399 2417 2418
f 2399 2418 2417
f 2399 2418 2419
f 2399 2419 2418
f 2399 2419 2420
f 2399 2420 2419
f 2399 2420 2421
f 2399 2421 2420
f 2399 2421 2422
f 2399 2422 2421
f 2399 2422 2423
f 2399 2423 2422
f 2399 2423 2424
f 2399 2424 2423
f 2399 2424 2425
f 2399 2425 2424
f 2399 2425 2426
f 2399 2426 2425
f 2399 2426 2427
f 2399 2427 2426
f 2399 2427 2428
f 2399 2428 2427
f 2399 2428 2429
f 2399 2429 2428
f 2399 2429 2430
f 2399 2430 2429
f 2399 2430 2431
f 2399 2431 2430
f 2399 2431 2432
f 2399 2432 2431
f 2399 2432 2433
f 2399 2433 2432
f 2399 2433 2434
f 2399 2434 2433
f 2399 2434 2435
f 2399 2435 2434
f 2399 2435 2436
f 2399 2436 2435
f 2399 2436 2437
f 2399 2437 2436
f 2399 2437 2438
f 2399 2438 2437
f 2399 2438 2439
f 2399 2439 2438
f 2399 2439 2440
f 2399 2440 2439
f 2399 2440 2441
f 2399 2441 2440
f 2399 2441 2442
f 2399 2442 2441
f 2399 2442 2443
f 2399 2443 2442
f 2399 2443 2444
f 2399 2444 2443
v 0.033233 0.500649 0.118814
v 0.031040 0.503077 0.123639
v 0.032264 0.504577 0.129138
v 0.036436 0.504577 0.133210
v 0.041963 0.503077 0.134300
v 0.046734 0.500649 0.131991
v 0.048926 0.498221 0.127166
v 0.047703 0.496721 0.121667
v 0.043531 0.496721 0.117595
v 0.038004 0.498221 0.116505
v 0.052593 0.551206 0.103300
v 0.051102 0.552857 0.106581
v 0.051934 0.553878 0.110321
v 0.054771 0.553878 0.113090
v 0.058529 0.552857 0.113831
v 0.061773 0.551206 0.112261
v 0.063264 0.549555 0.108979
v 0.062433 0.548535 0.105240
v 0.059596 0.548535 0.102471
v 0.055837 0.549555 0.101730
f 2445 2446 2456
f 2445 2456 2455
f 2446 2447 2457
f 2446 2457 2456
f 2447 2448 2458
f 2447 2458 2457
f 2448 2449 2459
f 2448 2459 2458
f 2449 2450 2460
f 2449 2460 2459
f 2450 2451 2461
f 2450 2461 2460
f 2451 2452 2462
f 2451 2462 2461
f 2452 2453 2463
f 2452 2463 2462
f 2453 2454 2464
f 2453 2464 2463
f 2454 2445 2455
f 2454 2455 2464
v 0.057183 0.551206 0.107780
v 0.054183 0.549964 0.105763
v 0.050866 0.548938 0.104059
v 0.047007 0.548284 0.102893
v 0.042491 0.548082 0.102379
v 0.037326 0.548324 0.102509
v 0.031644 0.548921 0.103151
v 0.025685 0.549707 0.104067
v 0.019758 0.550472 0.104952
v 0.014197 0.550986 0.105474
v 0.009310 0.551037 0.105328
v 0.005333 0.550465 0.104280
v 0.002393 0.549181 0.102203
v 0.000490 0.547186 0.099097
v -0.000504 0.544567 0.095090
v -0.000823 0.541486 0.090414
v -0.000777 0.538154 0.085375
v -0.000699 0.534799 0.080304
v -0.000898 0.531635 0.075509
v -0.001613 0.528826 0.071225
v -0.002977 0.526461 0.067585
v -0.004999 0.524547 0.064597
v -0.007563 0.523005 0.062147
v -0.010443 0.521680 0.060010
v -0.007443 0.522923 0.062028
v -0.004126 0.523948 0.063731
v -0.000267 0.524602 0.064898
v 0.004249 0.524805 0.065412
v 0.009414 0.524563 0.065282
v 0.015096 0.523966 0.064640
v 0.021055 0.523179 0.063723
v 0.026982 0.522415 0.062838
v 0.032543 0.521901 0.062316
v 0.037430 0.521849 0.062463
v 0.041407 0.522422 0.063511
v 0.044348 0.523706 0.065588
v 0.046251 0.525701 0.068693
v 0.047244 0.528320 0.072701
v 0.047564 0.531401 0.077377
v 0.047517 0.534733 0.082416
v 0.047439 0.538087 0.087487
v 0.047638 0.541251 0.092282
v 0.048353 0.544061 0.096566
v 0.049717 0.546426 0.100206
v 0.051739 0.548339 0.103194
v 0.054303 0.549882 0.105644
f 2465 2466 2467
f 2465 2467 2466
f 2465 2467 2468
f 2465 2468 2467
f 2465 2468 2469
f 2465 2469 2468
f 2465 2469 2470
f 2465 2470 2469
f 2465 2470 2471
f 2465 2471 2470
f 2465 2471 2472
f 2465 2472 2471
f 2465 2472 2473
f 2465 2473 2472
f 2465 2473 2474
f 2465 2474 2473
f 2465 2474 2475
f 2465 2475 2474
f 2465 2475 2476
f 2465 2476 2475
f 2465 2476 2477
f 2465 2477 2476
f 2465 2477 2478
f 2465 2478 2477
f 2465 2478 2479
f 2465 2479 2478
f 2465 2479 2480
f 2465 2480 2479
f 2465 2480 2481
f 2465 2481 2480
f 2465 2481 2482
f 2465 2482 2481
f 2465 2482 2483
f 2465 2483 2482
f 2465 2483 2484
f 2465 2484 2483
f 2465 2484 2485
f 2465 2485 2484
f 2465 2485 2486
f 2465 2486 2485
f 2465 2486 2487
f 2465 2487 2486
f 2465 2487 2488
f 2465 2488 2487
f 2465 2488 2489
f 2465 2489 2488
f 2465 2489 2490
f 2465 2490 2489
f 2465 2490 2491
f 2465 2491 2490
f 2465 2491 2492
f 2465 2492 2491
f 2465 2492 2493
f 2465 2493 2492
f 2465 2493 2494
f 2465 2494 2493
f 2465 2494 2495
f 2465 2495 2494
f 2465 2495 2496
f 2465 2496 2495
f 2465 2496 2497
f 2465 2497 2496
f 2465 2497 2498
f 2465 2498 2497
f 2465 2498 2499
f 2465 2499 2498
f 2465 2499 2500
f 2465 2500 2499
f 2465 2500 2501
f 2465 2501 2500
f 2465 2501 2502
f 2465 2502 2501
f 2465 2502 2503
f 2465 2503 2502
f 2465 2503 2504
f 2465 2504 2503
f 2465 2504 2505
f 2465 2505 2504
f 2465 2505 2506
f 2465 2506 2505
f 2465 2506 2507
f 2465 2507 2506
f 2465 2507 2508
f 2465 2508 2507
f 2465 2508 2509
f 2465 2509 2508
f 2465 2509 2510
f 2465 2510 2509
v 0.057183 0.551206 0.107780
v 0.056681 0.550495 0.110832
v 0.056430 0.549708 0.113910
v 0.056731 0.548753 0.117046
v 0.057822 0.547559 0.120265
v 0.059800 0.546096 0.123579
v 0.062578 0.544389 0.126976
v 0.065886 0.542523 0.130430
v 0.069304 0.540622 0.133895
v 0.072339 0.538838 0.137320
v 0.074509 0.537316 0.140654
v 0.075432 0.536173 0.143856
v 0.074897 0.535472 0.146904
v 0.072905 0.535213 0.149798
v 0.069665 0.535333 0.152560
v 0.065561 0.535714 0.155230
v 0.061074 0.536213 0.157861
v 0.056697 0.536677 0.160503
v 0.052849 0.536981 0.163201
v 0.049802 0.537042 0.165983
v 0.047642 0.536834 0.168859
v 0.046272 0.536386 0.171819
v 0.045453 0.535771 0.174837
v 0.044886 0.535080 0.177881
v 0.045388 0.535791 0.174830
v 0.045638 0.536579 0.171752
v 0.045338 0.537533 0.168616
v 0.044247 0.538728 0.165396
v 0.042269 0.540191 0.162083
v 0.039490 0.541897 0.158685
v 0.036183 0.543764 0.155232
v 0.032765 0.545664 0.151766
v 0.029730 0.547448 0.148341
v 0.027560 0.548970 0.145008
v 0.026637 0.550114 0.141806
v 0.027172 0.550815 0.138758
v 0.029164 0.551074 0.135864
v 0.032403 0.550954 0.133102
v 0.036508 0.550572 0.130431
v 0.040995 0.550074 0.127801
v 0.045372 0.549610 0.125159
v 0.049219 0.549306 0.122461
v 0.052267 0.549245 0.119678
v 0.054427 0.549453 0.116802
v 0.055797 0.549900 0.113843
v 0.056616 0.550515 0.110825
f 2511 2512 2513
f 2511 2513 2512
f 2511 2513 2514
f 2511 2514 2513
f 2511 2514 2515
f 2511 2515 2514
f 2511 2515 2516
f 2511 2516 2515
f 2511 2516 2517
f 2511 2517 2516
f 2511 2517 2518
f 2511 2518 2517
f 2511 2518 2519
f 2511 2519 2518
f 2511 2519 2520
f 2511 2520 2519
f 2511 2520 2521
f 2511 2521 2520
f 2511 2521 2522
f 2511 2522 2521
f 2511 2522 2523
f 2511 2523 2522
f 2511 2523 2524
f 2511 2524 2523
f 2511 2524 2525
f 2511 2525 2524
f 2511 2525 2526
f 2511 2526 2525
f 2511 2526 2527
f 2511 2527 2526
f 2511 2527 2528
f 2511 2528 2527
f 2511 2528 2529
f 2511 2529 2528
f 2511 2529 2530
f 2511 2530 2529
f 2511 2530 2531
f 2511 2531 2530
f 2511 2531 2532
f 2511 2532 2531
f 2511 2532 2533
f 2511 2533 2532
f 2511 2533 2534
f 2511 2534 2533
f 2511 2534 2535
f 2511 2535 2534
f 2511 2535 2536
f 2511 2536 2535
f 2511 2536 2537
f 2511 2537 2536
f 2511 2537 2538
f 2511 2538 2537
f 2511 2538 2539
f 2511 2539 2538
f 2511 2539 2540
f 2511 2540 2539
f 2511 2540 2541
f 2511 2541 2540
f 2511 2541 2542
f 2511 2542 2541
f 2511 2542 2543
f 2511 2543 2542
f 2511 2543 2544
f 2511 2544 2543
f 2511 2544 2545
f 2511 2545 2544
f 2511 2545 2546
f 2511 2546 2545
f 2511 2546 2547
f 2511 2547 2546
f 2511 2547 2548
f 2511 2548 2547
f 2511 2548 2549
f 2511 2549 2548
f 2511 2549 2550
f 2511 2550 2549
f 2511 2550 2551
f 2511 2551 2550
f 2511 2551 2552
f 2511 2552 2551
f 2511 2552 2553
f 2511 2553 2552
f 2511 2553 2554
f 2511 2554 2553
f 2511 2554 2555
f 2511 2555 2554
f 2511 2555 2556
f 2511 2556 2555
v 0.057183 0.551206 0.107780
v 0.059922 0.548261 0.108214
v 0.062697 0.544914 0.107531
v 0.065504 0.541229 0.105908
v 0.068334 0.537283 0.103559
v 0.071180 0.533168 0.100741
v 0.074032 0.528986 0.097737
v 0.076880 0.524843 0.094841
v 0.079715 0.520840 0.092335
v 0.082530 0.517069 0.090473
v 0.085316 0.513605 0.089465
v 0.088069 0.510501 0.089456
v 0.090787 0.507783 0.090523
v 0.093469 0.505453 0.092666
v 0.096119 0.503483 0.095809
v 0.098740 0.501819 0.099804
v 0.101340 0.500387 0.104444
v 0.103928 0.499095 0.109475
v 0.106512 0.497843 0.114613
v 0.109101 0.496523 0.119565
v 0.111707 0.495034 0.124048
v 0.114336 0.493285 0.127805
v 0.116996 0.491197 0.130622
v 0.119693 0.488708 0.132323
v 0.116955 0.491653 0.131889
v 0.114179 0.495000 0.132572
v 0.111373 0.498685 0.134196
v 0.108542 0.502631 0.136544
v 0.105697 0.506746 0.139362
v 0.102845 0.510928 0.142366
v 0.099996 0.515071 0.145263
v 0.097161 0.519074 0.147769
v 0.094347 0.522845 0.149630
v 0.091561 0.526309 0.150638
v 0.088807 0.529413 0.150647
v 0.086089 0.532131 0.149580
v 0.083407 0.534461 0.147437
v 0.080758 0.536432 0.144294
v 0.078136 0.538095 0.140299
v 0.075536 0.539527 0.135659
v 0.072949 0.540819 0.130628
v 0.070365 0.542072 0.125490
v 0.067775 0.543391 0.120538
v 0.065170 0.544880 0.116056
v 0.062540 0.546629 0.112298
v 0.059880 0.548717 0.109481
f 2557 2558 2559
f 2557 2559 2558
f 2557 2559 2560
f 2557 2560 2559
f 2557 2560 2561
f 2557 2561 2560
f 2557 2561 2562
f 2557 2562 2561
f 2557 2562 2563
f 2557 2563 2562
f 2557 2563 2564
f 2557 2564 2563
f 2557 2564 2565
f 2557 2565 2564
f 2557 2565 2566
f 2557 2566 2565
f 2557 2566 2567
f 2557 2567 2566
f 2557 2567 2568
f 2557 2568 2567
f 2557 2568 2569
f 2557 2569 2568
f 2557 2569 2570
f 2557 2570 2569
f 2557 2570 2571
f 2557 2571 2570
f 2557 2571 2572
f 2557 2572 2571
f 2557 2572 2573
f 2557 2573 2572
f 2557 2573 2574
f 2557 2574 2573
f 2557 2574 2575
f 2557 2575 2574
f 2557 2575 2576
f 2557 2576 2575
f 2557 2576 2577
f 2557 2577 2576
f 2557 2577 2578
f 2557 2578 2577
f 2557 2578 2579
f 2557 2579 2578
f 2557 2579 2580
f 2557 2580 2579
f 2557 2580 2581
f 2557 2581 2580
f 2557 2581 2582
f 2557 2582 2581
f 2557 2582 2583
f 2557 2583 2582
f 2557 2583 2584
f 2557 2584 2583
f 2557 2584 2585
f 2557 2585 2584
f 2557 2585 2586
f 2557 2586 2585
f 2557 2586 2587
f 2557 2587 2586
f 2557 2587 2588
f 2557 2588 2587
f 2557 2588 2589
f 2557 2589 2588
f 2557 2589 2590
f 2557 2590 2589
f 2557 2590 2591
f 2557 2591 2590
f 2557 2591 2592
f 2557 2592 2591
f 2557 2592 2593
f 2557 2593 2592
f 2557 2593 2594
f 2557 2594 2593
f 2557 2594 2595
f 2557 2595 2594
f 2557 2595 2596
f 2557 2596 2595
f 2557 2596 2597
f 2557 2597 2596
f 2557 2597 2598
f 2557 2598 2597
f 2557 2598 2599
f 2557 2599 2598
f 2557 2599 2600
f 2557 2600 2599
f 2557 2600 2601
f 2557 2601 2600
f 2557 2601 2602
f 2557 2602 2601
v 0.049223 0.500649 0.123502
v 0.046572 0.504027 0.119558
v 0.041405 0.506114 0.117847
v 0.035695 0.506114 0.119021
v 0.031622 0.504027 0.122633
v 0.030744 0.500649 0.127303
v 0.033394 0.497271 0.131247
v 0.038561 0.495183 0.132958
v 0.044272 0.495183 0.131783
v 0.048344 0.497271 0.128171
v 0.053726 0.548840 0.160373
v 0.051923 0.551137 0.157691
v 0.048409 0.552557 0.156528
v 0.044526 0.552557 0.157326
v 0.041757 0.551137 0.159783
v 0.041160 0.548840 0.162958
v 0.042962 0.546543 0.165640
v 0.046476 0.545124 0.166803
v 0.050359 0.545124 0.166005
v 0.053128 0.546543 0.163548
f 2603 2604 2614
f 2603 2614 2613
f 2604 2605 2615
f 2604 2615 2614
f 2605 2606 2616
f 2605 2616 2615
f 2606 2607 2617
f 2606 2617 2616
f 2607 2608 2618
f 2607 2618 2617
f 2608 2609 2619
f 2608 2619 2618
f 2609 2610 2620
f 2609 2620 2619
f 2610 2611 2621
f 2610 2621 2620
f 2611 2612 2622
f 2611 2622 2621
f 2612 2603 2613
f 2612 2613 2622
v 0.047443 0.548840 0.161666
v 0.050082 0.547475 0.159642
v 0.052594 0.546464 0.157172
v 0.054917 0.545979 0.154043
v 0.057031 0.546076 0.150184
v 0.058953 0.546705 0.145657
v 0.060735 0.547724 0.140640
v 0.062453 0.548918 0.135403
v 0.064202 0.550030 0.130270
v 0.066076 0.550794 0.125574
v 0.068160 0.550971 0.121614
v 0.070520 0.550383 0.118614
v 0.073190 0.548935 0.116694
v 0.076169 0.546625 0.115855
v 0.079424 0.543550 0.115976
v 0.082889 0.539889 0.116832
v 0.086480 0.535880 0.118126
v 0.090100 0.531788 0.119523
v 0.093658 0.527871 0.120701
v 0.097075 0.524344 0.121389
v 0.100300 0.521350 0.121408
v 0.103316 0.518938 0.120698
v 0.106144 0.517051 0.119328
v 0.108843 0.515519 0.117513
v 0.106203 0.516885 0.119537
v 0.103691 0.517895 0.122006
v 0.101368 0.518380 0.125135
v 0.099255 0.518284 0.128994
v 0.097333 0.517655 0.133522
v 0.095551 0.516635 0.138539
v 0.093832 0.515441 0.143775
v 0.092084 0.514329 0.148908
v 0.090210 0.513566 0.153604
v 0.088125 0.513388 0.157565
v 0.085766 0.513976 0.160565
v 0.083096 0.515425 0.162484
v 0.080117 0.517734 0.163324
v 0.076862 0.520809 0.163203
v 0.073397 0.524470 0.162346
v 0.069806 0.528480 0.161052
v 0.066186 0.532572 0.159655
v 0.062628 0.536488 0.158478
v 0.059211 0.540015 0.157790
v 0.055986 0.543009 0.157770
v 0.052969 0.545422 0.158480
v 0.050142 0.547309 0.159850
f 2623 2624 2625
f 2623 2625 2624
f 2623 2625 2626
f 2623 2626 2625
f 2623 2626 2627
f 2623 2627 2626
f 2623 2627 2628
f 2623 2628 2627
f 2623 2628 2629
f 2623 2629 2628
f 2623 2629 2630
f 2623 2630 2629
f 2623 2630 2631
f 2623 2631 2630
f 2623 2631 2632
f 2623 2632 2631
f 2623 2632 2633
f 2623 2633 2632
f 2623 2633 2634
f 2623 2634 2633
f 2623 2634 2635
f 2623 2635 2634
f 2623 2635 2636
f 2623 2636 2635
f 2623 2636 2637
f 2623 2637 2636
f 2623 2637 2638
f 2623 2638 2637
f 2623 2638 2639
f 2623 2639 2638
f 2623 2639 2640
f 2623 2640 2639
f 2623 2640 2641
f 2623 2641 2640
f 2623 2641 2642
f 2623 2642 2641
f 2623 2642 2643
f 2623 2643 2642
f 2623 2643 2644
f 2623 2644 2643
f 2623 2644 2645
f 2623 2645 2644
f 2623 2645 2646
f 2623 2646 2645
f 2623 2646 2647
f 2623 2647 2646
f 2623 2647 2648
f 2623 2648 2647
f 2623 2648 2649
f 2623 2649 2648
f 2623 2649 2650
f 2623 2650 2649
f 2623 2650 2651
f 2623 2651 2650
f 2623 2651 2652
f 2623 2652 2651
f 2623 2652 2653
f 2623 2653 2652
f 2623 2653 2654
f 2623 2654 2653
f 2623 2654 2655
f 2623 2655 2654
f 2623 2655 2656
f 2623 2656 2655
f 2623 2656 2657
f 2623 2657 2656
f 2623 2657 2658
f 2623 2658 2657
f 2623 2658 2659
f 2623 2659 2658
f 2623 2659 2660
f 2623 2660 2659
f 2623 2660 2661
f 2623 2661 2660
f 2623 2661 2662
f 2623 2662 2661
f 2623 2662 2663
f 2623 2663 2662
f 2623 2663 2664
f 2623 2664 2663
f 2623 2664 2665
f 2623 2665 2664
f 2623 2665 2666
f 2623 2666 2665
f 2623 2666 2667
f 2623 2667 2666
f 2623 2667 2668
f 2623 2668 2667
v 0.047443 0.548840 0.161666
v 0.043059 0.548794 0.160707
v 0.038602 0.548513 0.160073
v 0.033990 0.547744 0.160123
v 0.029162 0.546295 0.161119
v 0.024098 0.544101 0.163154
v 0.018826 0.541250 0.166105
v 0.013421 0.537978 0.169642
v 0.007993 0.534638 0.173275
v 0.002673 0.531636 0.176436
v -0.002414 0.529367 0.178576
v -0.007172 0.528140 0.179262
v -0.011545 0.528126 0.178258
v -0.015533 0.529325 0.175563
v -0.019191 0.531566 0.171415
v -0.022617 0.534539 0.166245
v -0.025936 0.537852 0.160603
v -0.029276 0.541095 0.155058
v -0.032750 0.543918 0.150098
v -0.036432 0.546084 0.146055
v -0.040350 0.547505 0.143050
v -0.044483 0.548247 0.140992
v -0.048772 0.548499 0.139617
v -0.053134 0.548517 0.138567
v -0.048751 0.548564 0.139526
v -0.044294 0.548844 0.140159
v -0.039681 0.549614 0.140110
v -0.034853 0.551063 0.139113
v -0.029789 0.553257 0.137079
v -0.024517 0.556108 0.134128
v -0.019112 0.559380 0.130590
v -0.013685 0.562720 0.126957
v -0.008365 0.565722 0.123796
v -0.003277 0.567991 0.121657
v 0.001480 0.569218 0.120970
v 0.005853 0.569232 0.121975
v 0.009842 0.568033 0.124670
v 0.013500 0.565792 0.128818
v 0.016926 0.562818 0.133987
v 0.020244 0.559506 0.139629
v 0.023585 0.556263 0.145175
v 0.027058 0.553439 0.150134
v 0.030740 0.551274 0.154178
v 0.034658 0.549852 0.157183
v 0.038792 0.549111 0.159240
v 0.043080 0.548859 0.160616
f 2669 2670 2671
f 2669 2671 2670
f 2669 2671 2672
f 2669 2672 2671
f 2669 2672 2673
f 2669 2673 2672
f 2669 2673 2674
f 2669 2674 2673
f 2669 2674 2675
f 2669 2675 2674
f 2669 2675 2676
f 2669 2676 2675
f 2669 2676 2677
f 2669 2677 2676
f 2669 2677 2678
f 2669 2678 2677
f 2669 2678 2679
f 2669 2679 2678
f 2669 2679 2680
f 2669 2680 2679
f 2669 2680 2681
f 2669 2681 2680
f 2669 2681 2682
f 2669 2682 2681
f 2669 2682 2683
f 2669 2683 2682
f 2669 2683 2684
f 2669 2684 2683
f 2669 2684 2685
f 2669 2685 2684
f 2669 2685 2686
f 2669 2686 2685
f 2669 2686 2687
f 2669 2687 2686
f 2669 2687 2688
f 2669 2688 2687
f 2669 2688 2689
f 2669 2689 2688
f 2669 2689 2690
f 2669 2690 2689
f 2669 2690 2691
f 2669 2691 2690
f 2669 2691 2692
f 2669 2692 2691
f 2669 2692 2693
f 2669 2693 2692
f 2669 2693 2694
f 2669 2694 2693
f 2669 2694 2695
f 2669 2695 2694
f 2669 2695 2696
f 2669 2696 2695
f 2669 2696 2697
f 2669 2697 2696
f 2669 2697 2698
f 2669 2698 2697
f 2669 2698 2699
f 2669 2699 2698
f 2669 2699 2700
f 2669 2700 2699
f 2669 2700 2701
f 2669 2701 2700
f 2669 2701 2702
f 2669 2702 2701
f 2669 2702 2703
f 2669 2703 2702
f 2669 2703 2704
f 2669 2704 2703
f 2669 2704 2705
f 2669 2705 2704
f 2669 2705 2706
f 2669 2706 2705
f 2669 2706 2707
f 2669 2707 2706
f 2669 2707 2708
f 2669 2708 2707
f 2669 2708 2709
f 2669 2709 2708
f 2669 2709 2710
f 2669 2710 2709
f 2669 2710 2711
f 2669 2711 2710
f 2669 2711 2712
f 2669 2712 2711
f 2669 2712 2713
f 2669 2713 2712
f 2669 2713 2714
f 2669 2714 2713
v -0.015926 0.428192 0.105453
v -0.009828 0.432836 0.101612
v -0.007037 0.435706 0.094031
v -0.008620 0.435706 0.085605
v -0.013972 0.432836 0.079553
v -0.021048 0.428192 0.078186
v -0.027146 0.423549 0.082027
v -0.029936 0.420679 0.089609
v -0.028354 0.420679 0.098035
v -0.023002 0.423549 0.104087
v -0.070896 0.507719 0.111263
v -0.066750 0.510877 0.108651
v -0.064852 0.512828 0.103495
v -0.065928 0.512828 0.097766
v -0.069567 0.510877 0.093650
v -0.074379 0.507719 0.092721
v -0.078526 0.504561 0.095333
v -0.080423 0.502610 0.100488
v -0.079347 0.502610 0.106218
v -0.075708 0.504561 0.110333
f 2715 2716 2726
f 2715 2726 2725
f 2716 2717 2727
f 2716 2727 2726
f 2717 2718 2728
f 2717 2728 2727
f 2718 2719 2729
f 2718 2729 2728
f 2719 2720 2730
f 2719 2730 2729
f 2720 2721 2731
f 2720 2731 2730
f 2721 2722 2732
f 2721 2732 2731
f 2722 2723 2733
f 2722 2733 2732
f 2723 2724 2734
f 2723 2734 2733
f 2724 2715 2725
f 2724 2725 2734
v -0.072638 0.507719 0.101992
v -0.069561 0.508125 0.105879
v -0.065687 0.509147 0.109194
v -0.060924 0.510856 0.111872
v -0.055338 0.513200 0.113962
v -0.049109 0.516042 0.115590
v -0.042497 0.519179 0.116944
v -0.035816 0.522370 0.118249
v -0.029399 0.525356 0.119743
v -0.023562 0.527895 0.121652
v -0.018576 0.529776 0.124170
v -0.014636 0.530849 0.127439
v -0.011847 0.531033 0.131531
v -0.010208 0.530329 0.136448
v -0.009616 0.528815 0.142114
v -0.009874 0.526645 0.148389
v -0.010713 0.524026 0.155081
v -0.011815 0.521204 0.161961
v -0.012848 0.518435 0.168791
v -0.013499 0.515961 0.175348
v -0.013507 0.513985 0.181443
v -0.012691 0.512644 0.186950
v -0.010987 0.511990 0.191819
v -0.008485 0.511952 0.196117
v -0.011561 0.511547 0.192231
v -0.015435 0.510525 0.188915
v -0.020198 0.508815 0.186237
v -0.025784 0.506471 0.184148
v -0.032014 0.503629 0.182519
v -0.038625 0.500492 0.181165
v -0.045306 0.497302 0.179860
v -0.051723 0.494315 0.178367
v -0.057560 0.491777 0.176457
v -0.062547 0.489895 0.173939
v -0.066486 0.488822 0.170670
v -0.069275 0.488638 0.166578
v -0.070914 0.489343 0.161661
v -0.071506 0.490856 0.155995
v -0.071248 0.493027 0.149720
v -0.070409 0.495645 0.143028
v -0.069307 0.498467 0.136149
v -0.068274 0.501236 0.129318
v -0.067623 0.503710 0.122761
v -0.067616 0.505686 0.116666
v -0.068431 0.507028 0.111159
v -0.070135 0.507681 0.106290
f 2735 2736 2737
f 2735 2737 2736
f 2735 2737 2738
f 2735 2738 2737
f 2735 2738 2739
f 2735 2739 2738
f 2735 2739 2740
f 2735 2740 2739
f 2735 2740 2741
f 2735 2741 2740
f 2735 2741 2742
f 2735 2742 2741
f 2735 2742 2743
f 2735 2743 2742
f 2735 2743 2744
f 2735 2744 2743
f 2735 2744 2745
f 2735 2745 2744
f 2735 2745 2746
f 2735 2746 2745
f 2735 2746 2747
f 2735 2747 2746
f 2735 2747 2748
f 2735 2748 2747
f 2735 2748 2749
f 2735 2749 2748
f 2735 2749 2750
f 2735 2750 2749
f 2735 2750 2751
f 2735 2751 2750
f 2735 2751 2752
f 2735 2752 2751
f 2735 2752 2753
f 2735 2753 2752
f 2735 2753 2754
f 2735 2754 2753
f 2735 2754 2755
f 2735 2755 2754
f 2735 2755 2756
f 2735 2756 2755
f 2735 2756 2757
f 2735 2757 2756
f 2735 2757 2758
f 2735 2758 2757
f 2735 2758 2759
f 2735 2759 2758
f 2735 2759 2760
f 2735 2760 2759
f 2735 2760 2761
f 2735 2761 2760
f 2735 2761 2762
f 2735 2762 2761
f 2735 2762 2763
f 2735 2763 2762
f 2735 2763 2764
f 2735 2764 2763
f 2735 2764 2765
f 2735 2765 2764
f 2735 2765 2766
f 2735 2766 2765
f 2735 2766 2767
f 2735 2767 2766
f 2735 2767 2768
f 2735 2768 2767
f 2735 2768 2769
f 2735 2769 2768
f 2735 2769 2770
f 2735 2770 2769
f 2735 2770 2771
f 2735 2771 2770
f 2735 2771 2772
f 2735 2772 2771
f 2735 2772 2773
f 2735 2773 2772
f 2735 2773 2774
f 2735 2774 2773
f 2735 2774 2775
f 2735 2775 2774
f 2735 2775 2776
f 2735 2776 2775
f 2735 2776 2777
f 2735 2777 2776
f 2735 2777 2778
f 2735 2778 2777
f 2735 2778 2779
f 2735 2779 2778
f 2735 2779 2780
f 2735 2780 2779
v -0.072638 0.507719 0.101992
v -0.072310 0.506259 0.097895
v -0.072436 0.504482 0.093861
v -0.073345 0.502158 0.089935
v -0.075212 0.499165 0.086141
v -0.078029 0.495508 0.082478
v -0.081605 0.491321 0.078920
v -0.085594 0.486846 0.075419
v -0.089542 0.482399 0.071912
v -0.092961 0.478322 0.068332
v -0.095397 0.474931 0.064617
v -0.096503 0.472470 0.060718
v -0.096091 0.471069 0.056610
v -0.094161 0.470728 0.052292
v -0.090901 0.471316 0.047791
v -0.086658 0.472591 0.043154
v -0.081885 0.474236 0.038444
v -0.077073 0.475909 0.033729
v -0.072672 0.477294 0.029070
v -0.069032 0.478149 0.024517
v -0.066341 0.478340 0.020094
v -0.064607 0.477861 0.015804
v -0.063657 0.476836 0.011621
v -0.063161 0.475494 0.007501
v -0.063489 0.476954 0.011598
v -0.063363 0.478731 0.015632
v -0.062453 0.481055 0.019558
v -0.060587 0.484048 0.023352
v -0.057770 0.487705 0.027015
v -0.054194 0.491892 0.030573
v -0.050205 0.496367 0.034074
v -0.046256 0.500814 0.037581
v -0.042838 0.504891 0.041161
v -0.040402 0.508282 0.044876
v -0.039296 0.510743 0.048775
v -0.039708 0.512144 0.052883
v -0.041638 0.512485 0.057201
v -0.044898 0.511897 0.061702
v -0.049141 0.510622 0.066339
v -0.053913 0.508977 0.071049
v -0.058726 0.507304 0.075764
v -0.063126 0.505919 0.080422
v -0.066767 0.505064 0.084976
v -0.069458 0.504874 0.089399
v -0.071191 0.505352 0.093689
v -0.072141 0.506377 0.097872
f 2781 2782 2783
f 2781 2783 2782
f 2781 2783 2784
f 2781 2784 2783
f 2781 2784 2785
f 2781 2785 2784
f 2781 2785 2786
f 2781 2786 2785
f 2781 2786 2787
f 2781 2787 2786
f 2781 2787 2788
f 2781 2788 2787
f 2781 2788 2789
f 2781 2789 2788
f 2781 2789 2790
f 2781 2790 2789
f 2781 2790 2791
f 2781 2791 2790
f 2781 2791 2792
f 2781 2792 2791
f 2781 2792 2793
f 2781 2793 2792
f 2781 2793 2794
f 2781 2794 2793
f 2781 2794 2795
f 2781 2795 2794
f 2781 2795 2796
f 2781 2796 2795
f 2781 2796 2797
f 2781 2797 2796
f 2781 2797 2798
f 2781 2798 2797
f 2781 2798 2799
f 2781 2799 2798
f 2781 2799 2800
f 2781 2800 2799
f 2781 2800 2801
f 2781 2801 2800
f 2781 2801 2802
f 2781 2802 2801
f 2781 2802 2803
f 2781 2803 2802
f 2781 2803 2804
f 2781 2804 2803
f 2781 2804 2805
f 2781 2805 2804
f 2781 2805 2806
f 2781 2806 2805
f 2781 2806 2807
f 2781 2807 2806
f 2781 2807 2808
f 2781 2808 2807
f 2781 2808 2809
f 2781 2809 2808
f 2781 2809 2810
f 2781 2810 2809
f 2781 2810 2811
f 2781 2811 2810
f 2781 2811 2812
f 2781 2812 2811
f 2781 2812 2813
f 2781 2813 2812
f 2781 2813 2814
f 2781 2814 2813
f 2781 2814 2815
f 2781 2815 2814
f 2781 2815 2816
f 2781 2816 2815
f 2781 2816 2817
f 2781 2817 2816
f 2781 2817 2818
f 2781 2818 2817
f 2781 2818 2819
f 2781 2819 2818
f 2781 2819 2820
f 2781 2820 2819
f 2781 2820 2821
f 2781 2821 2820
f 2781 2821 2822
f 2781 2822 2821
f 2781 2822 2823
f 2781 2823 2822
f 2781 2823 2824
f 2781 2824 2823
f 2781 2824 2825
f 2781 2825 2824
f 2781 2825 2826
f 2781 2826 2825
v -0.070471 0.507719 0.111172
v -0.068121 0.512482 0.108767
v -0.067497 0.515425 0.103773
v -0.068837 0.515425 0.098099
v -0.071628 0.512482 0.093912
v -0.074805 0.507719 0.092811
v -0.077154 0.502956 0.095217
v -0.077778 0.500013 0.100210
v -0.076439 0.500013 0.105884
v -0.073647 0.502956 0.110071
v -0.118214 0.536535 0.119341
v -0.116616 0.539774 0.117705
v -0.116192 0.541775 0.114309
v -0.117103 0.541775 0.110451
v -0.119001 0.539774 0.107604
v -0.121161 0.536535 0.106855
v -0.122758 0.533296 0.108491
v -0.123183 0.531295 0.111886
v -0.122272 0.531295 0.115745
v -0.120374 0.533296 0.118592
f 2827 2828 2838
f 2827 2838 2837
f 2828 2829 2839
f 2828 2839 2838
f 2829 2830 2840
f 2829 2840 2839
f 2830 2831 2841
f 2830 2841 2840
f 2831 2832 2842
f 2831 2842 2841
f 2832 2833 2843
f 2832 2843 2842
f 2833 2834 2844
f 2833 2844 2843
f 2834 2835 2845
f 2834 2845 2844
f 2835 2836 2846
f 2835 2846 2845
f 2836 2827 2837
f 2836 2837 2846
v -0.119687 0.536535 0.113098
v -0.117385 0.534954 0.116136
v -0.114554 0.534186 0.119312
v -0.111141 0.534307 0.122639
v -0.107198 0.535241 0.126104
v -0.102844 0.536805 0.129676
v -0.098250 0.538737 0.133310
v -0.093619 0.540727 0.136954
v -0.089164 0.542446 0.140552
v -0.085088 0.543584 0.144052
v -0.081563 0.543877 0.147408
v -0.078715 0.543134 0.150588
v -0.076609 0.541253 0.153575
v -0.075246 0.538234 0.156370
v -0.074559 0.534178 0.158988
v -0.074423 0.529278 0.161462
v -0.074667 0.523796 0.163838
v -0.075086 0.518045 0.166168
v -0.075469 0.512351 0.168508
v -0.075611 0.507024 0.170910
v -0.075343 0.502327 0.173420
v -0.074543 0.498444 0.176067
v -0.073163 0.495451 0.178865
v -0.071254 0.493269 0.181801
v -0.073555 0.494850 0.178763
v -0.076387 0.495619 0.175587
v -0.079799 0.495498 0.172260
v -0.083742 0.494563 0.168795
v -0.088096 0.492999 0.165223
v -0.092690 0.491067 0.161589
v -0.097322 0.489078 0.157945
v -0.101777 0.487358 0.154347
v -0.105853 0.486220 0.150847
v -0.109378 0.485927 0.147491
v -0.112226 0.486671 0.144311
v -0.114331 0.488552 0.141324
v -0.115695 0.491570 0.138530
v -0.116382 0.495626 0.135912
v -0.116518 0.500526 0.133437
v -0.116274 0.506008 0.131061
v -0.115854 0.511759 0.128731
v -0.115472 0.517454 0.126391
v -0.115329 0.522780 0.123989
v -0.115598 0.527477 0.121479
v -0.116398 0.531360 0.118832
v -0.117777 0.534354 0.116034
f 2847 2848 2849
f 2847 2849 2848
f 2847 2849 2850
f 2847 2850 2849
f 2847 2850 2851
f 2847 2851 2850
f 2847 2851 2852
f 2847 2852 2851
f 2847 2852 2853
f 2847 2853 2852
f 2847 2853 2854
f 2847 2854 2853
f 2847 2854 2855
f 2847 2855 2854
f 2847 2855 2856
f 2847 2856 2855
f 2847 2856 2857
f 2847 2857 2856
f 2847 2857 2858
f 2847 2858 2857
f 2847 2858 2859
f 2847 2859 2858
f 2847 2859 2860
f 2847 2860 2859
f 2847 2860 2861
f 2847 2861 2860
f 2847 2861 2862
f 2847 2862 2861
f 2847 2862 2863
f 2847 2863 2862
f 2847 2863 2864
f 2847 2864 2863
f 2847 2864 2865
f 2847 2865 2864
f 2847 2865 2866
f 2847 2866 2865
f 2847 2866 2867
f 2847 2867 2866
f 2847 2867 2868
f 2847 2868 2867
f 2847 2868 2869
f 2847 2869 2868
f 2847 2869 2870
f 2847 2870 2869
f 2847 2870 2871
f 2847 2871 2870
f 2847 2871 2872
f 2847 2872 2871
f 2847 2872 2873
f 2847 2873 2872
f 2847 2873 2874
f 2847 2874 2873
f 2847 2874 2875
f 2847 2875 2874
f 2847 2875 2876
f 2847 2876 2875
f 2847 2876 2877
f 2847 2877 2876
f 2847 2877 2878
f 2847 2878 2877
f 2847 2878 2879
f 2847 2879 2878
f 2847 2879 2880
f 2847 2880 2879
f 2847 2880 2881
f 2847 2881 2880
f 2847 2881 2882
f 2847 2882 2881
f 2847 2882 2883
f 2847 2883 2882
f 2847 2883 2884
f 2847 2884 2883
f 2847 2884 2885
f 2847 2885 2884
f 2847 2885 2886
f 2847 2886 2885
f 2847 2886 2887
f 2847 2887 2886
f 2847 2887 2888
f 2847 2888 2887
f 2847 2888 2889
f 2847 2889 2888
f 2847 2889 2890
f 2847 2890 2889
f 2847 2890 2891
f 2847 2891 2890
f 2847 2891 2892
f 2847 2892 2891
v -0.119687 0.536535 0.113098
v -0.115537 0.538538 0.110166
v -0.111542 0.540410 0.106920
v -0.107921 0.541963 0.102914
v -0.104875 0.543028 0.097741
v -0.102506 0.543516 0.091191
v -0.100780 0.543459 0.083338
v -0.099505 0.543019 0.074568
v -0.098363 0.542465 0.065527
v -0.096961 0.542132 0.057015
v -0.094906 0.542354 0.049829
v -0.091882 0.543399 0.044609
v -0.087715 0.545417 0.041712
v -0.082404 0.548407 0.041139
v -0.076124 0.552221 0.042532
v -0.069192 0.556589 0.045251
v -0.061999 0.561178 0.048497
v -0.054940 0.565655 0.051474
v -0.048332 0.569747 0.053534
v -0.042365 0.573294 0.054291
v -0.037077 0.576265 0.053670
v -0.032364 0.578747 0.051884
v -0.028025 0.580911 0.049335
v -0.023840 0.582943 0.046474
v -0.027990 0.580941 0.049406
v -0.031985 0.579069 0.052652
v -0.035606 0.577516 0.056658
v -0.038653 0.576451 0.061831
v -0.041021 0.575962 0.068381
v -0.042747 0.576019 0.076234
v -0.044022 0.576460 0.085004
v -0.045165 0.577014 0.094045
v -0.046567 0.577347 0.102557
v -0.048621 0.577125 0.109743
v -0.051645 0.576079 0.114963
v -0.055812 0.574062 0.117860
v -0.061123 0.571071 0.118433
v -0.067403 0.567258 0.117040
v -0.074335 0.562890 0.114321
v -0.081528 0.558300 0.111075
v -0.088587 0.553824 0.108098
v -0.095195 0.549731 0.106038
v -0.101162 0.546184 0.105281
v -0.106450 0.543214 0.105902
v -0.111164 0.540731 0.107688
v -0.115502 0.538568 0.110237
f 2893 2894 2895
f 2893 2895 2894
f 2893 2895 2896
f 2893 2896 2895
f 2893 2896 2897
f 2893 2897 2896
f 2893 2897 2898
f 2893 2898 2897
f 2893 2898 2899
f 2893 2899 2898
f 2893 2899 2900
f 2893 2900 2899
f 2893 2900 2901
f 2893 2901 2900
f 2893 2901 2902
f 2893 2902 2901
f 2893 2902 2903
f 2893 2903 2902
f 2893 2903 2904
f 2893 2904 2903
f 2893 2904 2905
f 2893 2905 2904
f 2893 2905 2906
f 2893 2906 2905
f 2893 2906 2907
f 2893 2907 2906
f 2893 2907 2908
f 2893 2908 2907
f 2893 2908 2909
f 2893 2909 2908
f 2893 2909 2910
f 2893 2910 2909
f 2893 2910 2911
f 2893 2911 2910
f 2893 2911 2912
f 2893 2912 2911
f 2893 2912 2913
f 2893 2913 2912
f 2893 2913 2914
f 2893 2914 2913
f 2893 2914 2915
f 2893 2915 2914
f 2893 2915 2916
f 2893 2916 2915
f 2893 2916 2917
f 2893 2917 2916
f 2893 2917 2918
f 2893 2918 2917
f 2893 2918 2919
f 2893 2919 2918
f 2893 2919 2920
f 2893 2920 2919
f 2893 2920 2921
f 2893 2921 2920
f 2893 2921 2922
f 2893 2922 2921
f 2893 2922 2923
f 2893 2923 2922
f 2893 2923 2924
f 2893 2924 2923
f 2893 2924 2925
f 2893 2925 2924
f 2893 2925 2926
f 2893 2926 2925
f 2893 2926 2927
f 2893 2927 2926
f 2893 2927 2928
f 2893 2928 2927
f 2893 2928 2929
f 2893 2929 2928
f 2893 2929 2930
f 2893 2930 2929
f 2893 2930 2931
f 2893 2931 2930
f 2893 2931 2932
f 2893 2932 2931
f 2893 2932 2933
f 2893 2933 2932
f 2893 2933 2934
f 2893 2934 2933
f 2893 2934 2935
f 2893 2935 2934
f 2893 2935 2936
f 2893 2936 2935
f 2893 2936 2937
f 2893 2937 2936
f 2893 2937 2938
f 2893 2938 2937
v -0.119687 0.536535 0.113098
v -0.120528 0.533382 0.110610
v -0.121540 0.529701 0.108762
v -0.122767 0.525365 0.107707
v -0.124204 0.520383 0.107434
v -0.125818 0.514863 0.107813
v -0.127545 0.508994 0.108614
v -0.129307 0.503020 0.109543
v -0.131015 0.497209 0.110274
v -0.132584 0.491825 0.110489
v -0.133939 0.487096 0.109909
v -0.135024 0.483192 0.108331
v -0.135812 0.480200 0.105649
v -0.136301 0.478121 0.101860
v -0.136522 0.476866 0.097074
v -0.136528 0.476266 0.091494
v -0.136395 0.476094 0.085397
v -0.136208 0.476085 0.079102
v -0.136056 0.475970 0.072935
v -0.136018 0.475506 0.067191
v -0.136156 0.474505 0.062098
v -0.136505 0.472856 0.057787
v -0.137067 0.470554 0.054270
v -0.137802 0.467724 0.051391
v -0.136961 0.470877 0.053879
v -0.135949 0.474558 0.055726
v -0.134722 0.478894 0.056782
v -0.133285 0.483876 0.057055
v -0.131671 0.489396 0.056676
v -0.129944 0.495265 0.055875
v -0.128182 0.501239 0.054946
v -0.126474 0.507050 0.054215
v -0.124905 0.512434 0.054000
v -0.123550 0.517163 0.054580
v -0.122465 0.521067 0.056158
v -0.121677 0.524059 0.058840
v -0.121188 0.526138 0.062629
v -0.120967 0.527393 0.067415
v -0.120961 0.527993 0.072995
v -0.121094 0.528165 0.079092
v -0.121281 0.528174 0.085387
v -0.121433 0.528289 0.091554
v -0.121471 0.528753 0.097298
v -0.121333 0.529754 0.102391
v -0.120984 0.531402 0.106701
v -0.120422 0.533705 0.110219
f 2939 2940 2941
f 2939 2941 2940
f 2939 2941 2942
f 2939 2942 2941
f 2939 2942 2943
f 2939 2943 2942
f 2939 2943 2944
f 2939 2944 2943
f 2939 2944 2945
f 2939 2945 2944
f 2939 2945 2946
f 2939 2946 2945
f 2939 2946 2947
f 2939 2947 2946
f 2939 2947 2948
f 2939 2948 2947
f 2939 2948 2949
f 2939 2949 2948
f 2939 2949 2950
f 2939 2950 2949
f 2939 2950 2951
f 2939 2951 2950
f 2939 2951 2952
f 2939 2952 2951
f 2939 2952 2953
f 2939 2953 2952
f 2939 2953 2954
f 2939 2954 2953
f 2939 2954 2955
f 2939 2955 2954
f 2939 2955 2956
f 2939 2956 2955
f 2939 2956 2957
f 2939 2957 2956
f 2939 2957 2958
f 2939 2958 2957
f 2939 2958 2959
f 2939 2959 2958
f 2939 2959 2960
f 2939 2960 2959
f 2939 2960 2961
f 2939 2961 2960
f 2939 2961 2962
f 2939 2962 2961
f 2939 2962 2963
f 2939 2963 2962
f 2939 2963 2964
f 2939 2964 2963
f 2939 2964 2965
f 2939 2965 2964
f 2939 2965 2966
f 2939 2966 2965
f 2939 2966 2967
f 2939 2967 2966
f 2939 2967 2968
f 2939 2968 2967
f 2939 2968 2969
f 2939 2969 2968
f 2939 2969 2970
f 2939 2970 2969
f 2939 2970 2971
f 2939 2971 2970
f 2939 2971 2972
f 2939 2972 2971
f 2939 2972 2973
f 2939 2973 2972
f 2939 2973 2974
f 2939 2974 2973
f 2939 2974 2975
f 2939 2975 2974
f 2939 2975 2976
f 2939 2976 2975
f 2939 2976 2977
f 2939 2977 2976
f 2939 2977 2978
f 2939 2978 2977
f 2939 2978 2979
f 2939 2979 2978
f 2939 2979 2980
f 2939 2980 2979
f 2939 2980 2981
f 2939 2981 2980
f 2939 2981 2982
f 2939 2982 2981
f 2939 2982 2983
f 2939 2983 2982
f 2939 2983 2984
f 2939 2984 2983
v -0.063221 0.507719 0.101439
v -0.065303 0.510438 0.096720
v -0.070186 0.512118 0.094016
v -0.076006 0.512118 0.094357
v -0.080539 0.510438 0.097615
v -0.082054 0.507719 0.102545
v -0.079973 0.505000 0.107263
v -0.075089 0.503320 0.109968
v -0.069269 0.503320 0.109626
v -0.064736 0.505000 0.106368
v -0.064549 0.558802 0.130306
v -0.065965 0.560650 0.127098
v -0.069286 0.561793 0.125258
v -0.073243 0.561793 0.125491
v -0.076326 0.560650 0.127706
v -0.077356 0.558802 0.131058
v -0.075940 0.556953 0.134267
v -0.072620 0.555810 0.136106
v -0.068662 0.555810 0.135874
v -0.065579 0.556953 0.133658
f 2985 2986 2996
f 2985 2996 2995
f 2986 2987 2997
f 2986 2997 2996
f 2987 2988 2998
f 2987 2998 2997
f 2988 2989 2999
f 2988 2999 2998
f 2989 2990 3000
f 2989 3000 2999
f 2990 2991 3001
f 2990 3001 3000
f 2991 2992 3002
f 2991 3002 3001
f 2992 2993 3003
f 2992 3003 3002
f 2993 2994 3004
f 2993 3004 3003
f 2994 2985 2995
f 2994 2995 3004
v -0.070953 0.558802 0.130682
v -0.068389 0.556727 0.130400
v -0.065728 0.554801 0.129846
v -0.062871 0.553176 0.128746
v -0.059751 0.551956 0.126908
v -0.056349 0.551171 0.124281
v -0.052702 0.550761 0.120971
v -0.048904 0.550583 0.117239
v -0.045088 0.550433 0.113456
v -0.041407 0.550075 0.110051
v -0.038007 0.549286 0.107430
v -0.035001 0.547891 0.105911
v -0.032451 0.545794 0.105670
v -0.030359 0.542994 0.106705
v -0.028661 0.539588 0.108844
v -0.027244 0.535751 0.111767
v -0.025961 0.531707 0.115066
v -0.024660 0.527690 0.118316
v -0.023209 0.523906 0.121143
v -0.021513 0.520496 0.123287
v -0.019534 0.517521 0.124642
v -0.017292 0.514952 0.125259
v -0.014855 0.512683 0.125331
v -0.012320 0.510563 0.125130
v -0.014884 0.512638 0.125412
v -0.017545 0.514563 0.125966
v -0.020402 0.516188 0.127066
v -0.023522 0.517408 0.128904
v -0.026924 0.518194 0.131531
v -0.030571 0.518604 0.134841
v -0.034369 0.518781 0.138574
v -0.038185 0.518932 0.142356
v -0.041866 0.519289 0.145761
v -0.045266 0.520078 0.148382
v -0.048272 0.521473 0.149901
v -0.050821 0.523571 0.150142
v -0.052914 0.526370 0.149107
v -0.054612 0.529776 0.146968
v -0.056029 0.533613 0.144046
v -0.057312 0.537657 0.140746
v -0.058613 0.541674 0.137496
v -0.060064 0.545459 0.134669
v -0.061760 0.548868 0.132525
v -0.063738 0.551843 0.131170
v -0.065980 0.554413 0.130553
v -0.068418 0.556682 0.130481
f 3005 3006 3007
f 3005 3007 3006
f 3005 3007 3008
f 3005 3008 3007
f 3005 3008 3009
f 3005 3009 3008
f 3005 3009 3010
f 3005 3010 3009
f 3005 3010 3011
f 3005 3011 3010
f 3005 3011 3012
f 3005 3012 3011
f 3005 3012 3013
f 3005 3013 3012
f 3005 3013 3014
f 3005 3014 3013
f 3005 3014 3015
f 3005 3015 3014
f 3005 3015 3016
f 3005 3016 3015
f 3005 3016 3017
f 3005 3017 3016
f 3005 3017 3018
f 3005 3018 3017
f 3005 3018 3019
f 3005 3019 3018
f 3005 3019 3020
f 3005 3020 3019
f 3005 3020 3021
f 3005 3021 3020
f 3005 3021 3022
f 3005 3022 3021
f 3005 3022 3023
f 3005 3023 3022
f 3005 3023 3024
f 3005 3024 3023
f 3005 3024 3025
f 3005 3025 3024
f 3005 3025 3026
f 3005 3026 3025
f 3005 3026 3027
f 3005 3027 3026
f 3005 3027 3028
f 3005 3028 3027
f 3005 3028 3029
f 3005 3029 3028
f 3005 3029 3030
f 3005 3030 3029
f 3005 3030 3031
f 3005 3031 3030
f 3005 3031 3032
f 3005 3032 3031
f 3005 3032 3033
f 3005 3033 3032
f 3005 3033 3034
f 3005 3034 3033
f 3005 3034 3035
f 3005 3035 3034
f 3005 3035 3036
f 3005 3036 3035
f 3005 3036 3037
f 3005 3037 3036
f 3005 3037 3038
f 3005 3038 3037
f 3005 3038 3039
f 3005 3039 3038
f 3005 3039 3040
f 3005 3040 3039
f 3005 3040 3041
f 3005 3041 3040
f 3005 3041 3042
f 3005 3042 3041
f 3005 3042 3043
f 3005 3043 3042
f 3005 3043 3044
f 3005 3044 3043
f 3005 3044 3045
f 3005 3045 3044
f 3005 3045 3046
f 3005 3046 3045
f 3005 3046 3047
f 3005 3047 3046
f 3005 3047 3048
f 3005 3048 3047
f 3005 3048 3049
f 3005 3049 3048
f 3005 3049 3050
f 3005 3050 3049
v -0.070953 0.558802 0.130682
v -0.073418 0.558481 0.128452
v -0.076396 0.557891 0.126732
v -0.079951 0.556997 0.125585
v -0.084041 0.555823 0.124970
v -0.088551 0.554428 0.124773
v -0.093312 0.552900 0.124826
v -0.098120 0.551348 0.124926
v -0.102759 0.549885 0.124858
v -0.107022 0.548619 0.124416
v -0.110733 0.547644 0.123424
v -0.113764 0.547026 0.121756
v -0.116046 0.546802 0.119343
v -0.117580 0.546971 0.116186
v -0.118434 0.547498 0.112352
v -0.118735 0.548315 0.107969
v -0.118661 0.549330 0.103212
v -0.118417 0.550433 0.098286
v -0.118221 0.551512 0.093408
v -0.118276 0.552459 0.088779
v -0.118750 0.553185 0.084568
v -0.119760 0.553630 0.080890
v -0.121346 0.553772 0.077784
v -0.123446 0.553643 0.075189
v -0.120980 0.553964 0.077420
v -0.118002 0.554554 0.079140
v -0.114447 0.555448 0.080287
v -0.110357 0.556622 0.080902
v -0.105847 0.558018 0.081098
v -0.101086 0.559545 0.081045
v -0.096278 0.561097 0.080945
v -0.091639 0.562560 0.081014
v -0.087376 0.563826 0.081456
v -0.083665 0.564802 0.082447
v -0.080634 0.565419 0.084116
v -0.078352 0.565643 0.086528
v -0.076818 0.565474 0.089685
v -0.075964 0.564947 0.093519
v -0.075663 0.564130 0.097903
v -0.075738 0.563115 0.102660
v -0.075981 0.562012 0.107585
v -0.076177 0.560933 0.112464
v -0.076122 0.559986 0.117093
v -0.075648 0.559260 0.121303
v -0.074638 0.558815 0.124982
v -0.073052 0.558674 0.128087
f 3051 3052 3053
f 3051 3053 3052
f 3051 3053 3054
f 3051 3054 3053
f 3051 3054 3055
f 3051 3055 3054
f 3051 3055 3056
f 3051 3056 3055
f 3051 3056 3057
f 3051 3057 3056
f 3051 3057 3058
f 3051 3058 3057
f 3051 3058 3059
f 3051 3059 3058
f 3051 3059 3060
f 3051 3060 3059
f 3051 3060 3061
f 3051 3061 3060
f 3051 3061 3062
f 3051 3062 3061
f 3051 3062 3063
f 3051 3063 3062
f 3051 3063 3064
f 3051 3064 3063
f 3051 3064 3065
f 3051 3065 3064
f 3051 3065 3066
f 3051 3066 3065
f 3051 3066 3067
f 3051 3067 3066
f 3051 3067 3068
f 3051 3068 3067
f 3051 3068 3069
f 3051 3069 3068
f 3051 3069 3070
f 3051 3070 3069
f 3051 3070 3071
f 3051 3071 3070
f 3051 3071 3072
f 3051 3072 3071
f 3051 3072 3073
f 3051 3073 3072
f 3051 3073 3074
f 3051 3074 3073
f 3051 3074 3075
f 3051 3075 3074
f 3051 3075 3076
f 3051 3076 3075
f 3051 3076 3077
f 3051 3077 3076
f 3051 3077 3078
f 3051 3078 3077
f 3051 3078 3079
f 3051 3079 3078
f 3051 3079 3080
f 3051 3080 3079
f 3051 3080 3081
f 3051 3081 3080
f 3051 3081 3082
f 3051 3082 3081
f 3051 3082 3083
f 3051 3083 3082
f 3051 3083 3084
f 3051 3084 3083
f 3051 3084 3085
f 3051 3085 3084
f 3051 3085 3086
f 3051 3086 3085
f 3051 3086 3087
f 3051 3087 3086
f 3051 3087 3088
f 3051 3088 3087
f 3051 3088 3089
f 3051 3089 3088
f 3051 3089 3090
f 3051 3090 3089
f 3051 3090 3091
f 3051 3091 3090
f 3051 3091 3092
f 3051 3092 3091
f 3051 3092 3093
f 3051 3093 3092
f 3051 3093 3094
f 3051 3094 3093
f 3051 3094 3095
f 3051 3095 3094
f 3051 3095 3096
f 3051 3096 3095
v -0.070953 0.558802 0.130682
v -0.073335 0.556473 0.133347
v -0.075234 0.553961 0.136310
v -0.076345 0.551149 0.139760
v -0.076526 0.547984 0.143785
v -0.075813 0.544478 0.148363
v -0.074406 0.540709 0.153370
v -0.072645 0.536806 0.158595
v -0.070959 0.532931 0.163774
v -0.069802 0.529257 0.168627
v -0.069590 0.525942 0.172895
v -0.070639 0.523106 0.176384
v -0.073119 0.520815 0.178987
v -0.077031 0.519068 0.180706
v -0.082204 0.517800 0.181646
v -0.088322 0.516892 0.182001
v -0.094970 0.516185 0.182030
v -0.101691 0.515506 0.182012
v -0.108059 0.514692 0.182213
v -0.113733 0.513615 0.182843
v -0.118512 0.512198 0.184026
v -0.122363 0.510427 0.185783
v -0.125425 0.508357 0.188027
v -0.128003 0.506103 0.190571
v -0.125620 0.508432 0.187906
v -0.123721 0.510944 0.184943
v -0.122611 0.513756 0.181492
v -0.122429 0.516921 0.177468
v -0.123143 0.520426 0.172890
v -0.124549 0.524195 0.167883
v -0.126310 0.528099 0.162658
v -0.127996 0.531974 0.157479
v -0.129154 0.535648 0.152626
v -0.129366 0.538963 0.148358
v -0.128317 0.541798 0.144869
v -0.125837 0.544090 0.142266
v -0.121924 0.545837 0.140547
v -0.116751 0.547104 0.139607
v -0.110633 0.548013 0.139252
v -0.103986 0.548720 0.139223
v -0.097264 0.549399 0.139241
v -0.090897 0.550213 0.139040
v -0.085223 0.551290 0.138410
v -0.080443 0.552707 0.137227
v -0.076593 0.554477 0.135470
v -0.073531 0.556548 0.133226
f 3097 3098 3099
f 3097 3099 3098
f 3097 3099 3100
f 3097 3100 3099
f 3097 3100 3101
f 3097 3101 3100
f 3097 3101 3102
f 3097 3102 3101
f 3097 3102 3103
f 3097 3103 3102
f 3097 3103 3104
f 3097 3104 3103
f 3097 3104 3105
f 3097 3105 3104
f 3097 3105 3106
f 3097 3106 3105
f 3097 3106 3107
f 3097 3107 3106
f 3097 3107 3108
f 3097 3108 3107
f 3097 3108 3109
f 3097 3109 3108
f 3097 3109 3110
f 3097 3110 3109
f 3097 3110 3111
f 3097 3111 3110
f 3097 3111 3112
f 3097 3112 3111
f 3097 3112 3113
f 3097 3113 3112
f 3097 3113 3114
f 3097 3114 3113
f 3097 3114 3115
f 3097 3115 3114
f 3097 3115 3116
f 3097 3116 3115
f 3097 3116 3117
f 3097 3117 3116
f 3097 3117 3118
f 3097 3118 3117
f 3097 3118 3119
f 3097 3119 3118
f 3097 3119 3120
f 3097 3120 3119
f 3097 3120 3121
f 3097 3121 3120
f 3097 3121 3122
f 3097 3122 3121
f 3097 3122 3123
f 3097 3123 3122
f 3097 3123 3124
f 3097 3124 3123
f 3097 3124 3125
f 3097 3125 3124
f 3097 3125 3126
f 3097 3126 3125
f 3097 3126 3127
f 3097 3127 3126
f 3097 3127 3128
f 3097 3128 3127
f 3097 3128 3129
f 3097 3129 3128
f 3097 3129 3130
f 3097 3130 3129
f 3097 3130 3131
f 3097 3131 3130
f 3097 3131 3132
f 3097 3132 3131
f 3097 3132 3133
f 3097 3133 3132
f 3097 3133 3134
f 3097 3134 3133
f 3097 3134 3135
f 3097 3135 3134
f 3097 3135 3136
f 3097 3136 3135
f 3097 3136 3137
f 3097 3137 3136
f 3097 3137 3138
f 3097 3138 3137
f 3097 3138 3139
f 3097 3139 3138
f 3097 3139 3140
f 3097 3140 3139
f 3097 3140 3141
f 3097 3141 3140
f 3097 3141 3142
f 3097 3142 3141
v -0.081673 0.507719 0.104703
v -0.078566 0.510482 0.108789
v -0.073194 0.512189 0.110280
v -0.067610 0.512189 0.108604
v -0.063947 0.510482 0.104403
v -0.063603 0.507719 0.099281
v -0.066710 0.504956 0.095194
v -0.072081 0.503249 0.093704
v -0.077665 0.503249 0.095379
v -0.081329 0.504956 0.099581
v -0.087413 0.559974 0.075070
v -0.085300 0.561853 0.077849
v -0.081647 0.563014 0.078862
v -0.077850 0.563014 0.077723
v -0.075359 0.561853 0.074866
v -0.075125 0.559974 0.071383
v -0.077238 0.558096 0.068604
v -0.080890 0.556935 0.067591
v -0.084687 0.556935 0.068730
v -0.087179 0.558096 0.071587
f 3143 3144 3154
f 3143 3154 3153
f 3144 3145 3155
f 3144 3155 3154
f 3145 3146 3156
f 3145 3156 3155
f 3146 3147 3157
f 3146 3157 3156
f 3147 3148 3158
f 3147 3158 3157
f 3148 3149 3159
f 3148 3159 3158
f 3149 3150 3160
f 3149 3160 3159
f 3150 3151 3161
f 3150 3161 3160
f 3151 3152 3162
f 3151 3162 3161
f 3152 3143 3153
f 3152 3153 3162
v -0.081269 0.559974 0.073226
v -0.084696 0.558264 0.077279
v -0.087472 0.557362 0.082606
v -0.089703 0.557136 0.088997
v -0.091517 0.557429 0.096206
v -0.093061 0.558057 0.103943
v -0.094499 0.558816 0.111885
v -0.096003 0.559494 0.119701
v -0.097734 0.559890 0.127071
v -0.099839 0.559821 0.133709
v -0.102438 0.559138 0.139382
v -0.105616 0.557737 0.143922
v -0.109416 0.555563 0.147245
v -0.113839 0.552616 0.149351
v -0.118840 0.548950 0.150325
v -0.124335 0.544671 0.150333
v -0.130204 0.539928 0.149609
v -0.136301 0.534901 0.148439
v -0.142462 0.529794 0.147143
v -0.148519 0.524818 0.146053
v -0.154306 0.520177 0.145490
v -0.159674 0.516055 0.145745
v -0.164499 0.512609 0.147065
v -0.168672 0.509971 0.149658
v -0.165245 0.511682 0.145605
v -0.162469 0.512584 0.140279
v -0.160237 0.512810 0.133888
v -0.158424 0.512516 0.126678
v -0.156880 0.511888 0.118942
v -0.155441 0.511130 0.111000
v -0.153938 0.510451 0.103184
v -0.152207 0.510056 0.095813
v -0.150102 0.510125 0.089175
v -0.147502 0.510808 0.083503
v -0.144325 0.512209 0.078963
v -0.140525 0.514383 0.075639
v -0.136102 0.517330 0.073534
v -0.131101 0.520995 0.072560
v -0.125606 0.525274 0.072552
v -0.119737 0.530018 0.073276
v -0.113640 0.535045 0.074445
v -0.107478 0.540151 0.075741
v -0.101422 0.545127 0.076831
v -0.095635 0.549769 0.077394
v -0.090266 0.553891 0.077139
v -0.085442 0.557337 0.075819
f 3163 3164 3165
f 3163 3165 3164
f 3163 3165 3166
f 3163 3166 3165
f 3163 3166 3167
f 3163 3167 3166
f 3163 3167 3168
f 3163 3168 3167
f 3163 3168 3169
f 3163 3169 3168
f 3163 3169 3170
f 3163 3170 3169
f 3163 3170 3171
f 3163 3171 3170
f 3163 3171 3172
f 3163 3172 3171
f 3163 3172 3173
f 3163 3173 3172
f 3163 3173 3174
f 3163 3174 3173
f 3163 3174 3175
f 3163 3175 3174
f 3163 3175 3176
f 3163 3176 3175
f 3163 3176 3177
f 3163 3177 3176
f 3163 3177 3178
f 3163 3178 3177
f 3163 3178 3179
f 3163 3179 3178
f 3163 3179 3180
f 3163 3180 3179
f 3163 3180 3181
f 3163 3181 3180
f 3163 3181 3182
f 3163 3182 3181
f 3163 3182 3183
f 3163 3183 3182
f 3163 3183 3184
f 3163 3184 3183
f 3163 3184 3185
f 3163 3185 3184
f 3163 3185 3186
f 3163 3186 3185
f 3163 3186 3187
f 3163 3187 3186
f 3163 3187 3188
f 3163 3188 3187
f 3163 3188 3189
f 3163 3189 3188
f 3163 3189 3190
f 3163 3190 3189
f 3163 3190 3191
f 3163 3191 3190
f 3163 3191 3192
f 3163 3192 3191
f 3163 3192 3193
f 3163 3193 3192
f 3163 3193 3194
f 3163 3194 3193
f 3163 3194 3195
f 3163 3195 3194
f 3163 3195 3196
f 3163 3196 3195
f 3163 3196 3197
f 3163 3197 3196
f 3163 3197 3198
f 3163 3198 3197
f 3163 3198 3199
f 3163 3199 3198
f 3163 3199 3200
f 3163 3200 3199
f 3163 3200 3201
f 3163 3201 3200
f 3163 3201 3202
f 3163 3202 3201
f 3163 3202 3203
f 3163 3203 3202
f 3163 3203 3204
f 3163 3204 3203
f 3163 3204 3205
f 3163 3205 3204
f 3163 3205 3206
f 3163 3206 3205
f 3163 3206 3207
f 3163 3207 3206
f 3163 3207 3208
f 3163 3208 3207
v -0.081269 0.559974 0.073226
v -0.077979 0.559384 0.073677
v -0.074679 0.558676 0.073912
v -0.071353 0.557693 0.073640
v -0.067990 0.556299 0.072608
v -0.064583 0.554424 0.070692
v -0.061136 0.552103 0.067952
v -0.057660 0.549473 0.064642
v -0.054176 0.546760 0.061179
v -0.050710 0.544238 0.058068
v -0.047286 0.542179 0.055811
v -0.043925 0.540800 0.054809
v -0.040636 0.540223 0.055285
v -0.037421 0.540447 0.057239
v -0.034268 0.541352 0.060448
v -0.031157 0.542720 0.064510
v -0.028064 0.544279 0.068925
v -0.024963 0.545755 0.073186
v -0.021834 0.546922 0.076878
v -0.018664 0.547642 0.079746
v -0.015451 0.547883 0.081730
v -0.012199 0.547711 0.082953
v -0.008923 0.547265 0.083670
v -0.005636 0.546701 0.084171
v -0.008925 0.547292 0.083721
v -0.012226 0.548000 0.083486
v -0.015551 0.548982 0.083758
v -0.018914 0.550377 0.084790
v -0.022321 0.552251 0.086706
v -0.025769 0.554573 0.089446
v -0.029245 0.557203 0.092756
v -0.032728 0.559916 0.096219
v -0.036194 0.562438 0.099330
v -0.039618 0.564497 0.101587
v -0.042980 0.565876 0.102589
v -0.046268 0.566453 0.102113
v -0.049483 0.566228 0.100159
v -0.052636 0.565323 0.096950
v -0.055747 0.563955 0.092888
v -0.058840 0.562396 0.088473
v -0.061941 0.560921 0.084211
v -0.065070 0.559754 0.080519
v -0.068240 0.559034 0.077652
v -0.071454 0.558793 0.075668
v -0.074705 0.558965 0.074444
v -0.077982 0.559411 0.073728
f 3209 3210 3211
f 3209 3211 3210
f 3209 3211 3212
f 3209 3212 3211
f 3209 3212 3213
f 3209 3213 3212
f 3209 3213 3214
f 3209 3214 3213
f 3209 3214 3215
f 3209 3215 3214
f 3209 3215 3216
f 3209 3216 3215
f 3209 3216 3217
f 3209 3217 3216
f 3209 3217 3218
f 3209 3218 3217
f 3209 3218 3219
f 3209 3219 3218
f 3209 3219 3220
f 3209 3220 3219
f 3209 3220 3221
f 3209 3221 3220
f 3209 3221 3222
f 3209 3222 3221
f 3209 3222 3223
f 3209 3223 3222
f 3209 3223 3224
f 3209 3224 3223
f 3209 3224 3225
f 3209 3225 3224
f 3209 3225 3226
f 3209 3226 3225
f 3209 3226 3227
f 3209 3227 3226
f 3209 3227 3228
f 3209 3228 3227
f 3209 3228 3229
f 3209 3229 3228
f 3209 3229 3230
f 3209 3230 3229
f 3209 3230 3231
f 3209 3231 3230
f 3209 3231 3232
f 3209 3232 3231
f 3209 3232 3233
f 3209 3233 3232
f 3209 3233 3234
f 3209 3234 3233
f 3209 3234 3235
f 3209 3235 3234
f 3209 3235 3236
f 3209 3236 3235
f 3209 3236 3237
f 3209 3237 3236
f 3209 3237 3238
f 3209 3238 3237
f 3209 3238 3239
f 3209 3239 3238
f 3209 3239 3240
f 3209 3240 3239
f 3209 3240 3241
f 3209 3241 3240
f 3209 3241 3242
f 3209 3242 3241
f 3209 3242 3243
f 3209 3243 3242
f 3209 3243 3244
f 3209 3244 3243
f 3209 3244 3245
f 3209 3245 3244
f 3209 3245 3246
f 3209 3246 3245
f 3209 3246 3247
f 3209 3247 3246
f 3209 3247 3248
f 3209 3248 3247
f 3209 3248 3249
f 3209 3249 3248
f 3209 3249 3250
f 3209 3250 3249
f 3209 3250 3251
f 3209 3251 3250
f 3209 3251 3252
f 3209 3252 3251
f 3209 3252 3253
f 3209 3253 3252
f 3209 3253 3254
f 3209 3254 3253
v -0.000196 0.300000 -0.020399
v -0.008179 0.308913 -0.016426
v -0.013038 0.314422 -0.006179
v -0.012917 0.314422 0.006428
v -0.007862 0.308913 0.016580
v 0.000196 0.300000 0.020399
v 0.008179 0.291087 0.016426
v 0.013038 0.285578 0.006179
v 0.012917 0.285578 -0.006428
v 0.007862 0.291087 -0.016580
v 0.119274 0.407457 -0.015018
v 0.113846 0.413518 -0.012316
v 0.110541 0.417264 -0.005348
v 0.110624 0.417264 0.003225
v 0.114061 0.413518 0.010128
v 0.119540 0.407457 0.012725
v 0.124969 0.401396 0.010023
v 0.128273 0.397650 0.003055
v 0.128191 0.397650 -0.005518
v 0.124753 0.401396 -0.012421
f 3255 3256 3266
f 3255 3266 3265
f 3256 3257 3267
f 3256 3267 3266
f 3257 3258 3268
f 3257 3268 3267
f 3258 3259 3269
f 3258 3269 3268
f 3259 3260 3270
f 3259 3270 3269
f 3260 3261 3271
f 3260 3271 3270
f 3261 3262 3272
f 3261 3272 3271
f 3262 3263 3273
f 3262 3273 3272
f 3263 3264 3274
f 3263 3274 3273
f 3264 3255 3265
f 3264 3265 3274
v 0.120063 0.407457 -0.015003
v 0.119369 0.415591 -0.012384
v 0.118690 0.420618 -0.005472
v 0.118285 0.420618 0.003092
v 0.118309 0.415591 0.010037
v 0.118752 0.407457 0.012710
v 0.119445 0.399323 0.010090
v 0.120124 0.394296 0.003179
v 0.120529 0.394296 -0.005385
v 0.120506 0.399323 -0.012330
v 0.207088 0.413566 -0.006442
v 0.206616 0.419097 -0.004660
v 0.206154 0.422515 0.000040
v 0.205879 0.422515 0.005863
v 0.205895 0.419097 0.010586
v 0.206196 0.413566 0.012403
v 0.206668 0.408035 0.010622
v 0.207129 0.404617 0.005922
v 0.207405 0.404617 0.000099
v 0.207389 0.408035 -0.004624
f 3275 3276 3286
f 3275 3286 3285
f 3276 3277 3287
f 3276 3287 3286
f 3277 3278 3288
f 3277 3288 3287
f 3278 3279 3289
f 3278 3289 3288
f 3279 3280 3290
f 3279 3290 3289
f 3280 3281 3291
f 3280 3291 3290
f 3281 3282 3292
f 3281 3292 3291
f 3282 3283 3293
f 3282 3293 3292
f 3283 3284 3294
f 3283 3294 3293
f 3284 3275 3285
f 3284 3285 3294
v 0.206642 0.413566 0.002981
v 0.206125 0.412362 -0.000282
v 0.205584 0.411646 -0.003741
v 0.205003 0.411694 -0.007503
v 0.204377 0.412617 -0.011614
v 0.203710 0.414364 -0.016054
v 0.203010 0.416733 -0.020742
v 0.202295 0.419404 -0.025550
v 0.201585 0.421980 -0.030320
v 0.200901 0.424046 -0.034887
v 0.200263 0.425228 -0.039101
v 0.199684 0.425240 -0.042850
v 0.199172 0.423930 -0.046071
v 0.198729 0.421298 -0.048765
v 0.198345 0.417496 -0.050993
v 0.198007 0.412809 -0.052869
v 0.197694 0.407613 -0.054541
v 0.197387 0.402322 -0.056175
v 0.197064 0.397333 -0.057930
v 0.196709 0.392966 -0.059933
v 0.196312 0.389423 -0.062264
v 0.195870 0.386755 -0.064944
v 0.195390 0.384850 -0.067928
v 0.194884 0.383434 -0.071108
v 0.195400 0.384639 -0.067844
v 0.195942 0.385354 -0.064386
v 0.196523 0.385306 -0.060623
v 0.197148 0.384383 -0.056512
v 0.197816 0.382637 -0.052073
v 0.198515 0.380267 -0.047385
v 0.199230 0.377597 -0.042577
v 0.199940 0.375021 -0.037807
v 0.200624 0.372954 -0.033240
v 0.201263 0.371772 -0.029025
v 0.201842 0.371760 -0.025277
v 0.202353 0.373070 -0.022056
v 0.202797 0.375703 -0.019362
v 0.203180 0.379504 -0.017133
v 0.203519 0.384191 -0.015258
v 0.203831 0.389387 -0.013586
v 0.204139 0.394678 -0.011951
v 0.204462 0.399668 -0.010197
v 0.204816 0.404034 -0.008194
v 0.205213 0.407577 -0.005862
v 0.205655 0.410246 -0.003182
v 0.206136 0.412150 -0.000198
f 3295 3296 3297
f 3295 3297 3296
f 3295 3297 3298
f 3295 3298 3297
f 3295 3298 3299
f 3295 3299 3298
f 3295 3299 3300
f 3295 3300 3299
f 3295 3300 3301
f 3295 3301 3300
f 3295 3301 3302
f 3295 3302 3301
f 3295 3302 3303
f 3295 3303 3302
f 3295 3303 3304
f 3295 3304 3303
f 3295 3304 3305
f 3295 3305 3304
f 3295 3305 3306
f 3295 3306 3305
f 3295 3306 3307
f 3295 3307 3306
f 3295 3307 3308
f 3295 3308 3307
f 3295 3308 3309
f 3295 3309 3308
f 3295 3309 3310
f 3295 3310 3309
f 3295 3310 3311
f 3295 3311 3310
f 3295 3311 3312
f 3295 3312 3311
f 3295 3312 3313
f 3295 3313 3312
f 3295 3313 3314
f 3295 3314 3313
f 3295 3314 3315
f 3295 3315 3314
f 3295 3315 3316
f 3295 3316 3315
f 3295 3316 3317
f 3295 3317 3316
f 3295 3317 3318
f 3295 3318 3317
f 3295 3318 3319
f 3295 3319 3318
f 3295 3319 3320
f 3295 3320 3319
f 3295 3320 3321
f 3295 3321 3320
f 3295 3321 3322
f 3295 3322 3321
f 3295 3322 3323
f 3295 3323 3322
f 3295 3323 3324
f 3295 3324 3323
f 3295 3324 3325
f 3295 3325 3324
f 3295 3325 3326
f 3295 3326 3325
f 3295 3326 3327
f 3295 3327 3326
f 3295 3327 3328
f 3295 3328 3327
f 3295 3328 3329
f 3295 3329 3328
f 3295 3329 3330
f 3295 3330 3329
f 3295 3330 3331
f 3295 3331 3330
f 3295 3331 3332
f 3295 3332 3331
f 3295 3332 3333
f 3295 3333 3332
f 3295 3333 3334
f 3295 3334 3333
f 3295 3334 3335
f 3295 3335 3334
f 3295 3335 3336
f 3295 3336 3335
f 3295 3336 3337
f 3295 3337 3336
f 3295 3337 3338
f 3295 3338 3337
f 3295 3338 3339
f 3295 3339 3338
f 3295 3339 3340
f 3295 3340 3339
v 0.206642 0.413566 0.002981
v 0.204537 0.416987 0.006877
v 0.202445 0.419904 0.011245
v 0.200376 0.421933 0.016444
v 0.198335 0.422861 0.022673
v 0.196323 0.422685 0.029936
v 0.194334 0.421618 0.038033
v 0.192357 0.420056 0.046592
v 0.190380 0.418524 0.055124
v 0.188387 0.417595 0.063091
v 0.186365 0.417801 0.069996
v 0.184303 0.419549 0.075458
v 0.182196 0.423061 0.079269
v 0.180043 0.428338 0.081429
v 0.177851 0.435156 0.082145
v 0.175629 0.443110 0.081800
v 0.173392 0.451665 0.080891
v 0.171154 0.460252 0.079953
v 0.168929 0.468344 0.079478
v 0.166727 0.475544 0.079837
v 0.164553 0.481641 0.081230
v 0.162407 0.486636 0.083653
v 0.160285 0.490743 0.086907
v 0.158175 0.494347 0.090632
v 0.160280 0.490926 0.086736
v 0.162372 0.488008 0.082368
v 0.164441 0.485980 0.077169
v 0.166482 0.485052 0.070940
v 0.168494 0.485227 0.063678
v 0.170483 0.486295 0.055581
v 0.172460 0.487857 0.047021
v 0.174437 0.489389 0.038490
v 0.176430 0.490317 0.030523
v 0.178452 0.490112 0.023617
v 0.180514 0.488364 0.018156
v 0.182621 0.484851 0.014345
v 0.184774 0.479575 0.012185
v 0.186966 0.472756 0.011468
v 0.189188 0.464803 0.011813
v 0.191425 0.456247 0.012722
v 0.193663 0.447661 0.013660
v 0.195888 0.439569 0.014135
v 0.198090 0.432369 0.013776
v 0.200264 0.426272 0.012383
v 0.202410 0.421277 0.009961
v 0.204532 0.417169 0.006707
f 3341 3342 3343
f 3341 3343 3342
f 3341 3343 3344
f 3341 3344 3343
f 3341 3344 3345
f 3341 3345 3344
f 3341 3345 3346
f 3341 3346 3345
f 3341 3346 3347
f 3341 3347 3346
f 3341 3347 3348
f 3341 3348 3347
f 3341 3348 3349
f 3341 3349 3348
f 3341 3349 3350
f 3341 3350 3349
f 3341 3350 3351
f 3341 3351 3350
f 3341 3351 3352
f 3341 3352 3351
f 3341 3352 3353
f 3341 3353 3352
f 3341 3353 3354
f 3341 3354 3353
f 3341 3354 3355
f 3341 3355 3354
f 3341 3355 3356
f 3341 3356 3355
f 3341 3356 3357
f 3341 3357 3356
f 3341 3357 3358
f 3341 3358 3357
f 3341 3358 3359
f 3341 3359 3358
f 3341 3359 3360
f 3341 3360 3359
f 3341 3360 3361
f 3341 3361 3360
f 3341 3361 3362
f 3341 3362 3361
f 3341 3362 3363
f 3341 3363 3362
f 3341 3363 3364
f 3341 3364 3363
f 3341 3364 3365
f 3341 3365 3364
f 3341 3365 3366
f 3341 3366 3365
f 3341 3366 3367
f 3341 3367 3366
f 3341 3367 3368
f 3341 3368 3367
f 3341 3368 3369
f 3341 3369 3368
f 3341 3369 3370
f 3341 3370 3369
f 3341 3370 3371
f 3341 3371 3370
f 3341 3371 3372
f 3341 3372 3371
f 3341 3372 3373
f 3341 3373 3372
f 3341 3373 3374
f 3341 3374 3373
f 3341 3374 3375
f 3341 3375 3374
f 3341 3375 3376
f 3341 3376 3375
f 3341 3376 3377
f 3341 3377 3376
f 3341 3377 3378
f 3341 3378 3377
f 3341 3378 3379
f 3341 3379 3378
f 3341 3379 3380
f 3341 3380 3379
f 3341 3380 3381
f 3341 3381 3380
f 3341 3381 3382
f 3341 3382 3381
f 3341 3382 3383
f 3341 3383 3382
f 3341 3383 3384
f 3341 3384 3383
f 3341 3384 3385
f 3341 3385 3384
f 3341 3385 3386
f 3341 3386 3385
v 0.206642 0.413566 0.002981
v 0.204341 0.409333 0.003454
v 0.202064 0.405038 0.003532
v 0.199837 0.400607 0.002740
v 0.197683 0.395982 0.000700
v 0.195610 0.391138 -0.002744
v 0.193611 0.386096 -0.007455
v 0.191662 0.380923 -0.013004
v 0.189722 0.375723 -0.018732
v 0.187748 0.370617 -0.023855
v 0.185693 0.365725 -0.027610
v 0.183524 0.361140 -0.029392
v 0.181220 0.356914 -0.028867
v 0.178783 0.353049 -0.026036
v 0.176230 0.349491 -0.021231
v 0.173597 0.346146 -0.015059
v 0.170930 0.342895 -0.008282
v 0.168272 0.339617 -0.001683
v 0.165664 0.336208 0.004077
v 0.163129 0.332602 0.008570
v 0.160676 0.328776 0.011660
v 0.158296 0.324756 0.013501
v 0.155967 0.320601 0.014473
v 0.153660 0.316383 0.015049
v 0.155961 0.320617 0.014576
v 0.158238 0.324912 0.014497
v 0.160465 0.329342 0.015290
v 0.162619 0.333968 0.017330
v 0.164692 0.338812 0.020774
v 0.166690 0.343853 0.025484
v 0.168640 0.349026 0.031034
v 0.170580 0.354226 0.036761
v 0.172554 0.359332 0.041885
v 0.174609 0.364225 0.045640
v 0.176778 0.368810 0.047422
v 0.179081 0.373035 0.046897
v 0.181519 0.376901 0.044066
v 0.184072 0.380459 0.039261
v 0.186704 0.383803 0.033089
v 0.189372 0.387054 0.026312
v 0.192029 0.390332 0.019713
v 0.194638 0.393741 0.013953
v 0.197172 0.397348 0.009460
v 0.199625 0.401173 0.006370
v 0.202006 0.405193 0.004528
v 0.204335 0.409349 0.003557
f 3387 3388 3389
f 3387 3389 3388
f 3387 3389 3390
f 3387 3390 3389
f 3387 3390 3391
f 3387 3391 3390
f 3387 3391 3392
f 3387 3392 3391
f 3387 3392 3393
f 3387 3393 3392
f 3387 3393 3394
f 3387 3394 3393
f 3387 3394 3395
f 3387 3395 3394
f 3387 3395 3396
f 3387 3396 3395
f 3387 3396 3397
f 3387 3397 3396
f 3387 3397 3398
f 3387 3398 3397
f 3387 3398 3399
f 3387 3399 3398
f 3387 3399 3400
f 3387 3400 3399
f 3387 3400 3401
f 3387 3401 3400
f 3387 3401 3402
f 3387 3402 3401
f 3387 3402 3403
f 3387 3403 3402
f 3387 3403 3404
f 3387 3404 3403
f 3387 3404 3405
f 3387 3405 3404
f 3387 3405 3406
f 3387 3406 3405
f 3387 3406 3407
f 3387 3407 3406
f 3387 3407 3408
f 3387 3408 3407
f 3387 3408 3409
f 3387 3409 3408
f 3387 3409 3410
f 3387 3410 3409
f 3387 3410 3411
f 3387 3411 3410
f 3387 3411 3412
f 3387 3412 3411
f 3387 3412 3413
f 3387 3413 3412
f 3387 3413 3414
f 3387 3414 3413
f 3387 3414 3415
f 3387 3415 3414
f 3387 3415 3416
f 3387 3416 3415
f 3387 3416 3417
f 3387 3417 3416
f 3387 3417 3418
f 3387 3418 3417
f 3387 3418 3419
f 3387 3419 3418
f 3387 3419 3420
f 3387 3420 3419
f 3387 3420 3421
f 3387 3421 3420
f 3387 3421 3422
f 3387 3422 3421
f 3387 3422 3423
f 3387 3423 3422
f 3387 3423 3424
f 3387 3424 3423
f 3387 3424 3425
f 3387 3425 3424
f 3387 3425 3426
f 3387 3426 3425
f 3387 3426 3427
f 3387 3427 3426
f 3387 3427 3428
f 3387 3428 3427
f 3387 3428 3429
f 3387 3429 3428
f 3387 3429 3430
f 3387 3430 3429
f 3387 3430 3431
f 3387 3431 3430
f 3387 3431 3432
f 3387 3432 3431
v 0.206328 0.413566 -0.006447
v 0.209191 0.418349 -0.004740
v 0.211079 0.421306 -0.000083
v 0.211273 0.421306 0.005743
v 0.209698 0.418349 0.010515
v 0.206955 0.413566 0.012409
v 0.204093 0.408783 0.010701
v 0.202204 0.405827 0.006045
v 0.202010 0.405827 0.000218
v 0.203586 0.408783 -0.004553
v 0.250174 0.387908 -0.004885
v 0.252120 0.391160 -0.003724
v 0.253405 0.393171 -0.000558
v 0.253536 0.393171 0.003404
v 0.252465 0.391160 0.006649
v 0.250600 0.387908 0.007937
v 0.248654 0.384655 0.006776
v 0.247370 0.382645 0.003609
v 0.247238 0.382645 -0.000353
v 0.248309 0.384655 -0.003597
f 3433 3434 3444
f 3433 3444 3443
f 3434 3435 3445
f 3434 3445 3444
f 3435 3436 3446
f 3435 3446 3445
f 3436 3437 3447
f 3436 3447 3446
f 3437 3438 3448
f 3437 3448 3447
f 3438 3439 3449
f 3438 3449 3448
f 3439 3440 3450
f 3439 3450 3449
f 3440 3441 3451
f 3440 3451 3450
f 3441 3442 3452
f 3441 3452 3451
f 3442 3433 3443
f 3442 3443 3452
v 0.250387 0.387908 0.001526
v 0.249475 0.389048 -0.001167
v 0.248700 0.390422 -0.003812
v 0.248218 0.392287 -0.006355
v 0.248142 0.394838 -0.008758
v 0.248513 0.398140 -0.011006
v 0.249278 0.402108 -0.013118
v 0.250297 0.406504 -0.015141
v 0.251359 0.410971 -0.017150
v 0.252218 0.415098 -0.019228
v 0.252639 0.418486 -0.021459
v 0.252435 0.420820 -0.023906
v 0.251503 0.421928 -0.026605
v 0.249844 0.421810 -0.029557
v 0.247559 0.420638 -0.032725
v 0.244836 0.418727 -0.036045
v 0.241911 0.416475 -0.039435
v 0.239028 0.414296 -0.042811
v 0.236400 0.412544 -0.046098
v 0.234165 0.411457 -0.049249
v 0.232378 0.411123 -0.052245
v 0.230997 0.411474 -0.055100
v 0.229907 0.412316 -0.057854
v 0.228956 0.413391 -0.060560
v 0.229869 0.412251 -0.057868
v 0.230643 0.410877 -0.055223
v 0.231125 0.409012 -0.052679
v 0.231201 0.406461 -0.050276
v 0.230831 0.403159 -0.048028
v 0.230065 0.399191 -0.045917
v 0.229046 0.394795 -0.043894
v 0.227985 0.390328 -0.041885
v 0.227125 0.386201 -0.039806
v 0.226704 0.382813 -0.037576
v 0.226908 0.380479 -0.035128
v 0.227840 0.379371 -0.032429
v 0.229500 0.379489 -0.029478
v 0.231784 0.380661 -0.026309
v 0.234507 0.382572 -0.022989
v 0.237432 0.384824 -0.019599
v 0.240315 0.387003 -0.016224
v 0.242944 0.388755 -0.012936
v 0.245178 0.389842 -0.009785
v 0.246965 0.390176 -0.006789
v 0.248347 0.389826 -0.003934
v 0.249436 0.388983 -0.001180
f 3453 3454 3455
f 3453 3455 3454
f 3453 3455 3456
f 3453 3456 3455
f 3453 3456 3457
f 3453 3457 3456
f 3453 3457 3458
f 3453 3458 3457
f 3453 3458 3459
f 3453 3459 3458
f 3453 3459 3460
f 3453 3460 3459
f 3453 3460 3461
f 3453 3461 3460
f 3453 3461 3462
f 3453 3462 3461
f 3453 3462 3463
f 3453 3463 3462
f 3453 3463 3464
f 3453 3464 3463
f 3453 3464 3465
f 3453 3465 3464
f 3453 3465 3466
f 3453 3466 3465
f 3453 3466 3467
f 3453 3467 3466
f 3453 3467 3468
f 3453 3468 3467
f 3453 3468 3469
f 3453 3469 3468
f 3453 3469 3470
f 3453 3470 3469
f 3453 3470 3471
f 3453 3471 3470
f 3453 3471 3472
f 3453 3472 3471
f 3453 3472 3473
f 3453 3473 3472
f 3453 3473 3474
f 3453 3474 3473
f 3453 3474 3475
f 3453 3475 3474
f 3453 3475 3476
f 3453 3476 3475
f 3453 3476 3477
f 3453 3477 3476
f 3453 3477 3478
f 3453 3478 3477
f 3453 3478 3479
f 3453 3479 3478
f 3453 3479 3480
f 3453 3480 3479
f 3453 3480 3481
f 3453 3481 3480
f 3453 3481 3482
f 3453 3482 3481
f 3453 3482 3483
f 3453 3483 3482
f 3453 3483 3484
f 3453 3484 3483
f 3453 3484 3485
f 3453 3485 3484
f 3453 3485 3486
f 3453 3486 3485
f 3453 3486 3487
f 3453 3487 3486
f 3453 3487 3488
f 3453 3488 3487
f 3453 3488 3489
f 3453 3489 3488
f 3453 3489 3490
f 3453 3490 3489
f 3453 3490 3491
f 3453 3491 3490
f 3453 3491 3492
f 3453 3492 3491
f 3453 3492 3493
f 3453 3493 3492
f 3453 3493 3494
f 3453 3494 3493
f 3453 3494 3495
f 3453 3495 3494
f 3453 3495 3496
f 3453 3496 3495
f 3453 3496 3497
f 3453 3497 3496
f 3453 3497 3498
f 3453 3498 3497
v 0.250387 0.387908 0.001526
v 0.249618 0.389397 0.005397
v 0.248452 0.390194 0.009508
v 0.246775 0.390104 0.013925
v 0.244582 0.389115 0.018652
v 0.241951 0.387365 0.023642
v 0.239028 0.385107 0.028807
v 0.236006 0.382678 0.034032
v 0.233103 0.380455 0.039185
v 0.230533 0.378813 0.044138
v 0.228486 0.378077 0.048777
v 0.227098 0.378490 0.053020
v 0.226445 0.380179 0.056823
v 0.226525 0.383144 0.060185
v 0.227265 0.387257 0.063151
v 0.228527 0.392277 0.065803
v 0.230123 0.397877 0.068255
v 0.231837 0.403684 0.070636
v 0.233453 0.409320 0.073076
v 0.234777 0.414448 0.075691
v 0.235663 0.418814 0.078569
v 0.236033 0.422282 0.081757
v 0.235891 0.424862 0.085252
v 0.235353 0.426751 0.088986
v 0.236122 0.425262 0.085114
v 0.237288 0.424465 0.081004
v 0.238965 0.424555 0.076587
v 0.241158 0.425543 0.071860
v 0.243789 0.427294 0.066870
v 0.246712 0.429552 0.061704
v 0.249734 0.431981 0.056480
v 0.252637 0.434204 0.051327
v 0.255206 0.435846 0.046374
v 0.257254 0.436582 0.041734
v 0.258642 0.436169 0.037491
v 0.259295 0.434480 0.033688
v 0.259215 0.431515 0.030326
v 0.258475 0.427402 0.027361
v 0.257213 0.422382 0.024708
v 0.255617 0.416782 0.022256
v 0.253903 0.410975 0.019876
v 0.252287 0.405339 0.017436
v 0.250963 0.400211 0.014821
v 0.250077 0.395845 0.011942
v 0.249707 0.392377 0.008754
v 0.249848 0.389797 0.005259
f 3499 3500 3501
f 3499 3501 3500
f 3499 3501 3502
f 3499 3502 3501
f 3499 3502 3503
f 3499 3503 3502
f 3499 3503 3504
f 3499 3504 3503
f 3499 3504 3505
f 3499 3505 3504
f 3499 3505 3506
f 3499 3506 3505
f 3499 3506 3507
f 3499 3507 3506
f 3499 3507 3508
f 3499 3508 3507
f 3499 3508 3509
f 3499 3509 3508
f 3499 3509 3510
f 3499 3510 3509
f 3499 3510 3511
f 3499 3511 3510
f 3499 3511 3512
f 3499 3512 3511
f 3499 3512 3513
f 3499 3513 3512
f 3499 3513 3514
f 3499 3514 3513
f 3499 3514 3515
f 3499 3515 3514
f 3499 3515 3516
f 3499 3516 3515
f 3499 3516 3517
f 3499 3517 3516
f 3499 3517 3518
f 3499 3518 3517
f 3499 3518 3519
f 3499 3519 3518
f 3499 3519 3520
f 3499 3520 3519
f 3499 3520 3521
f 3499 3521 3520
f 3499 3521 3522
f 3499 3522 3521
f 3499 3522 3523
f 3499 3523 3522
f 3499 3523 3524
f 3499 3524 3523
f 3499 3524 3525
f 3499 3525 3524
f 3499 3525 3526
f 3499 3526 3525
f 3499 3526 3527
f 3499 3527 3526
f 3499 3527 3528
f 3499 3528 3527
f 3499 3528 3529
f 3499 3529 3528
f 3499 3529 3530
f 3499 3530 3529
f 3499 3530 3531
f 3499 3531 3530
f 3499 3531 3532
f 3499 3532 3531
f 3499 3532 3533
f 3499 3533 3532
f 3499 3533 3534
f 3499 3534 3533
f 3499 3534 3535
f 3499 3535 3534
f 3499 3535 3536
f 3499 3536 3535
f 3499 3536 3537
f 3499 3537 3536
f 3499 3537 3538
f 3499 3538 3537
f 3499 3538 3539
f 3499 3539 3538
f 3499 3539 3540
f 3499 3540 3539
f 3499 3540 3541
f 3499 3541 3540
f 3499 3541 3542
f 3499 3542 3541
f 3499 3542 3543
f 3499 3543 3542
f 3499 3543 3544
f 3499 3544 3543
v 0.200666 0.413566 -0.004318
v 0.199952 0.418566 -0.001405
v 0.201794 0.421656 0.003183
v 0.205488 0.421656 0.007693
v 0.209622 0.418566 0.010404
v 0.212618 0.413566 0.010279
v 0.213331 0.408566 0.007367
v 0.211489 0.405476 0.002779
v 0.207796 0.405476 -0.001731
v 0.203662 0.408566 -0.004442
v 0.238131 0.435596 -0.031093
v 0.237646 0.438995 -0.029113
v 0.238898 0.441097 -0.025993
v 0.241410 0.441097 -0.022926
v 0.244221 0.438995 -0.021083
v 0.246258 0.435596 -0.021167
v 0.246743 0.432196 -0.023148
v 0.245491 0.430095 -0.026268
v 0.242979 0.430095 -0.029335
v 0.240168 0.432196 -0.031178
f 3545 3546 3556
f 3545 3556 3555
f 3546 3547 3557
f 3546 3557 3556
f 3547 3548 3558
f 3547 3558 3557
f 3548 3549 3559
f 3548 3559 3558
f 3549 3550 3560
f 3549 3560 3559
f 3550 3551 3561
f 3550 3561 3560
f 3551 3552 3562
f 3551 3562 3561
f 3552 3553 3563
f 3552 3563 3562
f 3553 3554 3564
f 3553 3564 3563
f 3554 3545 3555
f 3554 3555 3564
v 0.242194 0.435596 -0.026130
v 0.239086 0.435706 -0.026902
v 0.235917 0.436230 -0.027434
v 0.232653 0.437399 -0.027594
v 0.229281 0.439307 -0.027328
v 0.225806 0.441908 -0.026662
v 0.222255 0.445032 -0.025693
v 0.218667 0.448410 -0.024578
v 0.215090 0.451706 -0.023510
v 0.211577 0.454573 -0.022691
v 0.208173 0.456693 -0.022302
v 0.204915 0.457827 -0.022482
v 0.201820 0.457847 -0.023306
v 0.198888 0.456754 -0.024772
v 0.196102 0.454675 -0.026807
v 0.193425 0.451849 -0.029273
v 0.190811 0.448593 -0.031988
v 0.188210 0.445256 -0.034749
v 0.185571 0.442172 -0.037364
v 0.182855 0.439612 -0.039677
v 0.180038 0.437745 -0.041590
v 0.177111 0.436617 -0.043076
v 0.174091 0.436133 -0.044190
v 0.171009 0.436064 -0.045065
v 0.174117 0.435954 -0.044294
v 0.177286 0.435429 -0.043762
v 0.180550 0.434260 -0.043602
v 0.183922 0.432353 -0.043868
v 0.187397 0.429752 -0.044534
v 0.190948 0.426627 -0.045503
v 0.194536 0.423249 -0.046617
v 0.198113 0.419953 -0.047685
v 0.201626 0.417086 -0.048505
v 0.205030 0.414967 -0.048894
v 0.208288 0.413832 -0.048713
v 0.211384 0.413812 -0.047890
v 0.214315 0.414906 -0.046424
v 0.217101 0.416985 -0.044389
v 0.219778 0.419810 -0.041922
v 0.222392 0.423066 -0.039208
v 0.224993 0.426403 -0.036447
v 0.227632 0.429487 -0.033832
v 0.230348 0.432047 -0.031519
v 0.233165 0.433914 -0.029606
v 0.236092 0.435043 -0.028120
v 0.239113 0.435526 -0.027005
f 3565 3566 3567
f 3565 3567 3566
f 3565 3567 3568
f 3565 3568 3567
f 3565 3568 3569
f 3565 3569 3568
f 3565 3569 3570
f 3565 3570 3569
f 3565 3570 3571
f 3565 3571 3570
f 3565 3571 3572
f 3565 3572 3571
f 3565 3572 3573
f 3565 3573 3572
f 3565 3573 3574
f 3565 3574 3573
f 3565 3574 3575
f 3565 3575 3574
f 3565 3575 3576
f 3565 3576 3575
f 3565 3576 3577
f 3565 3577 3576
f 3565 3577 3578
f 3565 3578 3577
f 3565 3578 3579
f 3565 3579 3578
f 3565 3579 3580
f 3565 3580 3579
f 3565 3580 3581
f 3565 3581 3580
f 3565 3581 3582
f 3565 3582 3581
f 3565 3582 3583
f 3565 3583 3582
f 3565 3583 3584
f 3565 3584 3583
f 3565 3584 3585
f 3565 3585 3584
f 3565 3585 3586
f 3565 3586 3585
f 3565 3586 3587
f 3565 3587 3586
f 3565 3587 3588
f 3565 3588 3587
f 3565 3588 3589
f 3565 3589 3588
f 3565 3589 3590
f 3565 3590 3589
f 3565 3590 3591
f 3565 3591 3590
f 3565 3591 3592
f 3565 3592 3591
f 3565 3592 3593
f 3565 3593 3592
f 3565 3593 3594
f 3565 3594 3593
f 3565 3594 3595
f 3565 3595 3594
f 3565 3595 3596
f 3565 3596 3595
f 3565 3596 3597
f 3565 3597 3596
f 3565 3597 3598
f 3565 3598 3597
f 3565 3598 3599
f 3565 3599 3598
f 3565 3599 3600
f 3565 3600 3599
f 3565 3600 3601
f 3565 3601 3600
f 3565 3601 3602
f 3565 3602 3601
f 3565 3602 3603
f 3565 3603 3602
f 3565 3603 3604
f 3565 3604 3603
f 3565 3604 3605
f 3565 3605 3604
f 3565 3605 3606
f 3565 3606 3605
f 3565 3606 3607
f 3565 3607 3606
f 3565 3607 3608
f 3565 3608 3607
f 3565 3608 3609
f 3565 3609 3608
f 3565 3609 3610
f 3565 3610 3609
v 0.242194 0.435596 -0.026130
v 0.241750 0.436774 -0.022540
v 0.241825 0.437470 -0.018679
v 0.242562 0.437552 -0.014476
v 0.243966 0.437015 -0.009926
v 0.245932 0.435956 -0.005085
v 0.248271 0.434550 -0.000050
v 0.250733 0.433031 0.005048
v 0.253039 0.431656 0.010066
v 0.254912 0.430684 0.014859
v 0.256112 0.430336 0.019302
v 0.256460 0.430778 0.023304
v 0.255864 0.432098 0.026816
v 0.254322 0.434295 0.029838
v 0.251929 0.437283 0.032418
v 0.248863 0.440895 0.034648
v 0.245364 0.444909 0.036655
v 0.241709 0.449068 0.038580
v 0.238177 0.453114 0.040568
v 0.235017 0.456812 0.042751
v 0.232421 0.459989 0.045225
v 0.230490 0.462547 0.048045
v 0.229222 0.464490 0.051208
v 0.228473 0.465952 0.054641
v 0.228917 0.464773 0.051050
v 0.228842 0.464077 0.047190
v 0.228105 0.463995 0.042986
v 0.226702 0.464532 0.038437
v 0.224735 0.465591 0.033596
v 0.222396 0.466997 0.028561
v 0.219934 0.468516 0.023462
v 0.217629 0.469891 0.018445
v 0.215756 0.470864 0.013652
v 0.214556 0.471211 0.009208
v 0.214207 0.470769 0.005206
v 0.214804 0.469449 0.001695
v 0.216346 0.467252 -0.001327
v 0.218738 0.464264 -0.003907
v 0.221805 0.460652 -0.006138
v 0.225303 0.456638 -0.008144
v 0.228959 0.452479 -0.010069
v 0.232491 0.448434 -0.012058
v 0.235650 0.444735 -0.014240
v 0.238247 0.441558 -0.016714
v 0.240177 0.439000 -0.019534
v 0.241446 0.437057 -0.022697
f 3611 3612 3613
f 3611 3613 3612
f 3611 3613 3614
f 3611 3614 3613
f 3611 3614 3615
f 3611 3615 3614
f 3611 3615 3616
f 3611 3616 3615
f 3611 3616 3617
f 3611 3617 3616
f 3611 3617 3618
f 3611 3618 3617
f 3611 3618 3619
f 3611 3619 3618
f 3611 3619 3620
f 3611 3620 3619
f 3611 3620 3621
f 3611 3621 3620
f 3611 3621 3622
f 3611 3622 3621
f 3611 3622 3623
f 3611 3623 3622
f 3611 3623 3624
f 3611 3624 3623
f 3611 3624 3625
f 3611 3625 3624
f 3611 3625 3626
f 3611 3626 3625
f 3611 3626 3627
f 3611 3627 3626
f 3611 3627 3628
f 3611 3628 3627
f 3611 3628 3629
f 3611 3629 3628
f 3611 3629 3630
f 3611 3630 3629
f 3611 3630 3631
f 3611 3631 3630
f 3611 3631 3632
f 3611 3632 3631
f 3611 3632 3633
f 3611 3633 3632
f 3611 3633 3634
f 3611 3634 3633
f 3611 3634 3635
f 3611 3635 3634
f 3611 3635 3636
f 3611 3636 3635
f 3611 3636 3637
f 3611 3637 3636
f 3611 3637 3638
f 3611 3638 3637
f 3611 3638 3639
f 3611 3639 3638
f 3611 3639 3640
f 3611 3640 3639
f 3611 3640 3641
f 3611 3641 3640
f 3611 3641 3642
f 3611 3642 3641
f 3611 3642 3643
f 3611 3643 3642
f 3611 3643 3644
f 3611 3644 3643
f 3611 3644 3645
f 3611 3645 3644
f 3611 3645 3646
f 3611 3646 3645
f 3611 3646 3647
f 3611 3647 3646
f 3611 3647 3648
f 3611 3648 3647
f 3611 3648 3649
f 3611 3649 3648
f 3611 3649 3650
f 3611 3650 3649
f 3611 3650 3651
f 3611 3651 3650
f 3611 3651 3652
f 3611 3652 3651
f 3611 3652 3653
f 3611 3653 3652
f 3611 3653 3654
f 3611 3654 3653
f 3611 3654 3655
f 3611 3655 3654
f 3611 3655 3656
f 3611 3656 3655
v 0.242194 0.435596 -0.026130
v 0.242585 0.431715 -0.026227
v 0.242359 0.427618 -0.027241
v 0.241598 0.423333 -0.029049
v 0.240418 0.418900 -0.031482
v 0.238961 0.414371 -0.034326
v 0.237387 0.409800 -0.037344
v 0.235864 0.405247 -0.040286
v 0.234556 0.400770 -0.042908
v 0.233612 0.396421 -0.044989
v 0.233152 0.392241 -0.046351
v 0.233262 0.388262 -0.046864
v 0.233988 0.384499 -0.046463
v 0.235328 0.380951 -0.045148
v 0.237238 0.377604 -0.042985
v 0.239633 0.374427 -0.040101
v 0.242391 0.371378 -0.036678
v 0.245364 0.368404 -0.032934
v 0.248389 0.365448 -0.029114
v 0.251297 0.362451 -0.025467
v 0.253927 0.359357 -0.022233
v 0.256138 0.356116 -0.019623
v 0.257815 0.352686 -0.017807
v 0.258875 0.349041 -0.016909
v 0.258484 0.352921 -0.016812
v 0.258711 0.357019 -0.015798
v 0.259471 0.361304 -0.013990
v 0.260651 0.365736 -0.011557
v 0.262109 0.370266 -0.008713
v 0.263683 0.374836 -0.005694
v 0.265206 0.379389 -0.002753
v 0.266513 0.383866 -0.000131
v 0.267457 0.388216 0.001951
v 0.267917 0.392395 0.003312
v 0.267807 0.396374 0.003825
v 0.267082 0.400137 0.003425
v 0.265742 0.403685 0.002109
v 0.263831 0.407032 -0.000054
v 0.261436 0.410209 -0.002938
v 0.258678 0.413258 -0.006361
v 0.255705 0.416232 -0.010105
v 0.252680 0.419188 -0.013925
v 0.249773 0.422185 -0.017572
v 0.247142 0.425279 -0.020806
v 0.244931 0.428521 -0.023416
v 0.243254 0.431950 -0.025232
f 3657 3658 3659
f 3657 3659 3658
f 3657 3659 3660
f 3657 3660 3659
f 3657 3660 3661
f 3657 3661 3660
f 3657 3661 3662
f 3657 3662 3661
f 3657 3662 3663
f 3657 3663 3662
f 3657 3663 3664
f 3657 3664 3663
f 3657 3664 3665
f 3657 3665 3664
f 3657 3665 3666
f 3657 3666 3665
f 3657 3666 3667
f 3657 3667 3666
f 3657 3667 3668
f 3657 3668 3667
f 3657 3668 3669
f 3657 3669 3668
f 3657 3669 3670
f 3657 3670 3669
f 3657 3670 3671
f 3657 3671 3670
f 3657 3671 3672
f 3657 3672 3671
f 3657 3672 3673
f 3657 3673 3672
f 3657 3673 3674
f 3657 3674 3673
f 3657 3674 3675
f 3657 3675 3674
f 3657 3675 3676
f 3657 3676 3675
f 3657 3676 3677
f 3657 3677 3676
f 3657 3677 3678
f 3657 3678 3677
f 3657 3678 3679
f 3657 3679 3678
f 3657 3679 3680
f 3657 3680 3679
f 3657 3680 3681
f 3657 3681 3680
f 3657 3681 3682
f 3657 3682 3681
f 3657 3682 3683
f 3657 3683 3682
f 3657 3683 3684
f 3657 3684 3683
f 3657 3684 3685
f 3657 3685 3684
f 3657 3685 3686
f 3657 3686 3685
f 3657 3686 3687
f 3657 3687 3686
f 3657 3687 3688
f 3657 3688 3687
f 3657 3688 3689
f 3657 3689 3688
f 3657 3689 3690
f 3657 3690 3689
f 3657 3690 3691
f 3657 3691 3690
f 3657 3691 3692
f 3657 3692 3691
f 3657 3692 3693
f 3657 3693 3692
f 3657 3693 3694
f 3657 3694 3693
f 3657 3694 3695
f 3657 3695 3694
f 3657 3695 3696
f 3657 3696 3695
f 3657 3696 3697
f 3657 3697 3696
f 3657 3697 3698
f 3657 3698 3697
f 3657 3698 3699
f 3657 3699 3698
f 3657 3699 3700
f 3657 3700 3699
f 3657 3700 3701
f 3657 3701 3700
f 3657 3701 3702
f 3657 3702 3701
v 0.213263 0.413566 -0.003738
v 0.210305 0.418575 -0.004123
v 0.205948 0.421671 -0.001795
v 0.201856 0.421671 0.002357
v 0.199592 0.418575 0.006748
v 0.200020 0.413566 0.009700
v 0.202978 0.408557 0.010085
v 0.207336 0.405461 0.007757
v 0.211428 0.405461 0.003605
v 0.213692 0.408557 -0.000786
v 0.245332 0.436348 0.032105
v 0.243321 0.439754 0.031842
v 0.240358 0.441859 0.033425
v 0.237575 0.441859 0.036249
v 0.236036 0.439754 0.039235
v 0.236327 0.436348 0.041242
v 0.238338 0.432942 0.041504
v 0.241301 0.430837 0.039921
v 0.244084 0.430837 0.037098
v 0.245624 0.432942 0.034112
f 3703 3704 3714
f 3703 3714 3713
f 3704 3705 3715
f 3704 3715 3714
f 3705 3706 3716
f 3705 3716 3715
f 3706 3707 3717
f 3706 3717 3716
f 3707 3708 3718
f 3707 3718 3717
f 3708 3709 3719
f 3708 3719 3718
f 3709 3710 3720
f 3709 3720 3719
f 3710 3711 3721
f 3710 3721 3720
f 3711 3712 3722
f 3711 3722 3721
f 3712 3703 3713
f 3712 3713 3722
v 0.240830 0.436348 0.036673
v 0.241661 0.436207 0.033546
v 0.242301 0.436474 0.030335
v 0.242633 0.437404 0.026990
v 0.242602 0.439110 0.023487
v 0.242224 0.441562 0.019834
v 0.241577 0.444588 0.016064
v 0.240794 0.447907 0.012234
v 0.240042 0.451160 0.008418
v 0.239497 0.453968 0.004692
v 0.239320 0.455988 0.001126
v 0.239634 0.456956 -0.002227
v 0.240504 0.456732 -0.005338
v 0.241931 0.455314 -0.008207
v 0.243848 0.452844 -0.010862
v 0.246133 0.449586 -0.013358
v 0.248626 0.445884 -0.015764
v 0.251149 0.442116 -0.018156
v 0.253537 0.438639 -0.020608
v 0.255656 0.435738 -0.023176
v 0.257427 0.433582 -0.025895
v 0.258835 0.432203 -0.028772
v 0.259935 0.431486 -0.031783
v 0.260844 0.431178 -0.034877
v 0.260013 0.431319 -0.031749
v 0.259373 0.431051 -0.028539
v 0.259041 0.430122 -0.025194
v 0.259072 0.428416 -0.021691
v 0.259450 0.425964 -0.018038
v 0.260097 0.422937 -0.014268
v 0.260880 0.419619 -0.010438
v 0.261632 0.416366 -0.006622
v 0.262177 0.413557 -0.002896
v 0.262354 0.411538 0.000670
v 0.262041 0.410570 0.004023
v 0.261170 0.410794 0.007134
v 0.259744 0.412212 0.010003
v 0.257826 0.414681 0.012658
v 0.255541 0.417940 0.015154
v 0.253048 0.421642 0.017560
v 0.250525 0.425410 0.019952
v 0.248137 0.428887 0.022404
v 0.246019 0.431788 0.024972
v 0.244247 0.433943 0.027692
v 0.242839 0.435323 0.030568
v 0.241739 0.436040 0.033579
f 3723 3724 3725
f 3723 3725 3724
f 3723 3725 3726
f 3723 3726 3725
f 3723 3726 3727
f 3723 3727 3726
f 3723 3727 3728
f 3723 3728 3727
f 3723 3728 3729
f 3723 3729 3728
f 3723 3729 3730
f 3723 3730 3729
f 3723 3730 3731
f 3723 3731 3730
f 3723 3731 3732
f 3723 3732 3731
f 3723 3732 3733
f 3723 3733 3732
f 3723 3733 3734
f 3723 3734 3733
f 3723 3734 3735
f 3723 3735 3734
f 3723 3735 3736
f 3723 3736 3735
f 3723 3736 3737
f 3723 3737 3736
f 3723 3737 3738
f 3723 3738 3737
f 3723 3738 3739
f 3723 3739 3738
f 3723 3739 3740
f 3723 3740 3739
f 3723 3740 3741
f 3723 3741 3740
f 3723 3741 3742
f 3723 3742 3741
f 3723 3742 3743
f 3723 3743 3742
f 3723 3743 3744
f 3723 3744 3743
f 3723 3744 3745
f 3723 3745 3744
f 3723 3745 3746
f 3723 3746 3745
f 3723 3746 3747
f 3723 3747 3746
f 3723 3747 3748
f 3723 3748 3747
f 3723 3748 3749
f 3723 3749 3748
f 3723 3749 3750
f 3723 3750 3749
f 3723 3750 3751
f 3723 3751 3750
f 3723 3751 3752
f 3723 3752 3751
f 3723 3752 3753
f 3723 3753 3752
f 3723 3753 3754
f 3723 3754 3753
f 3723 3754 3755
f 3723 3755 3754
f 3723 3755 3756
f 3723 3756 3755
f 3723 3756 3757
f 3723 3757 3756
f 3723 3757 3758
f 3723 3758 3757
f 3723 3758 3759
f 3723 3759 3758
f 3723 3759 3760
f 3723 3760 3759
f 3723 3760 3761
f 3723 3761 3760
f 3723 3761 3762
f 3723 3762 3761
f 3723 3762 3763
f 3723 3763 3762
f 3723 3763 3764
f 3723 3764 3763
f 3723 3764 3765
f 3723 3765 3764
f 3723 3765 3766
f 3723 3766 3765
f 3723 3766 3767
f 3723 3767 3766
f 3723 3767 3768
f 3723 3768 3767
v 0.240830 0.436348 0.036673
v 0.236781 0.437501 0.037531
v 0.232474 0.437801 0.039228
v 0.227939 0.437348 0.041667
v 0.223221 0.436294 0.044697
v 0.218380 0.434836 0.048124
v 0.213486 0.433201 0.051725
v 0.208611 0.431629 0.055265
v 0.203826 0.430353 0.058513
v 0.199195 0.429587 0.061259
v 0.194772 0.429504 0.063332
v 0.190595 0.430231 0.064610
v 0.186682 0.431830 0.065029
v 0.183034 0.434302 0.064588
v 0.179632 0.437583 0.063352
v 0.176437 0.441548 0.061442
v 0.173397 0.446022 0.059032
v 0.170446 0.450793 0.056329
v 0.167515 0.455627 0.053565
v 0.164530 0.460283 0.050975
v 0.161423 0.464536 0.048782
v 0.158133 0.468188 0.047180
v 0.154615 0.471086 0.046320
v 0.150837 0.473132 0.046299
v 0.154885 0.471979 0.045442
v 0.159192 0.471678 0.043745
v 0.163728 0.472132 0.041306
v 0.168446 0.473186 0.038276
v 0.173287 0.474644 0.034849
v 0.178181 0.476279 0.031248
v 0.183056 0.477851 0.027708
v 0.187841 0.479127 0.024460
v 0.192472 0.479893 0.021714
v 0.196895 0.479975 0.019640
v 0.201072 0.479249 0.018363
v 0.204985 0.477650 0.017944
v 0.208633 0.475178 0.018385
v 0.212035 0.471897 0.019621
v 0.215230 0.467932 0.021530
v 0.218270 0.463458 0.023941
v 0.221220 0.458687 0.026644
v 0.224152 0.453853 0.029408
v 0.227137 0.449197 0.031998
v 0.230244 0.444944 0.034191
v 0.233534 0.441292 0.035793
v 0.237052 0.438393 0.036653
f 3769 3770 3771
f 3769 3771 3770
f 3769 3771 3772
f 3769 3772 3771
f 3769 3772 3773
f 3769 3773 3772
f 3769 3773 3774
f 3769 3774 3773
f 3769 3774 3775
f 3769 3775 3774
f 3769 3775 3776
f 3769 3776 3775
f 3769 3776 3777
f 3769 3777 3776
f 3769 3777 3778
f 3769 3778 3777
f 3769 3778 3779
f 3769 3779 3778
f 3769 3779 3780
f 3769 3780 3779
f 3769 3780 3781
f 3769 3781 3780
f 3769 3781 3782
f 3769 3782 3781
f 3769 3782 3783
f 3769 3783 3782
f 3769 3783 3784
f 3769 3784 3783
f 3769 3784 3785
f 3769 3785 3784
f 3769 3785 3786
f 3769 3786 3785
f 3769 3786 3787
f 3769 3787 3786
f 3769 3787 3788
f 3769 3788 3787
f 3769 3788 3789
f 3769 3789 3788
f 3769 3789 3790
f 3769 3790 3789
f 3769 3790 3791
f 3769 3791 3790
f 3769 3791 3792
f 3769 3792 3791
f 3769 3792 3793
f 3769 3793 3792
f 3769 3793 3794
f 3769 3794 3793
f 3769 3794 3795
f 3769 3795 3794
f 3769 3795 3796
f 3769 3796 3795
f 3769 3796 3797
f 3769 3797 3796
f 3769 3797 3798
f 3769 3798 3797
f 3769 3798 3799
f 3769 3799 3798
f 3769 3799 3800
f 3769 3800 3799
f 3769 3800 3801
f 3769 3801 3800
f 3769 3801 3802
f 3769 3802 3801
f 3769 3802 3803
f 3769 3803 3802
f 3769 3803 3804
f 3769 3804 3803
f 3769 3804 3805
f 3769 3805 3804
f 3769 3805 3806
f 3769 3806 3805
f 3769 3806 3807
f 3769 3807 3806
f 3769 3807 3808
f 3769 3808 3807
f 3769 3808 3809
f 3769 3809 3808
f 3769 3809 3810
f 3769 3810 3809
f 3769 3810 3811
f 3769 3811 3810
f 3769 3811 3812
f 3769 3812 3811
f 3769 3812 3813
f 3769 3813 3812
f 3769 3813 3814
f 3769 3814 3813
v 0.240830 0.436348 0.036673
v 0.239611 0.431999 0.037726
v 0.238699 0.427507 0.038565
v 0.238446 0.422708 0.038942
v 0.239126 0.417475 0.038667
v 0.240843 0.411760 0.037666
v 0.243486 0.405612 0.036016
v 0.246734 0.399183 0.033944
v 0.250099 0.392700 0.031789
v 0.253006 0.386430 0.029956
v 0.254898 0.380633 0.028832
v 0.255335 0.375512 0.028726
v 0.254076 0.371182 0.029807
v 0.251120 0.367642 0.032077
v 0.246709 0.364780 0.035364
v 0.241284 0.362390 0.039361
v 0.235401 0.360213 0.043679
v 0.229634 0.357981 0.047915
v 0.224472 0.355469 0.051728
v 0.220237 0.352524 0.054892
v 0.217038 0.349097 0.057331
v 0.214772 0.345236 0.059117
v 0.213166 0.341067 0.060442
v 0.211866 0.336756 0.061552
v 0.213084 0.341106 0.060499
v 0.213996 0.345597 0.059660
v 0.214249 0.350396 0.059283
v 0.213569 0.355629 0.059558
v 0.211853 0.361345 0.060559
v 0.209209 0.367492 0.062209
v 0.205961 0.373921 0.064282
v 0.202597 0.380404 0.066436
v 0.199690 0.386674 0.068270
v 0.197798 0.392472 0.069394
v 0.197360 0.397592 0.069500
v 0.198619 0.401922 0.068418
v 0.201575 0.405462 0.066149
v 0.205986 0.408325 0.062861
v 0.211412 0.410715 0.058864
v 0.217295 0.412892 0.054547
v 0.223061 0.415123 0.050310
v 0.228224 0.417636 0.046497
v 0.232459 0.420580 0.043333
v 0.235657 0.424007 0.040894
v 0.237923 0.427869 0.039108
v 0.239529 0.432037 0.037784
f 3815 3816 3817
f 3815 3817 3816
f 3815 3817 3818
f 3815 3818 3817
f 3815 3818 3819
f 3815 3819 3818
f 3815 3819 3820
f 3815 3820 3819
f 3815 3820 3821
f 3815 3821 3820
f 3815 3821 3822
f 3815 3822 3821
f 3815 3822 3823
f 3815 3823 3822
f 3815 3823 3824
f 3815 3824 3823
f 3815 3824 3825
f 3815 3825 3824
f 3815 3825 3826
f 3815 3826 3825
f 3815 3826 3827
f 3815 3827 3826
f 3815 3827 3828
f 3815 3828 3827
f 3815 3828 3829
f 3815 3829 3828
f 3815 3829 3830
f 3815 3830 3829
f 3815 3830 3831
f 3815 3831 3830
f 3815 3831 3832
f 3815 3832 3831
f 3815 3832 3833
f 3815 3833 3832
f 3815 3833 3834
f 3815 3834 3833
f 3815 3834 3835
f 3815 3835 3834
f 3815 3835 3836
f 3815 3836 3835
f 3815 3836 3837
f 3815 3837 3836
f 3815 3837 3838
f 3815 3838 3837
f 3815 3838 3839
f 3815 3839 3838
f 3815 3839 3840
f 3815 3840 3839
f 3815 3840 3841
f 3815 3841 3840
f 3815 3841 3842
f 3815 3842 3841
f 3815 3842 3843
f 3815 3843 3842
f 3815 3843 3844
f 3815 3844 3843
f 3815 3844 3845
f 3815 3845 3844
f 3815 3845 3846
f 3815 3846 3845
f 3815 3846 3847
f 3815 3847 3846
f 3815 3847 3848
f 3815 3848 3847
f 3815 3848 3849
f 3815 3849 3848
f 3815 3849 3850
f 3815 3850 3849
f 3815 3850 3851
f 3815 3851 3850
f 3815 3851 3852
f 3815 3852 3851
f 3815 3852 3853
f 3815 3853 3852
f 3815 3853 3854
f 3815 3854 3853
f 3815 3854 3855
f 3815 3855 3854
f 3815 3855 3856
f 3815 3856 3855
f 3815 3856 3857
f 3815 3857 3856
f 3815 3857 3858
f 3815 3858 3857
f 3815 3858 3859
f 3815 3859 3858
f 3815 3859 3860
f 3815 3860 3859
v 0.107355 0.407457 -0.008015
v 0.106045 0.411100 -0.000366
v 0.109839 0.413352 0.006985
v 0.117287 0.413352 0.011230
v 0.125546 0.411100 0.010748
v 0.131459 0.407457 0.005722
v 0.132770 0.403814 -0.001927
v 0.128976 0.401563 -0.009279
v 0.121527 0.401563 -0.013524
v 0.113269 0.403814 -0.013041
v 0.130096 0.483821 -0.038952
v 0.129205 0.486298 -0.033750
v 0.131785 0.487829 -0.028751
v 0.136850 0.487829 -0.025865
v 0.142465 0.486298 -0.026193
v 0.146487 0.483821 -0.029610
v 0.147378 0.481343 -0.034812
v 0.144798 0.479812 -0.039811
v 0.139733 0.479812 -0.042697
v 0.134117 0.481343 -0.042369
f 3861 3862 3872
f 3861 3872 3871
f 3862 3863 3873
f 3862 3873 3872
f 3863 3864 3874
f 3863 3874 3873
f 3864 3865 3875
f 3864 3875 3874
f 3865 3866 3876
f 3865 3876 3875
f 3866 3867 3877
f 3866 3877 3876
f 3867 3868 3878
f 3867 3878 3877
f 3868 3869 3879
f 3868 3879 3878
f 3869 3870 3880
f 3869 3880 3879
f 3870 3861 3871
f 3870 3871 3880
v 0.138291 0.483821 -0.034281
v 0.133364 0.481462 -0.036057
v 0.127332 0.479847 -0.036751
v 0.120402 0.478836 -0.036564
v 0.112793 0.478281 -0.035713
v 0.104757 0.478013 -0.034442
v 0.096566 0.477850 -0.033020
v 0.088497 0.477604 -0.031718
v 0.080816 0.477098 -0.030795
v 0.073759 0.476172 -0.030485
v 0.067519 0.474696 -0.030975
v 0.062232 0.472580 -0.032398
v 0.057969 0.469775 -0.034825
v 0.054728 0.466283 -0.038254
v 0.052440 0.462150 -0.042617
v 0.050969 0.457467 -0.047780
v 0.050123 0.452364 -0.053555
v 0.049664 0.447001 -0.059711
v 0.049327 0.441555 -0.065985
v 0.048836 0.436214 -0.072108
v 0.047917 0.431160 -0.077813
v 0.046320 0.426562 -0.082853
v 0.043824 0.422569 -0.087012
v 0.040224 0.419318 -0.090088
v 0.045151 0.421677 -0.088312
v 0.051183 0.423292 -0.087618
v 0.058113 0.424303 -0.087805
v 0.065722 0.424858 -0.088657
v 0.073758 0.425126 -0.089927
v 0.081949 0.425289 -0.091349
v 0.090018 0.425535 -0.092651
v 0.097699 0.426041 -0.093574
v 0.104756 0.426967 -0.093884
v 0.110996 0.428443 -0.093395
v 0.116283 0.430559 -0.091971
v 0.120546 0.433363 -0.089544
v 0.123787 0.436856 -0.086115
v 0.126075 0.440989 -0.081753
v 0.127546 0.445672 -0.076589
v 0.128392 0.450775 -0.070814
v 0.128851 0.456138 -0.064659
v 0.129187 0.461584 -0.058384
v 0.129679 0.466925 -0.052261
v 0.130598 0.471979 -0.046556
v 0.132195 0.476577 -0.041516
v 0.134691 0.480570 -0.037357
f 3881 3882 3883
f 3881 3883 3882
f 3881 3883 3884
f 3881 3884 3883
f 3881 3884 3885
f 3881 3885 3884
f 3881 3885 3886
f 3881 3886 3885
f 3881 3886 3887
f 3881 3887 3886
f 3881 3887 3888
f 3881 3888 3887
f 3881 3888 3889
f 3881 3889 3888
f 3881 3889 3890
f 3881 3890 3889
f 3881 3890 3891
f 3881 3891 3890
f 3881 3891 3892
f 3881 3892 3891
f 3881 3892 3893
f 3881 3893 3892
f 3881 3893 3894
f 3881 3894 3893
f 3881 3894 3895
f 3881 3895 3894
f 3881 3895 3896
f 3881 3896 3895
f 3881 3896 3897
f 3881 3897 3896
f 3881 3897 3898
f 3881 3898 3897
f 3881 3898 3899
f 3881 3899 3898
f 3881 3899 3900
f 3881 3900 3899
f 3881 3900 3901
f 3881 3901 3900
f 3881 3901 3902
f 3881 3902 3901
f 3881 3902 3903
f 3881 3903 3902
f 3881 3903 3904
f 3881 3904 3903
f 3881 3904 3905
f 3881 3905 3904
f 3881 3905 3906
f 3881 3906 3905
f 3881 3906 3907
f 3881 3907 3906
f 3881 3907 3908
f 3881 3908 3907
f 3881 3908 3909
f 3881 3909 3908
f 3881 3909 3910
f 3881 3910 3909
f 3881 3910 3911
f 3881 3911 3910
f 3881 3911 3912
f 3881 3912 3911
f 3881 3912 3913
f 3881 3913 3912
f 3881 3913 3914
f 3881 3914 3913
f 3881 3914 3915
f 3881 3915 3914
f 3881 3915 3916
f 3881 3916 3915
f 3881 3916 3917
f 3881 3917 3916
f 3881 3917 3918
f 3881 3918 3917
f 3881 3918 3919
f 3881 3919 3918
f 3881 3919 3920
f 3881 3920 3919
f 3881 3920 3921
f 3881 3921 3920
f 3881 3921 3922
f 3881 3922 3921
f 3881 3922 3923
f 3881 3923 3922
f 3881 3923 3924
f 3881 3924 3923
f 3881 3924 3925
f 3881 3925 3924
f 3881 3925 3926
f 3881 3926 3925
v 0.138291 0.483821 -0.034281
v 0.139137 0.484123 -0.030582
v 0.140901 0.484160 -0.026970
v 0.143610 0.483925 -0.023449
v 0.147153 0.483448 -0.020006
v 0.151318 0.482793 -0.016623
v 0.155825 0.482039 -0.013272
v 0.160351 0.481279 -0.009924
v 0.164567 0.480608 -0.006545
v 0.168162 0.480117 -0.003108
v 0.170875 0.479881 0.000414
v 0.172517 0.479953 0.004037
v 0.172991 0.480363 0.007771
v 0.172296 0.481110 0.011617
v 0.170530 0.482166 0.015564
v 0.167882 0.483476 0.019596
v 0.164613 0.484965 0.023686
v 0.161034 0.486545 0.027807
v 0.157475 0.488118 0.031925
v 0.154257 0.489593 0.036011
v 0.151661 0.490888 0.040037
v 0.149899 0.491943 0.043984
v 0.149083 0.492725 0.047841
v 0.149183 0.493242 0.051611
v 0.148337 0.492940 0.047912
v 0.146574 0.492903 0.044301
v 0.143864 0.493138 0.040779
v 0.140322 0.493615 0.037337
v 0.136157 0.494270 0.033953
v 0.131650 0.495024 0.030603
v 0.127123 0.495784 0.027254
v 0.122908 0.496455 0.023876
v 0.119313 0.496946 0.020438
v 0.116600 0.497182 0.016917
v 0.114957 0.497110 0.013294
v 0.114484 0.496700 0.009559
v 0.115179 0.495953 0.005713
v 0.116945 0.494898 0.001766
v 0.119593 0.493587 -0.002266
v 0.122861 0.492098 -0.006356
v 0.126441 0.490518 -0.010476
v 0.130000 0.488945 -0.014595
v 0.133218 0.487470 -0.018680
v 0.135814 0.486175 -0.022707
v 0.137576 0.485120 -0.026654
v 0.138392 0.484338 -0.030511
f 3927 3928 3929
f 3927 3929 3928
f 3927 3929 3930
f 3927 3930 3929
f 3927 3930 3931
f 3927 3931 3930
f 3927 3931 3932
f 3927 3932 3931
f 3927 3932 3933
f 3927 3933 3932
f 3927 3933 3934
f 3927 3934 3933
f 3927 3934 3935
f 3927 3935 3934
f 3927 3935 3936
f 3927 3936 3935
f 3927 3936 3937
f 3927 3937 3936
f 3927 3937 3938
f 3927 3938 3937
f 3927 3938 3939
f 3927 3939 3938
f 3927 3939 3940
f 3927 3940 3939
f 3927 3940 3941
f 3927 3941 3940
f 3927 3941 3942
f 3927 3942 3941
f 3927 3942 3943
f 3927 3943 3942
f 3927 3943 3944
f 3927 3944 3943
f 3927 3944 3945
f 3927 3945 3944
f 3927 3945 3946
f 3927 3946 3945
f 3927 3946 3947
f 3927 3947 3946
f 3927 3947 3948
f 3927 3948 3947
f 3927 3948 3949
f 3927 3949 3948
f 3927 3949 3950
f 3927 3950 3949
f 3927 3950 3951
f 3927 3951 3950
f 3927 3951 3952
f 3927 3952 3951
f 3927 3952 3953
f 3927 3953 3952
f 3927 3953 3954
f 3927 3954 3953
f 3927 3954 3955
f 3927 3955 3954
f 3927 3955 3956
f 3927 3956 3955
f 3927 3956 3957
f 3927 3957 3956
f 3927 3957 3958
f 3927 3958 3957
f 3927 3958 3959
f 3927 3959 3958
f 3927 3959 3960
f 3927 3960 3959
f 3927 3960 3961
f 3927 3961 3960
f 3927 3961 3962
f 3927 3962 3961
f 3927 3962 3963
f 3927 3963 3962
f 3927 3963 3964
f 3927 3964 3963
f 3927 3964 3965
f 3927 3965 3964
f 3927 3965 3966
f 3927 3966 3965
f 3927 3966 3967
f 3927 3967 3966
f 3927 3967 3968
f 3927 3968 3967
f 3927 3968 3969
f 3927 3969 3968
f 3927 3969 3970
f 3927 3970 3969
f 3927 3970 3971
f 3927 3971 3970
f 3927 3971 3972
f 3927 3972 3971
v 0.138291 0.483821 -0.034281
v 0.142669 0.480365 -0.034715
v 0.146878 0.476743 -0.035629
v 0.150741 0.472781 -0.037520
v 0.154135 0.468358 -0.040744
v 0.157021 0.463437 -0.045406
v 0.159465 0.458081 -0.051320
v 0.161633 0.452454 -0.058018
v 0.163764 0.446790 -0.064820
v 0.166134 0.441361 -0.070947
v 0.169005 0.436425 -0.075651
v 0.172585 0.432185 -0.078345
v 0.176988 0.428754 -0.078709
v 0.182213 0.426130 -0.076742
v 0.188147 0.424203 -0.072765
v 0.194583 0.422770 -0.067366
v 0.201257 0.421570 -0.061291
v 0.207894 0.420334 -0.055320
v 0.214255 0.418827 -0.050134
v 0.220174 0.416885 -0.046199
v 0.225585 0.414445 -0.043702
v 0.230527 0.411543 -0.042538
v 0.235124 0.408303 -0.042352
v 0.239551 0.404895 -0.042645
v 0.235173 0.408351 -0.042211
v 0.230965 0.411973 -0.041298
v 0.227101 0.415935 -0.039406
v 0.223708 0.420358 -0.036182
v 0.220822 0.425279 -0.031520
v 0.218377 0.430635 -0.025606
v 0.216209 0.436262 -0.018909
v 0.214078 0.441926 -0.012106
v 0.211709 0.447355 -0.005979
v 0.208837 0.452291 -0.001276
v 0.205257 0.456531 0.001419
v 0.200854 0.459962 0.001782
v 0.195629 0.462586 -0.000185
v 0.189696 0.464513 -0.004161
v 0.183260 0.465946 -0.009561
v 0.176586 0.467146 -0.015636
v 0.169948 0.468382 -0.021606
v 0.163588 0.469889 -0.026793
v 0.157669 0.471831 -0.030728
v 0.152257 0.474271 -0.033224
v 0.147315 0.477173 -0.034388
v 0.142719 0.480413 -0.034575
f 3973 3974 3975
f 3973 3975 3974
f 3973 3975 3976
f 3973 3976 3975
f 3973 3976 3977
f 3973 3977 3976
f 3973 3977 3978
f 3973 3978 3977
f 3973 3978 3979
f 3973 3979 3978
f 3973 3979 3980
f 3973 3980 3979
f 3973 3980 3981
f 3973 3981 3980
f 3973 3981 3982
f 3973 3982 3981
f 3973 3982 3983
f 3973 3983 3982
f 3973 3983 3984
f 3973 3984 3983
f 3973 3984 3985
f 3973 3985 3984
f 3973 3985 3986
f 3973 3986 3985
f 3973 3986 3987
f 3973 3987 3986
f 3973 3987 3988
f 3973 3988 3987
f 3973 3988 3989
f 3973 3989 3988
f 3973 3989 3990
f 3973 3990 3989
f 3973 3990 3991
f 3973 3991 3990
f 3973 3991 3992
f 3973 3992 3991
f 3973 3992 3993
f 3973 3993 3992
f 3973 3993 3994
f 3973 3994 3993
f 3973 3994 3995
f 3973 3995 3994
f 3973 3995 3996
f 3973 3996 3995
f 3973 3996 3997
f 3973 3997 3996
f 3973 3997 3998
f 3973 3998 3997
f 3973 3998 3999
f 3973 3999 3998
f 3973 3999 4000
f 3973 4000 3999
f 3973 4000 4001
f 3973 4001 4000
f 3973 4001 4002
f 3973 4002 4001
f 3973 4002 4003
f 3973 4003 4002
f 3973 4003 4004
f 3973 4004 4003
f 3973 4004 4005
f 3973 4005 4004
f 3973 4005 4006
f 3973 4006 4005
f 3973 4006 4007
f 3973 4007 4006
f 3973 4007 4008
f 3973 4008 4007
f 3973 4008 4009
f 3973 4009 4008
f 3973 4009 4010
f 3973 4010 4009
f 3973 4010 4011
f 3973 4011 4010
f 3973 4011 4012
f 3973 4012 4011
f 3973 4012 4013
f 3973 4013 4012
f 3973 4013 4014
f 3973 4014 4013
f 3973 4014 4015
f 3973 4015 4014
f 3973 4015 4016
f 3973 4016 4015
f 3973 4016 4017
f 3973 4017 4016
f 3973 4017 4018
f 3973 4018 4017
v 0.130014 0.483821 -0.038806
v 0.130082 0.488380 -0.035173
v 0.133285 0.491198 -0.031200
v 0.138401 0.491198 -0.028404
v 0.143474 0.488380 -0.027852
v 0.146568 0.483821 -0.029756
v 0.146501 0.479261 -0.033389
v 0.143297 0.476443 -0.037362
v 0.138182 0.476443 -0.040158
v 0.133108 0.479261 -0.040710
v 0.153062 0.513245 -0.074675
v 0.153108 0.516346 -0.072205
v 0.155286 0.518262 -0.069503
v 0.158765 0.518262 -0.067601
v 0.162215 0.516346 -0.067226
v 0.164319 0.513245 -0.068521
v 0.164273 0.510145 -0.070991
v 0.162095 0.508229 -0.073693
v 0.158616 0.508229 -0.075594
v 0.155166 0.510145 -0.075969
f 4019 4020 4030
f 4019 4030 4029
f 4020 4021 4031
f 4020 4031 4030
f 4021 4022 4032
f 4021 4032 4031
f 4022 4023 4033
f 4022 4033 4032
f 4023 4024 4034
f 4023 4034 4033
f 4024 4025 4035
f 4024 4035 4034
f 4025 4026 4036
f 4025 4036 4035
f 4026 4027 4037
f 4026 4037 4036
f 4027 4028 4038
f 4027 4038 4037
f 4028 4019 4029
f 4028 4029 4038
v 0.158691 0.513245 -0.071598
v 0.154133 0.513227 -0.071055
v 0.149596 0.513457 -0.070305
v 0.145110 0.514282 -0.069058
v 0.140699 0.516006 -0.067061
v 0.136378 0.518782 -0.064186
v 0.132139 0.522545 -0.060487
v 0.127959 0.526995 -0.056214
v 0.123795 0.531637 -0.051781
v 0.119596 0.535866 -0.047693
v 0.115311 0.539081 -0.044452
v 0.110900 0.540798 -0.042460
v 0.106340 0.540751 -0.041942
v 0.101631 0.538938 -0.042897
v 0.096795 0.535627 -0.045101
v 0.091874 0.531303 -0.048153
v 0.086918 0.526565 -0.051549
v 0.081979 0.522019 -0.054784
v 0.077097 0.518161 -0.057447
v 0.072298 0.515289 -0.059285
v 0.067589 0.513470 -0.060246
v 0.062955 0.512549 -0.060456
v 0.058371 0.512224 -0.060169
v 0.053809 0.512147 -0.059675
v 0.058367 0.512166 -0.060218
v 0.062903 0.511935 -0.060968
v 0.067390 0.511110 -0.062215
v 0.071800 0.509386 -0.064212
v 0.076122 0.506610 -0.067088
v 0.080360 0.502847 -0.070787
v 0.084541 0.498397 -0.075059
v 0.088705 0.493755 -0.079492
v 0.092904 0.489526 -0.083580
v 0.097189 0.486311 -0.086821
v 0.101600 0.484594 -0.088813
v 0.106160 0.484641 -0.089332
v 0.110869 0.486454 -0.088377
v 0.115704 0.489765 -0.086172
v 0.120625 0.494090 -0.083120
v 0.125581 0.498827 -0.079724
v 0.130521 0.503373 -0.076489
v 0.135403 0.507231 -0.073826
v 0.140201 0.510103 -0.071988
v 0.144911 0.511922 -0.071027
v 0.149544 0.512843 -0.070817
v 0.154128 0.513169 -0.071104
f 4039 4040 4041
f 4039 4041 4040
f 4039 4041 4042
f 4039 4042 4041
f 4039 4042 4043
f 4039 4043 4042
f 4039 4043 4044
f 4039 4044 4043
f 4039 4044 4045
f 4039 4045 4044
f 4039 4045 4046
f 4039 4046 4045
f 4039 4046 4047
f 4039 4047 4046
f 4039 4047 4048
f 4039 4048 4047
f 4039 4048 4049
f 4039 4049 4048
f 4039 4049 4050
f 4039 4050 4049
f 4039 4050 4051
f 4039 4051 4050
f 4039 4051 4052
f 4039 4052 4051
f 4039 4052 4053
f 4039 4053 4052
f 4039 4053 4054
f 4039 4054 4053
f 4039 4054 4055
f 4039 4055 4054
f 4039 4055 4056
f 4039 4056 4055
f 4039 4056 4057
f 4039 4057 4056
f 4039 4057 4058
f 4039 4058 4057
f 4039 4058 4059
f 4039 4059 4058
f 4039 4059 4060
f 4039 4060 4059
f 4039 4060 4061
f 4039 4061 4060
f 4039 4061 4062
f 4039 4062 4061
f 4039 4062 4063
f 4039 4063 4062
f 4039 4063 4064
f 4039 4064 4063
f 4039 4064 4065
f 4039 4065 4064
f 4039 4065 4066
f 4039 4066 4065
f 4039 4066 4067
f 4039 4067 4066
f 4039 4067 4068
f 4039 4068 4067
f 4039 4068 4069
f 4039 4069 4068
f 4039 4069 4070
f 4039 4070 4069
f 4039 4070 4071
f 4039 4071 4070
f 4039 4071 4072
f 4039 4072 4071
f 4039 4072 4073
f 4039 4073 4072
f 4039 4073 4074
f 4039 4074 4073
f 4039 4074 4075
f 4039 4075 4074
f 4039 4075 4076
f 4039 4076 4075
f 4039 4076 4077
f 4039 4077 4076
f 4039 4077 4078
f 4039 4078 4077
f 4039 4078 4079
f 4039 4079 4078
f 4039 4079 4080
f 4039 4080 4079
f 4039 4080 4081
f 4039 4081 4080
f 4039 4081 4082
f 4039 4082 4081
f 4039 4082 4083
f 4039 4083 4082
f 4039 4083 4084
f 4039 4084 4083
v 0.158691 0.513245 -0.071598
v 0.160879 0.512352 -0.068439
v 0.163685 0.510516 -0.065685
v 0.166976 0.507941 -0.063249
v 0.170624 0.504820 -0.061048
v 0.174491 0.501365 -0.058991
v 0.178429 0.497803 -0.056980
v 0.182290 0.494357 -0.054918
v 0.185934 0.491244 -0.052714
v 0.189236 0.488652 -0.050286
v 0.192095 0.486735 -0.047566
v 0.194440 0.485602 -0.044510
v 0.196235 0.485309 -0.041093
v 0.197479 0.485855 -0.037315
v 0.198210 0.487185 -0.033199
v 0.198498 0.489190 -0.028793
v 0.198443 0.491717 -0.024163
v 0.198172 0.494576 -0.019390
v 0.197823 0.497552 -0.014566
v 0.197546 0.500420 -0.009789
v 0.197487 0.502954 -0.005155
v 0.197785 0.504943 -0.000756
v 0.198569 0.506192 0.003324
v 0.199971 0.506499 0.007000
v 0.197782 0.507393 0.003841
v 0.194976 0.509228 0.001087
v 0.191685 0.511804 -0.001349
v 0.188037 0.514925 -0.003550
v 0.184170 0.518379 -0.005607
v 0.180232 0.521942 -0.007618
v 0.176371 0.525387 -0.009680
v 0.172727 0.528501 -0.011884
v 0.169425 0.531093 -0.014313
v 0.166566 0.533009 -0.017032
v 0.164221 0.534142 -0.020088
v 0.162426 0.534435 -0.023505
v 0.161182 0.533889 -0.027284
v 0.160451 0.532559 -0.031399
v 0.160163 0.530554 -0.035805
v 0.160218 0.528027 -0.040435
v 0.160489 0.525168 -0.045209
v 0.160838 0.522192 -0.050032
v 0.161115 0.519325 -0.054809
v 0.161174 0.516790 -0.059443
v 0.160876 0.514801 -0.063842
v 0.160092 0.513552 -0.067922
f 4085 4086 4087
f 4085 4087 4086
f 4085 4087 4088
f 4085 4088 4087
f 4085 4088 4089
f 4085 4089 4088
f 4085 4089 4090
f 4085 4090 4089
f 4085 4090 4091
f 4085 4091 4090
f 4085 4091 4092
f 4085 4092 4091
f 4085 4092 4093
f 4085 4093 4092
f 4085 4093 4094
f 4085 4094 4093
f 4085 4094 4095
f 4085 4095 4094
f 4085 4095 4096
f 4085 4096 4095
f 4085 4096 4097
f 4085 4097 4096
f 4085 4097 4098
f 4085 4098 4097
f 4085 4098 4099
f 4085 4099 4098
f 4085 4099 4100
f 4085 4100 4099
f 4085 4100 4101
f 4085 4101 4100
f 4085 4101 4102
f 4085 4102 4101
f 4085 4102 4103
f 4085 4103 4102
f 4085 4103 4104
f 4085 4104 4103
f 4085 4104 4105
f 4085 4105 4104
f 4085 4105 4106
f 4085 4106 4105
f 4085 4106 4107
f 4085 4107 4106
f 4085 4107 4108
f 4085 4108 4107
f 4085 4108 4109
f 4085 4109 4108
f 4085 4109 4110
f 4085 4110 4109
f 4085 4110 4111
f 4085 4111 4110
f 4085 4111 4112
f 4085 4112 4111
f 4085 4112 4113
f 4085 4113 4112
f 4085 4113 4114
f 4085 4114 4113
f 4085 4114 4115
f 4085 4115 4114
f 4085 4115 4116
f 4085 4116 4115
f 4085 4116 4117
f 4085 4117 4116
f 4085 4117 4118
f 4085 4118 4117
f 4085 4118 4119
f 4085 4119 4118
f 4085 4119 4120
f 4085 4120 4119
f 4085 4120 4121
f 4085 4121 4120
f 4085 4121 4122
f 4085 4122 4121
f 4085 4122 4123
f 4085 4123 4122
f 4085 4123 4124
f 4085 4124 4123
f 4085 4124 4125
f 4085 4125 4124
f 4085 4125 4126
f 4085 4126 4125
f 4085 4126 4127
f 4085 4127 4126
f 4085 4127 4128
f 4085 4128 4127
f 4085 4128 4129
f 4085 4129 4128
f 4085 4129 4130
f 4085 4130 4129
v 0.138291 0.485590 -0.025016
v 0.143642 0.486680 -0.027058
v 0.146949 0.486678 -0.031859
v 0.146949 0.485584 -0.037585
v 0.143642 0.483817 -0.042050
v 0.138291 0.482051 -0.043547
v 0.132941 0.480961 -0.041504
v 0.129634 0.480964 -0.036703
v 0.129634 0.482057 -0.030977
v 0.132941 0.483824 -0.026512
v 0.124791 0.533835 -0.037302
v 0.128430 0.534576 -0.038690
v 0.130678 0.534575 -0.041955
v 0.130678 0.533831 -0.045849
v 0.128430 0.532629 -0.048885
v 0.124791 0.531429 -0.049903
v 0.121153 0.530688 -0.048514
v 0.118904 0.530689 -0.045249
v 0.118904 0.531433 -0.041355
v 0.121153 0.532634 -0.038320
f 4131 4132 4142
f 4131 4142 4141
f 4132 4133 4143
f 4132 4143 4142
f 4133 4134 4144
f 4133 4144 4143
f 4134 4135 4145
f 4134 4145 4144
f 4135 4136 4146
f 4135 4146 4145
f 4136 4137 4147
f 4136 4147 4146
f 4137 4138 4148
f 4137 4148 4147
f 4138 4139 4149
f 4138 4149 4148
f 4139 4140 4150
f 4139 4150 4149
f 4140 4131 4141
f 4140 4141 4150
v 0.124791 0.532632 -0.043602
v 0.124558 0.531432 -0.039138
v 0.124733 0.530357 -0.034614
v 0.125752 0.529539 -0.029964
v 0.127932 0.529075 -0.025141
v 0.131375 0.528996 -0.020130
v 0.135927 0.529256 -0.014955
v 0.141180 0.529729 -0.009675
v 0.146539 0.530234 -0.004380
v 0.151314 0.530562 0.000829
v 0.154842 0.530509 0.005852
v 0.156604 0.529918 0.010612
v 0.156313 0.528700 0.015068
v 0.153969 0.526857 0.019218
v 0.149858 0.524474 0.023105
v 0.144501 0.521712 0.026807
v 0.138560 0.518771 0.030422
v 0.132724 0.515863 0.034053
v 0.127591 0.513169 0.037789
v 0.123565 0.510812 0.041689
v 0.120803 0.508841 0.045777
v 0.119202 0.507224 0.050037
v 0.118445 0.505865 0.054423
v 0.118095 0.504629 0.058870
v 0.118328 0.505829 0.054406
v 0.118153 0.506904 0.049881
v 0.117134 0.507722 0.045231
v 0.114955 0.508186 0.040408
v 0.111511 0.508265 0.035398
v 0.106959 0.508006 0.030223
v 0.101706 0.507532 0.024943
v 0.096348 0.507027 0.019648
v 0.091573 0.506699 0.014439
v 0.088044 0.506752 0.009416
v 0.086282 0.507343 0.004655
v 0.086574 0.508561 0.000200
v 0.088917 0.510404 -0.003950
v 0.093028 0.512787 -0.007838
v 0.098385 0.515549 -0.011540
v 0.104326 0.518490 -0.015155
v 0.110162 0.521398 -0.018786
v 0.115296 0.524092 -0.022521
v 0.119322 0.526449 -0.026421
v 0.122084 0.528420 -0.030509
v 0.123685 0.530037 -0.034770
v 0.124442 0.531397 -0.039156
f 4151 4152 4153
f 4151 4153 4152
f 4151 4153 4154
f 4151 4154 4153
f 4151 4154 4155
f 4151 4155 4154
f 4151 4155 4156
f 4151 4156 4155
f 4151 4156 4157
f 4151 4157 4156
f 4151 4157 4158
f 4151 4158 4157
f 4151 4158 4159
f 4151 4159 4158
f 4151 4159 4160
f 4151 4160 4159
f 4151 4160 4161
f 4151 4161 4160
f 4151 4161 4162
f 4151 4162 4161
f 4151 4162 4163
f 4151 4163 4162
f 4151 4163 4164
f 4151 4164 4163
f 4151 4164 4165
f 4151 4165 4164
f 4151 4165 4166
f 4151 4166 4165
f 4151 4166 4167
f 4151 4167 4166
f 4151 4167 4168
f 4151 4168 4167
f 4151 4168 4169
f 4151 4169 4168
f 4151 4169 4170
f 4151 4170 4169
f 4151 4170 4171
f 4151 4171 4170
f 4151 4171 4172
f 4151 4172 4171
f 4151 4172 4173
f 4151 4173 4172
f 4151 4173 4174
f 4151 4174 4173
f 4151 4174 4175
f 4151 4175 4174
f 4151 4175 4176
f 4151 4176 4175
f 4151 4176 4177
f 4151 4177 4176
f 4151 4177 4178
f 4151 4178 4177
f 4151 4178 4179
f 4151 4179 4178
f 4151 4179 4180
f 4151 4180 4179
f 4151 4180 4181
f 4151 4181 4180
f 4151 4181 4182
f 4151 4182 4181
f 4151 4182 4183
f 4151 4183 4182
f 4151 4183 4184
f 4151 4184 4183
f 4151 4184 4185
f 4151 4185 4184
f 4151 4185 4186
f 4151 4186 4185
f 4151 4186 4187
f 4151 4187 4186
f 4151 4187 4188
f 4151 4188 4187
f 4151 4188 4189
f 4151 4189 4188
f 4151 4189 4190
f 4151 4190 4189
f 4151 4190 4191
f 4151 4191 4190
f 4151 4191 4192
f 4151 4192 4191
f 4151 4192 4193
f 4151 4193 4192
f 4151 4193 4194
f 4151 4194 4193
f 4151 4194 4195
f 4151 4195 4194
f 4151 4195 4196
f 4151 4196 4195
v 0.124791 0.532632 -0.043602
v 0.128304 0.531902 -0.046028
v 0.131255 0.530810 -0.049539
v 0.133737 0.529415 -0.053960
v 0.135858 0.527786 -0.059080
v 0.137747 0.526006 -0.064651
v 0.139544 0.524168 -0.070399
v 0.141396 0.522365 -0.076040
v 0.143444 0.520689 -0.081301
v 0.145815 0.519222 -0.085938
v 0.148612 0.518030 -0.089749
v 0.151908 0.517160 -0.092593
v 0.155741 0.516638 -0.094398
v 0.160111 0.516463 -0.095163
v 0.164980 0.516610 -0.094961
v 0.170274 0.517033 -0.093934
v 0.175892 0.517664 -0.092282
v 0.181706 0.518423 -0.090250
v 0.187575 0.519216 -0.088111
v 0.193352 0.519951 -0.086149
v 0.198897 0.520536 -0.084638
v 0.204081 0.520886 -0.083826
v 0.208795 0.520934 -0.083924
v 0.212948 0.520619 -0.085108
v 0.209436 0.521348 -0.082682
v 0.206484 0.522440 -0.079171
v 0.204002 0.523836 -0.074750
v 0.201881 0.525465 -0.069630
v 0.199993 0.527244 -0.064059
v 0.198196 0.529082 -0.058311
v 0.196344 0.530885 -0.052670
v 0.194295 0.532561 -0.047409
v 0.191924 0.534029 -0.042772
v 0.189127 0.535221 -0.038961
v 0.185831 0.536090 -0.036117
v 0.181998 0.536612 -0.034312
v 0.177629 0.536788 -0.033547
v 0.172760 0.536640 -0.033749
v 0.167465 0.536217 -0.034776
v 0.161847 0.535586 -0.036428
v 0.156034 0.534828 -0.038460
v 0.150165 0.534034 -0.040599
v 0.144387 0.533299 -0.042561
v 0.138842 0.532715 -0.044072
v 0.133659 0.532364 -0.044884
v 0.128945 0.532317 -0.044786
f 4197 4198 4199
f 4197 4199 4198
f 4197 4199 4200
f 4197 4200 4199
f 4197 4200 4201
f 4197 4201 4200
f 4197 4201 4202
f 4197 4202 4201
f 4197 4202 4203
f 4197 4203 4202
f 4197 4203 4204
f 4197 4204 4203
f 4197 4204 4205
f 4197 4205 4204
f 4197 4205 4206
f 4197 4206 4205
f 4197 4206 4207
f 4197 4207 4206
f 4197 4207 4208
f 4197 4208 4207
f 4197 4208 4209
f 4197 4209 4208
f 4197 4209 4210
f 4197 4210 4209
f 4197 4210 4211
f 4197 4211 4210
f 4197 4211 4212
f 4197 4212 4211
f 4197 4212 4213
f 4197 4213 4212
f 4197 4213 4214
f 4197 4214 4213
f 4197 4214 4215
f 4197 4215 4214
f 4197 4215 4216
f 4197 4216 4215
f 4197 4216 4217
f 4197 4217 4216
f 4197 4217 4218
f 4197 4218 4217
f 4197 4218 4219
f 4197 4219 4218
f 4197 4219 4220
f 4197 4220 4219
f 4197 4220 4221
f 4197 4221 4220
f 4197 4221 4222
f 4197 4222 4221
f 4197 4222 4223
f 4197 4223 4222
f 4197 4223 4224
f 4197 4224 4223
f 4197 4224 4225
f 4197 4225 4224
f 4197 4225 4226
f 4197 4226 4225
f 4197 4226 4227
f 4197 4227 4226
f 4197 4227 4228
f 4197 4228 4227
f 4197 4228 4229
f 4197 4229 4228
f 4197 4229 4230
f 4197 4230 4229
f 4197 4230 4231
f 4197 4231 4230
f 4197 4231 4232
f 4197 4232 4231
f 4197 4232 4233
f 4197 4233 4232
f 4197 4233 4234
f 4197 4234 4233
f 4197 4234 4235
f 4197 4235 4234
f 4197 4235 4236
f 4197 4236 4235
f 4197 4236 4237
f 4197 4237 4236
f 4197 4237 4238
f 4197 4238 4237
f 4197 4238 4239
f 4197 4239 4238
f 4197 4239 4240
f 4197 4240 4239
f 4197 4240 4241
f 4197 4241 4240
f 4197 4241 4242
f 4197 4242 4241
v 0.124791 0.532632 -0.043602
v 0.120968 0.529818 -0.044190
v 0.117042 0.527052 -0.044380
v 0.112896 0.524388 -0.043713
v 0.108438 0.521870 -0.041837
v 0.103635 0.519512 -0.038617
v 0.098524 0.517298 -0.034198
v 0.093212 0.515177 -0.028999
v 0.087861 0.513075 -0.023652
v 0.082664 0.510901 -0.018899
v 0.077805 0.508569 -0.015461
v 0.073430 0.506012 -0.013906
v 0.069621 0.503192 -0.014548
v 0.066376 0.500108 -0.017387
v 0.063617 0.496799 -0.022109
v 0.061195 0.493332 -0.028147
v 0.058926 0.489794 -0.034778
v 0.056620 0.486274 -0.041262
v 0.054112 0.482847 -0.046965
v 0.051296 0.479564 -0.051469
v 0.048135 0.476442 -0.054630
v 0.044662 0.473465 -0.056581
v 0.040969 0.470590 -0.057675
v 0.037173 0.467763 -0.058371
v 0.040997 0.470577 -0.057783
v 0.044923 0.473343 -0.057593
v 0.049069 0.476007 -0.058260
v 0.053526 0.478526 -0.060137
v 0.058329 0.480883 -0.063356
v 0.063441 0.483097 -0.067775
v 0.068753 0.485218 -0.072975
v 0.074103 0.487321 -0.078322
v 0.079301 0.489495 -0.083075
v 0.084160 0.491826 -0.086513
v 0.088535 0.494383 -0.088067
v 0.092344 0.497204 -0.087425
v 0.095588 0.500287 -0.084586
v 0.098348 0.503596 -0.079864
v 0.100770 0.507063 -0.073827
v 0.103038 0.510601 -0.067195
v 0.105345 0.514121 -0.060712
v 0.107852 0.517548 -0.055009
v 0.110668 0.520831 -0.050505
v 0.113830 0.523953 -0.047344
v 0.117302 0.526931 -0.045393
v 0.120996 0.529805 -0.044298
f 4243 4244 4245
f 4243 4245 4244
f 4243 4245 4246
f 4243 4246 4245
f 4243 4246 4247
f 4243 4247 4246
f 4243 4247 4248
f 4243 4248 4247
f 4243 4248 4249
f 4243 4249 4248
f 4243 4249 4250
f 4243 4250 4249
f 4243 4250 4251
f 4243 4251 4250
f 4243 4251 4252
f 4243 4252 4251
f 4243 4252 4253
f 4243 4253 4252
f 4243 4253 4254
f 4243 4254 4253
f 4243 4254 4255
f 4243 4255 4254
f 4243 4255 4256
f 4243 4256 4255
f 4243 4256 4257
f 4243 4257 4256
f 4243 4257 4258
f 4243 4258 4257
f 4243 4258 4259
f 4243 4259 4258
f 4243 4259 4260
f 4243 4260 4259
f 4243 4260 4261
f 4243 4261 4260
f 4243 4261 4262
f 4243 4262 4261
f 4243 4262 4263
f 4243 4263 4262
f 4243 4263 4264
f 4243 4264 4263
f 4243 4264 4265
f 4243 4265 4264
f 4243 4265 4266
f 4243 4266 4265
f 4243 4266 4267
f 4243 4267 4266
f 4243 4267 4268
f 4243 4268 4267
f 4243 4268 4269
f 4243 4269 4268
f 4243 4269 4270
f 4243 4270 4269
f 4243 4270 4271
f 4243 4271 4270
f 4243 4271 4272
f 4243 4272 4271
f 4243 4272 4273
f 4243 4273 4272
f 4243 4273 4274
f 4243 4274 4273
f 4243 4274 4275
f 4243 4275 4274
f 4243 4275 4276
f 4243 4276 4275
f 4243 4276 4277
f 4243 4277 4276
f 4243 4277 4278
f 4243 4278 4277
f 4243 4278 4279
f 4243 4279 4278
f 4243 4279 4280
f 4243 4280 4279
f 4243 4280 4281
f 4243 4281 4280
f 4243 4281 4282
f 4243 4282 4281
f 4243 4282 4283
f 4243 4283 4282
f 4243 4283 4284
f 4243 4284 4283
f 4243 4284 4285
f 4243 4285 4284
f 4243 4285 4286
f 4243 4286 4285
f 4243 4286 4287
f 4243 4287 4286
f 4243 4287 4288
f 4243 4288 4287
v 0.143861 0.483821 -0.041894
v 0.138774 0.486249 -0.043383
v 0.133503 0.487749 -0.041396
v 0.130061 0.487749 -0.036691
v 0.129762 0.486249 -0.031065
v 0.132721 0.483821 -0.026668
v 0.137808 0.481392 -0.025179
v 0.143079 0.479892 -0.027166
v 0.146522 0.479892 -0.031871
v 0.146820 0.481392 -0.037497
v 0.159155 0.527254 -0.026965
v 0.155696 0.528906 -0.027977
v 0.152111 0.529926 -0.026626
v 0.149770 0.529926 -0.023427
v 0.149567 0.528906 -0.019601
v 0.151580 0.527254 -0.016611
v 0.155038 0.525603 -0.015598
v 0.158623 0.524583 -0.016950
v 0.160964 0.524583 -0.020149
v 0.161167 0.525603 -0.023975
f 4289 4290 4300
f 4289 4300 4299
f 4290 4291 4301
f 4290 4301 4300
f 4291 4292 4302
f 4291 4302 4301
f 4292 4293 4303
f 4292 4303 4302
f 4293 4294 4304
f 4293 4304 4303
f 4294 4295 4305
f 4294 4305 4304
f 4295 4296 4306
f 4295 4306 4305
f 4296 4297 4307
f 4296 4307 4306
f 4297 4298 4308
f 4297 4308 4307
f 4298 4289 4299
f 4298 4299 4308
v 0.155367 0.527254 -0.021788
v 0.156426 0.526760 -0.025384
v 0.156974 0.526527 -0.029190
v 0.156763 0.526683 -0.033308
v 0.155712 0.527268 -0.037774
v 0.153889 0.528249 -0.042557
v 0.151500 0.529518 -0.047573
v 0.148856 0.530919 -0.052695
v 0.146329 0.532259 -0.057768
v 0.144305 0.533342 -0.062634
v 0.143129 0.533991 -0.067150
v 0.143061 0.534074 -0.071211
v 0.144238 0.533519 -0.074757
v 0.146662 0.532327 -0.077790
v 0.150193 0.530567 -0.080367
v 0.154572 0.528374 -0.082595
v 0.159454 0.525924 -0.084615
v 0.164453 0.523414 -0.086587
v 0.169197 0.521034 -0.088664
v 0.173375 0.518943 -0.090974
v 0.176781 0.517248 -0.093603
v 0.179347 0.515983 -0.096577
v 0.181154 0.515106 -0.099865
v 0.182451 0.514490 -0.103362
v 0.181392 0.514984 -0.099767
v 0.180844 0.515217 -0.095960
v 0.181054 0.515061 -0.091842
v 0.182106 0.514476 -0.087376
v 0.183929 0.513496 -0.082593
v 0.186318 0.512226 -0.077577
v 0.188962 0.510825 -0.072455
v 0.191488 0.509485 -0.067382
v 0.193512 0.508402 -0.062516
v 0.194688 0.507753 -0.058000
v 0.194757 0.507670 -0.053940
v 0.193580 0.508225 -0.050393
v 0.191156 0.509418 -0.047360
v 0.187625 0.511177 -0.044783
v 0.183246 0.513370 -0.042555
v 0.178364 0.515820 -0.040535
v 0.173365 0.518331 -0.038563
v 0.168621 0.520710 -0.036486
v 0.164443 0.522801 -0.034176
v 0.161036 0.524496 -0.031548
v 0.158471 0.525761 -0.028573
v 0.156663 0.526639 -0.025286
f 4309 4310 4311
f 4309 4311 4310
f 4309 4311 4312
f 4309 4312 4311
f 4309 4312 4313
f 4309 4313 4312
f 4309 4313 4314
f 4309 4314 4313
f 4309 4314 4315
f 4309 4315 4314
f 4309 4315 4316
f 4309 4316 4315
f 4309 4316 4317
f 4309 4317 4316
f 4309 4317 4318
f 4309 4318 4317
f 4309 4318 4319
f 4309 4319 4318
f 4309 4319 4320
f 4309 4320 4319
f 4309 4320 4321
f 4309 4321 4320
f 4309 4321 4322
f 4309 4322 4321
f 4309 4322 4323
f 4309 4323 4322
f 4309 4323 4324
f 4309 4324 4323
f 4309 4324 4325
f 4309 4325 4324
f 4309 4325 4326
f 4309 4326 4325
f 4309 4326 4327
f 4309 4327 4326
f 4309 4327 4328
f 4309 4328 4327
f 4309 4328 4329
f 4309 4329 4328
f 4309 4329 4330
f 4309 4330 4329
f 4309 4330 4331
f 4309 4331 4330
f 4309 4331 4332
f 4309 4332 4331
f 4309 4332 4333
f 4309 4333 4332
f 4309 4333 4334
f 4309 4334 4333
f 4309 4334 4335
f 4309 4335 4334
f 4309 4335 4336
f 4309 4336 4335
f 4309 4336 4337
f 4309 4337 4336
f 4309 4337 4338
f 4309 4338 4337
f 4309 4338 4339
f 4309 4339 4338
f 4309 4339 4340
f 4309 4340 4339
f 4309 4340 4341
f 4309 4341 4340
f 4309 4341 4342
f 4309 4342 4341
f 4309 4342 4343
f 4309 4343 4342
f 4309 4343 4344
f 4309 4344 4343
f 4309 4344 4345
f 4309 4345 4344
f 4309 4345 4346
f 4309 4346 4345
f 4309 4346 4347
f 4309 4347 4346
f 4309 4347 4348
f 4309 4348 4347
f 4309 4348 4349
f 4309 4349 4348
f 4309 4349 4350
f 4309 4350 4349
f 4309 4350 4351
f 4309 4351 4350
f 4309 4351 4352
f 4309 4352 4351
f 4309 4352 4353
f 4309 4353 4352
f 4309 4353 4354
f 4309 4354 4353
v 0.155367 0.527254 -0.021788
v 0.151823 0.526707 -0.022793
v 0.147968 0.526039 -0.022953
v 0.143780 0.525242 -0.022211
v 0.139295 0.524330 -0.020660
v 0.134583 0.523329 -0.018492
v 0.129742 0.522278 -0.015974
v 0.124887 0.521222 -0.013416
v 0.120136 0.520206 -0.011142
v 0.115602 0.519274 -0.009458
v 0.111380 0.518464 -0.008621
v 0.107539 0.517801 -0.008820
v 0.104115 0.517301 -0.010152
v 0.101108 0.516962 -0.012617
v 0.098482 0.516772 -0.016117
v 0.096169 0.516702 -0.020465
v 0.094072 0.516717 -0.025402
v 0.092080 0.516773 -0.030623
v 0.090073 0.516822 -0.035805
v 0.087937 0.516822 -0.040637
v 0.085574 0.516734 -0.044851
v 0.082913 0.516529 -0.048257
v 0.079921 0.516197 -0.050761
v 0.076617 0.515743 -0.052419
v 0.080162 0.516290 -0.051414
v 0.084017 0.516958 -0.051254
v 0.088204 0.517755 -0.051996
v 0.092689 0.518667 -0.053547
v 0.097401 0.519668 -0.055715
v 0.102242 0.520719 -0.058233
v 0.107098 0.521775 -0.060791
v 0.111849 0.522791 -0.063065
v 0.116383 0.523723 -0.064749
v 0.120605 0.524533 -0.065585
v 0.124446 0.525196 -0.065387
v 0.127869 0.525696 -0.064055
v 0.130876 0.526035 -0.061590
v 0.133502 0.526225 -0.058090
v 0.135816 0.526295 -0.053742
v 0.137913 0.526280 -0.048805
v 0.139905 0.526224 -0.043583
v 0.141912 0.526175 -0.038402
v 0.144048 0.526175 -0.033570
v 0.146410 0.526263 -0.029356
v 0.149071 0.526468 -0.025950
v 0.152063 0.526801 -0.023446
f 4355 4356 4357
f 4355 4357 4356
f 4355 4357 4358
f 4355 4358 4357
f 4355 4358 4359
f 4355 4359 4358
f 4355 4359 4360
f 4355 4360 4359
f 4355 4360 4361
f 4355 4361 4360
f 4355 4361 4362
f 4355 4362 4361
f 4355 4362 4363
f 4355 4363 4362
f 4355 4363 4364
f 4355 4364 4363
f 4355 4364 4365
f 4355 4365 4364
f 4355 4365 4366
f 4355 4366 4365
f 4355 4366 4367
f 4355 4367 4366
f 4355 4367 4368
f 4355 4368 4367
f 4355 4368 4369
f 4355 4369 4368
f 4355 4369 4370
f 4355 4370 4369
f 4355 4370 4371
f 4355 4371 4370
f 4355 4371 4372
f 4355 4372 4371
f 4355 4372 4373
f 4355 4373 4372
f 4355 4373 4374
f 4355 4374 4373
f 4355 4374 4375
f 4355 4375 4374
f 4355 4375 4376
f 4355 4376 4375
f 4355 4376 4377
f 4355 4377 4376
f 4355 4377 4378
f 4355 4378 4377
f 4355 4378 4379
f 4355 4379 4378
f 4355 4379 4380
f 4355 4380 4379
f 4355 4380 4381
f 4355 4381 4380
f 4355 4381 4382
f 4355 4382 4381
f 4355 4382 4383
f 4355 4383 4382
f 4355 4383 4384
f 4355 4384 4383
f 4355 4384 4385
f 4355 4385 4384
f 4355 4385 4386
f 4355 4386 4385
f 4355 4386 4387
f 4355 4387 4386
f 4355 4387 4388
f 4355 4388 4387
f 4355 4388 4389
f 4355 4389 4388
f 4355 4389 4390
f 4355 4390 4389
f 4355 4390 4391
f 4355 4391 4390
f 4355 4391 4392
f 4355 4392 4391
f 4355 4392 4393
f 4355 4393 4392
f 4355 4393 4394
f 4355 4394 4393
f 4355 4394 4395
f 4355 4395 4394
f 4355 4395 4396
f 4355 4396 4395
f 4355 4396 4397
f 4355 4397 4396
f 4355 4397 4398
f 4355 4398 4397
f 4355 4398 4399
f 4355 4399 4398
f 4355 4399 4400
f 4355 4400 4399
v 0.155367 0.527254 -0.021788
v 0.155072 0.524538 -0.016872
v 0.155553 0.521540 -0.012035
v 0.157259 0.518095 -0.007324
v 0.160377 0.514138 -0.002757
v 0.164832 0.509694 0.001673
v 0.170302 0.504881 0.005999
v 0.176270 0.499887 0.010274
v 0.182094 0.494945 0.014564
v 0.187099 0.490301 0.018937
v 0.190675 0.486177 0.023457
v 0.192357 0.482742 0.028171
v 0.191896 0.480086 0.033104
v 0.189292 0.478209 0.038257
v 0.184795 0.477021 0.043603
v 0.178868 0.476354 0.049096
v 0.172122 0.475983 0.054673
v 0.165232 0.475666 0.060264
v 0.158841 0.475167 0.065805
v 0.153464 0.474298 0.071241
v 0.149425 0.472944 0.076541
v 0.146797 0.471076 0.081696
v 0.145393 0.468763 0.086726
v 0.144767 0.466167 0.091676
v 0.145063 0.468883 0.086759
v 0.144581 0.471882 0.081923
v 0.142875 0.475326 0.077211
v 0.139757 0.479284 0.072645
v 0.135302 0.483727 0.068215
v 0.129832 0.488540 0.063889
v 0.123865 0.493534 0.059614
v 0.118041 0.498476 0.055324
v 0.113035 0.503120 0.050951
v 0.109459 0.507244 0.046431
v 0.107777 0.510680 0.041717
v 0.108238 0.513336 0.036784
v 0.110842 0.515212 0.031631
v 0.115339 0.516400 0.026285
v 0.121267 0.517068 0.020792
v 0.128012 0.517438 0.015215
v 0.134902 0.517756 0.009624
v 0.141294 0.518255 0.004083
v 0.146670 0.519123 -0.001353
v 0.150710 0.520478 -0.006653
v 0.153338 0.522345 -0.011808
v 0.154741 0.524659 -0.016838
f 4401 4402 4403
f 4401 4403 4402
f 4401 4403 4404
f 4401 4404 4403
f 4401 4404 4405
f 4401 4405 4404
f 4401 4405 4406
f 4401 4406 4405
f 4401 4406 4407
f 4401 4407 4406
f 4401 4407 4408
f 4401 4408 4407
f 4401 4408 4409
f 4401 4409 4408
f 4401 4409 4410
f 4401 4410 4409
f 4401 4410 4411
f 4401 4411 4410
f 4401 4411 4412
f 4401 4412 4411
f 4401 4412 4413
f 4401 4413 4412
f 4401 4413 4414
f 4401 4414 4413
f 4401 4414 4415
f 4401 4415 4414
f 4401 4415 4416
f 4401 4416 4415
f 4401 4416 4417
f 4401 4417 4416
f 4401 4417 4418
f 4401 4418 4417
f 4401 4418 4419
f 4401 4419 4418
f 4401 4419 4420
f 4401 4420 4419
f 4401 4420 4421
f 4401 4421 4420
f 4401 4421 4422
f 4401 4422 4421
f 4401 4422 4423
f 4401 4423 4422
f 4401 4423 4424
f 4401 4424 4423
f 4401 4424 4425
f 4401 4425 4424
f 4401 4425 4426
f 4401 4426 4425
f 4401 4426 4427
f 4401 4427 4426
f 4401 4427 4428
f 4401 4428 4427
f 4401 4428 4429
f 4401 4429 4428
f 4401 4429 4430
f 4401 4430 4429
f 4401 4430 4431
f 4401 4431 4430
f 4401 4431 4432
f 4401 4432 4431
f 4401 4432 4433
f 4401 4433 4432
f 4401 4433 4434
f 4401 4434 4433
f 4401 4434 4435
f 4401 4435 4434
f 4401 4435 4436
f 4401 4436 4435
f 4401 4436 4437
f 4401 4437 4436
f 4401 4437 4438
f 4401 4438 4437
f 4401 4438 4439
f 4401 4439 4438
f 4401 4439 4440
f 4401 4440 4439
f 4401 4440 4441
f 4401 4441 4440
f 4401 4441 4442
f 4401 4442 4441
f 4401 4442 4443
f 4401 4443 4442
f 4401 4443 4444
f 4401 4444 4443
f 4401 4444 4445
f 4401 4445 4444
f 4401 4445 4446
f 4401 4446 4445
v 0.132892 0.407457 -0.004402
v 0.128631 0.411315 -0.010763
v 0.120847 0.413700 -0.013451
v 0.112513 0.413700 -0.011439
v 0.106812 0.411315 -0.005496
v 0.105923 0.407457 0.002109
v 0.110184 0.403599 0.008470
v 0.117968 0.401215 0.011158
v 0.126302 0.401215 0.009145
v 0.132002 0.403599 0.003202
v 0.138731 0.488015 0.038698
v 0.135833 0.490638 0.034373
v 0.130540 0.492260 0.032545
v 0.124873 0.492260 0.033913
v 0.120997 0.490638 0.037955
v 0.120392 0.488015 0.043126
v 0.123289 0.485391 0.047451
v 0.128582 0.483770 0.049279
v 0.134250 0.483770 0.047910
v 0.138126 0.485391 0.043869
f 4447 4448 4458
f 4447 4458 4457
f 4448 4449 4459
f 4448 4459 4458
f 4449 4450 4460
f 4449 4460 4459
f 4450 4451 4461
f 4450 4461 4460
f 4451 4452 4462
f 4451 4462 4461
f 4452 4453 4463
f 4452 4463 4462
f 4453 4454 4464
f 4453 4464 4463
f 4454 4455 4465
f 4454 4465 4464
f 4455 4456 4466
f 4455 4466 4465
f 4456 4447 4457
f 4456 4457 4466
v 0.129561 0.488015 0.040912
v 0.133718 0.486745 0.038146
v 0.137726 0.485659 0.035066
v 0.141392 0.484993 0.031263
v 0.144553 0.484947 0.026394
v 0.147136 0.485613 0.020302
v 0.149186 0.486934 0.013082
v 0.150872 0.488701 0.005097
v 0.152469 0.490580 -0.003080
v 0.154303 0.492166 -0.010754
v 0.156698 0.493062 -0.017243
v 0.159911 0.492952 -0.022002
v 0.164087 0.491660 -0.024729
v 0.169223 0.489187 -0.025425
v 0.175178 0.485706 -0.024390
v 0.181694 0.481536 -0.022170
v 0.188448 0.477074 -0.019447
v 0.195111 0.472723 -0.016916
v 0.201412 0.468818 -0.015151
v 0.207179 0.465569 -0.014513
v 0.212368 0.463031 -0.015098
v 0.217052 0.461113 -0.016749
v 0.221394 0.459616 -0.019123
v 0.225587 0.458302 -0.021812
v 0.221430 0.459571 -0.019046
v 0.217423 0.460657 -0.015966
v 0.213757 0.461323 -0.012162
v 0.210595 0.461369 -0.007294
v 0.208012 0.460704 -0.001202
v 0.205963 0.459382 0.006018
v 0.204276 0.457615 0.014004
v 0.202680 0.455737 0.022180
v 0.200846 0.454150 0.029855
v 0.198451 0.453254 0.036343
v 0.195237 0.453364 0.041102
v 0.191062 0.454656 0.043829
v 0.185926 0.457130 0.044525
v 0.179970 0.460610 0.043490
v 0.173454 0.464780 0.041270
v 0.166701 0.469242 0.038548
v 0.160037 0.473593 0.036016
v 0.153737 0.477498 0.034251
v 0.147969 0.480747 0.033613
v 0.142781 0.483285 0.034198
v 0.138097 0.485203 0.035849
v 0.133755 0.486700 0.038223
f 4467 4468 4469
f 4467 4469 4468
f 4467 4469 4470
f 4467 4470 4469
f 4467 4470 4471
f 4467 4471 4470
f 4467 4471 4472
f 4467 4472 4471
f 4467 4472 4473
f 4467 4473 4472
f 4467 4473 4474
f 4467 4474 4473
f 4467 4474 4475
f 4467 4475 4474
f 4467 4475 4476
f 4467 4476 4475
f 4467 4476 4477
f 4467 4477 4476
f 4467 4477 4478
f 4467 4478 4477
f 4467 4478 4479
f 4467 4479 4478
f 4467 4479 4480
f 4467 4480 4479
f 4467 4480 4481
f 4467 4481 4480
f 4467 4481 4482
f 4467 4482 4481
f 4467 4482 4483
f 4467 4483 4482
f 4467 4483 4484
f 4467 4484 4483
f 4467 4484 4485
f 4467 4485 4484
f 4467 4485 4486
f 4467 4486 4485
f 4467 4486 4487
f 4467 4487 4486
f 4467 4487 4488
f 4467 4488 4487
f 4467 4488 4489
f 4467 4489 4488
f 4467 4489 4490
f 4467 4490 4489
f 4467 4490 4491
f 4467 4491 4490
f 4467 4491 4492
f 4467 4492 4491
f 4467 4492 4493
f 4467 4493 4492
f 4467 4493 4494
f 4467 4494 4493
f 4467 4494 4495
f 4467 4495 4494
f 4467 4495 4496
f 4467 4496 4495
f 4467 4496 4497
f 4467 4497 4496
f 4467 4497 4498
f 4467 4498 4497
f 4467 4498 4499
f 4467 4499 4498
f 4467 4499 4500
f 4467 4500 4499
f 4467 4500 4501
f 4467 4501 4500
f 4467 4501 4502
f 4467 4502 4501
f 4467 4502 4503
f 4467 4503 4502
f 4467 4503 4504
f 4467 4504 4503
f 4467 4504 4505
f 4467 4505 4504
f 4467 4505 4506
f 4467 4506 4505
f 4467 4506 4507
f 4467 4507 4506
f 4467 4507 4508
f 4467 4508 4507
f 4467 4508 4509
f 4467 4509 4508
f 4467 4509 4510
f 4467 4510 4509
f 4467 4510 4511
f 4467 4511 4510
f 4467 4511 4512
f 4467 4512 4511
v 0.129561 0.488015 0.040912
v 0.126056 0.487539 0.038553
v 0.121712 0.486701 0.037088
v 0.116694 0.485574 0.036341
v 0.111172 0.484230 0.036132
v 0.105337 0.482751 0.036257
v 0.099392 0.481224 0.036498
v 0.093544 0.479740 0.036637
v 0.087991 0.478382 0.036461
v 0.082909 0.477227 0.035784
v 0.078439 0.476335 0.034453
v 0.074682 0.475751 0.032361
v 0.071691 0.475497 0.029453
v 0.069466 0.475572 0.025729
v 0.067954 0.475955 0.021244
v 0.067055 0.476601 0.016106
v 0.066627 0.477450 0.010466
v 0.066493 0.478426 0.004512
v 0.066456 0.479444 -0.001545
v 0.066309 0.480414 -0.007486
v 0.065849 0.481250 -0.013092
v 0.064885 0.481868 -0.018161
v 0.063248 0.482196 -0.022511
v 0.060771 0.482164 -0.025968
v 0.064277 0.482640 -0.023609
v 0.068621 0.483477 -0.022144
v 0.073639 0.484604 -0.021397
v 0.079160 0.485948 -0.021188
v 0.084995 0.487427 -0.021313
v 0.090940 0.488954 -0.021555
v 0.096788 0.490439 -0.021693
v 0.102341 0.491796 -0.021517
v 0.107424 0.492952 -0.020840
v 0.111894 0.493843 -0.019509
v 0.115650 0.494427 -0.017417
v 0.118641 0.494681 -0.014509
v 0.120866 0.494606 -0.010785
v 0.122378 0.494223 -0.006301
v 0.123277 0.493577 -0.001162
v 0.123706 0.492728 0.004477
v 0.123840 0.491752 0.010431
v 0.123877 0.490734 0.016489
v 0.124023 0.489764 0.022430
v 0.124483 0.488929 0.028036
v 0.125447 0.488310 0.033105
v 0.127085 0.487982 0.037455
f 4513 4514 4515
f 4513 4515 4514
f 4513 4515 4516
f 4513 4516 4515
f 4513 4516 4517
f 4513 4517 4516
f 4513 4517 4518
f 4513 4518 4517
f 4513 4518 4519
f 4513 4519 4518
f 4513 4519 4520
f 4513 4520 4519
f 4513 4520 4521
f 4513 4521 4520
f 4513 4521 4522
f 4513 4522 4521
f 4513 4522 4523
f 4513 4523 4522
f 4513 4523 4524
f 4513 4524 4523
f 4513 4524 4525
f 4513 4525 4524
f 4513 4525 4526
f 4513 4526 4525
f 4513 4526 4527
f 4513 4527 4526
f 4513 4527 4528
f 4513 4528 4527
f 4513 4528 4529
f 4513 4529 4528
f 4513 4529 4530
f 4513 4530 4529
f 4513 4530 4531
f 4513 4531 4530
f 4513 4531 4532
f 4513 4532 4531
f 4513 4532 4533
f 4513 4533 4532
f 4513 4533 4534
f 4513 4534 4533
f 4513 4534 4535
f 4513 4535 4534
f 4513 4535 4536
f 4513 4536 4535
f 4513 4536 4537
f 4513 4537 4536
f 4513 4537 4538
f 4513 4538 4537
f 4513 4538 4539
f 4513 4539 4538
f 4513 4539 4540
f 4513 4540 4539
f 4513 4540 4541
f 4513 4541 4540
f 4513 4541 4542
f 4513 4542 4541
f 4513 4542 4543
f 4513 4543 4542
f 4513 4543 4544
f 4513 4544 4543
f 4513 4544 4545
f 4513 4545 4544
f 4513 4545 4546
f 4513 4546 4545
f 4513 4546 4547
f 4513 4547 4546
f 4513 4547 4548
f 4513 4548 4547
f 4513 4548 4549
f 4513 4549 4548
f 4513 4549 4550
f 4513 4550 4549
f 4513 4550 4551
f 4513 4551 4550
f 4513 4551 4552
f 4513 4552 4551
f 4513 4552 4553
f 4513 4553 4552
f 4513 4553 4554
f 4513 4554 4553
f 4513 4554 4555
f 4513 4555 4554
f 4513 4555 4556
f 4513 4556 4555
f 4513 4556 4557
f 4513 4557 4556
f 4513 4557 4558
f 4513 4558 4557
v 0.129561 0.488015 0.040912
v 0.129616 0.485305 0.043315
v 0.130669 0.482454 0.045746
v 0.132635 0.479476 0.048202
v 0.135345 0.476393 0.050678
v 0.138569 0.473237 0.053169
v 0.142033 0.470048 0.055667
v 0.145443 0.466867 0.058162
v 0.148507 0.463734 0.060649
v 0.150959 0.460687 0.063118
v 0.152580 0.457757 0.065565
v 0.153212 0.454966 0.067984
v 0.152775 0.452325 0.070373
v 0.151269 0.449834 0.072734
v 0.148774 0.447482 0.075066
v 0.145447 0.445247 0.077376
v 0.141509 0.443098 0.079669
v 0.137226 0.440997 0.081952
v 0.132888 0.438904 0.084234
v 0.128790 0.436778 0.086522
v 0.125205 0.434579 0.088825
v 0.122365 0.432275 0.091148
v 0.120438 0.429844 0.093496
v 0.119509 0.427272 0.095872
v 0.119454 0.429982 0.093469
v 0.118401 0.432832 0.091038
v 0.116435 0.435811 0.088582
v 0.113725 0.438894 0.086106
v 0.110501 0.442049 0.083615
v 0.107037 0.445238 0.081118
v 0.103627 0.448419 0.078622
v 0.100564 0.451552 0.076135
v 0.098111 0.454599 0.073666
v 0.096491 0.457529 0.071219
v 0.095858 0.460320 0.068800
v 0.096295 0.462961 0.066411
v 0.097802 0.465452 0.064051
v 0.100297 0.467804 0.061718
v 0.103623 0.470039 0.059408
v 0.107561 0.472188 0.057115
v 0.111845 0.474289 0.054832
v 0.116183 0.476382 0.052550
v 0.120281 0.478509 0.050262
v 0.123865 0.480708 0.047959
v 0.126706 0.483011 0.045636
v 0.128632 0.485443 0.043288
f 4559 4560 4561
f 4559 4561 4560
f 4559 4561 4562
f 4559 4562 4561
f 4559 4562 4563
f 4559 4563 4562
f 4559 4563 4564
f 4559 4564 4563
f 4559 4564 4565
f 4559 4565 4564
f 4559 4565 4566
f 4559 4566 4565
f 4559 4566 4567
f 4559 4567 4566
f 4559 4567 4568
f 4559 4568 4567
f 4559 4568 4569
f 4559 4569 4568
f 4559 4569 4570
f 4559 4570 4569
f 4559 4570 4571
f 4559 4571 4570
f 4559 4571 4572
f 4559 4572 4571
f 4559 4572 4573
f 4559 4573 4572
f 4559 4573 4574
f 4559 4574 4573
f 4559 4574 4575
f 4559 4575 4574
f 4559 4575 4576
f 4559 4576 4575
f 4559 4576 4577
f 4559 4577 4576
f 4559 4577 4578
f 4559 4578 4577
f 4559 4578 4579
f 4559 4579 4578
f 4559 4579 4580
f 4559 4580 4579
f 4559 4580 4581
f 4559 4581 4580
f 4559 4581 4582
f 4559 4582 4581
f 4559 4582 4583
f 4559 4583 4582
f 4559 4583 4584
f 4559 4584 4583
f 4559 4584 4585
f 4559 4585 4584
f 4559 4585 4586
f 4559 4586 4585
f 4559 4586 4587
f 4559 4587 4586
f 4559 4587 4588
f 4559 4588 4587
f 4559 4588 4589
f 4559 4589 4588
f 4559 4589 4590
f 4559 4590 4589
f 4559 4590 4591
f 4559 4591 4590
f 4559 4591 4592
f 4559 4592 4591
f 4559 4592 4593
f 4559 4593 4592
f 4559 4593 4594
f 4559 4594 4593
f 4559 4594 4595
f 4559 4595 4594
f 4559 4595 4596
f 4559 4596 4595
f 4559 4596 4597
f 4559 4597 4596
f 4559 4597 4598
f 4559 4598 4597
f 4559 4598 4599
f 4559 4599 4598
f 4559 4599 4600
f 4559 4600 4599
f 4559 4600 4601
f 4559 4601 4600
f 4559 4601 4602
f 4559 4602 4601
f 4559 4602 4603
f 4559 4603 4602
f 4559 4603 4604
f 4559 4604 4603
v 0.138207 0.488015 0.037139
v 0.135797 0.493224 0.036121
v 0.131005 0.496444 0.036932
v 0.125662 0.496444 0.039264
v 0.121808 0.493224 0.042225
v 0.120916 0.488015 0.044685
v 0.123326 0.482805 0.045703
v 0.128117 0.479585 0.044892
v 0.133461 0.479585 0.042560
v 0.137315 0.482805 0.039599
v 0.155470 0.506254 0.084247
v 0.153831 0.509797 0.083554
v 0.150573 0.511987 0.084106
v 0.146939 0.511987 0.085691
v 0.144319 0.509797 0.087705
v 0.143712 0.506254 0.089378
v 0.145351 0.502712 0.090070
v 0.148609 0.500522 0.089518
v 0.152243 0.500522 0.087933
v 0.154863 0.502712 0.085919
f 4605 4606 4616
f 4605 4616 4615
f 4606 4607 4617
f 4606 4617 4616
f 4607 4608 4618
f 4607 4618 4617
f 4608 4609 4619
f 4608 4619 4618
f 4609 4610 4620
f 4609 4620 4619
f 4610 4611 4621
f 4610 4621 4620
f 4611 4612 4622
f 4611 4622 4621
f 4612 4613 4623
f 4612 4623 4622
f 4613 4614 4624
f 4613 4624 4623
f 4614 4605 4615
f 4614 4615 4624
v 0.149591 0.506254 0.086812
v 0.152888 0.507328 0.082524
v 0.155857 0.509049 0.078122
v 0.158275 0.511859 0.073527
v 0.160030 0.515979 0.068702
v 0.161136 0.521381 0.063650
v 0.161730 0.527793 0.058420
v 0.162054 0.534739 0.053095
v 0.162418 0.541607 0.047785
v 0.163153 0.547742 0.042604
v 0.164566 0.552538 0.037659
v 0.166889 0.555535 0.033031
v 0.170249 0.556483 0.028765
v 0.174647 0.555383 0.024861
v 0.179955 0.552483 0.021274
v 0.185941 0.548245 0.017924
v 0.192298 0.543273 0.014702
v 0.198695 0.538224 0.011495
v 0.204821 0.533708 0.008193
v 0.210436 0.530203 0.004713
v 0.215402 0.527980 0.001007
v 0.219705 0.527066 -0.002930
v 0.223456 0.527242 -0.007060
v 0.226880 0.528065 -0.011303
v 0.223583 0.526991 -0.007015
v 0.220614 0.525271 -0.002613
v 0.218196 0.522460 0.001981
v 0.216441 0.518341 0.006807
v 0.215335 0.512939 0.011859
v 0.214741 0.506527 0.017089
v 0.214416 0.499581 0.022413
v 0.214053 0.492712 0.027724
v 0.213318 0.486578 0.032905
v 0.211905 0.481782 0.037850
v 0.209582 0.478785 0.042477
v 0.206222 0.477837 0.046743
v 0.201824 0.478937 0.050648
v 0.196516 0.481836 0.054234
v 0.190530 0.486074 0.057585
v 0.184173 0.491046 0.060806
v 0.177776 0.496096 0.064014
v 0.171650 0.500611 0.067315
v 0.166035 0.504116 0.070795
v 0.161069 0.506339 0.074502
v 0.156766 0.507253 0.078439
v 0.153015 0.507078 0.082568
f 4625 4626 4627
f 4625 4627 4626
f 4625 4627 4628
f 4625 4628 4627
f 4625 4628 4629
f 4625 4629 4628
f 4625 4629 4630
f 4625 4630 4629
f 4625 4630 4631
f 4625 4631 4630
f 4625 4631 4632
f 4625 4632 4631
f 4625 4632 4633
f 4625 4633 4632
f 4625 4633 4634
f 4625 4634 4633
f 4625 4634 4635
f 4625 4635 4634
f 4625 4635 4636
f 4625 4636 4635
f 4625 4636 4637
f 4625 4637 4636
f 4625 4637 4638
f 4625 4638 4637
f 4625 4638 4639
f 4625 4639 4638
f 4625 4639 4640
f 4625 4640 4639
f 4625 4640 4641
f 4625 4641 4640
f 4625 4641 4642
f 4625 4642 4641
f 4625 4642 4643
f 4625 4643 4642
f 4625 4643 4644
f 4625 4644 4643
f 4625 4644 4645
f 4625 4645 4644
f 4625 4645 4646
f 4625 4646 4645
f 4625 4646 4647
f 4625 4647 4646
f 4625 4647 4648
f 4625 4648 4647
f 4625 4648 4649
f 4625 4649 4648
f 4625 4649 4650
f 4625 4650 4649
f 4625 4650 4651
f 4625 4651 4650
f 4625 4651 4652
f 4625 4652 4651
f 4625 4652 4653
f 4625 4653 4652
f 4625 4653 4654
f 4625 4654 4653
f 4625 4654 4655
f 4625 4655 4654
f 4625 4655 4656
f 4625 4656 4655
f 4625 4656 4657
f 4625 4657 4656
f 4625 4657 4658
f 4625 4658 4657
f 4625 4658 4659
f 4625 4659 4658
f 4625 4659 4660
f 4625 4660 4659
f 4625 4660 4661
f 4625 4661 4660
f 4625 4661 4662
f 4625 4662 4661
f 4625 4662 4663
f 4625 4663 4662
f 4625 4663 4664
f 4625 4664 4663
f 4625 4664 4665
f 4625 4665 4664
f 4625 4665 4666
f 4625 4666 4665
f 4625 4666 4667
f 4625 4667 4666
f 4625 4667 4668
f 4625 4668 4667
f 4625 4668 4669
f 4625 4669 4668
f 4625 4669 4670
f 4625 4670 4669
v 0.149591 0.506254 0.086812
v 0.147361 0.508737 0.086065
v 0.144830 0.511025 0.085527
v 0.141762 0.512965 0.085360
v 0.138027 0.514472 0.085658
v 0.133619 0.515542 0.086422
v 0.128664 0.516259 0.087566
v 0.123404 0.516777 0.088921
v 0.118158 0.517305 0.090267
v 0.113276 0.518068 0.091360
v 0.109084 0.519279 0.091975
v 0.105832 0.521099 0.091937
v 0.103655 0.523617 0.091152
v 0.102555 0.526832 0.089621
v 0.102395 0.530656 0.087438
v 0.102924 0.534927 0.084775
v 0.103818 0.539434 0.081861
v 0.104725 0.543951 0.078936
v 0.105328 0.548269 0.076223
v 0.105383 0.552234 0.073890
v 0.104766 0.555762 0.072024
v 0.103480 0.558857 0.070621
v 0.101659 0.561604 0.069590
v 0.099537 0.564156 0.068768
v 0.101766 0.561674 0.069515
v 0.104298 0.559386 0.070054
v 0.107365 0.557446 0.070220
v 0.111100 0.555939 0.069923
v 0.115508 0.554869 0.069158
v 0.120463 0.554152 0.068015
v 0.125723 0.553634 0.066659
v 0.130969 0.553106 0.065313
v 0.135851 0.552343 0.064220
v 0.140043 0.551132 0.063606
v 0.143296 0.549312 0.063644
v 0.145472 0.546794 0.064428
v 0.146572 0.543579 0.065959
v 0.146733 0.539755 0.068143
v 0.146203 0.535484 0.070805
v 0.145310 0.530977 0.073720
v 0.144402 0.526460 0.076644
v 0.143800 0.522141 0.079357
v 0.143744 0.518177 0.081690
v 0.144362 0.514649 0.083557
v 0.145647 0.511554 0.084960
v 0.147468 0.508807 0.085990
f 4671 4672 4673
f 4671 4673 4672
f 4671 4673 4674
f 4671 4674 4673
f 4671 4674 4675
f 4671 4675 4674
f 4671 4675 4676
f 4671 4676 4675
f 4671 4676 4677
f 4671 4677 4676
f 4671 4677 4678
f 4671 4678 4677
f 4671 4678 4679
f 4671 4679 4678
f 4671 4679 4680
f 4671 4680 4679
f 4671 4680 4681
f 4671 4681 4680
f 4671 4681 4682
f 4671 4682 4681
f 4671 4682 4683
f 4671 4683 4682
f 4671 4683 4684
f 4671 4684 4683
f 4671 4684 4685
f 4671 4685 4684
f 4671 4685 4686
f 4671 4686 4685
f 4671 4686 4687
f 4671 4687 4686
f 4671 4687 4688
f 4671 4688 4687
f 4671 4688 4689
f 4671 4689 4688
f 4671 4689 4690
f 4671 4690 4689
f 4671 4690 4691
f 4671 4691 4690
f 4671 4691 4692
f 4671 4692 4691
f 4671 4692 4693
f 4671 4693 4692
f 4671 4693 4694
f 4671 4694 4693
f 4671 4694 4695
f 4671 4695 4694
f 4671 4695 4696
f 4671 4696 4695
f 4671 4696 4697
f 4671 4697 4696
f 4671 4697 4698
f 4671 4698 4697
f 4671 4698 4699
f 4671 4699 4698
f 4671 4699 4700
f 4671 4700 4699
f 4671 4700 4701
f 4671 4701 4700
f 4671 4701 4702
f 4671 4702 4701
f 4671 4702 4703
f 4671 4703 4702
f 4671 4703 4704
f 4671 4704 4703
f 4671 4704 4705
f 4671 4705 4704
f 4671 4705 4706
f 4671 4706 4705
f 4671 4706 4707
f 4671 4707 4706
f 4671 4707 4708
f 4671 4708 4707
f 4671 4708 4709
f 4671 4709 4708
f 4671 4709 4710
f 4671 4710 4709
f 4671 4710 4711
f 4671 4711 4710
f 4671 4711 4712
f 4671 4712 4711
f 4671 4712 4713
f 4671 4713 4712
f 4671 4713 4714
f 4671 4714 4713
f 4671 4714 4715
f 4671 4715 4714
f 4671 4715 4716
f 4671 4716 4715
v 0.149591 0.506254 0.086812
v 0.147795 0.502724 0.087690
v 0.146659 0.498777 0.088444
v 0.146379 0.494290 0.089040
v 0.146972 0.489253 0.089474
v 0.148309 0.483747 0.089770
v 0.150146 0.477925 0.089972
v 0.152158 0.471993 0.090143
v 0.153975 0.466184 0.090349
v 0.155232 0.460728 0.090659
v 0.155608 0.455827 0.091133
v 0.154868 0.451631 0.091815
v 0.152885 0.448218 0.092727
v 0.149659 0.445589 0.093870
v 0.145317 0.443665 0.095220
v 0.140094 0.442296 0.096734
v 0.134311 0.441280 0.098352
v 0.128334 0.440387 0.100006
v 0.122531 0.439384 0.101628
v 0.117228 0.438065 0.103157
v 0.112669 0.436277 0.104548
v 0.108983 0.433939 0.105776
v 0.106154 0.431060 0.106845
v 0.103983 0.427766 0.107793
v 0.105779 0.431297 0.106915
v 0.106915 0.435243 0.106160
v 0.107195 0.439730 0.105564
v 0.106602 0.444767 0.105131
v 0.105265 0.450273 0.104835
v 0.103428 0.456096 0.104632
v 0.101416 0.462027 0.104462
v 0.099599 0.467837 0.104256
v 0.098342 0.473293 0.103945
v 0.097966 0.478193 0.103471
v 0.098706 0.482390 0.102790
v 0.100689 0.485802 0.101878
v 0.103915 0.488431 0.100735
v 0.108257 0.490355 0.099384
v 0.113480 0.491725 0.097870
v 0.119263 0.492740 0.096252
v 0.125240 0.493634 0.094598
v 0.131043 0.494637 0.092977
v 0.136346 0.495955 0.091448
v 0.140905 0.497743 0.090057
v 0.144591 0.500082 0.088829
v 0.147420 0.502960 0.087759
f 4717 4718 4719
f 4717 4719 4718
f 4717 4719 4720
f 4717 4720 4719
f 4717 4720 4721
f 4717 4721 4720
f 4717 4721 4722
f 4717 4722 4721
f 4717 4722 4723
f 4717 4723 4722
f 4717 4723 4724
f 4717 4724 4723
f 4717 4724 4725
f 4717 4725 4724
f 4717 4725 4726
f 4717 4726 4725
f 4717 4726 4727
f 4717 4727 4726
f 4717 4727 4728
f 4717 4728 4727
f 4717 4728 4729
f 4717 4729 4728
f 4717 4729 4730
f 4717 4730 4729
f 4717 4730 4731
f 4717 4731 4730
f 4717 4731 4732
f 4717 4732 4731
f 4717 4732 4733
f 4717 4733 4732
f 4717 4733 4734
f 4717 4734 4733
f 4717 4734 4735
f 4717 4735 4734
f 4717 4735 4736
f 4717 4736 4735
f 4717 4736 4737
f 4717 4737 4736
f 4717 4737 4738
f 4717 4738 4737
f 4717 4738 4739
f 4717 4739 4738
f 4717 4739 4740
f 4717 4740 4739
f 4717 4740 4741
f 4717 4741 4740
f 4717 4741 4742
f 4717 4742 4741
f 4717 4742 4743
f 4717 4743 4742
f 4717 4743 4744
f 4717 4744 4743
f 4717 4744 4745
f 4717 4745 4744
f 4717 4745 4746
f 4717 4746 4745
f 4717 4746 4747
f 4717 4747 4746
f 4717 4747 4748
f 4717 4748 4747
f 4717 4748 4749
f 4717 4749 4748
f 4717 4749 4750
f 4717 4750 4749
f 4717 4750 4751
f 4717 4751 4750
f 4717 4751 4752
f 4717 4752 4751
f 4717 4752 4753
f 4717 4753 4752
f 4717 4753 4754
f 4717 4754 4753
f 4717 4754 4755
f 4717 4755 4754
f 4717 4755 4756
f 4717 4756 4755
f 4717 4756 4757
f 4717 4757 4756
f 4717 4757 4758
f 4717 4758 4757
f 4717 4758 4759
f 4717 4759 4758
f 4717 4759 4760
f 4717 4760 4759
f 4717 4760 4761
f 4717 4761 4760
f 4717 4761 4762
f 4717 4762 4761
v 0.129178 0.488015 0.031487
v 0.125009 0.491581 0.033459
v 0.122580 0.493785 0.038278
v 0.122816 0.493785 0.044103
v 0.125630 0.491581 0.048709
v 0.129945 0.488015 0.050337
v 0.134113 0.484448 0.048364
v 0.136543 0.482244 0.043545
v 0.136306 0.482244 0.037720
v 0.133493 0.484448 0.033114
v 0.164037 0.529396 0.033090
v 0.161203 0.531821 0.034431
v 0.159550 0.533320 0.037708
v 0.159712 0.533320 0.041669
v 0.161625 0.531821 0.044801
v 0.164559 0.529396 0.045908
v 0.167393 0.526971 0.044567
v 0.169046 0.525472 0.041290
v 0.168885 0.525472 0.037329
v 0.166972 0.526971 0.034197
f 4763 4764 4774
f 4763 4774 4773
f 4764 4765 4775
f 4764 4775 4774
f 4765 4766 4776
f 4765 4776 4775
f 4766 4767 4777
f 4766 4777 4776
f 4767 4768 4778
f 4767 4778 4777
f 4768 4769 4779
f 4768 4779 4778
f 4769 4770 4780
f 4769 4780 4779
f 4770 4771 4781
f 4770 4781 4780
f 4771 4772 4782
f 4771 4782 4781
f 4772 4763 4773
f 4772 4773 4782
v 0.164298 0.529396 0.039499
v 0.164271 0.527683 0.034674
v 0.163644 0.526467 0.029644
v 0.162108 0.526002 0.024307
v 0.159553 0.526382 0.018625
v 0.156056 0.527541 0.012622
v 0.151859 0.529280 0.006382
v 0.147338 0.531287 0.000033
v 0.142949 0.533186 -0.006272
v 0.139162 0.534585 -0.012373
v 0.136404 0.535133 -0.018125
v 0.134993 0.534565 -0.023419
v 0.135103 0.532739 -0.028199
v 0.136732 0.529655 -0.032462
v 0.139709 0.525455 -0.036269
v 0.143714 0.520404 -0.039727
v 0.148322 0.514853 -0.042980
v 0.153061 0.509194 -0.046189
v 0.157477 0.503803 -0.049507
v 0.161193 0.498991 -0.053063
v 0.163966 0.494960 -0.056939
v 0.165720 0.491772 -0.061160
v 0.166567 0.489336 -0.065689
v 0.166812 0.487397 -0.070422
v 0.166839 0.489110 -0.065597
v 0.167467 0.490326 -0.060568
v 0.169002 0.490791 -0.055231
v 0.171557 0.490411 -0.049548
v 0.175054 0.489251 -0.043545
v 0.179251 0.487513 -0.037306
v 0.183772 0.485506 -0.030956
v 0.188162 0.483607 -0.024651
v 0.191948 0.482208 -0.018550
v 0.194707 0.481660 -0.012799
v 0.196117 0.482228 -0.007504
v 0.196008 0.484054 -0.002725
v 0.194379 0.487138 0.001539
v 0.191402 0.491338 0.005346
v 0.187396 0.496389 0.008803
v 0.182788 0.501940 0.012057
v 0.178049 0.507599 0.015265
v 0.173633 0.512990 0.018584
v 0.169917 0.517802 0.022140
v 0.167144 0.521833 0.026016
v 0.165390 0.525021 0.030237
v 0.164544 0.527457 0.034766
f 4783 4784 4785
f 4783 4785 4784
f 4783 4785 4786
f 4783 4786 4785
f 4783 4786 4787
f 4783 4787 4786
f 4783 4787 4788
f 4783 4788 4787
f 4783 4788 4789
f 4783 4789 4788
f 4783 4789 4790
f 4783 4790 4789
f 4783 4790 4791
f 4783 4791 4790
f 4783 4791 4792
f 4783 4792 4791
f 4783 4792 4793
f 4783 4793 4792
f 4783 4793 4794
f 4783 4794 4793
f 4783 4794 4795
f 4783 4795 4794
f 4783 4795 4796
f 4783 4796 4795
f 4783 4796 4797
f 4783 4797 4796
f 4783 4797 4798
f 4783 4798 4797
f 4783 4798 4799
f 4783 4799 4798
f 4783 4799 4800
f 4783 4800 4799
f 4783 4800 4801
f 4783 4801 4800
f 4783 4801 4802
f 4783 4802 4801
f 4783 4802 4803
f 4783 4803 4802
f 4783 4803 4804
f 4783 4804 4803
f 4783 4804 4805
f 4783 4805 4804
f 4783 4805 4806
f 4783 4806 4805
f 4783 4806 4807
f 4783 4807 4806
f 4783 4807 4808
f 4783 4808 4807
f 4783 4808 4809
f 4783 4809 4808
f 4783 4809 4810
f 4783 4810 4809
f 4783 4810 4811
f 4783 4811 4810
f 4783 4811 4812
f 4783 4812 4811
f 4783 4812 4813
f 4783 4813 4812
f 4783 4813 4814
f 4783 4814 4813
f 4783 4814 4815
f 4783 4815 4814
f 4783 4815 4816
f 4783 4816 4815
f 4783 4816 4817
f 4783 4817 4816
f 4783 4817 4818
f 4783 4818 4817
f 4783 4818 4819
f 4783 4819 4818
f 4783 4819 4820
f 4783 4820 4819
f 4783 4820 4821
f 4783 4821 4820
f 4783 4821 4822
f 4783 4822 4821
f 4783 4822 4823
f 4783 4823 4822
f 4783 4823 4824
f 4783 4824 4823
f 4783 4824 4825
f 4783 4825 4824
f 4783 4825 4826
f 4783 4826 4825
f 4783 4826 4827
f 4783 4827 4826
f 4783 4827 4828
f 4783 4828 4827
v 0.164298 0.529396 0.039499
v 0.163675 0.527251 0.042476
v 0.163245 0.524941 0.045377
v 0.163276 0.522239 0.048099
v 0.164001 0.518945 0.050549
v 0.165538 0.514958 0.052682
v 0.167835 0.510323 0.054517
v 0.170661 0.505237 0.056146
v 0.173633 0.500026 0.057717
v 0.176286 0.495087 0.059414
v 0.178156 0.490816 0.061416
v 0.178872 0.487530 0.063870
v 0.178226 0.485405 0.066856
v 0.176220 0.484439 0.070374
v 0.173059 0.484459 0.074343
v 0.169115 0.485146 0.078618
v 0.164851 0.486106 0.083018
v 0.160734 0.486940 0.087361
v 0.157146 0.487324 0.091497
v 0.154318 0.487060 0.095336
v 0.152302 0.486103 0.098858
v 0.150981 0.484554 0.102108
v 0.150119 0.482612 0.105178
v 0.149451 0.480506 0.108173
v 0.150074 0.482650 0.105196
v 0.150504 0.484960 0.102294
v 0.150474 0.487662 0.099573
v 0.149749 0.490957 0.097123
v 0.148212 0.494943 0.094990
v 0.145914 0.499579 0.093155
v 0.143089 0.504665 0.091526
v 0.140116 0.509876 0.089954
v 0.137463 0.514814 0.088258
v 0.135593 0.519085 0.086256
v 0.134878 0.522371 0.083802
v 0.135523 0.524497 0.080816
v 0.137530 0.525462 0.077298
v 0.140691 0.525443 0.073329
v 0.144635 0.524755 0.069054
v 0.148898 0.523796 0.064653
v 0.153015 0.522961 0.060311
v 0.156603 0.522577 0.056174
v 0.159431 0.522842 0.052335
v 0.161447 0.523799 0.048814
v 0.162769 0.525348 0.045564
v 0.163630 0.527289 0.042494
f 4829 4830 4831
f 4829 4831 4830
f 4829 4831 4832
f 4829 4832 4831
f 4829 4832 4833
f 4829 4833 4832
f 4829 4833 4834
f 4829 4834 4833
f 4829 4834 4835
f 4829 4835 4834
f 4829 4835 4836
f 4829 4836 4835
f 4829 4836 4837
f 4829 4837 4836
f 4829 4837 4838
f 4829 4838 4837
f 4829 4838 4839
f 4829 4839 4838
f 4829 4839 4840
f 4829 4840 4839
f 4829 4840 4841
f 4829 4841 4840
f 4829 4841 4842
f 4829 4842 4841
f 4829 4842 4843
f 4829 4843 4842
f 4829 4843 4844
f 4829 4844 4843
f 4829 4844 4845
f 4829 4845 4844
f 4829 4845 4846
f 4829 4846 4845
f 4829 4846 4847
f 4829 4847 4846
f 4829 4847 4848
f 4829 4848 4847
f 4829 4848 4849
f 4829 4849 4848
f 4829 4849 4850
f 4829 4850 4849
f 4829 4850 4851
f 4829 4851 4850
f 4829 4851 4852
f 4829 4852 4851
f 4829 4852 4853
f 4829 4853 4852
f 4829 4853 4854
f 4829 4854 4853
f 4829 4854 4855
f 4829 4855 4854
f 4829 4855 4856
f 4829 4856 4855
f 4829 4856 4857
f 4829 4857 4856
f 4829 4857 4858
f 4829 4858 4857
f 4829 4858 4859
f 4829 4859 4858
f 4829 4859 4860
f 4829 4860 4859
f 4829 4860 4861
f 4829 4861 4860
f 4829 4861 4862
f 4829 4862 4861
f 4829 4862 4863
f 4829 4863 4862
f 4829 4863 4864
f 4829 4864 4863
f 4829 4864 4865
f 4829 4865 4864
f 4829 4865 4866
f 4829 4866 4865
f 4829 4866 4867
f 4829 4867 4866
f 4829 4867 4868
f 4829 4868 4867
f 4829 4868 4869
f 4829 4869 4868
f 4829 4869 4870
f 4829 4870 4869
f 4829 4870 4871
f 4829 4871 4870
f 4829 4871 4872
f 4829 4872 4871
f 4829 4872 4873
f 4829 4873 4872
f 4829 4873 4874
f 4829 4874 4873
v 0.133477 0.488015 0.049494
v 0.136481 0.491721 0.046143
v 0.136842 0.494011 0.040794
v 0.134422 0.494011 0.035490
v 0.130145 0.491721 0.032257
v 0.125645 0.488015 0.032330
v 0.122641 0.484309 0.035681
v 0.122281 0.482018 0.041030
v 0.124701 0.482018 0.046334
v 0.128977 0.484309 0.049567
v 0.098167 0.529671 0.062287
v 0.100209 0.532191 0.060009
v 0.100455 0.533748 0.056371
v 0.098809 0.533748 0.052765
v 0.095901 0.532191 0.050566
v 0.092841 0.529671 0.050616
v 0.090799 0.527151 0.052894
v 0.090553 0.525593 0.056532
v 0.092199 0.525593 0.060138
v 0.095107 0.527151 0.062337
f 4875 4876 4886
f 4875 4886 4885
f 4876 4877 4887
f 4876 4887 4886
f 4877 4878 4888
f 4877 4888 4887
f 4878 4879 4889
f 4878 4889 4888
f 4879 4880 4890
f 4879 4890 4889
f 4880 4881 4891
f 4880 4891 4890
f 4881 4882 4892
f 4881 4892 4891
f 4882 4883 4893
f 4882 4893 4892
f 4883 4884 4894
f 4883 4894 4893
f 4884 4875 4885
f 4884 4885 4894
v 0.095504 0.529671 0.056451
v 0.099497 0.528727 0.058441
v 0.103995 0.528405 0.059867
v 0.109097 0.528830 0.060619
v 0.114786 0.529977 0.060718
v 0.120953 0.531714 0.060284
v 0.127422 0.533824 0.059513
v 0.133972 0.536035 0.058651
v 0.140362 0.538047 0.057968
v 0.146358 0.539574 0.057724
v 0.151757 0.540364 0.058146
v 0.156411 0.540235 0.059398
v 0.160242 0.539091 0.061568
v 0.163249 0.536931 0.064656
v 0.165512 0.533852 0.068575
v 0.167177 0.530037 0.073159
v 0.168448 0.525736 0.078182
v 0.169559 0.521237 0.083384
v 0.170752 0.516838 0.088496
v 0.172246 0.512813 0.093270
v 0.174219 0.509377 0.097511
v 0.176778 0.506664 0.101099
v 0.179942 0.504697 0.104013
v 0.183610 0.503352 0.106364
v 0.179617 0.504296 0.104375
v 0.175119 0.504618 0.102948
v 0.170017 0.504193 0.102196
v 0.164328 0.503046 0.102097
v 0.158161 0.501309 0.102531
v 0.151692 0.499199 0.103303
v 0.145142 0.496989 0.104164
v 0.138752 0.494976 0.104848
v 0.132756 0.493449 0.105091
v 0.127357 0.492659 0.104670
v 0.122703 0.492788 0.103417
v 0.118872 0.493932 0.101247
v 0.115865 0.496092 0.098159
v 0.113602 0.499171 0.094241
v 0.111937 0.502986 0.089657
v 0.110666 0.507287 0.084633
v 0.109555 0.511786 0.079431
v 0.108362 0.516185 0.074320
v 0.106868 0.520210 0.069546
v 0.104895 0.523646 0.065304
v 0.102336 0.526359 0.061716
v 0.099172 0.528326 0.058803
f 4895 4896 4897
f 4895 4897 4896
f 4895 4897 4898
f 4895 4898 4897
f 4895 4898 4899
f 4895 4899 4898
f 4895 4899 4900
f 4895 4900 4899
f 4895 4900 4901
f 4895 4901 4900
f 4895 4901 4902
f 4895 4902 4901
f 4895 4902 4903
f 4895 4903 4902
f 4895 4903 4904
f 4895 4904 4903
f 4895 4904 4905
f 4895 4905 4904
f 4895 4905 4906
f 4895 4906 4905
f 4895 4906 4907
f 4895 4907 4906
f 4895 4907 4908
f 4895 4908 4907
f 4895 4908 4909
f 4895 4909 4908
f 4895 4909 4910
f 4895 4910 4909
f 4895 4910 4911
f 4895 4911 4910
f 4895 4911 4912
f 4895 4912 4911
f 4895 4912 4913
f 4895 4913 4912
f 4895 4913 4914
f 4895 4914 4913
f 4895 4914 4915
f 4895 4915 4914
f 4895 4915 4916
f 4895 4916 4915
f 4895 4916 4917
f 4895 4917 4916
f 4895 4917 4918
f 4895 4918 4917
f 4895 4918 4919
f 4895 4919 4918
f 4895 4919 4920
f 4895 4920 4919
f 4895 4920 4921
f 4895 4921 4920
f 4895 4921 4922
f 4895 4922 4921
f 4895 4922 4923
f 4895 4923 4922
f 4895 4923 4924
f 4895 4924 4923
f 4895 4924 4925
f 4895 4925 4924
f 4895 4925 4926
f 4895 4926 4925
f 4895 4926 4927
f 4895 4927 4926
f 4895 4927 4928
f 4895 4928 4927
f 4895 4928 4929
f 4895 4929 4928
f 4895 4929 4930
f 4895 4930 4929
f 4895 4930 4931
f 4895 4931 4930
f 4895 4931 4932
f 4895 4932 4931
f 4895 4932 4933
f 4895 4933 4932
f 4895 4933 4934
f 4895 4934 4933
f 4895 4934 4935
f 4895 4935 4934
f 4895 4935 4936
f 4895 4936 4935
f 4895 4936 4937
f 4895 4937 4936
f 4895 4937 4938
f 4895 4938 4937
f 4895 4938 4939
f 4895 4939 4938
f 4895 4939 4940
f 4895 4940 4939
v 0.095504 0.529671 0.056451
v 0.095535 0.528716 0.051545
v 0.095076 0.527337 0.046701
v 0.093781 0.525235 0.041965
v 0.091473 0.522256 0.037359
v 0.088165 0.518411 0.032882
v 0.084063 0.513878 0.028507
v 0.079534 0.508977 0.024187
v 0.075057 0.504120 0.019861
v 0.071143 0.499751 0.015462
v 0.068269 0.496281 0.010929
v 0.066795 0.494024 0.006215
v 0.066919 0.493150 0.001297
v 0.068640 0.493658 -0.003828
v 0.071762 0.495379 -0.009132
v 0.075923 0.497999 -0.014571
v 0.080648 0.501107 -0.020082
v 0.085423 0.504260 -0.025600
v 0.089773 0.507043 -0.031062
v 0.093329 0.509140 -0.036423
v 0.095884 0.510370 -0.041655
v 0.097426 0.510724 -0.046756
v 0.098133 0.510354 -0.051750
v 0.098349 0.509559 -0.056681
v 0.098318 0.510514 -0.051774
v 0.098777 0.511893 -0.046930
v 0.100072 0.513995 -0.042194
v 0.102380 0.516975 -0.037588
v 0.105688 0.520820 -0.033111
v 0.109791 0.525352 -0.028736
v 0.114319 0.530253 -0.024416
v 0.118796 0.535111 -0.020090
v 0.122710 0.539479 -0.015691
v 0.125584 0.542949 -0.011158
v 0.127058 0.545206 -0.006445
v 0.126934 0.546081 -0.001526
v 0.125213 0.545572 0.003598
v 0.122091 0.543851 0.008903
v 0.117931 0.541231 0.014342
v 0.113205 0.538123 0.019853
v 0.108430 0.534970 0.025370
v 0.104080 0.532187 0.030833
v 0.100525 0.530091 0.036194
v 0.097969 0.528860 0.041426
v 0.096427 0.528507 0.046527
v 0.095720 0.528877 0.051521
f 4941 4942 4943
f 4941 4943 4942
f 4941 4943 4944
f 4941 4944 4943
f 4941 4944 4945
f 4941 4945 4944
f 4941 4945 4946
f 4941 4946 4945
f 4941 4946 4947
f 4941 4947 4946
f 4941 4947 4948
f 4941 4948 4947
f 4941 4948 4949
f 4941 4949 4948
f 4941 4949 4950
f 4941 4950 4949
f 4941 4950 4951
f 4941 4951 4950
f 4941 4951 4952
f 4941 4952 4951
f 4941 4952 4953
f 4941 4953 4952
f 4941 4953 4954
f 4941 4954 4953
f 4941 4954 4955
f 4941 4955 4954
f 4941 4955 4956
f 4941 4956 4955
f 4941 4956 4957
f 4941 4957 4956
f 4941 4957 4958
f 4941 4958 4957
f 4941 4958 4959
f 4941 4959 4958
f 4941 4959 4960
f 4941 4960 4959
f 4941 4960 4961
f 4941 4961 4960
f 4941 4961 4962
f 4941 4962 4961
f 4941 4962 4963
f 4941 4963 4962
f 4941 4963 4964
f 4941 4964 4963
f 4941 4964 4965
f 4941 4965 4964
f 4941 4965 4966
f 4941 4966 4965
f 4941 4966 4967
f 4941 4967 4966
f 4941 4967 4968
f 4941 4968 4967
f 4941 4968 4969
f 4941 4969 4968
f 4941 4969 4970
f 4941 4970 4969
f 4941 4970 4971
f 4941 4971 4970
f 4941 4971 4972
f 4941 4972 4971
f 4941 4972 4973
f 4941 4973 4972
f 4941 4973 4974
f 4941 4974 4973
f 4941 4974 4975
f 4941 4975 4974
f 4941 4975 4976
f 4941 4976 4975
f 4941 4976 4977
f 4941 4977 4976
f 4941 4977 4978
f 4941 4978 4977
f 4941 4978 4979
f 4941 4979 4978
f 4941 4979 4980
f 4941 4980 4979
f 4941 4980 4981
f 4941 4981 4980
f 4941 4981 4982
f 4941 4982 4981
f 4941 4982 4983
f 4941 4983 4982
f 4941 4983 4984
f 4941 4984 4983
f 4941 4984 4985
f 4941 4985 4984
f 4941 4985 4986
f 4941 4986 4985
v -0.020371 0.300000 -0.001090
v -0.017001 0.306991 0.008846
v -0.007137 0.311312 0.015403
v 0.005453 0.311312 0.016077
v 0.015960 0.306991 0.010610
v 0.020371 0.300000 0.001090
v 0.017001 0.293009 -0.008846
v 0.007137 0.288688 -0.015403
v -0.005453 0.288688 -0.016077
v -0.015960 0.293009 -0.010610
v -0.008301 0.444764 -0.104480
v -0.006010 0.449518 -0.097723
v 0.000698 0.452456 -0.093264
v 0.009259 0.452456 -0.092806
v 0.016404 0.449518 -0.096524
v 0.019403 0.444764 -0.102997
v 0.017111 0.440010 -0.109754
v 0.010404 0.437072 -0.114213
v 0.001843 0.437072 -0.114671
v -0.005302 0.440010 -0.110953
f 4987 4988 4998
f 4987 4998 4997
f 4988 4989 4999
f 4988 4999 4998
f 4989 4990 5000
f 4989 5000 4999
f 4990 4991 5001
f 4990 5001 5000
f 4991 4992 5002
f 4991 5002 5001
f 4992 4993 5003
f 4992 5003 5002
f 4993 4994 5004
f 4993 5004 5003
f 4994 4995 5005
f 4994 5005 5004
f 4995 4996 5006
f 4995 5006 5005
f 4996 4987 4997
f 4996 4997 5006
v -0.007925 0.444764 -0.107030
v -0.005864 0.452626 -0.104302
v 0.000557 0.457485 -0.101359
v 0.008885 0.457485 -0.099324
v 0.015940 0.452626 -0.098976
v 0.019027 0.444764 -0.100447
v 0.016966 0.436902 -0.103175
v 0.010545 0.432043 -0.106119
v 0.002216 0.432043 -0.108153
v -0.004839 0.436902 -0.108501
v 0.021313 0.473643 -0.208033
v 0.022714 0.478990 -0.206178
v 0.027080 0.482294 -0.204177
v 0.032744 0.482294 -0.202793
v 0.037541 0.478990 -0.202557
v 0.039640 0.473643 -0.203557
v 0.038238 0.468297 -0.205412
v 0.033872 0.464993 -0.207413
v 0.028209 0.464993 -0.208797
v 0.023411 0.468297 -0.209033
f 5007 5008 5018
f 5007 5018 5017
f 5008 5009 5019
f 5008 5019 5018
f 5009 5010 5020
f 5009 5020 5019
f 5010 5011 5021
f 5010 5021 5020
f 5011 5012 5022
f 5011 5022 5021
f 5012 5013 5023
f 5012 5023 5022
f 5013 5014 5024
f 5013 5024 5023
f 5014 5015 5025
f 5014 5025 5024
f 5015 5016 5026
f 5015 5026 5025
f 5016 5007 5017
f 5016 5017 5026
v 0.030476 0.473643 -0.205795
v 0.025227 0.474459 -0.205807
v 0.020066 0.475988 -0.205596
v 0.015047 0.478671 -0.205023
v 0.010196 0.482709 -0.204026
v 0.005505 0.488046 -0.202622
v 0.000938 0.494385 -0.200904
v -0.003566 0.501232 -0.199028
v -0.008084 0.507963 -0.197187
v -0.012698 0.513920 -0.195589
v -0.017482 0.518501 -0.194422
v -0.022493 0.521250 -0.193828
v -0.027760 0.521919 -0.193886
v -0.033285 0.520509 -0.194595
v -0.039036 0.517266 -0.195878
v -0.044957 0.512646 -0.197592
v -0.050973 0.507253 -0.199549
v -0.057004 0.501745 -0.201541
v -0.062972 0.496744 -0.203374
v -0.068817 0.492745 -0.204894
v -0.074501 0.490045 -0.206007
v -0.080017 0.488700 -0.206696
v -0.085391 0.488509 -0.207023
v -0.090676 0.489032 -0.207127
v -0.085427 0.488217 -0.207115
v -0.080266 0.486688 -0.207326
v -0.075247 0.484004 -0.207899
v -0.070396 0.479966 -0.208896
v -0.065705 0.474629 -0.210300
v -0.061138 0.468290 -0.212018
v -0.056634 0.461444 -0.213894
v -0.052116 0.454712 -0.215735
v -0.047502 0.448755 -0.217333
v -0.042718 0.444174 -0.218500
v -0.037707 0.441426 -0.219093
v -0.032440 0.440757 -0.219035
v -0.026915 0.442167 -0.218326
v -0.021164 0.445410 -0.217043
v -0.015243 0.450029 -0.215329
v -0.009227 0.455422 -0.213373
v -0.003196 0.460930 -0.211381
v 0.002772 0.465931 -0.209547
v 0.008617 0.469930 -0.208028
v 0.014300 0.472630 -0.206915
v 0.019817 0.473976 -0.206226
v 0.025191 0.474166 -0.205899
f 5027 5028 5029
f 5027 5029 5028
f 5027 5029 5030
f 5027 5030 5029
f 5027 5030 5031
f 5027 5031 5030
f 5027 5031 5032
f 5027 5032 5031
f 5027 5032 5033
f 5027 5033 5032
f 5027 5033 5034
f 5027 5034 5033
f 5027 5034 5035
f 5027 5035 5034
f 5027 5035 5036
f 5027 5036 5035
f 5027 5036 5037
f 5027 5037 5036
f 5027 5037 5038
f 5027 5038 5037
f 5027 5038 5039
f 5027 5039 5038
f 5027 5039 5040
f 5027 5040 5039
f 5027 5040 5041
f 5027 5041 5040
f 5027 5041 5042
f 5027 5042 5041
f 5027 5042 5043
f 5027 5043 5042
f 5027 5043 5044
f 5027 5044 5043
f 5027 5044 5045
f 5027 5045 5044
f 5027 5045 5046
f 5027 5046 5045
f 5027 5046 5047
f 5027 5047 5046
f 5027 5047 5048
f 5027 5048 5047
f 5027 5048 5049
f 5027 5049 5048
f 5027 5049 5050
f 5027 5050 5049
f 5027 5050 5051
f 5027 5051 5050
f 5027 5051 5052
f 5027 5052 5051
f 5027 5052 5053
f 5027 5053 5052
f 5027 5053 5054
f 5027 5054 5053
f 5027 5054 5055
f 5027 5055 5054
f 5027 5055 5056
f 5027 5056 5055
f 5027 5056 5057
f 5027 5057 5056
f 5027 5057 5058
f 5027 5058 5057
f 5027 5058 5059
f 5027 5059 5058
f 5027 5059 5060
f 5027 5060 5059
f 5027 5060 5061
f 5027 5061 5060
f 5027 5061 5062
f 5027 5062 5061
f 5027 5062 5063
f 5027 5063 5062
f 5027 5063 5064
f 5027 5064 5063
f 5027 5064 5065
f 5027 5065 5064
f 5027 5065 5066
f 5027 5066 5065
f 5027 5066 5067
f 5027 5067 5066
f 5027 5067 5068
f 5027 5068 5067
f 5027 5068 5069
f 5027 5069 5068
f 5027 5069 5070
f 5027 5070 5069
f 5027 5070 5071
f 5027 5071 5070
f 5027 5071 5072
f 5027 5072 5071
v 0.030476 0.473643 -0.205795
v 0.030998 0.476609 -0.203116
v 0.032109 0.479411 -0.200340
v 0.034126 0.481962 -0.197413
v 0.037170 0.484229 -0.194316
v 0.041170 0.486231 -0.191061
v 0.045887 0.488035 -0.187686
v 0.050943 0.489745 -0.184256
v 0.055876 0.491488 -0.180845
v 0.060207 0.493399 -0.177535
v 0.063501 0.495596 -0.174396
v 0.065432 0.498171 -0.171484
v 0.065822 0.501173 -0.168827
v 0.064673 0.504601 -0.166425
v 0.062160 0.508407 -0.164250
v 0.058611 0.512500 -0.162247
v 0.054458 0.516760 -0.160343
v 0.050184 0.521054 -0.158460
v 0.046248 0.525254 -0.156521
v 0.043029 0.529255 -0.154462
v 0.040767 0.532991 -0.152245
v 0.039531 0.536444 -0.149858
v 0.039201 0.539645 -0.147321
v 0.039461 0.542683 -0.144686
v 0.038940 0.539717 -0.147364
v 0.037828 0.536915 -0.150141
v 0.035811 0.534364 -0.153068
v 0.032768 0.532097 -0.156164
v 0.028767 0.530095 -0.159420
v 0.024050 0.528291 -0.162795
v 0.018995 0.526582 -0.166225
v 0.014061 0.524838 -0.169636
v 0.009730 0.522928 -0.172946
v 0.006436 0.520730 -0.176085
v 0.004506 0.518155 -0.178997
v 0.004115 0.515153 -0.181654
v 0.005264 0.511725 -0.184055
v 0.007777 0.507919 -0.186231
v 0.011327 0.503826 -0.188234
v 0.015479 0.499566 -0.190138
v 0.019753 0.495273 -0.192021
v 0.023689 0.491073 -0.193960
v 0.026908 0.487071 -0.196018
v 0.029170 0.483335 -0.198235
v 0.030406 0.479883 -0.200622
v 0.030736 0.476681 -0.203160
f 5073 5074 5075
f 5073 5075 5074
f 5073 5075 5076
f 5073 5076 5075
f 5073 5076 5077
f 5073 5077 5076
f 5073 5077 5078
f 5073 5078 5077
f 5073 5078 5079
f 5073 5079 5078
f 5073 5079 5080
f 5073 5080 5079
f 5073 5080 5081
f 5073 5081 5080
f 5073 5081 5082
f 5073 5082 5081
f 5073 5082 5083
f 5073 5083 5082
f 5073 5083 5084
f 5073 5084 5083
f 5073 5084 5085
f 5073 5085 5084
f 5073 5085 5086
f 5073 5086 5085
f 5073 5086 5087
f 5073 5087 5086
f 5073 5087 5088
f 5073 5088 5087
f 5073 5088 5089
f 5073 5089 5088
f 5073 5089 5090
f 5073 5090 5089
f 5073 5090 5091
f 5073 5091 5090
f 5073 5091 5092
f 5073 5092 5091
f 5073 5092 5093
f 5073 5093 5092
f 5073 5093 5094
f 5073 5094 5093
f 5073 5094 5095
f 5073 5095 5094
f 5073 5095 5096
f 5073 5096 5095
f 5073 5096 5097
f 5073 5097 5096
f 5073 5097 5098
f 5073 5098 5097
f 5073 5098 5099
f 5073 5099 5098
f 5073 5099 5100
f 5073 5100 5099
f 5073 5100 5101
f 5073 5101 5100
f 5073 5101 5102
f 5073 5102 5101
f 5073 5102 5103
f 5073 5103 5102
f 5073 5103 5104
f 5073 5104 5103
f 5073 5104 5105
f 5073 5105 5104
f 5073 5105 5106
f 5073 5106 5105
f 5073 5106 5107
f 5073 5107 5106
f 5073 5107 5108
f 5073 5108 5107
f 5073 5108 5109
f 5073 5109 5108
f 5073 5109 5110
f 5073 5110 5109
f 5073 5110 5111
f 5073 5111 5110
f 5073 5111 5112
f 5073 5112 5111
f 5073 5112 5113
f 5073 5113 5112
f 5073 5113 5114
f 5073 5114 5113
f 5073 5114 5115
f 5073 5115 5114
f 5073 5115 5116
f 5073 5116 5115
f 5073 5116 5117
f 5073 5117 5116
f 5073 5117 5118
f 5073 5118 5117
v 0.030476 0.473643 -0.205795
v 0.033442 0.470518 -0.205057
v 0.035977 0.466887 -0.204567
v 0.037874 0.462508 -0.204445
v 0.039063 0.457300 -0.204730
v 0.039605 0.451333 -0.205389
v 0.039672 0.444809 -0.206320
v 0.039526 0.438036 -0.207374
v 0.039481 0.431380 -0.208371
v 0.039858 0.425219 -0.209124
v 0.040948 0.419895 -0.209466
v 0.042968 0.415661 -0.209273
v 0.046035 0.412653 -0.208477
v 0.050148 0.410873 -0.207078
v 0.055192 0.410183 -0.205143
v 0.060948 0.410329 -0.202798
v 0.067128 0.410971 -0.200209
v 0.073407 0.411730 -0.197562
v 0.079473 0.412239 -0.195039
v 0.085065 0.412192 -0.192788
v 0.090010 0.411386 -0.190911
v 0.094247 0.409751 -0.189440
v 0.097846 0.407367 -0.188338
v 0.101013 0.404478 -0.187484
v 0.098047 0.407603 -0.188222
v 0.095512 0.411234 -0.188712
v 0.093616 0.415613 -0.188834
v 0.092427 0.420822 -0.188548
v 0.091885 0.426789 -0.187890
v 0.091817 0.433313 -0.186959
v 0.091963 0.440086 -0.185904
v 0.092009 0.446742 -0.184908
v 0.091632 0.452902 -0.184155
v 0.090542 0.458227 -0.183813
v 0.088521 0.462461 -0.184006
v 0.085455 0.465468 -0.184802
v 0.081341 0.467248 -0.186201
v 0.076297 0.467938 -0.188136
v 0.070541 0.467792 -0.190481
v 0.064362 0.467151 -0.193070
v 0.058082 0.466392 -0.195716
v 0.052016 0.465883 -0.198240
v 0.046424 0.465930 -0.200491
v 0.041480 0.466736 -0.202368
v 0.037243 0.468371 -0.203838
v 0.033644 0.470754 -0.204941
f 5119 5120 5121
f 5119 5121 5120
f 5119 5121 5122
f 5119 5122 5121
f 5119 5122 5123
f 5119 5123 5122
f 5119 5123 5124
f 5119 5124 5123
f 5119 5124 5125
f 5119 5125 5124
f 5119 5125 5126
f 5119 5126 5125
f 5119 5126 5127
f 5119 5127 5126
f 5119 5127 5128
f 5119 5128 5127
f 5119 5128 5129
f 5119 5129 5128
f 5119 5129 5130
f 5119 5130 5129
f 5119 5130 5131
f 5119 5131 5130
f 5119 5131 5132
f 5119 5132 5131
f 5119 5132 5133
f 5119 5133 5132
f 5119 5133 5134
f 5119 5134 5133
f 5119 5134 5135
f 5119 5135 5134
f 5119 5135 5136
f 5119 5136 5135
f 5119 5136 5137
f 5119 5137 5136
f 5119 5137 5138
f 5119 5138 5137
f 5119 5138 5139
f 5119 5139 5138
f 5119 5139 5140
f 5119 5140 5139
f 5119 5140 5141
f 5119 5141 5140
f 5119 5141 5142
f 5119 5142 5141
f 5119 5142 5143
f 5119 5143 5142
f 5119 5143 5144
f 5119 5144 5143
f 5119 5144 5145
f 5119 5145 5144
f 5119 5145 5146
f 5119 5146 5145
f 5119 5146 5147
f 5119 5147 5146
f 5119 5147 5148
f 5119 5148 5147
f 5119 5148 5149
f 5119 5149 5148
f 5119 5149 5150
f 5119 5150 5149
f 5119 5150 5151
f 5119 5151 5150
f 5119 5151 5152
f 5119 5152 5151
f 5119 5152 5153
f 5119 5153 5152
f 5119 5153 5154
f 5119 5154 5153
f 5119 5154 5155
f 5119 5155 5154
f 5119 5155 5156
f 5119 5156 5155
f 5119 5156 5157
f 5119 5157 5156
f 5119 5157 5158
f 5119 5158 5157
f 5119 5158 5159
f 5119 5159 5158
f 5119 5159 5160
f 5119 5160 5159
f 5119 5160 5161
f 5119 5161 5160
f 5119 5161 5162
f 5119 5162 5161
f 5119 5162 5163
f 5119 5163 5162
f 5119 5163 5164
f 5119 5164 5163
v 0.021046 0.473643 -0.206039
v 0.022917 0.478495 -0.208676
v 0.027675 0.481493 -0.210212
v 0.033503 0.481493 -0.210061
v 0.038175 0.478495 -0.208281
v 0.039906 0.473643 -0.205551
v 0.038036 0.468792 -0.202914
v 0.033278 0.465794 -0.201378
v 0.027450 0.465794 -0.201529
v 0.022778 0.468792 -0.203309
v 0.025658 0.439537 -0.267583
v 0.026930 0.442836 -0.269376
v 0.030165 0.444875 -0.270421
v 0.034128 0.444875 -0.270319
v 0.037305 0.442836 -0.269108
v 0.038483 0.439537 -0.267252
v 0.037211 0.436238 -0.265459
v 0.033976 0.434199 -0.264414
v 0.030013 0.434199 -0.264516
v 0.026836 0.436238 -0.265727
f 5165 5166 5176
f 5165 5176 5175
f 5166 5167 5177
f 5166 5177 5176
f 5167 5168 5178
f 5167 5178 5177
f 5168 5169 5179
f 5168 5179 5178
f 5169 5170 5180
f 5169 5180 5179
f 5170 5171 5181
f 5170 5181 5180
f 5171 5172 5182
f 5171 5182 5181
f 5172 5173 5183
f 5172 5183 5182
f 5173 5174 5184
f 5173 5184 5183
f 5174 5165 5175
f 5174 5175 5184
v 0.032070 0.439537 -0.267417
v 0.027583 0.441567 -0.266514
v 0.023308 0.444769 -0.266254
v 0.019233 0.449085 -0.266606
v 0.015327 0.454332 -0.267469
v 0.011540 0.460238 -0.268693
v 0.007812 0.466471 -0.270097
v 0.004076 0.472665 -0.271480
v 0.000268 0.478456 -0.272641
v -0.003674 0.483507 -0.273395
v -0.007799 0.487537 -0.273590
v -0.012146 0.490348 -0.273116
v -0.016731 0.491835 -0.271915
v -0.021555 0.491998 -0.269987
v -0.026599 0.490940 -0.267390
v -0.031827 0.488863 -0.264233
v -0.037189 0.486046 -0.260670
v -0.042624 0.482825 -0.256886
v -0.048065 0.479566 -0.253080
v -0.053448 0.476633 -0.249453
v -0.058712 0.474359 -0.246189
v -0.063808 0.473016 -0.243435
v -0.068702 0.472788 -0.241293
v -0.073385 0.473732 -0.239794
v -0.068898 0.471702 -0.240697
v -0.064623 0.468501 -0.240957
v -0.060548 0.464185 -0.240605
v -0.056642 0.458938 -0.239742
v -0.052855 0.453031 -0.238518
v -0.049127 0.446798 -0.237114
v -0.045391 0.440604 -0.235732
v -0.041583 0.434813 -0.234571
v -0.037641 0.429763 -0.233816
v -0.033516 0.425732 -0.233621
v -0.029169 0.422921 -0.234095
v -0.024584 0.421434 -0.235296
v -0.019760 0.421272 -0.237224
v -0.014716 0.422329 -0.239821
v -0.009488 0.424406 -0.242978
v -0.004126 0.427223 -0.246541
v 0.001309 0.430444 -0.250326
v 0.006750 0.433704 -0.254131
v 0.012133 0.436637 -0.257758
v 0.017397 0.438911 -0.261023
v 0.022493 0.440253 -0.263776
v 0.027387 0.440481 -0.265918
f 5185 5186 5187
f 5185 5187 5186
f 5185 5187 5188
f 5185 5188 5187
f 5185 5188 5189
f 5185 5189 5188
f 5185 5189 5190
f 5185 5190 5189
f 5185 5190 5191
f 5185 5191 5190
f 5185 5191 5192
f 5185 5192 5191
f 5185 5192 5193
f 5185 5193 5192
f 5185 5193 5194
f 5185 5194 5193
f 5185 5194 5195
f 5185 5195 5194
f 5185 5195 5196
f 5185 5196 5195
f 5185 5196 5197
f 5185 5197 5196
f 5185 5197 5198
f 5185 5198 5197
f 5185 5198 5199
f 5185 5199 5198
f 5185 5199 5200
f 5185 5200 5199
f 5185 5200 5201
f 5185 5201 5200
f 5185 5201 5202
f 5185 5202 5201
f 5185 5202 5203
f 5185 5203 5202
f 5185 5203 5204
f 5185 5204 5203
f 5185 5204 5205
f 5185 5205 5204
f 5185 5205 5206
f 5185 5206 5205
f 5185 5206 5207
f 5185 5207 5206
f 5185 5207 5208
f 5185 5208 5207
f 5185 5208 5209
f 5185 5209 5208
f 5185 5209 5210
f 5185 5210 5209
f 5185 5210 5211
f 5185 5211 5210
f 5185 5211 5212
f 5185 5212 5211
f 5185 5212 5213
f 5185 5213 5212
f 5185 5213 5214
f 5185 5214 5213
f 5185 5214 5215
f 5185 5215 5214
f 5185 5215 5216
f 5185 5216 5215
f 5185 5216 5217
f 5185 5217 5216
f 5185 5217 5218
f 5185 5218 5217
f 5185 5218 5219
f 5185 5219 5218
f 5185 5219 5220
f 5185 5220 5219
f 5185 5220 5221
f 5185 5221 5220
f 5185 5221 5222
f 5185 5222 5221
f 5185 5222 5223
f 5185 5223 5222
f 5185 5223 5224
f 5185 5224 5223
f 5185 5224 5225
f 5185 5225 5224
f 5185 5225 5226
f 5185 5226 5225
f 5185 5226 5227
f 5185 5227 5226
f 5185 5227 5228
f 5185 5228 5227
f 5185 5228 5229
f 5185 5229 5228
f 5185 5229 5230
f 5185 5230 5229
v 0.032070 0.439537 -0.267417
v 0.035397 0.439050 -0.265875
v 0.038524 0.437946 -0.263996
v 0.041394 0.436050 -0.261686
v 0.044005 0.433353 -0.258939
v 0.046397 0.429978 -0.255822
v 0.048642 0.426151 -0.252459
v 0.050838 0.422172 -0.249012
v 0.053093 0.418377 -0.245667
v 0.055517 0.415100 -0.242604
v 0.058202 0.412632 -0.239981
v 0.061218 0.411186 -0.237916
v 0.064602 0.410878 -0.236471
v 0.068355 0.411707 -0.235646
v 0.072439 0.413560 -0.235379
v 0.076784 0.416221 -0.235552
v 0.081298 0.419399 -0.236008
v 0.085871 0.422762 -0.236564
v 0.090394 0.425973 -0.237037
v 0.094772 0.428732 -0.237264
v 0.098930 0.430813 -0.237121
v 0.102828 0.432093 -0.236542
v 0.106470 0.432581 -0.235531
v 0.109913 0.432452 -0.234184
v 0.106586 0.432939 -0.235726
v 0.103459 0.434043 -0.237605
v 0.100589 0.435939 -0.239916
v 0.097978 0.438636 -0.242663
v 0.095587 0.442011 -0.245779
v 0.093341 0.445838 -0.249143
v 0.091145 0.449817 -0.252589
v 0.088890 0.453612 -0.255934
v 0.086467 0.456889 -0.258997
v 0.083781 0.459357 -0.261620
v 0.080765 0.460803 -0.263685
v 0.077381 0.461111 -0.265130
v 0.073628 0.460282 -0.265955
v 0.069544 0.458429 -0.266222
v 0.065199 0.455769 -0.266049
v 0.060685 0.452590 -0.265593
v 0.056112 0.449227 -0.265037
v 0.051589 0.446016 -0.264564
v 0.047211 0.443257 -0.264337
v 0.043054 0.441176 -0.264480
v 0.039155 0.439896 -0.265059
v 0.035513 0.439408 -0.266070
f 5231 5232 5233
f 5231 5233 5232
f 5231 5233 5234
f 5231 5234 5233
f 5231 5234 5235
f 5231 5235 5234
f 5231 5235 5236
f 5231 5236 5235
f 5231 5236 5237
f 5231 5237 5236
f 5231 5237 5238
f 5231 5238 5237
f 5231 5238 5239
f 5231 5239 5238
f 5231 5239 5240
f 5231 5240 5239
f 5231 5240 5241
f 5231 5241 5240
f 5231 5241 5242
f 5231 5242 5241
f 5231 5242 5243
f 5231 5243 5242
f 5231 5243 5244
f 5231 5244 5243
f 5231 5244 5245
f 5231 5245 5244
f 5231 5245 5246
f 5231 5246 5245
f 5231 5246 5247
f 5231 5247 5246
f 5231 5247 5248
f 5231 5248 5247
f 5231 5248 5249
f 5231 5249 5248
f 5231 5249 5250
f 5231 5250 5249
f 5231 5250 5251
f 5231 5251 5250
f 5231 5251 5252
f 5231 5252 5251
f 5231 5252 5253
f 5231 5253 5252
f 5231 5253 5254
f 5231 5254 5253
f 5231 5254 5255
f 5231 5255 5254
f 5231 5255 5256
f 5231 5256 5255
f 5231 5256 5257
f 5231 5257 5256
f 5231 5257 5258
f 5231 5258 5257
f 5231 5258 5259
f 5231 5259 5258
f 5231 5259 5260
f 5231 5260 5259
f 5231 5260 5261
f 5231 5261 5260
f 5231 5261 5262
f 5231 5262 5261
f 5231 5262 5263
f 5231 5263 5262
f 5231 5263 5264
f 5231 5264 5263
f 5231 5264 5265
f 5231 5265 5264
f 5231 5265 5266
f 5231 5266 5265
f 5231 5266 5267
f 5231 5267 5266
f 5231 5267 5268
f 5231 5268 5267
f 5231 5268 5269
f 5231 5269 5268
f 5231 5269 5270
f 5231 5270 5269
f 5231 5270 5271
f 5231 5271 5270
f 5231 5271 5272
f 5231 5272 5271
f 5231 5272 5273
f 5231 5273 5272
f 5231 5273 5274
f 5231 5274 5273
f 5231 5274 5275
f 5231 5275 5274
f 5231 5275 5276
f 5231 5276 5275
v 0.022346 0.473643 -0.201011
v 0.025726 0.477858 -0.198820
v 0.030920 0.480463 -0.199293
v 0.035944 0.480463 -0.202250
v 0.038880 0.477858 -0.206560
v 0.038606 0.473643 -0.210579
v 0.035227 0.469429 -0.212770
v 0.030033 0.466824 -0.212297
v 0.025008 0.466824 -0.209340
v 0.022072 0.469429 -0.205030
v -0.001191 0.517695 -0.246968
v 0.001107 0.520561 -0.245478
v 0.004639 0.522333 -0.245799
v 0.008056 0.522333 -0.247810
v 0.010052 0.520561 -0.250741
v 0.009866 0.517695 -0.253473
v 0.007568 0.514829 -0.254963
v 0.004036 0.513058 -0.254642
v 0.000619 0.513058 -0.252631
v -0.001377 0.514829 -0.249700
f 5277 5278 5288
f 5277 5288 5287
f 5278 5279 5289
f 5278 5289 5288
f 5279 5280 5290
f 5279 5290 5289
f 5280 5281 5291
f 5280 5291 5290
f 5281 5282 5292
f 5281 5292 5291
f 5282 5283 5293
f 5282 5293 5292
f 5283 5284 5294
f 5283 5294 5293
f 5284 5285 5295
f 5284 5295 5294
f 5285 5286 5296
f 5285 5296 5295
f 5286 5277 5287
f 5286 5287 5296
v 0.004337 0.517695 -0.250220
v 0.000275 0.516933 -0.246389
v -0.003405 0.517174 -0.241788
v -0.006661 0.518528 -0.236333
v -0.009527 0.520905 -0.230092
v -0.012089 0.524082 -0.223238
v -0.014472 0.527731 -0.216021
v -0.016823 0.531461 -0.208742
v -0.019300 0.534860 -0.201717
v -0.022055 0.537532 -0.195250
v -0.025213 0.539143 -0.189597
v -0.028868 0.539450 -0.184946
v -0.033068 0.538324 -0.181394
v -0.037815 0.535765 -0.178942
v -0.043058 0.531901 -0.177492
v -0.048706 0.526976 -0.176855
v -0.054629 0.521326 -0.176776
v -0.060680 0.515343 -0.176952
v -0.066699 0.509442 -0.177065
v -0.072538 0.504012 -0.176816
v -0.078074 0.499382 -0.175954
v -0.083219 0.495776 -0.174305
v -0.087940 0.493283 -0.171803
v -0.092280 0.491792 -0.168530
v -0.088218 0.492554 -0.172362
v -0.084538 0.492313 -0.176963
v -0.081281 0.490960 -0.182418
v -0.078415 0.488582 -0.188659
v -0.075853 0.485405 -0.195513
v -0.073471 0.481756 -0.202730
v -0.071119 0.478026 -0.210009
v -0.068642 0.474628 -0.217033
v -0.065888 0.471956 -0.223501
v -0.062730 0.470344 -0.229153
v -0.059074 0.470038 -0.233805
v -0.054874 0.471164 -0.237357
v -0.050127 0.473723 -0.239809
v -0.044884 0.477587 -0.241259
v -0.039237 0.482511 -0.241895
v -0.033313 0.488162 -0.241975
v -0.027263 0.494145 -0.241799
v -0.021243 0.500046 -0.241686
v -0.015404 0.505475 -0.241935
v -0.009869 0.510106 -0.242797
v -0.004724 0.513711 -0.244446
v -0.000002 0.516205 -0.246948
f 5297 5298 5299
f 5297 5299 5298
f 5297 5299 5300
f 5297 5300 5299
f 5297 5300 5301
f 5297 5301 5300
f 5297 5301 5302
f 5297 5302 5301
f 5297 5302 5303
f 5297 5303 5302
f 5297 5303 5304
f 5297 5304 5303
f 5297 5304 5305
f 5297 5305 5304
f 5297 5305 5306
f 5297 5306 5305
f 5297 5306 5307
f 5297 5307 5306
f 5297 5307 5308
f 5297 5308 5307
f 5297 5308 5309
f 5297 5309 5308
f 5297 5309 5310
f 5297 5310 5309
f 5297 5310 5311
f 5297 5311 5310
f 5297 5311 5312
f 5297 5312 5311
f 5297 5312 5313
f 5297 5313 5312
f 5297 5313 5314
f 5297 5314 5313
f 5297 5314 5315
f 5297 5315 5314
f 5297 5315 5316
f 5297 5316 5315
f 5297 5316 5317
f 5297 5317 5316
f 5297 5317 5318
f 5297 5318 5317
f 5297 5318 5319
f 5297 5319 5318
f 5297 5319 5320
f 5297 5320 5319
f 5297 5320 5321
f 5297 5321 5320
f 5297 5321 5322
f 5297 5322 5321
f 5297 5322 5323
f 5297 5323 5322
f 5297 5323 5324
f 5297 5324 5323
f 5297 5324 5325
f 5297 5325 5324
f 5297 5325 5326
f 5297 5326 5325
f 5297 5326 5327
f 5297 5327 5326
f 5297 5327 5328
f 5297 5328 5327
f 5297 5328 5329
f 5297 5329 5328
f 5297 5329 5330
f 5297 5330 5329
f 5297 5330 5331
f 5297 5331 5330
f 5297 5331 5332
f 5297 5332 5331
f 5297 5332 5333
f 5297 5333 5332
f 5297 5333 5334
f 5297 5334 5333
f 5297 5334 5335
f 5297 5335 5334
f 5297 5335 5336
f 5297 5336 5335
f 5297 5336 5337
f 5297 5337 5336
f 5297 5337 5338
f 5297 5338 5337
f 5297 5338 5339
f 5297 5339 5338
f 5297 5339 5340
f 5297 5340 5339
f 5297 5340 5341
f 5297 5341 5340
f 5297 5341 5342
f 5297 5342 5341
v 0.004337 0.517695 -0.250220
v 0.009181 0.517063 -0.251700
v 0.013788 0.515472 -0.253990
v 0.018149 0.512886 -0.257123
v 0.022292 0.509420 -0.260999
v 0.026272 0.505296 -0.265433
v 0.030163 0.500807 -0.270176
v 0.034047 0.496294 -0.274939
v 0.038011 0.492104 -0.279428
v 0.042137 0.488568 -0.283365
v 0.046492 0.485960 -0.286515
v 0.051127 0.484481 -0.288711
v 0.056066 0.484235 -0.289864
v 0.061310 0.485222 -0.289973
v 0.066834 0.487338 -0.289127
v 0.072586 0.490382 -0.287495
v 0.078501 0.494079 -0.285312
v 0.084495 0.498101 -0.282853
v 0.090483 0.502097 -0.280416
v 0.096381 0.505730 -0.278287
v 0.102117 0.508703 -0.276715
v 0.107635 0.510798 -0.275888
v 0.112906 0.511896 -0.275902
v 0.117941 0.512037 -0.276728
v 0.113097 0.512669 -0.275249
v 0.108491 0.514260 -0.272958
v 0.104130 0.516846 -0.269826
v 0.099987 0.520312 -0.265949
v 0.096006 0.524436 -0.261515
v 0.092116 0.528924 -0.256773
v 0.088232 0.533438 -0.252009
v 0.084267 0.537627 -0.247520
v 0.080141 0.541164 -0.243584
v 0.075786 0.543772 -0.240433
v 0.071152 0.545251 -0.238237
v 0.066212 0.545497 -0.237085
v 0.060968 0.544510 -0.236975
v 0.055445 0.542394 -0.237821
v 0.049692 0.539350 -0.239453
v 0.043778 0.535652 -0.241637
v 0.037783 0.531631 -0.244095
v 0.031795 0.527634 -0.246532
v 0.025897 0.524002 -0.248661
v 0.020162 0.521028 -0.250233
v 0.014644 0.518934 -0.251061
v 0.009372 0.517835 -0.251046
f 5343 5344 5345
f 5343 5345 5344
f 5343 5345 5346
f 5343 5346 5345
f 5343 5346 5347
f 5343 5347 5346
f 5343 5347 5348
f 5343 5348 5347
f 5343 5348 5349
f 5343 5349 5348
f 5343 5349 5350
f 5343 5350 5349
f 5343 5350 5351
f 5343 5351 5350
f 5343 5351 5352
f 5343 5352 5351
f 5343 5352 5353
f 5343 5353 5352
f 5343 5353 5354
f 5343 5354 5353
f 5343 5354 5355
f 5343 5355 5354
f 5343 5355 5356
f 5343 5356 5355
f 5343 5356 5357
f 5343 5357 5356
f 5343 5357 5358
f 5343 5358 5357
f 5343 5358 5359
f 5343 5359 5358
f 5343 5359 5360
f 5343 5360 5359
f 5343 5360 5361
f 5343 5361 5360
f 5343 5361 5362
f 5343 5362 5361
f 5343 5362 5363
f 5343 5363 5362
f 5343 5363 5364
f 5343 5364 5363
f 5343 5364 5365
f 5343 5365 5364
f 5343 5365 5366
f 5343 5366 5365
f 5343 5366 5367
f 5343 5367 5366
f 5343 5367 5368
f 5343 5368 5367
f 5343 5368 5369
f 5343 5369 5368
f 5343 5369 5370
f 5343 5370 5369
f 5343 5370 5371
f 5343 5371 5370
f 5343 5371 5372
f 5343 5372 5371
f 5343 5372 5373
f 5343 5373 5372
f 5343 5373 5374
f 5343 5374 5373
f 5343 5374 5375
f 5343 5375 5374
f 5343 5375 5376
f 5343 5376 5375
f 5343 5376 5377
f 5343 5377 5376
f 5343 5377 5378
f 5343 5378 5377
f 5343 5378 5379
f 5343 5379 5378
f 5343 5379 5380
f 5343 5380 5379
f 5343 5380 5381
f 5343 5381 5380
f 5343 5381 5382
f 5343 5382 5381
f 5343 5382 5383
f 5343 5383 5382
f 5343 5383 5384
f 5343 5384 5383
f 5343 5384 5385
f 5343 5385 5384
f 5343 5385 5386
f 5343 5386 5385
f 5343 5386 5387
f 5343 5387 5386
f 5343 5387 5388
f 5343 5388 5387
v 0.024111 0.473643 -0.212757
v 0.022584 0.477758 -0.208920
v 0.024072 0.480302 -0.203889
v 0.028005 0.480302 -0.199587
v 0.032883 0.477758 -0.197655
v 0.036841 0.473643 -0.198833
v 0.038368 0.469528 -0.202670
v 0.036881 0.466985 -0.207701
v 0.032947 0.466985 -0.212003
v 0.028070 0.469528 -0.213935
v 0.060765 0.516000 -0.242177
v 0.059727 0.518798 -0.239568
v 0.060738 0.520527 -0.236147
v 0.063413 0.520527 -0.233221
v 0.066730 0.518798 -0.231908
v 0.069421 0.516000 -0.232709
v 0.070460 0.513201 -0.235318
v 0.069448 0.511472 -0.238739
v 0.066773 0.511472 -0.241664
v 0.063457 0.513201 -0.242978
f 5389 5390 5400
f 5389 5400 5399
f 5390 5391 5401
f 5390 5401 5400
f 5391 5392 5402
f 5391 5402 5401
f 5392 5393 5403
f 5392 5403 5402
f 5393 5394 5404
f 5393 5404 5403
f 5394 5395 5405
f 5394 5405 5404
f 5395 5396 5406
f 5395 5406 5405
f 5396 5397 5407
f 5396 5407 5406
f 5397 5398 5408
f 5397 5408 5407
f 5398 5389 5399
f 5398 5399 5408
v 0.065093 0.516000 -0.237443
v 0.062514 0.515762 -0.239259
v 0.059525 0.516125 -0.240721
v 0.056120 0.517097 -0.241823
v 0.052351 0.518600 -0.242612
v 0.048314 0.520495 -0.243169
v 0.044133 0.522602 -0.243602
v 0.039947 0.524714 -0.244030
v 0.035900 0.526623 -0.244579
v 0.032128 0.528132 -0.245365
v 0.028742 0.529075 -0.246484
v 0.025824 0.529334 -0.248007
v 0.023416 0.528847 -0.249971
v 0.021518 0.527613 -0.252375
v 0.020088 0.525696 -0.255184
v 0.019044 0.523214 -0.258326
v 0.018275 0.520331 -0.261704
v 0.017645 0.517243 -0.265203
v 0.017010 0.514163 -0.268698
v 0.016231 0.511293 -0.272068
v 0.015184 0.508816 -0.275207
v 0.013773 0.506870 -0.278032
v 0.011946 0.505533 -0.280497
v 0.009709 0.504796 -0.282609
v 0.012288 0.505033 -0.280793
v 0.015277 0.504671 -0.279331
v 0.018683 0.503699 -0.278228
v 0.022452 0.502196 -0.277439
v 0.026489 0.500301 -0.276882
v 0.030670 0.498194 -0.276450
v 0.034856 0.496081 -0.276021
v 0.038902 0.494172 -0.275472
v 0.042675 0.492664 -0.274687
v 0.046061 0.491721 -0.273567
v 0.048979 0.491462 -0.272044
v 0.051387 0.491949 -0.270080
v 0.053285 0.493182 -0.267676
v 0.054715 0.495100 -0.264868
v 0.055758 0.497582 -0.261726
v 0.056528 0.500465 -0.258348
v 0.057158 0.503552 -0.254849
v 0.057792 0.506633 -0.251354
v 0.058572 0.509503 -0.247983
v 0.059619 0.511980 -0.244845
v 0.061029 0.513926 -0.242020
v 0.062856 0.515262 -0.239554
f 5409 5410 5411
f 5409 5411 5410
f 5409 5411 5412
f 5409 5412 5411
f 5409 5412 5413
f 5409 5413 5412
f 5409 5413 5414
f 5409 5414 5413
f 5409 5414 5415
f 5409 5415 5414
f 5409 5415 5416
f 5409 5416 5415
f 5409 5416 5417
f 5409 5417 5416
f 5409 5417 5418
f 5409 5418 5417
f 5409 5418 5419
f 5409 5419 5418
f 5409 5419 5420
f 5409 5420 5419
f 5409 5420 5421
f 5409 5421 5420
f 5409 5421 5422
f 5409 5422 5421
f 5409 5422 5423
f 5409 5423 5422
f 5409 5423 5424
f 5409 5424 5423
f 5409 5424 5425
f 5409 5425 5424
f 5409 5425 5426
f 5409 5426 5425
f 5409 5426 5427
f 5409 5427 5426
f 5409 5427 5428
f 5409 5428 5427
f 5409 5428 5429
f 5409 5429 5428
f 5409 5429 5430
f 5409 5430 5429
f 5409 5430 5431
f 5409 5431 5430
f 5409 5431 5432
f 5409 5432 5431
f 5409 5432 5433
f 5409 5433 5432
f 5409 5433 5434
f 5409 5434 5433
f 5409 5434 5435
f 5409 5435 5434
f 5409 5435 5436
f 5409 5436 5435
f 5409 5436 5437
f 5409 5437 5436
f 5409 5437 5438
f 5409 5438 5437
f 5409 5438 5439
f 5409 5439 5438
f 5409 5439 5440
f 5409 5440 5439
f 5409 5440 5441
f 5409 5441 5440
f 5409 5441 5442
f 5409 5442 5441
f 5409 5442 5443
f 5409 5443 5442
f 5409 5443 5444
f 5409 5444 5443
f 5409 5444 5445
f 5409 5445 5444
f 5409 5445 5446
f 5409 5446 5445
f 5409 5446 5447
f 5409 5447 5446
f 5409 5447 5448
f 5409 5448 5447
f 5409 5448 5449
f 5409 5449 5448
f 5409 5449 5450
f 5409 5450 5449
f 5409 5450 5451
f 5409 5451 5450
f 5409 5451 5452
f 5409 5452 5451
f 5409 5452 5453
f 5409 5453 5452
f 5409 5453 5454
f 5409 5454 5453
v 0.065093 0.516000 -0.237443
v 0.066378 0.514659 -0.233818
v 0.067862 0.513028 -0.230365
v 0.069750 0.510806 -0.227261
v 0.072187 0.507780 -0.224632
v 0.075216 0.503889 -0.222514
v 0.078759 0.499245 -0.220841
v 0.082623 0.494131 -0.219445
v 0.086529 0.488957 -0.218085
v 0.090157 0.484190 -0.216484
v 0.093198 0.480281 -0.214377
v 0.095412 0.477581 -0.211556
v 0.096668 0.476283 -0.207906
v 0.096965 0.476388 -0.203427
v 0.096436 0.477702 -0.198235
v 0.095321 0.479874 -0.192535
v 0.093926 0.482453 -0.186595
v 0.092574 0.484972 -0.180691
v 0.091543 0.487020 -0.175065
v 0.091025 0.488316 -0.169883
v 0.091100 0.488747 -0.165212
v 0.091724 0.488374 -0.161016
v 0.092752 0.487410 -0.157169
v 0.093979 0.486155 -0.153493
v 0.092694 0.487495 -0.157118
v 0.091210 0.489127 -0.160571
v 0.089322 0.491349 -0.163675
v 0.086885 0.494374 -0.166304
v 0.083856 0.498266 -0.168422
v 0.080313 0.502910 -0.170095
v 0.076448 0.508023 -0.171491
v 0.072542 0.513198 -0.172851
v 0.068915 0.517965 -0.174452
v 0.065874 0.521874 -0.176559
v 0.063660 0.524574 -0.179381
v 0.062404 0.525871 -0.183031
v 0.062107 0.525767 -0.187509
v 0.062636 0.524453 -0.192702
v 0.063751 0.522281 -0.198401
v 0.065145 0.519701 -0.204341
v 0.066498 0.517183 -0.210245
v 0.067529 0.515134 -0.215871
v 0.068046 0.513838 -0.221054
v 0.067972 0.513408 -0.225724
v 0.067348 0.513781 -0.229920
v 0.066320 0.514745 -0.233768
f 5455 5456 5457
f 5455 5457 5456
f 5455 5457 5458
f 5455 5458 5457
f 5455 5458 5459
f 5455 5459 5458
f 5455 5459 5460
f 5455 5460 5459
f 5455 5460 5461
f 5455 5461 5460
f 5455 5461 5462
f 5455 5462 5461
f 5455 5462 5463
f 5455 5463 5462
f 5455 5463 5464
f 5455 5464 5463
f 5455 5464 5465
f 5455 5465 5464
f 5455 5465 5466
f 5455 5466 5465
f 5455 5466 5467
f 5455 5467 5466
f 5455 5467 5468
f 5455 5468 5467
f 5455 5468 5469
f 5455 5469 5468
f 5455 5469 5470
f 5455 5470 5469
f 5455 5470 5471
f 5455 5471 5470
f 5455 5471 5472
f 5455 5472 5471
f 5455 5472 5473
f 5455 5473 5472
f 5455 5473 5474
f 5455 5474 5473
f 5455 5474 5475
f 5455 5475 5474
f 5455 5475 5476
f 5455 5476 5475
f 5455 5476 5477
f 5455 5477 5476
f 5455 5477 5478
f 5455 5478 5477
f 5455 5478 5479
f 5455 5479 5478
f 5455 5479 5480
f 5455 5480 5479
f 5455 5480 5481
f 5455 5481 5480
f 5455 5481 5482
f 5455 5482 5481
f 5455 5482 5483
f 5455 5483 5482
f 5455 5483 5484
f 5455 5484 5483
f 5455 5484 5485
f 5455 5485 5484
f 5455 5485 5486
f 5455 5486 5485
f 5455 5486 5487
f 5455 5487 5486
f 5455 5487 5488
f 5455 5488 5487
f 5455 5488 5489
f 5455 5489 5488
f 5455 5489 5490
f 5455 5490 5489
f 5455 5490 5491
f 5455 5491 5490
f 5455 5491 5492
f 5455 5492 5491
f 5455 5492 5493
f 5455 5493 5492
f 5455 5493 5494
f 5455 5494 5493
f 5455 5494 5495
f 5455 5495 5494
f 5455 5495 5496
f 5455 5496 5495
f 5455 5496 5497
f 5455 5497 5496
f 5455 5497 5498
f 5455 5498 5497
f 5455 5498 5499
f 5455 5499 5498
f 5455 5499 5500
f 5455 5500 5499
v 0.005117 0.444764 -0.089873
v 0.012235 0.448881 -0.092301
v 0.016799 0.451425 -0.099098
v 0.017067 0.451425 -0.107667
v 0.012936 0.448881 -0.114736
v 0.005984 0.444764 -0.117604
v -0.001133 0.440647 -0.115176
v -0.005698 0.438103 -0.108379
v -0.005965 0.438103 -0.099810
v -0.001835 0.440647 -0.092741
v -0.048754 0.537145 -0.095999
v -0.043914 0.539945 -0.097650
v -0.040810 0.541675 -0.102272
v -0.040628 0.541675 -0.108099
v -0.043437 0.539945 -0.112906
v -0.048165 0.537145 -0.114856
v -0.053004 0.534346 -0.113205
v -0.056108 0.532616 -0.108583
v -0.056290 0.532616 -0.102756
v -0.053481 0.534346 -0.097949
f 5501 5502 5512
f 5501 5512 5511
f 5502 5503 5513
f 5502 5513 5512
f 5503 5504 5514
f 5503 5514 5513
f 5504 5505 5515
f 5504 5515 5514
f 5505 5506 5516
f 5505 5516 5515
f 5506 5507 5517
f 5506 5517 5516
f 5507 5508 5518
f 5507 5518 5517
f 5508 5509 5519
f 5508 5519 5518
f 5509 5510 5520
f 5509 5520 5519
f 5510 5501 5511
f 5510 5511 5520
v -0.048459 0.537145 -0.105427
v -0.048239 0.533960 -0.100890
v -0.047102 0.531319 -0.095926
v -0.044831 0.529351 -0.090435
v -0.041441 0.528046 -0.084424
v -0.037121 0.527293 -0.077981
v -0.032199 0.526898 -0.071257
v -0.027095 0.526610 -0.064449
v -0.022275 0.526153 -0.057774
v -0.018194 0.525258 -0.051442
v -0.015249 0.523689 -0.045637
v -0.013730 0.521275 -0.040496
v -0.013791 0.517924 -0.036089
v -0.015431 0.513635 -0.032416
v -0.018498 0.508501 -0.029406
v -0.022699 0.502694 -0.026923
v -0.027641 0.496447 -0.024785
v -0.032866 0.490033 -0.022778
v -0.037910 0.483725 -0.020687
v -0.042351 0.477776 -0.018316
v -0.045862 0.472378 -0.015513
v -0.048254 0.467643 -0.012189
v -0.049512 0.463582 -0.008339
v -0.049854 0.460064 -0.004062
v -0.050075 0.463248 -0.008600
v -0.051212 0.465889 -0.013564
v -0.053482 0.467858 -0.019054
v -0.056872 0.469163 -0.025066
v -0.061192 0.469916 -0.031509
v -0.066115 0.470311 -0.038232
v -0.071219 0.470599 -0.045040
v -0.076039 0.471056 -0.051716
v -0.080119 0.471951 -0.058048
v -0.083064 0.473519 -0.063852
v -0.084583 0.475934 -0.068993
v -0.084523 0.479285 -0.073401
v -0.082882 0.483573 -0.077074
v -0.079816 0.488708 -0.080084
v -0.075614 0.494515 -0.082566
v -0.070673 0.500762 -0.084705
v -0.065448 0.507176 -0.086711
v -0.060404 0.513483 -0.088802
v -0.055963 0.519433 -0.091173
v -0.052451 0.524831 -0.093977
v -0.050059 0.529565 -0.097300
v -0.048801 0.533627 -0.101151
f 5521 5522 5523
f 5521 5523 5522
f 5521 5523 5524
f 5521 5524 5523
f 5521 5524 5525
f 5521 5525 5524
f 5521 5525 5526
f 5521 5526 5525
f 5521 5526 5527
f 5521 5527 5526
f 5521 5527 5528
f 5521 5528 5527
f 5521 5528 5529
f 5521 5529 5528
f 5521 5529 5530
f 5521 5530 5529
f 5521 5530 5531
f 5521 5531 5530
f 5521 5531 5532
f 5521 5532 5531
f 5521 5532 5533
f 5521 5533 5532
f 5521 5533 5534
f 5521 5534 5533
f 5521 5534 5535
f 5521 5535 5534
f 5521 5535 5536
f 5521 5536 5535
f 5521 5536 5537
f 5521 5537 5536
f 5521 5537 5538
f 5521 5538 5537
f 5521 5538 5539
f 5521 5539 5538
f 5521 5539 5540
f 5521 5540 5539
f 5521 5540 5541
f 5521 5541 5540
f 5521 5541 5542
f 5521 5542 5541
f 5521 5542 5543
f 5521 5543 5542
f 5521 5543 5544
f 5521 5544 5543
f 5521 5544 5545
f 5521 5545 5544
f 5521 5545 5546
f 5521 5546 5545
f 5521 5546 5547
f 5521 5547 5546
f 5521 5547 5548
f 5521 5548 5547
f 5521 5548 5549
f 5521 5549 5548
f 5521 5549 5550
f 5521 5550 5549
f 5521 5550 5551
f 5521 5551 5550
f 5521 5551 5552
f 5521 5552 5551
f 5521 5552 5553
f 5521 5553 5552
f 5521 5553 5554
f 5521 5554 5553
f 5521 5554 5555
f 5521 5555 5554
f 5521 5555 5556
f 5521 5556 5555
f 5521 5556 5557
f 5521 5557 5556
f 5521 5557 5558
f 5521 5558 5557
f 5521 5558 5559
f 5521 5559 5558
f 5521 5559 5560
f 5521 5560 5559
f 5521 5560 5561
f 5521 5561 5560
f 5521 5561 5562
f 5521 5562 5561
f 5521 5562 5563
f 5521 5563 5562
f 5521 5563 5564
f 5521 5564 5563
f 5521 5564 5565
f 5521 5565 5564
f 5521 5565 5566
f 5521 5566 5565
v -0.048459 0.537145 -0.105427
v -0.044657 0.536710 -0.107262
v -0.041184 0.536070 -0.109840
v -0.038132 0.535165 -0.113372
v -0.035507 0.533993 -0.117867
v -0.033243 0.532595 -0.123181
v -0.031221 0.531046 -0.129039
v -0.029279 0.529446 -0.135081
v -0.027240 0.527908 -0.140902
v -0.024925 0.526542 -0.146098
v -0.022179 0.525446 -0.150321
v -0.018887 0.524691 -0.153311
v -0.014990 0.524316 -0.154931
v -0.010487 0.524320 -0.155180
v -0.005438 0.524665 -0.154197
v 0.000041 0.525280 -0.152240
v 0.005796 0.526068 -0.149660
v 0.011649 0.526917 -0.146858
v 0.017421 0.527715 -0.144239
v 0.022952 0.528362 -0.142165
v 0.028122 0.528783 -0.140909
v 0.032864 0.528937 -0.140617
v 0.037185 0.528827 -0.141279
v 0.041178 0.528511 -0.142684
v 0.037376 0.528946 -0.140849
v 0.033902 0.529586 -0.138271
v 0.030850 0.530491 -0.134739
v 0.028225 0.531663 -0.130244
v 0.025962 0.533061 -0.124930
v 0.023939 0.534610 -0.119072
v 0.021998 0.536210 -0.113029
v 0.019958 0.537748 -0.107209
v 0.017643 0.539114 -0.102013
v 0.014897 0.540210 -0.097790
v 0.011606 0.540964 -0.094800
v 0.007709 0.541340 -0.093180
v 0.003205 0.541336 -0.092931
v -0.001843 0.540991 -0.093914
v -0.007323 0.540376 -0.095871
v -0.013078 0.539588 -0.098451
v -0.018931 0.538739 -0.101253
v -0.024703 0.537941 -0.103872
v -0.030234 0.537294 -0.105946
v -0.035403 0.536873 -0.107202
v -0.040146 0.536719 -0.107494
v -0.044467 0.536829 -0.106832
f 5567 5568 5569
f 5567 5569 5568
f 5567 5569 5570
f 5567 5570 5569
f 5567 5570 5571
f 5567 5571 5570
f 5567 5571 5572
f 5567 5572 5571
f 5567 5572 5573
f 5567 5573 5572
f 5567 5573 5574
f 5567 5574 5573
f 5567 5574 5575
f 5567 5575 5574
f 5567 5575 5576
f 5567 5576 5575
f 5567 5576 5577
f 5567 5577 5576
f 5567 5577 5578
f 5567 5578 5577
f 5567 5578 5579
f 5567 5579 5578
f 5567 5579 5580
f 5567 5580 5579
f 5567 5580 5581
f 5567 5581 5580
f 5567 5581 5582
f 5567 5582 5581
f 5567 5582 5583
f 5567 5583 5582
f 5567 5583 5584
f 5567 5584 5583
f 5567 5584 5585
f 5567 5585 5584
f 5567 5585 5586
f 5567 5586 5585
f 5567 5586 5587
f 5567 5587 5586
f 5567 5587 5588
f 5567 5588 5587
f 5567 5588 5589
f 5567 5589 5588
f 5567 5589 5590
f 5567 5590 5589
f 5567 5590 5591
f 5567 5591 5590
f 5567 5591 5592
f 5567 5592 5591
f 5567 5592 5593
f 5567 5593 5592
f 5567 5593 5594
f 5567 5594 5593
f 5567 5594 5595
f 5567 5595 5594
f 5567 5595 5596
f 5567 5596 5595
f 5567 5596 5597
f 5567 5597 5596
f 5567 5597 5598
f 5567 5598 5597
f 5567 5598 5599
f 5567 5599 5598
f 5567 5599 5600
f 5567 5600 5599
f 5567 5600 5601
f 5567 5601 5600
f 5567 5601 5602
f 5567 5602 5601
f 5567 5602 5603
f 5567 5603 5602
f 5567 5603 5604
f 5567 5604 5603
f 5567 5604 5605
f 5567 5605 5604
f 5567 5605 5606
f 5567 5606 5605
f 5567 5606 5607
f 5567 5607 5606
f 5567 5607 5608
f 5567 5608 5607
f 5567 5608 5609
f 5567 5609 5608
f 5567 5609 5610
f 5567 5610 5609
f 5567 5610 5611
f 5567 5611 5610
f 5567 5611 5612
f 5567 5612 5611
v -0.048459 0.537145 -0.105427
v -0.051219 0.533079 -0.106439
v -0.054057 0.528973 -0.107098
v -0.057078 0.524776 -0.106923
v -0.060374 0.520440 -0.105497
v -0.063991 0.515944 -0.102617
v -0.067906 0.511298 -0.098381
v -0.072027 0.506548 -0.093208
v -0.076204 0.501771 -0.087782
v -0.080254 0.497058 -0.082934
v -0.083994 0.492499 -0.079491
v -0.087280 0.488169 -0.078114
v -0.090031 0.484107 -0.079168
v -0.092246 0.480314 -0.082653
v -0.094007 0.476748 -0.088204
v -0.095459 0.473338 -0.095159
v -0.096783 0.469992 -0.102693
v -0.098163 0.466617 -0.109974
v -0.099749 0.463139 -0.116318
v -0.101634 0.459512 -0.121306
v -0.103839 0.455724 -0.124839
v -0.106319 0.451797 -0.127122
v -0.108983 0.447779 -0.128571
v -0.111724 0.443722 -0.129667
v -0.108964 0.447789 -0.128655
v -0.106127 0.451894 -0.127997
v -0.103106 0.456092 -0.128172
v -0.099809 0.460427 -0.129597
v -0.096193 0.464923 -0.132477
v -0.092278 0.469569 -0.136713
v -0.088156 0.474319 -0.141887
v -0.083979 0.479096 -0.147313
v -0.079930 0.483810 -0.152160
v -0.076189 0.488368 -0.155603
v -0.072903 0.492698 -0.156981
v -0.070153 0.496760 -0.155927
v -0.067937 0.500553 -0.152441
v -0.066176 0.504119 -0.146891
v -0.064725 0.507529 -0.139936
v -0.063400 0.510876 -0.132402
v -0.062020 0.514250 -0.125120
v -0.060434 0.517728 -0.118777
v -0.058549 0.521355 -0.113789
v -0.056344 0.525143 -0.110255
v -0.053864 0.529070 -0.107972
v -0.051201 0.533088 -0.106523
f 5613 5614 5615
f 5613 5615 5614
f 5613 5615 5616
f 5613 5616 5615
f 5613 5616 5617
f 5613 5617 5616
f 5613 5617 5618
f 5613 5618 5617
f 5613 5618 5619
f 5613 5619 5618
f 5613 5619 5620
f 5613 5620 5619
f 5613 5620 5621
f 5613 5621 5620
f 5613 5621 5622
f 5613 5622 5621
f 5613 5622 5623
f 5613 5623 5622
f 5613 5623 5624
f 5613 5624 5623
f 5613 5624 5625
f 5613 5625 5624
f 5613 5625 5626
f 5613 5626 5625
f 5613 5626 5627
f 5613 5627 5626
f 5613 5627 5628
f 5613 5628 5627
f 5613 5628 5629
f 5613 5629 5628
f 5613 5629 5630
f 5613 5630 5629
f 5613 5630 5631
f 5613 5631 5630
f 5613 5631 5632
f 5613 5632 5631
f 5613 5632 5633
f 5613 5633 5632
f 5613 5633 5634
f 5613 5634 5633
f 5613 5634 5635
f 5613 5635 5634
f 5613 5635 5636
f 5613 5636 5635
f 5613 5636 5637
f 5613 5637 5636
f 5613 5637 5638
f 5613 5638 5637
f 5613 5638 5639
f 5613 5639 5638
f 5613 5639 5640
f 5613 5640 5639
f 5613 5640 5641
f 5613 5641 5640
f 5613 5641 5642
f 5613 5642 5641
f 5613 5642 5643
f 5613 5643 5642
f 5613 5643 5644
f 5613 5644 5643
f 5613 5644 5645
f 5613 5645 5644
f 5613 5645 5646
f 5613 5646 5645
f 5613 5646 5647
f 5613 5647 5646
f 5613 5647 5648
f 5613 5648 5647
f 5613 5648 5649
f 5613 5649 5648
f 5613 5649 5650
f 5613 5650 5649
f 5613 5650 5651
f 5613 5651 5650
f 5613 5651 5652
f 5613 5652 5651
f 5613 5652 5653
f 5613 5653 5652
f 5613 5653 5654
f 5613 5654 5653
f 5613 5654 5655
f 5613 5655 5654
f 5613 5655 5656
f 5613 5656 5655
f 5613 5656 5657
f 5613 5657 5656
f 5613 5657 5658
f 5613 5658 5657
v -0.050366 0.537145 -0.096189
v -0.047490 0.542061 -0.097435
v -0.044985 0.545099 -0.101734
v -0.043806 0.545099 -0.107443
v -0.044405 0.542061 -0.112383
v -0.046553 0.537145 -0.114666
v -0.049428 0.532229 -0.113420
v -0.051934 0.529191 -0.109121
v -0.053112 0.529191 -0.103411
v -0.052514 0.532229 -0.098472
v -0.104076 0.566081 -0.110357
v -0.102120 0.569424 -0.111204
v -0.100416 0.571490 -0.114127
v -0.099615 0.571490 -0.118010
v -0.100022 0.569424 -0.121368
v -0.101482 0.566081 -0.122921
v -0.103438 0.562738 -0.122073
v -0.105142 0.560672 -0.119150
v -0.105943 0.560672 -0.115268
v -0.105536 0.562738 -0.111909
f 5659 5660 5670
f 5659 5670 5669
f 5660 5661 5671
f 5660 5671 5670
f 5661 5662 5672
f 5661 5672 5671
f 5662 5663 5673
f 5662 5673 5672
f 5663 5664 5674
f 5663 5674 5673
f 5664 5665 5675
f 5664 5675 5674
f 5665 5666 5676
f 5665 5676 5675
f 5666 5667 5677
f 5666 5677 5676
f 5667 5668 5678
f 5667 5678 5677
f 5668 5659 5669
f 5668 5669 5678
v -0.102779 0.566081 -0.116639
v -0.102204 0.564647 -0.111944
v -0.101425 0.563637 -0.107137
v -0.100238 0.563482 -0.102105
v -0.098499 0.564482 -0.096767
v -0.096168 0.566720 -0.091101
v -0.093324 0.570030 -0.085152
v -0.090163 0.574004 -0.079028
v -0.086963 0.578057 -0.072882
v -0.084046 0.581521 -0.066893
v -0.081716 0.583756 -0.061228
v -0.080213 0.584262 -0.056021
v -0.079668 0.582765 -0.051343
v -0.080081 0.579264 -0.047195
v -0.081320 0.574034 -0.043504
v -0.083147 0.567575 -0.040138
v -0.085256 0.560527 -0.036928
v -0.087327 0.553557 -0.033697
v -0.089080 0.547253 -0.030290
v -0.090321 0.542020 -0.026600
v -0.090970 0.538025 -0.022582
v -0.091066 0.535185 -0.018260
v -0.090754 0.533200 -0.013711
v -0.090240 0.531639 -0.009050
v -0.090815 0.533073 -0.013744
v -0.091593 0.534083 -0.018551
v -0.092780 0.534238 -0.023584
v -0.094520 0.533238 -0.028922
v -0.096851 0.531000 -0.034587
v -0.099694 0.527690 -0.040536
v -0.102856 0.523716 -0.046660
v -0.106055 0.519663 -0.052806
v -0.108973 0.516199 -0.058796
v -0.111302 0.513964 -0.064460
v -0.112805 0.513458 -0.069668
v -0.113351 0.514955 -0.074345
v -0.112938 0.518456 -0.078494
v -0.111699 0.523686 -0.082184
v -0.109872 0.530145 -0.085550
v -0.107763 0.537193 -0.088760
v -0.105692 0.544163 -0.091992
v -0.103939 0.550467 -0.095398
v -0.102697 0.555700 -0.099088
v -0.102049 0.559695 -0.103106
v -0.101952 0.562535 -0.107429
v -0.102264 0.564520 -0.111978
f 5679 5680 5681
f 5679 5681 5680
f 5679 5681 5682
f 5679 5682 5681
f 5679 5682 5683
f 5679 5683 5682
f 5679 5683 5684
f 5679 5684 5683
f 5679 5684 5685
f 5679 5685 5684
f 5679 5685 5686
f 5679 5686 5685
f 5679 5686 5687
f 5679 5687 5686
f 5679 5687 5688
f 5679 5688 5687
f 5679 5688 5689
f 5679 5689 5688
f 5679 5689 5690
f 5679 5690 5689
f 5679 5690 5691
f 5679 5691 5690
f 5679 5691 5692
f 5679 5692 5691
f 5679 5692 5693
f 5679 5693 5692
f 5679 5693 5694
f 5679 5694 5693
f 5679 5694 5695
f 5679 5695 5694
f 5679 5695 5696
f 5679 5696 5695
f 5679 5696 5697
f 5679 5697 5696
f 5679 5697 5698
f 5679 5698 5697
f 5679 5698 5699
f 5679 5699 5698
f 5679 5699 5700
f 5679 5700 5699
f 5679 5700 5701
f 5679 5701 5700
f 5679 5701 5702
f 5679 5702 5701
f 5679 5702 5703
f 5679 5703 5702
f 5679 5703 5704
f 5679 5704 5703
f 5679 5704 5705
f 5679 5705 5704
f 5679 5705 5706
f 5679 5706 5705
f 5679 5706 5707
f 5679 5707 5706
f 5679 5707 5708
f 5679 5708 5707
f 5679 5708 5709
f 5679 5709 5708
f 5679 5709 5710
f 5679 5710 5709
f 5679 5710 5711
f 5679 5711 5710
f 5679 5711 5712
f 5679 5712 5711
f 5679 5712 5713
f 5679 5713 5712
f 5679 5713 5714
f 5679 5714 5713
f 5679 5714 5715
f 5679 5715 5714
f 5679 5715 5716
f 5679 5716 5715
f 5679 5716 5717
f 5679 5717 5716
f 5679 5717 5718
f 5679 5718 5717
f 5679 5718 5719
f 5679 5719 5718
f 5679 5719 5720
f 5679 5720 5719
f 5679 5720 5721
f 5679 5721 5720
f 5679 5721 5722
f 5679 5722 5721
f 5679 5722 5723
f 5679 5723 5722
f 5679 5723 5724
f 5679 5724 5723
v -0.102779 0.566081 -0.116639
v -0.099725 0.568924 -0.117110
v -0.096502 0.571637 -0.118738
v -0.093125 0.574232 -0.121415
v -0.089623 0.576732 -0.124941
v -0.086036 0.579166 -0.129048
v -0.082410 0.581571 -0.133423
v -0.078794 0.583984 -0.137728
v -0.075237 0.586441 -0.141631
v -0.071784 0.588978 -0.144831
v -0.068470 0.591621 -0.147077
v -0.065322 0.594392 -0.148192
v -0.062353 0.597300 -0.148083
v -0.059564 0.600345 -0.146750
v -0.056940 0.603517 -0.144286
v -0.054457 0.606796 -0.140868
v -0.052076 0.610154 -0.136747
v -0.049755 0.613557 -0.132224
v -0.047444 0.616968 -0.127632
v -0.045093 0.620349 -0.123306
v -0.042657 0.623665 -0.119562
v -0.040097 0.626885 -0.116668
v -0.037383 0.629988 -0.114821
v -0.034500 0.632961 -0.114132
v -0.037553 0.630118 -0.113661
v -0.040777 0.627405 -0.112033
v -0.044154 0.624810 -0.109356
v -0.047655 0.622310 -0.105830
v -0.051242 0.619875 -0.101723
v -0.054868 0.617471 -0.097348
v -0.058484 0.615058 -0.093043
v -0.062041 0.612600 -0.089140
v -0.065495 0.610064 -0.085940
v -0.068809 0.607420 -0.083694
v -0.071957 0.604650 -0.082579
v -0.074926 0.601742 -0.082688
v -0.077715 0.598697 -0.084021
v -0.080338 0.595525 -0.086485
v -0.082822 0.592246 -0.089903
v -0.085202 0.588888 -0.094024
v -0.087524 0.585485 -0.098547
v -0.089835 0.582074 -0.103139
v -0.092186 0.578693 -0.107465
v -0.094621 0.575377 -0.111209
v -0.097181 0.572157 -0.114103
v -0.099895 0.569054 -0.115949
f 5725 5726 5727
f 5725 5727 5726
f 5725 5727 5728
f 5725 5728 5727
f 5725 5728 5729
f 5725 5729 5728
f 5725 5729 5730
f 5725 5730 5729
f 5725 5730 5731
f 5725 5731 5730
f 5725 5731 5732
f 5725 5732 5731
f 5725 5732 5733
f 5725 5733 5732
f 5725 5733 5734
f 5725 5734 5733
f 5725 5734 5735
f 5725 5735 5734
f 5725 5735 5736
f 5725 5736 5735
f 5725 5736 5737
f 5725 5737 5736
f 5725 5737 5738
f 5725 5738 5737
f 5725 5738 5739
f 5725 5739 5738
f 5725 5739 5740
f 5725 5740 5739
f 5725 5740 5741
f 5725 5741 5740
f 5725 5741 5742
f 5725 5742 5741
f 5725 5742 5743
f 5725 5743 5742
f 5725 5743 5744
f 5725 5744 5743
f 5725 5744 5745
f 5725 5745 5744
f 5725 5745 5746
f 5725 5746 5745
f 5725 5746 5747
f 5725 5747 5746
f 5725 5747 5748
f 5725 5748 5747
f 5725 5748 5749
f 5725 5749 5748
f 5725 5749 5750
f 5725 5750 5749
f 5725 5750 5751
f 5725 5751 5750
f 5725 5751 5752
f 5725 5752 5751
f 5725 5752 5753
f 5725 5753 5752
f 5725 5753 5754
f 5725 5754 5753
f 5725 5754 5755
f 5725 5755 5754
f 5725 5755 5756
f 5725 5756 5755
f 5725 5756 5757
f 5725 5757 5756
f 5725 5757 5758
f 5725 5758 5757
f 5725 5758 5759
f 5725 5759 5758
f 5725 5759 5760
f 5725 5760 5759
f 5725 5760 5761
f 5725 5761 5760
f 5725 5761 5762
f 5725 5762 5761
f 5725 5762 5763
f 5725 5763 5762
f 5725 5763 5764
f 5725 5764 5763
f 5725 5764 5765
f 5725 5765 5764
f 5725 5765 5766
f 5725 5766 5765
f 5725 5766 5767
f 5725 5767 5766
f 5725 5767 5768
f 5725 5768 5767
f 5725 5768 5769
f 5725 5769 5768
f 5725 5769 5770
f 5725 5770 5769
v -0.102779 0.566081 -0.116639
v -0.102348 0.562755 -0.118070
v -0.102057 0.559279 -0.119209
v -0.102047 0.555501 -0.119760
v -0.102419 0.551317 -0.119515
v -0.103199 0.546696 -0.118418
v -0.104333 0.541698 -0.116584
v -0.105685 0.536465 -0.114292
v -0.107064 0.531205 -0.111946
v -0.108248 0.526152 -0.110006
v -0.109027 0.521532 -0.108911
v -0.109236 0.517522 -0.109007
v -0.108783 0.514219 -0.110483
v -0.107671 0.511621 -0.113336
v -0.105987 0.509632 -0.117381
v -0.103899 0.508077 -0.122271
v -0.101616 0.506729 -0.127567
v -0.099359 0.505354 -0.132809
v -0.097321 0.503745 -0.137593
v -0.095636 0.501758 -0.141641
v -0.094360 0.499334 -0.144835
v -0.093465 0.496503 -0.147235
v -0.092852 0.493372 -0.149046
v -0.092379 0.490090 -0.150564
v -0.092810 0.493416 -0.149133
v -0.093101 0.496892 -0.147994
v -0.093110 0.500670 -0.147443
v -0.092739 0.504854 -0.147688
v -0.091959 0.509475 -0.148785
v -0.090825 0.514473 -0.150619
v -0.089472 0.519706 -0.152911
v -0.088094 0.524966 -0.155257
v -0.086910 0.530019 -0.157197
v -0.086131 0.534638 -0.158291
v -0.085922 0.538648 -0.158195
v -0.086374 0.541952 -0.156720
v -0.087487 0.544550 -0.153866
v -0.089170 0.546539 -0.149822
v -0.091259 0.548094 -0.144932
v -0.093542 0.549441 -0.139636
v -0.095799 0.550817 -0.134394
v -0.097837 0.552426 -0.129609
v -0.099522 0.554413 -0.125562
v -0.100798 0.556837 -0.122368
v -0.101693 0.559667 -0.119968
v -0.102306 0.562799 -0.118157
f 5771 5772 5773
f 5771 5773 5772
f 5771 5773 5774
f 5771 5774 5773
f 5771 5774 5775
f 5771 5775 5774
f 5771 5775 5776
f 5771 5776 5775
f 5771 5776 5777
f 5771 5777 5776
f 5771 5777 5778
f 5771 5778 5777
f 5771 5778 5779
f 5771 5779 5778
f 5771 5779 5780
f 5771 5780 5779
f 5771 5780 5781
f 5771 5781 5780
f 5771 5781 5782
f 5771 5782 5781
f 5771 5782 5783
f 5771 5783 5782
f 5771 5783 5784
f 5771 5784 5783
f 5771 5784 5785
f 5771 5785 5784
f 5771 5785 5786
f 5771 5786 5785
f 5771 5786 5787
f 5771 5787 5786
f 5771 5787 5788
f 5771 5788 5787
f 5771 5788 5789
f 5771 5789 5788
f 5771 5789 5790
f 5771 5790 5789
f 5771 5790 5791
f 5771 5791 5790
f 5771 5791 5792
f 5771 5792 5791
f 5771 5792 5793
f 5771 5793 5792
f 5771 5793 5794
f 5771 5794 5793
f 5771 5794 5795
f 5771 5795 5794
f 5771 5795 5796
f 5771 5796 5795
f 5771 5796 5797
f 5771 5797 5796
f 5771 5797 5798
f 5771 5798 5797
f 5771 5798 5799
f 5771 5799 5798
f 5771 5799 5800
f 5771 5800 5799
f 5771 5800 5801
f 5771 5801 5800
f 5771 5801 5802
f 5771 5802 5801
f 5771 5802 5803
f 5771 5803 5802
f 5771 5803 5804
f 5771 5804 5803
f 5771 5804 5805
f 5771 5805 5804
f 5771 5805 5806
f 5771 5806 5805
f 5771 5806 5807
f 5771 5807 5806
f 5771 5807 5808
f 5771 5808 5807
f 5771 5808 5809
f 5771 5809 5808
f 5771 5809 5810
f 5771 5810 5809
f 5771 5810 5811
f 5771 5811 5810
f 5771 5811 5812
f 5771 5812 5811
f 5771 5812 5813
f 5771 5813 5812
f 5771 5813 5814
f 5771 5814 5813
f 5771 5814 5815
f 5771 5815 5814
f 5771 5815 5816
f 5771 5816 5815
v -0.039070 0.537145 -0.106332
v -0.041317 0.540035 -0.110869
v -0.046292 0.541821 -0.113328
v -0.052095 0.541821 -0.112769
v -0.056509 0.540035 -0.109406
v -0.057849 0.537145 -0.104523
v -0.055602 0.534255 -0.099985
v -0.050627 0.532469 -0.097527
v -0.044824 0.532469 -0.098086
v -0.040409 0.534255 -0.101449
v -0.038694 0.594871 -0.070953
v -0.040222 0.596836 -0.074038
v -0.043605 0.598051 -0.075710
v -0.047551 0.598051 -0.075330
v -0.050553 0.596836 -0.073043
v -0.051464 0.594871 -0.069723
v -0.049936 0.592906 -0.066637
v -0.046552 0.591692 -0.064965
v -0.042606 0.591692 -0.065346
v -0.039605 0.592906 -0.067633
f 5817 5818 5828
f 5817 5828 5827
f 5818 5819 5829
f 5818 5829 5828
f 5819 5820 5830
f 5819 5830 5829
f 5820 5821 5831
f 5820 5831 5830
f 5821 5822 5832
f 5821 5832 5831
f 5822 5823 5833
f 5822 5833 5832
f 5823 5824 5834
f 5823 5834 5833
f 5824 5825 5835
f 5824 5835 5834
f 5825 5826 5836
f 5825 5836 5835
f 5826 5817 5827
f 5826 5827 5836
v -0.045079 0.594871 -0.070338
v -0.041084 0.593604 -0.072731
v -0.037342 0.592975 -0.076148
v -0.033858 0.592993 -0.080606
v -0.030597 0.593576 -0.085972
v -0.027502 0.594577 -0.092008
v -0.024497 0.595802 -0.098406
v -0.021494 0.597034 -0.104814
v -0.018405 0.598050 -0.110874
v -0.015147 0.598639 -0.116250
v -0.011650 0.598628 -0.120660
v -0.007865 0.597889 -0.123902
v -0.003765 0.596356 -0.125868
v 0.000650 0.594030 -0.126559
v 0.005353 0.590977 -0.126081
v 0.010295 0.587323 -0.124638
v 0.015406 0.583243 -0.122510
v 0.020604 0.578946 -0.120034
v 0.025798 0.574655 -0.117569
v 0.030903 0.570590 -0.115465
v 0.035843 0.566942 -0.114032
v 0.040558 0.563859 -0.113507
v 0.045017 0.561424 -0.114022
v 0.049222 0.559626 -0.115561
v 0.045227 0.560892 -0.113168
v 0.041486 0.561522 -0.109751
v 0.038001 0.561503 -0.105292
v 0.034741 0.560920 -0.099927
v 0.031646 0.559920 -0.093891
v 0.028640 0.558694 -0.087493
v 0.025637 0.557462 -0.081085
v 0.022548 0.556447 -0.075025
v 0.019290 0.555857 -0.069649
v 0.015794 0.555869 -0.065239
v 0.012009 0.556608 -0.061997
v 0.007909 0.558140 -0.060031
v 0.003494 0.560466 -0.059340
v -0.001210 0.563520 -0.059817
v -0.006152 0.567174 -0.061261
v -0.011263 0.571254 -0.063389
v -0.016460 0.575551 -0.065865
v -0.021655 0.579841 -0.068330
v -0.026760 0.583907 -0.070434
v -0.031699 0.587554 -0.071867
v -0.036415 0.590638 -0.072392
v -0.040873 0.593073 -0.071877
f 5837 5838 5839
f 5837 5839 5838
f 5837 5839 5840
f 5837 5840 5839
f 5837 5840 5841
f 5837 5841 5840
f 5837 5841 5842
f 5837 5842 5841
f 5837 5842 5843
f 5837 5843 5842
f 5837 5843 5844
f 5837 5844 5843
f 5837 5844 5845
f 5837 5845 5844
f 5837 5845 5846
f 5837 5846 5845
f 5837 5846 5847
f 5837 5847 5846
f 5837 5847 5848
f 5837 5848 5847
f 5837 5848 5849
f 5837 5849 5848
f 5837 5849 5850
f 5837 5850 5849
f 5837 5850 5851
f 5837 5851 5850
f 5837 5851 5852
f 5837 5852 5851
f 5837 5852 5853
f 5837 5853 5852
f 5837 5853 5854
f 5837 5854 5853
f 5837 5854 5855
f 5837 5855 5854
f 5837 5855 5856
f 5837 5856 5855
f 5837 5856 5857
f 5837 5857 5856
f 5837 5857 5858
f 5837 5858 5857
f 5837 5858 5859
f 5837 5859 5858
f 5837 5859 5860
f 5837 5860 5859
f 5837 5860 5861
f 5837 5861 5860
f 5837 5861 5862
f 5837 5862 5861
f 5837 5862 5863
f 5837 5863 5862
f 5837 5863 5864
f 5837 5864 5863
f 5837 5864 5865
f 5837 5865 5864
f 5837 5865 5866
f 5837 5866 5865
f 5837 5866 5867
f 5837 5867 5866
f 5837 5867 5868
f 5837 5868 5867
f 5837 5868 5869
f 5837 5869 5868
f 5837 5869 5870
f 5837 5870 5869
f 5837 5870 5871
f 5837 5871 5870
f 5837 5871 5872
f 5837 5872 5871
f 5837 5872 5873
f 5837 5873 5872
f 5837 5873 5874
f 5837 5874 5873
f 5837 5874 5875
f 5837 5875 5874
f 5837 5875 5876
f 5837 5876 5875
f 5837 5876 5877
f 5837 5877 5876
f 5837 5877 5878
f 5837 5878 5877
f 5837 5878 5879
f 5837 5879 5878
f 5837 5879 5880
f 5837 5880 5879
f 5837 5880 5881
f 5837 5881 5880
f 5837 5881 5882
f 5837 5882 5881
v -0.045079 0.594871 -0.070338
v -0.049898 0.593758 -0.072377
v -0.054808 0.592464 -0.074112
v -0.059938 0.590733 -0.075105
v -0.065405 0.588332 -0.074963
v -0.071271 0.585140 -0.073482
v -0.077512 0.581199 -0.070732
v -0.084019 0.576731 -0.067091
v -0.090604 0.572109 -0.063188
v -0.097036 0.567790 -0.059798
v -0.103084 0.564232 -0.057698
v -0.108565 0.561805 -0.057512
v -0.113374 0.560711 -0.059586
v -0.117512 0.560953 -0.063920
v -0.121081 0.562324 -0.070167
v -0.124268 0.564457 -0.077705
v -0.127301 0.566894 -0.085756
v -0.130413 0.569175 -0.093545
v -0.133789 0.570930 -0.100442
v -0.137543 0.571936 -0.106071
v -0.141694 0.572151 -0.110360
v -0.146182 0.571696 -0.113515
v -0.150890 0.570804 -0.115928
v -0.155689 0.569731 -0.118036
v -0.150870 0.570845 -0.115997
v -0.145960 0.572138 -0.114263
v -0.140830 0.573869 -0.113270
v -0.135362 0.576270 -0.113411
v -0.129497 0.579463 -0.114893
v -0.123255 0.583404 -0.117642
v -0.116749 0.587871 -0.121283
v -0.110164 0.592494 -0.125187
v -0.103732 0.596813 -0.128576
v -0.097683 0.600370 -0.130676
v -0.092203 0.602798 -0.130862
v -0.087394 0.603891 -0.128788
v -0.083256 0.603649 -0.124454
v -0.079687 0.602278 -0.118207
v -0.076500 0.600145 -0.110670
v -0.073466 0.597709 -0.102618
v -0.070355 0.595427 -0.094829
v -0.066978 0.593672 -0.087933
v -0.063225 0.592666 -0.082303
v -0.059074 0.592451 -0.078014
v -0.054586 0.592906 -0.074860
v -0.049878 0.593799 -0.072446
f 5883 5884 5885
f 5883 5885 5884
f 5883 5885 5886
f 5883 5886 5885
f 5883 5886 5887
f 5883 5887 5886
f 5883 5887 5888
f 5883 5888 5887
f 5883 5888 5889
f 5883 5889 5888
f 5883 5889 5890
f 5883 5890 5889
f 5883 5890 5891
f 5883 5891 5890
f 5883 5891 5892
f 5883 5892 5891
f 5883 5892 5893
f 5883 5893 5892
f 5883 5893 5894
f 5883 5894 5893
f 5883 5894 5895
f 5883 5895 5894
f 5883 5895 5896
f 5883 5896 5895
f 5883 5896 5897
f 5883 5897 5896
f 5883 5897 5898
f 5883 5898 5897
f 5883 5898 5899
f 5883 5899 5898
f 5883 5899 5900
f 5883 5900 5899
f 5883 5900 5901
f 5883 5901 5900
f 5883 5901 5902
f 5883 5902 5901
f 5883 5902 5903
f 5883 5903 5902
f 5883 5903 5904
f 5883 5904 5903
f 5883 5904 5905
f 5883 5905 5904
f 5883 5905 5906
f 5883 5906 5905
f 5883 5906 5907
f 5883 5907 5906
f 5883 5907 5908
f 5883 5908 5907
f 5883 5908 5909
f 5883 5909 5908
f 5883 5909 5910
f 5883 5910 5909
f 5883 5910 5911
f 5883 5911 5910
f 5883 5911 5912
f 5883 5912 5911
f 5883 5912 5913
f 5883 5913 5912
f 5883 5913 5914
f 5883 5914 5913
f 5883 5914 5915
f 5883 5915 5914
f 5883 5915 5916
f 5883 5916 5915
f 5883 5916 5917
f 5883 5917 5916
f 5883 5917 5918
f 5883 5918 5917
f 5883 5918 5919
f 5883 5919 5918
f 5883 5919 5920
f 5883 5920 5919
f 5883 5920 5921
f 5883 5921 5920
f 5883 5921 5922
f 5883 5922 5921
f 5883 5922 5923
f 5883 5923 5922
f 5883 5923 5924
f 5883 5924 5923
f 5883 5924 5925
f 5883 5925 5924
f 5883 5925 5926
f 5883 5926 5925
f 5883 5926 5927
f 5883 5927 5926
f 5883 5927 5928
f 5883 5928 5927
v -0.057889 0.537145 -0.105670
v -0.056197 0.540722 -0.101389
v -0.051550 0.542933 -0.098650
v -0.045722 0.542933 -0.098500
v -0.040939 0.540722 -0.100996
v -0.039029 0.537145 -0.105185
v -0.040721 0.533568 -0.109466
v -0.045369 0.531357 -0.112205
v -0.051197 0.531357 -0.112355
v -0.055979 0.533568 -0.109859
v -0.053822 0.585418 -0.146340
v -0.052672 0.587850 -0.143429
v -0.049512 0.589354 -0.141566
v -0.045549 0.589354 -0.141464
v -0.042297 0.587850 -0.143161
v -0.040998 0.585418 -0.146010
v -0.042148 0.582985 -0.148921
v -0.045309 0.581482 -0.150783
v -0.049272 0.581482 -0.150885
v -0.052524 0.582985 -0.149188
f 5929 5930 5940
f 5929 5940 5939
f 5930 5931 5941
f 5930 5941 5940
f 5931 5932 5942
f 5931 5942 5941
f 5932 5933 5943
f 5932 5943 5942
f 5933 5934 5944
f 5933 5944 5943
f 5934 5935 5945
f 5934 5945 5944
f 5935 5936 5946
f 5935 5946 5945
f 5936 5937 5947
f 5936 5947 5946
f 5937 5938 5948
f 5937 5948 5947
f 5938 5929 5939
f 5938 5939 5948
v -0.047410 0.585418 -0.146175
v -0.050006 0.584854 -0.144663
v -0.052460 0.584678 -0.142689
v -0.054738 0.584989 -0.140133
v -0.056838 0.585785 -0.136997
v -0.058790 0.586989 -0.133375
v -0.060644 0.588461 -0.129434
v -0.062467 0.590017 -0.125391
v -0.064334 0.591455 -0.121489
v -0.066316 0.592575 -0.117967
v -0.068478 0.593204 -0.115032
v -0.070865 0.593212 -0.112837
v -0.073503 0.592533 -0.111464
v -0.076391 0.591166 -0.110911
v -0.079505 0.589179 -0.111099
v -0.082799 0.586701 -0.111874
v -0.086208 0.583904 -0.113028
v -0.089660 0.580990 -0.114324
v -0.093082 0.578160 -0.115518
v -0.096405 0.575598 -0.116393
v -0.099581 0.573443 -0.116782
v -0.102579 0.571774 -0.116590
v -0.105401 0.570592 -0.115817
v -0.108081 0.569797 -0.114582
v -0.105485 0.570360 -0.116093
v -0.103030 0.570536 -0.118068
v -0.100753 0.570226 -0.120623
v -0.098653 0.569429 -0.123759
v -0.096701 0.568225 -0.127381
v -0.094847 0.566754 -0.131323
v -0.093023 0.565197 -0.135366
v -0.091157 0.563759 -0.139267
v -0.089174 0.562639 -0.142789
v -0.087013 0.562011 -0.145724
v -0.084626 0.562002 -0.147919
v -0.081988 0.562681 -0.149293
v -0.079099 0.564048 -0.149845
v -0.075985 0.566035 -0.149658
v -0.072692 0.568513 -0.148883
v -0.069283 0.571310 -0.147728
v -0.065830 0.574225 -0.146433
v -0.062409 0.577054 -0.145238
v -0.059085 0.579617 -0.144363
v -0.055910 0.581772 -0.143975
v -0.052911 0.583441 -0.144166
v -0.050090 0.584623 -0.144939
f 5949 5950 5951
f 5949 5951 5950
f 5949 5951 5952
f 5949 5952 5951
f 5949 5952 5953
f 5949 5953 5952
f 5949 5953 5954
f 5949 5954 5953
f 5949 5954 5955
f 5949 5955 5954
f 5949 5955 5956
f 5949 5956 5955
f 5949 5956 5957
f 5949 5957 5956
f 5949 5957 5958
f 5949 5958 5957
f 5949 5958 5959
f 5949 5959 5958
f 5949 5959 5960
f 5949 5960 5959
f 5949 5960 5961
f 5949 5961 5960
f 5949 5961 5962
f 5949 5962 5961
f 5949 5962 5963
f 5949 5963 5962
f 5949 5963 5964
f 5949 5964 5963
f 5949 5964 5965
f 5949 5965 5964
f 5949 5965 5966
f 5949 5966 5965
f 5949 5966 5967
f 5949 5967 5966
f 5949 5967 5968
f 5949 5968 5967
f 5949 5968 5969
f 5949 5969 5968
f 5949 5969 5970
f 5949 5970 5969
f 5949 5970 5971
f 5949 5971 5970
f 5949 5971 5972
f 5949 5972 5971
f 5949 5972 5973
f 5949 5973 5972
f 5949 5973 5974
f 5949 5974 5973
f 5949 5974 5975
f 5949 5975 5974
f 5949 5975 5976
f 5949 5976 5975
f 5949 5976 5977
f 5949 5977 5976
f 5949 5977 5978
f 5949 5978 5977
f 5949 5978 5979
f 5949 5979 5978
f 5949 5979 5980
f 5949 5980 5979
f 5949 5980 5981
f 5949 5981 5980
f 5949 5981 5982
f 5949 5982 5981
f 5949 5982 5983
f 5949 5983 5982
f 5949 5983 5984
f 5949 5984 5983
f 5949 5984 5985
f 5949 5985 5984
f 5949 5985 5986
f 5949 5986 5985
f 5949 5986 5987
f 5949 5987 5986
f 5949 5987 5988
f 5949 5988 5987
f 5949 5988 5989
f 5949 5989 5988
f 5949 5989 5990
f 5949 5990 5989
f 5949 5990 5991
f 5949 5991 5990
f 5949 5991 5992
f 5949 5992 5991
f 5949 5992 5993
f 5949 5993 5992
f 5949 5993 5994
f 5949 5994 5993
v -0.047410 0.585418 -0.146175
v -0.044064 0.582628 -0.146213
v -0.041127 0.579163 -0.147062
v -0.038597 0.575024 -0.148719
v -0.036418 0.570304 -0.151073
v -0.034496 0.565160 -0.153937
v -0.032710 0.559792 -0.157070
v -0.030924 0.554425 -0.160201
v -0.028997 0.549289 -0.163056
v -0.026802 0.544596 -0.165378
v -0.024231 0.540527 -0.166952
v -0.021205 0.537208 -0.167626
v -0.017684 0.534707 -0.167317
v -0.013668 0.533024 -0.166026
v -0.009198 0.532092 -0.163834
v -0.004351 0.531783 -0.160895
v 0.000765 0.531918 -0.157423
v 0.006020 0.532283 -0.153675
v 0.011276 0.532649 -0.149925
v 0.016396 0.532791 -0.146443
v 0.021260 0.532509 -0.143472
v 0.025772 0.531646 -0.141197
v 0.029876 0.530110 -0.139731
v 0.033572 0.527898 -0.139076
v 0.030226 0.530688 -0.139037
v 0.027288 0.534153 -0.138188
v 0.024758 0.538292 -0.136531
v 0.022580 0.543011 -0.134177
v 0.020658 0.548155 -0.131313
v 0.018872 0.553523 -0.128180
v 0.017085 0.558890 -0.125049
v 0.015159 0.564027 -0.122194
v 0.012964 0.568719 -0.119873
v 0.010392 0.572789 -0.118298
v 0.007366 0.576108 -0.117625
v 0.003846 0.578609 -0.117933
v -0.000170 0.580292 -0.119224
v -0.004641 0.581224 -0.121416
v -0.009488 0.581533 -0.124355
v -0.014603 0.581398 -0.127827
v -0.019858 0.581033 -0.131576
v -0.025114 0.580667 -0.135326
v -0.030234 0.580524 -0.138807
v -0.035098 0.580806 -0.141778
v -0.039610 0.581669 -0.144053
v -0.043714 0.583206 -0.145519
f 5995 5996 5997
f 5995 5997 5996
f 5995 5997 5998
f 5995 5998 5997
f 5995 5998 5999
f 5995 5999 5998
f 5995 5999 6000
f 5995 6000 5999
f 5995 6000 6001
f 5995 6001 6000
f 5995 6001 6002
f 5995 6002 6001
f 5995 6002 6003
f 5995 6003 6002
f 5995 6003 6004
f 5995 6004 6003
f 5995 6004 6005
f 5995 6005 6004
f 5995 6005 6006
f 5995 6006 6005
f 5995 6006 6007
f 5995 6007 6006
f 5995 6007 6008
f 5995 6008 6007
f 5995 6008 6009
f 5995 6009 6008
f 5995 6009 6010
f 5995 6010 6009
f 5995 6010 6011
f 5995 6011 6010
f 5995 6011 6012
f 5995 6012 6011
f 5995 6012 6013
f 5995 6013 6012
f 5995 6013 6014
f 5995 6014 6013
f 5995 6014 6015
f 5995 6015 6014
f 5995 6015 6016
f 5995 6016 6015
f 5995 6016 6017
f 5995 6017 6016
f 5995 6017 6018
f 5995 6018 6017
f 5995 6018 6019
f 5995 6019 6018
f 5995 6019 6020
f 5995 6020 6019
f 5995 6020 6021
f 5995 6021 6020
f 5995 6021 6022
f 5995 6022 6021
f 5995 6022 6023
f 5995 6023 6022
f 5995 6023 6024
f 5995 6024 6023
f 5995 6024 6025
f 5995 6025 6024
f 5995 6025 6026
f 5995 6026 6025
f 5995 6026 6027
f 5995 6027 6026
f 5995 6027 6028
f 5995 6028 6027
f 5995 6028 6029
f 5995 6029 6028
f 5995 6029 6030
f 5995 6030 6029
f 5995 6030 6031
f 5995 6031 6030
f 5995 6031 6032
f 5995 6032 6031
f 5995 6032 6033
f 5995 6033 6032
f 5995 6033 6034
f 5995 6034 6033
f 5995 6034 6035
f 5995 6035 6034
f 5995 6035 6036
f 5995 6036 6035
f 5995 6036 6037
f 5995 6037 6036
f 5995 6037 6038
f 5995 6038 6037
f 5995 6038 6039
f 5995 6039 6038
f 5995 6039 6040
f 5995 6040 6039
v 0.000172 0.444764 -0.116525
v -0.004828 0.449635 -0.111548
v -0.005864 0.452646 -0.103588
v -0.002539 0.452646 -0.095685
v 0.003875 0.449635 -0.090859
v 0.010930 0.444764 -0.090952
v 0.015930 0.439893 -0.095929
v 0.016965 0.436882 -0.103890
v 0.013641 0.436882 -0.111792
v 0.007227 0.439893 -0.116619
v 0.058617 0.527370 -0.136294
v 0.055217 0.530682 -0.132910
v 0.054513 0.532729 -0.127497
v 0.056773 0.532729 -0.122123
v 0.061135 0.530682 -0.118841
v 0.065932 0.527370 -0.118904
v 0.069332 0.524057 -0.122289
v 0.070036 0.522010 -0.127702
v 0.067776 0.522010 -0.133076
v 0.063414 0.524057 -0.136358
f 6041 6042 6052
f 6041 6052 6051
f 6042 6043 6053
f 6042 6053 6052
f 6043 6044 6054
f 6043 6054 6053
f 6044 6045 6055
f 6044 6055 6054
f 6045 6046 6056
f 6045 6056 6055
f 6046 6047 6057
f 6046 6057 6056
f 6047 6048 6058
f 6047 6058 6057
f 6048 6049 6059
f 6048 6059 6058
f 6049 6050 6060
f 6049 6060 6059
f 6050 6041 6051
f 6050 6051 6060
v 0.062275 0.527370 -0.127599
v 0.058632 0.527522 -0.131285
v 0.054673 0.527981 -0.134658
v 0.050100 0.529038 -0.137424
v 0.044715 0.530884 -0.139387
v 0.038476 0.533561 -0.140505
v 0.031510 0.536944 -0.140904
v 0.024107 0.540753 -0.140871
v 0.016669 0.544595 -0.140804
v 0.009654 0.548026 -0.141155
v 0.003493 0.550626 -0.142351
v -0.001475 0.552067 -0.144725
v -0.005068 0.552171 -0.148460
v -0.007285 0.550936 -0.153556
v -0.008310 0.548544 -0.159830
v -0.008480 0.545319 -0.166949
v -0.008228 0.541684 -0.174486
v -0.008010 0.538082 -0.181990
v -0.008230 0.534907 -0.189060
v -0.009176 0.532437 -0.195412
v -0.010977 0.530798 -0.200919
v -0.013589 0.529948 -0.205624
v -0.016816 0.529696 -0.209721
v -0.020359 0.529751 -0.213505
v -0.016717 0.529599 -0.209819
v -0.012758 0.529140 -0.206446
v -0.008184 0.528083 -0.203681
v -0.002800 0.526237 -0.201718
v 0.003440 0.523560 -0.200600
v 0.010405 0.520177 -0.200200
v 0.017809 0.516368 -0.200233
v 0.025247 0.512526 -0.200300
v 0.032262 0.509095 -0.199950
v 0.038422 0.506495 -0.198754
v 0.043391 0.505054 -0.196379
v 0.046983 0.504950 -0.192644
v 0.049200 0.506184 -0.187549
v 0.050226 0.508577 -0.181275
v 0.050396 0.511801 -0.174155
v 0.050144 0.515436 -0.166618
v 0.049926 0.519038 -0.159114
v 0.050146 0.522214 -0.152044
v 0.051092 0.524684 -0.145692
v 0.052893 0.526323 -0.140185
v 0.055505 0.527173 -0.135480
v 0.058731 0.527425 -0.131383
f 6061 6062 6063
f 6061 6063 6062
f 6061 6063 6064
f 6061 6064 6063
f 6061 6064 6065
f 6061 6065 6064
f 6061 6065 6066
f 6061 6066 6065
f 6061 6066 6067
f 6061 6067 6066
f 6061 6067 6068
f 6061 6068 6067
f 6061 6068 6069
f 6061 6069 6068
f 6061 6069 6070
f 6061 6070 6069
f 6061 6070 6071
f 6061 6071 6070
f 6061 6071 6072
f 6061 6072 6071
f 6061 6072 6073
f 6061 6073 6072
f 6061 6073 6074
f 6061 6074 6073
f 6061 6074 6075
f 6061 6075 6074
f 6061 6075 6076
f 6061 6076 6075
f 6061 6076 6077
f 6061 6077 6076
f 6061 6077 6078
f 6061 6078 6077
f 6061 6078 6079
f 6061 6079 6078
f 6061 6079 6080
f 6061 6080 6079
f 6061 6080 6081
f 6061 6081 6080
f 6061 6081 6082
f 6061 6082 6081
f 6061 6082 6083
f 6061 6083 6082
f 6061 6083 6084
f 6061 6084 6083
f 6061 6084 6085
f 6061 6085 6084
f 6061 6085 6086
f 6061 6086 6085
f 6061 6086 6087
f 6061 6087 6086
f 6061 6087 6088
f 6061 6088 6087
f 6061 6088 6089
f 6061 6089 6088
f 6061 6089 6090
f 6061 6090 6089
f 6061 6090 6091
f 6061 6091 6090
f 6061 6091 6092
f 6061 6092 6091
f 6061 6092 6093
f 6061 6093 6092
f 6061 6093 6094
f 6061 6094 6093
f 6061 6094 6095
f 6061 6095 6094
f 6061 6095 6096
f 6061 6096 6095
f 6061 6096 6097
f 6061 6097 6096
f 6061 6097 6098
f 6061 6098 6097
f 6061 6098 6099
f 6061 6099 6098
f 6061 6099 6100
f 6061 6100 6099
f 6061 6100 6101
f 6061 6101 6100
f 6061 6101 6102
f 6061 6102 6101
f 6061 6102 6103
f 6061 6103 6102
f 6061 6103 6104
f 6061 6104 6103
f 6061 6104 6105
f 6061 6105 6104
f 6061 6105 6106
f 6061 6106 6105
v 0.062275 0.527370 -0.127599
v 0.065617 0.524738 -0.124137
v 0.069887 0.521166 -0.121724
v 0.074859 0.516884 -0.120103
v 0.080334 0.512092 -0.119049
v 0.086104 0.507001 -0.118329
v 0.091955 0.501828 -0.117702
v 0.097677 0.496786 -0.116927
v 0.103070 0.492077 -0.115781
v 0.107959 0.487879 -0.114067
v 0.112203 0.484333 -0.111624
v 0.115705 0.481540 -0.108342
v 0.118412 0.479552 -0.104162
v 0.120325 0.478368 -0.099086
v 0.121494 0.477938 -0.093169
v 0.122019 0.478160 -0.086525
v 0.122040 0.478892 -0.079312
v 0.121733 0.479957 -0.071727
v 0.121295 0.481154 -0.063996
v 0.120939 0.482269 -0.056356
v 0.120879 0.483084 -0.049051
v 0.121321 0.483390 -0.042313
v 0.122464 0.482986 -0.036367
v 0.124537 0.481640 -0.031470
v 0.121195 0.484272 -0.034933
v 0.116924 0.487844 -0.037346
v 0.111952 0.492127 -0.038967
v 0.106477 0.496918 -0.040020
v 0.100707 0.502009 -0.040740
v 0.094856 0.507182 -0.041368
v 0.089134 0.512224 -0.042142
v 0.083742 0.516933 -0.043288
v 0.078852 0.521132 -0.045003
v 0.074608 0.524677 -0.047445
v 0.071106 0.527470 -0.050728
v 0.068399 0.529458 -0.054907
v 0.066487 0.530642 -0.059984
v 0.065317 0.531073 -0.065900
v 0.064792 0.530851 -0.072545
v 0.064771 0.530118 -0.079758
v 0.065078 0.529053 -0.087343
v 0.065516 0.527856 -0.095074
v 0.065872 0.526742 -0.102713
v 0.065932 0.525927 -0.110019
v 0.065490 0.525621 -0.116756
v 0.064347 0.526025 -0.122702
f 6107 6108 6109
f 6107 6109 6108
f 6107 6109 6110
f 6107 6110 6109
f 6107 6110 6111
f 6107 6111 6110
f 6107 6111 6112
f 6107 6112 6111
f 6107 6112 6113
f 6107 6113 6112
f 6107 6113 6114
f 6107 6114 6113
f 6107 6114 6115
f 6107 6115 6114
f 6107 6115 6116
f 6107 6116 6115
f 6107 6116 6117
f 6107 6117 6116
f 6107 6117 6118
f 6107 6118 6117
f 6107 6118 6119
f 6107 6119 6118
f 6107 6119 6120
f 6107 6120 6119
f 6107 6120 6121
f 6107 6121 6120
f 6107 6121 6122
f 6107 6122 6121
f 6107 6122 6123
f 6107 6123 6122
f 6107 6123 6124
f 6107 6124 6123
f 6107 6124 6125
f 6107 6125 6124
f 6107 6125 6126
f 6107 6126 6125
f 6107 6126 6127
f 6107 6127 6126
f 6107 6127 6128
f 6107 6128 6127
f 6107 6128 6129
f 6107 6129 6128
f 6107 6129 6130
f 6107 6130 6129
f 6107 6130 6131
f 6107 6131 6130
f 6107 6131 6132
f 6107 6132 6131
f 6107 6132 6133
f 6107 6133 6132
f 6107 6133 6134
f 6107 6134 6133
f 6107 6134 6135
f 6107 6135 6134
f 6107 6135 6136
f 6107 6136 6135
f 6107 6136 6137
f 6107 6137 6136
f 6107 6137 6138
f 6107 6138 6137
f 6107 6138 6139
f 6107 6139 6138
f 6107 6139 6140
f 6107 6140 6139
f 6107 6140 6141
f 6107 6141 6140
f 6107 6141 6142
f 6107 6142 6141
f 6107 6142 6143
f 6107 6143 6142
f 6107 6143 6144
f 6107 6144 6143
f 6107 6144 6145
f 6107 6145 6144
f 6107 6145 6146
f 6107 6146 6145
f 6107 6146 6147
f 6107 6147 6146
f 6107 6147 6148
f 6107 6148 6147
f 6107 6148 6149
f 6107 6149 6148
f 6107 6149 6150
f 6107 6150 6149
f 6107 6150 6151
f 6107 6151 6150
f 6107 6151 6152
f 6107 6152 6151
v 0.060328 0.527370 -0.136829
v 0.058531 0.532452 -0.134609
v 0.058164 0.535593 -0.129711
v 0.059367 0.535593 -0.124007
v 0.061680 0.532452 -0.119675
v 0.064221 0.527370 -0.118369
v 0.066018 0.522288 -0.120589
v 0.066385 0.519147 -0.125487
v 0.065182 0.519147 -0.131191
v 0.062869 0.522288 -0.135524
v 0.111857 0.550060 -0.144610
v 0.110635 0.553515 -0.143100
v 0.110385 0.555651 -0.139770
v 0.111203 0.555651 -0.135891
v 0.112776 0.553515 -0.132945
v 0.114504 0.550060 -0.132057
v 0.115726 0.546604 -0.133567
v 0.115975 0.544468 -0.136897
v 0.115157 0.544468 -0.140776
v 0.113584 0.546604 -0.143722
f 6153 6154 6164
f 6153 6164 6163
f 6154 6155 6165
f 6154 6165 6164
f 6155 6156 6166
f 6155 6166 6165
f 6156 6157 6167
f 6156 6167 6166
f 6157 6158 6168
f 6157 6168 6167
f 6158 6159 6169
f 6158 6169 6168
f 6159 6160 6170
f 6159 6170 6169
f 6160 6161 6171
f 6160 6171 6170
f 6161 6162 6172
f 6161 6172 6171
f 6162 6153 6163
f 6162 6163 6172
v 0.113180 0.550060 -0.138333
v 0.109577 0.550561 -0.141690
v 0.105761 0.551678 -0.144758
v 0.101602 0.553782 -0.147362
v 0.097045 0.557035 -0.149425
v 0.092109 0.561384 -0.150974
v 0.086881 0.566572 -0.152128
v 0.081508 0.572181 -0.153085
v 0.076171 0.577683 -0.154092
v 0.071064 0.582525 -0.155409
v 0.066360 0.586202 -0.157274
v 0.062193 0.588329 -0.159866
v 0.058635 0.588702 -0.163284
v 0.055685 0.587320 -0.167526
v 0.053272 0.584389 -0.172496
v 0.051262 0.580292 -0.178014
v 0.049482 0.575535 -0.183842
v 0.047738 0.570672 -0.189721
v 0.045849 0.566229 -0.195401
v 0.043669 0.562626 -0.200687
v 0.041109 0.560119 -0.205458
v 0.038151 0.558760 -0.209690
v 0.034850 0.558388 -0.213457
v 0.031336 0.558632 -0.216935
v 0.034939 0.558131 -0.213578
v 0.038756 0.557014 -0.210510
v 0.042915 0.554909 -0.207907
v 0.047471 0.551656 -0.205843
v 0.052408 0.547308 -0.204294
v 0.057636 0.542119 -0.203140
v 0.063009 0.536511 -0.202183
v 0.068345 0.531008 -0.201177
v 0.073453 0.526166 -0.199860
v 0.078156 0.522490 -0.197995
v 0.082323 0.520362 -0.195402
v 0.085882 0.519990 -0.191985
v 0.088832 0.521372 -0.187742
v 0.091245 0.524303 -0.182772
v 0.093254 0.528399 -0.177254
v 0.095034 0.533157 -0.171426
v 0.096778 0.538019 -0.165548
v 0.098667 0.542463 -0.159867
v 0.100848 0.546066 -0.154581
v 0.103408 0.548573 -0.149810
v 0.106366 0.549932 -0.145579
v 0.109666 0.550304 -0.141811
f 6173 6174 6175
f 6173 6175 6174
f 6173 6175 6176
f 6173 6176 6175
f 6173 6176 6177
f 6173 6177 6176
f 6173 6177 6178
f 6173 6178 6177
f 6173 6178 6179
f 6173 6179 6178
f 6173 6179 6180
f 6173 6180 6179
f 6173 6180 6181
f 6173 6181 6180
f 6173 6181 6182
f 6173 6182 6181
f 6173 6182 6183
f 6173 6183 6182
f 6173 6183 6184
f 6173 6184 6183
f 6173 6184 6185
f 6173 6185 6184
f 6173 6185 6186
f 6173 6186 6185
f 6173 6186 6187
f 6173 6187 6186
f 6173 6187 6188
f 6173 6188 6187
f 6173 6188 6189
f 6173 6189 6188
f 6173 6189 6190
f 6173 6190 6189
f 6173 6190 6191
f 6173 6191 6190
f 6173 6191 6192
f 6173 6192 6191
f 6173 6192 6193
f 6173 6193 6192
f 6173 6193 6194
f 6173 6194 6193
f 6173 6194 6195
f 6173 6195 6194
f 6173 6195 6196
f 6173 6196 6195
f 6173 6196 6197
f 6173 6197 6196
f 6173 6197 6198
f 6173 6198 6197
f 6173 6198 6199
f 6173 6199 6198
f 6173 6199 6200
f 6173 6200 6199
f 6173 6200 6201
f 6173 6201 6200
f 6173 6201 6202
f 6173 6202 6201
f 6173 6202 6203
f 6173 6203 6202
f 6173 6203 6204
f 6173 6204 6203
f 6173 6204 6205
f 6173 6205 6204
f 6173 6205 6206
f 6173 6206 6205
f 6173 6206 6207
f 6173 6207 6206
f 6173 6207 6208
f 6173 6208 6207
f 6173 6208 6209
f 6173 6209 6208
f 6173 6209 6210
f 6173 6210 6209
f 6173 6210 6211
f 6173 6211 6210
f 6173 6211 6212
f 6173 6212 6211
f 6173 6212 6213
f 6173 6213 6212
f 6173 6213 6214
f 6173 6214 6213
f 6173 6214 6215
f 6173 6215 6214
f 6173 6215 6216
f 6173 6216 6215
f 6173 6216 6217
f 6173 6217 6216
f 6173 6217 6218
f 6173 6218 6217
v 0.113180 0.550060 -0.138333
v 0.113655 0.547648 -0.134698
v 0.114520 0.544115 -0.131589
v 0.115707 0.539652 -0.128915
v 0.117141 0.534478 -0.126573
v 0.118732 0.528851 -0.124444
v 0.120384 0.523049 -0.122396
v 0.121996 0.517363 -0.120295
v 0.123471 0.512070 -0.118009
v 0.124724 0.507419 -0.115423
v 0.125683 0.503611 -0.112442
v 0.126300 0.500792 -0.108998
v 0.126549 0.499033 -0.105058
v 0.126429 0.498336 -0.100620
v 0.125967 0.498627 -0.095721
v 0.125211 0.499762 -0.090426
v 0.124233 0.501539 -0.084831
v 0.123119 0.503708 -0.079052
v 0.121965 0.505993 -0.073219
v 0.120871 0.508104 -0.067467
v 0.119934 0.509761 -0.061928
v 0.119244 0.510708 -0.056721
v 0.118877 0.510724 -0.051950
v 0.118899 0.509619 -0.047704
v 0.118424 0.512030 -0.051339
v 0.117559 0.515563 -0.054448
v 0.116372 0.520026 -0.057122
v 0.114938 0.525200 -0.059464
v 0.113347 0.530828 -0.061593
v 0.111695 0.536629 -0.063641
v 0.110083 0.542315 -0.065743
v 0.108608 0.547608 -0.068028
v 0.107356 0.552260 -0.070614
v 0.106396 0.556067 -0.073596
v 0.105779 0.558887 -0.077039
v 0.105530 0.560645 -0.080979
v 0.105650 0.561342 -0.085417
v 0.106112 0.561051 -0.090316
v 0.106868 0.559916 -0.095611
v 0.107846 0.558140 -0.101206
v 0.108960 0.555970 -0.106985
v 0.110114 0.553686 -0.112818
v 0.111208 0.551574 -0.118570
v 0.112145 0.549917 -0.124109
v 0.112835 0.548971 -0.129316
v 0.113202 0.548954 -0.134087
f 6219 6220 6221
f 6219 6221 6220
f 6219 6221 6222
f 6219 6222 6221
f 6219 6222 6223
f 6219 6223 6222
f 6219 6223 6224
f 6219 6224 6223
f 6219 6224 6225
f 6219 6225 6224
f 6219 6225 6226
f 6219 6226 6225
f 6219 6226 6227
f 6219 6227 6226
f 6219 6227 6228
f 6219 6228 6227
f 6219 6228 6229
f 6219 6229 6228
f 6219 6229 6230
f 6219 6230 6229
f 6219 6230 6231
f 6219 6231 6230
f 6219 6231 6232
f 6219 6232 6231
f 6219 6232 6233
f 6219 6233 6232
f 6219 6233 6234
f 6219 6234 6233
f 6219 6234 6235
f 6219 6235 6234
f 6219 6235 6236
f 6219 6236 6235
f 6219 6236 6237
f 6219 6237 6236
f 6219 6237 6238
f 6219 6238 6237
f 6219 6238 6239
f 6219 6239 6238
f 6219 6239 6240
f 6219 6240 6239
f 6219 6240 6241
f 6219 6241 6240
f 6219 6241 6242
f 6219 6242 6241
f 6219 6242 6243
f 6219 6243 6242
f 6219 6243 6244
f 6219 6244 6243
f 6219 6244 6245
f 6219 6245 6244
f 6219 6245 6246
f 6219 6246 6245
f 6219 6246 6247
f 6219 6247 6246
f 6219 6247 6248
f 6219 6248 6247
f 6219 6248 6249
f 6219 6249 6248
f 6219 6249 6250
f 6219 6250 6249
f 6219 6250 6251
f 6219 6251 6250
f 6219 6251 6252
f 6219 6252 6251
f 6219 6252 6253
f 6219 6253 6252
f 6219 6253 6254
f 6219 6254 6253
f 6219 6254 6255
f 6219 6255 6254
f 6219 6255 6256
f 6219 6256 6255
f 6219 6256 6257
f 6219 6257 6256
f 6219 6257 6258
f 6219 6258 6257
f 6219 6258 6259
f 6219 6259 6258
f 6219 6259 6260
f 6219 6260 6259
f 6219 6260 6261
f 6219 6261 6260
f 6219 6261 6262
f 6219 6262 6261
f 6219 6262 6263
f 6219 6263 6262
f 6219 6263 6264
f 6219 6264 6263
v 0.053509 0.527370 -0.124113
v 0.057003 0.529919 -0.120204
v 0.062510 0.531494 -0.119119
v 0.067927 0.531494 -0.121274
v 0.071185 0.529919 -0.125844
v 0.071040 0.527370 -0.131085
v 0.067546 0.524821 -0.134995
v 0.062039 0.523245 -0.136079
v 0.056622 0.523245 -0.133925
v 0.053364 0.524821 -0.129354
v 0.045754 0.582567 -0.151783
v 0.048129 0.584301 -0.149124
v 0.051874 0.585372 -0.148387
v 0.055558 0.585372 -0.149852
v 0.057773 0.584301 -0.152960
v 0.057674 0.582567 -0.156524
v 0.055299 0.580834 -0.159182
v 0.051554 0.579762 -0.159920
v 0.047870 0.579762 -0.158455
v 0.045655 0.580834 -0.155347
f 6265 6266 6276
f 6265 6276 6275
f 6266 6267 6277
f 6266 6277 6276
f 6267 6268 6278
f 6267 6278 6277
f 6268 6269 6279
f 6268 6279 6278
f 6269 6270 6280
f 6269 6280 6279
f 6270 6271 6281
f 6270 6281 6280
f 6271 6272 6282
f 6271 6282 6281
f 6272 6273 6283
f 6272 6283 6282
f 6273 6274 6284
f 6273 6284 6283
f 6274 6265 6275
f 6274 6275 6284
v 0.051714 0.582567 -0.154153
v 0.049028 0.581080 -0.153360
v 0.046342 0.579763 -0.152213
v 0.043655 0.578745 -0.150444
v 0.040968 0.578097 -0.147904
v 0.038281 0.577821 -0.144594
v 0.035593 0.577844 -0.140661
v 0.032905 0.578032 -0.136383
v 0.030217 0.578210 -0.132129
v 0.027530 0.578184 -0.128296
v 0.024842 0.577777 -0.125257
v 0.022156 0.576852 -0.123296
v 0.019470 0.575333 -0.122567
v 0.016784 0.573222 -0.123071
v 0.014100 0.570593 -0.124652
v 0.011416 0.567582 -0.127027
v 0.008732 0.564367 -0.129824
v 0.006048 0.561142 -0.132644
v 0.003363 0.558083 -0.135120
v 0.000679 0.555323 -0.136973
v -0.002006 0.552933 -0.138055
v -0.004691 0.550915 -0.138367
v -0.007377 0.549195 -0.138056
v -0.010063 0.547646 -0.137392
v -0.007377 0.549133 -0.138185
v -0.004691 0.550451 -0.139332
v -0.002004 0.551468 -0.141101
v 0.000683 0.552116 -0.143641
v 0.003370 0.552392 -0.146951
v 0.006058 0.552369 -0.150885
v 0.008746 0.552181 -0.155162
v 0.011434 0.552003 -0.159416
v 0.014121 0.552029 -0.163249
v 0.016809 0.552436 -0.166288
v 0.019495 0.553362 -0.168249
v 0.022181 0.554880 -0.168978
v 0.024866 0.556991 -0.168474
v 0.027551 0.559621 -0.166893
v 0.030235 0.562632 -0.164518
v 0.032919 0.565846 -0.161721
v 0.035603 0.569071 -0.158901
v 0.038287 0.572130 -0.156425
v 0.040972 0.574890 -0.154572
v 0.043657 0.577280 -0.153490
v 0.046342 0.579299 -0.153178
v 0.049028 0.581018 -0.153489
f 6285 6286 6287
f 6285 6287 6286
f 6285 6287 6288
f 6285 6288 6287
f 6285 6288 6289
f 6285 6289 6288
f 6285 6289 6290
f 6285 6290 6289
f 6285 6290 6291
f 6285 6291 6290
f 6285 6291 6292
f 6285 6292 6291
f 6285 6292 6293
f 6285 6293 6292
f 6285 6293 6294
f 6285 6294 6293
f 6285 6294 6295
f 6285 6295 6294
f 6285 6295 6296
f 6285 6296 6295
f 6285 6296 6297
f 6285 6297 6296
f 6285 6297 6298
f 6285 6298 6297
f 6285 6298 6299
f 6285 6299 6298
f 6285 6299 6300
f 6285 6300 6299
f 6285 6300 6301
f 6285 6301 6300
f 6285 6301 6302
f 6285 6302 6301
f 6285 6302 6303
f 6285 6303 6302
f 6285 6303 6304
f 6285 6304 6303
f 6285 6304 6305
f 6285 6305 6304
f 6285 6305 6306
f 6285 6306 6305
f 6285 6306 6307
f 6285 6307 6306
f 6285 6307 6308
f 6285 6308 6307
f 6285 6308 6309
f 6285 6309 6308
f 6285 6309 6310
f 6285 6310 6309
f 6285 6310 6311
f 6285 6311 6310
f 6285 6311 6312
f 6285 6312 6311
f 6285 6312 6313
f 6285 6313 6312
f 6285 6313 6314
f 6285 6314 6313
f 6285 6314 6315
f 6285 6315 6314
f 6285 6315 6316
f 6285 6316 6315
f 6285 6316 6317
f 6285 6317 6316
f 6285 6317 6318
f 6285 6318 6317
f 6285 6318 6319
f 6285 6319 6318
f 6285 6319 6320
f 6285 6320 6319
f 6285 6320 6321
f 6285 6321 6320
f 6285 6321 6322
f 6285 6322 6321
f 6285 6322 6323
f 6285 6323 6322
f 6285 6323 6324
f 6285 6324 6323
f 6285 6324 6325
f 6285 6325 6324
f 6285 6325 6326
f 6285 6326 6325
f 6285 6326 6327
f 6285 6327 6326
f 6285 6327 6328
f 6285 6328 6327
f 6285 6328 6329
f 6285 6329 6328
f 6285 6329 6330
f 6285 6330 6329
v 0.051714 0.582567 -0.154153
v 0.053724 0.582101 -0.151617
v 0.055961 0.581589 -0.149264
v 0.058676 0.580983 -0.147297
v 0.062055 0.580247 -0.145867
v 0.066163 0.579367 -0.145025
v 0.070915 0.578359 -0.144702
v 0.076078 0.577271 -0.144713
v 0.081310 0.576169 -0.144779
v 0.086211 0.575132 -0.144578
v 0.090396 0.574237 -0.143798
v 0.093561 0.573542 -0.142194
v 0.095539 0.573082 -0.139632
v 0.096331 0.572856 -0.136112
v 0.096103 0.572830 -0.131768
v 0.095158 0.572946 -0.126845
v 0.093883 0.573128 -0.121656
v 0.092676 0.573295 -0.116521
v 0.091881 0.573382 -0.111720
v 0.091730 0.573342 -0.107438
v 0.092307 0.573157 -0.103745
v 0.093549 0.572842 -0.100588
v 0.095268 0.572433 -0.097817
v 0.097215 0.571979 -0.095229
v 0.095204 0.572446 -0.097765
v 0.092967 0.572957 -0.100118
v 0.090252 0.573563 -0.102085
v 0.086873 0.574299 -0.103516
v 0.082765 0.575180 -0.104358
v 0.078014 0.576187 -0.104680
v 0.072850 0.577275 -0.104670
v 0.067618 0.578377 -0.104604
v 0.062717 0.579414 -0.104805
v 0.058532 0.580310 -0.105585
v 0.055368 0.581004 -0.107188
v 0.053389 0.581464 -0.109750
v 0.052598 0.581691 -0.113271
v 0.052826 0.581716 -0.117615
v 0.053770 0.581600 -0.122537
v 0.055046 0.581418 -0.127727
v 0.056253 0.581251 -0.132861
v 0.057047 0.581164 -0.137663
v 0.057199 0.581205 -0.141944
v 0.056621 0.581389 -0.145638
v 0.055380 0.581704 -0.148795
v 0.053660 0.582113 -0.151566
f 6331 6332 6333
f 6331 6333 6332
f 6331 6333 6334
f 6331 6334 6333
f 6331 6334 6335
f 6331 6335 6334
f 6331 6335 6336
f 6331 6336 6335
f 6331 6336 6337
f 6331 6337 6336
f 6331 6337 6338
f 6331 6338 6337
f 6331 6338 6339
f 6331 6339 6338
f 6331 6339 6340
f 6331 6340 6339
f 6331 6340 6341
f 6331 6341 6340
f 6331 6341 6342
f 6331 6342 6341
f 6331 6342 6343
f 6331 6343 6342
f 6331 6343 6344
f 6331 6344 6343
f 6331 6344 6345
f 6331 6345 6344
f 6331 6345 6346
f 6331 6346 6345
f 6331 6346 6347
f 6331 6347 6346
f 6331 6347 6348
f 6331 6348 6347
f 6331 6348 6349
f 6331 6349 6348
f 6331 6349 6350
f 6331 6350 6349
f 6331 6350 6351
f 6331 6351 6350
f 6331 6351 6352
f 6331 6352 6351
f 6331 6352 6353
f 6331 6353 6352
f 6331 6353 6354
f 6331 6354 6353
f 6331 6354 6355
f 6331 6355 6354
f 6331 6355 6356
f 6331 6356 6355
f 6331 6356 6357
f 6331 6357 6356
f 6331 6357 6358
f 6331 6358 6357
f 6331 6358 6359
f 6331 6359 6358
f 6331 6359 6360
f 6331 6360 6359
f 6331 6360 6361
f 6331 6361 6360
f 6331 6361 6362
f 6331 6362 6361
f 6331 6362 6363
f 6331 6363 6362
f 6331 6363 6364
f 6331 6364 6363
f 6331 6364 6365
f 6331 6365 6364
f 6331 6365 6366
f 6331 6366 6365
f 6331 6366 6367
f 6331 6367 6366
f 6331 6367 6368
f 6331 6368 6367
f 6331 6368 6369
f 6331 6369 6368
f 6331 6369 6370
f 6331 6370 6369
f 6331 6370 6371
f 6331 6371 6370
f 6331 6371 6372
f 6331 6372 6371
f 6331 6372 6373
f 6331 6373 6372
f 6331 6373 6374
f 6331 6374 6373
f 6331 6374 6375
f 6331 6375 6374
f 6331 6375 6376
f 6331 6376 6375
v 0.051714 0.582567 -0.154153
v 0.052702 0.579866 -0.156927
v 0.053167 0.577028 -0.159775
v 0.052766 0.573964 -0.162748
v 0.051333 0.570632 -0.165868
v 0.048898 0.567040 -0.169133
v 0.045681 0.563243 -0.172509
v 0.042056 0.559341 -0.175944
v 0.038503 0.555457 -0.179369
v 0.035533 0.551725 -0.182710
v 0.033615 0.548267 -0.185900
v 0.033105 0.545175 -0.188888
v 0.034197 0.542501 -0.191647
v 0.036890 0.540243 -0.194175
v 0.040992 0.538352 -0.196502
v 0.046146 0.536734 -0.198679
v 0.051882 0.535269 -0.200771
v 0.057690 0.533822 -0.202854
v 0.063091 0.532269 -0.204994
v 0.067710 0.530512 -0.207247
v 0.071326 0.528495 -0.209644
v 0.073911 0.526209 -0.212188
v 0.075630 0.523697 -0.214857
v 0.076825 0.521049 -0.217601
v 0.075837 0.523751 -0.214827
v 0.075372 0.526589 -0.211979
v 0.075773 0.529652 -0.209006
v 0.077206 0.532984 -0.205885
v 0.079641 0.536577 -0.202621
v 0.082858 0.540373 -0.199245
v 0.086483 0.544275 -0.195810
v 0.090036 0.548159 -0.192385
v 0.093006 0.551891 -0.189044
v 0.094924 0.555349 -0.185854
v 0.095434 0.558441 -0.182866
v 0.094342 0.561116 -0.180107
v 0.091649 0.563373 -0.177578
v 0.087547 0.565265 -0.175251
v 0.082393 0.566882 -0.173075
v 0.076657 0.568348 -0.170983
v 0.070849 0.569795 -0.168900
v 0.065447 0.571348 -0.166760
v 0.060829 0.573104 -0.164507
v 0.057213 0.575122 -0.162110
v 0.054628 0.577408 -0.159566
v 0.052909 0.579919 -0.156897
f 6377 6378 6379
f 6377 6379 6378
f 6377 6379 6380
f 6377 6380 6379
f 6377 6380 6381
f 6377 6381 6380
f 6377 6381 6382
f 6377 6382 6381
f 6377 6382 6383
f 6377 6383 6382
f 6377 6383 6384
f 6377 6384 6383
f 6377 6384 6385
f 6377 6385 6384
f 6377 6385 6386
f 6377 6386 6385
f 6377 6386 6387
f 6377 6387 6386
f 6377 6387 6388
f 6377 6388 6387
f 6377 6388 6389
f 6377 6389 6388
f 6377 6389 6390
f 6377 6390 6389
f 6377 6390 6391
f 6377 6391 6390
f 6377 6391 6392
f 6377 6392 6391
f 6377 6392 6393
f 6377 6393 6392
f 6377 6393 6394
f 6377 6394 6393
f 6377 6394 6395
f 6377 6395 6394
f 6377 6395 6396
f 6377 6396 6395
f 6377 6396 6397
f 6377 6397 6396
f 6377 6397 6398
f 6377 6398 6397
f 6377 6398 6399
f 6377 6399 6398
f 6377 6399 6400
f 6377 6400 6399
f 6377 6400 6401
f 6377 6401 6400
f 6377 6401 6402
f 6377 6402 6401
f 6377 6402 6403
f 6377 6403 6402
f 6377 6403 6404
f 6377 6404 6403
f 6377 6404 6405
f 6377 6405 6404
f 6377 6405 6406
f 6377 6406 6405
f 6377 6406 6407
f 6377 6407 6406
f 6377 6407 6408
f 6377 6408 6407
f 6377 6408 6409
f 6377 6409 6408
f 6377 6409 6410
f 6377 6410 6409
f 6377 6410 6411
f 6377 6411 6410
f 6377 6411 6412
f 6377 6412 6411
f 6377 6412 6413
f 6377 6413 6412
f 6377 6413 6414
f 6377 6414 6413
f 6377 6414 6415
f 6377 6415 6414
f 6377 6415 6416
f 6377 6416 6415
f 6377 6416 6417
f 6377 6417 6416
f 6377 6417 6418
f 6377 6418 6417
f 6377 6418 6419
f 6377 6419 6418
f 6377 6419 6420
f 6377 6420 6419
f 6377 6420 6421
f 6377 6421 6420
f 6377 6421 6422
f 6377 6422 6421
v 0.069636 0.527370 -0.133497
v 0.065756 0.531254 -0.135458
v 0.060547 0.533655 -0.134418
v 0.055997 0.533655 -0.130772
v 0.053845 0.531254 -0.125915
v 0.054913 0.527370 -0.121701
v 0.058793 0.523485 -0.119740
v 0.064002 0.521085 -0.120781
v 0.068552 0.521085 -0.124426
v 0.070704 0.523485 -0.129283
v 0.094056 0.570986 -0.098190
v 0.091418 0.573627 -0.099524
v 0.087875 0.575260 -0.098816
v 0.084781 0.575260 -0.096337
v 0.083318 0.573627 -0.093034
v 0.084044 0.570986 -0.090169
v 0.086682 0.568345 -0.088835
v 0.090225 0.566712 -0.089543
v 0.093319 0.566712 -0.092022
v 0.094782 0.568345 -0.095325
f 6423 6424 6434
f 6423 6434 6433
f 6424 6425 6435
f 6424 6435 6434
f 6425 6426 6436
f 6425 6436 6435
f 6426 6427 6437
f 6426 6437 6436
f 6427 6428 6438
f 6427 6438 6437
f 6428 6429 6439
f 6428 6439 6438
f 6429 6430 6440
f 6429 6440 6439
f 6430 6431 6441
f 6430 6441 6440
f 6431 6432 6442
f 6431 6442 6441
f 6432 6423 6433
f 6432 6433 6442
v 0.089050 0.570986 -0.094180
v 0.090159 0.570913 -0.099168
v 0.090261 0.571835 -0.104647
v 0.089513 0.573595 -0.110541
v 0.088108 0.576006 -0.116756
v 0.086275 0.578839 -0.123179
v 0.084271 0.581841 -0.129686
v 0.082362 0.584749 -0.136147
v 0.080805 0.587310 -0.142436
v 0.079830 0.589295 -0.148441
v 0.079626 0.590519 -0.154070
v 0.080327 0.590849 -0.159257
v 0.082002 0.590217 -0.163969
v 0.084650 0.588623 -0.168205
v 0.088204 0.586135 -0.172000
v 0.092529 0.582885 -0.175419
v 0.097436 0.579060 -0.178554
v 0.102695 0.574888 -0.181517
v 0.108049 0.570622 -0.184433
v 0.113231 0.566525 -0.187434
v 0.117987 0.562850 -0.190642
v 0.122084 0.559825 -0.194172
v 0.125331 0.557640 -0.198117
v 0.127573 0.556449 -0.202552
v 0.126464 0.556521 -0.197564
v 0.126362 0.555600 -0.192085
v 0.127109 0.553839 -0.186191
v 0.128515 0.551428 -0.179976
v 0.130348 0.548596 -0.173552
v 0.132352 0.545594 -0.167045
v 0.134261 0.542686 -0.160584
v 0.135818 0.540125 -0.154295
v 0.136793 0.538140 -0.148290
v 0.136997 0.536916 -0.142662
v 0.136296 0.536586 -0.137475
v 0.134621 0.537218 -0.132763
v 0.131972 0.538812 -0.128526
v 0.128419 0.541300 -0.124731
v 0.124094 0.544549 -0.121312
v 0.119187 0.548374 -0.118178
v 0.113928 0.552547 -0.115215
v 0.108574 0.556812 -0.112298
v 0.103392 0.560909 -0.109298
v 0.098636 0.564584 -0.106089
v 0.094539 0.567609 -0.102560
v 0.091291 0.569794 -0.098615
f 6443 6444 6445
f 6443 6445 6444
f 6443 6445 6446
f 6443 6446 6445
f 6443 6446 6447
f 6443 6447 6446
f 6443 6447 6448
f 6443 6448 6447
f 6443 6448 6449
f 6443 6449 6448
f 6443 6449 6450
f 6443 6450 6449
f 6443 6450 6451
f 6443 6451 6450
f 6443 6451 6452
f 6443 6452 6451
f 6443 6452 6453
f 6443 6453 6452
f 6443 6453 6454
f 6443 6454 6453
f 6443 6454 6455
f 6443 6455 6454
f 6443 6455 6456
f 6443 6456 6455
f 6443 6456 6457
f 6443 6457 6456
f 6443 6457 6458
f 6443 6458 6457
f 6443 6458 6459
f 6443 6459 6458
f 6443 6459 6460
f 6443 6460 6459
f 6443 6460 6461
f 6443 6461 6460
f 6443 6461 6462
f 6443 6462 6461
f 6443 6462 6463
f 6443 6463 6462
f 6443 6463 6464
f 6443 6464 6463
f 6443 6464 6465
f 6443 6465 6464
f 6443 6465 6466
f 6443 6466 6465
f 6443 6466 6467
f 6443 6467 6466
f 6443 6467 6468
f 6443 6468 6467
f 6443 6468 6469
f 6443 6469 6468
f 6443 6469 6470
f 6443 6470 6469
f 6443 6470 6471
f 6443 6471 6470
f 6443 6471 6472
f 6443 6472 6471
f 6443 6472 6473
f 6443 6473 6472
f 6443 6473 6474
f 6443 6474 6473
f 6443 6474 6475
f 6443 6475 6474
f 6443 6475 6476
f 6443 6476 6475
f 6443 6476 6477
f 6443 6477 6476
f 6443 6477 6478
f 6443 6478 6477
f 6443 6478 6479
f 6443 6479 6478
f 6443 6479 6480
f 6443 6480 6479
f 6443 6480 6481
f 6443 6481 6480
f 6443 6481 6482
f 6443 6482 6481
f 6443 6482 6483
f 6443 6483 6482
f 6443 6483 6484
f 6443 6484 6483
f 6443 6484 6485
f 6443 6485 6484
f 6443 6485 6486
f 6443 6486 6485
f 6443 6486 6487
f 6443 6487 6486
f 6443 6487 6488
f 6443 6488 6487
v 0.089050 0.570986 -0.094180
v 0.085438 0.571993 -0.097144
v 0.081609 0.572947 -0.099866
v 0.077254 0.573774 -0.102000
v 0.072097 0.574407 -0.103239
v 0.065995 0.574812 -0.103424
v 0.059004 0.575002 -0.102614
v 0.051387 0.575040 -0.101106
v 0.043590 0.575035 -0.099397
v 0.036158 0.575118 -0.098095
v 0.029635 0.575421 -0.097808
v 0.024458 0.576049 -0.099025
v 0.020871 0.577062 -0.102018
v 0.018874 0.578459 -0.106786
v 0.018223 0.580182 -0.113057
v 0.018481 0.582125 -0.120344
v 0.019104 0.584156 -0.128039
v 0.019547 0.586143 -0.135531
v 0.019365 0.587980 -0.142326
v 0.018292 0.589601 -0.148127
v 0.016275 0.590993 -0.152873
v 0.013456 0.592192 -0.156723
v 0.010112 0.593263 -0.159986
v 0.006550 0.594282 -0.163007
v 0.010162 0.593275 -0.160042
v 0.013991 0.592321 -0.157320
v 0.018346 0.591494 -0.155186
v 0.023503 0.590861 -0.153947
v 0.029605 0.590456 -0.153762
v 0.036596 0.590267 -0.154572
v 0.044213 0.590228 -0.156080
v 0.052010 0.590233 -0.157789
v 0.059442 0.590150 -0.159091
v 0.065965 0.589848 -0.159378
v 0.071142 0.589219 -0.158161
v 0.074729 0.588206 -0.155168
v 0.076726 0.586809 -0.150400
v 0.077377 0.585086 -0.144129
v 0.077119 0.583143 -0.136842
v 0.076496 0.581112 -0.129147
v 0.076053 0.579125 -0.121655
v 0.076235 0.577289 -0.114860
v 0.077308 0.575668 -0.109059
v 0.079325 0.574275 -0.104314
v 0.082144 0.573076 -0.100463
v 0.085488 0.572005 -0.097200
f 6489 6490 6491
f 6489 6491 6490
f 6489 6491 6492
f 6489 6492 6491
f 6489 6492 6493
f 6489 6493 6492
f 6489 6493 6494
f 6489 6494 6493
f 6489 6494 6495
f 6489 6495 6494
f 6489 6495 6496
f 6489 6496 6495
f 6489 6496 6497
f 6489 6497 6496
f 6489 6497 6498
f 6489 6498 6497
f 6489 6498 6499
f 6489 6499 6498
f 6489 6499 6500
f 6489 6500 6499
f 6489 6500 6501
f 6489 6501 6500
f 6489 6501 6502
f 6489 6502 6501
f 6489 6502 6503
f 6489 6503 6502
f 6489 6503 6504
f 6489 6504 6503
f 6489 6504 6505
f 6489 6505 6504
f 6489 6505 6506
f 6489 6506 6505
f 6489 6506 6507
f 6489 6507 6506
f 6489 6507 6508
f 6489 6508 6507
f 6489 6508 6509
f 6489 6509 6508
f 6489 6509 6510
f 6489 6510 6509
f 6489 6510 6511
f 6489 6511 6510
f 6489 6511 6512
f 6489 6512 6511
f 6489 6512 6513
f 6489 6513 6512
f 6489 6513 6514
f 6489 6514 6513
f 6489 6514 6515
f 6489 6515 6514
f 6489 6515 6516
f 6489 6516 6515
f 6489 6516 6517
f 6489 6517 6516
f 6489 6517 6518
f 6489 6518 6517
f 6489 6518 6519
f 6489 6519 6518
f 6489 6519 6520
f 6489 6520 6519
f 6489 6520 6521
f 6489 6521 6520
f 6489 6521 6522
f 6489 6522 6521
f 6489 6522 6523
f 6489 6523 6522
f 6489 6523 6524
f 6489 6524 6523
f 6489 6524 6525
f 6489 6525 6524
f 6489 6525 6526
f 6489 6526 6525
f 6489 6526 6527
f 6489 6527 6526
f 6489 6527 6528
f 6489 6528 6527
f 6489 6528 6529
f 6489 6529 6528
f 6489 6529 6530
f 6489 6530 6529
f 6489 6530 6531
f 6489 6531 6530
f 6489 6531 6532
f 6489 6532 6531
f 6489 6532 6533
f 6489 6533 6532
f 6489 6533 6534
f 6489 6534 6533
v 0.089050 0.570986 -0.094180
v 0.089740 0.567319 -0.092409
v 0.090825 0.563597 -0.090885
v 0.092643 0.559774 -0.089816
v 0.095398 0.555823 -0.089329
v 0.099115 0.551739 -0.089440
v 0.103630 0.547546 -0.090048
v 0.108608 0.543288 -0.090944
v 0.113592 0.539030 -0.091843
v 0.118076 0.534841 -0.092431
v 0.121584 0.530786 -0.092413
v 0.123750 0.526916 -0.091560
v 0.124373 0.523258 -0.089748
v 0.123454 0.519812 -0.086977
v 0.121192 0.516550 -0.083372
v 0.117955 0.513423 -0.079160
v 0.114217 0.510364 -0.074637
v 0.110486 0.507305 -0.070118
v 0.107217 0.504182 -0.065887
v 0.104746 0.500950 -0.062151
v 0.103238 0.497584 -0.059015
v 0.102667 0.494091 -0.056460
v 0.102828 0.490496 -0.054361
v 0.103384 0.486847 -0.052508
v 0.102694 0.490514 -0.054278
v 0.101609 0.494236 -0.055802
v 0.099791 0.498059 -0.056872
v 0.097037 0.502010 -0.057358
v 0.093319 0.506094 -0.057247
v 0.088804 0.510287 -0.056639
v 0.083826 0.514544 -0.055744
v 0.078842 0.518802 -0.054844
v 0.074359 0.522992 -0.054256
v 0.070851 0.527047 -0.054275
v 0.068685 0.530917 -0.055127
v 0.068062 0.534575 -0.056939
v 0.068981 0.538021 -0.059710
v 0.071243 0.541283 -0.063315
v 0.074480 0.544410 -0.067527
v 0.078217 0.547468 -0.072050
v 0.081949 0.550528 -0.076569
v 0.085217 0.553651 -0.080800
v 0.087688 0.556883 -0.084536
v 0.089196 0.560248 -0.087672
v 0.089768 0.563742 -0.090227
v 0.089607 0.567337 -0.092326
f 6535 6536 6537
f 6535 6537 6536
f 6535 6537 6538
f 6535 6538 6537
f 6535 6538 6539
f 6535 6539 6538
f 6535 6539 6540
f 6535 6540 6539
f 6535 6540 6541
f 6535 6541 6540
f 6535 6541 6542
f 6535 6542 6541
f 6535 6542 6543
f 6535 6543 6542
f 6535 6543 6544
f 6535 6544 6543
f 6535 6544 6545
f 6535 6545 6544
f 6535 6545 6546
f 6535 6546 6545
f 6535 6546 6547
f 6535 6547 6546
f 6535 6547 6548
f 6535 6548 6547
f 6535 6548 6549
f 6535 6549 6548
f 6535 6549 6550
f 6535 6550 6549
f 6535 6550 6551
f 6535 6551 6550
f 6535 6551 6552
f 6535 6552 6551
f 6535 6552 6553
f 6535 6553 6552
f 6535 6553 6554
f 6535 6554 6553
f 6535 6554 6555
f 6535 6555 6554
f 6535 6555 6556
f 6535 6556 6555
f 6535 6556 6557
f 6535 6557 6556
f 6535 6557 6558
f 6535 6558 6557
f 6535 6558 6559
f 6535 6559 6558
f 6535 6559 6560
f 6535 6560 6559
f 6535 6560 6561
f 6535 6561 6560
f 6535 6561 6562
f 6535 6562 6561
f 6535 6562 6563
f 6535 6563 6562
f 6535 6563 6564
f 6535 6564 6563
f 6535 6564 6565
f 6535 6565 6564
f 6535 6565 6566
f 6535 6566 6565
f 6535 6566 6567
f 6535 6567 6566
f 6535 6567 6568
f 6535 6568 6567
f 6535 6568 6569
f 6535 6569 6568
f 6535 6569 6570
f 6535 6570 6569
f 6535 6570 6571
f 6535 6571 6570
f 6535 6571 6572
f 6535 6572 6571
f 6535 6572 6573
f 6535 6573 6572
f 6535 6573 6574
f 6535 6574 6573
f 6535 6574 6575
f 6535 6575 6574
f 6535 6575 6576
f 6535 6576 6575
f 6535 6576 6577
f 6535 6577 6576
f 6535 6577 6578
f 6535 6578 6577
f 6535 6578 6579
f 6535 6579 6578
f 6535 6579 6580
f 6535 6580 6579
