o mesh
v 0.000000 0.000000 0.030000
v 0.017634 0.000000 0.024271
v 0.028532 0.000000 0.009271
v 0.028532 0.000000 -0.009271
v 0.017634 0.000000 -0.024271
v 0.000000 0.000000 -0.030000
v -0.017634 0.000000 -0.024271
v -0.028532 0.000000 -0.009271
v -0.028532 0.000000 0.009271
v -0.017634 0.000000 0.024271
v 0.000000 0.300000 0.020400
v 0.011991 0.300000 0.016504
v 0.019402 0.300000 0.006304
v 0.019402 0.300000 -0.006304
v 0.011991 0.300000 -0.016504
v 0.000000 0.300000 -0.020400
v -0.011991 0.300000 -0.016504
v -0.019402 0.300000 -0.006304
v -0.019402 0.300000 0.006304
v -0.011991 0.300000 0.016504
f 1 2 12
f 1 12 11
f 2 3 13
f 2 13 12
f 3 4 14
f 3 14 13
f 4 5 15
f 4 15 14
f 5 6 16
f 5 16 15
f 6 7 17
f 6 17 16
f 7 8 18
f 7 18 17
f 8 9 19
f 8 19 18
f 9 10 20
f 9 20 19
f 10 1 11
f 10 11 20
v -0.001634 0.300000 0.020334
v 0.008848 0.306299 0.017268
v 0.015951 0.310192 0.007606
v 0.016960 0.310192 -0.004961
v 0.011492 0.306299 -0.015634
v 0.001634 0.300000 -0.020334
v -0.008848 0.293701 -0.017268
v -0.015951 0.289808 -0.007606
v -0.016960 0.289808 0.004961
v -0.011492 0.293701 0.015634
v -0.101200 0.462635 0.005785
v -0.094072 0.466919 0.003700
v -0.089242 0.469566 -0.002870
v -0.088556 0.469566 -0.011416
v -0.092274 0.466919 -0.018673
v -0.098978 0.462635 -0.021870
v -0.106106 0.458352 -0.019785
v -0.110935 0.455704 -0.013214
v -0.111622 0.455704 -0.004668
v -0.107903 0.458352 0.002589
f 21 22 32
f 21 32 31
f 22 23 33
f 22 33 32
f 23 24 34
f 23 34 33
f 24 25 35
f 24 35 34
f 25 26 36
f 25 36 35
f 26 27 37
f 26 37 36
f 27 28 38
f 27 38 37
f 28 29 39
f 28 39 38
f 29 30 40
f 29 40 39
f 30 21 31
f 30 31 40
v -0.102100 0.462635 0.005683
v -0.097775 0.469750 0.003639
v -0.094333 0.474147 -0.002866
v -0.093090 0.474147 -0.011349
v -0.094520 0.469750 -0.018569
v -0.098077 0.462635 -0.021768
v -0.102403 0.455521 -0.019724
v -0.105845 0.451124 -0.013218
v -0.107088 0.451124 -0.004736
v -0.105658 0.455521 0.002484
v -0.201174 0.519066 -0.013323
v -0.198233 0.523904 -0.014713
v -0.195892 0.526894 -0.019137
v -0.195047 0.526894 -0.024905
v -0.196019 0.523904 -0.029815
v -0.198438 0.519066 -0.031990
v -0.201380 0.514228 -0.030600
v -0.203720 0.511238 -0.026176
v -0.204566 0.511238 -0.020408
v -0.203593 0.514228 -0.015499
f 41 42 52
f 41 52 51
f 42 43 53
f 42 53 52
f 43 44 54
f 43 54 53
f 44 45 55
f 44 55 54
f 45 46 56
f 45 56 55
f 46 47 57
f 46 57 56
f 47 48 58
f 47 58 57
f 48 49 59
f 48 59 58
f 49 50 60
f 49 60 59
f 50 41 51
f 50 51 60
v -0.199806 0.519066 -0.022657
v -0.198398 0.519113 -0.017740
v -0.196422 0.520143 -0.012907
v -0.193784 0.522316 -0.008170
v -0.190520 0.525573 -0.003525
v -0.186754 0.529698 0.001046
v -0.182678 0.534359 0.005573
v -0.178530 0.539144 0.010089
v -0.174567 0.543610 0.014632
v -0.171034 0.547332 0.019238
v -0.168143 0.549943 0.023937
v -0.166049 0.551176 0.028753
v -0.164833 0.550890 0.033698
v -0.164496 0.549086 0.038770
v -0.164955 0.545904 0.043959
v -0.166056 0.541612 0.049242
v -0.167589 0.536575 0.054588
v -0.169305 0.531219 0.059960
v -0.170949 0.525988 0.065322
v -0.172284 0.521292 0.070639
v -0.173117 0.517464 0.075883
v -0.173323 0.514720 0.081035
v -0.172868 0.513119 0.086090
v -0.171844 0.512501 0.091062
v -0.173252 0.512455 0.086146
v -0.175229 0.511424 0.081313
v -0.177866 0.509251 0.076576
v -0.181130 0.505995 0.071931
v -0.184897 0.501869 0.067360
v -0.188973 0.497208 0.062833
v -0.193120 0.492424 0.058317
v -0.197084 0.487958 0.053774
v -0.200617 0.484236 0.049168
v -0.203508 0.481625 0.044469
v -0.205602 0.480392 0.039652
v -0.206817 0.480677 0.034708
v -0.207155 0.482481 0.029636
v -0.206696 0.485663 0.024447
v -0.205594 0.489955 0.019164
v -0.204062 0.494993 0.013818
v -0.202346 0.500348 0.008446
v -0.200701 0.505579 0.003084
v -0.199366 0.510276 -0.002233
v -0.198534 0.514103 -0.007477
v -0.198328 0.516847 -0.012629
v -0.198783 0.518448 -0.017684
f 61 62 63
f 61 63 62
f 61 63 64
f 61 64 63
f 61 64 65
f 61 65 64
f 61 65 66
f 61 66 65
f 61 66 67
f 61 67 66
f 61 67 68
f 61 68 67
f 61 68 69
f 61 69 68
f 61 69 70
f 61 70 69
f 61 70 71
f 61 71 70
f 61 71 72
f 61 72 71
f 61 72 73
f 61 73 72
f 61 73 74
f 61 74 73
f 61 74 75
f 61 75 74
f 61 75 76
f 61 76 75
f 61 76 77
f 61 77 76
f 61 77 78
f 61 78 77
f 61 78 79
f 61 79 78
f 61 79 80
f 61 80 79
f 61 80 81
f 61 81 80
f 61 81 82
f 61 82 81
f 61 82 83
f 61 83 82
f 61 83 84
f 61 84 83
f 61 84 85
f 61 85 84
f 61 85 86
f 61 86 85
f 61 86 87
f 61 87 86
f 61 87 88
f 61 88 87
f 61 88 89
f 61 89 88
f 61 89 90
f 61 90 89
f 61 90 91
f 61 91 90
f 61 91 92
f 61 92 91
f 61 92 93
f 61 93 92
f 61 93 94
f 61 94 93
f 61 94 95
f 61 95 94
f 61 95 96
f 61 96 95
f 61 96 97
f 61 97 96
f 61 97 98
f 61 98 97
f 61 98 99
f 61 99 98
f 61 99 100
f 61 100 99
f 61 100 101
f 61 101 100
f 61 101 102
f 61 102 101
f 61 102 103
f 61 103 102
f 61 103 104
f 61 104 103
f 61 104 105
f 61 105 104
f 61 105 106
f 61 106 105
v -0.199806 0.519066 -0.022657
v -0.196511 0.520218 -0.024325
v -0.193276 0.521200 -0.026237
v -0.190178 0.521797 -0.028700
v -0.187280 0.521832 -0.031970
v -0.184611 0.521225 -0.036160
v -0.182151 0.520029 -0.041194
v -0.179832 0.518437 -0.046796
v -0.177547 0.516750 -0.052533
v -0.175166 0.515331 -0.057887
v -0.172564 0.514535 -0.062348
v -0.169639 0.514645 -0.065510
v -0.166337 0.515818 -0.067148
v -0.162656 0.518054 -0.067262
v -0.158652 0.521196 -0.066078
v -0.154427 0.524962 -0.064000
v -0.150107 0.528994 -0.061539
v -0.145820 0.532932 -0.059213
v -0.141674 0.536474 -0.057456
v -0.137738 0.539427 -0.056542
v -0.134030 0.541739 -0.056548
v -0.130523 0.543487 -0.057361
v -0.127152 0.544851 -0.058725
v -0.123842 0.546046 -0.060333
v -0.127137 0.544894 -0.058665
v -0.130372 0.543912 -0.056753
v -0.133470 0.543314 -0.054290
v -0.136367 0.543280 -0.051020
v -0.139037 0.543887 -0.046829
v -0.141497 0.545082 -0.041796
v -0.143816 0.546675 -0.036194
v -0.146101 0.548361 -0.030457
v -0.148482 0.549780 -0.025102
v -0.151084 0.550576 -0.020642
v -0.154008 0.550466 -0.017480
v -0.157311 0.549293 -0.015842
v -0.160992 0.547057 -0.015727
v -0.164996 0.543915 -0.016912
v -0.169221 0.540150 -0.018990
v -0.173541 0.536117 -0.021451
v -0.177828 0.532179 -0.023777
v -0.181973 0.528638 -0.025534
v -0.185910 0.525684 -0.026448
v -0.189618 0.523373 -0.026442
v -0.193125 0.521624 -0.025629
v -0.196496 0.520260 -0.024264
f 107 108 109
f 107 109 108
f 107 109 110
f 107 110 109
f 107 110 111
f 107 111 110
f 107 111 112
f 107 112 111
f 107 112 113
f 107 113 112
f 107 113 114
f 107 114 113
f 107 114 115
f 107 115 114
f 107 115 116
f 107 116 115
f 107 116 117
f 107 117 116
f 107 117 118
f 107 118 117
f 107 118 119
f 107 119 118
f 107 119 120
f 107 120 119
f 107 120 121
f 107 121 120
f 107 121 122
f 107 122 121
f 107 122 123
f 107 123 122
f 107 123 124
f 107 124 123
f 107 124 125
f 107 125 124
f 107 125 126
f 107 126 125
f 107 126 127
f 107 127 126
f 107 127 128
f 107 128 127
f 107 128 129
f 107 129 128
f 107 129 130
f 107 130 129
f 107 130 131
f 107 131 130
f 107 131 132
f 107 132 131
f 107 132 133
f 107 133 132
f 107 133 134
f 107 134 133
f 107 134 135
f 107 135 134
f 107 135 136
f 107 136 135
f 107 136 137
f 107 137 136
f 107 137 138
f 107 138 137
f 107 138 139
f 107 139 138
f 107 139 140
f 107 140 139
f 107 140 141
f 107 141 140
f 107 141 142
f 107 142 141
f 107 142 143
f 107 143 142
f 107 143 144
f 107 144 143
f 107 144 145
f 107 145 144
f 107 145 146
f 107 146 145
f 107 146 147
f 107 147 146
f 107 147 148
f 107 148 147
f 107 148 149
f 107 149 148
f 107 149 150
f 107 150 149
f 107 150 151
f 107 151 150
f 107 151 152
f 107 152 151
v -0.199806 0.519066 -0.022657
v -0.199902 0.514142 -0.023151
v -0.200135 0.509139 -0.023009
v -0.200601 0.504004 -0.021791
v -0.201346 0.498711 -0.019279
v -0.202366 0.493261 -0.015498
v -0.203602 0.487689 -0.010716
v -0.204952 0.482052 -0.005403
v -0.206286 0.476423 -0.000165
v -0.207464 0.470884 0.004349
v -0.208356 0.465507 0.007539
v -0.208863 0.460349 0.008948
v -0.208932 0.455440 0.008331
v -0.208563 0.450780 0.005685
v -0.207810 0.446338 0.001260
v -0.206771 0.442059 -0.004489
v -0.205575 0.437868 -0.010963
v -0.204362 0.433687 -0.017511
v -0.203265 0.429441 -0.023529
v -0.202384 0.425072 -0.028545
v -0.201777 0.420547 -0.032293
v -0.201449 0.415863 -0.034746
v -0.201354 0.411047 -0.036124
v -0.201397 0.406153 -0.036864
v -0.201301 0.411077 -0.036370
v -0.201068 0.416080 -0.036512
v -0.200602 0.421215 -0.037730
v -0.199857 0.426508 -0.040242
v -0.198837 0.431957 -0.044023
v -0.197602 0.437530 -0.048805
v -0.196251 0.443167 -0.054118
v -0.194917 0.448796 -0.059356
v -0.193739 0.454335 -0.063870
v -0.192847 0.459712 -0.067060
v -0.192340 0.464870 -0.068469
v -0.192271 0.469779 -0.067852
v -0.192640 0.474439 -0.065206
v -0.193393 0.478881 -0.060781
v -0.194433 0.483160 -0.055032
v -0.195629 0.487351 -0.048558
v -0.196841 0.491532 -0.042010
v -0.197938 0.495778 -0.035992
v -0.198819 0.500147 -0.030976
v -0.199426 0.504672 -0.027228
v -0.199754 0.509356 -0.024775
v -0.199849 0.514172 -0.023397
f 153 154 155
f 153 155 154
f 153 155 156
f 153 156 155
f 153 156 157
f 153 157 156
f 153 157 158
f 153 158 157
f 153 158 159
f 153 159 158
f 153 159 160
f 153 160 159
f 153 160 161
f 153 161 160
f 153 161 162
f 153 162 161
f 153 162 163
f 153 163 162
f 153 163 164
f 153 164 163
f 153 164 165
f 153 165 164
f 153 165 166
f 153 166 165
f 153 166 167
f 153 167 166
f 153 167 168
f 153 168 167
f 153 168 169
f 153 169 168
f 153 169 170
f 153 170 169
f 153 170 171
f 153 171 170
f 153 171 172
f 153 172 171
f 153 172 173
f 153 173 172
f 153 173 174
f 153 174 173
f 153 174 175
f 153 175 174
f 153 175 176
f 153 176 175
f 153 176 177
f 153 177 176
f 153 177 178
f 153 178 177
f 153 178 179
f 153 179 178
f 153 179 180
f 153 180 179
f 153 180 181
f 153 181 180
f 153 181 182
f 153 182 181
f 153 182 183
f 153 183 182
f 153 183 184
f 153 184 183
f 153 184 185
f 153 185 184
f 153 185 186
f 153 186 185
f 153 186 187
f 153 187 186
f 153 187 188
f 153 188 187
f 153 188 189
f 153 189 188
f 153 189 190
f 153 190 189
f 153 190 191
f 153 191 190
f 153 191 192
f 153 192 191
f 153 192 193
f 153 193 192
f 153 193 194
f 153 194 193
f 153 194 195
f 153 195 194
f 153 195 196
f 153 196 195
f 153 196 197
f 153 197 196
f 153 197 198
f 153 198 197
v -0.200898 0.519066 -0.013287
v -0.201195 0.524587 -0.015135
v -0.200962 0.527999 -0.019857
v -0.200288 0.527999 -0.025647
v -0.199429 0.524587 -0.030296
v -0.198715 0.519066 -0.032026
v -0.198417 0.513545 -0.030178
v -0.198650 0.510133 -0.025457
v -0.199325 0.510133 -0.019666
v -0.200183 0.513545 -0.015017
v -0.268016 0.512800 -0.024145
v -0.268218 0.516554 -0.025402
v -0.268060 0.518874 -0.028613
v -0.267601 0.518874 -0.032550
v -0.267017 0.516554 -0.035711
v -0.266532 0.512800 -0.036888
v -0.266329 0.509045 -0.035631
v -0.266488 0.506725 -0.032421
v -0.266947 0.506725 -0.028483
v -0.267530 0.509045 -0.025322
f 199 200 210
f 199 210 209
f 200 201 211
f 200 211 210
f 201 202 212
f 201 212 211
f 202 203 213
f 202 213 212
f 203 204 214
f 203 214 213
f 204 205 215
f 204 215 214
f 205 206 216
f 205 216 215
f 206 207 217
f 206 217 216
f 207 208 218
f 207 218 217
f 208 199 209
f 208 209 218
v -0.267274 0.512800 -0.030517
v -0.265306 0.513114 -0.026702
v -0.263409 0.514169 -0.022876
v -0.261610 0.516274 -0.019034
v -0.259919 0.519509 -0.015174
v -0.258324 0.523755 -0.011299
v -0.256796 0.528720 -0.007413
v -0.255297 0.533986 -0.003522
v -0.253780 0.539061 0.000366
v -0.252198 0.543444 0.004244
v -0.250508 0.546690 0.008103
v -0.248678 0.548466 0.011941
v -0.246693 0.548596 0.015752
v -0.244552 0.547078 0.019539
v -0.242272 0.544090 0.023303
v -0.239884 0.539966 0.027049
v -0.237430 0.535150 0.030785
v -0.234959 0.530142 0.034517
v -0.232516 0.525435 0.038255
v -0.230141 0.521448 0.042003
v -0.227861 0.518472 0.045767
v -0.225689 0.516625 0.049549
v -0.223616 0.515828 0.053346
v -0.221614 0.515773 0.057155
v -0.223581 0.515458 0.053341
v -0.225479 0.514403 0.049515
v -0.227277 0.512298 0.045672
v -0.228968 0.509063 0.041813
v -0.230564 0.504817 0.037937
v -0.232091 0.499852 0.034051
v -0.233590 0.494586 0.030160
v -0.235107 0.489511 0.026272
v -0.236690 0.485128 0.022395
v -0.238380 0.481882 0.018535
v -0.240209 0.480106 0.014698
v -0.242194 0.479977 0.010886
v -0.244335 0.481495 0.007100
v -0.246616 0.484482 0.003336
v -0.249004 0.488606 -0.000411
v -0.251457 0.493423 -0.004146
v -0.253929 0.498430 -0.007879
v -0.256372 0.503137 -0.011616
v -0.258747 0.507124 -0.015365
v -0.261026 0.510100 -0.019129
v -0.263198 0.511947 -0.022910
v -0.265271 0.512744 -0.026708
f 219 220 221
f 219 221 220
f 219 221 222
f 219 222 221
f 219 222 223
f 219 223 222
f 219 223 224
f 219 224 223
f 219 224 225
f 219 225 224
f 219 225 226
f 219 226 225
f 219 226 227
f 219 227 226
f 219 227 228
f 219 228 227
f 219 228 229
f 219 229 228
f 219 229 230
f 219 230 229
f 219 230 231
f 219 231 230
f 219 231 232
f 219 232 231
f 219 232 233
f 219 233 232
f 219 233 234
f 219 234 233
f 219 234 235
f 219 235 234
f 219 235 236
f 219 236 235
f 219 236 237
f 219 237 236
f 219 237 238
f 219 238 237
f 219 238 239
f 219 239 238
f 219 239 240
f 219 240 239
f 219 240 241
f 219 241 240
f 219 241 242
f 219 242 241
f 219 242 243
f 219 243 242
f 219 243 244
f 219 244 243
f 219 244 245
f 219 245 244
f 219 245 246
f 219 246 245
f 219 246 247
f 219 247 246
f 219 247 248
f 219 248 247
f 219 248 249
f 219 249 248
f 219 249 250
f 219 250 249
f 219 250 251
f 219 251 250
f 219 251 252
f 219 252 251
f 219 252 253
f 219 253 252
f 219 253 254
f 219 254 253
f 219 254 255
f 219 255 254
f 219 255 256
f 219 256 255
f 219 256 257
f 219 257 256
f 219 257 258
f 219 258 257
f 219 258 259
f 219 259 258
f 219 259 260
f 219 260 259
f 219 260 261
f 219 261 260
f 219 261 262
f 219 262 261
f 219 262 263
f 219 263 262
f 219 263 264
f 219 264 263
v -0.267274 0.512800 -0.030517
v -0.265137 0.516757 -0.032557
v -0.262797 0.520214 -0.035947
v -0.260286 0.523253 -0.040467
v -0.257644 0.525970 -0.045855
v -0.254917 0.528479 -0.051804
v -0.252157 0.530908 -0.057972
v -0.249418 0.533385 -0.064007
v -0.246749 0.536038 -0.069569
v -0.244198 0.538978 -0.074355
v -0.241802 0.542298 -0.078115
v -0.239587 0.546064 -0.080675
v -0.237567 0.550307 -0.081942
v -0.235742 0.555030 -0.081917
v -0.234098 0.560197 -0.080691
v -0.232609 0.565744 -0.078439
v -0.231237 0.571579 -0.075411
v -0.229936 0.577588 -0.071910
v -0.228655 0.583647 -0.068277
v -0.227342 0.589625 -0.064862
v -0.225944 0.595396 -0.062008
v -0.224414 0.600844 -0.060022
v -0.222715 0.605874 -0.059166
v -0.220811 0.610404 -0.059660
v -0.222948 0.606447 -0.057621
v -0.225288 0.602990 -0.054231
v -0.227799 0.599951 -0.049711
v -0.230441 0.597234 -0.044322
v -0.233168 0.594725 -0.038373
v -0.235928 0.592296 -0.032205
v -0.238667 0.589819 -0.026170
v -0.241336 0.587166 -0.020608
v -0.243887 0.584226 -0.015822
v -0.246283 0.580906 -0.012062
v -0.248498 0.577140 -0.009503
v -0.250518 0.572897 -0.008236
v -0.252343 0.568174 -0.008261
v -0.253987 0.563007 -0.009487
v -0.255477 0.557460 -0.011738
v -0.256848 0.551625 -0.014766
v -0.258149 0.545616 -0.018267
v -0.259430 0.539557 -0.021900
v -0.260743 0.533579 -0.025315
v -0.262141 0.527808 -0.028170
v -0.263671 0.522360 -0.030155
v -0.265370 0.517330 -0.031011
f 265 266 267
f 265 267 266
f 265 267 268
f 265 268 267
f 265 268 269
f 265 269 268
f 265 269 270
f 265 270 269
f 265 270 271
f 265 271 270
f 265 271 272
f 265 272 271
f 265 272 273
f 265 273 272
f 265 273 274
f 265 274 273
f 265 274 275
f 265 275 274
f 265 275 276
f 265 276 275
f 265 276 277
f 265 277 276
f 265 277 278
f 265 278 277
f 265 278 279
f 265 279 278
f 265 279 280
f 265 280 279
f 265 280 281
f 265 281 280
f 265 281 282
f 265 282 281
f 265 282 283
f 265 283 282
f 265 283 284
f 265 284 283
f 265 284 285
f 265 285 284
f 265 285 286
f 265 286 285
f 265 286 287
f 265 287 286
f 265 287 288
f 265 288 287
f 265 288 289
f 265 289 288
f 265 289 290
f 265 290 289
f 265 290 291
f 265 291 290
f 265 291 292
f 265 292 291
f 265 292 293
f 265 293 292
f 265 293 294
f 265 294 293
f 265 294 295
f 265 295 294
f 265 295 296
f 265 296 295
f 265 296 297
f 265 297 296
f 265 297 298
f 265 298 297
f 265 298 299
f 265 299 298
f 265 299 300
f 265 300 299
f 265 300 301
f 265 301 300
f 265 301 302
f 265 302 301
f 265 302 303
f 265 303 302
f 265 303 304
f 265 304 303
f 265 304 305
f 265 305 304
f 265 305 306
f 265 306 305
f 265 306 307
f 265 307 306
f 265 307 308
f 265 308 307
f 265 308 309
f 265 309 308
f 265 309 310
f 265 310 309
v -0.267274 0.512800 -0.030517
v -0.263854 0.509873 -0.033338
v -0.260444 0.506442 -0.035680
v -0.257049 0.502154 -0.037207
v -0.253673 0.496828 -0.037747
v -0.250314 0.490482 -0.037316
v -0.246971 0.483326 -0.036116
v -0.243635 0.475738 -0.034505
v -0.240298 0.468204 -0.032945
v -0.236951 0.461248 -0.031935
v -0.233584 0.455354 -0.031935
v -0.230192 0.450892 -0.033296
v -0.226771 0.448061 -0.036209
v -0.223321 0.446862 -0.040672
v -0.219845 0.447093 -0.046497
v -0.216350 0.448387 -0.053332
v -0.212845 0.450259 -0.060717
v -0.209338 0.452186 -0.068154
v -0.205840 0.453679 -0.075179
v -0.202356 0.454364 -0.081434
v -0.198890 0.454027 -0.086719
v -0.195443 0.452654 -0.091017
v -0.192011 0.450423 -0.094501
v -0.188588 0.447688 -0.097504
v -0.192007 0.450615 -0.094683
v -0.195418 0.454046 -0.092341
v -0.198813 0.458334 -0.090815
v -0.202189 0.463660 -0.090274
v -0.205547 0.470006 -0.090705
v -0.208891 0.477162 -0.091905
v -0.212227 0.484750 -0.093516
v -0.215564 0.492284 -0.095076
v -0.218911 0.499240 -0.096086
v -0.222277 0.505133 -0.096086
v -0.225669 0.509595 -0.094725
v -0.229090 0.512426 -0.091812
v -0.232541 0.513626 -0.087349
v -0.236017 0.513394 -0.081524
v -0.239512 0.512101 -0.074689
v -0.243017 0.510228 -0.067304
v -0.246523 0.508302 -0.059867
v -0.250022 0.506808 -0.052842
v -0.253506 0.506124 -0.046587
v -0.256972 0.506460 -0.041302
v -0.260419 0.507834 -0.037004
v -0.263851 0.510065 -0.033521
f 311 312 313
f 311 313 312
f 311 313 314
f 311 314 313
f 311 314 315
f 311 315 314
f 311 315 316
f 311 316 315
f 311 316 317
f 311 317 316
f 311 317 318
f 311 318 317
f 311 318 319
f 311 319 318
f 311 319 320
f 311 320 319
f 311 320 321
f 311 321 320
f 311 321 322
f 311 322 321
f 311 322 323
f 311 323 322
f 311 323 324
f 311 324 323
f 311 324 325
f 311 325 324
f 311 325 326
f 311 326 325
f 311 326 327
f 311 327 326
f 311 327 328
f 311 328 327
f 311 328 329
f 311 329 328
f 311 329 330
f 311 330 329
f 311 330 331
f 311 331 330
f 311 331 332
f 311 332 331
f 311 332 333
f 311 333 332
f 311 333 334
f 311 334 333
f 311 334 335
f 311 335 334
f 311 335 336
f 311 336 335
f 311 336 337
f 311 337 336
f 311 337 338
f 311 338 337
f 311 338 339
f 311 339 338
f 311 339 340
f 311 340 339
f 311 340 341
f 311 341 340
f 311 341 342
f 311 342 341
f 311 342 343
f 311 343 342
f 311 343 344
f 311 344 343
f 311 344 345
f 311 345 344
f 311 345 346
f 311 346 345
f 311 346 347
f 311 347 346
f 311 347 348
f 311 348 347
f 311 348 349
f 311 349 348
f 311 349 350
f 311 350 349
f 311 350 351
f 311 351 350
f 311 351 352
f 311 352 351
f 311 352 353
f 311 353 352
f 311 353 354
f 311 354 353
f 311 354 355
f 311 355 354
f 311 355 356
f 311 356 355
v -0.195139 0.519066 -0.014459
v -0.192234 0.522480 -0.018186
v -0.192221 0.524589 -0.023621
v -0.195105 0.524589 -0.028687
v -0.199785 0.522480 -0.031450
v -0.204473 0.519066 -0.030854
v -0.207379 0.515652 -0.027127
v -0.207392 0.513542 -0.021692
v -0.204508 0.513542 -0.016626
v -0.199828 0.515652 -0.013863
v -0.229737 0.567820 0.001764
v -0.227761 0.570141 -0.000770
v -0.227753 0.571576 -0.004466
v -0.229714 0.571576 -0.007911
v -0.232896 0.570141 -0.009790
v -0.236084 0.567820 -0.009385
v -0.238060 0.565499 -0.006850
v -0.238069 0.564064 -0.003154
v -0.236108 0.564064 0.000291
v -0.232925 0.565499 0.002169
f 357 358 368
f 357 368 367
f 358 359 369
f 358 369 368
f 359 360 370
f 359 370 369
f 360 361 371
f 360 371 370
f 361 362 372
f 361 372 371
f 362 363 373
f 362 373 372
f 363 364 374
f 363 374 373
f 364 365 375
f 364 375 374
f 365 366 376
f 365 376 375
f 366 357 367
f 366 367 376
v -0.232911 0.567820 -0.003810
v -0.228716 0.566284 -0.000912
v -0.223929 0.565331 0.001519
v -0.218323 0.565183 0.003304
v -0.211850 0.565889 0.004405
v -0.204612 0.567348 0.004901
v -0.196836 0.569335 0.004974
v -0.188846 0.571534 0.004877
v -0.181016 0.573575 0.004906
v -0.173724 0.575087 0.005361
v -0.167305 0.575740 0.006504
v -0.162008 0.575289 0.008532
v -0.157966 0.573602 0.011551
v -0.155179 0.570680 0.015560
v -0.153515 0.566655 0.020455
v -0.152723 0.561770 0.026039
v -0.152469 0.556355 0.032047
v -0.152375 0.550784 0.038182
v -0.152067 0.545423 0.044147
v -0.151222 0.540591 0.049688
v -0.149611 0.536512 0.054625
v -0.147132 0.533287 0.058878
v -0.143835 0.530868 0.062485
v -0.139947 0.529030 0.065625
v -0.144142 0.530566 0.062727
v -0.148929 0.531519 0.060296
v -0.154534 0.531667 0.058511
v -0.161007 0.530962 0.057410
v -0.168246 0.529502 0.056914
v -0.176021 0.527515 0.056841
v -0.184011 0.525316 0.056938
v -0.191841 0.523275 0.056908
v -0.199133 0.521763 0.056454
v -0.205553 0.521110 0.055311
v -0.210850 0.521562 0.053283
v -0.214891 0.523248 0.050264
v -0.217678 0.526170 0.046254
v -0.219343 0.530196 0.041359
v -0.220135 0.535080 0.035776
v -0.220388 0.540495 0.029768
v -0.220482 0.546066 0.023633
v -0.220790 0.551427 0.017668
v -0.221636 0.556259 0.012126
v -0.223247 0.560338 0.007189
v -0.225725 0.563563 0.002937
v -0.229022 0.565983 -0.000670
f 377 378 379
f 377 379 378
f 377 379 380
f 377 380 379
f 377 380 381
f 377 381 380
f 377 381 382
f 377 382 381
f 377 382 383
f 377 383 382
f 377 383 384
f 377 384 383
f 377 384 385
f 377 385 384
f 377 385 386
f 377 386 385
f 377 386 387
f 377 387 386
f 377 387 388
f 377 388 387
f 377 388 389
f 377 389 388
f 377 389 390
f 377 390 389
f 377 390 391
f 377 391 390
f 377 391 392
f 377 392 391
f 377 392 393
f 377 393 392
f 377 393 394
f 377 394 393
f 377 394 395
f 377 395 394
f 377 395 396
f 377 396 395
f 377 396 397
f 377 397 396
f 377 397 398
f 377 398 397
f 377 398 399
f 377 399 398
f 377 399 400
f 377 400 399
f 377 400 401
f 377 401 400
f 377 401 402
f 377 402 401
f 377 402 403
f 377 403 402
f 377 403 404
f 377 404 403
f 377 404 405
f 377 405 404
f 377 405 406
f 377 406 405
f 377 406 407
f 377 407 406
f 377 407 408
f 377 408 407
f 377 408 409
f 377 409 408
f 377 409 410
f 377 410 409
f 377 410 411
f 377 411 410
f 377 411 412
f 377 412 411
f 377 412 413
f 377 413 412
f 377 413 414
f 377 414 413
f 377 414 415
f 377 415 414
f 377 415 416
f 377 416 415
f 377 416 417
f 377 417 416
f 377 417 418
f 377 418 417
f 377 418 419
f 377 419 418
f 377 419 420
f 377 420 419
f 377 420 421
f 377 421 420
f 377 421 422
f 377 422 421
v -0.232911 0.567820 -0.003810
v -0.229483 0.569953 -0.006888
v -0.226267 0.572047 -0.010232
v -0.223567 0.574042 -0.014230
v -0.221660 0.575887 -0.019231
v -0.220692 0.577554 -0.025421
v -0.220615 0.579051 -0.032739
v -0.221168 0.580429 -0.040853
v -0.221908 0.581771 -0.049205
v -0.222291 0.583182 -0.057105
v -0.221770 0.584763 -0.063860
v -0.219907 0.586600 -0.068917
v -0.216456 0.588738 -0.071964
v -0.211418 0.591177 -0.073003
v -0.205036 0.593871 -0.072342
v -0.197751 0.596737 -0.070538
v -0.190109 0.599670 -0.068281
v -0.182654 0.602568 -0.066262
v -0.175829 0.605346 -0.065040
v -0.169895 0.607956 -0.064945
v -0.164900 0.610387 -0.066039
v -0.160699 0.612667 -0.068136
v -0.157013 0.614849 -0.070887
v -0.153538 0.616992 -0.073904
v -0.156966 0.614858 -0.070827
v -0.160182 0.612765 -0.067482
v -0.162882 0.610770 -0.063485
v -0.164789 0.608925 -0.058484
v -0.165757 0.607258 -0.052293
v -0.165834 0.605761 -0.044976
v -0.165281 0.604383 -0.036861
v -0.164541 0.603040 -0.028509
v -0.164158 0.601630 -0.020610
v -0.164679 0.600048 -0.013854
v -0.166542 0.598212 -0.008798
v -0.169993 0.596074 -0.005750
v -0.175032 0.593635 -0.004711
v -0.181413 0.590941 -0.005372
v -0.188698 0.588075 -0.007176
v -0.196340 0.585142 -0.009433
v -0.203795 0.582244 -0.011452
v -0.210620 0.579465 -0.012675
v -0.216554 0.576856 -0.012770
v -0.221549 0.574425 -0.011676
v -0.225750 0.572145 -0.009578
v -0.229436 0.569962 -0.006828
f 423 424 425
f 423 425 424
f 423 425 426
f 423 426 425
f 423 426 427
f 423 427 426
f 423 427 428
f 423 428 427
f 423 428 429
f 423 429 428
f 423 429 430
f 423 430 429
f 423 430 431
f 423 431 430
f 423 431 432
f 423 432 431
f 423 432 433
f 423 433 432
f 423 433 434
f 423 434 433
f 423 434 435
f 423 435 434
f 423 435 436
f 423 436 435
f 423 436 437
f 423 437 436
f 423 437 438
f 423 438 437
f 423 438 439
f 423 439 438
f 423 439 440
f 423 440 439
f 423 440 441
f 423 441 440
f 423 441 442
f 423 442 441
f 423 442 443
f 423 443 442
f 423 443 444
f 423 444 443
f 423 444 445
f 423 445 444
f 423 445 446
f 423 446 445
f 423 446 447
f 423 447 446
f 423 447 448
f 423 448 447
f 423 448 449
f 423 449 448
f 423 449 450
f 423 450 449
f 423 450 451
f 423 451 450
f 423 451 452
f 423 452 451
f 423 452 453
f 423 453 452
f 423 453 454
f 423 454 453
f 423 454 455
f 423 455 454
f 423 455 456
f 423 456 455
f 423 456 457
f 423 457 456
f 423 457 458
f 423 458 457
f 423 458 459
f 423 459 458
f 423 459 460
f 423 460 459
f 423 460 461
f 423 461 460
f 423 461 462
f 423 462 461
f 423 462 463
f 423 463 462
f 423 463 464
f 423 464 463
f 423 464 465
f 423 465 464
f 423 465 466
f 423 466 465
f 423 466 467
f 423 467 466
f 423 467 468
f 423 468 467
v -0.232911 0.567820 -0.003810
v -0.236745 0.564192 -0.004440
v -0.240540 0.560457 -0.004723
v -0.244237 0.556462 -0.004164
v -0.247786 0.552072 -0.002321
v -0.251159 0.547215 0.001039
v -0.254366 0.541918 0.005829
v -0.257457 0.536310 0.011625
v -0.260515 0.530613 0.017714
v -0.263639 0.525095 0.023220
v -0.266933 0.520026 0.027267
v -0.270477 0.515623 0.029151
v -0.274316 0.512007 0.028481
v -0.278451 0.509178 0.025258
v -0.282836 0.507014 0.019873
v -0.287390 0.505300 0.013029
v -0.292011 0.503765 0.005601
v -0.296598 0.502140 -0.001534
v -0.301070 0.500206 -0.007664
v -0.305375 0.497831 -0.012362
v -0.309505 0.494989 -0.015544
v -0.313486 0.491751 -0.017442
v -0.317371 0.488254 -0.018498
v -0.321214 0.484650 -0.019207
v -0.317380 0.488278 -0.018577
v -0.313585 0.492013 -0.018294
v -0.309888 0.496008 -0.018853
v -0.306339 0.500398 -0.020697
v -0.302966 0.505255 -0.024056
v -0.299759 0.510552 -0.028846
v -0.296668 0.516160 -0.034642
v -0.293611 0.521857 -0.040732
v -0.290486 0.527375 -0.046237
v -0.287192 0.532444 -0.050284
v -0.283649 0.536846 -0.052168
v -0.279809 0.540462 -0.051499
v -0.275675 0.543292 -0.048276
v -0.271290 0.545456 -0.042890
v -0.266736 0.547170 -0.036046
v -0.262114 0.548704 -0.028618
v -0.257527 0.550329 -0.021483
v -0.253056 0.552264 -0.015353
v -0.248750 0.554639 -0.010655
v -0.244620 0.557481 -0.007473
v -0.240639 0.560719 -0.005575
v -0.236755 0.564216 -0.004519
f 469 470 471
f 469 471 470
f 469 471 472
f 469 472 471
f 469 472 473
f 469 473 472
f 469 473 474
f 469 474 473
f 469 474 475
f 469 475 474
f 469 475 476
f 469 476 475
f 469 476 477
f 469 477 476
f 469 477 478
f 469 478 477
f 469 478 479
f 469 479 478
f 469 479 480
f 469 480 479
f 469 480 481
f 469 481 480
f 469 481 482
f 469 482 481
f 469 482 483
f 469 483 482
f 469 483 484
f 469 484 483
f 469 484 485
f 469 485 484
f 469 485 486
f 469 486 485
f 469 486 487
f 469 487 486
f 469 487 488
f 469 488 487
f 469 488 489
f 469 489 488
f 469 489 490
f 469 490 489
f 469 490 491
f 469 491 490
f 469 491 492
f 469 492 491
f 469 492 493
f 469 493 492
f 469 493 494
f 469 494 493
f 469 494 495
f 469 495 494
f 469 495 496
f 469 496 495
f 469 496 497
f 469 497 496
f 469 497 498
f 469 498 497
f 469 498 499
f 469 499 498
f 469 499 500
f 469 500 499
f 469 500 501
f 469 501 500
f 469 501 502
f 469 502 501
f 469 502 503
f 469 503 502
f 469 503 504
f 469 504 503
f 469 504 505
f 469 505 504
f 469 505 506
f 469 506 505
f 469 506 507
f 469 507 506
f 469 507 508
f 469 508 507
f 469 508 509
f 469 509 508
f 469 509 510
f 469 510 509
f 469 510 511
f 469 511 510
f 469 511 512
f 469 512 511
f 469 512 513
f 469 513 512
f 469 513 514
f 469 514 513
v -0.208435 0.519066 -0.018846
v -0.205320 0.523256 -0.016252
v -0.200099 0.525846 -0.016104
v -0.194766 0.525846 -0.018460
v -0.191358 0.523256 -0.022418
v -0.191177 0.519066 -0.026468
v -0.194292 0.514876 -0.029061
v -0.199514 0.512286 -0.029209
v -0.204846 0.512286 -0.026854
v -0.208254 0.514876 -0.022895
v -0.225298 0.561162 -0.064498
v -0.223180 0.564011 -0.062734
v -0.219629 0.565772 -0.062634
v -0.216003 0.565772 -0.064235
v -0.213686 0.564011 -0.066927
v -0.213563 0.561162 -0.069681
v -0.215681 0.558313 -0.071445
v -0.219231 0.556552 -0.071545
v -0.222857 0.556552 -0.069943
v -0.225175 0.558313 -0.067252
f 515 516 526
f 515 526 525
f 516 517 527
f 516 527 526
f 517 518 528
f 517 528 527
f 518 519 529
f 518 529 528
f 519 520 530
f 519 530 529
f 520 521 531
f 520 531 530
f 521 522 532
f 521 532 531
f 522 523 533
f 522 533 532
f 523 524 534
f 523 534 533
f 524 515 525
f 524 525 534
v -0.219430 0.561162 -0.067089
v -0.221524 0.559722 -0.064959
v -0.223579 0.558850 -0.062307
v -0.225593 0.558611 -0.059073
v -0.227567 0.558959 -0.055301
v -0.229511 0.559767 -0.051107
v -0.231436 0.560847 -0.046663
v -0.233359 0.561977 -0.042174
v -0.235294 0.562919 -0.037856
v -0.237256 0.563448 -0.033918
v -0.239259 0.563371 -0.030536
v -0.241311 0.562547 -0.027840
v -0.243418 0.560903 -0.025896
v -0.245579 0.558439 -0.024706
v -0.247791 0.555229 -0.024200
v -0.250042 0.551412 -0.024251
v -0.252322 0.547182 -0.024682
v -0.254613 0.542764 -0.025285
v -0.256901 0.538396 -0.025842
v -0.259172 0.534301 -0.026149
v -0.261411 0.530666 -0.026034
v -0.263612 0.527616 -0.025380
v -0.265770 0.525201 -0.024145
v -0.267891 0.523353 -0.022389
v -0.265797 0.524793 -0.024520
v -0.263742 0.525665 -0.027172
v -0.261728 0.525904 -0.030405
v -0.259754 0.525556 -0.034177
v -0.257810 0.524748 -0.038371
v -0.255884 0.523668 -0.042815
v -0.253962 0.522538 -0.047305
v -0.252027 0.521596 -0.051623
v -0.250065 0.521067 -0.055561
v -0.248062 0.521144 -0.058942
v -0.246010 0.521968 -0.061639
v -0.243903 0.523612 -0.063582
v -0.241741 0.526076 -0.064773
v -0.239530 0.529286 -0.065278
v -0.237278 0.533103 -0.065227
v -0.234999 0.537333 -0.064796
v -0.232708 0.541751 -0.064194
v -0.230419 0.546119 -0.063636
v -0.228149 0.550213 -0.063330
v -0.225910 0.553849 -0.063445
v -0.223709 0.556898 -0.064098
v -0.221551 0.559314 -0.065333
f 535 536 537
f 535 537 536
f 535 537 538
f 535 538 537
f 535 538 539
f 535 539 538
f 535 539 540
f 535 540 539
f 535 540 541
f 535 541 540
f 535 541 542
f 535 542 541
f 535 542 543
f 535 543 542
f 535 543 544
f 535 544 543
f 535 544 545
f 535 545 544
f 535 545 546
f 535 546 545
f 535 546 547
f 535 547 546
f 535 547 548
f 535 548 547
f 535 548 549
f 535 549 548
f 535 549 550
f 535 550 549
f 535 550 551
f 535 551 550
f 535 551 552
f 535 552 551
f 535 552 553
f 535 553 552
f 535 553 554
f 535 554 553
f 535 554 555
f 535 555 554
f 535 555 556
f 535 556 555
f 535 556 557
f 535 557 556
f 535 557 558
f 535 558 557
f 535 558 559
f 535 559 558
f 535 559 560
f 535 560 559
f 535 560 561
f 535 561 560
f 535 561 562
f 535 562 561
f 535 562 563
f 535 563 562
f 535 563 564
f 535 564 563
f 535 564 565
f 535 565 564
f 535 565 566
f 535 566 565
f 535 566 567
f 535 567 566
f 535 567 568
f 535 568 567
f 535 568 569
f 535 569 568
f 535 569 570
f 535 570 569
f 535 570 571
f 535 571 570
f 535 571 572
f 535 572 571
f 535 572 573
f 535 573 572
f 535 573 574
f 535 574 573
f 535 574 575
f 535 575 574
f 535 575 576
f 535 576 575
f 535 576 577
f 535 577 576
f 535 577 578
f 535 578 577
f 535 578 579
f 535 579 578
f 535 579 580
f 535 580 579
v -0.219430 0.561162 -0.067089
v -0.216154 0.562772 -0.065326
v -0.212334 0.564038 -0.064130
v -0.207852 0.564887 -0.063621
v -0.202725 0.565329 -0.063783
v -0.197068 0.565436 -0.064496
v -0.191072 0.565329 -0.065561
v -0.184981 0.565161 -0.066726
v -0.179060 0.565102 -0.067713
v -0.173571 0.565315 -0.068251
v -0.168738 0.565942 -0.068107
v -0.164726 0.567088 -0.067110
v -0.161622 0.568807 -0.065169
v -0.159426 0.571099 -0.062283
v -0.158052 0.573909 -0.058543
v -0.157333 0.577134 -0.054122
v -0.157045 0.580630 -0.049252
v -0.156928 0.584235 -0.044204
v -0.156717 0.587780 -0.039255
v -0.156166 0.591111 -0.034659
v -0.155085 0.594106 -0.030614
v -0.153359 0.596695 -0.027240
v -0.150971 0.598866 -0.024553
v -0.148039 0.600693 -0.022433
v -0.151315 0.599083 -0.024196
v -0.155135 0.597817 -0.025392
v -0.159617 0.596968 -0.025901
v -0.164744 0.596526 -0.025739
v -0.170401 0.596419 -0.025026
v -0.176397 0.596526 -0.023961
v -0.182489 0.596694 -0.022796
v -0.188409 0.596753 -0.021809
v -0.193898 0.596540 -0.021271
v -0.198731 0.595913 -0.021415
v -0.202743 0.594767 -0.022412
v -0.205847 0.593049 -0.024354
v -0.208043 0.590757 -0.027239
v -0.209418 0.587946 -0.030979
v -0.210137 0.584722 -0.035400
v -0.210424 0.581225 -0.040270
v -0.210541 0.577620 -0.045318
v -0.210753 0.574075 -0.050267
v -0.211303 0.570745 -0.054863
v -0.212384 0.567749 -0.058908
v -0.214111 0.565160 -0.062282
v -0.216498 0.562989 -0.064969
f 581 582 583
f 581 583 582
f 581 583 584
f 581 584 583
f 581 584 585
f 581 585 584
f 581 585 586
f 581 586 585
f 581 586 587
f 581 587 586
f 581 587 588
f 581 588 587
f 581 588 589
f 581 589 588
f 581 589 590
f 581 590 589
f 581 590 591
f 581 591 590
f 581 591 592
f 581 592 591
f 581 592 593
f 581 593 592
f 581 593 594
f 581 594 593
f 581 594 595
f 581 595 594
f 581 595 596
f 581 596 595
f 581 596 597
f 581 597 596
f 581 597 598
f 581 598 597
f 581 598 599
f 581 599 598
f 581 599 600
f 581 600 599
f 581 600 601
f 581 601 600
f 581 601 602
f 581 602 601
f 581 602 603
f 581 603 602
f 581 603 604
f 581 604 603
f 581 604 605
f 581 605 604
f 581 605 606
f 581 606 605
f 581 606 607
f 581 607 606
f 581 607 608
f 581 608 607
f 581 608 609
f 581 609 608
f 581 609 610
f 581 610 609
f 581 610 611
f 581 611 610
f 581 611 612
f 581 612 611
f 581 612 613
f 581 613 612
f 581 613 614
f 581 614 613
f 581 614 615
f 581 615 614
f 581 615 616
f 581 616 615
f 581 616 617
f 581 617 616
f 581 617 618
f 581 618 617
f 581 618 619
f 581 619 618
f 581 619 620
f 581 620 619
f 581 620 621
f 581 621 620
f 581 621 622
f 581 622 621
f 581 622 623
f 581 623 622
f 581 623 624
f 581 624 623
f 581 624 625
f 581 625 624
f 581 625 626
f 581 626 625
v -0.219430 0.561162 -0.067089
v -0.217724 0.557252 -0.069285
v -0.216563 0.553088 -0.071481
v -0.216353 0.548480 -0.073677
v -0.217314 0.543326 -0.075875
v -0.219444 0.537625 -0.078073
v -0.222515 0.531485 -0.080272
v -0.226103 0.525103 -0.082472
v -0.229651 0.518741 -0.084671
v -0.232554 0.512679 -0.086870
v -0.234252 0.507179 -0.089068
v -0.234315 0.502444 -0.091265
v -0.232510 0.498581 -0.093460
v -0.228836 0.495590 -0.095654
v -0.223527 0.493363 -0.097847
v -0.217013 0.491698 -0.100039
v -0.209854 0.490335 -0.102231
v -0.202656 0.488990 -0.104423
v -0.195974 0.487404 -0.106615
v -0.190233 0.485378 -0.108807
v -0.185661 0.482807 -0.111001
v -0.182261 0.479688 -0.113195
v -0.179811 0.476126 -0.115390
v -0.177906 0.472309 -0.117586
v -0.179612 0.476219 -0.115390
v -0.180773 0.480383 -0.113194
v -0.180984 0.484991 -0.110998
v -0.180023 0.490145 -0.108800
v -0.177893 0.495846 -0.106602
v -0.174822 0.501986 -0.104403
v -0.171234 0.508368 -0.102203
v -0.167686 0.514730 -0.100004
v -0.164782 0.520792 -0.097805
v -0.163084 0.526292 -0.095607
v -0.163021 0.531027 -0.093410
v -0.164826 0.534890 -0.091215
v -0.168500 0.537881 -0.089021
v -0.173809 0.540108 -0.086828
v -0.180324 0.541773 -0.084636
v -0.187482 0.543136 -0.082444
v -0.194681 0.544481 -0.080252
v -0.201363 0.546067 -0.078060
v -0.207104 0.548093 -0.075868
v -0.211675 0.550664 -0.073674
v -0.215076 0.553783 -0.071480
v -0.217525 0.557345 -0.069285
f 627 628 629
f 627 629 628
f 627 629 630
f 627 630 629
f 627 630 631
f 627 631 630
f 627 631 632
f 627 632 631
f 627 632 633
f 627 633 632
f 627 633 634
f 627 634 633
f 627 634 635
f 627 635 634
f 627 635 636
f 627 636 635
f 627 636 637
f 627 637 636
f 627 637 638
f 627 638 637
f 627 638 639
f 627 639 638
f 627 639 640
f 627 640 639
f 627 640 641
f 627 641 640
f 627 641 642
f 627 642 641
f 627 642 643
f 627 643 642
f 627 643 644
f 627 644 643
f 627 644 645
f 627 645 644
f 627 645 646
f 627 646 645
f 627 646 647
f 627 647 646
f 627 647 648
f 627 648 647
f 627 648 649
f 627 649 648
f 627 649 650
f 627 650 649
f 627 650 651
f 627 651 650
f 627 651 652
f 627 652 651
f 627 652 653
f 627 653 652
f 627 653 654
f 627 654 653
f 627 654 655
f 627 655 654
f 627 655 656
f 627 656 655
f 627 656 657
f 627 657 656
f 627 657 658
f 627 658 657
f 627 658 659
f 627 659 658
f 627 659 660
f 627 660 659
f 627 660 661
f 627 661 660
f 627 661 662
f 627 662 661
f 627 662 663
f 627 663 662
f 627 663 664
f 627 664 663
f 627 664 665
f 627 665 664
f 627 665 666
f 627 666 665
f 627 666 667
f 627 667 666
f 627 667 668
f 627 668 667
f 627 668 669
f 627 669 668
f 627 669 670
f 627 670 669
f 627 670 671
f 627 671 670
f 627 671 672
f 627 672 671
v -0.088161 0.462635 -0.000961
v -0.086941 0.467054 -0.008205
v -0.090743 0.469786 -0.015388
v -0.098115 0.469786 -0.019764
v -0.106241 0.467054 -0.019664
v -0.112017 0.462635 -0.015124
v -0.113237 0.458216 -0.007879
v -0.109435 0.455485 -0.000697
v -0.102063 0.455485 0.003680
v -0.093937 0.458216 0.003579
v -0.121565 0.552503 0.046610
v -0.120735 0.555509 0.041683
v -0.123321 0.557366 0.036799
v -0.128334 0.557366 0.033823
v -0.133860 0.555509 0.033892
v -0.137787 0.552503 0.036979
v -0.138617 0.549498 0.041905
v -0.136031 0.547641 0.046789
v -0.131018 0.547641 0.049765
v -0.125493 0.549498 0.049697
f 673 674 684
f 673 684 683
f 674 675 685
f 674 685 684
f 675 676 686
f 675 686 685
f 676 677 687
f 676 687 686
f 677 678 688
f 677 688 687
f 678 679 689
f 678 689 688
f 679 680 690
f 679 690 689
f 680 681 691
f 680 691 690
f 681 682 692
f 681 692 691
f 682 673 683
f 682 683 692
v -0.129676 0.552503 0.041794
v -0.125180 0.549610 0.043535
v -0.120264 0.547086 0.044858
v -0.114612 0.545212 0.045448
v -0.108049 0.544140 0.045130
v -0.100575 0.543872 0.043905
v -0.092366 0.544251 0.041947
v -0.083751 0.544989 0.039586
v -0.075164 0.545702 0.037252
v -0.067076 0.545975 0.035415
v -0.059926 0.545421 0.034512
v -0.054050 0.543744 0.034879
v -0.049630 0.540783 0.036695
v -0.046666 0.536538 0.039963
v -0.044976 0.531171 0.044499
v -0.044224 0.524976 0.049969
v -0.043972 0.518341 0.055937
v -0.043747 0.511682 0.061933
v -0.043117 0.505381 0.067524
v -0.041751 0.499728 0.072383
v -0.039474 0.494878 0.076334
v -0.036286 0.490830 0.079378
v -0.032362 0.487432 0.081689
v -0.028018 0.484404 0.083582
v -0.032514 0.487298 0.081841
v -0.037430 0.489822 0.080518
v -0.043082 0.491696 0.079928
v -0.049645 0.492768 0.080246
v -0.057119 0.493036 0.081471
v -0.065328 0.492657 0.083428
v -0.073943 0.491919 0.085790
v -0.082531 0.491206 0.088124
v -0.090618 0.490933 0.089961
v -0.097769 0.491487 0.090864
v -0.103645 0.493164 0.090497
v -0.108065 0.496125 0.088680
v -0.111028 0.500369 0.085413
v -0.112718 0.505737 0.080877
v -0.113470 0.511932 0.075406
v -0.113722 0.518567 0.069439
v -0.113947 0.525226 0.063443
v -0.114578 0.531527 0.057852
v -0.115944 0.537180 0.052993
v -0.118221 0.542030 0.049042
v -0.121408 0.546078 0.045998
v -0.125332 0.549475 0.043687
f 693 694 695
f 693 695 694
f 693 695 696
f 693 696 695
f 693 696 697
f 693 697 696
f 693 697 698
f 693 698 697
f 693 698 699
f 693 699 698
f 693 699 700
f 693 700 699
f 693 700 701
f 693 701 700
f 693 701 702
f 693 702 701
f 693 702 703
f 693 703 702
f 693 703 704
f 693 704 703
f 693 704 705
f 693 705 704
f 693 705 706
f 693 706 705
f 693 706 707
f 693 707 706
f 693 707 708
f 693 708 707
f 693 708 709
f 693 709 708
f 693 709 710
f 693 710 709
f 693 710 711
f 693 711 710
f 693 711 712
f 693 712 711
f 693 712 713
f 693 713 712
f 693 713 714
f 693 714 713
f 693 714 715
f 693 715 714
f 693 715 716
f 693 716 715
f 693 716 717
f 693 717 716
f 693 717 718
f 693 718 717
f 693 718 719
f 693 719 718
f 693 719 720
f 693 720 719
f 693 720 721
f 693 721 720
f 693 721 722
f 693 722 721
f 693 722 723
f 693 723 722
f 693 723 724
f 693 724 723
f 693 724 725
f 693 725 724
f 693 725 726
f 693 726 725
f 693 726 727
f 693 727 726
f 693 727 728
f 693 728 727
f 693 728 729
f 693 729 728
f 693 729 730
f 693 730 729
f 693 730 731
f 693 731 730
f 693 731 732
f 693 732 731
f 693 732 733
f 693 733 732
f 693 733 734
f 693 734 733
f 693 734 735
f 693 735 734
f 693 735 736
f 693 736 735
f 693 736 737
f 693 737 736
f 693 737 738
f 693 738 737
v -0.129676 0.552503 0.041794
v -0.132372 0.553095 0.036805
v -0.136573 0.552981 0.032195
v -0.141996 0.552293 0.027893
v -0.148341 0.551173 0.023824
v -0.155267 0.549780 0.019901
v -0.162403 0.548289 0.016032
v -0.169372 0.546876 0.012120
v -0.175813 0.545711 0.008075
v -0.181405 0.544944 0.003816
v -0.185885 0.544699 -0.000724
v -0.189069 0.545062 -0.005590
v -0.190861 0.546077 -0.010808
v -0.191261 0.547746 -0.016376
v -0.190366 0.550022 -0.022271
v -0.188358 0.552820 -0.028447
v -0.185501 0.556016 -0.034837
v -0.182117 0.559460 -0.041360
v -0.178565 0.562982 -0.047925
v -0.175224 0.566406 -0.054437
v -0.172463 0.569557 -0.060802
v -0.170624 0.572276 -0.066935
v -0.170008 0.574421 -0.072760
v -0.170896 0.575861 -0.078206
v -0.168200 0.575270 -0.073216
v -0.163999 0.575384 -0.068606
v -0.158576 0.576071 -0.064304
v -0.152231 0.577192 -0.060235
v -0.145305 0.578584 -0.056313
v -0.138169 0.580075 -0.052443
v -0.131200 0.581488 -0.048531
v -0.124759 0.582653 -0.044486
v -0.119167 0.583420 -0.040227
v -0.114687 0.583665 -0.035687
v -0.111503 0.583303 -0.030821
v -0.109711 0.582287 -0.025604
v -0.109311 0.580619 -0.020035
v -0.110207 0.578342 -0.014140
v -0.112214 0.575545 -0.007964
v -0.115071 0.572348 -0.001575
v -0.118455 0.568904 0.004948
v -0.122007 0.565382 0.011513
v -0.125348 0.561959 0.018025
v -0.128109 0.558807 0.024391
v -0.129948 0.556088 0.030524
v -0.130564 0.553943 0.036349
f 739 740 741
f 739 741 740
f 739 741 742
f 739 742 741
f 739 742 743
f 739 743 742
f 739 743 744
f 739 744 743
f 739 744 745
f 739 745 744
f 739 745 746
f 739 746 745
f 739 746 747
f 739 747 746
f 739 747 748
f 739 748 747
f 739 748 749
f 739 749 748
f 739 749 750
f 739 750 749
f 739 750 751
f 739 751 750
f 739 751 752
f 739 752 751
f 739 752 753
f 739 753 752
f 739 753 754
f 739 754 753
f 739 754 755
f 739 755 754
f 739 755 756
f 739 756 755
f 739 756 757
f 739 757 756
f 739 757 758
f 739 758 757
f 739 758 759
f 739 759 758
f 739 759 760
f 739 760 759
f 739 760 761
f 739 761 760
f 739 761 762
f 739 762 761
f 739 762 763
f 739 763 762
f 739 763 764
f 739 764 763
f 739 764 765
f 739 765 764
f 739 765 766
f 739 766 765
f 739 766 767
f 739 767 766
f 739 767 768
f 739 768 767
f 739 768 769
f 739 769 768
f 739 769 770
f 739 770 769
f 739 770 771
f 739 771 770
f 739 771 772
f 739 772 771
f 739 772 773
f 739 773 772
f 739 773 774
f 739 774 773
f 739 774 775
f 739 775 774
f 739 775 776
f 739 776 775
f 739 776 777
f 739 777 776
f 739 777 778
f 739 778 777
f 739 778 779
f 739 779 778
f 739 779 780
f 739 780 779
f 739 780 781
f 739 781 780
f 739 781 782
f 739 782 781
f 739 782 783
f 739 783 782
f 739 783 784
f 739 784 783
v -0.129676 0.552503 0.041794
v -0.131916 0.548969 0.042298
v -0.133918 0.545324 0.043143
v -0.135451 0.541463 0.044657
v -0.136360 0.537312 0.047063
v -0.136608 0.532854 0.050415
v -0.136291 0.528134 0.054574
v -0.135629 0.523255 0.059227
v -0.134935 0.518360 0.063925
v -0.134564 0.513616 0.068163
v -0.134852 0.509176 0.071457
v -0.136062 0.505165 0.073433
v -0.138339 0.501647 0.073885
v -0.141681 0.498624 0.072812
v -0.145946 0.496029 0.070421
v -0.150870 0.493739 0.067087
v -0.156117 0.491599 0.063293
v -0.161332 0.489444 0.059543
v -0.166202 0.487129 0.056287
v -0.170507 0.484552 0.053839
v -0.174150 0.481668 0.052337
v -0.177170 0.478495 0.051726
v -0.179721 0.475105 0.051785
v -0.182034 0.471605 0.052184
v -0.179794 0.475139 0.051680
v -0.177792 0.478784 0.050836
v -0.176259 0.482646 0.049321
v -0.175350 0.486797 0.046915
v -0.175101 0.491254 0.043564
v -0.175419 0.495974 0.039404
v -0.176081 0.500854 0.034752
v -0.176775 0.505748 0.030053
v -0.177146 0.510493 0.025816
v -0.176858 0.514932 0.022521
v -0.175648 0.518944 0.020545
v -0.173371 0.522461 0.020094
v -0.170029 0.525484 0.021166
v -0.165764 0.528079 0.023557
v -0.160840 0.530369 0.026891
v -0.155593 0.532510 0.030686
v -0.150378 0.534665 0.034435
v -0.145508 0.536980 0.037691
v -0.141203 0.539557 0.040139
v -0.137560 0.542440 0.041642
v -0.134540 0.545613 0.042252
v -0.131989 0.549003 0.042194
f 785 786 787
f 785 787 786
f 785 787 788
f 785 788 787
f 785 788 789
f 785 789 788
f 785 789 790
f 785 790 789
f 785 790 791
f 785 791 790
f 785 791 792
f 785 792 791
f 785 792 793
f 785 793 792
f 785 793 794
f 785 794 793
f 785 794 795
f 785 795 794
f 785 795 796
f 785 796 795
f 785 796 797
f 785 797 796
f 785 797 798
f 785 798 797
f 785 798 799
f 785 799 798
f 785 799 800
f 785 800 799
f 785 800 801
f 785 801 800
f 785 801 802
f 785 802 801
f 785 802 803
f 785 803 802
f 785 803 804
f 785 804 803
f 785 804 805
f 785 805 804
f 785 805 806
f 785 806 805
f 785 806 807
f 785 807 806
f 785 807 808
f 785 808 807
f 785 808 809
f 785 809 808
f 785 809 810
f 785 810 809
f 785 810 811
f 785 811 810
f 785 811 812
f 785 812 811
f 785 812 813
f 785 813 812
f 785 813 814
f 785 814 813
f 785 814 815
f 785 815 814
f 785 815 816
f 785 816 815
f 785 816 817
f 785 817 816
f 785 817 818
f 785 818 817
f 785 818 819
f 785 819 818
f 785 819 820
f 785 820 819
f 785 820 821
f 785 821 820
f 785 821 822
f 785 822 821
f 785 822 823
f 785 823 822
f 785 823 824
f 785 824 823
f 785 824 825
f 785 825 824
f 785 825 826
f 785 826 825
f 785 826 827
f 785 827 826
f 785 827 828
f 785 828 827
f 785 828 829
f 785 829 828
f 785 829 830
f 785 830 829
v -0.121383 0.552503 0.046290
v -0.121823 0.557501 0.043320
v -0.125262 0.560590 0.039768
v -0.130388 0.560590 0.036990
v -0.135241 0.557501 0.036047
v -0.137969 0.552503 0.037299
v -0.137529 0.547506 0.040268
v -0.134090 0.544417 0.043820
v -0.128965 0.544417 0.046599
v -0.124111 0.547506 0.047542
v -0.150054 0.578731 0.092848
v -0.150353 0.582130 0.090829
v -0.152692 0.584230 0.088414
v -0.156177 0.584230 0.086525
v -0.159478 0.582130 0.085883
v -0.161333 0.578731 0.086735
v -0.161034 0.575333 0.088754
v -0.158695 0.573232 0.091169
v -0.155210 0.573232 0.093059
v -0.151909 0.575333 0.093700
f 831 832 842
f 831 842 841
f 832 833 843
f 832 843 842
f 833 834 844
f 833 844 843
f 834 835 845
f 834 845 844
f 835 836 846
f 835 846 845
f 836 837 847
f 836 847 846
f 837 838 848
f 837 848 847
f 838 839 849
f 838 849 848
f 839 840 850
f 839 850 849
f 840 831 841
f 840 841 850
v -0.155694 0.578731 0.089792
v -0.152642 0.578103 0.090550
v -0.149443 0.577911 0.091149
v -0.146018 0.578395 0.091502
v -0.142335 0.579648 0.091575
v -0.138409 0.581622 0.091385
v -0.134302 0.584139 0.090996
v -0.130108 0.586915 0.090514
v -0.125943 0.589603 0.090063
v -0.121929 0.591841 0.089777
v -0.118176 0.593301 0.089774
v -0.114767 0.593736 0.090145
v -0.111747 0.593012 0.090938
v -0.109117 0.591129 0.092154
v -0.106830 0.588220 0.093744
v -0.104804 0.584534 0.095617
v -0.102930 0.580397 0.097654
v -0.101085 0.576173 0.099723
v -0.099152 0.572208 0.101698
v -0.097038 0.568785 0.103475
v -0.094682 0.566083 0.104989
v -0.092068 0.564151 0.106223
v -0.089227 0.562894 0.107211
v -0.086239 0.562074 0.108039
v -0.089291 0.562703 0.107280
v -0.092489 0.562895 0.106681
v -0.095915 0.562411 0.106328
v -0.099598 0.561157 0.106256
v -0.103523 0.559183 0.106446
v -0.107631 0.556666 0.106834
v -0.111825 0.553890 0.107317
v -0.115990 0.551202 0.107767
v -0.120004 0.548964 0.108054
v -0.123757 0.547504 0.108056
v -0.127165 0.547070 0.107685
v -0.130185 0.547794 0.106892
v -0.132816 0.549677 0.105676
v -0.135103 0.552585 0.104087
v -0.137129 0.556272 0.102214
v -0.139003 0.560408 0.100176
v -0.140848 0.564633 0.098107
v -0.142780 0.568598 0.096132
v -0.144894 0.572021 0.094355
v -0.147251 0.574723 0.092841
v -0.149865 0.576655 0.091607
v -0.152706 0.577911 0.090620
f 851 852 853
f 851 853 852
f 851 853 854
f 851 854 853
f 851 854 855
f 851 855 854
f 851 855 856
f 851 856 855
f 851 856 857
f 851 857 856
f 851 857 858
f 851 858 857
f 851 858 859
f 851 859 858
f 851 859 860
f 851 860 859
f 851 860 861
f 851 861 860
f 851 861 862
f 851 862 861
f 851 862 863
f 851 863 862
f 851 863 864
f 851 864 863
f 851 864 865
f 851 865 864
f 851 865 866
f 851 866 865
f 851 866 867
f 851 867 866
f 851 867 868
f 851 868 867
f 851 868 869
f 851 869 868
f 851 869 870
f 851 870 869
f 851 870 871
f 851 871 870
f 851 871 872
f 851 872 871
f 851 872 873
f 851 873 872
f 851 873 874
f 851 874 873
f 851 874 875
f 851 875 874
f 851 875 876
f 851 876 875
f 851 876 877
f 851 877 876
f 851 877 878
f 851 878 877
f 851 878 879
f 851 879 878
f 851 879 880
f 851 880 879
f 851 880 881
f 851 881 880
f 851 881 882
f 851 882 881
f 851 882 883
f 851 883 882
f 851 883 884
f 851 884 883
f 851 884 885
f 851 885 884
f 851 885 886
f 851 886 885
f 851 886 887
f 851 887 886
f 851 887 888
f 851 888 887
f 851 888 889
f 851 889 888
f 851 889 890
f 851 890 889
f 851 890 891
f 851 891 890
f 851 891 892
f 851 892 891
f 851 892 893
f 851 893 892
f 851 893 894
f 851 894 893
f 851 894 895
f 851 895 894
f 851 895 896
f 851 896 895
v -0.155694 0.578731 0.089792
v -0.158707 0.579006 0.085794
v -0.161916 0.578880 0.081910
v -0.165534 0.577919 0.078260
v -0.169716 0.575803 0.074935
v -0.174516 0.572425 0.071966
v -0.179859 0.567936 0.069309
v -0.185548 0.562739 0.066851
v -0.191292 0.557430 0.064424
v -0.196754 0.552699 0.061836
v -0.201607 0.549210 0.058897
v -0.205597 0.547488 0.055462
v -0.208583 0.547819 0.051448
v -0.210565 0.550203 0.046857
v -0.211683 0.554353 0.041770
v -0.212193 0.559747 0.036332
v -0.212421 0.565718 0.030732
v -0.212704 0.571576 0.025163
v -0.213333 0.576727 0.019794
v -0.214505 0.580768 0.014737
v -0.216294 0.583545 0.010035
v -0.218648 0.585168 0.005659
v -0.221411 0.585956 0.001517
v -0.224369 0.586343 -0.002512
v -0.221356 0.586069 0.001485
v -0.218146 0.586195 0.005370
v -0.214529 0.587155 0.009020
v -0.210346 0.589271 0.012344
v -0.205547 0.592649 0.015314
v -0.200204 0.597138 0.017971
v -0.194515 0.602335 0.020429
v -0.188771 0.607645 0.022855
v -0.183309 0.612376 0.025444
v -0.178456 0.615864 0.028383
v -0.174466 0.617586 0.031818
v -0.171480 0.617255 0.035831
v -0.169498 0.614871 0.040422
v -0.168380 0.610721 0.045510
v -0.167869 0.605328 0.050948
v -0.167642 0.599357 0.056548
v -0.167359 0.593498 0.062116
v -0.166730 0.588347 0.067486
v -0.165558 0.584307 0.072543
v -0.163769 0.581529 0.077244
v -0.161414 0.579906 0.081621
v -0.158652 0.579119 0.085763
f 897 898 899
f 897 899 898
f 897 899 900
f 897 900 899
f 897 900 901
f 897 901 900
f 897 901 902
f 897 902 901
f 897 902 903
f 897 903 902
f 897 903 904
f 897 904 903
f 897 904 905
f 897 905 904
f 897 905 906
f 897 906 905
f 897 906 907
f 897 907 906
f 897 907 908
f 897 908 907
f 897 908 909
f 897 909 908
f 897 909 910
f 897 910 909
f 897 910 911
f 897 911 910
f 897 911 912
f 897 912 911
f 897 912 913
f 897 913 912
f 897 913 914
f 897 914 913
f 897 914 915
f 897 915 914
f 897 915 916
f 897 916 915
f 897 916 917
f 897 917 916
f 897 917 918
f 897 918 917
f 897 918 919
f 897 919 918
f 897 919 920
f 897 920 919
f 897 920 921
f 897 921 920
f 897 921 922
f 897 922 921
f 897 922 923
f 897 923 922
f 897 923 924
f 897 924 923
f 897 924 925
f 897 925 924
f 897 925 926
f 897 926 925
f 897 926 927
f 897 927 926
f 897 927 928
f 897 928 927
f 897 928 929
f 897 929 928
f 897 929 930
f 897 930 929
f 897 930 931
f 897 931 930
f 897 931 932
f 897 932 931
f 897 932 933
f 897 933 932
f 897 933 934
f 897 934 933
f 897 934 935
f 897 935 934
f 897 935 936
f 897 936 935
f 897 936 937
f 897 937 936
f 897 937 938
f 897 938 937
f 897 938 939
f 897 939 938
f 897 939 940
f 897 940 939
f 897 940 941
f 897 941 940
f 897 941 942
f 897 942 941
v -0.123708 0.552503 0.034489
v -0.128410 0.555601 0.032975
v -0.133595 0.557515 0.034829
v -0.137283 0.557515 0.039344
v -0.138066 0.555601 0.044795
v -0.135644 0.552503 0.049100
v -0.130943 0.549406 0.050614
v -0.125758 0.547492 0.048759
v -0.122069 0.547492 0.044244
v -0.121287 0.549406 0.038793
v -0.096674 0.607995 0.060471
v -0.099870 0.610101 0.059442
v -0.103396 0.611403 0.060703
v -0.105904 0.611403 0.063773
v -0.106436 0.610101 0.067480
v -0.104790 0.607995 0.070407
v -0.101593 0.605889 0.071436
v -0.098067 0.604587 0.070175
v -0.095559 0.604587 0.067105
v -0.095027 0.605889 0.063398
f 943 944 954
f 943 954 953
f 944 945 955
f 944 955 954
f 945 946 956
f 945 956 955
f 946 947 957
f 946 957 956
f 947 948 958
f 947 958 957
f 948 949 959
f 948 959 958
f 949 950 960
f 949 960 959
f 950 951 961
f 950 961 960
f 951 952 962
f 951 962 961
f 952 943 953
f 952 953 962
v -0.100732 0.607995 0.065439
v -0.100580 0.606964 0.061756
v -0.100686 0.606093 0.058014
v -0.101369 0.605578 0.054141
v -0.102885 0.605579 0.050079
v -0.105343 0.606162 0.045803
v -0.108656 0.607274 0.041332
v -0.112540 0.608739 0.036731
v -0.116551 0.610283 0.032102
v -0.120161 0.611579 0.027564
v -0.122855 0.612308 0.023234
v -0.124222 0.612216 0.019205
v -0.124037 0.611165 0.015530
v -0.122299 0.609153 0.012207
v -0.119235 0.606321 0.009186
v -0.115254 0.602922 0.006374
v -0.110873 0.599275 0.003652
v -0.106619 0.595707 0.000902
v -0.102935 0.592492 -0.001978
v -0.100107 0.589806 -0.005053
v -0.098220 0.587702 -0.008342
v -0.097167 0.586113 -0.011820
v -0.096690 0.584881 -0.015429
v -0.096471 0.583809 -0.019097
v -0.096623 0.584840 -0.015414
v -0.096517 0.585711 -0.011672
v -0.095834 0.586226 -0.007799
v -0.094318 0.586225 -0.003737
v -0.091860 0.585642 0.000539
v -0.088547 0.584530 0.005010
v -0.084663 0.583065 0.009611
v -0.080652 0.581521 0.014240
v -0.077042 0.580226 0.018778
v -0.074348 0.579497 0.023108
v -0.072981 0.579588 0.027137
v -0.073166 0.580639 0.030812
v -0.074904 0.582651 0.034135
v -0.077968 0.585483 0.037156
v -0.081949 0.588882 0.039968
v -0.086330 0.592529 0.042690
v -0.090584 0.596097 0.045440
v -0.094268 0.599312 0.048321
v -0.097096 0.601998 0.051395
v -0.098983 0.604102 0.054684
v -0.100036 0.605691 0.058162
v -0.100513 0.606923 0.061771
f 963 964 965
f 963 965 964
f 963 965 966
f 963 966 965
f 963 966 967
f 963 967 966
f 963 967 968
f 963 968 967
f 963 968 969
f 963 969 968
f 963 969 970
f 963 970 969
f 963 970 971
f 963 971 970
f 963 971 972
f 963 972 971
f 963 972 973
f 963 973 972
f 963 973 974
f 963 974 973
f 963 974 975
f 963 975 974
f 963 975 976
f 963 976 975
f 963 976 977
f 963 977 976
f 963 977 978
f 963 978 977
f 963 978 979
f 963 979 978
f 963 979 980
f 963 980 979
f 963 980 981
f 963 981 980
f 963 981 982
f 963 982 981
f 963 982 983
f 963 983 982
f 963 983 984
f 963 984 983
f 963 984 985
f 963 985 984
f 963 985 986
f 963 986 985
f 963 986 987
f 963 987 986
f 963 987 988
f 963 988 987
f 963 988 989
f 963 989 988
f 963 989 990
f 963 990 989
f 963 990 991
f 963 991 990
f 963 991 992
f 963 992 991
f 963 992 993
f 963 993 992
f 963 993 994
f 963 994 993
f 963 994 995
f 963 995 994
f 963 995 996
f 963 996 995
f 963 996 997
f 963 997 996
f 963 997 998
f 963 998 997
f 963 998 999
f 963 999 998
f 963 999 1000
f 963 1000 999
f 963 1000 1001
f 963 1001 1000
f 963 1001 1002
f 963 1002 1001
f 963 1002 1003
f 963 1003 1002
f 963 1003 1004
f 963 1004 1003
f 963 1004 1005
f 963 1005 1004
f 963 1005 1006
f 963 1006 1005
f 963 1006 1007
f 963 1007 1006
f 963 1007 1008
f 963 1008 1007
v -0.100732 0.607995 0.065439
v -0.103978 0.606095 0.069523
v -0.106675 0.603793 0.073882
v -0.108445 0.600808 0.078704
v -0.109095 0.597002 0.084085
v -0.108648 0.592391 0.090014
v -0.107335 0.587142 0.096377
v -0.105561 0.581555 0.102969
v -0.103850 0.576015 0.109530
v -0.102765 0.570934 0.115778
v -0.102824 0.566694 0.121455
v -0.104422 0.563584 0.126362
v -0.107774 0.561762 0.130394
v -0.112880 0.561228 0.133549
v -0.119525 0.561825 0.135936
v -0.127314 0.563262 0.137751
v -0.135729 0.565159 0.139253
v -0.144207 0.567102 0.140724
v -0.152225 0.568707 0.142425
v -0.159376 0.569675 0.144558
v -0.165429 0.569837 0.147241
v -0.170364 0.569178 0.150481
v -0.174371 0.567837 0.154186
v -0.177829 0.566093 0.158165
v -0.174582 0.567992 0.154080
v -0.171885 0.570295 0.149722
v -0.170116 0.573279 0.144899
v -0.169465 0.577085 0.139518
v -0.169912 0.581697 0.133589
v -0.171226 0.586946 0.127227
v -0.173000 0.592533 0.120634
v -0.174711 0.598073 0.114074
v -0.175795 0.603154 0.107826
v -0.175737 0.607394 0.102149
v -0.174138 0.610504 0.097241
v -0.170786 0.612326 0.093210
v -0.165680 0.612860 0.090054
v -0.159035 0.612263 0.087668
v -0.151246 0.610826 0.085853
v -0.142831 0.608929 0.084350
v -0.134353 0.606986 0.082880
v -0.126335 0.605381 0.081179
v -0.119184 0.604413 0.079045
v -0.113131 0.604250 0.076363
v -0.108196 0.604910 0.073122
v -0.104189 0.606250 0.069418
f 1009 1010 1011
f 1009 1011 1010
f 1009 1011 1012
f 1009 1012 1011
f 1009 1012 1013
f 1009 1013 1012
f 1009 1013 1014
f 1009 1014 1013
f 1009 1014 1015
f 1009 1015 1014
f 1009 1015 1016
f 1009 1016 1015
f 1009 1016 1017
f 1009 1017 1016
f 1009 1017 1018
f 1009 1018 1017
f 1009 1018 1019
f 1009 1019 1018
f 1009 1019 1020
f 1009 1020 1019
f 1009 1020 1021
f 1009 1021 1020
f 1009 1021 1022
f 1009 1022 1021
f 1009 1022 1023
f 1009 1023 1022
f 1009 1023 1024
f 1009 1024 1023
f 1009 1024 1025
f 1009 1025 1024
f 1009 1025 1026
f 1009 1026 1025
f 1009 1026 1027
f 1009 1027 1026
f 1009 1027 1028
f 1009 1028 1027
f 1009 1028 1029
f 1009 1029 1028
f 1009 1029 1030
f 1009 1030 1029
f 1009 1030 1031
f 1009 1031 1030
f 1009 1031 1032
f 1009 1032 1031
f 1009 1032 1033
f 1009 1033 1032
f 1009 1033 1034
f 1009 1034 1033
f 1009 1034 1035
f 1009 1035 1034
f 1009 1035 1036
f 1009 1036 1035
f 1009 1036 1037
f 1009 1037 1036
f 1009 1037 1038
f 1009 1038 1037
f 1009 1038 1039
f 1009 1039 1038
f 1009 1039 1040
f 1009 1040 1039
f 1009 1040 1041
f 1009 1041 1040
f 1009 1041 1042
f 1009 1042 1041
f 1009 1042 1043
f 1009 1043 1042
f 1009 1043 1044
f 1009 1044 1043
f 1009 1044 1045
f 1009 1045 1044
f 1009 1045 1046
f 1009 1046 1045
f 1009 1046 1047
f 1009 1047 1046
f 1009 1047 1048
f 1009 1048 1047
f 1009 1048 1049
f 1009 1049 1048
f 1009 1049 1050
f 1009 1050 1049
f 1009 1050 1051
f 1009 1051 1050
f 1009 1051 1052
f 1009 1052 1051
f 1009 1052 1053
f 1009 1053 1052
f 1009 1053 1054
f 1009 1054 1053
v -0.135619 0.552503 0.049120
v -0.130649 0.555022 0.050832
v -0.125306 0.556579 0.049093
v -0.121633 0.556579 0.044566
v -0.121032 0.555022 0.038980
v -0.123733 0.552503 0.034469
v -0.128704 0.549984 0.032756
v -0.134046 0.548428 0.034495
v -0.137719 0.548428 0.039023
v -0.138320 0.549984 0.044609
v -0.157949 0.613688 0.027116
v -0.154569 0.615401 0.028281
v -0.150936 0.616460 0.027098
v -0.148439 0.616460 0.024019
v -0.148030 0.615401 0.020221
v -0.149867 0.613688 0.017153
v -0.153247 0.611975 0.015989
v -0.156879 0.610917 0.017171
v -0.159377 0.610917 0.020250
v -0.159786 0.611975 0.024048
f 1055 1056 1066
f 1055 1066 1065
f 1056 1057 1067
f 1056 1067 1066
f 1057 1058 1068
f 1057 1068 1067
f 1058 1059 1069
f 1058 1069 1068
f 1059 1060 1070
f 1059 1070 1069
f 1060 1061 1071
f 1060 1071 1070
f 1061 1062 1072
f 1061 1072 1071
f 1062 1063 1073
f 1062 1073 1072
f 1063 1064 1074
f 1063 1074 1073
f 1064 1055 1065
f 1064 1065 1074
v -0.153908 0.613688 0.022135
v -0.153608 0.612919 0.025149
v -0.152471 0.612551 0.028379
v -0.150685 0.612493 0.031776
v -0.148423 0.612663 0.035295
v -0.145876 0.612970 0.038888
v -0.143239 0.613320 0.042503
v -0.140710 0.613617 0.046091
v -0.138478 0.613773 0.049602
v -0.136705 0.613709 0.052995
v -0.135527 0.613361 0.056236
v -0.135036 0.612683 0.059300
v -0.135282 0.611653 0.062174
v -0.136264 0.610270 0.064859
v -0.137934 0.608558 0.067368
v -0.140198 0.606562 0.069723
v -0.142923 0.604345 0.071961
v -0.145942 0.601987 0.074122
v -0.149071 0.599577 0.076256
v -0.152110 0.597210 0.078412
v -0.154863 0.594980 0.080642
v -0.157141 0.592977 0.082994
v -0.158770 0.591285 0.085513
v -0.159561 0.589994 0.088247
v -0.159861 0.590763 0.085233
v -0.160998 0.591131 0.082003
v -0.162784 0.591189 0.078606
v -0.165046 0.591019 0.075087
v -0.167593 0.590712 0.071494
v -0.170230 0.590362 0.067879
v -0.172759 0.590065 0.064291
v -0.174991 0.589909 0.060780
v -0.176764 0.589973 0.057387
v -0.177942 0.590321 0.054146
v -0.178433 0.590999 0.051082
v -0.178187 0.592029 0.048208
v -0.177205 0.593412 0.045523
v -0.175535 0.595124 0.043014
v -0.173271 0.597120 0.040659
v -0.170546 0.599337 0.038421
v -0.167527 0.601695 0.036260
v -0.164398 0.604104 0.034126
v -0.161359 0.606472 0.031970
v -0.158606 0.608702 0.029740
v -0.156328 0.610705 0.027388
v -0.154699 0.612397 0.024869
f 1075 1076 1077
f 1075 1077 1076
f 1075 1077 1078
f 1075 1078 1077
f 1075 1078 1079
f 1075 1079 1078
f 1075 1079 1080
f 1075 1080 1079
f 1075 1080 1081
f 1075 1081 1080
f 1075 1081 1082
f 1075 1082 1081
f 1075 1082 1083
f 1075 1083 1082
f 1075 1083 1084
f 1075 1084 1083
f 1075 1084 1085
f 1075 1085 1084
f 1075 1085 1086
f 1075 1086 1085
f 1075 1086 1087
f 1075 1087 1086
f 1075 1087 1088
f 1075 1088 1087
f 1075 1088 1089
f 1075 1089 1088
f 1075 1089 1090
f 1075 1090 1089
f 1075 1090 1091
f 1075 1091 1090
f 1075 1091 1092
f 1075 1092 1091
f 1075 1092 1093
f 1075 1093 1092
f 1075 1093 1094
f 1075 1094 1093
f 1075 1094 1095
f 1075 1095 1094
f 1075 1095 1096
f 1075 1096 1095
f 1075 1096 1097
f 1075 1097 1096
f 1075 1097 1098
f 1075 1098 1097
f 1075 1098 1099
f 1075 1099 1098
f 1075 1099 1100
f 1075 1100 1099
f 1075 1100 1101
f 1075 1101 1100
f 1075 1101 1102
f 1075 1102 1101
f 1075 1102 1103
f 1075 1103 1102
f 1075 1103 1104
f 1075 1104 1103
f 1075 1104 1105
f 1075 1105 1104
f 1075 1105 1106
f 1075 1106 1105
f 1075 1106 1107
f 1075 1107 1106
f 1075 1107 1108
f 1075 1108 1107
f 1075 1108 1109
f 1075 1109 1108
f 1075 1109 1110
f 1075 1110 1109
f 1075 1110 1111
f 1075 1111 1110
f 1075 1111 1112
f 1075 1112 1111
f 1075 1112 1113
f 1075 1113 1112
f 1075 1113 1114
f 1075 1114 1113
f 1075 1114 1115
f 1075 1115 1114
f 1075 1115 1116
f 1075 1116 1115
f 1075 1116 1117
f 1075 1117 1116
f 1075 1117 1118
f 1075 1118 1117
f 1075 1118 1119
f 1075 1119 1118
f 1075 1119 1120
f 1075 1120 1119
v -0.153908 0.613688 0.022135
v -0.152585 0.611673 0.018557
v -0.152327 0.609134 0.014661
v -0.153012 0.606131 0.010484
v -0.154448 0.602758 0.006082
v -0.156391 0.599136 0.001529
v -0.158557 0.595404 -0.003090
v -0.160646 0.591710 -0.007687
v -0.162365 0.588198 -0.012174
v -0.163448 0.584999 -0.016470
v -0.163675 0.582221 -0.020510
v -0.162891 0.579941 -0.024249
v -0.161014 0.578198 -0.027661
v -0.158045 0.576993 -0.030747
v -0.154065 0.576285 -0.033530
v -0.149228 0.575999 -0.036058
v -0.143756 0.576025 -0.038396
v -0.137913 0.576234 -0.040624
v -0.131993 0.576480 -0.042828
v -0.126297 0.576617 -0.045100
v -0.121107 0.576504 -0.047522
v -0.116669 0.576022 -0.050169
v -0.113174 0.575075 -0.053098
v -0.110743 0.573605 -0.056344
v -0.112066 0.575621 -0.052767
v -0.112324 0.578160 -0.048871
v -0.111639 0.581163 -0.044694
v -0.110203 0.584536 -0.040292
v -0.108260 0.588158 -0.035739
v -0.106094 0.591889 -0.031119
v -0.104005 0.595584 -0.026522
v -0.102286 0.599096 -0.022036
v -0.101203 0.602294 -0.017740
v -0.100976 0.605072 -0.013699
v -0.101760 0.607353 -0.009961
v -0.103637 0.609095 -0.006549
v -0.106606 0.610301 -0.003463
v -0.110587 0.611008 -0.000679
v -0.115423 0.611295 0.001849
v -0.120895 0.611268 0.004187
v -0.126738 0.611059 0.006414
v -0.132658 0.610813 0.008619
v -0.138354 0.610677 0.010890
v -0.143544 0.610789 0.013312
v -0.147982 0.611272 0.015959
v -0.151477 0.612218 0.018888
f 1121 1122 1123
f 1121 1123 1122
f 1121 1123 1124
f 1121 1124 1123
f 1121 1124 1125
f 1121 1125 1124
f 1121 1125 1126
f 1121 1126 1125
f 1121 1126 1127
f 1121 1127 1126
f 1121 1127 1128
f 1121 1128 1127
f 1121 1128 1129
f 1121 1129 1128
f 1121 1129 1130
f 1121 1130 1129
f 1121 1130 1131
f 1121 1131 1130
f 1121 1131 1132
f 1121 1132 1131
f 1121 1132 1133
f 1121 1133 1132
f 1121 1133 1134
f 1121 1134 1133
f 1121 1134 1135
f 1121 1135 1134
f 1121 1135 1136
f 1121 1136 1135
f 1121 1136 1137
f 1121 1137 1136
f 1121 1137 1138
f 1121 1138 1137
f 1121 1138 1139
f 1121 1139 1138
f 1121 1139 1140
f 1121 1140 1139
f 1121 1140 1141
f 1121 1141 1140
f 1121 1141 1142
f 1121 1142 1141
f 1121 1142 1143
f 1121 1143 1142
f 1121 1143 1144
f 1121 1144 1143
f 1121 1144 1145
f 1121 1145 1144
f 1121 1145 1146
f 1121 1146 1145
f 1121 1146 1147
f 1121 1147 1146
f 1121 1147 1148
f 1121 1148 1147
f 1121 1148 1149
f 1121 1149 1148
f 1121 1149 1150
f 1121 1150 1149
f 1121 1150 1151
f 1121 1151 1150
f 1121 1151 1152
f 1121 1152 1151
f 1121 1152 1153
f 1121 1153 1152
f 1121 1153 1154
f 1121 1154 1153
f 1121 1154 1155
f 1121 1155 1154
f 1121 1155 1156
f 1121 1156 1155
f 1121 1156 1157
f 1121 1157 1156
f 1121 1157 1158
f 1121 1158 1157
f 1121 1158 1159
f 1121 1159 1158
f 1121 1159 1160
f 1121 1160 1159
f 1121 1160 1161
f 1121 1161 1160
f 1121 1161 1162
f 1121 1162 1161
f 1121 1162 1163
f 1121 1163 1162
f 1121 1163 1164
f 1121 1164 1163
f 1121 1164 1165
f 1121 1165 1164
f 1121 1165 1166
f 1121 1166 1165
v -0.113795 0.462635 -0.005903
v -0.110104 0.466884 0.000564
v -0.102588 0.469510 0.003744
v -0.094117 0.469510 0.002422
v -0.087927 0.466884 -0.002897
v -0.086383 0.462635 -0.010181
v -0.090073 0.458386 -0.016649
v -0.097590 0.455760 -0.019829
v -0.106060 0.455760 -0.018507
v -0.112250 0.458386 -0.013188
v -0.118848 0.562893 -0.067071
v -0.116338 0.565783 -0.062673
v -0.111227 0.567568 -0.060511
v -0.105467 0.567568 -0.061410
v -0.101258 0.565783 -0.065026
v -0.100207 0.562893 -0.069980
v -0.102717 0.560004 -0.074378
v -0.107828 0.558218 -0.076540
v -0.113588 0.558218 -0.075641
v -0.117797 0.560004 -0.072024
f 1167 1168 1178
f 1167 1178 1177
f 1168 1169 1179
f 1168 1179 1178
f 1169 1170 1180
f 1169 1180 1179
f 1170 1171 1181
f 1170 1181 1180
f 1171 1172 1182
f 1171 1182 1181
f 1172 1173 1183
f 1172 1183 1182
f 1173 1174 1184
f 1173 1184 1183
f 1174 1175 1185
f 1174 1185 1184
f 1175 1176 1186
f 1175 1186 1185
f 1176 1167 1177
f 1176 1177 1186
v -0.109528 0.562893 -0.068525
v -0.113206 0.562188 -0.067509
v -0.116826 0.561793 -0.065989
v -0.120356 0.561875 -0.063694
v -0.123783 0.562497 -0.060517
v -0.127114 0.563625 -0.056518
v -0.130374 0.565131 -0.051901
v -0.133599 0.566818 -0.046991
v -0.136836 0.568442 -0.042184
v -0.140134 0.569748 -0.037894
v -0.143535 0.570508 -0.034494
v -0.147073 0.570547 -0.032266
v -0.150764 0.569774 -0.031362
v -0.154610 0.568188 -0.031780
v -0.158592 0.565882 -0.033371
v -0.162678 0.563030 -0.035851
v -0.166824 0.559860 -0.038848
v -0.170982 0.556627 -0.041949
v -0.175106 0.553574 -0.044756
v -0.179158 0.550900 -0.046946
v -0.183114 0.548731 -0.048313
v -0.186968 0.547104 -0.048799
v -0.190731 0.545953 -0.048509
v -0.194436 0.545111 -0.047716
v -0.190757 0.545816 -0.048732
v -0.187137 0.546211 -0.050252
v -0.183607 0.546130 -0.052548
v -0.180180 0.545508 -0.055724
v -0.176849 0.544380 -0.059724
v -0.173590 0.542873 -0.064340
v -0.170364 0.541186 -0.069250
v -0.167127 0.539563 -0.074057
v -0.163829 0.538256 -0.078347
v -0.160428 0.537497 -0.081747
v -0.156891 0.537457 -0.083975
v -0.153199 0.538230 -0.084880
v -0.149353 0.539816 -0.084461
v -0.145371 0.542122 -0.082871
v -0.141285 0.544975 -0.080390
v -0.137139 0.548144 -0.077393
v -0.132981 0.551378 -0.074293
v -0.128857 0.554431 -0.071486
v -0.124805 0.557105 -0.069295
v -0.120849 0.559273 -0.067928
v -0.116995 0.560901 -0.067442
v -0.113232 0.562052 -0.067732
f 1187 1188 1189
f 1187 1189 1188
f 1187 1189 1190
f 1187 1190 1189
f 1187 1190 1191
f 1187 1191 1190
f 1187 1191 1192
f 1187 1192 1191
f 1187 1192 1193
f 1187 1193 1192
f 1187 1193 1194
f 1187 1194 1193
f 1187 1194 1195
f 1187 1195 1194
f 1187 1195 1196
f 1187 1196 1195
f 1187 1196 1197
f 1187 1197 1196
f 1187 1197 1198
f 1187 1198 1197
f 1187 1198 1199
f 1187 1199 1198
f 1187 1199 1200
f 1187 1200 1199
f 1187 1200 1201
f 1187 1201 1200
f 1187 1201 1202
f 1187 1202 1201
f 1187 1202 1203
f 1187 1203 1202
f 1187 1203 1204
f 1187 1204 1203
f 1187 1204 1205
f 1187 1205 1204
f 1187 1205 1206
f 1187 1206 1205
f 1187 1206 1207
f 1187 1207 1206
f 1187 1207 1208
f 1187 1208 1207
f 1187 1208 1209
f 1187 1209 1208
f 1187 1209 1210
f 1187 1210 1209
f 1187 1210 1211
f 1187 1211 1210
f 1187 1211 1212
f 1187 1212 1211
f 1187 1212 1213
f 1187 1213 1212
f 1187 1213 1214
f 1187 1214 1213
f 1187 1214 1215
f 1187 1215 1214
f 1187 1215 1216
f 1187 1216 1215
f 1187 1216 1217
f 1187 1217 1216
f 1187 1217 1218
f 1187 1218 1217
f 1187 1218 1219
f 1187 1219 1218
f 1187 1219 1220
f 1187 1220 1219
f 1187 1220 1221
f 1187 1221 1220
f 1187 1221 1222
f 1187 1222 1221
f 1187 1222 1223
f 1187 1223 1222
f 1187 1223 1224
f 1187 1224 1223
f 1187 1224 1225
f 1187 1225 1224
f 1187 1225 1226
f 1187 1226 1225
f 1187 1226 1227
f 1187 1227 1226
f 1187 1227 1228
f 1187 1228 1227
f 1187 1228 1229
f 1187 1229 1228
f 1187 1229 1230
f 1187 1230 1229
f 1187 1230 1231
f 1187 1231 1230
f 1187 1231 1232
f 1187 1232 1231
v -0.109528 0.562893 -0.068525
v -0.107081 0.560946 -0.068655
v -0.104852 0.558711 -0.069228
v -0.102919 0.556084 -0.070404
v -0.101297 0.553045 -0.072215
v -0.099946 0.549646 -0.074581
v -0.098785 0.545996 -0.077332
v -0.097697 0.542250 -0.080233
v -0.096549 0.538583 -0.083011
v -0.095206 0.535173 -0.085392
v -0.093551 0.532178 -0.087136
v -0.091494 0.529714 -0.088061
v -0.088991 0.527843 -0.088074
v -0.086039 0.526565 -0.087172
v -0.082687 0.525818 -0.085453
v -0.079021 0.525486 -0.083096
v -0.075162 0.525411 -0.080343
v -0.071242 0.525416 -0.077467
v -0.067396 0.525324 -0.074740
v -0.063739 0.524981 -0.072399
v -0.060353 0.524278 -0.070613
v -0.057279 0.523163 -0.069461
v -0.054500 0.521657 -0.068912
v -0.051939 0.519862 -0.068807
v -0.054385 0.521809 -0.068678
v -0.056614 0.524044 -0.068105
v -0.058547 0.526671 -0.066928
v -0.060170 0.529710 -0.065118
v -0.061520 0.533109 -0.062752
v -0.062681 0.536759 -0.060001
v -0.063769 0.540506 -0.057100
v -0.064918 0.544173 -0.054322
v -0.066260 0.547582 -0.051940
v -0.067916 0.550577 -0.050197
v -0.069972 0.553042 -0.049271
v -0.072476 0.554913 -0.049259
v -0.075427 0.556190 -0.050160
v -0.078780 0.556937 -0.051879
v -0.082445 0.557269 -0.054236
v -0.086304 0.557344 -0.056990
v -0.090224 0.557339 -0.059866
v -0.094070 0.557431 -0.062593
v -0.097728 0.557774 -0.064934
v -0.101113 0.558477 -0.066720
v -0.104187 0.559592 -0.067872
v -0.106966 0.561099 -0.068420
f 1233 1234 1235
f 1233 1235 1234
f 1233 1235 1236
f 1233 1236 1235
f 1233 1236 1237
f 1233 1237 1236
f 1233 1237 1238
f 1233 1238 1237
f 1233 1238 1239
f 1233 1239 1238
f 1233 1239 1240
f 1233 1240 1239
f 1233 1240 1241
f 1233 1241 1240
f 1233 1241 1242
f 1233 1242 1241
f 1233 1242 1243
f 1233 1243 1242
f 1233 1243 1244
f 1233 1244 1243
f 1233 1244 1245
f 1233 1245 1244
f 1233 1245 1246
f 1233 1246 1245
f 1233 1246 1247
f 1233 1247 1246
f 1233 1247 1248
f 1233 1248 1247
f 1233 1248 1249
f 1233 1249 1248
f 1233 1249 1250
f 1233 1250 1249
f 1233 1250 1251
f 1233 1251 1250
f 1233 1251 1252
f 1233 1252 1251
f 1233 1252 1253
f 1233 1253 1252
f 1233 1253 1254
f 1233 1254 1253
f 1233 1254 1255
f 1233 1255 1254
f 1233 1255 1256
f 1233 1256 1255
f 1233 1256 1257
f 1233 1257 1256
f 1233 1257 1258
f 1233 1258 1257
f 1233 1258 1259
f 1233 1259 1258
f 1233 1259 1260
f 1233 1260 1259
f 1233 1260 1261
f 1233 1261 1260
f 1233 1261 1262
f 1233 1262 1261
f 1233 1262 1263
f 1233 1263 1262
f 1233 1263 1264
f 1233 1264 1263
f 1233 1264 1265
f 1233 1265 1264
f 1233 1265 1266
f 1233 1266 1265
f 1233 1266 1267
f 1233 1267 1266
f 1233 1267 1268
f 1233 1268 1267
f 1233 1268 1269
f 1233 1269 1268
f 1233 1269 1270
f 1233 1270 1269
f 1233 1270 1271
f 1233 1271 1270
f 1233 1271 1272
f 1233 1272 1271
f 1233 1272 1273
f 1233 1273 1272
f 1233 1273 1274
f 1233 1274 1273
f 1233 1274 1275
f 1233 1275 1274
f 1233 1275 1276
f 1233 1276 1275
f 1233 1276 1277
f 1233 1277 1276
f 1233 1277 1278
f 1233 1278 1277
v -0.118866 0.562893 -0.067194
v -0.116874 0.568237 -0.065983
v -0.112075 0.571539 -0.065743
v -0.106304 0.571539 -0.066566
v -0.101764 0.568237 -0.068137
v -0.100189 0.562893 -0.069856
v -0.102181 0.557550 -0.071067
v -0.106980 0.554248 -0.071307
v -0.112751 0.554248 -0.070485
v -0.117291 0.557550 -0.068914
v -0.125403 0.581591 -0.134452
v -0.124049 0.585225 -0.133629
v -0.120786 0.587470 -0.133466
v -0.116861 0.587470 -0.134025
v -0.113774 0.585225 -0.135093
v -0.112703 0.581591 -0.136263
v -0.114058 0.577958 -0.137086
v -0.117321 0.575712 -0.137249
v -0.121245 0.575712 -0.136690
v -0.124333 0.577958 -0.135622
f 1279 1280 1290
f 1279 1290 1289
f 1280 1281 1291
f 1280 1291 1290
f 1281 1282 1292
f 1281 1292 1291
f 1282 1283 1293
f 1282 1293 1292
f 1283 1284 1294
f 1283 1294 1293
f 1284 1285 1295
f 1284 1295 1294
f 1285 1286 1296
f 1285 1296 1295
f 1286 1287 1297
f 1286 1297 1296
f 1287 1288 1298
f 1287 1298 1297
f 1288 1279 1289
f 1288 1289 1298
v -0.119053 0.581591 -0.135357
v -0.121758 0.580852 -0.133166
v -0.124773 0.581110 -0.130650
v -0.128023 0.582126 -0.127890
v -0.131442 0.583687 -0.124953
v -0.134961 0.585571 -0.121911
v -0.138509 0.587546 -0.118840
v -0.142013 0.589383 -0.115813
v -0.145409 0.590868 -0.112900
v -0.148636 0.591811 -0.110163
v -0.151647 0.592058 -0.107652
v -0.154409 0.591502 -0.105401
v -0.156905 0.590088 -0.103427
v -0.159134 0.587816 -0.101732
v -0.161115 0.584741 -0.100297
v -0.162879 0.580971 -0.099087
v -0.164476 0.576659 -0.098053
v -0.165962 0.571993 -0.097133
v -0.167407 0.567191 -0.096257
v -0.168879 0.562479 -0.095352
v -0.170452 0.558091 -0.094343
v -0.172194 0.554247 -0.093157
v -0.174170 0.551161 -0.091725
v -0.176457 0.549072 -0.089971
v -0.173752 0.549811 -0.092163
v -0.170737 0.549552 -0.094678
v -0.167487 0.548537 -0.097439
v -0.164068 0.546976 -0.100376
v -0.160549 0.545092 -0.103417
v -0.157002 0.543117 -0.106489
v -0.153497 0.541279 -0.109516
v -0.150101 0.539795 -0.112428
v -0.146874 0.538852 -0.115165
v -0.143863 0.538605 -0.117676
v -0.141101 0.539161 -0.119928
v -0.138605 0.540575 -0.121901
v -0.136376 0.542847 -0.123596
v -0.134395 0.545922 -0.125032
v -0.132631 0.549692 -0.126241
v -0.131034 0.554004 -0.127276
v -0.129548 0.558670 -0.128195
v -0.128103 0.563472 -0.129071
v -0.126631 0.568184 -0.129976
v -0.125058 0.572572 -0.130985
v -0.123316 0.576416 -0.132171
v -0.121340 0.579502 -0.133603
f 1299 1300 1301
f 1299 1301 1300
f 1299 1301 1302
f 1299 1302 1301
f 1299 1302 1303
f 1299 1303 1302
f 1299 1303 1304
f 1299 1304 1303
f 1299 1304 1305
f 1299 1305 1304
f 1299 1305 1306
f 1299 1306 1305
f 1299 1306 1307
f 1299 1307 1306
f 1299 1307 1308
f 1299 1308 1307
f 1299 1308 1309
f 1299 1309 1308
f 1299 1309 1310
f 1299 1310 1309
f 1299 1310 1311
f 1299 1311 1310
f 1299 1311 1312
f 1299 1312 1311
f 1299 1312 1313
f 1299 1313 1312
f 1299 1313 1314
f 1299 1314 1313
f 1299 1314 1315
f 1299 1315 1314
f 1299 1315 1316
f 1299 1316 1315
f 1299 1316 1317
f 1299 1317 1316
f 1299 1317 1318
f 1299 1318 1317
f 1299 1318 1319
f 1299 1319 1318
f 1299 1319 1320
f 1299 1320 1319
f 1299 1320 1321
f 1299 1321 1320
f 1299 1321 1322
f 1299 1322 1321
f 1299 1322 1323
f 1299 1323 1322
f 1299 1323 1324
f 1299 1324 1323
f 1299 1324 1325
f 1299 1325 1324
f 1299 1325 1326
f 1299 1326 1325
f 1299 1326 1327
f 1299 1327 1326
f 1299 1327 1328
f 1299 1328 1327
f 1299 1328 1329
f 1299 1329 1328
f 1299 1329 1330
f 1299 1330 1329
f 1299 1330 1331
f 1299 1331 1330
f 1299 1331 1332
f 1299 1332 1331
f 1299 1332 1333
f 1299 1333 1332
f 1299 1333 1334
f 1299 1334 1333
f 1299 1334 1335
f 1299 1335 1334
f 1299 1335 1336
f 1299 1336 1335
f 1299 1336 1337
f 1299 1337 1336
f 1299 1337 1338
f 1299 1338 1337
f 1299 1338 1339
f 1299 1339 1338
f 1299 1339 1340
f 1299 1340 1339
f 1299 1340 1341
f 1299 1341 1340
f 1299 1341 1342
f 1299 1342 1341
f 1299 1342 1343
f 1299 1343 1342
f 1299 1343 1344
f 1299 1344 1343
v -0.119053 0.581591 -0.135357
v -0.116270 0.583281 -0.134048
v -0.113287 0.584726 -0.132836
v -0.109892 0.585667 -0.131824
v -0.105934 0.585918 -0.131085
v -0.101365 0.585423 -0.130642
v -0.096263 0.584276 -0.130457
v -0.090826 0.582718 -0.130435
v -0.085342 0.581103 -0.130436
v -0.080143 0.579835 -0.130298
v -0.075547 0.579306 -0.129869
v -0.071803 0.579821 -0.129025
v -0.069049 0.581547 -0.127702
v -0.067286 0.584484 -0.125899
v -0.066375 0.588465 -0.123682
v -0.066067 0.593184 -0.121173
v -0.066044 0.598251 -0.118525
v -0.065973 0.603260 -0.115901
v -0.065567 0.607859 -0.113439
v -0.064629 0.611806 -0.111236
v -0.063080 0.615006 -0.109328
v -0.060968 0.617517 -0.107694
v -0.058444 0.619524 -0.106259
v -0.055719 0.621286 -0.104922
v -0.058502 0.619595 -0.106231
v -0.061486 0.618151 -0.107443
v -0.064881 0.617210 -0.108455
v -0.068839 0.616958 -0.109194
v -0.073408 0.617454 -0.109638
v -0.078509 0.618601 -0.109822
v -0.083946 0.620159 -0.109845
v -0.089430 0.621774 -0.109844
v -0.094630 0.623041 -0.109981
v -0.099226 0.623570 -0.110411
v -0.102970 0.623056 -0.111254
v -0.105723 0.621330 -0.112578
v -0.107487 0.618393 -0.114381
v -0.108398 0.614412 -0.116598
v -0.108706 0.609693 -0.119107
v -0.108729 0.604626 -0.121754
v -0.108799 0.599617 -0.124378
v -0.109205 0.595018 -0.126840
v -0.110144 0.591071 -0.129044
v -0.111693 0.587870 -0.130951
v -0.113805 0.585359 -0.132585
v -0.116329 0.583352 -0.134020
f 1345 1346 1347
f 1345 1347 1346
f 1345 1347 1348
f 1345 1348 1347
f 1345 1348 1349
f 1345 1349 1348
f 1345 1349 1350
f 1345 1350 1349
f 1345 1350 1351
f 1345 1351 1350
f 1345 1351 1352
f 1345 1352 1351
f 1345 1352 1353
f 1345 1353 1352
f 1345 1353 1354
f 1345 1354 1353
f 1345 1354 1355
f 1345 1355 1354
f 1345 1355 1356
f 1345 1356 1355
f 1345 1356 1357
f 1345 1357 1356
f 1345 1357 1358
f 1345 1358 1357
f 1345 1358 1359
f 1345 1359 1358
f 1345 1359 1360
f 1345 1360 1359
f 1345 1360 1361
f 1345 1361 1360
f 1345 1361 1362
f 1345 1362 1361
f 1345 1362 1363
f 1345 1363 1362
f 1345 1363 1364
f 1345 1364 1363
f 1345 1364 1365
f 1345 1365 1364
f 1345 1365 1366
f 1345 1366 1365
f 1345 1366 1367
f 1345 1367 1366
f 1345 1367 1368
f 1345 1368 1367
f 1345 1368 1369
f 1345 1369 1368
f 1345 1369 1370
f 1345 1370 1369
f 1345 1370 1371
f 1345 1371 1370
f 1345 1371 1372
f 1345 1372 1371
f 1345 1372 1373
f 1345 1373 1372
f 1345 1373 1374
f 1345 1374 1373
f 1345 1374 1375
f 1345 1375 1374
f 1345 1375 1376
f 1345 1376 1375
f 1345 1376 1377
f 1345 1377 1376
f 1345 1377 1378
f 1345 1378 1377
f 1345 1378 1379
f 1345 1379 1378
f 1345 1379 1380
f 1345 1380 1379
f 1345 1380 1381
f 1345 1381 1380
f 1345 1381 1382
f 1345 1382 1381
f 1345 1382 1383
f 1345 1383 1382
f 1345 1383 1384
f 1345 1384 1383
f 1345 1384 1385
f 1345 1385 1384
f 1345 1385 1386
f 1345 1386 1385
f 1345 1386 1387
f 1345 1387 1386
f 1345 1387 1388
f 1345 1388 1387
f 1345 1388 1389
f 1345 1389 1388
f 1345 1389 1390
f 1345 1390 1389
v -0.119053 0.581591 -0.135357
v -0.115779 0.577735 -0.134119
v -0.112919 0.573499 -0.132928
v -0.110847 0.568539 -0.131827
v -0.109800 0.562638 -0.130844
v -0.109821 0.555756 -0.129982
v -0.110740 0.548050 -0.129223
v -0.112191 0.539855 -0.128526
v -0.113668 0.531636 -0.127831
v -0.114605 0.523912 -0.127074
v -0.114468 0.517176 -0.126194
v -0.112842 0.511807 -0.125145
v -0.109500 0.508013 -0.123899
v -0.104444 0.505794 -0.122456
v -0.097898 0.504942 -0.120844
v -0.090277 0.505077 -0.119108
v -0.082117 0.505708 -0.117311
v -0.073983 0.506315 -0.115517
v -0.066381 0.506433 -0.113784
v -0.059677 0.505727 -0.112153
v -0.054041 0.504039 -0.110644
v -0.049430 0.501411 -0.109253
v -0.045607 0.498059 -0.107952
v -0.042198 0.494327 -0.106698
v -0.045472 0.498183 -0.107937
v -0.048332 0.502419 -0.109128
v -0.050404 0.507379 -0.110229
v -0.051451 0.513280 -0.111212
v -0.051430 0.520162 -0.112074
v -0.050511 0.527868 -0.112832
v -0.049060 0.536063 -0.113530
v -0.047583 0.544282 -0.114225
v -0.046646 0.552005 -0.114982
v -0.046783 0.558742 -0.115861
v -0.048409 0.564111 -0.116911
v -0.051751 0.567905 -0.118157
v -0.056808 0.570124 -0.119599
v -0.063354 0.570976 -0.121212
v -0.070974 0.570841 -0.122947
v -0.079134 0.570210 -0.124745
v -0.087268 0.569603 -0.126539
v -0.094870 0.569485 -0.128272
v -0.101574 0.570191 -0.129903
v -0.107210 0.571878 -0.131411
v -0.111821 0.574507 -0.132803
v -0.115645 0.577859 -0.134104
f 1391 1392 1393
f 1391 1393 1392
f 1391 1393 1394
f 1391 1394 1393
f 1391 1394 1395
f 1391 1395 1394
f 1391 1395 1396
f 1391 1396 1395
f 1391 1396 1397
f 1391 1397 1396
f 1391 1397 1398
f 1391 1398 1397
f 1391 1398 1399
f 1391 1399 1398
f 1391 1399 1400
f 1391 1400 1399
f 1391 1400 1401
f 1391 1401 1400
f 1391 1401 1402
f 1391 1402 1401
f 1391 1402 1403
f 1391 1403 1402
f 1391 1403 1404
f 1391 1404 1403
f 1391 1404 1405
f 1391 1405 1404
f 1391 1405 1406
f 1391 1406 1405
f 1391 1406 1407
f 1391 1407 1406
f 1391 1407 1408
f 1391 1408 1407
f 1391 1408 1409
f 1391 1409 1408
f 1391 1409 1410
f 1391 1410 1409
f 1391 1410 1411
f 1391 1411 1410
f 1391 1411 1412
f 1391 1412 1411
f 1391 1412 1413
f 1391 1413 1412
f 1391 1413 1414
f 1391 1414 1413
f 1391 1414 1415
f 1391 1415 1414
f 1391 1415 1416
f 1391 1416 1415
f 1391 1416 1417
f 1391 1417 1416
f 1391 1417 1418
f 1391 1418 1417
f 1391 1418 1419
f 1391 1419 1418
f 1391 1419 1420
f 1391 1420 1419
f 1391 1420 1421
f 1391 1421 1420
f 1391 1421 1422
f 1391 1422 1421
f 1391 1422 1423
f 1391 1423 1422
f 1391 1423 1424
f 1391 1424 1423
f 1391 1424 1425
f 1391 1425 1424
f 1391 1425 1426
f 1391 1426 1425
f 1391 1426 1427
f 1391 1427 1426
f 1391 1427 1428
f 1391 1428 1427
f 1391 1428 1429
f 1391 1429 1428
f 1391 1429 1430
f 1391 1430 1429
f 1391 1430 1431
f 1391 1431 1430
f 1391 1431 1432
f 1391 1432 1431
f 1391 1432 1433
f 1391 1433 1432
f 1391 1433 1434
f 1391 1434 1433
f 1391 1434 1435
f 1391 1435 1434
f 1391 1435 1436
f 1391 1436 1435
v -0.106273 0.562893 -0.059672
v -0.102389 0.565668 -0.063019
v -0.101232 0.567383 -0.068469
v -0.103243 0.567383 -0.073941
v -0.107655 0.565668 -0.077344
v -0.112782 0.562893 -0.077379
v -0.116666 0.560119 -0.074032
v -0.117823 0.558404 -0.068582
v -0.115812 0.558404 -0.063110
v -0.111400 0.560119 -0.059706
v -0.136403 0.616511 -0.051812
v -0.133762 0.618398 -0.054088
v -0.132975 0.619564 -0.057795
v -0.134343 0.619564 -0.061516
v -0.137343 0.618398 -0.063830
v -0.140829 0.616511 -0.063854
v -0.143470 0.614624 -0.061578
v -0.144257 0.613458 -0.057871
v -0.142890 0.613458 -0.054150
v -0.139890 0.614624 -0.051836
f 1437 1438 1448
f 1437 1448 1447
f 1438 1439 1449
f 1438 1449 1448
f 1439 1440 1450
f 1439 1450 1449
f 1440 1441 1451
f 1440 1451 1450
f 1441 1442 1452
f 1441 1452 1451
f 1442 1443 1453
f 1442 1453 1452
f 1443 1444 1454
f 1443 1454 1453
f 1444 1445 1455
f 1444 1455 1454
f 1445 1446 1456
f 1445 1456 1455
f 1446 1437 1447
f 1446 1447 1456
v -0.138616 0.616511 -0.057833
v -0.136557 0.616111 -0.055333
v -0.134210 0.615905 -0.053027
v -0.131353 0.616046 -0.051066
v -0.127860 0.616617 -0.049534
v -0.123728 0.617621 -0.048434
v -0.119078 0.618976 -0.047684
v -0.114138 0.620526 -0.047130
v -0.109213 0.622067 -0.046566
v -0.104635 0.623373 -0.045768
v -0.100713 0.624235 -0.044527
v -0.097683 0.624492 -0.042682
v -0.095675 0.624057 -0.040147
v -0.094690 0.622930 -0.036921
v -0.094597 0.621198 -0.033092
v -0.095160 0.619022 -0.028820
v -0.096069 0.616611 -0.024313
v -0.096994 0.614191 -0.019797
v -0.097629 0.611966 -0.015476
v -0.097746 0.610092 -0.011505
v -0.097223 0.608651 -0.007967
v -0.096066 0.607641 -0.004857
v -0.094397 0.606976 -0.002093
v -0.092441 0.606506 0.000477
v -0.094500 0.606906 -0.002023
v -0.096847 0.607112 -0.004329
v -0.099704 0.606971 -0.006290
v -0.103197 0.606400 -0.007822
v -0.107329 0.605396 -0.008922
v -0.111980 0.604041 -0.009671
v -0.116919 0.602491 -0.010226
v -0.121844 0.600950 -0.010790
v -0.126422 0.599644 -0.011588
v -0.130345 0.598782 -0.012829
v -0.133374 0.598525 -0.014674
v -0.135382 0.598960 -0.017209
v -0.136367 0.600087 -0.020435
v -0.136460 0.601819 -0.024264
v -0.135897 0.603995 -0.028536
v -0.134988 0.606406 -0.033043
v -0.134063 0.608826 -0.037559
v -0.133428 0.611051 -0.041880
v -0.133311 0.612925 -0.045850
v -0.133834 0.614366 -0.049389
v -0.134992 0.615376 -0.052499
v -0.136660 0.616041 -0.055263
f 1457 1458 1459
f 1457 1459 1458
f 1457 1459 1460
f 1457 1460 1459
f 1457 1460 1461
f 1457 1461 1460
f 1457 1461 1462
f 1457 1462 1461
f 1457 1462 1463
f 1457 1463 1462
f 1457 1463 1464
f 1457 1464 1463
f 1457 1464 1465
f 1457 1465 1464
f 1457 1465 1466
f 1457 1466 1465
f 1457 1466 1467
f 1457 1467 1466
f 1457 1467 1468
f 1457 1468 1467
f 1457 1468 1469
f 1457 1469 1468
f 1457 1469 1470
f 1457 1470 1469
f 1457 1470 1471
f 1457 1471 1470
f 1457 1471 1472
f 1457 1472 1471
f 1457 1472 1473
f 1457 1473 1472
f 1457 1473 1474
f 1457 1474 1473
f 1457 1474 1475
f 1457 1475 1474
f 1457 1475 1476
f 1457 1476 1475
f 1457 1476 1477
f 1457 1477 1476
f 1457 1477 1478
f 1457 1478 1477
f 1457 1478 1479
f 1457 1479 1478
f 1457 1479 1480
f 1457 1480 1479
f 1457 1480 1481
f 1457 1481 1480
f 1457 1481 1482
f 1457 1482 1481
f 1457 1482 1483
f 1457 1483 1482
f 1457 1483 1484
f 1457 1484 1483
f 1457 1484 1485
f 1457 1485 1484
f 1457 1485 1486
f 1457 1486 1485
f 1457 1486 1487
f 1457 1487 1486
f 1457 1487 1488
f 1457 1488 1487
f 1457 1488 1489
f 1457 1489 1488
f 1457 1489 1490
f 1457 1490 1489
f 1457 1490 1491
f 1457 1491 1490
f 1457 1491 1492
f 1457 1492 1491
f 1457 1492 1493
f 1457 1493 1492
f 1457 1493 1494
f 1457 1494 1493
f 1457 1494 1495
f 1457 1495 1494
f 1457 1495 1496
f 1457 1496 1495
f 1457 1496 1497
f 1457 1497 1496
f 1457 1497 1498
f 1457 1498 1497
f 1457 1498 1499
f 1457 1499 1498
f 1457 1499 1500
f 1457 1500 1499
f 1457 1500 1501
f 1457 1501 1500
f 1457 1501 1502
f 1457 1502 1501
v -0.138616 0.616511 -0.057833
v -0.134923 0.615971 -0.060790
v -0.131782 0.615280 -0.064499
v -0.129349 0.614398 -0.069167
v -0.127630 0.613321 -0.074805
v -0.126514 0.612081 -0.081263
v -0.125800 0.610731 -0.088266
v -0.125220 0.609345 -0.095451
v -0.124474 0.608004 -0.102411
v -0.123266 0.606789 -0.108743
v -0.121337 0.605769 -0.114096
v -0.118496 0.604998 -0.118211
v -0.114642 0.604501 -0.120949
v -0.109774 0.604280 -0.122312
v -0.103995 0.604307 -0.122437
v -0.097495 0.604530 -0.121583
v -0.090532 0.604878 -0.120101
v -0.083404 0.605271 -0.118394
v -0.076410 0.605628 -0.116868
v -0.069817 0.605876 -0.115888
v -0.063828 0.605959 -0.115728
v -0.058553 0.605849 -0.116538
v -0.053985 0.605547 -0.118307
v -0.049970 0.605094 -0.120828
v -0.053663 0.605634 -0.117870
v -0.056803 0.606324 -0.114162
v -0.059237 0.607207 -0.109493
v -0.060956 0.608283 -0.103856
v -0.062072 0.609524 -0.097398
v -0.062786 0.610873 -0.090395
v -0.063366 0.612259 -0.083210
v -0.064112 0.613600 -0.076250
v -0.065320 0.614816 -0.069918
v -0.067249 0.615835 -0.064565
v -0.070090 0.616607 -0.060450
v -0.073944 0.617103 -0.057711
v -0.078812 0.617324 -0.056348
v -0.084591 0.617298 -0.056223
v -0.091091 0.617075 -0.057078
v -0.098054 0.616727 -0.058560
v -0.105182 0.616334 -0.060267
v -0.112176 0.615977 -0.061792
v -0.118769 0.615729 -0.062773
v -0.124758 0.615645 -0.062932
v -0.130033 0.615756 -0.062123
v -0.134601 0.616058 -0.060353
f 1503 1504 1505
f 1503 1505 1504
f 1503 1505 1506
f 1503 1506 1505
f 1503 1506 1507
f 1503 1507 1506
f 1503 1507 1508
f 1503 1508 1507
f 1503 1508 1509
f 1503 1509 1508
f 1503 1509 1510
f 1503 1510 1509
f 1503 1510 1511
f 1503 1511 1510
f 1503 1511 1512
f 1503 1512 1511
f 1503 1512 1513
f 1503 1513 1512
f 1503 1513 1514
f 1503 1514 1513
f 1503 1514 1515
f 1503 1515 1514
f 1503 1515 1516
f 1503 1516 1515
f 1503 1516 1517
f 1503 1517 1516
f 1503 1517 1518
f 1503 1518 1517
f 1503 1518 1519
f 1503 1519 1518
f 1503 1519 1520
f 1503 1520 1519
f 1503 1520 1521
f 1503 1521 1520
f 1503 1521 1522
f 1503 1522 1521
f 1503 1522 1523
f 1503 1523 1522
f 1503 1523 1524
f 1503 1524 1523
f 1503 1524 1525
f 1503 1525 1524
f 1503 1525 1526
f 1503 1526 1525
f 1503 1526 1527
f 1503 1527 1526
f 1503 1527 1528
f 1503 1528 1527
f 1503 1528 1529
f 1503 1529 1528
f 1503 1529 1530
f 1503 1530 1529
f 1503 1530 1531
f 1503 1531 1530
f 1503 1531 1532
f 1503 1532 1531
f 1503 1532 1533
f 1503 1533 1532
f 1503 1533 1534
f 1503 1534 1533
f 1503 1534 1535
f 1503 1535 1534
f 1503 1535 1536
f 1503 1536 1535
f 1503 1536 1537
f 1503 1537 1536
f 1503 1537 1538
f 1503 1538 1537
f 1503 1538 1539
f 1503 1539 1538
f 1503 1539 1540
f 1503 1540 1539
f 1503 1540 1541
f 1503 1541 1540
f 1503 1541 1542
f 1503 1542 1541
f 1503 1542 1543
f 1503 1543 1542
f 1503 1543 1544
f 1503 1544 1543
f 1503 1544 1545
f 1503 1545 1544
f 1503 1545 1546
f 1503 1546 1545
f 1503 1546 1547
f 1503 1547 1546
f 1503 1547 1548
f 1503 1548 1547
v -0.138616 0.616511 -0.057833
v -0.140826 0.612748 -0.057599
v -0.142975 0.608762 -0.056084
v -0.145075 0.604594 -0.053520
v -0.147137 0.600288 -0.050161
v -0.149176 0.595895 -0.046298
v -0.151206 0.591468 -0.042249
v -0.153242 0.587066 -0.038337
v -0.155300 0.582742 -0.034875
v -0.157391 0.578544 -0.032139
v -0.159528 0.574512 -0.030356
v -0.161717 0.570673 -0.029686
v -0.163963 0.567042 -0.030211
v -0.166265 0.563619 -0.031932
v -0.168619 0.560390 -0.034766
v -0.171018 0.557326 -0.038552
v -0.173452 0.554388 -0.043065
v -0.175906 0.551529 -0.048028
v -0.178367 0.548693 -0.053128
v -0.180820 0.545825 -0.058041
v -0.183248 0.542870 -0.062451
v -0.185639 0.539776 -0.066066
v -0.187981 0.536500 -0.068631
v -0.190262 0.533001 -0.069916
v -0.188053 0.536764 -0.070151
v -0.185903 0.540749 -0.071665
v -0.183804 0.544917 -0.074229
v -0.181741 0.549223 -0.077588
v -0.179703 0.553617 -0.081451
v -0.177673 0.558043 -0.085500
v -0.175636 0.562445 -0.089412
v -0.173579 0.566770 -0.092875
v -0.171487 0.570967 -0.095610
v -0.169350 0.575000 -0.097393
v -0.167161 0.578838 -0.098063
v -0.164916 0.582469 -0.097538
v -0.162614 0.585892 -0.095817
v -0.160260 0.589122 -0.092984
v -0.157860 0.592186 -0.089197
v -0.155427 0.595123 -0.084684
v -0.152972 0.597983 -0.079722
v -0.150511 0.600818 -0.074621
v -0.148059 0.603686 -0.069708
v -0.145630 0.606642 -0.065298
v -0.143239 0.609736 -0.061683
v -0.140897 0.613012 -0.059118
f 1549 1550 1551
f 1549 1551 1550
f 1549 1551 1552
f 1549 1552 1551
f 1549 1552 1553
f 1549 1553 1552
f 1549 1553 1554
f 1549 1554 1553
f 1549 1554 1555
f 1549 1555 1554
f 1549 1555 1556
f 1549 1556 1555
f 1549 1556 1557
f 1549 1557 1556
f 1549 1557 1558
f 1549 1558 1557
f 1549 1558 1559
f 1549 1559 1558
f 1549 1559 1560
f 1549 1560 1559
f 1549 1560 1561
f 1549 1561 1560
f 1549 1561 1562
f 1549 1562 1561
f 1549 1562 1563
f 1549 1563 1562
f 1549 1563 1564
f 1549 1564 1563
f 1549 1564 1565
f 1549 1565 1564
f 1549 1565 1566
f 1549 1566 1565
f 1549 1566 1567
f 1549 1567 1566
f 1549 1567 1568
f 1549 1568 1567
f 1549 1568 1569
f 1549 1569 1568
f 1549 1569 1570
f 1549 1570 1569
f 1549 1570 1571
f 1549 1571 1570
f 1549 1571 1572
f 1549 1572 1571
f 1549 1572 1573
f 1549 1573 1572
f 1549 1573 1574
f 1549 1574 1573
f 1549 1574 1575
f 1549 1575 1574
f 1549 1575 1576
f 1549 1576 1575
f 1549 1576 1577
f 1549 1577 1576
f 1549 1577 1578
f 1549 1578 1577
f 1549 1578 1579
f 1549 1579 1578
f 1549 1579 1580
f 1549 1580 1579
f 1549 1580 1581
f 1549 1581 1580
f 1549 1581 1582
f 1549 1582 1581
f 1549 1582 1583
f 1549 1583 1582
f 1549 1583 1584
f 1549 1584 1583
f 1549 1584 1585
f 1549 1585 1584
f 1549 1585 1586
f 1549 1586 1585
f 1549 1586 1587
f 1549 1587 1586
f 1549 1587 1588
f 1549 1588 1587
f 1549 1588 1589
f 1549 1589 1588
f 1549 1589 1590
f 1549 1590 1589
f 1549 1590 1591
f 1549 1591 1590
f 1549 1591 1592
f 1549 1592 1591
f 1549 1592 1593
f 1549 1593 1592
f 1549 1593 1594
f 1549 1594 1593
v -0.109528 0.563543 -0.059115
v -0.104443 0.561214 -0.060760
v -0.101300 0.559526 -0.065371
v -0.101300 0.559125 -0.071187
v -0.104443 0.560163 -0.075986
v -0.109528 0.562243 -0.077936
v -0.114613 0.564573 -0.076291
v -0.117755 0.566260 -0.071680
v -0.117755 0.566662 -0.065864
v -0.114613 0.565624 -0.061064
v -0.079678 0.631845 -0.066858
v -0.076220 0.630262 -0.067976
v -0.074083 0.629114 -0.071112
v -0.074083 0.628841 -0.075067
v -0.076220 0.629546 -0.078330
v -0.079678 0.630961 -0.079656
v -0.083135 0.632545 -0.078537
v -0.085273 0.633693 -0.075402
v -0.085273 0.633966 -0.071447
v -0.083135 0.633260 -0.068183
f 1595 1596 1606
f 1595 1606 1605
f 1596 1597 1607
f 1596 1607 1606
f 1597 1598 1608
f 1597 1608 1607
f 1598 1599 1609
f 1598 1609 1608
f 1599 1600 1610
f 1599 1610 1609
f 1600 1601 1611
f 1600 1611 1610
f 1601 1602 1612
f 1601 1612 1611
f 1602 1603 1613
f 1602 1613 1612
f 1603 1604 1614
f 1603 1614 1613
f 1604 1595 1605
f 1604 1605 1614
v -0.079678 0.631403 -0.073257
v -0.081758 0.629822 -0.068666
v -0.083289 0.628015 -0.063889
v -0.083825 0.625796 -0.058775
v -0.083106 0.623061 -0.053238
v -0.081111 0.619799 -0.047270
v -0.078071 0.616106 -0.040948
v -0.074436 0.612168 -0.034426
v -0.070813 0.608235 -0.027908
v -0.067867 0.604581 -0.021618
v -0.066222 0.601464 -0.015768
v -0.066357 0.599081 -0.010520
v -0.068533 0.597539 -0.005961
v -0.072751 0.596839 -0.002091
v -0.078748 0.596873 0.001177
v -0.086046 0.597443 0.004005
v -0.094021 0.598293 0.006605
v -0.102008 0.599147 0.009200
v -0.109401 0.599757 0.011997
v -0.115748 0.599935 0.015146
v -0.120819 0.599587 0.018727
v -0.124636 0.598722 0.022732
v -0.127457 0.597446 0.027073
v -0.129729 0.595944 0.031599
v -0.127648 0.597525 0.027008
v -0.126117 0.599333 0.022231
v -0.125581 0.601551 0.017118
v -0.126301 0.604287 0.011581
v -0.128295 0.607548 0.005612
v -0.131336 0.611241 -0.000709
v -0.134970 0.615179 -0.007231
v -0.138594 0.619112 -0.013750
v -0.141539 0.622766 -0.020039
v -0.143184 0.625883 -0.025889
v -0.143049 0.628267 -0.031138
v -0.140873 0.629808 -0.035697
v -0.136656 0.630508 -0.039566
v -0.130658 0.630474 -0.042834
v -0.123361 0.629904 -0.045663
v -0.115385 0.629054 -0.048262
v -0.107398 0.628200 -0.050858
v -0.100006 0.627591 -0.053654
v -0.093659 0.627412 -0.056804
v -0.088587 0.627760 -0.060384
v -0.084771 0.628625 -0.064389
v -0.081949 0.629901 -0.068730
f 1615 1616 1617
f 1615 1617 1616
f 1615 1617 1618
f 1615 1618 1617
f 1615 1618 1619
f 1615 1619 1618
f 1615 1619 1620
f 1615 1620 1619
f 1615 1620 1621
f 1615 1621 1620
f 1615 1621 1622
f 1615 1622 1621
f 1615 1622 1623
f 1615 1623 1622
f 1615 1623 1624
f 1615 1624 1623
f 1615 1624 1625
f 1615 1625 1624
f 1615 1625 1626
f 1615 1626 1625
f 1615 1626 1627
f 1615 1627 1626
f 1615 1627 1628
f 1615 1628 1627
f 1615 1628 1629
f 1615 1629 1628
f 1615 1629 1630
f 1615 1630 1629
f 1615 1630 1631
f 1615 1631 1630
f 1615 1631 1632
f 1615 1632 1631
f 1615 1632 1633
f 1615 1633 1632
f 1615 1633 1634
f 1615 1634 1633
f 1615 1634 1635
f 1615 1635 1634
f 1615 1635 1636
f 1615 1636 1635
f 1615 1636 1637
f 1615 1637 1636
f 1615 1637 1638
f 1615 1638 1637
f 1615 1638 1639
f 1615 1639 1638
f 1615 1639 1640
f 1615 1640 1639
f 1615 1640 1641
f 1615 1641 1640
f 1615 1641 1642
f 1615 1642 1641
f 1615 1642 1643
f 1615 1643 1642
f 1615 1643 1644
f 1615 1644 1643
f 1615 1644 1645
f 1615 1645 1644
f 1615 1645 1646
f 1615 1646 1645
f 1615 1646 1647
f 1615 1647 1646
f 1615 1647 1648
f 1615 1648 1647
f 1615 1648 1649
f 1615 1649 1648
f 1615 1649 1650
f 1615 1650 1649
f 1615 1650 1651
f 1615 1651 1650
f 1615 1651 1652
f 1615 1652 1651
f 1615 1652 1653
f 1615 1653 1652
f 1615 1653 1654
f 1615 1654 1653
f 1615 1654 1655
f 1615 1655 1654
f 1615 1655 1656
f 1615 1656 1655
f 1615 1656 1657
f 1615 1657 1656
f 1615 1657 1658
f 1615 1658 1657
f 1615 1658 1659
f 1615 1659 1658
f 1615 1659 1660
f 1615 1660 1659
v -0.079678 0.631403 -0.073257
v -0.075979 0.628387 -0.075831
v -0.072826 0.625520 -0.079687
v -0.070220 0.622802 -0.084829
v -0.068088 0.620214 -0.091083
v -0.066303 0.617721 -0.098154
v -0.064703 0.615279 -0.105660
v -0.063104 0.612837 -0.113168
v -0.061320 0.610344 -0.120240
v -0.059175 0.607752 -0.126464
v -0.056523 0.605022 -0.131499
v -0.053260 0.602125 -0.135096
v -0.049330 0.599045 -0.137127
v -0.044734 0.595784 -0.137592
v -0.039525 0.592354 -0.136619
v -0.033811 0.588787 -0.134456
v -0.027736 0.585121 -0.131447
v -0.021474 0.581404 -0.128001
v -0.015215 0.577687 -0.124557
v -0.009140 0.574021 -0.121548
v -0.003412 0.570450 -0.119356
v 0.001842 0.567008 -0.118276
v 0.006548 0.563716 -0.118482
v 0.010709 0.560574 -0.119970
v 0.007011 0.563590 -0.117395
v 0.003858 0.566457 -0.113540
v 0.001252 0.569175 -0.108398
v -0.000881 0.571763 -0.102143
v -0.002665 0.574256 -0.095072
v -0.004265 0.576698 -0.087567
v -0.005864 0.579140 -0.080058
v -0.007648 0.581633 -0.072987
v -0.009793 0.584225 -0.066762
v -0.012445 0.586955 -0.061728
v -0.015708 0.589852 -0.058130
v -0.019638 0.592932 -0.056099
v -0.024235 0.596193 -0.055635
v -0.029443 0.599622 -0.056607
v -0.035158 0.603190 -0.058770
v -0.041233 0.606856 -0.061779
v -0.047494 0.610573 -0.065226
v -0.053754 0.614290 -0.068669
v -0.059829 0.617956 -0.071678
v -0.065556 0.621527 -0.073871
v -0.070810 0.624969 -0.074951
v -0.075516 0.628261 -0.074744
f 1661 1662 1663
f 1661 1663 1662
f 1661 1663 1664
f 1661 1664 1663
f 1661 1664 1665
f 1661 1665 1664
f 1661 1665 1666
f 1661 1666 1665
f 1661 1666 1667
f 1661 1667 1666
f 1661 1667 1668
f 1661 1668 1667
f 1661 1668 1669
f 1661 1669 1668
f 1661 1669 1670
f 1661 1670 1669
f 1661 1670 1671
f 1661 1671 1670
f 1661 1671 1672
f 1661 1672 1671
f 1661 1672 1673
f 1661 1673 1672
f 1661 1673 1674
f 1661 1674 1673
f 1661 1674 1675
f 1661 1675 1674
f 1661 1675 1676
f 1661 1676 1675
f 1661 1676 1677
f 1661 1677 1676
f 1661 1677 1678
f 1661 1678 1677
f 1661 1678 1679
f 1661 1679 1678
f 1661 1679 1680
f 1661 1680 1679
f 1661 1680 1681
f 1661 1681 1680
f 1661 1681 1682
f 1661 1682 1681
f 1661 1682 1683
f 1661 1683 1682
f 1661 1683 1684
f 1661 1684 1683
f 1661 1684 1685
f 1661 1685 1684
f 1661 1685 1686
f 1661 1686 1685
f 1661 1686 1687
f 1661 1687 1686
f 1661 1687 1688
f 1661 1688 1687
f 1661 1688 1689
f 1661 1689 1688
f 1661 1689 1690
f 1661 1690 1689
f 1661 1690 1691
f 1661 1691 1690
f 1661 1691 1692
f 1661 1692 1691
f 1661 1692 1693
f 1661 1693 1692
f 1661 1693 1694
f 1661 1694 1693
f 1661 1694 1695
f 1661 1695 1694
f 1661 1695 1696
f 1661 1696 1695
f 1661 1696 1697
f 1661 1697 1696
f 1661 1697 1698
f 1661 1698 1697
f 1661 1698 1699
f 1661 1699 1698
f 1661 1699 1700
f 1661 1700 1699
f 1661 1700 1701
f 1661 1701 1700
f 1661 1701 1702
f 1661 1702 1701
f 1661 1702 1703
f 1661 1703 1702
f 1661 1703 1704
f 1661 1704 1703
f 1661 1704 1705
f 1661 1705 1704
f 1661 1705 1706
f 1661 1706 1705
v -0.079678 0.631403 -0.073257
v -0.083620 0.630305 -0.075864
v -0.087884 0.629375 -0.078075
v -0.092752 0.628758 -0.079540
v -0.098398 0.628548 -0.080042
v -0.104851 0.628758 -0.079548
v -0.111978 0.629319 -0.078222
v -0.119499 0.630085 -0.076407
v -0.127034 0.630858 -0.074577
v -0.134155 0.631417 -0.073257
v -0.140463 0.631551 -0.072942
v -0.145646 0.631099 -0.074017
v -0.149535 0.629973 -0.076690
v -0.152131 0.628173 -0.080962
v -0.153602 0.625787 -0.086623
v -0.154260 0.622978 -0.093289
v -0.154504 0.619953 -0.100466
v -0.154762 0.616934 -0.107627
v -0.155414 0.614122 -0.114300
v -0.156740 0.611660 -0.120140
v -0.158872 0.609619 -0.124984
v -0.161784 0.607984 -0.128866
v -0.165299 0.606663 -0.132002
v -0.169135 0.605509 -0.134741
v -0.165193 0.606608 -0.132133
v -0.160929 0.607538 -0.129922
v -0.156061 0.608154 -0.128458
v -0.150415 0.608365 -0.127955
v -0.143962 0.608155 -0.128450
v -0.136835 0.607594 -0.129776
v -0.129313 0.606828 -0.131590
v -0.121779 0.606054 -0.133421
v -0.114658 0.605496 -0.134741
v -0.108350 0.605362 -0.135055
v -0.103167 0.605814 -0.133980
v -0.099278 0.606940 -0.131307
v -0.096682 0.608740 -0.127035
v -0.095210 0.611125 -0.121375
v -0.094553 0.613935 -0.114708
v -0.094308 0.616960 -0.107531
v -0.094051 0.619978 -0.100371
v -0.093399 0.622791 -0.093698
v -0.092073 0.625252 -0.087857
v -0.089940 0.627294 -0.083013
v -0.087029 0.628929 -0.079131
v -0.083514 0.630250 -0.075995
f 1707 1708 1709
f 1707 1709 1708
f 1707 1709 1710
f 1707 1710 1709
f 1707 1710 1711
f 1707 1711 1710
f 1707 1711 1712
f 1707 1712 1711
f 1707 1712 1713
f 1707 1713 1712
f 1707 1713 1714
f 1707 1714 1713
f 1707 1714 1715
f 1707 1715 1714
f 1707 1715 1716
f 1707 1716 1715
f 1707 1716 1717
f 1707 1717 1716
f 1707 1717 1718
f 1707 1718 1717
f 1707 1718 1719
f 1707 1719 1718
f 1707 1719 1720
f 1707 1720 1719
f 1707 1720 1721
f 1707 1721 1720
f 1707 1721 1722
f 1707 1722 1721
f 1707 1722 1723
f 1707 1723 1722
f 1707 1723 1724
f 1707 1724 1723
f 1707 1724 1725
f 1707 1725 1724
f 1707 1725 1726
f 1707 1726 1725
f 1707 1726 1727
f 1707 1727 1726
f 1707 1727 1728
f 1707 1728 1727
f 1707 1728 1729
f 1707 1729 1728
f 1707 1729 1730
f 1707 1730 1729
f 1707 1730 1731
f 1707 1731 1730
f 1707 1731 1732
f 1707 1732 1731
f 1707 1732 1733
f 1707 1733 1732
f 1707 1733 1734
f 1707 1734 1733
f 1707 1734 1735
f 1707 1735 1734
f 1707 1735 1736
f 1707 1736 1735
f 1707 1736 1737
f 1707 1737 1736
f 1707 1737 1738
f 1707 1738 1737
f 1707 1738 1739
f 1707 1739 1738
f 1707 1739 1740
f 1707 1740 1739
f 1707 1740 1741
f 1707 1741 1740
f 1707 1741 1742
f 1707 1742 1741
f 1707 1742 1743
f 1707 1743 1742
f 1707 1743 1744
f 1707 1744 1743
f 1707 1744 1745
f 1707 1745 1744
f 1707 1745 1746
f 1707 1746 1745
f 1707 1746 1747
f 1707 1747 1746
f 1707 1747 1748
f 1707 1748 1747
f 1707 1748 1749
f 1707 1749 1748
f 1707 1749 1750
f 1707 1750 1749
f 1707 1750 1751
f 1707 1751 1750
f 1707 1751 1752
f 1707 1752 1751
v 0.020400 0.300000 0.000023
v 0.016515 0.307121 -0.009628
v 0.006322 0.311522 -0.015602
v -0.006286 0.311522 -0.015617
v -0.016493 0.307121 -0.009666
v -0.020400 0.300000 -0.000023
v -0.016515 0.292879 0.009628
v -0.006322 0.288478 0.015602
v 0.006286 0.288478 0.015617
v 0.016493 0.292879 0.009666
v 0.013761 0.430520 0.096360
v 0.011119 0.435362 0.089797
v 0.004188 0.438355 0.085735
v -0.004385 0.438355 0.085725
v -0.011326 0.435362 0.089771
v -0.013983 0.430520 0.096328
v -0.011341 0.425677 0.102892
v -0.004410 0.422685 0.106954
v 0.004164 0.422685 0.106964
v 0.011104 0.425677 0.102917
f 1753 1754 1764
f 1753 1764 1763
f 1754 1755 1765
f 1754 1765 1764
f 1755 1756 1766
f 1755 1766 1765
f 1756 1757 1767
f 1756 1767 1766
f 1757 1758 1768
f 1757 1768 1767
f 1758 1759 1769
f 1758 1769 1768
f 1759 1760 1770
f 1759 1770 1769
f 1760 1761 1771
f 1760 1771 1770
f 1761 1762 1772
f 1761 1772 1771
f 1762 1753 1763
f 1762 1763 1772
v 0.013556 0.430520 0.098721
v 0.011508 0.437985 0.095037
v 0.005021 0.442599 0.091852
v -0.003425 0.442599 0.090383
v -0.010606 0.437985 0.091191
v -0.013778 0.430520 0.093967
v -0.011729 0.423054 0.097652
v -0.005243 0.418440 0.100836
v 0.003203 0.418440 0.102305
v 0.010384 0.423054 0.101497
v -0.006803 0.471491 0.189872
v -0.008195 0.476567 0.187367
v -0.012606 0.479705 0.185201
v -0.018350 0.479705 0.184203
v -0.023233 0.476567 0.184752
v -0.025389 0.471491 0.186640
v -0.023997 0.466414 0.189145
v -0.019586 0.463276 0.191311
v -0.013842 0.463276 0.192309
v -0.008959 0.466414 0.191760
f 1773 1774 1784
f 1773 1784 1783
f 1774 1775 1785
f 1774 1785 1784
f 1775 1776 1786
f 1775 1786 1785
f 1776 1777 1787
f 1776 1787 1786
f 1777 1778 1788
f 1777 1788 1787
f 1778 1779 1789
f 1778 1789 1788
f 1779 1780 1790
f 1779 1790 1789
f 1780 1781 1791
f 1780 1791 1790
f 1781 1782 1792
f 1781 1792 1791
f 1782 1773 1783
f 1782 1783 1792
v -0.016096 0.471491 0.188256
v -0.012686 0.469855 0.187369
v -0.009103 0.468641 0.186324
v -0.005214 0.468167 0.185003
v -0.000949 0.468608 0.183339
v 0.003694 0.469965 0.181333
v 0.008640 0.472058 0.179050
v 0.013754 0.474559 0.176616
v 0.018856 0.477032 0.174192
v 0.023752 0.479003 0.171956
v 0.028259 0.480032 0.170072
v 0.032240 0.479781 0.168667
v 0.035618 0.478068 0.167809
v 0.038394 0.474894 0.167498
v 0.040642 0.470439 0.167665
v 0.042503 0.465043 0.168185
v 0.044157 0.459145 0.168893
v 0.045799 0.453219 0.169611
v 0.047609 0.447700 0.170177
v 0.049723 0.442918 0.170467
v 0.052214 0.439052 0.170415
v 0.055082 0.436100 0.170020
v 0.058255 0.433889 0.169349
v 0.061601 0.432099 0.168519
v 0.058191 0.433735 0.169406
v 0.054608 0.434949 0.170451
v 0.050719 0.435422 0.171773
v 0.046454 0.434981 0.173437
v 0.041811 0.433625 0.175443
v 0.036865 0.431531 0.177725
v 0.031751 0.429030 0.180159
v 0.026649 0.426558 0.182583
v 0.021753 0.424587 0.184819
v 0.017246 0.423558 0.186703
v 0.013265 0.423809 0.188108
v 0.009887 0.425521 0.188966
v 0.007111 0.428696 0.189278
v 0.004863 0.433150 0.189110
v 0.003002 0.438546 0.188590
v 0.001348 0.444444 0.187882
v -0.000294 0.450371 0.187164
v -0.002104 0.455890 0.186598
v -0.004218 0.460671 0.186308
v -0.006709 0.464538 0.186361
v -0.009577 0.467490 0.186755
v -0.012749 0.469701 0.187427
f 1793 1794 1795
f 1793 1795 1794
f 1793 1795 1796
f 1793 1796 1795
f 1793 1796 1797
f 1793 1797 1796
f 1793 1797 1798
f 1793 1798 1797
f 1793 1798 1799
f 1793 1799 1798
f 1793 1799 1800
f 1793 1800 1799
f 1793 1800 1801
f 1793 1801 1800
f 1793 1801 1802
f 1793 1802 1801
f 1793 1802 1803
f 1793 1803 1802
f 1793 1803 1804
f 1793 1804 1803
f 1793 1804 1805
f 1793 1805 1804
f 1793 1805 1806
f 1793 1806 1805
f 1793 1806 1807
f 1793 1807 1806
f 1793 1807 1808
f 1793 1808 1807
f 1793 1808 1809
f 1793 1809 1808
f 1793 1809 1810
f 1793 1810 1809
f 1793 1810 1811
f 1793 1811 1810
f 1793 1811 1812
f 1793 1812 1811
f 1793 1812 1813
f 1793 1813 1812
f 1793 1813 1814
f 1793 1814 1813
f 1793 1814 1815
f 1793 1815 1814
f 1793 1815 1816
f 1793 1816 1815
f 1793 1816 1817
f 1793 1817 1816
f 1793 1817 1818
f 1793 1818 1817
f 1793 1818 1819
f 1793 1819 1818
f 1793 1819 1820
f 1793 1820 1819
f 1793 1820 1821
f 1793 1821 1820
f 1793 1821 1822
f 1793 1822 1821
f 1793 1822 1823
f 1793 1823 1822
f 1793 1823 1824
f 1793 1824 1823
f 1793 1824 1825
f 1793 1825 1824
f 1793 1825 1826
f 1793 1826 1825
f 1793 1826 1827
f 1793 1827 1826
f 1793 1827 1828
f 1793 1828 1827
f 1793 1828 1829
f 1793 1829 1828
f 1793 1829 1830
f 1793 1830 1829
f 1793 1830 1831
f 1793 1831 1830
f 1793 1831 1832
f 1793 1832 1831
f 1793 1832 1833
f 1793 1833 1832
f 1793 1833 1834
f 1793 1834 1833
f 1793 1834 1835
f 1793 1835 1834
f 1793 1835 1836
f 1793 1836 1835
f 1793 1836 1837
f 1793 1837 1836
f 1793 1837 1838
f 1793 1838 1837
v -0.016096 0.471491 0.188256
v -0.017501 0.473970 0.185205
v -0.020092 0.476088 0.182109
v -0.023658 0.477910 0.178975
v -0.027966 0.479505 0.175814
v -0.032743 0.480958 0.172634
v -0.037696 0.482357 0.169448
v -0.042523 0.483794 0.166266
v -0.046934 0.485358 0.163100
v -0.050670 0.487128 0.159960
v -0.053520 0.489167 0.156854
v -0.055336 0.491521 0.153788
v -0.056041 0.494214 0.150763
v -0.055634 0.497245 0.147782
v -0.054193 0.500592 0.144839
v -0.051866 0.504208 0.141931
v -0.048864 0.508029 0.139048
v -0.045447 0.511977 0.136181
v -0.041903 0.515964 0.133319
v -0.038535 0.519897 0.130450
v -0.035637 0.523687 0.127564
v -0.033480 0.527251 0.124649
v -0.032298 0.530518 0.121696
v -0.032302 0.533424 0.118699
v -0.030897 0.530945 0.121750
v -0.028306 0.528827 0.124846
v -0.024740 0.527005 0.127980
v -0.020432 0.525410 0.131141
v -0.015655 0.523957 0.134321
v -0.010702 0.522558 0.137507
v -0.005875 0.521121 0.140689
v -0.001464 0.519557 0.143855
v 0.002272 0.517787 0.146995
v 0.005122 0.515748 0.150101
v 0.006938 0.513394 0.153167
v 0.007643 0.510701 0.156192
v 0.007236 0.507670 0.159173
v 0.005795 0.504323 0.162116
v 0.003468 0.500707 0.165024
v 0.000466 0.496886 0.167907
v -0.002951 0.492938 0.170774
v -0.006495 0.488951 0.173636
v -0.009863 0.485018 0.176505
v -0.012761 0.481228 0.179391
v -0.014918 0.477664 0.182306
v -0.016100 0.474397 0.185258
f 1839 1840 1841
f 1839 1841 1840
f 1839 1841 1842
f 1839 1842 1841
f 1839 1842 1843
f 1839 1843 1842
f 1839 1843 1844
f 1839 1844 1843
f 1839 1844 1845
f 1839 1845 1844
f 1839 1845 1846
f 1839 1846 1845
f 1839 1846 1847
f 1839 1847 1846
f 1839 1847 1848
f 1839 1848 1847
f 1839 1848 1849
f 1839 1849 1848
f 1839 1849 1850
f 1839 1850 1849
f 1839 1850 1851
f 1839 1851 1850
f 1839 1851 1852
f 1839 1852 1851
f 1839 1852 1853
f 1839 1853 1852
f 1839 1853 1854
f 1839 1854 1853
f 1839 1854 1855
f 1839 1855 1854
f 1839 1855 1856
f 1839 1856 1855
f 1839 1856 1857
f 1839 1857 1856
f 1839 1857 1858
f 1839 1858 1857
f 1839 1858 1859
f 1839 1859 1858
f 1839 1859 1860
f 1839 1860 1859
f 1839 1860 1861
f 1839 1861 1860
f 1839 1861 1862
f 1839 1862 1861
f 1839 1862 1863
f 1839 1863 1862
f 1839 1863 1864
f 1839 1864 1863
f 1839 1864 1865
f 1839 1865 1864
f 1839 1865 1866
f 1839 1866 1865
f 1839 1866 1867
f 1839 1867 1866
f 1839 1867 1868
f 1839 1868 1867
f 1839 1868 1869
f 1839 1869 1868
f 1839 1869 1870
f 1839 1870 1869
f 1839 1870 1871
f 1839 1871 1870
f 1839 1871 1872
f 1839 1872 1871
f 1839 1872 1873
f 1839 1873 1872
f 1839 1873 1874
f 1839 1874 1873
f 1839 1874 1875
f 1839 1875 1874
f 1839 1875 1876
f 1839 1876 1875
f 1839 1876 1877
f 1839 1877 1876
f 1839 1877 1878
f 1839 1878 1877
f 1839 1878 1879
f 1839 1879 1878
f 1839 1879 1880
f 1839 1880 1879
f 1839 1880 1881
f 1839 1881 1880
f 1839 1881 1882
f 1839 1882 1881
f 1839 1882 1883
f 1839 1883 1882
f 1839 1883 1884
f 1839 1884 1883
v -0.016096 0.471491 0.188256
v -0.017580 0.467503 0.188163
v -0.018675 0.463360 0.188207
v -0.019012 0.458914 0.188518
v -0.018345 0.454067 0.189182
v -0.016616 0.448795 0.190220
v -0.013985 0.443163 0.191576
v -0.010806 0.437311 0.193125
v -0.007581 0.431441 0.194690
v -0.004877 0.425780 0.196071
v -0.003233 0.420542 0.197079
v -0.003069 0.415896 0.197566
v -0.004613 0.411933 0.197452
v -0.007866 0.408652 0.196736
v -0.012598 0.405963 0.195499
v -0.018389 0.403698 0.193889
v -0.024703 0.401641 0.192096
v -0.030970 0.399565 0.190319
v -0.036690 0.397271 0.188734
v -0.041506 0.394616 0.187467
v -0.045262 0.391537 0.186574
v -0.048013 0.388056 0.186035
v -0.050006 0.384272 0.185763
v -0.051611 0.380333 0.185627
v -0.050127 0.384320 0.185720
v -0.049032 0.388463 0.185676
v -0.048695 0.392909 0.185366
v -0.049362 0.397756 0.184701
v -0.051090 0.403028 0.183663
v -0.053722 0.408661 0.182307
v -0.056901 0.414512 0.180759
v -0.060126 0.420382 0.179194
v -0.062830 0.426043 0.177812
v -0.064473 0.431281 0.176804
v -0.064638 0.435927 0.176317
v -0.063094 0.439891 0.176431
v -0.059841 0.443171 0.177147
v -0.055109 0.445860 0.178384
v -0.049317 0.448126 0.179994
v -0.043004 0.450183 0.181787
v -0.036737 0.452258 0.183565
v -0.031017 0.454552 0.185149
v -0.026200 0.457207 0.186416
v -0.022445 0.460287 0.187309
v -0.019694 0.463767 0.187848
v -0.017701 0.467551 0.188120
f 1885 1886 1887
f 1885 1887 1886
f 1885 1887 1888
f 1885 1888 1887
f 1885 1888 1889
f 1885 1889 1888
f 1885 1889 1890
f 1885 1890 1889
f 1885 1890 1891
f 1885 1891 1890
f 1885 1891 1892
f 1885 1892 1891
f 1885 1892 1893
f 1885 1893 1892
f 1885 1893 1894
f 1885 1894 1893
f 1885 1894 1895
f 1885 1895 1894
f 1885 1895 1896
f 1885 1896 1895
f 1885 1896 1897
f 1885 1897 1896
f 1885 1897 1898
f 1885 1898 1897
f 1885 1898 1899
f 1885 1899 1898
f 1885 1899 1900
f 1885 1900 1899
f 1885 1900 1901
f 1885 1901 1900
f 1885 1901 1902
f 1885 1902 1901
f 1885 1902 1903
f 1885 1903 1902
f 1885 1903 1904
f 1885 1904 1903
f 1885 1904 1905
f 1885 1905 1904
f 1885 1905 1906
f 1885 1906 1905
f 1885 1906 1907
f 1885 1907 1906
f 1885 1907 1908
f 1885 1908 1907
f 1885 1908 1909
f 1885 1909 1908
f 1885 1909 1910
f 1885 1910 1909
f 1885 1910 1911
f 1885 1911 1910
f 1885 1911 1912
f 1885 1912 1911
f 1885 1912 1913
f 1885 1913 1912
f 1885 1913 1914
f 1885 1914 1913
f 1885 1914 1915
f 1885 1915 1914
f 1885 1915 1916
f 1885 1916 1915
f 1885 1916 1917
f 1885 1917 1916
f 1885 1917 1918
f 1885 1918 1917
f 1885 1918 1919
f 1885 1919 1918
f 1885 1919 1920
f 1885 1920 1919
f 1885 1920 1921
f 1885 1921 1920
f 1885 1921 1922
f 1885 1922 1921
f 1885 1922 1923
f 1885 1923 1922
f 1885 1923 1924
f 1885 1924 1923
f 1885 1924 1925
f 1885 1925 1924
f 1885 1925 1926
f 1885 1926 1925
f 1885 1926 1927
f 1885 1927 1926
f 1885 1927 1928
f 1885 1928 1927
f 1885 1928 1929
f 1885 1929 1928
f 1885 1929 1930
f 1885 1930 1929
v -0.006721 0.471491 0.189304
v -0.008497 0.477034 0.188973
v -0.013175 0.480459 0.188368
v -0.018969 0.480459 0.187721
v -0.023666 0.477034 0.187278
v -0.025471 0.471491 0.187208
v -0.023695 0.465948 0.187539
v -0.019016 0.462522 0.188144
v -0.013223 0.462522 0.188791
v -0.008526 0.465948 0.189234
v -0.016762 0.472993 0.251966
v -0.017969 0.476763 0.251741
v -0.021150 0.479092 0.251330
v -0.025090 0.479092 0.250890
v -0.028284 0.476763 0.250588
v -0.029511 0.472993 0.250541
v -0.028304 0.469224 0.250766
v -0.025122 0.466895 0.251177
v -0.021182 0.466895 0.251617
v -0.017989 0.469224 0.251919
f 1931 1932 1942
f 1931 1942 1941
f 1932 1933 1943
f 1932 1943 1942
f 1933 1934 1944
f 1933 1944 1943
f 1934 1935 1945
f 1934 1945 1944
f 1935 1936 1946
f 1935 1946 1945
f 1936 1937 1947
f 1936 1947 1946
f 1937 1938 1948
f 1937 1948 1947
f 1938 1939 1949
f 1938 1949 1948
f 1939 1940 1950
f 1939 1950 1949
f 1940 1931 1941
f 1940 1941 1950
v -0.023136 0.472993 0.251253
v -0.018090 0.473518 0.249759
v -0.013092 0.475150 0.248232
v -0.008154 0.478137 0.246667
v -0.003274 0.482451 0.245063
v 0.001557 0.487863 0.243428
v 0.006358 0.493980 0.241773
v 0.011149 0.500301 0.240111
v 0.015956 0.506277 0.238460
v 0.020802 0.511369 0.236834
v 0.025706 0.515112 0.235246
v 0.030686 0.517163 0.233708
v 0.035747 0.517343 0.232223
v 0.040891 0.515651 0.230792
v 0.046110 0.512268 0.229410
v 0.051387 0.507536 0.228067
v 0.056704 0.501921 0.226749
v 0.062036 0.495959 0.225441
v 0.067358 0.490202 0.224127
v 0.072650 0.485150 0.222793
v 0.077894 0.481195 0.221427
v 0.083079 0.478569 0.220023
v 0.088204 0.477297 0.218580
v 0.093281 0.477132 0.217105
v 0.088235 0.476607 0.218600
v 0.083237 0.474975 0.220127
v 0.078299 0.471989 0.221692
v 0.073419 0.467674 0.223296
v 0.068587 0.462262 0.224931
v 0.063787 0.456145 0.226586
v 0.058995 0.449824 0.228248
v 0.054189 0.443848 0.229899
v 0.049343 0.438757 0.231525
v 0.044438 0.435014 0.233113
v 0.039459 0.432962 0.234651
v 0.034397 0.432782 0.236136
v 0.029253 0.434474 0.237567
v 0.024035 0.437857 0.238949
v 0.018757 0.442589 0.240292
v 0.013441 0.448205 0.241610
v 0.008109 0.454166 0.242918
v 0.002786 0.459923 0.244232
v -0.002505 0.464975 0.245566
v -0.007749 0.468930 0.246932
v -0.012934 0.471556 0.248336
v -0.018060 0.472828 0.249779
f 1951 1952 1953
f 1951 1953 1952
f 1951 1953 1954
f 1951 1954 1953
f 1951 1954 1955
f 1951 1955 1954
f 1951 1955 1956
f 1951 1956 1955
f 1951 1956 1957
f 1951 1957 1956
f 1951 1957 1958
f 1951 1958 1957
f 1951 1958 1959
f 1951 1959 1958
f 1951 1959 1960
f 1951 1960 1959
f 1951 1960 1961
f 1951 1961 1960
f 1951 1961 1962
f 1951 1962 1961
f 1951 1962 1963
f 1951 1963 1962
f 1951 1963 1964
f 1951 1964 1963
f 1951 1964 1965
f 1951 1965 1964
f 1951 1965 1966
f 1951 1966 1965
f 1951 1966 1967
f 1951 1967 1966
f 1951 1967 1968
f 1951 1968 1967
f 1951 1968 1969
f 1951 1969 1968
f 1951 1969 1970
f 1951 1970 1969
f 1951 1970 1971
f 1951 1971 1970
f 1951 1971 1972
f 1951 1972 1971
f 1951 1972 1973
f 1951 1973 1972
f 1951 1973 1974
f 1951 1974 1973
f 1951 1974 1975
f 1951 1975 1974
f 1951 1975 1976
f 1951 1976 1975
f 1951 1976 1977
f 1951 1977 1976
f 1951 1977 1978
f 1951 1978 1977
f 1951 1978 1979
f 1951 1979 1978
f 1951 1979 1980
f 1951 1980 1979
f 1951 1980 1981
f 1951 1981 1980
f 1951 1981 1982
f 1951 1982 1981
f 1951 1982 1983
f 1951 1983 1982
f 1951 1983 1984
f 1951 1984 1983
f 1951 1984 1985
f 1951 1985 1984
f 1951 1985 1986
f 1951 1986 1985
f 1951 1986 1987
f 1951 1987 1986
f 1951 1987 1988
f 1951 1988 1987
f 1951 1988 1989
f 1951 1989 1988
f 1951 1989 1990
f 1951 1990 1989
f 1951 1990 1991
f 1951 1991 1990
f 1951 1991 1992
f 1951 1992 1991
f 1951 1992 1993
f 1951 1993 1992
f 1951 1993 1994
f 1951 1994 1993
f 1951 1994 1995
f 1951 1995 1994
f 1951 1995 1996
f 1951 1996 1995
v -0.023136 0.472993 0.251253
v -0.023529 0.475893 0.249938
v -0.024391 0.478723 0.248572
v -0.025989 0.481443 0.247126
v -0.028434 0.484038 0.245589
v -0.031678 0.486514 0.243965
v -0.035527 0.488900 0.242275
v -0.039670 0.491243 0.240554
v -0.043724 0.493599 0.238842
v -0.047287 0.496027 0.237184
v -0.049993 0.498583 0.235618
v -0.051566 0.501307 0.234175
v -0.051858 0.504222 0.232871
v -0.050868 0.507327 0.231705
v -0.048745 0.510600 0.230662
v -0.045765 0.514000 0.229711
v -0.042294 0.517473 0.228814
v -0.038734 0.520959 0.227926
v -0.035468 0.524402 0.227007
v -0.032808 0.527755 0.226022
v -0.030946 0.530989 0.224950
v -0.029931 0.534097 0.223787
v -0.029652 0.537096 0.222545
v -0.029843 0.540026 0.221251
v -0.029450 0.537126 0.222567
v -0.028588 0.534297 0.223933
v -0.026990 0.531576 0.225379
v -0.024545 0.528982 0.226916
v -0.021301 0.526505 0.228540
v -0.017452 0.524119 0.230229
v -0.013309 0.521777 0.231951
v -0.009255 0.519421 0.233662
v -0.005692 0.516992 0.235321
v -0.002986 0.514436 0.236886
v -0.001413 0.511712 0.238330
v -0.001121 0.508797 0.239634
v -0.002111 0.505693 0.240800
v -0.004234 0.502420 0.241843
v -0.007214 0.499020 0.242793
v -0.010685 0.495547 0.243691
v -0.014245 0.492060 0.244578
v -0.017511 0.488618 0.245498
v -0.020171 0.485265 0.246483
v -0.022033 0.482031 0.247554
v -0.023048 0.478922 0.248717
v -0.023327 0.475923 0.249960
f 1997 1998 1999
f 1997 1999 1998
f 1997 1999 2000
f 1997 2000 1999
f 1997 2000 2001
f 1997 2001 2000
f 1997 2001 2002
f 1997 2002 2001
f 1997 2002 2003
f 1997 2003 2002
f 1997 2003 2004
f 1997 2004 2003
f 1997 2004 2005
f 1997 2005 2004
f 1997 2005 2006
f 1997 2006 2005
f 1997 2006 2007
f 1997 2007 2006
f 1997 2007 2008
f 1997 2008 2007
f 1997 2008 2009
f 1997 2009 2008
f 1997 2009 2010
f 1997 2010 2009
f 1997 2010 2011
f 1997 2011 2010
f 1997 2011 2012
f 1997 2012 2011
f 1997 2012 2013
f 1997 2013 2012
f 1997 2013 2014
f 1997 2014 2013
f 1997 2014 2015
f 1997 2015 2014
f 1997 2015 2016
f 1997 2016 2015
f 1997 2016 2017
f 1997 2017 2016
f 1997 2017 2018
f 1997 2018 2017
f 1997 2018 2019
f 1997 2019 2018
f 1997 2019 2020
f 1997 2020 2019
f 1997 2020 2021
f 1997 2021 2020
f 1997 2021 2022
f 1997 2022 2021
f 1997 2022 2023
f 1997 2023 2022
f 1997 2023 2024
f 1997 2024 2023
f 1997 2024 2025
f 1997 2025 2024
f 1997 2025 2026
f 1997 2026 2025
f 1997 2026 2027
f 1997 2027 2026
f 1997 2027 2028
f 1997 2028 2027
f 1997 2028 2029
f 1997 2029 2028
f 1997 2029 2030
f 1997 2030 2029
f 1997 2030 2031
f 1997 2031 2030
f 1997 2031 2032
f 1997 2032 2031
f 1997 2032 2033
f 1997 2033 2032
f 1997 2033 2034
f 1997 2034 2033
f 1997 2034 2035
f 1997 2035 2034
f 1997 2035 2036
f 1997 2036 2035
f 1997 2036 2037
f 1997 2037 2036
f 1997 2037 2038
f 1997 2038 2037
f 1997 2038 2039
f 1997 2039 2038
f 1997 2039 2040
f 1997 2040 2039
f 1997 2040 2041
f 1997 2041 2040
f 1997 2041 2042
f 1997 2042 2041
v -0.023136 0.472993 0.251253
v -0.026594 0.469388 0.249792
v -0.029807 0.465531 0.248364
v -0.032424 0.461059 0.247018
v -0.034125 0.455644 0.245796
v -0.034741 0.449112 0.244722
v -0.034329 0.441521 0.243788
v -0.033191 0.433182 0.242953
v -0.031837 0.424621 0.242148
v -0.030897 0.416486 0.241286
v -0.031000 0.409425 0.240282
v -0.032653 0.403961 0.239067
v -0.036138 0.400383 0.237602
v -0.041455 0.398693 0.235887
v -0.048322 0.398599 0.233961
v -0.056232 0.399580 0.231893
v -0.064555 0.400987 0.229768
v -0.072663 0.402171 0.227673
v -0.080045 0.402608 0.225676
v -0.086399 0.401986 0.223820
v -0.091668 0.400246 0.222112
v -0.096021 0.397563 0.220528
v -0.099778 0.394266 0.219026
v -0.103290 0.390717 0.217558
v -0.099833 0.394322 0.219019
v -0.096619 0.398179 0.220447
v -0.094002 0.402651 0.221794
v -0.092302 0.408066 0.223015
v -0.091686 0.414598 0.224089
v -0.092098 0.422189 0.225023
v -0.093235 0.430528 0.225858
v -0.094589 0.439089 0.226663
v -0.095529 0.447225 0.227525
v -0.095426 0.454285 0.228529
v -0.093773 0.459749 0.229744
v -0.090288 0.463327 0.231209
v -0.084972 0.465017 0.232924
v -0.078105 0.465111 0.234850
v -0.070195 0.464130 0.236919
v -0.061871 0.462723 0.239043
v -0.053763 0.461539 0.241138
v -0.046381 0.461102 0.243135
v -0.040028 0.461725 0.244991
v -0.034758 0.463464 0.246699
v -0.030405 0.466147 0.248283
v -0.026649 0.469445 0.249785
f 2043 2044 2045
f 2043 2045 2044
f 2043 2045 2046
f 2043 2046 2045
f 2043 2046 2047
f 2043 2047 2046
f 2043 2047 2048
f 2043 2048 2047
f 2043 2048 2049
f 2043 2049 2048
f 2043 2049 2050
f 2043 2050 2049
f 2043 2050 2051
f 2043 2051 2050
f 2043 2051 2052
f 2043 2052 2051
f 2043 2052 2053
f 2043 2053 2052
f 2043 2053 2054
f 2043 2054 2053
f 2043 2054 2055
f 2043 2055 2054
f 2043 2055 2056
f 2043 2056 2055
f 2043 2056 2057
f 2043 2057 2056
f 2043 2057 2058
f 2043 2058 2057
f 2043 2058 2059
f 2043 2059 2058
f 2043 2059 2060
f 2043 2060 2059
f 2043 2060 2061
f 2043 2061 2060
f 2043 2061 2062
f 2043 2062 2061
f 2043 2062 2063
f 2043 2063 2062
f 2043 2063 2064
f 2043 2064 2063
f 2043 2064 2065
f 2043 2065 2064
f 2043 2065 2066
f 2043 2066 2065
f 2043 2066 2067
f 2043 2067 2066
f 2043 2067 2068
f 2043 2068 2067
f 2043 2068 2069
f 2043 2069 2068
f 2043 2069 2070
f 2043 2070 2069
f 2043 2070 2071
f 2043 2071 2070
f 2043 2071 2072
f 2043 2072 2071
f 2043 2072 2073
f 2043 2073 2072
f 2043 2073 2074
f 2043 2074 2073
f 2043 2074 2075
f 2043 2075 2074
f 2043 2075 2076
f 2043 2076 2075
f 2043 2076 2077
f 2043 2077 2076
f 2043 2077 2078
f 2043 2078 2077
f 2043 2078 2079
f 2043 2079 2078
f 2043 2079 2080
f 2043 2080 2079
f 2043 2080 2081
f 2043 2081 2080
f 2043 2081 2082
f 2043 2082 2081
f 2043 2082 2083
f 2043 2083 2082
f 2043 2083 2084
f 2043 2084 2083
f 2043 2084 2085
f 2043 2085 2084
f 2043 2085 2086
f 2043 2086 2085
f 2043 2086 2087
f 2043 2087 2086
f 2043 2087 2088
f 2043 2088 2087
v -0.008900 0.471491 0.182157
v -0.012397 0.475958 0.180817
v -0.017307 0.478720 0.182318
v -0.021755 0.478720 0.186088
v -0.024041 0.475958 0.190685
v -0.023292 0.471491 0.194355
v -0.019795 0.467023 0.195695
v -0.014885 0.464261 0.194194
v -0.010437 0.464261 0.190424
v -0.008151 0.467023 0.185827
v 0.017307 0.503898 0.217750
v 0.014929 0.506936 0.216839
v 0.011590 0.508813 0.217860
v 0.008566 0.508813 0.220423
v 0.007011 0.506936 0.223549
v 0.007520 0.503898 0.226044
v 0.009898 0.500860 0.226956
v 0.013237 0.498982 0.225935
v 0.016261 0.498982 0.223372
v 0.017816 0.500860 0.220246
f 2089 2090 2100
f 2089 2100 2099
f 2090 2091 2101
f 2090 2101 2100
f 2091 2092 2102
f 2091 2102 2101
f 2092 2093 2103
f 2092 2103 2102
f 2093 2094 2104
f 2093 2104 2103
f 2094 2095 2105
f 2094 2105 2104
f 2095 2096 2106
f 2095 2106 2105
f 2096 2097 2107
f 2096 2107 2106
f 2097 2098 2108
f 2097 2108 2107
f 2098 2089 2099
f 2098 2099 2108
v 0.012414 0.503898 0.221897
v 0.015216 0.502884 0.219255
v 0.017916 0.502227 0.216355
v 0.020428 0.502229 0.212979
v 0.022700 0.503077 0.208992
v 0.024723 0.504796 0.204378
v 0.026540 0.507237 0.199242
v 0.028237 0.510098 0.193802
v 0.029933 0.512966 0.188358
v 0.031757 0.515383 0.183240
v 0.033832 0.516919 0.178757
v 0.036254 0.517241 0.175150
v 0.039072 0.516168 0.172550
v 0.042289 0.513700 0.170957
v 0.045851 0.510018 0.170240
v 0.049665 0.505455 0.170159
v 0.053607 0.500441 0.170404
v 0.057547 0.495435 0.170643
v 0.061368 0.490847 0.170580
v 0.064982 0.486983 0.169995
v 0.068349 0.483989 0.168782
v 0.071474 0.481840 0.166958
v 0.074411 0.480352 0.164658
v 0.077247 0.479219 0.162101
v 0.074445 0.480233 0.164744
v 0.071745 0.480890 0.167644
v 0.069232 0.480888 0.171020
v 0.066961 0.480040 0.175006
v 0.064938 0.478321 0.179621
v 0.063121 0.475880 0.184757
v 0.061423 0.473019 0.190196
v 0.059728 0.470151 0.195641
v 0.057904 0.467734 0.200759
v 0.055828 0.466198 0.205242
v 0.053407 0.465876 0.208849
v 0.050588 0.466949 0.211448
v 0.047372 0.469417 0.213041
v 0.043809 0.473099 0.213758
v 0.039996 0.477662 0.213839
v 0.036054 0.482676 0.213595
v 0.032114 0.487682 0.213355
v 0.028293 0.492270 0.213419
v 0.024679 0.496134 0.214004
v 0.021312 0.499128 0.215217
v 0.018187 0.501277 0.217041
v 0.015250 0.502765 0.219341
f 2109 2110 2111
f 2109 2111 2110
f 2109 2111 2112
f 2109 2112 2111
f 2109 2112 2113
f 2109 2113 2112
f 2109 2113 2114
f 2109 2114 2113
f 2109 2114 2115
f 2109 2115 2114
f 2109 2115 2116
f 2109 2116 2115
f 2109 2116 2117
f 2109 2117 2116
f 2109 2117 2118
f 2109 2118 2117
f 2109 2118 2119
f 2109 2119 2118
f 2109 2119 2120
f 2109 2120 2119
f 2109 2120 2121
f 2109 2121 2120
f 2109 2121 2122
f 2109 2122 2121
f 2109 2122 2123
f 2109 2123 2122
f 2109 2123 2124
f 2109 2124 2123
f 2109 2124 2125
f 2109 2125 2124
f 2109 2125 2126
f 2109 2126 2125
f 2109 2126 2127
f 2109 2127 2126
f 2109 2127 2128
f 2109 2128 2127
f 2109 2128 2129
f 2109 2129 2128
f 2109 2129 2130
f 2109 2130 2129
f 2109 2130 2131
f 2109 2131 2130
f 2109 2131 2132
f 2109 2132 2131
f 2109 2132 2133
f 2109 2133 2132
f 2109 2133 2134
f 2109 2134 2133
f 2109 2134 2135
f 2109 2135 2134
f 2109 2135 2136
f 2109 2136 2135
f 2109 2136 2137
f 2109 2137 2136
f 2109 2137 2138
f 2109 2138 2137
f 2109 2138 2139
f 2109 2139 2138
f 2109 2139 2140
f 2109 2140 2139
f 2109 2140 2141
f 2109 2141 2140
f 2109 2141 2142
f 2109 2142 2141
f 2109 2142 2143
f 2109 2143 2142
f 2109 2143 2144
f 2109 2144 2143
f 2109 2144 2145
f 2109 2145 2144
f 2109 2145 2146
f 2109 2146 2145
f 2109 2146 2147
f 2109 2147 2146
f 2109 2147 2148
f 2109 2148 2147
f 2109 2148 2149
f 2109 2149 2148
f 2109 2149 2150
f 2109 2150 2149
f 2109 2150 2151
f 2109 2151 2150
f 2109 2151 2152
f 2109 2152 2151
f 2109 2152 2153
f 2109 2153 2152
f 2109 2153 2154
f 2109 2154 2153
v 0.012414 0.503898 0.221897
v 0.008004 0.506420 0.220434
v 0.003027 0.508573 0.219806
v -0.002660 0.510264 0.220226
v -0.009055 0.511493 0.221690
v -0.016044 0.512337 0.224029
v -0.023421 0.512928 0.226941
v -0.030920 0.513439 0.230033
v -0.038247 0.514062 0.232870
v -0.045109 0.514988 0.235023
v -0.051254 0.516380 0.236118
v -0.056496 0.518361 0.235882
v -0.060737 0.520993 0.234169
v -0.063975 0.524278 0.230978
v -0.066310 0.528151 0.226455
v -0.067928 0.532490 0.220875
v -0.069082 0.537131 0.214611
v -0.070063 0.541885 0.208092
v -0.071167 0.546560 0.201753
v -0.072659 0.550981 0.195987
v -0.074744 0.555017 0.191096
v -0.077537 0.558591 0.187249
v -0.081041 0.561703 0.184450
v -0.085112 0.564446 0.182486
v -0.080702 0.561924 0.183949
v -0.075725 0.559770 0.184577
v -0.070038 0.558080 0.184157
v -0.063643 0.556850 0.182693
v -0.056654 0.556006 0.180354
v -0.049277 0.555416 0.177443
v -0.041778 0.554905 0.174350
v -0.034452 0.554281 0.171513
v -0.027589 0.553355 0.169361
v -0.021444 0.551963 0.168265
v -0.016202 0.549983 0.168501
v -0.011961 0.547350 0.170215
v -0.008723 0.544065 0.173406
v -0.006388 0.540193 0.177928
v -0.004770 0.535854 0.183508
v -0.003616 0.531212 0.189772
v -0.002635 0.526458 0.196292
v -0.001531 0.521784 0.202630
v -0.000039 0.517362 0.208396
v 0.002046 0.513327 0.213287
v 0.004839 0.509753 0.217134
v 0.008343 0.506641 0.219933
f 2155 2156 2157
f 2155 2157 2156
f 2155 2157 2158
f 2155 2158 2157
f 2155 2158 2159
f 2155 2159 2158
f 2155 2159 2160
f 2155 2160 2159
f 2155 2160 2161
f 2155 2161 2160
f 2155 2161 2162
f 2155 2162 2161
f 2155 2162 2163
f 2155 2163 2162
f 2155 2163 2164
f 2155 2164 2163
f 2155 2164 2165
f 2155 2165 2164
f 2155 2165 2166
f 2155 2166 2165
f 2155 2166 2167
f 2155 2167 2166
f 2155 2167 2168
f 2155 2168 2167
f 2155 2168 2169
f 2155 2169 2168
f 2155 2169 2170
f 2155 2170 2169
f 2155 2170 2171
f 2155 2171 2170
f 2155 2171 2172
f 2155 2172 2171
f 2155 2172 2173
f 2155 2173 2172
f 2155 2173 2174
f 2155 2174 2173
f 2155 2174 2175
f 2155 2175 2174
f 2155 2175 2176
f 2155 2176 2175
f 2155 2176 2177
f 2155 2177 2176
f 2155 2177 2178
f 2155 2178 2177
f 2155 2178 2179
f 2155 2179 2178
f 2155 2179 2180
f 2155 2180 2179
f 2155 2180 2181
f 2155 2181 2180
f 2155 2181 2182
f 2155 2182 2181
f 2155 2182 2183
f 2155 2183 2182
f 2155 2183 2184
f 2155 2184 2183
f 2155 2184 2185
f 2155 2185 2184
f 2155 2185 2186
f 2155 2186 2185
f 2155 2186 2187
f 2155 2187 2186
f 2155 2187 2188
f 2155 2188 2187
f 2155 2188 2189
f 2155 2189 2188
f 2155 2189 2190
f 2155 2190 2189
f 2155 2190 2191
f 2155 2191 2190
f 2155 2191 2192
f 2155 2192 2191
f 2155 2192 2193
f 2155 2193 2192
f 2155 2193 2194
f 2155 2194 2193
f 2155 2194 2195
f 2155 2195 2194
f 2155 2195 2196
f 2155 2196 2195
f 2155 2196 2197
f 2155 2197 2196
f 2155 2197 2198
f 2155 2198 2197
f 2155 2198 2199
f 2155 2199 2198
f 2155 2199 2200
f 2155 2200 2199
v 0.012414 0.503898 0.221897
v 0.011297 0.498816 0.223100
v 0.011200 0.493308 0.223849
v 0.012284 0.487305 0.224074
v 0.014484 0.480835 0.223803
v 0.017576 0.473992 0.223135
v 0.021216 0.466919 0.222225
v 0.024980 0.459794 0.221259
v 0.028413 0.452808 0.220440
v 0.031077 0.446144 0.219963
v 0.032596 0.439959 0.219995
v 0.032696 0.434368 0.220657
v 0.031232 0.429432 0.222013
v 0.028204 0.425151 0.224064
v 0.023758 0.421463 0.226746
v 0.018166 0.418255 0.229936
v 0.011805 0.415369 0.233467
v 0.005113 0.412622 0.237146
v -0.001455 0.409822 0.240769
v -0.007475 0.406794 0.244149
v -0.012603 0.403391 0.247133
v -0.016614 0.399522 0.249621
v -0.019446 0.395158 0.251585
v -0.021257 0.390367 0.253096
v -0.020140 0.395449 0.251894
v -0.020043 0.400957 0.251145
v -0.021127 0.406960 0.250920
v -0.023327 0.413430 0.251191
v -0.026419 0.420273 0.251858
v -0.030059 0.427346 0.252769
v -0.033823 0.434471 0.253734
v -0.037256 0.441457 0.254553
v -0.039920 0.448121 0.255030
v -0.041439 0.454306 0.254998
v -0.041539 0.459897 0.254336
v -0.040075 0.464833 0.252980
v -0.037047 0.469114 0.250929
v -0.032601 0.472802 0.248248
v -0.027009 0.476010 0.245058
v -0.020648 0.478896 0.241526
v -0.013956 0.481643 0.237848
v -0.007388 0.484443 0.234224
v -0.001368 0.487471 0.230844
v 0.003760 0.490874 0.227860
v 0.007771 0.494743 0.225372
v 0.010603 0.499107 0.223408
f 2201 2202 2203
f 2201 2203 2202
f 2201 2203 2204
f 2201 2204 2203
f 2201 2204 2205
f 2201 2205 2204
f 2201 2205 2206
f 2201 2206 2205
f 2201 2206 2207
f 2201 2207 2206
f 2201 2207 2208
f 2201 2208 2207
f 2201 2208 2209
f 2201 2209 2208
f 2201 2209 2210
f 2201 2210 2209
f 2201 2210 2211
f 2201 2211 2210
f 2201 2211 2212
f 2201 2212 2211
f 2201 2212 2213
f 2201 2213 2212
f 2201 2213 2214
f 2201 2214 2213
f 2201 2214 2215
f 2201 2215 2214
f 2201 2215 2216
f 2201 2216 2215
f 2201 2216 2217
f 2201 2217 2216
f 2201 2217 2218
f 2201 2218 2217
f 2201 2218 2219
f 2201 2219 2218
f 2201 2219 2220
f 2201 2220 2219
f 2201 2220 2221
f 2201 2221 2220
f 2201 2221 2222
f 2201 2222 2221
f 2201 2222 2223
f 2201 2223 2222
f 2201 2223 2224
f 2201 2224 2223
f 2201 2224 2225
f 2201 2225 2224
f 2201 2225 2226
f 2201 2226 2225
f 2201 2226 2227
f 2201 2227 2226
f 2201 2227 2228
f 2201 2228 2227
f 2201 2228 2229
f 2201 2229 2228
f 2201 2229 2230
f 2201 2230 2229
f 2201 2230 2231
f 2201 2231 2230
f 2201 2231 2232
f 2201 2232 2231
f 2201 2232 2233
f 2201 2233 2232
f 2201 2233 2234
f 2201 2234 2233
f 2201 2234 2235
f 2201 2235 2234
f 2201 2235 2236
f 2201 2236 2235
f 2201 2236 2237
f 2201 2237 2236
f 2201 2237 2238
f 2201 2238 2237
f 2201 2238 2239
f 2201 2239 2238
f 2201 2239 2240
f 2201 2240 2239
f 2201 2240 2241
f 2201 2241 2240
f 2201 2241 2242
f 2201 2242 2241
f 2201 2242 2243
f 2201 2243 2242
f 2201 2243 2244
f 2201 2244 2243
f 2201 2244 2245
f 2201 2245 2244
f 2201 2245 2246
f 2201 2246 2245
v -0.009566 0.471491 0.195064
v -0.007772 0.475093 0.190846
v -0.009157 0.477319 0.185639
v -0.013192 0.477319 0.181432
v -0.018337 0.475093 0.179831
v -0.022626 0.471491 0.181448
v -0.024420 0.467888 0.185666
v -0.023035 0.465662 0.190873
v -0.019000 0.465662 0.195080
v -0.013855 0.467888 0.196681
v -0.042732 0.521870 0.222693
v -0.041511 0.524320 0.219825
v -0.042453 0.525834 0.216284
v -0.045197 0.525834 0.213423
v -0.048696 0.524320 0.212335
v -0.051612 0.521870 0.213434
v -0.052833 0.519420 0.216302
v -0.051891 0.517906 0.219843
v -0.049147 0.517906 0.222704
v -0.045648 0.519420 0.223793
f 2247 2248 2258
f 2247 2258 2257
f 2248 2249 2259
f 2248 2259 2258
f 2249 2250 2260
f 2249 2260 2259
f 2250 2251 2261
f 2250 2261 2260
f 2251 2252 2262
f 2251 2262 2261
f 2252 2253 2263
f 2252 2263 2262
f 2253 2254 2264
f 2253 2264 2263
f 2254 2255 2265
f 2254 2265 2264
f 2255 2256 2266
f 2255 2266 2265
f 2256 2247 2257
f 2256 2257 2266
v -0.047172 0.521870 0.218064
v -0.043172 0.521857 0.219664
v -0.038932 0.522299 0.220746
v -0.034345 0.523395 0.221085
v -0.029382 0.525201 0.220616
v -0.024079 0.527647 0.219419
v -0.018533 0.530554 0.217698
v -0.012882 0.533657 0.215753
v -0.007291 0.536647 0.213937
v -0.001929 0.539205 0.212612
v 0.003054 0.541049 0.212101
v 0.007546 0.541965 0.212644
v 0.011487 0.541841 0.214371
v 0.014876 0.540677 0.217281
v 0.017774 0.538586 0.221245
v 0.020293 0.535780 0.226023
v 0.022584 0.532542 0.231292
v 0.024814 0.529191 0.236691
v 0.027149 0.526036 0.241865
v 0.029727 0.523342 0.246516
v 0.032645 0.521288 0.250438
v 0.035939 0.519945 0.253552
v 0.039580 0.519255 0.255923
v 0.043462 0.519020 0.257776
v 0.039462 0.519032 0.256176
v 0.035222 0.518590 0.255093
v 0.030635 0.517495 0.254754
v 0.025671 0.515689 0.255223
v 0.020369 0.513242 0.256420
v 0.014822 0.510336 0.258141
v 0.009171 0.507232 0.260087
v 0.003580 0.504242 0.261903
v -0.001781 0.501684 0.263227
v -0.006765 0.499841 0.263739
v -0.011256 0.498925 0.263196
v -0.015197 0.499048 0.261469
v -0.018586 0.500213 0.258559
v -0.021484 0.502304 0.254594
v -0.024004 0.505110 0.249816
v -0.026294 0.508348 0.244547
v -0.028524 0.511699 0.239148
v -0.030859 0.514853 0.233974
v -0.033438 0.517547 0.229324
v -0.036355 0.519601 0.225401
v -0.039650 0.520945 0.222287
v -0.043290 0.521635 0.219917
f 2267 2268 2269
f 2267 2269 2268
f 2267 2269 2270
f 2267 2270 2269
f 2267 2270 2271
f 2267 2271 2270
f 2267 2271 2272
f 2267 2272 2271
f 2267 2272 2273
f 2267 2273 2272
f 2267 2273 2274
f 2267 2274 2273
f 2267 2274 2275
f 2267 2275 2274
f 2267 2275 2276
f 2267 2276 2275
f 2267 2276 2277
f 2267 2277 2276
f 2267 2277 2278
f 2267 2278 2277
f 2267 2278 2279
f 2267 2279 2278
f 2267 2279 2280
f 2267 2280 2279
f 2267 2280 2281
f 2267 2281 2280
f 2267 2281 2282
f 2267 2282 2281
f 2267 2282 2283
f 2267 2283 2282
f 2267 2283 2284
f 2267 2284 2283
f 2267 2284 2285
f 2267 2285 2284
f 2267 2285 2286
f 2267 2286 2285
f 2267 2286 2287
f 2267 2287 2286
f 2267 2287 2288
f 2267 2288 2287
f 2267 2288 2289
f 2267 2289 2288
f 2267 2289 2290
f 2267 2290 2289
f 2267 2290 2291
f 2267 2291 2290
f 2267 2291 2292
f 2267 2292 2291
f 2267 2292 2293
f 2267 2293 2292
f 2267 2293 2294
f 2267 2294 2293
f 2267 2294 2295
f 2267 2295 2294
f 2267 2295 2296
f 2267 2296 2295
f 2267 2296 2297
f 2267 2297 2296
f 2267 2297 2298
f 2267 2298 2297
f 2267 2298 2299
f 2267 2299 2298
f 2267 2299 2300
f 2267 2300 2299
f 2267 2300 2301
f 2267 2301 2300
f 2267 2301 2302
f 2267 2302 2301
f 2267 2302 2303
f 2267 2303 2302
f 2267 2303 2304
f 2267 2304 2303
f 2267 2304 2305
f 2267 2305 2304
f 2267 2305 2306
f 2267 2306 2305
f 2267 2306 2307
f 2267 2307 2306
f 2267 2307 2308
f 2267 2308 2307
f 2267 2308 2309
f 2267 2309 2308
f 2267 2309 2310
f 2267 2310 2309
f 2267 2310 2311
f 2267 2311 2310
f 2267 2311 2312
f 2267 2312 2311
v -0.047172 0.521870 0.218064
v -0.049270 0.519735 0.213534
v -0.051609 0.517309 0.209247
v -0.054476 0.514239 0.205495
v -0.058102 0.510248 0.202511
v -0.062580 0.505221 0.200389
v -0.067828 0.499257 0.199047
v -0.073585 0.492674 0.198221
v -0.079451 0.485960 0.197504
v -0.084950 0.479692 0.196415
v -0.089617 0.474434 0.194485
v -0.093086 0.470633 0.191342
v -0.095153 0.468536 0.186781
v -0.095819 0.468143 0.180801
v -0.095286 0.469207 0.173608
v -0.093922 0.471282 0.165574
v -0.092190 0.473803 0.157169
v -0.090567 0.476192 0.148873
v -0.089453 0.477962 0.141092
v -0.089110 0.478795 0.134091
v -0.089619 0.478593 0.127953
v -0.090886 0.477469 0.122582
v -0.092682 0.475701 0.117746
v -0.094718 0.473643 0.113153
v -0.092620 0.475778 0.117683
v -0.090281 0.478204 0.121970
v -0.087414 0.481273 0.125721
v -0.083788 0.485265 0.128706
v -0.079310 0.490292 0.130827
v -0.074062 0.496255 0.132170
v -0.068305 0.502838 0.132996
v -0.062439 0.509553 0.133713
v -0.056940 0.515821 0.134802
v -0.052273 0.521079 0.136732
v -0.048804 0.524879 0.139874
v -0.046737 0.526976 0.144436
v -0.046071 0.527369 0.150415
v -0.046604 0.526305 0.157608
v -0.047968 0.524231 0.165642
v -0.049700 0.521710 0.174048
v -0.051323 0.519320 0.182344
v -0.052437 0.517551 0.190124
v -0.052780 0.516717 0.197125
v -0.052271 0.516920 0.203264
v -0.051004 0.518044 0.208635
v -0.049208 0.519811 0.213471
f 2313 2314 2315
f 2313 2315 2314
f 2313 2315 2316
f 2313 2316 2315
f 2313 2316 2317
f 2313 2317 2316
f 2313 2317 2318
f 2313 2318 2317
f 2313 2318 2319
f 2313 2319 2318
f 2313 2319 2320
f 2313 2320 2319
f 2313 2320 2321
f 2313 2321 2320
f 2313 2321 2322
f 2313 2322 2321
f 2313 2322 2323
f 2313 2323 2322
f 2313 2323 2324
f 2313 2324 2323
f 2313 2324 2325
f 2313 2325 2324
f 2313 2325 2326
f 2313 2326 2325
f 2313 2326 2327
f 2313 2327 2326
f 2313 2327 2328
f 2313 2328 2327
f 2313 2328 2329
f 2313 2329 2328
f 2313 2329 2330
f 2313 2330 2329
f 2313 2330 2331
f 2313 2331 2330
f 2313 2331 2332
f 2313 2332 2331
f 2313 2332 2333
f 2313 2333 2332
f 2313 2333 2334
f 2313 2334 2333
f 2313 2334 2335
f 2313 2335 2334
f 2313 2335 2336
f 2313 2336 2335
f 2313 2336 2337
f 2313 2337 2336
f 2313 2337 2338
f 2313 2338 2337
f 2313 2338 2339
f 2313 2339 2338
f 2313 2339 2340
f 2313 2340 2339
f 2313 2340 2341
f 2313 2341 2340
f 2313 2341 2342
f 2313 2342 2341
f 2313 2342 2343
f 2313 2343 2342
f 2313 2343 2344
f 2313 2344 2343
f 2313 2344 2345
f 2313 2345 2344
f 2313 2345 2346
f 2313 2346 2345
f 2313 2346 2347
f 2313 2347 2346
f 2313 2347 2348
f 2313 2348 2347
f 2313 2348 2349
f 2313 2349 2348
f 2313 2349 2350
f 2313 2350 2349
f 2313 2350 2351
f 2313 2351 2350
f 2313 2351 2352
f 2313 2352 2351
f 2313 2352 2353
f 2313 2353 2352
f 2313 2353 2354
f 2313 2354 2353
f 2313 2354 2355
f 2313 2355 2354
f 2313 2355 2356
f 2313 2356 2355
f 2313 2356 2357
f 2313 2357 2356
f 2313 2357 2358
f 2313 2358 2357
v 0.006167 0.430520 0.083974
v -0.001323 0.434608 0.083144
v -0.008350 0.437134 0.087355
v -0.012230 0.437134 0.095000
v -0.011481 0.434608 0.103159
v -0.006389 0.430520 0.108714
v 0.001101 0.426432 0.109545
v 0.008128 0.423906 0.105333
v 0.012009 0.423906 0.097688
v 0.011260 0.426432 0.089530
v 0.046120 0.511739 0.109231
v 0.041027 0.514518 0.108666
v 0.036248 0.516236 0.111530
v 0.033610 0.516236 0.116728
v 0.034119 0.514518 0.122276
v 0.037582 0.511739 0.126054
v 0.042675 0.508959 0.126619
v 0.047454 0.507241 0.123755
v 0.050092 0.507241 0.118556
v 0.049583 0.508959 0.113008
f 2359 2360 2370
f 2359 2370 2369
f 2360 2361 2371
f 2360 2371 2370
f 2361 2362 2372
f 2361 2372 2371
f 2362 2363 2373
f 2362 2373 2372
f 2363 2364 2374
f 2363 2374 2373
f 2364 2365 2375
f 2364 2375 2374
f 2365 2366 2376
f 2365 2376 2375
f 2366 2367 2377
f 2366 2377 2376
f 2367 2368 2378
f 2367 2378 2377
f 2368 2359 2369
f 2368 2369 2378
v 0.041851 0.511739 0.117642
v 0.042382 0.510624 0.114841
v 0.042519 0.509766 0.111841
v 0.042083 0.509280 0.108551
v 0.041019 0.509200 0.104946
v 0.039387 0.509490 0.101054
v 0.037343 0.510047 0.096954
v 0.035119 0.510720 0.092763
v 0.032991 0.511332 0.088621
v 0.031242 0.511697 0.084670
v 0.030124 0.511653 0.081037
v 0.029827 0.511076 0.077818
v 0.030453 0.509900 0.075065
v 0.032001 0.508126 0.072776
v 0.034370 0.505819 0.070901
v 0.037371 0.503103 0.069345
v 0.040750 0.500140 0.067980
v 0.044226 0.497116 0.066663
v 0.047521 0.494208 0.065255
v 0.050405 0.491567 0.063640
v 0.052720 0.489295 0.061738
v 0.054407 0.487431 0.059520
v 0.055522 0.485938 0.057013
v 0.056242 0.484701 0.054307
v 0.055711 0.485815 0.057108
v 0.055574 0.486674 0.060108
v 0.056011 0.487160 0.063398
v 0.057074 0.487240 0.067003
v 0.058706 0.486950 0.070895
v 0.060750 0.486393 0.074995
v 0.062975 0.485720 0.079186
v 0.065103 0.485108 0.083328
v 0.066852 0.484743 0.087279
v 0.067969 0.484787 0.090912
v 0.068266 0.485364 0.094131
v 0.067640 0.486540 0.096884
v 0.066092 0.488314 0.099173
v 0.063723 0.490620 0.101048
v 0.060723 0.493337 0.102604
v 0.057343 0.496299 0.103969
v 0.053868 0.499324 0.105286
v 0.050572 0.502232 0.106693
v 0.047688 0.504873 0.108309
v 0.045374 0.507144 0.110211
v 0.043686 0.509009 0.112429
v 0.042571 0.510502 0.114936
f 2379 2380 2381
f 2379 2381 2380
f 2379 2381 2382
f 2379 2382 2381
f 2379 2382 2383
f 2379 2383 2382
f 2379 2383 2384
f 2379 2384 2383
f 2379 2384 2385
f 2379 2385 2384
f 2379 2385 2386
f 2379 2386 2385
f 2379 2386 2387
f 2379 2387 2386
f 2379 2387 2388
f 2379 2388 2387
f 2379 2388 2389
f 2379 2389 2388
f 2379 2389 2390
f 2379 2390 2389
f 2379 2390 2391
f 2379 2391 2390
f 2379 2391 2392
f 2379 2392 2391
f 2379 2392 2393
f 2379 2393 2392
f 2379 2393 2394
f 2379 2394 2393
f 2379 2394 2395
f 2379 2395 2394
f 2379 2395 2396
f 2379 2396 2395
f 2379 2396 2397
f 2379 2397 2396
f 2379 2397 2398
f 2379 2398 2397
f 2379 2398 2399
f 2379 2399 2398
f 2379 2399 2400
f 2379 2400 2399
f 2379 2400 2401
f 2379 2401 2400
f 2379 2401 2402
f 2379 2402 2401
f 2379 2402 2403
f 2379 2403 2402
f 2379 2403 2404
f 2379 2404 2403
f 2379 2404 2405
f 2379 2405 2404
f 2379 2405 2406
f 2379 2406 2405
f 2379 2406 2407
f 2379 2407 2406
f 2379 2407 2408
f 2379 2408 2407
f 2379 2408 2409
f 2379 2409 2408
f 2379 2409 2410
f 2379 2410 2409
f 2379 2410 2411
f 2379 2411 2410
f 2379 2411 2412
f 2379 2412 2411
f 2379 2412 2413
f 2379 2413 2412
f 2379 2413 2414
f 2379 2414 2413
f 2379 2414 2415
f 2379 2415 2414
f 2379 2415 2416
f 2379 2416 2415
f 2379 2416 2417
f 2379 2417 2416
f 2379 2417 2418
f 2379 2418 2417
f 2379 2418 2419
f 2379 2419 2418
f 2379 2419 2420
f 2379 2420 2419
f 2379 2420 2421
f 2379 2421 2420
f 2379 2421 2422
f 2379 2422 2421
f 2379 2422 2423
f 2379 2423 2422
f 2379 2423 2424
f 2379 2424 2423
v 0.041851 0.511739 0.117642
v 0.038154 0.509953 0.120940
v 0.034768 0.507944 0.124474
v 0.032056 0.505453 0.128519
v 0.030300 0.502277 0.133292
v 0.029609 0.498339 0.138873
v 0.029873 0.493717 0.145180
v 0.030761 0.488648 0.151961
v 0.031773 0.483492 0.158836
v 0.032316 0.478670 0.165356
v 0.031819 0.474593 0.171084
v 0.029825 0.471587 0.175676
v 0.026087 0.469831 0.178942
v 0.020603 0.469324 0.180882
v 0.013623 0.469888 0.181685
v 0.005602 0.471197 0.181698
v -0.002886 0.472841 0.181355
v -0.011252 0.474398 0.181105
v -0.018993 0.475507 0.181330
v -0.025780 0.475932 0.182281
v -0.031501 0.475595 0.184040
v -0.036266 0.474574 0.186526
v -0.040357 0.473070 0.189525
v -0.044137 0.471343 0.192759
v -0.040440 0.473129 0.189461
v -0.037054 0.475138 0.185928
v -0.034342 0.477629 0.181882
v -0.032586 0.480805 0.177110
v -0.031895 0.484743 0.171528
v -0.032159 0.489365 0.165221
v -0.033048 0.494433 0.158440
v -0.034059 0.499590 0.151565
v -0.034603 0.504412 0.145045
v -0.034105 0.508489 0.139317
v -0.032112 0.511494 0.134725
v -0.028373 0.513251 0.131459
v -0.022889 0.513757 0.129519
v -0.015910 0.513194 0.128716
v -0.007889 0.511884 0.128703
v 0.000600 0.510240 0.129046
v 0.008966 0.508684 0.129296
v 0.016707 0.507575 0.129071
v 0.023493 0.507150 0.128120
v 0.029215 0.507487 0.126361
v 0.033980 0.508508 0.123875
v 0.038071 0.510012 0.120877
f 2425 2426 2427
f 2425 2427 2426
f 2425 2427 2428
f 2425 2428 2427
f 2425 2428 2429
f 2425 2429 2428
f 2425 2429 2430
f 2425 2430 2429
f 2425 2430 2431
f 2425 2431 2430
f 2425 2431 2432
f 2425 2432 2431
f 2425 2432 2433
f 2425 2433 2432
f 2425 2433 2434
f 2425 2434 2433
f 2425 2434 2435
f 2425 2435 2434
f 2425 2435 2436
f 2425 2436 2435
f 2425 2436 2437
f 2425 2437 2436
f 2425 2437 2438
f 2425 2438 2437
f 2425 2438 2439
f 2425 2439 2438
f 2425 2439 2440
f 2425 2440 2439
f 2425 2440 2441
f 2425 2441 2440
f 2425 2441 2442
f 2425 2442 2441
f 2425 2442 2443
f 2425 2443 2442
f 2425 2443 2444
f 2425 2444 2443
f 2425 2444 2445
f 2425 2445 2444
f 2425 2445 2446
f 2425 2446 2445
f 2425 2446 2447
f 2425 2447 2446
f 2425 2447 2448
f 2425 2448 2447
f 2425 2448 2449
f 2425 2449 2448
f 2425 2449 2450
f 2425 2450 2449
f 2425 2450 2451
f 2425 2451 2450
f 2425 2451 2452
f 2425 2452 2451
f 2425 2452 2453
f 2425 2453 2452
f 2425 2453 2454
f 2425 2454 2453
f 2425 2454 2455
f 2425 2455 2454
f 2425 2455 2456
f 2425 2456 2455
f 2425 2456 2457
f 2425 2457 2456
f 2425 2457 2458
f 2425 2458 2457
f 2425 2458 2459
f 2425 2459 2458
f 2425 2459 2460
f 2425 2460 2459
f 2425 2460 2461
f 2425 2461 2460
f 2425 2461 2462
f 2425 2462 2461
f 2425 2462 2463
f 2425 2463 2462
f 2425 2463 2464
f 2425 2464 2463
f 2425 2464 2465
f 2425 2465 2464
f 2425 2465 2466
f 2425 2466 2465
f 2425 2466 2467
f 2425 2467 2466
f 2425 2467 2468
f 2425 2468 2467
f 2425 2468 2469
f 2425 2469 2468
f 2425 2469 2470
f 2425 2470 2469
v 0.047456 0.511739 0.110055
v 0.043894 0.516337 0.109664
v 0.039552 0.519179 0.112319
v 0.036088 0.519179 0.117008
v 0.034825 0.516337 0.121939
v 0.036246 0.511739 0.125229
v 0.039808 0.507140 0.125621
v 0.044150 0.504298 0.122965
v 0.047614 0.504298 0.118276
v 0.048877 0.507140 0.113345
v 0.083451 0.543388 0.140402
v 0.081029 0.546515 0.140135
v 0.078076 0.548447 0.141941
v 0.075720 0.548447 0.145130
v 0.074862 0.546515 0.148483
v 0.075828 0.543388 0.150720
v 0.078250 0.540261 0.150986
v 0.081203 0.538328 0.149180
v 0.083559 0.538328 0.145992
v 0.084417 0.540261 0.142639
f 2471 2472 2482
f 2471 2482 2481
f 2472 2473 2483
f 2472 2483 2482
f 2473 2474 2484
f 2473 2484 2483
f 2474 2475 2485
f 2474 2485 2484
f 2475 2476 2486
f 2475 2486 2485
f 2476 2477 2487
f 2476 2487 2486
f 2477 2478 2488
f 2477 2488 2487
f 2478 2479 2489
f 2478 2489 2488
f 2479 2480 2490
f 2479 2490 2489
f 2480 2471 2481
f 2480 2481 2490
v 0.079640 0.543388 0.145561
v 0.081265 0.541440 0.141622
v 0.082746 0.539911 0.137405
v 0.083956 0.539164 0.132668
v 0.084817 0.539423 0.127261
v 0.085318 0.540724 0.121163
v 0.085518 0.542891 0.114488
v 0.085543 0.545565 0.107476
v 0.085564 0.548253 0.100455
v 0.085769 0.550405 0.093789
v 0.086339 0.551507 0.087823
v 0.087411 0.551158 0.082821
v 0.089060 0.549141 0.078928
v 0.091287 0.545456 0.076144
v 0.094017 0.540320 0.074325
v 0.097111 0.534133 0.073205
v 0.100389 0.527411 0.072441
v 0.103664 0.520703 0.071667
v 0.106762 0.514502 0.070556
v 0.109560 0.509167 0.068869
v 0.111999 0.504873 0.066490
v 0.114088 0.501586 0.063442
v 0.115906 0.499081 0.059873
v 0.117580 0.496995 0.056027
v 0.115954 0.498943 0.059966
v 0.114474 0.500472 0.064183
v 0.113264 0.501219 0.068920
v 0.112403 0.500959 0.074327
v 0.111902 0.499659 0.080425
v 0.111701 0.497492 0.087100
v 0.111676 0.494818 0.094112
v 0.111656 0.492130 0.101133
v 0.111450 0.489977 0.107798
v 0.110881 0.488876 0.113765
v 0.109809 0.489224 0.118767
v 0.108159 0.491241 0.122659
v 0.105932 0.494927 0.125443
v 0.103203 0.500063 0.127262
v 0.100109 0.506250 0.128382
v 0.096830 0.512972 0.129147
v 0.093556 0.519680 0.129921
v 0.090457 0.525881 0.131031
v 0.087659 0.531215 0.132718
v 0.085221 0.535509 0.135097
v 0.083132 0.538796 0.138146
v 0.081313 0.541301 0.141714
f 2491 2492 2493
f 2491 2493 2492
f 2491 2493 2494
f 2491 2494 2493
f 2491 2494 2495
f 2491 2495 2494
f 2491 2495 2496
f 2491 2496 2495
f 2491 2496 2497
f 2491 2497 2496
f 2491 2497 2498
f 2491 2498 2497
f 2491 2498 2499
f 2491 2499 2498
f 2491 2499 2500
f 2491 2500 2499
f 2491 2500 2501
f 2491 2501 2500
f 2491 2501 2502
f 2491 2502 2501
f 2491 2502 2503
f 2491 2503 2502
f 2491 2503 2504
f 2491 2504 2503
f 2491 2504 2505
f 2491 2505 2504
f 2491 2505 2506
f 2491 2506 2505
f 2491 2506 2507
f 2491 2507 2506
f 2491 2507 2508
f 2491 2508 2507
f 2491 2508 2509
f 2491 2509 2508
f 2491 2509 2510
f 2491 2510 2509
f 2491 2510 2511
f 2491 2511 2510
f 2491 2511 2512
f 2491 2512 2511
f 2491 2512 2513
f 2491 2513 2512
f 2491 2513 2514
f 2491 2514 2513
f 2491 2514 2515
f 2491 2515 2514
f 2491 2515 2516
f 2491 2516 2515
f 2491 2516 2517
f 2491 2517 2516
f 2491 2517 2518
f 2491 2518 2517
f 2491 2518 2519
f 2491 2519 2518
f 2491 2519 2520
f 2491 2520 2519
f 2491 2520 2521
f 2491 2521 2520
f 2491 2521 2522
f 2491 2522 2521
f 2491 2522 2523
f 2491 2523 2522
f 2491 2523 2524
f 2491 2524 2523
f 2491 2524 2525
f 2491 2525 2524
f 2491 2525 2526
f 2491 2526 2525
f 2491 2526 2527
f 2491 2527 2526
f 2491 2527 2528
f 2491 2528 2527
f 2491 2528 2529
f 2491 2529 2528
f 2491 2529 2530
f 2491 2530 2529
f 2491 2530 2531
f 2491 2531 2530
f 2491 2531 2532
f 2491 2532 2531
f 2491 2532 2533
f 2491 2533 2532
f 2491 2533 2534
f 2491 2534 2533
f 2491 2534 2535
f 2491 2535 2534
f 2491 2535 2536
f 2491 2536 2535
v 0.079640 0.543388 0.145561
v 0.076475 0.545696 0.145357
v 0.073004 0.547739 0.145868
v 0.069159 0.549457 0.147254
v 0.064946 0.550856 0.149499
v 0.060430 0.551992 0.152453
v 0.055719 0.552959 0.155864
v 0.050950 0.553876 0.159408
v 0.046277 0.554875 0.162729
v 0.041849 0.556087 0.165478
v 0.037793 0.557623 0.167356
v 0.034205 0.559564 0.168141
v 0.031135 0.561955 0.167715
v 0.028583 0.564795 0.166079
v 0.026499 0.568041 0.163350
v 0.024787 0.571611 0.159748
v 0.023320 0.575393 0.155576
v 0.021949 0.579258 0.151181
v 0.020520 0.583073 0.146919
v 0.018896 0.586719 0.143113
v 0.016968 0.590102 0.140017
v 0.014674 0.593165 0.137780
v 0.012004 0.595904 0.136417
v 0.009029 0.598377 0.135769
v 0.012194 0.596069 0.135973
v 0.015665 0.594026 0.135462
v 0.019510 0.592307 0.134076
v 0.023723 0.590908 0.131831
v 0.028239 0.589772 0.128877
v 0.032950 0.588806 0.125466
v 0.037719 0.587889 0.121922
v 0.042391 0.586889 0.118602
v 0.046820 0.585678 0.115852
v 0.050876 0.584142 0.113974
v 0.054464 0.582201 0.113189
v 0.057534 0.579810 0.113615
v 0.060086 0.576970 0.115251
v 0.062170 0.573723 0.117980
v 0.063882 0.570153 0.121582
v 0.065349 0.566371 0.125754
v 0.066720 0.562507 0.130149
v 0.068149 0.558691 0.134411
v 0.069773 0.555046 0.138217
v 0.071700 0.551663 0.141313
v 0.073995 0.548600 0.143551
v 0.076665 0.545861 0.144913
f 2537 2538 2539
f 2537 2539 2538
f 2537 2539 2540
f 2537 2540 2539
f 2537 2540 2541
f 2537 2541 2540
f 2537 2541 2542
f 2537 2542 2541
f 2537 2542 2543
f 2537 2543 2542
f 2537 2543 2544
f 2537 2544 2543
f 2537 2544 2545
f 2537 2545 2544
f 2537 2545 2546
f 2537 2546 2545
f 2537 2546 2547
f 2537 2547 2546
f 2537 2547 2548
f 2537 2548 2547
f 2537 2548 2549
f 2537 2549 2548
f 2537 2549 2550
f 2537 2550 2549
f 2537 2550 2551
f 2537 2551 2550
f 2537 2551 2552
f 2537 2552 2551
f 2537 2552 2553
f 2537 2553 2552
f 2537 2553 2554
f 2537 2554 2553
f 2537 2554 2555
f 2537 2555 2554
f 2537 2555 2556
f 2537 2556 2555
f 2537 2556 2557
f 2537 2557 2556
f 2537 2557 2558
f 2537 2558 2557
f 2537 2558 2559
f 2537 2559 2558
f 2537 2559 2560
f 2537 2560 2559
f 2537 2560 2561
f 2537 2561 2560
f 2537 2561 2562
f 2537 2562 2561
f 2537 2562 2563
f 2537 2563 2562
f 2537 2563 2564
f 2537 2564 2563
f 2537 2564 2565
f 2537 2565 2564
f 2537 2565 2566
f 2537 2566 2565
f 2537 2566 2567
f 2537 2567 2566
f 2537 2567 2568
f 2537 2568 2567
f 2537 2568 2569
f 2537 2569 2568
f 2537 2569 2570
f 2537 2570 2569
f 2537 2570 2571
f 2537 2571 2570
f 2537 2571 2572
f 2537 2572 2571
f 2537 2572 2573
f 2537 2573 2572
f 2537 2573 2574
f 2537 2574 2573
f 2537 2574 2575
f 2537 2575 2574
f 2537 2575 2576
f 2537 2576 2575
f 2537 2576 2577
f 2537 2577 2576
f 2537 2577 2578
f 2537 2578 2577
f 2537 2578 2579
f 2537 2579 2578
f 2537 2579 2580
f 2537 2580 2579
f 2537 2580 2581
f 2537 2581 2580
f 2537 2581 2582
f 2537 2582 2581
v 0.079640 0.543388 0.145561
v 0.078737 0.539129 0.149029
v 0.078498 0.534395 0.152138
v 0.079250 0.528950 0.154712
v 0.081105 0.522714 0.156689
v 0.083975 0.515750 0.158118
v 0.087593 0.508250 0.159143
v 0.091550 0.500506 0.159984
v 0.095358 0.492870 0.160906
v 0.098507 0.485705 0.162183
v 0.100545 0.479339 0.164062
v 0.101127 0.474015 0.166728
v 0.100071 0.469867 0.170279
v 0.097377 0.466893 0.174715
v 0.093228 0.464963 0.179938
v 0.087967 0.463831 0.185762
v 0.082048 0.463170 0.191941
v 0.075979 0.462617 0.198202
v 0.070250 0.461820 0.204279
v 0.065268 0.460488 0.209951
v 0.061301 0.458427 0.215076
v 0.058437 0.455575 0.219604
v 0.056564 0.452012 0.223596
v 0.055355 0.447974 0.227230
v 0.056258 0.452232 0.223762
v 0.056497 0.456966 0.220652
v 0.055745 0.462411 0.218079
v 0.053890 0.468647 0.216101
v 0.051020 0.475612 0.214673
v 0.047402 0.483112 0.213648
v 0.043445 0.490855 0.212807
v 0.039638 0.498491 0.211885
v 0.036488 0.505656 0.210607
v 0.034450 0.512023 0.208728
v 0.033868 0.517346 0.206063
v 0.034924 0.521494 0.202512
v 0.037618 0.524468 0.198076
v 0.041767 0.526398 0.192853
v 0.047028 0.527530 0.187029
v 0.052947 0.528191 0.180850
v 0.059016 0.528744 0.174589
v 0.064745 0.529541 0.168512
v 0.069727 0.530874 0.162839
v 0.073694 0.532934 0.157715
v 0.076558 0.535786 0.153187
v 0.078431 0.539349 0.149194
f 2583 2584 2585
f 2583 2585 2584
f 2583 2585 2586
f 2583 2586 2585
f 2583 2586 2587
f 2583 2587 2586
f 2583 2587 2588
f 2583 2588 2587
f 2583 2588 2589
f 2583 2589 2588
f 2583 2589 2590
f 2583 2590 2589
f 2583 2590 2591
f 2583 2591 2590
f 2583 2591 2592
f 2583 2592 2591
f 2583 2592 2593
f 2583 2593 2592
f 2583 2593 2594
f 2583 2594 2593
f 2583 2594 2595
f 2583 2595 2594
f 2583 2595 2596
f 2583 2596 2595
f 2583 2596 2597
f 2583 2597 2596
f 2583 2597 2598
f 2583 2598 2597
f 2583 2598 2599
f 2583 2599 2598
f 2583 2599 2600
f 2583 2600 2599
f 2583 2600 2601
f 2583 2601 2600
f 2583 2601 2602
f 2583 2602 2601
f 2583 2602 2603
f 2583 2603 2602
f 2583 2603 2604
f 2583 2604 2603
f 2583 2604 2605
f 2583 2605 2604
f 2583 2605 2606
f 2583 2606 2605
f 2583 2606 2607
f 2583 2607 2606
f 2583 2607 2608
f 2583 2608 2607
f 2583 2608 2609
f 2583 2609 2608
f 2583 2609 2610
f 2583 2610 2609
f 2583 2610 2611
f 2583 2611 2610
f 2583 2611 2612
f 2583 2612 2611
f 2583 2612 2613
f 2583 2613 2612
f 2583 2613 2614
f 2583 2614 2613
f 2583 2614 2615
f 2583 2615 2614
f 2583 2615 2616
f 2583 2616 2615
f 2583 2616 2617
f 2583 2617 2616
f 2583 2617 2618
f 2583 2618 2617
f 2583 2618 2619
f 2583 2619 2618
f 2583 2619 2620
f 2583 2620 2619
f 2583 2620 2621
f 2583 2621 2620
f 2583 2621 2622
f 2583 2622 2621
f 2583 2622 2623
f 2583 2623 2622
f 2583 2623 2624
f 2583 2624 2623
f 2583 2624 2625
f 2583 2625 2624
f 2583 2625 2626
f 2583 2626 2625
f 2583 2626 2627
f 2583 2627 2626
f 2583 2627 2628
f 2583 2628 2627
v 0.035782 0.511739 0.110421
v 0.033446 0.514884 0.114737
v 0.034320 0.516828 0.120164
v 0.038070 0.516828 0.124627
v 0.043265 0.514884 0.126422
v 0.047920 0.511739 0.124864
v 0.050256 0.508593 0.120547
v 0.049382 0.506649 0.115121
v 0.045632 0.506649 0.110658
v 0.040437 0.508593 0.108862
v 0.060247 0.554442 0.093805
v 0.058658 0.556581 0.096740
v 0.059252 0.557902 0.100430
v 0.061803 0.557902 0.103465
v 0.065335 0.556581 0.104686
v 0.068500 0.554442 0.103626
v 0.070089 0.552303 0.100691
v 0.069495 0.550981 0.097001
v 0.066944 0.550981 0.093966
v 0.063412 0.552303 0.092745
f 2629 2630 2640
f 2629 2640 2639
f 2630 2631 2641
f 2630 2641 2640
f 2631 2632 2642
f 2631 2642 2641
f 2632 2633 2643
f 2632 2643 2642
f 2633 2634 2644
f 2633 2644 2643
f 2634 2635 2645
f 2634 2645 2644
f 2635 2636 2646
f 2635 2646 2645
f 2636 2637 2647
f 2636 2647 2646
f 2637 2638 2648
f 2637 2648 2647
f 2638 2629 2639
f 2638 2639 2648
v 0.064374 0.554442 0.098716
v 0.061509 0.551964 0.095451
v 0.057756 0.550058 0.092416
v 0.052944 0.548831 0.089657
v 0.047110 0.548262 0.087162
v 0.040444 0.548226 0.084884
v 0.033255 0.548527 0.082741
v 0.025928 0.548917 0.080634
v 0.018883 0.549125 0.078454
v 0.012529 0.548889 0.076095
v 0.007217 0.547984 0.073465
v 0.003205 0.546244 0.070498
v 0.000628 0.543582 0.067158
v -0.000514 0.539998 0.063446
v -0.000356 0.535579 0.059397
v 0.000845 0.530490 0.055077
v 0.002735 0.524958 0.050578
v 0.004908 0.519244 0.046006
v 0.006944 0.513618 0.041469
v 0.008456 0.508329 0.037068
v 0.009136 0.503575 0.032883
v 0.008794 0.499477 0.028964
v 0.007393 0.496059 0.025319
v 0.005104 0.493212 0.021905
v 0.007969 0.495689 0.025170
v 0.011722 0.497596 0.028204
v 0.016534 0.498822 0.030964
v 0.022368 0.499392 0.033458
v 0.029034 0.499427 0.035737
v 0.036223 0.499126 0.037879
v 0.043550 0.498736 0.039986
v 0.050595 0.498528 0.042166
v 0.056949 0.498764 0.044526
v 0.062261 0.499669 0.047156
v 0.066273 0.501409 0.050123
v 0.068850 0.504071 0.053462
v 0.069991 0.507656 0.057174
v 0.069833 0.512075 0.061224
v 0.068633 0.517164 0.065543
v 0.066743 0.522696 0.070042
v 0.064569 0.528410 0.074615
v 0.062534 0.534035 0.079151
v 0.061022 0.539324 0.083552
v 0.060342 0.544079 0.087737
v 0.060683 0.548177 0.091657
v 0.062084 0.551594 0.095301
f 2649 2650 2651
f 2649 2651 2650
f 2649 2651 2652
f 2649 2652 2651
f 2649 2652 2653
f 2649 2653 2652
f 2649 2653 2654
f 2649 2654 2653
f 2649 2654 2655
f 2649 2655 2654
f 2649 2655 2656
f 2649 2656 2655
f 2649 2656 2657
f 2649 2657 2656
f 2649 2657 2658
f 2649 2658 2657
f 2649 2658 2659
f 2649 2659 2658
f 2649 2659 2660
f 2649 2660 2659
f 2649 2660 2661
f 2649 2661 2660
f 2649 2661 2662
f 2649 2662 2661
f 2649 2662 2663
f 2649 2663 2662
f 2649 2663 2664
f 2649 2664 2663
f 2649 2664 2665
f 2649 2665 2664
f 2649 2665 2666
f 2649 2666 2665
f 2649 2666 2667
f 2649 2667 2666
f 2649 2667 2668
f 2649 2668 2667
f 2649 2668 2669
f 2649 2669 2668
f 2649 2669 2670
f 2649 2670 2669
f 2649 2670 2671
f 2649 2671 2670
f 2649 2671 2672
f 2649 2672 2671
f 2649 2672 2673
f 2649 2673 2672
f 2649 2673 2674
f 2649 2674 2673
f 2649 2674 2675
f 2649 2675 2674
f 2649 2675 2676
f 2649 2676 2675
f 2649 2676 2677
f 2649 2677 2676
f 2649 2677 2678
f 2649 2678 2677
f 2649 2678 2679
f 2649 2679 2678
f 2649 2679 2680
f 2649 2680 2679
f 2649 2680 2681
f 2649 2681 2680
f 2649 2681 2682
f 2649 2682 2681
f 2649 2682 2683
f 2649 2683 2682
f 2649 2683 2684
f 2649 2684 2683
f 2649 2684 2685
f 2649 2685 2684
f 2649 2685 2686
f 2649 2686 2685
f 2649 2686 2687
f 2649 2687 2686
f 2649 2687 2688
f 2649 2688 2687
f 2649 2688 2689
f 2649 2689 2688
f 2649 2689 2690
f 2649 2690 2689
f 2649 2690 2691
f 2649 2691 2690
f 2649 2691 2692
f 2649 2692 2691
f 2649 2692 2693
f 2649 2693 2692
f 2649 2693 2694
f 2649 2694 2693
v 0.064374 0.554442 0.098716
v 0.065805 0.552295 0.101636
v 0.067902 0.549539 0.103973
v 0.070616 0.546218 0.105770
v 0.073837 0.542432 0.107122
v 0.077410 0.538323 0.108164
v 0.081152 0.534060 0.109059
v 0.084862 0.529827 0.109982
v 0.088342 0.525803 0.111107
v 0.091410 0.522157 0.112592
v 0.093916 0.519026 0.114571
v 0.095753 0.516509 0.117136
v 0.096863 0.514656 0.120338
v 0.097248 0.513468 0.124177
v 0.096964 0.512894 0.128603
v 0.096117 0.512835 0.133521
v 0.094858 0.513153 0.138801
v 0.093369 0.513681 0.144283
v 0.091849 0.514239 0.149792
v 0.090497 0.514642 0.155153
v 0.089498 0.514722 0.160206
v 0.089006 0.514338 0.164813
v 0.089130 0.513389 0.168880
v 0.089920 0.511830 0.172364
v 0.088488 0.513977 0.169443
v 0.086391 0.516733 0.167106
v 0.083677 0.520054 0.165310
v 0.080456 0.523840 0.163958
v 0.076883 0.527949 0.162915
v 0.073141 0.532211 0.162020
v 0.069431 0.536445 0.161097
v 0.065951 0.540469 0.159973
v 0.062883 0.544115 0.158488
v 0.060377 0.547245 0.156509
v 0.058540 0.549763 0.153943
v 0.057430 0.551616 0.150741
v 0.057045 0.552803 0.146903
v 0.057329 0.553378 0.142477
v 0.058176 0.553437 0.137558
v 0.059435 0.553119 0.132279
v 0.060924 0.552591 0.126797
v 0.062444 0.552033 0.121288
v 0.063796 0.551630 0.115926
v 0.064795 0.551550 0.110874
v 0.065288 0.551934 0.106266
v 0.065163 0.552883 0.102199
f 2695 2696 2697
f 2695 2697 2696
f 2695 2697 2698
f 2695 2698 2697
f 2695 2698 2699
f 2695 2699 2698
f 2695 2699 2700
f 2695 2700 2699
f 2695 2700 2701
f 2695 2701 2700
f 2695 2701 2702
f 2695 2702 2701
f 2695 2702 2703
f 2695 2703 2702
f 2695 2703 2704
f 2695 2704 2703
f 2695 2704 2705
f 2695 2705 2704
f 2695 2705 2706
f 2695 2706 2705
f 2695 2706 2707
f 2695 2707 2706
f 2695 2707 2708
f 2695 2708 2707
f 2695 2708 2709
f 2695 2709 2708
f 2695 2709 2710
f 2695 2710 2709
f 2695 2710 2711
f 2695 2711 2710
f 2695 2711 2712
f 2695 2712 2711
f 2695 2712 2713
f 2695 2713 2712
f 2695 2713 2714
f 2695 2714 2713
f 2695 2714 2715
f 2695 2715 2714
f 2695 2715 2716
f 2695 2716 2715
f 2695 2716 2717
f 2695 2717 2716
f 2695 2717 2718
f 2695 2718 2717
f 2695 2718 2719
f 2695 2719 2718
f 2695 2719 2720
f 2695 2720 2719
f 2695 2720 2721
f 2695 2721 2720
f 2695 2721 2722
f 2695 2722 2721
f 2695 2722 2723
f 2695 2723 2722
f 2695 2723 2724
f 2695 2724 2723
f 2695 2724 2725
f 2695 2725 2724
f 2695 2725 2726
f 2695 2726 2725
f 2695 2726 2727
f 2695 2727 2726
f 2695 2727 2728
f 2695 2728 2727
f 2695 2728 2729
f 2695 2729 2728
f 2695 2729 2730
f 2695 2730 2729
f 2695 2730 2731
f 2695 2731 2730
f 2695 2731 2732
f 2695 2732 2731
f 2695 2732 2733
f 2695 2733 2732
f 2695 2733 2734
f 2695 2734 2733
f 2695 2734 2735
f 2695 2735 2734
f 2695 2735 2736
f 2695 2736 2735
f 2695 2736 2737
f 2695 2737 2736
f 2695 2737 2738
f 2695 2738 2737
f 2695 2738 2739
f 2695 2739 2738
f 2695 2739 2740
f 2695 2740 2739
v 0.050566 0.511739 0.121253
v 0.050777 0.514334 0.116037
v 0.047579 0.515938 0.111434
v 0.042193 0.515938 0.109203
v 0.036676 0.514334 0.110195
v 0.033137 0.511739 0.114031
v 0.032925 0.509143 0.119247
v 0.036124 0.507539 0.123850
v 0.041509 0.507539 0.126082
v 0.047026 0.509143 0.125090
v 0.036917 0.565296 0.146308
v 0.037061 0.567061 0.142761
v 0.034886 0.568152 0.139631
v 0.031224 0.568152 0.138114
v 0.027472 0.567061 0.138788
v 0.025065 0.565296 0.141397
v 0.024922 0.563531 0.144944
v 0.027097 0.562441 0.148074
v 0.030759 0.562441 0.149592
v 0.034510 0.563531 0.148917
f 2741 2742 2752
f 2741 2752 2751
f 2742 2743 2753
f 2742 2753 2752
f 2743 2744 2754
f 2743 2754 2753
f 2744 2745 2755
f 2744 2755 2754
f 2745 2746 2756
f 2745 2756 2755
f 2746 2747 2757
f 2746 2757 2756
f 2747 2748 2758
f 2747 2758 2757
f 2748 2749 2759
f 2748 2759 2758
f 2749 2750 2760
f 2749 2760 2759
f 2750 2741 2751
f 2750 2751 2760
v 0.030991 0.565296 0.143853
v 0.035949 0.563602 0.143892
v 0.041216 0.562475 0.142900
v 0.046828 0.561983 0.140755
v 0.052760 0.562078 0.137542
v 0.058943 0.562635 0.133491
v 0.065275 0.563465 0.128941
v 0.071635 0.564347 0.124298
v 0.077893 0.565041 0.119996
v 0.083926 0.565322 0.116446
v 0.089628 0.564995 0.114000
v 0.094923 0.563920 0.112914
v 0.099771 0.562023 0.113322
v 0.104170 0.559304 0.115225
v 0.108162 0.555837 0.118487
v 0.111824 0.551762 0.122854
v 0.115260 0.547274 0.127973
v 0.118595 0.542598 0.133432
v 0.121957 0.537973 0.138799
v 0.125468 0.533623 0.143666
v 0.129231 0.529734 0.147696
v 0.133313 0.526432 0.150658
v 0.137741 0.523765 0.152466
v 0.142478 0.521665 0.153243
v 0.137520 0.523359 0.153204
v 0.132254 0.524486 0.154196
v 0.126642 0.524978 0.156341
v 0.120710 0.524883 0.159554
v 0.114527 0.524327 0.163605
v 0.108194 0.523496 0.168155
v 0.101834 0.522615 0.172798
v 0.095576 0.521920 0.177100
v 0.089543 0.521640 0.180650
v 0.083841 0.521966 0.183096
v 0.078546 0.523041 0.184182
v 0.073699 0.524938 0.183774
v 0.069299 0.527657 0.181871
v 0.065307 0.531125 0.178609
v 0.061645 0.535199 0.174242
v 0.058209 0.539688 0.169123
v 0.054874 0.544363 0.163664
v 0.051512 0.548988 0.158297
v 0.048001 0.553338 0.153430
v 0.044238 0.557228 0.149400
v 0.040156 0.560529 0.146438
v 0.035728 0.563196 0.144630
f 2761 2762 2763
f 2761 2763 2762
f 2761 2763 2764
f 2761 2764 2763
f 2761 2764 2765
f 2761 2765 2764
f 2761 2765 2766
f 2761 2766 2765
f 2761 2766 2767
f 2761 2767 2766
f 2761 2767 2768
f 2761 2768 2767
f 2761 2768 2769
f 2761 2769 2768
f 2761 2769 2770
f 2761 2770 2769
f 2761 2770 2771
f 2761 2771 2770
f 2761 2771 2772
f 2761 2772 2771
f 2761 2772 2773
f 2761 2773 2772
f 2761 2773 2774
f 2761 2774 2773
f 2761 2774 2775
f 2761 2775 2774
f 2761 2775 2776
f 2761 2776 2775
f 2761 2776 2777
f 2761 2777 2776
f 2761 2777 2778
f 2761 2778 2777
f 2761 2778 2779
f 2761 2779 2778
f 2761 2779 2780
f 2761 2780 2779
f 2761 2780 2781
f 2761 2781 2780
f 2761 2781 2782
f 2761 2782 2781
f 2761 2782 2783
f 2761 2783 2782
f 2761 2783 2784
f 2761 2784 2783
f 2761 2784 2785
f 2761 2785 2784
f 2761 2785 2786
f 2761 2786 2785
f 2761 2786 2787
f 2761 2787 2786
f 2761 2787 2788
f 2761 2788 2787
f 2761 2788 2789
f 2761 2789 2788
f 2761 2789 2790
f 2761 2790 2789
f 2761 2790 2791
f 2761 2791 2790
f 2761 2791 2792
f 2761 2792 2791
f 2761 2792 2793
f 2761 2793 2792
f 2761 2793 2794
f 2761 2794 2793
f 2761 2794 2795
f 2761 2795 2794
f 2761 2795 2796
f 2761 2796 2795
f 2761 2796 2797
f 2761 2797 2796
f 2761 2797 2798
f 2761 2798 2797
f 2761 2798 2799
f 2761 2799 2798
f 2761 2799 2800
f 2761 2800 2799
f 2761 2800 2801
f 2761 2801 2800
f 2761 2801 2802
f 2761 2802 2801
f 2761 2802 2803
f 2761 2803 2802
f 2761 2803 2804
f 2761 2804 2803
f 2761 2804 2805
f 2761 2805 2804
f 2761 2805 2806
f 2761 2806 2805
v 0.030991 0.565296 0.143853
v 0.030401 0.564977 0.140321
v 0.029301 0.564514 0.136869
v 0.027402 0.563827 0.133544
v 0.024585 0.562884 0.130364
v 0.020902 0.561697 0.127322
v 0.016563 0.560327 0.124383
v 0.011905 0.558868 0.121494
v 0.007343 0.557436 0.118590
v 0.003316 0.556153 0.115602
v 0.000217 0.555130 0.112467
v -0.001653 0.554452 0.109137
v -0.002133 0.554163 0.105588
v -0.001224 0.554263 0.101819
v 0.000913 0.554708 0.097855
v 0.003980 0.555413 0.093745
v 0.007580 0.556267 0.089550
v 0.011278 0.557148 0.085340
v 0.014656 0.557940 0.081180
v 0.017378 0.558549 0.077124
v 0.019234 0.558914 0.073205
v 0.020172 0.559023 0.069431
v 0.020311 0.558908 0.065784
v 0.019940 0.558649 0.062217
v 0.020531 0.558969 0.065749
v 0.021630 0.559431 0.069201
v 0.023530 0.560118 0.072526
v 0.026347 0.561062 0.075705
v 0.030030 0.562248 0.078748
v 0.034369 0.563618 0.081687
v 0.039027 0.565078 0.084576
v 0.043588 0.566510 0.087479
v 0.047616 0.567793 0.090468
v 0.050715 0.568815 0.093603
v 0.052584 0.569494 0.096933
v 0.053065 0.569783 0.100482
v 0.052156 0.569682 0.104251
v 0.050018 0.569238 0.108215
v 0.046952 0.568533 0.112325
v 0.043351 0.567679 0.116520
v 0.039654 0.566797 0.120730
v 0.036276 0.566005 0.124890
v 0.033554 0.565397 0.128946
v 0.031698 0.565031 0.132865
v 0.030759 0.564923 0.136638
v 0.030620 0.565038 0.140286
f 2807 2808 2809
f 2807 2809 2808
f 2807 2809 2810
f 2807 2810 2809
f 2807 2810 2811
f 2807 2811 2810
f 2807 2811 2812
f 2807 2812 2811
f 2807 2812 2813
f 2807 2813 2812
f 2807 2813 2814
f 2807 2814 2813
f 2807 2814 2815
f 2807 2815 2814
f 2807 2815 2816
f 2807 2816 2815
f 2807 2816 2817
f 2807 2817 2816
f 2807 2817 2818
f 2807 2818 2817
f 2807 2818 2819
f 2807 2819 2818
f 2807 2819 2820
f 2807 2820 2819
f 2807 2820 2821
f 2807 2821 2820
f 2807 2821 2822
f 2807 2822 2821
f 2807 2822 2823
f 2807 2823 2822
f 2807 2823 2824
f 2807 2824 2823
f 2807 2824 2825
f 2807 2825 2824
f 2807 2825 2826
f 2807 2826 2825
f 2807 2826 2827
f 2807 2827 2826
f 2807 2827 2828
f 2807 2828 2827
f 2807 2828 2829
f 2807 2829 2828
f 2807 2829 2830
f 2807 2830 2829
f 2807 2830 2831
f 2807 2831 2830
f 2807 2831 2832
f 2807 2832 2831
f 2807 2832 2833
f 2807 2833 2832
f 2807 2833 2834
f 2807 2834 2833
f 2807 2834 2835
f 2807 2835 2834
f 2807 2835 2836
f 2807 2836 2835
f 2807 2836 2837
f 2807 2837 2836
f 2807 2837 2838
f 2807 2838 2837
f 2807 2838 2839
f 2807 2839 2838
f 2807 2839 2840
f 2807 2840 2839
f 2807 2840 2841
f 2807 2841 2840
f 2807 2841 2842
f 2807 2842 2841
f 2807 2842 2843
f 2807 2843 2842
f 2807 2843 2844
f 2807 2844 2843
f 2807 2844 2845
f 2807 2845 2844
f 2807 2845 2846
f 2807 2846 2845
f 2807 2846 2847
f 2807 2847 2846
f 2807 2847 2848
f 2807 2848 2847
f 2807 2848 2849
f 2807 2849 2848
f 2807 2849 2850
f 2807 2850 2849
f 2807 2850 2851
f 2807 2851 2850
f 2807 2851 2852
f 2807 2852 2851
v 0.030991 0.565296 0.143853
v 0.026638 0.561896 0.144835
v 0.022770 0.557975 0.147084
v 0.019387 0.553531 0.150601
v 0.016423 0.548638 0.155211
v 0.013766 0.543415 0.160620
v 0.011271 0.538018 0.166453
v 0.008775 0.532622 0.172284
v 0.006114 0.527404 0.177683
v 0.003132 0.522529 0.182246
v -0.000298 0.518137 0.185639
v -0.004269 0.514326 0.187618
v -0.008831 0.511150 0.188058
v -0.013982 0.508607 0.186958
v -0.019675 0.506646 0.184445
v -0.025816 0.505167 0.180761
v -0.032277 0.504032 0.176242
v -0.038904 0.503075 0.171290
v -0.045532 0.502118 0.166338
v -0.051997 0.500987 0.161807
v -0.058156 0.499528 0.158077
v -0.063897 0.497618 0.155440
v -0.069152 0.495186 0.154070
v -0.073921 0.492233 0.153967
v -0.069567 0.495633 0.152985
v -0.065699 0.499554 0.150736
v -0.062317 0.503998 0.147219
v -0.059353 0.508891 0.142609
v -0.056696 0.514114 0.137199
v -0.054200 0.519511 0.131367
v -0.051705 0.524907 0.125536
v -0.049043 0.530125 0.120137
v -0.046062 0.535000 0.115574
v -0.042631 0.539392 0.112181
v -0.038660 0.543203 0.110202
v -0.034099 0.546379 0.109762
v -0.028947 0.548922 0.110862
v -0.023255 0.550883 0.113375
v -0.017113 0.552362 0.117059
v -0.010652 0.553497 0.121578
v -0.004025 0.554454 0.126530
v 0.002602 0.555411 0.131482
v 0.009068 0.556542 0.136012
v 0.015227 0.558001 0.139743
v 0.020967 0.559911 0.142380
v 0.026222 0.562343 0.143750
f 2853 2854 2855
f 2853 2855 2854
f 2853 2855 2856
f 2853 2856 2855
f 2853 2856 2857
f 2853 2857 2856
f 2853 2857 2858
f 2853 2858 2857
f 2853 2858 2859
f 2853 2859 2858
f 2853 2859 2860
f 2853 2860 2859
f 2853 2860 2861
f 2853 2861 2860
f 2853 2861 2862
f 2853 2862 2861
f 2853 2862 2863
f 2853 2863 2862
f 2853 2863 2864
f 2853 2864 2863
f 2853 2864 2865
f 2853 2865 2864
f 2853 2865 2866
f 2853 2866 2865
f 2853 2866 2867
f 2853 2867 2866
f 2853 2867 2868
f 2853 2868 2867
f 2853 2868 2869
f 2853 2869 2868
f 2853 2869 2870
f 2853 2870 2869
f 2853 2870 2871
f 2853 2871 2870
f 2853 2871 2872
f 2853 2872 2871
f 2853 2872 2873
f 2853 2873 2872
f 2853 2873 2874
f 2853 2874 2873
f 2853 2874 2875
f 2853 2875 2874
f 2853 2875 2876
f 2853 2876 2875
f 2853 2876 2877
f 2853 2877 2876
f 2853 2877 2878
f 2853 2878 2877
f 2853 2878 2879
f 2853 2879 2878
f 2853 2879 2880
f 2853 2880 2879
f 2853 2880 2881
f 2853 2881 2880
f 2853 2881 2882
f 2853 2882 2881
f 2853 2882 2883
f 2853 2883 2882
f 2853 2883 2884
f 2853 2884 2883
f 2853 2884 2885
f 2853 2885 2884
f 2853 2885 2886
f 2853 2886 2885
f 2853 2886 2887
f 2853 2887 2886
f 2853 2887 2888
f 2853 2888 2887
f 2853 2888 2889
f 2853 2889 2888
f 2853 2889 2890
f 2853 2890 2889
f 2853 2890 2891
f 2853 2891 2890
f 2853 2891 2892
f 2853 2892 2891
f 2853 2892 2893
f 2853 2893 2892
f 2853 2893 2894
f 2853 2894 2893
f 2853 2894 2895
f 2853 2895 2894
f 2853 2895 2896
f 2853 2896 2895
f 2853 2896 2897
f 2853 2897 2896
f 2853 2897 2898
f 2853 2898 2897
v 0.002541 0.430520 0.109961
v 0.008638 0.435127 0.106074
v 0.011393 0.437975 0.098471
v 0.009754 0.437975 0.090056
v 0.004347 0.435127 0.084043
v -0.002763 0.430520 0.082728
v -0.008859 0.425913 0.086615
v -0.011614 0.423065 0.094217
v -0.009976 0.423065 0.102633
v -0.004569 0.425913 0.108646
v -0.051150 0.509124 0.115894
v -0.047004 0.512257 0.113251
v -0.045130 0.514193 0.108082
v -0.046245 0.514193 0.102359
v -0.049922 0.512257 0.098270
v -0.054756 0.509124 0.097376
v -0.058902 0.505991 0.100019
v -0.060775 0.504054 0.105189
v -0.059661 0.504054 0.110911
v -0.055984 0.505991 0.115000
f 2899 2900 2910
f 2899 2910 2909
f 2900 2901 2911
f 2900 2911 2910
f 2901 2902 2912
f 2901 2912 2911
f 2902 2903 2913
f 2902 2913 2912
f 2903 2904 2914
f 2903 2914 2913
f 2904 2905 2915
f 2904 2915 2914
f 2905 2906 2916
f 2905 2916 2915
f 2906 2907 2917
f 2906 2917 2916
f 2907 2908 2918
f 2907 2918 2917
f 2908 2899 2909
f 2908 2909 2918
v -0.052953 0.509124 0.106635
v -0.050972 0.508070 0.109819
v -0.048062 0.507660 0.112865
v -0.044363 0.507795 0.115796
v -0.040054 0.508352 0.118636
v -0.035347 0.509183 0.121417
v -0.030480 0.510126 0.124175
v -0.025700 0.511008 0.126946
v -0.021246 0.511666 0.129765
v -0.017330 0.511950 0.132663
v -0.014129 0.511741 0.135667
v -0.011767 0.510951 0.138794
v -0.010308 0.509537 0.142055
v -0.009752 0.507498 0.145449
v -0.010035 0.504879 0.148966
v -0.011033 0.501766 0.152589
v -0.012570 0.498280 0.156292
v -0.014432 0.494569 0.160042
v -0.016381 0.490798 0.163805
v -0.018170 0.487138 0.167545
v -0.019561 0.483752 0.171226
v -0.020342 0.480789 0.174817
v -0.020335 0.478371 0.178291
v -0.019397 0.476596 0.181629
v -0.021378 0.477649 0.178445
v -0.024289 0.478060 0.175399
v -0.027987 0.477925 0.172468
v -0.032297 0.477368 0.169628
v -0.037003 0.476536 0.166847
v -0.041870 0.475594 0.164089
v -0.046650 0.474711 0.161318
v -0.051105 0.474054 0.158499
v -0.055020 0.473769 0.155601
v -0.058221 0.473979 0.152597
v -0.060583 0.474769 0.149470
v -0.062042 0.476183 0.146209
v -0.062598 0.478222 0.142815
v -0.062315 0.480840 0.139298
v -0.061317 0.483954 0.135675
v -0.059780 0.487440 0.131972
v -0.057918 0.491151 0.128222
v -0.055970 0.494921 0.124459
v -0.054181 0.498582 0.120719
v -0.052789 0.501967 0.117038
v -0.052008 0.504930 0.113447
v -0.052016 0.507349 0.109973
f 2919 2920 2921
f 2919 2921 2920
f 2919 2921 2922
f 2919 2922 2921
f 2919 2922 2923
f 2919 2923 2922
f 2919 2923 2924
f 2919 2924 2923
f 2919 2924 2925
f 2919 2925 2924
f 2919 2925 2926
f 2919 2926 2925
f 2919 2926 2927
f 2919 2927 2926
f 2919 2927 2928
f 2919 2928 2927
f 2919 2928 2929
f 2919 2929 2928
f 2919 2929 2930
f 2919 2930 2929
f 2919 2930 2931
f 2919 2931 2930
f 2919 2931 2932
f 2919 2932 2931
f 2919 2932 2933
f 2919 2933 2932
f 2919 2933 2934
f 2919 2934 2933
f 2919 2934 2935
f 2919 2935 2934
f 2919 2935 2936
f 2919 2936 2935
f 2919 2936 2937
f 2919 2937 2936
f 2919 2937 2938
f 2919 2938 2937
f 2919 2938 2939
f 2919 2939 2938
f 2919 2939 2940
f 2919 2940 2939
f 2919 2940 2941
f 2919 2941 2940
f 2919 2941 2942
f 2919 2942 2941
f 2919 2942 2943
f 2919 2943 2942
f 2919 2943 2944
f 2919 2944 2943
f 2919 2944 2945
f 2919 2945 2944
f 2919 2945 2946
f 2919 2946 2945
f 2919 2946 2947
f 2919 2947 2946
f 2919 2947 2948
f 2919 2948 2947
f 2919 2948 2949
f 2919 2949 2948
f 2919 2949 2950
f 2919 2950 2949
f 2919 2950 2951
f 2919 2951 2950
f 2919 2951 2952
f 2919 2952 2951
f 2919 2952 2953
f 2919 2953 2952
f 2919 2953 2954
f 2919 2954 2953
f 2919 2954 2955
f 2919 2955 2954
f 2919 2955 2956
f 2919 2956 2955
f 2919 2956 2957
f 2919 2957 2956
f 2919 2957 2958
f 2919 2958 2957
f 2919 2958 2959
f 2919 2959 2958
f 2919 2959 2960
f 2919 2960 2959
f 2919 2960 2961
f 2919 2961 2960
f 2919 2961 2962
f 2919 2962 2961
f 2919 2962 2963
f 2919 2963 2962
f 2919 2963 2964
f 2919 2964 2963
v -0.052953 0.509124 0.106635
v -0.049970 0.510043 0.101957
v -0.047569 0.510631 0.096813
v -0.046098 0.510693 0.090925
v -0.045704 0.510142 0.084174
v -0.046338 0.509010 0.076602
v -0.047756 0.507431 0.068401
v -0.049564 0.505631 0.059888
v -0.051270 0.503890 0.051457
v -0.052355 0.502501 0.043523
v -0.052346 0.501732 0.036465
v -0.050885 0.501787 0.030568
v -0.047780 0.502776 0.025988
v -0.043030 0.504697 0.022724
v -0.036829 0.507443 0.020622
v -0.029534 0.510809 0.019396
v -0.021617 0.514528 0.018667
v -0.013599 0.518304 0.018019
v -0.005970 0.521860 0.017060
v 0.000873 0.524969 0.015472
v 0.006690 0.527497 0.013062
v 0.011429 0.529412 0.009789
v 0.015239 0.530801 0.005773
v 0.018466 0.531858 0.001291
v 0.015483 0.530939 0.005969
v 0.013083 0.530351 0.011113
v 0.011611 0.530289 0.017001
v 0.011218 0.530840 0.023752
v 0.011851 0.531972 0.031324
v 0.013269 0.533551 0.039525
v 0.015077 0.535351 0.048038
v 0.016783 0.537092 0.056469
v 0.017868 0.538481 0.064403
v 0.017859 0.539250 0.071461
v 0.016398 0.539195 0.077358
v 0.013293 0.538206 0.081938
v 0.008544 0.536285 0.085202
v 0.002342 0.533539 0.087304
v -0.004953 0.530173 0.088530
v -0.012869 0.526454 0.089260
v -0.020888 0.522678 0.089907
v -0.028516 0.519122 0.090867
v -0.035360 0.516013 0.092455
v -0.041177 0.513485 0.094864
v -0.045916 0.511570 0.098137
v -0.049726 0.510181 0.102153
f 2965 2966 2967
f 2965 2967 2966
f 2965 2967 2968
f 2965 2968 2967
f 2965 2968 2969
f 2965 2969 2968
f 2965 2969 2970
f 2965 2970 2969
f 2965 2970 2971
f 2965 2971 2970
f 2965 2971 2972
f 2965 2972 2971
f 2965 2972 2973
f 2965 2973 2972
f 2965 2973 2974
f 2965 2974 2973
f 2965 2974 2975
f 2965 2975 2974
f 2965 2975 2976
f 2965 2976 2975
f 2965 2976 2977
f 2965 2977 2976
f 2965 2977 2978
f 2965 2978 2977
f 2965 2978 2979
f 2965 2979 2978
f 2965 2979 2980
f 2965 2980 2979
f 2965 2980 2981
f 2965 2981 2980
f 2965 2981 2982
f 2965 2982 2981
f 2965 2982 2983
f 2965 2983 2982
f 2965 2983 2984
f 2965 2984 2983
f 2965 2984 2985
f 2965 2985 2984
f 2965 2985 2986
f 2965 2986 2985
f 2965 2986 2987
f 2965 2987 2986
f 2965 2987 2988
f 2965 2988 2987
f 2965 2988 2989
f 2965 2989 2988
f 2965 2989 2990
f 2965 2990 2989
f 2965 2990 2991
f 2965 2991 2990
f 2965 2991 2992
f 2965 2992 2991
f 2965 2992 2993
f 2965 2993 2992
f 2965 2993 2994
f 2965 2994 2993
f 2965 2994 2995
f 2965 2995 2994
f 2965 2995 2996
f 2965 2996 2995
f 2965 2996 2997
f 2965 2997 2996
f 2965 2997 2998
f 2965 2998 2997
f 2965 2998 2999
f 2965 2999 2998
f 2965 2999 3000
f 2965 3000 2999
f 2965 3000 3001
f 2965 3001 3000
f 2965 3001 3002
f 2965 3002 3001
f 2965 3002 3003
f 2965 3003 3002
f 2965 3003 3004
f 2965 3004 3003
f 2965 3004 3005
f 2965 3005 3004
f 2965 3005 3006
f 2965 3006 3005
f 2965 3006 3007
f 2965 3007 3006
f 2965 3007 3008
f 2965 3008 3007
f 2965 3008 3009
f 2965 3009 3008
f 2965 3009 3010
f 2965 3010 3009
v -0.052953 0.509124 0.106635
v -0.055293 0.507009 0.104897
v -0.058093 0.504478 0.103971
v -0.061302 0.501578 0.103769
v -0.064837 0.498382 0.104145
v -0.068594 0.494987 0.104912
v -0.072449 0.491503 0.105852
v -0.076271 0.488048 0.106736
v -0.079934 0.484737 0.107336
v -0.083321 0.481676 0.107449
v -0.086337 0.478950 0.106906
v -0.088913 0.476621 0.105585
v -0.091016 0.474721 0.103426
v -0.092643 0.473250 0.100427
v -0.093832 0.472175 0.096652
v -0.094649 0.471437 0.092220
v -0.095191 0.470947 0.087300
v -0.095573 0.470602 0.082098
v -0.095922 0.470286 0.076839
v -0.096370 0.469881 0.071753
v -0.097038 0.469277 0.067058
v -0.098034 0.468377 0.062941
v -0.099439 0.467107 0.059548
v -0.101303 0.465422 0.056967
v -0.098963 0.467537 0.058706
v -0.096163 0.470068 0.059632
v -0.092954 0.472968 0.059834
v -0.089418 0.476164 0.059458
v -0.085662 0.479559 0.058691
v -0.081807 0.483043 0.057751
v -0.077984 0.486499 0.056867
v -0.074322 0.489809 0.056266
v -0.070935 0.492870 0.056153
v -0.067919 0.495596 0.056697
v -0.065342 0.497925 0.058017
v -0.063240 0.499825 0.060177
v -0.061612 0.501296 0.063175
v -0.060424 0.502371 0.066951
v -0.059606 0.503110 0.071383
v -0.059065 0.503599 0.076302
v -0.058683 0.503944 0.081505
v -0.058334 0.504260 0.086764
v -0.057886 0.504665 0.091850
v -0.057217 0.505269 0.096545
v -0.056222 0.506169 0.100662
v -0.054817 0.507439 0.104055
f 3011 3012 3013
f 3011 3013 3012
f 3011 3013 3014
f 3011 3014 3013
f 3011 3014 3015
f 3011 3015 3014
f 3011 3015 3016
f 3011 3016 3015
f 3011 3016 3017
f 3011 3017 3016
f 3011 3017 3018
f 3011 3018 3017
f 3011 3018 3019
f 3011 3019 3018
f 3011 3019 3020
f 3011 3020 3019
f 3011 3020 3021
f 3011 3021 3020
f 3011 3021 3022
f 3011 3022 3021
f 3011 3022 3023
f 3011 3023 3022
f 3011 3023 3024
f 3011 3024 3023
f 3011 3024 3025
f 3011 3025 3024
f 3011 3025 3026
f 3011 3026 3025
f 3011 3026 3027
f 3011 3027 3026
f 3011 3027 3028
f 3011 3028 3027
f 3011 3028 3029
f 3011 3029 3028
f 3011 3029 3030
f 3011 3030 3029
f 3011 3030 3031
f 3011 3031 3030
f 3011 3031 3032
f 3011 3032 3031
f 3011 3032 3033
f 3011 3033 3032
f 3011 3033 3034
f 3011 3034 3033
f 3011 3034 3035
f 3011 3035 3034
f 3011 3035 3036
f 3011 3036 3035
f 3011 3036 3037
f 3011 3037 3036
f 3011 3037 3038
f 3011 3038 3037
f 3011 3038 3039
f 3011 3039 3038
f 3011 3039 3040
f 3011 3040 3039
f 3011 3040 3041
f 3011 3041 3040
f 3011 3041 3042
f 3011 3042 3041
f 3011 3042 3043
f 3011 3043 3042
f 3011 3043 3044
f 3011 3044 3043
f 3011 3044 3045
f 3011 3045 3044
f 3011 3045 3046
f 3011 3046 3045
f 3011 3046 3047
f 3011 3047 3046
f 3011 3047 3048
f 3011 3048 3047
f 3011 3048 3049
f 3011 3049 3048
f 3011 3049 3050
f 3011 3050 3049
f 3011 3050 3051
f 3011 3051 3050
f 3011 3051 3052
f 3011 3052 3051
f 3011 3052 3053
f 3011 3053 3052
f 3011 3053 3054
f 3011 3054 3053
f 3011 3054 3055
f 3011 3055 3054
f 3011 3055 3056
f 3011 3056 3055
v -0.050645 0.509124 0.115782
v -0.049693 0.514479 0.113683
v -0.049986 0.517789 0.108893
v -0.051412 0.517789 0.103240
v -0.053427 0.514479 0.098884
v -0.055260 0.509124 0.097489
v -0.056213 0.503769 0.099587
v -0.055920 0.500459 0.104378
v -0.054494 0.500459 0.110030
v -0.052479 0.503769 0.114386
v -0.108951 0.525052 0.127379
v -0.108303 0.528694 0.125952
v -0.108502 0.530944 0.122694
v -0.109472 0.530944 0.118850
v -0.110842 0.528694 0.115888
v -0.112089 0.525052 0.114940
v -0.112737 0.521411 0.116366
v -0.112538 0.519160 0.119624
v -0.111568 0.519160 0.123468
v -0.110198 0.521411 0.126430
f 3057 3058 3068
f 3057 3068 3067
f 3058 3059 3069
f 3058 3069 3068
f 3059 3060 3070
f 3059 3070 3069
f 3060 3061 3071
f 3060 3071 3070
f 3061 3062 3072
f 3061 3072 3071
f 3062 3063 3073
f 3062 3073 3072
f 3063 3064 3074
f 3063 3074 3073
f 3064 3065 3075
f 3064 3075 3074
f 3065 3066 3076
f 3065 3076 3075
f 3066 3057 3067
f 3066 3067 3076
v -0.110520 0.525052 0.121159
v -0.107140 0.524324 0.124420
v -0.103653 0.524000 0.127667
v -0.099935 0.524538 0.130883
v -0.095893 0.526283 0.134055
v -0.091495 0.529364 0.137179
v -0.086778 0.533632 0.140261
v -0.081856 0.538669 0.143315
v -0.076896 0.543845 0.146363
v -0.072097 0.548424 0.149434
v -0.067647 0.551694 0.152551
v -0.063699 0.553092 0.155736
v -0.060334 0.552309 0.158999
v -0.057553 0.549345 0.162341
v -0.055273 0.544510 0.165750
v -0.053343 0.538365 0.169206
v -0.051573 0.531623 0.172684
v -0.049766 0.525020 0.176157
v -0.047753 0.519185 0.179602
v -0.045422 0.514538 0.183004
v -0.042734 0.511227 0.186359
v -0.039722 0.509124 0.189669
v -0.036480 0.507882 0.192949
v -0.033131 0.507044 0.196214
v -0.036510 0.507771 0.192953
v -0.039998 0.508095 0.189706
v -0.043716 0.507558 0.186491
v -0.047757 0.505813 0.183318
v -0.052156 0.502732 0.180194
v -0.056872 0.498463 0.177113
v -0.061795 0.493426 0.174059
v -0.066754 0.488250 0.171010
v -0.071554 0.483671 0.167940
v -0.076003 0.480402 0.164823
v -0.079951 0.479004 0.161638
v -0.083316 0.479787 0.158375
v -0.086097 0.482751 0.155033
v -0.088378 0.487586 0.151624
v -0.090307 0.493731 0.148167
v -0.092078 0.500473 0.144690
v -0.093885 0.507076 0.141217
v -0.095898 0.512911 0.137772
v -0.098229 0.517557 0.134369
v -0.100917 0.520869 0.131015
v -0.103928 0.522972 0.127704
v -0.107170 0.524214 0.124424
f 3077 3078 3079
f 3077 3079 3078
f 3077 3079 3080
f 3077 3080 3079
f 3077 3080 3081
f 3077 3081 3080
f 3077 3081 3082
f 3077 3082 3081
f 3077 3082 3083
f 3077 3083 3082
f 3077 3083 3084
f 3077 3084 3083
f 3077 3084 3085
f 3077 3085 3084
f 3077 3085 3086
f 3077 3086 3085
f 3077 3086 3087
f 3077 3087 3086
f 3077 3087 3088
f 3077 3088 3087
f 3077 3088 3089
f 3077 3089 3088
f 3077 3089 3090
f 3077 3090 3089
f 3077 3090 3091
f 3077 3091 3090
f 3077 3091 3092
f 3077 3092 3091
f 3077 3092 3093
f 3077 3093 3092
f 3077 3093 3094
f 3077 3094 3093
f 3077 3094 3095
f 3077 3095 3094
f 3077 3095 3096
f 3077 3096 3095
f 3077 3096 3097
f 3077 3097 3096
f 3077 3097 3098
f 3077 3098 3097
f 3077 3098 3099
f 3077 3099 3098
f 3077 3099 3100
f 3077 3100 3099
f 3077 3100 3101
f 3077 3101 3100
f 3077 3101 3102
f 3077 3102 3101
f 3077 3102 3103
f 3077 3103 3102
f 3077 3103 3104
f 3077 3104 3103
f 3077 3104 3105
f 3077 3105 3104
f 3077 3105 3106
f 3077 3106 3105
f 3077 3106 3107
f 3077 3107 3106
f 3077 3107 3108
f 3077 3108 3107
f 3077 3108 3109
f 3077 3109 3108
f 3077 3109 3110
f 3077 3110 3109
f 3077 3110 3111
f 3077 3111 3110
f 3077 3111 3112
f 3077 3112 3111
f 3077 3112 3113
f 3077 3113 3112
f 3077 3113 3114
f 3077 3114 3113
f 3077 3114 3115
f 3077 3115 3114
f 3077 3115 3116
f 3077 3116 3115
f 3077 3116 3117
f 3077 3117 3116
f 3077 3117 3118
f 3077 3118 3117
f 3077 3118 3119
f 3077 3119 3118
f 3077 3119 3120
f 3077 3120 3119
f 3077 3120 3121
f 3077 3121 3120
f 3077 3121 3122
f 3077 3122 3121
v -0.110520 0.525052 0.121159
v -0.108908 0.528801 0.119636
v -0.107393 0.532473 0.117814
v -0.106102 0.535968 0.115296
v -0.105147 0.539196 0.111742
v -0.104579 0.542118 0.106988
v -0.104370 0.544754 0.101122
v -0.104409 0.547194 0.094491
v -0.104512 0.549584 0.087661
v -0.104459 0.552097 0.081314
v -0.104031 0.554907 0.076127
v -0.103054 0.558153 0.072640
v -0.101431 0.561911 0.071152
v -0.099161 0.566182 0.071664
v -0.096342 0.570887 0.073876
v -0.093148 0.575890 0.077248
v -0.089798 0.581017 0.081104
v -0.086512 0.586093 0.084760
v -0.083473 0.590973 0.087651
v -0.080794 0.595568 0.089430
v -0.078503 0.599856 0.090010
v -0.076546 0.603878 0.089552
v -0.074815 0.607721 0.088399
v -0.073179 0.611489 0.086948
v -0.074791 0.607740 0.088471
v -0.076307 0.604067 0.090293
v -0.077597 0.600573 0.092810
v -0.078553 0.597345 0.096365
v -0.079121 0.594423 0.101119
v -0.079329 0.591787 0.106985
v -0.079290 0.589346 0.113616
v -0.079187 0.586957 0.120446
v -0.079240 0.584444 0.126793
v -0.079668 0.581634 0.131980
v -0.080645 0.578388 0.135467
v -0.082269 0.574630 0.136955
v -0.084539 0.570359 0.136443
v -0.087358 0.565653 0.134230
v -0.090552 0.560650 0.130858
v -0.093902 0.555523 0.127003
v -0.097188 0.550448 0.123347
v -0.100226 0.545568 0.120455
v -0.102905 0.540973 0.118677
v -0.105197 0.536685 0.118097
v -0.107153 0.532663 0.118554
v -0.108885 0.528819 0.119708
f 3123 3124 3125
f 3123 3125 3124
f 3123 3125 3126
f 3123 3126 3125
f 3123 3126 3127
f 3123 3127 3126
f 3123 3127 3128
f 3123 3128 3127
f 3123 3128 3129
f 3123 3129 3128
f 3123 3129 3130
f 3123 3130 3129
f 3123 3130 3131
f 3123 3131 3130
f 3123 3131 3132
f 3123 3132 3131
f 3123 3132 3133
f 3123 3133 3132
f 3123 3133 3134
f 3123 3134 3133
f 3123 3134 3135
f 3123 3135 3134
f 3123 3135 3136
f 3123 3136 3135
f 3123 3136 3137
f 3123 3137 3136
f 3123 3137 3138
f 3123 3138 3137
f 3123 3138 3139
f 3123 3139 3138
f 3123 3139 3140
f 3123 3140 3139
f 3123 3140 3141
f 3123 3141 3140
f 3123 3141 3142
f 3123 3142 3141
f 3123 3142 3143
f 3123 3143 3142
f 3123 3143 3144
f 3123 3144 3143
f 3123 3144 3145
f 3123 3145 3144
f 3123 3145 3146
f 3123 3146 3145
f 3123 3146 3147
f 3123 3147 3146
f 3123 3147 3148
f 3123 3148 3147
f 3123 3148 3149
f 3123 3149 3148
f 3123 3149 3150
f 3123 3150 3149
f 3123 3150 3151
f 3123 3151 3150
f 3123 3151 3152
f 3123 3152 3151
f 3123 3152 3153
f 3123 3153 3152
f 3123 3153 3154
f 3123 3154 3153
f 3123 3154 3155
f 3123 3155 3154
f 3123 3155 3156
f 3123 3156 3155
f 3123 3156 3157
f 3123 3157 3156
f 3123 3157 3158
f 3123 3158 3157
f 3123 3158 3159
f 3123 3159 3158
f 3123 3159 3160
f 3123 3160 3159
f 3123 3160 3161
f 3123 3161 3160
f 3123 3161 3162
f 3123 3162 3161
f 3123 3162 3163
f 3123 3163 3162
f 3123 3163 3164
f 3123 3164 3163
f 3123 3164 3165
f 3123 3165 3164
f 3123 3165 3166
f 3123 3166 3165
f 3123 3166 3167
f 3123 3167 3166
f 3123 3167 3168
f 3123 3168 3167
v -0.110520 0.525052 0.121159
v -0.111160 0.522231 0.119059
v -0.111790 0.519233 0.117190
v -0.112401 0.515842 0.115832
v -0.112983 0.511881 0.115212
v -0.113532 0.507279 0.115425
v -0.114051 0.502095 0.116395
v -0.114550 0.496522 0.117869
v -0.115045 0.490865 0.119453
v -0.115555 0.485481 0.120682
v -0.116095 0.480722 0.121099
v -0.116682 0.476866 0.120343
v -0.117323 0.474068 0.118214
v -0.118018 0.472328 0.114711
v -0.118759 0.471491 0.110035
v -0.119531 0.471279 0.104547
v -0.120318 0.471341 0.098704
v -0.121100 0.471318 0.092972
v -0.121863 0.470906 0.087743
v -0.122595 0.469913 0.083271
v -0.123295 0.468277 0.079632
v -0.123966 0.466073 0.076731
v -0.124617 0.463475 0.074342
v -0.125259 0.460700 0.072183
v -0.124620 0.463521 0.074283
v -0.123989 0.466519 0.076153
v -0.123379 0.469911 0.077511
v -0.122797 0.473871 0.078131
v -0.122248 0.478473 0.077917
v -0.121729 0.483658 0.076947
v -0.121229 0.489230 0.075474
v -0.120734 0.494888 0.073889
v -0.120225 0.500272 0.072660
v -0.119684 0.505031 0.072243
v -0.119097 0.508886 0.072999
v -0.118456 0.511684 0.075128
v -0.117761 0.513424 0.078631
v -0.117021 0.514261 0.083307
v -0.116248 0.514473 0.088795
v -0.115462 0.514411 0.094638
v -0.114679 0.514435 0.100370
v -0.113917 0.514846 0.105599
v -0.113184 0.515840 0.110071
v -0.112484 0.517475 0.113710
v -0.111813 0.519679 0.116611
v -0.111162 0.522277 0.119000
f 3169 3170 3171
f 3169 3171 3170
f 3169 3171 3172
f 3169 3172 3171
f 3169 3172 3173
f 3169 3173 3172
f 3169 3173 3174
f 3169 3174 3173
f 3169 3174 3175
f 3169 3175 3174
f 3169 3175 3176
f 3169 3176 3175
f 3169 3176 3177
f 3169 3177 3176
f 3169 3177 3178
f 3169 3178 3177
f 3169 3178 3179
f 3169 3179 3178
f 3169 3179 3180
f 3169 3180 3179
f 3169 3180 3181
f 3169 3181 3180
f 3169 3181 3182
f 3169 3182 3181
f 3169 3182 3183
f 3169 3183 3182
f 3169 3183 3184
f 3169 3184 3183
f 3169 3184 3185
f 3169 3185 3184
f 3169 3185 3186
f 3169 3186 3185
f 3169 3186 3187
f 3169 3187 3186
f 3169 3187 3188
f 3169 3188 3187
f 3169 3188 3189
f 3169 3189 3188
f 3169 3189 3190
f 3169 3190 3189
f 3169 3190 3191
f 3169 3191 3190
f 3169 3191 3192
f 3169 3192 3191
f 3169 3192 3193
f 3169 3193 3192
f 3169 3193 3194
f 3169 3194 3193
f 3169 3194 3195
f 3169 3195 3194
f 3169 3195 3196
f 3169 3196 3195
f 3169 3196 3197
f 3169 3197 3196
f 3169 3197 3198
f 3169 3198 3197
f 3169 3198 3199
f 3169 3199 3198
f 3169 3199 3200
f 3169 3200 3199
f 3169 3200 3201
f 3169 3201 3200
f 3169 3201 3202
f 3169 3202 3201
f 3169 3202 3203
f 3169 3203 3202
f 3169 3203 3204
f 3169 3204 3203
f 3169 3204 3205
f 3169 3205 3204
f 3169 3205 3206
f 3169 3206 3205
f 3169 3206 3207
f 3169 3207 3206
f 3169 3207 3208
f 3169 3208 3207
f 3169 3208 3209
f 3169 3209 3208
f 3169 3209 3210
f 3169 3210 3209
f 3169 3210 3211
f 3169 3211 3210
f 3169 3211 3212
f 3169 3212 3211
f 3169 3212 3213
f 3169 3213 3212
f 3169 3213 3214
f 3169 3214 3213
v -0.043549 0.509124 0.107374
v -0.044990 0.512324 0.102719
v -0.049473 0.514302 0.099560
v -0.055285 0.514302 0.099103
v -0.060206 0.512324 0.101524
v -0.062357 0.509124 0.105897
v -0.060915 0.505924 0.110552
v -0.056433 0.503946 0.113711
v -0.050621 0.503946 0.114167
v -0.045699 0.505924 0.111747
v -0.048879 0.551054 0.136681
v -0.049859 0.553230 0.133515
v -0.052907 0.554575 0.131367
v -0.056859 0.554575 0.131057
v -0.060206 0.553230 0.132702
v -0.061668 0.551054 0.135676
v -0.060688 0.548878 0.138841
v -0.057640 0.547533 0.140990
v -0.053688 0.547533 0.141300
v -0.050341 0.548878 0.139654
f 3215 3216 3226
f 3215 3226 3225
f 3216 3217 3227
f 3216 3227 3226
f 3217 3218 3228
f 3217 3228 3227
f 3218 3219 3229
f 3218 3229 3228
f 3219 3220 3230
f 3219 3230 3229
f 3220 3221 3231
f 3220 3231 3230
f 3221 3222 3232
f 3221 3232 3231
f 3222 3223 3233
f 3222 3233 3232
f 3223 3224 3234
f 3223 3234 3233
f 3224 3215 3225
f 3224 3225 3234
v -0.055273 0.551054 0.136178
v -0.052186 0.549597 0.135297
v -0.049074 0.548370 0.134091
v -0.045917 0.547570 0.132283
v -0.042701 0.547317 0.129704
v -0.039426 0.547627 0.126330
v -0.036101 0.548405 0.122296
v -0.032748 0.549454 0.117879
v -0.029393 0.550509 0.113454
v -0.026070 0.551271 0.109441
v -0.022807 0.551464 0.106233
v -0.019628 0.550872 0.104132
v -0.016545 0.549377 0.103304
v -0.013557 0.546980 0.103751
v -0.010653 0.543797 0.105305
v -0.007809 0.540044 0.107663
v -0.004997 0.536000 0.110433
v -0.002184 0.531960 0.113195
v 0.000658 0.528193 0.115574
v 0.003550 0.524893 0.117294
v 0.006501 0.522156 0.118218
v 0.009511 0.519967 0.118371
v 0.012566 0.518204 0.117922
v 0.015645 0.516670 0.117149
v 0.012558 0.518127 0.118031
v 0.009446 0.519353 0.119236
v 0.006289 0.520154 0.121044
v 0.003073 0.520407 0.123623
v -0.000202 0.520097 0.126997
v -0.003527 0.519319 0.131031
v -0.006881 0.518270 0.135449
v -0.010235 0.517215 0.139873
v -0.013558 0.516452 0.143886
v -0.016821 0.516260 0.147095
v -0.020000 0.516852 0.149196
v -0.023084 0.518347 0.150023
v -0.026071 0.520744 0.149577
v -0.028975 0.523927 0.148023
v -0.031819 0.527680 0.145664
v -0.034631 0.531724 0.142895
v -0.037444 0.535764 0.140132
v -0.040286 0.539531 0.137753
v -0.043178 0.542831 0.136034
v -0.046130 0.545567 0.135109
v -0.049139 0.547757 0.134956
v -0.052194 0.549520 0.135405
f 3235 3236 3237
f 3235 3237 3236
f 3235 3237 3238
f 3235 3238 3237
f 3235 3238 3239
f 3235 3239 3238
f 3235 3239 3240
f 3235 3240 3239
f 3235 3240 3241
f 3235 3241 3240
f 3235 3241 3242
f 3235 3242 3241
f 3235 3242 3243
f 3235 3243 3242
f 3235 3243 3244
f 3235 3244 3243
f 3235 3244 3245
f 3235 3245 3244
f 3235 3245 3246
f 3235 3246 3245
f 3235 3246 3247
f 3235 3247 3246
f 3235 3247 3248
f 3235 3248 3247
f 3235 3248 3249
f 3235 3249 3248
f 3235 3249 3250
f 3235 3250 3249
f 3235 3250 3251
f 3235 3251 3250
f 3235 3251 3252
f 3235 3252 3251
f 3235 3252 3253
f 3235 3253 3252
f 3235 3253 3254
f 3235 3254 3253
f 3235 3254 3255
f 3235 3255 3254
f 3235 3255 3256
f 3235 3256 3255
f 3235 3256 3257
f 3235 3257 3256
f 3235 3257 3258
f 3235 3258 3257
f 3235 3258 3259
f 3235 3259 3258
f 3235 3259 3260
f 3235 3260 3259
f 3235 3260 3261
f 3235 3261 3260
f 3235 3261 3262
f 3235 3262 3261
f 3235 3262 3263
f 3235 3263 3262
f 3235 3263 3264
f 3235 3264 3263
f 3235 3264 3265
f 3235 3265 3264
f 3235 3265 3266
f 3235 3266 3265
f 3235 3266 3267
f 3235 3267 3266
f 3235 3267 3268
f 3235 3268 3267
f 3235 3268 3269
f 3235 3269 3268
f 3235 3269 3270
f 3235 3270 3269
f 3235 3270 3271
f 3235 3271 3270
f 3235 3271 3272
f 3235 3272 3271
f 3235 3272 3273
f 3235 3273 3272
f 3235 3273 3274
f 3235 3274 3273
f 3235 3274 3275
f 3235 3275 3274
f 3235 3275 3276
f 3235 3276 3275
f 3235 3276 3277
f 3235 3277 3276
f 3235 3277 3278
f 3235 3278 3277
f 3235 3278 3279
f 3235 3279 3278
f 3235 3279 3280
f 3235 3280 3279
v -0.055273 0.551054 0.136178
v -0.056974 0.551491 0.131941
v -0.059310 0.551743 0.127916
v -0.062633 0.551711 0.124217
v -0.067079 0.551353 0.120893
v -0.072580 0.550689 0.117918
v -0.078875 0.549797 0.115208
v -0.085549 0.548794 0.112623
v -0.092097 0.547828 0.109996
v -0.097987 0.547052 0.107151
v -0.102741 0.546605 0.103929
v -0.105996 0.546592 0.100208
v -0.107557 0.547069 0.095925
v -0.107424 0.548037 0.091079
v -0.105793 0.549438 0.085735
v -0.103024 0.551168 0.080013
v -0.099599 0.553088 0.074074
v -0.096046 0.555045 0.068092
v -0.092874 0.556892 0.062236
v -0.090495 0.558510 0.056644
v -0.089170 0.559822 0.051402
v -0.088970 0.560809 0.046533
v -0.089755 0.561510 0.041992
v -0.091177 0.562028 0.037663
v -0.089477 0.561591 0.041900
v -0.087141 0.561338 0.045926
v -0.083818 0.561371 0.049624
v -0.079371 0.561729 0.052948
v -0.073870 0.562392 0.055923
v -0.067576 0.563285 0.058633
v -0.060901 0.564288 0.061218
v -0.054354 0.565254 0.063845
v -0.048464 0.566029 0.066690
v -0.043710 0.566476 0.069912
v -0.040455 0.566489 0.073633
v -0.038894 0.566012 0.077916
v -0.039027 0.565045 0.082762
v -0.040658 0.563644 0.088106
v -0.043427 0.561914 0.093828
v -0.046852 0.559993 0.099767
v -0.050405 0.558036 0.105750
v -0.053577 0.556189 0.111605
v -0.055956 0.554572 0.117197
v -0.057280 0.553260 0.122439
v -0.057481 0.552273 0.127308
v -0.056695 0.551571 0.131849
f 3281 3282 3283
f 3281 3283 3282
f 3281 3283 3284
f 3281 3284 3283
f 3281 3284 3285
f 3281 3285 3284
f 3281 3285 3286
f 3281 3286 3285
f 3281 3286 3287
f 3281 3287 3286
f 3281 3287 3288
f 3281 3288 3287
f 3281 3288 3289
f 3281 3289 3288
f 3281 3289 3290
f 3281 3290 3289
f 3281 3290 3291
f 3281 3291 3290
f 3281 3291 3292
f 3281 3292 3291
f 3281 3292 3293
f 3281 3293 3292
f 3281 3293 3294
f 3281 3294 3293
f 3281 3294 3295
f 3281 3295 3294
f 3281 3295 3296
f 3281 3296 3295
f 3281 3296 3297
f 3281 3297 3296
f 3281 3297 3298
f 3281 3298 3297
f 3281 3298 3299
f 3281 3299 3298
f 3281 3299 3300
f 3281 3300 3299
f 3281 3300 3301
f 3281 3301 3300
f 3281 3301 3302
f 3281 3302 3301
f 3281 3302 3303
f 3281 3303 3302
f 3281 3303 3304
f 3281 3304 3303
f 3281 3304 3305
f 3281 3305 3304
f 3281 3305 3306
f 3281 3306 3305
f 3281 3306 3307
f 3281 3307 3306
f 3281 3307 3308
f 3281 3308 3307
f 3281 3308 3309
f 3281 3309 3308
f 3281 3309 3310
f 3281 3310 3309
f 3281 3310 3311
f 3281 3311 3310
f 3281 3311 3312
f 3281 3312 3311
f 3281 3312 3313
f 3281 3313 3312
f 3281 3313 3314
f 3281 3314 3313
f 3281 3314 3315
f 3281 3315 3314
f 3281 3315 3316
f 3281 3316 3315
f 3281 3316 3317
f 3281 3317 3316
f 3281 3317 3318
f 3281 3318 3317
f 3281 3318 3319
f 3281 3319 3318
f 3281 3319 3320
f 3281 3320 3319
f 3281 3320 3321
f 3281 3321 3320
f 3281 3321 3322
f 3281 3322 3321
f 3281 3322 3323
f 3281 3323 3322
f 3281 3323 3324
f 3281 3324 3323
f 3281 3324 3325
f 3281 3325 3324
f 3281 3325 3326
f 3281 3326 3325
v -0.055273 0.551054 0.136178
v -0.057914 0.547362 0.138448
v -0.059626 0.543261 0.141370
v -0.060323 0.538714 0.145007
v -0.060092 0.533758 0.149296
v -0.059143 0.528486 0.154091
v -0.057775 0.523029 0.159180
v -0.056343 0.517544 0.164314
v -0.055220 0.512196 0.169231
v -0.054759 0.507139 0.173681
v -0.055264 0.502506 0.177453
v -0.056951 0.498395 0.180393
v -0.059935 0.494854 0.182421
v -0.064217 0.491885 0.183536
v -0.069682 0.489436 0.183820
v -0.076112 0.487412 0.183425
v -0.083204 0.485680 0.182563
v -0.090606 0.484083 0.181485
v -0.097943 0.482459 0.180452
v -0.104861 0.480650 0.179713
v -0.111061 0.478525 0.179479
v -0.116333 0.475991 0.179898
v -0.120590 0.473011 0.181031
v -0.123919 0.469621 0.182817
v -0.121278 0.473313 0.180547
v -0.119566 0.477414 0.177624
v -0.118869 0.481961 0.173988
v -0.119100 0.486917 0.169698
v -0.120049 0.492190 0.164904
v -0.121417 0.497646 0.159815
v -0.122849 0.503131 0.154681
v -0.123973 0.508479 0.149764
v -0.124433 0.513536 0.145314
v -0.123929 0.518169 0.141542
v -0.122242 0.522280 0.138601
v -0.119257 0.525821 0.136574
v -0.114975 0.528790 0.135459
v -0.109510 0.531239 0.135175
v -0.103081 0.533263 0.135570
v -0.095988 0.534995 0.136431
v -0.088587 0.536592 0.137510
v -0.081250 0.538216 0.138543
v -0.074331 0.540025 0.139282
v -0.068131 0.542151 0.139516
v -0.062859 0.544684 0.139097
v -0.058602 0.547665 0.137964
f 3327 3328 3329
f 3327 3329 3328
f 3327 3329 3330
f 3327 3330 3329
f 3327 3330 3331
f 3327 3331 3330
f 3327 3331 3332
f 3327 3332 3331
f 3327 3332 3333
f 3327 3333 3332
f 3327 3333 3334
f 3327 3334 3333
f 3327 3334 3335
f 3327 3335 3334
f 3327 3335 3336
f 3327 3336 3335
f 3327 3336 3337
f 3327 3337 3336
f 3327 3337 3338
f 3327 3338 3337
f 3327 3338 3339
f 3327 3339 3338
f 3327 3339 3340
f 3327 3340 3339
f 3327 3340 3341
f 3327 3341 3340
f 3327 3341 3342
f 3327 3342 3341
f 3327 3342 3343
f 3327 3343 3342
f 3327 3343 3344
f 3327 3344 3343
f 3327 3344 3345
f 3327 3345 3344
f 3327 3345 3346
f 3327 3346 3345
f 3327 3346 3347
f 3327 3347 3346
f 3327 3347 3348
f 3327 3348 3347
f 3327 3348 3349
f 3327 3349 3348
f 3327 3349 3350
f 3327 3350 3349
f 3327 3350 3351
f 3327 3351 3350
f 3327 3351 3352
f 3327 3352 3351
f 3327 3352 3353
f 3327 3353 3352
f 3327 3353 3354
f 3327 3354 3353
f 3327 3354 3355
f 3327 3355 3354
f 3327 3355 3356
f 3327 3356 3355
f 3327 3356 3357
f 3327 3357 3356
f 3327 3357 3358
f 3327 3358 3357
f 3327 3358 3359
f 3327 3359 3358
f 3327 3359 3360
f 3327 3360 3359
f 3327 3360 3361
f 3327 3361 3360
f 3327 3361 3362
f 3327 3362 3361
f 3327 3362 3363
f 3327 3363 3362
f 3327 3363 3364
f 3327 3364 3363
f 3327 3364 3365
f 3327 3365 3364
f 3327 3365 3366
f 3327 3366 3365
f 3327 3366 3367
f 3327 3367 3366
f 3327 3367 3368
f 3327 3368 3367
f 3327 3368 3369
f 3327 3369 3368
f 3327 3369 3370
f 3327 3370 3369
f 3327 3370 3371
f 3327 3371 3370
f 3327 3371 3372
f 3327 3372 3371
v -0.062380 0.509124 0.106975
v -0.060411 0.512093 0.111590
v -0.055593 0.513927 0.114312
v -0.049767 0.513927 0.114102
v -0.045158 0.512093 0.111040
v -0.043526 0.509124 0.106296
v -0.045495 0.506155 0.101681
v -0.050313 0.504320 0.098958
v -0.056139 0.504320 0.099168
v -0.060748 0.506155 0.102230
v -0.060335 0.551699 0.079892
v -0.058996 0.553717 0.083030
v -0.055720 0.554965 0.084881
v -0.051758 0.554965 0.084738
v -0.048624 0.553717 0.082656
v -0.047515 0.551699 0.079430
v -0.048854 0.549680 0.076292
v -0.052129 0.548432 0.074440
v -0.056091 0.548432 0.074583
v -0.059226 0.549680 0.076665
f 3373 3374 3384
f 3373 3384 3383
f 3374 3375 3385
f 3374 3385 3384
f 3375 3376 3386
f 3375 3386 3385
f 3376 3377 3387
f 3376 3387 3386
f 3377 3378 3388
f 3377 3388 3387
f 3378 3379 3389
f 3378 3389 3388
f 3379 3380 3390
f 3379 3390 3389
f 3380 3381 3391
f 3380 3391 3390
f 3381 3382 3392
f 3381 3392 3391
f 3382 3373 3383
f 3382 3383 3392
v -0.053925 0.551699 0.079661
v -0.057001 0.550298 0.081891
v -0.059872 0.549260 0.084687
v -0.062455 0.548736 0.088283
v -0.064726 0.548763 0.092738
v -0.066721 0.549283 0.097961
v -0.068518 0.550153 0.103729
v -0.070233 0.551169 0.109725
v -0.072001 0.552090 0.115573
v -0.073960 0.552673 0.120894
v -0.076231 0.552701 0.125350
v -0.078906 0.552012 0.128690
v -0.082034 0.550520 0.130778
v -0.085614 0.548225 0.131614
v -0.089597 0.545213 0.131334
v -0.093893 0.541645 0.130189
v -0.098379 0.537740 0.128517
v -0.102919 0.533740 0.126697
v -0.107376 0.529886 0.125105
v -0.111637 0.526382 0.124058
v -0.115620 0.523370 0.123779
v -0.119292 0.520910 0.124359
v -0.122675 0.518963 0.125738
v -0.125854 0.517380 0.127684
v -0.122778 0.518781 0.125454
v -0.119907 0.519819 0.122658
v -0.117324 0.520343 0.119062
v -0.115052 0.520316 0.114607
v -0.113058 0.519796 0.109384
v -0.111261 0.518926 0.103616
v -0.109546 0.517910 0.097621
v -0.107777 0.516989 0.091772
v -0.105819 0.516406 0.086451
v -0.103547 0.516378 0.081995
v -0.100872 0.517066 0.078655
v -0.097745 0.518559 0.076567
v -0.094165 0.520854 0.075731
v -0.090182 0.523866 0.076011
v -0.085886 0.527433 0.077156
v -0.081400 0.531339 0.078829
v -0.076860 0.535339 0.080648
v -0.072403 0.539193 0.082240
v -0.068142 0.542697 0.083287
v -0.064159 0.545709 0.083566
v -0.060487 0.548169 0.082987
v -0.057104 0.550115 0.081607
f 3393 3394 3395
f 3393 3395 3394
f 3393 3395 3396
f 3393 3396 3395
f 3393 3396 3397
f 3393 3397 3396
f 3393 3397 3398
f 3393 3398 3397
f 3393 3398 3399
f 3393 3399 3398
f 3393 3399 3400
f 3393 3400 3399
f 3393 3400 3401
f 3393 3401 3400
f 3393 3401 3402
f 3393 3402 3401
f 3393 3402 3403
f 3393 3403 3402
f 3393 3403 3404
f 3393 3404 3403
f 3393 3404 3405
f 3393 3405 3404
f 3393 3405 3406
f 3393 3406 3405
f 3393 3406 3407
f 3393 3407 3406
f 3393 3407 3408
f 3393 3408 3407
f 3393 3408 3409
f 3393 3409 3408
f 3393 3409 3410
f 3393 3410 3409
f 3393 3410 3411
f 3393 3411 3410
f 3393 3411 3412
f 3393 3412 3411
f 3393 3412 3413
f 3393 3413 3412
f 3393 3413 3414
f 3393 3414 3413
f 3393 3414 3415
f 3393 3415 3414
f 3393 3415 3416
f 3393 3416 3415
f 3393 3416 3417
f 3393 3417 3416
f 3393 3417 3418
f 3393 3418 3417
f 3393 3418 3419
f 3393 3419 3418
f 3393 3419 3420
f 3393 3420 3419
f 3393 3420 3421
f 3393 3421 3420
f 3393 3421 3422
f 3393 3422 3421
f 3393 3422 3423
f 3393 3423 3422
f 3393 3423 3424
f 3393 3424 3423
f 3393 3424 3425
f 3393 3425 3424
f 3393 3425 3426
f 3393 3426 3425
f 3393 3426 3427
f 3393 3427 3426
f 3393 3427 3428
f 3393 3428 3427
f 3393 3428 3429
f 3393 3429 3428
f 3393 3429 3430
f 3393 3430 3429
f 3393 3430 3431
f 3393 3431 3430
f 3393 3431 3432
f 3393 3432 3431
f 3393 3432 3433
f 3393 3433 3432
f 3393 3433 3434
f 3393 3434 3433
f 3393 3434 3435
f 3393 3435 3434
f 3393 3435 3436
f 3393 3436 3435
f 3393 3436 3437
f 3393 3437 3436
f 3393 3437 3438
f 3393 3438 3437
v -0.053925 0.551699 0.079661
v -0.052976 0.553200 0.084202
v -0.051501 0.554658 0.088658
v -0.049033 0.556037 0.092952
v -0.045278 0.557312 0.097036
v -0.040186 0.558480 0.100902
v -0.033972 0.559557 0.104586
v -0.027097 0.560582 0.108161
v -0.020195 0.561604 0.111732
v -0.013972 0.562681 0.115414
v -0.009097 0.563866 0.119316
v -0.006086 0.565201 0.123522
v -0.005223 0.566709 0.128077
v -0.006506 0.568389 0.132982
v -0.009654 0.570219 0.138191
v -0.014150 0.572158 0.143620
v -0.019325 0.574151 0.149159
v -0.024473 0.576143 0.154694
v -0.028960 0.578081 0.160121
v -0.032325 0.579928 0.165365
v -0.034353 0.581669 0.170392
v -0.035094 0.583305 0.175208
v -0.034841 0.584862 0.179863
v -0.034063 0.586377 0.184433
v -0.035013 0.584876 0.179891
v -0.036487 0.583417 0.175436
v -0.038955 0.582039 0.171142
v -0.042710 0.580763 0.167057
v -0.047803 0.579596 0.163191
v -0.054016 0.578518 0.159508
v -0.060891 0.577494 0.155932
v -0.067794 0.576472 0.152361
v -0.074016 0.575395 0.148679
v -0.078892 0.574210 0.144777
v -0.081902 0.572875 0.140572
v -0.082765 0.571367 0.136017
v -0.081482 0.569687 0.131111
v -0.078334 0.567856 0.125902
v -0.073838 0.565918 0.120474
v -0.068663 0.563924 0.114934
v -0.063515 0.561933 0.109400
v -0.059029 0.559995 0.103972
v -0.055663 0.558147 0.098728
v -0.053635 0.556407 0.093702
v -0.052895 0.554770 0.088885
v -0.053147 0.553213 0.084230
f 3439 3440 3441
f 3439 3441 3440
f 3439 3441 3442
f 3439 3442 3441
f 3439 3442 3443
f 3439 3443 3442
f 3439 3443 3444
f 3439 3444 3443
f 3439 3444 3445
f 3439 3445 3444
f 3439 3445 3446
f 3439 3446 3445
f 3439 3446 3447
f 3439 3447 3446
f 3439 3447 3448
f 3439 3448 3447
f 3439 3448 3449
f 3439 3449 3448
f 3439 3449 3450
f 3439 3450 3449
f 3439 3450 3451
f 3439 3451 3450
f 3439 3451 3452
f 3439 3452 3451
f 3439 3452 3453
f 3439 3453 3452
f 3439 3453 3454
f 3439 3454 3453
f 3439 3454 3455
f 3439 3455 3454
f 3439 3455 3456
f 3439 3456 3455
f 3439 3456 3457
f 3439 3457 3456
f 3439 3457 3458
f 3439 3458 3457
f 3439 3458 3459
f 3439 3459 3458
f 3439 3459 3460
f 3439 3460 3459
f 3439 3460 3461
f 3439 3461 3460
f 3439 3461 3462
f 3439 3462 3461
f 3439 3462 3463
f 3439 3463 3462
f 3439 3463 3464
f 3439 3464 3463
f 3439 3464 3465
f 3439 3465 3464
f 3439 3465 3466
f 3439 3466 3465
f 3439 3466 3467
f 3439 3467 3466
f 3439 3467 3468
f 3439 3468 3467
f 3439 3468 3469
f 3439 3469 3468
f 3439 3469 3470
f 3439 3470 3469
f 3439 3470 3471
f 3439 3471 3470
f 3439 3471 3472
f 3439 3472 3471
f 3439 3472 3473
f 3439 3473 3472
f 3439 3473 3474
f 3439 3474 3473
f 3439 3474 3475
f 3439 3475 3474
f 3439 3475 3476
f 3439 3476 3475
f 3439 3476 3477
f 3439 3477 3476
f 3439 3477 3478
f 3439 3478 3477
f 3439 3478 3479
f 3439 3479 3478
f 3439 3479 3480
f 3439 3480 3479
f 3439 3480 3481
f 3439 3481 3480
f 3439 3481 3482
f 3439 3482 3481
f 3439 3482 3483
f 3439 3483 3482
f 3439 3483 3484
f 3439 3484 3483
v -0.053925 0.551699 0.079661
v -0.053394 0.549436 0.077496
v -0.053094 0.547147 0.075298
v -0.053335 0.544797 0.073024
v -0.054382 0.542357 0.070637
v -0.056359 0.539812 0.068118
v -0.059199 0.537170 0.065477
v -0.062633 0.534462 0.062752
v -0.066221 0.531736 0.060005
v -0.069433 0.529053 0.057311
v -0.071746 0.526471 0.054745
v -0.072738 0.524036 0.052365
v -0.072179 0.521777 0.050204
v -0.070068 0.519691 0.048262
v -0.066638 0.517754 0.046507
v -0.062307 0.515917 0.044879
v -0.057601 0.514123 0.043304
v -0.053049 0.512312 0.041707
v -0.049091 0.510434 0.040026
v -0.045996 0.508459 0.038223
v -0.043831 0.506380 0.036289
v -0.042472 0.504210 0.034241
v -0.041653 0.501979 0.032117
v -0.041066 0.499722 0.029960
v -0.041597 0.501985 0.032125
v -0.041897 0.504274 0.034322
v -0.041656 0.506624 0.036596
v -0.040610 0.509064 0.038984
v -0.038633 0.511609 0.041503
v -0.035792 0.514250 0.044144
v -0.032359 0.516959 0.046869
v -0.028770 0.519684 0.049616
v -0.025558 0.522368 0.052309
v -0.023246 0.524950 0.054876
v -0.022253 0.527384 0.057256
v -0.022812 0.529644 0.059417
v -0.024923 0.531730 0.061359
v -0.028353 0.533667 0.063114
v -0.032684 0.535503 0.064742
v -0.037390 0.537297 0.066317
v -0.041942 0.539109 0.067914
v -0.045900 0.540987 0.069595
v -0.048996 0.542962 0.071398
v -0.051160 0.545041 0.073332
v -0.052519 0.547211 0.075380
v -0.053338 0.549442 0.077504
f 3485 3486 3487
f 3485 3487 3486
f 3485 3487 3488
f 3485 3488 3487
f 3485 3488 3489
f 3485 3489 3488
f 3485 3489 3490
f 3485 3490 3489
f 3485 3490 3491
f 3485 3491 3490
f 3485 3491 3492
f 3485 3492 3491
f 3485 3492 3493
f 3485 3493 3492
f 3485 3493 3494
f 3485 3494 3493
f 3485 3494 3495
f 3485 3495 3494
f 3485 3495 3496
f 3485 3496 3495
f 3485 3496 3497
f 3485 3497 3496
f 3485 3497 3498
f 3485 3498 3497
f 3485 3498 3499
f 3485 3499 3498
f 3485 3499 3500
f 3485 3500 3499
f 3485 3500 3501
f 3485 3501 3500
f 3485 3501 3502
f 3485 3502 3501
f 3485 3502 3503
f 3485 3503 3502
f 3485 3503 3504
f 3485 3504 3503
f 3485 3504 3505
f 3485 3505 3504
f 3485 3505 3506
f 3485 3506 3505
f 3485 3506 3507
f 3485 3507 3506
f 3485 3507 3508
f 3485 3508 3507
f 3485 3508 3509
f 3485 3509 3508
f 3485 3509 3510
f 3485 3510 3509
f 3485 3510 3511
f 3485 3511 3510
f 3485 3511 3512
f 3485 3512 3511
f 3485 3512 3513
f 3485 3513 3512
f 3485 3513 3514
f 3485 3514 3513
f 3485 3514 3515
f 3485 3515 3514
f 3485 3515 3516
f 3485 3516 3515
f 3485 3516 3517
f 3485 3517 3516
f 3485 3517 3518
f 3485 3518 3517
f 3485 3518 3519
f 3485 3519 3518
f 3485 3519 3520
f 3485 3520 3519
f 3485 3520 3521
f 3485 3521 3520
f 3485 3521 3522
f 3485 3522 3521
f 3485 3522 3523
f 3485 3523 3522
f 3485 3523 3524
f 3485 3524 3523
f 3485 3524 3525
f 3485 3525 3524
f 3485 3525 3526
f 3485 3526 3525
f 3485 3526 3527
f 3485 3527 3526
f 3485 3527 3528
f 3485 3528 3527
f 3485 3528 3529
f 3485 3529 3528
f 3485 3529 3530
f 3485 3530 3529
v 0.001219 0.300000 -0.020364
v -0.007122 0.308821 -0.016960
v -0.012742 0.314272 -0.007078
v -0.013496 0.314272 0.005507
v -0.009094 0.308821 0.015989
v -0.001219 0.300000 0.020364
v 0.007122 0.291179 0.016960
v 0.012742 0.285728 0.007078
v 0.013496 0.285728 -0.005507
v 0.009094 0.291179 -0.015989
v 0.129518 0.418717 -0.006143
v 0.123846 0.424715 -0.003828
v 0.120024 0.428422 0.002891
v 0.119512 0.428422 0.011449
v 0.122505 0.424715 0.018577
v 0.127860 0.418717 0.021552
v 0.133532 0.412719 0.019237
v 0.137354 0.409012 0.012518
v 0.137866 0.409012 0.003960
v 0.134873 0.412719 -0.003168
f 3531 3532 3542
f 3531 3542 3541
f 3532 3533 3543
f 3532 3543 3542
f 3533 3534 3544
f 3533 3544 3543
f 3534 3535 3545
f 3534 3545 3544
f 3535 3536 3546
f 3535 3546 3545
f 3536 3537 3547
f 3536 3547 3546
f 3537 3538 3548
f 3537 3548 3547
f 3538 3539 3549
f 3538 3549 3548
f 3539 3540 3550
f 3539 3550 3549
f 3540 3531 3541
f 3540 3541 3550
v 0.129499 0.418717 -0.006144
v 0.127455 0.426648 -0.003610
v 0.125883 0.431550 0.003246
v 0.125382 0.431550 0.011805
v 0.126145 0.426648 0.018798
v 0.127879 0.418717 0.021553
v 0.129923 0.410786 0.019018
v 0.131495 0.405884 0.012163
v 0.131996 0.405884 0.003604
v 0.131233 0.410786 -0.003389
v 0.233054 0.443527 0.004359
v 0.231664 0.448920 0.006082
v 0.230595 0.452253 0.010744
v 0.230255 0.452253 0.016564
v 0.230773 0.448920 0.021319
v 0.231952 0.443527 0.023193
v 0.233342 0.438134 0.021470
v 0.234411 0.434801 0.016808
v 0.234752 0.434801 0.010988
v 0.234233 0.438134 0.006233
f 3551 3552 3562
f 3551 3562 3561
f 3552 3553 3563
f 3552 3563 3562
f 3553 3554 3564
f 3553 3564 3563
f 3554 3555 3565
f 3554 3565 3564
f 3555 3556 3566
f 3555 3566 3565
f 3556 3557 3567
f 3556 3567 3566
f 3557 3558 3568
f 3557 3568 3567
f 3558 3559 3569
f 3558 3569 3568
f 3559 3560 3570
f 3559 3570 3569
f 3560 3551 3561
f 3560 3561 3570
v 0.232503 0.443527 0.013776
v 0.231817 0.442957 0.008772
v 0.231004 0.442936 0.003712
v 0.229950 0.443943 -0.001452
v 0.228589 0.446273 -0.006750
v 0.226908 0.449971 -0.012186
v 0.224963 0.454808 -0.017738
v 0.222861 0.460312 -0.023358
v 0.220756 0.465834 -0.028980
v 0.218814 0.470653 -0.034530
v 0.217194 0.474091 -0.039941
v 0.216019 0.475622 -0.045158
v 0.215354 0.474961 -0.050152
v 0.215201 0.472107 -0.054925
v 0.215492 0.467347 -0.059504
v 0.216104 0.461205 -0.063943
v 0.216881 0.454361 -0.068311
v 0.217653 0.447535 -0.072681
v 0.218270 0.441375 -0.077118
v 0.218621 0.436355 -0.081671
v 0.218654 0.432703 -0.086363
v 0.218378 0.430373 -0.091189
v 0.217863 0.429071 -0.096118
v 0.217220 0.428319 -0.101104
v 0.217906 0.428889 -0.096100
v 0.218719 0.428910 -0.091040
v 0.219773 0.427903 -0.085876
v 0.221134 0.425573 -0.080578
v 0.222815 0.421875 -0.075142
v 0.224760 0.417038 -0.069590
v 0.226862 0.411535 -0.063970
v 0.228967 0.406013 -0.058348
v 0.230909 0.401193 -0.052798
v 0.232529 0.397755 -0.047387
v 0.233704 0.396224 -0.042170
v 0.234369 0.396885 -0.037176
v 0.234522 0.399739 -0.032403
v 0.234231 0.404499 -0.027824
v 0.233619 0.410641 -0.023385
v 0.232842 0.417485 -0.019017
v 0.232070 0.424312 -0.014647
v 0.231453 0.430471 -0.010210
v 0.231102 0.435491 -0.005657
v 0.231069 0.439143 -0.000965
v 0.231345 0.441473 0.003861
v 0.231860 0.442775 0.008790
f 3571 3572 3573
f 3571 3573 3572
f 3571 3573 3574
f 3571 3574 3573
f 3571 3574 3575
f 3571 3575 3574
f 3571 3575 3576
f 3571 3576 3575
f 3571 3576 3577
f 3571 3577 3576
f 3571 3577 3578
f 3571 3578 3577
f 3571 3578 3579
f 3571 3579 3578
f 3571 3579 3580
f 3571 3580 3579
f 3571 3580 3581
f 3571 3581 3580
f 3571 3581 3582
f 3571 3582 3581
f 3571 3582 3583
f 3571 3583 3582
f 3571 3583 3584
f 3571 3584 3583
f 3571 3584 3585
f 3571 3585 3584
f 3571 3585 3586
f 3571 3586 3585
f 3571 3586 3587
f 3571 3587 3586
f 3571 3587 3588
f 3571 3588 3587
f 3571 3588 3589
f 3571 3589 3588
f 3571 3589 3590
f 3571 3590 3589
f 3571 3590 3591
f 3571 3591 3590
f 3571 3591 3592
f 3571 3592 3591
f 3571 3592 3593
f 3571 3593 3592
f 3571 3593 3594
f 3571 3594 3593
f 3571 3594 3595
f 3571 3595 3594
f 3571 3595 3596
f 3571 3596 3595
f 3571 3596 3597
f 3571 3597 3596
f 3571 3597 3598
f 3571 3598 3597
f 3571 3598 3599
f 3571 3599 3598
f 3571 3599 3600
f 3571 3600 3599
f 3571 3600 3601
f 3571 3601 3600
f 3571 3601 3602
f 3571 3602 3601
f 3571 3602 3603
f 3571 3603 3602
f 3571 3603 3604
f 3571 3604 3603
f 3571 3604 3605
f 3571 3605 3604
f 3571 3605 3606
f 3571 3606 3605
f 3571 3606 3607
f 3571 3607 3606
f 3571 3607 3608
f 3571 3608 3607
f 3571 3608 3609
f 3571 3609 3608
f 3571 3609 3610
f 3571 3610 3609
f 3571 3610 3611
f 3571 3611 3610
f 3571 3611 3612
f 3571 3612 3611
f 3571 3612 3613
f 3571 3613 3612
f 3571 3613 3614
f 3571 3614 3613
f 3571 3614 3615
f 3571 3615 3614
f 3571 3615 3616
f 3571 3616 3615
v 0.232503 0.443527 0.013776
v 0.229193 0.445311 0.016648
v 0.226003 0.446441 0.020145
v 0.222969 0.446717 0.024459
v 0.220094 0.446119 0.029610
v 0.217357 0.444772 0.035477
v 0.214713 0.442919 0.041829
v 0.212101 0.440888 0.048351
v 0.209454 0.439047 0.054690
v 0.206705 0.437766 0.060495
v 0.203795 0.437366 0.065456
v 0.200679 0.438087 0.069345
v 0.197336 0.440055 0.072041
v 0.193764 0.443269 0.073544
v 0.189987 0.447604 0.073975
v 0.186049 0.452820 0.073562
v 0.182008 0.458596 0.072615
v 0.177932 0.464562 0.071484
v 0.173889 0.470350 0.070525
v 0.169939 0.475632 0.070049
v 0.166126 0.480165 0.070291
v 0.162472 0.483824 0.071368
v 0.158975 0.486629 0.073263
v 0.155598 0.488780 0.075783
v 0.158908 0.486997 0.072911
v 0.162099 0.485866 0.069414
v 0.165133 0.485590 0.065100
v 0.168007 0.486188 0.059949
v 0.170744 0.487535 0.054082
v 0.173388 0.489388 0.047731
v 0.176000 0.491420 0.041208
v 0.178647 0.493260 0.034869
v 0.181396 0.494541 0.029064
v 0.184306 0.494941 0.024103
v 0.187422 0.494220 0.020214
v 0.190766 0.492253 0.017518
v 0.194338 0.489038 0.016016
v 0.198114 0.484704 0.015584
v 0.202053 0.479487 0.015997
v 0.206093 0.473712 0.016945
v 0.210169 0.467745 0.018075
v 0.214212 0.461957 0.019034
v 0.218162 0.456675 0.019510
v 0.221976 0.452142 0.019269
v 0.225629 0.448483 0.018191
v 0.229126 0.445678 0.016296
f 3617 3618 3619
f 3617 3619 3618
f 3617 3619 3620
f 3617 3620 3619
f 3617 3620 3621
f 3617 3621 3620
f 3617 3621 3622
f 3617 3622 3621
f 3617 3622 3623
f 3617 3623 3622
f 3617 3623 3624
f 3617 3624 3623
f 3617 3624 3625
f 3617 3625 3624
f 3617 3625 3626
f 3617 3626 3625
f 3617 3626 3627
f 3617 3627 3626
f 3617 3627 3628
f 3617 3628 3627
f 3617 3628 3629
f 3617 3629 3628
f 3617 3629 3630
f 3617 3630 3629
f 3617 3630 3631
f 3617 3631 3630
f 3617 3631 3632
f 3617 3632 3631
f 3617 3632 3633
f 3617 3633 3632
f 3617 3633 3634
f 3617 3634 3633
f 3617 3634 3635
f 3617 3635 3634
f 3617 3635 3636
f 3617 3636 3635
f 3617 3636 3637
f 3617 3637 3636
f 3617 3637 3638
f 3617 3638 3637
f 3617 3638 3639
f 3617 3639 3638
f 3617 3639 3640
f 3617 3640 3639
f 3617 3640 3641
f 3617 3641 3640
f 3617 3641 3642
f 3617 3642 3641
f 3617 3642 3643
f 3617 3643 3642
f 3617 3643 3644
f 3617 3644 3643
f 3617 3644 3645
f 3617 3645 3644
f 3617 3645 3646
f 3617 3646 3645
f 3617 3646 3647
f 3617 3647 3646
f 3617 3647 3648
f 3617 3648 3647
f 3617 3648 3649
f 3617 3649 3648
f 3617 3649 3650
f 3617 3650 3649
f 3617 3650 3651
f 3617 3651 3650
f 3617 3651 3652
f 3617 3652 3651
f 3617 3652 3653
f 3617 3653 3652
f 3617 3653 3654
f 3617 3654 3653
f 3617 3654 3655
f 3617 3655 3654
f 3617 3655 3656
f 3617 3656 3655
f 3617 3656 3657
f 3617 3657 3656
f 3617 3657 3658
f 3617 3658 3657
f 3617 3658 3659
f 3617 3659 3658
f 3617 3659 3660
f 3617 3660 3659
f 3617 3660 3661
f 3617 3661 3660
f 3617 3661 3662
f 3617 3662 3661
v 0.232503 0.443527 0.013776
v 0.232171 0.440740 0.015912
v 0.231994 0.437439 0.017492
v 0.232000 0.433530 0.018418
v 0.232182 0.429041 0.018719
v 0.232506 0.424083 0.018514
v 0.232917 0.418832 0.017993
v 0.233351 0.413509 0.017395
v 0.233735 0.408352 0.016975
v 0.233999 0.403590 0.016981
v 0.234084 0.399421 0.017627
v 0.233946 0.395990 0.019068
v 0.233562 0.393374 0.021388
v 0.232932 0.391573 0.024585
v 0.232079 0.390509 0.028578
v 0.231047 0.390039 0.033211
v 0.229896 0.389964 0.038270
v 0.228694 0.390055 0.043507
v 0.227515 0.390073 0.048666
v 0.226423 0.389799 0.053510
v 0.225474 0.389056 0.057848
v 0.224699 0.387732 0.061561
v 0.224108 0.385802 0.064619
v 0.223673 0.383356 0.067122
v 0.224005 0.386142 0.064987
v 0.224182 0.389444 0.063406
v 0.224176 0.393353 0.062480
v 0.223994 0.397842 0.062180
v 0.223671 0.402800 0.062385
v 0.223259 0.408050 0.062905
v 0.222825 0.413373 0.063503
v 0.222442 0.418531 0.063923
v 0.222177 0.423293 0.063917
v 0.222092 0.427462 0.063271
v 0.222230 0.430892 0.061830
v 0.222614 0.433509 0.059511
v 0.223244 0.435310 0.056313
v 0.224097 0.436374 0.052320
v 0.225129 0.436844 0.047688
v 0.226281 0.436919 0.042629
v 0.227482 0.436828 0.037392
v 0.228662 0.436810 0.032232
v 0.229753 0.437084 0.027388
v 0.230703 0.437827 0.023050
v 0.231477 0.439151 0.019338
v 0.232068 0.441081 0.016279
f 3663 3664 3665
f 3663 3665 3664
f 3663 3665 3666
f 3663 3666 3665
f 3663 3666 3667
f 3663 3667 3666
f 3663 3667 3668
f 3663 3668 3667
f 3663 3668 3669
f 3663 3669 3668
f 3663 3669 3670
f 3663 3670 3669
f 3663 3670 3671
f 3663 3671 3670
f 3663 3671 3672
f 3663 3672 3671
f 3663 3672 3673
f 3663 3673 3672
f 3663 3673 3674
f 3663 3674 3673
f 3663 3674 3675
f 3663 3675 3674
f 3663 3675 3676
f 3663 3676 3675
f 3663 3676 3677
f 3663 3677 3676
f 3663 3677 3678
f 3663 3678 3677
f 3663 3678 3679
f 3663 3679 3678
f 3663 3679 3680
f 3663 3680 3679
f 3663 3680 3681
f 3663 3681 3680
f 3663 3681 3682
f 3663 3682 3681
f 3663 3682 3683
f 3663 3683 3682
f 3663 3683 3684
f 3663 3684 3683
f 3663 3684 3685
f 3663 3685 3684
f 3663 3685 3686
f 3663 3686 3685
f 3663 3686 3687
f 3663 3687 3686
f 3663 3687 3688
f 3663 3688 3687
f 3663 3688 3689
f 3663 3689 3688
f 3663 3689 3690
f 3663 3690 3689
f 3663 3690 3691
f 3663 3691 3690
f 3663 3691 3692
f 3663 3692 3691
f 3663 3692 3693
f 3663 3693 3692
f 3663 3693 3694
f 3663 3694 3693
f 3663 3694 3695
f 3663 3695 3694
f 3663 3695 3696
f 3663 3696 3695
f 3663 3696 3697
f 3663 3697 3696
f 3663 3697 3698
f 3663 3698 3697
f 3663 3698 3699
f 3663 3699 3698
f 3663 3699 3700
f 3663 3700 3699
f 3663 3700 3701
f 3663 3701 3700
f 3663 3701 3702
f 3663 3702 3701
f 3663 3702 3703
f 3663 3703 3702
f 3663 3703 3704
f 3663 3704 3703
f 3663 3704 3705
f 3663 3705 3704
f 3663 3705 3706
f 3663 3706 3705
f 3663 3706 3707
f 3663 3707 3706
f 3663 3707 3708
f 3663 3708 3707
v 0.231771 0.443527 0.004371
v 0.234949 0.448159 0.005931
v 0.237193 0.451022 0.010487
v 0.237646 0.451022 0.016300
v 0.236134 0.448159 0.021148
v 0.233235 0.443527 0.023181
v 0.230057 0.438895 0.021621
v 0.227813 0.436032 0.017065
v 0.227361 0.436032 0.011252
v 0.228873 0.438895 0.006404
v 0.287661 0.406798 0.003049
v 0.289822 0.409948 0.004110
v 0.291347 0.411894 0.007208
v 0.291655 0.411894 0.011161
v 0.290627 0.409948 0.014457
v 0.288656 0.406798 0.015840
v 0.286495 0.403648 0.014779
v 0.284969 0.401702 0.011681
v 0.284661 0.401702 0.007728
v 0.285690 0.403648 0.004432
f 3709 3710 3720
f 3709 3720 3719
f 3710 3711 3721
f 3710 3721 3720
f 3711 3712 3722
f 3711 3722 3721
f 3712 3713 3723
f 3712 3723 3722
f 3713 3714 3724
f 3713 3724 3723
f 3714 3715 3725
f 3714 3725 3724
f 3715 3716 3726
f 3715 3726 3725
f 3716 3717 3727
f 3716 3727 3726
f 3717 3718 3728
f 3717 3728 3727
f 3718 3709 3719
f 3718 3719 3728
v 0.288158 0.406798 0.009445
v 0.286910 0.406543 0.006025
v 0.286114 0.407011 0.002289
v 0.285790 0.408234 -0.001776
v 0.285885 0.410124 -0.006134
v 0.286293 0.412516 -0.010711
v 0.286875 0.415186 -0.015409
v 0.287471 0.417877 -0.020117
v 0.287914 0.420324 -0.024718
v 0.288047 0.422276 -0.029103
v 0.287739 0.423524 -0.033179
v 0.286895 0.423915 -0.036881
v 0.285465 0.423370 -0.040174
v 0.283449 0.421889 -0.043057
v 0.280897 0.419551 -0.045565
v 0.277904 0.416509 -0.047766
v 0.274602 0.412972 -0.049750
v 0.271147 0.409191 -0.051627
v 0.267704 0.405431 -0.053514
v 0.264436 0.401949 -0.055522
v 0.261482 0.398969 -0.057750
v 0.258946 0.396657 -0.060269
v 0.256882 0.395098 -0.063119
v 0.255271 0.394264 -0.066284
v 0.256519 0.394519 -0.062865
v 0.257315 0.394050 -0.059129
v 0.257639 0.392828 -0.055064
v 0.257544 0.390938 -0.050706
v 0.257136 0.388546 -0.046129
v 0.256554 0.385876 -0.041431
v 0.255958 0.383185 -0.036723
v 0.255515 0.380738 -0.032122
v 0.255382 0.378786 -0.027737
v 0.255690 0.377538 -0.023661
v 0.256534 0.377147 -0.019959
v 0.257964 0.377692 -0.016666
v 0.259980 0.379173 -0.013783
v 0.262532 0.381511 -0.011275
v 0.265525 0.384553 -0.009074
v 0.268827 0.388089 -0.007090
v 0.272282 0.391871 -0.005213
v 0.275725 0.395631 -0.003326
v 0.278993 0.399112 -0.001318
v 0.281947 0.402093 0.000910
v 0.284483 0.404405 0.003429
v 0.286547 0.405963 0.006279
f 3729 3730 3731
f 3729 3731 3730
f 3729 3731 3732
f 3729 3732 3731
f 3729 3732 3733
f 3729 3733 3732
f 3729 3733 3734
f 3729 3734 3733
f 3729 3734 3735
f 3729 3735 3734
f 3729 3735 3736
f 3729 3736 3735
f 3729 3736 3737
f 3729 3737 3736
f 3729 3737 3738
f 3729 3738 3737
f 3729 3738 3739
f 3729 3739 3738
f 3729 3739 3740
f 3729 3740 3739
f 3729 3740 3741
f 3729 3741 3740
f 3729 3741 3742
f 3729 3742 3741
f 3729 3742 3743
f 3729 3743 3742
f 3729 3743 3744
f 3729 3744 3743
f 3729 3744 3745
f 3729 3745 3744
f 3729 3745 3746
f 3729 3746 3745
f 3729 3746 3747
f 3729 3747 3746
f 3729 3747 3748
f 3729 3748 3747
f 3729 3748 3749
f 3729 3749 3748
f 3729 3749 3750
f 3729 3750 3749
f 3729 3750 3751
f 3729 3751 3750
f 3729 3751 3752
f 3729 3752 3751
f 3729 3752 3753
f 3729 3753 3752
f 3729 3753 3754
f 3729 3754 3753
f 3729 3754 3755
f 3729 3755 3754
f 3729 3755 3756
f 3729 3756 3755
f 3729 3756 3757
f 3729 3757 3756
f 3729 3757 3758
f 3729 3758 3757
f 3729 3758 3759
f 3729 3759 3758
f 3729 3759 3760
f 3729 3760 3759
f 3729 3760 3761
f 3729 3761 3760
f 3729 3761 3762
f 3729 3762 3761
f 3729 3762 3763
f 3729 3763 3762
f 3729 3763 3764
f 3729 3764 3763
f 3729 3764 3765
f 3729 3765 3764
f 3729 3765 3766
f 3729 3766 3765
f 3729 3766 3767
f 3729 3767 3766
f 3729 3767 3768
f 3729 3768 3767
f 3729 3768 3769
f 3729 3769 3768
f 3729 3769 3770
f 3729 3770 3769
f 3729 3770 3771
f 3729 3771 3770
f 3729 3771 3772
f 3729 3772 3771
f 3729 3772 3773
f 3729 3773 3772
f 3729 3773 3774
f 3729 3774 3773
v 0.288158 0.406798 0.009445
v 0.288464 0.409131 0.012086
v 0.288442 0.410873 0.015532
v 0.288152 0.412129 0.019641
v 0.287657 0.413016 0.024254
v 0.287032 0.413669 0.029187
v 0.286358 0.414233 0.034240
v 0.285719 0.414860 0.039208
v 0.285195 0.415694 0.043893
v 0.284856 0.416864 0.048120
v 0.284762 0.418475 0.051745
v 0.284953 0.420602 0.054667
v 0.285451 0.423282 0.056834
v 0.286256 0.426516 0.058245
v 0.287346 0.430265 0.058953
v 0.288680 0.434456 0.059059
v 0.290200 0.438982 0.058707
v 0.291835 0.443715 0.058072
v 0.293505 0.448511 0.057352
v 0.295126 0.453219 0.056752
v 0.296616 0.457692 0.056472
v 0.297903 0.461796 0.056696
v 0.298920 0.465415 0.057583
v 0.299611 0.468443 0.059275
v 0.299305 0.466110 0.056634
v 0.299327 0.464368 0.053188
v 0.299617 0.463112 0.049078
v 0.300112 0.462225 0.044466
v 0.300737 0.461572 0.039532
v 0.301411 0.461008 0.034480
v 0.302050 0.460380 0.029512
v 0.302574 0.459546 0.024826
v 0.302913 0.458376 0.020599
v 0.303007 0.456765 0.016974
v 0.302815 0.454639 0.014052
v 0.302318 0.451959 0.011886
v 0.301513 0.448725 0.010475
v 0.300423 0.444976 0.009767
v 0.299089 0.440785 0.009661
v 0.297569 0.436259 0.010013
v 0.295934 0.431525 0.010647
v 0.294264 0.426730 0.011367
v 0.292643 0.422022 0.011967
v 0.291153 0.417548 0.012247
v 0.289866 0.413444 0.012023
v 0.288849 0.409826 0.011137
f 3775 3776 3777
f 3775 3777 3776
f 3775 3777 3778
f 3775 3778 3777
f 3775 3778 3779
f 3775 3779 3778
f 3775 3779 3780
f 3775 3780 3779
f 3775 3780 3781
f 3775 3781 3780
f 3775 3781 3782
f 3775 3782 3781
f 3775 3782 3783
f 3775 3783 3782
f 3775 3783 3784
f 3775 3784 3783
f 3775 3784 3785
f 3775 3785 3784
f 3775 3785 3786
f 3775 3786 3785
f 3775 3786 3787
f 3775 3787 3786
f 3775 3787 3788
f 3775 3788 3787
f 3775 3788 3789
f 3775 3789 3788
f 3775 3789 3790
f 3775 3790 3789
f 3775 3790 3791
f 3775 3791 3790
f 3775 3791 3792
f 3775 3792 3791
f 3775 3792 3793
f 3775 3793 3792
f 3775 3793 3794
f 3775 3794 3793
f 3775 3794 3795
f 3775 3795 3794
f 3775 3795 3796
f 3775 3796 3795
f 3775 3796 3797
f 3775 3797 3796
f 3775 3797 3798
f 3775 3798 3797
f 3775 3798 3799
f 3775 3799 3798
f 3775 3799 3800
f 3775 3800 3799
f 3775 3800 3801
f 3775 3801 3800
f 3775 3801 3802
f 3775 3802 3801
f 3775 3802 3803
f 3775 3803 3802
f 3775 3803 3804
f 3775 3804 3803
f 3775 3804 3805
f 3775 3805 3804
f 3775 3805 3806
f 3775 3806 3805
f 3775 3806 3807
f 3775 3807 3806
f 3775 3807 3808
f 3775 3808 3807
f 3775 3808 3809
f 3775 3809 3808
f 3775 3809 3810
f 3775 3810 3809
f 3775 3810 3811
f 3775 3811 3810
f 3775 3811 3812
f 3775 3812 3811
f 3775 3812 3813
f 3775 3813 3812
f 3775 3813 3814
f 3775 3814 3813
f 3775 3814 3815
f 3775 3815 3814
f 3775 3815 3816
f 3775 3816 3815
f 3775 3816 3817
f 3775 3817 3816
f 3775 3817 3818
f 3775 3818 3817
f 3775 3818 3819
f 3775 3819 3818
f 3775 3819 3820
f 3775 3820 3819
v 0.288158 0.406798 0.009445
v 0.285092 0.404807 0.013251
v 0.281816 0.402534 0.016748
v 0.278094 0.399663 0.019590
v 0.273748 0.395954 0.021515
v 0.268712 0.391320 0.022426
v 0.263065 0.385866 0.022438
v 0.257024 0.379881 0.021869
v 0.250912 0.373803 0.021198
v 0.245109 0.368139 0.020980
v 0.239982 0.363382 0.021757
v 0.235820 0.359921 0.023952
v 0.232782 0.357968 0.027801
v 0.230869 0.357524 0.033302
v 0.229921 0.358375 0.040223
v 0.229649 0.360134 0.048137
v 0.229686 0.362307 0.056505
v 0.229653 0.364386 0.064771
v 0.229225 0.365935 0.072456
v 0.228186 0.366663 0.079241
v 0.226457 0.366467 0.085014
v 0.224104 0.365433 0.089868
v 0.221305 0.363800 0.094068
v 0.218297 0.361886 0.097958
v 0.221363 0.363878 0.094152
v 0.224639 0.366151 0.090655
v 0.228361 0.369022 0.087813
v 0.232707 0.372731 0.085888
v 0.237742 0.377364 0.084977
v 0.243389 0.382819 0.084965
v 0.249431 0.388803 0.085534
v 0.255543 0.394882 0.086205
v 0.261346 0.400545 0.086423
v 0.266473 0.405302 0.085646
v 0.270635 0.408764 0.083451
v 0.273673 0.410716 0.079602
v 0.275586 0.411160 0.074101
v 0.276534 0.410309 0.067180
v 0.276806 0.408550 0.059266
v 0.276768 0.406377 0.050898
v 0.276801 0.404298 0.042632
v 0.277229 0.402749 0.034947
v 0.278269 0.402021 0.028162
v 0.279998 0.402218 0.022389
v 0.282351 0.403252 0.017535
v 0.285150 0.404884 0.013335
f 3821 3822 3823
f 3821 3823 3822
f 3821 3823 3824
f 3821 3824 3823
f 3821 3824 3825
f 3821 3825 3824
f 3821 3825 3826
f 3821 3826 3825
f 3821 3826 3827
f 3821 3827 3826
f 3821 3827 3828
f 3821 3828 3827
f 3821 3828 3829
f 3821 3829 3828
f 3821 3829 3830
f 3821 3830 3829
f 3821 3830 3831
f 3821 3831 3830
f 3821 3831 3832
f 3821 3832 3831
f 3821 3832 3833
f 3821 3833 3832
f 3821 3833 3834
f 3821 3834 3833
f 3821 3834 3835
f 3821 3835 3834
f 3821 3835 3836
f 3821 3836 3835
f 3821 3836 3837
f 3821 3837 3836
f 3821 3837 3838
f 3821 3838 3837
f 3821 3838 3839
f 3821 3839 3838
f 3821 3839 3840
f 3821 3840 3839
f 3821 3840 3841
f 3821 3841 3840
f 3821 3841 3842
f 3821 3842 3841
f 3821 3842 3843
f 3821 3843 3842
f 3821 3843 3844
f 3821 3844 3843
f 3821 3844 3845
f 3821 3845 3844
f 3821 3845 3846
f 3821 3846 3845
f 3821 3846 3847
f 3821 3847 3846
f 3821 3847 3848
f 3821 3848 3847
f 3821 3848 3849
f 3821 3849 3848
f 3821 3849 3850
f 3821 3850 3849
f 3821 3850 3851
f 3821 3851 3850
f 3821 3851 3852
f 3821 3852 3851
f 3821 3852 3853
f 3821 3853 3852
f 3821 3853 3854
f 3821 3854 3853
f 3821 3854 3855
f 3821 3855 3854
f 3821 3855 3856
f 3821 3856 3855
f 3821 3856 3857
f 3821 3857 3856
f 3821 3857 3858
f 3821 3858 3857
f 3821 3858 3859
f 3821 3859 3858
f 3821 3859 3860
f 3821 3860 3859
f 3821 3860 3861
f 3821 3861 3860
f 3821 3861 3862
f 3821 3862 3861
f 3821 3862 3863
f 3821 3863 3862
f 3821 3863 3864
f 3821 3864 3863
f 3821 3864 3865
f 3821 3865 3864
f 3821 3865 3866
f 3821 3866 3865
v 0.226970 0.443527 0.006137
v 0.225718 0.448282 0.009268
v 0.227057 0.451221 0.014121
v 0.230477 0.451221 0.018843
v 0.234671 0.448282 0.021629
v 0.238037 0.443527 0.021415
v 0.239289 0.438772 0.018284
v 0.237949 0.435833 0.013431
v 0.234529 0.435833 0.008709
v 0.230335 0.438772 0.005923
v 0.268237 0.472766 -0.020027
v 0.267386 0.476000 -0.017898
v 0.268297 0.477998 -0.014598
v 0.270622 0.477998 -0.011387
v 0.273474 0.476000 -0.009493
v 0.275763 0.472766 -0.009638
v 0.276614 0.469532 -0.011767
v 0.275703 0.467534 -0.015067
v 0.273378 0.467534 -0.018278
v 0.270526 0.469532 -0.020173
f 3867 3868 3878
f 3867 3878 3877
f 3868 3869 3879
f 3868 3879 3878
f 3869 3870 3880
f 3869 3880 3879
f 3870 3871 3881
f 3870 3881 3880
f 3871 3872 3882
f 3871 3882 3881
f 3872 3873 3883
f 3872 3883 3882
f 3873 3874 3884
f 3873 3884 3883
f 3874 3875 3885
f 3874 3885 3884
f 3875 3876 3886
f 3875 3886 3885
f 3876 3867 3877
f 3876 3877 3886
v 0.272000 0.472766 -0.014833
v 0.268892 0.472324 -0.016212
v 0.265591 0.472366 -0.017365
v 0.262006 0.473114 -0.018187
v 0.258110 0.474637 -0.018647
v 0.253933 0.476863 -0.018778
v 0.249550 0.479600 -0.018669
v 0.245077 0.482561 -0.018456
v 0.240651 0.485406 -0.018297
v 0.236412 0.487783 -0.018356
v 0.232486 0.489381 -0.018781
v 0.228968 0.489964 -0.019681
v 0.225907 0.489407 -0.021114
v 0.223303 0.487709 -0.023082
v 0.221107 0.484997 -0.025524
v 0.219223 0.481505 -0.028331
v 0.217527 0.477546 -0.031356
v 0.215878 0.473470 -0.034437
v 0.214139 0.469618 -0.037412
v 0.212195 0.466277 -0.040149
v 0.209968 0.463640 -0.042555
v 0.207431 0.461777 -0.044600
v 0.204611 0.460620 -0.046314
v 0.201596 0.459947 -0.047801
v 0.204703 0.460389 -0.046422
v 0.208005 0.460347 -0.045269
v 0.211590 0.459599 -0.044447
v 0.215486 0.458076 -0.043987
v 0.219663 0.455850 -0.043856
v 0.224046 0.453113 -0.043965
v 0.228519 0.450152 -0.044178
v 0.232945 0.447307 -0.044337
v 0.237184 0.444930 -0.044278
v 0.241110 0.443332 -0.043853
v 0.244628 0.442749 -0.042953
v 0.247689 0.443307 -0.041520
v 0.250293 0.445004 -0.039552
v 0.252489 0.447717 -0.037110
v 0.254373 0.451209 -0.034303
v 0.256069 0.455168 -0.031278
v 0.257718 0.459244 -0.028197
v 0.259457 0.463095 -0.025222
v 0.261401 0.466436 -0.022485
v 0.263628 0.469073 -0.020079
v 0.266165 0.470936 -0.018034
v 0.268985 0.472093 -0.016320
f 3887 3888 3889
f 3887 3889 3888
f 3887 3889 3890
f 3887 3890 3889
f 3887 3890 3891
f 3887 3891 3890
f 3887 3891 3892
f 3887 3892 3891
f 3887 3892 3893
f 3887 3893 3892
f 3887 3893 3894
f 3887 3894 3893
f 3887 3894 3895
f 3887 3895 3894
f 3887 3895 3896
f 3887 3896 3895
f 3887 3896 3897
f 3887 3897 3896
f 3887 3897 3898
f 3887 3898 3897
f 3887 3898 3899
f 3887 3899 3898
f 3887 3899 3900
f 3887 3900 3899
f 3887 3900 3901
f 3887 3901 3900
f 3887 3901 3902
f 3887 3902 3901
f 3887 3902 3903
f 3887 3903 3902
f 3887 3903 3904
f 3887 3904 3903
f 3887 3904 3905
f 3887 3905 3904
f 3887 3905 3906
f 3887 3906 3905
f 3887 3906 3907
f 3887 3907 3906
f 3887 3907 3908
f 3887 3908 3907
f 3887 3908 3909
f 3887 3909 3908
f 3887 3909 3910
f 3887 3910 3909
f 3887 3910 3911
f 3887 3911 3910
f 3887 3911 3912
f 3887 3912 3911
f 3887 3912 3913
f 3887 3913 3912
f 3887 3913 3914
f 3887 3914 3913
f 3887 3914 3915
f 3887 3915 3914
f 3887 3915 3916
f 3887 3916 3915
f 3887 3916 3917
f 3887 3917 3916
f 3887 3917 3918
f 3887 3918 3917
f 3887 3918 3919
f 3887 3919 3918
f 3887 3919 3920
f 3887 3920 3919
f 3887 3920 3921
f 3887 3921 3920
f 3887 3921 3922
f 3887 3922 3921
f 3887 3922 3923
f 3887 3923 3922
f 3887 3923 3924
f 3887 3924 3923
f 3887 3924 3925
f 3887 3925 3924
f 3887 3925 3926
f 3887 3926 3925
f 3887 3926 3927
f 3887 3927 3926
f 3887 3927 3928
f 3887 3928 3927
f 3887 3928 3929
f 3887 3929 3928
f 3887 3929 3930
f 3887 3930 3929
f 3887 3930 3931
f 3887 3931 3930
f 3887 3931 3932
f 3887 3932 3931
v 0.272000 0.472766 -0.014833
v 0.274045 0.472179 -0.010145
v 0.276658 0.470565 -0.005722
v 0.279903 0.467811 -0.001594
v 0.283731 0.464002 0.002262
v 0.288014 0.459369 0.005905
v 0.292568 0.454248 0.009423
v 0.297170 0.449041 0.012918
v 0.301584 0.444172 0.016500
v 0.305586 0.440049 0.020275
v 0.308984 0.437016 0.024331
v 0.311640 0.435325 0.028734
v 0.313481 0.435109 0.033518
v 0.314505 0.436366 0.038682
v 0.314787 0.438966 0.044192
v 0.314466 0.442656 0.049984
v 0.313733 0.447091 0.055968
v 0.312812 0.451865 0.062040
v 0.311939 0.456552 0.068089
v 0.311335 0.460752 0.074013
v 0.311188 0.464127 0.079724
v 0.311624 0.466449 0.085162
v 0.312692 0.467629 0.090306
v 0.314327 0.467783 0.095185
v 0.312282 0.468370 0.090498
v 0.309669 0.469983 0.086075
v 0.306424 0.472738 0.081947
v 0.302596 0.476547 0.078091
v 0.298313 0.481179 0.074447
v 0.293759 0.486300 0.070930
v 0.289157 0.491508 0.067435
v 0.284743 0.496376 0.063853
v 0.280741 0.500500 0.060078
v 0.277343 0.503532 0.056021
v 0.274687 0.505223 0.051619
v 0.272847 0.505440 0.046835
v 0.271822 0.504182 0.041671
v 0.271540 0.501583 0.036161
v 0.271861 0.497893 0.030369
v 0.272594 0.493458 0.024385
v 0.273515 0.488684 0.018313
v 0.274389 0.483996 0.012263
v 0.274992 0.479797 0.006340
v 0.275139 0.476421 0.000629
v 0.274703 0.474100 -0.004810
v 0.273635 0.472920 -0.009953
f 3933 3934 3935
f 3933 3935 3934
f 3933 3935 3936
f 3933 3936 3935
f 3933 3936 3937
f 3933 3937 3936
f 3933 3937 3938
f 3933 3938 3937
f 3933 3938 3939
f 3933 3939 3938
f 3933 3939 3940
f 3933 3940 3939
f 3933 3940 3941
f 3933 3941 3940
f 3933 3941 3942
f 3933 3942 3941
f 3933 3942 3943
f 3933 3943 3942
f 3933 3943 3944
f 3933 3944 3943
f 3933 3944 3945
f 3933 3945 3944
f 3933 3945 3946
f 3933 3946 3945
f 3933 3946 3947
f 3933 3947 3946
f 3933 3947 3948
f 3933 3948 3947
f 3933 3948 3949
f 3933 3949 3948
f 3933 3949 3950
f 3933 3950 3949
f 3933 3950 3951
f 3933 3951 3950
f 3933 3951 3952
f 3933 3952 3951
f 3933 3952 3953
f 3933 3953 3952
f 3933 3953 3954
f 3933 3954 3953
f 3933 3954 3955
f 3933 3955 3954
f 3933 3955 3956
f 3933 3956 3955
f 3933 3956 3957
f 3933 3957 3956
f 3933 3957 3958
f 3933 3958 3957
f 3933 3958 3959
f 3933 3959 3958
f 3933 3959 3960
f 3933 3960 3959
f 3933 3960 3961
f 3933 3961 3960
f 3933 3961 3962
f 3933 3962 3961
f 3933 3962 3963
f 3933 3963 3962
f 3933 3963 3964
f 3933 3964 3963
f 3933 3964 3965
f 3933 3965 3964
f 3933 3965 3966
f 3933 3966 3965
f 3933 3966 3967
f 3933 3967 3966
f 3933 3967 3968
f 3933 3968 3967
f 3933 3968 3969
f 3933 3969 3968
f 3933 3969 3970
f 3933 3970 3969
f 3933 3970 3971
f 3933 3971 3970
f 3933 3971 3972
f 3933 3972 3971
f 3933 3972 3973
f 3933 3973 3972
f 3933 3973 3974
f 3933 3974 3973
f 3933 3974 3975
f 3933 3975 3974
f 3933 3975 3976
f 3933 3976 3975
f 3933 3976 3977
f 3933 3977 3976
f 3933 3977 3978
f 3933 3978 3977
v 0.239726 0.443527 0.007709
v 0.236173 0.447922 0.006279
v 0.231217 0.450638 0.007713
v 0.226753 0.450638 0.011463
v 0.224486 0.447922 0.016096
v 0.225280 0.443527 0.019843
v 0.228834 0.439132 0.021273
v 0.233789 0.436416 0.019839
v 0.238253 0.436416 0.016089
v 0.240521 0.439132 0.011456
v 0.266682 0.478522 0.044492
v 0.264266 0.481511 0.043520
v 0.260896 0.483358 0.044496
v 0.257861 0.483358 0.047045
v 0.256319 0.481511 0.050196
v 0.256859 0.478522 0.052744
v 0.259275 0.475533 0.053716
v 0.262645 0.473686 0.052741
v 0.265680 0.473686 0.050191
v 0.267223 0.475533 0.047040
f 3979 3980 3990
f 3979 3990 3989
f 3980 3981 3991
f 3980 3991 3990
f 3981 3982 3992
f 3981 3992 3991
f 3982 3983 3993
f 3982 3993 3992
f 3983 3984 3994
f 3983 3994 3993
f 3984 3985 3995
f 3984 3995 3994
f 3985 3986 3996
f 3985 3996 3995
f 3986 3987 3997
f 3986 3997 3996
f 3987 3988 3998
f 3987 3998 3997
f 3988 3979 3989
f 3988 3989 3998
v 0.261771 0.478522 0.048618
v 0.262552 0.478188 0.045411
v 0.262871 0.478519 0.041924
v 0.262725 0.479517 0.038157
v 0.262178 0.481093 0.034148
v 0.261336 0.483092 0.029961
v 0.260337 0.485317 0.025679
v 0.259338 0.487543 0.021397
v 0.258496 0.489542 0.017210
v 0.257959 0.491102 0.013207
v 0.257853 0.492044 0.009464
v 0.258266 0.492240 0.006034
v 0.259244 0.491623 0.002945
v 0.260787 0.490194 0.000198
v 0.262850 0.488019 -0.002237
v 0.265342 0.485226 -0.004411
v 0.268140 0.481994 -0.006402
v 0.271096 0.478535 -0.008297
v 0.274051 0.475077 -0.010192
v 0.276849 0.471845 -0.012183
v 0.279352 0.469036 -0.014351
v 0.281454 0.466804 -0.016761
v 0.283091 0.465240 -0.019452
v 0.284266 0.464342 -0.022422
v 0.283484 0.464676 -0.019215
v 0.283165 0.464345 -0.015728
v 0.283311 0.463346 -0.011961
v 0.283858 0.461771 -0.007952
v 0.284700 0.459771 -0.003765
v 0.285699 0.457547 0.000517
v 0.286699 0.455321 0.004799
v 0.287541 0.453322 0.008986
v 0.288077 0.451762 0.012989
v 0.288183 0.450820 0.016732
v 0.287771 0.450624 0.020162
v 0.286793 0.451240 0.023251
v 0.285249 0.452669 0.025998
v 0.283187 0.454845 0.028433
v 0.280694 0.457637 0.030607
v 0.277896 0.460870 0.032598
v 0.274940 0.464329 0.034493
v 0.271986 0.467786 0.036388
v 0.269187 0.471019 0.038379
v 0.266684 0.473828 0.040547
v 0.264582 0.476059 0.042957
v 0.262945 0.477623 0.045648
f 3999 4000 4001
f 3999 4001 4000
f 3999 4001 4002
f 3999 4002 4001
f 3999 4002 4003
f 3999 4003 4002
f 3999 4003 4004
f 3999 4004 4003
f 3999 4004 4005
f 3999 4005 4004
f 3999 4005 4006
f 3999 4006 4005
f 3999 4006 4007
f 3999 4007 4006
f 3999 4007 4008
f 3999 4008 4007
f 3999 4008 4009
f 3999 4009 4008
f 3999 4009 4010
f 3999 4010 4009
f 3999 4010 4011
f 3999 4011 4010
f 3999 4011 4012
f 3999 4012 4011
f 3999 4012 4013
f 3999 4013 4012
f 3999 4013 4014
f 3999 4014 4013
f 3999 4014 4015
f 3999 4015 4014
f 3999 4015 4016
f 3999 4016 4015
f 3999 4016 4017
f 3999 4017 4016
f 3999 4017 4018
f 3999 4018 4017
f 3999 4018 4019
f 3999 4019 4018
f 3999 4019 4020
f 3999 4020 4019
f 3999 4020 4021
f 3999 4021 4020
f 3999 4021 4022
f 3999 4022 4021
f 3999 4022 4023
f 3999 4023 4022
f 3999 4023 4024
f 3999 4024 4023
f 3999 4024 4025
f 3999 4025 4024
f 3999 4025 4026
f 3999 4026 4025
f 3999 4026 4027
f 3999 4027 4026
f 3999 4027 4028
f 3999 4028 4027
f 3999 4028 4029
f 3999 4029 4028
f 3999 4029 4030
f 3999 4030 4029
f 3999 4030 4031
f 3999 4031 4030
f 3999 4031 4032
f 3999 4032 4031
f 3999 4032 4033
f 3999 4033 4032
f 3999 4033 4034
f 3999 4034 4033
f 3999 4034 4035
f 3999 4035 4034
f 3999 4035 4036
f 3999 4036 4035
f 3999 4036 4037
f 3999 4037 4036
f 3999 4037 4038
f 3999 4038 4037
f 3999 4038 4039
f 3999 4039 4038
f 3999 4039 4040
f 3999 4040 4039
f 3999 4040 4041
f 3999 4041 4040
f 3999 4041 4042
f 3999 4042 4041
f 3999 4042 4043
f 3999 4043 4042
f 3999 4043 4044
f 3999 4044 4043
v 0.261771 0.478522 0.048618
v 0.258162 0.480739 0.047206
v 0.253787 0.482660 0.046736
v 0.248717 0.484312 0.047120
v 0.243082 0.485746 0.048197
v 0.237059 0.487030 0.049750
v 0.230859 0.488245 0.051522
v 0.224703 0.489477 0.053239
v 0.218813 0.490813 0.054630
v 0.213390 0.492328 0.055447
v 0.208600 0.494089 0.055487
v 0.204561 0.496139 0.054604
v 0.201335 0.498505 0.052722
v 0.198922 0.501184 0.049842
v 0.197260 0.504154 0.046039
v 0.196231 0.507369 0.041458
v 0.195669 0.510764 0.036304
v 0.195372 0.514263 0.030824
v 0.195120 0.517778 0.025288
v 0.194690 0.521224 0.019972
v 0.193873 0.524521 0.015131
v 0.192492 0.527600 0.010984
v 0.190414 0.530409 0.007691
v 0.187571 0.532922 0.005339
v 0.191179 0.530705 0.006751
v 0.195554 0.528784 0.007222
v 0.200625 0.527132 0.006838
v 0.206260 0.525698 0.005760
v 0.212282 0.524414 0.004207
v 0.218482 0.523199 0.002435
v 0.224638 0.521967 0.000718
v 0.230528 0.520632 -0.000672
v 0.235951 0.519116 -0.001490
v 0.240741 0.517356 -0.001529
v 0.244780 0.515305 -0.000646
v 0.248006 0.512940 0.001236
v 0.250420 0.510260 0.004116
v 0.252082 0.507290 0.007919
v 0.253111 0.504075 0.012499
v 0.253673 0.500680 0.017653
v 0.253969 0.497182 0.023134
v 0.254221 0.493666 0.028669
v 0.254651 0.490220 0.033986
v 0.255468 0.486923 0.038826
v 0.256850 0.483845 0.042974
v 0.258927 0.481035 0.046266
f 4045 4046 4047
f 4045 4047 4046
f 4045 4047 4048
f 4045 4048 4047
f 4045 4048 4049
f 4045 4049 4048
f 4045 4049 4050
f 4045 4050 4049
f 4045 4050 4051
f 4045 4051 4050
f 4045 4051 4052
f 4045 4052 4051
f 4045 4052 4053
f 4045 4053 4052
f 4045 4053 4054
f 4045 4054 4053
f 4045 4054 4055
f 4045 4055 4054
f 4045 4055 4056
f 4045 4056 4055
f 4045 4056 4057
f 4045 4057 4056
f 4045 4057 4058
f 4045 4058 4057
f 4045 4058 4059
f 4045 4059 4058
f 4045 4059 4060
f 4045 4060 4059
f 4045 4060 4061
f 4045 4061 4060
f 4045 4061 4062
f 4045 4062 4061
f 4045 4062 4063
f 4045 4063 4062
f 4045 4063 4064
f 4045 4064 4063
f 4045 4064 4065
f 4045 4065 4064
f 4045 4065 4066
f 4045 4066 4065
f 4045 4066 4067
f 4045 4067 4066
f 4045 4067 4068
f 4045 4068 4067
f 4045 4068 4069
f 4045 4069 4068
f 4045 4069 4070
f 4045 4070 4069
f 4045 4070 4071
f 4045 4071 4070
f 4045 4071 4072
f 4045 4072 4071
f 4045 4072 4073
f 4045 4073 4072
f 4045 4073 4074
f 4045 4074 4073
f 4045 4074 4075
f 4045 4075 4074
f 4045 4075 4076
f 4045 4076 4075
f 4045 4076 4077
f 4045 4077 4076
f 4045 4077 4078
f 4045 4078 4077
f 4045 4078 4079
f 4045 4079 4078
f 4045 4079 4080
f 4045 4080 4079
f 4045 4080 4081
f 4045 4081 4080
f 4045 4081 4082
f 4045 4082 4081
f 4045 4082 4083
f 4045 4083 4082
f 4045 4083 4084
f 4045 4084 4083
f 4045 4084 4085
f 4045 4085 4084
f 4045 4085 4086
f 4045 4086 4085
f 4045 4086 4087
f 4045 4087 4086
f 4045 4087 4088
f 4045 4088 4087
f 4045 4088 4089
f 4045 4089 4088
f 4045 4089 4090
f 4045 4090 4089
v 0.261771 0.478522 0.048618
v 0.259778 0.475009 0.050811
v 0.258414 0.471048 0.052924
v 0.257958 0.466442 0.054925
v 0.258487 0.461133 0.056802
v 0.259905 0.455192 0.058568
v 0.261963 0.448795 0.060254
v 0.264296 0.442203 0.061906
v 0.266472 0.435722 0.063577
v 0.268050 0.429668 0.065323
v 0.268635 0.424320 0.067193
v 0.267933 0.419888 0.069224
v 0.265786 0.416484 0.071436
v 0.262195 0.414109 0.073828
v 0.257317 0.412650 0.076381
v 0.251447 0.411897 0.079058
v 0.244978 0.411570 0.081810
v 0.238352 0.411355 0.084582
v 0.232001 0.410945 0.087319
v 0.226290 0.410079 0.089977
v 0.221468 0.408580 0.092523
v 0.217632 0.406379 0.094946
v 0.214703 0.403533 0.097255
v 0.212403 0.400238 0.099486
v 0.214396 0.403751 0.097294
v 0.215759 0.407712 0.095180
v 0.216215 0.412319 0.093179
v 0.215687 0.417627 0.091302
v 0.214268 0.423568 0.089536
v 0.212210 0.429965 0.087850
v 0.209877 0.436557 0.086199
v 0.207701 0.443038 0.084527
v 0.206124 0.449093 0.082781
v 0.205538 0.454441 0.080911
v 0.206240 0.458873 0.078880
v 0.208387 0.462276 0.076668
v 0.211978 0.464652 0.074276
v 0.216856 0.466111 0.071723
v 0.222726 0.466864 0.069046
v 0.229195 0.467190 0.066294
v 0.235821 0.467405 0.063522
v 0.242172 0.467816 0.060785
v 0.247883 0.468682 0.058128
v 0.252705 0.470181 0.055581
v 0.256541 0.472382 0.053159
v 0.259471 0.475228 0.050849
f 4091 4092 4093
f 4091 4093 4092
f 4091 4093 4094
f 4091 4094 4093
f 4091 4094 4095
f 4091 4095 4094
f 4091 4095 4096
f 4091 4096 4095
f 4091 4096 4097
f 4091 4097 4096
f 4091 4097 4098
f 4091 4098 4097
f 4091 4098 4099
f 4091 4099 4098
f 4091 4099 4100
f 4091 4100 4099
f 4091 4100 4101
f 4091 4101 4100
f 4091 4101 4102
f 4091 4102 4101
f 4091 4102 4103
f 4091 4103 4102
f 4091 4103 4104
f 4091 4104 4103
f 4091 4104 4105
f 4091 4105 4104
f 4091 4105 4106
f 4091 4106 4105
f 4091 4106 4107
f 4091 4107 4106
f 4091 4107 4108
f 4091 4108 4107
f 4091 4108 4109
f 4091 4109 4108
f 4091 4109 4110
f 4091 4110 4109
f 4091 4110 4111
f 4091 4111 4110
f 4091 4111 4112
f 4091 4112 4111
f 4091 4112 4113
f 4091 4113 4112
f 4091 4113 4114
f 4091 4114 4113
f 4091 4114 4115
f 4091 4115 4114
f 4091 4115 4116
f 4091 4116 4115
f 4091 4116 4117
f 4091 4117 4116
f 4091 4117 4118
f 4091 4118 4117
f 4091 4118 4119
f 4091 4119 4118
f 4091 4119 4120
f 4091 4120 4119
f 4091 4120 4121
f 4091 4121 4120
f 4091 4121 4122
f 4091 4122 4121
f 4091 4122 4123
f 4091 4123 4122
f 4091 4123 4124
f 4091 4124 4123
f 4091 4124 4125
f 4091 4125 4124
f 4091 4125 4126
f 4091 4126 4125
f 4091 4126 4127
f 4091 4127 4126
f 4091 4127 4128
f 4091 4128 4127
f 4091 4128 4129
f 4091 4129 4128
f 4091 4129 4130
f 4091 4130 4129
f 4091 4130 4131
f 4091 4131 4130
f 4091 4131 4132
f 4091 4132 4131
f 4091 4132 4133
f 4091 4133 4132
f 4091 4133 4134
f 4091 4134 4133
f 4091 4134 4135
f 4091 4135 4134
f 4091 4135 4136
f 4091 4136 4135
v 0.116820 0.418717 0.000524
v 0.116058 0.424396 0.006902
v 0.120121 0.427906 0.013586
v 0.127456 0.427906 0.018023
v 0.135263 0.424396 0.018520
v 0.140558 0.418717 0.014885
v 0.141320 0.413038 0.008507
v 0.137257 0.409528 0.001823
v 0.129921 0.409528 -0.002614
v 0.122115 0.413038 -0.003111
v 0.155645 0.488436 -0.055077
v 0.155127 0.492298 -0.050741
v 0.157890 0.494684 -0.046196
v 0.162878 0.494684 -0.043178
v 0.168186 0.492298 -0.042840
v 0.171787 0.488436 -0.045312
v 0.172305 0.484574 -0.049649
v 0.169542 0.482188 -0.054194
v 0.164554 0.482188 -0.057212
v 0.159246 0.484574 -0.057549
f 4137 4138 4148
f 4137 4148 4147
f 4138 4139 4149
f 4138 4149 4148
f 4139 4140 4150
f 4139 4150 4149
f 4140 4141 4151
f 4140 4151 4150
f 4141 4142 4152
f 4141 4152 4151
f 4142 4143 4153
f 4142 4153 4152
f 4143 4144 4154
f 4143 4154 4153
f 4144 4145 4155
f 4144 4155 4154
f 4145 4146 4156
f 4145 4156 4155
f 4146 4137 4147
f 4146 4147 4156
v 0.163716 0.488436 -0.050195
v 0.158656 0.487624 -0.052436
v 0.153163 0.487522 -0.054084
v 0.147083 0.488387 -0.054922
v 0.140385 0.490268 -0.054912
v 0.133146 0.493038 -0.054157
v 0.125532 0.496426 -0.052886
v 0.117773 0.500052 -0.051415
v 0.110133 0.503482 -0.050109
v 0.102880 0.506277 -0.049334
v 0.096248 0.508049 -0.049414
v 0.090413 0.508511 -0.050590
v 0.085467 0.507511 -0.052989
v 0.081410 0.505047 -0.056612
v 0.078150 0.501273 -0.061330
v 0.075512 0.496478 -0.066903
v 0.073260 0.491047 -0.073007
v 0.071127 0.485419 -0.079276
v 0.068849 0.480030 -0.085345
v 0.066196 0.475258 -0.090898
v 0.063002 0.471376 -0.095707
v 0.059190 0.468509 -0.099667
v 0.054791 0.466610 -0.102818
v 0.049959 0.465421 -0.105374
v 0.055020 0.466234 -0.103133
v 0.060512 0.466336 -0.101485
v 0.066593 0.465470 -0.100647
v 0.073291 0.463589 -0.100658
v 0.080529 0.460819 -0.101412
v 0.088143 0.457432 -0.102683
v 0.095902 0.453805 -0.104154
v 0.103542 0.450375 -0.105460
v 0.110795 0.447581 -0.106235
v 0.117427 0.445808 -0.106155
v 0.123263 0.445346 -0.104979
v 0.128209 0.446346 -0.102580
v 0.132265 0.448810 -0.098958
v 0.135525 0.452584 -0.094239
v 0.138163 0.457380 -0.088666
v 0.140416 0.462811 -0.082562
v 0.142548 0.468439 -0.076293
v 0.144826 0.473827 -0.070224
v 0.147480 0.478599 -0.064671
v 0.150674 0.482481 -0.059862
v 0.154485 0.485348 -0.055902
v 0.158884 0.487247 -0.052751
f 4157 4158 4159
f 4157 4159 4158
f 4157 4159 4160
f 4157 4160 4159
f 4157 4160 4161
f 4157 4161 4160
f 4157 4161 4162
f 4157 4162 4161
f 4157 4162 4163
f 4157 4163 4162
f 4157 4163 4164
f 4157 4164 4163
f 4157 4164 4165
f 4157 4165 4164
f 4157 4165 4166
f 4157 4166 4165
f 4157 4166 4167
f 4157 4167 4166
f 4157 4167 4168
f 4157 4168 4167
f 4157 4168 4169
f 4157 4169 4168
f 4157 4169 4170
f 4157 4170 4169
f 4157 4170 4171
f 4157 4171 4170
f 4157 4171 4172
f 4157 4172 4171
f 4157 4172 4173
f 4157 4173 4172
f 4157 4173 4174
f 4157 4174 4173
f 4157 4174 4175
f 4157 4175 4174
f 4157 4175 4176
f 4157 4176 4175
f 4157 4176 4177
f 4157 4177 4176
f 4157 4177 4178
f 4157 4178 4177
f 4157 4178 4179
f 4157 4179 4178
f 4157 4179 4180
f 4157 4180 4179
f 4157 4180 4181
f 4157 4181 4180
f 4157 4181 4182
f 4157 4182 4181
f 4157 4182 4183
f 4157 4183 4182
f 4157 4183 4184
f 4157 4184 4183
f 4157 4184 4185
f 4157 4185 4184
f 4157 4185 4186
f 4157 4186 4185
f 4157 4186 4187
f 4157 4187 4186
f 4157 4187 4188
f 4157 4188 4187
f 4157 4188 4189
f 4157 4189 4188
f 4157 4189 4190
f 4157 4190 4189
f 4157 4190 4191
f 4157 4191 4190
f 4157 4191 4192
f 4157 4192 4191
f 4157 4192 4193
f 4157 4193 4192
f 4157 4193 4194
f 4157 4194 4193
f 4157 4194 4195
f 4157 4195 4194
f 4157 4195 4196
f 4157 4196 4195
f 4157 4196 4197
f 4157 4197 4196
f 4157 4197 4198
f 4157 4198 4197
f 4157 4198 4199
f 4157 4199 4198
f 4157 4199 4200
f 4157 4200 4199
f 4157 4200 4201
f 4157 4201 4200
f 4157 4201 4202
f 4157 4202 4201
v 0.163716 0.488436 -0.050195
v 0.166575 0.486333 -0.048446
v 0.169524 0.483595 -0.047407
v 0.172570 0.480174 -0.047132
v 0.175702 0.476135 -0.047548
v 0.178900 0.471624 -0.048493
v 0.182137 0.466841 -0.049742
v 0.185379 0.462024 -0.051030
v 0.188591 0.457419 -0.052081
v 0.191740 0.453260 -0.052631
v 0.194798 0.449746 -0.052461
v 0.197745 0.447020 -0.051408
v 0.200571 0.445159 -0.049388
v 0.203275 0.444161 -0.046402
v 0.205868 0.443951 -0.042534
v 0.208370 0.444386 -0.037945
v 0.210809 0.445268 -0.032856
v 0.213219 0.446362 -0.027529
v 0.215633 0.447421 -0.022241
v 0.218086 0.448208 -0.017257
v 0.220605 0.448523 -0.012802
v 0.223211 0.448221 -0.009038
v 0.225913 0.447235 -0.006038
v 0.228705 0.445615 -0.003748
v 0.225845 0.447718 -0.005497
v 0.222896 0.450456 -0.006536
v 0.219851 0.453877 -0.006811
v 0.216719 0.457915 -0.006395
v 0.213520 0.462427 -0.005450
v 0.210283 0.467209 -0.004201
v 0.207041 0.472027 -0.002913
v 0.203830 0.476632 -0.001862
v 0.200681 0.480791 -0.001312
v 0.197622 0.484305 -0.001482
v 0.194675 0.487030 -0.002535
v 0.191850 0.488892 -0.004555
v 0.189146 0.489890 -0.007541
v 0.186553 0.490100 -0.011409
v 0.184050 0.489665 -0.015998
v 0.181611 0.488783 -0.021087
v 0.179202 0.487689 -0.026414
v 0.176787 0.486630 -0.031702
v 0.174335 0.485842 -0.036686
v 0.171816 0.485528 -0.041141
v 0.169210 0.485830 -0.044905
v 0.166507 0.486816 -0.047905
f 4203 4204 4205
f 4203 4205 4204
f 4203 4205 4206
f 4203 4206 4205
f 4203 4206 4207
f 4203 4207 4206
f 4203 4207 4208
f 4203 4208 4207
f 4203 4208 4209
f 4203 4209 4208
f 4203 4209 4210
f 4203 4210 4209
f 4203 4210 4211
f 4203 4211 4210
f 4203 4211 4212
f 4203 4212 4211
f 4203 4212 4213
f 4203 4213 4212
f 4203 4213 4214
f 4203 4214 4213
f 4203 4214 4215
f 4203 4215 4214
f 4203 4215 4216
f 4203 4216 4215
f 4203 4216 4217
f 4203 4217 4216
f 4203 4217 4218
f 4203 4218 4217
f 4203 4218 4219
f 4203 4219 4218
f 4203 4219 4220
f 4203 4220 4219
f 4203 4220 4221
f 4203 4221 4220
f 4203 4221 4222
f 4203 4222 4221
f 4203 4222 4223
f 4203 4223 4222
f 4203 4223 4224
f 4203 4224 4223
f 4203 4224 4225
f 4203 4225 4224
f 4203 4225 4226
f 4203 4226 4225
f 4203 4226 4227
f 4203 4227 4226
f 4203 4227 4228
f 4203 4228 4227
f 4203 4228 4229
f 4203 4229 4228
f 4203 4229 4230
f 4203 4230 4229
f 4203 4230 4231
f 4203 4231 4230
f 4203 4231 4232
f 4203 4232 4231
f 4203 4232 4233
f 4203 4233 4232
f 4203 4233 4234
f 4203 4234 4233
f 4203 4234 4235
f 4203 4235 4234
f 4203 4235 4236
f 4203 4236 4235
f 4203 4236 4237
f 4203 4237 4236
f 4203 4237 4238
f 4203 4238 4237
f 4203 4238 4239
f 4203 4239 4238
f 4203 4239 4240
f 4203 4240 4239
f 4203 4240 4241
f 4203 4241 4240
f 4203 4241 4242
f 4203 4242 4241
f 4203 4242 4243
f 4203 4243 4242
f 4203 4243 4244
f 4203 4244 4243
f 4203 4244 4245
f 4203 4245 4244
f 4203 4245 4246
f 4203 4246 4245
f 4203 4246 4247
f 4203 4247 4246
f 4203 4247 4248
f 4203 4248 4247
v 0.155177 0.488436 -0.054203
v 0.156493 0.493931 -0.052767
v 0.160568 0.497327 -0.050348
v 0.165845 0.497327 -0.047871
v 0.170309 0.493931 -0.046282
v 0.172255 0.488436 -0.046187
v 0.170939 0.482941 -0.047623
v 0.166864 0.479545 -0.050041
v 0.161586 0.479545 -0.052518
v 0.157122 0.482941 -0.054108
v 0.181907 0.496049 -0.104049
v 0.182802 0.499786 -0.103072
v 0.185573 0.502095 -0.101428
v 0.189162 0.502095 -0.099743
v 0.192198 0.499786 -0.098662
v 0.193521 0.496049 -0.098598
v 0.192626 0.492313 -0.099574
v 0.189855 0.490003 -0.101219
v 0.186266 0.490003 -0.102903
v 0.183230 0.492313 -0.103984
f 4249 4250 4260
f 4249 4260 4259
f 4250 4251 4261
f 4250 4261 4260
f 4251 4252 4262
f 4251 4262 4261
f 4252 4253 4263
f 4252 4263 4262
f 4253 4254 4264
f 4253 4264 4263
f 4254 4255 4265
f 4254 4265 4264
f 4255 4256 4266
f 4255 4266 4265
f 4256 4257 4267
f 4256 4267 4266
f 4257 4258 4268
f 4257 4268 4267
f 4258 4249 4259
f 4258 4259 4268
v 0.187714 0.496049 -0.101323
v 0.183450 0.495103 -0.101948
v 0.179109 0.494479 -0.102560
v 0.174591 0.494601 -0.103145
v 0.169812 0.495828 -0.103688
v 0.164730 0.498333 -0.104183
v 0.159368 0.502018 -0.104633
v 0.153814 0.506512 -0.105053
v 0.148212 0.511213 -0.105465
v 0.142732 0.515396 -0.105896
v 0.137545 0.518343 -0.106374
v 0.132786 0.519484 -0.106920
v 0.128530 0.518499 -0.107547
v 0.124779 0.515389 -0.108253
v 0.121455 0.510472 -0.109027
v 0.118424 0.504320 -0.109848
v 0.115516 0.497649 -0.110689
v 0.112559 0.491186 -0.111521
v 0.109410 0.485531 -0.112324
v 0.105982 0.481057 -0.113081
v 0.102251 0.477860 -0.113791
v 0.098258 0.475769 -0.114459
v 0.094088 0.474424 -0.115099
v 0.089842 0.473400 -0.115726
v 0.094106 0.474346 -0.115101
v 0.098447 0.474970 -0.114489
v 0.102964 0.474849 -0.113904
v 0.107744 0.473621 -0.113361
v 0.112826 0.471117 -0.112867
v 0.118188 0.467431 -0.112416
v 0.123742 0.462938 -0.111997
v 0.129344 0.458237 -0.111585
v 0.134824 0.454054 -0.111153
v 0.140011 0.451106 -0.110675
v 0.144770 0.449966 -0.110129
v 0.149025 0.450951 -0.109503
v 0.152777 0.454060 -0.108796
v 0.156101 0.458977 -0.108022
v 0.159131 0.465130 -0.107201
v 0.162039 0.471800 -0.106361
v 0.164997 0.478263 -0.105528
v 0.168145 0.483918 -0.104726
v 0.171574 0.488392 -0.103968
v 0.175305 0.491590 -0.103258
v 0.179298 0.493680 -0.102591
v 0.183468 0.495026 -0.101951
f 4269 4270 4271
f 4269 4271 4270
f 4269 4271 4272
f 4269 4272 4271
f 4269 4272 4273
f 4269 4273 4272
f 4269 4273 4274
f 4269 4274 4273
f 4269 4274 4275
f 4269 4275 4274
f 4269 4275 4276
f 4269 4276 4275
f 4269 4276 4277
f 4269 4277 4276
f 4269 4277 4278
f 4269 4278 4277
f 4269 4278 4279
f 4269 4279 4278
f 4269 4279 4280
f 4269 4280 4279
f 4269 4280 4281
f 4269 4281 4280
f 4269 4281 4282
f 4269 4282 4281
f 4269 4282 4283
f 4269 4283 4282
f 4269 4283 4284
f 4269 4284 4283
f 4269 4284 4285
f 4269 4285 4284
f 4269 4285 4286
f 4269 4286 4285
f 4269 4286 4287
f 4269 4287 4286
f 4269 4287 4288
f 4269 4288 4287
f 4269 4288 4289
f 4269 4289 4288
f 4269 4289 4290
f 4269 4290 4289
f 4269 4290 4291
f 4269 4291 4290
f 4269 4291 4292
f 4269 4292 4291
f 4269 4292 4293
f 4269 4293 4292
f 4269 4293 4294
f 4269 4294 4293
f 4269 4294 4295
f 4269 4295 4294
f 4269 4295 4296
f 4269 4296 4295
f 4269 4296 4297
f 4269 4297 4296
f 4269 4297 4298
f 4269 4298 4297
f 4269 4298 4299
f 4269 4299 4298
f 4269 4299 4300
f 4269 4300 4299
f 4269 4300 4301
f 4269 4301 4300
f 4269 4301 4302
f 4269 4302 4301
f 4269 4302 4303
f 4269 4303 4302
f 4269 4303 4304
f 4269 4304 4303
f 4269 4304 4305
f 4269 4305 4304
f 4269 4305 4306
f 4269 4306 4305
f 4269 4306 4307
f 4269 4307 4306
f 4269 4307 4308
f 4269 4308 4307
f 4269 4308 4309
f 4269 4309 4308
f 4269 4309 4310
f 4269 4310 4309
f 4269 4310 4311
f 4269 4311 4310
f 4269 4311 4312
f 4269 4312 4311
f 4269 4312 4313
f 4269 4313 4312
f 4269 4313 4314
f 4269 4314 4313
v 0.187714 0.496049 -0.101323
v 0.191148 0.495255 -0.097587
v 0.194720 0.493032 -0.093999
v 0.198417 0.489518 -0.090545
v 0.202213 0.484963 -0.087200
v 0.206078 0.479698 -0.083927
v 0.209974 0.474109 -0.080689
v 0.213861 0.468609 -0.077441
v 0.217701 0.463605 -0.074141
v 0.221457 0.459468 -0.070752
v 0.225101 0.456504 -0.067241
v 0.228610 0.454929 -0.063586
v 0.231975 0.454858 -0.059775
v 0.235195 0.456290 -0.055808
v 0.238281 0.459111 -0.051697
v 0.241255 0.463105 -0.047465
v 0.244145 0.467966 -0.043142
v 0.246987 0.473323 -0.038768
v 0.249821 0.478770 -0.034385
v 0.252686 0.483892 -0.030035
v 0.255619 0.488305 -0.025759
v 0.258653 0.491675 -0.021591
v 0.261810 0.493756 -0.017557
v 0.265106 0.494407 -0.013671
v 0.261671 0.495201 -0.017407
v 0.258099 0.497425 -0.020995
v 0.254403 0.500939 -0.024449
v 0.250607 0.505494 -0.027794
v 0.246742 0.510759 -0.031067
v 0.242846 0.516348 -0.034305
v 0.238958 0.521848 -0.037553
v 0.235119 0.526852 -0.040853
v 0.231363 0.530989 -0.044242
v 0.227719 0.533953 -0.047753
v 0.224210 0.535527 -0.051408
v 0.220845 0.535599 -0.055219
v 0.217625 0.534167 -0.059186
v 0.214538 0.531345 -0.063297
v 0.211565 0.527351 -0.067529
v 0.208675 0.522491 -0.071852
v 0.205832 0.517133 -0.076226
v 0.202999 0.511687 -0.080609
v 0.200134 0.506564 -0.084959
v 0.197201 0.502152 -0.089235
v 0.194167 0.498781 -0.093403
v 0.191009 0.496700 -0.097437
f 4315 4316 4317
f 4315 4317 4316
f 4315 4317 4318
f 4315 4318 4317
f 4315 4318 4319
f 4315 4319 4318
f 4315 4319 4320
f 4315 4320 4319
f 4315 4320 4321
f 4315 4321 4320
f 4315 4321 4322
f 4315 4322 4321
f 4315 4322 4323
f 4315 4323 4322
f 4315 4323 4324
f 4315 4324 4323
f 4315 4324 4325
f 4315 4325 4324
f 4315 4325 4326
f 4315 4326 4325
f 4315 4326 4327
f 4315 4327 4326
f 4315 4327 4328
f 4315 4328 4327
f 4315 4328 4329
f 4315 4329 4328
f 4315 4329 4330
f 4315 4330 4329
f 4315 4330 4331
f 4315 4331 4330
f 4315 4331 4332
f 4315 4332 4331
f 4315 4332 4333
f 4315 4333 4332
f 4315 4333 4334
f 4315 4334 4333
f 4315 4334 4335
f 4315 4335 4334
f 4315 4335 4336
f 4315 4336 4335
f 4315 4336 4337
f 4315 4337 4336
f 4315 4337 4338
f 4315 4338 4337
f 4315 4338 4339
f 4315 4339 4338
f 4315 4339 4340
f 4315 4340 4339
f 4315 4340 4341
f 4315 4341 4340
f 4315 4341 4342
f 4315 4342 4341
f 4315 4342 4343
f 4315 4343 4342
f 4315 4343 4344
f 4315 4344 4343
f 4315 4344 4345
f 4315 4345 4344
f 4315 4345 4346
f 4315 4346 4345
f 4315 4346 4347
f 4315 4347 4346
f 4315 4347 4348
f 4315 4348 4347
f 4315 4348 4349
f 4315 4349 4348
f 4315 4349 4350
f 4315 4350 4349
f 4315 4350 4351
f 4315 4351 4350
f 4315 4351 4352
f 4315 4352 4351
f 4315 4352 4353
f 4315 4353 4352
f 4315 4353 4354
f 4315 4354 4353
f 4315 4354 4355
f 4315 4355 4354
f 4315 4355 4356
f 4315 4356 4355
f 4315 4356 4357
f 4315 4357 4356
f 4315 4357 4358
f 4315 4358 4357
f 4315 4358 4359
f 4315 4359 4358
f 4315 4359 4360
f 4315 4360 4359
v 0.156068 0.488436 -0.044673
v 0.159764 0.492456 -0.042632
v 0.164969 0.494941 -0.043479
v 0.169696 0.494941 -0.046892
v 0.172138 0.492456 -0.051566
v 0.171364 0.488436 -0.055717
v 0.167668 0.484416 -0.057758
v 0.162462 0.481931 -0.056910
v 0.157736 0.481931 -0.053497
v 0.155293 0.484416 -0.048823
v 0.132392 0.530821 -0.082620
v 0.134905 0.533555 -0.081232
v 0.138445 0.535244 -0.081808
v 0.141659 0.535244 -0.084129
v 0.143320 0.533555 -0.087307
v 0.142793 0.530821 -0.090130
v 0.140280 0.528087 -0.091518
v 0.136740 0.526398 -0.090941
v 0.133526 0.526398 -0.088621
v 0.131865 0.528087 -0.085442
f 4361 4362 4372
f 4361 4372 4371
f 4362 4363 4373
f 4362 4373 4372
f 4363 4364 4374
f 4363 4374 4373
f 4364 4365 4375
f 4364 4375 4374
f 4365 4366 4376
f 4365 4376 4375
f 4366 4367 4377
f 4366 4377 4376
f 4367 4368 4378
f 4367 4378 4377
f 4368 4369 4379
f 4368 4379 4378
f 4369 4370 4380
f 4369 4380 4379
f 4370 4361 4371
f 4370 4371 4380
v 0.137592 0.530821 -0.086375
v 0.135425 0.530184 -0.081967
v 0.133544 0.529896 -0.077359
v 0.132237 0.530300 -0.072352
v 0.131699 0.531635 -0.066811
v 0.131982 0.533964 -0.060698
v 0.132972 0.537148 -0.054094
v 0.134397 0.540859 -0.047188
v 0.135869 0.544627 -0.040248
v 0.136947 0.547917 -0.033583
v 0.137208 0.550219 -0.027486
v 0.136323 0.551135 -0.022185
v 0.134112 0.550446 -0.017808
v 0.130575 0.548152 -0.014352
v 0.125892 0.544472 -0.011693
v 0.120392 0.539804 -0.009602
v 0.114498 0.534658 -0.007786
v 0.108650 0.529569 -0.005937
v 0.103238 0.525007 -0.003785
v 0.098533 0.521301 -0.001141
v 0.094650 0.518588 0.002073
v 0.091535 0.516805 0.005823
v 0.088993 0.515716 0.009971
v 0.086739 0.514975 0.014319
v 0.088906 0.515611 0.009911
v 0.090787 0.515900 0.005303
v 0.092094 0.515495 0.000296
v 0.092632 0.514160 -0.005245
v 0.092349 0.511832 -0.011358
v 0.091359 0.508648 -0.017962
v 0.089934 0.504937 -0.024868
v 0.088462 0.501169 -0.031808
v 0.087384 0.497879 -0.038473
v 0.087123 0.495577 -0.044570
v 0.088008 0.494661 -0.049871
v 0.090219 0.495350 -0.054249
v 0.093756 0.497643 -0.057704
v 0.098439 0.501324 -0.060363
v 0.103939 0.505992 -0.062454
v 0.109833 0.511138 -0.064270
v 0.115681 0.516226 -0.066119
v 0.121093 0.520788 -0.068271
v 0.125798 0.524495 -0.070915
v 0.129681 0.527208 -0.074130
v 0.132796 0.528990 -0.077879
v 0.135338 0.530079 -0.082027
f 4381 4382 4383
f 4381 4383 4382
f 4381 4383 4384
f 4381 4384 4383
f 4381 4384 4385
f 4381 4385 4384
f 4381 4385 4386
f 4381 4386 4385
f 4381 4386 4387
f 4381 4387 4386
f 4381 4387 4388
f 4381 4388 4387
f 4381 4388 4389
f 4381 4389 4388
f 4381 4389 4390
f 4381 4390 4389
f 4381 4390 4391
f 4381 4391 4390
f 4381 4391 4392
f 4381 4392 4391
f 4381 4392 4393
f 4381 4393 4392
f 4381 4393 4394
f 4381 4394 4393
f 4381 4394 4395
f 4381 4395 4394
f 4381 4395 4396
f 4381 4396 4395
f 4381 4396 4397
f 4381 4397 4396
f 4381 4397 4398
f 4381 4398 4397
f 4381 4398 4399
f 4381 4399 4398
f 4381 4399 4400
f 4381 4400 4399
f 4381 4400 4401
f 4381 4401 4400
f 4381 4401 4402
f 4381 4402 4401
f 4381 4402 4403
f 4381 4403 4402
f 4381 4403 4404
f 4381 4404 4403
f 4381 4404 4405
f 4381 4405 4404
f 4381 4405 4406
f 4381 4406 4405
f 4381 4406 4407
f 4381 4407 4406
f 4381 4407 4408
f 4381 4408 4407
f 4381 4408 4409
f 4381 4409 4408
f 4381 4409 4410
f 4381 4410 4409
f 4381 4410 4411
f 4381 4411 4410
f 4381 4411 4412
f 4381 4412 4411
f 4381 4412 4413
f 4381 4413 4412
f 4381 4413 4414
f 4381 4414 4413
f 4381 4414 4415
f 4381 4415 4414
f 4381 4415 4416
f 4381 4416 4415
f 4381 4416 4417
f 4381 4417 4416
f 4381 4417 4418
f 4381 4418 4417
f 4381 4418 4419
f 4381 4419 4418
f 4381 4419 4420
f 4381 4420 4419
f 4381 4420 4421
f 4381 4421 4420
f 4381 4421 4422
f 4381 4422 4421
f 4381 4422 4423
f 4381 4423 4422
f 4381 4423 4424
f 4381 4424 4423
f 4381 4424 4425
f 4381 4425 4424
f 4381 4425 4426
f 4381 4426 4425
v 0.137592 0.530821 -0.086375
v 0.140020 0.532686 -0.084405
v 0.142685 0.534498 -0.082670
v 0.145845 0.536200 -0.081421
v 0.149683 0.537749 -0.080840
v 0.154259 0.539133 -0.080986
v 0.159482 0.540371 -0.081770
v 0.165115 0.541518 -0.082957
v 0.170810 0.542650 -0.084204
v 0.176163 0.543860 -0.085115
v 0.180787 0.545233 -0.085309
v 0.184379 0.546837 -0.084487
v 0.186773 0.548710 -0.082483
v 0.187966 0.550852 -0.079299
v 0.188128 0.553226 -0.075098
v 0.187561 0.555763 -0.070179
v 0.186653 0.558376 -0.064925
v 0.185807 0.560976 -0.059731
v 0.185369 0.563484 -0.054940
v 0.185579 0.565847 -0.050787
v 0.186528 0.568044 -0.047360
v 0.188155 0.570089 -0.044602
v 0.190275 0.572023 -0.042330
v 0.192634 0.573904 -0.040293
v 0.190207 0.572038 -0.042263
v 0.187541 0.570226 -0.043998
v 0.184381 0.568525 -0.045247
v 0.180544 0.566976 -0.045828
v 0.175967 0.565592 -0.045681
v 0.170744 0.564354 -0.044898
v 0.165111 0.563207 -0.043711
v 0.159417 0.562074 -0.042463
v 0.154064 0.560865 -0.041552
v 0.149439 0.559492 -0.041358
v 0.145847 0.557888 -0.042181
v 0.143454 0.556015 -0.044185
v 0.142260 0.553873 -0.047369
v 0.142098 0.551499 -0.051570
v 0.142665 0.548962 -0.056488
v 0.143573 0.546349 -0.061743
v 0.144420 0.543749 -0.066937
v 0.144857 0.541241 -0.071727
v 0.144647 0.538878 -0.075881
v 0.143699 0.536681 -0.079307
v 0.142072 0.534636 -0.082065
v 0.139951 0.532702 -0.084338
f 4427 4428 4429
f 4427 4429 4428
f 4427 4429 4430
f 4427 4430 4429
f 4427 4430 4431
f 4427 4431 4430
f 4427 4431 4432
f 4427 4432 4431
f 4427 4432 4433
f 4427 4433 4432
f 4427 4433 4434
f 4427 4434 4433
f 4427 4434 4435
f 4427 4435 4434
f 4427 4435 4436
f 4427 4436 4435
f 4427 4436 4437
f 4427 4437 4436
f 4427 4437 4438
f 4427 4438 4437
f 4427 4438 4439
f 4427 4439 4438
f 4427 4439 4440
f 4427 4440 4439
f 4427 4440 4441
f 4427 4441 4440
f 4427 4441 4442
f 4427 4442 4441
f 4427 4442 4443
f 4427 4443 4442
f 4427 4443 4444
f 4427 4444 4443
f 4427 4444 4445
f 4427 4445 4444
f 4427 4445 4446
f 4427 4446 4445
f 4427 4446 4447
f 4427 4447 4446
f 4427 4447 4448
f 4427 4448 4447
f 4427 4448 4449
f 4427 4449 4448
f 4427 4449 4450
f 4427 4450 4449
f 4427 4450 4451
f 4427 4451 4450
f 4427 4451 4452
f 4427 4452 4451
f 4427 4452 4453
f 4427 4453 4452
f 4427 4453 4454
f 4427 4454 4453
f 4427 4454 4455
f 4427 4455 4454
f 4427 4455 4456
f 4427 4456 4455
f 4427 4456 4457
f 4427 4457 4456
f 4427 4457 4458
f 4427 4458 4457
f 4427 4458 4459
f 4427 4459 4458
f 4427 4459 4460
f 4427 4460 4459
f 4427 4460 4461
f 4427 4461 4460
f 4427 4461 4462
f 4427 4462 4461
f 4427 4462 4463
f 4427 4463 4462
f 4427 4463 4464
f 4427 4464 4463
f 4427 4464 4465
f 4427 4465 4464
f 4427 4465 4466
f 4427 4466 4465
f 4427 4466 4467
f 4427 4467 4466
f 4427 4467 4468
f 4427 4468 4467
f 4427 4468 4469
f 4427 4469 4468
f 4427 4469 4470
f 4427 4470 4469
f 4427 4470 4471
f 4427 4471 4470
f 4427 4471 4472
f 4427 4472 4471
v 0.137592 0.530821 -0.086375
v 0.139366 0.527582 -0.088503
v 0.140555 0.523985 -0.090627
v 0.140871 0.519857 -0.092744
v 0.140218 0.515137 -0.094854
v 0.138675 0.509874 -0.096958
v 0.136478 0.504213 -0.099057
v 0.133985 0.498370 -0.101154
v 0.131626 0.492610 -0.103252
v 0.129845 0.487202 -0.105354
v 0.129042 0.482390 -0.107463
v 0.129514 0.478357 -0.109581
v 0.131424 0.475200 -0.111711
v 0.134771 0.472921 -0.113850
v 0.139395 0.471420 -0.115999
v 0.144996 0.470516 -0.118155
v 0.151175 0.469964 -0.120316
v 0.157487 0.469494 -0.122477
v 0.163504 0.468843 -0.124637
v 0.168867 0.467793 -0.126791
v 0.173340 0.466200 -0.128939
v 0.176843 0.464016 -0.131080
v 0.179475 0.461300 -0.133214
v 0.181521 0.458227 -0.135344
v 0.179747 0.461466 -0.133216
v 0.178558 0.465063 -0.131092
v 0.178242 0.469191 -0.128975
v 0.178895 0.473911 -0.126865
v 0.180438 0.479174 -0.124761
v 0.182635 0.484835 -0.122662
v 0.185128 0.490678 -0.120565
v 0.187487 0.496438 -0.118467
v 0.189268 0.501846 -0.116365
v 0.190071 0.506658 -0.114256
v 0.189599 0.510691 -0.112138
v 0.187689 0.513847 -0.110008
v 0.184342 0.516127 -0.107869
v 0.179718 0.517628 -0.105720
v 0.174117 0.518532 -0.103564
v 0.167938 0.519084 -0.101403
v 0.161625 0.519554 -0.099242
v 0.155609 0.520205 -0.097082
v 0.150246 0.521255 -0.094928
v 0.145773 0.522848 -0.092780
v 0.142270 0.525032 -0.090639
v 0.139638 0.527748 -0.088505
f 4473 4474 4475
f 4473 4475 4474
f 4473 4475 4476
f 4473 4476 4475
f 4473 4476 4477
f 4473 4477 4476
f 4473 4477 4478
f 4473 4478 4477
f 4473 4478 4479
f 4473 4479 4478
f 4473 4479 4480
f 4473 4480 4479
f 4473 4480 4481
f 4473 4481 4480
f 4473 4481 4482
f 4473 4482 4481
f 4473 4482 4483
f 4473 4483 4482
f 4473 4483 4484
f 4473 4484 4483
f 4473 4484 4485
f 4473 4485 4484
f 4473 4485 4486
f 4473 4486 4485
f 4473 4486 4487
f 4473 4487 4486
f 4473 4487 4488
f 4473 4488 4487
f 4473 4488 4489
f 4473 4489 4488
f 4473 4489 4490
f 4473 4490 4489
f 4473 4490 4491
f 4473 4491 4490
f 4473 4491 4492
f 4473 4492 4491
f 4473 4492 4493
f 4473 4493 4492
f 4473 4493 4494
f 4473 4494 4493
f 4473 4494 4495
f 4473 4495 4494
f 4473 4495 4496
f 4473 4496 4495
f 4473 4496 4497
f 4473 4497 4496
f 4473 4497 4498
f 4473 4498 4497
f 4473 4498 4499
f 4473 4499 4498
f 4473 4499 4500
f 4473 4500 4499
f 4473 4500 4501
f 4473 4501 4500
f 4473 4501 4502
f 4473 4502 4501
f 4473 4502 4503
f 4473 4503 4502
f 4473 4503 4504
f 4473 4504 4503
f 4473 4504 4505
f 4473 4505 4504
f 4473 4505 4506
f 4473 4506 4505
f 4473 4506 4507
f 4473 4507 4506
f 4473 4507 4508
f 4473 4508 4507
f 4473 4508 4509
f 4473 4509 4508
f 4473 4509 4510
f 4473 4510 4509
f 4473 4510 4511
f 4473 4511 4510
f 4473 4511 4512
f 4473 4512 4511
f 4473 4512 4513
f 4473 4513 4512
f 4473 4513 4514
f 4473 4514 4513
f 4473 4514 4515
f 4473 4515 4514
f 4473 4515 4516
f 4473 4516 4515
f 4473 4516 4517
f 4473 4517 4516
f 4473 4517 4518
f 4473 4518 4517
v 0.165083 0.488436 -0.059528
v 0.160595 0.491970 -0.058365
v 0.157298 0.494154 -0.054081
v 0.156453 0.494154 -0.048313
v 0.158382 0.491970 -0.043263
v 0.162349 0.488436 -0.040861
v 0.166837 0.484902 -0.042025
v 0.170134 0.482718 -0.046309
v 0.170979 0.482718 -0.052077
v 0.169049 0.484902 -0.057126
v 0.201430 0.533385 -0.051153
v 0.198378 0.535788 -0.050362
v 0.196136 0.537273 -0.047449
v 0.195562 0.537273 -0.043527
v 0.196873 0.535788 -0.040093
v 0.199570 0.533385 -0.038460
v 0.202623 0.530982 -0.039251
v 0.204864 0.529497 -0.042164
v 0.205439 0.529497 -0.046086
v 0.204127 0.530982 -0.049520
f 4519 4520 4530
f 4519 4530 4529
f 4520 4521 4531
f 4520 4531 4530
f 4521 4522 4532
f 4521 4532 4531
f 4522 4523 4533
f 4522 4533 4532
f 4523 4524 4534
f 4523 4534 4533
f 4524 4525 4535
f 4524 4535 4534
f 4525 4526 4536
f 4525 4536 4535
f 4526 4527 4537
f 4526 4537 4536
f 4527 4528 4538
f 4527 4538 4537
f 4528 4519 4529
f 4528 4529 4538
v 0.200500 0.533385 -0.044806
v 0.199278 0.533448 -0.049399
v 0.197501 0.533950 -0.053862
v 0.194863 0.535133 -0.058125
v 0.191242 0.537092 -0.062159
v 0.186699 0.539780 -0.065979
v 0.181462 0.543017 -0.069637
v 0.175892 0.546517 -0.073218
v 0.170432 0.549930 -0.076825
v 0.165546 0.552890 -0.080565
v 0.161653 0.555064 -0.084536
v 0.159071 0.556202 -0.088812
v 0.157971 0.556169 -0.093432
v 0.158351 0.554965 -0.098397
v 0.160042 0.552726 -0.103667
v 0.162726 0.549701 -0.109168
v 0.165985 0.546222 -0.114803
v 0.169354 0.542656 -0.120463
v 0.172390 0.539354 -0.126046
v 0.174731 0.536600 -0.131467
v 0.176150 0.534575 -0.136674
v 0.176587 0.533327 -0.141652
v 0.176163 0.532760 -0.146430
v 0.175183 0.532631 -0.151079
v 0.176405 0.532568 -0.146486
v 0.178182 0.532067 -0.142023
v 0.180820 0.530884 -0.137760
v 0.184441 0.528925 -0.133726
v 0.188984 0.526237 -0.129906
v 0.194221 0.523000 -0.126248
v 0.199791 0.519500 -0.122667
v 0.205251 0.516086 -0.119060
v 0.210137 0.513127 -0.115320
v 0.214030 0.510953 -0.111349
v 0.216612 0.509815 -0.107073
v 0.217712 0.509848 -0.102453
v 0.217332 0.511051 -0.097488
v 0.215641 0.513291 -0.092218
v 0.212957 0.516316 -0.086717
v 0.209698 0.519795 -0.081082
v 0.206329 0.523361 -0.075422
v 0.203293 0.526663 -0.069839
v 0.200952 0.529417 -0.064418
v 0.199533 0.531441 -0.059211
v 0.199096 0.532690 -0.054233
v 0.199520 0.533257 -0.049455
f 4539 4540 4541
f 4539 4541 4540
f 4539 4541 4542
f 4539 4542 4541
f 4539 4542 4543
f 4539 4543 4542
f 4539 4543 4544
f 4539 4544 4543
f 4539 4544 4545
f 4539 4545 4544
f 4539 4545 4546
f 4539 4546 4545
f 4539 4546 4547
f 4539 4547 4546
f 4539 4547 4548
f 4539 4548 4547
f 4539 4548 4549
f 4539 4549 4548
f 4539 4549 4550
f 4539 4550 4549
f 4539 4550 4551
f 4539 4551 4550
f 4539 4551 4552
f 4539 4552 4551
f 4539 4552 4553
f 4539 4553 4552
f 4539 4553 4554
f 4539 4554 4553
f 4539 4554 4555
f 4539 4555 4554
f 4539 4555 4556
f 4539 4556 4555
f 4539 4556 4557
f 4539 4557 4556
f 4539 4557 4558
f 4539 4558 4557
f 4539 4558 4559
f 4539 4559 4558
f 4539 4559 4560
f 4539 4560 4559
f 4539 4560 4561
f 4539 4561 4560
f 4539 4561 4562
f 4539 4562 4561
f 4539 4562 4563
f 4539 4563 4562
f 4539 4563 4564
f 4539 4564 4563
f 4539 4564 4565
f 4539 4565 4564
f 4539 4565 4566
f 4539 4566 4565
f 4539 4566 4567
f 4539 4567 4566
f 4539 4567 4568
f 4539 4568 4567
f 4539 4568 4569
f 4539 4569 4568
f 4539 4569 4570
f 4539 4570 4569
f 4539 4570 4571
f 4539 4571 4570
f 4539 4571 4572
f 4539 4572 4571
f 4539 4572 4573
f 4539 4573 4572
f 4539 4573 4574
f 4539 4574 4573
f 4539 4574 4575
f 4539 4575 4574
f 4539 4575 4576
f 4539 4576 4575
f 4539 4576 4577
f 4539 4577 4576
f 4539 4577 4578
f 4539 4578 4577
f 4539 4578 4579
f 4539 4579 4578
f 4539 4579 4580
f 4539 4580 4579
f 4539 4580 4581
f 4539 4581 4580
f 4539 4581 4582
f 4539 4582 4581
f 4539 4582 4583
f 4539 4583 4582
f 4539 4583 4584
f 4539 4584 4583
v 0.200500 0.533385 -0.044806
v 0.197585 0.533821 -0.043419
v 0.194745 0.534172 -0.041842
v 0.192089 0.534317 -0.039805
v 0.189716 0.534145 -0.037059
v 0.187679 0.533598 -0.033472
v 0.185960 0.532695 -0.029089
v 0.184466 0.531540 -0.024142
v 0.183039 0.530311 -0.019028
v 0.181484 0.529224 -0.014234
v 0.179607 0.528498 -0.010247
v 0.177250 0.528309 -0.007461
v 0.174326 0.528754 -0.006094
v 0.170835 0.529832 -0.006147
v 0.166865 0.531448 -0.007401
v 0.162572 0.533424 -0.009462
v 0.158151 0.535543 -0.011844
v 0.153797 0.537587 -0.014057
v 0.149668 0.539379 -0.015707
v 0.145858 0.540816 -0.016561
v 0.142383 0.541877 -0.016574
v 0.139191 0.542621 -0.015878
v 0.136183 0.543160 -0.014722
v 0.133251 0.543614 -0.013376
v 0.136166 0.543179 -0.014764
v 0.139006 0.542828 -0.016340
v 0.141662 0.542683 -0.018378
v 0.144035 0.542854 -0.021124
v 0.146072 0.543401 -0.024711
v 0.147791 0.544304 -0.029094
v 0.149285 0.545459 -0.034040
v 0.150712 0.546689 -0.039154
v 0.152267 0.547775 -0.043949
v 0.154144 0.548501 -0.047936
v 0.156501 0.548690 -0.050722
v 0.159425 0.548246 -0.052088
v 0.162916 0.547167 -0.052035
v 0.166886 0.545552 -0.050782
v 0.171179 0.543575 -0.048720
v 0.175600 0.541456 -0.046339
v 0.179954 0.539413 -0.044126
v 0.184083 0.537620 -0.042475
v 0.187893 0.536184 -0.041622
v 0.191368 0.535122 -0.041609
v 0.194560 0.534378 -0.042304
v 0.197568 0.533840 -0.043461
f 4585 4586 4587
f 4585 4587 4586
f 4585 4587 4588
f 4585 4588 4587
f 4585 4588 4589
f 4585 4589 4588
f 4585 4589 4590
f 4585 4590 4589
f 4585 4590 4591
f 4585 4591 4590
f 4585 4591 4592
f 4585 4592 4591
f 4585 4592 4593
f 4585 4593 4592
f 4585 4593 4594
f 4585 4594 4593
f 4585 4594 4595
f 4585 4595 4594
f 4585 4595 4596
f 4585 4596 4595
f 4585 4596 4597
f 4585 4597 4596
f 4585 4597 4598
f 4585 4598 4597
f 4585 4598 4599
f 4585 4599 4598
f 4585 4599 4600
f 4585 4600 4599
f 4585 4600 4601
f 4585 4601 4600
f 4585 4601 4602
f 4585 4602 4601
f 4585 4602 4603
f 4585 4603 4602
f 4585 4603 4604
f 4585 4604 4603
f 4585 4604 4605
f 4585 4605 4604
f 4585 4605 4606
f 4585 4606 4605
f 4585 4606 4607
f 4585 4607 4606
f 4585 4607 4608
f 4585 4608 4607
f 4585 4608 4609
f 4585 4609 4608
f 4585 4609 4610
f 4585 4610 4609
f 4585 4610 4611
f 4585 4611 4610
f 4585 4611 4612
f 4585 4612 4611
f 4585 4612 4613
f 4585 4613 4612
f 4585 4613 4614
f 4585 4614 4613
f 4585 4614 4615
f 4585 4615 4614
f 4585 4615 4616
f 4585 4616 4615
f 4585 4616 4617
f 4585 4617 4616
f 4585 4617 4618
f 4585 4618 4617
f 4585 4618 4619
f 4585 4619 4618
f 4585 4619 4620
f 4585 4620 4619
f 4585 4620 4621
f 4585 4621 4620
f 4585 4621 4622
f 4585 4622 4621
f 4585 4622 4623
f 4585 4623 4622
f 4585 4623 4624
f 4585 4624 4623
f 4585 4624 4625
f 4585 4625 4624
f 4585 4625 4626
f 4585 4626 4625
f 4585 4626 4627
f 4585 4627 4626
f 4585 4627 4628
f 4585 4628 4627
f 4585 4628 4629
f 4585 4629 4628
f 4585 4629 4630
f 4585 4630 4629
v 0.200500 0.533385 -0.044806
v 0.200825 0.530859 -0.042135
v 0.201330 0.528201 -0.039606
v 0.202263 0.525234 -0.037415
v 0.203841 0.521800 -0.035733
v 0.206173 0.517821 -0.034646
v 0.209209 0.513332 -0.034114
v 0.212734 0.508489 -0.033969
v 0.216394 0.503548 -0.033929
v 0.219756 0.498823 -0.033655
v 0.222392 0.494623 -0.032808
v 0.223957 0.491199 -0.031116
v 0.224261 0.488687 -0.028428
v 0.223302 0.487089 -0.024744
v 0.221274 0.486266 -0.020216
v 0.218518 0.485968 -0.015114
v 0.215465 0.485886 -0.009777
v 0.212547 0.485706 -0.004547
v 0.210118 0.485172 0.000297
v 0.208394 0.484128 0.004585
v 0.207423 0.482540 0.008279
v 0.207096 0.480484 0.011464
v 0.207199 0.478118 0.014311
v 0.207481 0.475622 0.017016
v 0.207156 0.478149 0.014344
v 0.206651 0.480806 0.011815
v 0.205718 0.483773 0.009624
v 0.204140 0.487207 0.007942
v 0.201808 0.491186 0.006855
v 0.198772 0.495676 0.006323
v 0.195247 0.500519 0.006178
v 0.191587 0.505459 0.006139
v 0.188225 0.510185 0.005865
v 0.185589 0.514384 0.005017
v 0.184024 0.517808 0.003325
v 0.183720 0.520320 0.000637
v 0.184679 0.521918 -0.003046
v 0.186707 0.522742 -0.007575
v 0.189463 0.523039 -0.012677
v 0.192516 0.523122 -0.018013
v 0.195434 0.523302 -0.023244
v 0.197863 0.523835 -0.028088
v 0.199587 0.524879 -0.032376
v 0.200558 0.526468 -0.036070
v 0.200885 0.528524 -0.039255
v 0.200783 0.530889 -0.042102
f 4631 4632 4633
f 4631 4633 4632
f 4631 4633 4634
f 4631 4634 4633
f 4631 4634 4635
f 4631 4635 4634
f 4631 4635 4636
f 4631 4636 4635
f 4631 4636 4637
f 4631 4637 4636
f 4631 4637 4638
f 4631 4638 4637
f 4631 4638 4639
f 4631 4639 4638
f 4631 4639 4640
f 4631 4640 4639
f 4631 4640 4641
f 4631 4641 4640
f 4631 4641 4642
f 4631 4642 4641
f 4631 4642 4643
f 4631 4643 4642
f 4631 4643 4644
f 4631 4644 4643
f 4631 4644 4645
f 4631 4645 4644
f 4631 4645 4646
f 4631 4646 4645
f 4631 4646 4647
f 4631 4647 4646
f 4631 4647 4648
f 4631 4648 4647
f 4631 4648 4649
f 4631 4649 4648
f 4631 4649 4650
f 4631 4650 4649
f 4631 4650 4651
f 4631 4651 4650
f 4631 4651 4652
f 4631 4652 4651
f 4631 4652 4653
f 4631 4653 4652
f 4631 4653 4654
f 4631 4654 4653
f 4631 4654 4655
f 4631 4655 4654
f 4631 4655 4656
f 4631 4656 4655
f 4631 4656 4657
f 4631 4657 4656
f 4631 4657 4658
f 4631 4658 4657
f 4631 4658 4659
f 4631 4659 4658
f 4631 4659 4660
f 4631 4660 4659
f 4631 4660 4661
f 4631 4661 4660
f 4631 4661 4662
f 4631 4662 4661
f 4631 4662 4663
f 4631 4663 4662
f 4631 4663 4664
f 4631 4664 4663
f 4631 4664 4665
f 4631 4665 4664
f 4631 4665 4666
f 4631 4666 4665
f 4631 4666 4667
f 4631 4667 4666
f 4631 4667 4668
f 4631 4668 4667
f 4631 4668 4669
f 4631 4669 4668
f 4631 4669 4670
f 4631 4670 4669
f 4631 4670 4671
f 4631 4671 4670
f 4631 4671 4672
f 4631 4672 4671
f 4631 4672 4673
f 4631 4673 4672
f 4631 4673 4674
f 4631 4674 4673
f 4631 4674 4675
f 4631 4675 4674
f 4631 4675 4676
f 4631 4676 4675
v 0.138887 0.418717 -0.001700
v 0.132802 0.424125 -0.004390
v 0.125147 0.427467 -0.002460
v 0.118844 0.427467 0.003352
v 0.116302 0.424125 0.010826
v 0.118491 0.418717 0.017108
v 0.124576 0.413309 0.019799
v 0.132231 0.409967 0.017869
v 0.138534 0.409967 0.012057
v 0.141076 0.413309 0.004583
v 0.182605 0.496923 0.052257
v 0.178468 0.500600 0.050428
v 0.173262 0.502873 0.051740
v 0.168976 0.502873 0.055692
v 0.167247 0.500600 0.060775
v 0.168736 0.496923 0.065047
v 0.172873 0.493245 0.066876
v 0.178079 0.490973 0.065564
v 0.182365 0.490973 0.061612
v 0.184094 0.493245 0.056529
f 4677 4678 4688
f 4677 4688 4687
f 4678 4679 4689
f 4678 4689 4688
f 4679 4680 4690
f 4679 4690 4689
f 4680 4681 4691
f 4680 4691 4690
f 4681 4682 4692
f 4681 4692 4691
f 4682 4683 4693
f 4682 4693 4692
f 4683 4684 4694
f 4683 4694 4693
f 4684 4685 4695
f 4684 4695 4694
f 4685 4686 4696
f 4685 4696 4695
f 4686 4677 4687
f 4686 4687 4696
v 0.175671 0.496923 0.058652
v 0.177926 0.495095 0.054984
v 0.179852 0.493799 0.050804
v 0.181310 0.493256 0.045898
v 0.182265 0.493525 0.040210
v 0.182770 0.494520 0.033823
v 0.182955 0.496032 0.026938
v 0.183005 0.497760 0.019844
v 0.183140 0.499352 0.012883
v 0.183583 0.500446 0.006400
v 0.184533 0.500724 0.000703
v 0.186137 0.499947 -0.003977
v 0.188475 0.497986 -0.007517
v 0.191546 0.494843 -0.009918
v 0.195272 0.490643 -0.011302
v 0.199504 0.485628 -0.011899
v 0.204044 0.480115 -0.012018
v 0.208669 0.474466 -0.012005
v 0.213160 0.469032 -0.012200
v 0.217330 0.464116 -0.012894
v 0.221050 0.459927 -0.014287
v 0.224267 0.456548 -0.016461
v 0.227017 0.453923 -0.019361
v 0.229437 0.451830 -0.022774
v 0.227181 0.453658 -0.019106
v 0.225255 0.454954 -0.014926
v 0.223797 0.455497 -0.010020
v 0.222842 0.455228 -0.004332
v 0.222337 0.454233 0.002055
v 0.222152 0.452721 0.008940
v 0.222102 0.450992 0.016034
v 0.221967 0.449401 0.022996
v 0.221524 0.448306 0.029479
v 0.220574 0.448028 0.035175
v 0.218970 0.448806 0.039855
v 0.216632 0.450766 0.043395
v 0.213561 0.453910 0.045796
v 0.209835 0.458109 0.047180
v 0.205603 0.463125 0.047777
v 0.201063 0.468637 0.047896
v 0.196438 0.474287 0.047883
v 0.191947 0.479720 0.048078
v 0.187777 0.484636 0.048772
v 0.184057 0.488826 0.050165
v 0.180840 0.492205 0.052339
v 0.178090 0.494829 0.055240
f 4697 4698 4699
f 4697 4699 4698
f 4697 4699 4700
f 4697 4700 4699
f 4697 4700 4701
f 4697 4701 4700
f 4697 4701 4702
f 4697 4702 4701
f 4697 4702 4703
f 4697 4703 4702
f 4697 4703 4704
f 4697 4704 4703
f 4697 4704 4705
f 4697 4705 4704
f 4697 4705 4706
f 4697 4706 4705
f 4697 4706 4707
f 4697 4707 4706
f 4697 4707 4708
f 4697 4708 4707
f 4697 4708 4709
f 4697 4709 4708
f 4697 4709 4710
f 4697 4710 4709
f 4697 4710 4711
f 4697 4711 4710
f 4697 4711 4712
f 4697 4712 4711
f 4697 4712 4713
f 4697 4713 4712
f 4697 4713 4714
f 4697 4714 4713
f 4697 4714 4715
f 4697 4715 4714
f 4697 4715 4716
f 4697 4716 4715
f 4697 4716 4717
f 4697 4717 4716
f 4697 4717 4718
f 4697 4718 4717
f 4697 4718 4719
f 4697 4719 4718
f 4697 4719 4720
f 4697 4720 4719
f 4697 4720 4721
f 4697 4721 4720
f 4697 4721 4722
f 4697 4722 4721
f 4697 4722 4723
f 4697 4723 4722
f 4697 4723 4724
f 4697 4724 4723
f 4697 4724 4725
f 4697 4725 4724
f 4697 4725 4726
f 4697 4726 4725
f 4697 4726 4727
f 4697 4727 4726
f 4697 4727 4728
f 4697 4728 4727
f 4697 4728 4729
f 4697 4729 4728
f 4697 4729 4730
f 4697 4730 4729
f 4697 4730 4731
f 4697 4731 4730
f 4697 4731 4732
f 4697 4732 4731
f 4697 4732 4733
f 4697 4733 4732
f 4697 4733 4734
f 4697 4734 4733
f 4697 4734 4735
f 4697 4735 4734
f 4697 4735 4736
f 4697 4736 4735
f 4697 4736 4737
f 4697 4737 4736
f 4697 4737 4738
f 4697 4738 4737
f 4697 4738 4739
f 4697 4739 4738
f 4697 4739 4740
f 4697 4740 4739
f 4697 4740 4741
f 4697 4741 4740
f 4697 4741 4742
f 4697 4742 4741
v 0.175671 0.496923 0.058652
v 0.172197 0.497418 0.058141
v 0.168583 0.497653 0.058159
v 0.164767 0.497517 0.058933
v 0.160733 0.496979 0.060525
v 0.156503 0.496080 0.062851
v 0.152133 0.494923 0.065703
v 0.147704 0.493656 0.068778
v 0.143311 0.492455 0.071719
v 0.139050 0.491499 0.074161
v 0.135009 0.490948 0.075780
v 0.131252 0.490920 0.076334
v 0.127813 0.491480 0.075692
v 0.124693 0.492626 0.073856
v 0.121857 0.494296 0.070953
v 0.119240 0.496371 0.067228
v 0.116756 0.498691 0.063004
v 0.114308 0.501076 0.058646
v 0.111801 0.503352 0.054510
v 0.109153 0.505370 0.050901
v 0.106309 0.507026 0.048026
v 0.103248 0.508281 0.045969
v 0.099985 0.509165 0.044668
v 0.096581 0.509788 0.043895
v 0.100055 0.509293 0.044406
v 0.103669 0.509058 0.044388
v 0.107485 0.509194 0.043614
v 0.111519 0.509732 0.042023
v 0.115749 0.510631 0.039697
v 0.120118 0.511788 0.036844
v 0.124548 0.513055 0.033769
v 0.128941 0.514256 0.030829
v 0.133202 0.515212 0.028386
v 0.137243 0.515763 0.026767
v 0.141000 0.515791 0.026214
v 0.144439 0.515232 0.026855
v 0.147559 0.514085 0.028692
v 0.150395 0.512415 0.031594
v 0.153012 0.510340 0.035320
v 0.155496 0.508021 0.039544
v 0.157944 0.505635 0.043902
v 0.160451 0.503359 0.048037
v 0.163099 0.501341 0.051647
v 0.165942 0.499685 0.054522
v 0.169004 0.498430 0.056579
v 0.172267 0.497546 0.057880
f 4743 4744 4745
f 4743 4745 4744
f 4743 4745 4746
f 4743 4746 4745
f 4743 4746 4747
f 4743 4747 4746
f 4743 4747 4748
f 4743 4748 4747
f 4743 4748 4749
f 4743 4749 4748
f 4743 4749 4750
f 4743 4750 4749
f 4743 4750 4751
f 4743 4751 4750
f 4743 4751 4752
f 4743 4752 4751
f 4743 4752 4753
f 4743 4753 4752
f 4743 4753 4754
f 4743 4754 4753
f 4743 4754 4755
f 4743 4755 4754
f 4743 4755 4756
f 4743 4756 4755
f 4743 4756 4757
f 4743 4757 4756
f 4743 4757 4758
f 4743 4758 4757
f 4743 4758 4759
f 4743 4759 4758
f 4743 4759 4760
f 4743 4760 4759
f 4743 4760 4761
f 4743 4761 4760
f 4743 4761 4762
f 4743 4762 4761
f 4743 4762 4763
f 4743 4763 4762
f 4743 4763 4764
f 4743 4764 4763
f 4743 4764 4765
f 4743 4765 4764
f 4743 4765 4766
f 4743 4766 4765
f 4743 4766 4767
f 4743 4767 4766
f 4743 4767 4768
f 4743 4768 4767
f 4743 4768 4769
f 4743 4769 4768
f 4743 4769 4770
f 4743 4770 4769
f 4743 4770 4771
f 4743 4771 4770
f 4743 4771 4772
f 4743 4772 4771
f 4743 4772 4773
f 4743 4773 4772
f 4743 4773 4774
f 4743 4774 4773
f 4743 4774 4775
f 4743 4775 4774
f 4743 4775 4776
f 4743 4776 4775
f 4743 4776 4777
f 4743 4777 4776
f 4743 4777 4778
f 4743 4778 4777
f 4743 4778 4779
f 4743 4779 4778
f 4743 4779 4780
f 4743 4780 4779
f 4743 4780 4781
f 4743 4781 4780
f 4743 4781 4782
f 4743 4782 4781
f 4743 4782 4783
f 4743 4783 4782
f 4743 4783 4784
f 4743 4784 4783
f 4743 4784 4785
f 4743 4785 4784
f 4743 4785 4786
f 4743 4786 4785
f 4743 4786 4787
f 4743 4787 4786
f 4743 4787 4788
f 4743 4788 4787
v 0.175671 0.496923 0.058652
v 0.173713 0.492715 0.061086
v 0.172142 0.488299 0.063482
v 0.171415 0.483430 0.065795
v 0.171892 0.477914 0.067991
v 0.173718 0.471674 0.070056
v 0.176757 0.464782 0.072002
v 0.180595 0.457460 0.073871
v 0.184597 0.450051 0.075724
v 0.188013 0.442956 0.077633
v 0.190112 0.436569 0.079671
v 0.190317 0.431199 0.081894
v 0.188308 0.427019 0.084332
v 0.184087 0.424027 0.086987
v 0.177971 0.422053 0.089825
v 0.170539 0.420786 0.092793
v 0.162520 0.419835 0.095817
v 0.154666 0.418795 0.098825
v 0.147610 0.417326 0.101755
v 0.141768 0.415205 0.104568
v 0.137273 0.412360 0.107248
v 0.133984 0.408868 0.109812
v 0.131538 0.404922 0.112293
v 0.129479 0.400769 0.114736
v 0.131436 0.404977 0.112303
v 0.133008 0.409392 0.109907
v 0.133735 0.414261 0.107593
v 0.133257 0.419777 0.105397
v 0.131431 0.426018 0.103332
v 0.128392 0.432910 0.101386
v 0.124554 0.440232 0.099517
v 0.120553 0.447641 0.097665
v 0.117137 0.454736 0.095755
v 0.115038 0.461123 0.093717
v 0.114833 0.466493 0.091494
v 0.116841 0.470673 0.089056
v 0.121063 0.473665 0.086402
v 0.127179 0.475639 0.083563
v 0.134611 0.476905 0.080596
v 0.142629 0.477857 0.077572
v 0.150484 0.478897 0.074563
v 0.157540 0.480366 0.071633
v 0.163382 0.482486 0.068821
v 0.167876 0.485332 0.066140
v 0.171166 0.488824 0.063577
v 0.173611 0.492770 0.061096
f 4789 4790 4791
f 4789 4791 4790
f 4789 4791 4792
f 4789 4792 4791
f 4789 4792 4793
f 4789 4793 4792
f 4789 4793 4794
f 4789 4794 4793
f 4789 4794 4795
f 4789 4795 4794
f 4789 4795 4796
f 4789 4796 4795
f 4789 4796 4797
f 4789 4797 4796
f 4789 4797 4798
f 4789 4798 4797
f 4789 4798 4799
f 4789 4799 4798
f 4789 4799 4800
f 4789 4800 4799
f 4789 4800 4801
f 4789 4801 4800
f 4789 4801 4802
f 4789 4802 4801
f 4789 4802 4803
f 4789 4803 4802
f 4789 4803 4804
f 4789 4804 4803
f 4789 4804 4805
f 4789 4805 4804
f 4789 4805 4806
f 4789 4806 4805
f 4789 4806 4807
f 4789 4807 4806
f 4789 4807 4808
f 4789 4808 4807
f 4789 4808 4809
f 4789 4809 4808
f 4789 4809 4810
f 4789 4810 4809
f 4789 4810 4811
f 4789 4811 4810
f 4789 4811 4812
f 4789 4812 4811
f 4789 4812 4813
f 4789 4813 4812
f 4789 4813 4814
f 4789 4814 4813
f 4789 4814 4815
f 4789 4815 4814
f 4789 4815 4816
f 4789 4816 4815
f 4789 4816 4817
f 4789 4817 4816
f 4789 4817 4818
f 4789 4818 4817
f 4789 4818 4819
f 4789 4819 4818
f 4789 4819 4820
f 4789 4820 4819
f 4789 4820 4821
f 4789 4821 4820
f 4789 4821 4822
f 4789 4822 4821
f 4789 4822 4823
f 4789 4823 4822
f 4789 4823 4824
f 4789 4824 4823
f 4789 4824 4825
f 4789 4825 4824
f 4789 4825 4826
f 4789 4826 4825
f 4789 4826 4827
f 4789 4827 4826
f 4789 4827 4828
f 4789 4828 4827
f 4789 4828 4829
f 4789 4829 4828
f 4789 4829 4830
f 4789 4830 4829
f 4789 4830 4831
f 4789 4831 4830
f 4789 4831 4832
f 4789 4832 4831
f 4789 4832 4833
f 4789 4833 4832
f 4789 4833 4834
f 4789 4834 4833
v 0.182382 0.496923 0.052024
v 0.179426 0.501929 0.051594
v 0.175034 0.505023 0.053860
v 0.170886 0.505023 0.057956
v 0.168565 0.501929 0.062318
v 0.168959 0.496923 0.065280
v 0.171915 0.491917 0.065711
v 0.176307 0.488823 0.063445
v 0.180455 0.488823 0.059349
v 0.182776 0.491917 0.054986
v 0.215402 0.520756 0.089758
v 0.213391 0.524160 0.089465
v 0.210405 0.526264 0.091006
v 0.207585 0.526264 0.093791
v 0.206006 0.524160 0.096758
v 0.206274 0.520756 0.098772
v 0.208284 0.517352 0.099065
v 0.211270 0.515249 0.097524
v 0.214091 0.515249 0.094738
v 0.215669 0.517352 0.091772
f 4835 4836 4846
f 4835 4846 4845
f 4836 4837 4847
f 4836 4847 4846
f 4837 4838 4848
f 4837 4848 4847
f 4838 4839 4849
f 4838 4849 4848
f 4839 4840 4850
f 4839 4850 4849
f 4840 4841 4851
f 4840 4851 4850
f 4841 4842 4852
f 4841 4852 4851
f 4842 4843 4853
f 4842 4853 4852
f 4843 4844 4854
f 4843 4854 4853
f 4844 4835 4845
f 4844 4845 4854
v 0.210838 0.520756 0.094265
v 0.211763 0.520301 0.088887
v 0.212364 0.520526 0.083374
v 0.212436 0.521863 0.077640
v 0.211885 0.524508 0.071645
v 0.210733 0.528415 0.065398
v 0.209116 0.533300 0.058957
v 0.207261 0.538684 0.052417
v 0.205456 0.543963 0.045897
v 0.204006 0.548497 0.039526
v 0.203190 0.551698 0.033420
v 0.203221 0.553123 0.027668
v 0.204212 0.552529 0.022318
v 0.206163 0.549917 0.017370
v 0.208961 0.545528 0.012776
v 0.212393 0.539807 0.008446
v 0.216180 0.533341 0.004266
v 0.220016 0.526770 0.000106
v 0.223615 0.520698 -0.004153
v 0.226748 0.515603 -0.008607
v 0.229282 0.511770 -0.013312
v 0.231191 0.509246 -0.018277
v 0.232572 0.507833 -0.023464
v 0.233629 0.507102 -0.028787
v 0.232703 0.507558 -0.023410
v 0.232102 0.507332 -0.017896
v 0.232030 0.505996 -0.012162
v 0.232582 0.503350 -0.006167
v 0.233733 0.499443 0.000080
v 0.235351 0.494558 0.006521
v 0.237205 0.489175 0.013061
v 0.239010 0.483895 0.019581
v 0.240460 0.479362 0.025952
v 0.241276 0.476160 0.032058
v 0.241246 0.474736 0.037810
v 0.240255 0.475329 0.043160
v 0.238304 0.477941 0.048108
v 0.235506 0.482330 0.052702
v 0.232074 0.488051 0.057031
v 0.228287 0.494518 0.061212
v 0.224451 0.501089 0.065372
v 0.220852 0.507161 0.069631
v 0.217718 0.512255 0.074085
v 0.215185 0.516088 0.078790
v 0.213275 0.518612 0.083755
v 0.211894 0.520025 0.088942
f 4855 4856 4857
f 4855 4857 4856
f 4855 4857 4858
f 4855 4858 4857
f 4855 4858 4859
f 4855 4859 4858
f 4855 4859 4860
f 4855 4860 4859
f 4855 4860 4861
f 4855 4861 4860
f 4855 4861 4862
f 4855 4862 4861
f 4855 4862 4863
f 4855 4863 4862
f 4855 4863 4864
f 4855 4864 4863
f 4855 4864 4865
f 4855 4865 4864
f 4855 4865 4866
f 4855 4866 4865
f 4855 4866 4867
f 4855 4867 4866
f 4855 4867 4868
f 4855 4868 4867
f 4855 4868 4869
f 4855 4869 4868
f 4855 4869 4870
f 4855 4870 4869
f 4855 4870 4871
f 4855 4871 4870
f 4855 4871 4872
f 4855 4872 4871
f 4855 4872 4873
f 4855 4873 4872
f 4855 4873 4874
f 4855 4874 4873
f 4855 4874 4875
f 4855 4875 4874
f 4855 4875 4876
f 4855 4876 4875
f 4855 4876 4877
f 4855 4877 4876
f 4855 4877 4878
f 4855 4878 4877
f 4855 4878 4879
f 4855 4879 4878
f 4855 4879 4880
f 4855 4880 4879
f 4855 4880 4881
f 4855 4881 4880
f 4855 4881 4882
f 4855 4882 4881
f 4855 4882 4883
f 4855 4883 4882
f 4855 4883 4884
f 4855 4884 4883
f 4855 4884 4885
f 4855 4885 4884
f 4855 4885 4886
f 4855 4886 4885
f 4855 4886 4887
f 4855 4887 4886
f 4855 4887 4888
f 4855 4888 4887
f 4855 4888 4889
f 4855 4889 4888
f 4855 4889 4890
f 4855 4890 4889
f 4855 4890 4891
f 4855 4891 4890
f 4855 4891 4892
f 4855 4892 4891
f 4855 4892 4893
f 4855 4893 4892
f 4855 4893 4894
f 4855 4894 4893
f 4855 4894 4895
f 4855 4895 4894
f 4855 4895 4896
f 4855 4896 4895
f 4855 4896 4897
f 4855 4897 4896
f 4855 4897 4898
f 4855 4898 4897
f 4855 4898 4899
f 4855 4899 4898
f 4855 4899 4900
f 4855 4900 4899
v 0.210838 0.520756 0.094265
v 0.208280 0.522449 0.094361
v 0.205482 0.523815 0.094912
v 0.202375 0.524766 0.096046
v 0.198959 0.525298 0.097767
v 0.195280 0.525475 0.099983
v 0.191428 0.525417 0.102529
v 0.187518 0.525282 0.105184
v 0.183680 0.525244 0.107701
v 0.180043 0.525478 0.109838
v 0.176720 0.526136 0.111383
v 0.173793 0.527329 0.112177
v 0.171306 0.529116 0.112140
v 0.169259 0.531499 0.111270
v 0.167608 0.534416 0.109650
v 0.166270 0.537757 0.107438
v 0.165133 0.541370 0.104845
v 0.164069 0.545081 0.102115
v 0.162947 0.548714 0.099494
v 0.161652 0.552111 0.097203
v 0.160094 0.555155 0.095407
v 0.158226 0.557780 0.094198
v 0.156050 0.559988 0.093571
v 0.153633 0.561871 0.093400
v 0.156191 0.560179 0.093304
v 0.158990 0.558812 0.092752
v 0.162096 0.557861 0.091618
v 0.165512 0.557330 0.089898
v 0.169191 0.557152 0.087681
v 0.173043 0.557210 0.085136
v 0.176954 0.557346 0.082481
v 0.180791 0.557383 0.079963
v 0.184428 0.557149 0.077826
v 0.187751 0.556492 0.076282
v 0.190678 0.555299 0.075487
v 0.193165 0.553511 0.075525
v 0.195212 0.551129 0.076395
v 0.196864 0.548211 0.078014
v 0.198201 0.544870 0.080227
v 0.199338 0.541257 0.082820
v 0.200402 0.537547 0.085549
v 0.201524 0.533914 0.088170
v 0.202820 0.530516 0.090462
v 0.204378 0.527472 0.092258
v 0.206246 0.524848 0.093467
v 0.208421 0.522639 0.094094
f 4901 4902 4903
f 4901 4903 4902
f 4901 4903 4904
f 4901 4904 4903
f 4901 4904 4905
f 4901 4905 4904
f 4901 4905 4906
f 4901 4906 4905
f 4901 4906 4907
f 4901 4907 4906
f 4901 4907 4908
f 4901 4908 4907
f 4901 4908 4909
f 4901 4909 4908
f 4901 4909 4910
f 4901 4910 4909
f 4901 4910 4911
f 4901 4911 4910
f 4901 4911 4912
f 4901 4912 4911
f 4901 4912 4913
f 4901 4913 4912
f 4901 4913 4914
f 4901 4914 4913
f 4901 4914 4915
f 4901 4915 4914
f 4901 4915 4916
f 4901 4916 4915
f 4901 4916 4917
f 4901 4917 4916
f 4901 4917 4918
f 4901 4918 4917
f 4901 4918 4919
f 4901 4919 4918
f 4901 4919 4920
f 4901 4920 4919
f 4901 4920 4921
f 4901 4921 4920
f 4901 4921 4922
f 4901 4922 4921
f 4901 4922 4923
f 4901 4923 4922
f 4901 4923 4924
f 4901 4924 4923
f 4901 4924 4925
f 4901 4925 4924
f 4901 4925 4926
f 4901 4926 4925
f 4901 4926 4927
f 4901 4927 4926
f 4901 4927 4928
f 4901 4928 4927
f 4901 4928 4929
f 4901 4929 4928
f 4901 4929 4930
f 4901 4930 4929
f 4901 4930 4931
f 4901 4931 4930
f 4901 4931 4932
f 4901 4932 4931
f 4901 4932 4933
f 4901 4933 4932
f 4901 4933 4934
f 4901 4934 4933
f 4901 4934 4935
f 4901 4935 4934
f 4901 4935 4936
f 4901 4936 4935
f 4901 4936 4937
f 4901 4937 4936
f 4901 4937 4938
f 4901 4938 4937
f 4901 4938 4939
f 4901 4939 4938
f 4901 4939 4940
f 4901 4940 4939
f 4901 4940 4941
f 4901 4941 4940
f 4901 4941 4942
f 4901 4942 4941
f 4901 4942 4943
f 4901 4943 4942
f 4901 4943 4944
f 4901 4944 4943
f 4901 4944 4945
f 4901 4945 4944
f 4901 4945 4946
f 4901 4946 4945
v 0.210838 0.520756 0.094265
v 0.209197 0.516249 0.096795
v 0.208225 0.511263 0.098983
v 0.208238 0.505577 0.100668
v 0.209334 0.499118 0.101801
v 0.211418 0.491955 0.102429
v 0.214221 0.484279 0.102690
v 0.217344 0.476375 0.102788
v 0.220307 0.468585 0.102968
v 0.222619 0.461260 0.103480
v 0.223839 0.454712 0.104549
v 0.223638 0.449178 0.106344
v 0.221838 0.444783 0.108954
v 0.218440 0.441528 0.112381
v 0.213619 0.439286 0.116534
v 0.207707 0.437823 0.121244
v 0.201144 0.436823 0.126286
v 0.194422 0.435937 0.131409
v 0.188019 0.434824 0.136370
v 0.182335 0.433198 0.140963
v 0.177639 0.430867 0.145052
v 0.174027 0.427765 0.148588
v 0.171398 0.423961 0.151622
v 0.169440 0.419679 0.154314
v 0.171081 0.424187 0.151784
v 0.172052 0.429172 0.149596
v 0.172040 0.434859 0.147910
v 0.170944 0.441318 0.146778
v 0.168860 0.448481 0.146149
v 0.166057 0.456157 0.145888
v 0.162934 0.464060 0.145790
v 0.159971 0.471850 0.145610
v 0.157659 0.479176 0.145099
v 0.156438 0.485724 0.144030
v 0.156640 0.491258 0.142235
v 0.158440 0.495653 0.139624
v 0.161838 0.498908 0.136197
v 0.166659 0.501149 0.132045
v 0.172570 0.502613 0.127335
v 0.179133 0.503612 0.122293
v 0.185856 0.504498 0.117169
v 0.192259 0.505612 0.112209
v 0.197942 0.507238 0.107616
v 0.202638 0.509568 0.103527
v 0.206251 0.512671 0.099990
v 0.208879 0.516475 0.096957
f 4947 4948 4949
f 4947 4949 4948
f 4947 4949 4950
f 4947 4950 4949
f 4947 4950 4951
f 4947 4951 4950
f 4947 4951 4952
f 4947 4952 4951
f 4947 4952 4953
f 4947 4953 4952
f 4947 4953 4954
f 4947 4954 4953
f 4947 4954 4955
f 4947 4955 4954
f 4947 4955 4956
f 4947 4956 4955
f 4947 4956 4957
f 4947 4957 4956
f 4947 4957 4958
f 4947 4958 4957
f 4947 4958 4959
f 4947 4959 4958
f 4947 4959 4960
f 4947 4960 4959
f 4947 4960 4961
f 4947 4961 4960
f 4947 4961 4962
f 4947 4962 4961
f 4947 4962 4963
f 4947 4963 4962
f 4947 4963 4964
f 4947 4964 4963
f 4947 4964 4965
f 4947 4965 4964
f 4947 4965 4966
f 4947 4966 4965
f 4947 4966 4967
f 4947 4967 4966
f 4947 4967 4968
f 4947 4968 4967
f 4947 4968 4969
f 4947 4969 4968
f 4947 4969 4970
f 4947 4970 4969
f 4947 4970 4971
f 4947 4971 4970
f 4947 4971 4972
f 4947 4972 4971
f 4947 4972 4973
f 4947 4973 4972
f 4947 4973 4974
f 4947 4974 4973
f 4947 4974 4975
f 4947 4975 4974
f 4947 4975 4976
f 4947 4976 4975
f 4947 4976 4977
f 4947 4977 4976
f 4947 4977 4978
f 4947 4978 4977
f 4947 4978 4979
f 4947 4979 4978
f 4947 4979 4980
f 4947 4980 4979
f 4947 4980 4981
f 4947 4981 4980
f 4947 4981 4982
f 4947 4982 4981
f 4947 4982 4983
f 4947 4983 4982
f 4947 4983 4984
f 4947 4984 4983
f 4947 4984 4985
f 4947 4985 4984
f 4947 4985 4986
f 4947 4986 4985
f 4947 4986 4987
f 4947 4987 4986
f 4947 4987 4988
f 4947 4988 4987
f 4947 4988 4989
f 4947 4989 4988
f 4947 4989 4990
f 4947 4990 4989
f 4947 4990 4991
f 4947 4991 4990
f 4947 4991 4992
f 4947 4992 4991
v 0.172959 0.496923 0.049617
v 0.168798 0.499545 0.052747
v 0.167262 0.501166 0.058132
v 0.168937 0.501166 0.063716
v 0.173185 0.499545 0.067366
v 0.178382 0.496923 0.067687
v 0.182543 0.494300 0.064558
v 0.184079 0.492680 0.059172
v 0.182404 0.492680 0.053588
v 0.178156 0.494300 0.049939
v 0.199000 0.545885 0.044955
v 0.196170 0.547668 0.047083
v 0.195125 0.548770 0.050745
v 0.196265 0.548770 0.054542
v 0.199153 0.547668 0.057024
v 0.202687 0.545885 0.057243
v 0.205517 0.544102 0.055114
v 0.206561 0.542999 0.051453
v 0.205422 0.542999 0.047655
v 0.202534 0.544102 0.045174
f 4993 4994 5004
f 4993 5004 5003
f 4994 4995 5005
f 4994 5005 5004
f 4995 4996 5006
f 4995 5006 5005
f 4996 4997 5007
f 4996 5007 5006
f 4997 4998 5008
f 4997 5008 5007
f 4998 4999 5009
f 4998 5009 5008
f 4999 5000 5010
f 4999 5010 5009
f 5000 5001 5011
f 5000 5011 5010
f 5001 5002 5012
f 5001 5012 5011
f 5002 4993 5003
f 5002 5003 5012
v 0.200843 0.545885 0.051099
v 0.200028 0.544434 0.047459
v 0.198733 0.543228 0.043813
v 0.196637 0.542433 0.040158
v 0.193582 0.542129 0.036490
v 0.189590 0.542305 0.032810
v 0.184863 0.542858 0.029122
v 0.179749 0.543608 0.025428
v 0.174696 0.544328 0.021735
v 0.170182 0.544771 0.018049
v 0.166648 0.544712 0.014375
v 0.164430 0.543980 0.010718
v 0.163708 0.542481 0.007079
v 0.164482 0.540216 0.003460
v 0.166572 0.537277 -0.000144
v 0.169642 0.533836 -0.003734
v 0.173251 0.530118 -0.007318
v 0.176921 0.526370 -0.010902
v 0.180204 0.522820 -0.014490
v 0.182752 0.519646 -0.018087
v 0.184364 0.516952 -0.021696
v 0.185016 0.514749 -0.025318
v 0.184866 0.512957 -0.028949
v 0.184238 0.511410 -0.032586
v 0.185053 0.512861 -0.028947
v 0.186348 0.514067 -0.025301
v 0.188444 0.514862 -0.021645
v 0.191499 0.515166 -0.017977
v 0.195491 0.514990 -0.014298
v 0.200219 0.514437 -0.010609
v 0.205332 0.513687 -0.006915
v 0.210386 0.512967 -0.003222
v 0.214899 0.512524 0.000464
v 0.218433 0.512583 0.004138
v 0.220652 0.513315 0.007795
v 0.221374 0.514814 0.011433
v 0.220599 0.517079 0.015053
v 0.218509 0.520018 0.018656
v 0.215440 0.523459 0.022247
v 0.211830 0.527177 0.025831
v 0.208160 0.530925 0.029414
v 0.204877 0.534475 0.033003
v 0.202329 0.537649 0.036600
v 0.200717 0.540343 0.040209
v 0.200065 0.542546 0.043830
v 0.200215 0.544338 0.047462
f 5013 5014 5015
f 5013 5015 5014
f 5013 5015 5016
f 5013 5016 5015
f 5013 5016 5017
f 5013 5017 5016
f 5013 5017 5018
f 5013 5018 5017
f 5013 5018 5019
f 5013 5019 5018
f 5013 5019 5020
f 5013 5020 5019
f 5013 5020 5021
f 5013 5021 5020
f 5013 5021 5022
f 5013 5022 5021
f 5013 5022 5023
f 5013 5023 5022
f 5013 5023 5024
f 5013 5024 5023
f 5013 5024 5025
f 5013 5025 5024
f 5013 5025 5026
f 5013 5026 5025
f 5013 5026 5027
f 5013 5027 5026
f 5013 5027 5028
f 5013 5028 5027
f 5013 5028 5029
f 5013 5029 5028
f 5013 5029 5030
f 5013 5030 5029
f 5013 5030 5031
f 5013 5031 5030
f 5013 5031 5032
f 5013 5032 5031
f 5013 5032 5033
f 5013 5033 5032
f 5013 5033 5034
f 5013 5034 5033
f 5013 5034 5035
f 5013 5035 5034
f 5013 5035 5036
f 5013 5036 5035
f 5013 5036 5037
f 5013 5037 5036
f 5013 5037 5038
f 5013 5038 5037
f 5013 5038 5039
f 5013 5039 5038
f 5013 5039 5040
f 5013 5040 5039
f 5013 5040 5041
f 5013 5041 5040
f 5013 5041 5042
f 5013 5042 5041
f 5013 5042 5043
f 5013 5043 5042
f 5013 5043 5044
f 5013 5044 5043
f 5013 5044 5045
f 5013 5045 5044
f 5013 5045 5046
f 5013 5046 5045
f 5013 5046 5047
f 5013 5047 5046
f 5013 5047 5048
f 5013 5048 5047
f 5013 5048 5049
f 5013 5049 5048
f 5013 5049 5050
f 5013 5050 5049
f 5013 5050 5051
f 5013 5051 5050
f 5013 5051 5052
f 5013 5052 5051
f 5013 5052 5053
f 5013 5053 5052
f 5013 5053 5054
f 5013 5054 5053
f 5013 5054 5055
f 5013 5055 5054
f 5013 5055 5056
f 5013 5056 5055
f 5013 5056 5057
f 5013 5057 5056
f 5013 5057 5058
f 5013 5058 5057
v 0.200843 0.545885 0.051099
v 0.201167 0.544263 0.054887
v 0.201889 0.542417 0.058555
v 0.203346 0.540160 0.062002
v 0.205741 0.537377 0.065168
v 0.209098 0.534054 0.068044
v 0.213251 0.530286 0.070682
v 0.217864 0.526259 0.073181
v 0.222481 0.522231 0.075679
v 0.226596 0.518484 0.078328
v 0.229735 0.515283 0.081270
v 0.231532 0.512835 0.084615
v 0.231788 0.511251 0.088423
v 0.230503 0.510530 0.092694
v 0.227876 0.510562 0.097368
v 0.224272 0.511141 0.102335
v 0.220168 0.512001 0.107453
v 0.216066 0.512858 0.112570
v 0.212425 0.513459 0.117549
v 0.209580 0.513612 0.122289
v 0.207697 0.513227 0.126739
v 0.206751 0.512316 0.130908
v 0.206541 0.510993 0.134856
v 0.206730 0.509446 0.138685
v 0.206406 0.511068 0.134897
v 0.205684 0.512914 0.131229
v 0.204227 0.515171 0.127781
v 0.201832 0.517954 0.124616
v 0.198475 0.521277 0.121739
v 0.194322 0.525045 0.119102
v 0.189709 0.529072 0.116603
v 0.185092 0.533100 0.114104
v 0.180977 0.536847 0.111456
v 0.177838 0.540048 0.108514
v 0.176041 0.542496 0.105168
v 0.175785 0.544080 0.101360
v 0.177070 0.544800 0.097089
v 0.179697 0.544769 0.092415
v 0.183301 0.544190 0.087448
v 0.187405 0.543330 0.082330
v 0.191507 0.542472 0.077213
v 0.195148 0.541872 0.072234
v 0.197994 0.541719 0.067495
v 0.199876 0.542104 0.063044
v 0.200822 0.543015 0.058875
v 0.201032 0.544338 0.054927
f 5059 5060 5061
f 5059 5061 5060
f 5059 5061 5062
f 5059 5062 5061
f 5059 5062 5063
f 5059 5063 5062
f 5059 5063 5064
f 5059 5064 5063
f 5059 5064 5065
f 5059 5065 5064
f 5059 5065 5066
f 5059 5066 5065
f 5059 5066 5067
f 5059 5067 5066
f 5059 5067 5068
f 5059 5068 5067
f 5059 5068 5069
f 5059 5069 5068
f 5059 5069 5070
f 5059 5070 5069
f 5059 5070 5071
f 5059 5071 5070
f 5059 5071 5072
f 5059 5072 5071
f 5059 5072 5073
f 5059 5073 5072
f 5059 5073 5074
f 5059 5074 5073
f 5059 5074 5075
f 5059 5075 5074
f 5059 5075 5076
f 5059 5076 5075
f 5059 5076 5077
f 5059 5077 5076
f 5059 5077 5078
f 5059 5078 5077
f 5059 5078 5079
f 5059 5079 5078
f 5059 5079 5080
f 5059 5080 5079
f 5059 5080 5081
f 5059 5081 5080
f 5059 5081 5082
f 5059 5082 5081
f 5059 5082 5083
f 5059 5083 5082
f 5059 5083 5084
f 5059 5084 5083
f 5059 5084 5085
f 5059 5085 5084
f 5059 5085 5086
f 5059 5086 5085
f 5059 5086 5087
f 5059 5087 5086
f 5059 5087 5088
f 5059 5088 5087
f 5059 5088 5089
f 5059 5089 5088
f 5059 5089 5090
f 5059 5090 5089
f 5059 5090 5091
f 5059 5091 5090
f 5059 5091 5092
f 5059 5092 5091
f 5059 5092 5093
f 5059 5093 5092
f 5059 5093 5094
f 5059 5094 5093
f 5059 5094 5095
f 5059 5095 5094
f 5059 5095 5096
f 5059 5096 5095
f 5059 5096 5097
f 5059 5097 5096
f 5059 5097 5098
f 5059 5098 5097
f 5059 5098 5099
f 5059 5099 5098
f 5059 5099 5100
f 5059 5100 5099
f 5059 5100 5101
f 5059 5101 5100
f 5059 5101 5102
f 5059 5102 5101
f 5059 5102 5103
f 5059 5103 5102
f 5059 5103 5104
f 5059 5104 5103
v 0.184166 0.496923 0.062752
v 0.184417 0.500410 0.058087
v 0.181327 0.502565 0.053638
v 0.176077 0.502565 0.051104
v 0.170671 0.500410 0.051453
v 0.167175 0.496923 0.054552
v 0.166924 0.493436 0.059217
v 0.170014 0.491280 0.063667
v 0.175264 0.491280 0.066201
v 0.180670 0.493436 0.065851
v 0.165212 0.543095 0.095079
v 0.165383 0.545466 0.091906
v 0.163282 0.546931 0.088881
v 0.159712 0.546931 0.087158
v 0.156036 0.545466 0.087395
v 0.153658 0.543095 0.089502
v 0.153488 0.540723 0.092675
v 0.155589 0.539258 0.095700
v 0.159159 0.539258 0.097424
v 0.162835 0.540723 0.097186
f 5105 5106 5116
f 5105 5116 5115
f 5106 5107 5117
f 5106 5117 5116
f 5107 5108 5118
f 5107 5118 5117
f 5108 5109 5119
f 5108 5119 5118
f 5109 5110 5120
f 5109 5120 5119
f 5110 5111 5121
f 5110 5121 5120
f 5111 5112 5122
f 5111 5122 5121
f 5112 5113 5123
f 5112 5123 5122
f 5113 5114 5124
f 5113 5124 5123
f 5114 5105 5115
f 5114 5115 5124
v 0.159435 0.543095 0.092291
v 0.162344 0.541873 0.093433
v 0.165416 0.540849 0.094383
v 0.168821 0.540227 0.094942
v 0.172680 0.540154 0.094967
v 0.177031 0.540676 0.094414
v 0.181811 0.541714 0.093358
v 0.186859 0.543077 0.091985
v 0.191943 0.544484 0.090570
v 0.196798 0.545613 0.089425
v 0.201166 0.546155 0.088852
v 0.204848 0.545868 0.089085
v 0.207733 0.544618 0.090256
v 0.209821 0.542406 0.092362
v 0.211223 0.539364 0.095276
v 0.212138 0.535735 0.098761
v 0.212823 0.531828 0.102516
v 0.213545 0.527965 0.106229
v 0.214535 0.524427 0.109625
v 0.215954 0.521406 0.112518
v 0.217865 0.518979 0.114834
v 0.220230 0.517101 0.116615
v 0.222928 0.515626 0.118005
v 0.225789 0.514347 0.119203
v 0.222880 0.515568 0.118061
v 0.219809 0.516593 0.117110
v 0.216404 0.517214 0.116551
v 0.212544 0.517287 0.116526
v 0.208193 0.516766 0.117079
v 0.203414 0.515728 0.118136
v 0.198366 0.514365 0.119508
v 0.193281 0.512958 0.120923
v 0.188426 0.511828 0.122068
v 0.184058 0.511286 0.122642
v 0.180376 0.511574 0.122408
v 0.177491 0.512824 0.121238
v 0.175403 0.515036 0.119131
v 0.174002 0.518078 0.116218
v 0.173086 0.521707 0.112733
v 0.172401 0.525614 0.108977
v 0.171679 0.529476 0.105265
v 0.170689 0.533015 0.101868
v 0.169270 0.536035 0.098975
v 0.167360 0.538462 0.096659
v 0.164995 0.540340 0.094878
v 0.162296 0.541816 0.093489
f 5125 5126 5127
f 5125 5127 5126
f 5125 5127 5128
f 5125 5128 5127
f 5125 5128 5129
f 5125 5129 5128
f 5125 5129 5130
f 5125 5130 5129
f 5125 5130 5131
f 5125 5131 5130
f 5125 5131 5132
f 5125 5132 5131
f 5125 5132 5133
f 5125 5133 5132
f 5125 5133 5134
f 5125 5134 5133
f 5125 5134 5135
f 5125 5135 5134
f 5125 5135 5136
f 5125 5136 5135
f 5125 5136 5137
f 5125 5137 5136
f 5125 5137 5138
f 5125 5138 5137
f 5125 5138 5139
f 5125 5139 5138
f 5125 5139 5140
f 5125 5140 5139
f 5125 5140 5141
f 5125 5141 5140
f 5125 5141 5142
f 5125 5142 5141
f 5125 5142 5143
f 5125 5143 5142
f 5125 5143 5144
f 5125 5144 5143
f 5125 5144 5145
f 5125 5145 5144
f 5125 5145 5146
f 5125 5146 5145
f 5125 5146 5147
f 5125 5147 5146
f 5125 5147 5148
f 5125 5148 5147
f 5125 5148 5149
f 5125 5149 5148
f 5125 5149 5150
f 5125 5150 5149
f 5125 5150 5151
f 5125 5151 5150
f 5125 5151 5152
f 5125 5152 5151
f 5125 5152 5153
f 5125 5153 5152
f 5125 5153 5154
f 5125 5154 5153
f 5125 5154 5155
f 5125 5155 5154
f 5125 5155 5156
f 5125 5156 5155
f 5125 5156 5157
f 5125 5157 5156
f 5125 5157 5158
f 5125 5158 5157
f 5125 5158 5159
f 5125 5159 5158
f 5125 5159 5160
f 5125 5160 5159
f 5125 5160 5161
f 5125 5161 5160
f 5125 5161 5162
f 5125 5162 5161
f 5125 5162 5163
f 5125 5163 5162
f 5125 5163 5164
f 5125 5164 5163
f 5125 5164 5165
f 5125 5165 5164
f 5125 5165 5166
f 5125 5166 5165
f 5125 5166 5167
f 5125 5167 5166
f 5125 5167 5168
f 5125 5168 5167
f 5125 5168 5169
f 5125 5169 5168
f 5125 5169 5170
f 5125 5170 5169
v 0.159435 0.543095 0.092291
v 0.156560 0.540999 0.088968
v 0.153329 0.538344 0.086243
v 0.149616 0.534929 0.084328
v 0.145396 0.530716 0.083263
v 0.140734 0.525807 0.082941
v 0.135765 0.520414 0.083135
v 0.130678 0.514836 0.083526
v 0.125690 0.509413 0.083751
v 0.121019 0.504490 0.083444
v 0.116858 0.500368 0.082282
v 0.113349 0.497275 0.080024
v 0.110568 0.495329 0.076543
v 0.108516 0.494530 0.071838
v 0.107116 0.494759 0.066038
v 0.106226 0.495790 0.059382
v 0.105653 0.497321 0.052194
v 0.105178 0.499007 0.044841
v 0.104586 0.500507 0.037685
v 0.103687 0.501524 0.031044
v 0.102345 0.501845 0.025147
v 0.100497 0.501368 0.020099
v 0.098167 0.500131 0.015861
v 0.095481 0.498334 0.012221
v 0.098356 0.500429 0.015544
v 0.101587 0.503084 0.018269
v 0.105301 0.506500 0.020184
v 0.109520 0.510712 0.021249
v 0.114182 0.515622 0.021570
v 0.119151 0.521014 0.021377
v 0.124238 0.526592 0.020986
v 0.129226 0.532015 0.020761
v 0.133897 0.536939 0.021068
v 0.138058 0.541060 0.022230
v 0.141568 0.544153 0.024488
v 0.144348 0.546100 0.027969
v 0.146400 0.546898 0.032674
v 0.147800 0.546669 0.038474
v 0.148690 0.545638 0.045130
v 0.149264 0.544108 0.052317
v 0.149738 0.542421 0.059671
v 0.150330 0.540921 0.066827
v 0.151230 0.539904 0.073468
v 0.152571 0.539584 0.079365
v 0.154419 0.540060 0.084413
v 0.156749 0.541297 0.088650
f 5171 5172 5173
f 5171 5173 5172
f 5171 5173 5174
f 5171 5174 5173
f 5171 5174 5175
f 5171 5175 5174
f 5171 5175 5176
f 5171 5176 5175
f 5171 5176 5177
f 5171 5177 5176
f 5171 5177 5178
f 5171 5178 5177
f 5171 5178 5179
f 5171 5179 5178
f 5171 5179 5180
f 5171 5180 5179
f 5171 5180 5181
f 5171 5181 5180
f 5171 5181 5182
f 5171 5182 5181
f 5171 5182 5183
f 5171 5183 5182
f 5171 5183 5184
f 5171 5184 5183
f 5171 5184 5185
f 5171 5185 5184
f 5171 5185 5186
f 5171 5186 5185
f 5171 5186 5187
f 5171 5187 5186
f 5171 5187 5188
f 5171 5188 5187
f 5171 5188 5189
f 5171 5189 5188
f 5171 5189 5190
f 5171 5190 5189
f 5171 5190 5191
f 5171 5191 5190
f 5171 5191 5192
f 5171 5192 5191
f 5171 5192 5193
f 5171 5193 5192
f 5171 5193 5194
f 5171 5194 5193
f 5171 5194 5195
f 5171 5195 5194
f 5171 5195 5196
f 5171 5196 5195
f 5171 5196 5197
f 5171 5197 5196
f 5171 5197 5198
f 5171 5198 5197
f 5171 5198 5199
f 5171 5199 5198
f 5171 5199 5200
f 5171 5200 5199
f 5171 5200 5201
f 5171 5201 5200
f 5171 5201 5202
f 5171 5202 5201
f 5171 5202 5203
f 5171 5203 5202
f 5171 5203 5204
f 5171 5204 5203
f 5171 5204 5205
f 5171 5205 5204
f 5171 5205 5206
f 5171 5206 5205
f 5171 5206 5207
f 5171 5207 5206
f 5171 5207 5208
f 5171 5208 5207
f 5171 5208 5209
f 5171 5209 5208
f 5171 5209 5210
f 5171 5210 5209
f 5171 5210 5211
f 5171 5211 5210
f 5171 5211 5212
f 5171 5212 5211
f 5171 5212 5213
f 5171 5213 5212
f 5171 5213 5214
f 5171 5214 5213
f 5171 5214 5215
f 5171 5215 5214
f 5171 5215 5216
f 5171 5216 5215
v -0.020228 0.300000 -0.002640
v -0.017442 0.308635 0.006114
v -0.007993 0.313972 0.012532
v 0.004509 0.313972 0.014164
v 0.015289 0.308635 0.010385
v 0.020228 0.300000 0.002640
v 0.017442 0.291365 -0.006114
v 0.007993 0.286028 -0.012532
v -0.004509 0.286028 -0.014164
v -0.015289 0.291365 -0.010385
v 0.004188 0.433605 -0.139301
v 0.006083 0.439477 -0.133348
v 0.012509 0.443106 -0.128984
v 0.021010 0.443106 -0.127874
v 0.028340 0.439477 -0.130444
v 0.031699 0.433605 -0.135711
v 0.029804 0.427733 -0.141663
v 0.023379 0.424104 -0.146028
v 0.014878 0.424104 -0.147137
v 0.007547 0.427733 -0.144568
f 5217 5218 5228
f 5217 5228 5227
f 5218 5219 5229
f 5218 5229 5228
f 5219 5220 5230
f 5219 5230 5229
f 5220 5221 5231
f 5220 5231 5230
f 5221 5222 5232
f 5221 5232 5231
f 5222 5223 5233
f 5222 5233 5232
f 5223 5224 5234
f 5223 5234 5233
f 5224 5225 5235
f 5224 5235 5234
f 5225 5226 5236
f 5225 5236 5235
f 5226 5217 5227
f 5226 5227 5236
v 0.004135 0.433605 -0.138827
v 0.006619 0.441599 -0.136973
v 0.013429 0.446539 -0.135323
v 0.021963 0.446539 -0.134507
v 0.028962 0.441599 -0.134836
v 0.031753 0.433605 -0.136185
v 0.029269 0.425611 -0.138038
v 0.022459 0.420671 -0.139688
v 0.013924 0.420671 -0.140504
v 0.006925 0.425611 -0.140175
v 0.020073 0.457943 -0.258817
v 0.021762 0.463379 -0.257557
v 0.026393 0.466738 -0.256435
v 0.032196 0.466738 -0.255880
v 0.036955 0.463379 -0.256103
v 0.038853 0.457943 -0.257021
v 0.037164 0.452508 -0.258281
v 0.032533 0.449148 -0.259403
v 0.026730 0.449148 -0.259958
v 0.021970 0.452508 -0.259734
f 5237 5238 5248
f 5237 5248 5247
f 5238 5239 5249
f 5238 5249 5248
f 5239 5240 5250
f 5239 5250 5249
f 5240 5241 5251
f 5240 5251 5250
f 5241 5242 5252
f 5241 5252 5251
f 5242 5243 5253
f 5242 5253 5252
f 5243 5244 5254
f 5243 5254 5253
f 5244 5245 5255
f 5244 5255 5254
f 5245 5246 5256
f 5245 5256 5255
f 5246 5237 5247
f 5246 5247 5256
v 0.029463 0.457943 -0.257919
v 0.024867 0.458230 -0.256160
v 0.020341 0.459102 -0.254277
v 0.015940 0.461012 -0.252172
v 0.011693 0.464211 -0.249791
v 0.007603 0.468707 -0.247134
v 0.003638 0.474255 -0.244252
v -0.000256 0.480388 -0.241244
v -0.004154 0.486491 -0.238244
v -0.008137 0.491890 -0.235393
v -0.012279 0.495957 -0.232827
v -0.016639 0.498213 -0.230649
v -0.021247 0.498395 -0.228912
v -0.026105 0.496504 -0.227619
v -0.031179 0.492801 -0.226713
v -0.036414 0.487767 -0.226091
v -0.041733 0.482028 -0.225620
v -0.047055 0.476259 -0.225155
v -0.052308 0.471076 -0.224565
v -0.057434 0.466944 -0.223750
v -0.062405 0.464109 -0.222659
v -0.067220 0.462564 -0.221292
v -0.071912 0.462057 -0.219703
v -0.076533 0.462134 -0.217989
v -0.071937 0.461847 -0.219748
v -0.067411 0.460975 -0.221631
v -0.063010 0.459066 -0.223736
v -0.058763 0.455866 -0.226117
v -0.054673 0.451370 -0.228774
v -0.050708 0.445822 -0.231656
v -0.046814 0.439689 -0.234664
v -0.042916 0.433586 -0.237664
v -0.038933 0.428188 -0.240515
v -0.034791 0.424120 -0.243081
v -0.030431 0.421864 -0.245260
v -0.025823 0.421682 -0.246996
v -0.020965 0.423573 -0.248289
v -0.015891 0.427277 -0.249195
v -0.010656 0.432311 -0.249817
v -0.005337 0.438049 -0.250288
v -0.000015 0.443818 -0.250753
v 0.005238 0.449001 -0.251343
v 0.010364 0.453133 -0.252158
v 0.015335 0.455968 -0.253249
v 0.020150 0.457513 -0.254616
v 0.024842 0.458021 -0.256205
f 5257 5258 5259
f 5257 5259 5258
f 5257 5259 5260
f 5257 5260 5259
f 5257 5260 5261
f 5257 5261 5260
f 5257 5261 5262
f 5257 5262 5261
f 5257 5262 5263
f 5257 5263 5262
f 5257 5263 5264
f 5257 5264 5263
f 5257 5264 5265
f 5257 5265 5264
f 5257 5265 5266
f 5257 5266 5265
f 5257 5266 5267
f 5257 5267 5266
f 5257 5267 5268
f 5257 5268 5267
f 5257 5268 5269
f 5257 5269 5268
f 5257 5269 5270
f 5257 5270 5269
f 5257 5270 5271
f 5257 5271 5270
f 5257 5271 5272
f 5257 5272 5271
f 5257 5272 5273
f 5257 5273 5272
f 5257 5273 5274
f 5257 5274 5273
f 5257 5274 5275
f 5257 5275 5274
f 5257 5275 5276
f 5257 5276 5275
f 5257 5276 5277
f 5257 5277 5276
f 5257 5277 5278
f 5257 5278 5277
f 5257 5278 5279
f 5257 5279 5278
f 5257 5279 5280
f 5257 5280 5279
f 5257 5280 5281
f 5257 5281 5280
f 5257 5281 5282
f 5257 5282 5281
f 5257 5282 5283
f 5257 5283 5282
f 5257 5283 5284
f 5257 5284 5283
f 5257 5284 5285
f 5257 5285 5284
f 5257 5285 5286
f 5257 5286 5285
f 5257 5286 5287
f 5257 5287 5286
f 5257 5287 5288
f 5257 5288 5287
f 5257 5288 5289
f 5257 5289 5288
f 5257 5289 5290
f 5257 5290 5289
f 5257 5290 5291
f 5257 5291 5290
f 5257 5291 5292
f 5257 5292 5291
f 5257 5292 5293
f 5257 5293 5292
f 5257 5293 5294
f 5257 5294 5293
f 5257 5294 5295
f 5257 5295 5294
f 5257 5295 5296
f 5257 5296 5295
f 5257 5296 5297
f 5257 5297 5296
f 5257 5297 5298
f 5257 5298 5297
f 5257 5298 5299
f 5257 5299 5298
f 5257 5299 5300
f 5257 5300 5299
f 5257 5300 5301
f 5257 5301 5300
f 5257 5301 5302
f 5257 5302 5301
v 0.029463 0.457943 -0.257919
v 0.032863 0.461487 -0.255594
v 0.036608 0.464727 -0.253298
v 0.041104 0.467305 -0.251064
v 0.046666 0.468943 -0.248918
v 0.053418 0.469530 -0.246871
v 0.061239 0.469174 -0.244911
v 0.069761 0.468200 -0.243010
v 0.078423 0.467103 -0.241120
v 0.086565 0.466464 -0.239188
v 0.093543 0.466852 -0.237159
v 0.098850 0.468715 -0.234992
v 0.102205 0.472299 -0.232663
v 0.103607 0.477606 -0.230174
v 0.103338 0.484387 -0.227546
v 0.101905 0.492195 -0.224822
v 0.099952 0.500461 -0.222055
v 0.098139 0.508605 -0.219300
v 0.097027 0.516129 -0.216602
v 0.096983 0.522711 -0.213993
v 0.098131 0.528243 -0.211482
v 0.100344 0.532834 -0.209060
v 0.103308 0.536763 -0.206699
v 0.106617 0.540388 -0.204367
v 0.103216 0.536844 -0.206691
v 0.099471 0.533604 -0.208987
v 0.094976 0.531026 -0.211222
v 0.089414 0.529389 -0.213367
v 0.082662 0.528801 -0.215415
v 0.074841 0.529157 -0.217374
v 0.066318 0.530131 -0.219276
v 0.057656 0.531229 -0.221165
v 0.049514 0.531867 -0.223098
v 0.042536 0.531479 -0.225127
v 0.037230 0.529617 -0.227294
v 0.033875 0.526032 -0.229622
v 0.032473 0.520726 -0.232112
v 0.032742 0.513944 -0.234740
v 0.034175 0.506137 -0.237464
v 0.036128 0.497870 -0.240231
v 0.037941 0.489727 -0.242986
v 0.039053 0.482202 -0.245684
v 0.039096 0.475620 -0.248293
v 0.037949 0.470088 -0.250803
v 0.035735 0.465498 -0.253226
v 0.032771 0.461568 -0.255587
f 5303 5304 5305
f 5303 5305 5304
f 5303 5305 5306
f 5303 5306 5305
f 5303 5306 5307
f 5303 5307 5306
f 5303 5307 5308
f 5303 5308 5307
f 5303 5308 5309
f 5303 5309 5308
f 5303 5309 5310
f 5303 5310 5309
f 5303 5310 5311
f 5303 5311 5310
f 5303 5311 5312
f 5303 5312 5311
f 5303 5312 5313
f 5303 5313 5312
f 5303 5313 5314
f 5303 5314 5313
f 5303 5314 5315
f 5303 5315 5314
f 5303 5315 5316
f 5303 5316 5315
f 5303 5316 5317
f 5303 5317 5316
f 5303 5317 5318
f 5303 5318 5317
f 5303 5318 5319
f 5303 5319 5318
f 5303 5319 5320
f 5303 5320 5319
f 5303 5320 5321
f 5303 5321 5320
f 5303 5321 5322
f 5303 5322 5321
f 5303 5322 5323
f 5303 5323 5322
f 5303 5323 5324
f 5303 5324 5323
f 5303 5324 5325
f 5303 5325 5324
f 5303 5325 5326
f 5303 5326 5325
f 5303 5326 5327
f 5303 5327 5326
f 5303 5327 5328
f 5303 5328 5327
f 5303 5328 5329
f 5303 5329 5328
f 5303 5329 5330
f 5303 5330 5329
f 5303 5330 5331
f 5303 5331 5330
f 5303 5331 5332
f 5303 5332 5331
f 5303 5332 5333
f 5303 5333 5332
f 5303 5333 5334
f 5303 5334 5333
f 5303 5334 5335
f 5303 5335 5334
f 5303 5335 5336
f 5303 5336 5335
f 5303 5336 5337
f 5303 5337 5336
f 5303 5337 5338
f 5303 5338 5337
f 5303 5338 5339
f 5303 5339 5338
f 5303 5339 5340
f 5303 5340 5339
f 5303 5340 5341
f 5303 5341 5340
f 5303 5341 5342
f 5303 5342 5341
f 5303 5342 5343
f 5303 5343 5342
f 5303 5343 5344
f 5303 5344 5343
f 5303 5344 5345
f 5303 5345 5344
f 5303 5345 5346
f 5303 5346 5345
f 5303 5346 5347
f 5303 5347 5346
f 5303 5347 5348
f 5303 5348 5347
v 0.029463 0.457943 -0.257919
v 0.031796 0.455384 -0.256413
v 0.033743 0.452359 -0.255038
v 0.035120 0.448650 -0.253856
v 0.035871 0.444187 -0.252887
v 0.036049 0.439036 -0.252111
v 0.035810 0.433383 -0.251477
v 0.035385 0.427507 -0.250905
v 0.035052 0.421741 -0.250303
v 0.035095 0.416428 -0.249573
v 0.035770 0.411875 -0.248629
v 0.037269 0.408312 -0.247406
v 0.039694 0.405862 -0.245869
v 0.043045 0.404526 -0.244019
v 0.047220 0.404180 -0.241889
v 0.052026 0.404594 -0.239546
v 0.057209 0.405460 -0.237075
v 0.062484 0.406437 -0.234574
v 0.067573 0.407191 -0.232135
v 0.072245 0.407443 -0.229837
v 0.076344 0.407007 -0.227733
v 0.079816 0.405816 -0.225842
v 0.082719 0.403942 -0.224143
v 0.085236 0.401602 -0.222575
v 0.082902 0.404162 -0.224081
v 0.080956 0.407186 -0.225456
v 0.079578 0.410895 -0.226638
v 0.078828 0.415358 -0.227607
v 0.078650 0.420509 -0.228383
v 0.078889 0.426162 -0.229017
v 0.079314 0.432038 -0.229589
v 0.079647 0.437804 -0.230191
v 0.079603 0.443117 -0.230921
v 0.078928 0.447671 -0.231865
v 0.077429 0.451234 -0.233089
v 0.075004 0.453683 -0.234625
v 0.071653 0.455020 -0.236476
v 0.067479 0.455366 -0.238605
v 0.062672 0.454952 -0.240948
v 0.057489 0.454085 -0.243419
v 0.052215 0.453108 -0.245921
v 0.047126 0.452354 -0.248360
v 0.042454 0.452102 -0.250657
v 0.038354 0.452539 -0.252761
v 0.034882 0.453729 -0.254653
v 0.031979 0.455603 -0.256351
f 5349 5350 5351
f 5349 5351 5350
f 5349 5351 5352
f 5349 5352 5351
f 5349 5352 5353
f 5349 5353 5352
f 5349 5353 5354
f 5349 5354 5353
f 5349 5354 5355
f 5349 5355 5354
f 5349 5355 5356
f 5349 5356 5355
f 5349 5356 5357
f 5349 5357 5356
f 5349 5357 5358
f 5349 5358 5357
f 5349 5358 5359
f 5349 5359 5358
f 5349 5359 5360
f 5349 5360 5359
f 5349 5360 5361
f 5349 5361 5360
f 5349 5361 5362
f 5349 5362 5361
f 5349 5362 5363
f 5349 5363 5362
f 5349 5363 5364
f 5349 5364 5363
f 5349 5364 5365
f 5349 5365 5364
f 5349 5365 5366
f 5349 5366 5365
f 5349 5366 5367
f 5349 5367 5366
f 5349 5367 5368
f 5349 5368 5367
f 5349 5368 5369
f 5349 5369 5368
f 5349 5369 5370
f 5349 5370 5369
f 5349 5370 5371
f 5349 5371 5370
f 5349 5371 5372
f 5349 5372 5371
f 5349 5372 5373
f 5349 5373 5372
f 5349 5373 5374
f 5349 5374 5373
f 5349 5374 5375
f 5349 5375 5374
f 5349 5375 5376
f 5349 5376 5375
f 5349 5376 5377
f 5349 5377 5376
f 5349 5377 5378
f 5349 5378 5377
f 5349 5378 5379
f 5349 5379 5378
f 5349 5379 5380
f 5349 5380 5379
f 5349 5380 5381
f 5349 5381 5380
f 5349 5381 5382
f 5349 5382 5381
f 5349 5382 5383
f 5349 5383 5382
f 5349 5383 5384
f 5349 5384 5383
f 5349 5384 5385
f 5349 5385 5384
f 5349 5385 5386
f 5349 5386 5385
f 5349 5386 5387
f 5349 5387 5386
f 5349 5387 5388
f 5349 5388 5387
f 5349 5388 5389
f 5349 5389 5388
f 5349 5389 5390
f 5349 5390 5389
f 5349 5390 5391
f 5349 5391 5390
f 5349 5391 5392
f 5349 5392 5391
f 5349 5392 5393
f 5349 5393 5392
f 5349 5393 5394
f 5349 5394 5393
v 0.020210 0.457943 -0.259755
v 0.022607 0.462446 -0.262577
v 0.027623 0.465230 -0.263620
v 0.033341 0.465230 -0.262485
v 0.037578 0.462446 -0.259606
v 0.038715 0.457943 -0.256082
v 0.036318 0.453440 -0.253260
v 0.031303 0.450657 -0.252218
v 0.025585 0.450657 -0.253353
v 0.021348 0.453440 -0.256232
v 0.035351 0.413003 -0.320532
v 0.036981 0.416065 -0.322451
v 0.040391 0.417958 -0.323160
v 0.044280 0.417958 -0.322388
v 0.047161 0.416065 -0.320431
v 0.047934 0.413003 -0.318035
v 0.046304 0.409941 -0.316116
v 0.042894 0.408049 -0.315407
v 0.039005 0.408049 -0.316178
v 0.036124 0.409941 -0.318136
f 5395 5396 5406
f 5395 5406 5405
f 5396 5397 5407
f 5396 5407 5406
f 5397 5398 5408
f 5397 5408 5407
f 5398 5399 5409
f 5398 5409 5408
f 5399 5400 5410
f 5399 5410 5409
f 5400 5401 5411
f 5400 5411 5410
f 5401 5402 5412
f 5401 5412 5411
f 5402 5403 5413
f 5402 5413 5412
f 5403 5404 5414
f 5403 5414 5413
f 5404 5395 5405
f 5404 5405 5414
v 0.041643 0.413003 -0.319283
v 0.037439 0.414083 -0.319561
v 0.033376 0.415703 -0.320206
v 0.029526 0.418152 -0.321417
v 0.025920 0.421541 -0.323267
v 0.022540 0.425809 -0.325716
v 0.019330 0.430734 -0.328613
v 0.016201 0.435970 -0.331721
v 0.013042 0.441095 -0.334754
v 0.009742 0.445668 -0.337411
v 0.006195 0.449291 -0.339420
v 0.002326 0.451663 -0.340578
v -0.001908 0.452623 -0.340774
v -0.006507 0.452171 -0.340009
v -0.011429 0.450468 -0.338391
v -0.016596 0.447816 -0.336127
v -0.021906 0.444611 -0.333487
v -0.027244 0.441295 -0.330770
v -0.032503 0.438290 -0.328266
v -0.037591 0.435943 -0.326210
v -0.042453 0.434473 -0.324751
v -0.047071 0.433945 -0.323933
v -0.051476 0.434245 -0.323680
v -0.055741 0.435086 -0.323795
v -0.051538 0.434006 -0.323518
v -0.047474 0.432387 -0.322872
v -0.043624 0.429937 -0.321662
v -0.040018 0.426548 -0.319811
v -0.036638 0.422280 -0.317362
v -0.033428 0.417355 -0.314466
v -0.030299 0.412119 -0.311357
v -0.027141 0.406994 -0.308324
v -0.023840 0.402421 -0.305668
v -0.020294 0.398799 -0.303658
v -0.016424 0.396427 -0.302501
v -0.012190 0.395467 -0.302304
v -0.007591 0.395918 -0.303070
v -0.002670 0.397621 -0.304687
v 0.002498 0.400273 -0.306951
v 0.007808 0.403478 -0.309592
v 0.013146 0.406794 -0.312308
v 0.018404 0.409799 -0.314812
v 0.023493 0.412146 -0.316869
v 0.028354 0.413616 -0.318327
v 0.032973 0.414145 -0.319145
v 0.037378 0.413844 -0.319398
f 5415 5416 5417
f 5415 5417 5416
f 5415 5417 5418
f 5415 5418 5417
f 5415 5418 5419
f 5415 5419 5418
f 5415 5419 5420
f 5415 5420 5419
f 5415 5420 5421
f 5415 5421 5420
f 5415 5421 5422
f 5415 5422 5421
f 5415 5422 5423
f 5415 5423 5422
f 5415 5423 5424
f 5415 5424 5423
f 5415 5424 5425
f 5415 5425 5424
f 5415 5425 5426
f 5415 5426 5425
f 5415 5426 5427
f 5415 5427 5426
f 5415 5427 5428
f 5415 5428 5427
f 5415 5428 5429
f 5415 5429 5428
f 5415 5429 5430
f 5415 5430 5429
f 5415 5430 5431
f 5415 5431 5430
f 5415 5431 5432
f 5415 5432 5431
f 5415 5432 5433
f 5415 5433 5432
f 5415 5433 5434
f 5415 5434 5433
f 5415 5434 5435
f 5415 5435 5434
f 5415 5435 5436
f 5415 5436 5435
f 5415 5436 5437
f 5415 5437 5436
f 5415 5437 5438
f 5415 5438 5437
f 5415 5438 5439
f 5415 5439 5438
f 5415 5439 5440
f 5415 5440 5439
f 5415 5440 5441
f 5415 5441 5440
f 5415 5441 5442
f 5415 5442 5441
f 5415 5442 5443
f 5415 5443 5442
f 5415 5443 5444
f 5415 5444 5443
f 5415 5444 5445
f 5415 5445 5444
f 5415 5445 5446
f 5415 5446 5445
f 5415 5446 5447
f 5415 5447 5446
f 5415 5447 5448
f 5415 5448 5447
f 5415 5448 5449
f 5415 5449 5448
f 5415 5449 5450
f 5415 5450 5449
f 5415 5450 5451
f 5415 5451 5450
f 5415 5451 5452
f 5415 5452 5451
f 5415 5452 5453
f 5415 5453 5452
f 5415 5453 5454
f 5415 5454 5453
f 5415 5454 5455
f 5415 5455 5454
f 5415 5455 5456
f 5415 5456 5455
f 5415 5456 5457
f 5415 5457 5456
f 5415 5457 5458
f 5415 5458 5457
f 5415 5458 5459
f 5415 5459 5458
f 5415 5459 5460
f 5415 5460 5459
v 0.041643 0.413003 -0.319283
v 0.045193 0.412813 -0.316192
v 0.048463 0.412108 -0.312779
v 0.051278 0.410570 -0.308847
v 0.053559 0.408057 -0.304306
v 0.055329 0.404609 -0.299182
v 0.056706 0.400439 -0.293608
v 0.057883 0.395905 -0.287806
v 0.059106 0.391455 -0.282057
v 0.060633 0.387563 -0.276656
v 0.062703 0.384662 -0.271873
v 0.065493 0.383080 -0.267913
v 0.069102 0.382996 -0.264887
v 0.073529 0.384408 -0.262796
v 0.078677 0.387140 -0.261527
v 0.084367 0.390863 -0.260877
v 0.090361 0.395144 -0.260575
v 0.096402 0.399509 -0.260325
v 0.102243 0.403509 -0.259848
v 0.107690 0.406788 -0.258921
v 0.112626 0.409132 -0.257410
v 0.117029 0.410501 -0.255291
v 0.120977 0.411037 -0.252653
v 0.124643 0.411058 -0.249693
v 0.121092 0.411249 -0.252784
v 0.117822 0.411954 -0.256197
v 0.115008 0.413492 -0.260130
v 0.112726 0.416005 -0.264670
v 0.110956 0.419453 -0.269795
v 0.109580 0.423622 -0.275369
v 0.108403 0.428156 -0.281170
v 0.107180 0.432607 -0.286920
v 0.105652 0.436499 -0.292321
v 0.103583 0.439400 -0.297104
v 0.100792 0.440982 -0.301063
v 0.097183 0.441066 -0.304089
v 0.092757 0.439654 -0.306181
v 0.087608 0.436922 -0.307449
v 0.081919 0.433198 -0.308099
v 0.075924 0.428917 -0.308401
v 0.069884 0.424553 -0.308651
v 0.064043 0.420552 -0.309128
v 0.058596 0.417273 -0.310056
v 0.053660 0.414929 -0.311566
v 0.049257 0.413561 -0.313685
v 0.045309 0.413024 -0.316324
f 5461 5462 5463
f 5461 5463 5462
f 5461 5463 5464
f 5461 5464 5463
f 5461 5464 5465
f 5461 5465 5464
f 5461 5465 5466
f 5461 5466 5465
f 5461 5466 5467
f 5461 5467 5466
f 5461 5467 5468
f 5461 5468 5467
f 5461 5468 5469
f 5461 5469 5468
f 5461 5469 5470
f 5461 5470 5469
f 5461 5470 5471
f 5461 5471 5470
f 5461 5471 5472
f 5461 5472 5471
f 5461 5472 5473
f 5461 5473 5472
f 5461 5473 5474
f 5461 5474 5473
f 5461 5474 5475
f 5461 5475 5474
f 5461 5475 5476
f 5461 5476 5475
f 5461 5476 5477
f 5461 5477 5476
f 5461 5477 5478
f 5461 5478 5477
f 5461 5478 5479
f 5461 5479 5478
f 5461 5479 5480
f 5461 5480 5479
f 5461 5480 5481
f 5461 5481 5480
f 5461 5481 5482
f 5461 5482 5481
f 5461 5482 5483
f 5461 5483 5482
f 5461 5483 5484
f 5461 5484 5483
f 5461 5484 5485
f 5461 5485 5484
f 5461 5485 5486
f 5461 5486 5485
f 5461 5486 5487
f 5461 5487 5486
f 5461 5487 5488
f 5461 5488 5487
f 5461 5488 5489
f 5461 5489 5488
f 5461 5489 5490
f 5461 5490 5489
f 5461 5490 5491
f 5461 5491 5490
f 5461 5491 5492
f 5461 5492 5491
f 5461 5492 5493
f 5461 5493 5492
f 5461 5493 5494
f 5461 5494 5493
f 5461 5494 5495
f 5461 5495 5494
f 5461 5495 5496
f 5461 5496 5495
f 5461 5496 5497
f 5461 5497 5496
f 5461 5497 5498
f 5461 5498 5497
f 5461 5498 5499
f 5461 5499 5498
f 5461 5499 5500
f 5461 5500 5499
f 5461 5500 5501
f 5461 5501 5500
f 5461 5501 5502
f 5461 5502 5501
f 5461 5502 5503
f 5461 5503 5502
f 5461 5503 5504
f 5461 5504 5503
f 5461 5504 5505
f 5461 5505 5504
f 5461 5505 5506
f 5461 5506 5505
v 0.020957 0.457943 -0.253840
v 0.023812 0.462702 -0.252054
v 0.028825 0.465644 -0.252508
v 0.034082 0.465644 -0.255029
v 0.037574 0.462702 -0.258654
v 0.037968 0.457943 -0.261998
v 0.035113 0.453184 -0.263784
v 0.030100 0.450243 -0.263330
v 0.024844 0.450243 -0.260809
v 0.021352 0.453184 -0.257184
v -0.005010 0.497601 -0.314964
v -0.003069 0.500838 -0.313750
v 0.000340 0.502838 -0.314058
v 0.003914 0.502838 -0.315773
v 0.006289 0.500838 -0.318238
v 0.006557 0.497601 -0.320512
v 0.004616 0.494365 -0.321726
v 0.001207 0.492365 -0.321417
v -0.002368 0.492365 -0.319703
v -0.004742 0.494365 -0.317238
f 5507 5508 5518
f 5507 5518 5517
f 5508 5509 5519
f 5508 5519 5518
f 5509 5510 5520
f 5509 5520 5519
f 5510 5511 5521
f 5510 5521 5520
f 5511 5512 5522
f 5511 5522 5521
f 5512 5513 5523
f 5512 5523 5522
f 5513 5514 5524
f 5513 5524 5523
f 5514 5515 5525
f 5514 5525 5524
f 5515 5516 5526
f 5515 5526 5525
f 5516 5507 5517
f 5516 5517 5526
v 0.000773 0.497601 -0.317738
v -0.002245 0.495772 -0.315603
v -0.005300 0.494257 -0.313242
v -0.008433 0.493388 -0.310417
v -0.011672 0.493402 -0.306954
v -0.015025 0.494374 -0.302801
v -0.018478 0.496183 -0.298046
v -0.021995 0.498518 -0.292911
v -0.025520 0.500929 -0.287723
v -0.028992 0.502893 -0.282855
v -0.032351 0.503911 -0.278670
v -0.035549 0.503591 -0.275448
v -0.038562 0.501716 -0.273347
v -0.041388 0.498287 -0.272364
v -0.044054 0.493520 -0.272346
v -0.046607 0.487806 -0.273010
v -0.049107 0.481646 -0.273995
v -0.051615 0.475561 -0.274926
v -0.054187 0.470003 -0.275478
v -0.056858 0.465281 -0.275427
v -0.059645 0.461518 -0.274686
v -0.062537 0.458638 -0.273308
v -0.065506 0.456404 -0.271466
v -0.068513 0.454484 -0.269396
v -0.065496 0.456313 -0.271531
v -0.062440 0.457828 -0.273892
v -0.059307 0.458697 -0.276718
v -0.056069 0.458683 -0.280180
v -0.052715 0.457711 -0.284333
v -0.049262 0.455902 -0.289088
v -0.045746 0.453567 -0.294223
v -0.042220 0.451156 -0.299412
v -0.038748 0.449192 -0.304279
v -0.035389 0.448174 -0.308465
v -0.032191 0.448494 -0.311686
v -0.029178 0.450369 -0.313788
v -0.026352 0.453798 -0.314770
v -0.023686 0.458565 -0.314788
v -0.021133 0.464279 -0.314124
v -0.018633 0.470439 -0.313139
v -0.016125 0.476524 -0.312208
v -0.013553 0.482082 -0.311656
v -0.010882 0.486803 -0.311707
v -0.008095 0.490567 -0.312449
v -0.005203 0.493447 -0.313826
v -0.002234 0.495681 -0.315669
f 5527 5528 5529
f 5527 5529 5528
f 5527 5529 5530
f 5527 5530 5529
f 5527 5530 5531
f 5527 5531 5530
f 5527 5531 5532
f 5527 5532 5531
f 5527 5532 5533
f 5527 5533 5532
f 5527 5533 5534
f 5527 5534 5533
f 5527 5534 5535
f 5527 5535 5534
f 5527 5535 5536
f 5527 5536 5535
f 5527 5536 5537
f 5527 5537 5536
f 5527 5537 5538
f 5527 5538 5537
f 5527 5538 5539
f 5527 5539 5538
f 5527 5539 5540
f 5527 5540 5539
f 5527 5540 5541
f 5527 5541 5540
f 5527 5541 5542
f 5527 5542 5541
f 5527 5542 5543
f 5527 5543 5542
f 5527 5543 5544
f 5527 5544 5543
f 5527 5544 5545
f 5527 5545 5544
f 5527 5545 5546
f 5527 5546 5545
f 5527 5546 5547
f 5527 5547 5546
f 5527 5547 5548
f 5527 5548 5547
f 5527 5548 5549
f 5527 5549 5548
f 5527 5549 5550
f 5527 5550 5549
f 5527 5550 5551
f 5527 5551 5550
f 5527 5551 5552
f 5527 5552 5551
f 5527 5552 5553
f 5527 5553 5552
f 5527 5553 5554
f 5527 5554 5553
f 5527 5554 5555
f 5527 5555 5554
f 5527 5555 5556
f 5527 5556 5555
f 5527 5556 5557
f 5527 5557 5556
f 5527 5557 5558
f 5527 5558 5557
f 5527 5558 5559
f 5527 5559 5558
f 5527 5559 5560
f 5527 5560 5559
f 5527 5560 5561
f 5527 5561 5560
f 5527 5561 5562
f 5527 5562 5561
f 5527 5562 5563
f 5527 5563 5562
f 5527 5563 5564
f 5527 5564 5563
f 5527 5564 5565
f 5527 5565 5564
f 5527 5565 5566
f 5527 5566 5565
f 5527 5566 5567
f 5527 5567 5566
f 5527 5567 5568
f 5527 5568 5567
f 5527 5568 5569
f 5527 5569 5568
f 5527 5569 5570
f 5527 5570 5569
f 5527 5570 5571
f 5527 5571 5570
f 5527 5571 5572
f 5527 5572 5571
v 0.000773 0.497601 -0.317738
v 0.004083 0.500611 -0.316019
v 0.007673 0.503457 -0.314543
v 0.011874 0.505949 -0.313595
v 0.016945 0.507936 -0.313400
v 0.022989 0.509358 -0.314044
v 0.029906 0.510274 -0.315444
v 0.037396 0.510857 -0.317339
v 0.045002 0.511373 -0.319333
v 0.052183 0.512135 -0.320962
v 0.058415 0.513449 -0.321769
v 0.063282 0.515554 -0.321396
v 0.066554 0.518585 -0.319645
v 0.068231 0.522541 -0.316516
v 0.068544 0.527290 -0.312207
v 0.067906 0.532589 -0.307077
v 0.066845 0.538135 -0.301581
v 0.065899 0.543614 -0.296184
v 0.065526 0.548760 -0.291283
v 0.066027 0.553399 -0.287137
v 0.067500 0.557474 -0.283831
v 0.069843 0.561044 -0.281277
v 0.072797 0.564259 -0.279251
v 0.076032 0.567312 -0.277468
v 0.072722 0.564302 -0.279187
v 0.069132 0.561456 -0.280663
v 0.064931 0.558964 -0.281611
v 0.059860 0.556978 -0.281806
v 0.053816 0.555555 -0.281162
v 0.046899 0.554639 -0.279763
v 0.039409 0.554056 -0.277867
v 0.031803 0.553540 -0.275873
v 0.024622 0.552778 -0.274244
v 0.018390 0.551464 -0.273437
v 0.013523 0.549359 -0.273810
v 0.010251 0.546328 -0.275561
v 0.008573 0.542372 -0.278690
v 0.008261 0.537623 -0.282999
v 0.008898 0.532324 -0.288129
v 0.009960 0.526778 -0.293625
v 0.010906 0.521299 -0.299022
v 0.011279 0.516153 -0.303923
v 0.010778 0.511514 -0.308069
v 0.009305 0.507439 -0.311375
v 0.006962 0.503869 -0.313929
v 0.004008 0.500654 -0.315955
f 5573 5574 5575
f 5573 5575 5574
f 5573 5575 5576
f 5573 5576 5575
f 5573 5576 5577
f 5573 5577 5576
f 5573 5577 5578
f 5573 5578 5577
f 5573 5578 5579
f 5573 5579 5578
f 5573 5579 5580
f 5573 5580 5579
f 5573 5580 5581
f 5573 5581 5580
f 5573 5581 5582
f 5573 5582 5581
f 5573 5582 5583
f 5573 5583 5582
f 5573 5583 5584
f 5573 5584 5583
f 5573 5584 5585
f 5573 5585 5584
f 5573 5585 5586
f 5573 5586 5585
f 5573 5586 5587
f 5573 5587 5586
f 5573 5587 5588
f 5573 5588 5587
f 5573 5588 5589
f 5573 5589 5588
f 5573 5589 5590
f 5573 5590 5589
f 5573 5590 5591
f 5573 5591 5590
f 5573 5591 5592
f 5573 5592 5591
f 5573 5592 5593
f 5573 5593 5592
f 5573 5593 5594
f 5573 5594 5593
f 5573 5594 5595
f 5573 5595 5594
f 5573 5595 5596
f 5573 5596 5595
f 5573 5596 5597
f 5573 5597 5596
f 5573 5597 5598
f 5573 5598 5597
f 5573 5598 5599
f 5573 5599 5598
f 5573 5599 5600
f 5573 5600 5599
f 5573 5600 5601
f 5573 5601 5600
f 5573 5601 5602
f 5573 5602 5601
f 5573 5602 5603
f 5573 5603 5602
f 5573 5603 5604
f 5573 5604 5603
f 5573 5604 5605
f 5573 5605 5604
f 5573 5605 5606
f 5573 5606 5605
f 5573 5606 5607
f 5573 5607 5606
f 5573 5607 5608
f 5573 5608 5607
f 5573 5608 5609
f 5573 5609 5608
f 5573 5609 5610
f 5573 5610 5609
f 5573 5610 5611
f 5573 5611 5610
f 5573 5611 5612
f 5573 5612 5611
f 5573 5612 5613
f 5573 5613 5612
f 5573 5613 5614
f 5573 5614 5613
f 5573 5614 5615
f 5573 5615 5614
f 5573 5615 5616
f 5573 5616 5615
f 5573 5616 5617
f 5573 5617 5616
f 5573 5617 5618
f 5573 5618 5617
v 0.000773 0.497601 -0.317738
v 0.003191 0.493386 -0.320087
v 0.005300 0.488979 -0.322416
v 0.006656 0.484103 -0.324694
v 0.006851 0.478506 -0.326894
v 0.005671 0.472052 -0.329002
v 0.003185 0.464785 -0.331022
v -0.000224 0.456945 -0.332981
v -0.003909 0.448932 -0.334920
v -0.007072 0.441244 -0.336895
v -0.008912 0.434380 -0.338959
v -0.008785 0.428739 -0.341155
v -0.006334 0.424545 -0.343506
v -0.001557 0.421798 -0.346014
v 0.005187 0.420275 -0.348653
v 0.013254 0.419575 -0.351381
v 0.021843 0.419201 -0.354144
v 0.030156 0.418654 -0.356889
v 0.037545 0.417532 -0.359571
v 0.043629 0.415599 -0.362167
v 0.048338 0.412809 -0.364669
v 0.051886 0.409297 -0.367094
v 0.054680 0.405316 -0.369469
v 0.057167 0.401144 -0.371823
v 0.054749 0.405359 -0.369474
v 0.052640 0.409766 -0.367145
v 0.051284 0.414642 -0.364867
v 0.051089 0.420240 -0.362667
v 0.052269 0.426694 -0.360559
v 0.054755 0.433960 -0.358539
v 0.058163 0.441801 -0.356580
v 0.061849 0.449814 -0.354640
v 0.065012 0.457501 -0.352665
v 0.066852 0.464366 -0.350602
v 0.066725 0.470006 -0.348406
v 0.064273 0.474200 -0.346055
v 0.059496 0.476947 -0.343547
v 0.052752 0.478470 -0.340908
v 0.044686 0.479170 -0.338180
v 0.036097 0.479545 -0.335417
v 0.027784 0.480092 -0.332672
v 0.020394 0.481213 -0.329989
v 0.014310 0.483147 -0.327394
v 0.009602 0.485937 -0.324891
v 0.006054 0.489448 -0.322466
v 0.003260 0.493429 -0.320092
f 5619 5620 5621
f 5619 5621 5620
f 5619 5621 5622
f 5619 5622 5621
f 5619 5622 5623
f 5619 5623 5622
f 5619 5623 5624
f 5619 5624 5623
f 5619 5624 5625
f 5619 5625 5624
f 5619 5625 5626
f 5619 5626 5625
f 5619 5626 5627
f 5619 5627 5626
f 5619 5627 5628
f 5619 5628 5627
f 5619 5628 5629
f 5619 5629 5628
f 5619 5629 5630
f 5619 5630 5629
f 5619 5630 5631
f 5619 5631 5630
f 5619 5631 5632
f 5619 5632 5631
f 5619 5632 5633
f 5619 5633 5632
f 5619 5633 5634
f 5619 5634 5633
f 5619 5634 5635
f 5619 5635 5634
f 5619 5635 5636
f 5619 5636 5635
f 5619 5636 5637
f 5619 5637 5636
f 5619 5637 5638
f 5619 5638 5637
f 5619 5638 5639
f 5619 5639 5638
f 5619 5639 5640
f 5619 5640 5639
f 5619 5640 5641
f 5619 5641 5640
f 5619 5641 5642
f 5619 5642 5641
f 5619 5642 5643
f 5619 5643 5642
f 5619 5643 5644
f 5619 5644 5643
f 5619 5644 5645
f 5619 5645 5644
f 5619 5645 5646
f 5619 5646 5645
f 5619 5646 5647
f 5619 5647 5646
f 5619 5647 5648
f 5619 5648 5647
f 5619 5648 5649
f 5619 5649 5648
f 5619 5649 5650
f 5619 5650 5649
f 5619 5650 5651
f 5619 5651 5650
f 5619 5651 5652
f 5619 5652 5651
f 5619 5652 5653
f 5619 5653 5652
f 5619 5653 5654
f 5619 5654 5653
f 5619 5654 5655
f 5619 5655 5654
f 5619 5655 5656
f 5619 5656 5655
f 5619 5656 5657
f 5619 5657 5656
f 5619 5657 5658
f 5619 5658 5657
f 5619 5658 5659
f 5619 5659 5658
f 5619 5659 5660
f 5619 5660 5659
f 5619 5660 5661
f 5619 5661 5660
f 5619 5661 5662
f 5619 5662 5661
f 5619 5662 5663
f 5619 5663 5662
f 5619 5663 5664
f 5619 5664 5663
v 0.022461 0.457943 -0.264240
v 0.022003 0.462798 -0.261045
v 0.024395 0.465798 -0.256656
v 0.028722 0.465798 -0.252749
v 0.033332 0.462798 -0.250817
v 0.036464 0.457943 -0.251598
v 0.036922 0.453089 -0.254793
v 0.034530 0.450088 -0.259182
v 0.030203 0.450088 -0.263089
v 0.025593 0.453089 -0.265021
v 0.066637 0.492468 -0.308665
v 0.066326 0.495769 -0.306492
v 0.067952 0.497809 -0.303508
v 0.070894 0.497809 -0.300851
v 0.074029 0.495769 -0.299537
v 0.076159 0.492468 -0.300068
v 0.076470 0.489167 -0.302241
v 0.074844 0.487126 -0.305226
v 0.071902 0.487126 -0.307882
v 0.068767 0.489167 -0.309196
f 5665 5666 5676
f 5665 5676 5675
f 5666 5667 5677
f 5666 5677 5676
f 5667 5668 5678
f 5667 5678 5677
f 5668 5669 5679
f 5668 5679 5678
f 5669 5670 5680
f 5669 5680 5679
f 5670 5671 5681
f 5670 5681 5680
f 5671 5672 5682
f 5671 5682 5681
f 5672 5673 5683
f 5672 5683 5682
f 5673 5674 5684
f 5673 5684 5683
f 5674 5665 5675
f 5674 5675 5684
v 0.071398 0.492468 -0.304367
v 0.066411 0.493179 -0.304950
v 0.061226 0.495189 -0.304749
v 0.055882 0.498232 -0.303922
v 0.050420 0.502043 -0.302630
v 0.044886 0.506330 -0.301051
v 0.039327 0.510778 -0.299374
v 0.033791 0.515071 -0.297791
v 0.028325 0.518908 -0.296483
v 0.022971 0.522021 -0.295614
v 0.017760 0.524193 -0.295315
v 0.012718 0.525269 -0.295677
v 0.007855 0.525173 -0.296749
v 0.003172 0.523903 -0.298532
v -0.001343 0.521538 -0.300976
v -0.005713 0.518232 -0.303990
v -0.009973 0.514201 -0.307441
v -0.014163 0.509715 -0.311169
v -0.018329 0.505073 -0.314991
v -0.022520 0.500593 -0.318715
v -0.026783 0.496588 -0.322151
v -0.031165 0.493352 -0.325123
v -0.035705 0.491150 -0.327469
v -0.040444 0.490245 -0.329030
v -0.035457 0.489533 -0.328447
v -0.030272 0.487524 -0.328648
v -0.024928 0.484481 -0.329475
v -0.019466 0.480670 -0.330767
v -0.013932 0.476383 -0.332346
v -0.008372 0.471935 -0.334023
v -0.002837 0.467641 -0.335606
v 0.002629 0.463804 -0.336914
v 0.007984 0.460692 -0.337783
v 0.013194 0.458520 -0.338082
v 0.018236 0.457443 -0.337720
v 0.023099 0.457540 -0.336648
v 0.027782 0.458810 -0.334865
v 0.032297 0.461175 -0.332421
v 0.036668 0.464481 -0.329407
v 0.040927 0.468511 -0.325955
v 0.045117 0.472998 -0.322228
v 0.049283 0.477640 -0.318406
v 0.053474 0.482119 -0.314682
v 0.057738 0.486124 -0.311246
v 0.062119 0.489360 -0.308274
v 0.066659 0.491563 -0.305928
f 5685 5686 5687
f 5685 5687 5686
f 5685 5687 5688
f 5685 5688 5687
f 5685 5688 5689
f 5685 5689 5688
f 5685 5689 5690
f 5685 5690 5689
f 5685 5690 5691
f 5685 5691 5690
f 5685 5691 5692
f 5685 5692 5691
f 5685 5692 5693
f 5685 5693 5692
f 5685 5693 5694
f 5685 5694 5693
f 5685 5694 5695
f 5685 5695 5694
f 5685 5695 5696
f 5685 5696 5695
f 5685 5696 5697
f 5685 5697 5696
f 5685 5697 5698
f 5685 5698 5697
f 5685 5698 5699
f 5685 5699 5698
f 5685 5699 5700
f 5685 5700 5699
f 5685 5700 5701
f 5685 5701 5700
f 5685 5701 5702
f 5685 5702 5701
f 5685 5702 5703
f 5685 5703 5702
f 5685 5703 5704
f 5685 5704 5703
f 5685 5704 5705
f 5685 5705 5704
f 5685 5705 5706
f 5685 5706 5705
f 5685 5706 5707
f 5685 5707 5706
f 5685 5707 5708
f 5685 5708 5707
f 5685 5708 5709
f 5685 5709 5708
f 5685 5709 5710
f 5685 5710 5709
f 5685 5710 5711
f 5685 5711 5710
f 5685 5711 5712
f 5685 5712 5711
f 5685 5712 5713
f 5685 5713 5712
f 5685 5713 5714
f 5685 5714 5713
f 5685 5714 5715
f 5685 5715 5714
f 5685 5715 5716
f 5685 5716 5715
f 5685 5716 5717
f 5685 5717 5716
f 5685 5717 5718
f 5685 5718 5717
f 5685 5718 5719
f 5685 5719 5718
f 5685 5719 5720
f 5685 5720 5719
f 5685 5720 5721
f 5685 5721 5720
f 5685 5721 5722
f 5685 5722 5721
f 5685 5722 5723
f 5685 5723 5722
f 5685 5723 5724
f 5685 5724 5723
f 5685 5724 5725
f 5685 5725 5724
f 5685 5725 5726
f 5685 5726 5725
f 5685 5726 5727
f 5685 5727 5726
f 5685 5727 5728
f 5685 5728 5727
f 5685 5728 5729
f 5685 5729 5728
f 5685 5729 5730
f 5685 5730 5729
v 0.071398 0.492468 -0.304367
v 0.071720 0.493917 -0.301405
v 0.072424 0.495067 -0.298320
v 0.073721 0.495754 -0.295045
v 0.075696 0.495910 -0.291551
v 0.078308 0.495569 -0.287852
v 0.081400 0.494853 -0.283999
v 0.084723 0.493956 -0.280072
v 0.087971 0.493117 -0.276168
v 0.090823 0.492588 -0.272392
v 0.092990 0.492595 -0.268837
v 0.094251 0.493310 -0.265573
v 0.094490 0.494823 -0.262638
v 0.093706 0.497137 -0.260032
v 0.092018 0.500157 -0.257717
v 0.089644 0.503714 -0.255623
v 0.086874 0.507580 -0.253656
v 0.084028 0.511505 -0.251713
v 0.081414 0.515249 -0.249696
v 0.079280 0.518618 -0.247525
v 0.077783 0.521489 -0.245149
v 0.076964 0.523830 -0.242554
v 0.076738 0.525707 -0.239769
v 0.076894 0.527286 -0.236860
v 0.076572 0.525837 -0.239822
v 0.075868 0.524686 -0.242907
v 0.074571 0.524000 -0.246182
v 0.072596 0.523843 -0.249676
v 0.069984 0.524184 -0.253375
v 0.066892 0.524901 -0.257228
v 0.063569 0.525798 -0.261155
v 0.060321 0.526636 -0.265058
v 0.057469 0.527165 -0.268834
v 0.055302 0.527158 -0.272390
v 0.054041 0.526444 -0.275654
v 0.053802 0.524930 -0.278589
v 0.054585 0.522617 -0.281195
v 0.056274 0.519596 -0.283510
v 0.058648 0.516040 -0.285604
v 0.061418 0.512174 -0.287571
v 0.064263 0.508249 -0.289513
v 0.066877 0.504505 -0.291530
v 0.069011 0.501136 -0.293702
v 0.070509 0.498265 -0.296078
v 0.071328 0.495924 -0.298673
v 0.071554 0.494047 -0.301458
f 5731 5732 5733
f 5731 5733 5732
f 5731 5733 5734
f 5731 5734 5733
f 5731 5734 5735
f 5731 5735 5734
f 5731 5735 5736
f 5731 5736 5735
f 5731 5736 5737
f 5731 5737 5736
f 5731 5737 5738
f 5731 5738 5737
f 5731 5738 5739
f 5731 5739 5738
f 5731 5739 5740
f 5731 5740 5739
f 5731 5740 5741
f 5731 5741 5740
f 5731 5741 5742
f 5731 5742 5741
f 5731 5742 5743
f 5731 5743 5742
f 5731 5743 5744
f 5731 5744 5743
f 5731 5744 5745
f 5731 5745 5744
f 5731 5745 5746
f 5731 5746 5745
f 5731 5746 5747
f 5731 5747 5746
f 5731 5747 5748
f 5731 5748 5747
f 5731 5748 5749
f 5731 5749 5748
f 5731 5749 5750
f 5731 5750 5749
f 5731 5750 5751
f 5731 5751 5750
f 5731 5751 5752
f 5731 5752 5751
f 5731 5752 5753
f 5731 5753 5752
f 5731 5753 5754
f 5731 5754 5753
f 5731 5754 5755
f 5731 5755 5754
f 5731 5755 5756
f 5731 5756 5755
f 5731 5756 5757
f 5731 5757 5756
f 5731 5757 5758
f 5731 5758 5757
f 5731 5758 5759
f 5731 5759 5758
f 5731 5759 5760
f 5731 5760 5759
f 5731 5760 5761
f 5731 5761 5760
f 5731 5761 5762
f 5731 5762 5761
f 5731 5762 5763
f 5731 5763 5762
f 5731 5763 5764
f 5731 5764 5763
f 5731 5764 5765
f 5731 5765 5764
f 5731 5765 5766
f 5731 5766 5765
f 5731 5766 5767
f 5731 5767 5766
f 5731 5767 5768
f 5731 5768 5767
f 5731 5768 5769
f 5731 5769 5768
f 5731 5769 5770
f 5731 5770 5769
f 5731 5770 5771
f 5731 5771 5770
f 5731 5771 5772
f 5731 5772 5771
f 5731 5772 5773
f 5731 5773 5772
f 5731 5773 5774
f 5731 5774 5773
f 5731 5774 5775
f 5731 5775 5774
f 5731 5775 5776
f 5731 5776 5775
v 0.071398 0.492468 -0.304367
v 0.074124 0.489323 -0.302990
v 0.076737 0.485958 -0.301879
v 0.079100 0.482107 -0.301355
v 0.081105 0.477562 -0.301669
v 0.082710 0.472236 -0.302926
v 0.083952 0.466207 -0.305033
v 0.084955 0.459714 -0.307701
v 0.085908 0.453122 -0.310486
v 0.087034 0.446868 -0.312865
v 0.088552 0.441374 -0.314325
v 0.090634 0.436977 -0.314461
v 0.093375 0.433861 -0.313049
v 0.096775 0.432027 -0.310089
v 0.100740 0.431289 -0.305805
v 0.105096 0.431312 -0.300602
v 0.109625 0.431672 -0.294992
v 0.114104 0.431935 -0.289500
v 0.118344 0.431732 -0.284569
v 0.122221 0.430826 -0.280488
v 0.125698 0.429140 -0.277349
v 0.128817 0.426759 -0.275050
v 0.131687 0.423893 -0.273336
v 0.134443 0.420806 -0.271889
v 0.131717 0.423951 -0.273266
v 0.129104 0.427316 -0.274377
v 0.126741 0.431167 -0.274901
v 0.124736 0.435713 -0.274586
v 0.123131 0.441038 -0.273330
v 0.121889 0.447067 -0.271223
v 0.120886 0.453561 -0.268555
v 0.119933 0.460152 -0.265770
v 0.118807 0.466406 -0.263391
v 0.117289 0.471900 -0.261931
v 0.115207 0.476297 -0.261795
v 0.112466 0.479413 -0.263207
v 0.109066 0.481247 -0.266167
v 0.105101 0.481985 -0.270451
v 0.100745 0.481962 -0.275654
v 0.096216 0.481602 -0.281264
v 0.091737 0.481340 -0.286756
v 0.087497 0.481542 -0.291687
v 0.083619 0.482448 -0.295767
v 0.080143 0.484134 -0.298906
v 0.077023 0.486515 -0.301206
v 0.074154 0.489381 -0.302920
f 5777 5778 5779
f 5777 5779 5778
f 5777 5779 5780
f 5777 5780 5779
f 5777 5780 5781
f 5777 5781 5780
f 5777 5781 5782
f 5777 5782 5781
f 5777 5782 5783
f 5777 5783 5782
f 5777 5783 5784
f 5777 5784 5783
f 5777 5784 5785
f 5777 5785 5784
f 5777 5785 5786
f 5777 5786 5785
f 5777 5786 5787
f 5777 5787 5786
f 5777 5787 5788
f 5777 5788 5787
f 5777 5788 5789
f 5777 5789 5788
f 5777 5789 5790
f 5777 5790 5789
f 5777 5790 5791
f 5777 5791 5790
f 5777 5791 5792
f 5777 5792 5791
f 5777 5792 5793
f 5777 5793 5792
f 5777 5793 5794
f 5777 5794 5793
f 5777 5794 5795
f 5777 5795 5794
f 5777 5795 5796
f 5777 5796 5795
f 5777 5796 5797
f 5777 5797 5796
f 5777 5797 5798
f 5777 5798 5797
f 5777 5798 5799
f 5777 5799 5798
f 5777 5799 5800
f 5777 5800 5799
f 5777 5800 5801
f 5777 5801 5800
f 5777 5801 5802
f 5777 5802 5801
f 5777 5802 5803
f 5777 5803 5802
f 5777 5803 5804
f 5777 5804 5803
f 5777 5804 5805
f 5777 5805 5804
f 5777 5805 5806
f 5777 5806 5805
f 5777 5806 5807
f 5777 5807 5806
f 5777 5807 5808
f 5777 5808 5807
f 5777 5808 5809
f 5777 5809 5808
f 5777 5809 5810
f 5777 5810 5809
f 5777 5810 5811
f 5777 5811 5810
f 5777 5811 5812
f 5777 5812 5811
f 5777 5812 5813
f 5777 5813 5812
f 5777 5813 5814
f 5777 5814 5813
f 5777 5814 5815
f 5777 5815 5814
f 5777 5815 5816
f 5777 5816 5815
f 5777 5816 5817
f 5777 5817 5816
f 5777 5817 5818
f 5777 5818 5817
f 5777 5818 5819
f 5777 5819 5818
f 5777 5819 5820
f 5777 5820 5819
f 5777 5820 5821
f 5777 5821 5820
f 5777 5821 5822
f 5777 5822 5821
v 0.009590 0.433605 -0.126431
v 0.016865 0.437590 -0.124262
v 0.024552 0.440053 -0.127152
v 0.029714 0.440053 -0.133997
v 0.030381 0.437590 -0.142182
v 0.026297 0.433605 -0.148581
v 0.019022 0.429620 -0.150749
v 0.011336 0.427157 -0.147859
v 0.006173 0.427157 -0.141014
v 0.005506 0.429620 -0.132829
v -0.034824 0.538894 -0.165490
v -0.029877 0.541604 -0.164016
v -0.024650 0.543278 -0.165981
v -0.021139 0.543278 -0.170635
v -0.020686 0.541604 -0.176201
v -0.023463 0.538894 -0.180552
v -0.028410 0.536184 -0.182027
v -0.033637 0.534510 -0.180062
v -0.037148 0.534510 -0.175407
v -0.037601 0.536184 -0.169841
f 5823 5824 5834
f 5823 5834 5833
f 5824 5825 5835
f 5824 5835 5834
f 5825 5826 5836
f 5825 5836 5835
f 5826 5827 5837
f 5826 5837 5836
f 5827 5828 5838
f 5827 5838 5837
f 5828 5829 5839
f 5828 5839 5838
f 5829 5830 5840
f 5829 5840 5839
f 5830 5831 5841
f 5830 5841 5840
f 5831 5832 5842
f 5831 5842 5841
f 5832 5823 5833
f 5832 5833 5842
v -0.029144 0.538894 -0.173021
v -0.030663 0.538032 -0.168995
v -0.031952 0.537315 -0.164848
v -0.032677 0.536949 -0.160407
v -0.032537 0.537121 -0.155515
v -0.031374 0.537932 -0.150089
v -0.029241 0.539346 -0.144157
v -0.026424 0.541187 -0.137869
v -0.023405 0.543154 -0.131476
v -0.020777 0.544877 -0.125286
v -0.019133 0.545987 -0.119609
v -0.018951 0.546186 -0.114695
v -0.020497 0.545308 -0.110683
v -0.023771 0.543353 -0.107571
v -0.028506 0.540488 -0.105222
v -0.034227 0.537009 -0.103386
v -0.040337 0.533286 -0.101754
v -0.046246 0.529690 -0.100016
v -0.051470 0.526520 -0.097922
v -0.055726 0.523954 -0.095323
v -0.058957 0.522025 -0.092189
v -0.061324 0.520636 -0.088604
v -0.063127 0.519598 -0.084726
v -0.064699 0.518704 -0.080727
v -0.063179 0.519565 -0.084753
v -0.061891 0.520283 -0.088900
v -0.061166 0.520649 -0.093341
v -0.061306 0.520476 -0.098233
v -0.062469 0.519666 -0.103659
v -0.064602 0.518251 -0.109590
v -0.067419 0.516411 -0.115879
v -0.070438 0.514444 -0.122272
v -0.073066 0.512721 -0.128462
v -0.074710 0.511611 -0.134139
v -0.074891 0.511412 -0.139052
v -0.073346 0.512290 -0.143065
v -0.070072 0.514244 -0.146177
v -0.065336 0.517110 -0.148526
v -0.059616 0.520589 -0.150362
v -0.053505 0.524311 -0.151994
v -0.047597 0.527908 -0.153731
v -0.042373 0.531078 -0.155825
v -0.038117 0.533644 -0.158425
v -0.034886 0.535572 -0.161559
v -0.032519 0.536962 -0.165143
v -0.030716 0.538000 -0.169022
f 5843 5844 5845
f 5843 5845 5844
f 5843 5845 5846
f 5843 5846 5845
f 5843 5846 5847
f 5843 5847 5846
f 5843 5847 5848
f 5843 5848 5847
f 5843 5848 5849
f 5843 5849 5848
f 5843 5849 5850
f 5843 5850 5849
f 5843 5850 5851
f 5843 5851 5850
f 5843 5851 5852
f 5843 5852 5851
f 5843 5852 5853
f 5843 5853 5852
f 5843 5853 5854
f 5843 5854 5853
f 5843 5854 5855
f 5843 5855 5854
f 5843 5855 5856
f 5843 5856 5855
f 5843 5856 5857
f 5843 5857 5856
f 5843 5857 5858
f 5843 5858 5857
f 5843 5858 5859
f 5843 5859 5858
f 5843 5859 5860
f 5843 5860 5859
f 5843 5860 5861
f 5843 5861 5860
f 5843 5861 5862
f 5843 5862 5861
f 5843 5862 5863
f 5843 5863 5862
f 5843 5863 5864
f 5843 5864 5863
f 5843 5864 5865
f 5843 5865 5864
f 5843 5865 5866
f 5843 5866 5865
f 5843 5866 5867
f 5843 5867 5866
f 5843 5867 5868
f 5843 5868 5867
f 5843 5868 5869
f 5843 5869 5868
f 5843 5869 5870
f 5843 5870 5869
f 5843 5870 5871
f 5843 5871 5870
f 5843 5871 5872
f 5843 5872 5871
f 5843 5872 5873
f 5843 5873 5872
f 5843 5873 5874
f 5843 5874 5873
f 5843 5874 5875
f 5843 5875 5874
f 5843 5875 5876
f 5843 5876 5875
f 5843 5876 5877
f 5843 5877 5876
f 5843 5877 5878
f 5843 5878 5877
f 5843 5878 5879
f 5843 5879 5878
f 5843 5879 5880
f 5843 5880 5879
f 5843 5880 5881
f 5843 5881 5880
f 5843 5881 5882
f 5843 5882 5881
f 5843 5882 5883
f 5843 5883 5882
f 5843 5883 5884
f 5843 5884 5883
f 5843 5884 5885
f 5843 5885 5884
f 5843 5885 5886
f 5843 5886 5885
f 5843 5886 5887
f 5843 5887 5886
f 5843 5887 5888
f 5843 5888 5887
v -0.029144 0.538894 -0.173021
v -0.025693 0.539481 -0.172198
v -0.022073 0.539962 -0.171914
v -0.018201 0.540283 -0.172436
v -0.014048 0.540428 -0.173858
v -0.009635 0.540409 -0.176106
v -0.005031 0.540270 -0.178964
v -0.000341 0.540076 -0.182099
v 0.004312 0.539906 -0.185113
v 0.008797 0.539842 -0.187592
v 0.012997 0.539957 -0.189164
v 0.016827 0.540305 -0.189551
v 0.020239 0.540917 -0.188603
v 0.023232 0.541792 -0.186320
v 0.025855 0.542900 -0.182852
v 0.028193 0.544188 -0.178478
v 0.030364 0.545581 -0.173568
v 0.032496 0.546998 -0.168537
v 0.034716 0.548360 -0.163783
v 0.037126 0.549602 -0.159639
v 0.039796 0.550681 -0.156322
v 0.042747 0.551583 -0.153903
v 0.045951 0.552325 -0.152292
v 0.049323 0.552962 -0.151219
v 0.045873 0.552374 -0.152043
v 0.042253 0.551894 -0.152327
v 0.038381 0.551572 -0.151804
v 0.034227 0.551428 -0.150383
v 0.029815 0.551447 -0.148135
v 0.025211 0.551586 -0.145277
v 0.020520 0.551779 -0.142141
v 0.015868 0.551949 -0.139127
v 0.011383 0.552013 -0.136649
v 0.007182 0.551899 -0.135077
v 0.003353 0.551551 -0.134690
v -0.000059 0.550939 -0.135637
v -0.003053 0.550064 -0.137920
v -0.005675 0.548955 -0.141388
v -0.008013 0.547668 -0.145763
v -0.010184 0.546275 -0.150672
v -0.012317 0.544858 -0.155704
v -0.014536 0.543495 -0.160457
v -0.016947 0.542253 -0.164602
v -0.019616 0.541174 -0.167919
v -0.022567 0.540273 -0.170337
v -0.025771 0.539530 -0.171949
f 5889 5890 5891
f 5889 5891 5890
f 5889 5891 5892
f 5889 5892 5891
f 5889 5892 5893
f 5889 5893 5892
f 5889 5893 5894
f 5889 5894 5893
f 5889 5894 5895
f 5889 5895 5894
f 5889 5895 5896
f 5889 5896 5895
f 5889 5896 5897
f 5889 5897 5896
f 5889 5897 5898
f 5889 5898 5897
f 5889 5898 5899
f 5889 5899 5898
f 5889 5899 5900
f 5889 5900 5899
f 5889 5900 5901
f 5889 5901 5900
f 5889 5901 5902
f 5889 5902 5901
f 5889 5902 5903
f 5889 5903 5902
f 5889 5903 5904
f 5889 5904 5903
f 5889 5904 5905
f 5889 5905 5904
f 5889 5905 5906
f 5889 5906 5905
f 5889 5906 5907
f 5889 5907 5906
f 5889 5907 5908
f 5889 5908 5907
f 5889 5908 5909
f 5889 5909 5908
f 5889 5909 5910
f 5889 5910 5909
f 5889 5910 5911
f 5889 5911 5910
f 5889 5911 5912
f 5889 5912 5911
f 5889 5912 5913
f 5889 5913 5912
f 5889 5913 5914
f 5889 5914 5913
f 5889 5914 5915
f 5889 5915 5914
f 5889 5915 5916
f 5889 5916 5915
f 5889 5916 5917
f 5889 5917 5916
f 5889 5917 5918
f 5889 5918 5917
f 5889 5918 5919
f 5889 5919 5918
f 5889 5919 5920
f 5889 5920 5919
f 5889 5920 5921
f 5889 5921 5920
f 5889 5921 5922
f 5889 5922 5921
f 5889 5922 5923
f 5889 5923 5922
f 5889 5923 5924
f 5889 5924 5923
f 5889 5924 5925
f 5889 5925 5924
f 5889 5925 5926
f 5889 5926 5925
f 5889 5926 5927
f 5889 5927 5926
f 5889 5927 5928
f 5889 5928 5927
f 5889 5928 5929
f 5889 5929 5928
f 5889 5929 5930
f 5889 5930 5929
f 5889 5930 5931
f 5889 5931 5930
f 5889 5931 5932
f 5889 5932 5931
f 5889 5932 5933
f 5889 5933 5932
f 5889 5933 5934
f 5889 5934 5933
v -0.029144 0.538894 -0.173021
v -0.030561 0.535264 -0.175366
v -0.032291 0.531582 -0.177450
v -0.034678 0.527790 -0.178988
v -0.037982 0.523845 -0.179765
v -0.042291 0.519733 -0.179706
v -0.047490 0.515472 -0.178908
v -0.053259 0.511116 -0.177635
v -0.059125 0.506743 -0.176283
v -0.064535 0.502447 -0.175309
v -0.068956 0.498316 -0.175157
v -0.071969 0.494420 -0.176176
v -0.073342 0.490797 -0.178556
v -0.073077 0.487448 -0.182299
v -0.071404 0.484334 -0.187212
v -0.068742 0.481385 -0.192947
v -0.065624 0.478512 -0.199060
v -0.062602 0.475623 -0.205094
v -0.060151 0.472638 -0.210653
v -0.058589 0.469506 -0.215473
v -0.058033 0.466205 -0.219458
v -0.058393 0.462752 -0.222681
v -0.059411 0.459188 -0.225357
v -0.060741 0.455573 -0.227774
v -0.059324 0.459203 -0.225429
v -0.057594 0.462885 -0.223345
v -0.055206 0.466677 -0.221807
v -0.051903 0.470621 -0.221030
v -0.047593 0.474734 -0.221089
v -0.042395 0.478995 -0.221887
v -0.036625 0.483351 -0.223160
v -0.030760 0.487724 -0.224512
v -0.025350 0.492020 -0.225486
v -0.020929 0.496151 -0.225638
v -0.017916 0.500047 -0.224619
v -0.016542 0.503670 -0.222239
v -0.016807 0.507019 -0.218496
v -0.018481 0.510133 -0.213583
v -0.021143 0.513082 -0.207848
v -0.024261 0.515955 -0.201735
v -0.027283 0.518844 -0.195701
v -0.029734 0.521829 -0.190142
v -0.031296 0.524961 -0.185322
v -0.031852 0.528262 -0.181337
v -0.031492 0.531715 -0.178114
v -0.030474 0.535279 -0.175438
f 5935 5936 5937
f 5935 5937 5936
f 5935 5937 5938
f 5935 5938 5937
f 5935 5938 5939
f 5935 5939 5938
f 5935 5939 5940
f 5935 5940 5939
f 5935 5940 5941
f 5935 5941 5940
f 5935 5941 5942
f 5935 5942 5941
f 5935 5942 5943
f 5935 5943 5942
f 5935 5943 5944
f 5935 5944 5943
f 5935 5944 5945
f 5935 5945 5944
f 5935 5945 5946
f 5935 5946 5945
f 5935 5946 5947
f 5935 5947 5946
f 5935 5947 5948
f 5935 5948 5947
f 5935 5948 5949
f 5935 5949 5948
f 5935 5949 5950
f 5935 5950 5949
f 5935 5950 5951
f 5935 5951 5950
f 5935 5951 5952
f 5935 5952 5951
f 5935 5952 5953
f 5935 5953 5952
f 5935 5953 5954
f 5935 5954 5953
f 5935 5954 5955
f 5935 5955 5954
f 5935 5955 5956
f 5935 5956 5955
f 5935 5956 5957
f 5935 5957 5956
f 5935 5957 5958
f 5935 5958 5957
f 5935 5958 5959
f 5935 5959 5958
f 5935 5959 5960
f 5935 5960 5959
f 5935 5960 5961
f 5935 5961 5960
f 5935 5961 5962
f 5935 5962 5961
f 5935 5962 5963
f 5935 5963 5962
f 5935 5963 5964
f 5935 5964 5963
f 5935 5964 5965
f 5935 5965 5964
f 5935 5965 5966
f 5935 5966 5965
f 5935 5966 5967
f 5935 5967 5966
f 5935 5967 5968
f 5935 5968 5967
f 5935 5968 5969
f 5935 5969 5968
f 5935 5969 5970
f 5935 5970 5969
f 5935 5970 5971
f 5935 5971 5970
f 5935 5971 5972
f 5935 5972 5971
f 5935 5972 5973
f 5935 5973 5972
f 5935 5973 5974
f 5935 5974 5973
f 5935 5974 5975
f 5935 5975 5974
f 5935 5975 5976
f 5935 5976 5975
f 5935 5976 5977
f 5935 5977 5976
f 5935 5977 5978
f 5935 5978 5977
f 5935 5978 5979
f 5935 5979 5978
f 5935 5979 5980
f 5935 5980 5979
v -0.035255 0.538894 -0.165835
v -0.032994 0.544250 -0.166278
v -0.029263 0.547560 -0.169297
v -0.025487 0.547560 -0.173738
v -0.023107 0.544250 -0.177905
v -0.023033 0.538894 -0.180207
v -0.025293 0.533538 -0.179764
v -0.029024 0.530228 -0.176746
v -0.032800 0.530228 -0.172305
v -0.035180 0.533538 -0.168137
v -0.086244 0.557513 -0.213160
v -0.084707 0.561155 -0.213461
v -0.082170 0.563406 -0.215514
v -0.079602 0.563406 -0.218534
v -0.077983 0.561155 -0.221368
v -0.077933 0.557513 -0.222933
v -0.079470 0.553871 -0.222632
v -0.082007 0.551621 -0.220579
v -0.084575 0.551621 -0.217559
v -0.086194 0.553871 -0.214725
f 5981 5982 5992
f 5981 5992 5991
f 5982 5983 5993
f 5982 5993 5992
f 5983 5984 5994
f 5983 5994 5993
f 5984 5985 5995
f 5984 5995 5994
f 5985 5986 5996
f 5985 5996 5995
f 5986 5987 5997
f 5986 5997 5996
f 5987 5988 5998
f 5987 5998 5997
f 5988 5989 5999
f 5988 5999 5998
f 5989 5990 6000
f 5989 6000 5999
f 5990 5981 5991
f 5990 5991 6000
v -0.082089 0.557513 -0.218046
v -0.083244 0.558836 -0.213838
v -0.083938 0.561328 -0.209689
v -0.084205 0.564903 -0.205594
v -0.084122 0.569367 -0.201543
v -0.083794 0.574448 -0.197524
v -0.083351 0.579824 -0.193520
v -0.082930 0.585143 -0.189513
v -0.082669 0.590057 -0.185485
v -0.082693 0.594248 -0.181421
v -0.083106 0.597453 -0.177307
v -0.083982 0.599483 -0.173135
v -0.085361 0.600240 -0.168898
v -0.087241 0.599724 -0.164597
v -0.089586 0.598033 -0.160237
v -0.092319 0.595355 -0.155828
v -0.095337 0.591955 -0.151382
v -0.098516 0.588150 -0.146916
v -0.101716 0.584288 -0.142447
v -0.104800 0.580720 -0.137992
v -0.107641 0.577771 -0.133569
v -0.110131 0.575710 -0.129191
v -0.112194 0.574731 -0.124867
v -0.113796 0.574922 -0.120601
v -0.112641 0.573599 -0.124810
v -0.111947 0.571107 -0.128959
v -0.111679 0.567532 -0.133054
v -0.111763 0.563069 -0.137104
v -0.112090 0.557987 -0.141124
v -0.112533 0.552612 -0.145128
v -0.112954 0.547293 -0.149135
v -0.113216 0.542379 -0.153163
v -0.113192 0.538187 -0.157227
v -0.112779 0.534982 -0.161340
v -0.111902 0.532953 -0.165513
v -0.110524 0.532196 -0.169750
v -0.108643 0.532712 -0.174051
v -0.106299 0.534403 -0.178411
v -0.103566 0.537080 -0.182820
v -0.100547 0.540481 -0.187266
v -0.097369 0.544286 -0.191732
v -0.094169 0.548147 -0.196201
v -0.091084 0.551715 -0.200655
v -0.088243 0.554665 -0.205079
v -0.085753 0.556726 -0.209457
v -0.083690 0.557704 -0.213781
f 6001 6002 6003
f 6001 6003 6002
f 6001 6003 6004
f 6001 6004 6003
f 6001 6004 6005
f 6001 6005 6004
f 6001 6005 6006
f 6001 6006 6005
f 6001 6006 6007
f 6001 6007 6006
f 6001 6007 6008
f 6001 6008 6007
f 6001 6008 6009
f 6001 6009 6008
f 6001 6009 6010
f 6001 6010 6009
f 6001 6010 6011
f 6001 6011 6010
f 6001 6011 6012
f 6001 6012 6011
f 6001 6012 6013
f 6001 6013 6012
f 6001 6013 6014
f 6001 6014 6013
f 6001 6014 6015
f 6001 6015 6014
f 6001 6015 6016
f 6001 6016 6015
f 6001 6016 6017
f 6001 6017 6016
f 6001 6017 6018
f 6001 6018 6017
f 6001 6018 6019
f 6001 6019 6018
f 6001 6019 6020
f 6001 6020 6019
f 6001 6020 6021
f 6001 6021 6020
f 6001 6021 6022
f 6001 6022 6021
f 6001 6022 6023
f 6001 6023 6022
f 6001 6023 6024
f 6001 6024 6023
f 6001 6024 6025
f 6001 6025 6024
f 6001 6025 6026
f 6001 6026 6025
f 6001 6026 6027
f 6001 6027 6026
f 6001 6027 6028
f 6001 6028 6027
f 6001 6028 6029
f 6001 6029 6028
f 6001 6029 6030
f 6001 6030 6029
f 6001 6030 6031
f 6001 6031 6030
f 6001 6031 6032
f 6001 6032 6031
f 6001 6032 6033
f 6001 6033 6032
f 6001 6033 6034
f 6001 6034 6033
f 6001 6034 6035
f 6001 6035 6034
f 6001 6035 6036
f 6001 6036 6035
f 6001 6036 6037
f 6001 6037 6036
f 6001 6037 6038
f 6001 6038 6037
f 6001 6038 6039
f 6001 6039 6038
f 6001 6039 6040
f 6001 6040 6039
f 6001 6040 6041
f 6001 6041 6040
f 6001 6041 6042
f 6001 6042 6041
f 6001 6042 6043
f 6001 6043 6042
f 6001 6043 6044
f 6001 6044 6043
f 6001 6044 6045
f 6001 6045 6044
f 6001 6045 6046
f 6001 6046 6045
v -0.082089 0.557513 -0.218046
v -0.077038 0.558231 -0.220424
v -0.071998 0.558541 -0.222957
v -0.066982 0.557921 -0.225846
v -0.062003 0.555939 -0.229256
v -0.057064 0.552400 -0.233262
v -0.052163 0.547434 -0.237813
v -0.047288 0.541501 -0.242734
v -0.042418 0.535337 -0.247744
v -0.037532 0.529818 -0.252507
v -0.032606 0.525809 -0.256693
v -0.027622 0.523999 -0.260037
v -0.022570 0.524767 -0.262395
v -0.017450 0.528115 -0.263766
v -0.012272 0.533661 -0.264297
v -0.007054 0.540718 -0.264249
v -0.001819 0.548420 -0.263955
v 0.003410 0.555889 -0.263749
v 0.008613 0.562393 -0.263913
v 0.013779 0.567470 -0.264623
v 0.018904 0.570989 -0.265929
v 0.023993 0.573146 -0.267756
v 0.029057 0.574374 -0.269938
v 0.034110 0.575194 -0.272276
v 0.029059 0.574476 -0.269899
v 0.024019 0.574166 -0.267365
v 0.019004 0.574786 -0.264477
v 0.014024 0.576768 -0.261066
v 0.009086 0.580307 -0.257061
v 0.004185 0.585273 -0.252509
v -0.000691 0.591205 -0.247588
v -0.005560 0.597370 -0.242578
v -0.010446 0.602889 -0.237815
v -0.015372 0.606898 -0.233630
v -0.020356 0.608708 -0.230285
v -0.025409 0.607940 -0.227928
v -0.030529 0.604592 -0.226556
v -0.035707 0.599046 -0.226026
v -0.040925 0.591989 -0.226073
v -0.046160 0.584287 -0.226368
v -0.051388 0.576817 -0.226573
v -0.056592 0.570313 -0.226409
v -0.061757 0.565237 -0.225699
v -0.066882 0.561718 -0.224394
v -0.071971 0.559561 -0.222567
v -0.077035 0.558333 -0.220385
f 6047 6048 6049
f 6047 6049 6048
f 6047 6049 6050
f 6047 6050 6049
f 6047 6050 6051
f 6047 6051 6050
f 6047 6051 6052
f 6047 6052 6051
f 6047 6052 6053
f 6047 6053 6052
f 6047 6053 6054
f 6047 6054 6053
f 6047 6054 6055
f 6047 6055 6054
f 6047 6055 6056
f 6047 6056 6055
f 6047 6056 6057
f 6047 6057 6056
f 6047 6057 6058
f 6047 6058 6057
f 6047 6058 6059
f 6047 6059 6058
f 6047 6059 6060
f 6047 6060 6059
f 6047 6060 6061
f 6047 6061 6060
f 6047 6061 6062
f 6047 6062 6061
f 6047 6062 6063
f 6047 6063 6062
f 6047 6063 6064
f 6047 6064 6063
f 6047 6064 6065
f 6047 6065 6064
f 6047 6065 6066
f 6047 6066 6065
f 6047 6066 6067
f 6047 6067 6066
f 6047 6067 6068
f 6047 6068 6067
f 6047 6068 6069
f 6047 6069 6068
f 6047 6069 6070
f 6047 6070 6069
f 6047 6070 6071
f 6047 6071 6070
f 6047 6071 6072
f 6047 6072 6071
f 6047 6072 6073
f 6047 6073 6072
f 6047 6073 6074
f 6047 6074 6073
f 6047 6074 6075
f 6047 6075 6074
f 6047 6075 6076
f 6047 6076 6075
f 6047 6076 6077
f 6047 6077 6076
f 6047 6077 6078
f 6047 6078 6077
f 6047 6078 6079
f 6047 6079 6078
f 6047 6079 6080
f 6047 6080 6079
f 6047 6080 6081
f 6047 6081 6080
f 6047 6081 6082
f 6047 6082 6081
f 6047 6082 6083
f 6047 6083 6082
f 6047 6083 6084
f 6047 6084 6083
f 6047 6084 6085
f 6047 6085 6084
f 6047 6085 6086
f 6047 6086 6085
f 6047 6086 6087
f 6047 6087 6086
f 6047 6087 6088
f 6047 6088 6087
f 6047 6088 6089
f 6047 6089 6088
f 6047 6089 6090
f 6047 6090 6089
f 6047 6090 6091
f 6047 6091 6090
f 6047 6091 6092
f 6047 6092 6091
v -0.022236 0.538894 -0.166597
v -0.020433 0.542011 -0.171182
v -0.021957 0.543938 -0.176469
v -0.026226 0.543938 -0.180439
v -0.031609 0.542011 -0.181576
v -0.036051 0.538894 -0.179445
v -0.037855 0.535777 -0.174860
v -0.036331 0.533850 -0.169573
v -0.032061 0.533850 -0.165603
v -0.026678 0.535777 -0.164466
v -0.053054 0.600688 -0.137891
v -0.051828 0.602808 -0.141008
v -0.052864 0.604118 -0.144603
v -0.055767 0.604118 -0.147303
v -0.059428 0.602808 -0.148076
v -0.062449 0.600688 -0.146627
v -0.063675 0.598569 -0.143509
v -0.062639 0.597259 -0.139914
v -0.059735 0.597259 -0.137214
v -0.056075 0.598569 -0.136442
f 6093 6094 6104
f 6093 6104 6103
f 6094 6095 6105
f 6094 6105 6104
f 6095 6096 6106
f 6095 6106 6105
f 6096 6097 6107
f 6096 6107 6106
f 6097 6098 6108
f 6097 6108 6107
f 6098 6099 6109
f 6098 6109 6108
f 6099 6100 6110
f 6099 6110 6109
f 6100 6101 6111
f 6100 6111 6110
f 6101 6102 6112
f 6101 6112 6111
f 6102 6093 6103
f 6102 6103 6112
v -0.057751 0.600688 -0.142259
v -0.053233 0.598350 -0.139977
v -0.048130 0.596540 -0.138214
v -0.042188 0.595490 -0.137199
v -0.035333 0.595268 -0.136995
v -0.027654 0.595791 -0.137524
v -0.019382 0.596852 -0.138580
v -0.010855 0.598143 -0.139862
v -0.002474 0.599302 -0.141015
v 0.005352 0.599959 -0.141674
v 0.012259 0.599783 -0.141516
v 0.017973 0.598527 -0.140298
v 0.022349 0.596059 -0.137890
v 0.025387 0.592380 -0.134291
v 0.027233 0.587620 -0.129633
v 0.028159 0.582028 -0.124157
v 0.028531 0.575934 -0.118188
v 0.028757 0.569708 -0.112089
v 0.029238 0.563712 -0.106216
v 0.030311 0.558253 -0.100871
v 0.032208 0.553541 -0.096258
v 0.035018 0.549655 -0.092457
v 0.038669 0.546530 -0.089404
v 0.042902 0.543933 -0.086869
v 0.038384 0.546272 -0.089150
v 0.033282 0.548082 -0.090913
v 0.027339 0.549131 -0.091929
v 0.020484 0.549354 -0.092133
v 0.012805 0.548830 -0.091604
v 0.004533 0.547770 -0.090548
v -0.003994 0.546479 -0.089265
v -0.012375 0.545320 -0.088113
v -0.020201 0.544663 -0.087453
v -0.027108 0.544839 -0.087611
v -0.032822 0.546095 -0.088829
v -0.037198 0.548562 -0.091238
v -0.040236 0.552242 -0.094836
v -0.042082 0.557001 -0.099495
v -0.043008 0.562593 -0.104971
v -0.043380 0.568687 -0.110940
v -0.043606 0.574914 -0.117039
v -0.044086 0.580909 -0.122911
v -0.045160 0.586368 -0.128256
v -0.047057 0.591081 -0.132869
v -0.049867 0.594967 -0.136670
v -0.053517 0.598092 -0.139724
f 6113 6114 6115
f 6113 6115 6114
f 6113 6115 6116
f 6113 6116 6115
f 6113 6116 6117
f 6113 6117 6116
f 6113 6117 6118
f 6113 6118 6117
f 6113 6118 6119
f 6113 6119 6118
f 6113 6119 6120
f 6113 6120 6119
f 6113 6120 6121
f 6113 6121 6120
f 6113 6121 6122
f 6113 6122 6121
f 6113 6122 6123
f 6113 6123 6122
f 6113 6123 6124
f 6113 6124 6123
f 6113 6124 6125
f 6113 6125 6124
f 6113 6125 6126
f 6113 6126 6125
f 6113 6126 6127
f 6113 6127 6126
f 6113 6127 6128
f 6113 6128 6127
f 6113 6128 6129
f 6113 6129 6128
f 6113 6129 6130
f 6113 6130 6129
f 6113 6130 6131
f 6113 6131 6130
f 6113 6131 6132
f 6113 6132 6131
f 6113 6132 6133
f 6113 6133 6132
f 6113 6133 6134
f 6113 6134 6133
f 6113 6134 6135
f 6113 6135 6134
f 6113 6135 6136
f 6113 6136 6135
f 6113 6136 6137
f 6113 6137 6136
f 6113 6137 6138
f 6113 6138 6137
f 6113 6138 6139
f 6113 6139 6138
f 6113 6139 6140
f 6113 6140 6139
f 6113 6140 6141
f 6113 6141 6140
f 6113 6141 6142
f 6113 6142 6141
f 6113 6142 6143
f 6113 6143 6142
f 6113 6143 6144
f 6113 6144 6143
f 6113 6144 6145
f 6113 6145 6144
f 6113 6145 6146
f 6113 6146 6145
f 6113 6146 6147
f 6113 6147 6146
f 6113 6147 6148
f 6113 6148 6147
f 6113 6148 6149
f 6113 6149 6148
f 6113 6149 6150
f 6113 6150 6149
f 6113 6150 6151
f 6113 6151 6150
f 6113 6151 6152
f 6113 6152 6151
f 6113 6152 6153
f 6113 6153 6152
f 6113 6153 6154
f 6113 6154 6153
f 6113 6154 6155
f 6113 6155 6154
f 6113 6155 6156
f 6113 6156 6155
f 6113 6156 6157
f 6113 6157 6156
f 6113 6157 6158
f 6113 6158 6157
v -0.057751 0.600688 -0.142259
v -0.060231 0.599743 -0.147176
v -0.063083 0.598508 -0.151858
v -0.066701 0.596678 -0.156057
v -0.071367 0.594034 -0.159594
v -0.077167 0.590507 -0.162413
v -0.083959 0.586209 -0.164607
v -0.091375 0.581427 -0.166407
v -0.098879 0.576576 -0.168151
v -0.105854 0.572136 -0.170229
v -0.111707 0.568568 -0.173015
v -0.115974 0.566233 -0.176804
v -0.118400 0.565330 -0.181755
v -0.118984 0.565859 -0.187870
v -0.117982 0.567620 -0.194987
v -0.115858 0.570254 -0.202812
v -0.113206 0.573298 -0.210972
v -0.110641 0.576275 -0.219075
v -0.108700 0.578766 -0.226785
v -0.107751 0.580486 -0.233868
v -0.107937 0.581324 -0.240235
v -0.109170 0.581348 -0.245940
v -0.111169 0.580777 -0.251161
v -0.113541 0.579916 -0.256147
v -0.111061 0.580861 -0.251229
v -0.108208 0.582096 -0.246547
v -0.104590 0.583926 -0.242349
v -0.099925 0.586570 -0.238812
v -0.094124 0.590097 -0.235992
v -0.087333 0.594395 -0.233798
v -0.079917 0.599177 -0.231999
v -0.072413 0.604028 -0.230255
v -0.065438 0.608468 -0.228177
v -0.059584 0.612036 -0.225390
v -0.055317 0.614371 -0.221602
v -0.052892 0.615274 -0.216650
v -0.052308 0.614745 -0.210535
v -0.053310 0.612984 -0.203418
v -0.055434 0.610350 -0.195593
v -0.058086 0.607306 -0.187434
v -0.060651 0.604329 -0.179330
v -0.062591 0.601838 -0.171620
v -0.063541 0.600118 -0.164537
v -0.063355 0.599280 -0.158171
v -0.062122 0.599256 -0.152466
v -0.060123 0.599827 -0.147244
f 6159 6160 6161
f 6159 6161 6160
f 6159 6161 6162
f 6159 6162 6161
f 6159 6162 6163
f 6159 6163 6162
f 6159 6163 6164
f 6159 6164 6163
f 6159 6164 6165
f 6159 6165 6164
f 6159 6165 6166
f 6159 6166 6165
f 6159 6166 6167
f 6159 6167 6166
f 6159 6167 6168
f 6159 6168 6167
f 6159 6168 6169
f 6159 6169 6168
f 6159 6169 6170
f 6159 6170 6169
f 6159 6170 6171
f 6159 6171 6170
f 6159 6171 6172
f 6159 6172 6171
f 6159 6172 6173
f 6159 6173 6172
f 6159 6173 6174
f 6159 6174 6173
f 6159 6174 6175
f 6159 6175 6174
f 6159 6175 6176
f 6159 6176 6175
f 6159 6176 6177
f 6159 6177 6176
f 6159 6177 6178
f 6159 6178 6177
f 6159 6178 6179
f 6159 6179 6178
f 6159 6179 6180
f 6159 6180 6179
f 6159 6180 6181
f 6159 6181 6180
f 6159 6181 6182
f 6159 6182 6181
f 6159 6182 6183
f 6159 6183 6182
f 6159 6183 6184
f 6159 6184 6183
f 6159 6184 6185
f 6159 6185 6184
f 6159 6185 6186
f 6159 6186 6185
f 6159 6186 6187
f 6159 6187 6186
f 6159 6187 6188
f 6159 6188 6187
f 6159 6188 6189
f 6159 6189 6188
f 6159 6189 6190
f 6159 6190 6189
f 6159 6190 6191
f 6159 6191 6190
f 6159 6191 6192
f 6159 6192 6191
f 6159 6192 6193
f 6159 6193 6192
f 6159 6193 6194
f 6159 6194 6193
f 6159 6194 6195
f 6159 6195 6194
f 6159 6195 6196
f 6159 6196 6195
f 6159 6196 6197
f 6159 6197 6196
f 6159 6197 6198
f 6159 6198 6197
f 6159 6198 6199
f 6159 6199 6198
f 6159 6199 6200
f 6159 6200 6199
f 6159 6200 6201
f 6159 6201 6200
f 6159 6201 6202
f 6159 6202 6201
f 6159 6202 6203
f 6159 6203 6202
f 6159 6203 6204
f 6159 6204 6203
v -0.035787 0.538894 -0.179718
v -0.037938 0.541639 -0.175047
v -0.036731 0.543335 -0.169601
v -0.032625 0.543335 -0.165462
v -0.027190 0.541639 -0.164210
v -0.022501 0.538894 -0.166324
v -0.020349 0.536149 -0.170996
v -0.021556 0.534453 -0.176441
v -0.025662 0.534453 -0.180580
v -0.031097 0.536149 -0.181832
v -0.007622 0.603273 -0.203403
v -0.009085 0.605140 -0.200227
v -0.008264 0.606293 -0.196524
v -0.005472 0.606293 -0.193709
v -0.001776 0.605140 -0.192858
v 0.001412 0.603273 -0.194295
v 0.002876 0.601407 -0.197472
v 0.002054 0.600254 -0.201175
v -0.000737 0.600254 -0.203990
v -0.004434 0.601407 -0.204841
f 6205 6206 6216
f 6205 6216 6215
f 6206 6207 6217
f 6206 6217 6216
f 6207 6208 6218
f 6207 6218 6217
f 6208 6209 6219
f 6208 6219 6218
f 6209 6210 6220
f 6209 6220 6219
f 6210 6211 6221
f 6210 6221 6220
f 6211 6212 6222
f 6211 6222 6221
f 6212 6213 6223
f 6212 6223 6222
f 6213 6214 6224
f 6213 6224 6223
f 6214 6205 6215
f 6214 6215 6224
v -0.003105 0.603273 -0.198849
v -0.005489 0.601693 -0.200456
v -0.008034 0.600227 -0.201941
v -0.010962 0.599034 -0.203133
v -0.014472 0.598253 -0.203883
v -0.018663 0.597955 -0.204115
v -0.023491 0.598110 -0.203862
v -0.028763 0.598580 -0.203270
v -0.034160 0.599139 -0.202583
v -0.039290 0.599509 -0.202100
v -0.043765 0.599412 -0.202115
v -0.047271 0.598629 -0.202868
v -0.049637 0.597036 -0.204489
v -0.050861 0.594632 -0.206979
v -0.051117 0.591542 -0.210206
v -0.050717 0.587985 -0.213932
v -0.050050 0.584240 -0.217861
v -0.049508 0.580583 -0.221696
v -0.049410 0.577241 -0.225192
v -0.049951 0.574352 -0.228202
v -0.051171 0.571946 -0.230695
v -0.052973 0.569953 -0.232745
v -0.055158 0.568232 -0.234503
v -0.057505 0.566625 -0.236139
v -0.055121 0.568205 -0.234532
v -0.052576 0.569671 -0.233047
v -0.049647 0.570864 -0.231855
v -0.046137 0.571645 -0.231105
v -0.041947 0.571943 -0.230873
v -0.037119 0.571788 -0.231127
v -0.031846 0.571318 -0.231718
v -0.026450 0.570759 -0.232405
v -0.021319 0.570390 -0.232888
v -0.016845 0.570486 -0.232873
v -0.013338 0.571269 -0.232120
v -0.010973 0.572863 -0.230499
v -0.009749 0.575266 -0.228009
v -0.009493 0.578357 -0.224782
v -0.009893 0.581913 -0.221056
v -0.010560 0.585659 -0.217127
v -0.011102 0.589316 -0.213293
v -0.011199 0.592657 -0.209796
v -0.010659 0.595546 -0.206786
v -0.009439 0.597952 -0.204293
v -0.007637 0.599946 -0.202243
v -0.005451 0.601667 -0.200485
f 6225 6226 6227
f 6225 6227 6226
f 6225 6227 6228
f 6225 6228 6227
f 6225 6228 6229
f 6225 6229 6228
f 6225 6229 6230
f 6225 6230 6229
f 6225 6230 6231
f 6225 6231 6230
f 6225 6231 6232
f 6225 6232 6231
f 6225 6232 6233
f 6225 6233 6232
f 6225 6233 6234
f 6225 6234 6233
f 6225 6234 6235
f 6225 6235 6234
f 6225 6235 6236
f 6225 6236 6235
f 6225 6236 6237
f 6225 6237 6236
f 6225 6237 6238
f 6225 6238 6237
f 6225 6238 6239
f 6225 6239 6238
f 6225 6239 6240
f 6225 6240 6239
f 6225 6240 6241
f 6225 6241 6240
f 6225 6241 6242
f 6225 6242 6241
f 6225 6242 6243
f 6225 6243 6242
f 6225 6243 6244
f 6225 6244 6243
f 6225 6244 6245
f 6225 6245 6244
f 6225 6245 6246
f 6225 6246 6245
f 6225 6246 6247
f 6225 6247 6246
f 6225 6247 6248
f 6225 6248 6247
f 6225 6248 6249
f 6225 6249 6248
f 6225 6249 6250
f 6225 6250 6249
f 6225 6250 6251
f 6225 6251 6250
f 6225 6251 6252
f 6225 6252 6251
f 6225 6252 6253
f 6225 6253 6252
f 6225 6253 6254
f 6225 6254 6253
f 6225 6254 6255
f 6225 6255 6254
f 6225 6255 6256
f 6225 6256 6255
f 6225 6256 6257
f 6225 6257 6256
f 6225 6257 6258
f 6225 6258 6257
f 6225 6258 6259
f 6225 6259 6258
f 6225 6259 6260
f 6225 6260 6259
f 6225 6260 6261
f 6225 6261 6260
f 6225 6261 6262
f 6225 6262 6261
f 6225 6262 6263
f 6225 6263 6262
f 6225 6263 6264
f 6225 6264 6263
f 6225 6264 6265
f 6225 6265 6264
f 6225 6265 6266
f 6225 6266 6265
f 6225 6266 6267
f 6225 6267 6266
f 6225 6267 6268
f 6225 6268 6267
f 6225 6268 6269
f 6225 6269 6268
f 6225 6269 6270
f 6225 6270 6269
v -0.003105 0.603273 -0.198849
v -0.000038 0.601094 -0.195587
v 0.003901 0.598189 -0.193252
v 0.008572 0.594677 -0.191695
v 0.013804 0.590698 -0.190734
v 0.019399 0.586419 -0.190159
v 0.025135 0.582022 -0.189734
v 0.030784 0.577696 -0.189217
v 0.036129 0.573624 -0.188376
v 0.040971 0.569969 -0.187001
v 0.045150 0.566866 -0.184921
v 0.048552 0.564407 -0.182015
v 0.051119 0.562643 -0.178221
v 0.052850 0.561573 -0.173539
v 0.053805 0.561149 -0.168032
v 0.054096 0.561276 -0.161820
v 0.053885 0.561820 -0.155073
v 0.053369 0.562617 -0.148002
v 0.052767 0.563487 -0.140840
v 0.052306 0.564238 -0.133828
v 0.052207 0.564689 -0.127201
v 0.052670 0.564673 -0.121171
v 0.053864 0.564050 -0.115918
v 0.055931 0.562701 -0.111593
v 0.052864 0.564880 -0.114856
v 0.048925 0.567785 -0.117190
v 0.044254 0.571297 -0.118748
v 0.039022 0.575276 -0.119708
v 0.033427 0.579555 -0.120284
v 0.027692 0.583953 -0.120709
v 0.022042 0.588278 -0.121226
v 0.016697 0.592350 -0.122067
v 0.011855 0.596005 -0.123442
v 0.007676 0.599109 -0.125522
v 0.004274 0.601567 -0.128428
v 0.001707 0.603331 -0.132221
v -0.000024 0.604401 -0.136903
v -0.000979 0.604825 -0.142411
v -0.001270 0.604699 -0.148623
v -0.001059 0.604155 -0.155369
v -0.000543 0.603357 -0.162440
v 0.000059 0.602488 -0.169603
v 0.000520 0.601736 -0.176615
v 0.000619 0.601285 -0.183242
v 0.000156 0.601301 -0.189271
v -0.001038 0.601925 -0.194524
f 6271 6272 6273
f 6271 6273 6272
f 6271 6273 6274
f 6271 6274 6273
f 6271 6274 6275
f 6271 6275 6274
f 6271 6275 6276
f 6271 6276 6275
f 6271 6276 6277
f 6271 6277 6276
f 6271 6277 6278
f 6271 6278 6277
f 6271 6278 6279
f 6271 6279 6278
f 6271 6279 6280
f 6271 6280 6279
f 6271 6280 6281
f 6271 6281 6280
f 6271 6281 6282
f 6271 6282 6281
f 6271 6282 6283
f 6271 6283 6282
f 6271 6283 6284
f 6271 6284 6283
f 6271 6284 6285
f 6271 6285 6284
f 6271 6285 6286
f 6271 6286 6285
f 6271 6286 6287
f 6271 6287 6286
f 6271 6287 6288
f 6271 6288 6287
f 6271 6288 6289
f 6271 6289 6288
f 6271 6289 6290
f 6271 6290 6289
f 6271 6290 6291
f 6271 6291 6290
f 6271 6291 6292
f 6271 6292 6291
f 6271 6292 6293
f 6271 6293 6292
f 6271 6293 6294
f 6271 6294 6293
f 6271 6294 6295
f 6271 6295 6294
f 6271 6295 6296
f 6271 6296 6295
f 6271 6296 6297
f 6271 6297 6296
f 6271 6297 6298
f 6271 6298 6297
f 6271 6298 6299
f 6271 6299 6298
f 6271 6299 6300
f 6271 6300 6299
f 6271 6300 6301
f 6271 6301 6300
f 6271 6301 6302
f 6271 6302 6301
f 6271 6302 6303
f 6271 6303 6302
f 6271 6303 6304
f 6271 6304 6303
f 6271 6304 6305
f 6271 6305 6304
f 6271 6305 6306
f 6271 6306 6305
f 6271 6306 6307
f 6271 6307 6306
f 6271 6307 6308
f 6271 6308 6307
f 6271 6308 6309
f 6271 6309 6308
f 6271 6309 6310
f 6271 6310 6309
f 6271 6310 6311
f 6271 6311 6310
f 6271 6311 6312
f 6271 6312 6311
f 6271 6312 6313
f 6271 6313 6312
f 6271 6313 6314
f 6271 6314 6313
f 6271 6314 6315
f 6271 6315 6314
f 6271 6315 6316
f 6271 6316 6315
v 0.009750 0.433605 -0.148699
v 0.005830 0.438109 -0.142547
v 0.006537 0.440892 -0.134469
v 0.011601 0.440892 -0.127551
v 0.019088 0.438109 -0.124435
v 0.026137 0.433605 -0.126312
v 0.030057 0.429101 -0.132464
v 0.029350 0.426318 -0.140542
v 0.024286 0.426318 -0.147461
v 0.016800 0.429101 -0.150576
v 0.064379 0.530871 -0.183184
v 0.061713 0.533934 -0.179001
v 0.062194 0.535827 -0.173508
v 0.065637 0.535827 -0.168803
v 0.070728 0.533934 -0.166685
v 0.075522 0.530871 -0.167961
v 0.078187 0.527809 -0.172145
v 0.077707 0.525916 -0.177638
v 0.074263 0.525916 -0.182342
v 0.069172 0.527809 -0.184461
f 6317 6318 6328
f 6317 6328 6327
f 6318 6319 6329
f 6318 6329 6328
f 6319 6320 6330
f 6319 6330 6329
f 6320 6321 6331
f 6320 6331 6330
f 6321 6322 6332
f 6321 6332 6331
f 6322 6323 6333
f 6322 6333 6332
f 6323 6324 6334
f 6323 6334 6333
f 6324 6325 6335
f 6324 6335 6334
f 6325 6326 6336
f 6325 6336 6335
f 6326 6317 6327
f 6326 6327 6336
v 0.069950 0.530871 -0.175573
v 0.067593 0.528747 -0.177675
v 0.064678 0.526995 -0.179588
v 0.061002 0.525749 -0.181246
v 0.056532 0.525033 -0.182635
v 0.051365 0.524782 -0.183789
v 0.045716 0.524852 -0.184781
v 0.039882 0.525046 -0.185710
v 0.034203 0.525136 -0.186692
v 0.029022 0.524894 -0.187841
v 0.024642 0.524118 -0.189261
v 0.021288 0.522658 -0.191027
v 0.019080 0.520434 -0.193179
v 0.018017 0.517446 -0.195718
v 0.017981 0.513775 -0.198602
v 0.018745 0.509570 -0.201757
v 0.020007 0.505032 -0.205079
v 0.021425 0.500391 -0.208454
v 0.022658 0.495873 -0.211767
v 0.023408 0.491677 -0.214917
v 0.023462 0.487945 -0.217832
v 0.022720 0.484744 -0.220478
v 0.021219 0.482048 -0.222869
v 0.019160 0.479726 -0.225071
v 0.021517 0.481850 -0.222969
v 0.024433 0.483602 -0.221056
v 0.028108 0.484848 -0.219399
v 0.032578 0.485563 -0.218009
v 0.037745 0.485815 -0.216855
v 0.043394 0.485745 -0.215863
v 0.049228 0.485551 -0.214934
v 0.054907 0.485461 -0.213952
v 0.060088 0.485703 -0.212803
v 0.064468 0.486479 -0.211383
v 0.067822 0.487939 -0.209617
v 0.070030 0.490163 -0.207465
v 0.071093 0.493150 -0.204926
v 0.071130 0.496822 -0.202042
v 0.070365 0.501027 -0.198887
v 0.069103 0.505565 -0.195565
v 0.067685 0.510206 -0.192190
v 0.066453 0.514723 -0.188877
v 0.065703 0.518919 -0.185728
v 0.065648 0.522651 -0.182812
v 0.066390 0.525853 -0.180166
v 0.067891 0.528548 -0.177775
f 6337 6338 6339
f 6337 6339 6338
f 6337 6339 6340
f 6337 6340 6339
f 6337 6340 6341
f 6337 6341 6340
f 6337 6341 6342
f 6337 6342 6341
f 6337 6342 6343
f 6337 6343 6342
f 6337 6343 6344
f 6337 6344 6343
f 6337 6344 6345
f 6337 6345 6344
f 6337 6345 6346
f 6337 6346 6345
f 6337 6346 6347
f 6337 6347 6346
f 6337 6347 6348
f 6337 6348 6347
f 6337 6348 6349
f 6337 6349 6348
f 6337 6349 6350
f 6337 6350 6349
f 6337 6350 6351
f 6337 6351 6350
f 6337 6351 6352
f 6337 6352 6351
f 6337 6352 6353
f 6337 6353 6352
f 6337 6353 6354
f 6337 6354 6353
f 6337 6354 6355
f 6337 6355 6354
f 6337 6355 6356
f 6337 6356 6355
f 6337 6356 6357
f 6337 6357 6356
f 6337 6357 6358
f 6337 6358 6357
f 6337 6358 6359
f 6337 6359 6358
f 6337 6359 6360
f 6337 6360 6359
f 6337 6360 6361
f 6337 6361 6360
f 6337 6361 6362
f 6337 6362 6361
f 6337 6362 6363
f 6337 6363 6362
f 6337 6363 6364
f 6337 6364 6363
f 6337 6364 6365
f 6337 6365 6364
f 6337 6365 6366
f 6337 6366 6365
f 6337 6366 6367
f 6337 6367 6366
f 6337 6367 6368
f 6337 6368 6367
f 6337 6368 6369
f 6337 6369 6368
f 6337 6369 6370
f 6337 6370 6369
f 6337 6370 6371
f 6337 6371 6370
f 6337 6371 6372
f 6337 6372 6371
f 6337 6372 6373
f 6337 6373 6372
f 6337 6373 6374
f 6337 6374 6373
f 6337 6374 6375
f 6337 6375 6374
f 6337 6375 6376
f 6337 6376 6375
f 6337 6376 6377
f 6337 6377 6376
f 6337 6377 6378
f 6337 6378 6377
f 6337 6378 6379
f 6337 6379 6378
f 6337 6379 6380
f 6337 6380 6379
f 6337 6380 6381
f 6337 6381 6380
f 6337 6381 6382
f 6337 6382 6381
v 0.069950 0.530871 -0.175573
v 0.068654 0.531468 -0.171216
v 0.067746 0.531913 -0.166717
v 0.067627 0.532050 -0.161927
v 0.068583 0.531768 -0.156742
v 0.070696 0.531033 -0.151131
v 0.073814 0.529905 -0.145150
v 0.077560 0.528532 -0.138937
v 0.081389 0.527127 -0.132695
v 0.084672 0.525935 -0.126653
v 0.086809 0.525191 -0.121033
v 0.087329 0.525078 -0.116008
v 0.085976 0.525698 -0.111672
v 0.082747 0.527049 -0.108027
v 0.077903 0.529032 -0.104977
v 0.071912 0.531463 -0.102349
v 0.065376 0.534106 -0.099921
v 0.058922 0.536718 -0.097463
v 0.053096 0.539084 -0.094774
v 0.048276 0.541058 -0.091715
v 0.044613 0.542579 -0.088230
v 0.042024 0.543681 -0.084350
v 0.040224 0.544475 -0.080179
v 0.038813 0.545116 -0.075865
v 0.040110 0.544519 -0.080221
v 0.041018 0.544074 -0.084720
v 0.041136 0.543937 -0.089510
v 0.040181 0.544220 -0.094695
v 0.038068 0.544955 -0.100306
v 0.034950 0.546082 -0.106287
v 0.031203 0.547455 -0.112500
v 0.027375 0.548860 -0.118743
v 0.024092 0.550052 -0.124784
v 0.021955 0.550796 -0.130405
v 0.021434 0.550909 -0.135430
v 0.022788 0.550290 -0.139765
v 0.026016 0.548938 -0.143410
v 0.030861 0.546955 -0.146460
v 0.036851 0.544525 -0.149088
v 0.043387 0.541881 -0.151516
v 0.049841 0.539269 -0.153974
v 0.055667 0.536903 -0.156663
v 0.060488 0.534930 -0.159722
v 0.064150 0.533408 -0.163207
v 0.066740 0.532306 -0.167087
v 0.068539 0.531513 -0.171258
f 6383 6384 6385
f 6383 6385 6384
f 6383 6385 6386
f 6383 6386 6385
f 6383 6386 6387
f 6383 6387 6386
f 6383 6387 6388
f 6383 6388 6387
f 6383 6388 6389
f 6383 6389 6388
f 6383 6389 6390
f 6383 6390 6389
f 6383 6390 6391
f 6383 6391 6390
f 6383 6391 6392
f 6383 6392 6391
f 6383 6392 6393
f 6383 6393 6392
f 6383 6393 6394
f 6383 6394 6393
f 6383 6394 6395
f 6383 6395 6394
f 6383 6395 6396
f 6383 6396 6395
f 6383 6396 6397
f 6383 6397 6396
f 6383 6397 6398
f 6383 6398 6397
f 6383 6398 6399
f 6383 6399 6398
f 6383 6399 6400
f 6383 6400 6399
f 6383 6400 6401
f 6383 6401 6400
f 6383 6401 6402
f 6383 6402 6401
f 6383 6402 6403
f 6383 6403 6402
f 6383 6403 6404
f 6383 6404 6403
f 6383 6404 6405
f 6383 6405 6404
f 6383 6405 6406
f 6383 6406 6405
f 6383 6406 6407
f 6383 6407 6406
f 6383 6407 6408
f 6383 6408 6407
f 6383 6408 6409
f 6383 6409 6408
f 6383 6409 6410
f 6383 6410 6409
f 6383 6410 6411
f 6383 6411 6410
f 6383 6411 6412
f 6383 6412 6411
f 6383 6412 6413
f 6383 6413 6412
f 6383 6413 6414
f 6383 6414 6413
f 6383 6414 6415
f 6383 6415 6414
f 6383 6415 6416
f 6383 6416 6415
f 6383 6416 6417
f 6383 6417 6416
f 6383 6417 6418
f 6383 6418 6417
f 6383 6418 6419
f 6383 6419 6418
f 6383 6419 6420
f 6383 6420 6419
f 6383 6420 6421
f 6383 6421 6420
f 6383 6421 6422
f 6383 6422 6421
f 6383 6422 6423
f 6383 6423 6422
f 6383 6423 6424
f 6383 6424 6423
f 6383 6424 6425
f 6383 6425 6424
f 6383 6425 6426
f 6383 6426 6425
f 6383 6426 6427
f 6383 6427 6426
f 6383 6427 6428
f 6383 6428 6427
v 0.069950 0.530871 -0.175573
v 0.072333 0.528669 -0.175474
v 0.074622 0.526293 -0.175952
v 0.076783 0.523682 -0.177199
v 0.078814 0.520831 -0.179243
v 0.080731 0.517770 -0.181975
v 0.082570 0.514566 -0.185179
v 0.084381 0.511310 -0.188557
v 0.086219 0.508103 -0.191770
v 0.088140 0.505050 -0.194479
v 0.090193 0.502239 -0.196386
v 0.092414 0.499739 -0.197270
v 0.094823 0.497586 -0.197013
v 0.097420 0.495778 -0.195616
v 0.100185 0.494280 -0.193195
v 0.103083 0.493026 -0.189973
v 0.106063 0.491925 -0.186246
v 0.109070 0.490874 -0.182354
v 0.112049 0.489770 -0.178637
v 0.114950 0.488523 -0.175390
v 0.117738 0.487067 -0.172833
v 0.120395 0.485369 -0.171072
v 0.122925 0.483438 -0.170080
v 0.125360 0.481332 -0.169665
v 0.122977 0.483534 -0.169764
v 0.120689 0.485911 -0.169286
v 0.118527 0.488521 -0.168038
v 0.116497 0.491373 -0.165995
v 0.114580 0.494433 -0.163262
v 0.112740 0.497637 -0.160058
v 0.110929 0.500894 -0.156680
v 0.109092 0.504100 -0.153467
v 0.107171 0.507154 -0.150758
v 0.105118 0.509964 -0.148852
v 0.102896 0.512464 -0.147968
v 0.100487 0.514618 -0.148225
v 0.097890 0.516426 -0.149622
v 0.095125 0.517923 -0.152043
v 0.092228 0.519177 -0.155265
v 0.089247 0.520279 -0.158992
v 0.086240 0.521330 -0.162884
v 0.083261 0.522434 -0.166601
v 0.080360 0.523681 -0.169848
v 0.077572 0.525137 -0.172405
v 0.074916 0.526834 -0.174166
v 0.072385 0.528765 -0.175158
f 6429 6430 6431
f 6429 6431 6430
f 6429 6431 6432
f 6429 6432 6431
f 6429 6432 6433
f 6429 6433 6432
f 6429 6433 6434
f 6429 6434 6433
f 6429 6434 6435
f 6429 6435 6434
f 6429 6435 6436
f 6429 6436 6435
f 6429 6436 6437
f 6429 6437 6436
f 6429 6437 6438
f 6429 6438 6437
f 6429 6438 6439
f 6429 6439 6438
f 6429 6439 6440
f 6429 6440 6439
f 6429 6440 6441
f 6429 6441 6440
f 6429 6441 6442
f 6429 6442 6441
f 6429 6442 6443
f 6429 6443 6442
f 6429 6443 6444
f 6429 6444 6443
f 6429 6444 6445
f 6429 6445 6444
f 6429 6445 6446
f 6429 6446 6445
f 6429 6446 6447
f 6429 6447 6446
f 6429 6447 6448
f 6429 6448 6447
f 6429 6448 6449
f 6429 6449 6448
f 6429 6449 6450
f 6429 6450 6449
f 6429 6450 6451
f 6429 6451 6450
f 6429 6451 6452
f 6429 6452 6451
f 6429 6452 6453
f 6429 6453 6452
f 6429 6453 6454
f 6429 6454 6453
f 6429 6454 6455
f 6429 6455 6454
f 6429 6455 6456
f 6429 6456 6455
f 6429 6456 6457
f 6429 6457 6456
f 6429 6457 6458
f 6429 6458 6457
f 6429 6458 6459
f 6429 6459 6458
f 6429 6459 6460
f 6429 6460 6459
f 6429 6460 6461
f 6429 6461 6460
f 6429 6461 6462
f 6429 6462 6461
f 6429 6462 6463
f 6429 6463 6462
f 6429 6463 6464
f 6429 6464 6463
f 6429 6464 6465
f 6429 6465 6464
f 6429 6465 6466
f 6429 6466 6465
f 6429 6466 6467
f 6429 6467 6466
f 6429 6467 6468
f 6429 6468 6467
f 6429 6468 6469
f 6429 6469 6468
f 6429 6469 6470
f 6429 6470 6469
f 6429 6470 6471
f 6429 6471 6470
f 6429 6471 6472
f 6429 6472 6471
f 6429 6472 6473
f 6429 6473 6472
f 6429 6473 6474
f 6429 6474 6473
v 0.063307 0.530871 -0.182269
v 0.062396 0.535488 -0.178828
v 0.064370 0.538341 -0.174143
v 0.068476 0.538341 -0.170004
v 0.073145 0.535488 -0.167992
v 0.076594 0.530871 -0.168876
v 0.077505 0.526255 -0.172318
v 0.075531 0.523402 -0.177003
v 0.071425 0.523402 -0.181141
v 0.066756 0.526255 -0.183153
v 0.108169 0.570914 -0.222522
v 0.107550 0.574053 -0.220182
v 0.108892 0.575993 -0.216996
v 0.111684 0.575993 -0.214182
v 0.114859 0.574053 -0.212814
v 0.117204 0.570914 -0.213415
v 0.117824 0.567775 -0.215755
v 0.116481 0.565834 -0.218941
v 0.113689 0.565834 -0.221755
v 0.110514 0.567775 -0.223123
f 6475 6476 6486
f 6475 6486 6485
f 6476 6477 6487
f 6476 6487 6486
f 6477 6478 6488
f 6477 6488 6487
f 6478 6479 6489
f 6478 6489 6488
f 6479 6480 6490
f 6479 6490 6489
f 6480 6481 6491
f 6480 6491 6490
f 6481 6482 6492
f 6481 6492 6491
f 6482 6483 6493
f 6482 6493 6492
f 6483 6484 6494
f 6483 6494 6493
f 6484 6475 6485
f 6484 6485 6494
v 0.112687 0.570914 -0.217968
v 0.107540 0.571112 -0.219730
v 0.102087 0.572349 -0.220818
v 0.096296 0.574740 -0.221158
v 0.090192 0.578192 -0.220811
v 0.083844 0.582471 -0.219928
v 0.077354 0.587240 -0.218728
v 0.070838 0.592091 -0.217474
v 0.064424 0.596599 -0.216442
v 0.058231 0.600354 -0.215899
v 0.052361 0.603009 -0.216068
v 0.046889 0.604313 -0.217113
v 0.041853 0.604133 -0.219119
v 0.037254 0.602468 -0.222088
v 0.033053 0.599452 -0.225933
v 0.029175 0.595336 -0.230490
v 0.025518 0.590468 -0.235535
v 0.021962 0.585255 -0.240803
v 0.018382 0.580126 -0.246016
v 0.014658 0.575486 -0.250913
v 0.010690 0.571673 -0.255274
v 0.006411 0.568922 -0.258947
v 0.001792 0.567323 -0.261873
v -0.003132 0.566764 -0.264125
v 0.002015 0.566567 -0.262363
v 0.007467 0.565329 -0.261275
v 0.013259 0.562938 -0.260934
v 0.019363 0.559486 -0.261282
v 0.025710 0.555207 -0.262165
v 0.032201 0.550439 -0.263365
v 0.038716 0.545587 -0.264619
v 0.045131 0.541079 -0.265651
v 0.051324 0.537324 -0.266194
v 0.057193 0.534669 -0.266025
v 0.062665 0.533365 -0.264980
v 0.067701 0.533545 -0.262974
v 0.072300 0.535210 -0.260005
v 0.076502 0.538226 -0.256160
v 0.080380 0.542342 -0.251603
v 0.084037 0.547211 -0.246558
v 0.087593 0.552423 -0.241290
v 0.091173 0.557552 -0.236077
v 0.094897 0.562192 -0.231180
v 0.098864 0.566005 -0.226819
v 0.103144 0.568757 -0.223146
v 0.107762 0.570355 -0.220220
f 6495 6496 6497
f 6495 6497 6496
f 6495 6497 6498
f 6495 6498 6497
f 6495 6498 6499
f 6495 6499 6498
f 6495 6499 6500
f 6495 6500 6499
f 6495 6500 6501
f 6495 6501 6500
f 6495 6501 6502
f 6495 6502 6501
f 6495 6502 6503
f 6495 6503 6502
f 6495 6503 6504
f 6495 6504 6503
f 6495 6504 6505
f 6495 6505 6504
f 6495 6505 6506
f 6495 6506 6505
f 6495 6506 6507
f 6495 6507 6506
f 6495 6507 6508
f 6495 6508 6507
f 6495 6508 6509
f 6495 6509 6508
f 6495 6509 6510
f 6495 6510 6509
f 6495 6510 6511
f 6495 6511 6510
f 6495 6511 6512
f 6495 6512 6511
f 6495 6512 6513
f 6495 6513 6512
f 6495 6513 6514
f 6495 6514 6513
f 6495 6514 6515
f 6495 6515 6514
f 6495 6515 6516
f 6495 6516 6515
f 6495 6516 6517
f 6495 6517 6516
f 6495 6517 6518
f 6495 6518 6517
f 6495 6518 6519
f 6495 6519 6518
f 6495 6519 6520
f 6495 6520 6519
f 6495 6520 6521
f 6495 6521 6520
f 6495 6521 6522
f 6495 6522 6521
f 6495 6522 6523
f 6495 6523 6522
f 6495 6523 6524
f 6495 6524 6523
f 6495 6524 6525
f 6495 6525 6524
f 6495 6525 6526
f 6495 6526 6525
f 6495 6526 6527
f 6495 6527 6526
f 6495 6527 6528
f 6495 6528 6527
f 6495 6528 6529
f 6495 6529 6528
f 6495 6529 6530
f 6495 6530 6529
f 6495 6530 6531
f 6495 6531 6530
f 6495 6531 6532
f 6495 6532 6531
f 6495 6532 6533
f 6495 6533 6532
f 6495 6533 6534
f 6495 6534 6533
f 6495 6534 6535
f 6495 6535 6534
f 6495 6535 6536
f 6495 6536 6535
f 6495 6536 6537
f 6495 6537 6536
f 6495 6537 6538
f 6495 6538 6537
f 6495 6538 6539
f 6495 6539 6538
f 6495 6539 6540
f 6495 6540 6539
v 0.112687 0.570914 -0.217968
v 0.111431 0.574136 -0.213667
v 0.110600 0.577184 -0.209101
v 0.110633 0.579878 -0.203999
v 0.111843 0.582090 -0.198166
v 0.114323 0.583782 -0.191544
v 0.117906 0.585021 -0.184237
v 0.122181 0.585978 -0.176500
v 0.126547 0.586898 -0.168706
v 0.130315 0.588062 -0.161284
v 0.132828 0.589740 -0.154642
v 0.133566 0.592145 -0.149101
v 0.132248 0.595393 -0.144838
v 0.128874 0.599482 -0.141853
v 0.123726 0.604298 -0.139969
v 0.117321 0.609629 -0.138866
v 0.110319 0.615205 -0.138134
v 0.103409 0.620743 -0.137345
v 0.097190 0.625998 -0.136127
v 0.092074 0.630800 -0.134223
v 0.088228 0.635083 -0.131530
v 0.085559 0.638884 -0.128107
v 0.083754 0.642331 -0.124146
v 0.082374 0.645604 -0.119922
v 0.083630 0.642382 -0.124224
v 0.084461 0.639334 -0.128789
v 0.084428 0.636640 -0.133891
v 0.083218 0.634428 -0.139724
v 0.080738 0.632736 -0.146346
v 0.077154 0.631496 -0.153654
v 0.072880 0.630539 -0.161391
v 0.068514 0.629620 -0.169184
v 0.064745 0.628456 -0.176607
v 0.062233 0.626777 -0.183249
v 0.061495 0.624372 -0.188789
v 0.062812 0.621125 -0.193052
v 0.066187 0.617035 -0.196037
v 0.071335 0.612219 -0.197921
v 0.077740 0.606888 -0.199024
v 0.084741 0.601313 -0.199757
v 0.091652 0.595775 -0.200545
v 0.097871 0.590520 -0.201764
v 0.102987 0.585717 -0.203668
v 0.106832 0.581434 -0.206360
v 0.109502 0.577634 -0.209784
v 0.111307 0.574187 -0.213744
f 6541 6542 6543
f 6541 6543 6542
f 6541 6543 6544
f 6541 6544 6543
f 6541 6544 6545
f 6541 6545 6544
f 6541 6545 6546
f 6541 6546 6545
f 6541 6546 6547
f 6541 6547 6546
f 6541 6547 6548
f 6541 6548 6547
f 6541 6548 6549
f 6541 6549 6548
f 6541 6549 6550
f 6541 6550 6549
f 6541 6550 6551
f 6541 6551 6550
f 6541 6551 6552
f 6541 6552 6551
f 6541 6552 6553
f 6541 6553 6552
f 6541 6553 6554
f 6541 6554 6553
f 6541 6554 6555
f 6541 6555 6554
f 6541 6555 6556
f 6541 6556 6555
f 6541 6556 6557
f 6541 6557 6556
f 6541 6557 6558
f 6541 6558 6557
f 6541 6558 6559
f 6541 6559 6558
f 6541 6559 6560
f 6541 6560 6559
f 6541 6560 6561
f 6541 6561 6560
f 6541 6561 6562
f 6541 6562 6561
f 6541 6562 6563
f 6541 6563 6562
f 6541 6563 6564
f 6541 6564 6563
f 6541 6564 6565
f 6541 6565 6564
f 6541 6565 6566
f 6541 6566 6565
f 6541 6566 6567
f 6541 6567 6566
f 6541 6567 6568
f 6541 6568 6567
f 6541 6568 6569
f 6541 6569 6568
f 6541 6569 6570
f 6541 6570 6569
f 6541 6570 6571
f 6541 6571 6570
f 6541 6571 6572
f 6541 6572 6571
f 6541 6572 6573
f 6541 6573 6572
f 6541 6573 6574
f 6541 6574 6573
f 6541 6574 6575
f 6541 6575 6574
f 6541 6575 6576
f 6541 6576 6575
f 6541 6576 6577
f 6541 6577 6576
f 6541 6577 6578
f 6541 6578 6577
f 6541 6578 6579
f 6541 6579 6578
f 6541 6579 6580
f 6541 6580 6579
f 6541 6580 6581
f 6541 6581 6580
f 6541 6581 6582
f 6541 6582 6581
f 6541 6582 6583
f 6541 6583 6582
f 6541 6583 6584
f 6541 6584 6583
f 6541 6584 6585
f 6541 6585 6584
f 6541 6585 6586
f 6541 6586 6585
v 0.112687 0.570914 -0.217968
v 0.113494 0.567534 -0.218001
v 0.113988 0.564067 -0.218430
v 0.113991 0.560462 -0.219486
v 0.113425 0.556698 -0.221264
v 0.112322 0.552784 -0.223726
v 0.110809 0.548756 -0.226709
v 0.109096 0.544671 -0.229946
v 0.107441 0.540603 -0.233111
v 0.106115 0.536627 -0.235856
v 0.105364 0.532811 -0.237870
v 0.105375 0.529209 -0.238915
v 0.106248 0.525847 -0.238863
v 0.107984 0.522727 -0.237714
v 0.110481 0.519820 -0.235595
v 0.113554 0.517073 -0.232745
v 0.116956 0.514418 -0.229476
v 0.120415 0.511780 -0.226135
v 0.123674 0.509085 -0.223048
v 0.126524 0.506277 -0.220481
v 0.128836 0.503317 -0.218598
v 0.130581 0.500199 -0.217438
v 0.131832 0.496944 -0.216905
v 0.132772 0.493601 -0.216768
v 0.131965 0.496981 -0.216736
v 0.131470 0.500448 -0.216306
v 0.131468 0.504053 -0.215251
v 0.132034 0.507817 -0.213472
v 0.133137 0.511731 -0.211010
v 0.134650 0.515759 -0.208028
v 0.136362 0.519843 -0.204790
v 0.138018 0.523912 -0.201626
v 0.139344 0.527888 -0.198880
v 0.140095 0.531704 -0.196866
v 0.140084 0.535306 -0.195821
v 0.139211 0.538667 -0.195874
v 0.137475 0.541788 -0.197023
v 0.134978 0.544695 -0.199141
v 0.131905 0.547442 -0.201991
v 0.128503 0.550096 -0.205260
v 0.125044 0.552735 -0.208602
v 0.121785 0.555429 -0.211689
v 0.118935 0.558238 -0.214255
v 0.116623 0.561197 -0.216138
v 0.114878 0.564315 -0.217298
v 0.113626 0.567571 -0.217832
f 6587 6588 6589
f 6587 6589 6588
f 6587 6589 6590
f 6587 6590 6589
f 6587 6590 6591
f 6587 6591 6590
f 6587 6591 6592
f 6587 6592 6591
f 6587 6592 6593
f 6587 6593 6592
f 6587 6593 6594
f 6587 6594 6593
f 6587 6594 6595
f 6587 6595 6594
f 6587 6595 6596
f 6587 6596 6595
f 6587 6596 6597
f 6587 6597 6596
f 6587 6597 6598
f 6587 6598 6597
f 6587 6598 6599
f 6587 6599 6598
f 6587 6599 6600
f 6587 6600 6599
f 6587 6600 6601
f 6587 6601 6600
f 6587 6601 6602
f 6587 6602 6601
f 6587 6602 6603
f 6587 6603 6602
f 6587 6603 6604
f 6587 6604 6603
f 6587 6604 6605
f 6587 6605 6604
f 6587 6605 6606
f 6587 6606 6605
f 6587 6606 6607
f 6587 6607 6606
f 6587 6607 6608
f 6587 6608 6607
f 6587 6608 6609
f 6587 6609 6608
f 6587 6609 6610
f 6587 6610 6609
f 6587 6610 6611
f 6587 6611 6610
f 6587 6611 6612
f 6587 6612 6611
f 6587 6612 6613
f 6587 6613 6612
f 6587 6613 6614
f 6587 6614 6613
f 6587 6614 6615
f 6587 6615 6614
f 6587 6615 6616
f 6587 6616 6615
f 6587 6616 6617
f 6587 6617 6616
f 6587 6617 6618
f 6587 6618 6617
f 6587 6618 6619
f 6587 6619 6618
f 6587 6619 6620
f 6587 6620 6619
f 6587 6620 6621
f 6587 6621 6620
f 6587 6621 6622
f 6587 6622 6621
f 6587 6622 6623
f 6587 6623 6622
f 6587 6623 6624
f 6587 6624 6623
f 6587 6624 6625
f 6587 6625 6624
f 6587 6625 6626
f 6587 6626 6625
f 6587 6626 6627
f 6587 6627 6626
f 6587 6627 6628
f 6587 6628 6627
f 6587 6628 6629
f 6587 6629 6628
f 6587 6629 6630
f 6587 6630 6629
f 6587 6630 6631
f 6587 6631 6630
f 6587 6631 6632
f 6587 6632 6631
v 0.062763 0.530871 -0.169463
v 0.067117 0.533962 -0.167123
v 0.072553 0.535872 -0.168009
v 0.076995 0.535872 -0.171785
v 0.078746 0.533962 -0.177008
v 0.077138 0.530871 -0.181682
v 0.072784 0.527781 -0.184023
v 0.067347 0.525871 -0.183136
v 0.062905 0.525871 -0.179360
v 0.061154 0.527781 -0.174138
v 0.042203 0.583450 -0.198313
v 0.045163 0.585552 -0.196721
v 0.048860 0.586850 -0.197324
v 0.051881 0.586850 -0.199892
v 0.053071 0.585552 -0.203443
v 0.051977 0.583450 -0.206621
v 0.049017 0.581349 -0.208213
v 0.045320 0.580050 -0.207610
v 0.042299 0.580050 -0.205042
v 0.041109 0.581349 -0.201491
f 6633 6634 6644
f 6633 6644 6643
f 6634 6635 6645
f 6634 6645 6644
f 6635 6636 6646
f 6635 6646 6645
f 6636 6637 6647
f 6636 6647 6646
f 6637 6638 6648
f 6637 6648 6647
f 6638 6639 6649
f 6638 6649 6648
f 6639 6640 6650
f 6639 6650 6649
f 6640 6641 6651
f 6640 6651 6650
f 6641 6642 6652
f 6641 6652 6651
f 6642 6633 6643
f 6642 6643 6652
v 0.047090 0.583450 -0.202467
v 0.045354 0.583060 -0.199875
v 0.043782 0.582811 -0.197149
v 0.042576 0.582873 -0.194123
v 0.041900 0.583387 -0.190665
v 0.041822 0.584412 -0.186718
v 0.042288 0.585900 -0.182326
v 0.043117 0.587698 -0.177637
v 0.044028 0.589566 -0.172882
v 0.044684 0.591216 -0.168335
v 0.044757 0.592370 -0.164264
v 0.043987 0.592804 -0.160882
v 0.042230 0.592396 -0.158308
v 0.039486 0.591147 -0.156540
v 0.035899 0.589178 -0.155461
v 0.031729 0.586713 -0.154858
v 0.027304 0.584030 -0.154464
v 0.022961 0.581417 -0.154003
v 0.018981 0.579113 -0.153245
v 0.015545 0.577274 -0.152043
v 0.012707 0.575944 -0.150351
v 0.010399 0.575067 -0.148226
v 0.008457 0.574501 -0.145803
v 0.006679 0.574076 -0.143245
v 0.008415 0.574465 -0.145837
v 0.009987 0.574715 -0.148563
v 0.011193 0.574653 -0.151589
v 0.011869 0.574139 -0.155047
v 0.011947 0.573114 -0.158994
v 0.011481 0.571626 -0.163386
v 0.010652 0.569828 -0.168075
v 0.009741 0.567960 -0.172830
v 0.009085 0.566310 -0.177377
v 0.009012 0.565156 -0.181448
v 0.009782 0.564722 -0.184830
v 0.011539 0.565130 -0.187405
v 0.014283 0.566379 -0.189173
v 0.017870 0.568348 -0.190251
v 0.022040 0.570813 -0.190854
v 0.026465 0.573496 -0.191249
v 0.030808 0.576109 -0.191710
v 0.034788 0.578413 -0.192467
v 0.038224 0.580252 -0.193670
v 0.041062 0.581581 -0.195361
v 0.043370 0.582459 -0.197486
v 0.045312 0.583025 -0.199909
f 6653 6654 6655
f 6653 6655 6654
f 6653 6655 6656
f 6653 6656 6655
f 6653 6656 6657
f 6653 6657 6656
f 6653 6657 6658
f 6653 6658 6657
f 6653 6658 6659
f 6653 6659 6658
f 6653 6659 6660
f 6653 6660 6659
f 6653 6660 6661
f 6653 6661 6660
f 6653 6661 6662
f 6653 6662 6661
f 6653 6662 6663
f 6653 6663 6662
f 6653 6663 6664
f 6653 6664 6663
f 6653 6664 6665
f 6653 6665 6664
f 6653 6665 6666
f 6653 6666 6665
f 6653 6666 6667
f 6653 6667 6666
f 6653 6667 6668
f 6653 6668 6667
f 6653 6668 6669
f 6653 6669 6668
f 6653 6669 6670
f 6653 6670 6669
f 6653 6670 6671
f 6653 6671 6670
f 6653 6671 6672
f 6653 6672 6671
f 6653 6672 6673
f 6653 6673 6672
f 6653 6673 6674
f 6653 6674 6673
f 6653 6674 6675
f 6653 6675 6674
f 6653 6675 6676
f 6653 6676 6675
f 6653 6676 6677
f 6653 6677 6676
f 6653 6677 6678
f 6653 6678 6677
f 6653 6678 6679
f 6653 6679 6678
f 6653 6679 6680
f 6653 6680 6679
f 6653 6680 6681
f 6653 6681 6680
f 6653 6681 6682
f 6653 6682 6681
f 6653 6682 6683
f 6653 6683 6682
f 6653 6683 6684
f 6653 6684 6683
f 6653 6684 6685
f 6653 6685 6684
f 6653 6685 6686
f 6653 6686 6685
f 6653 6686 6687
f 6653 6687 6686
f 6653 6687 6688
f 6653 6688 6687
f 6653 6688 6689
f 6653 6689 6688
f 6653 6689 6690
f 6653 6690 6689
f 6653 6690 6691
f 6653 6691 6690
f 6653 6691 6692
f 6653 6692 6691
f 6653 6692 6693
f 6653 6693 6692
f 6653 6693 6694
f 6653 6694 6693
f 6653 6694 6695
f 6653 6695 6694
f 6653 6695 6696
f 6653 6696 6695
f 6653 6696 6697
f 6653 6697 6696
f 6653 6697 6698
f 6653 6698 6697
v 0.047090 0.583450 -0.202467
v 0.051548 0.583523 -0.202335
v 0.056225 0.583111 -0.203337
v 0.061100 0.582262 -0.205364
v 0.066135 0.581059 -0.208217
v 0.071280 0.579615 -0.211636
v 0.076475 0.578060 -0.215312
v 0.081656 0.576536 -0.218917
v 0.086760 0.575180 -0.222129
v 0.091732 0.574118 -0.224652
v 0.096523 0.573454 -0.226244
v 0.101101 0.573262 -0.226733
v 0.105447 0.573580 -0.226028
v 0.109563 0.574409 -0.224128
v 0.113465 0.575708 -0.221126
v 0.117187 0.577406 -0.217192
v 0.120775 0.579398 -0.212569
v 0.124288 0.581558 -0.207553
v 0.127786 0.583749 -0.202467
v 0.131335 0.585829 -0.197638
v 0.134993 0.587668 -0.193373
v 0.138811 0.589154 -0.189936
v 0.142827 0.590202 -0.187523
v 0.147063 0.590764 -0.186245
v 0.142605 0.590691 -0.186377
v 0.137928 0.591103 -0.185375
v 0.133053 0.591953 -0.183348
v 0.128017 0.593156 -0.180495
v 0.122873 0.594600 -0.177076
v 0.117678 0.596154 -0.173400
v 0.112497 0.597678 -0.169795
v 0.107392 0.599034 -0.166583
v 0.102421 0.600096 -0.164060
v 0.097630 0.600760 -0.162468
v 0.093052 0.600952 -0.161979
v 0.088705 0.600634 -0.162684
v 0.084590 0.599806 -0.164583
v 0.080688 0.598506 -0.167586
v 0.076966 0.596808 -0.171520
v 0.073377 0.594816 -0.176143
v 0.069865 0.592656 -0.181159
v 0.066366 0.590466 -0.186245
v 0.062818 0.588385 -0.191074
v 0.059160 0.586546 -0.195339
v 0.055342 0.585061 -0.198776
v 0.051326 0.584013 -0.201189
f 6699 6700 6701
f 6699 6701 6700
f 6699 6701 6702
f 6699 6702 6701
f 6699 6702 6703
f 6699 6703 6702
f 6699 6703 6704
f 6699 6704 6703
f 6699 6704 6705
f 6699 6705 6704
f 6699 6705 6706
f 6699 6706 6705
f 6699 6706 6707
f 6699 6707 6706
f 6699 6707 6708
f 6699 6708 6707
f 6699 6708 6709
f 6699 6709 6708
f 6699 6709 6710
f 6699 6710 6709
f 6699 6710 6711
f 6699 6711 6710
f 6699 6711 6712
f 6699 6712 6711
f 6699 6712 6713
f 6699 6713 6712
f 6699 6713 6714
f 6699 6714 6713
f 6699 6714 6715
f 6699 6715 6714
f 6699 6715 6716
f 6699 6716 6715
f 6699 6716 6717
f 6699 6717 6716
f 6699 6717 6718
f 6699 6718 6717
f 6699 6718 6719
f 6699 6719 6718
f 6699 6719 6720
f 6699 6720 6719
f 6699 6720 6721
f 6699 6721 6720
f 6699 6721 6722
f 6699 6722 6721
f 6699 6722 6723
f 6699 6723 6722
f 6699 6723 6724
f 6699 6724 6723
f 6699 6724 6725
f 6699 6725 6724
f 6699 6725 6726
f 6699 6726 6725
f 6699 6726 6727
f 6699 6727 6726
f 6699 6727 6728
f 6699 6728 6727
f 6699 6728 6729
f 6699 6729 6728
f 6699 6729 6730
f 6699 6730 6729
f 6699 6730 6731
f 6699 6731 6730
f 6699 6731 6732
f 6699 6732 6731
f 6699 6732 6733
f 6699 6733 6732
f 6699 6733 6734
f 6699 6734 6733
f 6699 6734 6735
f 6699 6735 6734
f 6699 6735 6736
f 6699 6736 6735
f 6699 6736 6737
f 6699 6737 6736
f 6699 6737 6738
f 6699 6738 6737
f 6699 6738 6739
f 6699 6739 6738
f 6699 6739 6740
f 6699 6740 6739
f 6699 6740 6741
f 6699 6741 6740
f 6699 6741 6742
f 6699 6742 6741
f 6699 6742 6743
f 6699 6743 6742
f 6699 6743 6744
f 6699 6744 6743
v 0.047090 0.583450 -0.202467
v 0.048078 0.581034 -0.204198
v 0.048534 0.578377 -0.205948
v 0.048278 0.575396 -0.207725
v 0.047281 0.572079 -0.209530
v 0.045640 0.568470 -0.211359
v 0.043556 0.564660 -0.213204
v 0.041306 0.560774 -0.215056
v 0.039206 0.556957 -0.216901
v 0.037573 0.553351 -0.218730
v 0.036687 0.550084 -0.220530
v 0.036754 0.547251 -0.222296
v 0.037886 0.544900 -0.224021
v 0.040081 0.543032 -0.225707
v 0.043230 0.541596 -0.227357
v 0.047125 0.540500 -0.228979
v 0.051488 0.539615 -0.230584
v 0.056001 0.538799 -0.232184
v 0.060347 0.537907 -0.233789
v 0.064251 0.536815 -0.235411
v 0.067511 0.535430 -0.237057
v 0.070029 0.533708 -0.238731
v 0.071835 0.531663 -0.240431
v 0.073110 0.529378 -0.242151
v 0.072122 0.531794 -0.240420
v 0.071666 0.534451 -0.238670
v 0.071922 0.537431 -0.236893
v 0.072919 0.540748 -0.235088
v 0.074560 0.544358 -0.233259
v 0.076644 0.548168 -0.231414
v 0.078894 0.552054 -0.229563
v 0.080994 0.555871 -0.227717
v 0.082627 0.559477 -0.225888
v 0.083513 0.562743 -0.224088
v 0.083446 0.565577 -0.222323
v 0.082314 0.567928 -0.220597
v 0.080119 0.569796 -0.218912
v 0.076970 0.571231 -0.217261
v 0.073075 0.572328 -0.215639
v 0.068712 0.573212 -0.214034
v 0.064199 0.574029 -0.212435
v 0.059853 0.574920 -0.210829
v 0.055949 0.576013 -0.209207
v 0.052689 0.577398 -0.207561
v 0.050171 0.579120 -0.205887
v 0.048365 0.581164 -0.204187
f 6745 6746 6747
f 6745 6747 6746
f 6745 6747 6748
f 6745 6748 6747
f 6745 6748 6749
f 6745 6749 6748
f 6745 6749 6750
f 6745 6750 6749
f 6745 6750 6751
f 6745 6751 6750
f 6745 6751 6752
f 6745 6752 6751
f 6745 6752 6753
f 6745 6753 6752
f 6745 6753 6754
f 6745 6754 6753
f 6745 6754 6755
f 6745 6755 6754
f 6745 6755 6756
f 6745 6756 6755
f 6745 6756 6757
f 6745 6757 6756
f 6745 6757 6758
f 6745 6758 6757
f 6745 6758 6759
f 6745 6759 6758
f 6745 6759 6760
f 6745 6760 6759
f 6745 6760 6761
f 6745 6761 6760
f 6745 6761 6762
f 6745 6762 6761
f 6745 6762 6763
f 6745 6763 6762
f 6745 6763 6764
f 6745 6764 6763
f 6745 6764 6765
f 6745 6765 6764
f 6745 6765 6766
f 6745 6766 6765
f 6745 6766 6767
f 6745 6767 6766
f 6745 6767 6768
f 6745 6768 6767
f 6745 6768 6769
f 6745 6769 6768
f 6745 6769 6770
f 6745 6770 6769
f 6745 6770 6771
f 6745 6771 6770
f 6745 6771 6772
f 6745 6772 6771
f 6745 6772 6773
f 6745 6773 6772
f 6745 6773 6774
f 6745 6774 6773
f 6745 6774 6775
f 6745 6775 6774
f 6745 6775 6776
f 6745 6776 6775
f 6745 6776 6777
f 6745 6777 6776
f 6745 6777 6778
f 6745 6778 6777
f 6745 6778 6779
f 6745 6779 6778
f 6745 6779 6780
f 6745 6780 6779
f 6745 6780 6781
f 6745 6781 6780
f 6745 6781 6782
f 6745 6782 6781
f 6745 6782 6783
f 6745 6783 6782
f 6745 6783 6784
f 6745 6784 6783
f 6745 6784 6785
f 6745 6785 6784
f 6745 6785 6786
f 6745 6786 6785
f 6745 6786 6787
f 6745 6787 6786
f 6745 6787 6788
f 6745 6788 6787
f 6745 6788 6789
f 6745 6789 6788
f 6745 6789 6790
f 6745 6790 6789
v 0.075496 0.530871 -0.183203
v 0.070938 0.534340 -0.184289
v 0.066003 0.536484 -0.182045
v 0.062575 0.536484 -0.177329
v 0.061965 0.534340 -0.171942
v 0.064405 0.530871 -0.167942
v 0.068963 0.527402 -0.166856
v 0.073898 0.525258 -0.169100
v 0.077325 0.525258 -0.173816
v 0.077936 0.527402 -0.179203
v 0.106379 0.581208 -0.157028
v 0.103280 0.583567 -0.157766
v 0.099924 0.585025 -0.156240
v 0.097593 0.585025 -0.153033
v 0.097178 0.583567 -0.149370
v 0.098837 0.581208 -0.146650
v 0.101937 0.578849 -0.145912
v 0.105293 0.577391 -0.147438
v 0.107623 0.577391 -0.150645
v 0.108038 0.578849 -0.154308
f 6791 6792 6802
f 6791 6802 6801
f 6792 6793 6803
f 6792 6803 6802
f 6793 6794 6804
f 6793 6804 6803
f 6794 6795 6805
f 6794 6805 6804
f 6795 6796 6806
f 6795 6806 6805
f 6796 6797 6807
f 6796 6807 6806
f 6797 6798 6808
f 6797 6808 6807
f 6798 6799 6809
f 6798 6809 6808
f 6799 6800 6810
f 6799 6810 6809
f 6800 6791 6801
f 6800 6801 6810
v 0.102608 0.581208 -0.151839
v 0.102784 0.580152 -0.155259
v 0.102774 0.579243 -0.158737
v 0.102311 0.578693 -0.162353
v 0.101155 0.578693 -0.166182
v 0.099179 0.579344 -0.170263
v 0.096427 0.580611 -0.174582
v 0.093128 0.582312 -0.179069
v 0.089668 0.584141 -0.183606
v 0.086521 0.585721 -0.188046
v 0.084163 0.586675 -0.192245
v 0.082976 0.586700 -0.196083
v 0.083173 0.585627 -0.199497
v 0.084753 0.583456 -0.202486
v 0.087504 0.580355 -0.205116
v 0.091044 0.576629 -0.207503
v 0.094898 0.572654 -0.209794
v 0.098590 0.568807 -0.212135
v 0.101736 0.565394 -0.214643
v 0.104105 0.562597 -0.217390
v 0.105654 0.560451 -0.220388
v 0.106510 0.558854 -0.223600
v 0.106913 0.557617 -0.226950
v 0.107131 0.556528 -0.230358
v 0.106955 0.557584 -0.226937
v 0.106965 0.558493 -0.223460
v 0.107428 0.559043 -0.219844
v 0.108584 0.559043 -0.216015
v 0.110560 0.558392 -0.211934
v 0.113312 0.557125 -0.207615
v 0.116611 0.555424 -0.203127
v 0.120071 0.553595 -0.198591
v 0.123218 0.552015 -0.194150
v 0.125576 0.551061 -0.189952
v 0.126763 0.551036 -0.186114
v 0.126566 0.552109 -0.182700
v 0.124986 0.554280 -0.179711
v 0.122235 0.557380 -0.177081
v 0.118695 0.561107 -0.174694
v 0.114841 0.565082 -0.172403
v 0.111149 0.568929 -0.170062
v 0.108003 0.572342 -0.167554
v 0.105634 0.575139 -0.164807
v 0.104085 0.577285 -0.161808
v 0.103229 0.578881 -0.158597
v 0.102826 0.580119 -0.155246
f 6811 6812 6813
f 6811 6813 6812
f 6811 6813 6814
f 6811 6814 6813
f 6811 6814 6815
f 6811 6815 6814
f 6811 6815 6816
f 6811 6816 6815
f 6811 6816 6817
f 6811 6817 6816
f 6811 6817 6818
f 6811 6818 6817
f 6811 6818 6819
f 6811 6819 6818
f 6811 6819 6820
f 6811 6820 6819
f 6811 6820 6821
f 6811 6821 6820
f 6811 6821 6822
f 6811 6822 6821
f 6811 6822 6823
f 6811 6823 6822
f 6811 6823 6824
f 6811 6824 6823
f 6811 6824 6825
f 6811 6825 6824
f 6811 6825 6826
f 6811 6826 6825
f 6811 6826 6827
f 6811 6827 6826
f 6811 6827 6828
f 6811 6828 6827
f 6811 6828 6829
f 6811 6829 6828
f 6811 6829 6830
f 6811 6830 6829
f 6811 6830 6831
f 6811 6831 6830
f 6811 6831 6832
f 6811 6832 6831
f 6811 6832 6833
f 6811 6833 6832
f 6811 6833 6834
f 6811 6834 6833
f 6811 6834 6835
f 6811 6835 6834
f 6811 6835 6836
f 6811 6836 6835
f 6811 6836 6837
f 6811 6837 6836
f 6811 6837 6838
f 6811 6838 6837
f 6811 6838 6839
f 6811 6839 6838
f 6811 6839 6840
f 6811 6840 6839
f 6811 6840 6841
f 6811 6841 6840
f 6811 6841 6842
f 6811 6842 6841
f 6811 6842 6843
f 6811 6843 6842
f 6811 6843 6844
f 6811 6844 6843
f 6811 6844 6845
f 6811 6845 6844
f 6811 6845 6846
f 6811 6846 6845
f 6811 6846 6847
f 6811 6847 6846
f 6811 6847 6848
f 6811 6848 6847
f 6811 6848 6849
f 6811 6849 6848
f 6811 6849 6850
f 6811 6850 6849
f 6811 6850 6851
f 6811 6851 6850
f 6811 6851 6852
f 6811 6852 6851
f 6811 6852 6853
f 6811 6853 6852
f 6811 6853 6854
f 6811 6854 6853
f 6811 6854 6855
f 6811 6855 6854
f 6811 6855 6856
f 6811 6856 6855
v 0.102608 0.581208 -0.151839
v 0.098231 0.580958 -0.150106
v 0.094050 0.579988 -0.147120
v 0.090015 0.578485 -0.143202
v 0.086084 0.576603 -0.138624
v 0.082213 0.574502 -0.133663
v 0.078358 0.572344 -0.128603
v 0.074474 0.570291 -0.123726
v 0.070520 0.568493 -0.119294
v 0.066460 0.567081 -0.115535
v 0.062265 0.566162 -0.112636
v 0.057916 0.565810 -0.110726
v 0.053400 0.566063 -0.109872
v 0.048718 0.566922 -0.110073
v 0.043882 0.568347 -0.111264
v 0.038910 0.570266 -0.113314
v 0.033832 0.572571 -0.116038
v 0.028685 0.575131 -0.119206
v 0.023509 0.577795 -0.122557
v 0.018348 0.580403 -0.125809
v 0.013248 0.582791 -0.128679
v 0.008251 0.584801 -0.130888
v 0.003401 0.586277 -0.132165
v -0.001253 0.587034 -0.132190
v 0.003125 0.587285 -0.133924
v 0.007306 0.588254 -0.136910
v 0.011340 0.589757 -0.140827
v 0.015271 0.591639 -0.145406
v 0.019142 0.593740 -0.150367
v 0.022998 0.595898 -0.155426
v 0.026882 0.597951 -0.160303
v 0.030835 0.599750 -0.164736
v 0.034895 0.601161 -0.168494
v 0.039090 0.602081 -0.171393
v 0.043440 0.602433 -0.173303
v 0.047955 0.602179 -0.174158
v 0.052637 0.601321 -0.173956
v 0.057474 0.599895 -0.172766
v 0.062445 0.597976 -0.170716
v 0.067523 0.595671 -0.167992
v 0.072670 0.593112 -0.164823
v 0.077846 0.590447 -0.161473
v 0.083007 0.587839 -0.158220
v 0.088107 0.585451 -0.155350
v 0.093104 0.583441 -0.153141
v 0.097954 0.581966 -0.151864
f 6857 6858 6859
f 6857 6859 6858
f 6857 6859 6860
f 6857 6860 6859
f 6857 6860 6861
f 6857 6861 6860
f 6857 6861 6862
f 6857 6862 6861
f 6857 6862 6863
f 6857 6863 6862
f 6857 6863 6864
f 6857 6864 6863
f 6857 6864 6865
f 6857 6865 6864
f 6857 6865 6866
f 6857 6866 6865
f 6857 6866 6867
f 6857 6867 6866
f 6857 6867 6868
f 6857 6868 6867
f 6857 6868 6869
f 6857 6869 6868
f 6857 6869 6870
f 6857 6870 6869
f 6857 6870 6871
f 6857 6871 6870
f 6857 6871 6872
f 6857 6872 6871
f 6857 6872 6873
f 6857 6873 6872
f 6857 6873 6874
f 6857 6874 6873
f 6857 6874 6875
f 6857 6875 6874
f 6857 6875 6876
f 6857 6876 6875
f 6857 6876 6877
f 6857 6877 6876
f 6857 6877 6878
f 6857 6878 6877
f 6857 6878 6879
f 6857 6879 6878
f 6857 6879 6880
f 6857 6880 6879
f 6857 6880 6881
f 6857 6881 6880
f 6857 6881 6882
f 6857 6882 6881
f 6857 6882 6883
f 6857 6883 6882
f 6857 6883 6884
f 6857 6884 6883
f 6857 6884 6885
f 6857 6885 6884
f 6857 6885 6886
f 6857 6886 6885
f 6857 6886 6887
f 6857 6887 6886
f 6857 6887 6888
f 6857 6888 6887
f 6857 6888 6889
f 6857 6889 6888
f 6857 6889 6890
f 6857 6890 6889
f 6857 6890 6891
f 6857 6891 6890
f 6857 6891 6892
f 6857 6892 6891
f 6857 6892 6893
f 6857 6893 6892
f 6857 6893 6894
f 6857 6894 6893
f 6857 6894 6895
f 6857 6895 6894
f 6857 6895 6896
f 6857 6896 6895
f 6857 6896 6897
f 6857 6897 6896
f 6857 6897 6898
f 6857 6898 6897
f 6857 6898 6899
f 6857 6899 6898
f 6857 6899 6900
f 6857 6900 6899
f 6857 6900 6901
f 6857 6901 6900
f 6857 6901 6902
f 6857 6902 6901
v 0.102608 0.581208 -0.151839
v 0.103580 0.577434 -0.148849
v 0.105123 0.573472 -0.146246
v 0.107574 0.569210 -0.144258
v 0.111080 0.564601 -0.142985
v 0.115588 0.559663 -0.142390
v 0.120860 0.554472 -0.142314
v 0.126512 0.549156 -0.142495
v 0.132063 0.543874 -0.142608
v 0.137006 0.538792 -0.142308
v 0.140880 0.534062 -0.141284
v 0.143337 0.529799 -0.139300
v 0.144188 0.526064 -0.136229
v 0.143434 0.522858 -0.132069
v 0.141262 0.520119 -0.126949
v 0.138022 0.517732 -0.121105
v 0.134174 0.515545 -0.114850
v 0.130225 0.513392 -0.108525
v 0.126655 0.511113 -0.102458
v 0.123850 0.508583 -0.096909
v 0.122047 0.505722 -0.092039
v 0.121297 0.502515 -0.087883
v 0.121457 0.499008 -0.084342
v 0.122188 0.495313 -0.081189
v 0.121217 0.499087 -0.084180
v 0.119674 0.503049 -0.086783
v 0.117222 0.507311 -0.088770
v 0.113716 0.511920 -0.090043
v 0.109209 0.516859 -0.090638
v 0.103936 0.522049 -0.090714
v 0.098284 0.527365 -0.090533
v 0.092734 0.532647 -0.090421
v 0.087791 0.537729 -0.090720
v 0.083917 0.542459 -0.091744
v 0.081460 0.546722 -0.093728
v 0.080609 0.550457 -0.096800
v 0.081363 0.553663 -0.100959
v 0.083534 0.556402 -0.106079
v 0.086774 0.558789 -0.111923
v 0.090622 0.560976 -0.118179
v 0.094572 0.563130 -0.124503
v 0.098142 0.565408 -0.130570
v 0.100947 0.567939 -0.136119
v 0.102750 0.570799 -0.140989
v 0.103499 0.574006 -0.145146
v 0.103339 0.577513 -0.148686
f 6903 6904 6905
f 6903 6905 6904
f 6903 6905 6906
f 6903 6906 6905
f 6903 6906 6907
f 6903 6907 6906
f 6903 6907 6908
f 6903 6908 6907
f 6903 6908 6909
f 6903 6909 6908
f 6903 6909 6910
f 6903 6910 6909
f 6903 6910 6911
f 6903 6911 6910
f 6903 6911 6912
f 6903 6912 6911
f 6903 6912 6913
f 6903 6913 6912
f 6903 6913 6914
f 6903 6914 6913
f 6903 6914 6915
f 6903 6915 6914
f 6903 6915 6916
f 6903 6916 6915
f 6903 6916 6917
f 6903 6917 6916
f 6903 6917 6918
f 6903 6918 6917
f 6903 6918 6919
f 6903 6919 6918
f 6903 6919 6920
f 6903 6920 6919
f 6903 6920 6921
f 6903 6921 6920
f 6903 6921 6922
f 6903 6922 6921
f 6903 6922 6923
f 6903 6923 6922
f 6903 6923 6924
f 6903 6924 6923
f 6903 6924 6925
f 6903 6925 6924
f 6903 6925 6926
f 6903 6926 6925
f 6903 6926 6927
f 6903 6927 6926
f 6903 6927 6928
f 6903 6928 6927
f 6903 6928 6929
f 6903 6929 6928
f 6903 6929 6930
f 6903 6930 6929
f 6903 6930 6931
f 6903 6931 6930
f 6903 6931 6932
f 6903 6932 6931
f 6903 6932 6933
f 6903 6933 6932
f 6903 6933 6934
f 6903 6934 6933
f 6903 6934 6935
f 6903 6935 6934
f 6903 6935 6936
f 6903 6936 6935
f 6903 6936 6937
f 6903 6937 6936
f 6903 6937 6938
f 6903 6938 6937
f 6903 6938 6939
f 6903 6939 6938
f 6903 6939 6940
f 6903 6940 6939
f 6903 6940 6941
f 6903 6941 6940
f 6903 6941 6942
f 6903 6942 6941
f 6903 6942 6943
f 6903 6943 6942
f 6903 6943 6944
f 6903 6944 6943
f 6903 6944 6945
f 6903 6945 6944
f 6903 6945 6946
f 6903 6946 6945
f 6903 6946 6947
f 6903 6947 6946
f 6903 6947 6948
f 6903 6948 6947
