o mesh
v 0.000000 0.000000 0.020000
v 0.012524 0.000000 0.017238
v 0.019538 0.000000 0.006348
v 0.019538 0.000000 -0.006348
v 0.012524 0.000000 -0.017238
v 0.000000 0.000000 -0.020000
v -0.012524 0.000000 -0.017238
v -0.019538 0.000000 -0.006348
v -0.019538 0.000000 0.006348
v -0.012524 0.000000 0.017238
v 0.000000 0.220000 0.013600
v 0.008516 0.220000 0.011722
v 0.013286 0.220000 0.004317
v 0.013286 0.220000 -0.004317
v 0.008516 0.220000 -0.011722
v 0.000000 0.220000 -0.013600
v -0.008516 0.220000 -0.011722
v -0.013286 0.220000 -0.004317
v -0.013286 0.220000 0.004317
v -0.008516 0.220000 0.011722
f 1 2 12
f 1 12 11
f 2 3 13
f 2 13 12
f 3 4 14
f 3 14 13
f 4 5 15
f 4 15 14
f 5 6 16
f 5 16 15
f 6 7 17
f 6 17 16
f 7 8 18
f 7 18 17
f 8 9 19
f 8 19 18
f 9 10 20
f 9 20 19
f 10 1 11
f 10 11 20
v -0.003634 0.220000 0.013105
v 0.001937 0.226698 0.012701
v 0.006754 0.230448 0.006353
v 0.009061 0.230448 -0.001967
v 0.008201 0.226698 -0.009890
v 0.003634 0.220000 -0.013105
v -0.001937 0.213302 -0.012701
v -0.006754 0.209552 -0.006353
v -0.009061 0.209552 0.001967
v -0.008201 0.213302 0.009890
v -0.099331 0.298945 -0.017947
v -0.095542 0.303500 -0.018222
v -0.092266 0.306050 -0.022539
v -0.090698 0.306050 -0.028196
v -0.091282 0.303500 -0.033584
v -0.094388 0.298945 -0.035770
v -0.098176 0.294391 -0.035496
v -0.101452 0.291840 -0.031179
v -0.103021 0.291840 -0.025521
v -0.102436 0.294391 -0.020134
f 21 22 32
f 21 32 31
f 22 23 33
f 22 33 32
f 23 24 34
f 23 34 33
f 24 25 35
f 24 35 34
f 25 26 36
f 25 36 35
f 26 27 37
f 26 37 36
f 27 28 38
f 27 38 37
f 28 29 39
f 28 39 38
f 29 30 40
f 29 40 39
f 30 21 31
f 30 31 40
v -0.099047 0.298945 -0.017873
v -0.099926 0.304608 -0.019402
v -0.099396 0.307778 -0.024455
v -0.098007 0.307778 -0.030159
v -0.096155 0.304608 -0.034891
v -0.094671 0.298945 -0.035844
v -0.093793 0.293283 -0.034316
v -0.094323 0.290112 -0.029262
v -0.095712 0.290112 -0.023558
v -0.097564 0.293283 -0.018827
v -0.162917 0.284680 -0.036471
v -0.163514 0.288530 -0.037510
v -0.163154 0.290687 -0.040947
v -0.162209 0.290687 -0.044826
v -0.160950 0.288530 -0.048043
v -0.159941 0.284680 -0.048691
v -0.159343 0.280830 -0.047652
v -0.159704 0.278674 -0.044216
v -0.160648 0.278674 -0.040337
v -0.161908 0.280830 -0.037119
f 41 42 52
f 41 52 51
f 42 43 53
f 42 53 52
f 43 44 54
f 43 54 53
f 44 45 55
f 44 55 54
f 45 46 56
f 45 56 55
f 46 47 57
f 46 57 56
f 47 48 58
f 47 58 57
f 48 49 59
f 48 59 58
f 49 50 60
f 49 60 59
f 50 41 51
f 50 51 60
v -0.161429 0.284113 -0.048844
v -0.157691 0.282957 -0.047868
v -0.155598 0.282574 -0.044395
v -0.155598 0.282933 -0.040419
v -0.157691 0.283933 -0.037071
v -0.161429 0.285247 -0.036318
v -0.165167 0.286403 -0.037295
v -0.167260 0.286787 -0.040767
v -0.167260 0.286427 -0.044743
v -0.165167 0.285427 -0.048091
v -0.173585 0.247804 -0.043539
v -0.171043 0.247017 -0.042875
v -0.169620 0.246757 -0.040513
v -0.169620 0.247001 -0.037810
v -0.171043 0.247682 -0.035533
v -0.173585 0.248575 -0.035021
v -0.176127 0.249361 -0.035685
v -0.177550 0.249622 -0.038047
v -0.177550 0.249377 -0.040750
v -0.176127 0.248697 -0.043027
f 61 62 72
f 61 72 71
f 62 63 73
f 62 73 72
f 63 64 74
f 63 74 73
f 64 65 75
f 64 75 74
f 65 66 76
f 65 76 75
f 66 67 77
f 66 77 76
f 67 68 78
f 67 78 77
f 68 69 79
f 68 79 78
f 69 70 80
f 69 80 79
f 70 61 71
f 70 71 80
v -0.173585 0.248189 -0.039280
v -0.172320 0.248870 -0.041136
v -0.170539 0.249399 -0.042769
v -0.168219 0.249769 -0.044167
v -0.165417 0.249998 -0.045356
v -0.162251 0.250120 -0.046388
v -0.158883 0.250182 -0.047331
v -0.155497 0.250240 -0.048267
v -0.152284 0.250348 -0.049278
v -0.149426 0.250560 -0.050443
v -0.147074 0.250921 -0.051827
v -0.145338 0.251463 -0.053479
v -0.144276 0.252203 -0.055424
v -0.143889 0.253142 -0.057661
v -0.144118 0.254261 -0.060166
v -0.144853 0.255530 -0.062890
v -0.145942 0.256902 -0.065769
v -0.147206 0.258325 -0.068722
v -0.148451 0.259743 -0.071668
v -0.149493 0.261102 -0.074526
v -0.150171 0.262354 -0.077226
v -0.150369 0.263464 -0.079717
v -0.150026 0.264415 -0.081974
v -0.149168 0.265216 -0.084007
v -0.150433 0.264535 -0.082150
v -0.152214 0.264006 -0.080518
v -0.154535 0.263636 -0.079120
v -0.157337 0.263407 -0.077930
v -0.160502 0.263285 -0.076899
v -0.163870 0.263222 -0.075955
v -0.167256 0.263165 -0.075020
v -0.170469 0.263057 -0.074009
v -0.173327 0.262845 -0.072844
v -0.175679 0.262484 -0.071460
v -0.177415 0.261942 -0.069808
v -0.178477 0.261201 -0.067863
v -0.178864 0.260263 -0.065626
v -0.178635 0.259144 -0.063121
v -0.177900 0.257875 -0.060396
v -0.176811 0.256503 -0.057518
v -0.175548 0.255079 -0.054564
v -0.174303 0.253661 -0.051619
v -0.173261 0.252303 -0.048761
v -0.172582 0.251051 -0.046061
v -0.172384 0.249941 -0.043570
v -0.172727 0.248989 -0.041313
f 81 82 83
f 81 83 82
f 81 83 84
f 81 84 83
f 81 84 85
f 81 85 84
f 81 85 86
f 81 86 85
f 81 86 87
f 81 87 86
f 81 87 88
f 81 88 87
f 81 88 89
f 81 89 88
f 81 89 90
f 81 90 89
f 81 90 91
f 81 91 90
f 81 91 92
f 81 92 91
f 81 92 93
f 81 93 92
f 81 93 94
f 81 94 93
f 81 94 95
f 81 95 94
f 81 95 96
f 81 96 95
f 81 96 97
f 81 97 96
f 81 97 98
f 81 98 97
f 81 98 99
f 81 99 98
f 81 99 100
f 81 100 99
f 81 100 101
f 81 101 100
f 81 101 102
f 81 102 101
f 81 102 103
f 81 103 102
f 81 103 104
f 81 104 103
f 81 104 105
f 81 105 104
f 81 105 106
f 81 106 105
f 81 106 107
f 81 107 106
f 81 107 108
f 81 108 107
f 81 108 109
f 81 109 108
f 81 109 110
f 81 110 109
f 81 110 111
f 81 111 110
f 81 111 112
f 81 112 111
f 81 112 113
f 81 113 112
f 81 113 114
f 81 114 113
f 81 114 115
f 81 115 114
f 81 115 116
f 81 116 115
f 81 116 117
f 81 117 116
f 81 117 118
f 81 118 117
f 81 118 119
f 81 119 118
f 81 119 120
f 81 120 119
f 81 120 121
f 81 121 120
f 81 121 122
f 81 122 121
f 81 122 123
f 81 123 122
f 81 123 124
f 81 124 123
f 81 124 125
f 81 125 124
f 81 125 126
f 81 126 125
v -0.173585 0.248189 -0.039280
v -0.172752 0.249252 -0.037799
v -0.172071 0.250370 -0.036270
v -0.171724 0.251608 -0.034634
v -0.171849 0.253017 -0.032847
v -0.172502 0.254618 -0.030892
v -0.173630 0.256391 -0.028784
v -0.175069 0.258276 -0.026577
v -0.176571 0.260184 -0.024350
v -0.177843 0.262009 -0.022196
v -0.178598 0.263646 -0.020208
v -0.178611 0.265015 -0.018457
v -0.177758 0.266071 -0.016983
v -0.176038 0.266812 -0.015786
v -0.173576 0.267285 -0.014826
v -0.170598 0.267571 -0.014031
v -0.167389 0.267773 -0.013310
v -0.164243 0.267999 -0.012569
v -0.161409 0.268337 -0.011728
v -0.159049 0.268846 -0.010736
v -0.157217 0.269547 -0.009574
v -0.155858 0.270420 -0.008262
v -0.154832 0.271412 -0.006843
v -0.153958 0.272460 -0.005375
v -0.154792 0.271398 -0.006856
v -0.155472 0.270280 -0.008385
v -0.155820 0.269042 -0.010021
v -0.155695 0.267632 -0.011808
v -0.155042 0.266031 -0.013764
v -0.153914 0.264259 -0.015871
v -0.152474 0.262373 -0.018078
v -0.150972 0.260465 -0.020305
v -0.149701 0.258641 -0.022459
v -0.148945 0.257003 -0.024447
v -0.148932 0.255634 -0.026198
v -0.149785 0.254579 -0.027672
v -0.151505 0.253837 -0.028870
v -0.153967 0.253365 -0.029829
v -0.156945 0.253079 -0.030624
v -0.160154 0.252876 -0.031345
v -0.163300 0.252651 -0.032086
v -0.166135 0.252313 -0.032927
v -0.168495 0.251803 -0.033920
v -0.170326 0.251102 -0.035081
v -0.171685 0.250230 -0.036394
v -0.172711 0.249237 -0.037812
f 127 128 129
f 127 129 128
f 127 129 130
f 127 130 129
f 127 130 131
f 127 131 130
f 127 131 132
f 127 132 131
f 127 132 133
f 127 133 132
f 127 133 134
f 127 134 133
f 127 134 135
f 127 135 134
f 127 135 136
f 127 136 135
f 127 136 137
f 127 137 136
f 127 137 138
f 127 138 137
f 127 138 139
f 127 139 138
f 127 139 140
f 127 140 139
f 127 140 141
f 127 141 140
f 127 141 142
f 127 142 141
f 127 142 143
f 127 143 142
f 127 143 144
f 127 144 143
f 127 144 145
f 127 145 144
f 127 145 146
f 127 146 145
f 127 146 147
f 127 147 146
f 127 147 148
f 127 148 147
f 127 148 149
f 127 149 148
f 127 149 150
f 127 150 149
f 127 150 151
f 127 151 150
f 127 151 152
f 127 152 151
f 127 152 153
f 127 153 152
f 127 153 154
f 127 154 153
f 127 154 155
f 127 155 154
f 127 155 156
f 127 156 155
f 127 156 157
f 127 157 156
f 127 157 158
f 127 158 157
f 127 158 159
f 127 159 158
f 127 159 160
f 127 160 159
f 127 160 161
f 127 161 160
f 127 161 162
f 127 162 161
f 127 162 163
f 127 163 162
f 127 163 164
f 127 164 163
f 127 164 165
f 127 165 164
f 127 165 166
f 127 166 165
f 127 166 167
f 127 167 166
f 127 167 168
f 127 168 167
f 127 168 169
f 127 169 168
f 127 169 170
f 127 170 169
f 127 170 171
f 127 171 170
f 127 171 172
f 127 172 171
v -0.173647 0.248189 -0.035004
v -0.174626 0.250678 -0.035609
v -0.175146 0.252072 -0.037945
v -0.175106 0.252072 -0.040660
v -0.174519 0.250678 -0.042980
v -0.173523 0.248189 -0.043556
v -0.172543 0.245700 -0.042951
v -0.172024 0.244307 -0.040615
v -0.172063 0.244307 -0.037900
v -0.172650 0.245700 -0.035580
v -0.195593 0.239468 -0.036691
v -0.196259 0.241160 -0.037103
v -0.196612 0.242108 -0.038691
v -0.196586 0.242108 -0.040537
v -0.196186 0.241160 -0.042115
v -0.195509 0.239468 -0.042507
v -0.194843 0.237776 -0.042095
v -0.194490 0.236828 -0.040507
v -0.194516 0.236828 -0.038661
v -0.194916 0.237776 -0.037083
f 173 174 184
f 173 184 183
f 174 175 185
f 174 185 184
f 175 176 186
f 175 186 185
f 176 177 187
f 176 187 186
f 177 178 188
f 177 188 187
f 178 179 189
f 178 189 188
f 179 180 190
f 179 190 189
f 180 181 191
f 180 191 190
f 181 182 192
f 181 192 191
f 182 173 183
f 182 183 192
v -0.195551 0.239468 -0.039599
v -0.194874 0.239145 -0.037170
v -0.194290 0.239052 -0.034680
v -0.193889 0.239417 -0.032070
v -0.193734 0.240394 -0.029300
v -0.193839 0.242022 -0.026358
v -0.194168 0.244209 -0.023270
v -0.194635 0.246738 -0.020092
v -0.195115 0.249301 -0.016904
v -0.195469 0.251549 -0.013800
v -0.195564 0.253149 -0.010865
v -0.195294 0.253841 -0.008170
v -0.194603 0.253482 -0.005750
v -0.193491 0.252073 -0.003606
v -0.192015 0.249756 -0.001701
v -0.190279 0.246791 0.000034
v -0.188417 0.243510 0.001687
v -0.186568 0.240264 0.003348
v -0.184857 0.237360 0.005099
v -0.183370 0.235015 0.006997
v -0.182144 0.233320 0.009066
v -0.181163 0.232238 0.011296
v -0.180365 0.231613 0.013646
v -0.179660 0.231219 0.016056
v -0.180337 0.231543 0.013627
v -0.180921 0.231635 0.011138
v -0.181322 0.231270 0.008528
v -0.181477 0.230293 0.005757
v -0.181372 0.228665 0.002815
v -0.181043 0.226478 -0.000273
v -0.180576 0.223949 -0.003451
v -0.180096 0.221386 -0.006639
v -0.179742 0.219138 -0.009743
v -0.179647 0.217538 -0.012677
v -0.179917 0.216846 -0.015373
v -0.180608 0.217205 -0.017793
v -0.181720 0.218614 -0.019937
v -0.183196 0.220931 -0.021842
v -0.184932 0.223897 -0.023577
v -0.186794 0.227177 -0.025229
v -0.188643 0.230423 -0.026891
v -0.190354 0.233327 -0.028642
v -0.191841 0.235673 -0.030540
v -0.193067 0.237367 -0.032609
v -0.194048 0.238449 -0.034839
v -0.194846 0.239074 -0.037188
f 193 194 195
f 193 195 194
f 193 195 196
f 193 196 195
f 193 196 197
f 193 197 196
f 193 197 198
f 193 198 197
f 193 198 199
f 193 199 198
f 193 199 200
f 193 200 199
f 193 200 201
f 193 201 200
f 193 201 202
f 193 202 201
f 193 202 203
f 193 203 202
f 193 203 204
f 193 204 203
f 193 204 205
f 193 205 204
f 193 205 206
f 193 206 205
f 193 206 207
f 193 207 206
f 193 207 208
f 193 208 207
f 193 208 209
f 193 209 208
f 193 209 210
f 193 210 209
f 193 210 211
f 193 211 210
f 193 211 212
f 193 212 211
f 193 212 213
f 193 213 212
f 193 213 214
f 193 214 213
f 193 214 215
f 193 215 214
f 193 215 216
f 193 216 215
f 193 216 217
f 193 217 216
f 193 217 218
f 193 218 217
f 193 218 219
f 193 219 218
f 193 219 220
f 193 220 219
f 193 220 221
f 193 221 220
f 193 221 222
f 193 222 221
f 193 222 223
f 193 223 222
f 193 223 224
f 193 224 223
f 193 224 225
f 193 225 224
f 193 225 226
f 193 226 225
f 193 226 227
f 193 227 226
f 193 227 228
f 193 228 227
f 193 228 229
f 193 229 228
f 193 229 230
f 193 230 229
f 193 230 231
f 193 231 230
f 193 231 232
f 193 232 231
f 193 232 233
f 193 233 232
f 193 233 234
f 193 234 233
f 193 234 235
f 193 235 234
f 193 235 236
f 193 236 235
f 193 236 237
f 193 237 236
f 193 237 238
f 193 238 237
v -0.173585 0.249943 -0.043180
v -0.170933 0.250042 -0.042488
v -0.169448 0.249277 -0.040279
v -0.169448 0.248164 -0.037803
v -0.170933 0.247018 -0.035765
v -0.173585 0.246436 -0.035380
v -0.176237 0.246337 -0.036072
v -0.177722 0.247101 -0.038281
v -0.177722 0.248215 -0.040757
v -0.176237 0.249360 -0.042795
v -0.170484 0.229308 -0.050959
v -0.168681 0.229375 -0.050489
v -0.167671 0.228855 -0.048986
v -0.167671 0.228098 -0.047303
v -0.168681 0.227319 -0.045917
v -0.170484 0.226923 -0.045655
v -0.172288 0.226856 -0.046125
v -0.173297 0.227375 -0.047628
v -0.173297 0.228132 -0.049311
v -0.172288 0.228912 -0.050697
f 239 240 250
f 239 250 249
f 240 241 251
f 240 251 250
f 241 242 252
f 241 252 251
f 242 243 253
f 242 253 252
f 243 244 254
f 243 254 253
f 244 245 255
f 244 255 254
f 245 246 256
f 245 256 255
f 246 247 257
f 246 257 256
f 247 248 258
f 247 258 257
f 248 239 249
f 248 249 258
v -0.170484 0.228115 -0.048307
v -0.170513 0.229460 -0.049799
v -0.170162 0.230858 -0.051279
v -0.169309 0.232326 -0.052741
v -0.167943 0.233865 -0.054187
v -0.166136 0.235466 -0.055618
v -0.164028 0.237109 -0.057038
v -0.161814 0.238766 -0.058455
v -0.159711 0.240408 -0.059876
v -0.157935 0.242004 -0.061308
v -0.156677 0.243529 -0.062757
v -0.156078 0.244961 -0.064228
v -0.156214 0.246291 -0.065724
v -0.157083 0.247519 -0.067245
v -0.158611 0.248655 -0.068787
v -0.160657 0.249719 -0.070347
v -0.163031 0.250737 -0.071918
v -0.165516 0.251739 -0.073493
v -0.167893 0.252757 -0.075064
v -0.169971 0.253816 -0.076625
v -0.171608 0.254937 -0.078171
v -0.172730 0.256129 -0.079700
v -0.173352 0.257391 -0.081212
v -0.173594 0.258707 -0.082712
v -0.173565 0.257362 -0.081219
v -0.173917 0.255964 -0.079740
v -0.174769 0.254496 -0.078277
v -0.176135 0.252957 -0.076832
v -0.177943 0.251356 -0.075401
v -0.180050 0.249714 -0.073980
v -0.182264 0.248056 -0.072563
v -0.184368 0.246414 -0.071142
v -0.186143 0.244818 -0.069711
v -0.187401 0.243293 -0.068261
v -0.188000 0.241861 -0.066790
v -0.187865 0.240531 -0.065294
v -0.186996 0.239303 -0.063774
v -0.185467 0.238167 -0.062231
v -0.183421 0.237103 -0.060671
v -0.181047 0.236085 -0.059100
v -0.178563 0.235083 -0.057526
v -0.176185 0.234065 -0.055955
v -0.174107 0.233006 -0.054394
v -0.172471 0.231885 -0.052847
v -0.171348 0.230693 -0.051318
v -0.170726 0.229431 -0.049806
f 259 260 261
f 259 261 260
f 259 261 262
f 259 262 261
f 259 262 263
f 259 263 262
f 259 263 264
f 259 264 263
f 259 264 265
f 259 265 264
f 259 265 266
f 259 266 265
f 259 266 267
f 259 267 266
f 259 267 268
f 259 268 267
f 259 268 269
f 259 269 268
f 259 269 270
f 259 270 269
f 259 270 271
f 259 271 270
f 259 271 272
f 259 272 271
f 259 272 273
f 259 273 272
f 259 273 274
f 259 274 273
f 259 274 275
f 259 275 274
f 259 275 276
f 259 276 275
f 259 276 277
f 259 277 276
f 259 277 278
f 259 278 277
f 259 278 279
f 259 279 278
f 259 279 280
f 259 280 279
f 259 280 281
f 259 281 280
f 259 281 282
f 259 282 281
f 259 282 283
f 259 283 282
f 259 283 284
f 259 284 283
f 259 284 285
f 259 285 284
f 259 285 286
f 259 286 285
f 259 286 287
f 259 287 286
f 259 287 288
f 259 288 287
f 259 288 289
f 259 289 288
f 259 289 290
f 259 290 289
f 259 290 291
f 259 291 290
f 259 291 292
f 259 292 291
f 259 292 293
f 259 293 292
f 259 293 294
f 259 294 293
f 259 294 295
f 259 295 294
f 259 295 296
f 259 296 295
f 259 296 297
f 259 297 296
f 259 297 298
f 259 298 297
f 259 298 299
f 259 299 298
f 259 299 300
f 259 300 299
f 259 300 301
f 259 301 300
f 259 301 302
f 259 302 301
f 259 302 303
f 259 303 302
f 259 303 304
f 259 304 303
v -0.169407 0.248189 -0.040191
v -0.169596 0.250154 -0.038288
v -0.171654 0.251254 -0.036796
v -0.174306 0.251254 -0.036218
v -0.176798 0.250154 -0.036717
v -0.177763 0.248189 -0.038369
v -0.177574 0.246224 -0.040272
v -0.175516 0.245124 -0.041764
v -0.172863 0.245124 -0.042342
v -0.170371 0.246224 -0.041843
v -0.166965 0.231767 -0.022572
v -0.167094 0.233103 -0.021278
v -0.168494 0.233851 -0.020263
v -0.170297 0.233851 -0.019870
v -0.171992 0.233103 -0.020210
v -0.172648 0.231767 -0.021333
v -0.172519 0.230430 -0.022627
v -0.171120 0.229682 -0.023642
v -0.169316 0.229682 -0.024035
v -0.167621 0.230430 -0.023695
f 305 306 316
f 305 316 315
f 306 307 317
f 306 317 316
f 307 308 318
f 307 318 317
f 308 309 319
f 308 319 318
f 309 310 320
f 309 320 319
f 310 311 321
f 310 321 320
f 311 312 322
f 311 322 321
f 312 313 323
f 312 323 322
f 313 314 324
f 313 324 323
f 314 305 315
f 314 315 324
v -0.169807 0.231767 -0.021953
v -0.167553 0.232663 -0.023460
v -0.165054 0.234140 -0.024471
v -0.162333 0.236141 -0.025034
v -0.159432 0.238565 -0.025236
v -0.156410 0.241277 -0.025190
v -0.153331 0.244120 -0.025033
v -0.150269 0.246927 -0.024906
v -0.147291 0.249532 -0.024952
v -0.144463 0.251785 -0.025300
v -0.141837 0.253562 -0.026054
v -0.139449 0.254775 -0.027291
v -0.137321 0.255378 -0.029050
v -0.135451 0.255370 -0.031331
v -0.133820 0.254798 -0.034095
v -0.132391 0.253750 -0.037266
v -0.131111 0.252350 -0.040738
v -0.129916 0.250748 -0.044383
v -0.128737 0.249110 -0.048058
v -0.127502 0.247603 -0.051622
v -0.126145 0.246385 -0.054939
v -0.124609 0.245589 -0.057894
v -0.122851 0.245317 -0.060401
v -0.120847 0.245625 -0.062412
v -0.123100 0.244729 -0.060904
v -0.125600 0.243252 -0.059893
v -0.128321 0.241251 -0.059330
v -0.131222 0.238827 -0.059129
v -0.134244 0.236115 -0.059174
v -0.137323 0.233272 -0.059331
v -0.140385 0.230465 -0.059458
v -0.143363 0.227860 -0.059412
v -0.146191 0.225607 -0.059065
v -0.148817 0.223830 -0.058310
v -0.151205 0.222617 -0.057073
v -0.153333 0.222014 -0.055314
v -0.155203 0.222022 -0.053033
v -0.156834 0.222594 -0.050269
v -0.158263 0.223642 -0.047098
v -0.159543 0.225042 -0.043626
v -0.160738 0.226644 -0.039982
v -0.161917 0.228282 -0.036306
v -0.163152 0.229789 -0.032742
v -0.164508 0.231007 -0.029426
v -0.166044 0.231803 -0.026470
v -0.167802 0.232075 -0.023963
f 325 326 327
f 325 327 326
f 325 327 328
f 325 328 327
f 325 328 329
f 325 329 328
f 325 329 330
f 325 330 329
f 325 330 331
f 325 331 330
f 325 331 332
f 325 332 331
f 325 332 333
f 325 333 332
f 325 333 334
f 325 334 333
f 325 334 335
f 325 335 334
f 325 335 336
f 325 336 335
f 325 336 337
f 325 337 336
f 325 337 338
f 325 338 337
f 325 338 339
f 325 339 338
f 325 339 340
f 325 340 339
f 325 340 341
f 325 341 340
f 325 341 342
f 325 342 341
f 325 342 343
f 325 343 342
f 325 343 344
f 325 344 343
f 325 344 345
f 325 345 344
f 325 345 346
f 325 346 345
f 325 346 347
f 325 347 346
f 325 347 348
f 325 348 347
f 325 348 349
f 325 349 348
f 325 349 350
f 325 350 349
f 325 350 351
f 325 351 350
f 325 351 352
f 325 352 351
f 325 352 353
f 325 353 352
f 325 353 354
f 325 354 353
f 325 354 355
f 325 355 354
f 325 355 356
f 325 356 355
f 325 356 357
f 325 357 356
f 325 357 358
f 325 358 357
f 325 358 359
f 325 359 358
f 325 359 360
f 325 360 359
f 325 360 361
f 325 361 360
f 325 361 362
f 325 362 361
f 325 362 363
f 325 363 362
f 325 363 364
f 325 364 363
f 325 364 365
f 325 365 364
f 325 365 366
f 325 366 365
f 325 366 367
f 325 367 366
f 325 367 368
f 325 368 367
f 325 368 369
f 325 369 368
f 325 369 370
f 325 370 369
v -0.156951 0.284680 -0.038166
v -0.156831 0.288475 -0.039525
v -0.158855 0.290600 -0.042348
v -0.161697 0.290600 -0.045152
v -0.164549 0.288475 -0.047136
v -0.165906 0.284680 -0.046997
v -0.166027 0.280885 -0.045638
v -0.164003 0.278760 -0.042814
v -0.161160 0.278760 -0.040011
v -0.158308 0.280885 -0.038026
v -0.186630 0.295835 -0.010936
v -0.186548 0.298415 -0.011860
v -0.187924 0.299860 -0.013780
v -0.189857 0.299860 -0.015686
v -0.191797 0.298415 -0.017036
v -0.192720 0.295835 -0.016941
v -0.192801 0.293254 -0.016017
v -0.191425 0.291809 -0.014097
v -0.189492 0.291809 -0.012191
v -0.187553 0.293254 -0.010841
f 371 372 382
f 371 382 381
f 372 373 383
f 372 383 382
f 373 374 384
f 373 384 383
f 374 375 385
f 374 385 384
f 375 376 386
f 375 386 385
f 376 377 387
f 376 387 386
f 377 378 388
f 377 388 387
f 378 379 389
f 378 389 388
f 379 380 390
f 379 390 389
f 380 371 381
f 380 381 390
v -0.189675 0.295835 -0.013938
v -0.186789 0.296159 -0.013065
v -0.183901 0.296682 -0.012268
v -0.181007 0.297682 -0.011650
v -0.178106 0.299406 -0.011307
v -0.175195 0.301980 -0.011285
v -0.172274 0.305352 -0.011565
v -0.169348 0.309282 -0.012056
v -0.166420 0.313370 -0.012607
v -0.163495 0.317127 -0.013033
v -0.160580 0.320065 -0.013148
v -0.157678 0.321793 -0.012807
v -0.154793 0.322094 -0.011925
v -0.151923 0.320968 -0.010503
v -0.149067 0.318632 -0.008624
v -0.146221 0.315478 -0.006434
v -0.143378 0.311992 -0.004120
v -0.140533 0.308665 -0.001865
v -0.137682 0.305895 0.000178
v -0.134822 0.303923 0.001920
v -0.131952 0.302801 0.003340
v -0.129075 0.302403 0.004486
v -0.126192 0.302483 0.005452
v -0.123306 0.302761 0.006343
v -0.126192 0.302437 0.005469
v -0.129080 0.301914 0.004672
v -0.131974 0.300913 0.004054
v -0.134875 0.299189 0.003711
v -0.137786 0.296616 0.003689
v -0.140707 0.293243 0.003969
v -0.143633 0.289314 0.004460
v -0.146561 0.285226 0.005011
v -0.149486 0.281469 0.005437
v -0.152401 0.278531 0.005553
v -0.155303 0.276803 0.005211
v -0.158188 0.276502 0.004329
v -0.161058 0.277628 0.002907
v -0.163914 0.279963 0.001028
v -0.166760 0.283118 -0.001161
v -0.169603 0.286604 -0.003476
v -0.172448 0.289931 -0.005731
v -0.175299 0.292701 -0.007774
v -0.178159 0.294672 -0.009516
v -0.181029 0.295794 -0.010936
v -0.183906 0.296192 -0.012082
v -0.186789 0.296113 -0.013048
f 391 392 393
f 391 393 392
f 391 393 394
f 391 394 393
f 391 394 395
f 391 395 394
f 391 395 396
f 391 396 395
f 391 396 397
f 391 397 396
f 391 397 398
f 391 398 397
f 391 398 399
f 391 399 398
f 391 399 400
f 391 400 399
f 391 400 401
f 391 401 400
f 391 401 402
f 391 402 401
f 391 402 403
f 391 403 402
f 391 403 404
f 391 404 403
f 391 404 405
f 391 405 404
f 391 405 406
f 391 406 405
f 391 406 407
f 391 407 406
f 391 407 408
f 391 408 407
f 391 408 409
f 391 409 408
f 391 409 410
f 391 410 409
f 391 410 411
f 391 411 410
f 391 411 412
f 391 412 411
f 391 412 413
f 391 413 412
f 391 413 414
f 391 414 413
f 391 414 415
f 391 415 414
f 391 415 416
f 391 416 415
f 391 416 417
f 391 417 416
f 391 417 418
f 391 418 417
f 391 418 419
f 391 419 418
f 391 419 420
f 391 420 419
f 391 420 421
f 391 421 420
f 391 421 422
f 391 422 421
f 391 422 423
f 391 423 422
f 391 423 424
f 391 424 423
f 391 424 425
f 391 425 424
f 391 425 426
f 391 426 425
f 391 426 427
f 391 427 426
f 391 427 428
f 391 428 427
f 391 428 429
f 391 429 428
f 391 429 430
f 391 430 429
f 391 430 431
f 391 431 430
f 391 431 432
f 391 432 431
f 391 432 433
f 391 433 432
f 391 433 434
f 391 434 433
f 391 434 435
f 391 435 434
f 391 435 436
f 391 436 435
v -0.189675 0.295835 -0.013938
v -0.190379 0.296030 -0.016225
v -0.191322 0.295694 -0.018541
v -0.192521 0.294790 -0.020888
v -0.193950 0.293372 -0.023262
v -0.195556 0.291563 -0.025657
v -0.197262 0.289529 -0.028065
v -0.198981 0.287469 -0.030474
v -0.200619 0.285586 -0.032873
v -0.202091 0.284076 -0.035253
v -0.203321 0.283102 -0.037603
v -0.204256 0.282783 -0.039918
v -0.204869 0.283182 -0.042194
v -0.205159 0.284298 -0.044431
v -0.205154 0.286069 -0.046633
v -0.204908 0.288377 -0.048805
v -0.204494 0.291057 -0.050958
v -0.204001 0.293915 -0.053101
v -0.203520 0.296745 -0.055245
v -0.203139 0.299352 -0.057402
v -0.202935 0.301567 -0.059580
v -0.202961 0.303269 -0.061785
v -0.203243 0.304402 -0.064021
v -0.203764 0.305004 -0.066286
v -0.203060 0.304809 -0.063999
v -0.202117 0.305145 -0.061684
v -0.200919 0.306049 -0.059337
v -0.199489 0.307467 -0.056963
v -0.197883 0.309276 -0.054567
v -0.196177 0.311310 -0.052160
v -0.194458 0.313370 -0.049751
v -0.192820 0.315253 -0.047351
v -0.191348 0.316763 -0.044972
v -0.190118 0.317737 -0.042622
v -0.189183 0.318056 -0.040307
v -0.188570 0.317657 -0.038031
v -0.188281 0.316541 -0.035794
v -0.188285 0.314770 -0.033592
v -0.188531 0.312462 -0.031419
v -0.188945 0.309782 -0.029267
v -0.189438 0.306924 -0.027124
v -0.189920 0.304094 -0.024979
v -0.190300 0.301487 -0.022823
v -0.190504 0.299272 -0.020645
v -0.190478 0.297570 -0.018440
v -0.190196 0.296437 -0.016203
f 437 438 439
f 437 439 438
f 437 439 440
f 437 440 439
f 437 440 441
f 437 441 440
f 437 441 442
f 437 442 441
f 437 442 443
f 437 443 442
f 437 443 444
f 437 444 443
f 437 444 445
f 437 445 444
f 437 445 446
f 437 446 445
f 437 446 447
f 437 447 446
f 437 447 448
f 437 448 447
f 437 448 449
f 437 449 448
f 437 449 450
f 437 450 449
f 437 450 451
f 437 451 450
f 437 451 452
f 437 452 451
f 437 452 453
f 437 453 452
f 437 453 454
f 437 454 453
f 437 454 455
f 437 455 454
f 437 455 456
f 437 456 455
f 437 456 457
f 437 457 456
f 437 457 458
f 437 458 457
f 437 458 459
f 437 459 458
f 437 459 460
f 437 460 459
f 437 460 461
f 437 461 460
f 437 461 462
f 437 462 461
f 437 462 463
f 437 463 462
f 437 463 464
f 437 464 463
f 437 464 465
f 437 465 464
f 437 465 466
f 437 466 465
f 437 466 467
f 437 467 466
f 437 467 468
f 437 468 467
f 437 468 469
f 437 469 468
f 437 469 470
f 437 470 469
f 437 470 471
f 437 471 470
f 437 471 472
f 437 472 471
f 437 472 473
f 437 473 472
f 437 473 474
f 437 474 473
f 437 474 475
f 437 475 474
f 437 475 476
f 437 476 475
f 437 476 477
f 437 477 476
f 437 477 478
f 437 478 477
f 437 478 479
f 437 479 478
f 437 479 480
f 437 480 479
f 437 480 481
f 437 481 480
f 437 481 482
f 437 482 481
v -0.186893 0.295835 -0.010690
v -0.187679 0.298460 -0.010795
v -0.189419 0.299930 -0.012371
v -0.191184 0.299930 -0.014433
v -0.192474 0.298460 -0.016394
v -0.192456 0.295835 -0.017186
v -0.191670 0.293210 -0.017082
v -0.189931 0.291740 -0.015506
v -0.188165 0.291740 -0.013444
v -0.186875 0.293210 -0.011483
v -0.205234 0.291205 0.003215
v -0.205769 0.292990 0.003144
v -0.206952 0.293990 0.002072
v -0.208152 0.293990 0.000670
v -0.209029 0.292990 -0.000663
v -0.209017 0.291205 -0.001202
v -0.208483 0.289420 -0.001131
v -0.207300 0.288420 -0.000060
v -0.206099 0.288420 0.001342
v -0.205222 0.289420 0.002676
f 483 484 494
f 483 494 493
f 484 485 495
f 484 495 494
f 485 486 496
f 485 496 495
f 486 487 497
f 486 497 496
f 487 488 498
f 487 498 497
f 488 489 499
f 488 499 498
f 489 490 500
f 489 500 499
f 490 491 501
f 490 501 500
f 491 492 502
f 491 502 501
f 492 483 493
f 492 493 502
v -0.207126 0.291205 0.001006
v -0.205432 0.291814 0.001633
v -0.203807 0.292644 0.002248
v -0.202305 0.293868 0.002841
v -0.200957 0.295581 0.003407
v -0.199762 0.297786 0.003945
v -0.198693 0.300391 0.004461
v -0.197694 0.303219 0.004964
v -0.196691 0.306036 0.005468
v -0.195604 0.308586 0.005987
v -0.194360 0.310631 0.006534
v -0.192900 0.311987 0.007119
v -0.191193 0.312557 0.007749
v -0.189240 0.312339 0.008422
v -0.187072 0.311433 0.009133
v -0.184745 0.310021 0.009873
v -0.182335 0.308343 0.010628
v -0.179922 0.306654 0.011383
v -0.177578 0.305187 0.012126
v -0.175359 0.304121 0.012846
v -0.173295 0.303546 0.013539
v -0.171383 0.303461 0.014205
v -0.169595 0.303769 0.014849
v -0.167876 0.304299 0.015481
v -0.169570 0.303690 0.014854
v -0.171195 0.302860 0.014239
v -0.172697 0.301636 0.013646
v -0.174045 0.299923 0.013080
v -0.175239 0.297718 0.012542
v -0.176309 0.295113 0.012026
v -0.177308 0.292285 0.011523
v -0.178311 0.289468 0.011019
v -0.179398 0.286918 0.010500
v -0.180642 0.284873 0.009953
v -0.182102 0.283517 0.009368
v -0.183809 0.282947 0.008738
v -0.185762 0.283165 0.008065
v -0.187930 0.284071 0.007354
v -0.190256 0.285483 0.006614
v -0.192667 0.287161 0.005859
v -0.195080 0.288850 0.005104
v -0.197424 0.290317 0.004361
v -0.199643 0.291383 0.003641
v -0.201707 0.291958 0.002948
v -0.203619 0.292043 0.002282
v -0.205407 0.291735 0.001638
f 503 504 505
f 503 505 504
f 503 505 506
f 503 506 505
f 503 506 507
f 503 507 506
f 503 507 508
f 503 508 507
f 503 508 509
f 503 509 508
f 503 509 510
f 503 510 509
f 503 510 511
f 503 511 510
f 503 511 512
f 503 512 511
f 503 512 513
f 503 513 512
f 503 513 514
f 503 514 513
f 503 514 515
f 503 515 514
f 503 515 516
f 503 516 515
f 503 516 517
f 503 517 516
f 503 517 518
f 503 518 517
f 503 518 519
f 503 519 518
f 503 519 520
f 503 520 519
f 503 520 521
f 503 521 520
f 503 521 522
f 503 522 521
f 503 522 523
f 503 523 522
f 503 523 524
f 503 524 523
f 503 524 525
f 503 525 524
f 503 525 526
f 503 526 525
f 503 526 527
f 503 527 526
f 503 527 528
f 503 528 527
f 503 528 529
f 503 529 528
f 503 529 530
f 503 530 529
f 503 530 531
f 503 531 530
f 503 531 532
f 503 532 531
f 503 532 533
f 503 533 532
f 503 533 534
f 503 534 533
f 503 534 535
f 503 535 534
f 503 535 536
f 503 536 535
f 503 536 537
f 503 537 536
f 503 537 538
f 503 538 537
f 503 538 539
f 503 539 538
f 503 539 540
f 503 540 539
f 503 540 541
f 503 541 540
f 503 541 542
f 503 542 541
f 503 542 543
f 503 543 542
f 503 543 544
f 503 544 543
f 503 544 545
f 503 545 544
f 503 545 546
f 503 546 545
f 503 546 547
f 503 547 546
f 503 547 548
f 503 548 547
v -0.207126 0.291205 0.001006
v -0.207699 0.291459 -0.000884
v -0.208244 0.291328 -0.002859
v -0.208750 0.290705 -0.004942
v -0.209219 0.289586 -0.007135
v -0.209656 0.288047 -0.009421
v -0.210071 0.286230 -0.011768
v -0.210480 0.284320 -0.014135
v -0.210897 0.282526 -0.016477
v -0.211339 0.281054 -0.018748
v -0.211819 0.280083 -0.020908
v -0.212347 0.279746 -0.022928
v -0.212929 0.280113 -0.024794
v -0.213566 0.281184 -0.026503
v -0.214250 0.282888 -0.028073
v -0.214973 0.285095 -0.029533
v -0.215720 0.287622 -0.030921
v -0.216477 0.290266 -0.032284
v -0.217226 0.292817 -0.033668
v -0.217954 0.295090 -0.035113
v -0.218650 0.296943 -0.036650
v -0.219308 0.298300 -0.038297
v -0.219928 0.299165 -0.040052
v -0.220519 0.299644 -0.041892
v -0.219945 0.299390 -0.040002
v -0.219401 0.299521 -0.038027
v -0.218894 0.300144 -0.035944
v -0.218425 0.301263 -0.033751
v -0.217989 0.302802 -0.031465
v -0.217573 0.304619 -0.029118
v -0.217165 0.306529 -0.026751
v -0.216748 0.308323 -0.024409
v -0.216306 0.309795 -0.022138
v -0.215826 0.310766 -0.019978
v -0.215297 0.311104 -0.017958
v -0.214715 0.310737 -0.016092
v -0.214079 0.309666 -0.014383
v -0.213394 0.307961 -0.012813
v -0.212672 0.305755 -0.011353
v -0.211924 0.303227 -0.009965
v -0.211168 0.300583 -0.008602
v -0.210419 0.298032 -0.007218
v -0.209691 0.295759 -0.005773
v -0.208995 0.293906 -0.004236
v -0.208337 0.292549 -0.002589
v -0.207717 0.291684 -0.000834
f 549 550 551
f 549 551 550
f 549 551 552
f 549 552 551
f 549 552 553
f 549 553 552
f 549 553 554
f 549 554 553
f 549 554 555
f 549 555 554
f 549 555 556
f 549 556 555
f 549 556 557
f 549 557 556
f 549 557 558
f 549 558 557
f 549 558 559
f 549 559 558
f 549 559 560
f 549 560 559
f 549 560 561
f 549 561 560
f 549 561 562
f 549 562 561
f 549 562 563
f 549 563 562
f 549 563 564
f 549 564 563
f 549 564 565
f 549 565 564
f 549 565 566
f 549 566 565
f 549 566 567
f 549 567 566
f 549 567 568
f 549 568 567
f 549 568 569
f 549 569 568
f 549 569 570
f 549 570 569
f 549 570 571
f 549 571 570
f 549 571 572
f 549 572 571
f 549 572 573
f 549 573 572
f 549 573 574
f 549 574 573
f 549 574 575
f 549 575 574
f 549 575 576
f 549 576 575
f 549 576 577
f 549 577 576
f 549 577 578
f 549 578 577
f 549 578 579
f 549 579 578
f 549 579 580
f 549 580 579
f 549 580 581
f 549 581 580
f 549 581 582
f 549 582 581
f 549 582 583
f 549 583 582
f 549 583 584
f 549 584 583
f 549 584 585
f 549 585 584
f 549 585 586
f 549 586 585
f 549 586 587
f 549 587 586
f 549 587 588
f 549 588 587
f 549 588 589
f 549 589 588
f 549 589 590
f 549 590 589
f 549 590 591
f 549 591 590
f 549 591 592
f 549 592 591
f 549 592 593
f 549 593 592
f 549 593 594
f 549 594 593
v -0.185544 0.295835 -0.015043
v -0.186604 0.297726 -0.016722
v -0.189128 0.298785 -0.017146
v -0.191750 0.298785 -0.016445
v -0.193725 0.297726 -0.014818
v -0.193806 0.295835 -0.012834
v -0.192746 0.293944 -0.011155
v -0.190222 0.292885 -0.010731
v -0.187599 0.292885 -0.011432
v -0.185624 0.293944 -0.013059
v -0.182490 0.312816 0.001673
v -0.183211 0.314102 0.000532
v -0.184927 0.314822 0.000243
v -0.186710 0.314822 0.000720
v -0.188053 0.314102 0.001827
v -0.188108 0.312816 0.003176
v -0.187387 0.311530 0.004318
v -0.185671 0.310810 0.004606
v -0.183887 0.310810 0.004129
v -0.182544 0.311530 0.003023
f 595 596 606
f 595 606 605
f 596 597 607
f 596 607 606
f 597 598 608
f 597 608 607
f 598 599 609
f 598 609 608
f 599 600 610
f 599 610 609
f 600 601 611
f 600 611 610
f 601 602 612
f 601 612 611
f 602 603 613
f 602 613 612
f 603 604 614
f 603 614 613
f 604 595 605
f 604 605 614
v -0.185299 0.312816 0.002425
v -0.182839 0.311787 0.000991
v -0.180407 0.310952 -0.000638
v -0.178032 0.310525 -0.002674
v -0.175737 0.310661 -0.005274
v -0.173530 0.311413 -0.008489
v -0.171400 0.312708 -0.012247
v -0.169319 0.314349 -0.016350
v -0.167245 0.316044 -0.020509
v -0.165132 0.317458 -0.024385
v -0.162932 0.318265 -0.027656
v -0.160611 0.318211 -0.030065
v -0.158147 0.317154 -0.031471
v -0.155541 0.315095 -0.031876
v -0.152813 0.312174 -0.031418
v -0.149998 0.308646 -0.030355
v -0.147144 0.304837 -0.029009
v -0.144298 0.301083 -0.027719
v -0.141500 0.297675 -0.026774
v -0.138780 0.294809 -0.026372
v -0.136147 0.292559 -0.026586
v -0.133594 0.290873 -0.027363
v -0.131098 0.289593 -0.028547
v -0.128630 0.288509 -0.029926
v -0.131090 0.289538 -0.028492
v -0.133523 0.290373 -0.026863
v -0.135897 0.290800 -0.024827
v -0.138192 0.290664 -0.022228
v -0.140399 0.289912 -0.019012
v -0.142529 0.288617 -0.015255
v -0.144611 0.286976 -0.011151
v -0.146684 0.285281 -0.006993
v -0.148797 0.283867 -0.003116
v -0.150997 0.283060 0.000154
v -0.153318 0.283114 0.002563
v -0.155782 0.284171 0.003970
v -0.158388 0.286230 0.004374
v -0.161116 0.289151 0.003917
v -0.163931 0.292679 0.002853
v -0.166785 0.296488 0.001508
v -0.169632 0.300242 0.000217
v -0.172429 0.303650 -0.000727
v -0.175149 0.306516 -0.001129
v -0.177782 0.308766 -0.000916
v -0.180336 0.310452 -0.000138
v -0.182831 0.311732 0.001046
f 615 616 617
f 615 617 616
f 615 617 618
f 615 618 617
f 615 618 619
f 615 619 618
f 615 619 620
f 615 620 619
f 615 620 621
f 615 621 620
f 615 621 622
f 615 622 621
f 615 622 623
f 615 623 622
f 615 623 624
f 615 624 623
f 615 624 625
f 615 625 624
f 615 625 626
f 615 626 625
f 615 626 627
f 615 627 626
f 615 627 628
f 615 628 627
f 615 628 629
f 615 629 628
f 615 629 630
f 615 630 629
f 615 630 631
f 615 631 630
f 615 631 632
f 615 632 631
f 615 632 633
f 615 633 632
f 615 633 634
f 615 634 633
f 615 634 635
f 615 635 634
f 615 635 636
f 615 636 635
f 615 636 637
f 615 637 636
f 615 637 638
f 615 638 637
f 615 638 639
f 615 639 638
f 615 639 640
f 615 640 639
f 615 640 641
f 615 641 640
f 615 641 642
f 615 642 641
f 615 642 643
f 615 643 642
f 615 643 644
f 615 644 643
f 615 644 645
f 615 645 644
f 615 645 646
f 615 646 645
f 615 646 647
f 615 647 646
f 615 647 648
f 615 648 647
f 615 648 649
f 615 649 648
f 615 649 650
f 615 650 649
f 615 650 651
f 615 651 650
f 615 651 652
f 615 652 651
f 615 652 653
f 615 653 652
f 615 653 654
f 615 654 653
f 615 654 655
f 615 655 654
f 615 655 656
f 615 656 655
f 615 656 657
f 615 657 656
f 615 657 658
f 615 658 657
f 615 658 659
f 615 659 658
f 615 659 660
f 615 660 659
v -0.185299 0.312816 0.002425
v -0.187885 0.311767 0.002773
v -0.190286 0.310253 0.003554
v -0.192483 0.308225 0.004814
v -0.194492 0.305725 0.006513
v -0.196356 0.302859 0.008554
v -0.198133 0.299776 0.010796
v -0.199896 0.296658 0.013072
v -0.201721 0.293694 0.015204
v -0.203679 0.291065 0.017023
v -0.205832 0.288925 0.018387
v -0.208223 0.287387 0.019191
v -0.210877 0.286508 0.019380
v -0.213793 0.286289 0.018955
v -0.216948 0.286671 0.017970
v -0.220298 0.287543 0.016529
v -0.223781 0.288749 0.014776
v -0.227325 0.290110 0.012879
v -0.230855 0.291435 0.011016
v -0.234299 0.292545 0.009354
v -0.237597 0.293287 0.008033
v -0.240708 0.293557 0.007152
v -0.243614 0.293314 0.006750
v -0.246336 0.292606 0.006780
v -0.243750 0.293655 0.006433
v -0.241349 0.295169 0.005651
v -0.239152 0.297197 0.004391
v -0.237142 0.299696 0.002692
v -0.235279 0.302563 0.000651
v -0.233501 0.305646 -0.001591
v -0.231738 0.308764 -0.003867
v -0.229913 0.311728 -0.005998
v -0.227956 0.314357 -0.007818
v -0.225803 0.316497 -0.009182
v -0.223412 0.318035 -0.009986
v -0.220758 0.318914 -0.010175
v -0.217842 0.319133 -0.009750
v -0.214687 0.318751 -0.008765
v -0.211337 0.317879 -0.007324
v -0.207854 0.316672 -0.005571
v -0.204310 0.315311 -0.003674
v -0.200780 0.313986 -0.001811
v -0.197336 0.312877 -0.000148
v -0.194037 0.312135 0.001172
v -0.190927 0.311864 0.002053
v -0.188020 0.312107 0.002456
f 661 662 663
f 661 663 662
f 661 663 664
f 661 664 663
f 661 664 665
f 661 665 664
f 661 665 666
f 661 666 665
f 661 666 667
f 661 667 666
f 661 667 668
f 661 668 667
f 661 668 669
f 661 669 668
f 661 669 670
f 661 670 669
f 661 670 671
f 661 671 670
f 661 671 672
f 661 672 671
f 661 672 673
f 661 673 672
f 661 673 674
f 661 674 673
f 661 674 675
f 661 675 674
f 661 675 676
f 661 676 675
f 661 676 677
f 661 677 676
f 661 677 678
f 661 678 677
f 661 678 679
f 661 679 678
f 661 679 680
f 661 680 679
f 661 680 681
f 661 681 680
f 661 681 682
f 661 682 681
f 661 682 683
f 661 683 682
f 661 683 684
f 661 684 683
f 661 684 685
f 661 685 684
f 661 685 686
f 661 686 685
f 661 686 687
f 661 687 686
f 661 687 688
f 661 688 687
f 661 688 689
f 661 689 688
f 661 689 690
f 661 690 689
f 661 690 691
f 661 691 690
f 661 691 692
f 661 692 691
f 661 692 693
f 661 693 692
f 661 693 694
f 661 694 693
f 661 694 695
f 661 695 694
f 661 695 696
f 661 696 695
f 661 696 697
f 661 697 696
f 661 697 698
f 661 698 697
f 661 698 699
f 661 699 698
f 661 699 700
f 661 700 699
f 661 700 701
f 661 701 700
f 661 701 702
f 661 702 701
f 661 702 703
f 661 703 702
f 661 703 704
f 661 704 703
f 661 704 705
f 661 705 704
f 661 705 706
f 661 706 705
v -0.191082 0.295835 -0.009900
v -0.189121 0.297751 -0.009842
v -0.187365 0.298824 -0.011696
v -0.186472 0.298824 -0.014260
v -0.186695 0.297751 -0.016803
v -0.188268 0.295835 -0.017977
v -0.190229 0.293919 -0.018035
v -0.191984 0.292846 -0.016180
v -0.192877 0.292846 -0.013617
v -0.192654 0.293919 -0.011073
v -0.206337 0.312073 -0.016665
v -0.205003 0.313376 -0.016625
v -0.203810 0.314105 -0.017886
v -0.203202 0.314105 -0.019629
v -0.203354 0.313376 -0.021359
v -0.204423 0.312073 -0.022157
v -0.205756 0.310770 -0.022196
v -0.206950 0.310040 -0.020935
v -0.207558 0.310040 -0.019192
v -0.207406 0.310770 -0.017462
f 707 708 718
f 707 718 717
f 708 709 719
f 708 719 718
f 709 710 720
f 709 720 719
f 710 711 721
f 710 721 720
f 711 712 722
f 711 722 721
f 712 713 723
f 712 723 722
f 713 714 724
f 713 724 723
f 714 715 725
f 714 725 724
f 715 716 726
f 715 726 725
f 716 707 717
f 716 717 726
v -0.205380 0.312073 -0.019411
v -0.205159 0.311040 -0.017032
v -0.204502 0.310560 -0.014266
v -0.203521 0.310491 -0.011209
v -0.202308 0.310716 -0.007946
v -0.200962 0.311110 -0.004563
v -0.199580 0.311549 -0.001149
v -0.198261 0.311908 0.002209
v -0.197097 0.312072 0.005429
v -0.196167 0.311938 0.008440
v -0.195537 0.311424 0.011183
v -0.195252 0.310473 0.013619
v -0.195335 0.309055 0.015726
v -0.195786 0.307170 0.017504
v -0.196581 0.304848 0.018974
v -0.197677 0.302146 0.020177
v -0.199007 0.299147 0.021171
v -0.200491 0.295952 0.022027
v -0.202038 0.292677 0.022826
v -0.203550 0.289447 0.023657
v -0.204928 0.286386 0.024608
v -0.206075 0.283619 0.025765
v -0.206897 0.281264 0.027212
v -0.207284 0.279460 0.029047
v -0.207505 0.280493 0.026669
v -0.208162 0.280973 0.023902
v -0.209143 0.281042 0.020846
v -0.210355 0.280818 0.017582
v -0.211702 0.280423 0.014200
v -0.213084 0.279984 0.010786
v -0.214402 0.279625 0.007428
v -0.215567 0.279461 0.004207
v -0.216496 0.279595 0.001197
v -0.217127 0.280109 -0.001547
v -0.217412 0.281060 -0.003982
v -0.217329 0.282478 -0.006089
v -0.216878 0.284363 -0.007867
v -0.216083 0.286685 -0.009338
v -0.214987 0.289387 -0.010541
v -0.213657 0.292386 -0.011534
v -0.212173 0.295581 -0.012390
v -0.210626 0.298856 -0.013190
v -0.209114 0.302087 -0.014021
v -0.207736 0.305147 -0.014971
v -0.206589 0.307914 -0.016128
v -0.205766 0.310270 -0.017575
f 727 728 729
f 727 729 728
f 727 729 730
f 727 730 729
f 727 730 731
f 727 731 730
f 727 731 732
f 727 732 731
f 727 732 733
f 727 733 732
f 727 733 734
f 727 734 733
f 727 734 735
f 727 735 734
f 727 735 736
f 727 736 735
f 727 736 737
f 727 737 736
f 727 737 738
f 727 738 737
f 727 738 739
f 727 739 738
f 727 739 740
f 727 740 739
f 727 740 741
f 727 741 740
f 727 741 742
f 727 742 741
f 727 742 743
f 727 743 742
f 727 743 744
f 727 744 743
f 727 744 745
f 727 745 744
f 727 745 746
f 727 746 745
f 727 746 747
f 727 747 746
f 727 747 748
f 727 748 747
f 727 748 749
f 727 749 748
f 727 749 750
f 727 750 749
f 727 750 751
f 727 751 750
f 727 751 752
f 727 752 751
f 727 752 753
f 727 753 752
f 727 753 754
f 727 754 753
f 727 754 755
f 727 755 754
f 727 755 756
f 727 756 755
f 727 756 757
f 727 757 756
f 727 757 758
f 727 758 757
f 727 758 759
f 727 759 758
f 727 759 760
f 727 760 759
f 727 760 761
f 727 761 760
f 727 761 762
f 727 762 761
f 727 762 763
f 727 763 762
f 727 763 764
f 727 764 763
f 727 764 765
f 727 765 764
f 727 765 766
f 727 766 765
f 727 766 767
f 727 767 766
f 727 767 768
f 727 768 767
f 727 768 769
f 727 769 768
f 727 769 770
f 727 770 769
f 727 770 771
f 727 771 770
f 727 771 772
f 727 772 771
v -0.165340 0.284680 -0.037656
v -0.163642 0.288330 -0.037417
v -0.160864 0.290374 -0.039583
v -0.158381 0.290374 -0.042710
v -0.156900 0.288330 -0.045906
v -0.157518 0.284680 -0.047506
v -0.159216 0.281030 -0.047745
v -0.161994 0.278986 -0.045579
v -0.164477 0.278986 -0.042453
v -0.165958 0.281030 -0.039256
v -0.194949 0.300647 -0.063740
v -0.193795 0.303129 -0.063577
v -0.191906 0.304519 -0.065050
v -0.190218 0.304519 -0.067176
v -0.189211 0.303129 -0.069350
v -0.189631 0.300647 -0.070437
v -0.190785 0.298165 -0.070600
v -0.192674 0.296775 -0.069127
v -0.194363 0.296775 -0.067001
v -0.195370 0.298165 -0.064828
f 773 774 784
f 773 784 783
f 774 775 785
f 774 785 784
f 775 776 786
f 775 786 785
f 776 777 787
f 776 787 786
f 777 778 788
f 777 788 787
f 778 779 789
f 778 789 788
f 779 780 790
f 779 790 789
f 780 781 791
f 780 791 790
f 781 782 792
f 781 792 791
f 782 773 783
f 782 783 792
v -0.192290 0.300647 -0.067089
v -0.192463 0.300444 -0.065269
v -0.192499 0.300676 -0.063338
v -0.192397 0.301350 -0.061295
v -0.192173 0.302410 -0.059152
v -0.191858 0.303758 -0.056936
v -0.191495 0.305260 -0.054680
v -0.191131 0.306769 -0.052422
v -0.190812 0.308131 -0.050203
v -0.190585 0.309201 -0.048057
v -0.190487 0.309861 -0.046017
v -0.190545 0.310022 -0.044105
v -0.190774 0.309641 -0.042331
v -0.191174 0.308715 -0.040696
v -0.191730 0.307292 -0.039189
v -0.192416 0.305458 -0.037787
v -0.193193 0.303333 -0.036459
v -0.194016 0.301061 -0.035169
v -0.194837 0.298794 -0.033877
v -0.195610 0.296683 -0.032546
v -0.196292 0.294859 -0.031141
v -0.196853 0.293422 -0.029637
v -0.197275 0.292427 -0.028020
v -0.197560 0.291866 -0.026293
v -0.197387 0.292068 -0.028112
v -0.197351 0.291837 -0.030043
v -0.197453 0.291163 -0.032087
v -0.197677 0.290103 -0.034229
v -0.197992 0.288755 -0.036445
v -0.198355 0.287252 -0.038701
v -0.198720 0.285743 -0.040959
v -0.199038 0.284382 -0.043178
v -0.199265 0.283311 -0.045324
v -0.199364 0.282652 -0.047364
v -0.199305 0.282490 -0.049277
v -0.199076 0.282872 -0.051050
v -0.198676 0.283797 -0.052685
v -0.198120 0.285220 -0.054193
v -0.197434 0.287055 -0.055595
v -0.196657 0.289180 -0.056922
v -0.195834 0.291452 -0.058213
v -0.195013 0.293718 -0.059504
v -0.194241 0.295829 -0.060836
v -0.193558 0.297653 -0.062240
v -0.192997 0.299091 -0.063744
v -0.192576 0.300086 -0.065361
f 793 794 795
f 793 795 794
f 793 795 796
f 793 796 795
f 793 796 797
f 793 797 796
f 793 797 798
f 793 798 797
f 793 798 799
f 793 799 798
f 793 799 800
f 793 800 799
f 793 800 801
f 793 801 800
f 793 801 802
f 793 802 801
f 793 802 803
f 793 803 802
f 793 803 804
f 793 804 803
f 793 804 805
f 793 805 804
f 793 805 806
f 793 806 805
f 793 806 807
f 793 807 806
f 793 807 808
f 793 808 807
f 793 808 809
f 793 809 808
f 793 809 810
f 793 810 809
f 793 810 811
f 793 811 810
f 793 811 812
f 793 812 811
f 793 812 813
f 793 813 812
f 793 813 814
f 793 814 813
f 793 814 815
f 793 815 814
f 793 815 816
f 793 816 815
f 793 816 817
f 793 817 816
f 793 817 818
f 793 818 817
f 793 818 819
f 793 819 818
f 793 819 820
f 793 820 819
f 793 820 821
f 793 821 820
f 793 821 822
f 793 822 821
f 793 822 823
f 793 823 822
f 793 823 824
f 793 824 823
f 793 824 825
f 793 825 824
f 793 825 826
f 793 826 825
f 793 826 827
f 793 827 826
f 793 827 828
f 793 828 827
f 793 828 829
f 793 829 828
f 793 829 830
f 793 830 829
f 793 830 831
f 793 831 830
f 793 831 832
f 793 832 831
f 793 832 833
f 793 833 832
f 793 833 834
f 793 834 833
f 793 834 835
f 793 835 834
f 793 835 836
f 793 836 835
f 793 836 837
f 793 837 836
f 793 837 838
f 793 838 837
v -0.192290 0.300647 -0.067089
v -0.190537 0.299521 -0.068553
v -0.189088 0.297695 -0.070091
v -0.187883 0.295309 -0.071686
v -0.186861 0.292504 -0.073325
v -0.185951 0.289437 -0.074991
v -0.185082 0.286280 -0.076667
v -0.184177 0.283203 -0.078334
v -0.183166 0.280373 -0.079976
v -0.181984 0.277934 -0.081577
v -0.180579 0.276006 -0.083125
v -0.178917 0.274672 -0.084611
v -0.176977 0.273975 -0.086031
v -0.174760 0.273916 -0.087385
v -0.172284 0.274451 -0.088678
v -0.169586 0.275497 -0.089917
v -0.166718 0.276935 -0.091116
v -0.163743 0.278618 -0.092289
v -0.160732 0.280383 -0.093454
v -0.157761 0.282056 -0.094628
v -0.154904 0.283469 -0.095830
v -0.152229 0.284462 -0.097075
v -0.149798 0.284894 -0.098378
v -0.147671 0.284627 -0.099753
v -0.149424 0.285754 -0.098289
v -0.150873 0.287579 -0.096751
v -0.152078 0.289965 -0.095156
v -0.153101 0.292771 -0.093517
v -0.154010 0.295837 -0.091851
v -0.154879 0.298995 -0.090175
v -0.155784 0.302071 -0.088508
v -0.156795 0.304902 -0.086866
v -0.157978 0.307340 -0.085265
v -0.159382 0.309269 -0.083717
v -0.161044 0.310603 -0.082231
v -0.162984 0.311299 -0.080811
v -0.165202 0.311358 -0.079457
v -0.167677 0.310823 -0.078164
v -0.170375 0.309777 -0.076925
v -0.173243 0.308339 -0.075726
v -0.176219 0.306656 -0.074553
v -0.179229 0.304892 -0.073388
v -0.182200 0.303218 -0.072214
v -0.185057 0.301805 -0.071012
v -0.187732 0.300812 -0.069767
v -0.190163 0.300380 -0.068464
f 839 840 841
f 839 841 840
f 839 841 842
f 839 842 841
f 839 842 843
f 839 843 842
f 839 843 844
f 839 844 843
f 839 844 845
f 839 845 844
f 839 845 846
f 839 846 845
f 839 846 847
f 839 847 846
f 839 847 848
f 839 848 847
f 839 848 849
f 839 849 848
f 839 849 850
f 839 850 849
f 839 850 851
f 839 851 850
f 839 851 852
f 839 852 851
f 839 852 853
f 839 853 852
f 839 853 854
f 839 854 853
f 839 854 855
f 839 855 854
f 839 855 856
f 839 856 855
f 839 856 857
f 839 857 856
f 839 857 858
f 839 858 857
f 839 858 859
f 839 859 858
f 839 859 860
f 839 860 859
f 839 860 861
f 839 861 860
f 839 861 862
f 839 862 861
f 839 862 863
f 839 863 862
f 839 863 864
f 839 864 863
f 839 864 865
f 839 865 864
f 839 865 866
f 839 866 865
f 839 866 867
f 839 867 866
f 839 867 868
f 839 868 867
f 839 868 869
f 839 869 868
f 839 869 870
f 839 870 869
f 839 870 871
f 839 871 870
f 839 871 872
f 839 872 871
f 839 872 873
f 839 873 872
f 839 873 874
f 839 874 873
f 839 874 875
f 839 875 874
f 839 875 876
f 839 876 875
f 839 876 877
f 839 877 876
f 839 877 878
f 839 878 877
f 839 878 879
f 839 879 878
f 839 879 880
f 839 880 879
f 839 880 881
f 839 881 880
f 839 881 882
f 839 882 881
f 839 882 883
f 839 883 882
f 839 883 884
f 839 884 883
v -0.194740 0.300647 -0.063584
v -0.195077 0.303195 -0.064540
v -0.194121 0.304622 -0.066713
v -0.192566 0.304622 -0.068938
v -0.190854 0.303195 -0.070582
v -0.189840 0.300647 -0.070593
v -0.189503 0.298099 -0.069637
v -0.190459 0.296672 -0.067464
v -0.192014 0.296672 -0.065240
v -0.193727 0.298099 -0.063596
v -0.212411 0.293363 -0.077608
v -0.212641 0.295096 -0.078258
v -0.211991 0.296066 -0.079736
v -0.210933 0.296066 -0.081249
v -0.209768 0.295096 -0.082367
v -0.209079 0.293363 -0.082375
v -0.208850 0.291631 -0.081724
v -0.209500 0.290661 -0.080247
v -0.210558 0.290661 -0.078734
v -0.211722 0.291631 -0.077616
f 885 886 896
f 885 896 895
f 886 887 897
f 886 897 896
f 887 888 898
f 887 898 897
f 888 889 899
f 888 899 898
f 889 890 900
f 889 900 899
f 890 891 901
f 890 901 900
f 891 892 902
f 891 902 901
f 892 893 903
f 892 903 902
f 893 894 904
f 893 904 903
f 894 885 895
f 894 895 904
v -0.210745 0.293363 -0.079991
v -0.211300 0.294542 -0.078112
v -0.211858 0.296119 -0.076453
v -0.212422 0.298206 -0.075073
v -0.212992 0.300805 -0.073974
v -0.213566 0.303836 -0.073113
v -0.214143 0.307154 -0.072409
v -0.214721 0.310566 -0.071758
v -0.215298 0.313859 -0.071040
v -0.215871 0.316819 -0.070140
v -0.216439 0.319261 -0.068955
v -0.217000 0.321049 -0.067411
v -0.217553 0.322110 -0.065468
v -0.218099 0.322445 -0.063125
v -0.218637 0.322126 -0.060424
v -0.219170 0.321289 -0.057438
v -0.219700 0.320120 -0.054269
v -0.220228 0.318830 -0.051035
v -0.220757 0.317635 -0.047852
v -0.221289 0.316727 -0.044827
v -0.221826 0.316251 -0.042040
v -0.222368 0.316288 -0.039533
v -0.222916 0.316833 -0.037307
v -0.223468 0.317778 -0.035299
v -0.222914 0.316599 -0.037178
v -0.222355 0.315022 -0.038838
v -0.221791 0.312935 -0.040218
v -0.221221 0.310336 -0.041317
v -0.220647 0.307305 -0.042178
v -0.220070 0.303987 -0.042881
v -0.219492 0.300575 -0.043533
v -0.218915 0.297282 -0.044251
v -0.218342 0.294322 -0.045151
v -0.217774 0.291880 -0.046336
v -0.217213 0.290092 -0.047880
v -0.216660 0.289031 -0.049823
v -0.216115 0.288696 -0.052165
v -0.215576 0.289015 -0.054867
v -0.215043 0.289852 -0.057853
v -0.214514 0.291021 -0.061021
v -0.213985 0.292311 -0.064256
v -0.213456 0.293506 -0.067438
v -0.212924 0.294414 -0.070464
v -0.212387 0.294890 -0.073251
v -0.211845 0.294853 -0.075757
v -0.211297 0.294308 -0.077984
f 905 906 907
f 905 907 906
f 905 907 908
f 905 908 907
f 905 908 909
f 905 909 908
f 905 909 910
f 905 910 909
f 905 910 911
f 905 911 910
f 905 911 912
f 905 912 911
f 905 912 913
f 905 913 912
f 905 913 914
f 905 914 913
f 905 914 915
f 905 915 914
f 905 915 916
f 905 916 915
f 905 916 917
f 905 917 916
f 905 917 918
f 905 918 917
f 905 918 919
f 905 919 918
f 905 919 920
f 905 920 919
f 905 920 921
f 905 921 920
f 905 921 922
f 905 922 921
f 905 922 923
f 905 923 922
f 905 923 924
f 905 924 923
f 905 924 925
f 905 925 924
f 905 925 926
f 905 926 925
f 905 926 927
f 905 927 926
f 905 927 928
f 905 928 927
f 905 928 929
f 905 929 928
f 905 929 930
f 905 930 929
f 905 930 931
f 905 931 930
f 905 931 932
f 905 932 931
f 905 932 933
f 905 933 932
f 905 933 934
f 905 934 933
f 905 934 935
f 905 935 934
f 905 935 936
f 905 936 935
f 905 936 937
f 905 937 936
f 905 937 938
f 905 938 937
f 905 938 939
f 905 939 938
f 905 939 940
f 905 940 939
f 905 940 941
f 905 941 940
f 905 941 942
f 905 942 941
f 905 942 943
f 905 943 942
f 905 943 944
f 905 944 943
f 905 944 945
f 905 945 944
f 905 945 946
f 905 946 945
f 905 946 947
f 905 947 946
f 905 947 948
f 905 948 947
f 905 948 949
f 905 949 948
f 905 949 950
f 905 950 949
v -0.210745 0.293363 -0.079991
v -0.209319 0.293265 -0.080999
v -0.207859 0.292976 -0.081948
v -0.206338 0.292339 -0.082788
v -0.204739 0.291259 -0.083490
v -0.203059 0.289726 -0.084050
v -0.201313 0.287819 -0.084494
v -0.199530 0.285697 -0.084871
v -0.197746 0.283575 -0.085248
v -0.196004 0.281690 -0.085699
v -0.194344 0.280266 -0.086294
v -0.192795 0.279474 -0.087085
v -0.191375 0.279407 -0.088103
v -0.190082 0.280067 -0.089348
v -0.188902 0.281358 -0.090789
v -0.187803 0.283110 -0.092374
v -0.186745 0.285100 -0.094032
v -0.185688 0.287089 -0.095691
v -0.184593 0.288863 -0.097283
v -0.183431 0.290264 -0.098758
v -0.182190 0.291211 -0.100092
v -0.180870 0.291715 -0.101288
v -0.179489 0.291871 -0.102375
v -0.178074 0.291837 -0.103403
v -0.179501 0.291935 -0.102395
v -0.180960 0.292224 -0.101447
v -0.182482 0.292861 -0.100607
v -0.184081 0.293941 -0.099905
v -0.185761 0.295474 -0.099344
v -0.187506 0.297381 -0.098900
v -0.189290 0.299503 -0.098523
v -0.191074 0.301625 -0.098146
v -0.192816 0.303510 -0.097695
v -0.194476 0.304934 -0.097101
v -0.196025 0.305726 -0.096309
v -0.197445 0.305793 -0.095291
v -0.198737 0.305133 -0.094047
v -0.199918 0.303842 -0.092606
v -0.201017 0.302090 -0.091021
v -0.202074 0.300100 -0.089362
v -0.203132 0.298111 -0.087703
v -0.204227 0.296337 -0.086111
v -0.205388 0.294936 -0.084636
v -0.206630 0.293989 -0.083302
v -0.207949 0.293485 -0.082107
v -0.209330 0.293329 -0.081019
f 951 952 953
f 951 953 952
f 951 953 954
f 951 954 953
f 951 954 955
f 951 955 954
f 951 955 956
f 951 956 955
f 951 956 957
f 951 957 956
f 951 957 958
f 951 958 957
f 951 958 959
f 951 959 958
f 951 959 960
f 951 960 959
f 951 960 961
f 951 961 960
f 951 961 962
f 951 962 961
f 951 962 963
f 951 963 962
f 951 963 964
f 951 964 963
f 951 964 965
f 951 965 964
f 951 965 966
f 951 966 965
f 951 966 967
f 951 967 966
f 951 967 968
f 951 968 967
f 951 968 969
f 951 969 968
f 951 969 970
f 951 970 969
f 951 970 971
f 951 971 970
f 951 971 972
f 951 972 971
f 951 972 973
f 951 973 972
f 951 973 974
f 951 974 973
f 951 974 975
f 951 975 974
f 951 975 976
f 951 976 975
f 951 976 977
f 951 977 976
f 951 977 978
f 951 978 977
f 951 978 979
f 951 979 978
f 951 979 980
f 951 980 979
f 951 980 981
f 951 981 980
f 951 981 982
f 951 982 981
f 951 982 983
f 951 983 982
f 951 983 984
f 951 984 983
f 951 984 985
f 951 985 984
f 951 985 986
f 951 986 985
f 951 986 987
f 951 987 986
f 951 987 988
f 951 988 987
f 951 988 989
f 951 989 988
f 951 989 990
f 951 990 989
f 951 990 991
f 951 991 990
f 951 991 992
f 951 992 991
f 951 992 993
f 951 993 992
f 951 993 994
f 951 994 993
f 951 994 995
f 951 995 994
f 951 995 996
f 951 996 995
v -0.192429 0.300647 -0.062815
v -0.190443 0.302462 -0.063341
v -0.189265 0.303479 -0.065632
v -0.189176 0.303479 -0.068345
v -0.190202 0.302462 -0.070708
v -0.192151 0.300647 -0.071363
v -0.194138 0.298831 -0.070837
v -0.195315 0.297815 -0.068545
v -0.195404 0.297815 -0.065832
v -0.194378 0.298831 -0.063469
v -0.209260 0.318956 -0.064732
v -0.207909 0.320190 -0.065090
v -0.207108 0.320882 -0.066648
v -0.207048 0.320882 -0.068493
v -0.207745 0.320190 -0.070100
v -0.209070 0.318956 -0.070545
v -0.210421 0.317721 -0.070187
v -0.211222 0.317030 -0.068629
v -0.211282 0.317030 -0.066784
v -0.210585 0.317721 -0.065177
f 997 998 1008
f 997 1008 1007
f 998 999 1009
f 998 1009 1008
f 999 1000 1010
f 999 1010 1009
f 1000 1001 1011
f 1000 1011 1010
f 1001 1002 1012
f 1001 1012 1011
f 1002 1003 1013
f 1002 1013 1012
f 1003 1004 1014
f 1003 1014 1013
f 1004 1005 1015
f 1004 1015 1014
f 1005 1006 1016
f 1005 1016 1015
f 1006 997 1007
f 1006 1007 1016
v -0.209165 0.318956 -0.067639
v -0.207913 0.319112 -0.065140
v -0.206293 0.319601 -0.062817
v -0.204184 0.320536 -0.060726
v -0.201567 0.321930 -0.058877
v -0.198511 0.323723 -0.057235
v -0.195155 0.325788 -0.055737
v -0.191688 0.327954 -0.054291
v -0.188326 0.330024 -0.052795
v -0.185285 0.331803 -0.051147
v -0.182756 0.333119 -0.049255
v -0.180878 0.333843 -0.047055
v -0.179727 0.333907 -0.044508
v -0.179302 0.333312 -0.041617
v -0.179530 0.332125 -0.038416
v -0.180268 0.330475 -0.034973
v -0.181328 0.328534 -0.031376
v -0.182493 0.326497 -0.027730
v -0.183547 0.324560 -0.024136
v -0.184300 0.322896 -0.020685
v -0.184615 0.321630 -0.017443
v -0.184423 0.320825 -0.014441
v -0.183740 0.320464 -0.011673
v -0.182690 0.320437 -0.009079
v -0.183942 0.320281 -0.011577
v -0.185561 0.319792 -0.013901
v -0.187671 0.318857 -0.015991
v -0.190288 0.317463 -0.017841
v -0.193344 0.315670 -0.019482
v -0.196700 0.313605 -0.020981
v -0.200167 0.311439 -0.022427
v -0.203529 0.309368 -0.023922
v -0.206570 0.307589 -0.025571
v -0.209099 0.306274 -0.027462
v -0.210977 0.305550 -0.029663
v -0.212128 0.305486 -0.032209
v -0.212553 0.306081 -0.035100
v -0.212325 0.307268 -0.038301
v -0.211587 0.308918 -0.041745
v -0.210527 0.310859 -0.045341
v -0.209362 0.312896 -0.048987
v -0.208308 0.314833 -0.052581
v -0.207554 0.316497 -0.056032
v -0.207240 0.317763 -0.059275
v -0.207432 0.318568 -0.062276
v -0.208115 0.318929 -0.065045
f 1017 1018 1019
f 1017 1019 1018
f 1017 1019 1020
f 1017 1020 1019
f 1017 1020 1021
f 1017 1021 1020
f 1017 1021 1022
f 1017 1022 1021
f 1017 1022 1023
f 1017 1023 1022
f 1017 1023 1024
f 1017 1024 1023
f 1017 1024 1025
f 1017 1025 1024
f 1017 1025 1026
f 1017 1026 1025
f 1017 1026 1027
f 1017 1027 1026
f 1017 1027 1028
f 1017 1028 1027
f 1017 1028 1029
f 1017 1029 1028
f 1017 1029 1030
f 1017 1030 1029
f 1017 1030 1031
f 1017 1031 1030
f 1017 1031 1032
f 1017 1032 1031
f 1017 1032 1033
f 1017 1033 1032
f 1017 1033 1034
f 1017 1034 1033
f 1017 1034 1035
f 1017 1035 1034
f 1017 1035 1036
f 1017 1036 1035
f 1017 1036 1037
f 1017 1037 1036
f 1017 1037 1038
f 1017 1038 1037
f 1017 1038 1039
f 1017 1039 1038
f 1017 1039 1040
f 1017 1040 1039
f 1017 1040 1041
f 1017 1041 1040
f 1017 1041 1042
f 1017 1042 1041
f 1017 1042 1043
f 1017 1043 1042
f 1017 1043 1044
f 1017 1044 1043
f 1017 1044 1045
f 1017 1045 1044
f 1017 1045 1046
f 1017 1046 1045
f 1017 1046 1047
f 1017 1047 1046
f 1017 1047 1048
f 1017 1048 1047
f 1017 1048 1049
f 1017 1049 1048
f 1017 1049 1050
f 1017 1050 1049
f 1017 1050 1051
f 1017 1051 1050
f 1017 1051 1052
f 1017 1052 1051
f 1017 1052 1053
f 1017 1053 1052
f 1017 1053 1054
f 1017 1054 1053
f 1017 1054 1055
f 1017 1055 1054
f 1017 1055 1056
f 1017 1056 1055
f 1017 1056 1057
f 1017 1057 1056
f 1017 1057 1058
f 1017 1058 1057
f 1017 1058 1059
f 1017 1059 1058
f 1017 1059 1060
f 1017 1060 1059
f 1017 1060 1061
f 1017 1061 1060
f 1017 1061 1062
f 1017 1062 1061
v -0.209165 0.318956 -0.067639
v -0.208333 0.317957 -0.069469
v -0.207967 0.316526 -0.071396
v -0.208010 0.314715 -0.073407
v -0.208377 0.312604 -0.075484
v -0.208960 0.310293 -0.077606
v -0.209636 0.307894 -0.079747
v -0.210277 0.305529 -0.081880
v -0.210755 0.303315 -0.083980
v -0.210956 0.301358 -0.086023
v -0.210786 0.299744 -0.087990
v -0.210179 0.298537 -0.089867
v -0.209099 0.297768 -0.091647
v -0.207547 0.297437 -0.093330
v -0.205558 0.297512 -0.094922
v -0.203197 0.297932 -0.096439
v -0.200560 0.298608 -0.097898
v -0.197761 0.299435 -0.099324
v -0.194925 0.300295 -0.100743
v -0.192183 0.301069 -0.102181
v -0.189657 0.301642 -0.103663
v -0.187455 0.301914 -0.105212
v -0.185661 0.301807 -0.106845
v -0.184334 0.301268 -0.108574
v -0.185166 0.302266 -0.106743
v -0.185532 0.303698 -0.104817
v -0.185489 0.305508 -0.102806
v -0.185122 0.307619 -0.100729
v -0.184539 0.309931 -0.098607
v -0.183863 0.312330 -0.096466
v -0.183222 0.314695 -0.094332
v -0.182744 0.316909 -0.092232
v -0.182543 0.318866 -0.090189
v -0.182713 0.320479 -0.088222
v -0.183320 0.321687 -0.086345
v -0.184400 0.322456 -0.084565
v -0.185952 0.322787 -0.082883
v -0.187941 0.322711 -0.081290
v -0.190302 0.322292 -0.079774
v -0.192939 0.321616 -0.078314
v -0.195739 0.320789 -0.076888
v -0.198574 0.319929 -0.075470
v -0.201316 0.319155 -0.074032
v -0.203842 0.318582 -0.072549
v -0.206045 0.318310 -0.071001
v -0.207838 0.318416 -0.069368
f 1063 1064 1065
f 1063 1065 1064
f 1063 1065 1066
f 1063 1066 1065
f 1063 1066 1067
f 1063 1067 1066
f 1063 1067 1068
f 1063 1068 1067
f 1063 1068 1069
f 1063 1069 1068
f 1063 1069 1070
f 1063 1070 1069
f 1063 1070 1071
f 1063 1071 1070
f 1063 1071 1072
f 1063 1072 1071
f 1063 1072 1073
f 1063 1073 1072
f 1063 1073 1074
f 1063 1074 1073
f 1063 1074 1075
f 1063 1075 1074
f 1063 1075 1076
f 1063 1076 1075
f 1063 1076 1077
f 1063 1077 1076
f 1063 1077 1078
f 1063 1078 1077
f 1063 1078 1079
f 1063 1079 1078
f 1063 1079 1080
f 1063 1080 1079
f 1063 1080 1081
f 1063 1081 1080
f 1063 1081 1082
f 1063 1082 1081
f 1063 1082 1083
f 1063 1083 1082
f 1063 1083 1084
f 1063 1084 1083
f 1063 1084 1085
f 1063 1085 1084
f 1063 1085 1086
f 1063 1086 1085
f 1063 1086 1087
f 1063 1087 1086
f 1063 1087 1088
f 1063 1088 1087
f 1063 1088 1089
f 1063 1089 1088
f 1063 1089 1090
f 1063 1090 1089
f 1063 1090 1091
f 1063 1091 1090
f 1063 1091 1092
f 1063 1092 1091
f 1063 1092 1093
f 1063 1093 1092
f 1063 1093 1094
f 1063 1094 1093
f 1063 1094 1095
f 1063 1095 1094
f 1063 1095 1096
f 1063 1096 1095
f 1063 1096 1097
f 1063 1097 1096
f 1063 1097 1098
f 1063 1098 1097
f 1063 1098 1099
f 1063 1099 1098
f 1063 1099 1100
f 1063 1100 1099
f 1063 1100 1101
f 1063 1101 1100
f 1063 1101 1102
f 1063 1102 1101
f 1063 1102 1103
f 1063 1103 1102
f 1063 1103 1104
f 1063 1104 1103
f 1063 1104 1105
f 1063 1105 1104
f 1063 1105 1106
f 1063 1106 1105
f 1063 1106 1107
f 1063 1107 1106
f 1063 1107 1108
f 1063 1108 1107
v -0.196556 0.300647 -0.067379
v -0.196066 0.302895 -0.065888
v -0.193799 0.304154 -0.064917
v -0.191090 0.304154 -0.064732
v -0.188712 0.302895 -0.065387
v -0.188024 0.300647 -0.066798
v -0.188514 0.298399 -0.068290
v -0.190782 0.297140 -0.069261
v -0.193490 0.297140 -0.069445
v -0.195868 0.298399 -0.068791
v -0.193697 0.314869 -0.089212
v -0.193363 0.316398 -0.088198
v -0.191821 0.317254 -0.087537
v -0.189980 0.317254 -0.087412
v -0.188362 0.316398 -0.087857
v -0.187894 0.314869 -0.088817
v -0.188228 0.313340 -0.089831
v -0.189770 0.312484 -0.090492
v -0.191611 0.312484 -0.090617
v -0.193229 0.313340 -0.090172
f 1109 1110 1120
f 1109 1120 1119
f 1110 1111 1121
f 1110 1121 1120
f 1111 1112 1122
f 1111 1122 1121
f 1112 1113 1123
f 1112 1123 1122
f 1113 1114 1124
f 1113 1124 1123
f 1114 1115 1125
f 1114 1125 1124
f 1115 1116 1126
f 1115 1126 1125
f 1116 1117 1127
f 1116 1127 1126
f 1117 1118 1128
f 1117 1128 1127
f 1118 1109 1119
f 1118 1119 1128
v -0.190796 0.314869 -0.089014
v -0.192536 0.314221 -0.088617
v -0.194313 0.313722 -0.088125
v -0.196166 0.313530 -0.087439
v -0.198121 0.313755 -0.086490
v -0.200188 0.314431 -0.085256
v -0.202351 0.315500 -0.083773
v -0.204575 0.316816 -0.082134
v -0.206808 0.318166 -0.080474
v -0.208988 0.319305 -0.078948
v -0.211058 0.319997 -0.077704
v -0.212974 0.320058 -0.076858
v -0.214709 0.319389 -0.076474
v -0.216263 0.317987 -0.076552
v -0.217663 0.315955 -0.077029
v -0.218953 0.313477 -0.077788
v -0.220190 0.310788 -0.078680
v -0.221436 0.308132 -0.079551
v -0.222742 0.305723 -0.080266
v -0.224146 0.303707 -0.080733
v -0.225660 0.302142 -0.080914
v -0.227278 0.300995 -0.080832
v -0.228971 0.300154 -0.080557
v -0.230700 0.299462 -0.080187
v -0.228960 0.300110 -0.080584
v -0.227183 0.300608 -0.081077
v -0.225330 0.300801 -0.081762
v -0.223375 0.300576 -0.082711
v -0.221308 0.299900 -0.083945
v -0.219145 0.298830 -0.085428
v -0.216921 0.297514 -0.087067
v -0.214688 0.296165 -0.088727
v -0.212508 0.295026 -0.090253
v -0.210437 0.294334 -0.091498
v -0.208522 0.294272 -0.092344
v -0.206787 0.294942 -0.092727
v -0.205232 0.296344 -0.092649
v -0.203833 0.298376 -0.092172
v -0.202543 0.300854 -0.091413
v -0.201306 0.303543 -0.090521
v -0.200060 0.306199 -0.089650
v -0.198753 0.308608 -0.088935
v -0.197350 0.310624 -0.088468
v -0.195835 0.312189 -0.088287
v -0.194218 0.313336 -0.088369
v -0.192525 0.314177 -0.088644
f 1129 1130 1131
f 1129 1131 1130
f 1129 1131 1132
f 1129 1132 1131
f 1129 1132 1133
f 1129 1133 1132
f 1129 1133 1134
f 1129 1134 1133
f 1129 1134 1135
f 1129 1135 1134
f 1129 1135 1136
f 1129 1136 1135
f 1129 1136 1137
f 1129 1137 1136
f 1129 1137 1138
f 1129 1138 1137
f 1129 1138 1139
f 1129 1139 1138
f 1129 1139 1140
f 1129 1140 1139
f 1129 1140 1141
f 1129 1141 1140
f 1129 1141 1142
f 1129 1142 1141
f 1129 1142 1143
f 1129 1143 1142
f 1129 1143 1144
f 1129 1144 1143
f 1129 1144 1145
f 1129 1145 1144
f 1129 1145 1146
f 1129 1146 1145
f 1129 1146 1147
f 1129 1147 1146
f 1129 1147 1148
f 1129 1148 1147
f 1129 1148 1149
f 1129 1149 1148
f 1129 1149 1150
f 1129 1150 1149
f 1129 1150 1151
f 1129 1151 1150
f 1129 1151 1152
f 1129 1152 1151
f 1129 1152 1153
f 1129 1153 1152
f 1129 1153 1154
f 1129 1154 1153
f 1129 1154 1155
f 1129 1155 1154
f 1129 1155 1156
f 1129 1156 1155
f 1129 1156 1157
f 1129 1157 1156
f 1129 1157 1158
f 1129 1158 1157
f 1129 1158 1159
f 1129 1159 1158
f 1129 1159 1160
f 1129 1160 1159
f 1129 1160 1161
f 1129 1161 1160
f 1129 1161 1162
f 1129 1162 1161
f 1129 1162 1163
f 1129 1163 1162
f 1129 1163 1164
f 1129 1164 1163
f 1129 1164 1165
f 1129 1165 1164
f 1129 1165 1166
f 1129 1166 1165
f 1129 1166 1167
f 1129 1167 1166
f 1129 1167 1168
f 1129 1168 1167
f 1129 1168 1169
f 1129 1169 1168
f 1129 1169 1170
f 1129 1170 1169
f 1129 1170 1171
f 1129 1171 1170
f 1129 1171 1172
f 1129 1172 1171
f 1129 1172 1173
f 1129 1173 1172
f 1129 1173 1174
f 1129 1174 1173
v -0.090905 0.298945 -0.019783
v -0.088775 0.303264 -0.023244
v -0.090364 0.305683 -0.028488
v -0.094144 0.305683 -0.032980
v -0.099040 0.303264 -0.035442
v -0.102814 0.298945 -0.033935
v -0.104944 0.294627 -0.030473
v -0.103355 0.292208 -0.025229
v -0.099575 0.292208 -0.020737
v -0.094679 0.294627 -0.018276
v -0.134881 0.348064 0.013355
v -0.133432 0.351001 0.011002
v -0.134513 0.352646 0.007436
v -0.137083 0.352646 0.004381
v -0.140412 0.351001 0.002707
v -0.142979 0.348064 0.003732
v -0.144427 0.345127 0.006086
v -0.143347 0.343483 0.009652
v -0.140776 0.343483 0.012706
v -0.137447 0.345127 0.014380
f 1175 1176 1186
f 1175 1186 1185
f 1176 1177 1187
f 1176 1187 1186
f 1177 1178 1188
f 1177 1188 1187
f 1178 1179 1189
f 1178 1189 1188
f 1179 1180 1190
f 1179 1190 1189
f 1180 1181 1191
f 1180 1191 1190
f 1181 1182 1192
f 1181 1192 1191
f 1182 1183 1193
f 1182 1193 1192
f 1183 1184 1194
f 1183 1194 1193
f 1184 1175 1185
f 1184 1185 1194
v -0.135483 0.348064 0.013804
v -0.136493 0.351950 0.013427
v -0.138669 0.354126 0.010759
v -0.140857 0.354126 0.007420
v -0.142434 0.351950 0.004360
v -0.142376 0.348064 0.003283
v -0.141366 0.344178 0.003660
v -0.139191 0.342002 0.006328
v -0.137003 0.342002 0.009668
v -0.135425 0.344178 0.012728
v -0.173300 0.340854 0.036174
v -0.173986 0.343496 0.035918
v -0.175466 0.344976 0.034104
v -0.176953 0.344976 0.031833
v -0.178026 0.343496 0.029752
v -0.177987 0.340854 0.029020
v -0.177300 0.338212 0.029276
v -0.175821 0.336732 0.031091
v -0.174333 0.336732 0.033361
v -0.173260 0.338212 0.035442
f 1195 1196 1206
f 1195 1206 1205
f 1196 1197 1207
f 1196 1207 1206
f 1197 1198 1208
f 1197 1208 1207
f 1198 1199 1209
f 1198 1209 1208
f 1199 1200 1210
f 1199 1210 1209
f 1200 1201 1211
f 1200 1211 1210
f 1201 1202 1212
f 1201 1212 1211
f 1202 1203 1213
f 1202 1213 1212
f 1203 1204 1214
f 1203 1214 1213
f 1204 1195 1205
f 1204 1205 1214
v -0.175643 0.340854 0.032597
v -0.173579 0.341010 0.033492
v -0.171551 0.341583 0.034456
v -0.169574 0.342712 0.035510
v -0.167648 0.344416 0.036658
v -0.165766 0.346618 0.037888
v -0.163914 0.349161 0.039174
v -0.162074 0.351829 0.040480
v -0.160223 0.354378 0.041766
v -0.158340 0.356563 0.042993
v -0.156405 0.358168 0.044125
v -0.154404 0.359034 0.045137
v -0.152329 0.359076 0.046013
v -0.150181 0.358294 0.046755
v -0.147967 0.356772 0.047375
v -0.145701 0.354670 0.047901
v -0.143403 0.352205 0.048368
v -0.141094 0.349620 0.048814
v -0.138796 0.347161 0.049282
v -0.136528 0.345042 0.049805
v -0.134306 0.343422 0.050409
v -0.132134 0.342376 0.051108
v -0.130012 0.341887 0.051898
v -0.127927 0.341814 0.052755
v -0.129992 0.341658 0.051860
v -0.132019 0.341085 0.050897
v -0.133996 0.339956 0.049843
v -0.135923 0.338252 0.048694
v -0.137804 0.336050 0.047464
v -0.139656 0.333507 0.046179
v -0.141496 0.330839 0.044873
v -0.143347 0.328290 0.043586
v -0.145230 0.326105 0.042359
v -0.147166 0.324500 0.041227
v -0.149167 0.323634 0.040216
v -0.151241 0.323592 0.039339
v -0.153389 0.324375 0.038598
v -0.155604 0.325896 0.037977
v -0.157869 0.327998 0.037451
v -0.160168 0.330463 0.036985
v -0.162477 0.333048 0.036538
v -0.164774 0.335507 0.036071
v -0.167042 0.337626 0.035548
v -0.169265 0.339247 0.034943
v -0.171436 0.340292 0.034244
v -0.173558 0.340782 0.033455
f 1215 1216 1217
f 1215 1217 1216
f 1215 1217 1218
f 1215 1218 1217
f 1215 1218 1219
f 1215 1219 1218
f 1215 1219 1220
f 1215 1220 1219
f 1215 1220 1221
f 1215 1221 1220
f 1215 1221 1222
f 1215 1222 1221
f 1215 1222 1223
f 1215 1223 1222
f 1215 1223 1224
f 1215 1224 1223
f 1215 1224 1225
f 1215 1225 1224
f 1215 1225 1226
f 1215 1226 1225
f 1215 1226 1227
f 1215 1227 1226
f 1215 1227 1228
f 1215 1228 1227
f 1215 1228 1229
f 1215 1229 1228
f 1215 1229 1230
f 1215 1230 1229
f 1215 1230 1231
f 1215 1231 1230
f 1215 1231 1232
f 1215 1232 1231
f 1215 1232 1233
f 1215 1233 1232
f 1215 1233 1234
f 1215 1234 1233
f 1215 1234 1235
f 1215 1235 1234
f 1215 1235 1236
f 1215 1236 1235
f 1215 1236 1237
f 1215 1237 1236
f 1215 1237 1238
f 1215 1238 1237
f 1215 1238 1239
f 1215 1239 1238
f 1215 1239 1240
f 1215 1240 1239
f 1215 1240 1241
f 1215 1241 1240
f 1215 1241 1242
f 1215 1242 1241
f 1215 1242 1243
f 1215 1243 1242
f 1215 1243 1244
f 1215 1244 1243
f 1215 1244 1245
f 1215 1245 1244
f 1215 1245 1246
f 1215 1246 1245
f 1215 1246 1247
f 1215 1247 1246
f 1215 1247 1248
f 1215 1248 1247
f 1215 1248 1249
f 1215 1249 1248
f 1215 1249 1250
f 1215 1250 1249
f 1215 1250 1251
f 1215 1251 1250
f 1215 1251 1252
f 1215 1252 1251
f 1215 1252 1253
f 1215 1253 1252
f 1215 1253 1254
f 1215 1254 1253
f 1215 1254 1255
f 1215 1255 1254
f 1215 1255 1256
f 1215 1256 1255
f 1215 1256 1257
f 1215 1257 1256
f 1215 1257 1258
f 1215 1258 1257
f 1215 1258 1259
f 1215 1259 1258
f 1215 1259 1260
f 1215 1260 1259
v -0.174045 0.340854 0.036563
v -0.176459 0.342110 0.036900
v -0.178558 0.342814 0.035235
v -0.179572 0.342814 0.032717
v -0.179214 0.342110 0.030062
v -0.177241 0.340854 0.028631
v -0.174827 0.339598 0.028295
v -0.172729 0.338894 0.029959
v -0.171714 0.338894 0.032477
v -0.172072 0.339598 0.035132
v -0.184512 0.320652 0.039306
v -0.186154 0.321506 0.039535
v -0.187581 0.321985 0.038403
v -0.188271 0.321985 0.036690
v -0.188027 0.321506 0.034885
v -0.186686 0.320652 0.033912
v -0.185044 0.319798 0.033683
v -0.183617 0.319319 0.034815
v -0.182927 0.319319 0.036527
v -0.183171 0.319798 0.038333
f 1261 1262 1272
f 1261 1272 1271
f 1262 1263 1273
f 1262 1273 1272
f 1263 1264 1274
f 1263 1274 1273
f 1264 1265 1275
f 1264 1275 1274
f 1265 1266 1276
f 1265 1276 1275
f 1266 1267 1277
f 1266 1277 1276
f 1267 1268 1278
f 1267 1278 1277
f 1268 1269 1279
f 1268 1279 1278
f 1269 1270 1280
f 1269 1280 1279
f 1270 1261 1271
f 1270 1271 1280
v -0.185599 0.320652 0.036609
v -0.184354 0.321049 0.037808
v -0.183218 0.321518 0.039099
v -0.182311 0.322139 0.040585
v -0.181724 0.322971 0.042342
v -0.181486 0.324035 0.044395
v -0.181558 0.325303 0.046710
v -0.181828 0.326702 0.049193
v -0.182131 0.328122 0.051704
v -0.182274 0.329437 0.054079
v -0.182074 0.330525 0.056164
v -0.181383 0.331289 0.057833
v -0.180123 0.331676 0.059019
v -0.178292 0.331686 0.059721
v -0.175971 0.331372 0.060009
v -0.173306 0.330831 0.060005
v -0.170482 0.330184 0.059866
v -0.167691 0.329559 0.059755
v -0.165097 0.329065 0.059811
v -0.162813 0.328775 0.060130
v -0.160879 0.328717 0.060745
v -0.159264 0.328870 0.061631
v -0.157879 0.329174 0.062711
v -0.156603 0.329551 0.063884
v -0.157848 0.329154 0.062685
v -0.158984 0.328685 0.061394
v -0.159891 0.328064 0.059908
v -0.160478 0.327232 0.058151
v -0.160715 0.326168 0.056098
v -0.160644 0.324900 0.053783
v -0.160374 0.323501 0.051300
v -0.160071 0.322081 0.048790
v -0.159928 0.320766 0.046414
v -0.160128 0.319678 0.044329
v -0.160819 0.318914 0.042660
v -0.162079 0.318527 0.041475
v -0.163910 0.318517 0.040772
v -0.166231 0.318831 0.040484
v -0.168896 0.319373 0.040488
v -0.171720 0.320019 0.040627
v -0.174511 0.320644 0.040738
v -0.177105 0.321138 0.040682
v -0.179389 0.321428 0.040363
v -0.181323 0.321486 0.039748
v -0.182938 0.321333 0.038862
v -0.184323 0.321029 0.037782
f 1281 1282 1283
f 1281 1283 1282
f 1281 1283 1284
f 1281 1284 1283
f 1281 1284 1285
f 1281 1285 1284
f 1281 1285 1286
f 1281 1286 1285
f 1281 1286 1287
f 1281 1287 1286
f 1281 1287 1288
f 1281 1288 1287
f 1281 1288 1289
f 1281 1289 1288
f 1281 1289 1290
f 1281 1290 1289
f 1281 1290 1291
f 1281 1291 1290
f 1281 1291 1292
f 1281 1292 1291
f 1281 1292 1293
f 1281 1293 1292
f 1281 1293 1294
f 1281 1294 1293
f 1281 1294 1295
f 1281 1295 1294
f 1281 1295 1296
f 1281 1296 1295
f 1281 1296 1297
f 1281 1297 1296
f 1281 1297 1298
f 1281 1298 1297
f 1281 1298 1299
f 1281 1299 1298
f 1281 1299 1300
f 1281 1300 1299
f 1281 1300 1301
f 1281 1301 1300
f 1281 1301 1302
f 1281 1302 1301
f 1281 1302 1303
f 1281 1303 1302
f 1281 1303 1304
f 1281 1304 1303
f 1281 1304 1305
f 1281 1305 1304
f 1281 1305 1306
f 1281 1306 1305
f 1281 1306 1307
f 1281 1307 1306
f 1281 1307 1308
f 1281 1308 1307
f 1281 1308 1309
f 1281 1309 1308
f 1281 1309 1310
f 1281 1310 1309
f 1281 1310 1311
f 1281 1311 1310
f 1281 1311 1312
f 1281 1312 1311
f 1281 1312 1313
f 1281 1313 1312
f 1281 1313 1314
f 1281 1314 1313
f 1281 1314 1315
f 1281 1315 1314
f 1281 1315 1316
f 1281 1316 1315
f 1281 1316 1317
f 1281 1317 1316
f 1281 1317 1318
f 1281 1318 1317
f 1281 1318 1319
f 1281 1319 1318
f 1281 1319 1320
f 1281 1320 1319
f 1281 1320 1321
f 1281 1321 1320
f 1281 1321 1322
f 1281 1322 1321
f 1281 1322 1323
f 1281 1323 1322
f 1281 1323 1324
f 1281 1324 1323
f 1281 1324 1325
f 1281 1325 1324
f 1281 1325 1326
f 1281 1326 1325
v -0.185599 0.320652 0.036609
v -0.185570 0.321538 0.033705
v -0.185063 0.322169 0.030701
v -0.183902 0.322450 0.027558
v -0.182053 0.322364 0.024271
v -0.179600 0.321954 0.020857
v -0.176725 0.321319 0.017354
v -0.173686 0.320596 0.013816
v -0.170778 0.319943 0.010306
v -0.168299 0.319519 0.006887
v -0.166513 0.319466 0.003613
v -0.165616 0.319889 0.000526
v -0.165712 0.320842 -0.002351
v -0.166802 0.322326 -0.005020
v -0.168780 0.324286 -0.007501
v -0.171451 0.326616 -0.009836
v -0.174552 0.329175 -0.012081
v -0.177784 0.331805 -0.014298
v -0.180851 0.334347 -0.016550
v -0.183497 0.336663 -0.018890
v -0.185538 0.338656 -0.021358
v -0.186891 0.340282 -0.023971
v -0.187591 0.341557 -0.026722
v -0.187813 0.342578 -0.029573
v -0.187842 0.341692 -0.026669
v -0.188349 0.341061 -0.023664
v -0.189510 0.340780 -0.020522
v -0.191359 0.340866 -0.017235
v -0.193812 0.341276 -0.013821
v -0.196687 0.341911 -0.010318
v -0.199726 0.342634 -0.006780
v -0.202634 0.343287 -0.003270
v -0.205113 0.343710 0.000150
v -0.206898 0.343763 0.003424
v -0.207795 0.343341 0.006510
v -0.207699 0.342388 0.009388
v -0.206610 0.340903 0.012056
v -0.204631 0.338944 0.014537
v -0.201960 0.336614 0.016872
v -0.198860 0.334055 0.019117
v -0.195628 0.331425 0.021334
v -0.192561 0.328883 0.023586
v -0.189915 0.326567 0.025927
v -0.187874 0.324573 0.028395
v -0.186520 0.322948 0.031008
v -0.185821 0.321672 0.033758
f 1327 1328 1329
f 1327 1329 1328
f 1327 1329 1330
f 1327 1330 1329
f 1327 1330 1331
f 1327 1331 1330
f 1327 1331 1332
f 1327 1332 1331
f 1327 1332 1333
f 1327 1333 1332
f 1327 1333 1334
f 1327 1334 1333
f 1327 1334 1335
f 1327 1335 1334
f 1327 1335 1336
f 1327 1336 1335
f 1327 1336 1337
f 1327 1337 1336
f 1327 1337 1338
f 1327 1338 1337
f 1327 1338 1339
f 1327 1339 1338
f 1327 1339 1340
f 1327 1340 1339
f 1327 1340 1341
f 1327 1341 1340
f 1327 1341 1342
f 1327 1342 1341
f 1327 1342 1343
f 1327 1343 1342
f 1327 1343 1344
f 1327 1344 1343
f 1327 1344 1345
f 1327 1345 1344
f 1327 1345 1346
f 1327 1346 1345
f 1327 1346 1347
f 1327 1347 1346
f 1327 1347 1348
f 1327 1348 1347
f 1327 1348 1349
f 1327 1349 1348
f 1327 1349 1350
f 1327 1350 1349
f 1327 1350 1351
f 1327 1351 1350
f 1327 1351 1352
f 1327 1352 1351
f 1327 1352 1353
f 1327 1353 1352
f 1327 1353 1354
f 1327 1354 1353
f 1327 1354 1355
f 1327 1355 1354
f 1327 1355 1356
f 1327 1356 1355
f 1327 1356 1357
f 1327 1357 1356
f 1327 1357 1358
f 1327 1358 1357
f 1327 1358 1359
f 1327 1359 1358
f 1327 1359 1360
f 1327 1360 1359
f 1327 1360 1361
f 1327 1361 1360
f 1327 1361 1362
f 1327 1362 1361
f 1327 1362 1363
f 1327 1363 1362
f 1327 1363 1364
f 1327 1364 1363
f 1327 1364 1365
f 1327 1365 1364
f 1327 1365 1366
f 1327 1366 1365
f 1327 1366 1367
f 1327 1367 1366
f 1327 1367 1368
f 1327 1368 1367
f 1327 1368 1369
f 1327 1369 1368
f 1327 1369 1370
f 1327 1370 1369
f 1327 1370 1371
f 1327 1371 1370
f 1327 1371 1372
f 1327 1372 1371
v -0.171388 0.340854 0.032173
v -0.172055 0.343410 0.031436
v -0.174416 0.344841 0.031221
v -0.177117 0.344841 0.031490
v -0.179390 0.343410 0.032166
v -0.179898 0.340854 0.033021
v -0.179231 0.338298 0.033758
v -0.176870 0.336867 0.033973
v -0.174169 0.336867 0.033704
v -0.171896 0.338298 0.033028
v -0.170185 0.348957 0.058069
v -0.170638 0.350694 0.057567
v -0.172244 0.351667 0.057421
v -0.174081 0.351667 0.057604
v -0.175626 0.350694 0.058064
v -0.175972 0.348957 0.058645
v -0.175518 0.347219 0.059146
v -0.173913 0.346246 0.059293
v -0.172076 0.346246 0.059110
v -0.170531 0.347219 0.058650
f 1373 1374 1384
f 1373 1384 1383
f 1374 1375 1385
f 1374 1385 1384
f 1375 1376 1386
f 1375 1386 1385
f 1376 1377 1387
f 1376 1387 1386
f 1377 1378 1388
f 1377 1388 1387
f 1378 1379 1389
f 1378 1389 1388
f 1379 1380 1390
f 1379 1390 1389
f 1380 1381 1391
f 1380 1391 1390
f 1381 1382 1392
f 1381 1392 1391
f 1382 1373 1383
f 1382 1383 1392
v -0.173078 0.348957 0.058357
v -0.170953 0.349553 0.056356
v -0.169083 0.350787 0.054180
v -0.167493 0.352717 0.051813
v -0.166158 0.355284 0.049271
v -0.165021 0.358343 0.046594
v -0.164000 0.361689 0.043839
v -0.162995 0.365078 0.041071
v -0.161906 0.368256 0.038362
v -0.160634 0.370978 0.035777
v -0.159096 0.373039 0.033374
v -0.157233 0.374289 0.031194
v -0.155012 0.374649 0.029258
v -0.152435 0.374119 0.027567
v -0.149531 0.372778 0.026098
v -0.146362 0.370776 0.024811
v -0.143010 0.368319 0.023648
v -0.139573 0.365650 0.022544
v -0.136154 0.363024 0.021428
v -0.132849 0.360685 0.020233
v -0.129743 0.358839 0.018903
v -0.126892 0.357628 0.017398
v -0.124320 0.357115 0.015702
v -0.122005 0.357238 0.013831
v -0.124130 0.356642 0.015832
v -0.126000 0.355408 0.018008
v -0.127590 0.353478 0.020375
v -0.128925 0.350911 0.022917
v -0.130062 0.347852 0.025594
v -0.131084 0.344506 0.028349
v -0.132088 0.341117 0.031117
v -0.133177 0.337939 0.033826
v -0.134449 0.335217 0.036411
v -0.135987 0.333156 0.038814
v -0.137850 0.331906 0.040994
v -0.140071 0.331546 0.042930
v -0.142649 0.332076 0.044622
v -0.145552 0.333417 0.046090
v -0.148721 0.335419 0.047378
v -0.152073 0.337876 0.048540
v -0.155510 0.340545 0.049644
v -0.158930 0.343171 0.050760
v -0.162234 0.345510 0.051955
v -0.165340 0.347356 0.053285
v -0.168191 0.348567 0.054790
v -0.170763 0.349080 0.056486
f 1393 1394 1395
f 1393 1395 1394
f 1393 1395 1396
f 1393 1396 1395
f 1393 1396 1397
f 1393 1397 1396
f 1393 1397 1398
f 1393 1398 1397
f 1393 1398 1399
f 1393 1399 1398
f 1393 1399 1400
f 1393 1400 1399
f 1393 1400 1401
f 1393 1401 1400
f 1393 1401 1402
f 1393 1402 1401
f 1393 1402 1403
f 1393 1403 1402
f 1393 1403 1404
f 1393 1404 1403
f 1393 1404 1405
f 1393 1405 1404
f 1393 1405 1406
f 1393 1406 1405
f 1393 1406 1407
f 1393 1407 1406
f 1393 1407 1408
f 1393 1408 1407
f 1393 1408 1409
f 1393 1409 1408
f 1393 1409 1410
f 1393 1410 1409
f 1393 1410 1411
f 1393 1411 1410
f 1393 1411 1412
f 1393 1412 1411
f 1393 1412 1413
f 1393 1413 1412
f 1393 1413 1414
f 1393 1414 1413
f 1393 1414 1415
f 1393 1415 1414
f 1393 1415 1416
f 1393 1416 1415
f 1393 1416 1417
f 1393 1417 1416
f 1393 1417 1418
f 1393 1418 1417
f 1393 1418 1419
f 1393 1419 1418
f 1393 1419 1420
f 1393 1420 1419
f 1393 1420 1421
f 1393 1421 1420
f 1393 1421 1422
f 1393 1422 1421
f 1393 1422 1423
f 1393 1423 1422
f 1393 1423 1424
f 1393 1424 1423
f 1393 1424 1425
f 1393 1425 1424
f 1393 1425 1426
f 1393 1426 1425
f 1393 1426 1427
f 1393 1427 1426
f 1393 1427 1428
f 1393 1428 1427
f 1393 1428 1429
f 1393 1429 1428
f 1393 1429 1430
f 1393 1430 1429
f 1393 1430 1431
f 1393 1431 1430
f 1393 1431 1432
f 1393 1432 1431
f 1393 1432 1433
f 1393 1433 1432
f 1393 1433 1434
f 1393 1434 1433
f 1393 1434 1435
f 1393 1435 1434
f 1393 1435 1436
f 1393 1436 1435
f 1393 1436 1437
f 1393 1437 1436
f 1393 1437 1438
f 1393 1438 1437
v -0.173078 0.348957 0.058357
v -0.175377 0.347768 0.057650
v -0.177550 0.346268 0.057028
v -0.179509 0.344232 0.056554
v -0.181208 0.341547 0.056258
v -0.182649 0.338219 0.056139
v -0.183885 0.334379 0.056160
v -0.185010 0.330265 0.056256
v -0.186149 0.326181 0.056344
v -0.187431 0.322459 0.056333
v -0.188982 0.319404 0.056139
v -0.190892 0.317248 0.055697
v -0.193215 0.316118 0.054974
v -0.195948 0.316015 0.053969
v -0.199042 0.316812 0.052717
v -0.202404 0.318275 0.051281
v -0.205910 0.320100 0.049747
v -0.209429 0.321956 0.048204
v -0.212837 0.323536 0.046736
v -0.216040 0.324605 0.045409
v -0.218986 0.325032 0.044258
v -0.221672 0.324809 0.043286
v -0.224143 0.324051 0.042461
v -0.226488 0.322980 0.041722
v -0.224190 0.324168 0.042429
v -0.222016 0.325669 0.043050
v -0.220057 0.327704 0.043525
v -0.218359 0.330390 0.043820
v -0.216918 0.333718 0.043940
v -0.215682 0.337557 0.043919
v -0.214556 0.341672 0.043822
v -0.213418 0.345755 0.043734
v -0.212135 0.349477 0.043746
v -0.210585 0.352533 0.043940
v -0.208674 0.354689 0.044381
v -0.206352 0.355818 0.045104
v -0.203619 0.355921 0.046110
v -0.200524 0.355124 0.047362
v -0.197163 0.353661 0.048797
v -0.193657 0.351836 0.050332
v -0.190138 0.349981 0.051875
v -0.186730 0.348400 0.053342
v -0.183526 0.347331 0.054669
v -0.180580 0.346904 0.055820
v -0.177895 0.347128 0.056792
v -0.175424 0.347886 0.057617
f 1439 1440 1441
f 1439 1441 1440
f 1439 1441 1442
f 1439 1442 1441
f 1439 1442 1443
f 1439 1443 1442
f 1439 1443 1444
f 1439 1444 1443
f 1439 1444 1445
f 1439 1445 1444
f 1439 1445 1446
f 1439 1446 1445
f 1439 1446 1447
f 1439 1447 1446
f 1439 1447 1448
f 1439 1448 1447
f 1439 1448 1449
f 1439 1449 1448
f 1439 1449 1450
f 1439 1450 1449
f 1439 1450 1451
f 1439 1451 1450
f 1439 1451 1452
f 1439 1452 1451
f 1439 1452 1453
f 1439 1453 1452
f 1439 1453 1454
f 1439 1454 1453
f 1439 1454 1455
f 1439 1455 1454
f 1439 1455 1456
f 1439 1456 1455
f 1439 1456 1457
f 1439 1457 1456
f 1439 1457 1458
f 1439 1458 1457
f 1439 1458 1459
f 1439 1459 1458
f 1439 1459 1460
f 1439 1460 1459
f 1439 1460 1461
f 1439 1461 1460
f 1439 1461 1462
f 1439 1462 1461
f 1439 1462 1463
f 1439 1463 1462
f 1439 1463 1464
f 1439 1464 1463
f 1439 1464 1465
f 1439 1465 1464
f 1439 1465 1466
f 1439 1466 1465
f 1439 1466 1467
f 1439 1467 1466
f 1439 1467 1468
f 1439 1468 1467
f 1439 1468 1469
f 1439 1469 1468
f 1439 1469 1470
f 1439 1470 1469
f 1439 1470 1471
f 1439 1471 1470
f 1439 1471 1472
f 1439 1472 1471
f 1439 1472 1473
f 1439 1473 1472
f 1439 1473 1474
f 1439 1474 1473
f 1439 1474 1475
f 1439 1475 1474
f 1439 1475 1476
f 1439 1476 1475
f 1439 1476 1477
f 1439 1477 1476
f 1439 1477 1478
f 1439 1478 1477
f 1439 1478 1479
f 1439 1479 1478
f 1439 1479 1480
f 1439 1480 1479
f 1439 1480 1481
f 1439 1481 1480
f 1439 1481 1482
f 1439 1482 1481
f 1439 1482 1483
f 1439 1483 1482
f 1439 1483 1484
f 1439 1484 1483
v -0.176344 0.340854 0.036816
v -0.175215 0.343319 0.036404
v -0.174255 0.344699 0.034203
v -0.173811 0.344699 0.031525
v -0.174007 0.343319 0.029133
v -0.174943 0.340854 0.028379
v -0.176071 0.338389 0.028790
v -0.177031 0.337009 0.030991
v -0.177476 0.337009 0.033669
v -0.177279 0.338389 0.036062
v -0.199820 0.351051 0.031530
v -0.199052 0.352727 0.031251
v -0.198400 0.353666 0.029754
v -0.198098 0.353666 0.027933
v -0.198231 0.352727 0.026306
v -0.198867 0.351051 0.025793
v -0.199635 0.349375 0.026073
v -0.200287 0.348436 0.027569
v -0.200590 0.348436 0.029390
v -0.200456 0.349375 0.031018
f 1485 1486 1496
f 1485 1496 1495
f 1486 1487 1497
f 1486 1497 1496
f 1487 1488 1498
f 1487 1498 1497
f 1488 1489 1499
f 1488 1499 1498
f 1489 1490 1500
f 1489 1500 1499
f 1490 1491 1501
f 1490 1501 1500
f 1491 1492 1502
f 1491 1502 1501
f 1492 1493 1503
f 1492 1503 1502
f 1493 1494 1504
f 1493 1504 1503
f 1494 1485 1495
f 1494 1495 1504
v -0.199344 0.351051 0.028662
v -0.198951 0.351664 0.031657
v -0.198194 0.353098 0.034589
v -0.197129 0.355230 0.037467
v -0.195824 0.357901 0.040303
v -0.194364 0.360923 0.043112
v -0.192841 0.364086 0.045911
v -0.191353 0.367173 0.048715
v -0.189991 0.369972 0.051541
v -0.188841 0.372295 0.054404
v -0.187971 0.373986 0.057316
v -0.187429 0.374935 0.060286
v -0.187241 0.375086 0.063317
v -0.187407 0.374439 0.066410
v -0.187901 0.373050 0.069560
v -0.188675 0.371030 0.072759
v -0.189660 0.368533 0.075995
v -0.190773 0.365748 0.079253
v -0.191920 0.362887 0.082517
v -0.193004 0.360167 0.085770
v -0.193933 0.357798 0.088996
v -0.194622 0.355968 0.092180
v -0.195003 0.354836 0.095311
v -0.195019 0.354525 0.098377
v -0.195412 0.353913 0.095382
v -0.196169 0.352478 0.092450
v -0.197234 0.350346 0.089572
v -0.198539 0.347675 0.086736
v -0.199999 0.344653 0.083927
v -0.201522 0.341490 0.081128
v -0.203010 0.338403 0.078324
v -0.204372 0.335604 0.075498
v -0.205522 0.333281 0.072635
v -0.206392 0.331591 0.069723
v -0.206934 0.330641 0.066753
v -0.207122 0.330490 0.063722
v -0.206956 0.331137 0.060629
v -0.206462 0.332526 0.057479
v -0.205688 0.334546 0.054280
v -0.204703 0.337044 0.051044
v -0.203590 0.339828 0.047786
v -0.202443 0.342689 0.044522
v -0.201359 0.345410 0.041269
v -0.200430 0.347779 0.038043
v -0.199741 0.349608 0.034859
v -0.199360 0.350741 0.031728
f 1505 1506 1507
f 1505 1507 1506
f 1505 1507 1508
f 1505 1508 1507
f 1505 1508 1509
f 1505 1509 1508
f 1505 1509 1510
f 1505 1510 1509
f 1505 1510 1511
f 1505 1511 1510
f 1505 1511 1512
f 1505 1512 1511
f 1505 1512 1513
f 1505 1513 1512
f 1505 1513 1514
f 1505 1514 1513
f 1505 1514 1515
f 1505 1515 1514
f 1505 1515 1516
f 1505 1516 1515
f 1505 1516 1517
f 1505 1517 1516
f 1505 1517 1518
f 1505 1518 1517
f 1505 1518 1519
f 1505 1519 1518
f 1505 1519 1520
f 1505 1520 1519
f 1505 1520 1521
f 1505 1521 1520
f 1505 1521 1522
f 1505 1522 1521
f 1505 1522 1523
f 1505 1523 1522
f 1505 1523 1524
f 1505 1524 1523
f 1505 1524 1525
f 1505 1525 1524
f 1505 1525 1526
f 1505 1526 1525
f 1505 1526 1527
f 1505 1527 1526
f 1505 1527 1528
f 1505 1528 1527
f 1505 1528 1529
f 1505 1529 1528
f 1505 1529 1530
f 1505 1530 1529
f 1505 1530 1531
f 1505 1531 1530
f 1505 1531 1532
f 1505 1532 1531
f 1505 1532 1533
f 1505 1533 1532
f 1505 1533 1534
f 1505 1534 1533
f 1505 1534 1535
f 1505 1535 1534
f 1505 1535 1536
f 1505 1536 1535
f 1505 1536 1537
f 1505 1537 1536
f 1505 1537 1538
f 1505 1538 1537
f 1505 1538 1539
f 1505 1539 1538
f 1505 1539 1540
f 1505 1540 1539
f 1505 1540 1541
f 1505 1541 1540
f 1505 1541 1542
f 1505 1542 1541
f 1505 1542 1543
f 1505 1543 1542
f 1505 1543 1544
f 1505 1544 1543
f 1505 1544 1545
f 1505 1545 1544
f 1505 1545 1546
f 1505 1546 1545
f 1505 1546 1547
f 1505 1547 1546
f 1505 1547 1548
f 1505 1548 1547
f 1505 1548 1549
f 1505 1549 1548
f 1505 1549 1550
f 1505 1550 1549
v -0.199344 0.351051 0.028662
v -0.198361 0.350589 0.027221
v -0.197436 0.349993 0.025782
v -0.196641 0.349097 0.024347
v -0.196032 0.347770 0.022916
v -0.195634 0.345955 0.021491
v -0.195427 0.343697 0.020071
v -0.195347 0.341146 0.018654
v -0.195296 0.338529 0.017238
v -0.195155 0.336120 0.015820
v -0.194808 0.334186 0.014396
v -0.194165 0.332938 0.012965
v -0.193174 0.332494 0.011524
v -0.191837 0.332853 0.010075
v -0.190203 0.333898 0.008617
v -0.188363 0.335418 0.007154
v -0.186434 0.337146 0.005689
v -0.184533 0.338810 0.004224
v -0.182759 0.340178 0.002763
v -0.181177 0.341105 0.001307
v -0.179805 0.341543 -0.000144
v -0.178619 0.341550 -0.001590
v -0.177563 0.341258 -0.003032
v -0.176565 0.340831 -0.004473
v -0.177548 0.341293 -0.003033
v -0.178473 0.341889 -0.001594
v -0.179268 0.342785 -0.000158
v -0.179877 0.344112 0.001272
v -0.180275 0.345927 0.002697
v -0.180482 0.348185 0.004117
v -0.180561 0.350737 0.005534
v -0.180613 0.353353 0.006950
v -0.180754 0.355762 0.008368
v -0.181101 0.357696 0.009792
v -0.181744 0.358944 0.011224
v -0.182735 0.359388 0.012664
v -0.184072 0.359029 0.014114
v -0.185706 0.357984 0.015572
v -0.187546 0.356464 0.017035
v -0.189475 0.354736 0.018500
v -0.191376 0.353072 0.019964
v -0.193150 0.351704 0.021426
v -0.194732 0.350777 0.022882
v -0.196104 0.350339 0.024333
v -0.197290 0.350332 0.025778
v -0.198346 0.350624 0.027221
f 1551 1552 1553
f 1551 1553 1552
f 1551 1553 1554
f 1551 1554 1553
f 1551 1554 1555
f 1551 1555 1554
f 1551 1555 1556
f 1551 1556 1555
f 1551 1556 1557
f 1551 1557 1556
f 1551 1557 1558
f 1551 1558 1557
f 1551 1558 1559
f 1551 1559 1558
f 1551 1559 1560
f 1551 1560 1559
f 1551 1560 1561
f 1551 1561 1560
f 1551 1561 1562
f 1551 1562 1561
f 1551 1562 1563
f 1551 1563 1562
f 1551 1563 1564
f 1551 1564 1563
f 1551 1564 1565
f 1551 1565 1564
f 1551 1565 1566
f 1551 1566 1565
f 1551 1566 1567
f 1551 1567 1566
f 1551 1567 1568
f 1551 1568 1567
f 1551 1568 1569
f 1551 1569 1568
f 1551 1569 1570
f 1551 1570 1569
f 1551 1570 1571
f 1551 1571 1570
f 1551 1571 1572
f 1551 1572 1571
f 1551 1572 1573
f 1551 1573 1572
f 1551 1573 1574
f 1551 1574 1573
f 1551 1574 1575
f 1551 1575 1574
f 1551 1575 1576
f 1551 1576 1575
f 1551 1576 1577
f 1551 1577 1576
f 1551 1577 1578
f 1551 1578 1577
f 1551 1578 1579
f 1551 1579 1578
f 1551 1579 1580
f 1551 1580 1579
f 1551 1580 1581
f 1551 1581 1580
f 1551 1581 1582
f 1551 1582 1581
f 1551 1582 1583
f 1551 1583 1582
f 1551 1583 1584
f 1551 1584 1583
f 1551 1584 1585
f 1551 1585 1584
f 1551 1585 1586
f 1551 1586 1585
f 1551 1586 1587
f 1551 1587 1586
f 1551 1587 1588
f 1551 1588 1587
f 1551 1588 1589
f 1551 1589 1588
f 1551 1589 1590
f 1551 1590 1589
f 1551 1590 1591
f 1551 1591 1590
f 1551 1591 1592
f 1551 1592 1591
f 1551 1592 1593
f 1551 1593 1592
f 1551 1593 1594
f 1551 1594 1593
f 1551 1594 1595
f 1551 1595 1594
f 1551 1595 1596
f 1551 1596 1595
v -0.132982 0.348064 0.006501
v -0.134701 0.350869 0.004169
v -0.138443 0.352440 0.003817
v -0.142218 0.352440 0.005114
v -0.144954 0.350869 0.007690
v -0.144877 0.348064 0.010586
v -0.143158 0.345259 0.012918
v -0.139417 0.343688 0.013270
v -0.135641 0.343688 0.011973
v -0.132906 0.345259 0.009397
v -0.124547 0.379425 0.037255
v -0.125716 0.381333 0.035669
v -0.128260 0.382401 0.035430
v -0.130828 0.382401 0.036312
v -0.132688 0.381333 0.038064
v -0.132636 0.379425 0.040033
v -0.131467 0.377518 0.041619
v -0.128923 0.376450 0.041858
v -0.126355 0.376450 0.040976
v -0.124495 0.377518 0.039225
f 1597 1598 1608
f 1597 1608 1607
f 1598 1599 1609
f 1598 1609 1608
f 1599 1600 1610
f 1599 1610 1609
f 1600 1601 1611
f 1600 1611 1610
f 1601 1602 1612
f 1601 1612 1611
f 1602 1603 1613
f 1602 1613 1612
f 1603 1604 1614
f 1603 1614 1613
f 1604 1605 1615
f 1604 1615 1614
f 1605 1606 1616
f 1605 1616 1615
f 1606 1597 1607
f 1606 1607 1616
v -0.128592 0.379425 0.038644
v -0.126426 0.379502 0.037136
v -0.124450 0.379928 0.035329
v -0.122726 0.380817 0.033126
v -0.121263 0.382188 0.030511
v -0.120027 0.383976 0.027539
v -0.118946 0.386051 0.024322
v -0.117923 0.388231 0.021014
v -0.116846 0.390313 0.017791
v -0.115603 0.392090 0.014828
v -0.114098 0.393382 0.012281
v -0.112256 0.394054 0.010263
v -0.110039 0.394037 0.008835
v -0.107448 0.393329 0.007998
v -0.104520 0.392002 0.007691
v -0.101329 0.390190 0.007798
v -0.097973 0.388074 0.008166
v -0.094562 0.385858 0.008619
v -0.091210 0.383749 0.008980
v -0.088013 0.381925 0.009097
v -0.085042 0.380519 0.008858
v -0.082333 0.379595 0.008206
v -0.079876 0.379135 0.007157
v -0.077608 0.379022 0.005811
v -0.079773 0.378945 0.007319
v -0.081749 0.378520 0.009125
v -0.083473 0.377631 0.011329
v -0.084936 0.376260 0.013944
v -0.086172 0.374471 0.016916
v -0.087253 0.372397 0.020133
v -0.088277 0.370216 0.023441
v -0.089354 0.368135 0.026664
v -0.090596 0.366358 0.029626
v -0.092102 0.365066 0.032174
v -0.093943 0.364393 0.034192
v -0.096160 0.364411 0.035620
v -0.098752 0.365119 0.036457
v -0.101679 0.366445 0.036764
v -0.104870 0.368257 0.036657
v -0.108227 0.370374 0.036289
v -0.111637 0.372590 0.035836
v -0.114989 0.374699 0.035474
v -0.118187 0.376522 0.035357
v -0.121157 0.377928 0.035597
v -0.123866 0.378853 0.036249
v -0.126323 0.379313 0.037298
f 1617 1618 1619
f 1617 1619 1618
f 1617 1619 1620
f 1617 1620 1619
f 1617 1620 1621
f 1617 1621 1620
f 1617 1621 1622
f 1617 1622 1621
f 1617 1622 1623
f 1617 1623 1622
f 1617 1623 1624
f 1617 1624 1623
f 1617 1624 1625
f 1617 1625 1624
f 1617 1625 1626
f 1617 1626 1625
f 1617 1626 1627
f 1617 1627 1626
f 1617 1627 1628
f 1617 1628 1627
f 1617 1628 1629
f 1617 1629 1628
f 1617 1629 1630
f 1617 1630 1629
f 1617 1630 1631
f 1617 1631 1630
f 1617 1631 1632
f 1617 1632 1631
f 1617 1632 1633
f 1617 1633 1632
f 1617 1633 1634
f 1617 1634 1633
f 1617 1634 1635
f 1617 1635 1634
f 1617 1635 1636
f 1617 1636 1635
f 1617 1636 1637
f 1617 1637 1636
f 1617 1637 1638
f 1617 1638 1637
f 1617 1638 1639
f 1617 1639 1638
f 1617 1639 1640
f 1617 1640 1639
f 1617 1640 1641
f 1617 1641 1640
f 1617 1641 1642
f 1617 1642 1641
f 1617 1642 1643
f 1617 1643 1642
f 1617 1643 1644
f 1617 1644 1643
f 1617 1644 1645
f 1617 1645 1644
f 1617 1645 1646
f 1617 1646 1645
f 1617 1646 1647
f 1617 1647 1646
f 1617 1647 1648
f 1617 1648 1647
f 1617 1648 1649
f 1617 1649 1648
f 1617 1649 1650
f 1617 1650 1649
f 1617 1650 1651
f 1617 1651 1650
f 1617 1651 1652
f 1617 1652 1651
f 1617 1652 1653
f 1617 1653 1652
f 1617 1653 1654
f 1617 1654 1653
f 1617 1654 1655
f 1617 1655 1654
f 1617 1655 1656
f 1617 1656 1655
f 1617 1656 1657
f 1617 1657 1656
f 1617 1657 1658
f 1617 1658 1657
f 1617 1658 1659
f 1617 1659 1658
f 1617 1659 1660
f 1617 1660 1659
f 1617 1660 1661
f 1617 1661 1660
f 1617 1661 1662
f 1617 1662 1661
v -0.125029 0.379425 0.036280
v -0.125461 0.382101 0.036696
v -0.127368 0.383599 0.038033
v -0.129630 0.383599 0.039534
v -0.131603 0.382101 0.040772
v -0.132155 0.379425 0.041009
v -0.131722 0.376749 0.040593
v -0.129815 0.375251 0.039255
v -0.127553 0.375251 0.037754
v -0.125580 0.376749 0.036517
v -0.111374 0.378352 0.059331
v -0.111669 0.380172 0.059614
v -0.112965 0.381191 0.060523
v -0.114503 0.381191 0.061544
v -0.115845 0.380172 0.062385
v -0.116220 0.378352 0.062547
v -0.115926 0.376533 0.062264
v -0.114629 0.375514 0.061354
v -0.113091 0.375514 0.060334
v -0.111749 0.376533 0.059492
f 1663 1664 1674
f 1663 1674 1673
f 1664 1665 1675
f 1664 1675 1674
f 1665 1666 1676
f 1665 1676 1675
f 1666 1667 1677
f 1666 1677 1676
f 1667 1668 1678
f 1667 1678 1677
f 1668 1669 1679
f 1668 1679 1678
f 1669 1670 1680
f 1669 1680 1679
f 1670 1671 1681
f 1670 1681 1680
f 1671 1672 1682
f 1671 1682 1681
f 1672 1663 1673
f 1672 1673 1682
v -0.113797 0.378352 0.060939
v -0.112259 0.379231 0.059463
v -0.110842 0.380603 0.058092
v -0.109566 0.382542 0.056841
v -0.108421 0.385018 0.055703
v -0.107382 0.387921 0.054657
v -0.106408 0.391086 0.053665
v -0.105448 0.394309 0.052686
v -0.104448 0.397371 0.051673
v -0.103358 0.400063 0.050581
v -0.102131 0.402205 0.049373
v -0.100736 0.403666 0.048021
v -0.099156 0.404376 0.046509
v -0.097391 0.404335 0.044839
v -0.095458 0.403613 0.043024
v -0.093389 0.402341 0.041093
v -0.091228 0.400699 0.039083
v -0.089028 0.398896 0.037039
v -0.086843 0.397152 0.035007
v -0.084722 0.395668 0.033031
v -0.082706 0.394613 0.031146
v -0.080823 0.394093 0.029374
v -0.079080 0.394141 0.027722
v -0.077458 0.394683 0.026175
v -0.078996 0.393804 0.027651
v -0.080413 0.392432 0.029022
v -0.081690 0.390493 0.030273
v -0.082834 0.388017 0.031410
v -0.083873 0.385114 0.032457
v -0.084847 0.381949 0.033449
v -0.085807 0.378726 0.034428
v -0.086807 0.375664 0.035441
v -0.087898 0.372972 0.036532
v -0.089124 0.370830 0.037741
v -0.090519 0.369369 0.039093
v -0.092099 0.368659 0.040604
v -0.093864 0.368699 0.042275
v -0.095797 0.369421 0.044090
v -0.097866 0.370694 0.046021
v -0.100027 0.372336 0.048031
v -0.102227 0.374139 0.050075
v -0.104412 0.375883 0.052106
v -0.106533 0.377367 0.054082
v -0.108549 0.378422 0.055968
v -0.110432 0.378942 0.057740
v -0.112176 0.378893 0.059392
f 1683 1684 1685
f 1683 1685 1684
f 1683 1685 1686
f 1683 1686 1685
f 1683 1686 1687
f 1683 1687 1686
f 1683 1687 1688
f 1683 1688 1687
f 1683 1688 1689
f 1683 1689 1688
f 1683 1689 1690
f 1683 1690 1689
f 1683 1690 1691
f 1683 1691 1690
f 1683 1691 1692
f 1683 1692 1691
f 1683 1692 1693
f 1683 1693 1692
f 1683 1693 1694
f 1683 1694 1693
f 1683 1694 1695
f 1683 1695 1694
f 1683 1695 1696
f 1683 1696 1695
f 1683 1696 1697
f 1683 1697 1696
f 1683 1697 1698
f 1683 1698 1697
f 1683 1698 1699
f 1683 1699 1698
f 1683 1699 1700
f 1683 1700 1699
f 1683 1700 1701
f 1683 1701 1700
f 1683 1701 1702
f 1683 1702 1701
f 1683 1702 1703
f 1683 1703 1702
f 1683 1703 1704
f 1683 1704 1703
f 1683 1704 1705
f 1683 1705 1704
f 1683 1705 1706
f 1683 1706 1705
f 1683 1706 1707
f 1683 1707 1706
f 1683 1707 1708
f 1683 1708 1707
f 1683 1708 1709
f 1683 1709 1708
f 1683 1709 1710
f 1683 1710 1709
f 1683 1710 1711
f 1683 1711 1710
f 1683 1711 1712
f 1683 1712 1711
f 1683 1712 1713
f 1683 1713 1712
f 1683 1713 1714
f 1683 1714 1713
f 1683 1714 1715
f 1683 1715 1714
f 1683 1715 1716
f 1683 1716 1715
f 1683 1716 1717
f 1683 1717 1716
f 1683 1717 1718
f 1683 1718 1717
f 1683 1718 1719
f 1683 1719 1718
f 1683 1719 1720
f 1683 1720 1719
f 1683 1720 1721
f 1683 1721 1720
f 1683 1721 1722
f 1683 1722 1721
f 1683 1722 1723
f 1683 1723 1722
f 1683 1723 1724
f 1683 1724 1723
f 1683 1724 1725
f 1683 1725 1724
f 1683 1725 1726
f 1683 1726 1725
f 1683 1726 1727
f 1683 1727 1726
f 1683 1727 1728
f 1683 1728 1727
v -0.113797 0.378352 0.060939
v -0.115530 0.377728 0.061536
v -0.117207 0.376891 0.062086
v -0.118783 0.375666 0.062550
v -0.120230 0.373948 0.062906
v -0.121546 0.371727 0.063149
v -0.122754 0.369090 0.063301
v -0.123900 0.366215 0.063401
v -0.125045 0.363341 0.063500
v -0.126260 0.360732 0.063658
v -0.127609 0.358635 0.063930
v -0.129140 0.357240 0.064356
v -0.130882 0.356652 0.064961
v -0.132835 0.356870 0.065745
v -0.134970 0.357791 0.066684
v -0.137240 0.359223 0.067736
v -0.139578 0.360920 0.068847
v -0.141916 0.362619 0.069958
v -0.144193 0.364079 0.071016
v -0.146361 0.365123 0.071983
v -0.148397 0.365665 0.072838
v -0.150306 0.365713 0.073584
v -0.152112 0.365373 0.074244
v -0.153864 0.364821 0.074857
v -0.152131 0.365446 0.074260
v -0.150454 0.366282 0.073710
v -0.148878 0.367507 0.073245
v -0.147431 0.369225 0.072890
v -0.146115 0.371447 0.072646
v -0.144907 0.374083 0.072494
v -0.143761 0.376958 0.072395
v -0.142616 0.379832 0.072296
v -0.141401 0.382441 0.072138
v -0.140052 0.384538 0.071866
v -0.138521 0.385933 0.071439
v -0.136779 0.386521 0.070834
v -0.134826 0.386303 0.070051
v -0.132691 0.385383 0.069112
v -0.130421 0.383950 0.068060
v -0.128083 0.382253 0.066949
v -0.125745 0.380555 0.065838
v -0.123468 0.379095 0.064780
v -0.121300 0.378050 0.063813
v -0.119264 0.377509 0.062958
v -0.117356 0.377460 0.062212
v -0.115549 0.377800 0.061552
f 1729 1730 1731
f 1729 1731 1730
f 1729 1731 1732
f 1729 1732 1731
f 1729 1732 1733
f 1729 1733 1732
f 1729 1733 1734
f 1729 1734 1733
f 1729 1734 1735
f 1729 1735 1734
f 1729 1735 1736
f 1729 1736 1735
f 1729 1736 1737
f 1729 1737 1736
f 1729 1737 1738
f 1729 1738 1737
f 1729 1738 1739
f 1729 1739 1738
f 1729 1739 1740
f 1729 1740 1739
f 1729 1740 1741
f 1729 1741 1740
f 1729 1741 1742
f 1729 1742 1741
f 1729 1742 1743
f 1729 1743 1742
f 1729 1743 1744
f 1729 1744 1743
f 1729 1744 1745
f 1729 1745 1744
f 1729 1745 1746
f 1729 1746 1745
f 1729 1746 1747
f 1729 1747 1746
f 1729 1747 1748
f 1729 1748 1747
f 1729 1748 1749
f 1729 1749 1748
f 1729 1749 1750
f 1729 1750 1749
f 1729 1750 1751
f 1729 1751 1750
f 1729 1751 1752
f 1729 1752 1751
f 1729 1752 1753
f 1729 1753 1752
f 1729 1753 1754
f 1729 1754 1753
f 1729 1754 1755
f 1729 1755 1754
f 1729 1755 1756
f 1729 1756 1755
f 1729 1756 1757
f 1729 1757 1756
f 1729 1757 1758
f 1729 1758 1757
f 1729 1758 1759
f 1729 1759 1758
f 1729 1759 1760
f 1729 1760 1759
f 1729 1760 1761
f 1729 1761 1760
f 1729 1761 1762
f 1729 1762 1761
f 1729 1762 1763
f 1729 1763 1762
f 1729 1763 1764
f 1729 1764 1763
f 1729 1764 1765
f 1729 1765 1764
f 1729 1765 1766
f 1729 1766 1765
f 1729 1766 1767
f 1729 1767 1766
f 1729 1767 1768
f 1729 1768 1767
f 1729 1768 1769
f 1729 1769 1768
f 1729 1769 1770
f 1729 1770 1769
f 1729 1770 1771
f 1729 1771 1770
f 1729 1771 1772
f 1729 1772 1771
f 1729 1772 1773
f 1729 1773 1772
f 1729 1773 1774
f 1729 1774 1773
v -0.128302 0.379425 0.034378
v -0.130564 0.380911 0.034816
v -0.131967 0.381743 0.037054
v -0.132151 0.381743 0.039763
v -0.131064 0.380911 0.042170
v -0.128882 0.379425 0.042911
v -0.126619 0.377939 0.042473
v -0.125216 0.377107 0.040234
v -0.125032 0.377107 0.037526
v -0.126119 0.377939 0.035118
v -0.115710 0.398490 0.036606
v -0.117248 0.399500 0.036903
v -0.118202 0.400066 0.038426
v -0.118327 0.400066 0.040267
v -0.117588 0.399500 0.041905
v -0.116104 0.398490 0.042408
v -0.114565 0.397480 0.042110
v -0.113612 0.396914 0.040588
v -0.113486 0.396914 0.038746
v -0.114225 0.397480 0.037109
f 1775 1776 1786
f 1775 1786 1785
f 1776 1777 1787
f 1776 1787 1786
f 1777 1778 1788
f 1777 1788 1787
f 1778 1779 1789
f 1778 1789 1788
f 1779 1780 1790
f 1779 1790 1789
f 1780 1781 1791
f 1780 1791 1790
f 1781 1782 1792
f 1781 1792 1791
f 1782 1783 1793
f 1782 1793 1792
f 1783 1784 1794
f 1783 1794 1793
f 1784 1775 1785
f 1784 1785 1794
v -0.115907 0.398490 0.039507
v -0.116482 0.397998 0.037545
v -0.117425 0.397750 0.035598
v -0.118816 0.397799 0.033671
v -0.120648 0.398141 0.031763
v -0.122844 0.398724 0.029871
v -0.125274 0.399463 0.027988
v -0.127771 0.400246 0.026108
v -0.130154 0.400953 0.024224
v -0.132244 0.401466 0.022327
v -0.133887 0.401682 0.020411
v -0.134968 0.401526 0.018470
v -0.135429 0.400958 0.016503
v -0.135270 0.399978 0.014510
v -0.134549 0.398627 0.012492
v -0.133382 0.396979 0.010455
v -0.131921 0.395136 0.008405
v -0.130346 0.393217 0.006351
v -0.128838 0.391344 0.004299
v -0.127565 0.389625 0.002258
v -0.126655 0.388148 0.000232
v -0.126185 0.386963 -0.001775
v -0.126165 0.386076 -0.003763
v -0.126512 0.385432 -0.005735
v -0.125936 0.385924 -0.003772
v -0.124994 0.386172 -0.001826
v -0.123602 0.386123 0.000101
v -0.121770 0.385781 0.002009
v -0.119574 0.385198 0.003902
v -0.117145 0.384460 0.005784
v -0.114647 0.383677 0.007664
v -0.112264 0.382969 0.009548
v -0.110175 0.382457 0.011445
v -0.108532 0.382241 0.013362
v -0.107450 0.382397 0.015302
v -0.106989 0.382964 0.017269
v -0.107149 0.383944 0.019263
v -0.107869 0.385295 0.021280
v -0.109037 0.386944 0.023317
v -0.110498 0.388786 0.025367
v -0.112073 0.390705 0.027421
v -0.113580 0.392579 0.029473
v -0.114854 0.394297 0.031514
v -0.115764 0.395774 0.033540
v -0.116233 0.396959 0.035547
v -0.116254 0.397847 0.037535
f 1795 1796 1797
f 1795 1797 1796
f 1795 1797 1798
f 1795 1798 1797
f 1795 1798 1799
f 1795 1799 1798
f 1795 1799 1800
f 1795 1800 1799
f 1795 1800 1801
f 1795 1801 1800
f 1795 1801 1802
f 1795 1802 1801
f 1795 1802 1803
f 1795 1803 1802
f 1795 1803 1804
f 1795 1804 1803
f 1795 1804 1805
f 1795 1805 1804
f 1795 1805 1806
f 1795 1806 1805
f 1795 1806 1807
f 1795 1807 1806
f 1795 1807 1808
f 1795 1808 1807
f 1795 1808 1809
f 1795 1809 1808
f 1795 1809 1810
f 1795 1810 1809
f 1795 1810 1811
f 1795 1811 1810
f 1795 1811 1812
f 1795 1812 1811
f 1795 1812 1813
f 1795 1813 1812
f 1795 1813 1814
f 1795 1814 1813
f 1795 1814 1815
f 1795 1815 1814
f 1795 1815 1816
f 1795 1816 1815
f 1795 1816 1817
f 1795 1817 1816
f 1795 1817 1818
f 1795 1818 1817
f 1795 1818 1819
f 1795 1819 1818
f 1795 1819 1820
f 1795 1820 1819
f 1795 1820 1821
f 1795 1821 1820
f 1795 1821 1822
f 1795 1822 1821
f 1795 1822 1823
f 1795 1823 1822
f 1795 1823 1824
f 1795 1824 1823
f 1795 1824 1825
f 1795 1825 1824
f 1795 1825 1826
f 1795 1826 1825
f 1795 1826 1827
f 1795 1827 1826
f 1795 1827 1828
f 1795 1828 1827
f 1795 1828 1829
f 1795 1829 1828
f 1795 1829 1830
f 1795 1830 1829
f 1795 1830 1831
f 1795 1831 1830
f 1795 1831 1832
f 1795 1832 1831
f 1795 1832 1833
f 1795 1833 1832
f 1795 1833 1834
f 1795 1834 1833
f 1795 1834 1835
f 1795 1835 1834
f 1795 1835 1836
f 1795 1836 1835
f 1795 1836 1837
f 1795 1837 1836
f 1795 1837 1838
f 1795 1838 1837
f 1795 1838 1839
f 1795 1839 1838
f 1795 1839 1840
f 1795 1840 1839
v -0.115907 0.398490 0.039507
v -0.116542 0.398258 0.041461
v -0.116758 0.397739 0.043579
v -0.116552 0.396933 0.045861
v -0.115981 0.395877 0.048285
v -0.115141 0.394637 0.050814
v -0.114158 0.393299 0.053399
v -0.113172 0.391960 0.055985
v -0.112329 0.390718 0.058516
v -0.111763 0.389666 0.060938
v -0.111588 0.388880 0.063208
v -0.111885 0.388417 0.065294
v -0.112696 0.388305 0.067180
v -0.114022 0.388544 0.068866
v -0.115819 0.389105 0.070367
v -0.118007 0.389934 0.071717
v -0.120473 0.390952 0.072958
v -0.123081 0.392067 0.074144
v -0.125687 0.393181 0.075330
v -0.128149 0.394196 0.076573
v -0.130343 0.395028 0.077920
v -0.132170 0.395611 0.079410
v -0.133576 0.395905 0.081064
v -0.134564 0.395913 0.082881
v -0.133929 0.396146 0.080927
v -0.133713 0.396664 0.078809
v -0.133919 0.397471 0.076527
v -0.134490 0.398527 0.074103
v -0.135330 0.399766 0.071574
v -0.136313 0.401104 0.068989
v -0.137299 0.402444 0.066403
v -0.138142 0.403685 0.063873
v -0.138708 0.404738 0.061450
v -0.138883 0.405524 0.059180
v -0.138586 0.405987 0.057094
v -0.137775 0.406099 0.055208
v -0.136450 0.405860 0.053523
v -0.134652 0.405298 0.052021
v -0.132464 0.404470 0.050672
v -0.129998 0.403452 0.049430
v -0.127390 0.402337 0.048244
v -0.124784 0.401223 0.047058
v -0.122322 0.400207 0.045815
v -0.120128 0.399375 0.044468
v -0.118301 0.398793 0.042978
v -0.116895 0.398499 0.041324
f 1841 1842 1843
f 1841 1843 1842
f 1841 1843 1844
f 1841 1844 1843
f 1841 1844 1845
f 1841 1845 1844
f 1841 1845 1846
f 1841 1846 1845
f 1841 1846 1847
f 1841 1847 1846
f 1841 1847 1848
f 1841 1848 1847
f 1841 1848 1849
f 1841 1849 1848
f 1841 1849 1850
f 1841 1850 1849
f 1841 1850 1851
f 1841 1851 1850
f 1841 1851 1852
f 1841 1852 1851
f 1841 1852 1853
f 1841 1853 1852
f 1841 1853 1854
f 1841 1854 1853
f 1841 1854 1855
f 1841 1855 1854
f 1841 1855 1856
f 1841 1856 1855
f 1841 1856 1857
f 1841 1857 1856
f 1841 1857 1858
f 1841 1858 1857
f 1841 1858 1859
f 1841 1859 1858
f 1841 1859 1860
f 1841 1860 1859
f 1841 1860 1861
f 1841 1861 1860
f 1841 1861 1862
f 1841 1862 1861
f 1841 1862 1863
f 1841 1863 1862
f 1841 1863 1864
f 1841 1864 1863
f 1841 1864 1865
f 1841 1865 1864
f 1841 1865 1866
f 1841 1866 1865
f 1841 1866 1867
f 1841 1867 1866
f 1841 1867 1868
f 1841 1868 1867
f 1841 1868 1869
f 1841 1869 1868
f 1841 1869 1870
f 1841 1870 1869
f 1841 1870 1871
f 1841 1871 1870
f 1841 1871 1872
f 1841 1872 1871
f 1841 1872 1873
f 1841 1873 1872
f 1841 1873 1874
f 1841 1874 1873
f 1841 1874 1875
f 1841 1875 1874
f 1841 1875 1876
f 1841 1876 1875
f 1841 1876 1877
f 1841 1877 1876
f 1841 1877 1878
f 1841 1878 1877
f 1841 1878 1879
f 1841 1879 1878
f 1841 1879 1880
f 1841 1880 1879
f 1841 1880 1881
f 1841 1881 1880
f 1841 1881 1882
f 1841 1882 1881
f 1841 1882 1883
f 1841 1883 1882
f 1841 1883 1884
f 1841 1884 1883
f 1841 1884 1885
f 1841 1885 1884
f 1841 1885 1886
f 1841 1886 1885
v -0.126425 0.379425 0.042331
v -0.124763 0.380839 0.040669
v -0.124845 0.381631 0.038017
v -0.126221 0.381631 0.035676
v -0.128499 0.380839 0.034314
v -0.130759 0.379425 0.034958
v -0.132420 0.378011 0.036619
v -0.132338 0.377220 0.039272
v -0.130962 0.377220 0.041612
v -0.128685 0.378011 0.042974
v -0.139655 0.402818 0.048520
v -0.138525 0.403779 0.047390
v -0.138581 0.404318 0.045587
v -0.139517 0.404318 0.043995
v -0.141065 0.403779 0.043069
v -0.142602 0.402818 0.043506
v -0.143732 0.401856 0.044636
v -0.143676 0.401318 0.046440
v -0.142741 0.401318 0.048032
v -0.141192 0.401856 0.048958
f 1887 1888 1898
f 1887 1898 1897
f 1888 1889 1899
f 1888 1899 1898
f 1889 1890 1900
f 1889 1900 1899
f 1890 1891 1901
f 1890 1901 1900
f 1891 1892 1902
f 1891 1902 1901
f 1892 1893 1903
f 1892 1903 1902
f 1893 1894 1904
f 1893 1904 1903
f 1894 1895 1905
f 1894 1905 1904
f 1895 1896 1906
f 1895 1906 1905
f 1896 1887 1897
f 1896 1897 1906
v -0.141129 0.402818 0.046013
v -0.139739 0.401695 0.047822
v -0.138031 0.400774 0.049530
v -0.135835 0.400164 0.051083
v -0.133083 0.399907 0.052462
v -0.129814 0.399979 0.053677
v -0.126155 0.400298 0.054769
v -0.122312 0.400734 0.055802
v -0.118535 0.401128 0.056856
v -0.115082 0.401316 0.058013
v -0.112191 0.401148 0.059348
v -0.110038 0.400510 0.060915
v -0.108718 0.399343 0.062745
v -0.108231 0.397646 0.064839
v -0.108483 0.395480 0.067166
v -0.109296 0.392958 0.069670
v -0.110434 0.390229 0.072277
v -0.111637 0.387459 0.074904
v -0.112656 0.384805 0.077474
v -0.113286 0.382399 0.079920
v -0.113398 0.380322 0.082203
v -0.112955 0.378598 0.084310
v -0.112023 0.377185 0.086263
v -0.110773 0.375973 0.088116
v -0.112163 0.377095 0.086307
v -0.113871 0.378016 0.084599
v -0.116067 0.378626 0.083046
v -0.118819 0.378884 0.081667
v -0.122088 0.378812 0.080453
v -0.125747 0.378493 0.079361
v -0.129590 0.378057 0.078327
v -0.133367 0.377662 0.077273
v -0.136819 0.377475 0.076116
v -0.139711 0.377643 0.074782
v -0.141864 0.378281 0.073214
v -0.143184 0.379448 0.071384
v -0.143670 0.381145 0.069290
v -0.143418 0.383310 0.066963
v -0.142606 0.385833 0.064459
v -0.141468 0.388562 0.061852
v -0.140265 0.391332 0.059225
v -0.139246 0.393985 0.056656
v -0.138616 0.396391 0.054209
v -0.138504 0.398468 0.051926
v -0.138947 0.400192 0.049819
v -0.139879 0.401606 0.047866
f 1907 1908 1909
f 1907 1909 1908
f 1907 1909 1910
f 1907 1910 1909
f 1907 1910 1911
f 1907 1911 1910
f 1907 1911 1912
f 1907 1912 1911
f 1907 1912 1913
f 1907 1913 1912
f 1907 1913 1914
f 1907 1914 1913
f 1907 1914 1915
f 1907 1915 1914
f 1907 1915 1916
f 1907 1916 1915
f 1907 1916 1917
f 1907 1917 1916
f 1907 1917 1918
f 1907 1918 1917
f 1907 1918 1919
f 1907 1919 1918
f 1907 1919 1920
f 1907 1920 1919
f 1907 1920 1921
f 1907 1921 1920
f 1907 1921 1922
f 1907 1922 1921
f 1907 1922 1923
f 1907 1923 1922
f 1907 1923 1924
f 1907 1924 1923
f 1907 1924 1925
f 1907 1925 1924
f 1907 1925 1926
f 1907 1926 1925
f 1907 1926 1927
f 1907 1927 1926
f 1907 1927 1928
f 1907 1928 1927
f 1907 1928 1929
f 1907 1929 1928
f 1907 1929 1930
f 1907 1930 1929
f 1907 1930 1931
f 1907 1931 1930
f 1907 1931 1932
f 1907 1932 1931
f 1907 1932 1933
f 1907 1933 1932
f 1907 1933 1934
f 1907 1934 1933
f 1907 1934 1935
f 1907 1935 1934
f 1907 1935 1936
f 1907 1936 1935
f 1907 1936 1937
f 1907 1937 1936
f 1907 1937 1938
f 1907 1938 1937
f 1907 1938 1939
f 1907 1939 1938
f 1907 1939 1940
f 1907 1940 1939
f 1907 1940 1941
f 1907 1941 1940
f 1907 1941 1942
f 1907 1942 1941
f 1907 1942 1943
f 1907 1943 1942
f 1907 1943 1944
f 1907 1944 1943
f 1907 1944 1945
f 1907 1945 1944
f 1907 1945 1946
f 1907 1946 1945
f 1907 1946 1947
f 1907 1947 1946
f 1907 1947 1948
f 1907 1948 1947
f 1907 1948 1949
f 1907 1949 1948
f 1907 1949 1950
f 1907 1950 1949
f 1907 1950 1951
f 1907 1951 1950
f 1907 1951 1952
f 1907 1952 1951
v -0.142928 0.348064 0.013397
v -0.140470 0.351131 0.014298
v -0.137225 0.352849 0.012534
v -0.134687 0.352849 0.009453
v -0.133577 0.351131 0.005931
v -0.134931 0.348064 0.003690
v -0.137390 0.344997 0.002790
v -0.140634 0.343279 0.004553
v -0.143173 0.343279 0.007634
v -0.144283 0.344997 0.011156
v -0.169415 0.377036 -0.011031
v -0.167743 0.379121 -0.010419
v -0.165537 0.380289 -0.011618
v -0.163811 0.380289 -0.013713
v -0.163056 0.379121 -0.016108
v -0.163977 0.377036 -0.017632
v -0.165649 0.374950 -0.018244
v -0.167855 0.373782 -0.017045
v -0.169581 0.373782 -0.014950
v -0.170336 0.374950 -0.012555
f 1953 1954 1964
f 1953 1964 1963
f 1954 1955 1965
f 1954 1965 1964
f 1955 1956 1966
f 1955 1966 1965
f 1956 1957 1967
f 1956 1967 1966
f 1957 1958 1968
f 1957 1968 1967
f 1958 1959 1969
f 1958 1969 1968
f 1959 1960 1970
f 1959 1970 1969
f 1960 1961 1971
f 1960 1971 1970
f 1961 1962 1972
f 1961 1972 1971
f 1962 1953 1963
f 1962 1963 1972
v -0.166696 0.377036 -0.014332
v -0.167538 0.376510 -0.012687
v -0.168309 0.376117 -0.010961
v -0.168929 0.376004 -0.009063
v -0.169338 0.376284 -0.006925
v -0.169514 0.376997 -0.004521
v -0.169484 0.378093 -0.001881
v -0.169320 0.379437 0.000910
v -0.169133 0.380824 0.003728
v -0.169050 0.382017 0.006426
v -0.169196 0.382786 0.008865
v -0.169668 0.382948 0.010931
v -0.170520 0.382405 0.012565
v -0.171752 0.381155 0.013766
v -0.173310 0.379300 0.014595
v -0.175097 0.377020 0.015163
v -0.176988 0.374546 0.015613
v -0.178855 0.372115 0.016089
v -0.180590 0.369932 0.016717
v -0.182117 0.368132 0.017581
v -0.183412 0.366766 0.018709
v -0.184496 0.365791 0.020079
v -0.185429 0.365098 0.021620
v -0.186291 0.364536 0.023243
v -0.185448 0.365061 0.021598
v -0.184677 0.365454 0.019872
v -0.184057 0.365567 0.017974
v -0.183648 0.365287 0.015836
v -0.183472 0.364575 0.013432
v -0.183503 0.363479 0.010792
v -0.183666 0.362135 0.008001
v -0.183854 0.360747 0.005183
v -0.183936 0.359554 0.002485
v -0.183790 0.358786 0.000046
v -0.183318 0.358623 -0.002020
v -0.182466 0.359167 -0.003654
v -0.181234 0.360416 -0.004855
v -0.179676 0.362271 -0.005684
v -0.177890 0.364551 -0.006252
v -0.175999 0.367026 -0.006702
v -0.174131 0.369457 -0.007178
v -0.172397 0.371640 -0.007806
v -0.170869 0.373439 -0.008670
v -0.169574 0.374806 -0.009798
v -0.168490 0.375780 -0.011168
v -0.167558 0.376474 -0.012709
f 1973 1974 1975
f 1973 1975 1974
f 1973 1975 1976
f 1973 1976 1975
f 1973 1976 1977
f 1973 1977 1976
f 1973 1977 1978
f 1973 1978 1977
f 1973 1978 1979
f 1973 1979 1978
f 1973 1979 1980
f 1973 1980 1979
f 1973 1980 1981
f 1973 1981 1980
f 1973 1981 1982
f 1973 1982 1981
f 1973 1982 1983
f 1973 1983 1982
f 1973 1983 1984
f 1973 1984 1983
f 1973 1984 1985
f 1973 1985 1984
f 1973 1985 1986
f 1973 1986 1985
f 1973 1986 1987
f 1973 1987 1986
f 1973 1987 1988
f 1973 1988 1987
f 1973 1988 1989
f 1973 1989 1988
f 1973 1989 1990
f 1973 1990 1989
f 1973 1990 1991
f 1973 1991 1990
f 1973 1991 1992
f 1973 1992 1991
f 1973 1992 1993
f 1973 1993 1992
f 1973 1993 1994
f 1973 1994 1993
f 1973 1994 1995
f 1973 1995 1994
f 1973 1995 1996
f 1973 1996 1995
f 1973 1996 1997
f 1973 1997 1996
f 1973 1997 1998
f 1973 1998 1997
f 1973 1998 1999
f 1973 1999 1998
f 1973 1999 2000
f 1973 2000 1999
f 1973 2000 2001
f 1973 2001 2000
f 1973 2001 2002
f 1973 2002 2001
f 1973 2002 2003
f 1973 2003 2002
f 1973 2003 2004
f 1973 2004 2003
f 1973 2004 2005
f 1973 2005 2004
f 1973 2005 2006
f 1973 2006 2005
f 1973 2006 2007
f 1973 2007 2006
f 1973 2007 2008
f 1973 2008 2007
f 1973 2008 2009
f 1973 2009 2008
f 1973 2009 2010
f 1973 2010 2009
f 1973 2010 2011
f 1973 2011 2010
f 1973 2011 2012
f 1973 2012 2011
f 1973 2012 2013
f 1973 2013 2012
f 1973 2013 2014
f 1973 2014 2013
f 1973 2014 2015
f 1973 2015 2014
f 1973 2015 2016
f 1973 2016 2015
f 1973 2016 2017
f 1973 2017 2016
f 1973 2017 2018
f 1973 2018 2017
v -0.169892 0.377036 -0.011490
v -0.169727 0.379681 -0.012194
v -0.168142 0.381162 -0.013915
v -0.166113 0.381162 -0.015719
v -0.164218 0.379681 -0.017092
v -0.163500 0.377036 -0.017173
v -0.163665 0.374390 -0.016470
v -0.165250 0.372909 -0.014748
v -0.167279 0.372909 -0.012945
v -0.169174 0.374390 -0.011572
v -0.185876 0.373008 -0.031528
v -0.185764 0.374806 -0.032006
v -0.184686 0.375814 -0.033177
v -0.183306 0.375814 -0.034403
v -0.182018 0.374806 -0.035337
v -0.181529 0.373008 -0.035392
v -0.181642 0.371209 -0.034914
v -0.182719 0.370201 -0.033743
v -0.184099 0.370201 -0.032516
v -0.185388 0.371209 -0.031583
f 2019 2020 2030
f 2019 2030 2029
f 2020 2021 2031
f 2020 2031 2030
f 2021 2022 2032
f 2021 2032 2031
f 2022 2023 2033
f 2022 2033 2032
f 2023 2024 2034
f 2023 2034 2033
f 2024 2025 2035
f 2024 2035 2034
f 2025 2026 2036
f 2025 2036 2035
f 2026 2027 2037
f 2026 2037 2036
f 2027 2028 2038
f 2027 2038 2037
f 2028 2019 2029
f 2028 2029 2038
v -0.183703 0.373008 -0.033460
v -0.184722 0.372382 -0.031552
v -0.185811 0.371939 -0.029620
v -0.187052 0.371884 -0.027636
v -0.188505 0.372376 -0.025577
v -0.190195 0.373476 -0.023437
v -0.192095 0.375116 -0.021223
v -0.194132 0.377108 -0.018962
v -0.196194 0.379165 -0.016692
v -0.198151 0.380952 -0.014459
v -0.199877 0.382145 -0.012305
v -0.201272 0.382487 -0.010267
v -0.202281 0.381837 -0.008363
v -0.202905 0.380196 -0.006593
v -0.203198 0.377703 -0.004938
v -0.203259 0.374616 -0.003363
v -0.203216 0.371259 -0.001825
v -0.203198 0.367967 -0.000278
v -0.203317 0.365027 0.001316
v -0.203646 0.362628 0.002984
v -0.204211 0.360836 0.004734
v -0.204989 0.359591 0.006557
v -0.205919 0.358735 0.008434
v -0.206919 0.358061 0.010334
v -0.205900 0.358686 0.008427
v -0.204810 0.359130 0.006495
v -0.203569 0.359185 0.004510
v -0.202116 0.358692 0.002452
v -0.200426 0.357593 0.000311
v -0.198526 0.355952 -0.001902
v -0.196489 0.353960 -0.004163
v -0.194427 0.351903 -0.006433
v -0.192470 0.350116 -0.008667
v -0.190744 0.348923 -0.010820
v -0.189349 0.348581 -0.012858
v -0.188340 0.349231 -0.014762
v -0.187716 0.350872 -0.016532
v -0.187423 0.353365 -0.018187
v -0.187362 0.356452 -0.019762
v -0.187405 0.359809 -0.021300
v -0.187423 0.363101 -0.022847
v -0.187304 0.366041 -0.024442
v -0.186975 0.368440 -0.026109
v -0.186410 0.370232 -0.027859
v -0.185632 0.371477 -0.029683
v -0.184702 0.372333 -0.031559
f 2039 2040 2041
f 2039 2041 2040
f 2039 2041 2042
f 2039 2042 2041
f 2039 2042 2043
f 2039 2043 2042
f 2039 2043 2044
f 2039 2044 2043
f 2039 2044 2045
f 2039 2045 2044
f 2039 2045 2046
f 2039 2046 2045
f 2039 2046 2047
f 2039 2047 2046
f 2039 2047 2048
f 2039 2048 2047
f 2039 2048 2049
f 2039 2049 2048
f 2039 2049 2050
f 2039 2050 2049
f 2039 2050 2051
f 2039 2051 2050
f 2039 2051 2052
f 2039 2052 2051
f 2039 2052 2053
f 2039 2053 2052
f 2039 2053 2054
f 2039 2054 2053
f 2039 2054 2055
f 2039 2055 2054
f 2039 2055 2056
f 2039 2056 2055
f 2039 2056 2057
f 2039 2057 2056
f 2039 2057 2058
f 2039 2058 2057
f 2039 2058 2059
f 2039 2059 2058
f 2039 2059 2060
f 2039 2060 2059
f 2039 2060 2061
f 2039 2061 2060
f 2039 2061 2062
f 2039 2062 2061
f 2039 2062 2063
f 2039 2063 2062
f 2039 2063 2064
f 2039 2064 2063
f 2039 2064 2065
f 2039 2065 2064
f 2039 2065 2066
f 2039 2066 2065
f 2039 2066 2067
f 2039 2067 2066
f 2039 2067 2068
f 2039 2068 2067
f 2039 2068 2069
f 2039 2069 2068
f 2039 2069 2070
f 2039 2070 2069
f 2039 2070 2071
f 2039 2071 2070
f 2039 2071 2072
f 2039 2072 2071
f 2039 2072 2073
f 2039 2073 2072
f 2039 2073 2074
f 2039 2074 2073
f 2039 2074 2075
f 2039 2075 2074
f 2039 2075 2076
f 2039 2076 2075
f 2039 2076 2077
f 2039 2077 2076
f 2039 2077 2078
f 2039 2078 2077
f 2039 2078 2079
f 2039 2079 2078
f 2039 2079 2080
f 2039 2080 2079
f 2039 2080 2081
f 2039 2081 2080
f 2039 2081 2082
f 2039 2082 2081
f 2039 2082 2083
f 2039 2083 2082
f 2039 2083 2084
f 2039 2084 2083
v -0.163953 0.377036 -0.011051
v -0.162982 0.379055 -0.012632
v -0.163720 0.380185 -0.015051
v -0.165461 0.380185 -0.017133
v -0.167710 0.379055 -0.018288
v -0.169439 0.377036 -0.017613
v -0.170409 0.375016 -0.016031
v -0.169672 0.373886 -0.013613
v -0.167931 0.373886 -0.011530
v -0.165681 0.375016 -0.010376
v -0.181622 0.396104 0.001937
v -0.180962 0.397477 0.000862
v -0.181464 0.398246 -0.000783
v -0.182648 0.398246 -0.002199
v -0.184177 0.397477 -0.002984
v -0.185352 0.396104 -0.002525
v -0.186012 0.394731 -0.001449
v -0.185511 0.393962 0.000195
v -0.184327 0.393962 0.001611
v -0.182797 0.394731 0.002396
f 2085 2086 2096
f 2085 2096 2095
f 2086 2087 2097
f 2086 2097 2096
f 2087 2088 2098
f 2087 2098 2097
f 2088 2089 2099
f 2088 2099 2098
f 2089 2090 2100
f 2089 2100 2099
f 2090 2091 2101
f 2090 2101 2100
f 2091 2092 2102
f 2091 2102 2101
f 2092 2093 2103
f 2092 2103 2102
f 2093 2094 2104
f 2093 2104 2103
f 2094 2085 2095
f 2094 2095 2104
v -0.183487 0.396104 -0.000294
v -0.181881 0.395480 0.000408
v -0.180096 0.395114 0.000974
v -0.178069 0.395098 0.001356
v -0.175787 0.395447 0.001545
v -0.173284 0.396115 0.001565
v -0.170627 0.397004 0.001469
v -0.167911 0.397978 0.001328
v -0.165246 0.398880 0.001225
v -0.162739 0.399552 0.001243
v -0.160489 0.399856 0.001455
v -0.158565 0.399690 0.001916
v -0.157007 0.398997 0.002655
v -0.155814 0.397778 0.003670
v -0.154949 0.396089 0.004935
v -0.154339 0.394031 0.006393
v -0.153889 0.391743 0.007973
v -0.153488 0.389384 0.009590
v -0.153029 0.387110 0.011163
v -0.152416 0.385056 0.012619
v -0.151581 0.383322 0.013907
v -0.150493 0.381953 0.015002
v -0.149161 0.380934 0.015913
v -0.147651 0.380172 0.016688
v -0.149257 0.380796 0.015986
v -0.151042 0.381162 0.015420
v -0.153070 0.381178 0.015038
v -0.155351 0.380830 0.014849
v -0.157855 0.380161 0.014829
v -0.160512 0.379272 0.014925
v -0.163227 0.378298 0.015066
v -0.165893 0.377397 0.015169
v -0.168399 0.376724 0.015151
v -0.170650 0.376420 0.014938
v -0.172573 0.376586 0.014477
v -0.174131 0.377279 0.013739
v -0.175324 0.378498 0.012723
v -0.176189 0.380188 0.011459
v -0.176799 0.382245 0.010000
v -0.177250 0.384533 0.008421
v -0.177650 0.386892 0.006803
v -0.178110 0.389166 0.005231
v -0.178723 0.391220 0.003774
v -0.179557 0.392954 0.002486
v -0.180646 0.394323 0.001391
v -0.181977 0.395343 0.000481
f 2105 2106 2107
f 2105 2107 2106
f 2105 2107 2108
f 2105 2108 2107
f 2105 2108 2109
f 2105 2109 2108
f 2105 2109 2110
f 2105 2110 2109
f 2105 2110 2111
f 2105 2111 2110
f 2105 2111 2112
f 2105 2112 2111
f 2105 2112 2113
f 2105 2113 2112
f 2105 2113 2114
f 2105 2114 2113
f 2105 2114 2115
f 2105 2115 2114
f 2105 2115 2116
f 2105 2116 2115
f 2105 2116 2117
f 2105 2117 2116
f 2105 2117 2118
f 2105 2118 2117
f 2105 2118 2119
f 2105 2119 2118
f 2105 2119 2120
f 2105 2120 2119
f 2105 2120 2121
f 2105 2121 2120
f 2105 2121 2122
f 2105 2122 2121
f 2105 2122 2123
f 2105 2123 2122
f 2105 2123 2124
f 2105 2124 2123
f 2105 2124 2125
f 2105 2125 2124
f 2105 2125 2126
f 2105 2126 2125
f 2105 2126 2127
f 2105 2127 2126
f 2105 2127 2128
f 2105 2128 2127
f 2105 2128 2129
f 2105 2129 2128
f 2105 2129 2130
f 2105 2130 2129
f 2105 2130 2131
f 2105 2131 2130
f 2105 2131 2132
f 2105 2132 2131
f 2105 2132 2133
f 2105 2133 2132
f 2105 2133 2134
f 2105 2134 2133
f 2105 2134 2135
f 2105 2135 2134
f 2105 2135 2136
f 2105 2136 2135
f 2105 2136 2137
f 2105 2137 2136
f 2105 2137 2138
f 2105 2138 2137
f 2105 2138 2139
f 2105 2139 2138
f 2105 2139 2140
f 2105 2140 2139
f 2105 2140 2141
f 2105 2141 2140
f 2105 2141 2142
f 2105 2142 2141
f 2105 2142 2143
f 2105 2143 2142
f 2105 2143 2144
f 2105 2144 2143
f 2105 2144 2145
f 2105 2145 2144
f 2105 2145 2146
f 2105 2146 2145
f 2105 2146 2147
f 2105 2147 2146
f 2105 2147 2148
f 2105 2148 2147
f 2105 2148 2149
f 2105 2149 2148
f 2105 2149 2150
f 2105 2150 2149
v -0.170971 0.377036 -0.014406
v -0.170414 0.378951 -0.012525
v -0.168104 0.380024 -0.011437
v -0.165390 0.380024 -0.011389
v -0.163043 0.378951 -0.012396
v -0.162420 0.377036 -0.014257
v -0.162978 0.375120 -0.016139
v -0.165288 0.374047 -0.017227
v -0.168002 0.374047 -0.017274
v -0.170348 0.375120 -0.016267
v -0.169274 0.395458 -0.033236
v -0.168895 0.396760 -0.031957
v -0.167324 0.397490 -0.031217
v -0.165478 0.397490 -0.031184
v -0.163883 0.396760 -0.031869
v -0.163459 0.395458 -0.033134
v -0.163839 0.394155 -0.034414
v -0.165409 0.393426 -0.035154
v -0.167255 0.393426 -0.035186
v -0.168850 0.394155 -0.034501
f 2151 2152 2162
f 2151 2162 2161
f 2152 2153 2163
f 2152 2163 2162
f 2153 2154 2164
f 2153 2164 2163
f 2154 2155 2165
f 2154 2165 2164
f 2155 2156 2166
f 2155 2166 2165
f 2156 2157 2167
f 2156 2167 2166
f 2157 2158 2168
f 2157 2168 2167
f 2158 2159 2169
f 2158 2169 2168
f 2159 2160 2170
f 2159 2170 2169
f 2160 2151 2161
f 2160 2161 2170
v -0.166367 0.395458 -0.033185
v -0.168787 0.395716 -0.032284
v -0.171097 0.396235 -0.031126
v -0.173232 0.397166 -0.029563
v -0.175166 0.398572 -0.027532
v -0.176908 0.400428 -0.025058
v -0.178505 0.402627 -0.022246
v -0.180031 0.404994 -0.019269
v -0.181577 0.407313 -0.016338
v -0.183240 0.409358 -0.013679
v -0.185107 0.410921 -0.011493
v -0.187244 0.411846 -0.009936
v -0.189688 0.412049 -0.009089
v -0.192438 0.411530 -0.008953
v -0.195459 0.410373 -0.009445
v -0.198684 0.408735 -0.010411
v -0.202026 0.406822 -0.011647
v -0.205388 0.404861 -0.012931
v -0.208679 0.403069 -0.014049
v -0.211824 0.401619 -0.014830
v -0.214778 0.400619 -0.015167
v -0.217530 0.400095 -0.015036
v -0.220108 0.399982 -0.014500
v -0.222576 0.400130 -0.013708
v -0.220155 0.399872 -0.014609
v -0.217845 0.399353 -0.015767
v -0.215710 0.398422 -0.017330
v -0.213777 0.397016 -0.019361
v -0.212034 0.395160 -0.021835
v -0.210437 0.392961 -0.024647
v -0.208911 0.390594 -0.027624
v -0.207365 0.388275 -0.030555
v -0.205703 0.386230 -0.033214
v -0.203836 0.384667 -0.035400
v -0.201698 0.383742 -0.036958
v -0.199254 0.383539 -0.037805
v -0.196504 0.384058 -0.037941
v -0.193483 0.385215 -0.037449
v -0.190258 0.386853 -0.036483
v -0.186916 0.388766 -0.035246
v -0.183554 0.390727 -0.033962
v -0.180264 0.392519 -0.032844
v -0.177119 0.393969 -0.032064
v -0.174164 0.394969 -0.031726
v -0.171412 0.395493 -0.031857
v -0.168834 0.395606 -0.032393
f 2171 2172 2173
f 2171 2173 2172
f 2171 2173 2174
f 2171 2174 2173
f 2171 2174 2175
f 2171 2175 2174
f 2171 2175 2176
f 2171 2176 2175
f 2171 2176 2177
f 2171 2177 2176
f 2171 2177 2178
f 2171 2178 2177
f 2171 2178 2179
f 2171 2179 2178
f 2171 2179 2180
f 2171 2180 2179
f 2171 2180 2181
f 2171 2181 2180
f 2171 2181 2182
f 2171 2182 2181
f 2171 2182 2183
f 2171 2183 2182
f 2171 2183 2184
f 2171 2184 2183
f 2171 2184 2185
f 2171 2185 2184
f 2171 2185 2186
f 2171 2186 2185
f 2171 2186 2187
f 2171 2187 2186
f 2171 2187 2188
f 2171 2188 2187
f 2171 2188 2189
f 2171 2189 2188
f 2171 2189 2190
f 2171 2190 2189
f 2171 2190 2191
f 2171 2191 2190
f 2171 2191 2192
f 2171 2192 2191
f 2171 2192 2193
f 2171 2193 2192
f 2171 2193 2194
f 2171 2194 2193
f 2171 2194 2195
f 2171 2195 2194
f 2171 2195 2196
f 2171 2196 2195
f 2171 2196 2197
f 2171 2197 2196
f 2171 2197 2198
f 2171 2198 2197
f 2171 2198 2199
f 2171 2199 2198
f 2171 2199 2200
f 2171 2200 2199
f 2171 2200 2201
f 2171 2201 2200
f 2171 2201 2202
f 2171 2202 2201
f 2171 2202 2203
f 2171 2203 2202
f 2171 2203 2204
f 2171 2204 2203
f 2171 2204 2205
f 2171 2205 2204
f 2171 2205 2206
f 2171 2206 2205
f 2171 2206 2207
f 2171 2207 2206
f 2171 2207 2208
f 2171 2208 2207
f 2171 2208 2209
f 2171 2209 2208
f 2171 2209 2210
f 2171 2210 2209
f 2171 2210 2211
f 2171 2211 2210
f 2171 2211 2212
f 2171 2212 2211
f 2171 2212 2213
f 2171 2213 2212
f 2171 2213 2214
f 2171 2214 2213
f 2171 2214 2215
f 2171 2215 2214
f 2171 2215 2216
f 2171 2216 2215
v -0.166367 0.395458 -0.033185
v -0.164462 0.394066 -0.032813
v -0.162699 0.392234 -0.032875
v -0.161076 0.389973 -0.033357
v -0.159570 0.387350 -0.034196
v -0.158148 0.384466 -0.035290
v -0.156769 0.381450 -0.036515
v -0.155387 0.378442 -0.037731
v -0.153956 0.375586 -0.038799
v -0.152433 0.373014 -0.039588
v -0.150783 0.370834 -0.039990
v -0.148980 0.369127 -0.039928
v -0.147011 0.367933 -0.039362
v -0.144876 0.367253 -0.038291
v -0.142589 0.367045 -0.036756
v -0.140173 0.367230 -0.034835
v -0.137667 0.367699 -0.032635
v -0.135111 0.368319 -0.030286
v -0.132552 0.368948 -0.027928
v -0.130036 0.369444 -0.025701
v -0.127605 0.369680 -0.023730
v -0.125290 0.369554 -0.022115
v -0.123115 0.368998 -0.020921
v -0.121082 0.368002 -0.020160
v -0.122987 0.369394 -0.020532
v -0.124749 0.371226 -0.020471
v -0.126373 0.373487 -0.019989
v -0.127879 0.376110 -0.019150
v -0.129301 0.378994 -0.018056
v -0.130680 0.382010 -0.016831
v -0.132062 0.385018 -0.015614
v -0.133493 0.387874 -0.014547
v -0.135016 0.390446 -0.013758
v -0.136665 0.392626 -0.013356
v -0.138468 0.394333 -0.013417
v -0.140437 0.395527 -0.013984
v -0.142572 0.396207 -0.015054
v -0.144860 0.396415 -0.016589
v -0.147275 0.396230 -0.018511
v -0.149782 0.395761 -0.020711
v -0.152338 0.395141 -0.023060
v -0.154897 0.394512 -0.025417
v -0.157412 0.394016 -0.027645
v -0.159844 0.393780 -0.029616
v -0.162158 0.393907 -0.031231
v -0.164334 0.394462 -0.032425
f 2217 2218 2219
f 2217 2219 2218
f 2217 2219 2220
f 2217 2220 2219
f 2217 2220 2221
f 2217 2221 2220
f 2217 2221 2222
f 2217 2222 2221
f 2217 2222 2223
f 2217 2223 2222
f 2217 2223 2224
f 2217 2224 2223
f 2217 2224 2225
f 2217 2225 2224
f 2217 2225 2226
f 2217 2226 2225
f 2217 2226 2227
f 2217 2227 2226
f 2217 2227 2228
f 2217 2228 2227
f 2217 2228 2229
f 2217 2229 2228
f 2217 2229 2230
f 2217 2230 2229
f 2217 2230 2231
f 2217 2231 2230
f 2217 2231 2232
f 2217 2232 2231
f 2217 2232 2233
f 2217 2233 2232
f 2217 2233 2234
f 2217 2234 2233
f 2217 2234 2235
f 2217 2235 2234
f 2217 2235 2236
f 2217 2236 2235
f 2217 2236 2237
f 2217 2237 2236
f 2217 2237 2238
f 2217 2238 2237
f 2217 2238 2239
f 2217 2239 2238
f 2217 2239 2240
f 2217 2240 2239
f 2217 2240 2241
f 2217 2241 2240
f 2217 2241 2242
f 2217 2242 2241
f 2217 2242 2243
f 2217 2243 2242
f 2217 2243 2244
f 2217 2244 2243
f 2217 2244 2245
f 2217 2245 2244
f 2217 2245 2246
f 2217 2246 2245
f 2217 2246 2247
f 2217 2247 2246
f 2217 2247 2248
f 2217 2248 2247
f 2217 2248 2249
f 2217 2249 2248
f 2217 2249 2250
f 2217 2250 2249
f 2217 2250 2251
f 2217 2251 2250
f 2217 2251 2252
f 2217 2252 2251
f 2217 2252 2253
f 2217 2253 2252
f 2217 2253 2254
f 2217 2254 2253
f 2217 2254 2255
f 2217 2255 2254
f 2217 2255 2256
f 2217 2256 2255
f 2217 2256 2257
f 2217 2257 2256
f 2217 2257 2258
f 2217 2258 2257
f 2217 2258 2259
f 2217 2259 2258
f 2217 2259 2260
f 2217 2260 2259
f 2217 2260 2261
f 2217 2261 2260
f 2217 2261 2262
f 2217 2262 2261
v -0.105990 0.298945 -0.025391
v -0.104087 0.303085 -0.021595
v -0.098755 0.305403 -0.020155
v -0.092959 0.305403 -0.021087
v -0.088347 0.303085 -0.024125
v -0.087729 0.298945 -0.028326
v -0.089632 0.294806 -0.032122
v -0.094964 0.292487 -0.033562
v -0.100760 0.292487 -0.032631
v -0.105372 0.294806 -0.029592
v -0.110567 0.345173 -0.072516
v -0.109272 0.347988 -0.069935
v -0.105647 0.349564 -0.068955
v -0.101705 0.349564 -0.069589
v -0.098569 0.347988 -0.071655
v -0.098149 0.345173 -0.074512
v -0.099443 0.342358 -0.077093
v -0.103069 0.340781 -0.078072
v -0.107010 0.340781 -0.077438
v -0.110146 0.342358 -0.075372
f 2263 2264 2274
f 2263 2274 2273
f 2264 2265 2275
f 2264 2275 2274
f 2265 2266 2276
f 2265 2276 2275
f 2266 2267 2277
f 2266 2277 2276
f 2267 2268 2278
f 2267 2278 2277
f 2268 2269 2279
f 2268 2279 2278
f 2269 2270 2280
f 2269 2280 2279
f 2270 2271 2281
f 2270 2281 2280
f 2271 2272 2282
f 2271 2282 2281
f 2272 2263 2273
f 2272 2273 2282
v -0.110484 0.345173 -0.072095
v -0.109462 0.349033 -0.071531
v -0.106028 0.351194 -0.071879
v -0.102139 0.351194 -0.072779
v -0.098901 0.349033 -0.073977
v -0.098231 0.345173 -0.074932
v -0.099253 0.341312 -0.075496
v -0.102687 0.339151 -0.075149
v -0.106577 0.339151 -0.074248
v -0.109814 0.341312 -0.073050
v -0.116812 0.352592 -0.108342
v -0.116117 0.355216 -0.107959
v -0.113782 0.356686 -0.108195
v -0.111137 0.356686 -0.108807
v -0.108936 0.355216 -0.109622
v -0.108480 0.352592 -0.110271
v -0.109175 0.349967 -0.110654
v -0.111510 0.348497 -0.110418
v -0.114155 0.348497 -0.109806
v -0.116356 0.349967 -0.108991
f 2283 2284 2294
f 2283 2294 2293
f 2284 2285 2295
f 2284 2295 2294
f 2285 2286 2296
f 2285 2296 2295
f 2286 2287 2297
f 2286 2297 2296
f 2287 2288 2298
f 2287 2298 2297
f 2288 2289 2299
f 2288 2299 2298
f 2289 2290 2300
f 2289 2300 2299
f 2290 2291 2301
f 2290 2301 2300
f 2291 2292 2302
f 2291 2302 2301
f 2292 2283 2293
f 2292 2293 2302
v -0.112646 0.352592 -0.109306
v -0.114710 0.352779 -0.107392
v -0.116684 0.353500 -0.105389
v -0.118540 0.354913 -0.103268
v -0.120277 0.357033 -0.101029
v -0.121913 0.359757 -0.098689
v -0.123479 0.362885 -0.096280
v -0.125022 0.366155 -0.093848
v -0.126591 0.369267 -0.091442
v -0.128237 0.371926 -0.089113
v -0.130004 0.373872 -0.086903
v -0.131923 0.374914 -0.084845
v -0.134013 0.374949 -0.082957
v -0.136272 0.373979 -0.081237
v -0.138685 0.372105 -0.079670
v -0.141218 0.369517 -0.078222
v -0.143828 0.366477 -0.076851
v -0.146464 0.363279 -0.075506
v -0.149076 0.360222 -0.074137
v -0.151620 0.357570 -0.072700
v -0.154062 0.355522 -0.071162
v -0.156385 0.354180 -0.069505
v -0.158590 0.353530 -0.067732
v -0.160705 0.353415 -0.065869
v -0.158641 0.353227 -0.067783
v -0.156668 0.352507 -0.069787
v -0.154811 0.351093 -0.071907
v -0.153074 0.348973 -0.074146
v -0.151439 0.346250 -0.076486
v -0.149872 0.343121 -0.078895
v -0.148329 0.339852 -0.081327
v -0.146760 0.336739 -0.083733
v -0.145114 0.334081 -0.086062
v -0.143348 0.332134 -0.088272
v -0.141428 0.331093 -0.090330
v -0.139339 0.331057 -0.092219
v -0.137079 0.332027 -0.093938
v -0.134666 0.333902 -0.095505
v -0.132133 0.336489 -0.096953
v -0.129524 0.339529 -0.098324
v -0.126887 0.342727 -0.099669
v -0.124275 0.345784 -0.101038
v -0.121731 0.348436 -0.102475
v -0.119289 0.350484 -0.104013
v -0.116967 0.351827 -0.105670
v -0.114761 0.352476 -0.107443
f 2303 2304 2305
f 2303 2305 2304
f 2303 2305 2306
f 2303 2306 2305
f 2303 2306 2307
f 2303 2307 2306
f 2303 2307 2308
f 2303 2308 2307
f 2303 2308 2309
f 2303 2309 2308
f 2303 2309 2310
f 2303 2310 2309
f 2303 2310 2311
f 2303 2311 2310
f 2303 2311 2312
f 2303 2312 2311
f 2303 2312 2313
f 2303 2313 2312
f 2303 2313 2314
f 2303 2314 2313
f 2303 2314 2315
f 2303 2315 2314
f 2303 2315 2316
f 2303 2316 2315
f 2303 2316 2317
f 2303 2317 2316
f 2303 2317 2318
f 2303 2318 2317
f 2303 2318 2319
f 2303 2319 2318
f 2303 2319 2320
f 2303 2320 2319
f 2303 2320 2321
f 2303 2321 2320
f 2303 2321 2322
f 2303 2322 2321
f 2303 2322 2323
f 2303 2323 2322
f 2303 2323 2324
f 2303 2324 2323
f 2303 2324 2325
f 2303 2325 2324
f 2303 2325 2326
f 2303 2326 2325
f 2303 2326 2327
f 2303 2327 2326
f 2303 2327 2328
f 2303 2328 2327
f 2303 2328 2329
f 2303 2329 2328
f 2303 2329 2330
f 2303 2330 2329
f 2303 2330 2331
f 2303 2331 2330
f 2303 2331 2332
f 2303 2332 2331
f 2303 2332 2333
f 2303 2333 2332
f 2303 2333 2334
f 2303 2334 2333
f 2303 2334 2335
f 2303 2335 2334
f 2303 2335 2336
f 2303 2336 2335
f 2303 2336 2337
f 2303 2337 2336
f 2303 2337 2338
f 2303 2338 2337
f 2303 2338 2339
f 2303 2339 2338
f 2303 2339 2340
f 2303 2340 2339
f 2303 2340 2341
f 2303 2341 2340
f 2303 2341 2342
f 2303 2342 2341
f 2303 2342 2343
f 2303 2343 2342
f 2303 2343 2344
f 2303 2344 2343
f 2303 2344 2345
f 2303 2345 2344
f 2303 2345 2346
f 2303 2346 2345
f 2303 2346 2347
f 2303 2347 2346
f 2303 2347 2348
f 2303 2348 2347
v -0.116908 0.352592 -0.109660
v -0.116201 0.354855 -0.111038
v -0.113814 0.356122 -0.111644
v -0.111109 0.356122 -0.111419
v -0.108855 0.354855 -0.110428
v -0.108385 0.352592 -0.108953
v -0.109091 0.350328 -0.107575
v -0.111478 0.349061 -0.106969
v -0.114183 0.349061 -0.107193
v -0.116438 0.350328 -0.108185
v -0.114119 0.341687 -0.126729
v -0.113638 0.343226 -0.127666
v -0.112015 0.344088 -0.128078
v -0.110175 0.344088 -0.127926
v -0.108642 0.343226 -0.127251
v -0.108323 0.341687 -0.126248
v -0.108803 0.340148 -0.125311
v -0.110426 0.339287 -0.124899
v -0.112266 0.339287 -0.125052
v -0.113799 0.340148 -0.125726
f 2349 2350 2360
f 2349 2360 2359
f 2350 2351 2361
f 2350 2361 2360
f 2351 2352 2362
f 2351 2362 2361
f 2352 2353 2363
f 2352 2363 2362
f 2353 2354 2364
f 2353 2364 2363
f 2354 2355 2365
f 2354 2365 2364
f 2355 2356 2366
f 2355 2366 2365
f 2356 2357 2367
f 2356 2367 2366
f 2357 2358 2368
f 2357 2368 2367
f 2358 2349 2359
f 2358 2359 2368
v -0.111221 0.341687 -0.126489
v -0.113931 0.342991 -0.126459
v -0.116462 0.345042 -0.126889
v -0.118846 0.347705 -0.127696
v -0.121118 0.350834 -0.128788
v -0.123319 0.354257 -0.130062
v -0.125494 0.357790 -0.131403
v -0.127688 0.361244 -0.132694
v -0.129944 0.364435 -0.133825
v -0.132303 0.367202 -0.134696
v -0.134796 0.369412 -0.135223
v -0.137445 0.370973 -0.135352
v -0.140261 0.371834 -0.135051
v -0.143246 0.371998 -0.134321
v -0.146387 0.371511 -0.133191
v -0.149661 0.370468 -0.131719
v -0.153038 0.369000 -0.129986
v -0.156477 0.367271 -0.128092
v -0.159935 0.365461 -0.126149
v -0.163368 0.363762 -0.124274
v -0.166729 0.362357 -0.122579
v -0.169979 0.361417 -0.121171
v -0.173081 0.361090 -0.120139
v -0.176004 0.361510 -0.119567
v -0.173293 0.360206 -0.119596
v -0.170762 0.358155 -0.119166
v -0.168379 0.355492 -0.118360
v -0.166107 0.352363 -0.117268
v -0.163906 0.348940 -0.115994
v -0.161731 0.345407 -0.114653
v -0.159537 0.341954 -0.113361
v -0.157280 0.338762 -0.112230
v -0.154921 0.335995 -0.111360
v -0.152429 0.333785 -0.110832
v -0.149780 0.332225 -0.110704
v -0.146963 0.331363 -0.111005
v -0.143979 0.331199 -0.111735
v -0.140838 0.331686 -0.112865
v -0.137563 0.332729 -0.114337
v -0.134187 0.334197 -0.116070
v -0.130748 0.335927 -0.117963
v -0.127289 0.337736 -0.119906
v -0.123857 0.339436 -0.121782
v -0.120495 0.340841 -0.123476
v -0.117246 0.341780 -0.124884
v -0.114143 0.342107 -0.125916
f 2369 2370 2371
f 2369 2371 2370
f 2369 2371 2372
f 2369 2372 2371
f 2369 2372 2373
f 2369 2373 2372
f 2369 2373 2374
f 2369 2374 2373
f 2369 2374 2375
f 2369 2375 2374
f 2369 2375 2376
f 2369 2376 2375
f 2369 2376 2377
f 2369 2377 2376
f 2369 2377 2378
f 2369 2378 2377
f 2369 2378 2379
f 2369 2379 2378
f 2369 2379 2380
f 2369 2380 2379
f 2369 2380 2381
f 2369 2381 2380
f 2369 2381 2382
f 2369 2382 2381
f 2369 2382 2383
f 2369 2383 2382
f 2369 2383 2384
f 2369 2384 2383
f 2369 2384 2385
f 2369 2385 2384
f 2369 2385 2386
f 2369 2386 2385
f 2369 2386 2387
f 2369 2387 2386
f 2369 2387 2388
f 2369 2388 2387
f 2369 2388 2389
f 2369 2389 2388
f 2369 2389 2390
f 2369 2390 2389
f 2369 2390 2391
f 2369 2391 2390
f 2369 2391 2392
f 2369 2392 2391
f 2369 2392 2393
f 2369 2393 2392
f 2369 2393 2394
f 2369 2394 2393
f 2369 2394 2395
f 2369 2395 2394
f 2369 2395 2396
f 2369 2396 2395
f 2369 2396 2397
f 2369 2397 2396
f 2369 2397 2398
f 2369 2398 2397
f 2369 2398 2399
f 2369 2399 2398
f 2369 2399 2400
f 2369 2400 2399
f 2369 2400 2401
f 2369 2401 2400
f 2369 2401 2402
f 2369 2402 2401
f 2369 2402 2403
f 2369 2403 2402
f 2369 2403 2404
f 2369 2404 2403
f 2369 2404 2405
f 2369 2405 2404
f 2369 2405 2406
f 2369 2406 2405
f 2369 2406 2407
f 2369 2407 2406
f 2369 2407 2408
f 2369 2408 2407
f 2369 2408 2409
f 2369 2409 2408
f 2369 2409 2410
f 2369 2410 2409
f 2369 2410 2411
f 2369 2411 2410
f 2369 2411 2412
f 2369 2412 2411
f 2369 2412 2413
f 2369 2413 2412
f 2369 2413 2414
f 2369 2414 2413
v -0.113510 0.352592 -0.105118
v -0.112178 0.354966 -0.105446
v -0.111028 0.356295 -0.107587
v -0.110480 0.356295 -0.110245
v -0.110689 0.354966 -0.112666
v -0.111782 0.352592 -0.113495
v -0.113115 0.350217 -0.113166
v -0.114264 0.348888 -0.111026
v -0.114813 0.348888 -0.108367
v -0.114604 0.350217 -0.105947
v -0.133656 0.363470 -0.110671
v -0.132750 0.365085 -0.110894
v -0.131968 0.365989 -0.112349
v -0.131596 0.365989 -0.114157
v -0.131738 0.365085 -0.115803
v -0.132482 0.363470 -0.116366
v -0.133388 0.361856 -0.116143
v -0.134169 0.360952 -0.114688
v -0.134542 0.360952 -0.112880
v -0.134400 0.361856 -0.111234
f 2415 2416 2426
f 2415 2426 2425
f 2416 2417 2427
f 2416 2427 2426
f 2417 2418 2428
f 2417 2428 2427
f 2418 2419 2429
f 2418 2429 2428
f 2419 2420 2430
f 2419 2430 2429
f 2420 2421 2431
f 2420 2431 2430
f 2421 2422 2432
f 2421 2432 2431
f 2422 2423 2433
f 2422 2433 2432
f 2423 2424 2434
f 2423 2434 2433
f 2424 2415 2425
f 2424 2425 2434
v -0.133069 0.363470 -0.113518
v -0.132238 0.362535 -0.110796
v -0.131073 0.362353 -0.107749
v -0.129630 0.362796 -0.104433
v -0.127975 0.363718 -0.100912
v -0.126184 0.364947 -0.097258
v -0.124340 0.366292 -0.093554
v -0.122531 0.367560 -0.089883
v -0.120839 0.368565 -0.086325
v -0.119339 0.369138 -0.082954
v -0.118091 0.369144 -0.079826
v -0.117137 0.368485 -0.076985
v -0.116501 0.367112 -0.074451
v -0.116181 0.365024 -0.072224
v -0.116157 0.362273 -0.070283
v -0.116384 0.358953 -0.068587
v -0.116803 0.355202 -0.067076
v -0.117340 0.351187 -0.065679
v -0.117910 0.347096 -0.064315
v -0.118428 0.343121 -0.062901
v -0.118811 0.339453 -0.061354
v -0.118981 0.336263 -0.059602
v -0.118873 0.333699 -0.057581
v -0.118431 0.331888 -0.055235
v -0.119262 0.332824 -0.057958
v -0.120427 0.333006 -0.061004
v -0.121870 0.332562 -0.064320
v -0.123525 0.331640 -0.067842
v -0.125316 0.330412 -0.071496
v -0.127160 0.329066 -0.075200
v -0.128969 0.327798 -0.078871
v -0.130660 0.326793 -0.082428
v -0.132161 0.326220 -0.085800
v -0.133409 0.326215 -0.088927
v -0.134363 0.326874 -0.091769
v -0.134999 0.328247 -0.094303
v -0.135319 0.330334 -0.096529
v -0.135343 0.333086 -0.098470
v -0.135115 0.336405 -0.100167
v -0.134696 0.340156 -0.101677
v -0.134160 0.344171 -0.103074
v -0.133590 0.348262 -0.104438
v -0.133072 0.352237 -0.105853
v -0.132689 0.355905 -0.107399
v -0.132519 0.359095 -0.109151
v -0.132627 0.361660 -0.111173
f 2435 2436 2437
f 2435 2437 2436
f 2435 2437 2438
f 2435 2438 2437
f 2435 2438 2439
f 2435 2439 2438
f 2435 2439 2440
f 2435 2440 2439
f 2435 2440 2441
f 2435 2441 2440
f 2435 2441 2442
f 2435 2442 2441
f 2435 2442 2443
f 2435 2443 2442
f 2435 2443 2444
f 2435 2444 2443
f 2435 2444 2445
f 2435 2445 2444
f 2435 2445 2446
f 2435 2446 2445
f 2435 2446 2447
f 2435 2447 2446
f 2435 2447 2448
f 2435 2448 2447
f 2435 2448 2449
f 2435 2449 2448
f 2435 2449 2450
f 2435 2450 2449
f 2435 2450 2451
f 2435 2451 2450
f 2435 2451 2452
f 2435 2452 2451
f 2435 2452 2453
f 2435 2453 2452
f 2435 2453 2454
f 2435 2454 2453
f 2435 2454 2455
f 2435 2455 2454
f 2435 2455 2456
f 2435 2456 2455
f 2435 2456 2457
f 2435 2457 2456
f 2435 2457 2458
f 2435 2458 2457
f 2435 2458 2459
f 2435 2459 2458
f 2435 2459 2460
f 2435 2460 2459
f 2435 2460 2461
f 2435 2461 2460
f 2435 2461 2462
f 2435 2462 2461
f 2435 2462 2463
f 2435 2463 2462
f 2435 2463 2464
f 2435 2464 2463
f 2435 2464 2465
f 2435 2465 2464
f 2435 2465 2466
f 2435 2466 2465
f 2435 2466 2467
f 2435 2467 2466
f 2435 2467 2468
f 2435 2468 2467
f 2435 2468 2469
f 2435 2469 2468
f 2435 2469 2470
f 2435 2470 2469
f 2435 2470 2471
f 2435 2471 2470
f 2435 2471 2472
f 2435 2472 2471
f 2435 2472 2473
f 2435 2473 2472
f 2435 2473 2474
f 2435 2474 2473
f 2435 2474 2475
f 2435 2475 2474
f 2435 2475 2476
f 2435 2476 2475
f 2435 2476 2477
f 2435 2477 2476
f 2435 2477 2478
f 2435 2478 2477
f 2435 2478 2479
f 2435 2479 2478
f 2435 2479 2480
f 2435 2480 2479
v -0.115264 0.352592 -0.112688
v -0.116271 0.354635 -0.111162
v -0.115611 0.355780 -0.108727
v -0.113949 0.355780 -0.106581
v -0.111758 0.354635 -0.105333
v -0.110028 0.352592 -0.105925
v -0.109022 0.350548 -0.107451
v -0.109681 0.349403 -0.109885
v -0.111343 0.349403 -0.112032
v -0.113534 0.350548 -0.113280
v -0.100717 0.367268 -0.122219
v -0.101402 0.368658 -0.121181
v -0.100953 0.369436 -0.119526
v -0.099823 0.369436 -0.118066
v -0.098333 0.368658 -0.117218
v -0.097157 0.367268 -0.117620
v -0.096473 0.365878 -0.118658
v -0.096921 0.365100 -0.120313
v -0.098051 0.365100 -0.121773
v -0.099541 0.365878 -0.122622
f 2481 2482 2492
f 2481 2492 2491
f 2482 2483 2493
f 2482 2493 2492
f 2483 2484 2494
f 2483 2494 2493
f 2484 2485 2495
f 2484 2495 2494
f 2485 2486 2496
f 2485 2496 2495
f 2486 2487 2497
f 2486 2497 2496
f 2487 2488 2498
f 2487 2498 2497
f 2488 2489 2499
f 2488 2499 2498
f 2489 2490 2500
f 2489 2500 2499
f 2490 2481 2491
f 2490 2491 2500
v -0.098937 0.367268 -0.119920
v -0.100817 0.367281 -0.120547
v -0.102768 0.367496 -0.120985
v -0.104832 0.368037 -0.121121
v -0.107028 0.368955 -0.120905
v -0.109349 0.370232 -0.120353
v -0.111767 0.371785 -0.119545
v -0.114232 0.373476 -0.118609
v -0.116686 0.375131 -0.117706
v -0.119063 0.376569 -0.117005
v -0.121307 0.377624 -0.116661
v -0.123373 0.378171 -0.116791
v -0.125239 0.378141 -0.117458
v -0.126902 0.377535 -0.118661
v -0.128389 0.376421 -0.120339
v -0.129741 0.374923 -0.122374
v -0.131018 0.373208 -0.124611
v -0.132283 0.371459 -0.126881
v -0.133595 0.369846 -0.129023
v -0.135004 0.368509 -0.130908
v -0.136538 0.367532 -0.132458
v -0.138204 0.366932 -0.133656
v -0.139983 0.366657 -0.134551
v -0.141834 0.366585 -0.135258
v -0.139954 0.366572 -0.134630
v -0.138003 0.366356 -0.134192
v -0.135939 0.365816 -0.134057
v -0.133743 0.364898 -0.134273
v -0.131422 0.363621 -0.134824
v -0.129004 0.362067 -0.135632
v -0.126538 0.360377 -0.136568
v -0.124085 0.358722 -0.137472
v -0.121707 0.357284 -0.138173
v -0.119464 0.356228 -0.138517
v -0.117397 0.355682 -0.138387
v -0.115532 0.355711 -0.137720
v -0.113868 0.356317 -0.136516
v -0.112382 0.357432 -0.134838
v -0.111030 0.358930 -0.132804
v -0.109753 0.360644 -0.130566
v -0.108488 0.362394 -0.128297
v -0.107176 0.364007 -0.126155
v -0.105767 0.365344 -0.124270
v -0.104233 0.366321 -0.122720
v -0.102567 0.366921 -0.121522
v -0.100787 0.367196 -0.120626
f 2501 2502 2503
f 2501 2503 2502
f 2501 2503 2504
f 2501 2504 2503
f 2501 2504 2505
f 2501 2505 2504
f 2501 2505 2506
f 2501 2506 2505
f 2501 2506 2507
f 2501 2507 2506
f 2501 2507 2508
f 2501 2508 2507
f 2501 2508 2509
f 2501 2509 2508
f 2501 2509 2510
f 2501 2510 2509
f 2501 2510 2511
f 2501 2511 2510
f 2501 2511 2512
f 2501 2512 2511
f 2501 2512 2513
f 2501 2513 2512
f 2501 2513 2514
f 2501 2514 2513
f 2501 2514 2515
f 2501 2515 2514
f 2501 2515 2516
f 2501 2516 2515
f 2501 2516 2517
f 2501 2517 2516
f 2501 2517 2518
f 2501 2518 2517
f 2501 2518 2519
f 2501 2519 2518
f 2501 2519 2520
f 2501 2520 2519
f 2501 2520 2521
f 2501 2521 2520
f 2501 2521 2522
f 2501 2522 2521
f 2501 2522 2523
f 2501 2523 2522
f 2501 2523 2524
f 2501 2524 2523
f 2501 2524 2525
f 2501 2525 2524
f 2501 2525 2526
f 2501 2526 2525
f 2501 2526 2527
f 2501 2527 2526
f 2501 2527 2528
f 2501 2528 2527
f 2501 2528 2529
f 2501 2529 2528
f 2501 2529 2530
f 2501 2530 2529
f 2501 2530 2531
f 2501 2531 2530
f 2501 2531 2532
f 2501 2532 2531
f 2501 2532 2533
f 2501 2533 2532
f 2501 2533 2534
f 2501 2534 2533
f 2501 2534 2535
f 2501 2535 2534
f 2501 2535 2536
f 2501 2536 2535
f 2501 2536 2537
f 2501 2537 2536
f 2501 2537 2538
f 2501 2538 2537
f 2501 2538 2539
f 2501 2539 2538
f 2501 2539 2540
f 2501 2540 2539
f 2501 2540 2541
f 2501 2541 2540
f 2501 2541 2542
f 2501 2542 2541
f 2501 2542 2543
f 2501 2543 2542
f 2501 2543 2544
f 2501 2544 2543
f 2501 2544 2545
f 2501 2545 2544
f 2501 2545 2546
f 2501 2546 2545
v -0.105064 0.345173 -0.067265
v -0.102064 0.347814 -0.067800
v -0.100054 0.349293 -0.071018
v -0.099606 0.349293 -0.074985
v -0.100847 0.347814 -0.078572
v -0.103652 0.345173 -0.079762
v -0.106651 0.342531 -0.079228
v -0.108661 0.341052 -0.076009
v -0.109110 0.341052 -0.072042
v -0.107869 0.342531 -0.068456
v -0.132257 0.375685 -0.072363
v -0.130218 0.377481 -0.072727
v -0.128851 0.378487 -0.074916
v -0.128546 0.378487 -0.077613
v -0.129390 0.377481 -0.080052
v -0.131297 0.375685 -0.080862
v -0.133337 0.373889 -0.080498
v -0.134704 0.372883 -0.078309
v -0.135008 0.372883 -0.075612
v -0.134165 0.373889 -0.073173
f 2547 2548 2558
f 2547 2558 2557
f 2548 2549 2559
f 2548 2559 2558
f 2549 2550 2560
f 2549 2560 2559
f 2550 2551 2561
f 2550 2561 2560
f 2551 2552 2562
f 2551 2562 2561
f 2552 2553 2563
f 2552 2563 2562
f 2553 2554 2564
f 2553 2564 2563
f 2554 2555 2565
f 2554 2565 2564
f 2555 2556 2566
f 2555 2566 2565
f 2556 2547 2557
f 2556 2557 2566
v -0.131777 0.375685 -0.076612
v -0.131501 0.374780 -0.074365
v -0.130938 0.374143 -0.072028
v -0.129953 0.373898 -0.069560
v -0.128507 0.374082 -0.066948
v -0.126640 0.374657 -0.064205
v -0.124468 0.375517 -0.061367
v -0.122161 0.376501 -0.058487
v -0.119923 0.377422 -0.055628
v -0.117964 0.378083 -0.052856
v -0.116470 0.378312 -0.050230
v -0.115581 0.377977 -0.047791
v -0.115374 0.377009 -0.045565
v -0.115847 0.375407 -0.043551
v -0.116927 0.373242 -0.041726
v -0.118471 0.370644 -0.040046
v -0.120294 0.367786 -0.038452
v -0.122186 0.364865 -0.036880
v -0.123944 0.362069 -0.035265
v -0.125395 0.359557 -0.033556
v -0.126427 0.357436 -0.031716
v -0.126996 0.355745 -0.029732
v -0.127145 0.354446 -0.027617
v -0.127006 0.353413 -0.025412
v -0.127282 0.354318 -0.027659
v -0.127846 0.354955 -0.029996
v -0.128830 0.355201 -0.032464
v -0.130276 0.355016 -0.035076
v -0.132143 0.354441 -0.037819
v -0.134315 0.353582 -0.040657
v -0.136622 0.352597 -0.043537
v -0.138860 0.351676 -0.046396
v -0.140820 0.351015 -0.049168
v -0.142314 0.350786 -0.051795
v -0.143202 0.351121 -0.054233
v -0.143409 0.352090 -0.056459
v -0.142936 0.353691 -0.058473
v -0.141857 0.355856 -0.060298
v -0.140312 0.358455 -0.061979
v -0.138489 0.361312 -0.063572
v -0.136597 0.364233 -0.065145
v -0.134840 0.367029 -0.066759
v -0.133388 0.369541 -0.068468
v -0.132356 0.371662 -0.070308
v -0.131787 0.373353 -0.072292
v -0.131638 0.374653 -0.074408
f 2567 2568 2569
f 2567 2569 2568
f 2567 2569 2570
f 2567 2570 2569
f 2567 2570 2571
f 2567 2571 2570
f 2567 2571 2572
f 2567 2572 2571
f 2567 2572 2573
f 2567 2573 2572
f 2567 2573 2574
f 2567 2574 2573
f 2567 2574 2575
f 2567 2575 2574
f 2567 2575 2576
f 2567 2576 2575
f 2567 2576 2577
f 2567 2577 2576
f 2567 2577 2578
f 2567 2578 2577
f 2567 2578 2579
f 2567 2579 2578
f 2567 2579 2580
f 2567 2580 2579
f 2567 2580 2581
f 2567 2581 2580
f 2567 2581 2582
f 2567 2582 2581
f 2567 2582 2583
f 2567 2583 2582
f 2567 2583 2584
f 2567 2584 2583
f 2567 2584 2585
f 2567 2585 2584
f 2567 2585 2586
f 2567 2586 2585
f 2567 2586 2587
f 2567 2587 2586
f 2567 2587 2588
f 2567 2588 2587
f 2567 2588 2589
f 2567 2589 2588
f 2567 2589 2590
f 2567 2590 2589
f 2567 2590 2591
f 2567 2591 2590
f 2567 2591 2592
f 2567 2592 2591
f 2567 2592 2593
f 2567 2593 2592
f 2567 2593 2594
f 2567 2594 2593
f 2567 2594 2595
f 2567 2595 2594
f 2567 2595 2596
f 2567 2596 2595
f 2567 2596 2597
f 2567 2597 2596
f 2567 2597 2598
f 2567 2598 2597
f 2567 2598 2599
f 2567 2599 2598
f 2567 2599 2600
f 2567 2600 2599
f 2567 2600 2601
f 2567 2601 2600
f 2567 2601 2602
f 2567 2602 2601
f 2567 2602 2603
f 2567 2603 2602
f 2567 2603 2604
f 2567 2604 2603
f 2567 2604 2605
f 2567 2605 2604
f 2567 2605 2606
f 2567 2606 2605
f 2567 2606 2607
f 2567 2607 2606
f 2567 2607 2608
f 2567 2608 2607
f 2567 2608 2609
f 2567 2609 2608
f 2567 2609 2610
f 2567 2610 2609
f 2567 2610 2611
f 2567 2611 2610
f 2567 2611 2612
f 2567 2612 2611
v -0.131979 0.375685 -0.072341
v -0.131896 0.378362 -0.072928
v -0.131755 0.379861 -0.075252
v -0.131627 0.379861 -0.077964
v -0.131548 0.378362 -0.080291
v -0.131576 0.375685 -0.080884
v -0.131659 0.373007 -0.080297
v -0.131800 0.371508 -0.077972
v -0.131928 0.371508 -0.075261
v -0.132006 0.373007 -0.072933
v -0.155716 0.376179 -0.074831
v -0.155659 0.377999 -0.075230
v -0.155563 0.379019 -0.076810
v -0.155476 0.379019 -0.078654
v -0.155423 0.377999 -0.080237
v -0.155442 0.376179 -0.080640
v -0.155498 0.374358 -0.080241
v -0.155594 0.373339 -0.078660
v -0.155681 0.373339 -0.076816
v -0.155735 0.374358 -0.075233
f 2613 2614 2624
f 2613 2624 2623
f 2614 2615 2625
f 2614 2625 2624
f 2615 2616 2626
f 2615 2626 2625
f 2616 2617 2627
f 2616 2627 2626
f 2617 2618 2628
f 2617 2628 2627
f 2618 2619 2629
f 2618 2629 2628
f 2619 2620 2630
f 2619 2630 2629
f 2620 2621 2631
f 2620 2631 2630
f 2621 2622 2632
f 2621 2632 2631
f 2622 2613 2623
f 2622 2623 2632
v -0.155579 0.376179 -0.077735
v -0.154867 0.376677 -0.075865
v -0.154145 0.377503 -0.074071
v -0.153407 0.378813 -0.072391
v -0.152652 0.380656 -0.070836
v -0.151882 0.382987 -0.069396
v -0.151100 0.385673 -0.068038
v -0.150314 0.388518 -0.066719
v -0.149530 0.391285 -0.065381
v -0.148756 0.393732 -0.063967
v -0.147999 0.395642 -0.062428
v -0.147264 0.396850 -0.060724
v -0.146555 0.397271 -0.058835
v -0.145871 0.396904 -0.056762
v -0.145209 0.395836 -0.054524
v -0.144564 0.394230 -0.052159
v -0.143929 0.392304 -0.049720
v -0.143297 0.390301 -0.047262
v -0.142659 0.388456 -0.044842
v -0.142011 0.386967 -0.042505
v -0.141347 0.385965 -0.040282
v -0.140666 0.385497 -0.038184
v -0.139969 0.385512 -0.036201
v -0.139262 0.385855 -0.034294
v -0.139974 0.385357 -0.036164
v -0.140696 0.384531 -0.037958
v -0.141434 0.383221 -0.039638
v -0.142189 0.381378 -0.041193
v -0.142959 0.379047 -0.042633
v -0.143741 0.376361 -0.043990
v -0.144527 0.373516 -0.045310
v -0.145311 0.370749 -0.046648
v -0.146085 0.368302 -0.048061
v -0.146842 0.366392 -0.049601
v -0.147576 0.365184 -0.051305
v -0.148286 0.364763 -0.053193
v -0.148970 0.365130 -0.055267
v -0.149632 0.366198 -0.057505
v -0.150277 0.367804 -0.059870
v -0.150912 0.369730 -0.062309
v -0.151544 0.371733 -0.064767
v -0.152181 0.373578 -0.067187
v -0.152830 0.375067 -0.069524
v -0.153494 0.376069 -0.071747
v -0.154175 0.376537 -0.073844
v -0.154872 0.376522 -0.075828
f 2633 2634 2635
f 2633 2635 2634
f 2633 2635 2636
f 2633 2636 2635
f 2633 2636 2637
f 2633 2637 2636
f 2633 2637 2638
f 2633 2638 2637
f 2633 2638 2639
f 2633 2639 2638
f 2633 2639 2640
f 2633 2640 2639
f 2633 2640 2641
f 2633 2641 2640
f 2633 2641 2642
f 2633 2642 2641
f 2633 2642 2643
f 2633 2643 2642
f 2633 2643 2644
f 2633 2644 2643
f 2633 2644 2645
f 2633 2645 2644
f 2633 2645 2646
f 2633 2646 2645
f 2633 2646 2647
f 2633 2647 2646
f 2633 2647 2648
f 2633 2648 2647
f 2633 2648 2649
f 2633 2649 2648
f 2633 2649 2650
f 2633 2650 2649
f 2633 2650 2651
f 2633 2651 2650
f 2633 2651 2652
f 2633 2652 2651
f 2633 2652 2653
f 2633 2653 2652
f 2633 2653 2654
f 2633 2654 2653
f 2633 2654 2655
f 2633 2655 2654
f 2633 2655 2656
f 2633 2656 2655
f 2633 2656 2657
f 2633 2657 2656
f 2633 2657 2658
f 2633 2658 2657
f 2633 2658 2659
f 2633 2659 2658
f 2633 2659 2660
f 2633 2660 2659
f 2633 2660 2661
f 2633 2661 2660
f 2633 2661 2662
f 2633 2662 2661
f 2633 2662 2663
f 2633 2663 2662
f 2633 2663 2664
f 2633 2664 2663
f 2633 2664 2665
f 2633 2665 2664
f 2633 2665 2666
f 2633 2666 2665
f 2633 2666 2667
f 2633 2667 2666
f 2633 2667 2668
f 2633 2668 2667
f 2633 2668 2669
f 2633 2669 2668
f 2633 2669 2670
f 2633 2670 2669
f 2633 2670 2671
f 2633 2671 2670
f 2633 2671 2672
f 2633 2672 2671
f 2633 2672 2673
f 2633 2673 2672
f 2633 2673 2674
f 2633 2674 2673
f 2633 2674 2675
f 2633 2675 2674
f 2633 2675 2676
f 2633 2676 2675
f 2633 2676 2677
f 2633 2677 2676
f 2633 2677 2678
f 2633 2678 2677
v -0.127926 0.375685 -0.074753
v -0.127671 0.377659 -0.076640
v -0.129328 0.378764 -0.078565
v -0.131772 0.378764 -0.079745
v -0.134310 0.377659 -0.079844
v -0.135628 0.375685 -0.078471
v -0.135883 0.373711 -0.076585
v -0.134227 0.372605 -0.074660
v -0.131782 0.372605 -0.073480
v -0.129245 0.373711 -0.073380
v -0.136456 0.391074 -0.060231
v -0.136283 0.392417 -0.061513
v -0.137409 0.393168 -0.062822
v -0.139072 0.393168 -0.063625
v -0.140797 0.392417 -0.063692
v -0.141694 0.391074 -0.062759
v -0.141867 0.389732 -0.061476
v -0.140741 0.388980 -0.060167
v -0.139078 0.388980 -0.059365
v -0.137353 0.389732 -0.059297
f 2679 2680 2690
f 2679 2690 2689
f 2680 2681 2691
f 2680 2691 2690
f 2681 2682 2692
f 2681 2692 2691
f 2682 2683 2693
f 2682 2693 2692
f 2683 2684 2694
f 2683 2694 2693
f 2684 2685 2695
f 2684 2695 2694
f 2685 2686 2696
f 2685 2696 2695
f 2686 2687 2697
f 2686 2697 2696
f 2687 2688 2698
f 2687 2698 2697
f 2688 2679 2689
f 2688 2689 2698
v -0.139075 0.391074 -0.061495
v -0.136256 0.391006 -0.061609
v -0.133299 0.391551 -0.062280
v -0.130227 0.392598 -0.063407
v -0.127067 0.394028 -0.064882
v -0.123853 0.395701 -0.066578
v -0.120618 0.397465 -0.068356
v -0.117397 0.399164 -0.070075
v -0.114226 0.400648 -0.071600
v -0.111133 0.401785 -0.072808
v -0.108145 0.402464 -0.073601
v -0.105278 0.402608 -0.073909
v -0.102542 0.402180 -0.073695
v -0.099936 0.401177 -0.072961
v -0.097452 0.399640 -0.071742
v -0.095071 0.397646 -0.070107
v -0.092770 0.395304 -0.068156
v -0.090518 0.392748 -0.066011
v -0.088281 0.390126 -0.063806
v -0.086023 0.387595 -0.061684
v -0.083709 0.385307 -0.059782
v -0.081309 0.383402 -0.058228
v -0.078794 0.382000 -0.057131
v -0.076140 0.381210 -0.056590
v -0.078958 0.381278 -0.056476
v -0.081916 0.380734 -0.055805
v -0.084988 0.379686 -0.054678
v -0.088147 0.378256 -0.053203
v -0.091362 0.376583 -0.051507
v -0.094597 0.374819 -0.049729
v -0.097817 0.373121 -0.048010
v -0.100989 0.371636 -0.046485
v -0.104081 0.370500 -0.045277
v -0.107070 0.369821 -0.044484
v -0.109936 0.369676 -0.044177
v -0.112673 0.370105 -0.044390
v -0.115279 0.371108 -0.045124
v -0.117763 0.372645 -0.046344
v -0.120143 0.374638 -0.047978
v -0.122444 0.376980 -0.049929
v -0.124696 0.379537 -0.052074
v -0.126934 0.382159 -0.054279
v -0.129192 0.384689 -0.056401
v -0.131505 0.386977 -0.058303
v -0.133906 0.388883 -0.059857
v -0.136421 0.390285 -0.060954
f 2699 2700 2701
f 2699 2701 2700
f 2699 2701 2702
f 2699 2702 2701
f 2699 2702 2703
f 2699 2703 2702
f 2699 2703 2704
f 2699 2704 2703
f 2699 2704 2705
f 2699 2705 2704
f 2699 2705 2706
f 2699 2706 2705
f 2699 2706 2707
f 2699 2707 2706
f 2699 2707 2708
f 2699 2708 2707
f 2699 2708 2709
f 2699 2709 2708
f 2699 2709 2710
f 2699 2710 2709
f 2699 2710 2711
f 2699 2711 2710
f 2699 2711 2712
f 2699 2712 2711
f 2699 2712 2713
f 2699 2713 2712
f 2699 2713 2714
f 2699 2714 2713
f 2699 2714 2715
f 2699 2715 2714
f 2699 2715 2716
f 2699 2716 2715
f 2699 2716 2717
f 2699 2717 2716
f 2699 2717 2718
f 2699 2718 2717
f 2699 2718 2719
f 2699 2719 2718
f 2699 2719 2720
f 2699 2720 2719
f 2699 2720 2721
f 2699 2721 2720
f 2699 2721 2722
f 2699 2722 2721
f 2699 2722 2723
f 2699 2723 2722
f 2699 2723 2724
f 2699 2724 2723
f 2699 2724 2725
f 2699 2725 2724
f 2699 2725 2726
f 2699 2726 2725
f 2699 2726 2727
f 2699 2727 2726
f 2699 2727 2728
f 2699 2728 2727
f 2699 2728 2729
f 2699 2729 2728
f 2699 2729 2730
f 2699 2730 2729
f 2699 2730 2731
f 2699 2731 2730
f 2699 2731 2732
f 2699 2732 2731
f 2699 2732 2733
f 2699 2733 2732
f 2699 2733 2734
f 2699 2734 2733
f 2699 2734 2735
f 2699 2735 2734
f 2699 2735 2736
f 2699 2736 2735
f 2699 2736 2737
f 2699 2737 2736
f 2699 2737 2738
f 2699 2738 2737
f 2699 2738 2739
f 2699 2739 2738
f 2699 2739 2740
f 2699 2740 2739
f 2699 2740 2741
f 2699 2741 2740
f 2699 2741 2742
f 2699 2742 2741
f 2699 2742 2743
f 2699 2743 2742
f 2699 2743 2744
f 2699 2744 2743
v -0.136034 0.375685 -0.077024
v -0.135655 0.377255 -0.074808
v -0.133454 0.378134 -0.073375
v -0.130752 0.378134 -0.073113
v -0.128318 0.377255 -0.074098
v -0.127521 0.375685 -0.076200
v -0.127900 0.374115 -0.078416
v -0.130100 0.373235 -0.079850
v -0.132802 0.373235 -0.080111
v -0.135237 0.374115 -0.079127
v -0.133471 0.392907 -0.089301
v -0.133213 0.393975 -0.087794
v -0.131717 0.394573 -0.086819
v -0.129879 0.394573 -0.086641
v -0.128224 0.393975 -0.087311
v -0.127682 0.392907 -0.088741
v -0.127939 0.391840 -0.090248
v -0.129436 0.391242 -0.091222
v -0.131273 0.391242 -0.091400
v -0.132929 0.391840 -0.090730
f 2745 2746 2756
f 2745 2756 2755
f 2746 2747 2757
f 2746 2757 2756
f 2747 2748 2758
f 2747 2758 2757
f 2748 2749 2759
f 2748 2759 2758
f 2749 2750 2760
f 2749 2760 2759
f 2750 2751 2761
f 2750 2761 2760
f 2751 2752 2762
f 2751 2762 2761
f 2752 2753 2763
f 2752 2763 2762
f 2753 2754 2764
f 2753 2764 2763
f 2754 2745 2755
f 2754 2755 2764
v -0.130576 0.392907 -0.089021
v -0.132586 0.392141 -0.088417
v -0.134602 0.391579 -0.087530
v -0.136628 0.391328 -0.086213
v -0.138665 0.391426 -0.084412
v -0.140712 0.391848 -0.082163
v -0.142767 0.392511 -0.079580
v -0.144826 0.393286 -0.076841
v -0.146883 0.394017 -0.074163
v -0.148934 0.394543 -0.071771
v -0.150974 0.394715 -0.069867
v -0.152998 0.394425 -0.068604
v -0.155006 0.393612 -0.068064
v -0.156998 0.392278 -0.068246
v -0.158974 0.390481 -0.069070
v -0.160940 0.388332 -0.070382
v -0.162898 0.385976 -0.071979
v -0.164856 0.383576 -0.073637
v -0.166817 0.381289 -0.075140
v -0.168785 0.379242 -0.076309
v -0.170764 0.377520 -0.077030
v -0.172754 0.376147 -0.077266
v -0.174754 0.375084 -0.077073
v -0.176761 0.374226 -0.076596
v -0.174751 0.374992 -0.077200
v -0.172735 0.375554 -0.078087
v -0.170709 0.375805 -0.079404
v -0.168672 0.375707 -0.081205
v -0.166625 0.375285 -0.083455
v -0.164570 0.374622 -0.086038
v -0.162511 0.373847 -0.088777
v -0.160454 0.373115 -0.091454
v -0.158403 0.372590 -0.093847
v -0.156363 0.372418 -0.095750
v -0.154339 0.372708 -0.097013
v -0.152331 0.373520 -0.097554
v -0.150339 0.374855 -0.097371
v -0.148363 0.376652 -0.096547
v -0.146397 0.378801 -0.095236
v -0.144439 0.381157 -0.093638
v -0.142481 0.383557 -0.091980
v -0.140520 0.385844 -0.090477
v -0.138552 0.387891 -0.089308
v -0.136573 0.389613 -0.088588
v -0.134583 0.390986 -0.088351
v -0.132583 0.392049 -0.088544
f 2765 2766 2767
f 2765 2767 2766
f 2765 2767 2768
f 2765 2768 2767
f 2765 2768 2769
f 2765 2769 2768
f 2765 2769 2770
f 2765 2770 2769
f 2765 2770 2771
f 2765 2771 2770
f 2765 2771 2772
f 2765 2772 2771
f 2765 2772 2773
f 2765 2773 2772
f 2765 2773 2774
f 2765 2774 2773
f 2765 2774 2775
f 2765 2775 2774
f 2765 2775 2776
f 2765 2776 2775
f 2765 2776 2777
f 2765 2777 2776
f 2765 2777 2778
f 2765 2778 2777
f 2765 2778 2779
f 2765 2779 2778
f 2765 2779 2780
f 2765 2780 2779
f 2765 2780 2781
f 2765 2781 2780
f 2765 2781 2782
f 2765 2782 2781
f 2765 2782 2783
f 2765 2783 2782
f 2765 2783 2784
f 2765 2784 2783
f 2765 2784 2785
f 2765 2785 2784
f 2765 2785 2786
f 2765 2786 2785
f 2765 2786 2787
f 2765 2787 2786
f 2765 2787 2788
f 2765 2788 2787
f 2765 2788 2789
f 2765 2789 2788
f 2765 2789 2790
f 2765 2790 2789
f 2765 2790 2791
f 2765 2791 2790
f 2765 2791 2792
f 2765 2792 2791
f 2765 2792 2793
f 2765 2793 2792
f 2765 2793 2794
f 2765 2794 2793
f 2765 2794 2795
f 2765 2795 2794
f 2765 2795 2796
f 2765 2796 2795
f 2765 2796 2797
f 2765 2797 2796
f 2765 2797 2798
f 2765 2798 2797
f 2765 2798 2799
f 2765 2799 2798
f 2765 2799 2800
f 2765 2800 2799
f 2765 2800 2801
f 2765 2801 2800
f 2765 2801 2802
f 2765 2802 2801
f 2765 2802 2803
f 2765 2803 2802
f 2765 2803 2804
f 2765 2804 2803
f 2765 2804 2805
f 2765 2805 2804
f 2765 2805 2806
f 2765 2806 2805
f 2765 2806 2807
f 2765 2807 2806
f 2765 2807 2808
f 2765 2808 2807
f 2765 2808 2809
f 2765 2809 2808
f 2765 2809 2810
f 2765 2810 2809
v -0.130576 0.392907 -0.089021
v -0.127787 0.391945 -0.089188
v -0.125091 0.390529 -0.089994
v -0.122486 0.388675 -0.091417
v -0.119956 0.386451 -0.093360
v -0.117482 0.383964 -0.095675
v -0.115034 0.381343 -0.098178
v -0.112585 0.378733 -0.100665
v -0.110103 0.376280 -0.102932
v -0.107561 0.374116 -0.104790
v -0.104937 0.372354 -0.106083
v -0.102213 0.371074 -0.106698
v -0.099381 0.370318 -0.106575
v -0.096442 0.370085 -0.105716
v -0.093402 0.370334 -0.104178
v -0.090280 0.370985 -0.102075
v -0.087099 0.371926 -0.099562
v -0.083885 0.373022 -0.096831
v -0.080668 0.374130 -0.094083
v -0.077479 0.375105 -0.091524
v -0.074345 0.375816 -0.089336
v -0.071287 0.376157 -0.087668
v -0.068319 0.376060 -0.086616
v -0.065445 0.375509 -0.086204
v -0.068234 0.376472 -0.086037
v -0.070930 0.377888 -0.085231
v -0.073535 0.379742 -0.083808
v -0.076065 0.381965 -0.081865
v -0.078539 0.384453 -0.079550
v -0.080987 0.387074 -0.077048
v -0.083436 0.389683 -0.074561
v -0.085918 0.392137 -0.072293
v -0.088460 0.394301 -0.070435
v -0.091084 0.396062 -0.069142
v -0.093808 0.397342 -0.068527
v -0.096640 0.398099 -0.068650
v -0.099579 0.398332 -0.069509
v -0.102619 0.398083 -0.071047
v -0.105741 0.397432 -0.073151
v -0.108922 0.396491 -0.075663
v -0.112136 0.395394 -0.078395
v -0.115353 0.394286 -0.081142
v -0.118542 0.393312 -0.083701
v -0.121676 0.392601 -0.085889
v -0.124734 0.392260 -0.087557
v -0.127702 0.392356 -0.088609
f 2811 2812 2813
f 2811 2813 2812
f 2811 2813 2814
f 2811 2814 2813
f 2811 2814 2815
f 2811 2815 2814
f 2811 2815 2816
f 2811 2816 2815
f 2811 2816 2817
f 2811 2817 2816
f 2811 2817 2818
f 2811 2818 2817
f 2811 2818 2819
f 2811 2819 2818
f 2811 2819 2820
f 2811 2820 2819
f 2811 2820 2821
f 2811 2821 2820
f 2811 2821 2822
f 2811 2822 2821
f 2811 2822 2823
f 2811 2823 2822
f 2811 2823 2824
f 2811 2824 2823
f 2811 2824 2825
f 2811 2825 2824
f 2811 2825 2826
f 2811 2826 2825
f 2811 2826 2827
f 2811 2827 2826
f 2811 2827 2828
f 2811 2828 2827
f 2811 2828 2829
f 2811 2829 2828
f 2811 2829 2830
f 2811 2830 2829
f 2811 2830 2831
f 2811 2831 2830
f 2811 2831 2832
f 2811 2832 2831
f 2811 2832 2833
f 2811 2833 2832
f 2811 2833 2834
f 2811 2834 2833
f 2811 2834 2835
f 2811 2835 2834
f 2811 2835 2836
f 2811 2836 2835
f 2811 2836 2837
f 2811 2837 2836
f 2811 2837 2838
f 2811 2838 2837
f 2811 2838 2839
f 2811 2839 2838
f 2811 2839 2840
f 2811 2840 2839
f 2811 2840 2841
f 2811 2841 2840
f 2811 2841 2842
f 2811 2842 2841
f 2811 2842 2843
f 2811 2843 2842
f 2811 2843 2844
f 2811 2844 2843
f 2811 2844 2845
f 2811 2845 2844
f 2811 2845 2846
f 2811 2846 2845
f 2811 2846 2847
f 2811 2847 2846
f 2811 2847 2848
f 2811 2848 2847
f 2811 2848 2849
f 2811 2849 2848
f 2811 2849 2850
f 2811 2850 2849
f 2811 2850 2851
f 2811 2851 2850
f 2811 2851 2852
f 2811 2852 2851
f 2811 2852 2853
f 2811 2853 2852
f 2811 2853 2854
f 2811 2854 2853
f 2811 2854 2855
f 2811 2855 2854
f 2811 2855 2856
f 2811 2856 2855
v -0.105780 0.345173 -0.079639
v -0.108856 0.347228 -0.078034
v -0.109914 0.348379 -0.074273
v -0.109011 0.348379 -0.070384
v -0.106404 0.347228 -0.067474
v -0.102936 0.345173 -0.067388
v -0.099860 0.343117 -0.068993
v -0.098802 0.341966 -0.072754
v -0.099705 0.341966 -0.076643
v -0.102312 0.343117 -0.079553
v -0.085894 0.377772 -0.082190
v -0.087985 0.379170 -0.081099
v -0.088704 0.379952 -0.078541
v -0.088090 0.379952 -0.075897
v -0.086318 0.379170 -0.073918
v -0.083959 0.377772 -0.073859
v -0.081868 0.376374 -0.074951
v -0.081149 0.375591 -0.077509
v -0.081762 0.375591 -0.080153
v -0.083535 0.376374 -0.082132
f 2857 2858 2868
f 2857 2868 2867
f 2858 2859 2869
f 2858 2869 2868
f 2859 2860 2870
f 2859 2870 2869
f 2860 2861 2871
f 2860 2871 2870
f 2861 2862 2872
f 2861 2872 2871
f 2862 2863 2873
f 2862 2873 2872
f 2863 2864 2874
f 2863 2874 2873
f 2864 2865 2875
f 2864 2875 2874
f 2865 2866 2876
f 2865 2876 2875
f 2866 2857 2867
f 2866 2867 2876
v -0.084926 0.377772 -0.078025
v -0.086372 0.376826 -0.080546
v -0.088495 0.376299 -0.082950
v -0.091281 0.376184 -0.085239
v -0.094635 0.376420 -0.087429
v -0.098398 0.376911 -0.089548
v -0.102373 0.377533 -0.091631
v -0.106339 0.378150 -0.093715
v -0.110073 0.378622 -0.095839
v -0.113369 0.378823 -0.098039
v -0.116053 0.378645 -0.100346
v -0.118001 0.378010 -0.102780
v -0.119149 0.376879 -0.105353
v -0.119497 0.375251 -0.108065
v -0.119109 0.373168 -0.110905
v -0.118109 0.370705 -0.113851
v -0.116671 0.367970 -0.116873
v -0.115000 0.365092 -0.119935
v -0.113321 0.362208 -0.122999
v -0.111854 0.359455 -0.126026
v -0.110797 0.356957 -0.128982
v -0.110306 0.354809 -0.131839
v -0.110479 0.353074 -0.134582
v -0.111330 0.351759 -0.137206
v -0.109884 0.352705 -0.134685
v -0.107761 0.353232 -0.132281
v -0.104975 0.353346 -0.129992
v -0.101621 0.353110 -0.127802
v -0.097858 0.352619 -0.125683
v -0.093883 0.351997 -0.123601
v -0.089917 0.351381 -0.121517
v -0.086183 0.350908 -0.119392
v -0.082887 0.350707 -0.117192
v -0.080203 0.350886 -0.114886
v -0.078255 0.351521 -0.112451
v -0.077107 0.352652 -0.109878
v -0.076759 0.354279 -0.107166
v -0.077147 0.356362 -0.104327
v -0.078147 0.358825 -0.101381
v -0.079585 0.361560 -0.098359
v -0.081256 0.364438 -0.095296
v -0.082935 0.367322 -0.092233
v -0.084402 0.370075 -0.089205
v -0.085459 0.372574 -0.086250
v -0.085950 0.374721 -0.083392
v -0.085777 0.376456 -0.080650
f 2877 2878 2879
f 2877 2879 2878
f 2877 2879 2880
f 2877 2880 2879
f 2877 2880 2881
f 2877 2881 2880
f 2877 2881 2882
f 2877 2882 2881
f 2877 2882 2883
f 2877 2883 2882
f 2877 2883 2884
f 2877 2884 2883
f 2877 2884 2885
f 2877 2885 2884
f 2877 2885 2886
f 2877 2886 2885
f 2877 2886 2887
f 2877 2887 2886
f 2877 2887 2888
f 2877 2888 2887
f 2877 2888 2889
f 2877 2889 2888
f 2877 2889 2890
f 2877 2890 2889
f 2877 2890 2891
f 2877 2891 2890
f 2877 2891 2892
f 2877 2892 2891
f 2877 2892 2893
f 2877 2893 2892
f 2877 2893 2894
f 2877 2894 2893
f 2877 2894 2895
f 2877 2895 2894
f 2877 2895 2896
f 2877 2896 2895
f 2877 2896 2897
f 2877 2897 2896
f 2877 2897 2898
f 2877 2898 2897
f 2877 2898 2899
f 2877 2899 2898
f 2877 2899 2900
f 2877 2900 2899
f 2877 2900 2901
f 2877 2901 2900
f 2877 2901 2902
f 2877 2902 2901
f 2877 2902 2903
f 2877 2903 2902
f 2877 2903 2904
f 2877 2904 2903
f 2877 2904 2905
f 2877 2905 2904
f 2877 2905 2906
f 2877 2906 2905
f 2877 2906 2907
f 2877 2907 2906
f 2877 2907 2908
f 2877 2908 2907
f 2877 2908 2909
f 2877 2909 2908
f 2877 2909 2910
f 2877 2910 2909
f 2877 2910 2911
f 2877 2911 2910
f 2877 2911 2912
f 2877 2912 2911
f 2877 2912 2913
f 2877 2913 2912
f 2877 2913 2914
f 2877 2914 2913
f 2877 2914 2915
f 2877 2915 2914
f 2877 2915 2916
f 2877 2916 2915
f 2877 2916 2917
f 2877 2917 2916
f 2877 2917 2918
f 2877 2918 2917
f 2877 2918 2919
f 2877 2919 2918
f 2877 2919 2920
f 2877 2920 2919
f 2877 2920 2921
f 2877 2921 2920
f 2877 2921 2922
f 2877 2922 2921
v -0.084926 0.377772 -0.078025
v -0.084424 0.376525 -0.075363
v -0.083570 0.375048 -0.072859
v -0.082171 0.373211 -0.070601
v -0.080147 0.370963 -0.068625
v -0.077535 0.368328 -0.066913
v -0.074480 0.365401 -0.065401
v -0.071210 0.362333 -0.063986
v -0.068009 0.359310 -0.062540
v -0.065171 0.356526 -0.060930
v -0.062966 0.354159 -0.059035
v -0.061596 0.352342 -0.056764
v -0.061169 0.351145 -0.054068
v -0.061685 0.350570 -0.050947
v -0.063037 0.350544 -0.047449
v -0.065020 0.350935 -0.043667
v -0.067367 0.351565 -0.039721
v -0.069783 0.352240 -0.035744
v -0.071985 0.352774 -0.031864
v -0.073743 0.353016 -0.028183
v -0.074913 0.352871 -0.024768
v -0.075458 0.352315 -0.021634
v -0.075458 0.351399 -0.018745
v -0.075106 0.350253 -0.016015
v -0.075609 0.351499 -0.018677
v -0.076463 0.352976 -0.021181
v -0.077862 0.354813 -0.023439
v -0.079886 0.357061 -0.025415
v -0.082498 0.359696 -0.027127
v -0.085553 0.362623 -0.028639
v -0.088823 0.365691 -0.030054
v -0.092024 0.368715 -0.031500
v -0.094861 0.371498 -0.033110
v -0.097067 0.373865 -0.035005
v -0.098437 0.375683 -0.037276
v -0.098864 0.376880 -0.039972
v -0.098347 0.377455 -0.043094
v -0.096996 0.377480 -0.046591
v -0.095013 0.377090 -0.050373
v -0.092665 0.376460 -0.054319
v -0.090250 0.375785 -0.058296
v -0.088048 0.375250 -0.062176
v -0.086290 0.375008 -0.065857
v -0.085120 0.375153 -0.069272
v -0.084575 0.375710 -0.072407
v -0.084575 0.376625 -0.075295
f 2923 2924 2925
f 2923 2925 2924
f 2923 2925 2926
f 2923 2926 2925
f 2923 2926 2927
f 2923 2927 2926
f 2923 2927 2928
f 2923 2928 2927
f 2923 2928 2929
f 2923 2929 2928
f 2923 2929 2930
f 2923 2930 2929
f 2923 2930 2931
f 2923 2931 2930
f 2923 2931 2932
f 2923 2932 2931
f 2923 2932 2933
f 2923 2933 2932
f 2923 2933 2934
f 2923 2934 2933
f 2923 2934 2935
f 2923 2935 2934
f 2923 2935 2936
f 2923 2936 2935
f 2923 2936 2937
f 2923 2937 2936
f 2923 2937 2938
f 2923 2938 2937
f 2923 2938 2939
f 2923 2939 2938
f 2923 2939 2940
f 2923 2940 2939
f 2923 2940 2941
f 2923 2941 2940
f 2923 2941 2942
f 2923 2942 2941
f 2923 2942 2943
f 2923 2943 2942
f 2923 2943 2944
f 2923 2944 2943
f 2923 2944 2945
f 2923 2945 2944
f 2923 2945 2946
f 2923 2946 2945
f 2923 2946 2947
f 2923 2947 2946
f 2923 2947 2948
f 2923 2948 2947
f 2923 2948 2949
f 2923 2949 2948
f 2923 2949 2950
f 2923 2950 2949
f 2923 2950 2951
f 2923 2951 2950
f 2923 2951 2952
f 2923 2952 2951
f 2923 2952 2953
f 2923 2953 2952
f 2923 2953 2954
f 2923 2954 2953
f 2923 2954 2955
f 2923 2955 2954
f 2923 2955 2956
f 2923 2956 2955
f 2923 2956 2957
f 2923 2957 2956
f 2923 2957 2958
f 2923 2958 2957
f 2923 2958 2959
f 2923 2959 2958
f 2923 2959 2960
f 2923 2960 2959
f 2923 2960 2961
f 2923 2961 2960
f 2923 2961 2962
f 2923 2962 2961
f 2923 2962 2963
f 2923 2963 2962
f 2923 2963 2964
f 2923 2964 2963
f 2923 2964 2965
f 2923 2965 2964
f 2923 2965 2966
f 2923 2966 2965
f 2923 2966 2967
f 2923 2967 2966
f 2923 2967 2968
f 2923 2968 2967
v -0.086084 0.377772 -0.082142
v -0.086990 0.380210 -0.081273
v -0.086956 0.381576 -0.078864
v -0.086221 0.381576 -0.076251
v -0.084994 0.380210 -0.074177
v -0.083769 0.377772 -0.073908
v -0.082863 0.375333 -0.074777
v -0.082897 0.373968 -0.077186
v -0.083632 0.373968 -0.079799
v -0.084859 0.375333 -0.081873
v -0.065196 0.387447 -0.086595
v -0.065812 0.389105 -0.086004
v -0.065789 0.390034 -0.084366
v -0.065290 0.390034 -0.082589
v -0.064455 0.389105 -0.081179
v -0.063622 0.387447 -0.080996
v -0.063006 0.385789 -0.081587
v -0.063029 0.384861 -0.083225
v -0.063529 0.384861 -0.085002
v -0.064363 0.385789 -0.086412
f 2969 2970 2980
f 2969 2980 2979
f 2970 2971 2981
f 2970 2981 2980
f 2971 2972 2982
f 2971 2982 2981
f 2972 2973 2983
f 2972 2983 2982
f 2973 2974 2984
f 2973 2984 2983
f 2974 2975 2985
f 2974 2985 2984
f 2975 2976 2986
f 2975 2986 2985
f 2976 2977 2987
f 2976 2987 2986
f 2977 2978 2988
f 2977 2988 2987
f 2978 2969 2979
f 2978 2979 2988
v -0.064409 0.387447 -0.083795
v -0.065844 0.386788 -0.085468
v -0.067374 0.386330 -0.087143
v -0.069097 0.386279 -0.088822
v -0.071082 0.386781 -0.090506
v -0.073350 0.387878 -0.092195
v -0.075862 0.389491 -0.093890
v -0.078527 0.391426 -0.095587
v -0.081211 0.393401 -0.097284
v -0.083761 0.395095 -0.098979
v -0.086032 0.396200 -0.100669
v -0.087909 0.396473 -0.102351
v -0.089330 0.395784 -0.104023
v -0.090294 0.394132 -0.105687
v -0.090864 0.391649 -0.107343
v -0.091154 0.388577 -0.108994
v -0.091311 0.385224 -0.110642
v -0.091488 0.381911 -0.112290
v -0.091816 0.378919 -0.113942
v -0.092390 0.376444 -0.115598
v -0.093246 0.374564 -0.117260
v -0.094363 0.373236 -0.118926
v -0.095674 0.372316 -0.120597
v -0.097081 0.371597 -0.122270
v -0.095646 0.372256 -0.120596
v -0.094116 0.372715 -0.118922
v -0.092393 0.372765 -0.117243
v -0.090407 0.372263 -0.115559
v -0.088140 0.371166 -0.113870
v -0.085628 0.369553 -0.112175
v -0.082963 0.367618 -0.110478
v -0.080279 0.365643 -0.108781
v -0.077729 0.363949 -0.107086
v -0.075457 0.362845 -0.105396
v -0.073580 0.362571 -0.103714
v -0.072160 0.363260 -0.102042
v -0.071196 0.364912 -0.100378
v -0.070626 0.367395 -0.098722
v -0.070336 0.370467 -0.097071
v -0.070178 0.373821 -0.095423
v -0.070002 0.377133 -0.093775
v -0.069673 0.380125 -0.092123
v -0.069100 0.382600 -0.090467
v -0.068244 0.384481 -0.088805
v -0.067126 0.385808 -0.087139
v -0.065815 0.386728 -0.085468
f 2989 2990 2991
f 2989 2991 2990
f 2989 2991 2992
f 2989 2992 2991
f 2989 2992 2993
f 2989 2993 2992
f 2989 2993 2994
f 2989 2994 2993
f 2989 2994 2995
f 2989 2995 2994
f 2989 2995 2996
f 2989 2996 2995
f 2989 2996 2997
f 2989 2997 2996
f 2989 2997 2998
f 2989 2998 2997
f 2989 2998 2999
f 2989 2999 2998
f 2989 2999 3000
f 2989 3000 2999
f 2989 3000 3001
f 2989 3001 3000
f 2989 3001 3002
f 2989 3002 3001
f 2989 3002 3003
f 2989 3003 3002
f 2989 3003 3004
f 2989 3004 3003
f 2989 3004 3005
f 2989 3005 3004
f 2989 3005 3006
f 2989 3006 3005
f 2989 3006 3007
f 2989 3007 3006
f 2989 3007 3008
f 2989 3008 3007
f 2989 3008 3009
f 2989 3009 3008
f 2989 3009 3010
f 2989 3010 3009
f 2989 3010 3011
f 2989 3011 3010
f 2989 3011 3012
f 2989 3012 3011
f 2989 3012 3013
f 2989 3013 3012
f 2989 3013 3014
f 2989 3014 3013
f 2989 3014 3015
f 2989 3015 3014
f 2989 3015 3016
f 2989 3016 3015
f 2989 3016 3017
f 2989 3017 3016
f 2989 3017 3018
f 2989 3018 3017
f 2989 3018 3019
f 2989 3019 3018
f 2989 3019 3020
f 2989 3020 3019
f 2989 3020 3021
f 2989 3021 3020
f 2989 3021 3022
f 2989 3022 3021
f 2989 3022 3023
f 2989 3023 3022
f 2989 3023 3024
f 2989 3024 3023
f 2989 3024 3025
f 2989 3025 3024
f 2989 3025 3026
f 2989 3026 3025
f 2989 3026 3027
f 2989 3027 3026
f 2989 3027 3028
f 2989 3028 3027
f 2989 3028 3029
f 2989 3029 3028
f 2989 3029 3030
f 2989 3030 3029
f 2989 3030 3031
f 2989 3031 3030
f 2989 3031 3032
f 2989 3032 3031
f 2989 3032 3033
f 2989 3033 3032
f 2989 3033 3034
f 2989 3034 3033
v -0.064409 0.387447 -0.083795
v -0.063988 0.386676 -0.081563
v -0.063477 0.385657 -0.079427
v -0.062803 0.384187 -0.077467
v -0.061922 0.382147 -0.075728
v -0.060831 0.379526 -0.074216
v -0.059568 0.376428 -0.072889
v -0.058206 0.373058 -0.071668
v -0.056845 0.369691 -0.070446
v -0.055595 0.366632 -0.069104
v -0.054559 0.364164 -0.067532
v -0.053817 0.362506 -0.065645
v -0.053411 0.361777 -0.063396
v -0.053342 0.361979 -0.060785
v -0.053567 0.362990 -0.057859
v -0.054006 0.364593 -0.054703
v -0.054555 0.366503 -0.051427
v -0.055107 0.368417 -0.048150
v -0.055559 0.370058 -0.044979
v -0.055839 0.371222 -0.041993
v -0.055908 0.371806 -0.039234
v -0.055771 0.371819 -0.036696
v -0.055471 0.371381 -0.034334
v -0.055081 0.370696 -0.032069
v -0.055502 0.371467 -0.034301
v -0.056013 0.372486 -0.036437
v -0.056687 0.373956 -0.038397
v -0.057568 0.375996 -0.040136
v -0.058658 0.378617 -0.041648
v -0.059922 0.381715 -0.042975
v -0.061284 0.385085 -0.044196
v -0.062645 0.388452 -0.045418
v -0.063895 0.391511 -0.046760
v -0.064931 0.393980 -0.048332
v -0.065673 0.395637 -0.050219
v -0.066078 0.396366 -0.052468
v -0.066147 0.396165 -0.055079
v -0.065923 0.395153 -0.058005
v -0.065484 0.393550 -0.061161
v -0.064935 0.391640 -0.064437
v -0.064383 0.389726 -0.067714
v -0.063931 0.388085 -0.070885
v -0.063651 0.386921 -0.073871
v -0.063582 0.386338 -0.076630
v -0.063719 0.386324 -0.079168
v -0.064019 0.386762 -0.081530
f 3035 3036 3037
f 3035 3037 3036
f 3035 3037 3038
f 3035 3038 3037
f 3035 3038 3039
f 3035 3039 3038
f 3035 3039 3040
f 3035 3040 3039
f 3035 3040 3041
f 3035 3041 3040
f 3035 3041 3042
f 3035 3042 3041
f 3035 3042 3043
f 3035 3043 3042
f 3035 3043 3044
f 3035 3044 3043
f 3035 3044 3045
f 3035 3045 3044
f 3035 3045 3046
f 3035 3046 3045
f 3035 3046 3047
f 3035 3047 3046
f 3035 3047 3048
f 3035 3048 3047
f 3035 3048 3049
f 3035 3049 3048
f 3035 3049 3050
f 3035 3050 3049
f 3035 3050 3051
f 3035 3051 3050
f 3035 3051 3052
f 3035 3052 3051
f 3035 3052 3053
f 3035 3053 3052
f 3035 3053 3054
f 3035 3054 3053
f 3035 3054 3055
f 3035 3055 3054
f 3035 3055 3056
f 3035 3056 3055
f 3035 3056 3057
f 3035 3057 3056
f 3035 3057 3058
f 3035 3058 3057
f 3035 3058 3059
f 3035 3059 3058
f 3035 3059 3060
f 3035 3060 3059
f 3035 3060 3061
f 3035 3061 3060
f 3035 3061 3062
f 3035 3062 3061
f 3035 3062 3063
f 3035 3063 3062
f 3035 3063 3064
f 3035 3064 3063
f 3035 3064 3065
f 3035 3065 3064
f 3035 3065 3066
f 3035 3066 3065
f 3035 3066 3067
f 3035 3067 3066
f 3035 3067 3068
f 3035 3068 3067
f 3035 3068 3069
f 3035 3069 3068
f 3035 3069 3070
f 3035 3070 3069
f 3035 3070 3071
f 3035 3071 3070
f 3035 3071 3072
f 3035 3072 3071
f 3035 3072 3073
f 3035 3073 3072
f 3035 3073 3074
f 3035 3074 3073
f 3035 3074 3075
f 3035 3075 3074
f 3035 3075 3076
f 3035 3076 3075
f 3035 3076 3077
f 3035 3077 3076
f 3035 3077 3078
f 3035 3078 3077
f 3035 3078 3079
f 3035 3079 3078
f 3035 3079 3080
f 3035 3080 3079
v -0.089203 0.377772 -0.078017
v -0.088608 0.379068 -0.075675
v -0.086277 0.379794 -0.074367
v -0.083562 0.379794 -0.074372
v -0.081236 0.379068 -0.075689
v -0.080650 0.377772 -0.078033
v -0.081245 0.376475 -0.080375
v -0.083576 0.375749 -0.081683
v -0.086291 0.375749 -0.081678
v -0.088617 0.376475 -0.080361
v -0.087856 0.398316 -0.089386
v -0.087451 0.399198 -0.087793
v -0.085866 0.399691 -0.086904
v -0.084020 0.399691 -0.086908
v -0.082439 0.399198 -0.087803
v -0.082040 0.398316 -0.089397
v -0.082445 0.397435 -0.090989
v -0.084030 0.396941 -0.091879
v -0.085876 0.396941 -0.091875
v -0.087457 0.397435 -0.090980
f 3081 3082 3092
f 3081 3092 3091
f 3082 3083 3093
f 3082 3093 3092
f 3083 3084 3094
f 3083 3094 3093
f 3084 3085 3095
f 3084 3095 3094
f 3085 3086 3096
f 3085 3096 3095
f 3086 3087 3097
f 3086 3097 3096
f 3087 3088 3098
f 3087 3098 3097
f 3088 3089 3099
f 3088 3099 3098
f 3089 3090 3100
f 3089 3100 3099
f 3090 3081 3091
f 3090 3091 3100
v -0.084948 0.398316 -0.089391
v -0.087590 0.398124 -0.088216
v -0.090064 0.398232 -0.086497
v -0.092344 0.398691 -0.084145
v -0.094439 0.399483 -0.081191
v -0.096386 0.400543 -0.077754
v -0.098240 0.401768 -0.074019
v -0.100073 0.403031 -0.070214
v -0.101961 0.404197 -0.066584
v -0.103975 0.405135 -0.063367
v -0.106178 0.405731 -0.060767
v -0.108617 0.405904 -0.058931
v -0.111315 0.405611 -0.057939
v -0.114272 0.404850 -0.057790
v -0.117465 0.403666 -0.058406
v -0.120847 0.402140 -0.059639
v -0.124356 0.400387 -0.061284
v -0.127919 0.398536 -0.063105
v -0.131460 0.396723 -0.064855
v -0.134910 0.395076 -0.066308
v -0.138211 0.393696 -0.067277
v -0.141327 0.392650 -0.067645
v -0.144249 0.391953 -0.067380
v -0.147003 0.391558 -0.066571
v -0.144361 0.391751 -0.067746
v -0.141887 0.391642 -0.069465
v -0.139607 0.391183 -0.071817
v -0.137512 0.390391 -0.074771
v -0.135566 0.389331 -0.078208
v -0.133711 0.388107 -0.081943
v -0.131878 0.386843 -0.085748
v -0.129991 0.385677 -0.089378
v -0.127977 0.384740 -0.092595
v -0.125773 0.384143 -0.095195
v -0.123334 0.383970 -0.097031
v -0.120636 0.384264 -0.098023
v -0.117679 0.385025 -0.098172
v -0.114486 0.386209 -0.097556
v -0.111104 0.387734 -0.096323
v -0.107595 0.389488 -0.094678
v -0.104032 0.391339 -0.092857
v -0.100491 0.393151 -0.091107
v -0.097041 0.394798 -0.089654
v -0.093740 0.396178 -0.088684
v -0.090624 0.397225 -0.088317
v -0.087702 0.397921 -0.088582
f 3101 3102 3103
f 3101 3103 3102
f 3101 3103 3104
f 3101 3104 3103
f 3101 3104 3105
f 3101 3105 3104
f 3101 3105 3106
f 3101 3106 3105
f 3101 3106 3107
f 3101 3107 3106
f 3101 3107 3108
f 3101 3108 3107
f 3101 3108 3109
f 3101 3109 3108
f 3101 3109 3110
f 3101 3110 3109
f 3101 3110 3111
f 3101 3111 3110
f 3101 3111 3112
f 3101 3112 3111
f 3101 3112 3113
f 3101 3113 3112
f 3101 3113 3114
f 3101 3114 3113
f 3101 3114 3115
f 3101 3115 3114
f 3101 3115 3116
f 3101 3116 3115
f 3101 3116 3117
f 3101 3117 3116
f 3101 3117 3118
f 3101 3118 3117
f 3101 3118 3119
f 3101 3119 3118
f 3101 3119 3120
f 3101 3120 3119
f 3101 3120 3121
f 3101 3121 3120
f 3101 3121 3122
f 3101 3122 3121
f 3101 3122 3123
f 3101 3123 3122
f 3101 3123 3124
f 3101 3124 3123
f 3101 3124 3125
f 3101 3125 3124
f 3101 3125 3126
f 3101 3126 3125
f 3101 3126 3127
f 3101 3127 3126
f 3101 3127 3128
f 3101 3128 3127
f 3101 3128 3129
f 3101 3129 3128
f 3101 3129 3130
f 3101 3130 3129
f 3101 3130 3131
f 3101 3131 3130
f 3101 3131 3132
f 3101 3132 3131
f 3101 3132 3133
f 3101 3133 3132
f 3101 3133 3134
f 3101 3134 3133
f 3101 3134 3135
f 3101 3135 3134
f 3101 3135 3136
f 3101 3136 3135
f 3101 3136 3137
f 3101 3137 3136
f 3101 3137 3138
f 3101 3138 3137
f 3101 3138 3139
f 3101 3139 3138
f 3101 3139 3140
f 3101 3140 3139
f 3101 3140 3141
f 3101 3141 3140
f 3101 3141 3142
f 3101 3142 3141
f 3101 3142 3143
f 3101 3143 3142
f 3101 3143 3144
f 3101 3144 3143
f 3101 3144 3145
f 3101 3145 3144
f 3101 3145 3146
f 3101 3146 3145
v -0.084948 0.398316 -0.089391
v -0.082758 0.397343 -0.088010
v -0.080429 0.396192 -0.086951
v -0.077876 0.394753 -0.086414
v -0.075060 0.392976 -0.086486
v -0.071993 0.390878 -0.087140
v -0.068733 0.388532 -0.088243
v -0.065375 0.386061 -0.089571
v -0.062041 0.383620 -0.090846
v -0.058857 0.381372 -0.091772
v -0.055940 0.379466 -0.092079
v -0.053377 0.378014 -0.091564
v -0.051216 0.377078 -0.090115
v -0.049457 0.376658 -0.087734
v -0.048053 0.376693 -0.084530
v -0.046915 0.377070 -0.080707
v -0.045927 0.377640 -0.076535
v -0.044963 0.378239 -0.072310
v -0.043901 0.378713 -0.068311
v -0.042647 0.378940 -0.064759
v -0.041141 0.378845 -0.061791
v -0.039372 0.378413 -0.059431
v -0.037380 0.377692 -0.057593
v -0.035248 0.376794 -0.056078
v -0.037437 0.377766 -0.057459
v -0.039766 0.378918 -0.058518
v -0.042320 0.380357 -0.059055
v -0.045136 0.382133 -0.058983
v -0.048203 0.384231 -0.058329
v -0.051463 0.386578 -0.057226
v -0.054820 0.389048 -0.055898
v -0.058155 0.391489 -0.054623
v -0.061338 0.393738 -0.053697
v -0.064256 0.395644 -0.053390
v -0.066819 0.397096 -0.053905
v -0.068980 0.398031 -0.055354
v -0.070739 0.398451 -0.057735
v -0.072143 0.398417 -0.060939
v -0.073281 0.398040 -0.064762
v -0.074268 0.397470 -0.068934
v -0.075233 0.396871 -0.073159
v -0.076294 0.396396 -0.077158
v -0.077549 0.396170 -0.080710
v -0.079055 0.396265 -0.083678
v -0.080823 0.396697 -0.086038
v -0.082816 0.397417 -0.087876
f 3147 3148 3149
f 3147 3149 3148
f 3147 3149 3150
f 3147 3150 3149
f 3147 3150 3151
f 3147 3151 3150
f 3147 3151 3152
f 3147 3152 3151
f 3147 3152 3153
f 3147 3153 3152
f 3147 3153 3154
f 3147 3154 3153
f 3147 3154 3155
f 3147 3155 3154
f 3147 3155 3156
f 3147 3156 3155
f 3147 3156 3157
f 3147 3157 3156
f 3147 3157 3158
f 3147 3158 3157
f 3147 3158 3159
f 3147 3159 3158
f 3147 3159 3160
f 3147 3160 3159
f 3147 3160 3161
f 3147 3161 3160
f 3147 3161 3162
f 3147 3162 3161
f 3147 3162 3163
f 3147 3163 3162
f 3147 3163 3164
f 3147 3164 3163
f 3147 3164 3165
f 3147 3165 3164
f 3147 3165 3166
f 3147 3166 3165
f 3147 3166 3167
f 3147 3167 3166
f 3147 3167 3168
f 3147 3168 3167
f 3147 3168 3169
f 3147 3169 3168
f 3147 3169 3170
f 3147 3170 3169
f 3147 3170 3171
f 3147 3171 3170
f 3147 3171 3172
f 3147 3172 3171
f 3147 3172 3173
f 3147 3173 3172
f 3147 3173 3174
f 3147 3174 3173
f 3147 3174 3175
f 3147 3175 3174
f 3147 3175 3176
f 3147 3176 3175
f 3147 3176 3177
f 3147 3177 3176
f 3147 3177 3178
f 3147 3178 3177
f 3147 3178 3179
f 3147 3179 3178
f 3147 3179 3180
f 3147 3180 3179
f 3147 3180 3181
f 3147 3181 3180
f 3147 3181 3182
f 3147 3182 3181
f 3147 3182 3183
f 3147 3183 3182
f 3147 3183 3184
f 3147 3184 3183
f 3147 3184 3185
f 3147 3185 3184
f 3147 3185 3186
f 3147 3186 3185
f 3147 3186 3187
f 3147 3187 3186
f 3147 3187 3188
f 3147 3188 3187
f 3147 3188 3189
f 3147 3189 3188
f 3147 3189 3190
f 3147 3190 3189
f 3147 3190 3191
f 3147 3191 3190
f 3147 3191 3192
f 3147 3192 3191
v -0.081061 0.377772 -0.079854
v -0.082538 0.379294 -0.081593
v -0.085170 0.380146 -0.081713
v -0.087624 0.380146 -0.080551
v -0.089201 0.379294 -0.078440
v -0.088792 0.377772 -0.076195
v -0.087315 0.376250 -0.074457
v -0.084683 0.375398 -0.074337
v -0.082229 0.375398 -0.075499
v -0.080652 0.376250 -0.077610
v -0.077268 0.394794 -0.068643
v -0.078272 0.395829 -0.069825
v -0.080062 0.396408 -0.069906
v -0.081731 0.396408 -0.069116
v -0.082803 0.395829 -0.067681
v -0.082525 0.394794 -0.066154
v -0.081521 0.393759 -0.064972
v -0.079731 0.393180 -0.064891
v -0.078062 0.393180 -0.065681
v -0.076990 0.393759 -0.067117
f 3193 3194 3204
f 3193 3204 3203
f 3194 3195 3205
f 3194 3205 3204
f 3195 3196 3206
f 3195 3206 3205
f 3196 3197 3207
f 3196 3207 3206
f 3197 3198 3208
f 3197 3208 3207
f 3198 3199 3209
f 3198 3209 3208
f 3199 3200 3210
f 3199 3210 3209
f 3200 3201 3211
f 3200 3211 3210
f 3201 3202 3212
f 3201 3212 3211
f 3202 3193 3203
f 3202 3203 3212
v -0.079897 0.394794 -0.067399
v -0.077678 0.393971 -0.068662
v -0.075542 0.393368 -0.070241
v -0.073537 0.393116 -0.072318
v -0.071683 0.393268 -0.074972
v -0.069972 0.393804 -0.078173
v -0.068369 0.394632 -0.081789
v -0.066821 0.395603 -0.085610
v -0.065257 0.396534 -0.089374
v -0.063606 0.397231 -0.092805
v -0.061802 0.397518 -0.095651
v -0.059796 0.397262 -0.097723
v -0.057560 0.396392 -0.098920
v -0.055094 0.394907 -0.099240
v -0.052426 0.392879 -0.098787
v -0.049605 0.390441 -0.097749
v -0.046696 0.387769 -0.096379
v -0.043773 0.385057 -0.094950
v -0.040903 0.382488 -0.093726
v -0.038142 0.380212 -0.092919
v -0.035524 0.378319 -0.092658
v -0.033057 0.376830 -0.092973
v -0.030721 0.375691 -0.093787
v -0.028467 0.374774 -0.094917
v -0.030686 0.375597 -0.093653
v -0.032822 0.376199 -0.092075
v -0.034827 0.376452 -0.089997
v -0.036681 0.376299 -0.087343
v -0.038393 0.375764 -0.084143
v -0.039995 0.374936 -0.080526
v -0.041543 0.373965 -0.076705
v -0.043107 0.373034 -0.072941
v -0.044758 0.372337 -0.069511
v -0.046562 0.372050 -0.066664
v -0.048568 0.372305 -0.064592
v -0.050804 0.373176 -0.063396
v -0.053270 0.374661 -0.063075
v -0.055938 0.376689 -0.063528
v -0.058759 0.379127 -0.064566
v -0.061668 0.381799 -0.065937
v -0.064591 0.384511 -0.067365
v -0.067461 0.387079 -0.068589
v -0.070222 0.389356 -0.069396
v -0.072840 0.391249 -0.069657
v -0.075307 0.392738 -0.069342
v -0.077643 0.393877 -0.068528
f 3213 3214 3215
f 3213 3215 3214
f 3213 3215 3216
f 3213 3216 3215
f 3213 3216 3217
f 3213 3217 3216
f 3213 3217 3218
f 3213 3218 3217
f 3213 3218 3219
f 3213 3219 3218
f 3213 3219 3220
f 3213 3220 3219
f 3213 3220 3221
f 3213 3221 3220
f 3213 3221 3222
f 3213 3222 3221
f 3213 3222 3223
f 3213 3223 3222
f 3213 3223 3224
f 3213 3224 3223
f 3213 3224 3225
f 3213 3225 3224
f 3213 3225 3226
f 3213 3226 3225
f 3213 3226 3227
f 3213 3227 3226
f 3213 3227 3228
f 3213 3228 3227
f 3213 3228 3229
f 3213 3229 3228
f 3213 3229 3230
f 3213 3230 3229
f 3213 3230 3231
f 3213 3231 3230
f 3213 3231 3232
f 3213 3232 3231
f 3213 3232 3233
f 3213 3233 3232
f 3213 3233 3234
f 3213 3234 3233
f 3213 3234 3235
f 3213 3235 3234
f 3213 3235 3236
f 3213 3236 3235
f 3213 3236 3237
f 3213 3237 3236
f 3213 3237 3238
f 3213 3238 3237
f 3213 3238 3239
f 3213 3239 3238
f 3213 3239 3240
f 3213 3240 3239
f 3213 3240 3241
f 3213 3241 3240
f 3213 3241 3242
f 3213 3242 3241
f 3213 3242 3243
f 3213 3243 3242
f 3213 3243 3244
f 3213 3244 3243
f 3213 3244 3245
f 3213 3245 3244
f 3213 3245 3246
f 3213 3246 3245
f 3213 3246 3247
f 3213 3247 3246
f 3213 3247 3248
f 3213 3248 3247
f 3213 3248 3249
f 3213 3249 3248
f 3213 3249 3250
f 3213 3250 3249
f 3213 3250 3251
f 3213 3251 3250
f 3213 3251 3252
f 3213 3252 3251
f 3213 3252 3253
f 3213 3253 3252
f 3213 3253 3254
f 3213 3254 3253
f 3213 3254 3255
f 3213 3255 3254
f 3213 3255 3256
f 3213 3256 3255
f 3213 3256 3257
f 3213 3257 3256
f 3213 3257 3258
f 3213 3258 3257
v -0.079897 0.394794 -0.067399
v -0.082643 0.393691 -0.066595
v -0.085148 0.392078 -0.065087
v -0.087450 0.390037 -0.062990
v -0.089596 0.387666 -0.060439
v -0.091640 0.385082 -0.057594
v -0.093645 0.382414 -0.054634
v -0.095673 0.379795 -0.051742
v -0.097786 0.377356 -0.049096
v -0.100039 0.375210 -0.046855
v -0.102475 0.373453 -0.045150
v -0.105128 0.372151 -0.044071
v -0.108012 0.371339 -0.043668
v -0.111129 0.371017 -0.043940
v -0.114462 0.371151 -0.044838
v -0.117979 0.371673 -0.046272
v -0.121635 0.372489 -0.048112
v -0.125376 0.373484 -0.050197
v -0.129141 0.374529 -0.052351
v -0.132866 0.375489 -0.054389
v -0.136489 0.376237 -0.056133
v -0.139957 0.376655 -0.057424
v -0.143221 0.376644 -0.058124
v -0.146244 0.376123 -0.058121
v -0.143497 0.377226 -0.058925
v -0.140992 0.378839 -0.060433
v -0.138690 0.380880 -0.062530
v -0.136545 0.383251 -0.065081
v -0.134501 0.385835 -0.067926
v -0.132496 0.388503 -0.070886
v -0.130467 0.391122 -0.073778
v -0.128354 0.393562 -0.076424
v -0.126102 0.395707 -0.078665
v -0.123666 0.397464 -0.080370
v -0.121013 0.398766 -0.081449
v -0.118128 0.399578 -0.081852
v -0.115012 0.399900 -0.081580
v -0.111679 0.399766 -0.080682
v -0.108162 0.399244 -0.079248
v -0.104505 0.398428 -0.077408
v -0.100764 0.397433 -0.075323
v -0.097000 0.396389 -0.073169
v -0.093275 0.395428 -0.071131
v -0.089651 0.394680 -0.069387
v -0.086184 0.394263 -0.068096
v -0.082919 0.394273 -0.067396
f 3259 3260 3261
f 3259 3261 3260
f 3259 3261 3262
f 3259 3262 3261
f 3259 3262 3263
f 3259 3263 3262
f 3259 3263 3264
f 3259 3264 3263
f 3259 3264 3265
f 3259 3265 3264
f 3259 3265 3266
f 3259 3266 3265
f 3259 3266 3267
f 3259 3267 3266
f 3259 3267 3268
f 3259 3268 3267
f 3259 3268 3269
f 3259 3269 3268
f 3259 3269 3270
f 3259 3270 3269
f 3259 3270 3271
f 3259 3271 3270
f 3259 3271 3272
f 3259 3272 3271
f 3259 3272 3273
f 3259 3273 3272
f 3259 3273 3274
f 3259 3274 3273
f 3259 3274 3275
f 3259 3275 3274
f 3259 3275 3276
f 3259 3276 3275
f 3259 3276 3277
f 3259 3277 3276
f 3259 3277 3278
f 3259 3278 3277
f 3259 3278 3279
f 3259 3279 3278
f 3259 3279 3280
f 3259 3280 3279
f 3259 3280 3281
f 3259 3281 3280
f 3259 3281 3282
f 3259 3282 3281
f 3259 3282 3283
f 3259 3283 3282
f 3259 3283 3284
f 3259 3284 3283
f 3259 3284 3285
f 3259 3285 3284
f 3259 3285 3286
f 3259 3286 3285
f 3259 3286 3287
f 3259 3287 3286
f 3259 3287 3288
f 3259 3288 3287
f 3259 3288 3289
f 3259 3289 3288
f 3259 3289 3290
f 3259 3290 3289
f 3259 3290 3291
f 3259 3291 3290
f 3259 3291 3292
f 3259 3292 3291
f 3259 3292 3293
f 3259 3293 3292
f 3259 3293 3294
f 3259 3294 3293
f 3259 3294 3295
f 3259 3295 3294
f 3259 3295 3296
f 3259 3296 3295
f 3259 3296 3297
f 3259 3297 3296
f 3259 3297 3298
f 3259 3298 3297
f 3259 3298 3299
f 3259 3299 3298
f 3259 3299 3300
f 3259 3300 3299
f 3259 3300 3301
f 3259 3301 3300
f 3259 3301 3302
f 3259 3302 3301
f 3259 3302 3303
f 3259 3303 3302
f 3259 3303 3304
f 3259 3304 3303
v 0.012243 0.220000 -0.005923
v 0.008324 0.226809 -0.009710
v 0.000410 0.230621 -0.009065
v -0.007362 0.230621 -0.005305
v -0.012780 0.226809 0.000499
v -0.012243 0.220000 0.005923
v -0.008324 0.213191 0.009710
v -0.000410 0.209379 0.009065
v 0.007362 0.209379 0.005305
v 0.012780 0.213191 -0.000499
v 0.056444 0.303028 0.095438
v 0.053779 0.307658 0.092862
v 0.048398 0.310251 0.093302
v 0.043113 0.310251 0.095858
v 0.039429 0.307658 0.099805
v 0.039794 0.303028 0.103493
v 0.042459 0.298399 0.106068
v 0.047840 0.295806 0.105629
v 0.053125 0.295806 0.103073
v 0.056810 0.298399 0.099126
f 3305 3306 3316
f 3305 3316 3315
f 3306 3307 3317
f 3306 3317 3316
f 3307 3308 3318
f 3307 3318 3317
f 3308 3309 3319
f 3308 3319 3318
f 3309 3310 3320
f 3309 3320 3319
f 3310 3311 3321
f 3310 3321 3320
f 3311 3312 3322
f 3311 3322 3321
f 3312 3313 3323
f 3312 3323 3322
f 3313 3314 3324
f 3313 3324 3323
f 3314 3305 3315
f 3314 3315 3324
v 0.056574 0.303028 0.095718
v 0.055974 0.308647 0.097517
v 0.051689 0.311794 0.100275
v 0.046322 0.311794 0.102654
v 0.041400 0.308647 0.103977
v 0.039665 0.303028 0.103213
v 0.040264 0.297409 0.101414
v 0.044549 0.294263 0.098656
v 0.049916 0.294263 0.096277
v 0.054838 0.297409 0.094954
v 0.082807 0.285213 0.162198
v 0.082400 0.289034 0.163421
v 0.079486 0.291174 0.165297
v 0.075836 0.291174 0.166915
v 0.072489 0.289034 0.167815
v 0.071309 0.285213 0.167295
v 0.071717 0.281392 0.166072
v 0.074631 0.279252 0.164196
v 0.078280 0.279252 0.162578
v 0.081627 0.281392 0.161678
f 3325 3326 3336
f 3325 3336 3335
f 3326 3327 3337
f 3326 3337 3336
f 3327 3328 3338
f 3327 3338 3337
f 3328 3329 3339
f 3328 3339 3338
f 3329 3330 3340
f 3329 3340 3339
f 3330 3331 3341
f 3330 3341 3340
f 3331 3332 3342
f 3331 3342 3341
f 3332 3333 3343
f 3332 3343 3342
f 3333 3334 3344
f 3333 3344 3343
f 3334 3325 3335
f 3334 3335 3344
v 0.082660 0.285213 0.161888
v 0.083133 0.288038 0.164726
v 0.080781 0.289621 0.167651
v 0.077225 0.289621 0.169465
v 0.073477 0.288038 0.169654
v 0.071457 0.285213 0.167605
v 0.070983 0.282387 0.164767
v 0.073335 0.280805 0.161842
v 0.076891 0.280805 0.160028
v 0.080639 0.282387 0.159839
v 0.095547 0.253861 0.191568
v 0.095869 0.255783 0.193498
v 0.094270 0.256859 0.195486
v 0.091852 0.256859 0.196720
v 0.089303 0.255783 0.196848
v 0.087929 0.253861 0.195455
v 0.087607 0.251940 0.193526
v 0.089206 0.250864 0.191537
v 0.091624 0.250864 0.190303
v 0.094173 0.251940 0.190175
f 3345 3346 3356
f 3345 3356 3355
f 3346 3347 3357
f 3346 3357 3356
f 3347 3348 3358
f 3347 3358 3357
f 3348 3349 3359
f 3348 3359 3358
f 3349 3350 3360
f 3349 3360 3359
f 3350 3351 3361
f 3350 3361 3360
f 3351 3352 3362
f 3351 3362 3361
f 3352 3353 3363
f 3352 3363 3362
f 3353 3354 3364
f 3353 3364 3363
f 3354 3345 3355
f 3354 3355 3364
v 0.091738 0.253861 0.193512
v 0.093776 0.255416 0.192377
v 0.095864 0.257511 0.191807
v 0.097998 0.260098 0.191749
v 0.100170 0.263086 0.192108
v 0.102368 0.266348 0.192753
v 0.104578 0.269737 0.193531
v 0.106785 0.273095 0.194276
v 0.108975 0.276266 0.194825
v 0.111133 0.279106 0.195031
v 0.113249 0.281498 0.194770
v 0.115315 0.283358 0.193954
v 0.117327 0.284643 0.192539
v 0.119285 0.285353 0.190525
v 0.121193 0.285530 0.187956
v 0.123059 0.285260 0.184921
v 0.124893 0.284659 0.181541
v 0.126710 0.283871 0.177966
v 0.128524 0.283052 0.174359
v 0.130350 0.282359 0.170884
v 0.132202 0.281942 0.167695
v 0.134091 0.281924 0.164923
v 0.136027 0.282398 0.162664
v 0.138014 0.283414 0.160968
v 0.135976 0.281860 0.162103
v 0.133888 0.279765 0.162673
v 0.131754 0.277177 0.162731
v 0.129581 0.274189 0.162372
v 0.127383 0.270927 0.161727
v 0.125173 0.267538 0.160949
v 0.122966 0.264180 0.160204
v 0.120777 0.261010 0.159655
v 0.118619 0.258170 0.159449
v 0.116503 0.255777 0.159710
v 0.114436 0.253917 0.160526
v 0.112424 0.252632 0.161941
v 0.110467 0.251923 0.163955
v 0.108559 0.251745 0.166524
v 0.106693 0.252016 0.169559
v 0.104859 0.252616 0.172939
v 0.103042 0.253404 0.176514
v 0.101228 0.254224 0.180121
v 0.099402 0.254916 0.183596
v 0.097550 0.255334 0.186785
v 0.095661 0.255352 0.189557
v 0.093725 0.254877 0.191816
f 3365 3366 3367
f 3365 3367 3366
f 3365 3367 3368
f 3365 3368 3367
f 3365 3368 3369
f 3365 3369 3368
f 3365 3369 3370
f 3365 3370 3369
f 3365 3370 3371
f 3365 3371 3370
f 3365 3371 3372
f 3365 3372 3371
f 3365 3372 3373
f 3365 3373 3372
f 3365 3373 3374
f 3365 3374 3373
f 3365 3374 3375
f 3365 3375 3374
f 3365 3375 3376
f 3365 3376 3375
f 3365 3376 3377
f 3365 3377 3376
f 3365 3377 3378
f 3365 3378 3377
f 3365 3378 3379
f 3365 3379 3378
f 3365 3379 3380
f 3365 3380 3379
f 3365 3380 3381
f 3365 3381 3380
f 3365 3381 3382
f 3365 3382 3381
f 3365 3382 3383
f 3365 3383 3382
f 3365 3383 3384
f 3365 3384 3383
f 3365 3384 3385
f 3365 3385 3384
f 3365 3385 3386
f 3365 3386 3385
f 3365 3386 3387
f 3365 3387 3386
f 3365 3387 3388
f 3365 3388 3387
f 3365 3388 3389
f 3365 3389 3388
f 3365 3389 3390
f 3365 3390 3389
f 3365 3390 3391
f 3365 3391 3390
f 3365 3391 3392
f 3365 3392 3391
f 3365 3392 3393
f 3365 3393 3392
f 3365 3393 3394
f 3365 3394 3393
f 3365 3394 3395
f 3365 3395 3394
f 3365 3395 3396
f 3365 3396 3395
f 3365 3396 3397
f 3365 3397 3396
f 3365 3397 3398
f 3365 3398 3397
f 3365 3398 3399
f 3365 3399 3398
f 3365 3399 3400
f 3365 3400 3399
f 3365 3400 3401
f 3365 3401 3400
f 3365 3401 3402
f 3365 3402 3401
f 3365 3402 3403
f 3365 3403 3402
f 3365 3403 3404
f 3365 3404 3403
f 3365 3404 3405
f 3365 3405 3404
f 3365 3405 3406
f 3365 3406 3405
f 3365 3406 3407
f 3365 3407 3406
f 3365 3407 3408
f 3365 3408 3407
f 3365 3408 3409
f 3365 3409 3408
f 3365 3409 3410
f 3365 3410 3409
v 0.091738 0.253645 0.189241
v 0.094399 0.253979 0.189815
v 0.095889 0.254268 0.192132
v 0.095889 0.254405 0.194843
v 0.094399 0.254353 0.197177
v 0.091738 0.254078 0.197782
v 0.089078 0.253744 0.197208
v 0.087588 0.253455 0.194891
v 0.087588 0.253318 0.192180
v 0.089078 0.253370 0.189846
v 0.094477 0.229838 0.191818
v 0.096286 0.230065 0.192209
v 0.097299 0.230261 0.193784
v 0.097299 0.230354 0.195628
v 0.096286 0.230319 0.197215
v 0.094477 0.230132 0.197627
v 0.092668 0.229905 0.197236
v 0.091655 0.229709 0.195661
v 0.091655 0.229615 0.193817
v 0.092668 0.229651 0.192230
f 3411 3412 3422
f 3411 3422 3421
f 3412 3413 3423
f 3412 3423 3422
f 3413 3414 3424
f 3413 3424 3423
f 3414 3415 3425
f 3414 3425 3424
f 3415 3416 3426
f 3415 3426 3425
f 3416 3417 3427
f 3416 3427 3426
f 3417 3418 3428
f 3417 3428 3427
f 3418 3419 3429
f 3418 3429 3428
f 3419 3420 3430
f 3419 3430 3429
f 3420 3411 3421
f 3420 3421 3430
v 0.094477 0.229985 0.194722
v 0.093979 0.230597 0.192877
v 0.093630 0.231225 0.190996
v 0.093620 0.231887 0.189030
v 0.094112 0.232601 0.186941
v 0.095180 0.233374 0.184711
v 0.096777 0.234200 0.182349
v 0.098735 0.235064 0.179899
v 0.100782 0.235937 0.177427
v 0.102594 0.236785 0.175013
v 0.103847 0.237577 0.172736
v 0.104287 0.238285 0.170660
v 0.103771 0.238896 0.168820
v 0.102299 0.239409 0.167215
v 0.100014 0.239838 0.165810
v 0.097171 0.240211 0.164543
v 0.094091 0.240560 0.163334
v 0.091101 0.240918 0.162103
v 0.088472 0.241312 0.160783
v 0.086373 0.241761 0.159333
v 0.084849 0.242269 0.157741
v 0.083826 0.242828 0.156025
v 0.083144 0.243421 0.154225
v 0.082610 0.244030 0.152389
v 0.083108 0.243418 0.154234
v 0.083457 0.242790 0.156116
v 0.083467 0.242128 0.158081
v 0.082975 0.241414 0.160170
v 0.081907 0.240641 0.162401
v 0.080310 0.239815 0.164762
v 0.078352 0.238951 0.167212
v 0.076305 0.238078 0.169685
v 0.074493 0.237230 0.172099
v 0.073240 0.236438 0.174375
v 0.072800 0.235730 0.176451
v 0.073316 0.235119 0.178292
v 0.074788 0.234606 0.179897
v 0.077073 0.234177 0.181302
v 0.079916 0.233804 0.182569
v 0.082996 0.233455 0.183778
v 0.085986 0.233097 0.185009
v 0.088615 0.232703 0.186328
v 0.090714 0.232254 0.187779
v 0.092238 0.231746 0.189371
v 0.093261 0.231187 0.191087
v 0.093943 0.230594 0.192886
f 3431 3432 3433
f 3431 3433 3432
f 3431 3433 3434
f 3431 3434 3433
f 3431 3434 3435
f 3431 3435 3434
f 3431 3435 3436
f 3431 3436 3435
f 3431 3436 3437
f 3431 3437 3436
f 3431 3437 3438
f 3431 3438 3437
f 3431 3438 3439
f 3431 3439 3438
f 3431 3439 3440
f 3431 3440 3439
f 3431 3440 3441
f 3431 3441 3440
f 3431 3441 3442
f 3431 3442 3441
f 3431 3442 3443
f 3431 3443 3442
f 3431 3443 3444
f 3431 3444 3443
f 3431 3444 3445
f 3431 3445 3444
f 3431 3445 3446
f 3431 3446 3445
f 3431 3446 3447
f 3431 3447 3446
f 3431 3447 3448
f 3431 3448 3447
f 3431 3448 3449
f 3431 3449 3448
f 3431 3449 3450
f 3431 3450 3449
f 3431 3450 3451
f 3431 3451 3450
f 3431 3451 3452
f 3431 3452 3451
f 3431 3452 3453
f 3431 3453 3452
f 3431 3453 3454
f 3431 3454 3453
f 3431 3454 3455
f 3431 3455 3454
f 3431 3455 3456
f 3431 3456 3455
f 3431 3456 3457
f 3431 3457 3456
f 3431 3457 3458
f 3431 3458 3457
f 3431 3458 3459
f 3431 3459 3458
f 3431 3459 3460
f 3431 3460 3459
f 3431 3460 3461
f 3431 3461 3460
f 3431 3461 3462
f 3431 3462 3461
f 3431 3462 3463
f 3431 3463 3462
f 3431 3463 3464
f 3431 3464 3463
f 3431 3464 3465
f 3431 3465 3464
f 3431 3465 3466
f 3431 3466 3465
f 3431 3466 3467
f 3431 3467 3466
f 3431 3467 3468
f 3431 3468 3467
f 3431 3468 3469
f 3431 3469 3468
f 3431 3469 3470
f 3431 3470 3469
f 3431 3470 3471
f 3431 3471 3470
f 3431 3471 3472
f 3431 3472 3471
f 3431 3472 3473
f 3431 3473 3472
f 3431 3473 3474
f 3431 3474 3473
f 3431 3474 3475
f 3431 3475 3474
f 3431 3475 3476
f 3431 3476 3475
v 0.094477 0.229985 0.194722
v 0.094615 0.230988 0.196177
v 0.094267 0.231945 0.197816
v 0.093513 0.232864 0.199610
v 0.092445 0.233752 0.201523
v 0.091176 0.234622 0.203513
v 0.089828 0.235483 0.205533
v 0.088528 0.236350 0.207535
v 0.087398 0.237232 0.209472
v 0.086547 0.238141 0.211303
v 0.086065 0.239086 0.212993
v 0.086015 0.240071 0.214519
v 0.086431 0.241101 0.215867
v 0.087311 0.242175 0.217039
v 0.088624 0.243291 0.218045
v 0.090305 0.244442 0.218911
v 0.092267 0.245619 0.219671
v 0.094397 0.246813 0.220366
v 0.096576 0.248011 0.221043
v 0.098676 0.249201 0.221750
v 0.100574 0.250373 0.222534
v 0.102159 0.251514 0.223436
v 0.103338 0.252617 0.224494
v 0.104031 0.253674 0.225737
v 0.103893 0.252670 0.224283
v 0.104241 0.251713 0.222644
v 0.104995 0.250795 0.220850
v 0.106062 0.249906 0.218936
v 0.107331 0.249037 0.216946
v 0.108679 0.248175 0.214926
v 0.109979 0.247309 0.212924
v 0.111110 0.246426 0.210987
v 0.111961 0.245517 0.209156
v 0.112443 0.244573 0.207466
v 0.112492 0.243587 0.205941
v 0.112077 0.242557 0.204592
v 0.111196 0.241483 0.203421
v 0.109884 0.240367 0.202414
v 0.108202 0.239217 0.201548
v 0.106241 0.238039 0.200788
v 0.104110 0.236846 0.200093
v 0.101932 0.235648 0.199416
v 0.099832 0.234457 0.198709
v 0.097934 0.233286 0.197926
v 0.096349 0.232144 0.197023
v 0.095170 0.231041 0.195965
f 3477 3478 3479
f 3477 3479 3478
f 3477 3479 3480
f 3477 3480 3479
f 3477 3480 3481
f 3477 3481 3480
f 3477 3481 3482
f 3477 3482 3481
f 3477 3482 3483
f 3477 3483 3482
f 3477 3483 3484
f 3477 3484 3483
f 3477 3484 3485
f 3477 3485 3484
f 3477 3485 3486
f 3477 3486 3485
f 3477 3486 3487
f 3477 3487 3486
f 3477 3487 3488
f 3477 3488 3487
f 3477 3488 3489
f 3477 3489 3488
f 3477 3489 3490
f 3477 3490 3489
f 3477 3490 3491
f 3477 3491 3490
f 3477 3491 3492
f 3477 3492 3491
f 3477 3492 3493
f 3477 3493 3492
f 3477 3493 3494
f 3477 3494 3493
f 3477 3494 3495
f 3477 3495 3494
f 3477 3495 3496
f 3477 3496 3495
f 3477 3496 3497
f 3477 3497 3496
f 3477 3497 3498
f 3477 3498 3497
f 3477 3498 3499
f 3477 3499 3498
f 3477 3499 3500
f 3477 3500 3499
f 3477 3500 3501
f 3477 3501 3500
f 3477 3501 3502
f 3477 3502 3501
f 3477 3502 3503
f 3477 3503 3502
f 3477 3503 3504
f 3477 3504 3503
f 3477 3504 3505
f 3477 3505 3504
f 3477 3505 3506
f 3477 3506 3505
f 3477 3506 3507
f 3477 3507 3506
f 3477 3507 3508
f 3477 3508 3507
f 3477 3508 3509
f 3477 3509 3508
f 3477 3509 3510
f 3477 3510 3509
f 3477 3510 3511
f 3477 3511 3510
f 3477 3511 3512
f 3477 3512 3511
f 3477 3512 3513
f 3477 3513 3512
f 3477 3513 3514
f 3477 3514 3513
f 3477 3514 3515
f 3477 3515 3514
f 3477 3515 3516
f 3477 3516 3515
f 3477 3516 3517
f 3477 3517 3516
f 3477 3517 3518
f 3477 3518 3517
f 3477 3518 3519
f 3477 3519 3518
f 3477 3519 3520
f 3477 3520 3519
f 3477 3520 3521
f 3477 3521 3520
f 3477 3521 3522
f 3477 3522 3521
v 0.093772 0.253861 0.189750
v 0.093847 0.256509 0.190462
v 0.092939 0.257991 0.192618
v 0.091648 0.257991 0.195006
v 0.090341 0.256509 0.196946
v 0.089704 0.253861 0.197273
v 0.089629 0.251214 0.196561
v 0.090537 0.249732 0.194405
v 0.091829 0.249732 0.192017
v 0.093135 0.251214 0.190077
v 0.113942 0.250244 0.202211
v 0.113993 0.252044 0.202695
v 0.113376 0.253052 0.204161
v 0.112498 0.253052 0.205785
v 0.111609 0.252044 0.207104
v 0.111176 0.250244 0.207327
v 0.111125 0.248444 0.206843
v 0.111743 0.247436 0.205376
v 0.112621 0.247436 0.203753
v 0.113509 0.248444 0.202433
f 3523 3524 3534
f 3523 3534 3533
f 3524 3525 3535
f 3524 3535 3534
f 3525 3526 3536
f 3525 3536 3535
f 3526 3527 3537
f 3526 3537 3536
f 3527 3528 3538
f 3527 3538 3537
f 3528 3529 3539
f 3528 3539 3538
f 3529 3530 3540
f 3529 3540 3539
f 3530 3531 3541
f 3530 3541 3540
f 3531 3532 3542
f 3531 3542 3541
f 3532 3523 3533
f 3532 3533 3542
v 0.112559 0.250244 0.204769
v 0.112793 0.251115 0.202072
v 0.113109 0.252824 0.199491
v 0.113493 0.255214 0.197005
v 0.113928 0.258116 0.194589
v 0.114394 0.261341 0.192219
v 0.114871 0.264682 0.189865
v 0.115340 0.267930 0.187497
v 0.115779 0.270884 0.185089
v 0.116172 0.273364 0.182615
v 0.116504 0.275226 0.180056
v 0.116764 0.276366 0.177396
v 0.116948 0.276732 0.174629
v 0.117055 0.276323 0.171755
v 0.117092 0.275192 0.168780
v 0.117067 0.273443 0.165720
v 0.116995 0.271221 0.162594
v 0.116894 0.268704 0.159427
v 0.116784 0.266094 0.156247
v 0.116686 0.263601 0.153083
v 0.116619 0.261429 0.149964
v 0.116604 0.259771 0.146916
v 0.116655 0.258793 0.143963
v 0.116789 0.258654 0.141126
v 0.116555 0.257783 0.143823
v 0.116239 0.256074 0.146404
v 0.115855 0.253685 0.148890
v 0.115420 0.250782 0.151305
v 0.114954 0.247557 0.153676
v 0.114476 0.244216 0.156030
v 0.114008 0.240968 0.158397
v 0.113569 0.238014 0.160805
v 0.113176 0.235534 0.163279
v 0.112844 0.233672 0.165839
v 0.112584 0.232532 0.168498
v 0.112400 0.232167 0.171266
v 0.112292 0.232575 0.174140
v 0.112256 0.233706 0.177115
v 0.112281 0.235455 0.180175
v 0.112353 0.237677 0.183301
v 0.112454 0.240194 0.186468
v 0.112563 0.242804 0.189648
v 0.112662 0.245297 0.192811
v 0.112728 0.247469 0.195930
v 0.112744 0.249127 0.198978
v 0.112693 0.250105 0.201932
f 3543 3544 3545
f 3543 3545 3544
f 3543 3545 3546
f 3543 3546 3545
f 3543 3546 3547
f 3543 3547 3546
f 3543 3547 3548
f 3543 3548 3547
f 3543 3548 3549
f 3543 3549 3548
f 3543 3549 3550
f 3543 3550 3549
f 3543 3550 3551
f 3543 3551 3550
f 3543 3551 3552
f 3543 3552 3551
f 3543 3552 3553
f 3543 3553 3552
f 3543 3553 3554
f 3543 3554 3553
f 3543 3554 3555
f 3543 3555 3554
f 3543 3555 3556
f 3543 3556 3555
f 3543 3556 3557
f 3543 3557 3556
f 3543 3557 3558
f 3543 3558 3557
f 3543 3558 3559
f 3543 3559 3558
f 3543 3559 3560
f 3543 3560 3559
f 3543 3560 3561
f 3543 3561 3560
f 3543 3561 3562
f 3543 3562 3561
f 3543 3562 3563
f 3543 3563 3562
f 3543 3563 3564
f 3543 3564 3563
f 3543 3564 3565
f 3543 3565 3564
f 3543 3565 3566
f 3543 3566 3565
f 3543 3566 3567
f 3543 3567 3566
f 3543 3567 3568
f 3543 3568 3567
f 3543 3568 3569
f 3543 3569 3568
f 3543 3569 3570
f 3543 3570 3569
f 3543 3570 3571
f 3543 3571 3570
f 3543 3571 3572
f 3543 3572 3571
f 3543 3572 3573
f 3543 3573 3572
f 3543 3573 3574
f 3543 3574 3573
f 3543 3574 3575
f 3543 3575 3574
f 3543 3575 3576
f 3543 3576 3575
f 3543 3576 3577
f 3543 3577 3576
f 3543 3577 3578
f 3543 3578 3577
f 3543 3578 3579
f 3543 3579 3578
f 3543 3579 3580
f 3543 3580 3579
f 3543 3580 3581
f 3543 3581 3580
f 3543 3581 3582
f 3543 3582 3581
f 3543 3582 3583
f 3543 3583 3582
f 3543 3583 3584
f 3543 3584 3583
f 3543 3584 3585
f 3543 3585 3584
f 3543 3585 3586
f 3543 3586 3585
f 3543 3586 3587
f 3543 3587 3586
f 3543 3587 3588
f 3543 3588 3587
v 0.112559 0.250244 0.204769
v 0.110523 0.251194 0.206629
v 0.108357 0.251714 0.208591
v 0.105995 0.251588 0.210709
v 0.103413 0.250734 0.212999
v 0.100628 0.249209 0.215451
v 0.097691 0.247185 0.218021
v 0.094684 0.244930 0.220647
v 0.091706 0.242768 0.223250
v 0.088858 0.241037 0.225750
v 0.086232 0.240039 0.228076
v 0.083898 0.240002 0.230172
v 0.081891 0.241048 0.232009
v 0.080212 0.243178 0.233587
v 0.078825 0.246269 0.234936
v 0.077660 0.250094 0.236109
v 0.076625 0.254348 0.237180
v 0.075618 0.258696 0.238228
v 0.074541 0.262813 0.239332
v 0.073314 0.266432 0.240555
v 0.071882 0.269378 0.241938
v 0.070231 0.271598 0.243495
v 0.068384 0.273170 0.245206
v 0.066406 0.274314 0.247020
v 0.068443 0.273364 0.245160
v 0.070608 0.272843 0.243197
v 0.072970 0.272970 0.241080
v 0.075552 0.273823 0.238789
v 0.078338 0.275349 0.236338
v 0.081275 0.277373 0.233768
v 0.084281 0.279628 0.231142
v 0.087259 0.281790 0.228539
v 0.090107 0.283521 0.226038
v 0.092733 0.284519 0.223713
v 0.095068 0.284556 0.221617
v 0.097075 0.283510 0.219780
v 0.098753 0.281380 0.218202
v 0.100140 0.278289 0.216853
v 0.101306 0.274464 0.215680
v 0.102341 0.270210 0.214609
v 0.103348 0.265862 0.213560
v 0.104424 0.261745 0.212457
v 0.105652 0.258126 0.211234
v 0.107083 0.255180 0.209851
v 0.108734 0.252960 0.208294
v 0.110582 0.251388 0.206582
f 3589 3590 3591
f 3589 3591 3590
f 3589 3591 3592
f 3589 3592 3591
f 3589 3592 3593
f 3589 3593 3592
f 3589 3593 3594
f 3589 3594 3593
f 3589 3594 3595
f 3589 3595 3594
f 3589 3595 3596
f 3589 3596 3595
f 3589 3596 3597
f 3589 3597 3596
f 3589 3597 3598
f 3589 3598 3597
f 3589 3598 3599
f 3589 3599 3598
f 3589 3599 3600
f 3589 3600 3599
f 3589 3600 3601
f 3589 3601 3600
f 3589 3601 3602
f 3589 3602 3601
f 3589 3602 3603
f 3589 3603 3602
f 3589 3603 3604
f 3589 3604 3603
f 3589 3604 3605
f 3589 3605 3604
f 3589 3605 3606
f 3589 3606 3605
f 3589 3606 3607
f 3589 3607 3606
f 3589 3607 3608
f 3589 3608 3607
f 3589 3608 3609
f 3589 3609 3608
f 3589 3609 3610
f 3589 3610 3609
f 3589 3610 3611
f 3589 3611 3610
f 3589 3611 3612
f 3589 3612 3611
f 3589 3612 3613
f 3589 3613 3612
f 3589 3613 3614
f 3589 3614 3613
f 3589 3614 3615
f 3589 3615 3614
f 3589 3615 3616
f 3589 3616 3615
f 3589 3616 3617
f 3589 3617 3616
f 3589 3617 3618
f 3589 3618 3617
f 3589 3618 3619
f 3589 3619 3618
f 3589 3619 3620
f 3589 3620 3619
f 3589 3620 3621
f 3589 3621 3620
f 3589 3621 3622
f 3589 3622 3621
f 3589 3622 3623
f 3589 3623 3622
f 3589 3623 3624
f 3589 3624 3623
f 3589 3624 3625
f 3589 3625 3624
f 3589 3625 3626
f 3589 3626 3625
f 3589 3626 3627
f 3589 3627 3626
f 3589 3627 3628
f 3589 3628 3627
f 3589 3628 3629
f 3589 3629 3628
f 3589 3629 3630
f 3589 3630 3629
f 3589 3630 3631
f 3589 3631 3630
f 3589 3631 3632
f 3589 3632 3631
f 3589 3632 3633
f 3589 3633 3632
f 3589 3633 3634
f 3589 3634 3633
v 0.095993 0.253861 0.193943
v 0.095363 0.256507 0.194294
v 0.093024 0.257989 0.194288
v 0.090323 0.257989 0.194014
v 0.088030 0.256507 0.193549
v 0.087484 0.253861 0.193080
v 0.088113 0.251215 0.192730
v 0.090453 0.249734 0.192735
v 0.093153 0.249734 0.193009
v 0.095447 0.251215 0.193474
v 0.092212 0.250132 0.217641
v 0.091784 0.251931 0.217879
v 0.090193 0.252939 0.217875
v 0.088356 0.252939 0.217689
v 0.086797 0.251931 0.217373
v 0.086426 0.250132 0.217054
v 0.086853 0.248333 0.216815
v 0.088444 0.247325 0.216819
v 0.090281 0.247325 0.217006
v 0.091840 0.248333 0.217322
f 3635 3636 3646
f 3635 3646 3645
f 3636 3637 3647
f 3636 3647 3646
f 3637 3638 3648
f 3637 3648 3647
f 3638 3639 3649
f 3638 3649 3648
f 3639 3640 3650
f 3639 3650 3649
f 3640 3641 3651
f 3640 3651 3650
f 3641 3642 3652
f 3641 3652 3651
f 3642 3643 3653
f 3642 3653 3652
f 3643 3644 3654
f 3643 3654 3653
f 3644 3635 3645
f 3644 3645 3654
v 0.089319 0.250132 0.217347
v 0.091688 0.250249 0.216829
v 0.094213 0.251087 0.216440
v 0.096855 0.252466 0.216148
v 0.099580 0.254231 0.215924
v 0.102354 0.256223 0.215740
v 0.105142 0.258275 0.215568
v 0.107907 0.260224 0.215377
v 0.110617 0.261919 0.215141
v 0.113243 0.263224 0.214835
v 0.115761 0.264030 0.214440
v 0.118155 0.264263 0.213943
v 0.120417 0.263883 0.213336
v 0.122547 0.262890 0.212620
v 0.124553 0.261323 0.211802
v 0.126451 0.259257 0.210895
v 0.128265 0.256802 0.209919
v 0.130024 0.254092 0.208896
v 0.131761 0.251279 0.207856
v 0.133511 0.248528 0.206827
v 0.135309 0.246002 0.205837
v 0.137192 0.243862 0.204917
v 0.139191 0.242264 0.204093
v 0.141345 0.241386 0.203398
v 0.138976 0.241269 0.203916
v 0.136451 0.240431 0.204305
v 0.133809 0.239052 0.204598
v 0.131083 0.237287 0.204821
v 0.128309 0.235296 0.205005
v 0.125522 0.233244 0.205177
v 0.122757 0.231294 0.205368
v 0.120047 0.229599 0.205605
v 0.117421 0.228295 0.205911
v 0.114903 0.227488 0.206305
v 0.112508 0.227255 0.206802
v 0.110246 0.227635 0.207409
v 0.108117 0.228629 0.208125
v 0.106111 0.230196 0.208943
v 0.104213 0.232261 0.209850
v 0.102399 0.234716 0.210827
v 0.100640 0.237426 0.211849
v 0.098903 0.240239 0.212889
v 0.097153 0.242991 0.213919
v 0.095354 0.245516 0.214908
v 0.093472 0.247656 0.215828
v 0.091473 0.249254 0.216652
f 3655 3656 3657
f 3655 3657 3656
f 3655 3657 3658
f 3655 3658 3657
f 3655 3658 3659
f 3655 3659 3658
f 3655 3659 3660
f 3655 3660 3659
f 3655 3660 3661
f 3655 3661 3660
f 3655 3661 3662
f 3655 3662 3661
f 3655 3662 3663
f 3655 3663 3662
f 3655 3663 3664
f 3655 3664 3663
f 3655 3664 3665
f 3655 3665 3664
f 3655 3665 3666
f 3655 3666 3665
f 3655 3666 3667
f 3655 3667 3666
f 3655 3667 3668
f 3655 3668 3667
f 3655 3668 3669
f 3655 3669 3668
f 3655 3669 3670
f 3655 3670 3669
f 3655 3670 3671
f 3655 3671 3670
f 3655 3671 3672
f 3655 3672 3671
f 3655 3672 3673
f 3655 3673 3672
f 3655 3673 3674
f 3655 3674 3673
f 3655 3674 3675
f 3655 3675 3674
f 3655 3675 3676
f 3655 3676 3675
f 3655 3676 3677
f 3655 3677 3676
f 3655 3677 3678
f 3655 3678 3677
f 3655 3678 3679
f 3655 3679 3678
f 3655 3679 3680
f 3655 3680 3679
f 3655 3680 3681
f 3655 3681 3680
f 3655 3681 3682
f 3655 3682 3681
f 3655 3682 3683
f 3655 3683 3682
f 3655 3683 3684
f 3655 3684 3683
f 3655 3684 3685
f 3655 3685 3684
f 3655 3685 3686
f 3655 3686 3685
f 3655 3686 3687
f 3655 3687 3686
f 3655 3687 3688
f 3655 3688 3687
f 3655 3688 3689
f 3655 3689 3688
f 3655 3689 3690
f 3655 3690 3689
f 3655 3690 3691
f 3655 3691 3690
f 3655 3691 3692
f 3655 3692 3691
f 3655 3692 3693
f 3655 3693 3692
f 3655 3693 3694
f 3655 3694 3693
f 3655 3694 3695
f 3655 3695 3694
f 3655 3695 3696
f 3655 3696 3695
f 3655 3696 3697
f 3655 3697 3696
f 3655 3697 3698
f 3655 3698 3697
f 3655 3698 3699
f 3655 3699 3698
f 3655 3699 3700
f 3655 3700 3699
v 0.089319 0.250132 0.217347
v 0.087351 0.250590 0.215739
v 0.085282 0.250501 0.214035
v 0.083091 0.249765 0.212217
v 0.080785 0.248412 0.210291
v 0.078385 0.246558 0.208277
v 0.075927 0.244392 0.206208
v 0.073454 0.242147 0.204126
v 0.071014 0.240079 0.202074
v 0.068653 0.238431 0.200097
v 0.066410 0.237415 0.198230
v 0.064314 0.237185 0.196501
v 0.062381 0.237824 0.194924
v 0.060610 0.239330 0.193500
v 0.058986 0.241623 0.192214
v 0.057480 0.244548 0.191038
v 0.056053 0.247893 0.189937
v 0.054659 0.251414 0.188866
v 0.053251 0.254857 0.187781
v 0.051784 0.257988 0.186642
v 0.050223 0.260619 0.185415
v 0.048546 0.262631 0.184080
v 0.046749 0.263997 0.182631
v 0.044850 0.264816 0.181086
v 0.046817 0.264358 0.182694
v 0.048886 0.264447 0.184398
v 0.051077 0.265182 0.186216
v 0.053383 0.266536 0.188142
v 0.055783 0.268390 0.190156
v 0.058241 0.270556 0.192225
v 0.060714 0.272800 0.194307
v 0.063154 0.274869 0.196359
v 0.065515 0.276517 0.198336
v 0.067758 0.277533 0.200203
v 0.069854 0.277762 0.201932
v 0.071788 0.277124 0.203509
v 0.073559 0.275618 0.204933
v 0.075182 0.273325 0.206219
v 0.076688 0.270400 0.207395
v 0.078115 0.267055 0.208496
v 0.079509 0.263533 0.209567
v 0.080918 0.260090 0.210652
v 0.082385 0.256960 0.211791
v 0.083945 0.254329 0.213018
v 0.085622 0.252317 0.214353
v 0.087419 0.250951 0.215802
f 3701 3702 3703
f 3701 3703 3702
f 3701 3703 3704
f 3701 3704 3703
f 3701 3704 3705
f 3701 3705 3704
f 3701 3705 3706
f 3701 3706 3705
f 3701 3706 3707
f 3701 3707 3706
f 3701 3707 3708
f 3701 3708 3707
f 3701 3708 3709
f 3701 3709 3708
f 3701 3709 3710
f 3701 3710 3709
f 3701 3710 3711
f 3701 3711 3710
f 3701 3711 3712
f 3701 3712 3711
f 3701 3712 3713
f 3701 3713 3712
f 3701 3713 3714
f 3701 3714 3713
f 3701 3714 3715
f 3701 3715 3714
f 3701 3715 3716
f 3701 3716 3715
f 3701 3716 3717
f 3701 3717 3716
f 3701 3717 3718
f 3701 3718 3717
f 3701 3718 3719
f 3701 3719 3718
f 3701 3719 3720
f 3701 3720 3719
f 3701 3720 3721
f 3701 3721 3720
f 3701 3721 3722
f 3701 3722 3721
f 3701 3722 3723
f 3701 3723 3722
f 3701 3723 3724
f 3701 3724 3723
f 3701 3724 3725
f 3701 3725 3724
f 3701 3725 3726
f 3701 3726 3725
f 3701 3726 3727
f 3701 3727 3726
f 3701 3727 3728
f 3701 3728 3727
f 3701 3728 3729
f 3701 3729 3728
f 3701 3729 3730
f 3701 3730 3729
f 3701 3730 3731
f 3701 3731 3730
f 3701 3731 3732
f 3701 3732 3731
f 3701 3732 3733
f 3701 3733 3732
f 3701 3733 3734
f 3701 3734 3733
f 3701 3734 3735
f 3701 3735 3734
f 3701 3735 3736
f 3701 3736 3735
f 3701 3736 3737
f 3701 3737 3736
f 3701 3737 3738
f 3701 3738 3737
f 3701 3738 3739
f 3701 3739 3738
f 3701 3739 3740
f 3701 3740 3739
f 3701 3740 3741
f 3701 3741 3740
f 3701 3741 3742
f 3701 3742 3741
f 3701 3742 3743
f 3701 3743 3742
f 3701 3743 3744
f 3701 3744 3743
f 3701 3744 3745
f 3701 3745 3744
f 3701 3745 3746
f 3701 3746 3745
v 0.080084 0.285213 0.159234
v 0.078359 0.288858 0.159277
v 0.075979 0.290899 0.161877
v 0.074058 0.290899 0.165377
v 0.073143 0.288858 0.168780
v 0.074032 0.285213 0.170259
v 0.075757 0.281568 0.170215
v 0.078137 0.279527 0.167616
v 0.080058 0.279527 0.164116
v 0.080974 0.281568 0.160713
v 0.112814 0.300941 0.179497
v 0.111641 0.303420 0.179526
v 0.110023 0.304808 0.181294
v 0.108717 0.304808 0.183674
v 0.108094 0.303420 0.185988
v 0.108699 0.300941 0.186994
v 0.109872 0.298463 0.186964
v 0.111490 0.297075 0.185196
v 0.112797 0.297075 0.182817
v 0.113419 0.298463 0.180502
f 3747 3748 3758
f 3747 3758 3757
f 3748 3749 3759
f 3748 3759 3758
f 3749 3750 3760
f 3749 3760 3759
f 3750 3751 3761
f 3750 3761 3760
f 3751 3752 3762
f 3751 3762 3761
f 3752 3753 3763
f 3752 3763 3762
f 3753 3754 3764
f 3753 3764 3763
f 3754 3755 3765
f 3754 3765 3764
f 3755 3756 3766
f 3755 3766 3765
f 3756 3747 3757
f 3756 3757 3766
v 0.110757 0.300941 0.183245
v 0.110889 0.301501 0.181138
v 0.110856 0.302350 0.179085
v 0.110571 0.303643 0.177115
v 0.110000 0.305436 0.175240
v 0.109163 0.307695 0.173453
v 0.108127 0.310304 0.171732
v 0.106998 0.313076 0.170041
v 0.105903 0.315788 0.168339
v 0.104976 0.318206 0.166582
v 0.104337 0.320117 0.164729
v 0.104078 0.321363 0.162751
v 0.104247 0.321859 0.160631
v 0.104844 0.321604 0.158370
v 0.105820 0.320683 0.155984
v 0.107084 0.319257 0.153502
v 0.108517 0.317536 0.150965
v 0.109984 0.315754 0.148417
v 0.111358 0.314137 0.145899
v 0.112532 0.312869 0.143448
v 0.113441 0.312067 0.141084
v 0.114064 0.311766 0.138814
v 0.114434 0.311907 0.136628
v 0.114640 0.312339 0.134496
v 0.114508 0.311779 0.136604
v 0.114541 0.310929 0.138657
v 0.114826 0.309637 0.140626
v 0.115397 0.307844 0.142501
v 0.116234 0.305585 0.144288
v 0.117270 0.302976 0.146010
v 0.118399 0.300204 0.147700
v 0.119494 0.297492 0.149402
v 0.120421 0.295074 0.151160
v 0.121059 0.293163 0.153013
v 0.121319 0.291916 0.154991
v 0.121150 0.291421 0.157110
v 0.120553 0.291676 0.159371
v 0.119577 0.292597 0.161757
v 0.118312 0.294023 0.164239
v 0.116879 0.295744 0.166776
v 0.115412 0.297525 0.169324
v 0.114039 0.299143 0.171842
v 0.112864 0.300411 0.174294
v 0.111956 0.301213 0.176658
v 0.111333 0.301514 0.178927
v 0.110962 0.301372 0.181114
f 3767 3768 3769
f 3767 3769 3768
f 3767 3769 3770
f 3767 3770 3769
f 3767 3770 3771
f 3767 3771 3770
f 3767 3771 3772
f 3767 3772 3771
f 3767 3772 3773
f 3767 3773 3772
f 3767 3773 3774
f 3767 3774 3773
f 3767 3774 3775
f 3767 3775 3774
f 3767 3775 3776
f 3767 3776 3775
f 3767 3776 3777
f 3767 3777 3776
f 3767 3777 3778
f 3767 3778 3777
f 3767 3778 3779
f 3767 3779 3778
f 3767 3779 3780
f 3767 3780 3779
f 3767 3780 3781
f 3767 3781 3780
f 3767 3781 3782
f 3767 3782 3781
f 3767 3782 3783
f 3767 3783 3782
f 3767 3783 3784
f 3767 3784 3783
f 3767 3784 3785
f 3767 3785 3784
f 3767 3785 3786
f 3767 3786 3785
f 3767 3786 3787
f 3767 3787 3786
f 3767 3787 3788
f 3767 3788 3787
f 3767 3788 3789
f 3767 3789 3788
f 3767 3789 3790
f 3767 3790 3789
f 3767 3790 3791
f 3767 3791 3790
f 3767 3791 3792
f 3767 3792 3791
f 3767 3792 3793
f 3767 3793 3792
f 3767 3793 3794
f 3767 3794 3793
f 3767 3794 3795
f 3767 3795 3794
f 3767 3795 3796
f 3767 3796 3795
f 3767 3796 3797
f 3767 3797 3796
f 3767 3797 3798
f 3767 3798 3797
f 3767 3798 3799
f 3767 3799 3798
f 3767 3799 3800
f 3767 3800 3799
f 3767 3800 3801
f 3767 3801 3800
f 3767 3801 3802
f 3767 3802 3801
f 3767 3802 3803
f 3767 3803 3802
f 3767 3803 3804
f 3767 3804 3803
f 3767 3804 3805
f 3767 3805 3804
f 3767 3805 3806
f 3767 3806 3805
f 3767 3806 3807
f 3767 3807 3806
f 3767 3807 3808
f 3767 3808 3807
f 3767 3808 3809
f 3767 3809 3808
f 3767 3809 3810
f 3767 3810 3809
f 3767 3810 3811
f 3767 3811 3810
f 3767 3811 3812
f 3767 3812 3811
v 0.112147 0.300941 0.179201
v 0.112588 0.303534 0.179977
v 0.112185 0.304986 0.182301
v 0.111303 0.304986 0.184868
v 0.110192 0.303534 0.186948
v 0.109367 0.300941 0.187289
v 0.108926 0.298348 0.186513
v 0.109328 0.296896 0.184189
v 0.110210 0.296896 0.181622
v 0.111322 0.298348 0.179542
v 0.132510 0.295261 0.187647
v 0.132810 0.297024 0.188175
v 0.132537 0.298011 0.189755
v 0.131937 0.298011 0.191501
v 0.131181 0.297024 0.192915
v 0.130620 0.295261 0.193147
v 0.130320 0.293498 0.192619
v 0.130594 0.292510 0.191039
v 0.131194 0.292510 0.189293
v 0.131949 0.293498 0.187879
f 3813 3814 3824
f 3813 3824 3823
f 3814 3815 3825
f 3814 3825 3824
f 3815 3816 3826
f 3815 3826 3825
f 3816 3817 3827
f 3816 3827 3826
f 3817 3818 3828
f 3817 3828 3827
f 3818 3819 3829
f 3818 3829 3828
f 3819 3820 3830
f 3819 3830 3829
f 3820 3821 3831
f 3820 3831 3830
f 3821 3822 3832
f 3821 3832 3831
f 3822 3813 3823
f 3822 3823 3832
v 0.131565 0.295261 0.190397
v 0.131639 0.296095 0.188656
v 0.131767 0.297325 0.187072
v 0.131959 0.299017 0.185669
v 0.132210 0.301146 0.184440
v 0.132510 0.303627 0.183349
v 0.132840 0.306324 0.182344
v 0.133176 0.309072 0.181359
v 0.133495 0.311692 0.180324
v 0.133773 0.314012 0.179169
v 0.133989 0.315883 0.177838
v 0.134129 0.317197 0.176287
v 0.134184 0.317898 0.174493
v 0.134156 0.317985 0.172457
v 0.134051 0.317515 0.170202
v 0.133884 0.316597 0.167769
v 0.133676 0.315378 0.165217
v 0.133450 0.314032 0.162615
v 0.133232 0.312735 0.160033
v 0.133043 0.311656 0.157537
v 0.132902 0.310928 0.155179
v 0.132822 0.310638 0.152994
v 0.132805 0.310809 0.150991
v 0.132842 0.311376 0.149145
v 0.132768 0.310542 0.150886
v 0.132640 0.309311 0.152470
v 0.132448 0.307620 0.153873
v 0.132197 0.305490 0.155102
v 0.131897 0.303010 0.156193
v 0.131567 0.300312 0.157198
v 0.131231 0.297564 0.158183
v 0.130912 0.294944 0.159218
v 0.130634 0.292625 0.160373
v 0.130418 0.290754 0.161704
v 0.130278 0.289440 0.163255
v 0.130223 0.288739 0.165049
v 0.130251 0.288652 0.167085
v 0.130357 0.289122 0.169340
v 0.130523 0.290040 0.171773
v 0.130731 0.291258 0.174325
v 0.130957 0.292605 0.176927
v 0.131175 0.293901 0.179509
v 0.131364 0.294981 0.182005
v 0.131505 0.295709 0.184363
v 0.131585 0.295999 0.186548
v 0.131602 0.295828 0.188551
f 3833 3834 3835
f 3833 3835 3834
f 3833 3835 3836
f 3833 3836 3835
f 3833 3836 3837
f 3833 3837 3836
f 3833 3837 3838
f 3833 3838 3837
f 3833 3838 3839
f 3833 3839 3838
f 3833 3839 3840
f 3833 3840 3839
f 3833 3840 3841
f 3833 3841 3840
f 3833 3841 3842
f 3833 3842 3841
f 3833 3842 3843
f 3833 3843 3842
f 3833 3843 3844
f 3833 3844 3843
f 3833 3844 3845
f 3833 3845 3844
f 3833 3845 3846
f 3833 3846 3845
f 3833 3846 3847
f 3833 3847 3846
f 3833 3847 3848
f 3833 3848 3847
f 3833 3848 3849
f 3833 3849 3848
f 3833 3849 3850
f 3833 3850 3849
f 3833 3850 3851
f 3833 3851 3850
f 3833 3851 3852
f 3833 3852 3851
f 3833 3852 3853
f 3833 3853 3852
f 3833 3853 3854
f 3833 3854 3853
f 3833 3854 3855
f 3833 3855 3854
f 3833 3855 3856
f 3833 3856 3855
f 3833 3856 3857
f 3833 3857 3856
f 3833 3857 3858
f 3833 3858 3857
f 3833 3858 3859
f 3833 3859 3858
f 3833 3859 3860
f 3833 3860 3859
f 3833 3860 3861
f 3833 3861 3860
f 3833 3861 3862
f 3833 3862 3861
f 3833 3862 3863
f 3833 3863 3862
f 3833 3863 3864
f 3833 3864 3863
f 3833 3864 3865
f 3833 3865 3864
f 3833 3865 3866
f 3833 3866 3865
f 3833 3866 3867
f 3833 3867 3866
f 3833 3867 3868
f 3833 3868 3867
f 3833 3868 3869
f 3833 3869 3868
f 3833 3869 3870
f 3833 3870 3869
f 3833 3870 3871
f 3833 3871 3870
f 3833 3871 3872
f 3833 3872 3871
f 3833 3872 3873
f 3833 3873 3872
f 3833 3873 3874
f 3833 3874 3873
f 3833 3874 3875
f 3833 3875 3874
f 3833 3875 3876
f 3833 3876 3875
f 3833 3876 3877
f 3833 3877 3876
f 3833 3877 3878
f 3833 3878 3877
v 0.107856 0.300941 0.180103
v 0.106968 0.302965 0.181727
v 0.107825 0.304098 0.184104
v 0.109667 0.304098 0.186099
v 0.111968 0.302965 0.187143
v 0.113657 0.300941 0.186387
v 0.114546 0.298918 0.184763
v 0.113688 0.297785 0.182386
v 0.111847 0.297785 0.180392
v 0.109545 0.298918 0.179347
v 0.121964 0.316493 0.168940
v 0.121360 0.317869 0.170045
v 0.121943 0.318639 0.171661
v 0.123195 0.318639 0.173017
v 0.124760 0.317869 0.173728
v 0.125909 0.316493 0.173214
v 0.126513 0.315117 0.172109
v 0.125930 0.314346 0.170493
v 0.124678 0.314346 0.169137
v 0.123113 0.315117 0.168426
f 3879 3880 3890
f 3879 3890 3889
f 3880 3881 3891
f 3880 3891 3890
f 3881 3882 3892
f 3881 3892 3891
f 3882 3883 3893
f 3882 3893 3892
f 3883 3884 3894
f 3883 3894 3893
f 3884 3885 3895
f 3884 3895 3894
f 3885 3886 3896
f 3885 3896 3895
f 3886 3887 3897
f 3886 3897 3896
f 3887 3888 3898
f 3887 3898 3897
f 3888 3879 3889
f 3888 3889 3898
v 0.123936 0.316493 0.171077
v 0.122108 0.315905 0.169777
v 0.119935 0.315752 0.168660
v 0.117406 0.316047 0.167730
v 0.114563 0.316737 0.166966
v 0.111487 0.317722 0.166325
v 0.108282 0.318870 0.165752
v 0.105069 0.320027 0.165183
v 0.101973 0.321037 0.164553
v 0.099111 0.321752 0.163799
v 0.096580 0.322050 0.162870
v 0.094452 0.321840 0.161729
v 0.092763 0.321076 0.160355
v 0.091514 0.319757 0.158750
v 0.090668 0.317931 0.156931
v 0.090153 0.315687 0.154938
v 0.089872 0.313149 0.152821
v 0.089707 0.310463 0.150643
v 0.089535 0.307787 0.148469
v 0.089234 0.305274 0.146363
v 0.088699 0.303055 0.144380
v 0.087851 0.301231 0.142563
v 0.086647 0.299856 0.140933
v 0.085098 0.298916 0.139486
v 0.086927 0.299503 0.140786
v 0.089100 0.299657 0.141903
v 0.091629 0.299362 0.142833
v 0.094471 0.298672 0.143597
v 0.097548 0.297686 0.144238
v 0.100753 0.296539 0.144811
v 0.103966 0.295382 0.145380
v 0.107062 0.294372 0.146010
v 0.109924 0.293656 0.146764
v 0.112455 0.293359 0.147693
v 0.114583 0.293569 0.148834
v 0.116272 0.294333 0.150208
v 0.117521 0.295651 0.151813
v 0.118367 0.297477 0.153632
v 0.118882 0.299721 0.155625
v 0.119163 0.302260 0.157742
v 0.119328 0.304945 0.159920
v 0.119500 0.307621 0.162094
v 0.119801 0.310135 0.164200
v 0.120335 0.312354 0.166183
v 0.121184 0.314177 0.168000
v 0.122388 0.315552 0.169630
f 3899 3900 3901
f 3899 3901 3900
f 3899 3901 3902
f 3899 3902 3901
f 3899 3902 3903
f 3899 3903 3902
f 3899 3903 3904
f 3899 3904 3903
f 3899 3904 3905
f 3899 3905 3904
f 3899 3905 3906
f 3899 3906 3905
f 3899 3906 3907
f 3899 3907 3906
f 3899 3907 3908
f 3899 3908 3907
f 3899 3908 3909
f 3899 3909 3908
f 3899 3909 3910
f 3899 3910 3909
f 3899 3910 3911
f 3899 3911 3910
f 3899 3911 3912
f 3899 3912 3911
f 3899 3912 3913
f 3899 3913 3912
f 3899 3913 3914
f 3899 3914 3913
f 3899 3914 3915
f 3899 3915 3914
f 3899 3915 3916
f 3899 3916 3915
f 3899 3916 3917
f 3899 3917 3916
f 3899 3917 3918
f 3899 3918 3917
f 3899 3918 3919
f 3899 3919 3918
f 3899 3919 3920
f 3899 3920 3919
f 3899 3920 3921
f 3899 3921 3920
f 3899 3921 3922
f 3899 3922 3921
f 3899 3922 3923
f 3899 3923 3922
f 3899 3923 3924
f 3899 3924 3923
f 3899 3924 3925
f 3899 3925 3924
f 3899 3925 3926
f 3899 3926 3925
f 3899 3926 3927
f 3899 3927 3926
f 3899 3927 3928
f 3899 3928 3927
f 3899 3928 3929
f 3899 3929 3928
f 3899 3929 3930
f 3899 3930 3929
f 3899 3930 3931
f 3899 3931 3930
f 3899 3931 3932
f 3899 3932 3931
f 3899 3932 3933
f 3899 3933 3932
f 3899 3933 3934
f 3899 3934 3933
f 3899 3934 3935
f 3899 3935 3934
f 3899 3935 3936
f 3899 3936 3935
f 3899 3936 3937
f 3899 3937 3936
f 3899 3937 3938
f 3899 3938 3937
f 3899 3938 3939
f 3899 3939 3938
f 3899 3939 3940
f 3899 3940 3939
f 3899 3940 3941
f 3899 3941 3940
f 3899 3941 3942
f 3899 3942 3941
f 3899 3942 3943
f 3899 3943 3942
f 3899 3943 3944
f 3899 3944 3943
v 0.115028 0.300941 0.183033
v 0.114337 0.302678 0.181026
v 0.111954 0.303651 0.180002
v 0.109243 0.303651 0.180137
v 0.106974 0.302678 0.181393
v 0.106486 0.300941 0.183458
v 0.107177 0.299204 0.185464
v 0.109559 0.298232 0.186488
v 0.112270 0.298232 0.186354
v 0.114539 0.299204 0.185098
v 0.114461 0.319851 0.199194
v 0.113991 0.321032 0.197829
v 0.112372 0.321693 0.197133
v 0.110528 0.321693 0.197224
v 0.108985 0.321032 0.198078
v 0.108653 0.319851 0.199482
v 0.109123 0.318670 0.200847
v 0.110743 0.318009 0.201543
v 0.112586 0.318009 0.201452
v 0.114129 0.318670 0.200598
f 3945 3946 3956
f 3945 3956 3955
f 3946 3947 3957
f 3946 3957 3956
f 3947 3948 3958
f 3947 3958 3957
f 3948 3949 3959
f 3948 3959 3958
f 3949 3950 3960
f 3949 3960 3959
f 3950 3951 3961
f 3950 3961 3960
f 3951 3952 3962
f 3951 3962 3961
f 3952 3953 3963
f 3952 3963 3962
f 3953 3954 3964
f 3953 3964 3963
f 3954 3945 3955
f 3954 3955 3964
v 0.111557 0.319851 0.199338
v 0.114228 0.318926 0.198720
v 0.116918 0.318195 0.197874
v 0.119646 0.317841 0.196582
v 0.122425 0.317986 0.194702
v 0.125257 0.318658 0.192199
v 0.128133 0.319778 0.189168
v 0.131037 0.321170 0.185817
v 0.133943 0.322583 0.182440
v 0.136823 0.323737 0.179369
v 0.139650 0.324365 0.176919
v 0.142403 0.324258 0.175336
v 0.145071 0.323302 0.174754
v 0.147654 0.321499 0.175173
v 0.150162 0.318961 0.176459
v 0.152618 0.315896 0.178366
v 0.155047 0.312572 0.180579
v 0.157479 0.309270 0.182766
v 0.159937 0.306240 0.184634
v 0.162441 0.303657 0.185972
v 0.164998 0.301601 0.186689
v 0.167606 0.300045 0.186816
v 0.170251 0.298865 0.186499
v 0.172916 0.297880 0.185952
v 0.170245 0.298805 0.186570
v 0.167554 0.299536 0.187416
v 0.164826 0.299890 0.188708
v 0.162048 0.299745 0.190588
v 0.159216 0.299073 0.193091
v 0.156339 0.297953 0.196122
v 0.153436 0.296561 0.199473
v 0.150529 0.295148 0.202850
v 0.147649 0.293994 0.205921
v 0.144822 0.293366 0.208371
v 0.142069 0.293473 0.209954
v 0.139401 0.294429 0.210536
v 0.136819 0.296232 0.210117
v 0.134311 0.298770 0.208831
v 0.131855 0.301834 0.206924
v 0.129426 0.305158 0.204711
v 0.126994 0.308460 0.202524
v 0.124535 0.311491 0.200657
v 0.122031 0.314074 0.199318
v 0.119474 0.316130 0.198602
v 0.116867 0.317686 0.198474
v 0.114222 0.318866 0.198792
f 3965 3966 3967
f 3965 3967 3966
f 3965 3967 3968
f 3965 3968 3967
f 3965 3968 3969
f 3965 3969 3968
f 3965 3969 3970
f 3965 3970 3969
f 3965 3970 3971
f 3965 3971 3970
f 3965 3971 3972
f 3965 3972 3971
f 3965 3972 3973
f 3965 3973 3972
f 3965 3973 3974
f 3965 3974 3973
f 3965 3974 3975
f 3965 3975 3974
f 3965 3975 3976
f 3965 3976 3975
f 3965 3976 3977
f 3965 3977 3976
f 3965 3977 3978
f 3965 3978 3977
f 3965 3978 3979
f 3965 3979 3978
f 3965 3979 3980
f 3965 3980 3979
f 3965 3980 3981
f 3965 3981 3980
f 3965 3981 3982
f 3965 3982 3981
f 3965 3982 3983
f 3965 3983 3982
f 3965 3983 3984
f 3965 3984 3983
f 3965 3984 3985
f 3965 3985 3984
f 3965 3985 3986
f 3965 3986 3985
f 3965 3986 3987
f 3965 3987 3986
f 3965 3987 3988
f 3965 3988 3987
f 3965 3988 3989
f 3965 3989 3988
f 3965 3989 3990
f 3965 3990 3989
f 3965 3990 3991
f 3965 3991 3990
f 3965 3991 3992
f 3965 3992 3991
f 3965 3992 3993
f 3965 3993 3992
f 3965 3993 3994
f 3965 3994 3993
f 3965 3994 3995
f 3965 3995 3994
f 3965 3995 3996
f 3965 3996 3995
f 3965 3996 3997
f 3965 3997 3996
f 3965 3997 3998
f 3965 3998 3997
f 3965 3998 3999
f 3965 3999 3998
f 3965 3999 4000
f 3965 4000 3999
f 3965 4000 4001
f 3965 4001 4000
f 3965 4001 4002
f 3965 4002 4001
f 3965 4002 4003
f 3965 4003 4002
f 3965 4003 4004
f 3965 4004 4003
f 3965 4004 4005
f 3965 4005 4004
f 3965 4005 4006
f 3965 4006 4005
f 3965 4006 4007
f 3965 4007 4006
f 3965 4007 4008
f 3965 4008 4007
f 3965 4008 4009
f 3965 4009 4008
f 3965 4009 4010
f 3965 4010 4009
v 0.111557 0.319851 0.199338
v 0.109904 0.318997 0.198781
v 0.108234 0.317833 0.198589
v 0.106546 0.316342 0.198781
v 0.104842 0.314560 0.199317
v 0.103125 0.312556 0.200114
v 0.101402 0.310429 0.201057
v 0.099678 0.308289 0.202014
v 0.097959 0.306253 0.202849
v 0.096253 0.304432 0.203431
v 0.094563 0.302916 0.203653
v 0.092895 0.301775 0.203434
v 0.091248 0.301042 0.202734
v 0.089625 0.300717 0.201553
v 0.088022 0.300766 0.199932
v 0.086436 0.301122 0.197950
v 0.084862 0.301692 0.195716
v 0.083294 0.302366 0.193359
v 0.081725 0.303027 0.191017
v 0.080149 0.303565 0.188821
v 0.078561 0.303881 0.186885
v 0.076957 0.303906 0.185293
v 0.075335 0.303604 0.184086
v 0.073695 0.302992 0.183243
v 0.075348 0.303846 0.183800
v 0.077018 0.305010 0.183992
v 0.078706 0.306501 0.183800
v 0.080411 0.308283 0.183264
v 0.082127 0.310286 0.182467
v 0.083851 0.312414 0.181524
v 0.085575 0.314554 0.180567
v 0.087293 0.316590 0.179733
v 0.088999 0.318411 0.179150
v 0.090689 0.319927 0.178929
v 0.092358 0.321068 0.179147
v 0.094004 0.321801 0.179847
v 0.095627 0.322126 0.181028
v 0.097230 0.322076 0.182649
v 0.098816 0.321721 0.184631
v 0.100390 0.321151 0.186865
v 0.101958 0.320477 0.189222
v 0.103527 0.319816 0.191564
v 0.105103 0.319278 0.193760
v 0.106691 0.318962 0.195696
v 0.108295 0.318937 0.197288
v 0.109918 0.319239 0.198495
f 4011 4012 4013
f 4011 4013 4012
f 4011 4013 4014
f 4011 4014 4013
f 4011 4014 4015
f 4011 4015 4014
f 4011 4015 4016
f 4011 4016 4015
f 4011 4016 4017
f 4011 4017 4016
f 4011 4017 4018
f 4011 4018 4017
f 4011 4018 4019
f 4011 4019 4018
f 4011 4019 4020
f 4011 4020 4019
f 4011 4020 4021
f 4011 4021 4020
f 4011 4021 4022
f 4011 4022 4021
f 4011 4022 4023
f 4011 4023 4022
f 4011 4023 4024
f 4011 4024 4023
f 4011 4024 4025
f 4011 4025 4024
f 4011 4025 4026
f 4011 4026 4025
f 4011 4026 4027
f 4011 4027 4026
f 4011 4027 4028
f 4011 4028 4027
f 4011 4028 4029
f 4011 4029 4028
f 4011 4029 4030
f 4011 4030 4029
f 4011 4030 4031
f 4011 4031 4030
f 4011 4031 4032
f 4011 4032 4031
f 4011 4032 4033
f 4011 4033 4032
f 4011 4033 4034
f 4011 4034 4033
f 4011 4034 4035
f 4011 4035 4034
f 4011 4035 4036
f 4011 4036 4035
f 4011 4036 4037
f 4011 4037 4036
f 4011 4037 4038
f 4011 4038 4037
f 4011 4038 4039
f 4011 4039 4038
f 4011 4039 4040
f 4011 4040 4039
f 4011 4040 4041
f 4011 4041 4040
f 4011 4041 4042
f 4011 4042 4041
f 4011 4042 4043
f 4011 4043 4042
f 4011 4043 4044
f 4011 4044 4043
f 4011 4044 4045
f 4011 4045 4044
f 4011 4045 4046
f 4011 4046 4045
f 4011 4046 4047
f 4011 4047 4046
f 4011 4047 4048
f 4011 4048 4047
f 4011 4048 4049
f 4011 4049 4048
f 4011 4049 4050
f 4011 4050 4049
f 4011 4050 4051
f 4011 4051 4050
f 4011 4051 4052
f 4011 4052 4051
f 4011 4052 4053
f 4011 4053 4052
f 4011 4053 4054
f 4011 4054 4053
f 4011 4054 4055
f 4011 4055 4054
f 4011 4055 4056
f 4011 4056 4055
v 0.082995 0.285213 0.166820
v 0.082507 0.289020 0.165583
v 0.079461 0.291152 0.163922
v 0.075692 0.291152 0.162605
v 0.072273 0.289020 0.162008
v 0.071121 0.285213 0.162673
v 0.071609 0.281406 0.163910
v 0.074656 0.279274 0.165571
v 0.078425 0.279274 0.166888
v 0.081843 0.281406 0.167484
v 0.068743 0.295120 0.201518
v 0.068411 0.297709 0.200677
v 0.066340 0.299159 0.199547
v 0.063777 0.299159 0.198652
v 0.061452 0.297709 0.198246
v 0.060669 0.295120 0.198698
v 0.061000 0.292531 0.199539
v 0.063072 0.291081 0.200669
v 0.065635 0.291081 0.201564
v 0.067960 0.292531 0.201970
f 4057 4058 4068
f 4057 4068 4067
f 4058 4059 4069
f 4058 4069 4068
f 4059 4060 4070
f 4059 4070 4069
f 4060 4061 4071
f 4060 4071 4070
f 4061 4062 4072
f 4061 4072 4071
f 4062 4063 4073
f 4062 4073 4072
f 4063 4064 4074
f 4063 4074 4073
f 4064 4065 4075
f 4064 4075 4074
f 4065 4066 4076
f 4065 4076 4075
f 4066 4057 4067
f 4066 4067 4076
v 0.064706 0.295120 0.200108
v 0.067355 0.294225 0.200576
v 0.070095 0.293568 0.201009
v 0.073025 0.293412 0.201368
v 0.076217 0.293950 0.201624
v 0.079698 0.295249 0.201767
v 0.083433 0.297218 0.201812
v 0.087330 0.299616 0.201793
v 0.091253 0.302083 0.201764
v 0.095045 0.304204 0.201786
v 0.098554 0.305577 0.201919
v 0.101660 0.305886 0.202209
v 0.104297 0.304957 0.202682
v 0.106465 0.302791 0.203338
v 0.108229 0.299560 0.204151
v 0.109711 0.295581 0.205075
v 0.111061 0.291255 0.206050
v 0.112437 0.287000 0.207015
v 0.113976 0.283173 0.207916
v 0.115769 0.280016 0.208719
v 0.117850 0.277620 0.209408
v 0.120194 0.275918 0.209996
v 0.122728 0.274717 0.210509
v 0.125352 0.273755 0.210987
v 0.122703 0.274650 0.210519
v 0.119963 0.275307 0.210086
v 0.117033 0.275463 0.209727
v 0.113841 0.274925 0.209471
v 0.110360 0.273626 0.209328
v 0.106625 0.271657 0.209283
v 0.102728 0.269259 0.209302
v 0.098805 0.266791 0.209331
v 0.095013 0.264670 0.209309
v 0.091504 0.263297 0.209176
v 0.088398 0.262988 0.208886
v 0.085761 0.263917 0.208413
v 0.083593 0.266084 0.207757
v 0.081829 0.269315 0.206944
v 0.080347 0.273294 0.206020
v 0.078997 0.277619 0.205045
v 0.077621 0.281875 0.204080
v 0.076082 0.285702 0.203179
v 0.074289 0.288859 0.202376
v 0.072208 0.291255 0.201687
v 0.069864 0.292956 0.201099
v 0.067330 0.294158 0.200586
f 4077 4078 4079
f 4077 4079 4078
f 4077 4079 4080
f 4077 4080 4079
f 4077 4080 4081
f 4077 4081 4080
f 4077 4081 4082
f 4077 4082 4081
f 4077 4082 4083
f 4077 4083 4082
f 4077 4083 4084
f 4077 4084 4083
f 4077 4084 4085
f 4077 4085 4084
f 4077 4085 4086
f 4077 4086 4085
f 4077 4086 4087
f 4077 4087 4086
f 4077 4087 4088
f 4077 4088 4087
f 4077 4088 4089
f 4077 4089 4088
f 4077 4089 4090
f 4077 4090 4089
f 4077 4090 4091
f 4077 4091 4090
f 4077 4091 4092
f 4077 4092 4091
f 4077 4092 4093
f 4077 4093 4092
f 4077 4093 4094
f 4077 4094 4093
f 4077 4094 4095
f 4077 4095 4094
f 4077 4095 4096
f 4077 4096 4095
f 4077 4096 4097
f 4077 4097 4096
f 4077 4097 4098
f 4077 4098 4097
f 4077 4098 4099
f 4077 4099 4098
f 4077 4099 4100
f 4077 4100 4099
f 4077 4100 4101
f 4077 4101 4100
f 4077 4101 4102
f 4077 4102 4101
f 4077 4102 4103
f 4077 4103 4102
f 4077 4103 4104
f 4077 4104 4103
f 4077 4104 4105
f 4077 4105 4104
f 4077 4105 4106
f 4077 4106 4105
f 4077 4106 4107
f 4077 4107 4106
f 4077 4107 4108
f 4077 4108 4107
f 4077 4108 4109
f 4077 4109 4108
f 4077 4109 4110
f 4077 4110 4109
f 4077 4110 4111
f 4077 4111 4110
f 4077 4111 4112
f 4077 4112 4111
f 4077 4112 4113
f 4077 4113 4112
f 4077 4113 4114
f 4077 4114 4113
f 4077 4114 4115
f 4077 4115 4114
f 4077 4115 4116
f 4077 4116 4115
f 4077 4116 4117
f 4077 4117 4116
f 4077 4117 4118
f 4077 4118 4117
f 4077 4118 4119
f 4077 4119 4118
f 4077 4119 4120
f 4077 4120 4119
f 4077 4120 4121
f 4077 4121 4120
f 4077 4121 4122
f 4077 4122 4121
v 0.068963 0.295120 0.200510
v 0.068280 0.297599 0.201461
v 0.065909 0.298988 0.201807
v 0.063206 0.298988 0.201552
v 0.060941 0.297599 0.200769
v 0.060448 0.295120 0.199707
v 0.061131 0.292641 0.198755
v 0.063503 0.291252 0.198410
v 0.066205 0.291252 0.198664
v 0.068470 0.292641 0.199447
v 0.065866 0.287580 0.218780
v 0.065402 0.289266 0.219427
v 0.063789 0.290210 0.219662
v 0.061952 0.290210 0.219489
v 0.060411 0.289266 0.218957
v 0.060076 0.287580 0.218234
v 0.060540 0.285894 0.217587
v 0.062153 0.284950 0.217352
v 0.063991 0.284950 0.217525
v 0.065531 0.285894 0.218058
f 4123 4124 4134
f 4123 4134 4133
f 4124 4125 4135
f 4124 4135 4134
f 4125 4126 4136
f 4125 4136 4135
f 4126 4127 4137
f 4126 4137 4136
f 4127 4128 4138
f 4127 4138 4137
f 4128 4129 4139
f 4128 4139 4138
f 4129 4130 4140
f 4129 4140 4139
f 4130 4131 4141
f 4130 4141 4140
f 4131 4132 4142
f 4131 4142 4141
f 4132 4123 4133
f 4132 4133 4142
v 0.062971 0.287580 0.218507
v 0.065906 0.288387 0.218072
v 0.068811 0.290016 0.217970
v 0.071688 0.292358 0.218158
v 0.074543 0.295259 0.218573
v 0.077385 0.298530 0.219138
v 0.080221 0.301957 0.219767
v 0.083060 0.305316 0.220368
v 0.085909 0.308388 0.220853
v 0.088777 0.310977 0.221141
v 0.091669 0.312919 0.221166
v 0.094590 0.314102 0.220883
v 0.097542 0.314464 0.220267
v 0.100525 0.314006 0.219317
v 0.103538 0.312788 0.218059
v 0.106574 0.310925 0.216539
v 0.109629 0.308577 0.214821
v 0.112695 0.305943 0.212988
v 0.115763 0.303240 0.211126
v 0.118826 0.300694 0.209328
v 0.121874 0.298518 0.207681
v 0.124902 0.296901 0.206261
v 0.127902 0.295996 0.205130
v 0.130871 0.295914 0.204333
v 0.127936 0.295107 0.204768
v 0.125031 0.293477 0.204870
v 0.122154 0.291136 0.204682
v 0.119298 0.288235 0.204267
v 0.116457 0.284964 0.203702
v 0.113621 0.281536 0.203073
v 0.110782 0.278177 0.202472
v 0.107933 0.275105 0.201987
v 0.105065 0.272517 0.201699
v 0.102173 0.270574 0.201673
v 0.099252 0.269392 0.201957
v 0.096300 0.269030 0.202573
v 0.093317 0.269487 0.203522
v 0.090304 0.270705 0.204781
v 0.087268 0.272569 0.206301
v 0.084213 0.274916 0.208018
v 0.081147 0.277551 0.209852
v 0.078079 0.280253 0.211713
v 0.075016 0.282800 0.213511
v 0.071968 0.284976 0.215159
v 0.068940 0.286592 0.216579
v 0.065940 0.287497 0.217710
f 4143 4144 4145
f 4143 4145 4144
f 4143 4145 4146
f 4143 4146 4145
f 4143 4146 4147
f 4143 4147 4146
f 4143 4147 4148
f 4143 4148 4147
f 4143 4148 4149
f 4143 4149 4148
f 4143 4149 4150
f 4143 4150 4149
f 4143 4150 4151
f 4143 4151 4150
f 4143 4151 4152
f 4143 4152 4151
f 4143 4152 4153
f 4143 4153 4152
f 4143 4153 4154
f 4143 4154 4153
f 4143 4154 4155
f 4143 4155 4154
f 4143 4155 4156
f 4143 4156 4155
f 4143 4156 4157
f 4143 4157 4156
f 4143 4157 4158
f 4143 4158 4157
f 4143 4158 4159
f 4143 4159 4158
f 4143 4159 4160
f 4143 4160 4159
f 4143 4160 4161
f 4143 4161 4160
f 4143 4161 4162
f 4143 4162 4161
f 4143 4162 4163
f 4143 4163 4162
f 4143 4163 4164
f 4143 4164 4163
f 4143 4164 4165
f 4143 4165 4164
f 4143 4165 4166
f 4143 4166 4165
f 4143 4166 4167
f 4143 4167 4166
f 4143 4167 4168
f 4143 4168 4167
f 4143 4168 4169
f 4143 4169 4168
f 4143 4169 4170
f 4143 4170 4169
f 4143 4170 4171
f 4143 4171 4170
f 4143 4171 4172
f 4143 4172 4171
f 4143 4172 4173
f 4143 4173 4172
f 4143 4173 4174
f 4143 4174 4173
f 4143 4174 4175
f 4143 4175 4174
f 4143 4175 4176
f 4143 4176 4175
f 4143 4176 4177
f 4143 4177 4176
f 4143 4177 4178
f 4143 4178 4177
f 4143 4178 4179
f 4143 4179 4178
f 4143 4179 4180
f 4143 4180 4179
f 4143 4180 4181
f 4143 4181 4180
f 4143 4181 4182
f 4143 4182 4181
f 4143 4182 4183
f 4143 4183 4182
f 4143 4183 4184
f 4143 4184 4183
f 4143 4184 4185
f 4143 4185 4184
f 4143 4185 4186
f 4143 4186 4185
f 4143 4186 4187
f 4143 4187 4186
f 4143 4187 4188
f 4143 4188 4187
v 0.062971 0.287580 0.218507
v 0.061406 0.288069 0.217561
v 0.059750 0.288114 0.216423
v 0.058005 0.287715 0.215096
v 0.056182 0.286935 0.213605
v 0.054302 0.285876 0.211994
v 0.052393 0.284671 0.210320
v 0.050484 0.283466 0.208647
v 0.048606 0.282414 0.207039
v 0.046787 0.281653 0.205557
v 0.045052 0.281302 0.204250
v 0.043416 0.281445 0.203154
v 0.041889 0.282125 0.202290
v 0.040471 0.283344 0.201656
v 0.039154 0.285055 0.201233
v 0.037919 0.287177 0.200987
v 0.036743 0.289590 0.200865
v 0.035599 0.292155 0.200809
v 0.034454 0.294721 0.200753
v 0.033280 0.297141 0.200635
v 0.032049 0.299282 0.200397
v 0.030741 0.301041 0.199995
v 0.029343 0.302357 0.199403
v 0.027855 0.303229 0.198620
v 0.029421 0.302739 0.199567
v 0.031076 0.302695 0.200704
v 0.032822 0.303093 0.202031
v 0.034645 0.303873 0.203522
v 0.036524 0.304932 0.205133
v 0.038433 0.306138 0.206807
v 0.040342 0.307342 0.208480
v 0.042220 0.308395 0.210088
v 0.044039 0.309155 0.211571
v 0.045775 0.309506 0.212878
v 0.047411 0.309363 0.213973
v 0.048937 0.308683 0.214838
v 0.050355 0.307465 0.215472
v 0.051673 0.305753 0.215894
v 0.052908 0.303632 0.216140
v 0.054083 0.301219 0.216262
v 0.055228 0.298653 0.216318
v 0.056372 0.296087 0.216374
v 0.057546 0.293667 0.216492
v 0.058777 0.291527 0.216731
v 0.060085 0.289767 0.217133
v 0.061483 0.288451 0.217725
f 4189 4190 4191
f 4189 4191 4190
f 4189 4191 4192
f 4189 4192 4191
f 4189 4192 4193
f 4189 4193 4192
f 4189 4193 4194
f 4189 4194 4193
f 4189 4194 4195
f 4189 4195 4194
f 4189 4195 4196
f 4189 4196 4195
f 4189 4196 4197
f 4189 4197 4196
f 4189 4197 4198
f 4189 4198 4197
f 4189 4198 4199
f 4189 4199 4198
f 4189 4199 4200
f 4189 4200 4199
f 4189 4200 4201
f 4189 4201 4200
f 4189 4201 4202
f 4189 4202 4201
f 4189 4202 4203
f 4189 4203 4202
f 4189 4203 4204
f 4189 4204 4203
f 4189 4204 4205
f 4189 4205 4204
f 4189 4205 4206
f 4189 4206 4205
f 4189 4206 4207
f 4189 4207 4206
f 4189 4207 4208
f 4189 4208 4207
f 4189 4208 4209
f 4189 4209 4208
f 4189 4209 4210
f 4189 4210 4209
f 4189 4210 4211
f 4189 4211 4210
f 4189 4211 4212
f 4189 4212 4211
f 4189 4212 4213
f 4189 4213 4212
f 4189 4213 4214
f 4189 4214 4213
f 4189 4214 4215
f 4189 4215 4214
f 4189 4215 4216
f 4189 4216 4215
f 4189 4216 4217
f 4189 4217 4216
f 4189 4217 4218
f 4189 4218 4217
f 4189 4218 4219
f 4189 4219 4218
f 4189 4219 4220
f 4189 4220 4219
f 4189 4220 4221
f 4189 4221 4220
f 4189 4221 4222
f 4189 4222 4221
f 4189 4222 4223
f 4189 4223 4222
f 4189 4223 4224
f 4189 4224 4223
f 4189 4224 4225
f 4189 4225 4224
f 4189 4225 4226
f 4189 4226 4225
f 4189 4226 4227
f 4189 4227 4226
f 4189 4227 4228
f 4189 4228 4227
f 4189 4228 4229
f 4189 4229 4228
f 4189 4229 4230
f 4189 4230 4229
f 4189 4230 4231
f 4189 4231 4230
f 4189 4231 4232
f 4189 4232 4231
f 4189 4232 4233
f 4189 4233 4232
f 4189 4233 4234
f 4189 4234 4233
v 0.067871 0.295120 0.197233
v 0.066458 0.297370 0.196555
v 0.064188 0.298631 0.197519
v 0.062179 0.298631 0.199345
v 0.061002 0.297370 0.201512
v 0.061541 0.295120 0.202984
v 0.062954 0.292870 0.203661
v 0.065224 0.291610 0.202697
v 0.067233 0.291610 0.200871
v 0.068410 0.292870 0.198704
v 0.080397 0.308107 0.213055
v 0.079436 0.309637 0.212594
v 0.077892 0.310494 0.213250
v 0.076526 0.310494 0.214491
v 0.075726 0.309637 0.215965
v 0.076092 0.308107 0.216965
v 0.077053 0.306577 0.217426
v 0.078597 0.305720 0.216770
v 0.079963 0.305720 0.215529
v 0.080763 0.306577 0.214055
f 4235 4236 4246
f 4235 4246 4245
f 4236 4237 4247
f 4236 4247 4246
f 4237 4238 4248
f 4237 4248 4247
f 4238 4239 4249
f 4238 4249 4248
f 4239 4240 4250
f 4239 4250 4249
f 4240 4241 4251
f 4240 4251 4250
f 4241 4242 4252
f 4241 4252 4251
f 4242 4243 4253
f 4242 4253 4252
f 4243 4244 4254
f 4243 4254 4253
f 4244 4235 4245
f 4244 4245 4254
v 0.078245 0.308107 0.215010
v 0.078918 0.308205 0.213308
v 0.079346 0.308743 0.211445
v 0.079561 0.309663 0.209443
v 0.079609 0.310882 0.207332
v 0.079547 0.312300 0.205148
v 0.079438 0.313802 0.202934
v 0.079349 0.315267 0.200733
v 0.079346 0.316578 0.198588
v 0.079487 0.317630 0.196537
v 0.079821 0.318336 0.194613
v 0.080383 0.318635 0.192838
v 0.081189 0.318495 0.191223
v 0.082240 0.317915 0.189769
v 0.083517 0.316928 0.188463
v 0.084988 0.315595 0.187283
v 0.086603 0.314003 0.186198
v 0.088304 0.312258 0.185170
v 0.090025 0.310476 0.184154
v 0.091700 0.308777 0.183108
v 0.093264 0.307277 0.181990
v 0.094661 0.306076 0.180762
v 0.095845 0.305257 0.179395
v 0.096784 0.304879 0.177867
v 0.096111 0.304781 0.179569
v 0.095683 0.304243 0.181431
v 0.095468 0.303323 0.183433
v 0.095419 0.302104 0.185545
v 0.095482 0.300686 0.187729
v 0.095591 0.299184 0.189943
v 0.095680 0.297719 0.192144
v 0.095683 0.296408 0.194289
v 0.095541 0.295356 0.196339
v 0.095207 0.294650 0.198263
v 0.094646 0.294351 0.200039
v 0.093840 0.294491 0.201653
v 0.092789 0.295071 0.203108
v 0.091511 0.296058 0.204414
v 0.090040 0.297390 0.205593
v 0.088425 0.298983 0.206678
v 0.086724 0.300728 0.207707
v 0.085003 0.302510 0.208722
v 0.083329 0.304209 0.209768
v 0.081765 0.305709 0.210887
v 0.080368 0.306909 0.212115
v 0.079183 0.307728 0.213482
f 4255 4256 4257
f 4255 4257 4256
f 4255 4257 4258
f 4255 4258 4257
f 4255 4258 4259
f 4255 4259 4258
f 4255 4259 4260
f 4255 4260 4259
f 4255 4260 4261
f 4255 4261 4260
f 4255 4261 4262
f 4255 4262 4261
f 4255 4262 4263
f 4255 4263 4262
f 4255 4263 4264
f 4255 4264 4263
f 4255 4264 4265
f 4255 4265 4264
f 4255 4265 4266
f 4255 4266 4265
f 4255 4266 4267
f 4255 4267 4266
f 4255 4267 4268
f 4255 4268 4267
f 4255 4268 4269
f 4255 4269 4268
f 4255 4269 4270
f 4255 4270 4269
f 4255 4270 4271
f 4255 4271 4270
f 4255 4271 4272
f 4255 4272 4271
f 4255 4272 4273
f 4255 4273 4272
f 4255 4273 4274
f 4255 4274 4273
f 4255 4274 4275
f 4255 4275 4274
f 4255 4275 4276
f 4255 4276 4275
f 4255 4276 4277
f 4255 4277 4276
f 4255 4277 4278
f 4255 4278 4277
f 4255 4278 4279
f 4255 4279 4278
f 4255 4279 4280
f 4255 4280 4279
f 4255 4280 4281
f 4255 4281 4280
f 4255 4281 4282
f 4255 4282 4281
f 4255 4282 4283
f 4255 4283 4282
f 4255 4283 4284
f 4255 4284 4283
f 4255 4284 4285
f 4255 4285 4284
f 4255 4285 4286
f 4255 4286 4285
f 4255 4286 4287
f 4255 4287 4286
f 4255 4287 4288
f 4255 4288 4287
f 4255 4288 4289
f 4255 4289 4288
f 4255 4289 4290
f 4255 4290 4289
f 4255 4290 4291
f 4255 4291 4290
f 4255 4291 4292
f 4255 4292 4291
f 4255 4292 4293
f 4255 4293 4292
f 4255 4293 4294
f 4255 4294 4293
f 4255 4294 4295
f 4255 4295 4294
f 4255 4295 4296
f 4255 4296 4295
f 4255 4296 4297
f 4255 4297 4296
f 4255 4297 4298
f 4255 4298 4297
f 4255 4298 4299
f 4255 4299 4298
f 4255 4299 4300
f 4255 4300 4299
v 0.078245 0.308107 0.215010
v 0.076890 0.307488 0.216204
v 0.075609 0.306761 0.217426
v 0.074503 0.305772 0.218717
v 0.073663 0.304388 0.220110
v 0.073135 0.302541 0.221624
v 0.072899 0.300258 0.223252
v 0.072868 0.297671 0.224959
v 0.072895 0.294999 0.226688
v 0.072799 0.292507 0.228371
v 0.072403 0.290463 0.229936
v 0.071564 0.289078 0.231330
v 0.070201 0.288472 0.232521
v 0.068315 0.288644 0.233508
v 0.065984 0.289477 0.234324
v 0.063354 0.290756 0.235024
v 0.060601 0.292216 0.235676
v 0.057907 0.293591 0.236350
v 0.055416 0.294662 0.237104
v 0.053219 0.295297 0.237971
v 0.051333 0.295469 0.238959
v 0.049713 0.295245 0.240050
v 0.048268 0.294761 0.241209
v 0.046896 0.294167 0.242397
v 0.048251 0.294786 0.241203
v 0.049532 0.295513 0.239980
v 0.050638 0.296502 0.238690
v 0.051478 0.297886 0.237297
v 0.052006 0.299733 0.235782
v 0.052242 0.302016 0.234154
v 0.052273 0.304603 0.232448
v 0.052247 0.307275 0.230718
v 0.052342 0.309767 0.229036
v 0.052738 0.311811 0.227470
v 0.053577 0.313196 0.226077
v 0.054940 0.313802 0.224886
v 0.056826 0.313630 0.223898
v 0.059157 0.312797 0.223082
v 0.061787 0.311518 0.222383
v 0.064540 0.310058 0.221731
v 0.067234 0.308683 0.221056
v 0.069725 0.307612 0.220303
v 0.071922 0.306977 0.219435
v 0.073808 0.306805 0.218447
v 0.075428 0.307029 0.217356
v 0.076873 0.307513 0.216197
f 4301 4302 4303
f 4301 4303 4302
f 4301 4303 4304
f 4301 4304 4303
f 4301 4304 4305
f 4301 4305 4304
f 4301 4305 4306
f 4301 4306 4305
f 4301 4306 4307
f 4301 4307 4306
f 4301 4307 4308
f 4301 4308 4307
f 4301 4308 4309
f 4301 4309 4308
f 4301 4309 4310
f 4301 4310 4309
f 4301 4310 4311
f 4301 4311 4310
f 4301 4311 4312
f 4301 4312 4311
f 4301 4312 4313
f 4301 4313 4312
f 4301 4313 4314
f 4301 4314 4313
f 4301 4314 4315
f 4301 4315 4314
f 4301 4315 4316
f 4301 4316 4315
f 4301 4316 4317
f 4301 4317 4316
f 4301 4317 4318
f 4301 4318 4317
f 4301 4318 4319
f 4301 4319 4318
f 4301 4319 4320
f 4301 4320 4319
f 4301 4320 4321
f 4301 4321 4320
f 4301 4321 4322
f 4301 4322 4321
f 4301 4322 4323
f 4301 4323 4322
f 4301 4323 4324
f 4301 4324 4323
f 4301 4324 4325
f 4301 4325 4324
f 4301 4325 4326
f 4301 4326 4325
f 4301 4326 4327
f 4301 4327 4326
f 4301 4327 4328
f 4301 4328 4327
f 4301 4328 4329
f 4301 4329 4328
f 4301 4329 4330
f 4301 4330 4329
f 4301 4330 4331
f 4301 4331 4330
f 4301 4331 4332
f 4301 4332 4331
f 4301 4332 4333
f 4301 4333 4332
f 4301 4333 4334
f 4301 4334 4333
f 4301 4334 4335
f 4301 4335 4334
f 4301 4335 4336
f 4301 4336 4335
f 4301 4336 4337
f 4301 4337 4336
f 4301 4337 4338
f 4301 4338 4337
f 4301 4338 4339
f 4301 4339 4338
f 4301 4339 4340
f 4301 4340 4339
f 4301 4340 4341
f 4301 4341 4340
f 4301 4341 4342
f 4301 4342 4341
f 4301 4342 4343
f 4301 4343 4342
f 4301 4343 4344
f 4301 4344 4343
f 4301 4344 4345
f 4301 4345 4344
f 4301 4345 4346
f 4301 4346 4345
v 0.067268 0.295120 0.203532
v 0.068342 0.297118 0.201991
v 0.067747 0.298236 0.199528
v 0.066120 0.298236 0.197355
v 0.063926 0.297118 0.196089
v 0.062144 0.295120 0.196684
v 0.061070 0.293122 0.198225
v 0.061665 0.292004 0.200688
v 0.063292 0.292004 0.202862
v 0.065486 0.293122 0.204128
v 0.053723 0.309308 0.211957
v 0.054453 0.310666 0.210909
v 0.054049 0.311427 0.209235
v 0.052943 0.311427 0.207757
v 0.051450 0.310666 0.206896
v 0.050239 0.309308 0.207301
v 0.049508 0.307949 0.208349
v 0.049913 0.307188 0.210023
v 0.051019 0.307188 0.211501
v 0.052511 0.307949 0.212362
f 4347 4348 4358
f 4347 4358 4357
f 4348 4349 4359
f 4348 4359 4358
f 4349 4350 4360
f 4349 4360 4359
f 4350 4351 4361
f 4350 4361 4360
f 4351 4352 4362
f 4351 4362 4361
f 4352 4353 4363
f 4352 4363 4362
f 4353 4354 4364
f 4353 4364 4363
f 4354 4355 4365
f 4354 4365 4364
f 4355 4356 4366
f 4355 4366 4365
f 4356 4347 4357
f 4356 4357 4366
v 0.051981 0.309308 0.209629
v 0.054206 0.309322 0.211214
v 0.056776 0.309875 0.212458
v 0.059682 0.310952 0.213370
v 0.062873 0.312473 0.214000
v 0.066268 0.314314 0.214428
v 0.069768 0.316317 0.214752
v 0.073261 0.318311 0.215083
v 0.076636 0.320120 0.215531
v 0.079789 0.321583 0.216198
v 0.082634 0.322564 0.217171
v 0.085108 0.322966 0.218510
v 0.087179 0.322741 0.220248
v 0.088848 0.321886 0.222384
v 0.090146 0.320453 0.224886
v 0.091135 0.318539 0.227694
v 0.091903 0.316278 0.230721
v 0.092552 0.313833 0.233865
v 0.093194 0.311378 0.237016
v 0.093942 0.309085 0.240063
v 0.094894 0.307112 0.242908
v 0.096130 0.305584 0.245471
v 0.097703 0.304579 0.247702
v 0.099620 0.304113 0.249592
v 0.097395 0.304099 0.248007
v 0.094824 0.303546 0.246763
v 0.091918 0.302469 0.245851
v 0.088728 0.300948 0.245221
v 0.085333 0.299107 0.244793
v 0.081833 0.297103 0.244468
v 0.078339 0.295109 0.244138
v 0.074964 0.293300 0.243690
v 0.071811 0.291838 0.243022
v 0.068967 0.290857 0.242050
v 0.066493 0.290454 0.240711
v 0.064422 0.290680 0.238973
v 0.062753 0.291535 0.236837
v 0.061455 0.292967 0.234335
v 0.060466 0.294881 0.231527
v 0.059698 0.297142 0.228500
v 0.059049 0.299588 0.225356
v 0.058406 0.302043 0.222205
v 0.057659 0.304335 0.219158
v 0.056707 0.306308 0.216313
v 0.055470 0.307837 0.213750
v 0.053898 0.308841 0.211519
f 4367 4368 4369
f 4367 4369 4368
f 4367 4369 4370
f 4367 4370 4369
f 4367 4370 4371
f 4367 4371 4370
f 4367 4371 4372
f 4367 4372 4371
f 4367 4372 4373
f 4367 4373 4372
f 4367 4373 4374
f 4367 4374 4373
f 4367 4374 4375
f 4367 4375 4374
f 4367 4375 4376
f 4367 4376 4375
f 4367 4376 4377
f 4367 4377 4376
f 4367 4377 4378
f 4367 4378 4377
f 4367 4378 4379
f 4367 4379 4378
f 4367 4379 4380
f 4367 4380 4379
f 4367 4380 4381
f 4367 4381 4380
f 4367 4381 4382
f 4367 4382 4381
f 4367 4382 4383
f 4367 4383 4382
f 4367 4383 4384
f 4367 4384 4383
f 4367 4384 4385
f 4367 4385 4384
f 4367 4385 4386
f 4367 4386 4385
f 4367 4386 4387
f 4367 4387 4386
f 4367 4387 4388
f 4367 4388 4387
f 4367 4388 4389
f 4367 4389 4388
f 4367 4389 4390
f 4367 4390 4389
f 4367 4390 4391
f 4367 4391 4390
f 4367 4391 4392
f 4367 4392 4391
f 4367 4392 4393
f 4367 4393 4392
f 4367 4393 4394
f 4367 4394 4393
f 4367 4394 4395
f 4367 4395 4394
f 4367 4395 4396
f 4367 4396 4395
f 4367 4396 4397
f 4367 4397 4396
f 4367 4397 4398
f 4367 4398 4397
f 4367 4398 4399
f 4367 4399 4398
f 4367 4399 4400
f 4367 4400 4399
f 4367 4400 4401
f 4367 4401 4400
f 4367 4401 4402
f 4367 4402 4401
f 4367 4402 4403
f 4367 4403 4402
f 4367 4403 4404
f 4367 4404 4403
f 4367 4404 4405
f 4367 4405 4404
f 4367 4405 4406
f 4367 4406 4405
f 4367 4406 4407
f 4367 4407 4406
f 4367 4407 4408
f 4367 4408 4407
f 4367 4408 4409
f 4367 4409 4408
f 4367 4409 4410
f 4367 4410 4409
f 4367 4410 4411
f 4367 4411 4410
f 4367 4411 4412
f 4367 4412 4411
v 0.051981 0.309308 0.209629
v 0.050798 0.308303 0.208167
v 0.049510 0.307046 0.206943
v 0.048071 0.305426 0.206058
v 0.046469 0.303411 0.205541
v 0.044720 0.301042 0.205357
v 0.042866 0.298418 0.205411
v 0.040966 0.295686 0.205567
v 0.039092 0.293016 0.205663
v 0.037318 0.290587 0.205535
v 0.035708 0.288554 0.205036
v 0.034312 0.287035 0.204056
v 0.033155 0.286093 0.202537
v 0.032237 0.285728 0.200477
v 0.031532 0.285876 0.197937
v 0.030991 0.286421 0.195025
v 0.030550 0.287206 0.191890
v 0.030135 0.288054 0.188694
v 0.029676 0.288794 0.185601
v 0.029110 0.289278 0.182746
v 0.028397 0.289408 0.180223
v 0.027521 0.289144 0.178068
v 0.026495 0.288517 0.176254
v 0.025363 0.287637 0.174676
v 0.026546 0.288641 0.176138
v 0.027834 0.289898 0.177363
v 0.029273 0.291519 0.178248
v 0.030875 0.293533 0.178764
v 0.032624 0.295902 0.178948
v 0.034478 0.298526 0.178894
v 0.036378 0.301259 0.178738
v 0.038252 0.303928 0.178642
v 0.040026 0.306357 0.178770
v 0.041636 0.308390 0.179269
v 0.043032 0.309909 0.180249
v 0.044189 0.310851 0.181769
v 0.045107 0.311217 0.183828
v 0.045812 0.311068 0.186368
v 0.046353 0.310523 0.189280
v 0.046794 0.309739 0.192416
v 0.047209 0.308890 0.195611
v 0.047669 0.308151 0.198704
v 0.048234 0.307666 0.201559
v 0.048947 0.307536 0.204082
v 0.049823 0.307800 0.206237
v 0.050849 0.308427 0.208051
f 4413 4414 4415
f 4413 4415 4414
f 4413 4415 4416
f 4413 4416 4415
f 4413 4416 4417
f 4413 4417 4416
f 4413 4417 4418
f 4413 4418 4417
f 4413 4418 4419
f 4413 4419 4418
f 4413 4419 4420
f 4413 4420 4419
f 4413 4420 4421
f 4413 4421 4420
f 4413 4421 4422
f 4413 4422 4421
f 4413 4422 4423
f 4413 4423 4422
f 4413 4423 4424
f 4413 4424 4423
f 4413 4424 4425
f 4413 4425 4424
f 4413 4425 4426
f 4413 4426 4425
f 4413 4426 4427
f 4413 4427 4426
f 4413 4427 4428
f 4413 4428 4427
f 4413 4428 4429
f 4413 4429 4428
f 4413 4429 4430
f 4413 4430 4429
f 4413 4430 4431
f 4413 4431 4430
f 4413 4431 4432
f 4413 4432 4431
f 4413 4432 4433
f 4413 4433 4432
f 4413 4433 4434
f 4413 4434 4433
f 4413 4434 4435
f 4413 4435 4434
f 4413 4435 4436
f 4413 4436 4435
f 4413 4436 4437
f 4413 4437 4436
f 4413 4437 4438
f 4413 4438 4437
f 4413 4438 4439
f 4413 4439 4438
f 4413 4439 4440
f 4413 4440 4439
f 4413 4440 4441
f 4413 4441 4440
f 4413 4441 4442
f 4413 4442 4441
f 4413 4442 4443
f 4413 4443 4442
f 4413 4443 4444
f 4413 4444 4443
f 4413 4444 4445
f 4413 4445 4444
f 4413 4445 4446
f 4413 4446 4445
f 4413 4446 4447
f 4413 4447 4446
f 4413 4447 4448
f 4413 4448 4447
f 4413 4448 4449
f 4413 4449 4448
f 4413 4449 4450
f 4413 4450 4449
f 4413 4450 4451
f 4413 4451 4450
f 4413 4451 4452
f 4413 4452 4451
f 4413 4452 4453
f 4413 4453 4452
f 4413 4453 4454
f 4413 4454 4453
f 4413 4454 4455
f 4413 4455 4454
f 4413 4455 4456
f 4413 4456 4455
f 4413 4456 4457
f 4413 4457 4456
f 4413 4457 4458
f 4413 4458 4457
v 0.047603 0.303028 0.090232
v 0.044113 0.307591 0.091706
v 0.042400 0.310146 0.096845
v 0.042728 0.310146 0.102707
v 0.045003 0.307591 0.107623
v 0.048635 0.303028 0.108699
v 0.052125 0.298466 0.107225
v 0.053838 0.295911 0.102086
v 0.053511 0.295911 0.096224
v 0.051235 0.298466 0.091308
v 0.111839 0.353194 0.089605
v 0.109466 0.356296 0.090607
v 0.108301 0.358034 0.094102
v 0.108524 0.358034 0.098088
v 0.110071 0.356296 0.101431
v 0.112541 0.353194 0.102162
v 0.114915 0.350091 0.101160
v 0.116080 0.348354 0.097665
v 0.115857 0.348354 0.093679
v 0.114309 0.350091 0.090336
f 4459 4460 4470
f 4459 4470 4469
f 4460 4461 4471
f 4460 4471 4470
f 4461 4462 4472
f 4461 4472 4471
f 4462 4463 4473
f 4462 4473 4472
f 4463 4464 4474
f 4463 4474 4473
f 4464 4465 4475
f 4464 4475 4474
f 4465 4466 4476
f 4465 4476 4475
f 4466 4467 4477
f 4466 4477 4476
f 4467 4468 4478
f 4467 4478 4477
f 4468 4459 4469
f 4468 4469 4478
v 0.112875 0.353194 0.089632
v 0.112365 0.357109 0.090450
v 0.111759 0.359302 0.093828
v 0.111325 0.359302 0.097797
v 0.111185 0.357109 0.101226
v 0.111506 0.353194 0.102135
v 0.112016 0.349278 0.101317
v 0.112622 0.347085 0.097939
v 0.113056 0.347085 0.093970
v 0.113196 0.349278 0.090541
v 0.156039 0.357854 0.096385
v 0.155693 0.360517 0.096941
v 0.155281 0.362008 0.099238
v 0.154985 0.362008 0.101937
v 0.154890 0.360517 0.104269
v 0.155108 0.357854 0.104887
v 0.155455 0.355192 0.104331
v 0.155867 0.353700 0.102033
v 0.156163 0.353700 0.099335
v 0.156258 0.355192 0.097003
f 4479 4480 4490
f 4479 4490 4489
f 4480 4481 4491
f 4480 4491 4490
f 4481 4482 4492
f 4481 4492 4491
f 4482 4483 4493
f 4482 4493 4492
f 4483 4484 4494
f 4483 4494 4493
f 4484 4485 4495
f 4484 4495 4494
f 4485 4486 4496
f 4485 4496 4495
f 4486 4487 4497
f 4486 4497 4496
f 4487 4488 4498
f 4487 4498 4497
f 4488 4479 4489
f 4488 4489 4498
v 0.155574 0.357854 0.100636
v 0.155139 0.357680 0.098564
v 0.154680 0.357749 0.096473
v 0.154177 0.358264 0.094344
v 0.153618 0.359346 0.092167
v 0.153003 0.361007 0.089942
v 0.152340 0.363146 0.087677
v 0.151651 0.365559 0.085389
v 0.150962 0.367972 0.083101
v 0.150302 0.370081 0.080838
v 0.149701 0.371601 0.078625
v 0.149179 0.372313 0.076479
v 0.148748 0.372097 0.074411
v 0.148408 0.370954 0.072421
v 0.148147 0.369002 0.070499
v 0.147944 0.366462 0.068626
v 0.147772 0.363617 0.066779
v 0.147599 0.360773 0.064932
v 0.147399 0.358202 0.063062
v 0.147152 0.356110 0.061151
v 0.146849 0.354597 0.059192
v 0.146490 0.353650 0.057186
v 0.146086 0.353149 0.055142
v 0.145660 0.352892 0.053078
v 0.146095 0.353066 0.055149
v 0.146554 0.352997 0.057241
v 0.147057 0.352482 0.059370
v 0.147615 0.351401 0.061546
v 0.148231 0.349740 0.063771
v 0.148893 0.347601 0.066037
v 0.149582 0.345187 0.068325
v 0.150272 0.342774 0.070613
v 0.150931 0.340666 0.072876
v 0.151533 0.339145 0.075089
v 0.152055 0.338433 0.077234
v 0.152486 0.338649 0.079302
v 0.152826 0.339793 0.081292
v 0.153086 0.341744 0.083214
v 0.153289 0.344285 0.085087
v 0.153462 0.347129 0.086934
v 0.153635 0.349974 0.088782
v 0.153834 0.352544 0.090652
v 0.154081 0.354637 0.092562
v 0.154385 0.356150 0.094521
v 0.154744 0.357096 0.096528
v 0.155147 0.357597 0.098571
f 4499 4500 4501
f 4499 4501 4500
f 4499 4501 4502
f 4499 4502 4501
f 4499 4502 4503
f 4499 4503 4502
f 4499 4503 4504
f 4499 4504 4503
f 4499 4504 4505
f 4499 4505 4504
f 4499 4505 4506
f 4499 4506 4505
f 4499 4506 4507
f 4499 4507 4506
f 4499 4507 4508
f 4499 4508 4507
f 4499 4508 4509
f 4499 4509 4508
f 4499 4509 4510
f 4499 4510 4509
f 4499 4510 4511
f 4499 4511 4510
f 4499 4511 4512
f 4499 4512 4511
f 4499 4512 4513
f 4499 4513 4512
f 4499 4513 4514
f 4499 4514 4513
f 4499 4514 4515
f 4499 4515 4514
f 4499 4515 4516
f 4499 4516 4515
f 4499 4516 4517
f 4499 4517 4516
f 4499 4517 4518
f 4499 4518 4517
f 4499 4518 4519
f 4499 4519 4518
f 4499 4519 4520
f 4499 4520 4519
f 4499 4520 4521
f 4499 4521 4520
f 4499 4521 4522
f 4499 4522 4521
f 4499 4522 4523
f 4499 4523 4522
f 4499 4523 4524
f 4499 4524 4523
f 4499 4524 4525
f 4499 4525 4524
f 4499 4525 4526
f 4499 4526 4525
f 4499 4526 4527
f 4499 4527 4526
f 4499 4527 4528
f 4499 4528 4527
f 4499 4528 4529
f 4499 4529 4528
f 4499 4529 4530
f 4499 4530 4529
f 4499 4530 4531
f 4499 4531 4530
f 4499 4531 4532
f 4499 4532 4531
f 4499 4532 4533
f 4499 4533 4532
f 4499 4533 4534
f 4499 4534 4533
f 4499 4534 4535
f 4499 4535 4534
f 4499 4535 4536
f 4499 4536 4535
f 4499 4536 4537
f 4499 4537 4536
f 4499 4537 4538
f 4499 4538 4537
f 4499 4538 4539
f 4499 4539 4538
f 4499 4539 4540
f 4499 4540 4539
f 4499 4540 4541
f 4499 4541 4540
f 4499 4541 4542
f 4499 4542 4541
f 4499 4542 4543
f 4499 4543 4542
f 4499 4543 4544
f 4499 4544 4543
v 0.155574 0.357854 0.100636
v 0.154717 0.357815 0.102505
v 0.153887 0.357497 0.104389
v 0.153105 0.356717 0.106299
v 0.152379 0.355387 0.108239
v 0.151706 0.353522 0.110209
v 0.151077 0.351239 0.112202
v 0.150469 0.348739 0.114206
v 0.149857 0.346277 0.116209
v 0.149214 0.344125 0.118195
v 0.148514 0.342534 0.120149
v 0.147738 0.341695 0.122062
v 0.146875 0.341711 0.123928
v 0.145925 0.342581 0.125747
v 0.144899 0.344203 0.127524
v 0.143817 0.346386 0.129270
v 0.142703 0.348879 0.130999
v 0.141585 0.351411 0.132726
v 0.140489 0.353725 0.134465
v 0.139435 0.355621 0.136227
v 0.138436 0.356982 0.138019
v 0.137493 0.357793 0.139841
v 0.136596 0.358142 0.141688
v 0.135727 0.358213 0.143551
v 0.136585 0.358252 0.141682
v 0.137414 0.358570 0.139798
v 0.138196 0.359350 0.137888
v 0.138922 0.360680 0.135948
v 0.139595 0.362545 0.133978
v 0.140225 0.364828 0.131985
v 0.140832 0.367328 0.129980
v 0.141444 0.369791 0.127977
v 0.142087 0.371942 0.125992
v 0.142787 0.373533 0.124037
v 0.143564 0.374372 0.122124
v 0.144426 0.374356 0.120258
v 0.145376 0.373486 0.118440
v 0.146402 0.371864 0.116662
v 0.147484 0.369681 0.114916
v 0.148598 0.367188 0.113187
v 0.149716 0.364656 0.111460
v 0.150812 0.362342 0.109721
v 0.151866 0.360446 0.107959
v 0.152865 0.359085 0.106168
v 0.153809 0.358274 0.104346
v 0.154705 0.357925 0.102499
f 4545 4546 4547
f 4545 4547 4546
f 4545 4547 4548
f 4545 4548 4547
f 4545 4548 4549
f 4545 4549 4548
f 4545 4549 4550
f 4545 4550 4549
f 4545 4550 4551
f 4545 4551 4550
f 4545 4551 4552
f 4545 4552 4551
f 4545 4552 4553
f 4545 4553 4552
f 4545 4553 4554
f 4545 4554 4553
f 4545 4554 4555
f 4545 4555 4554
f 4545 4555 4556
f 4545 4556 4555
f 4545 4556 4557
f 4545 4557 4556
f 4545 4557 4558
f 4545 4558 4557
f 4545 4558 4559
f 4545 4559 4558
f 4545 4559 4560
f 4545 4560 4559
f 4545 4560 4561
f 4545 4561 4560
f 4545 4561 4562
f 4545 4562 4561
f 4545 4562 4563
f 4545 4563 4562
f 4545 4563 4564
f 4545 4564 4563
f 4545 4564 4565
f 4545 4565 4564
f 4545 4565 4566
f 4545 4566 4565
f 4545 4566 4567
f 4545 4567 4566
f 4545 4567 4568
f 4545 4568 4567
f 4545 4568 4569
f 4545 4569 4568
f 4545 4569 4570
f 4545 4570 4569
f 4545 4570 4571
f 4545 4571 4570
f 4545 4571 4572
f 4545 4572 4571
f 4545 4572 4573
f 4545 4573 4572
f 4545 4573 4574
f 4545 4574 4573
f 4545 4574 4575
f 4545 4575 4574
f 4545 4575 4576
f 4545 4576 4575
f 4545 4576 4577
f 4545 4577 4576
f 4545 4577 4578
f 4545 4578 4577
f 4545 4578 4579
f 4545 4579 4578
f 4545 4579 4580
f 4545 4580 4579
f 4545 4580 4581
f 4545 4581 4580
f 4545 4581 4582
f 4545 4582 4581
f 4545 4582 4583
f 4545 4583 4582
f 4545 4583 4584
f 4545 4584 4583
f 4545 4584 4585
f 4545 4585 4584
f 4545 4585 4586
f 4545 4586 4585
f 4545 4586 4587
f 4545 4587 4586
f 4545 4587 4588
f 4545 4588 4587
f 4545 4588 4589
f 4545 4589 4588
f 4545 4589 4590
f 4545 4590 4589
v 0.156737 0.357854 0.096521
v 0.157899 0.360153 0.097463
v 0.158006 0.361440 0.099913
v 0.157268 0.361440 0.102525
v 0.155894 0.360153 0.104556
v 0.154411 0.357854 0.104751
v 0.153249 0.355556 0.103809
v 0.153142 0.354269 0.101359
v 0.153880 0.354269 0.098747
v 0.155254 0.355556 0.096715
v 0.177335 0.344826 0.103764
v 0.178125 0.346389 0.104404
v 0.178198 0.347264 0.106070
v 0.177696 0.347264 0.107847
v 0.176762 0.346389 0.109228
v 0.175753 0.344826 0.109360
v 0.174963 0.343263 0.108720
v 0.174890 0.342388 0.107054
v 0.175392 0.342388 0.105278
v 0.176327 0.343263 0.103896
f 4591 4592 4602
f 4591 4602 4601
f 4592 4593 4603
f 4592 4603 4602
f 4593 4594 4604
f 4593 4604 4603
f 4594 4595 4605
f 4594 4605 4604
f 4595 4596 4606
f 4595 4606 4605
f 4596 4597 4607
f 4596 4607 4606
f 4597 4598 4608
f 4597 4608 4607
f 4598 4599 4609
f 4598 4609 4608
f 4599 4600 4610
f 4599 4610 4609
f 4600 4591 4601
f 4600 4601 4610
v 0.176544 0.344826 0.106562
v 0.176121 0.345480 0.104805
v 0.175837 0.346379 0.103097
v 0.175771 0.347663 0.101463
v 0.175955 0.349388 0.099916
v 0.176375 0.351532 0.098451
v 0.176974 0.353992 0.097047
v 0.177661 0.356607 0.095674
v 0.178322 0.359176 0.094292
v 0.178838 0.361489 0.092860
v 0.179100 0.363353 0.091340
v 0.179027 0.364625 0.089704
v 0.178575 0.365227 0.087937
v 0.177743 0.365159 0.086039
v 0.176576 0.364498 0.084025
v 0.175156 0.363389 0.081923
v 0.173590 0.362024 0.079772
v 0.171998 0.360612 0.077611
v 0.170494 0.359356 0.075480
v 0.169169 0.358416 0.073411
v 0.168081 0.357894 0.071424
v 0.167242 0.357814 0.069524
v 0.166622 0.358118 0.067699
v 0.166140 0.358668 0.065921
v 0.166563 0.358013 0.067678
v 0.166847 0.357114 0.069387
v 0.166913 0.355831 0.071020
v 0.166729 0.354105 0.072568
v 0.166309 0.351962 0.074033
v 0.165710 0.349501 0.075436
v 0.165022 0.346886 0.076809
v 0.164361 0.344317 0.078191
v 0.163846 0.342005 0.079623
v 0.163583 0.340140 0.081143
v 0.163657 0.338868 0.082779
v 0.164109 0.338267 0.084546
v 0.164941 0.338335 0.086444
v 0.166108 0.338996 0.088458
v 0.167528 0.340104 0.090560
v 0.169094 0.341470 0.092712
v 0.170686 0.342881 0.094873
v 0.172190 0.344138 0.097004
v 0.173515 0.345078 0.099072
v 0.174603 0.345600 0.101059
v 0.175442 0.345680 0.102960
v 0.176062 0.345375 0.104785
f 4611 4612 4613
f 4611 4613 4612
f 4611 4613 4614
f 4611 4614 4613
f 4611 4614 4615
f 4611 4615 4614
f 4611 4615 4616
f 4611 4616 4615
f 4611 4616 4617
f 4611 4617 4616
f 4611 4617 4618
f 4611 4618 4617
f 4611 4618 4619
f 4611 4619 4618
f 4611 4619 4620
f 4611 4620 4619
f 4611 4620 4621
f 4611 4621 4620
f 4611 4621 4622
f 4611 4622 4621
f 4611 4622 4623
f 4611 4623 4622
f 4611 4623 4624
f 4611 4624 4623
f 4611 4624 4625
f 4611 4625 4624
f 4611 4625 4626
f 4611 4626 4625
f 4611 4626 4627
f 4611 4627 4626
f 4611 4627 4628
f 4611 4628 4627
f 4611 4628 4629
f 4611 4629 4628
f 4611 4629 4630
f 4611 4630 4629
f 4611 4630 4631
f 4611 4631 4630
f 4611 4631 4632
f 4611 4632 4631
f 4611 4632 4633
f 4611 4633 4632
f 4611 4633 4634
f 4611 4634 4633
f 4611 4634 4635
f 4611 4635 4634
f 4611 4635 4636
f 4611 4636 4635
f 4611 4636 4637
f 4611 4637 4636
f 4611 4637 4638
f 4611 4638 4637
f 4611 4638 4639
f 4611 4639 4638
f 4611 4639 4640
f 4611 4640 4639
f 4611 4640 4641
f 4611 4641 4640
f 4611 4641 4642
f 4611 4642 4641
f 4611 4642 4643
f 4611 4643 4642
f 4611 4643 4644
f 4611 4644 4643
f 4611 4644 4645
f 4611 4645 4644
f 4611 4645 4646
f 4611 4646 4645
f 4611 4646 4647
f 4611 4647 4646
f 4611 4647 4648
f 4611 4648 4647
f 4611 4648 4649
f 4611 4649 4648
f 4611 4649 4650
f 4611 4650 4649
f 4611 4650 4651
f 4611 4651 4650
f 4611 4651 4652
f 4611 4652 4651
f 4611 4652 4653
f 4611 4653 4652
f 4611 4653 4654
f 4611 4654 4653
f 4611 4654 4655
f 4611 4655 4654
f 4611 4655 4656
f 4611 4656 4655
v 0.176544 0.344826 0.106562
v 0.175630 0.345746 0.108922
v 0.174608 0.346504 0.111305
v 0.173333 0.346878 0.113744
v 0.171678 0.346680 0.116266
v 0.169583 0.345818 0.118886
v 0.167078 0.344337 0.121595
v 0.164291 0.342429 0.124366
v 0.161429 0.340409 0.127154
v 0.158743 0.338654 0.129904
v 0.156482 0.337542 0.132559
v 0.154846 0.337372 0.135078
v 0.153946 0.338312 0.137434
v 0.153780 0.340362 0.139629
v 0.154239 0.343355 0.141687
v 0.155123 0.346989 0.143651
v 0.156183 0.350890 0.145576
v 0.157169 0.354677 0.147518
v 0.157872 0.358039 0.149522
v 0.158165 0.360782 0.151616
v 0.158018 0.362860 0.153807
v 0.157492 0.364365 0.156081
v 0.156712 0.365488 0.158411
v 0.155824 0.366448 0.160765
v 0.156738 0.365527 0.158406
v 0.157760 0.364770 0.156023
v 0.159035 0.364395 0.153583
v 0.160690 0.364593 0.151061
v 0.162785 0.365456 0.148442
v 0.165290 0.366937 0.145732
v 0.168077 0.368844 0.142961
v 0.170939 0.370865 0.140173
v 0.173625 0.372619 0.137424
v 0.175886 0.373732 0.134768
v 0.177522 0.373901 0.132250
v 0.178422 0.372961 0.129893
v 0.178588 0.370911 0.127698
v 0.178129 0.367919 0.125641
v 0.177245 0.364284 0.123676
v 0.176185 0.360383 0.121751
v 0.175200 0.356596 0.119809
v 0.174497 0.353235 0.117805
v 0.174203 0.350492 0.115711
v 0.174350 0.348414 0.113520
v 0.174876 0.346908 0.111246
v 0.175656 0.345785 0.108916
f 4657 4658 4659
f 4657 4659 4658
f 4657 4659 4660
f 4657 4660 4659
f 4657 4660 4661
f 4657 4661 4660
f 4657 4661 4662
f 4657 4662 4661
f 4657 4662 4663
f 4657 4663 4662
f 4657 4663 4664
f 4657 4664 4663
f 4657 4664 4665
f 4657 4665 4664
f 4657 4665 4666
f 4657 4666 4665
f 4657 4666 4667
f 4657 4667 4666
f 4657 4667 4668
f 4657 4668 4667
f 4657 4668 4669
f 4657 4669 4668
f 4657 4669 4670
f 4657 4670 4669
f 4657 4670 4671
f 4657 4671 4670
f 4657 4671 4672
f 4657 4672 4671
f 4657 4672 4673
f 4657 4673 4672
f 4657 4673 4674
f 4657 4674 4673
f 4657 4674 4675
f 4657 4675 4674
f 4657 4675 4676
f 4657 4676 4675
f 4657 4676 4677
f 4657 4677 4676
f 4657 4677 4678
f 4657 4678 4677
f 4657 4678 4679
f 4657 4679 4678
f 4657 4679 4680
f 4657 4680 4679
f 4657 4680 4681
f 4657 4681 4680
f 4657 4681 4682
f 4657 4682 4681
f 4657 4682 4683
f 4657 4683 4682
f 4657 4683 4684
f 4657 4684 4683
f 4657 4684 4685
f 4657 4685 4684
f 4657 4685 4686
f 4657 4686 4685
f 4657 4686 4687
f 4657 4687 4686
f 4657 4687 4688
f 4657 4688 4687
f 4657 4688 4689
f 4657 4689 4688
f 4657 4689 4690
f 4657 4690 4689
f 4657 4690 4691
f 4657 4691 4690
f 4657 4691 4692
f 4657 4692 4691
f 4657 4692 4693
f 4657 4693 4692
f 4657 4693 4694
f 4657 4694 4693
f 4657 4694 4695
f 4657 4695 4694
f 4657 4695 4696
f 4657 4696 4695
f 4657 4696 4697
f 4657 4697 4696
f 4657 4697 4698
f 4657 4698 4697
f 4657 4698 4699
f 4657 4699 4698
f 4657 4699 4700
f 4657 4700 4699
f 4657 4700 4701
f 4657 4701 4700
f 4657 4701 4702
f 4657 4702 4701
v 0.152524 0.357854 0.097638
v 0.151722 0.359886 0.099296
v 0.152698 0.361024 0.101625
v 0.154634 0.361024 0.103528
v 0.156980 0.359886 0.104464
v 0.158624 0.357854 0.103633
v 0.159425 0.355823 0.101975
v 0.158450 0.354685 0.099646
v 0.156514 0.354685 0.097743
v 0.154168 0.355823 0.096808
v 0.166047 0.373224 0.085833
v 0.165501 0.374605 0.086960
v 0.166165 0.375379 0.088544
v 0.167481 0.375379 0.089838
v 0.169076 0.374605 0.090474
v 0.170194 0.373224 0.089909
v 0.170739 0.371842 0.088782
v 0.170076 0.371069 0.087198
v 0.168759 0.371069 0.085904
v 0.167165 0.371842 0.085268
f 4703 4704 4714
f 4703 4714 4713
f 4704 4705 4715
f 4704 4715 4714
f 4705 4706 4716
f 4705 4716 4715
f 4706 4707 4717
f 4706 4717 4716
f 4707 4708 4718
f 4707 4718 4717
f 4708 4709 4719
f 4708 4719 4718
f 4709 4710 4720
f 4709 4720 4719
f 4710 4711 4721
f 4710 4721 4720
f 4711 4712 4722
f 4711 4722 4721
f 4712 4703 4713
f 4712 4713 4722
v 0.168120 0.373224 0.087871
v 0.165924 0.372623 0.087345
v 0.163415 0.372525 0.087118
v 0.160629 0.372875 0.087157
v 0.157619 0.373582 0.087408
v 0.154460 0.374532 0.087803
v 0.151233 0.375590 0.088261
v 0.148028 0.376612 0.088699
v 0.144932 0.377460 0.089033
v 0.142023 0.378006 0.089188
v 0.139367 0.378146 0.089102
v 0.137009 0.377804 0.088730
v 0.134974 0.376943 0.088050
v 0.133262 0.375563 0.087062
v 0.131849 0.373702 0.085789
v 0.130688 0.371435 0.084274
v 0.129715 0.368865 0.082581
v 0.128850 0.366121 0.080783
v 0.128007 0.363342 0.078965
v 0.127097 0.360671 0.077211
v 0.126037 0.358241 0.075600
v 0.124754 0.356170 0.074202
v 0.123193 0.354547 0.073070
v 0.121320 0.353426 0.072236
v 0.123516 0.354027 0.072762
v 0.126025 0.354125 0.072989
v 0.128811 0.353775 0.072950
v 0.131821 0.353068 0.072699
v 0.134980 0.352118 0.072304
v 0.138207 0.351060 0.071846
v 0.141412 0.350038 0.071408
v 0.144508 0.349190 0.071074
v 0.147417 0.348644 0.070919
v 0.150073 0.348505 0.071005
v 0.152431 0.348846 0.071377
v 0.154466 0.349707 0.072057
v 0.156178 0.351087 0.073045
v 0.157591 0.352948 0.074318
v 0.158752 0.355215 0.075833
v 0.159725 0.357785 0.077526
v 0.160590 0.360529 0.079324
v 0.161433 0.363308 0.081142
v 0.162343 0.365979 0.082896
v 0.163403 0.368409 0.084507
v 0.164686 0.370480 0.085905
v 0.166247 0.372103 0.087037
f 4723 4724 4725
f 4723 4725 4724
f 4723 4725 4726
f 4723 4726 4725
f 4723 4726 4727
f 4723 4727 4726
f 4723 4727 4728
f 4723 4728 4727
f 4723 4728 4729
f 4723 4729 4728
f 4723 4729 4730
f 4723 4730 4729
f 4723 4730 4731
f 4723 4731 4730
f 4723 4731 4732
f 4723 4732 4731
f 4723 4732 4733
f 4723 4733 4732
f 4723 4733 4734
f 4723 4734 4733
f 4723 4734 4735
f 4723 4735 4734
f 4723 4735 4736
f 4723 4736 4735
f 4723 4736 4737
f 4723 4737 4736
f 4723 4737 4738
f 4723 4738 4737
f 4723 4738 4739
f 4723 4739 4738
f 4723 4739 4740
f 4723 4740 4739
f 4723 4740 4741
f 4723 4741 4740
f 4723 4741 4742
f 4723 4742 4741
f 4723 4742 4743
f 4723 4743 4742
f 4723 4743 4744
f 4723 4744 4743
f 4723 4744 4745
f 4723 4745 4744
f 4723 4745 4746
f 4723 4746 4745
f 4723 4746 4747
f 4723 4747 4746
f 4723 4747 4748
f 4723 4748 4747
f 4723 4748 4749
f 4723 4749 4748
f 4723 4749 4750
f 4723 4750 4749
f 4723 4750 4751
f 4723 4751 4750
f 4723 4751 4752
f 4723 4752 4751
f 4723 4752 4753
f 4723 4753 4752
f 4723 4753 4754
f 4723 4754 4753
f 4723 4754 4755
f 4723 4755 4754
f 4723 4755 4756
f 4723 4756 4755
f 4723 4756 4757
f 4723 4757 4756
f 4723 4757 4758
f 4723 4758 4757
f 4723 4758 4759
f 4723 4759 4758
f 4723 4759 4760
f 4723 4760 4759
f 4723 4760 4761
f 4723 4761 4760
f 4723 4761 4762
f 4723 4762 4761
f 4723 4762 4763
f 4723 4763 4762
f 4723 4763 4764
f 4723 4764 4763
f 4723 4764 4765
f 4723 4765 4764
f 4723 4765 4766
f 4723 4766 4765
f 4723 4766 4767
f 4723 4767 4766
f 4723 4767 4768
f 4723 4768 4767
v 0.158516 0.357854 0.097532
v 0.156992 0.360045 0.096901
v 0.154764 0.361271 0.097997
v 0.152896 0.361271 0.099967
v 0.151920 0.360045 0.102251
v 0.152632 0.357854 0.103739
v 0.154156 0.355664 0.104370
v 0.156384 0.354437 0.103274
v 0.158252 0.354437 0.101304
v 0.159228 0.355664 0.099021
v 0.171316 0.371171 0.111553
v 0.170279 0.372661 0.111123
v 0.168764 0.373495 0.111869
v 0.167494 0.373495 0.113208
v 0.166831 0.372661 0.114761
v 0.167315 0.371171 0.115773
v 0.168351 0.369682 0.116202
v 0.169866 0.368848 0.115457
v 0.171136 0.368848 0.114117
v 0.171800 0.369682 0.112565
f 4769 4770 4780
f 4769 4780 4779
f 4770 4771 4781
f 4770 4781 4780
f 4771 4772 4782
f 4771 4782 4781
f 4772 4773 4783
f 4772 4783 4782
f 4773 4774 4784
f 4773 4784 4783
f 4774 4775 4785
f 4774 4785 4784
f 4775 4776 4786
f 4775 4786 4785
f 4776 4777 4787
f 4776 4787 4786
f 4777 4778 4788
f 4777 4788 4787
f 4778 4769 4779
f 4778 4779 4788
v 0.169315 0.371171 0.113663
v 0.170140 0.370910 0.111206
v 0.170770 0.370957 0.108639
v 0.171092 0.371494 0.105897
v 0.171058 0.372596 0.102952
v 0.170684 0.374237 0.099814
v 0.170053 0.376288 0.096530
v 0.169293 0.378543 0.093173
v 0.168568 0.380742 0.089835
v 0.168049 0.382614 0.086615
v 0.167892 0.383911 0.083600
v 0.168214 0.384448 0.080858
v 0.169079 0.384122 0.078425
v 0.170488 0.382934 0.076300
v 0.172376 0.380984 0.074447
v 0.174625 0.378460 0.072800
v 0.177081 0.375609 0.071270
v 0.179572 0.372703 0.069760
v 0.181934 0.370000 0.068177
v 0.184038 0.367707 0.066447
v 0.185803 0.365953 0.064525
v 0.187212 0.364765 0.062400
v 0.188312 0.364066 0.060100
v 0.189218 0.363675 0.057689
v 0.188394 0.363936 0.060146
v 0.187764 0.363889 0.062713
v 0.187441 0.363352 0.065456
v 0.187476 0.362249 0.068400
v 0.187849 0.360609 0.071538
v 0.188481 0.358557 0.074822
v 0.189241 0.356303 0.078179
v 0.189966 0.354104 0.081517
v 0.190484 0.352232 0.084737
v 0.190642 0.350934 0.087752
v 0.190319 0.350398 0.090494
v 0.189454 0.350724 0.092927
v 0.188046 0.351912 0.095052
v 0.186158 0.353862 0.096905
v 0.183908 0.356386 0.098552
v 0.181452 0.359237 0.100082
v 0.178962 0.362143 0.101592
v 0.176599 0.364846 0.103175
v 0.174495 0.367138 0.104905
v 0.172730 0.368893 0.106827
v 0.171322 0.370081 0.108952
v 0.170221 0.370780 0.111252
f 4789 4790 4791
f 4789 4791 4790
f 4789 4791 4792
f 4789 4792 4791
f 4789 4792 4793
f 4789 4793 4792
f 4789 4793 4794
f 4789 4794 4793
f 4789 4794 4795
f 4789 4795 4794
f 4789 4795 4796
f 4789 4796 4795
f 4789 4796 4797
f 4789 4797 4796
f 4789 4797 4798
f 4789 4798 4797
f 4789 4798 4799
f 4789 4799 4798
f 4789 4799 4800
f 4789 4800 4799
f 4789 4800 4801
f 4789 4801 4800
f 4789 4801 4802
f 4789 4802 4801
f 4789 4802 4803
f 4789 4803 4802
f 4789 4803 4804
f 4789 4804 4803
f 4789 4804 4805
f 4789 4805 4804
f 4789 4805 4806
f 4789 4806 4805
f 4789 4806 4807
f 4789 4807 4806
f 4789 4807 4808
f 4789 4808 4807
f 4789 4808 4809
f 4789 4809 4808
f 4789 4809 4810
f 4789 4810 4809
f 4789 4810 4811
f 4789 4811 4810
f 4789 4811 4812
f 4789 4812 4811
f 4789 4812 4813
f 4789 4813 4812
f 4789 4813 4814
f 4789 4814 4813
f 4789 4814 4815
f 4789 4815 4814
f 4789 4815 4816
f 4789 4816 4815
f 4789 4816 4817
f 4789 4817 4816
f 4789 4817 4818
f 4789 4818 4817
f 4789 4818 4819
f 4789 4819 4818
f 4789 4819 4820
f 4789 4820 4819
f 4789 4820 4821
f 4789 4821 4820
f 4789 4821 4822
f 4789 4822 4821
f 4789 4822 4823
f 4789 4823 4822
f 4789 4823 4824
f 4789 4824 4823
f 4789 4824 4825
f 4789 4825 4824
f 4789 4825 4826
f 4789 4826 4825
f 4789 4826 4827
f 4789 4827 4826
f 4789 4827 4828
f 4789 4828 4827
f 4789 4828 4829
f 4789 4829 4828
f 4789 4829 4830
f 4789 4830 4829
f 4789 4830 4831
f 4789 4831 4830
f 4789 4831 4832
f 4789 4832 4831
f 4789 4832 4833
f 4789 4833 4832
f 4789 4833 4834
f 4789 4834 4833
v 0.169315 0.371171 0.113663
v 0.166981 0.370576 0.115038
v 0.164883 0.369302 0.116858
v 0.162970 0.367499 0.119022
v 0.161191 0.365310 0.121440
v 0.159495 0.362885 0.124012
v 0.157825 0.360387 0.126632
v 0.156124 0.357976 0.129195
v 0.154340 0.355804 0.131601
v 0.152425 0.354005 0.133764
v 0.150342 0.352690 0.135610
v 0.148063 0.351934 0.137090
v 0.145575 0.351778 0.138179
v 0.142879 0.352220 0.138875
v 0.139986 0.353222 0.139206
v 0.136925 0.354707 0.139221
v 0.133734 0.356566 0.138991
v 0.130459 0.358664 0.138605
v 0.127154 0.360849 0.138162
v 0.123874 0.362960 0.137767
v 0.120677 0.364836 0.137526
v 0.117614 0.366326 0.137538
v 0.114736 0.367286 0.137896
v 0.112095 0.367569 0.138698
v 0.114430 0.368164 0.137322
v 0.116528 0.369438 0.135503
v 0.118441 0.371241 0.133338
v 0.120219 0.373430 0.130920
v 0.121915 0.375854 0.128348
v 0.123586 0.378353 0.125729
v 0.125286 0.380764 0.123165
v 0.127071 0.382936 0.120759
v 0.128985 0.384734 0.118597
v 0.131069 0.386050 0.116751
v 0.133347 0.386805 0.115270
v 0.135835 0.386962 0.114182
v 0.138532 0.386520 0.113485
v 0.141424 0.385518 0.113154
v 0.144485 0.384033 0.113140
v 0.147677 0.382174 0.113369
v 0.150952 0.380076 0.113755
v 0.154257 0.377891 0.114198
v 0.157536 0.375780 0.114593
v 0.160734 0.373903 0.114834
v 0.163796 0.372414 0.114822
v 0.166674 0.371453 0.114464
f 4835 4836 4837
f 4835 4837 4836
f 4835 4837 4838
f 4835 4838 4837
f 4835 4838 4839
f 4835 4839 4838
f 4835 4839 4840
f 4835 4840 4839
f 4835 4840 4841
f 4835 4841 4840
f 4835 4841 4842
f 4835 4842 4841
f 4835 4842 4843
f 4835 4843 4842
f 4835 4843 4844
f 4835 4844 4843
f 4835 4844 4845
f 4835 4845 4844
f 4835 4845 4846
f 4835 4846 4845
f 4835 4846 4847
f 4835 4847 4846
f 4835 4847 4848
f 4835 4848 4847
f 4835 4848 4849
f 4835 4849 4848
f 4835 4849 4850
f 4835 4850 4849
f 4835 4850 4851
f 4835 4851 4850
f 4835 4851 4852
f 4835 4852 4851
f 4835 4852 4853
f 4835 4853 4852
f 4835 4853 4854
f 4835 4854 4853
f 4835 4854 4855
f 4835 4855 4854
f 4835 4855 4856
f 4835 4856 4855
f 4835 4856 4857
f 4835 4857 4856
f 4835 4857 4858
f 4835 4858 4857
f 4835 4858 4859
f 4835 4859 4858
f 4835 4859 4860
f 4835 4860 4859
f 4835 4860 4861
f 4835 4861 4860
f 4835 4861 4862
f 4835 4862 4861
f 4835 4862 4863
f 4835 4863 4862
f 4835 4863 4864
f 4835 4864 4863
f 4835 4864 4865
f 4835 4865 4864
f 4835 4865 4866
f 4835 4866 4865
f 4835 4866 4867
f 4835 4867 4866
f 4835 4867 4868
f 4835 4868 4867
f 4835 4868 4869
f 4835 4869 4868
f 4835 4869 4870
f 4835 4870 4869
f 4835 4870 4871
f 4835 4871 4870
f 4835 4871 4872
f 4835 4872 4871
f 4835 4872 4873
f 4835 4873 4872
f 4835 4873 4874
f 4835 4874 4873
f 4835 4874 4875
f 4835 4875 4874
f 4835 4875 4876
f 4835 4876 4875
f 4835 4876 4877
f 4835 4877 4876
f 4835 4877 4878
f 4835 4878 4877
f 4835 4878 4879
f 4835 4879 4878
f 4835 4879 4880
f 4835 4880 4879
v 0.106551 0.353194 0.093100
v 0.106065 0.355903 0.096048
v 0.108427 0.357420 0.098998
v 0.112007 0.357420 0.100765
v 0.115786 0.355903 0.100845
v 0.117830 0.353194 0.098667
v 0.118316 0.350485 0.095720
v 0.115954 0.348967 0.092769
v 0.112374 0.348967 0.091002
v 0.108595 0.350485 0.090922
v 0.123339 0.388909 0.063632
v 0.123009 0.390751 0.065636
v 0.124615 0.391783 0.067642
v 0.127049 0.391783 0.068844
v 0.129619 0.390751 0.068898
v 0.131009 0.388909 0.067417
v 0.131339 0.387066 0.065413
v 0.129733 0.386035 0.063407
v 0.127299 0.386035 0.062205
v 0.124729 0.387066 0.062151
f 4881 4882 4892
f 4881 4892 4891
f 4882 4883 4893
f 4882 4893 4892
f 4883 4884 4894
f 4883 4894 4893
f 4884 4885 4895
f 4884 4895 4894
f 4885 4886 4896
f 4885 4896 4895
f 4886 4887 4897
f 4886 4897 4896
f 4887 4888 4898
f 4887 4898 4897
f 4888 4889 4899
f 4888 4899 4898
f 4889 4890 4900
f 4889 4900 4899
f 4890 4881 4891
f 4890 4891 4900
v 0.127174 0.388909 0.065525
v 0.124188 0.388331 0.065578
v 0.121135 0.388060 0.065958
v 0.117975 0.388268 0.066849
v 0.114692 0.389027 0.068329
v 0.111293 0.390308 0.070364
v 0.107807 0.391984 0.072821
v 0.104278 0.393852 0.075484
v 0.100762 0.395662 0.078085
v 0.097317 0.397153 0.080344
v 0.093996 0.398085 0.082007
v 0.090839 0.398278 0.082883
v 0.087868 0.397635 0.082867
v 0.085083 0.396156 0.081959
v 0.082461 0.393939 0.080263
v 0.079964 0.391163 0.077971
v 0.077538 0.388067 0.075337
v 0.075125 0.384913 0.072643
v 0.072669 0.381952 0.070153
v 0.070125 0.379386 0.068085
v 0.067465 0.377341 0.066573
v 0.064683 0.375847 0.065649
v 0.061794 0.374833 0.065237
v 0.058838 0.374125 0.065151
v 0.061823 0.374702 0.065097
v 0.064877 0.374974 0.064718
v 0.068037 0.374766 0.063826
v 0.071320 0.374007 0.062347
v 0.074718 0.372726 0.060311
v 0.078204 0.371050 0.057854
v 0.081734 0.369182 0.055192
v 0.085250 0.367371 0.052591
v 0.088695 0.365881 0.050331
v 0.092016 0.364949 0.048668
v 0.095173 0.364756 0.047792
v 0.098144 0.365399 0.047809
v 0.100929 0.366877 0.048717
v 0.103551 0.369095 0.050413
v 0.106048 0.371871 0.052704
v 0.108474 0.374967 0.055338
v 0.110887 0.378121 0.058033
v 0.113343 0.381082 0.060522
v 0.115887 0.383648 0.062590
v 0.118547 0.385693 0.064103
v 0.121329 0.387187 0.065026
v 0.124217 0.388200 0.065438
f 4901 4902 4903
f 4901 4903 4902
f 4901 4903 4904
f 4901 4904 4903
f 4901 4904 4905
f 4901 4905 4904
f 4901 4905 4906
f 4901 4906 4905
f 4901 4906 4907
f 4901 4907 4906
f 4901 4907 4908
f 4901 4908 4907
f 4901 4908 4909
f 4901 4909 4908
f 4901 4909 4910
f 4901 4910 4909
f 4901 4910 4911
f 4901 4911 4910
f 4901 4911 4912
f 4901 4912 4911
f 4901 4912 4913
f 4901 4913 4912
f 4901 4913 4914
f 4901 4914 4913
f 4901 4914 4915
f 4901 4915 4914
f 4901 4915 4916
f 4901 4916 4915
f 4901 4916 4917
f 4901 4917 4916
f 4901 4917 4918
f 4901 4918 4917
f 4901 4918 4919
f 4901 4919 4918
f 4901 4919 4920
f 4901 4920 4919
f 4901 4920 4921
f 4901 4921 4920
f 4901 4921 4922
f 4901 4922 4921
f 4901 4922 4923
f 4901 4923 4922
f 4901 4923 4924
f 4901 4924 4923
f 4901 4924 4925
f 4901 4925 4924
f 4901 4925 4926
f 4901 4926 4925
f 4901 4926 4927
f 4901 4927 4926
f 4901 4927 4928
f 4901 4928 4927
f 4901 4928 4929
f 4901 4929 4928
f 4901 4929 4930
f 4901 4930 4929
f 4901 4930 4931
f 4901 4931 4930
f 4901 4931 4932
f 4901 4932 4931
f 4901 4932 4933
f 4901 4933 4932
f 4901 4933 4934
f 4901 4934 4933
f 4901 4934 4935
f 4901 4935 4934
f 4901 4935 4936
f 4901 4936 4935
f 4901 4936 4937
f 4901 4937 4936
f 4901 4937 4938
f 4901 4938 4937
f 4901 4938 4939
f 4901 4939 4938
f 4901 4939 4940
f 4901 4940 4939
f 4901 4940 4941
f 4901 4941 4940
f 4901 4941 4942
f 4901 4942 4941
f 4901 4942 4943
f 4901 4943 4942
f 4901 4943 4944
f 4901 4944 4943
f 4901 4944 4945
f 4901 4945 4944
f 4901 4945 4946
f 4901 4946 4945
v 0.123733 0.388909 0.062986
v 0.123743 0.391469 0.063966
v 0.125357 0.392904 0.065701
v 0.127541 0.392904 0.067313
v 0.129675 0.391469 0.068343
v 0.130615 0.388909 0.068063
v 0.130605 0.386348 0.067083
v 0.128991 0.384914 0.065348
v 0.126807 0.384914 0.063736
v 0.124673 0.386348 0.062706
v 0.141544 0.397513 0.041150
v 0.141551 0.399255 0.041816
v 0.142648 0.400230 0.042996
v 0.144133 0.400230 0.044092
v 0.145585 0.399255 0.044792
v 0.146224 0.397513 0.044602
v 0.146217 0.395772 0.043935
v 0.145120 0.394797 0.042756
v 0.143634 0.394797 0.041660
v 0.142183 0.395772 0.040960
f 4947 4948 4958
f 4947 4958 4957
f 4948 4949 4959
f 4948 4959 4958
f 4949 4950 4960
f 4949 4960 4959
f 4950 4951 4961
f 4950 4961 4960
f 4951 4952 4962
f 4951 4962 4961
f 4952 4953 4963
f 4952 4963 4962
f 4953 4954 4964
f 4953 4964 4963
f 4954 4955 4965
f 4954 4965 4964
f 4955 4956 4966
f 4955 4966 4965
f 4956 4947 4957
f 4956 4957 4966
v 0.143884 0.397513 0.042876
v 0.141357 0.398173 0.042654
v 0.138899 0.399281 0.042654
v 0.136532 0.400976 0.042943
v 0.134258 0.403272 0.043529
v 0.132063 0.406082 0.044369
v 0.129923 0.409240 0.045382
v 0.127801 0.412522 0.046455
v 0.125659 0.415673 0.047464
v 0.123458 0.418439 0.048282
v 0.121163 0.420600 0.048802
v 0.118749 0.421992 0.048941
v 0.116203 0.422526 0.048657
v 0.113524 0.422203 0.047950
v 0.110726 0.421110 0.046862
v 0.107834 0.419412 0.045475
v 0.104883 0.417330 0.043898
v 0.101911 0.415116 0.042257
v 0.098959 0.413026 0.040677
v 0.096060 0.411285 0.039268
v 0.093241 0.410058 0.038114
v 0.090515 0.409431 0.037257
v 0.087880 0.409391 0.036689
v 0.085314 0.409800 0.036343
v 0.087841 0.409139 0.036564
v 0.090299 0.408031 0.036565
v 0.092666 0.406337 0.036276
v 0.094940 0.404041 0.035690
v 0.097134 0.401231 0.034849
v 0.099275 0.398072 0.033837
v 0.101397 0.394791 0.032764
v 0.103538 0.391640 0.031755
v 0.105740 0.388873 0.030936
v 0.108035 0.386712 0.030417
v 0.110448 0.385321 0.030277
v 0.112995 0.384787 0.030561
v 0.115674 0.385110 0.031269
v 0.118472 0.386202 0.032356
v 0.121364 0.387901 0.033743
v 0.124315 0.389983 0.035320
v 0.127287 0.392196 0.036961
v 0.130239 0.394286 0.038542
v 0.133138 0.396028 0.039950
v 0.135957 0.397255 0.041105
v 0.138683 0.397882 0.041962
v 0.141318 0.397921 0.042530
f 4967 4968 4969
f 4967 4969 4968
f 4967 4969 4970
f 4967 4970 4969
f 4967 4970 4971
f 4967 4971 4970
f 4967 4971 4972
f 4967 4972 4971
f 4967 4972 4973
f 4967 4973 4972
f 4967 4973 4974
f 4967 4974 4973
f 4967 4974 4975
f 4967 4975 4974
f 4967 4975 4976
f 4967 4976 4975
f 4967 4976 4977
f 4967 4977 4976
f 4967 4977 4978
f 4967 4978 4977
f 4967 4978 4979
f 4967 4979 4978
f 4967 4979 4980
f 4967 4980 4979
f 4967 4980 4981
f 4967 4981 4980
f 4967 4981 4982
f 4967 4982 4981
f 4967 4982 4983
f 4967 4983 4982
f 4967 4983 4984
f 4967 4984 4983
f 4967 4984 4985
f 4967 4985 4984
f 4967 4985 4986
f 4967 4986 4985
f 4967 4986 4987
f 4967 4987 4986
f 4967 4987 4988
f 4967 4988 4987
f 4967 4988 4989
f 4967 4989 4988
f 4967 4989 4990
f 4967 4990 4989
f 4967 4990 4991
f 4967 4991 4990
f 4967 4991 4992
f 4967 4992 4991
f 4967 4992 4993
f 4967 4993 4992
f 4967 4993 4994
f 4967 4994 4993
f 4967 4994 4995
f 4967 4995 4994
f 4967 4995 4996
f 4967 4996 4995
f 4967 4996 4997
f 4967 4997 4996
f 4967 4997 4998
f 4967 4998 4997
f 4967 4998 4999
f 4967 4999 4998
f 4967 4999 5000
f 4967 5000 4999
f 4967 5000 5001
f 4967 5001 5000
f 4967 5001 5002
f 4967 5002 5001
f 4967 5002 5003
f 4967 5003 5002
f 4967 5003 5004
f 4967 5004 5003
f 4967 5004 5005
f 4967 5005 5004
f 4967 5005 5006
f 4967 5006 5005
f 4967 5006 5007
f 4967 5007 5006
f 4967 5007 5008
f 4967 5008 5007
f 4967 5008 5009
f 4967 5009 5008
f 4967 5009 5010
f 4967 5010 5009
f 4967 5010 5011
f 4967 5011 5010
f 4967 5011 5012
f 4967 5012 5011
v 0.124586 0.388909 0.068929
v 0.126231 0.391042 0.069438
v 0.128362 0.392237 0.068133
v 0.130005 0.392237 0.065971
v 0.130693 0.391042 0.063569
v 0.129762 0.388909 0.062120
v 0.128117 0.386775 0.061611
v 0.125986 0.385580 0.062917
v 0.124343 0.385580 0.065078
v 0.123655 0.386775 0.067480
v 0.109107 0.404439 0.055443
v 0.110226 0.405890 0.055789
v 0.111675 0.406703 0.054901
v 0.112792 0.406703 0.053432
v 0.113260 0.405890 0.051798
v 0.112627 0.404439 0.050813
v 0.111508 0.402988 0.050467
v 0.110059 0.402176 0.051354
v 0.108942 0.402176 0.052824
v 0.108475 0.402988 0.054457
f 5013 5014 5024
f 5013 5024 5023
f 5014 5015 5025
f 5014 5025 5024
f 5015 5016 5026
f 5015 5026 5025
f 5016 5017 5027
f 5016 5027 5026
f 5017 5018 5028
f 5017 5028 5027
f 5018 5019 5029
f 5018 5029 5028
f 5019 5020 5030
f 5019 5030 5029
f 5020 5021 5031
f 5020 5031 5030
f 5021 5022 5032
f 5021 5032 5031
f 5022 5013 5023
f 5022 5023 5032
v 0.110867 0.404439 0.053128
v 0.110000 0.403452 0.055570
v 0.109331 0.403101 0.058551
v 0.108809 0.403224 0.061932
v 0.108390 0.403684 0.065598
v 0.108032 0.404338 0.069428
v 0.107690 0.405043 0.073301
v 0.107319 0.405656 0.077096
v 0.106878 0.406043 0.080700
v 0.106331 0.406086 0.084014
v 0.105649 0.405693 0.086959
v 0.104810 0.404796 0.089478
v 0.103805 0.403362 0.091543
v 0.102633 0.401391 0.093154
v 0.101306 0.398916 0.094340
v 0.099843 0.396004 0.095156
v 0.098274 0.392750 0.095682
v 0.096635 0.389269 0.096017
v 0.094967 0.385696 0.096274
v 0.093315 0.382173 0.096574
v 0.091723 0.378846 0.097038
v 0.090235 0.375854 0.097787
v 0.088895 0.373337 0.098936
v 0.087751 0.371457 0.100624
v 0.088618 0.372444 0.098182
v 0.089287 0.372795 0.095201
v 0.089810 0.372672 0.091820
v 0.090228 0.372212 0.088154
v 0.090586 0.371558 0.084324
v 0.090928 0.370853 0.080451
v 0.091299 0.370240 0.076656
v 0.091740 0.369853 0.073052
v 0.092287 0.369810 0.069738
v 0.092970 0.370203 0.066793
v 0.093808 0.371100 0.064274
v 0.094813 0.372534 0.062209
v 0.095985 0.374505 0.060598
v 0.097312 0.376980 0.059413
v 0.098775 0.379892 0.058597
v 0.100344 0.383146 0.058070
v 0.101984 0.386627 0.057735
v 0.103651 0.390200 0.057478
v 0.105304 0.393723 0.057178
v 0.106896 0.397050 0.056714
v 0.108383 0.400042 0.055965
v 0.109724 0.402559 0.054816
f 5033 5034 5035
f 5033 5035 5034
f 5033 5035 5036
f 5033 5036 5035
f 5033 5036 5037
f 5033 5037 5036
f 5033 5037 5038
f 5033 5038 5037
f 5033 5038 5039
f 5033 5039 5038
f 5033 5039 5040
f 5033 5040 5039
f 5033 5040 5041
f 5033 5041 5040
f 5033 5041 5042
f 5033 5042 5041
f 5033 5042 5043
f 5033 5043 5042
f 5033 5043 5044
f 5033 5044 5043
f 5033 5044 5045
f 5033 5045 5044
f 5033 5045 5046
f 5033 5046 5045
f 5033 5046 5047
f 5033 5047 5046
f 5033 5047 5048
f 5033 5048 5047
f 5033 5048 5049
f 5033 5049 5048
f 5033 5049 5050
f 5033 5050 5049
f 5033 5050 5051
f 5033 5051 5050
f 5033 5051 5052
f 5033 5052 5051
f 5033 5052 5053
f 5033 5053 5052
f 5033 5053 5054
f 5033 5054 5053
f 5033 5054 5055
f 5033 5055 5054
f 5033 5055 5056
f 5033 5056 5055
f 5033 5056 5057
f 5033 5057 5056
f 5033 5057 5058
f 5033 5058 5057
f 5033 5058 5059
f 5033 5059 5058
f 5033 5059 5060
f 5033 5060 5059
f 5033 5060 5061
f 5033 5061 5060
f 5033 5061 5062
f 5033 5062 5061
f 5033 5062 5063
f 5033 5063 5062
f 5033 5063 5064
f 5033 5064 5063
f 5033 5064 5065
f 5033 5065 5064
f 5033 5065 5066
f 5033 5066 5065
f 5033 5066 5067
f 5033 5067 5066
f 5033 5067 5068
f 5033 5068 5067
f 5033 5068 5069
f 5033 5069 5068
f 5033 5069 5070
f 5033 5070 5069
f 5033 5070 5071
f 5033 5071 5070
f 5033 5071 5072
f 5033 5072 5071
f 5033 5072 5073
f 5033 5073 5072
f 5033 5073 5074
f 5033 5074 5073
f 5033 5074 5075
f 5033 5075 5074
f 5033 5075 5076
f 5033 5076 5075
f 5033 5076 5077
f 5033 5077 5076
f 5033 5077 5078
f 5033 5078 5077
v 0.110867 0.404439 0.053128
v 0.112538 0.403966 0.052124
v 0.114119 0.403336 0.051040
v 0.115522 0.402391 0.049795
v 0.116684 0.401020 0.048335
v 0.117589 0.399194 0.046643
v 0.118271 0.396974 0.044752
v 0.118815 0.394512 0.042737
v 0.119343 0.392021 0.040708
v 0.119994 0.389748 0.038789
v 0.120902 0.387927 0.037100
v 0.122169 0.386742 0.035734
v 0.123853 0.386292 0.034742
v 0.125954 0.386579 0.034124
v 0.128414 0.387501 0.033828
v 0.131131 0.388875 0.033763
v 0.133970 0.390467 0.033808
v 0.136794 0.392031 0.033838
v 0.139480 0.393352 0.033745
v 0.141944 0.394279 0.033452
v 0.144149 0.394751 0.032928
v 0.146114 0.394798 0.032188
v 0.147901 0.394530 0.031288
v 0.149598 0.394104 0.030308
v 0.147927 0.394577 0.031312
v 0.146346 0.395207 0.032396
v 0.144943 0.396153 0.033640
v 0.143781 0.397523 0.035101
v 0.142876 0.399350 0.036792
v 0.142194 0.401569 0.038684
v 0.141650 0.404032 0.040699
v 0.141122 0.406522 0.042728
v 0.140471 0.408795 0.044647
v 0.139563 0.410616 0.046336
v 0.138296 0.411802 0.047702
v 0.136612 0.412251 0.048694
v 0.134511 0.411964 0.049312
v 0.132051 0.411042 0.049607
v 0.129334 0.409668 0.049673
v 0.126495 0.408076 0.049628
v 0.123671 0.406512 0.049598
v 0.120985 0.405192 0.049691
v 0.118521 0.404264 0.049983
v 0.116316 0.403792 0.050507
v 0.114351 0.403745 0.051247
v 0.112564 0.404014 0.052148
f 5079 5080 5081
f 5079 5081 5080
f 5079 5081 5082
f 5079 5082 5081
f 5079 5082 5083
f 5079 5083 5082
f 5079 5083 5084
f 5079 5084 5083
f 5079 5084 5085
f 5079 5085 5084
f 5079 5085 5086
f 5079 5086 5085
f 5079 5086 5087
f 5079 5087 5086
f 5079 5087 5088
f 5079 5088 5087
f 5079 5088 5089
f 5079 5089 5088
f 5079 5089 5090
f 5079 5090 5089
f 5079 5090 5091
f 5079 5091 5090
f 5079 5091 5092
f 5079 5092 5091
f 5079 5092 5093
f 5079 5093 5092
f 5079 5093 5094
f 5079 5094 5093
f 5079 5094 5095
f 5079 5095 5094
f 5079 5095 5096
f 5079 5096 5095
f 5079 5096 5097
f 5079 5097 5096
f 5079 5097 5098
f 5079 5098 5097
f 5079 5098 5099
f 5079 5099 5098
f 5079 5099 5100
f 5079 5100 5099
f 5079 5100 5101
f 5079 5101 5100
f 5079 5101 5102
f 5079 5102 5101
f 5079 5102 5103
f 5079 5103 5102
f 5079 5103 5104
f 5079 5104 5103
f 5079 5104 5105
f 5079 5105 5104
f 5079 5105 5106
f 5079 5106 5105
f 5079 5106 5107
f 5079 5107 5106
f 5079 5107 5108
f 5079 5108 5107
f 5079 5108 5109
f 5079 5109 5108
f 5079 5109 5110
f 5079 5110 5109
f 5079 5110 5111
f 5079 5111 5110
f 5079 5111 5112
f 5079 5112 5111
f 5079 5112 5113
f 5079 5113 5112
f 5079 5113 5114
f 5079 5114 5113
f 5079 5114 5115
f 5079 5115 5114
f 5079 5115 5116
f 5079 5116 5115
f 5079 5116 5117
f 5079 5117 5116
f 5079 5117 5118
f 5079 5118 5117
f 5079 5118 5119
f 5079 5119 5118
f 5079 5119 5120
f 5079 5120 5119
f 5079 5120 5121
f 5079 5121 5120
f 5079 5121 5122
f 5079 5122 5121
f 5079 5122 5123
f 5079 5123 5122
f 5079 5123 5124
f 5079 5124 5123
v 0.127237 0.388909 0.061249
v 0.125234 0.390695 0.061810
v 0.124083 0.391696 0.064122
v 0.124043 0.391696 0.066836
v 0.125126 0.390695 0.069181
v 0.127111 0.388909 0.069800
v 0.129114 0.387122 0.069239
v 0.130265 0.386121 0.066927
v 0.130305 0.386121 0.064213
v 0.129222 0.387122 0.061868
v 0.144367 0.408054 0.062869
v 0.143005 0.409269 0.063251
v 0.142223 0.409949 0.064823
v 0.142196 0.409949 0.066668
v 0.142932 0.409269 0.068263
v 0.144282 0.408054 0.068684
v 0.145644 0.406839 0.068303
v 0.146427 0.406158 0.066731
v 0.146454 0.406158 0.064885
v 0.145718 0.406839 0.063291
f 5125 5126 5136
f 5125 5136 5135
f 5126 5127 5137
f 5126 5137 5136
f 5127 5128 5138
f 5127 5138 5137
f 5128 5129 5139
f 5128 5139 5138
f 5129 5130 5140
f 5129 5140 5139
f 5130 5131 5141
f 5130 5141 5140
f 5131 5132 5142
f 5131 5142 5141
f 5132 5133 5143
f 5132 5143 5142
f 5133 5134 5144
f 5133 5144 5143
f 5134 5125 5135
f 5134 5135 5144
v 0.144325 0.408054 0.065777
v 0.143029 0.407511 0.063510
v 0.141308 0.407347 0.061347
v 0.139082 0.407634 0.059308
v 0.136370 0.408354 0.057387
v 0.133264 0.409427 0.055563
v 0.129911 0.410720 0.053799
v 0.126494 0.412070 0.052050
v 0.123213 0.413299 0.050269
v 0.120260 0.414234 0.048407
v 0.117804 0.414727 0.046423
v 0.115965 0.414669 0.044290
v 0.114807 0.414002 0.041989
v 0.114332 0.412726 0.039522
v 0.114474 0.410899 0.036904
v 0.115111 0.408630 0.034165
v 0.116078 0.406067 0.031346
v 0.117181 0.403383 0.028493
v 0.118219 0.400756 0.025657
v 0.119011 0.398350 0.022880
v 0.119408 0.396295 0.020200
v 0.119319 0.394675 0.017638
v 0.118725 0.393504 0.015200
v 0.117707 0.392714 0.012866
v 0.119003 0.393257 0.015132
v 0.120724 0.393420 0.017295
v 0.122950 0.393133 0.019335
v 0.125662 0.392413 0.021255
v 0.128767 0.391341 0.023080
v 0.132121 0.390047 0.024844
v 0.135538 0.388697 0.026592
v 0.138819 0.387468 0.028374
v 0.141771 0.386533 0.030236
v 0.144228 0.386040 0.032219
v 0.146067 0.386099 0.034353
v 0.147224 0.386766 0.036653
v 0.147700 0.388041 0.039120
v 0.147558 0.389868 0.041738
v 0.146920 0.392137 0.044477
v 0.145953 0.394700 0.047297
v 0.144851 0.397384 0.050149
v 0.143812 0.400011 0.052986
v 0.143021 0.402417 0.055762
v 0.142624 0.404472 0.058443
v 0.142713 0.406093 0.061004
v 0.143306 0.407263 0.063442
f 5145 5146 5147
f 5145 5147 5146
f 5145 5147 5148
f 5145 5148 5147
f 5145 5148 5149
f 5145 5149 5148
f 5145 5149 5150
f 5145 5150 5149
f 5145 5150 5151
f 5145 5151 5150
f 5145 5151 5152
f 5145 5152 5151
f 5145 5152 5153
f 5145 5153 5152
f 5145 5153 5154
f 5145 5154 5153
f 5145 5154 5155
f 5145 5155 5154
f 5145 5155 5156
f 5145 5156 5155
f 5145 5156 5157
f 5145 5157 5156
f 5145 5157 5158
f 5145 5158 5157
f 5145 5158 5159
f 5145 5159 5158
f 5145 5159 5160
f 5145 5160 5159
f 5145 5160 5161
f 5145 5161 5160
f 5145 5161 5162
f 5145 5162 5161
f 5145 5162 5163
f 5145 5163 5162
f 5145 5163 5164
f 5145 5164 5163
f 5145 5164 5165
f 5145 5165 5164
f 5145 5165 5166
f 5145 5166 5165
f 5145 5166 5167
f 5145 5167 5166
f 5145 5167 5168
f 5145 5168 5167
f 5145 5168 5169
f 5145 5169 5168
f 5145 5169 5170
f 5145 5170 5169
f 5145 5170 5171
f 5145 5171 5170
f 5145 5171 5172
f 5145 5172 5171
f 5145 5172 5173
f 5145 5173 5172
f 5145 5173 5174
f 5145 5174 5173
f 5145 5174 5175
f 5145 5175 5174
f 5145 5175 5176
f 5145 5176 5175
f 5145 5176 5177
f 5145 5177 5176
f 5145 5177 5178
f 5145 5178 5177
f 5145 5178 5179
f 5145 5179 5178
f 5145 5179 5180
f 5145 5180 5179
f 5145 5180 5181
f 5145 5181 5180
f 5145 5181 5182
f 5145 5182 5181
f 5145 5182 5183
f 5145 5183 5182
f 5145 5183 5184
f 5145 5184 5183
f 5145 5184 5185
f 5145 5185 5184
f 5145 5185 5186
f 5145 5186 5185
f 5145 5186 5187
f 5145 5187 5186
f 5145 5187 5188
f 5145 5188 5187
f 5145 5188 5189
f 5145 5189 5188
f 5145 5189 5190
f 5145 5190 5189
v 0.117797 0.353194 0.093035
v 0.115699 0.355834 0.090823
v 0.111905 0.357312 0.090916
v 0.108346 0.357312 0.092724
v 0.106035 0.355834 0.095734
v 0.106584 0.353194 0.098732
v 0.108682 0.350554 0.100944
v 0.112476 0.349075 0.100852
v 0.116035 0.349075 0.099043
v 0.118346 0.350554 0.096033
v 0.128744 0.384324 0.119022
v 0.127317 0.386119 0.117518
v 0.124737 0.387125 0.117581
v 0.122317 0.387125 0.118810
v 0.120745 0.386119 0.120857
v 0.121119 0.384324 0.122896
v 0.122545 0.382529 0.124400
v 0.125125 0.381523 0.124337
v 0.127545 0.381523 0.123107
v 0.129117 0.382529 0.121061
f 5191 5192 5202
f 5191 5202 5201
f 5192 5193 5203
f 5192 5203 5202
f 5193 5194 5204
f 5193 5204 5203
f 5194 5195 5205
f 5194 5205 5204
f 5195 5196 5206
f 5195 5206 5205
f 5196 5197 5207
f 5196 5207 5206
f 5197 5198 5208
f 5197 5208 5207
f 5198 5199 5209
f 5198 5209 5208
f 5199 5200 5210
f 5199 5210 5209
f 5200 5191 5201
f 5200 5201 5210
v 0.124931 0.384324 0.120959
v 0.126288 0.384378 0.119354
v 0.127505 0.384583 0.117631
v 0.128465 0.385070 0.115688
v 0.129095 0.385919 0.113465
v 0.129384 0.387141 0.110952
v 0.129390 0.388673 0.108198
v 0.129232 0.390384 0.105304
v 0.129070 0.392099 0.102408
v 0.129085 0.393621 0.099661
v 0.129444 0.394766 0.097208
v 0.130278 0.395392 0.095158
v 0.131657 0.395420 0.093573
v 0.133583 0.394851 0.092451
v 0.135983 0.393762 0.091734
v 0.138727 0.392297 0.091310
v 0.141648 0.390638 0.091035
v 0.144566 0.388983 0.090758
v 0.147319 0.387508 0.090341
v 0.149789 0.386343 0.089684
v 0.151918 0.385550 0.088736
v 0.153717 0.385119 0.087508
v 0.155259 0.384970 0.086060
v 0.156662 0.384973 0.084494
v 0.155305 0.384919 0.086099
v 0.154088 0.384714 0.087823
v 0.153127 0.384227 0.089765
v 0.152498 0.383377 0.091988
v 0.152209 0.382156 0.094501
v 0.152203 0.380624 0.097255
v 0.152361 0.378913 0.100149
v 0.152523 0.377198 0.103045
v 0.152508 0.375676 0.105792
v 0.152149 0.374530 0.108245
v 0.151315 0.373905 0.110295
v 0.149935 0.373877 0.111881
v 0.148010 0.374446 0.113002
v 0.145610 0.375534 0.113719
v 0.142865 0.377000 0.114143
v 0.139945 0.378659 0.114418
v 0.137027 0.380314 0.114695
v 0.134274 0.381789 0.115112
v 0.131804 0.382954 0.115770
v 0.129675 0.383747 0.116717
v 0.127875 0.384178 0.117945
v 0.126334 0.384327 0.119393
f 5211 5212 5213
f 5211 5213 5212
f 5211 5213 5214
f 5211 5214 5213
f 5211 5214 5215
f 5211 5215 5214
f 5211 5215 5216
f 5211 5216 5215
f 5211 5216 5217
f 5211 5217 5216
f 5211 5217 5218
f 5211 5218 5217
f 5211 5218 5219
f 5211 5219 5218
f 5211 5219 5220
f 5211 5220 5219
f 5211 5220 5221
f 5211 5221 5220
f 5211 5221 5222
f 5211 5222 5221
f 5211 5222 5223
f 5211 5223 5222
f 5211 5223 5224
f 5211 5224 5223
f 5211 5224 5225
f 5211 5225 5224
f 5211 5225 5226
f 5211 5226 5225
f 5211 5226 5227
f 5211 5227 5226
f 5211 5227 5228
f 5211 5228 5227
f 5211 5228 5229
f 5211 5229 5228
f 5211 5229 5230
f 5211 5230 5229
f 5211 5230 5231
f 5211 5231 5230
f 5211 5231 5232
f 5211 5232 5231
f 5211 5232 5233
f 5211 5233 5232
f 5211 5233 5234
f 5211 5234 5233
f 5211 5234 5235
f 5211 5235 5234
f 5211 5235 5236
f 5211 5236 5235
f 5211 5236 5237
f 5211 5237 5236
f 5211 5237 5238
f 5211 5238 5237
f 5211 5238 5239
f 5211 5239 5238
f 5211 5239 5240
f 5211 5240 5239
f 5211 5240 5241
f 5211 5241 5240
f 5211 5241 5242
f 5211 5242 5241
f 5211 5242 5243
f 5211 5243 5242
f 5211 5243 5244
f 5211 5244 5243
f 5211 5244 5245
f 5211 5245 5244
f 5211 5245 5246
f 5211 5246 5245
f 5211 5246 5247
f 5211 5247 5246
f 5211 5247 5248
f 5211 5248 5247
f 5211 5248 5249
f 5211 5249 5248
f 5211 5249 5250
f 5211 5250 5249
f 5211 5250 5251
f 5211 5251 5250
f 5211 5251 5252
f 5211 5252 5251
f 5211 5252 5253
f 5211 5253 5252
f 5211 5253 5254
f 5211 5254 5253
f 5211 5254 5255
f 5211 5255 5254
f 5211 5255 5256
f 5211 5256 5255
v 0.124931 0.384324 0.120959
v 0.122590 0.383795 0.121393
v 0.120353 0.382837 0.122307
v 0.118217 0.381465 0.123683
v 0.116165 0.379744 0.125449
v 0.114175 0.377773 0.127496
v 0.112216 0.375674 0.129685
v 0.110254 0.373585 0.131863
v 0.108256 0.371644 0.133876
v 0.106192 0.369976 0.135583
v 0.104035 0.368688 0.136865
v 0.101767 0.367856 0.137638
v 0.099379 0.367520 0.137857
v 0.096871 0.367679 0.137522
v 0.094251 0.368294 0.136677
v 0.091539 0.369289 0.135408
v 0.088760 0.370558 0.133832
v 0.085945 0.371974 0.132092
v 0.083129 0.373399 0.130342
v 0.080342 0.374698 0.128733
v 0.077617 0.375746 0.127403
v 0.074977 0.376445 0.126465
v 0.072438 0.376730 0.125990
v 0.070003 0.376586 0.125993
v 0.072344 0.377116 0.125558
v 0.074581 0.378073 0.124645
v 0.076717 0.379445 0.123269
v 0.078769 0.381166 0.121502
v 0.080759 0.383138 0.119456
v 0.082718 0.385236 0.117267
v 0.084680 0.387325 0.115089
v 0.086678 0.389267 0.113076
v 0.088742 0.390934 0.111369
v 0.090899 0.392222 0.110086
v 0.093166 0.393054 0.109314
v 0.095555 0.393390 0.109095
v 0.098063 0.393231 0.109430
v 0.100683 0.392617 0.110274
v 0.103395 0.391622 0.111544
v 0.106174 0.390353 0.113119
v 0.108989 0.388937 0.114859
v 0.111805 0.387511 0.116610
v 0.114592 0.386212 0.118219
v 0.117317 0.385164 0.119548
v 0.119957 0.384465 0.120486
v 0.122496 0.384181 0.120962
f 5257 5258 5259
f 5257 5259 5258
f 5257 5259 5260
f 5257 5260 5259
f 5257 5260 5261
f 5257 5261 5260
f 5257 5261 5262
f 5257 5262 5261
f 5257 5262 5263
f 5257 5263 5262
f 5257 5263 5264
f 5257 5264 5263
f 5257 5264 5265
f 5257 5265 5264
f 5257 5265 5266
f 5257 5266 5265
f 5257 5266 5267
f 5257 5267 5266
f 5257 5267 5268
f 5257 5268 5267
f 5257 5268 5269
f 5257 5269 5268
f 5257 5269 5270
f 5257 5270 5269
f 5257 5270 5271
f 5257 5271 5270
f 5257 5271 5272
f 5257 5272 5271
f 5257 5272 5273
f 5257 5273 5272
f 5257 5273 5274
f 5257 5274 5273
f 5257 5274 5275
f 5257 5275 5274
f 5257 5275 5276
f 5257 5276 5275
f 5257 5276 5277
f 5257 5277 5276
f 5257 5277 5278
f 5257 5278 5277
f 5257 5278 5279
f 5257 5279 5278
f 5257 5279 5280
f 5257 5280 5279
f 5257 5280 5281
f 5257 5281 5280
f 5257 5281 5282
f 5257 5282 5281
f 5257 5282 5283
f 5257 5283 5282
f 5257 5283 5284
f 5257 5284 5283
f 5257 5284 5285
f 5257 5285 5284
f 5257 5285 5286
f 5257 5286 5285
f 5257 5286 5287
f 5257 5287 5286
f 5257 5287 5288
f 5257 5288 5287
f 5257 5288 5289
f 5257 5289 5288
f 5257 5289 5290
f 5257 5290 5289
f 5257 5290 5291
f 5257 5291 5290
f 5257 5291 5292
f 5257 5292 5291
f 5257 5292 5293
f 5257 5293 5292
f 5257 5293 5294
f 5257 5294 5293
f 5257 5294 5295
f 5257 5295 5294
f 5257 5295 5296
f 5257 5296 5295
f 5257 5296 5297
f 5257 5297 5296
f 5257 5297 5298
f 5257 5298 5297
f 5257 5298 5299
f 5257 5299 5298
f 5257 5299 5300
f 5257 5300 5299
f 5257 5300 5301
f 5257 5301 5300
f 5257 5301 5302
f 5257 5302 5301
v 0.128909 0.384324 0.119388
v 0.128168 0.386951 0.119120
v 0.125895 0.388421 0.119704
v 0.123370 0.388421 0.120701
v 0.121311 0.386951 0.121827
v 0.120954 0.384324 0.122529
v 0.121695 0.381697 0.122797
v 0.123967 0.380226 0.122214
v 0.126492 0.380226 0.121217
v 0.128551 0.381697 0.120090
v 0.135432 0.388539 0.139636
v 0.134928 0.390325 0.139454
v 0.133383 0.391325 0.139851
v 0.131666 0.391325 0.140529
v 0.130266 0.390325 0.141295
v 0.130023 0.388539 0.141772
v 0.130526 0.386753 0.141955
v 0.132072 0.385753 0.141558
v 0.133789 0.385753 0.140880
v 0.135189 0.386753 0.140114
f 5303 5304 5314
f 5303 5314 5313
f 5304 5305 5315
f 5304 5315 5314
f 5305 5306 5316
f 5305 5316 5315
f 5306 5307 5317
f 5306 5317 5316
f 5307 5308 5318
f 5307 5318 5317
f 5308 5309 5319
f 5308 5319 5318
f 5309 5310 5320
f 5309 5320 5319
f 5310 5311 5321
f 5310 5321 5320
f 5311 5312 5322
f 5311 5322 5321
f 5312 5303 5313
f 5312 5313 5322
v 0.132727 0.388539 0.140704
v 0.134350 0.389171 0.138349
v 0.135758 0.390397 0.135951
v 0.136913 0.392332 0.133502
v 0.137822 0.394951 0.131004
v 0.138531 0.398127 0.128466
v 0.139114 0.401653 0.125903
v 0.139664 0.405271 0.123333
v 0.140282 0.408700 0.120777
v 0.141065 0.411667 0.118255
v 0.142100 0.413937 0.115782
v 0.143446 0.415337 0.113371
v 0.145137 0.415776 0.111029
v 0.147174 0.415255 0.108757
v 0.149522 0.413864 0.106546
v 0.152121 0.411776 0.104386
v 0.154886 0.409226 0.102258
v 0.157719 0.406486 0.100145
v 0.160518 0.403839 0.098024
v 0.163192 0.401542 0.095879
v 0.165666 0.399802 0.093693
v 0.167894 0.398746 0.091459
v 0.169868 0.398398 0.089174
v 0.171629 0.398645 0.086846
v 0.170007 0.398013 0.089201
v 0.168598 0.396787 0.091600
v 0.167443 0.394851 0.094048
v 0.166535 0.392232 0.096546
v 0.165826 0.389057 0.099084
v 0.165243 0.385531 0.101647
v 0.164693 0.381912 0.104217
v 0.164075 0.378483 0.106773
v 0.163291 0.375516 0.109296
v 0.162257 0.373247 0.111769
v 0.160910 0.371847 0.114179
v 0.159219 0.371407 0.116521
v 0.157183 0.371929 0.118794
v 0.154834 0.373319 0.121004
v 0.152235 0.375408 0.123164
v 0.149470 0.377958 0.125292
v 0.146638 0.380697 0.127405
v 0.143838 0.383345 0.129526
v 0.141164 0.385642 0.131671
v 0.138690 0.387382 0.133857
v 0.136462 0.388438 0.136091
v 0.134488 0.388786 0.138376
f 5323 5324 5325
f 5323 5325 5324
f 5323 5325 5326
f 5323 5326 5325
f 5323 5326 5327
f 5323 5327 5326
f 5323 5327 5328
f 5323 5328 5327
f 5323 5328 5329
f 5323 5329 5328
f 5323 5329 5330
f 5323 5330 5329
f 5323 5330 5331
f 5323 5331 5330
f 5323 5331 5332
f 5323 5332 5331
f 5323 5332 5333
f 5323 5333 5332
f 5323 5333 5334
f 5323 5334 5333
f 5323 5334 5335
f 5323 5335 5334
f 5323 5335 5336
f 5323 5336 5335
f 5323 5336 5337
f 5323 5337 5336
f 5323 5337 5338
f 5323 5338 5337
f 5323 5338 5339
f 5323 5339 5338
f 5323 5339 5340
f 5323 5340 5339
f 5323 5340 5341
f 5323 5341 5340
f 5323 5341 5342
f 5323 5342 5341
f 5323 5342 5343
f 5323 5343 5342
f 5323 5343 5344
f 5323 5344 5343
f 5323 5344 5345
f 5323 5345 5344
f 5323 5345 5346
f 5323 5346 5345
f 5323 5346 5347
f 5323 5347 5346
f 5323 5347 5348
f 5323 5348 5347
f 5323 5348 5349
f 5323 5349 5348
f 5323 5349 5350
f 5323 5350 5349
f 5323 5350 5351
f 5323 5351 5350
f 5323 5351 5352
f 5323 5352 5351
f 5323 5352 5353
f 5323 5353 5352
f 5323 5353 5354
f 5323 5354 5353
f 5323 5354 5355
f 5323 5355 5354
f 5323 5355 5356
f 5323 5356 5355
f 5323 5356 5357
f 5323 5357 5356
f 5323 5357 5358
f 5323 5358 5357
f 5323 5358 5359
f 5323 5359 5358
f 5323 5359 5360
f 5323 5360 5359
f 5323 5360 5361
f 5323 5361 5360
f 5323 5361 5362
f 5323 5362 5361
f 5323 5362 5363
f 5323 5363 5362
f 5323 5363 5364
f 5323 5364 5363
f 5323 5364 5365
f 5323 5365 5364
f 5323 5365 5366
f 5323 5366 5365
f 5323 5366 5367
f 5323 5367 5366
f 5323 5367 5368
f 5323 5368 5367
v 0.124083 0.384324 0.116767
v 0.122465 0.386332 0.117697
v 0.121954 0.387457 0.120176
v 0.122492 0.387457 0.122837
v 0.123926 0.386332 0.124923
v 0.125779 0.384324 0.125150
v 0.127398 0.382315 0.124220
v 0.127908 0.381191 0.121741
v 0.127370 0.381191 0.119081
v 0.125936 0.382315 0.116995
v 0.142199 0.400378 0.114499
v 0.141098 0.401744 0.115132
v 0.140751 0.402508 0.116817
v 0.141117 0.402508 0.118627
v 0.142092 0.401744 0.120045
v 0.143352 0.400378 0.120200
v 0.144452 0.399012 0.119567
v 0.144800 0.398247 0.117882
v 0.144434 0.398247 0.116072
v 0.143459 0.399012 0.114654
f 5369 5370 5380
f 5369 5380 5379
f 5370 5371 5381
f 5370 5381 5380
f 5371 5372 5382
f 5371 5382 5381
f 5372 5373 5383
f 5372 5383 5382
f 5373 5374 5384
f 5373 5384 5383
f 5374 5375 5385
f 5374 5385 5384
f 5375 5376 5386
f 5375 5386 5385
f 5376 5377 5387
f 5376 5387 5386
f 5377 5378 5388
f 5377 5388 5387
f 5378 5369 5379
f 5378 5379 5388
v 0.142775 0.400378 0.117350
v 0.141945 0.399265 0.114824
v 0.140684 0.398606 0.112187
v 0.138918 0.398479 0.109418
v 0.136671 0.398859 0.106525
v 0.134035 0.399647 0.103531
v 0.131159 0.400689 0.100475
v 0.128225 0.401792 0.097404
v 0.125430 0.402749 0.094369
v 0.122964 0.403359 0.091419
v 0.120990 0.403451 0.088597
v 0.119628 0.402898 0.085933
v 0.118942 0.401633 0.083445
v 0.118931 0.399658 0.081132
v 0.119532 0.397038 0.078977
v 0.120626 0.393899 0.076951
v 0.122048 0.390413 0.075009
v 0.123610 0.386781 0.073104
v 0.125113 0.383211 0.071183
v 0.126376 0.379894 0.069200
v 0.127251 0.376985 0.067117
v 0.127644 0.374584 0.064909
v 0.127533 0.372714 0.062569
v 0.126990 0.371298 0.060118
v 0.127820 0.372411 0.062644
v 0.129081 0.373070 0.065281
v 0.130847 0.373198 0.068050
v 0.133095 0.372818 0.070943
v 0.135730 0.372029 0.073937
v 0.138606 0.370987 0.076993
v 0.141540 0.369884 0.080064
v 0.144336 0.368927 0.083099
v 0.146802 0.368317 0.086049
v 0.148776 0.368225 0.088871
v 0.150137 0.368779 0.091535
v 0.150823 0.370043 0.094023
v 0.150834 0.372018 0.096336
v 0.150233 0.374639 0.098491
v 0.149140 0.377777 0.100517
v 0.147717 0.381263 0.102459
v 0.146155 0.384895 0.104364
v 0.144652 0.388465 0.106285
v 0.143389 0.391782 0.108267
v 0.142514 0.394691 0.110351
v 0.142121 0.397092 0.112559
v 0.142233 0.398962 0.114899
f 5389 5390 5391
f 5389 5391 5390
f 5389 5391 5392
f 5389 5392 5391
f 5389 5392 5393
f 5389 5393 5392
f 5389 5393 5394
f 5389 5394 5393
f 5389 5394 5395
f 5389 5395 5394
f 5389 5395 5396
f 5389 5396 5395
f 5389 5396 5397
f 5389 5397 5396
f 5389 5397 5398
f 5389 5398 5397
f 5389 5398 5399
f 5389 5399 5398
f 5389 5399 5400
f 5389 5400 5399
f 5389 5400 5401
f 5389 5401 5400
f 5389 5401 5402
f 5389 5402 5401
f 5389 5402 5403
f 5389 5403 5402
f 5389 5403 5404
f 5389 5404 5403
f 5389 5404 5405
f 5389 5405 5404
f 5389 5405 5406
f 5389 5406 5405
f 5389 5406 5407
f 5389 5407 5406
f 5389 5407 5408
f 5389 5408 5407
f 5389 5408 5409
f 5389 5409 5408
f 5389 5409 5410
f 5389 5410 5409
f 5389 5410 5411
f 5389 5411 5410
f 5389 5411 5412
f 5389 5412 5411
f 5389 5412 5413
f 5389 5413 5412
f 5389 5413 5414
f 5389 5414 5413
f 5389 5414 5415
f 5389 5415 5414
f 5389 5415 5416
f 5389 5416 5415
f 5389 5416 5417
f 5389 5417 5416
f 5389 5417 5418
f 5389 5418 5417
f 5389 5418 5419
f 5389 5419 5418
f 5389 5419 5420
f 5389 5420 5419
f 5389 5420 5421
f 5389 5421 5420
f 5389 5421 5422
f 5389 5422 5421
f 5389 5422 5423
f 5389 5423 5422
f 5389 5423 5424
f 5389 5424 5423
f 5389 5424 5425
f 5389 5425 5424
f 5389 5425 5426
f 5389 5426 5425
f 5389 5426 5427
f 5389 5427 5426
f 5389 5427 5428
f 5389 5428 5427
f 5389 5428 5429
f 5389 5429 5428
f 5389 5429 5430
f 5389 5430 5429
f 5389 5430 5431
f 5389 5431 5430
f 5389 5431 5432
f 5389 5432 5431
f 5389 5432 5433
f 5389 5433 5432
f 5389 5433 5434
f 5389 5434 5433
v 0.142775 0.400378 0.117350
v 0.142111 0.400335 0.119219
v 0.141602 0.400134 0.121144
v 0.141376 0.399640 0.123173
v 0.141511 0.398775 0.125332
v 0.142015 0.397530 0.127625
v 0.142823 0.395972 0.130029
v 0.143805 0.394234 0.132495
v 0.144788 0.392496 0.134962
v 0.145577 0.390957 0.137359
v 0.145991 0.389804 0.139619
v 0.145891 0.389181 0.141693
v 0.145201 0.389166 0.143553
v 0.143920 0.389759 0.145199
v 0.142125 0.390881 0.146658
v 0.139955 0.392390 0.147981
v 0.137592 0.394098 0.149234
v 0.135229 0.395806 0.150486
v 0.133040 0.397334 0.151803
v 0.131156 0.398548 0.153229
v 0.129640 0.399383 0.154790
v 0.128485 0.399847 0.156481
v 0.127613 0.400018 0.158275
v 0.126897 0.400030 0.160125
v 0.127561 0.400072 0.158256
v 0.128070 0.400274 0.156330
v 0.128295 0.400768 0.154302
v 0.128160 0.401633 0.152142
v 0.127657 0.402878 0.149849
v 0.126849 0.404436 0.147446
v 0.125866 0.406174 0.144979
v 0.124884 0.407912 0.142512
v 0.124095 0.409451 0.140116
v 0.123681 0.410604 0.137855
v 0.123781 0.411227 0.135781
v 0.124471 0.411242 0.133921
v 0.125752 0.410649 0.132276
v 0.127547 0.409526 0.130817
v 0.129717 0.408018 0.129494
v 0.132080 0.406310 0.128241
v 0.134443 0.404602 0.126988
v 0.136632 0.403074 0.125672
v 0.138516 0.401860 0.124245
v 0.140032 0.401025 0.122685
v 0.141187 0.400561 0.120994
v 0.142058 0.400390 0.119200
f 5435 5436 5437
f 5435 5437 5436
f 5435 5437 5438
f 5435 5438 5437
f 5435 5438 5439
f 5435 5439 5438
f 5435 5439 5440
f 5435 5440 5439
f 5435 5440 5441
f 5435 5441 5440
f 5435 5441 5442
f 5435 5442 5441
f 5435 5442 5443
f 5435 5443 5442
f 5435 5443 5444
f 5435 5444 5443
f 5435 5444 5445
f 5435 5445 5444
f 5435 5445 5446
f 5435 5446 5445
f 5435 5446 5447
f 5435 5447 5446
f 5435 5447 5448
f 5435 5448 5447
f 5435 5448 5449
f 5435 5449 5448
f 5435 5449 5450
f 5435 5450 5449
f 5435 5450 5451
f 5435 5451 5450
f 5435 5451 5452
f 5435 5452 5451
f 5435 5452 5453
f 5435 5453 5452
f 5435 5453 5454
f 5435 5454 5453
f 5435 5454 5455
f 5435 5455 5454
f 5435 5455 5456
f 5435 5456 5455
f 5435 5456 5457
f 5435 5457 5456
f 5435 5457 5458
f 5435 5458 5457
f 5435 5458 5459
f 5435 5459 5458
f 5435 5459 5460
f 5435 5460 5459
f 5435 5460 5461
f 5435 5461 5460
f 5435 5461 5462
f 5435 5462 5461
f 5435 5462 5463
f 5435 5463 5462
f 5435 5463 5464
f 5435 5464 5463
f 5435 5464 5465
f 5435 5465 5464
f 5435 5465 5466
f 5435 5466 5465
f 5435 5466 5467
f 5435 5467 5466
f 5435 5467 5468
f 5435 5468 5467
f 5435 5468 5469
f 5435 5469 5468
f 5435 5469 5470
f 5435 5470 5469
f 5435 5470 5471
f 5435 5471 5470
f 5435 5471 5472
f 5435 5472 5471
f 5435 5472 5473
f 5435 5473 5472
f 5435 5473 5474
f 5435 5474 5473
f 5435 5474 5475
f 5435 5475 5474
f 5435 5475 5476
f 5435 5476 5475
f 5435 5476 5477
f 5435 5477 5476
f 5435 5477 5478
f 5435 5478 5477
f 5435 5478 5479
f 5435 5479 5478
f 5435 5479 5480
f 5435 5480 5479
v 0.126844 0.384324 0.124783
v 0.128259 0.386234 0.123416
v 0.128157 0.387303 0.120863
v 0.126943 0.387303 0.118435
v 0.124961 0.386234 0.116823
v 0.123018 0.384324 0.117134
v 0.121604 0.382414 0.118502
v 0.121705 0.381345 0.121055
v 0.122919 0.381345 0.123483
v 0.124901 0.382414 0.125095
v 0.111748 0.400242 0.130803
v 0.112710 0.401541 0.129873
v 0.112641 0.402268 0.128137
v 0.111816 0.402268 0.126486
v 0.110468 0.401541 0.125390
v 0.109147 0.400242 0.125602
v 0.108185 0.398944 0.126532
v 0.108254 0.398217 0.128268
v 0.109079 0.398217 0.129919
v 0.110427 0.398944 0.131015
f 5481 5482 5492
f 5481 5492 5491
f 5482 5483 5493
f 5482 5493 5492
f 5483 5484 5494
f 5483 5494 5493
f 5484 5485 5495
f 5484 5495 5494
f 5485 5486 5496
f 5485 5496 5495
f 5486 5487 5497
f 5486 5497 5496
f 5487 5488 5498
f 5487 5498 5497
f 5488 5489 5499
f 5488 5499 5498
f 5489 5490 5500
f 5489 5500 5499
f 5490 5481 5491
f 5490 5491 5500
v 0.110448 0.400242 0.128203
v 0.111802 0.399407 0.129448
v 0.113316 0.398740 0.130640
v 0.115119 0.398380 0.131738
v 0.117287 0.398405 0.132717
v 0.119825 0.398823 0.133574
v 0.122666 0.399562 0.134332
v 0.125680 0.400483 0.135033
v 0.128690 0.401401 0.135736
v 0.131504 0.402111 0.136503
v 0.133940 0.402421 0.137394
v 0.135859 0.402183 0.138454
v 0.137186 0.401318 0.139708
v 0.137920 0.399826 0.141156
v 0.138137 0.397786 0.142773
v 0.137977 0.395347 0.144514
v 0.137620 0.392699 0.146320
v 0.137260 0.390048 0.148127
v 0.137072 0.387579 0.149877
v 0.137188 0.385432 0.151528
v 0.137674 0.383677 0.153057
v 0.138524 0.382307 0.154467
v 0.139663 0.381244 0.155783
v 0.140962 0.380349 0.157046
v 0.139608 0.381185 0.155801
v 0.138094 0.381851 0.154608
v 0.136291 0.382212 0.153510
v 0.134123 0.382186 0.152532
v 0.131585 0.381769 0.151675
v 0.128744 0.381030 0.150917
v 0.125730 0.380108 0.150215
v 0.122720 0.379190 0.149513
v 0.119906 0.378481 0.148746
v 0.117470 0.378171 0.147855
v 0.115551 0.378409 0.146795
v 0.114224 0.379274 0.145541
v 0.113490 0.380766 0.144093
v 0.113273 0.382805 0.142475
v 0.113433 0.385245 0.140734
v 0.113790 0.387893 0.138929
v 0.114150 0.390544 0.137122
v 0.114338 0.393013 0.135372
v 0.114222 0.395160 0.133721
v 0.113736 0.396915 0.132191
v 0.112886 0.398285 0.130781
v 0.111747 0.399348 0.129466
f 5501 5502 5503
f 5501 5503 5502
f 5501 5503 5504
f 5501 5504 5503
f 5501 5504 5505
f 5501 5505 5504
f 5501 5505 5506
f 5501 5506 5505
f 5501 5506 5507
f 5501 5507 5506
f 5501 5507 5508
f 5501 5508 5507
f 5501 5508 5509
f 5501 5509 5508
f 5501 5509 5510
f 5501 5510 5509
f 5501 5510 5511
f 5501 5511 5510
f 5501 5511 5512
f 5501 5512 5511
f 5501 5512 5513
f 5501 5513 5512
f 5501 5513 5514
f 5501 5514 5513
f 5501 5514 5515
f 5501 5515 5514
f 5501 5515 5516
f 5501 5516 5515
f 5501 5516 5517
f 5501 5517 5516
f 5501 5517 5518
f 5501 5518 5517
f 5501 5518 5519
f 5501 5519 5518
f 5501 5519 5520
f 5501 5520 5519
f 5501 5520 5521
f 5501 5521 5520
f 5501 5521 5522
f 5501 5522 5521
f 5501 5522 5523
f 5501 5523 5522
f 5501 5523 5524
f 5501 5524 5523
f 5501 5524 5525
f 5501 5525 5524
f 5501 5525 5526
f 5501 5526 5525
f 5501 5526 5527
f 5501 5527 5526
f 5501 5527 5528
f 5501 5528 5527
f 5501 5528 5529
f 5501 5529 5528
f 5501 5529 5530
f 5501 5530 5529
f 5501 5530 5531
f 5501 5531 5530
f 5501 5531 5532
f 5501 5532 5531
f 5501 5532 5533
f 5501 5533 5532
f 5501 5533 5534
f 5501 5534 5533
f 5501 5534 5535
f 5501 5535 5534
f 5501 5535 5536
f 5501 5536 5535
f 5501 5536 5537
f 5501 5537 5536
f 5501 5537 5538
f 5501 5538 5537
f 5501 5538 5539
f 5501 5539 5538
f 5501 5539 5540
f 5501 5540 5539
f 5501 5540 5541
f 5501 5541 5540
f 5501 5541 5542
f 5501 5542 5541
f 5501 5542 5543
f 5501 5543 5542
f 5501 5543 5544
f 5501 5544 5543
f 5501 5544 5545
f 5501 5545 5544
f 5501 5545 5546
f 5501 5546 5545
v 0.055139 0.303028 0.105485
v 0.056437 0.307655 0.102010
v 0.053885 0.310246 0.097251
v 0.049428 0.310246 0.093430
v 0.044336 0.307655 0.091633
v 0.041099 0.303028 0.093445
v 0.039801 0.298402 0.096921
v 0.042354 0.295811 0.101679
v 0.046810 0.295811 0.105501
v 0.051903 0.298402 0.107298
v 0.010350 0.352231 0.153171
v 0.011233 0.355377 0.150807
v 0.009497 0.357139 0.147571
v 0.006466 0.357139 0.144973
v 0.003004 0.355377 0.143751
v 0.000803 0.352231 0.144983
v -0.000080 0.349084 0.147347
v 0.001656 0.347323 0.150583
v 0.004686 0.347323 0.153181
v 0.008149 0.349084 0.154403
f 5547 5548 5558
f 5547 5558 5557
f 5548 5549 5559
f 5548 5559 5558
f 5549 5550 5560
f 5549 5560 5559
f 5550 5551 5561
f 5550 5561 5560
f 5551 5552 5562
f 5551 5562 5561
f 5552 5553 5563
f 5552 5563 5562
f 5553 5554 5564
f 5553 5564 5563
f 5554 5555 5565
f 5554 5565 5564
f 5555 5556 5566
f 5555 5566 5565
f 5556 5547 5557
f 5556 5557 5566
v 0.009571 0.352231 0.153934
v 0.008536 0.356118 0.153661
v 0.006090 0.358296 0.151239
v 0.003554 0.358296 0.148156
v 0.001650 0.356118 0.145288
v 0.001582 0.352231 0.144220
v 0.002617 0.348343 0.144493
v 0.005063 0.346165 0.146915
v 0.007599 0.346165 0.149998
v 0.009503 0.348343 0.152866
v -0.027223 0.344826 0.181587
v -0.027927 0.347470 0.181401
v -0.029590 0.348950 0.179754
v -0.031314 0.348950 0.177657
v -0.032609 0.347470 0.175707
v -0.032656 0.344826 0.174981
v -0.031952 0.342182 0.175166
v -0.030289 0.340701 0.176813
v -0.028564 0.340701 0.178910
v -0.027269 0.342182 0.180860
f 5567 5568 5578
f 5567 5578 5577
f 5568 5569 5579
f 5568 5579 5578
f 5569 5570 5580
f 5569 5580 5579
f 5570 5571 5581
f 5570 5581 5580
f 5571 5572 5582
f 5571 5582 5581
f 5572 5573 5583
f 5572 5583 5582
f 5573 5574 5584
f 5573 5584 5583
f 5574 5575 5585
f 5574 5585 5584
f 5575 5576 5586
f 5575 5586 5585
f 5576 5567 5577
f 5576 5577 5586
v -0.029939 0.344826 0.178284
v -0.028052 0.344341 0.179736
v -0.026092 0.344457 0.181428
v -0.024064 0.345151 0.183350
v -0.021977 0.346332 0.185467
v -0.019849 0.347861 0.187722
v -0.017700 0.349564 0.190047
v -0.015552 0.351251 0.192366
v -0.013430 0.352732 0.194603
v -0.011353 0.353830 0.196687
v -0.009340 0.354398 0.198559
v -0.007402 0.354331 0.200177
v -0.005547 0.353573 0.201521
v -0.003775 0.352125 0.202589
v -0.002078 0.350042 0.203403
v -0.000445 0.347428 0.204007
v 0.001142 0.344432 0.204457
v 0.002705 0.341229 0.204825
v 0.004265 0.338011 0.205186
v 0.005847 0.334967 0.205618
v 0.007470 0.332271 0.206188
v 0.009151 0.330061 0.206952
v 0.010902 0.328430 0.207947
v 0.012724 0.327399 0.209181
v 0.010837 0.327884 0.207729
v 0.008877 0.327767 0.206037
v 0.006849 0.327073 0.204115
v 0.004762 0.325892 0.201998
v 0.002634 0.324364 0.199743
v 0.000485 0.322661 0.197418
v -0.001663 0.320973 0.195099
v -0.003785 0.319492 0.192862
v -0.005862 0.318394 0.190779
v -0.007876 0.317826 0.188906
v -0.009813 0.317894 0.187288
v -0.011668 0.318652 0.185944
v -0.013440 0.320100 0.184876
v -0.015137 0.322183 0.184062
v -0.016770 0.324796 0.183458
v -0.018357 0.327793 0.183008
v -0.019920 0.330996 0.182640
v -0.021480 0.334214 0.182279
v -0.023062 0.337258 0.181847
v -0.024685 0.339954 0.181277
v -0.026367 0.342163 0.180513
v -0.028117 0.343795 0.179518
f 5587 5588 5589
f 5587 5589 5588
f 5587 5589 5590
f 5587 5590 5589
f 5587 5590 5591
f 5587 5591 5590
f 5587 5591 5592
f 5587 5592 5591
f 5587 5592 5593
f 5587 5593 5592
f 5587 5593 5594
f 5587 5594 5593
f 5587 5594 5595
f 5587 5595 5594
f 5587 5595 5596
f 5587 5596 5595
f 5587 5596 5597
f 5587 5597 5596
f 5587 5597 5598
f 5587 5598 5597
f 5587 5598 5599
f 5587 5599 5598
f 5587 5599 5600
f 5587 5600 5599
f 5587 5600 5601
f 5587 5601 5600
f 5587 5601 5602
f 5587 5602 5601
f 5587 5602 5603
f 5587 5603 5602
f 5587 5603 5604
f 5587 5604 5603
f 5587 5604 5605
f 5587 5605 5604
f 5587 5605 5606
f 5587 5606 5605
f 5587 5606 5607
f 5587 5607 5606
f 5587 5607 5608
f 5587 5608 5607
f 5587 5608 5609
f 5587 5609 5608
f 5587 5609 5610
f 5587 5610 5609
f 5587 5610 5611
f 5587 5611 5610
f 5587 5611 5612
f 5587 5612 5611
f 5587 5612 5613
f 5587 5613 5612
f 5587 5613 5614
f 5587 5614 5613
f 5587 5614 5615
f 5587 5615 5614
f 5587 5615 5616
f 5587 5616 5615
f 5587 5616 5617
f 5587 5617 5616
f 5587 5617 5618
f 5587 5618 5617
f 5587 5618 5619
f 5587 5619 5618
f 5587 5619 5620
f 5587 5620 5619
f 5587 5620 5621
f 5587 5621 5620
f 5587 5621 5622
f 5587 5622 5621
f 5587 5622 5623
f 5587 5623 5622
f 5587 5623 5624
f 5587 5624 5623
f 5587 5624 5625
f 5587 5625 5624
f 5587 5625 5626
f 5587 5626 5625
f 5587 5626 5627
f 5587 5627 5626
f 5587 5627 5628
f 5587 5628 5627
f 5587 5628 5629
f 5587 5629 5628
f 5587 5629 5630
f 5587 5630 5629
f 5587 5630 5631
f 5587 5631 5630
f 5587 5631 5632
f 5587 5632 5631
v -0.029939 0.344826 0.178284
v -0.030202 0.344000 0.176632
v -0.030275 0.342639 0.175077
v -0.030206 0.340880 0.173593
v -0.030036 0.338839 0.172160
v -0.029807 0.336634 0.170756
v -0.029564 0.334387 0.169359
v -0.029349 0.332217 0.167949
v -0.029201 0.330238 0.166504
v -0.029156 0.328547 0.165008
v -0.029242 0.327223 0.163446
v -0.029478 0.326322 0.161808
v -0.029875 0.325872 0.160089
v -0.030432 0.325874 0.158290
v -0.031140 0.326298 0.156414
v -0.031979 0.327090 0.154472
v -0.032921 0.328169 0.152479
v -0.033930 0.329439 0.150451
v -0.034967 0.330787 0.148410
v -0.035988 0.332092 0.146376
v -0.036952 0.333234 0.144371
v -0.037815 0.334094 0.142417
v -0.038536 0.334555 0.140535
v -0.039067 0.334481 0.138749
v -0.038804 0.335306 0.140400
v -0.038732 0.336667 0.141956
v -0.038801 0.338426 0.143440
v -0.038971 0.340468 0.144873
v -0.039199 0.342673 0.146277
v -0.039442 0.344920 0.147673
v -0.039657 0.347089 0.149083
v -0.039805 0.349069 0.150528
v -0.039850 0.350760 0.152024
v -0.039765 0.352083 0.153586
v -0.039529 0.352985 0.155224
v -0.039132 0.353434 0.156943
v -0.038574 0.353433 0.158743
v -0.037866 0.353009 0.160619
v -0.037027 0.352217 0.162560
v -0.036086 0.351137 0.164554
v -0.035077 0.349867 0.166581
v -0.034040 0.348520 0.168623
v -0.033018 0.347214 0.170656
v -0.032054 0.346073 0.172661
v -0.031191 0.345213 0.174615
v -0.030470 0.344752 0.176497
f 5633 5634 5635
f 5633 5635 5634
f 5633 5635 5636
f 5633 5636 5635
f 5633 5636 5637
f 5633 5637 5636
f 5633 5637 5638
f 5633 5638 5637
f 5633 5638 5639
f 5633 5639 5638
f 5633 5639 5640
f 5633 5640 5639
f 5633 5640 5641
f 5633 5641 5640
f 5633 5641 5642
f 5633 5642 5641
f 5633 5642 5643
f 5633 5643 5642
f 5633 5643 5644
f 5633 5644 5643
f 5633 5644 5645
f 5633 5645 5644
f 5633 5645 5646
f 5633 5646 5645
f 5633 5646 5647
f 5633 5647 5646
f 5633 5647 5648
f 5633 5648 5647
f 5633 5648 5649
f 5633 5649 5648
f 5633 5649 5650
f 5633 5650 5649
f 5633 5650 5651
f 5633 5651 5650
f 5633 5651 5652
f 5633 5652 5651
f 5633 5652 5653
f 5633 5653 5652
f 5633 5653 5654
f 5633 5654 5653
f 5633 5654 5655
f 5633 5655 5654
f 5633 5655 5656
f 5633 5656 5655
f 5633 5656 5657
f 5633 5657 5656
f 5633 5657 5658
f 5633 5658 5657
f 5633 5658 5659
f 5633 5659 5658
f 5633 5659 5660
f 5633 5660 5659
f 5633 5660 5661
f 5633 5661 5660
f 5633 5661 5662
f 5633 5662 5661
f 5633 5662 5663
f 5633 5663 5662
f 5633 5663 5664
f 5633 5664 5663
f 5633 5664 5665
f 5633 5665 5664
f 5633 5665 5666
f 5633 5666 5665
f 5633 5666 5667
f 5633 5667 5666
f 5633 5667 5668
f 5633 5668 5667
f 5633 5668 5669
f 5633 5669 5668
f 5633 5669 5670
f 5633 5670 5669
f 5633 5670 5671
f 5633 5671 5670
f 5633 5671 5672
f 5633 5672 5671
f 5633 5672 5673
f 5633 5673 5672
f 5633 5673 5674
f 5633 5674 5673
f 5633 5674 5675
f 5633 5675 5674
f 5633 5675 5676
f 5633 5676 5675
f 5633 5676 5677
f 5633 5677 5676
f 5633 5677 5678
f 5633 5678 5677
v -0.027437 0.344826 0.181751
v -0.029298 0.346744 0.182366
v -0.031510 0.347817 0.181090
v -0.033098 0.347817 0.178889
v -0.033612 0.346744 0.176388
v -0.032441 0.344826 0.174816
v -0.030580 0.342908 0.174201
v -0.028369 0.341834 0.175477
v -0.026781 0.341834 0.177678
v -0.026267 0.342908 0.180179
v -0.042334 0.327886 0.190812
v -0.043599 0.329190 0.191230
v -0.045103 0.329920 0.190363
v -0.046183 0.329920 0.188866
v -0.046532 0.329190 0.187165
v -0.045737 0.327886 0.186096
v -0.044471 0.326582 0.185678
v -0.042967 0.325852 0.186545
v -0.041887 0.325852 0.188042
v -0.041538 0.326582 0.189743
f 5679 5680 5690
f 5679 5690 5689
f 5680 5681 5691
f 5680 5691 5690
f 5681 5682 5692
f 5681 5692 5691
f 5682 5683 5693
f 5682 5693 5692
f 5683 5684 5694
f 5683 5694 5693
f 5684 5685 5695
f 5684 5695 5694
f 5685 5686 5696
f 5685 5696 5695
f 5686 5687 5697
f 5686 5697 5696
f 5687 5688 5698
f 5687 5698 5697
f 5688 5679 5689
f 5688 5689 5698
v -0.044035 0.327886 0.188454
v -0.042242 0.328174 0.189854
v -0.040675 0.328814 0.191529
v -0.039374 0.329871 0.193528
v -0.038328 0.331327 0.195840
v -0.037489 0.333107 0.198404
v -0.036779 0.335090 0.201126
v -0.036101 0.337123 0.203887
v -0.035351 0.339043 0.206560
v -0.034428 0.340691 0.209021
v -0.033244 0.341932 0.211164
v -0.031736 0.342664 0.212911
v -0.029869 0.342835 0.214220
v -0.027644 0.342446 0.215092
v -0.025094 0.341549 0.215568
v -0.022283 0.340244 0.215725
v -0.019299 0.338667 0.215670
v -0.016243 0.336977 0.215527
v -0.013219 0.335338 0.215424
v -0.010325 0.333901 0.215479
v -0.007637 0.332787 0.215785
v -0.005204 0.332073 0.216404
v -0.003038 0.331776 0.217348
v -0.001097 0.331832 0.218566
v -0.002889 0.331544 0.217167
v -0.004457 0.330904 0.215492
v -0.005758 0.329847 0.213492
v -0.006804 0.328390 0.211180
v -0.007643 0.326610 0.208616
v -0.008353 0.324628 0.205895
v -0.009031 0.322595 0.203133
v -0.009780 0.320675 0.200460
v -0.010703 0.319027 0.197999
v -0.011888 0.317786 0.195856
v -0.013396 0.317054 0.194109
v -0.015263 0.316882 0.192800
v -0.017488 0.317272 0.191928
v -0.020038 0.318169 0.191453
v -0.022849 0.319474 0.191296
v -0.025833 0.321051 0.191350
v -0.028889 0.322741 0.191493
v -0.031913 0.324380 0.191596
v -0.034807 0.325817 0.191542
v -0.037495 0.326931 0.191235
v -0.039928 0.327644 0.190616
v -0.042094 0.327942 0.189673
f 5699 5700 5701
f 5699 5701 5700
f 5699 5701 5702
f 5699 5702 5701
f 5699 5702 5703
f 5699 5703 5702
f 5699 5703 5704
f 5699 5704 5703
f 5699 5704 5705
f 5699 5705 5704
f 5699 5705 5706
f 5699 5706 5705
f 5699 5706 5707
f 5699 5707 5706
f 5699 5707 5708
f 5699 5708 5707
f 5699 5708 5709
f 5699 5709 5708
f 5699 5709 5710
f 5699 5710 5709
f 5699 5710 5711
f 5699 5711 5710
f 5699 5711 5712
f 5699 5712 5711
f 5699 5712 5713
f 5699 5713 5712
f 5699 5713 5714
f 5699 5714 5713
f 5699 5714 5715
f 5699 5715 5714
f 5699 5715 5716
f 5699 5716 5715
f 5699 5716 5717
f 5699 5717 5716
f 5699 5717 5718
f 5699 5718 5717
f 5699 5718 5719
f 5699 5719 5718
f 5699 5719 5720
f 5699 5720 5719
f 5699 5720 5721
f 5699 5721 5720
f 5699 5721 5722
f 5699 5722 5721
f 5699 5722 5723
f 5699 5723 5722
f 5699 5723 5724
f 5699 5724 5723
f 5699 5724 5725
f 5699 5725 5724
f 5699 5725 5726
f 5699 5726 5725
f 5699 5726 5727
f 5699 5727 5726
f 5699 5727 5728
f 5699 5728 5727
f 5699 5728 5729
f 5699 5729 5728
f 5699 5729 5730
f 5699 5730 5729
f 5699 5730 5731
f 5699 5731 5730
f 5699 5731 5732
f 5699 5732 5731
f 5699 5732 5733
f 5699 5733 5732
f 5699 5733 5734
f 5699 5734 5733
f 5699 5734 5735
f 5699 5735 5734
f 5699 5735 5736
f 5699 5736 5735
f 5699 5736 5737
f 5699 5737 5736
f 5699 5737 5738
f 5699 5738 5737
f 5699 5738 5739
f 5699 5739 5738
f 5699 5739 5740
f 5699 5740 5739
f 5699 5740 5741
f 5699 5741 5740
f 5699 5741 5742
f 5699 5742 5741
f 5699 5742 5743
f 5699 5743 5742
f 5699 5743 5744
f 5699 5744 5743
v -0.044035 0.327886 0.188454
v -0.044637 0.327862 0.186363
v -0.044936 0.327516 0.184157
v -0.044865 0.326778 0.181812
v -0.044429 0.325654 0.179328
v -0.043693 0.324213 0.176732
v -0.042765 0.322567 0.174062
v -0.041780 0.320862 0.171371
v -0.040890 0.319257 0.168716
v -0.040242 0.317908 0.166153
v -0.039963 0.316951 0.163729
v -0.040147 0.316483 0.161480
v -0.040844 0.316559 0.159425
v -0.042053 0.317177 0.157563
v -0.043725 0.318286 0.155876
v -0.045767 0.319785 0.154329
v -0.048050 0.321541 0.152873
v -0.050428 0.323397 0.151453
v -0.052751 0.325194 0.150012
v -0.054880 0.326787 0.148498
v -0.056709 0.328062 0.146871
v -0.058174 0.328951 0.145106
v -0.059269 0.329448 0.143201
v -0.060060 0.329623 0.141181
v -0.059458 0.329648 0.143272
v -0.059158 0.329993 0.145478
v -0.059230 0.330732 0.147824
v -0.059666 0.331855 0.150307
v -0.060402 0.333297 0.152903
v -0.061330 0.334943 0.155573
v -0.062315 0.336648 0.158264
v -0.063205 0.338253 0.160919
v -0.063853 0.339601 0.163482
v -0.064132 0.340559 0.165906
v -0.063948 0.341026 0.168155
v -0.063251 0.340950 0.170211
v -0.062042 0.340332 0.172072
v -0.060370 0.339223 0.173759
v -0.058328 0.337724 0.175306
v -0.056045 0.335968 0.176762
v -0.053666 0.334112 0.178182
v -0.051344 0.332315 0.179623
v -0.049215 0.330722 0.181137
v -0.047386 0.329448 0.182764
v -0.045921 0.328558 0.184529
v -0.044826 0.328062 0.186434
f 5745 5746 5747
f 5745 5747 5746
f 5745 5747 5748
f 5745 5748 5747
f 5745 5748 5749
f 5745 5749 5748
f 5745 5749 5750
f 5745 5750 5749
f 5745 5750 5751
f 5745 5751 5750
f 5745 5751 5752
f 5745 5752 5751
f 5745 5752 5753
f 5745 5753 5752
f 5745 5753 5754
f 5745 5754 5753
f 5745 5754 5755
f 5745 5755 5754
f 5745 5755 5756
f 5745 5756 5755
f 5745 5756 5757
f 5745 5757 5756
f 5745 5757 5758
f 5745 5758 5757
f 5745 5758 5759
f 5745 5759 5758
f 5745 5759 5760
f 5745 5760 5759
f 5745 5760 5761
f 5745 5761 5760
f 5745 5761 5762
f 5745 5762 5761
f 5745 5762 5763
f 5745 5763 5762
f 5745 5763 5764
f 5745 5764 5763
f 5745 5764 5765
f 5745 5765 5764
f 5745 5765 5766
f 5745 5766 5765
f 5745 5766 5767
f 5745 5767 5766
f 5745 5767 5768
f 5745 5768 5767
f 5745 5768 5769
f 5745 5769 5768
f 5745 5769 5770
f 5745 5770 5769
f 5745 5770 5771
f 5745 5771 5770
f 5745 5771 5772
f 5745 5772 5771
f 5745 5772 5773
f 5745 5773 5772
f 5745 5773 5774
f 5745 5774 5773
f 5745 5774 5775
f 5745 5775 5774
f 5745 5775 5776
f 5745 5776 5775
f 5745 5776 5777
f 5745 5777 5776
f 5745 5777 5778
f 5745 5778 5777
f 5745 5778 5779
f 5745 5779 5778
f 5745 5779 5780
f 5745 5780 5779
f 5745 5780 5781
f 5745 5781 5780
f 5745 5781 5782
f 5745 5782 5781
f 5745 5782 5783
f 5745 5783 5782
f 5745 5783 5784
f 5745 5784 5783
f 5745 5784 5785
f 5745 5785 5784
f 5745 5785 5786
f 5745 5786 5785
f 5745 5786 5787
f 5745 5787 5786
f 5745 5787 5788
f 5745 5788 5787
f 5745 5788 5789
f 5745 5789 5788
f 5745 5789 5790
f 5745 5790 5789
v -0.025765 0.344826 0.179211
v -0.026059 0.347165 0.177811
v -0.028174 0.348476 0.176594
v -0.030824 0.348476 0.176005
v -0.033255 0.347165 0.176213
v -0.034114 0.344826 0.177356
v -0.033820 0.342486 0.178756
v -0.031705 0.341176 0.179973
v -0.029055 0.341176 0.180562
v -0.026624 0.342486 0.180355
v -0.031692 0.356612 0.199580
v -0.031892 0.358203 0.198628
v -0.033330 0.359094 0.197801
v -0.035132 0.359094 0.197400
v -0.036786 0.358203 0.197541
v -0.037370 0.356612 0.198319
v -0.037170 0.355021 0.199270
v -0.035732 0.354130 0.200098
v -0.033930 0.354130 0.200498
v -0.032277 0.355021 0.200358
f 5791 5792 5802
f 5791 5802 5801
f 5792 5793 5803
f 5792 5803 5802
f 5793 5794 5804
f 5793 5804 5803
f 5794 5795 5805
f 5794 5805 5804
f 5795 5796 5806
f 5795 5806 5805
f 5796 5797 5807
f 5796 5807 5806
f 5797 5798 5808
f 5797 5808 5807
f 5798 5799 5809
f 5798 5809 5808
f 5799 5800 5810
f 5799 5810 5809
f 5800 5791 5801
f 5800 5801 5810
v -0.034531 0.356612 0.198949
v -0.031914 0.356786 0.198095
v -0.029365 0.357598 0.196862
v -0.026881 0.359017 0.195269
v -0.024451 0.360943 0.193373
v -0.022060 0.363230 0.191264
v -0.019687 0.365695 0.189049
v -0.017313 0.368140 0.186845
v -0.014915 0.370366 0.184773
v -0.012474 0.372188 0.182939
v -0.009973 0.373454 0.181436
v -0.007402 0.374055 0.180328
v -0.004754 0.373935 0.179649
v -0.002028 0.373092 0.179399
v 0.000769 0.371584 0.179544
v 0.003625 0.369521 0.180019
v 0.006524 0.367054 0.180733
v 0.009446 0.364368 0.181578
v 0.012371 0.361662 0.182435
v 0.015276 0.359134 0.183186
v 0.018143 0.356966 0.183723
v 0.020956 0.355305 0.183959
v 0.023704 0.354252 0.183834
v 0.026384 0.353837 0.183330
v 0.023767 0.353663 0.184184
v 0.021218 0.352851 0.185417
v 0.018734 0.351433 0.187010
v 0.016304 0.349506 0.188906
v 0.013913 0.347219 0.191015
v 0.011540 0.344754 0.193230
v 0.009166 0.342309 0.195433
v 0.006768 0.340084 0.197506
v 0.004327 0.338262 0.199339
v 0.001826 0.336995 0.200843
v -0.000745 0.336394 0.201951
v -0.003394 0.336515 0.202630
v -0.006119 0.337357 0.202880
v -0.008916 0.338865 0.202735
v -0.011772 0.340928 0.202260
v -0.014671 0.343395 0.201546
v -0.017593 0.346081 0.200701
v -0.020518 0.348788 0.199843
v -0.023423 0.351316 0.199093
v -0.026290 0.353484 0.198555
v -0.029103 0.355144 0.198320
v -0.031851 0.356197 0.198445
f 5811 5812 5813
f 5811 5813 5812
f 5811 5813 5814
f 5811 5814 5813
f 5811 5814 5815
f 5811 5815 5814
f 5811 5815 5816
f 5811 5816 5815
f 5811 5816 5817
f 5811 5817 5816
f 5811 5817 5818
f 5811 5818 5817
f 5811 5818 5819
f 5811 5819 5818
f 5811 5819 5820
f 5811 5820 5819
f 5811 5820 5821
f 5811 5821 5820
f 5811 5821 5822
f 5811 5822 5821
f 5811 5822 5823
f 5811 5823 5822
f 5811 5823 5824
f 5811 5824 5823
f 5811 5824 5825
f 5811 5825 5824
f 5811 5825 5826
f 5811 5826 5825
f 5811 5826 5827
f 5811 5827 5826
f 5811 5827 5828
f 5811 5828 5827
f 5811 5828 5829
f 5811 5829 5828
f 5811 5829 5830
f 5811 5830 5829
f 5811 5830 5831
f 5811 5831 5830
f 5811 5831 5832
f 5811 5832 5831
f 5811 5832 5833
f 5811 5833 5832
f 5811 5833 5834
f 5811 5834 5833
f 5811 5834 5835
f 5811 5835 5834
f 5811 5835 5836
f 5811 5836 5835
f 5811 5836 5837
f 5811 5837 5836
f 5811 5837 5838
f 5811 5838 5837
f 5811 5838 5839
f 5811 5839 5838
f 5811 5839 5840
f 5811 5840 5839
f 5811 5840 5841
f 5811 5841 5840
f 5811 5841 5842
f 5811 5842 5841
f 5811 5842 5843
f 5811 5843 5842
f 5811 5843 5844
f 5811 5844 5843
f 5811 5844 5845
f 5811 5845 5844
f 5811 5845 5846
f 5811 5846 5845
f 5811 5846 5847
f 5811 5847 5846
f 5811 5847 5848
f 5811 5848 5847
f 5811 5848 5849
f 5811 5849 5848
f 5811 5849 5850
f 5811 5850 5849
f 5811 5850 5851
f 5811 5851 5850
f 5811 5851 5852
f 5811 5852 5851
f 5811 5852 5853
f 5811 5853 5852
f 5811 5853 5854
f 5811 5854 5853
f 5811 5854 5855
f 5811 5855 5854
f 5811 5855 5856
f 5811 5856 5855
v -0.034531 0.356612 0.198949
v -0.035983 0.356220 0.197677
v -0.037529 0.355482 0.196581
v -0.039193 0.354309 0.195706
v -0.040975 0.352702 0.195053
v -0.042856 0.350731 0.194586
v -0.044801 0.348522 0.194240
v -0.046767 0.346237 0.193933
v -0.048705 0.344057 0.193572
v -0.050565 0.342161 0.193066
v -0.052306 0.340704 0.192336
v -0.053897 0.339801 0.191325
v -0.055321 0.339512 0.189999
v -0.056578 0.339837 0.188361
v -0.057686 0.340715 0.186441
v -0.058673 0.342033 0.184296
v -0.059584 0.343634 0.182007
v -0.060467 0.345341 0.179664
v -0.061369 0.346972 0.177359
v -0.062337 0.348364 0.175177
v -0.063404 0.349392 0.173180
v -0.064588 0.349987 0.171404
v -0.065890 0.350147 0.169850
v -0.067286 0.349961 0.168472
v -0.065834 0.350353 0.169744
v -0.064288 0.351091 0.170841
v -0.062624 0.352264 0.171715
v -0.060842 0.353871 0.172368
v -0.058962 0.355841 0.172836
v -0.057016 0.358051 0.173182
v -0.055050 0.360336 0.173489
v -0.053113 0.362516 0.173850
v -0.051252 0.364412 0.174355
v -0.049511 0.365868 0.175085
v -0.047920 0.366772 0.176097
v -0.046496 0.367061 0.177422
v -0.045239 0.366736 0.179060
v -0.044132 0.365857 0.180981
v -0.043144 0.364540 0.183125
v -0.042233 0.362939 0.185415
v -0.041351 0.361232 0.187758
v -0.040448 0.359601 0.190062
v -0.039480 0.358209 0.192245
v -0.038414 0.357180 0.194242
v -0.037229 0.356586 0.196017
v -0.035927 0.356426 0.197572
f 5857 5858 5859
f 5857 5859 5858
f 5857 5859 5860
f 5857 5860 5859
f 5857 5860 5861
f 5857 5861 5860
f 5857 5861 5862
f 5857 5862 5861
f 5857 5862 5863
f 5857 5863 5862
f 5857 5863 5864
f 5857 5864 5863
f 5857 5864 5865
f 5857 5865 5864
f 5857 5865 5866
f 5857 5866 5865
f 5857 5866 5867
f 5857 5867 5866
f 5857 5867 5868
f 5857 5868 5867
f 5857 5868 5869
f 5857 5869 5868
f 5857 5869 5870
f 5857 5870 5869
f 5857 5870 5871
f 5857 5871 5870
f 5857 5871 5872
f 5857 5872 5871
f 5857 5872 5873
f 5857 5873 5872
f 5857 5873 5874
f 5857 5874 5873
f 5857 5874 5875
f 5857 5875 5874
f 5857 5875 5876
f 5857 5876 5875
f 5857 5876 5877
f 5857 5877 5876
f 5857 5877 5878
f 5857 5878 5877
f 5857 5878 5879
f 5857 5879 5878
f 5857 5879 5880
f 5857 5880 5879
f 5857 5880 5881
f 5857 5881 5880
f 5857 5881 5882
f 5857 5882 5881
f 5857 5882 5883
f 5857 5883 5882
f 5857 5883 5884
f 5857 5884 5883
f 5857 5884 5885
f 5857 5885 5884
f 5857 5885 5886
f 5857 5886 5885
f 5857 5886 5887
f 5857 5887 5886
f 5857 5887 5888
f 5857 5888 5887
f 5857 5888 5889
f 5857 5889 5888
f 5857 5889 5890
f 5857 5890 5889
f 5857 5890 5891
f 5857 5891 5890
f 5857 5891 5892
f 5857 5892 5891
f 5857 5892 5893
f 5857 5893 5892
f 5857 5893 5894
f 5857 5894 5893
f 5857 5894 5895
f 5857 5895 5894
f 5857 5895 5896
f 5857 5896 5895
f 5857 5896 5897
f 5857 5897 5896
f 5857 5897 5898
f 5857 5898 5897
f 5857 5898 5899
f 5857 5899 5898
f 5857 5899 5900
f 5857 5900 5899
f 5857 5900 5901
f 5857 5901 5900
f 5857 5901 5902
f 5857 5902 5901
v -0.030943 0.344826 0.182441
v -0.030091 0.347401 0.182039
v -0.029146 0.348844 0.179871
v -0.028509 0.348844 0.177233
v -0.028362 0.347401 0.174873
v -0.028936 0.344826 0.174127
v -0.029787 0.342250 0.174529
v -0.030733 0.340808 0.176696
v -0.031370 0.340808 0.179335
v -0.031517 0.342250 0.181694
v -0.055688 0.352167 0.175060
v -0.055109 0.353918 0.174787
v -0.054466 0.354899 0.173313
v -0.054033 0.354899 0.171519
v -0.053933 0.353918 0.169914
v -0.054324 0.352167 0.169407
v -0.054903 0.350416 0.169680
v -0.055545 0.349435 0.171154
v -0.055979 0.349435 0.172948
v -0.056079 0.350416 0.174553
f 5903 5904 5914
f 5903 5914 5913
f 5904 5905 5915
f 5904 5915 5914
f 5905 5906 5916
f 5905 5916 5915
f 5906 5907 5917
f 5906 5917 5916
f 5907 5908 5918
f 5907 5918 5917
f 5908 5909 5919
f 5908 5919 5918
f 5909 5910 5920
f 5909 5920 5919
f 5910 5911 5921
f 5910 5921 5920
f 5911 5912 5922
f 5911 5922 5921
f 5912 5903 5913
f 5912 5913 5922
v -0.055006 0.352167 0.172233
v -0.054993 0.351769 0.174166
v -0.054946 0.351514 0.176130
v -0.054819 0.351587 0.178164
v -0.054575 0.352147 0.180302
v -0.054197 0.353263 0.182559
v -0.053695 0.354894 0.184927
v -0.053108 0.356875 0.187370
v -0.052500 0.358944 0.189832
v -0.051948 0.360784 0.192244
v -0.051525 0.362084 0.194541
v -0.051293 0.362595 0.196669
v -0.051284 0.362179 0.198598
v -0.051499 0.360837 0.200328
v -0.051904 0.358706 0.201890
v -0.052439 0.356035 0.203335
v -0.053029 0.353135 0.204732
v -0.053599 0.350323 0.206147
v -0.054083 0.347861 0.207638
v -0.054444 0.345913 0.209238
v -0.054670 0.344522 0.210959
v -0.054780 0.343617 0.212783
v -0.054810 0.343041 0.214677
v -0.054805 0.342608 0.216603
v -0.054818 0.343006 0.214670
v -0.054866 0.343261 0.212706
v -0.054992 0.343188 0.210672
v -0.055236 0.342628 0.208534
v -0.055614 0.341512 0.206277
v -0.056117 0.339881 0.203909
v -0.056703 0.337900 0.201466
v -0.057311 0.335831 0.199005
v -0.057864 0.333991 0.196592
v -0.058286 0.332691 0.194295
v -0.058518 0.332181 0.192168
v -0.058527 0.332596 0.190238
v -0.058312 0.333938 0.188508
v -0.057907 0.336069 0.186947
v -0.057372 0.338740 0.185501
v -0.056782 0.341640 0.184104
v -0.056213 0.344452 0.182689
v -0.055728 0.346914 0.181198
v -0.055367 0.348863 0.179598
v -0.055141 0.350253 0.177878
v -0.055031 0.351158 0.176053
v -0.055001 0.351734 0.174159
f 5923 5924 5925
f 5923 5925 5924
f 5923 5925 5926
f 5923 5926 5925
f 5923 5926 5927
f 5923 5927 5926
f 5923 5927 5928
f 5923 5928 5927
f 5923 5928 5929
f 5923 5929 5928
f 5923 5929 5930
f 5923 5930 5929
f 5923 5930 5931
f 5923 5931 5930
f 5923 5931 5932
f 5923 5932 5931
f 5923 5932 5933
f 5923 5933 5932
f 5923 5933 5934
f 5923 5934 5933
f 5923 5934 5935
f 5923 5935 5934
f 5923 5935 5936
f 5923 5936 5935
f 5923 5936 5937
f 5923 5937 5936
f 5923 5937 5938
f 5923 5938 5937
f 5923 5938 5939
f 5923 5939 5938
f 5923 5939 5940
f 5923 5940 5939
f 5923 5940 5941
f 5923 5941 5940
f 5923 5941 5942
f 5923 5942 5941
f 5923 5942 5943
f 5923 5943 5942
f 5923 5943 5944
f 5923 5944 5943
f 5923 5944 5945
f 5923 5945 5944
f 5923 5945 5946
f 5923 5946 5945
f 5923 5946 5947
f 5923 5947 5946
f 5923 5947 5948
f 5923 5948 5947
f 5923 5948 5949
f 5923 5949 5948
f 5923 5949 5950
f 5923 5950 5949
f 5923 5950 5951
f 5923 5951 5950
f 5923 5951 5952
f 5923 5952 5951
f 5923 5952 5953
f 5923 5953 5952
f 5923 5953 5954
f 5923 5954 5953
f 5923 5954 5955
f 5923 5955 5954
f 5923 5955 5956
f 5923 5956 5955
f 5923 5956 5957
f 5923 5957 5956
f 5923 5957 5958
f 5923 5958 5957
f 5923 5958 5959
f 5923 5959 5958
f 5923 5959 5960
f 5923 5960 5959
f 5923 5960 5961
f 5923 5961 5960
f 5923 5961 5962
f 5923 5962 5961
f 5923 5962 5963
f 5923 5963 5962
f 5923 5963 5964
f 5923 5964 5963
f 5923 5964 5965
f 5923 5965 5964
f 5923 5965 5966
f 5923 5966 5965
f 5923 5966 5967
f 5923 5967 5966
f 5923 5967 5968
f 5923 5968 5967
v 0.011766 0.352231 0.147966
v 0.010332 0.354407 0.144889
v 0.006637 0.355626 0.143685
v 0.002707 0.355626 0.144390
v -0.000338 0.354407 0.146804
v -0.000613 0.352231 0.150188
v 0.000821 0.350054 0.153265
v 0.004516 0.348836 0.154469
v 0.008446 0.348836 0.153764
v 0.011491 0.350054 0.151350
v 0.014231 0.390185 0.173093
v 0.013256 0.391665 0.171001
v 0.010743 0.392494 0.170182
v 0.008071 0.392494 0.170662
v 0.006000 0.391665 0.172303
v 0.005813 0.390185 0.174604
v 0.006789 0.388706 0.176697
v 0.009301 0.387877 0.177515
v 0.011973 0.387877 0.177036
v 0.014044 0.388706 0.175394
f 5969 5970 5980
f 5969 5980 5979
f 5970 5971 5981
f 5970 5981 5980
f 5971 5972 5982
f 5971 5982 5981
f 5972 5973 5983
f 5972 5983 5982
f 5973 5974 5984
f 5973 5984 5983
f 5974 5975 5985
f 5974 5985 5984
f 5975 5976 5986
f 5975 5986 5985
f 5976 5977 5987
f 5976 5987 5986
f 5977 5978 5988
f 5977 5988 5987
f 5978 5969 5979
f 5978 5979 5988
v 0.010022 0.390185 0.173849
v 0.012279 0.389474 0.173636
v 0.014570 0.388923 0.173170
v 0.016921 0.388652 0.172265
v 0.019345 0.388723 0.170824
v 0.021841 0.389132 0.168850
v 0.024396 0.389814 0.166450
v 0.026982 0.390642 0.163818
v 0.029566 0.391457 0.161207
v 0.032109 0.392083 0.158894
v 0.034576 0.392358 0.157131
v 0.036942 0.392158 0.156115
v 0.039193 0.391416 0.155949
v 0.041327 0.390133 0.156635
v 0.043359 0.388374 0.158066
v 0.045317 0.386265 0.160048
v 0.047234 0.383967 0.162328
v 0.049148 0.381655 0.164628
v 0.051093 0.379490 0.166698
v 0.053097 0.377597 0.168340
v 0.055173 0.376043 0.169451
v 0.057322 0.374831 0.170024
v 0.059532 0.373897 0.170159
v 0.061775 0.373126 0.170041
v 0.059519 0.373837 0.170253
v 0.057228 0.374388 0.170720
v 0.054877 0.374659 0.171624
v 0.052453 0.374588 0.173065
v 0.049956 0.374179 0.175039
v 0.047401 0.373498 0.177440
v 0.044815 0.372669 0.180072
v 0.042232 0.371854 0.182682
v 0.039689 0.371228 0.184996
v 0.037221 0.370953 0.186758
v 0.034855 0.371153 0.187775
v 0.032605 0.371895 0.187940
v 0.030471 0.373178 0.187255
v 0.028438 0.374937 0.185823
v 0.026481 0.377046 0.183841
v 0.024564 0.379344 0.181562
v 0.022650 0.381657 0.179261
v 0.020704 0.383821 0.177192
v 0.018701 0.385714 0.175549
v 0.016624 0.387268 0.174439
v 0.014475 0.388481 0.173865
v 0.012266 0.389414 0.173730
f 5989 5990 5991
f 5989 5991 5990
f 5989 5991 5992
f 5989 5992 5991
f 5989 5992 5993
f 5989 5993 5992
f 5989 5993 5994
f 5989 5994 5993
f 5989 5994 5995
f 5989 5995 5994
f 5989 5995 5996
f 5989 5996 5995
f 5989 5996 5997
f 5989 5997 5996
f 5989 5997 5998
f 5989 5998 5997
f 5989 5998 5999
f 5989 5999 5998
f 5989 5999 6000
f 5989 6000 5999
f 5989 6000 6001
f 5989 6001 6000
f 5989 6001 6002
f 5989 6002 6001
f 5989 6002 6003
f 5989 6003 6002
f 5989 6003 6004
f 5989 6004 6003
f 5989 6004 6005
f 5989 6005 6004
f 5989 6005 6006
f 5989 6006 6005
f 5989 6006 6007
f 5989 6007 6006
f 5989 6007 6008
f 5989 6008 6007
f 5989 6008 6009
f 5989 6009 6008
f 5989 6009 6010
f 5989 6010 6009
f 5989 6010 6011
f 5989 6011 6010
f 5989 6011 6012
f 5989 6012 6011
f 5989 6012 6013
f 5989 6013 6012
f 5989 6013 6014
f 5989 6014 6013
f 5989 6014 6015
f 5989 6015 6014
f 5989 6015 6016
f 5989 6016 6015
f 5989 6016 6017
f 5989 6017 6016
f 5989 6017 6018
f 5989 6018 6017
f 5989 6018 6019
f 5989 6019 6018
f 5989 6019 6020
f 5989 6020 6019
f 5989 6020 6021
f 5989 6021 6020
f 5989 6021 6022
f 5989 6022 6021
f 5989 6022 6023
f 5989 6023 6022
f 5989 6023 6024
f 5989 6024 6023
f 5989 6024 6025
f 5989 6025 6024
f 5989 6025 6026
f 5989 6026 6025
f 5989 6026 6027
f 5989 6027 6026
f 5989 6027 6028
f 5989 6028 6027
f 5989 6028 6029
f 5989 6029 6028
f 5989 6029 6030
f 5989 6030 6029
f 5989 6030 6031
f 5989 6031 6030
f 5989 6031 6032
f 5989 6032 6031
f 5989 6032 6033
f 5989 6033 6032
f 5989 6033 6034
f 5989 6034 6033
v 0.010022 0.390185 0.173849
v 0.007737 0.389056 0.174379
v 0.005623 0.387482 0.175559
v 0.003636 0.385579 0.177221
v 0.001739 0.383441 0.179225
v -0.000106 0.381168 0.181427
v -0.001937 0.378861 0.183681
v -0.003793 0.376618 0.185839
v -0.005710 0.374533 0.187768
v -0.007719 0.372686 0.189347
v -0.009845 0.371144 0.190480
v -0.012106 0.369952 0.191101
v -0.014511 0.369134 0.191176
v -0.017061 0.368689 0.190703
v -0.019745 0.368595 0.189718
v -0.022546 0.368806 0.188287
v -0.025440 0.369255 0.186507
v -0.028394 0.369862 0.184497
v -0.031373 0.370533 0.182392
v -0.034338 0.371169 0.180338
v -0.037252 0.371670 0.178482
v -0.040075 0.371938 0.176969
v -0.042771 0.371875 0.175937
v -0.045297 0.371369 0.175556
v -0.043012 0.372498 0.175026
v -0.040898 0.374072 0.173846
v -0.038911 0.375975 0.172184
v -0.037014 0.378113 0.170180
v -0.035169 0.380386 0.167977
v -0.033338 0.382693 0.165724
v -0.031481 0.384936 0.163565
v -0.029565 0.387021 0.161637
v -0.027556 0.388868 0.160058
v -0.025430 0.390410 0.158924
v -0.023168 0.391602 0.158303
v -0.020763 0.392420 0.158229
v -0.018214 0.392865 0.158702
v -0.015530 0.392959 0.159687
v -0.012728 0.392748 0.161117
v -0.009835 0.392299 0.162897
v -0.006881 0.391692 0.164908
v -0.003902 0.391021 0.167012
v -0.000936 0.390385 0.169066
v 0.001977 0.389884 0.170922
v 0.004801 0.389616 0.172436
v 0.007497 0.389679 0.173467
f 6035 6036 6037
f 6035 6037 6036
f 6035 6037 6038
f 6035 6038 6037
f 6035 6038 6039
f 6035 6039 6038
f 6035 6039 6040
f 6035 6040 6039
f 6035 6040 6041
f 6035 6041 6040
f 6035 6041 6042
f 6035 6042 6041
f 6035 6042 6043
f 6035 6043 6042
f 6035 6043 6044
f 6035 6044 6043
f 6035 6044 6045
f 6035 6045 6044
f 6035 6045 6046
f 6035 6046 6045
f 6035 6046 6047
f 6035 6047 6046
f 6035 6047 6048
f 6035 6048 6047
f 6035 6048 6049
f 6035 6049 6048
f 6035 6049 6050
f 6035 6050 6049
f 6035 6050 6051
f 6035 6051 6050
f 6035 6051 6052
f 6035 6052 6051
f 6035 6052 6053
f 6035 6053 6052
f 6035 6053 6054
f 6035 6054 6053
f 6035 6054 6055
f 6035 6055 6054
f 6035 6055 6056
f 6035 6056 6055
f 6035 6056 6057
f 6035 6057 6056
f 6035 6057 6058
f 6035 6058 6057
f 6035 6058 6059
f 6035 6059 6058
f 6035 6059 6060
f 6035 6060 6059
f 6035 6060 6061
f 6035 6061 6060
f 6035 6061 6062
f 6035 6062 6061
f 6035 6062 6063
f 6035 6063 6062
f 6035 6063 6064
f 6035 6064 6063
f 6035 6064 6065
f 6035 6065 6064
f 6035 6065 6066
f 6035 6066 6065
f 6035 6066 6067
f 6035 6067 6066
f 6035 6067 6068
f 6035 6068 6067
f 6035 6068 6069
f 6035 6069 6068
f 6035 6069 6070
f 6035 6070 6069
f 6035 6070 6071
f 6035 6071 6070
f 6035 6071 6072
f 6035 6072 6071
f 6035 6072 6073
f 6035 6073 6072
f 6035 6073 6074
f 6035 6074 6073
f 6035 6074 6075
f 6035 6075 6074
f 6035 6075 6076
f 6035 6076 6075
f 6035 6076 6077
f 6035 6077 6076
f 6035 6077 6078
f 6035 6078 6077
f 6035 6078 6079
f 6035 6079 6078
f 6035 6079 6080
f 6035 6080 6079
v 0.014214 0.390185 0.173004
v 0.013619 0.392862 0.173042
v 0.011328 0.394361 0.173457
v 0.008667 0.394361 0.173993
v 0.006393 0.392862 0.174497
v 0.005830 0.390185 0.174693
v 0.006425 0.387509 0.174656
v 0.008716 0.386010 0.174241
v 0.011378 0.386010 0.173705
v 0.013651 0.387509 0.173200
v 0.018443 0.391039 0.200926
v 0.018039 0.392859 0.200951
v 0.016480 0.393878 0.201234
v 0.014671 0.393878 0.201598
v 0.013125 0.392859 0.201941
v 0.012742 0.391039 0.202074
v 0.013146 0.389219 0.202049
v 0.014705 0.388199 0.201767
v 0.016514 0.388199 0.201402
v 0.018060 0.389219 0.201059
f 6081 6082 6092
f 6081 6092 6091
f 6082 6083 6093
f 6082 6093 6092
f 6083 6084 6094
f 6083 6094 6093
f 6084 6085 6095
f 6084 6095 6094
f 6085 6086 6096
f 6085 6096 6095
f 6086 6087 6097
f 6086 6097 6096
f 6087 6088 6098
f 6087 6098 6097
f 6088 6089 6099
f 6088 6099 6098
f 6089 6090 6100
f 6089 6100 6099
f 6090 6081 6091
f 6090 6091 6100
v 0.015592 0.391039 0.201500
v 0.018120 0.391276 0.200288
v 0.020622 0.392031 0.199066
v 0.023090 0.393487 0.197828
v 0.025522 0.395674 0.196576
v 0.027922 0.398501 0.195310
v 0.030301 0.401769 0.194034
v 0.032672 0.405205 0.192756
v 0.035050 0.408497 0.191480
v 0.037450 0.411329 0.190213
v 0.039886 0.413424 0.188963
v 0.042369 0.414576 0.187732
v 0.044903 0.414675 0.186523
v 0.047489 0.413720 0.185336
v 0.050121 0.411823 0.184169
v 0.052789 0.409189 0.183018
v 0.055480 0.406094 0.181876
v 0.058178 0.402856 0.180737
v 0.060867 0.399785 0.179595
v 0.063535 0.397156 0.178443
v 0.066172 0.395166 0.177278
v 0.068772 0.393908 0.176098
v 0.071339 0.393351 0.174903
v 0.073880 0.393311 0.173697
v 0.071352 0.393074 0.174909
v 0.068850 0.392319 0.176131
v 0.066383 0.390863 0.177369
v 0.063951 0.388676 0.178621
v 0.061550 0.385849 0.179887
v 0.059171 0.382581 0.181163
v 0.056800 0.379145 0.182442
v 0.054423 0.375853 0.183717
v 0.052022 0.373021 0.184984
v 0.049586 0.370926 0.186234
v 0.047103 0.369774 0.187465
v 0.044569 0.369675 0.188674
v 0.041983 0.370629 0.189861
v 0.039351 0.372527 0.191028
v 0.036683 0.375161 0.192179
v 0.033992 0.378255 0.193321
v 0.031295 0.381494 0.194460
v 0.028605 0.384565 0.195602
v 0.025937 0.387194 0.196754
v 0.023301 0.389183 0.197919
v 0.020700 0.390441 0.199099
v 0.018133 0.390999 0.200294
f 6101 6102 6103
f 6101 6103 6102
f 6101 6103 6104
f 6101 6104 6103
f 6101 6104 6105
f 6101 6105 6104
f 6101 6105 6106
f 6101 6106 6105
f 6101 6106 6107
f 6101 6107 6106
f 6101 6107 6108
f 6101 6108 6107
f 6101 6108 6109
f 6101 6109 6108
f 6101 6109 6110
f 6101 6110 6109
f 6101 6110 6111
f 6101 6111 6110
f 6101 6111 6112
f 6101 6112 6111
f 6101 6112 6113
f 6101 6113 6112
f 6101 6113 6114
f 6101 6114 6113
f 6101 6114 6115
f 6101 6115 6114
f 6101 6115 6116
f 6101 6116 6115
f 6101 6116 6117
f 6101 6117 6116
f 6101 6117 6118
f 6101 6118 6117
f 6101 6118 6119
f 6101 6119 6118
f 6101 6119 6120
f 6101 6120 6119
f 6101 6120 6121
f 6101 6121 6120
f 6101 6121 6122
f 6101 6122 6121
f 6101 6122 6123
f 6101 6123 6122
f 6101 6123 6124
f 6101 6124 6123
f 6101 6124 6125
f 6101 6125 6124
f 6101 6125 6126
f 6101 6126 6125
f 6101 6126 6127
f 6101 6127 6126
f 6101 6127 6128
f 6101 6128 6127
f 6101 6128 6129
f 6101 6129 6128
f 6101 6129 6130
f 6101 6130 6129
f 6101 6130 6131
f 6101 6131 6130
f 6101 6131 6132
f 6101 6132 6131
f 6101 6132 6133
f 6101 6133 6132
f 6101 6133 6134
f 6101 6134 6133
f 6101 6134 6135
f 6101 6135 6134
f 6101 6135 6136
f 6101 6136 6135
f 6101 6136 6137
f 6101 6137 6136
f 6101 6137 6138
f 6101 6138 6137
f 6101 6138 6139
f 6101 6139 6138
f 6101 6139 6140
f 6101 6140 6139
f 6101 6140 6141
f 6101 6141 6140
f 6101 6141 6142
f 6101 6142 6141
f 6101 6142 6143
f 6101 6143 6142
f 6101 6143 6144
f 6101 6144 6143
f 6101 6144 6145
f 6101 6145 6144
f 6101 6145 6146
f 6101 6146 6145
v 0.015592 0.391039 0.201500
v 0.013774 0.391221 0.201015
v 0.011776 0.390864 0.200584
v 0.009633 0.390079 0.200194
v 0.007385 0.388976 0.199836
v 0.005071 0.387679 0.199497
v 0.002735 0.386315 0.199164
v 0.000421 0.385017 0.198825
v -0.001830 0.383908 0.198468
v -0.003980 0.383100 0.198080
v -0.005999 0.382682 0.197655
v -0.007866 0.382716 0.197185
v -0.009571 0.383237 0.196667
v -0.011113 0.384243 0.196101
v -0.012504 0.385701 0.195491
v -0.013763 0.387550 0.194842
v -0.014922 0.389699 0.194164
v -0.016018 0.392038 0.193467
v -0.017092 0.394442 0.192764
v -0.018187 0.396780 0.192067
v -0.019348 0.398923 0.191390
v -0.020616 0.400749 0.190744
v -0.022027 0.402146 0.190139
v -0.023618 0.403005 0.189588
v -0.021800 0.402823 0.190073
v -0.019801 0.403180 0.190505
v -0.017659 0.403965 0.190894
v -0.015411 0.405067 0.191252
v -0.013097 0.406365 0.191591
v -0.010761 0.407728 0.191924
v -0.008447 0.409027 0.192263
v -0.006196 0.410135 0.192621
v -0.004046 0.410943 0.193008
v -0.002027 0.411362 0.193434
v -0.000159 0.411327 0.193904
v 0.001545 0.410807 0.194422
v 0.003088 0.409801 0.194987
v 0.004478 0.408342 0.195598
v 0.005738 0.406493 0.196246
v 0.006897 0.404344 0.196924
v 0.007992 0.402005 0.197621
v 0.009066 0.399601 0.198324
v 0.010161 0.397263 0.199021
v 0.011323 0.395120 0.199698
v 0.012590 0.393295 0.200345
v 0.014001 0.391897 0.200949
f 6147 6148 6149
f 6147 6149 6148
f 6147 6149 6150
f 6147 6150 6149
f 6147 6150 6151
f 6147 6151 6150
f 6147 6151 6152
f 6147 6152 6151
f 6147 6152 6153
f 6147 6153 6152
f 6147 6153 6154
f 6147 6154 6153
f 6147 6154 6155
f 6147 6155 6154
f 6147 6155 6156
f 6147 6156 6155
f 6147 6156 6157
f 6147 6157 6156
f 6147 6157 6158
f 6147 6158 6157
f 6147 6158 6159
f 6147 6159 6158
f 6147 6159 6160
f 6147 6160 6159
f 6147 6160 6161
f 6147 6161 6160
f 6147 6161 6162
f 6147 6162 6161
f 6147 6162 6163
f 6147 6163 6162
f 6147 6163 6164
f 6147 6164 6163
f 6147 6164 6165
f 6147 6165 6164
f 6147 6165 6166
f 6147 6166 6165
f 6147 6166 6167
f 6147 6167 6166
f 6147 6167 6168
f 6147 6168 6167
f 6147 6168 6169
f 6147 6169 6168
f 6147 6169 6170
f 6147 6170 6169
f 6147 6170 6171
f 6147 6171 6170
f 6147 6171 6172
f 6147 6172 6171
f 6147 6172 6173
f 6147 6173 6172
f 6147 6173 6174
f 6147 6174 6173
f 6147 6174 6175
f 6147 6175 6174
f 6147 6175 6176
f 6147 6176 6175
f 6147 6176 6177
f 6147 6177 6176
f 6147 6177 6178
f 6147 6178 6177
f 6147 6178 6179
f 6147 6179 6178
f 6147 6179 6180
f 6147 6180 6179
f 6147 6180 6181
f 6147 6181 6180
f 6147 6181 6182
f 6147 6182 6181
f 6147 6182 6183
f 6147 6183 6182
f 6147 6183 6184
f 6147 6184 6183
f 6147 6184 6185
f 6147 6185 6184
f 6147 6185 6186
f 6147 6186 6185
f 6147 6186 6187
f 6147 6187 6186
f 6147 6187 6188
f 6147 6188 6187
f 6147 6188 6189
f 6147 6189 6188
f 6147 6189 6190
f 6147 6190 6189
f 6147 6190 6191
f 6147 6191 6190
f 6147 6191 6192
f 6147 6192 6191
v 0.008255 0.390185 0.169955
v 0.006580 0.391838 0.171363
v 0.006468 0.392763 0.173971
v 0.007589 0.392763 0.176443
v 0.009626 0.391838 0.178076
v 0.011789 0.390185 0.177743
v 0.013464 0.388533 0.176335
v 0.013577 0.387608 0.173727
v 0.012455 0.387608 0.171255
v 0.010418 0.388533 0.169622
v 0.021950 0.408573 0.165245
v 0.020811 0.409697 0.166202
v 0.020734 0.410326 0.167976
v 0.021497 0.410326 0.169657
v 0.022882 0.409697 0.170767
v 0.024353 0.408573 0.170541
v 0.025492 0.407449 0.169583
v 0.025569 0.406820 0.167810
v 0.024806 0.406820 0.166129
v 0.023421 0.407449 0.165018
f 6193 6194 6204
f 6193 6204 6203
f 6194 6195 6205
f 6194 6205 6204
f 6195 6196 6206
f 6195 6206 6205
f 6196 6197 6207
f 6196 6207 6206
f 6197 6198 6208
f 6197 6208 6207
f 6198 6199 6209
f 6198 6209 6208
f 6199 6200 6210
f 6199 6210 6209
f 6200 6201 6211
f 6200 6211 6210
f 6201 6202 6212
f 6201 6212 6211
f 6202 6193 6203
f 6202 6203 6212
v 0.023152 0.408573 0.167893
v 0.021370 0.407888 0.166069
v 0.019068 0.407644 0.164458
v 0.016272 0.407819 0.163050
v 0.013063 0.408342 0.161811
v 0.009562 0.409113 0.160691
v 0.005918 0.410005 0.159630
v 0.002290 0.410883 0.158561
v -0.001158 0.411609 0.157420
v -0.004277 0.412057 0.156144
v -0.006944 0.412123 0.154683
v -0.009071 0.411730 0.153000
v -0.010611 0.410841 0.151078
v -0.011564 0.409455 0.148915
v -0.011977 0.407611 0.146531
v -0.011937 0.405384 0.143962
v -0.011569 0.402879 0.141258
v -0.011022 0.400223 0.138481
v -0.010457 0.397552 0.135697
v -0.010036 0.395002 0.132972
v -0.009907 0.392700 0.130366
v -0.010191 0.390747 0.127929
v -0.010969 0.389213 0.125695
v -0.012267 0.388119 0.123673
v -0.010485 0.388803 0.125497
v -0.008183 0.389047 0.127107
v -0.005387 0.388873 0.128516
v -0.002178 0.388349 0.129755
v 0.001322 0.387579 0.130875
v 0.004967 0.386686 0.131936
v 0.008594 0.385808 0.133004
v 0.012042 0.385082 0.134146
v 0.015162 0.384634 0.135422
v 0.017829 0.384569 0.136883
v 0.019956 0.384962 0.138565
v 0.021496 0.385851 0.140488
v 0.022449 0.387237 0.142651
v 0.022861 0.389081 0.145035
v 0.022822 0.391308 0.147604
v 0.022454 0.393812 0.150308
v 0.021906 0.396469 0.153085
v 0.021342 0.399140 0.155869
v 0.020921 0.401689 0.158594
v 0.020792 0.403992 0.161200
v 0.021076 0.405945 0.163637
v 0.021853 0.407479 0.165871
f 6213 6214 6215
f 6213 6215 6214
f 6213 6215 6216
f 6213 6216 6215
f 6213 6216 6217
f 6213 6217 6216
f 6213 6217 6218
f 6213 6218 6217
f 6213 6218 6219
f 6213 6219 6218
f 6213 6219 6220
f 6213 6220 6219
f 6213 6220 6221
f 6213 6221 6220
f 6213 6221 6222
f 6213 6222 6221
f 6213 6222 6223
f 6213 6223 6222
f 6213 6223 6224
f 6213 6224 6223
f 6213 6224 6225
f 6213 6225 6224
f 6213 6225 6226
f 6213 6226 6225
f 6213 6226 6227
f 6213 6227 6226
f 6213 6227 6228
f 6213 6228 6227
f 6213 6228 6229
f 6213 6229 6228
f 6213 6229 6230
f 6213 6230 6229
f 6213 6230 6231
f 6213 6231 6230
f 6213 6231 6232
f 6213 6232 6231
f 6213 6232 6233
f 6213 6233 6232
f 6213 6233 6234
f 6213 6234 6233
f 6213 6234 6235
f 6213 6235 6234
f 6213 6235 6236
f 6213 6236 6235
f 6213 6236 6237
f 6213 6237 6236
f 6213 6237 6238
f 6213 6238 6237
f 6213 6238 6239
f 6213 6239 6238
f 6213 6239 6240
f 6213 6240 6239
f 6213 6240 6241
f 6213 6241 6240
f 6213 6241 6242
f 6213 6242 6241
f 6213 6242 6243
f 6213 6243 6242
f 6213 6243 6244
f 6213 6244 6243
f 6213 6244 6245
f 6213 6245 6244
f 6213 6245 6246
f 6213 6246 6245
f 6213 6246 6247
f 6213 6247 6246
f 6213 6247 6248
f 6213 6248 6247
f 6213 6248 6249
f 6213 6249 6248
f 6213 6249 6250
f 6213 6250 6249
f 6213 6250 6251
f 6213 6251 6250
f 6213 6251 6252
f 6213 6252 6251
f 6213 6252 6253
f 6213 6253 6252
f 6213 6253 6254
f 6213 6254 6253
f 6213 6254 6255
f 6213 6255 6254
f 6213 6255 6256
f 6213 6256 6255
f 6213 6256 6257
f 6213 6257 6256
f 6213 6257 6258
f 6213 6258 6257
v 0.010483 0.390185 0.178100
v 0.012259 0.392122 0.177314
v 0.013038 0.393206 0.174887
v 0.012745 0.393206 0.172188
v 0.011464 0.392122 0.169985
v 0.009561 0.390185 0.169598
v 0.007785 0.388249 0.170384
v 0.007007 0.387165 0.172811
v 0.007299 0.387165 0.175510
v 0.008581 0.388249 0.177713
v -0.009769 0.409509 0.178922
v -0.008562 0.410825 0.178387
v -0.008033 0.411563 0.176737
v -0.008232 0.411563 0.174901
v -0.009103 0.410825 0.173403
v -0.010397 0.409509 0.173140
v -0.011604 0.408192 0.173675
v -0.012134 0.407455 0.175325
v -0.011935 0.407455 0.177160
v -0.011063 0.408192 0.178658
f 6259 6260 6270
f 6259 6270 6269
f 6260 6261 6271
f 6260 6271 6270
f 6261 6262 6272
f 6261 6272 6271
f 6262 6263 6273
f 6262 6273 6272
f 6263 6264 6274
f 6263 6274 6273
f 6264 6265 6275
f 6264 6275 6274
f 6265 6266 6276
f 6265 6276 6275
f 6266 6267 6277
f 6266 6277 6276
f 6267 6268 6278
f 6267 6278 6277
f 6268 6259 6269
f 6268 6269 6278
v -0.010083 0.409509 0.176031
v -0.008925 0.409642 0.177363
v -0.007477 0.410099 0.178492
v -0.005754 0.410864 0.179428
v -0.003803 0.411885 0.180205
v -0.001691 0.413085 0.180869
v 0.000499 0.414374 0.181479
v 0.002679 0.415650 0.182095
v 0.004758 0.416814 0.182782
v 0.006655 0.417775 0.183597
v 0.008302 0.418454 0.184587
v 0.009649 0.418798 0.185787
v 0.010670 0.418778 0.187214
v 0.011367 0.418395 0.188869
v 0.011765 0.417676 0.190734
v 0.011911 0.416677 0.192775
v 0.011876 0.415473 0.194943
v 0.011740 0.414157 0.197181
v 0.011593 0.412829 0.199427
v 0.011525 0.411589 0.201618
v 0.011618 0.410529 0.203696
v 0.011939 0.409725 0.205615
v 0.012534 0.409228 0.207341
v 0.013420 0.409056 0.208864
v 0.012262 0.408923 0.207532
v 0.010814 0.408465 0.206403
v 0.009091 0.407700 0.205466
v 0.007140 0.406680 0.204690
v 0.005028 0.405480 0.204025
v 0.002838 0.404191 0.203416
v 0.000658 0.402915 0.202799
v -0.001421 0.401750 0.202113
v -0.003318 0.400790 0.201298
v -0.004965 0.400111 0.200308
v -0.006312 0.399766 0.199108
v -0.007333 0.399786 0.197681
v -0.008030 0.400170 0.196025
v -0.008428 0.400889 0.194160
v -0.008574 0.401888 0.192120
v -0.008539 0.403092 0.189952
v -0.008403 0.404408 0.187713
v -0.008256 0.405736 0.185467
v -0.008188 0.406975 0.183276
v -0.008281 0.408035 0.181198
v -0.008602 0.408839 0.179280
v -0.009197 0.409337 0.177554
f 6279 6280 6281
f 6279 6281 6280
f 6279 6281 6282
f 6279 6282 6281
f 6279 6282 6283
f 6279 6283 6282
f 6279 6283 6284
f 6279 6284 6283
f 6279 6284 6285
f 6279 6285 6284
f 6279 6285 6286
f 6279 6286 6285
f 6279 6286 6287
f 6279 6287 6286
f 6279 6287 6288
f 6279 6288 6287
f 6279 6288 6289
f 6279 6289 6288
f 6279 6289 6290
f 6279 6290 6289
f 6279 6290 6291
f 6279 6291 6290
f 6279 6291 6292
f 6279 6292 6291
f 6279 6292 6293
f 6279 6293 6292
f 6279 6293 6294
f 6279 6294 6293
f 6279 6294 6295
f 6279 6295 6294
f 6279 6295 6296
f 6279 6296 6295
f 6279 6296 6297
f 6279 6297 6296
f 6279 6297 6298
f 6279 6298 6297
f 6279 6298 6299
f 6279 6299 6298
f 6279 6299 6300
f 6279 6300 6299
f 6279 6300 6301
f 6279 6301 6300
f 6279 6301 6302
f 6279 6302 6301
f 6279 6302 6303
f 6279 6303 6302
f 6279 6303 6304
f 6279 6304 6303
f 6279 6304 6305
f 6279 6305 6304
f 6279 6305 6306
f 6279 6306 6305
f 6279 6306 6307
f 6279 6307 6306
f 6279 6307 6308
f 6279 6308 6307
f 6279 6308 6309
f 6279 6309 6308
f 6279 6309 6310
f 6279 6310 6309
f 6279 6310 6311
f 6279 6311 6310
f 6279 6311 6312
f 6279 6312 6311
f 6279 6312 6313
f 6279 6313 6312
f 6279 6313 6314
f 6279 6314 6313
f 6279 6314 6315
f 6279 6315 6314
f 6279 6315 6316
f 6279 6316 6315
f 6279 6316 6317
f 6279 6317 6316
f 6279 6317 6318
f 6279 6318 6317
f 6279 6318 6319
f 6279 6319 6318
f 6279 6319 6320
f 6279 6320 6319
f 6279 6320 6321
f 6279 6321 6320
f 6279 6321 6322
f 6279 6322 6321
f 6279 6322 6323
f 6279 6323 6322
f 6279 6323 6324
f 6279 6324 6323
v 0.004631 0.352231 0.155294
v 0.008103 0.354251 0.154944
v 0.010489 0.355383 0.151843
v 0.011090 0.355383 0.147897
v 0.009733 0.354251 0.144227
v 0.006522 0.352231 0.142860
v 0.003050 0.350210 0.143210
v 0.000664 0.349078 0.146311
v 0.000063 0.349078 0.150258
v 0.001420 0.350210 0.153927
v -0.016401 0.388329 0.150060
v -0.014040 0.389703 0.149822
v -0.012417 0.390472 0.147713
v -0.012009 0.390472 0.145029
v -0.012931 0.389703 0.142534
v -0.015115 0.388329 0.141604
v -0.017476 0.386955 0.141843
v -0.019098 0.386185 0.143951
v -0.019507 0.386185 0.146635
v -0.018584 0.386955 0.149130
f 6325 6326 6336
f 6325 6336 6335
f 6326 6327 6337
f 6326 6337 6336
f 6327 6328 6338
f 6327 6338 6337
f 6328 6329 6339
f 6328 6339 6338
f 6329 6330 6340
f 6329 6340 6339
f 6330 6331 6341
f 6330 6341 6340
f 6331 6332 6342
f 6331 6342 6341
f 6332 6333 6343
f 6332 6343 6342
f 6333 6334 6344
f 6333 6344 6343
f 6334 6325 6335
f 6334 6335 6344
v -0.015758 0.388329 0.145832
v -0.015761 0.387602 0.147736
v -0.015322 0.387153 0.149822
v -0.014464 0.386967 0.152080
v -0.013259 0.386999 0.154481
v -0.011807 0.387186 0.156983
v -0.010235 0.387449 0.159535
v -0.008680 0.387701 0.162081
v -0.007276 0.387857 0.164563
v -0.006151 0.387839 0.166931
v -0.005409 0.387581 0.169142
v -0.005123 0.387035 0.171165
v -0.005333 0.386179 0.172983
v -0.006040 0.385010 0.174598
v -0.007203 0.383555 0.176024
v -0.008749 0.381860 0.177293
v -0.010573 0.379990 0.178447
v -0.012549 0.378024 0.179539
v -0.014542 0.376047 0.180624
v -0.016414 0.374147 0.181758
v -0.018040 0.372401 0.182994
v -0.019319 0.370874 0.184373
v -0.020178 0.369609 0.185924
v -0.020596 0.368622 0.187658
v -0.020592 0.369349 0.185754
v -0.021032 0.369798 0.183668
v -0.021889 0.369984 0.181410
v -0.023095 0.369952 0.179009
v -0.024546 0.369765 0.176506
v -0.026118 0.369502 0.173954
v -0.027674 0.369250 0.171409
v -0.029077 0.369094 0.168926
v -0.030202 0.369112 0.166558
v -0.030945 0.369370 0.164348
v -0.031230 0.369916 0.162325
v -0.031020 0.370772 0.160506
v -0.030314 0.371941 0.158892
v -0.029150 0.373396 0.157466
v -0.027605 0.375091 0.156197
v -0.025781 0.376961 0.155043
v -0.023804 0.378927 0.153951
v -0.021812 0.380903 0.152866
v -0.019940 0.382804 0.151731
v -0.018313 0.384550 0.150496
v -0.017035 0.386077 0.149117
v -0.016175 0.387342 0.147565
f 6345 6346 6347
f 6345 6347 6346
f 6345 6347 6348
f 6345 6348 6347
f 6345 6348 6349
f 6345 6349 6348
f 6345 6349 6350
f 6345 6350 6349
f 6345 6350 6351
f 6345 6351 6350
f 6345 6351 6352
f 6345 6352 6351
f 6345 6352 6353
f 6345 6353 6352
f 6345 6353 6354
f 6345 6354 6353
f 6345 6354 6355
f 6345 6355 6354
f 6345 6355 6356
f 6345 6356 6355
f 6345 6356 6357
f 6345 6357 6356
f 6345 6357 6358
f 6345 6358 6357
f 6345 6358 6359
f 6345 6359 6358
f 6345 6359 6360
f 6345 6360 6359
f 6345 6360 6361
f 6345 6361 6360
f 6345 6361 6362
f 6345 6362 6361
f 6345 6362 6363
f 6345 6363 6362
f 6345 6363 6364
f 6345 6364 6363
f 6345 6364 6365
f 6345 6365 6364
f 6345 6365 6366
f 6345 6366 6365
f 6345 6366 6367
f 6345 6367 6366
f 6345 6367 6368
f 6345 6368 6367
f 6345 6368 6369
f 6345 6369 6368
f 6345 6369 6370
f 6345 6370 6369
f 6345 6370 6371
f 6345 6371 6370
f 6345 6371 6372
f 6345 6372 6371
f 6345 6372 6373
f 6345 6373 6372
f 6345 6373 6374
f 6345 6374 6373
f 6345 6374 6375
f 6345 6375 6374
f 6345 6375 6376
f 6345 6376 6375
f 6345 6376 6377
f 6345 6377 6376
f 6345 6377 6378
f 6345 6378 6377
f 6345 6378 6379
f 6345 6379 6378
f 6345 6379 6380
f 6345 6380 6379
f 6345 6380 6381
f 6345 6381 6380
f 6345 6381 6382
f 6345 6382 6381
f 6345 6382 6383
f 6345 6383 6382
f 6345 6383 6384
f 6345 6384 6383
f 6345 6384 6385
f 6345 6385 6384
f 6345 6385 6386
f 6345 6386 6385
f 6345 6386 6387
f 6345 6387 6386
f 6345 6387 6388
f 6345 6388 6387
f 6345 6388 6389
f 6345 6389 6388
f 6345 6389 6390
f 6345 6390 6389
v -0.015758 0.388329 0.145832
v -0.015465 0.386756 0.143751
v -0.015859 0.384778 0.141684
v -0.016792 0.382483 0.139629
v -0.018122 0.379954 0.137583
v -0.019696 0.377281 0.135542
v -0.021348 0.374562 0.133503
v -0.022915 0.371894 0.131462
v -0.024241 0.369367 0.129416
v -0.025186 0.367065 0.127361
v -0.025640 0.365052 0.125296
v -0.025522 0.363376 0.123218
v -0.024793 0.362060 0.121127
v -0.023451 0.361104 0.119022
v -0.021539 0.360485 0.116905
v -0.019135 0.360156 0.114778
v -0.016350 0.360050 0.112642
v -0.013324 0.360087 0.110500
v -0.010213 0.360174 0.108357
v -0.007181 0.360215 0.106216
v -0.004391 0.360112 0.104079
v -0.001999 0.359775 0.101952
v -0.000147 0.359121 0.099836
v 0.001019 0.358062 0.097735
v 0.000727 0.359636 0.099817
v 0.001120 0.361613 0.101884
v 0.002053 0.363908 0.103939
v 0.003384 0.366437 0.105985
v 0.004957 0.369110 0.108025
v 0.006610 0.371829 0.110065
v 0.008177 0.374498 0.112106
v 0.009502 0.377024 0.114152
v 0.010448 0.379327 0.116206
v 0.010901 0.381339 0.118272
v 0.010784 0.383015 0.120349
v 0.010054 0.384331 0.122441
v 0.008713 0.385287 0.124545
v 0.006801 0.385906 0.126662
v 0.004396 0.386236 0.128790
v 0.001612 0.386341 0.130926
v -0.001414 0.386304 0.133067
v -0.004526 0.386217 0.135211
v -0.007558 0.386177 0.137352
v -0.010347 0.386279 0.139488
v -0.012739 0.386616 0.141616
v -0.014591 0.387270 0.143731
f 6391 6392 6393
f 6391 6393 6392
f 6391 6393 6394
f 6391 6394 6393
f 6391 6394 6395
f 6391 6395 6394
f 6391 6395 6396
f 6391 6396 6395
f 6391 6396 6397
f 6391 6397 6396
f 6391 6397 6398
f 6391 6398 6397
f 6391 6398 6399
f 6391 6399 6398
f 6391 6399 6400
f 6391 6400 6399
f 6391 6400 6401
f 6391 6401 6400
f 6391 6401 6402
f 6391 6402 6401
f 6391 6402 6403
f 6391 6403 6402
f 6391 6403 6404
f 6391 6404 6403
f 6391 6404 6405
f 6391 6405 6404
f 6391 6405 6406
f 6391 6406 6405
f 6391 6406 6407
f 6391 6407 6406
f 6391 6407 6408
f 6391 6408 6407
f 6391 6408 6409
f 6391 6409 6408
f 6391 6409 6410
f 6391 6410 6409
f 6391 6410 6411
f 6391 6411 6410
f 6391 6411 6412
f 6391 6412 6411
f 6391 6412 6413
f 6391 6413 6412
f 6391 6413 6414
f 6391 6414 6413
f 6391 6414 6415
f 6391 6415 6414
f 6391 6415 6416
f 6391 6416 6415
f 6391 6416 6417
f 6391 6417 6416
f 6391 6417 6418
f 6391 6418 6417
f 6391 6418 6419
f 6391 6419 6418
f 6391 6419 6420
f 6391 6420 6419
f 6391 6420 6421
f 6391 6421 6420
f 6391 6421 6422
f 6391 6422 6421
f 6391 6422 6423
f 6391 6423 6422
f 6391 6423 6424
f 6391 6424 6423
f 6391 6424 6425
f 6391 6425 6424
f 6391 6425 6426
f 6391 6426 6425
f 6391 6426 6427
f 6391 6427 6426
f 6391 6427 6428
f 6391 6428 6427
f 6391 6428 6429
f 6391 6429 6428
f 6391 6429 6430
f 6391 6430 6429
f 6391 6430 6431
f 6391 6431 6430
f 6391 6431 6432
f 6391 6432 6431
f 6391 6432 6433
f 6391 6433 6432
f 6391 6433 6434
f 6391 6434 6433
f 6391 6434 6435
f 6391 6435 6434
f 6391 6435 6436
f 6391 6436 6435
v -0.016386 0.388329 0.150062
v -0.015543 0.390896 0.149590
v -0.014778 0.392333 0.147350
v -0.014380 0.392333 0.144664
v -0.014461 0.390896 0.142299
v -0.015130 0.388329 0.141602
v -0.015972 0.385762 0.142074
v -0.016737 0.384325 0.144315
v -0.017136 0.384325 0.147000
v -0.017054 0.385762 0.149366
v -0.039986 0.395490 0.145175
v -0.039413 0.397235 0.144855
v -0.038893 0.398213 0.143331
v -0.038622 0.398213 0.141505
v -0.038677 0.397235 0.139896
v -0.039132 0.395490 0.139423
v -0.039705 0.393745 0.139744
v -0.040225 0.392767 0.141267
v -0.040496 0.392767 0.143093
v -0.040441 0.393745 0.144702
f 6437 6438 6448
f 6437 6448 6447
f 6438 6439 6449
f 6438 6449 6448
f 6439 6440 6450
f 6439 6450 6449
f 6440 6441 6451
f 6440 6451 6450
f 6441 6442 6452
f 6441 6452 6451
f 6442 6443 6453
f 6442 6453 6452
f 6443 6444 6454
f 6443 6454 6453
f 6444 6445 6455
f 6444 6455 6454
f 6445 6446 6456
f 6445 6456 6455
f 6446 6437 6447
f 6446 6447 6456
v -0.039559 0.395490 0.142299
v -0.038959 0.395021 0.144112
v -0.038292 0.394798 0.145974
v -0.037512 0.394991 0.147918
v -0.036596 0.395687 0.149962
v -0.035546 0.396875 0.152103
v -0.034390 0.398454 0.154321
v -0.033177 0.400240 0.156581
v -0.031973 0.401999 0.158835
v -0.030844 0.403476 0.161033
v -0.029855 0.404439 0.163130
v -0.029054 0.404711 0.165090
v -0.028467 0.404195 0.166893
v -0.028094 0.402890 0.168541
v -0.027908 0.400894 0.170052
v -0.027862 0.398384 0.171461
v -0.027893 0.395593 0.172815
v -0.027931 0.392774 0.174163
v -0.027912 0.390162 0.175552
v -0.027788 0.387941 0.177019
v -0.027530 0.386213 0.178582
v -0.027135 0.384987 0.180246
v -0.026628 0.384177 0.181992
v -0.026053 0.383613 0.183786
v -0.026653 0.384082 0.181973
v -0.027320 0.384306 0.180111
v -0.028100 0.384112 0.178167
v -0.029016 0.383417 0.176123
v -0.030066 0.382228 0.173982
v -0.031222 0.380649 0.171764
v -0.032435 0.378863 0.169504
v -0.033639 0.377105 0.167250
v -0.034768 0.375627 0.165052
v -0.035757 0.374664 0.162955
v -0.036558 0.374392 0.160996
v -0.037145 0.374909 0.159192
v -0.037519 0.376213 0.157544
v -0.037704 0.378209 0.156033
v -0.037750 0.380720 0.154624
v -0.037720 0.383511 0.153270
v -0.037682 0.386329 0.151922
v -0.037700 0.388941 0.150533
v -0.037824 0.391163 0.149067
v -0.038082 0.392891 0.147503
v -0.038477 0.394117 0.145839
v -0.038985 0.394927 0.144094
f 6457 6458 6459
f 6457 6459 6458
f 6457 6459 6460
f 6457 6460 6459
f 6457 6460 6461
f 6457 6461 6460
f 6457 6461 6462
f 6457 6462 6461
f 6457 6462 6463
f 6457 6463 6462
f 6457 6463 6464
f 6457 6464 6463
f 6457 6464 6465
f 6457 6465 6464
f 6457 6465 6466
f 6457 6466 6465
f 6457 6466 6467
f 6457 6467 6466
f 6457 6467 6468
f 6457 6468 6467
f 6457 6468 6469
f 6457 6469 6468
f 6457 6469 6470
f 6457 6470 6469
f 6457 6470 6471
f 6457 6471 6470
f 6457 6471 6472
f 6457 6472 6471
f 6457 6472 6473
f 6457 6473 6472
f 6457 6473 6474
f 6457 6474 6473
f 6457 6474 6475
f 6457 6475 6474
f 6457 6475 6476
f 6457 6476 6475
f 6457 6476 6477
f 6457 6477 6476
f 6457 6477 6478
f 6457 6478 6477
f 6457 6478 6479
f 6457 6479 6478
f 6457 6479 6480
f 6457 6480 6479
f 6457 6480 6481
f 6457 6481 6480
f 6457 6481 6482
f 6457 6482 6481
f 6457 6482 6483
f 6457 6483 6482
f 6457 6483 6484
f 6457 6484 6483
f 6457 6484 6485
f 6457 6485 6484
f 6457 6485 6486
f 6457 6486 6485
f 6457 6486 6487
f 6457 6487 6486
f 6457 6487 6488
f 6457 6488 6487
f 6457 6488 6489
f 6457 6489 6488
f 6457 6489 6490
f 6457 6490 6489
f 6457 6490 6491
f 6457 6491 6490
f 6457 6491 6492
f 6457 6492 6491
f 6457 6492 6493
f 6457 6493 6492
f 6457 6493 6494
f 6457 6494 6493
f 6457 6494 6495
f 6457 6495 6494
f 6457 6495 6496
f 6457 6496 6495
f 6457 6496 6497
f 6457 6497 6496
f 6457 6497 6498
f 6457 6498 6497
f 6457 6498 6499
f 6457 6499 6498
f 6457 6499 6500
f 6457 6500 6499
f 6457 6500 6501
f 6457 6501 6500
f 6457 6501 6502
f 6457 6502 6501
v -0.011514 0.388329 0.146355
v -0.011875 0.390275 0.144458
v -0.014059 0.391365 0.143150
v -0.016754 0.391365 0.142818
v -0.019191 0.390275 0.143556
v -0.020002 0.388329 0.145309
v -0.019641 0.386383 0.147207
v -0.017456 0.385293 0.148514
v -0.014762 0.385293 0.148846
v -0.012325 0.386383 0.148109
v -0.014987 0.404665 0.163343
v -0.015232 0.405989 0.162053
v -0.016718 0.406730 0.161164
v -0.018550 0.406730 0.160938
v -0.020207 0.405989 0.161439
v -0.020759 0.404665 0.162632
v -0.020513 0.403342 0.163922
v -0.019027 0.402601 0.164811
v -0.017195 0.402601 0.165037
v -0.015538 0.403342 0.164535
f 6503 6504 6514
f 6503 6514 6513
f 6504 6505 6515
f 6504 6515 6514
f 6505 6506 6516
f 6505 6516 6515
f 6506 6507 6517
f 6506 6517 6516
f 6507 6508 6518
f 6507 6518 6517
f 6508 6509 6519
f 6508 6519 6518
f 6509 6510 6520
f 6509 6520 6519
f 6510 6511 6521
f 6510 6521 6520
f 6511 6512 6522
f 6511 6522 6521
f 6512 6503 6513
f 6512 6513 6522
v -0.017873 0.404665 0.162987
v -0.015839 0.404096 0.162200
v -0.013816 0.403755 0.161194
v -0.011811 0.403786 0.159831
v -0.009826 0.404254 0.158049
v -0.007861 0.405144 0.155864
v -0.005912 0.406360 0.153366
v -0.003971 0.407742 0.150709
v -0.002028 0.409089 0.148086
v -0.000073 0.410186 0.145702
v 0.001903 0.410838 0.143744
v 0.003907 0.410896 0.142355
v 0.005943 0.410280 0.141612
v 0.008010 0.408991 0.141514
v 0.010106 0.407108 0.141986
v 0.012223 0.404779 0.142884
v 0.014352 0.402201 0.144021
v 0.016483 0.399588 0.145191
v 0.018605 0.397141 0.146203
v 0.020713 0.395020 0.146902
v 0.022800 0.393321 0.147197
v 0.024866 0.392059 0.147074
v 0.026915 0.391168 0.146594
v 0.028953 0.390506 0.145895
v 0.026920 0.391076 0.146682
v 0.024897 0.391417 0.147689
v 0.022892 0.391386 0.149051
v 0.020907 0.390917 0.150833
v 0.018942 0.390028 0.153018
v 0.016993 0.388812 0.155516
v 0.015052 0.387430 0.158173
v 0.013109 0.386083 0.160797
v 0.011154 0.384986 0.163181
v 0.009178 0.384334 0.165138
v 0.007174 0.384276 0.166527
v 0.005138 0.384891 0.167270
v 0.003070 0.386181 0.167368
v 0.000974 0.388064 0.166896
v -0.001143 0.390393 0.165999
v -0.003271 0.392970 0.164862
v -0.005402 0.395584 0.163691
v -0.007525 0.398031 0.162679
v -0.009632 0.400151 0.161980
v -0.011719 0.401851 0.161685
v -0.013786 0.403113 0.161809
v -0.015834 0.404003 0.162289
f 6523 6524 6525
f 6523 6525 6524
f 6523 6525 6526
f 6523 6526 6525
f 6523 6526 6527
f 6523 6527 6526
f 6523 6527 6528
f 6523 6528 6527
f 6523 6528 6529
f 6523 6529 6528
f 6523 6529 6530
f 6523 6530 6529
f 6523 6530 6531
f 6523 6531 6530
f 6523 6531 6532
f 6523 6532 6531
f 6523 6532 6533
f 6523 6533 6532
f 6523 6533 6534
f 6523 6534 6533
f 6523 6534 6535
f 6523 6535 6534
f 6523 6535 6536
f 6523 6536 6535
f 6523 6536 6537
f 6523 6537 6536
f 6523 6537 6538
f 6523 6538 6537
f 6523 6538 6539
f 6523 6539 6538
f 6523 6539 6540
f 6523 6540 6539
f 6523 6540 6541
f 6523 6541 6540
f 6523 6541 6542
f 6523 6542 6541
f 6523 6542 6543
f 6523 6543 6542
f 6523 6543 6544
f 6523 6544 6543
f 6523 6544 6545
f 6523 6545 6544
f 6523 6545 6546
f 6523 6546 6545
f 6523 6546 6547
f 6523 6547 6546
f 6523 6547 6548
f 6523 6548 6547
f 6523 6548 6549
f 6523 6549 6548
f 6523 6549 6550
f 6523 6550 6549
f 6523 6550 6551
f 6523 6551 6550
f 6523 6551 6552
f 6523 6552 6551
f 6523 6552 6553
f 6523 6553 6552
f 6523 6553 6554
f 6523 6554 6553
f 6523 6554 6555
f 6523 6555 6554
f 6523 6555 6556
f 6523 6556 6555
f 6523 6556 6557
f 6523 6557 6556
f 6523 6557 6558
f 6523 6558 6557
f 6523 6558 6559
f 6523 6559 6558
f 6523 6559 6560
f 6523 6560 6559
f 6523 6560 6561
f 6523 6561 6560
f 6523 6561 6562
f 6523 6562 6561
f 6523 6562 6563
f 6523 6563 6562
f 6523 6563 6564
f 6523 6564 6563
f 6523 6564 6565
f 6523 6565 6564
f 6523 6565 6566
f 6523 6566 6565
f 6523 6566 6567
f 6523 6567 6566
f 6523 6567 6568
f 6523 6568 6567
v -0.017873 0.404665 0.162987
v -0.019818 0.403796 0.162387
v -0.021742 0.402738 0.161968
v -0.023627 0.401341 0.161878
v -0.025462 0.399517 0.162200
v -0.027247 0.397260 0.162941
v -0.028991 0.394647 0.164025
v -0.030712 0.391834 0.165303
v -0.032433 0.389026 0.166577
v -0.034181 0.386449 0.167627
v -0.035981 0.384314 0.168249
v -0.037850 0.382784 0.168287
v -0.039799 0.381947 0.167655
v -0.041829 0.381804 0.166352
v -0.043929 0.382266 0.164465
v -0.046079 0.383170 0.162150
v -0.048257 0.384305 0.159612
v -0.050434 0.385445 0.157069
v -0.052589 0.386385 0.154721
v -0.054703 0.386969 0.152715
v -0.056766 0.387120 0.151128
v -0.058781 0.386844 0.149954
v -0.060756 0.386229 0.149108
v -0.062709 0.385425 0.148444
v -0.060763 0.386294 0.149045
v -0.058839 0.387352 0.149463
v -0.056955 0.388749 0.149554
v -0.055120 0.390573 0.149232
v -0.053334 0.392831 0.148490
v -0.051590 0.395443 0.147407
v -0.049870 0.398256 0.146128
v -0.048148 0.401065 0.144855
v -0.046400 0.403642 0.143805
v -0.044601 0.405777 0.143182
v -0.042731 0.407307 0.143144
v -0.040782 0.408143 0.143777
v -0.038752 0.408286 0.145079
v -0.036653 0.407825 0.146966
v -0.034502 0.406920 0.149281
v -0.032325 0.405785 0.151819
v -0.030147 0.404645 0.154362
v -0.027992 0.403706 0.156711
v -0.025879 0.403121 0.158716
v -0.023815 0.402970 0.160303
v -0.021801 0.403246 0.161477
v -0.019826 0.403862 0.162323
f 6569 6570 6571
f 6569 6571 6570
f 6569 6571 6572
f 6569 6572 6571
f 6569 6572 6573
f 6569 6573 6572
f 6569 6573 6574
f 6569 6574 6573
f 6569 6574 6575
f 6569 6575 6574
f 6569 6575 6576
f 6569 6576 6575
f 6569 6576 6577
f 6569 6577 6576
f 6569 6577 6578
f 6569 6578 6577
f 6569 6578 6579
f 6569 6579 6578
f 6569 6579 6580
f 6569 6580 6579
f 6569 6580 6581
f 6569 6581 6580
f 6569 6581 6582
f 6569 6582 6581
f 6569 6582 6583
f 6569 6583 6582
f 6569 6583 6584
f 6569 6584 6583
f 6569 6584 6585
f 6569 6585 6584
f 6569 6585 6586
f 6569 6586 6585
f 6569 6586 6587
f 6569 6587 6586
f 6569 6587 6588
f 6569 6588 6587
f 6569 6588 6589
f 6569 6589 6588
f 6569 6589 6590
f 6569 6590 6589
f 6569 6590 6591
f 6569 6591 6590
f 6569 6591 6592
f 6569 6592 6591
f 6569 6592 6593
f 6569 6593 6592
f 6569 6593 6594
f 6569 6594 6593
f 6569 6594 6595
f 6569 6595 6594
f 6569 6595 6596
f 6569 6596 6595
f 6569 6596 6597
f 6569 6597 6596
f 6569 6597 6598
f 6569 6598 6597
f 6569 6598 6599
f 6569 6599 6598
f 6569 6599 6600
f 6569 6600 6599
f 6569 6600 6601
f 6569 6601 6600
f 6569 6601 6602
f 6569 6602 6601
f 6569 6602 6603
f 6569 6603 6602
f 6569 6603 6604
f 6569 6604 6603
f 6569 6604 6605
f 6569 6605 6604
f 6569 6605 6606
f 6569 6606 6605
f 6569 6606 6607
f 6569 6607 6606
f 6569 6607 6608
f 6569 6608 6607
f 6569 6608 6609
f 6569 6609 6608
f 6569 6609 6610
f 6569 6610 6609
f 6569 6610 6611
f 6569 6611 6610
f 6569 6611 6612
f 6569 6612 6611
f 6569 6612 6613
f 6569 6613 6612
f 6569 6613 6614
f 6569 6614 6613
v -0.019873 0.388329 0.144669
v -0.019866 0.390036 0.146814
v -0.017939 0.390993 0.148559
v -0.015327 0.390993 0.149298
v -0.012772 0.390036 0.148820
v -0.011643 0.388329 0.146996
v -0.011650 0.386621 0.144850
v -0.013576 0.385665 0.143105
v -0.016188 0.385665 0.142366
v -0.018743 0.386621 0.142844
v -0.014365 0.406934 0.130222
v -0.014361 0.408095 0.131681
v -0.013051 0.408745 0.132867
v -0.011275 0.408745 0.133370
v -0.009537 0.408095 0.133045
v -0.008769 0.406934 0.131804
v -0.008774 0.405773 0.130345
v -0.010084 0.405122 0.129158
v -0.011860 0.405122 0.128656
v -0.013597 0.405773 0.128981
f 6615 6616 6626
f 6615 6626 6625
f 6616 6617 6627
f 6616 6627 6626
f 6617 6618 6628
f 6617 6628 6627
f 6618 6619 6629
f 6618 6629 6628
f 6619 6620 6630
f 6619 6630 6629
f 6620 6621 6631
f 6620 6631 6630
f 6621 6622 6632
f 6621 6632 6631
f 6622 6623 6633
f 6622 6633 6632
f 6623 6624 6634
f 6623 6634 6633
f 6624 6615 6625
f 6624 6625 6634
v -0.011567 0.406934 0.131013
v -0.013786 0.406186 0.131469
v -0.016082 0.405781 0.132335
v -0.018465 0.405770 0.133669
v -0.020932 0.406129 0.135444
v -0.023465 0.406781 0.137570
v -0.026037 0.407612 0.139908
v -0.028619 0.408482 0.142292
v -0.031175 0.409239 0.144543
v -0.033674 0.409740 0.146488
v -0.036087 0.409861 0.147980
v -0.038395 0.409512 0.148912
v -0.040587 0.408646 0.149227
v -0.042663 0.407261 0.148925
v -0.044634 0.405407 0.148062
v -0.046519 0.403173 0.146746
v -0.048347 0.400682 0.145125
v -0.050149 0.398079 0.143370
v -0.051961 0.395515 0.141661
v -0.053812 0.393129 0.140165
v -0.055729 0.391037 0.139019
v -0.057730 0.389315 0.138314
v -0.059818 0.387986 0.138078
v -0.061983 0.387001 0.138251
v -0.059765 0.387749 0.137795
v -0.057469 0.388154 0.136929
v -0.055085 0.388165 0.135595
v -0.052619 0.387806 0.133820
v -0.050086 0.387154 0.131694
v -0.047513 0.386323 0.129356
v -0.044932 0.385453 0.126971
v -0.042376 0.384696 0.124721
v -0.039877 0.384195 0.122776
v -0.037464 0.384074 0.121283
v -0.035156 0.384423 0.120352
v -0.032964 0.385289 0.120037
v -0.030888 0.386673 0.120339
v -0.028917 0.388528 0.121202
v -0.027032 0.390762 0.122518
v -0.025204 0.393253 0.124139
v -0.023401 0.395856 0.125894
v -0.021590 0.398420 0.127603
v -0.019739 0.400806 0.129099
v -0.017821 0.402898 0.130245
v -0.015821 0.404620 0.130950
v -0.013733 0.405949 0.131186
f 6635 6636 6637
f 6635 6637 6636
f 6635 6637 6638
f 6635 6638 6637
f 6635 6638 6639
f 6635 6639 6638
f 6635 6639 6640
f 6635 6640 6639
f 6635 6640 6641
f 6635 6641 6640
f 6635 6641 6642
f 6635 6642 6641
f 6635 6642 6643
f 6635 6643 6642
f 6635 6643 6644
f 6635 6644 6643
f 6635 6644 6645
f 6635 6645 6644
f 6635 6645 6646
f 6635 6646 6645
f 6635 6646 6647
f 6635 6647 6646
f 6635 6647 6648
f 6635 6648 6647
f 6635 6648 6649
f 6635 6649 6648
f 6635 6649 6650
f 6635 6650 6649
f 6635 6650 6651
f 6635 6651 6650
f 6635 6651 6652
f 6635 6652 6651
f 6635 6652 6653
f 6635 6653 6652
f 6635 6653 6654
f 6635 6654 6653
f 6635 6654 6655
f 6635 6655 6654
f 6635 6655 6656
f 6635 6656 6655
f 6635 6656 6657
f 6635 6657 6656
f 6635 6657 6658
f 6635 6658 6657
f 6635 6658 6659
f 6635 6659 6658
f 6635 6659 6660
f 6635 6660 6659
f 6635 6660 6661
f 6635 6661 6660
f 6635 6661 6662
f 6635 6662 6661
f 6635 6662 6663
f 6635 6663 6662
f 6635 6663 6664
f 6635 6664 6663
f 6635 6664 6665
f 6635 6665 6664
f 6635 6665 6666
f 6635 6666 6665
f 6635 6666 6667
f 6635 6667 6666
f 6635 6667 6668
f 6635 6668 6667
f 6635 6668 6669
f 6635 6669 6668
f 6635 6669 6670
f 6635 6670 6669
f 6635 6670 6671
f 6635 6671 6670
f 6635 6671 6672
f 6635 6672 6671
f 6635 6672 6673
f 6635 6673 6672
f 6635 6673 6674
f 6635 6674 6673
f 6635 6674 6675
f 6635 6675 6674
f 6635 6675 6676
f 6635 6676 6675
f 6635 6676 6677
f 6635 6677 6676
f 6635 6677 6678
f 6635 6678 6677
f 6635 6678 6679
f 6635 6679 6678
f 6635 6679 6680
f 6635 6680 6679
v -0.011567 0.406934 0.131013
v -0.009243 0.406710 0.132242
v -0.006836 0.406326 0.133294
v -0.004261 0.405617 0.133985
v -0.001458 0.404464 0.134183
v 0.001592 0.402832 0.133850
v 0.004858 0.400784 0.133054
v 0.008258 0.398473 0.131968
v 0.011676 0.396128 0.130843
v 0.014978 0.394008 0.129968
v 0.018036 0.392362 0.129619
v 0.020748 0.391385 0.130013
v 0.023061 0.391184 0.131268
v 0.024973 0.391760 0.133384
v 0.026540 0.393005 0.136244
v 0.027863 0.394724 0.139629
v 0.029070 0.396668 0.143264
v 0.030295 0.398577 0.146860
v 0.031655 0.400225 0.150166
v 0.033229 0.401456 0.153009
v 0.035051 0.402207 0.155321
v 0.037101 0.402515 0.157141
v 0.039319 0.402498 0.158599
v 0.041620 0.402320 0.159880
v 0.039295 0.402544 0.158651
v 0.036888 0.402928 0.157599
v 0.034314 0.403637 0.156908
v 0.031510 0.404790 0.156709
v 0.028460 0.406422 0.157043
v 0.025195 0.408471 0.157839
v 0.021795 0.410781 0.158924
v 0.018377 0.413126 0.160049
v 0.015074 0.415246 0.160924
v 0.012017 0.416892 0.161273
v 0.009304 0.417869 0.160880
v 0.006991 0.418070 0.159625
v 0.005079 0.417494 0.157508
v 0.003512 0.416249 0.154649
v 0.002189 0.414530 0.151263
v 0.000982 0.412586 0.147629
v -0.000243 0.410677 0.144033
v -0.001602 0.409029 0.140726
v -0.003177 0.407799 0.137883
v -0.004998 0.407047 0.135571
v -0.007049 0.406739 0.133752
v -0.009267 0.406757 0.132294
f 6681 6682 6683
f 6681 6683 6682
f 6681 6683 6684
f 6681 6684 6683
f 6681 6684 6685
f 6681 6685 6684
f 6681 6685 6686
f 6681 6686 6685
f 6681 6686 6687
f 6681 6687 6686
f 6681 6687 6688
f 6681 6688 6687
f 6681 6688 6689
f 6681 6689 6688
f 6681 6689 6690
f 6681 6690 6689
f 6681 6690 6691
f 6681 6691 6690
f 6681 6691 6692
f 6681 6692 6691
f 6681 6692 6693
f 6681 6693 6692
f 6681 6693 6694
f 6681 6694 6693
f 6681 6694 6695
f 6681 6695 6694
f 6681 6695 6696
f 6681 6696 6695
f 6681 6696 6697
f 6681 6697 6696
f 6681 6697 6698
f 6681 6698 6697
f 6681 6698 6699
f 6681 6699 6698
f 6681 6699 6700
f 6681 6700 6699
f 6681 6700 6701
f 6681 6701 6700
f 6681 6701 6702
f 6681 6702 6701
f 6681 6702 6703
f 6681 6703 6702
f 6681 6703 6704
f 6681 6704 6703
f 6681 6704 6705
f 6681 6705 6704
f 6681 6705 6706
f 6681 6706 6705
f 6681 6706 6707
f 6681 6707 6706
f 6681 6707 6708
f 6681 6708 6707
f 6681 6708 6709
f 6681 6709 6708
f 6681 6709 6710
f 6681 6710 6709
f 6681 6710 6711
f 6681 6711 6710
f 6681 6711 6712
f 6681 6712 6711
f 6681 6712 6713
f 6681 6713 6712
f 6681 6713 6714
f 6681 6714 6713
f 6681 6714 6715
f 6681 6715 6714
f 6681 6715 6716
f 6681 6716 6715
f 6681 6716 6717
f 6681 6717 6716
f 6681 6717 6718
f 6681 6718 6717
f 6681 6718 6719
f 6681 6719 6718
f 6681 6719 6720
f 6681 6720 6719
f 6681 6720 6721
f 6681 6721 6720
f 6681 6721 6722
f 6681 6722 6721
f 6681 6722 6723
f 6681 6723 6722
f 6681 6723 6724
f 6681 6724 6723
f 6681 6724 6725
f 6681 6725 6724
f 6681 6725 6726
f 6681 6726 6725
v -0.012950 0.220000 -0.004153
v -0.012969 0.226126 0.002055
v -0.006929 0.229556 0.007471
v 0.001292 0.229556 0.010107
v 0.009355 0.226126 0.009213
v 0.012950 0.220000 0.004153
v 0.012969 0.213874 -0.002055
v 0.006929 0.210444 -0.007471
v -0.001292 0.210444 -0.010107
v -0.009355 0.213874 -0.009213
v 0.020420 0.312450 -0.093968
v 0.020408 0.316615 -0.089747
v 0.024515 0.318948 -0.086064
v 0.030105 0.318948 -0.084272
v 0.035588 0.316615 -0.084880
v 0.038033 0.312450 -0.088321
v 0.038045 0.308284 -0.092542
v 0.033938 0.305952 -0.096225
v 0.028348 0.305952 -0.098018
v 0.022865 0.308284 -0.097410
f 6727 6728 6738
f 6727 6738 6737
f 6728 6729 6739
f 6728 6739 6738
f 6729 6730 6740
f 6729 6740 6739
f 6730 6731 6741
f 6730 6741 6740
f 6731 6732 6742
f 6731 6742 6741
f 6732 6733 6743
f 6732 6743 6742
f 6733 6734 6744
f 6733 6744 6743
f 6734 6735 6745
f 6734 6745 6744
f 6735 6736 6746
f 6735 6746 6745
f 6736 6727 6737
f 6736 6737 6746
v 0.020023 0.312450 -0.092049
v 0.021280 0.318239 -0.091789
v 0.026284 0.321482 -0.091220
v 0.032127 0.321482 -0.090646
v 0.037146 0.318239 -0.090230
v 0.038430 0.312450 -0.090240
v 0.037172 0.306660 -0.090500
v 0.032169 0.303418 -0.091069
v 0.026326 0.303418 -0.091643
v 0.021307 0.306660 -0.092060
v 0.030949 0.314368 -0.172968
v 0.031804 0.318305 -0.172791
v 0.035207 0.320510 -0.172404
v 0.039180 0.320510 -0.172014
v 0.042593 0.318305 -0.171731
v 0.043466 0.314368 -0.171738
v 0.042611 0.310432 -0.171915
v 0.039208 0.308227 -0.172301
v 0.035235 0.308227 -0.172692
v 0.031823 0.310432 -0.172975
f 6747 6748 6758
f 6747 6758 6757
f 6748 6749 6759
f 6748 6759 6758
f 6749 6750 6760
f 6749 6760 6759
f 6750 6751 6761
f 6750 6761 6760
f 6751 6752 6762
f 6751 6762 6761
f 6752 6753 6763
f 6752 6763 6762
f 6753 6754 6764
f 6753 6764 6763
f 6754 6755 6765
f 6754 6765 6764
f 6755 6756 6766
f 6755 6766 6765
f 6756 6747 6757
f 6756 6757 6766
v 0.031184 0.314368 -0.174160
v 0.032648 0.317637 -0.176015
v 0.036281 0.319467 -0.176209
v 0.040105 0.319467 -0.175062
v 0.043031 0.317637 -0.172900
v 0.043231 0.314368 -0.170545
v 0.041768 0.311100 -0.168691
v 0.038135 0.309270 -0.168496
v 0.034311 0.309270 -0.169643
v 0.031385 0.311100 -0.171806
v 0.044466 0.287808 -0.211423
v 0.045461 0.290030 -0.212684
v 0.047932 0.291275 -0.212816
v 0.050532 0.291275 -0.212036
v 0.052521 0.290030 -0.210565
v 0.052658 0.287808 -0.208965
v 0.051663 0.285586 -0.207703
v 0.049192 0.284341 -0.207571
v 0.046592 0.284341 -0.208351
v 0.044602 0.285586 -0.209822
f 6767 6768 6778
f 6767 6778 6777
f 6768 6769 6779
f 6768 6779 6778
f 6769 6770 6780
f 6769 6780 6779
f 6770 6771 6781
f 6770 6781 6780
f 6771 6772 6782
f 6771 6782 6781
f 6772 6773 6783
f 6772 6783 6782
f 6773 6774 6784
f 6773 6784 6783
f 6774 6775 6785
f 6774 6785 6784
f 6775 6776 6786
f 6775 6786 6785
f 6776 6767 6777
f 6776 6777 6786
v 0.048562 0.287808 -0.210194
v 0.046478 0.288170 -0.210561
v 0.044435 0.288680 -0.211019
v 0.042479 0.289513 -0.211679
v 0.040648 0.290811 -0.212627
v 0.038958 0.292631 -0.213899
v 0.037396 0.294923 -0.215464
v 0.035917 0.297526 -0.217222
v 0.034456 0.300196 -0.219022
v 0.032935 0.302640 -0.220682
v 0.031276 0.304576 -0.222026
v 0.029419 0.305777 -0.222914
v 0.027331 0.306120 -0.223269
v 0.025011 0.305605 -0.223091
v 0.022493 0.304356 -0.222457
v 0.019837 0.302598 -0.221507
v 0.017121 0.300614 -0.220418
v 0.014422 0.298697 -0.219369
v 0.011808 0.297092 -0.218515
v 0.009321 0.295958 -0.217953
v 0.006975 0.295346 -0.217715
v 0.004754 0.295199 -0.217765
v 0.002621 0.295376 -0.218017
v 0.000527 0.295700 -0.218360
v 0.002611 0.295337 -0.217993
v 0.004654 0.294828 -0.217535
v 0.006610 0.293994 -0.216875
v 0.008441 0.292696 -0.215927
v 0.010131 0.290876 -0.214655
v 0.011694 0.288585 -0.213090
v 0.013172 0.285981 -0.211332
v 0.014633 0.283312 -0.209532
v 0.016154 0.280867 -0.207872
v 0.017813 0.278932 -0.206528
v 0.019670 0.277730 -0.205640
v 0.021758 0.277387 -0.205285
v 0.024078 0.277902 -0.205463
v 0.026596 0.279152 -0.206097
v 0.029252 0.280910 -0.207047
v 0.031968 0.282893 -0.208136
v 0.034667 0.284810 -0.209185
v 0.037281 0.286416 -0.210039
v 0.039768 0.287550 -0.210601
v 0.042114 0.288161 -0.210839
v 0.044335 0.288309 -0.210789
v 0.046468 0.288132 -0.210537
f 6787 6788 6789
f 6787 6789 6788
f 6787 6789 6790
f 6787 6790 6789
f 6787 6790 6791
f 6787 6791 6790
f 6787 6791 6792
f 6787 6792 6791
f 6787 6792 6793
f 6787 6793 6792
f 6787 6793 6794
f 6787 6794 6793
f 6787 6794 6795
f 6787 6795 6794
f 6787 6795 6796
f 6787 6796 6795
f 6787 6796 6797
f 6787 6797 6796
f 6787 6797 6798
f 6787 6798 6797
f 6787 6798 6799
f 6787 6799 6798
f 6787 6799 6800
f 6787 6800 6799
f 6787 6800 6801
f 6787 6801 6800
f 6787 6801 6802
f 6787 6802 6801
f 6787 6802 6803
f 6787 6803 6802
f 6787 6803 6804
f 6787 6804 6803
f 6787 6804 6805
f 6787 6805 6804
f 6787 6805 6806
f 6787 6806 6805
f 6787 6806 6807
f 6787 6807 6806
f 6787 6807 6808
f 6787 6808 6807
f 6787 6808 6809
f 6787 6809 6808
f 6787 6809 6810
f 6787 6810 6809
f 6787 6810 6811
f 6787 6811 6810
f 6787 6811 6812
f 6787 6812 6811
f 6787 6812 6813
f 6787 6813 6812
f 6787 6813 6814
f 6787 6814 6813
f 6787 6814 6815
f 6787 6815 6814
f 6787 6815 6816
f 6787 6816 6815
f 6787 6816 6817
f 6787 6817 6816
f 6787 6817 6818
f 6787 6818 6817
f 6787 6818 6819
f 6787 6819 6818
f 6787 6819 6820
f 6787 6820 6819
f 6787 6820 6821
f 6787 6821 6820
f 6787 6821 6822
f 6787 6822 6821
f 6787 6822 6823
f 6787 6823 6822
f 6787 6823 6824
f 6787 6824 6823
f 6787 6824 6825
f 6787 6825 6824
f 6787 6825 6826
f 6787 6826 6825
f 6787 6826 6827
f 6787 6827 6826
f 6787 6827 6828
f 6787 6828 6827
f 6787 6828 6829
f 6787 6829 6828
f 6787 6829 6830
f 6787 6830 6829
f 6787 6830 6831
f 6787 6831 6830
f 6787 6831 6832
f 6787 6832 6831
v 0.048562 0.288449 -0.214422
v 0.051234 0.288187 -0.213864
v 0.052730 0.287741 -0.211577
v 0.052730 0.287334 -0.208893
v 0.051234 0.287082 -0.206576
v 0.048562 0.287167 -0.205966
v 0.045890 0.287428 -0.206523
v 0.044393 0.287874 -0.208811
v 0.044393 0.288281 -0.211495
v 0.045890 0.288534 -0.213811
v 0.046883 0.262913 -0.216909
v 0.048700 0.262735 -0.216530
v 0.049718 0.262432 -0.214975
v 0.049718 0.262155 -0.213150
v 0.048700 0.261984 -0.211574
v 0.046883 0.262041 -0.211159
v 0.045066 0.262219 -0.211538
v 0.044049 0.262523 -0.213094
v 0.044049 0.262799 -0.214919
v 0.045066 0.262971 -0.216494
f 6833 6834 6844
f 6833 6844 6843
f 6834 6835 6845
f 6834 6845 6844
f 6835 6836 6846
f 6835 6846 6845
f 6836 6837 6847
f 6836 6847 6846
f 6837 6838 6848
f 6837 6848 6847
f 6838 6839 6849
f 6838 6849 6848
f 6839 6840 6850
f 6839 6850 6849
f 6840 6841 6851
f 6840 6851 6850
f 6841 6842 6852
f 6841 6852 6851
f 6842 6833 6843
f 6842 6843 6852
v 0.046883 0.262477 -0.214034
v 0.047034 0.264065 -0.216463
v 0.047710 0.265620 -0.218910
v 0.049106 0.267131 -0.221382
v 0.051259 0.268596 -0.223881
v 0.054079 0.270021 -0.226402
v 0.057363 0.271417 -0.228940
v 0.060829 0.272802 -0.231484
v 0.064151 0.274196 -0.234023
v 0.067001 0.275619 -0.236545
v 0.069087 0.277088 -0.239041
v 0.070195 0.278617 -0.241503
v 0.070208 0.280213 -0.243927
v 0.069127 0.281875 -0.246313
v 0.067067 0.283597 -0.248666
v 0.064244 0.285366 -0.250991
v 0.060948 0.287164 -0.253301
v 0.057508 0.288970 -0.255605
v 0.054251 0.290765 -0.257916
v 0.051458 0.292532 -0.260242
v 0.049331 0.294258 -0.262592
v 0.047962 0.295938 -0.264968
v 0.047312 0.297574 -0.267369
v 0.047188 0.299179 -0.269789
v 0.047037 0.297591 -0.267360
v 0.046361 0.296036 -0.264913
v 0.044965 0.294525 -0.262441
v 0.042812 0.293059 -0.259942
v 0.039992 0.291635 -0.257421
v 0.036708 0.290239 -0.254883
v 0.033242 0.288854 -0.252339
v 0.029920 0.287460 -0.249800
v 0.027070 0.286037 -0.247278
v 0.024984 0.284568 -0.244782
v 0.023876 0.283039 -0.242320
v 0.023863 0.281443 -0.239896
v 0.024944 0.279781 -0.237509
v 0.027004 0.278059 -0.235157
v 0.029827 0.276290 -0.232832
v 0.033123 0.274492 -0.230522
v 0.036562 0.272686 -0.228218
v 0.039820 0.270891 -0.225907
v 0.042613 0.269124 -0.223581
v 0.044740 0.267398 -0.221231
v 0.046109 0.265718 -0.218855
v 0.046759 0.264082 -0.216454
f 6853 6854 6855
f 6853 6855 6854
f 6853 6855 6856
f 6853 6856 6855
f 6853 6856 6857
f 6853 6857 6856
f 6853 6857 6858
f 6853 6858 6857
f 6853 6858 6859
f 6853 6859 6858
f 6853 6859 6860
f 6853 6860 6859
f 6853 6860 6861
f 6853 6861 6860
f 6853 6861 6862
f 6853 6862 6861
f 6853 6862 6863
f 6853 6863 6862
f 6853 6863 6864
f 6853 6864 6863
f 6853 6864 6865
f 6853 6865 6864
f 6853 6865 6866
f 6853 6866 6865
f 6853 6866 6867
f 6853 6867 6866
f 6853 6867 6868
f 6853 6868 6867
f 6853 6868 6869
f 6853 6869 6868
f 6853 6869 6870
f 6853 6870 6869
f 6853 6870 6871
f 6853 6871 6870
f 6853 6871 6872
f 6853 6872 6871
f 6853 6872 6873
f 6853 6873 6872
f 6853 6873 6874
f 6853 6874 6873
f 6853 6874 6875
f 6853 6875 6874
f 6853 6875 6876
f 6853 6876 6875
f 6853 6876 6877
f 6853 6877 6876
f 6853 6877 6878
f 6853 6878 6877
f 6853 6878 6879
f 6853 6879 6878
f 6853 6879 6880
f 6853 6880 6879
f 6853 6880 6881
f 6853 6881 6880
f 6853 6881 6882
f 6853 6882 6881
f 6853 6882 6883
f 6853 6883 6882
f 6853 6883 6884
f 6853 6884 6883
f 6853 6884 6885
f 6853 6885 6884
f 6853 6885 6886
f 6853 6886 6885
f 6853 6886 6887
f 6853 6887 6886
f 6853 6887 6888
f 6853 6888 6887
f 6853 6888 6889
f 6853 6889 6888
f 6853 6889 6890
f 6853 6890 6889
f 6853 6890 6891
f 6853 6891 6890
f 6853 6891 6892
f 6853 6892 6891
f 6853 6892 6893
f 6853 6893 6892
f 6853 6893 6894
f 6853 6894 6893
f 6853 6894 6895
f 6853 6895 6894
f 6853 6895 6896
f 6853 6896 6895
f 6853 6896 6897
f 6853 6897 6896
f 6853 6897 6898
f 6853 6898 6897
v 0.046883 0.262477 -0.214034
v 0.047673 0.262972 -0.212018
v 0.048169 0.263467 -0.209877
v 0.048193 0.263963 -0.207534
v 0.047669 0.264460 -0.204957
v 0.046621 0.264957 -0.202156
v 0.045171 0.265455 -0.199183
v 0.043520 0.265953 -0.196125
v 0.041919 0.266452 -0.193088
v 0.040634 0.266949 -0.190185
v 0.039906 0.267446 -0.187521
v 0.039917 0.267942 -0.185173
v 0.040768 0.268437 -0.183183
v 0.042458 0.268930 -0.181552
v 0.044888 0.269422 -0.180237
v 0.047875 0.269914 -0.179160
v 0.051177 0.270404 -0.178217
v 0.054530 0.270895 -0.177297
v 0.057682 0.271386 -0.176290
v 0.060431 0.271878 -0.175112
v 0.062657 0.272371 -0.173709
v 0.064335 0.272864 -0.172073
v 0.065541 0.273358 -0.170235
v 0.066453 0.273853 -0.168271
v 0.065663 0.273358 -0.170287
v 0.065167 0.272863 -0.172428
v 0.065143 0.272367 -0.174771
v 0.065667 0.271870 -0.177348
v 0.066715 0.271373 -0.180150
v 0.068165 0.270875 -0.183122
v 0.069816 0.270377 -0.186181
v 0.071417 0.269879 -0.189218
v 0.072702 0.269381 -0.192120
v 0.073430 0.268884 -0.194785
v 0.073418 0.268388 -0.197133
v 0.072567 0.267893 -0.199123
v 0.070878 0.267400 -0.200754
v 0.068448 0.266908 -0.202069
v 0.065461 0.266416 -0.203146
v 0.062158 0.265926 -0.204088
v 0.058806 0.265435 -0.205009
v 0.055654 0.264944 -0.206016
v 0.052904 0.264452 -0.207194
v 0.050678 0.263959 -0.208596
v 0.049001 0.263466 -0.210233
v 0.047795 0.262972 -0.212071
f 6899 6900 6901
f 6899 6901 6900
f 6899 6901 6902
f 6899 6902 6901
f 6899 6902 6903
f 6899 6903 6902
f 6899 6903 6904
f 6899 6904 6903
f 6899 6904 6905
f 6899 6905 6904
f 6899 6905 6906
f 6899 6906 6905
f 6899 6906 6907
f 6899 6907 6906
f 6899 6907 6908
f 6899 6908 6907
f 6899 6908 6909
f 6899 6909 6908
f 6899 6909 6910
f 6899 6910 6909
f 6899 6910 6911
f 6899 6911 6910
f 6899 6911 6912
f 6899 6912 6911
f 6899 6912 6913
f 6899 6913 6912
f 6899 6913 6914
f 6899 6914 6913
f 6899 6914 6915
f 6899 6915 6914
f 6899 6915 6916
f 6899 6916 6915
f 6899 6916 6917
f 6899 6917 6916
f 6899 6917 6918
f 6899 6918 6917
f 6899 6918 6919
f 6899 6919 6918
f 6899 6919 6920
f 6899 6920 6919
f 6899 6920 6921
f 6899 6921 6920
f 6899 6921 6922
f 6899 6922 6921
f 6899 6922 6923
f 6899 6923 6922
f 6899 6923 6924
f 6899 6924 6923
f 6899 6924 6925
f 6899 6925 6924
f 6899 6925 6926
f 6899 6926 6925
f 6899 6926 6927
f 6899 6927 6926
f 6899 6927 6928
f 6899 6928 6927
f 6899 6928 6929
f 6899 6929 6928
f 6899 6929 6930
f 6899 6930 6929
f 6899 6930 6931
f 6899 6931 6930
f 6899 6931 6932
f 6899 6932 6931
f 6899 6932 6933
f 6899 6933 6932
f 6899 6933 6934
f 6899 6934 6933
f 6899 6934 6935
f 6899 6935 6934
f 6899 6935 6936
f 6899 6936 6935
f 6899 6936 6937
f 6899 6937 6936
f 6899 6937 6938
f 6899 6938 6937
f 6899 6938 6939
f 6899 6939 6938
f 6899 6939 6940
f 6899 6940 6939
f 6899 6940 6941
f 6899 6941 6940
f 6899 6941 6942
f 6899 6942 6941
f 6899 6942 6943
f 6899 6943 6942
f 6899 6943 6944
f 6899 6944 6943
v 0.044709 0.287808 -0.208338
v 0.045728 0.290239 -0.207583
v 0.048098 0.291601 -0.208027
v 0.050544 0.291601 -0.209205
v 0.052369 0.290239 -0.210782
v 0.052415 0.287808 -0.212049
v 0.051396 0.285377 -0.212804
v 0.049025 0.284015 -0.212360
v 0.046579 0.284015 -0.211182
v 0.044754 0.285377 -0.209606
v 0.036011 0.298373 -0.229554
v 0.036704 0.300026 -0.229041
v 0.038316 0.300952 -0.229343
v 0.039979 0.300952 -0.230144
v 0.041221 0.300026 -0.231216
v 0.041251 0.298373 -0.232078
v 0.040558 0.296720 -0.232591
v 0.038946 0.295794 -0.232289
v 0.037283 0.295794 -0.231488
v 0.036042 0.296720 -0.230416
f 6945 6946 6956
f 6945 6956 6955
f 6946 6947 6957
f 6946 6957 6956
f 6947 6948 6958
f 6947 6958 6957
f 6948 6949 6959
f 6948 6959 6958
f 6949 6950 6960
f 6949 6960 6959
f 6950 6951 6961
f 6950 6961 6960
f 6951 6952 6962
f 6951 6962 6961
f 6952 6953 6963
f 6952 6963 6962
f 6953 6954 6964
f 6953 6964 6963
f 6954 6945 6955
f 6954 6955 6964
v 0.038631 0.298373 -0.230816
v 0.036815 0.298068 -0.229558
v 0.035004 0.298302 -0.228026
v 0.033198 0.299047 -0.226234
v 0.031397 0.300218 -0.224227
v 0.029599 0.301691 -0.222066
v 0.027802 0.303312 -0.219831
v 0.026005 0.304914 -0.217604
v 0.024206 0.306330 -0.215472
v 0.022404 0.307407 -0.213513
v 0.020597 0.308017 -0.211790
v 0.018784 0.308067 -0.210351
v 0.016965 0.307512 -0.209220
v 0.015140 0.306350 -0.208397
v 0.013310 0.304629 -0.207857
v 0.011474 0.302440 -0.207554
v 0.009636 0.299912 -0.207424
v 0.007795 0.297199 -0.207387
v 0.005954 0.294467 -0.207361
v 0.004115 0.291883 -0.207259
v 0.002279 0.289600 -0.207004
v 0.000447 0.287744 -0.206533
v -0.001380 0.286398 -0.205802
v -0.003201 0.285592 -0.204798
v -0.001385 0.285897 -0.206057
v 0.000426 0.285663 -0.207589
v 0.002232 0.284918 -0.209380
v 0.004033 0.283746 -0.211388
v 0.005831 0.282274 -0.213548
v 0.007628 0.280653 -0.215784
v 0.009425 0.279051 -0.218010
v 0.011224 0.277634 -0.220142
v 0.013027 0.276558 -0.222102
v 0.014834 0.275948 -0.223824
v 0.016646 0.275897 -0.225263
v 0.018465 0.276453 -0.226394
v 0.020290 0.277615 -0.227218
v 0.022121 0.279336 -0.227758
v 0.023956 0.281524 -0.228060
v 0.025795 0.284052 -0.228191
v 0.027635 0.286766 -0.228227
v 0.029476 0.289498 -0.228254
v 0.031315 0.292082 -0.228356
v 0.033151 0.294364 -0.228611
v 0.034983 0.296221 -0.229082
v 0.036810 0.297566 -0.229812
f 6965 6966 6967
f 6965 6967 6966
f 6965 6967 6968
f 6965 6968 6967
f 6965 6968 6969
f 6965 6969 6968
f 6965 6969 6970
f 6965 6970 6969
f 6965 6970 6971
f 6965 6971 6970
f 6965 6971 6972
f 6965 6972 6971
f 6965 6972 6973
f 6965 6973 6972
f 6965 6973 6974
f 6965 6974 6973
f 6965 6974 6975
f 6965 6975 6974
f 6965 6975 6976
f 6965 6976 6975
f 6965 6976 6977
f 6965 6977 6976
f 6965 6977 6978
f 6965 6978 6977
f 6965 6978 6979
f 6965 6979 6978
f 6965 6979 6980
f 6965 6980 6979
f 6965 6980 6981
f 6965 6981 6980
f 6965 6981 6982
f 6965 6982 6981
f 6965 6982 6983
f 6965 6983 6982
f 6965 6983 6984
f 6965 6984 6983
f 6965 6984 6985
f 6965 6985 6984
f 6965 6985 6986
f 6965 6986 6985
f 6965 6986 6987
f 6965 6987 6986
f 6965 6987 6988
f 6965 6988 6987
f 6965 6988 6989
f 6965 6989 6988
f 6965 6989 6990
f 6965 6990 6989
f 6965 6990 6991
f 6965 6991 6990
f 6965 6991 6992
f 6965 6992 6991
f 6965 6992 6993
f 6965 6993 6992
f 6965 6993 6994
f 6965 6994 6993
f 6965 6994 6995
f 6965 6995 6994
f 6965 6995 6996
f 6965 6996 6995
f 6965 6996 6997
f 6965 6997 6996
f 6965 6997 6998
f 6965 6998 6997
f 6965 6998 6999
f 6965 6999 6998
f 6965 6999 7000
f 6965 7000 6999
f 6965 7000 7001
f 6965 7001 7000
f 6965 7001 7002
f 6965 7002 7001
f 6965 7002 7003
f 6965 7003 7002
f 6965 7003 7004
f 6965 7004 7003
f 6965 7004 7005
f 6965 7005 7004
f 6965 7005 7006
f 6965 7006 7005
f 6965 7006 7007
f 6965 7007 7006
f 6965 7007 7008
f 6965 7008 7007
f 6965 7008 7009
f 6965 7009 7008
f 6965 7009 7010
f 6965 7010 7009
v 0.038631 0.298373 -0.230816
v 0.040481 0.297127 -0.230940
v 0.042099 0.295495 -0.231150
v 0.043430 0.293382 -0.231467
v 0.044474 0.290792 -0.231892
v 0.045281 0.287805 -0.232405
v 0.045933 0.284559 -0.232976
v 0.046537 0.281234 -0.233565
v 0.047212 0.278028 -0.234127
v 0.048076 0.275136 -0.234619
v 0.049229 0.272727 -0.235003
v 0.050745 0.270925 -0.235251
v 0.052665 0.269796 -0.235348
v 0.054989 0.269341 -0.235295
v 0.057676 0.269493 -0.235105
v 0.060653 0.270128 -0.234808
v 0.063818 0.271077 -0.234440
v 0.067054 0.272144 -0.234046
v 0.070242 0.273133 -0.233670
v 0.073276 0.273862 -0.233351
v 0.076071 0.274195 -0.233122
v 0.078581 0.274050 -0.232999
v 0.080803 0.273425 -0.232983
v 0.082793 0.272414 -0.233054
v 0.080944 0.273660 -0.232931
v 0.079325 0.275292 -0.232721
v 0.077995 0.277406 -0.232403
v 0.076950 0.279995 -0.231979
v 0.076144 0.282982 -0.231466
v 0.075492 0.286228 -0.230894
v 0.074888 0.289553 -0.230306
v 0.074212 0.292759 -0.229743
v 0.073349 0.295651 -0.229251
v 0.072196 0.298060 -0.228867
v 0.070679 0.299862 -0.228620
v 0.068759 0.300991 -0.228522
v 0.066436 0.301446 -0.228576
v 0.063748 0.301294 -0.228765
v 0.060772 0.300659 -0.229062
v 0.057607 0.299710 -0.229430
v 0.054371 0.298643 -0.229824
v 0.051182 0.297654 -0.230200
v 0.048149 0.296925 -0.230519
v 0.045353 0.296592 -0.230749
v 0.042844 0.296737 -0.230872
v 0.040622 0.297362 -0.230887
f 7011 7012 7013
f 7011 7013 7012
f 7011 7013 7014
f 7011 7014 7013
f 7011 7014 7015
f 7011 7015 7014
f 7011 7015 7016
f 7011 7016 7015
f 7011 7016 7017
f 7011 7017 7016
f 7011 7017 7018
f 7011 7018 7017
f 7011 7018 7019
f 7011 7019 7018
f 7011 7019 7020
f 7011 7020 7019
f 7011 7020 7021
f 7011 7021 7020
f 7011 7021 7022
f 7011 7022 7021
f 7011 7022 7023
f 7011 7023 7022
f 7011 7023 7024
f 7011 7024 7023
f 7011 7024 7025
f 7011 7025 7024
f 7011 7025 7026
f 7011 7026 7025
f 7011 7026 7027
f 7011 7027 7026
f 7011 7027 7028
f 7011 7028 7027
f 7011 7028 7029
f 7011 7029 7028
f 7011 7029 7030
f 7011 7030 7029
f 7011 7030 7031
f 7011 7031 7030
f 7011 7031 7032
f 7011 7032 7031
f 7011 7032 7033
f 7011 7033 7032
f 7011 7033 7034
f 7011 7034 7033
f 7011 7034 7035
f 7011 7035 7034
f 7011 7035 7036
f 7011 7036 7035
f 7011 7036 7037
f 7011 7037 7036
f 7011 7037 7038
f 7011 7038 7037
f 7011 7038 7039
f 7011 7039 7038
f 7011 7039 7040
f 7011 7040 7039
f 7011 7040 7041
f 7011 7041 7040
f 7011 7041 7042
f 7011 7042 7041
f 7011 7042 7043
f 7011 7043 7042
f 7011 7043 7044
f 7011 7044 7043
f 7011 7044 7045
f 7011 7045 7044
f 7011 7045 7046
f 7011 7046 7045
f 7011 7046 7047
f 7011 7047 7046
f 7011 7047 7048
f 7011 7048 7047
f 7011 7048 7049
f 7011 7049 7048
f 7011 7049 7050
f 7011 7050 7049
f 7011 7050 7051
f 7011 7051 7050
f 7011 7051 7052
f 7011 7052 7051
f 7011 7052 7053
f 7011 7053 7052
f 7011 7053 7054
f 7011 7054 7053
f 7011 7054 7055
f 7011 7055 7054
f 7011 7055 7056
f 7011 7056 7055
v 0.045627 0.287808 -0.213304
v 0.046043 0.290486 -0.212885
v 0.047647 0.291985 -0.211197
v 0.049510 0.291985 -0.209222
v 0.051102 0.290486 -0.207523
v 0.051496 0.287808 -0.207083
v 0.051080 0.285130 -0.207502
v 0.049476 0.283630 -0.209190
v 0.047613 0.283630 -0.211165
v 0.046022 0.285130 -0.212864
v 0.067260 0.287648 -0.231831
v 0.067543 0.289469 -0.231546
v 0.068633 0.290488 -0.230398
v 0.069900 0.290488 -0.229055
v 0.070983 0.289469 -0.227900
v 0.071251 0.287648 -0.227601
v 0.070968 0.285827 -0.227886
v 0.069877 0.284807 -0.229033
v 0.068610 0.284807 -0.230376
v 0.067528 0.285827 -0.231532
f 7057 7058 7068
f 7057 7068 7067
f 7058 7059 7069
f 7058 7069 7068
f 7059 7060 7070
f 7059 7070 7069
f 7060 7061 7071
f 7060 7071 7070
f 7061 7062 7072
f 7061 7072 7071
f 7062 7063 7073
f 7062 7073 7072
f 7063 7064 7074
f 7063 7074 7073
f 7064 7065 7075
f 7064 7075 7074
f 7065 7066 7076
f 7065 7076 7075
f 7066 7057 7067
f 7066 7067 7076
v 0.069255 0.287648 -0.229716
v 0.067630 0.287570 -0.230396
v 0.065996 0.287678 -0.231086
v 0.064348 0.288145 -0.231796
v 0.062678 0.289083 -0.232531
v 0.060987 0.290515 -0.233293
v 0.059279 0.292367 -0.234077
v 0.057559 0.294469 -0.234875
v 0.055838 0.296590 -0.235674
v 0.054129 0.298463 -0.236460
v 0.052440 0.299842 -0.237219
v 0.050782 0.300530 -0.237940
v 0.049158 0.300423 -0.238619
v 0.047568 0.299521 -0.239254
v 0.046008 0.297929 -0.239853
v 0.044470 0.295841 -0.240424
v 0.042942 0.293507 -0.240982
v 0.041414 0.291190 -0.241541
v 0.039874 0.289125 -0.242114
v 0.038317 0.287478 -0.242709
v 0.036738 0.286326 -0.243331
v 0.035139 0.285646 -0.243979
v 0.033524 0.285324 -0.244646
v 0.031901 0.285187 -0.245323
v 0.033527 0.285265 -0.244643
v 0.035160 0.285157 -0.243952
v 0.036809 0.284690 -0.243243
v 0.038478 0.283752 -0.242508
v 0.040169 0.282320 -0.241746
v 0.041878 0.280468 -0.240961
v 0.043597 0.278366 -0.240163
v 0.045318 0.276245 -0.239364
v 0.047028 0.274372 -0.238579
v 0.048716 0.272993 -0.237820
v 0.050375 0.272305 -0.237098
v 0.051999 0.272412 -0.236420
v 0.053588 0.273314 -0.235784
v 0.055148 0.274906 -0.235186
v 0.056686 0.276994 -0.234614
v 0.058214 0.279328 -0.234056
v 0.059743 0.281645 -0.233497
v 0.061282 0.283710 -0.232925
v 0.062839 0.285357 -0.232329
v 0.064418 0.286508 -0.231707
v 0.066018 0.287189 -0.231060
v 0.067632 0.287511 -0.230393
f 7077 7078 7079
f 7077 7079 7078
f 7077 7079 7080
f 7077 7080 7079
f 7077 7080 7081
f 7077 7081 7080
f 7077 7081 7082
f 7077 7082 7081
f 7077 7082 7083
f 7077 7083 7082
f 7077 7083 7084
f 7077 7084 7083
f 7077 7084 7085
f 7077 7085 7084
f 7077 7085 7086
f 7077 7086 7085
f 7077 7086 7087
f 7077 7087 7086
f 7077 7087 7088
f 7077 7088 7087
f 7077 7088 7089
f 7077 7089 7088
f 7077 7089 7090
f 7077 7090 7089
f 7077 7090 7091
f 7077 7091 7090
f 7077 7091 7092
f 7077 7092 7091
f 7077 7092 7093
f 7077 7093 7092
f 7077 7093 7094
f 7077 7094 7093
f 7077 7094 7095
f 7077 7095 7094
f 7077 7095 7096
f 7077 7096 7095
f 7077 7096 7097
f 7077 7097 7096
f 7077 7097 7098
f 7077 7098 7097
f 7077 7098 7099
f 7077 7099 7098
f 7077 7099 7100
f 7077 7100 7099
f 7077 7100 7101
f 7077 7101 7100
f 7077 7101 7102
f 7077 7102 7101
f 7077 7102 7103
f 7077 7103 7102
f 7077 7103 7104
f 7077 7104 7103
f 7077 7104 7105
f 7077 7105 7104
f 7077 7105 7106
f 7077 7106 7105
f 7077 7106 7107
f 7077 7107 7106
f 7077 7107 7108
f 7077 7108 7107
f 7077 7108 7109
f 7077 7109 7108
f 7077 7109 7110
f 7077 7110 7109
f 7077 7110 7111
f 7077 7111 7110
f 7077 7111 7112
f 7077 7112 7111
f 7077 7112 7113
f 7077 7113 7112
f 7077 7113 7114
f 7077 7114 7113
f 7077 7114 7115
f 7077 7115 7114
f 7077 7115 7116
f 7077 7116 7115
f 7077 7116 7117
f 7077 7117 7116
f 7077 7117 7118
f 7077 7118 7117
f 7077 7118 7119
f 7077 7119 7118
f 7077 7119 7120
f 7077 7120 7119
f 7077 7120 7121
f 7077 7121 7120
f 7077 7121 7122
f 7077 7122 7121
v 0.069255 0.287648 -0.229716
v 0.070566 0.287520 -0.227141
v 0.071870 0.286974 -0.224569
v 0.073164 0.285761 -0.222002
v 0.074446 0.283770 -0.219442
v 0.075717 0.281039 -0.216888
v 0.076978 0.277739 -0.214339
v 0.078236 0.274156 -0.211791
v 0.079494 0.270645 -0.209244
v 0.080760 0.267581 -0.206692
v 0.082038 0.265305 -0.204135
v 0.083331 0.264077 -0.201568
v 0.084643 0.264036 -0.198992
v 0.085974 0.265182 -0.196407
v 0.087320 0.267375 -0.193813
v 0.088679 0.270357 -0.191212
v 0.090044 0.273786 -0.188608
v 0.091411 0.277287 -0.186003
v 0.092773 0.280504 -0.183401
v 0.094126 0.283153 -0.180803
v 0.095468 0.285061 -0.178211
v 0.096798 0.286193 -0.175626
v 0.098118 0.286656 -0.173046
v 0.099431 0.286702 -0.170469
v 0.098121 0.286830 -0.173044
v 0.096817 0.287375 -0.175616
v 0.095523 0.288589 -0.178183
v 0.094241 0.290579 -0.180743
v 0.092970 0.293311 -0.183297
v 0.091708 0.296610 -0.185846
v 0.090451 0.300193 -0.188394
v 0.089192 0.303704 -0.190941
v 0.087927 0.306768 -0.193493
v 0.086649 0.309044 -0.196050
v 0.085355 0.310272 -0.198617
v 0.084043 0.310313 -0.201193
v 0.082713 0.309168 -0.203778
v 0.081367 0.306974 -0.206372
v 0.080008 0.303992 -0.208973
v 0.078643 0.300563 -0.211577
v 0.077276 0.297063 -0.214182
v 0.075914 0.293845 -0.216784
v 0.074560 0.291196 -0.219382
v 0.073218 0.289288 -0.221974
v 0.071888 0.288157 -0.224559
v 0.070569 0.287694 -0.227139
f 7123 7124 7125
f 7123 7125 7124
f 7123 7125 7126
f 7123 7126 7125
f 7123 7126 7127
f 7123 7127 7126
f 7123 7127 7128
f 7123 7128 7127
f 7123 7128 7129
f 7123 7129 7128
f 7123 7129 7130
f 7123 7130 7129
f 7123 7130 7131
f 7123 7131 7130
f 7123 7131 7132
f 7123 7132 7131
f 7123 7132 7133
f 7123 7133 7132
f 7123 7133 7134
f 7123 7134 7133
f 7123 7134 7135
f 7123 7135 7134
f 7123 7135 7136
f 7123 7136 7135
f 7123 7136 7137
f 7123 7137 7136
f 7123 7137 7138
f 7123 7138 7137
f 7123 7138 7139
f 7123 7139 7138
f 7123 7139 7140
f 7123 7140 7139
f 7123 7140 7141
f 7123 7141 7140
f 7123 7141 7142
f 7123 7142 7141
f 7123 7142 7143
f 7123 7143 7142
f 7123 7143 7144
f 7123 7144 7143
f 7123 7144 7145
f 7123 7145 7144
f 7123 7145 7146
f 7123 7146 7145
f 7123 7146 7147
f 7123 7147 7146
f 7123 7147 7148
f 7123 7148 7147
f 7123 7148 7149
f 7123 7149 7148
f 7123 7149 7150
f 7123 7150 7149
f 7123 7150 7151
f 7123 7151 7150
f 7123 7151 7152
f 7123 7152 7151
f 7123 7152 7153
f 7123 7153 7152
f 7123 7153 7154
f 7123 7154 7153
f 7123 7154 7155
f 7123 7155 7154
f 7123 7155 7156
f 7123 7156 7155
f 7123 7156 7157
f 7123 7157 7156
f 7123 7157 7158
f 7123 7158 7157
f 7123 7158 7159
f 7123 7159 7158
f 7123 7159 7160
f 7123 7160 7159
f 7123 7160 7161
f 7123 7161 7160
f 7123 7161 7162
f 7123 7162 7161
f 7123 7162 7163
f 7123 7163 7162
f 7123 7163 7164
f 7123 7164 7163
f 7123 7164 7165
f 7123 7165 7164
f 7123 7165 7166
f 7123 7166 7165
f 7123 7166 7167
f 7123 7167 7166
f 7123 7167 7168
f 7123 7168 7167
v 0.031629 0.314368 -0.169450
v 0.033248 0.317852 -0.168221
v 0.036760 0.319803 -0.168890
v 0.040301 0.319803 -0.170733
v 0.042864 0.317852 -0.173226
v 0.042786 0.314368 -0.175256
v 0.041168 0.310885 -0.176484
v 0.037656 0.308934 -0.175816
v 0.034114 0.308934 -0.173973
v 0.031552 0.310885 -0.171480
v 0.012550 0.338196 -0.210470
v 0.013650 0.340565 -0.209635
v 0.016038 0.341891 -0.210089
v 0.018446 0.341891 -0.211342
v 0.020189 0.340565 -0.213038
v 0.020136 0.338196 -0.214418
v 0.019036 0.335827 -0.215253
v 0.016648 0.334501 -0.214799
v 0.014240 0.334501 -0.213546
v 0.012497 0.335827 -0.211850
f 7169 7170 7180
f 7169 7180 7179
f 7170 7171 7181
f 7170 7181 7180
f 7171 7172 7182
f 7171 7182 7181
f 7172 7173 7183
f 7172 7183 7182
f 7173 7174 7184
f 7173 7184 7183
f 7174 7175 7185
f 7174 7185 7184
f 7175 7176 7186
f 7175 7186 7185
f 7176 7177 7187
f 7176 7187 7186
f 7177 7178 7188
f 7177 7188 7187
f 7178 7169 7179
f 7178 7179 7188
v 0.016343 0.338196 -0.212444
v 0.014676 0.338533 -0.210764
v 0.013089 0.339025 -0.209033
v 0.011685 0.339874 -0.207186
v 0.010553 0.341249 -0.205167
v 0.009734 0.343231 -0.202950
v 0.009204 0.345773 -0.200551
v 0.008870 0.348697 -0.198027
v 0.008586 0.351717 -0.195472
v 0.008174 0.354489 -0.192998
v 0.007460 0.356674 -0.190715
v 0.006303 0.358001 -0.188712
v 0.004626 0.358319 -0.187037
v 0.002429 0.357629 -0.185692
v -0.000210 0.356081 -0.184626
v -0.003151 0.353946 -0.183752
v -0.006221 0.351563 -0.182958
v -0.009240 0.349276 -0.182133
v -0.012063 0.347371 -0.181184
v -0.014598 0.346026 -0.180052
v -0.016819 0.345288 -0.178722
v -0.018769 0.345077 -0.177221
v -0.020535 0.345222 -0.175603
v -0.022222 0.345521 -0.173935
v -0.020555 0.345184 -0.175615
v -0.018967 0.344692 -0.177346
v -0.017564 0.343844 -0.179193
v -0.016432 0.342468 -0.181212
v -0.015613 0.340486 -0.183429
v -0.015082 0.337944 -0.185828
v -0.014749 0.335021 -0.188352
v -0.014464 0.332001 -0.190907
v -0.014053 0.329228 -0.193381
v -0.013338 0.327043 -0.195664
v -0.012181 0.325717 -0.197667
v -0.010505 0.325398 -0.199341
v -0.008308 0.326088 -0.200687
v -0.005669 0.327636 -0.201753
v -0.002727 0.329771 -0.202627
v 0.000342 0.332154 -0.203421
v 0.003362 0.334441 -0.204245
v 0.006185 0.336346 -0.205195
v 0.008719 0.337691 -0.206327
v 0.010941 0.338429 -0.207656
v 0.012890 0.338641 -0.209158
v 0.014657 0.338496 -0.210776
f 7189 7190 7191
f 7189 7191 7190
f 7189 7191 7192
f 7189 7192 7191
f 7189 7192 7193
f 7189 7193 7192
f 7189 7193 7194
f 7189 7194 7193
f 7189 7194 7195
f 7189 7195 7194
f 7189 7195 7196
f 7189 7196 7195
f 7189 7196 7197
f 7189 7197 7196
f 7189 7197 7198
f 7189 7198 7197
f 7189 7198 7199
f 7189 7199 7198
f 7189 7199 7200
f 7189 7200 7199
f 7189 7200 7201
f 7189 7201 7200
f 7189 7201 7202
f 7189 7202 7201
f 7189 7202 7203
f 7189 7203 7202
f 7189 7203 7204
f 7189 7204 7203
f 7189 7204 7205
f 7189 7205 7204
f 7189 7205 7206
f 7189 7206 7205
f 7189 7206 7207
f 7189 7207 7206
f 7189 7207 7208
f 7189 7208 7207
f 7189 7208 7209
f 7189 7209 7208
f 7189 7209 7210
f 7189 7210 7209
f 7189 7210 7211
f 7189 7211 7210
f 7189 7211 7212
f 7189 7212 7211
f 7189 7212 7213
f 7189 7213 7212
f 7189 7213 7214
f 7189 7214 7213
f 7189 7214 7215
f 7189 7215 7214
f 7189 7215 7216
f 7189 7216 7215
f 7189 7216 7217
f 7189 7217 7216
f 7189 7217 7218
f 7189 7218 7217
f 7189 7218 7219
f 7189 7219 7218
f 7189 7219 7220
f 7189 7220 7219
f 7189 7220 7221
f 7189 7221 7220
f 7189 7221 7222
f 7189 7222 7221
f 7189 7222 7223
f 7189 7223 7222
f 7189 7223 7224
f 7189 7224 7223
f 7189 7224 7225
f 7189 7225 7224
f 7189 7225 7226
f 7189 7226 7225
f 7189 7226 7227
f 7189 7227 7226
f 7189 7227 7228
f 7189 7228 7227
f 7189 7228 7229
f 7189 7229 7228
f 7189 7229 7230
f 7189 7230 7229
f 7189 7230 7231
f 7189 7231 7230
f 7189 7231 7232
f 7189 7232 7231
f 7189 7232 7233
f 7189 7233 7232
f 7189 7233 7234
f 7189 7234 7233
v 0.016343 0.338196 -0.212444
v 0.019197 0.338467 -0.212595
v 0.022099 0.338315 -0.213022
v 0.025069 0.337573 -0.213836
v 0.028111 0.336204 -0.215060
v 0.031217 0.334277 -0.216648
v 0.034369 0.331957 -0.218494
v 0.037539 0.329478 -0.220444
v 0.040696 0.327111 -0.222320
v 0.043808 0.325133 -0.223942
v 0.046847 0.323786 -0.225151
v 0.049793 0.323254 -0.225827
v 0.052635 0.323633 -0.225908
v 0.055371 0.324923 -0.225391
v 0.058014 0.327028 -0.224343
v 0.060584 0.329765 -0.222881
v 0.063109 0.332889 -0.221165
v 0.065622 0.336127 -0.219375
v 0.068153 0.339205 -0.217689
v 0.070729 0.341890 -0.216261
v 0.073369 0.344018 -0.215197
v 0.076081 0.345517 -0.214544
v 0.078861 0.346428 -0.214277
v 0.081690 0.346915 -0.214286
v 0.078836 0.346644 -0.214135
v 0.075934 0.346796 -0.213708
v 0.072964 0.347538 -0.212894
v 0.069922 0.348907 -0.211670
v 0.066815 0.350834 -0.210082
v 0.063664 0.353154 -0.208236
v 0.060494 0.355633 -0.206286
v 0.057337 0.358000 -0.204410
v 0.054225 0.359978 -0.202788
v 0.051185 0.361325 -0.201579
v 0.048239 0.361857 -0.200903
v 0.045398 0.361478 -0.200822
v 0.042662 0.360187 -0.201338
v 0.040019 0.358083 -0.202387
v 0.037449 0.355346 -0.203849
v 0.034924 0.352221 -0.205565
v 0.032411 0.348984 -0.207355
v 0.029880 0.345906 -0.209041
v 0.027304 0.343221 -0.210469
v 0.024664 0.341093 -0.211533
v 0.021952 0.339593 -0.212186
v 0.019172 0.338683 -0.212453
f 7235 7236 7237
f 7235 7237 7236
f 7235 7237 7238
f 7235 7238 7237
f 7235 7238 7239
f 7235 7239 7238
f 7235 7239 7240
f 7235 7240 7239
f 7235 7240 7241
f 7235 7241 7240
f 7235 7241 7242
f 7235 7242 7241
f 7235 7242 7243
f 7235 7243 7242
f 7235 7243 7244
f 7235 7244 7243
f 7235 7244 7245
f 7235 7245 7244
f 7235 7245 7246
f 7235 7246 7245
f 7235 7246 7247
f 7235 7247 7246
f 7235 7247 7248
f 7235 7248 7247
f 7235 7248 7249
f 7235 7249 7248
f 7235 7249 7250
f 7235 7250 7249
f 7235 7250 7251
f 7235 7251 7250
f 7235 7251 7252
f 7235 7252 7251
f 7235 7252 7253
f 7235 7253 7252
f 7235 7253 7254
f 7235 7254 7253
f 7235 7254 7255
f 7235 7255 7254
f 7235 7255 7256
f 7235 7256 7255
f 7235 7256 7257
f 7235 7257 7256
f 7235 7257 7258
f 7235 7258 7257
f 7235 7258 7259
f 7235 7259 7258
f 7235 7259 7260
f 7235 7260 7259
f 7235 7260 7261
f 7235 7261 7260
f 7235 7261 7262
f 7235 7262 7261
f 7235 7262 7263
f 7235 7263 7262
f 7235 7263 7264
f 7235 7264 7263
f 7235 7264 7265
f 7235 7265 7264
f 7235 7265 7266
f 7235 7266 7265
f 7235 7266 7267
f 7235 7267 7266
f 7235 7267 7268
f 7235 7268 7267
f 7235 7268 7269
f 7235 7269 7268
f 7235 7269 7270
f 7235 7270 7269
f 7235 7270 7271
f 7235 7271 7270
f 7235 7271 7272
f 7235 7272 7271
f 7235 7272 7273
f 7235 7273 7272
f 7235 7273 7274
f 7235 7274 7273
f 7235 7274 7275
f 7235 7275 7274
f 7235 7275 7276
f 7235 7276 7275
f 7235 7276 7277
f 7235 7277 7276
f 7235 7277 7278
f 7235 7278 7277
f 7235 7278 7279
f 7235 7279 7278
f 7235 7279 7280
f 7235 7280 7279
v 0.012974 0.338196 -0.209810
v 0.013220 0.340850 -0.210455
v 0.014931 0.342336 -0.212046
v 0.017070 0.342336 -0.213718
v 0.019027 0.340850 -0.214995
v 0.019712 0.338196 -0.215078
v 0.019466 0.335542 -0.214433
v 0.017755 0.334056 -0.212842
v 0.015616 0.334056 -0.211170
v 0.013659 0.335542 -0.209893
v -0.001865 0.334725 -0.231015
v -0.001698 0.336530 -0.231453
v -0.000534 0.337540 -0.232535
v 0.000920 0.337540 -0.233672
v 0.002251 0.336530 -0.234540
v 0.002717 0.334725 -0.234596
v 0.002550 0.332920 -0.234158
v 0.001386 0.331909 -0.233076
v -0.000068 0.331909 -0.231939
v -0.001399 0.332920 -0.231071
f 7281 7282 7292
f 7281 7292 7291
f 7282 7283 7293
f 7282 7293 7292
f 7283 7284 7294
f 7283 7294 7293
f 7284 7285 7295
f 7284 7295 7294
f 7285 7286 7296
f 7285 7296 7295
f 7286 7287 7297
f 7286 7297 7296
f 7287 7288 7298
f 7287 7298 7297
f 7288 7289 7299
f 7288 7299 7298
f 7289 7290 7300
f 7289 7300 7299
f 7290 7281 7291
f 7290 7291 7300
v 0.000426 0.334725 -0.232805
v -0.000894 0.335153 -0.230611
v -0.002256 0.336216 -0.228492
v -0.003663 0.337949 -0.226452
v -0.005110 0.340278 -0.224483
v -0.006586 0.343058 -0.222568
v -0.008079 0.346090 -0.220682
v -0.009574 0.349145 -0.218799
v -0.011054 0.351986 -0.216891
v -0.012506 0.354389 -0.214931
v -0.013915 0.356165 -0.212896
v -0.015274 0.357177 -0.210771
v -0.016578 0.357354 -0.208547
v -0.017826 0.356696 -0.206224
v -0.019023 0.355274 -0.203810
v -0.020178 0.353225 -0.201322
v -0.021305 0.350738 -0.198782
v -0.022417 0.348037 -0.196217
v -0.023530 0.345359 -0.193655
v -0.024661 0.342933 -0.191122
v -0.025821 0.340958 -0.188643
v -0.027021 0.339579 -0.186234
v -0.028266 0.338869 -0.183905
v -0.029553 0.338796 -0.181651
v -0.028233 0.338368 -0.183846
v -0.026870 0.337304 -0.185965
v -0.025463 0.335572 -0.188005
v -0.024017 0.333242 -0.189974
v -0.022541 0.330463 -0.191889
v -0.021047 0.327431 -0.193775
v -0.019553 0.324375 -0.195658
v -0.018072 0.321534 -0.197566
v -0.016621 0.319131 -0.199526
v -0.015211 0.317356 -0.201561
v -0.013852 0.316344 -0.203686
v -0.012549 0.316167 -0.205910
v -0.011301 0.316825 -0.208233
v -0.010104 0.318247 -0.210647
v -0.008948 0.320295 -0.213135
v -0.007822 0.322782 -0.215674
v -0.006710 0.325484 -0.218240
v -0.005596 0.328162 -0.220802
v -0.004466 0.330588 -0.223335
v -0.003305 0.332563 -0.225814
v -0.002105 0.333941 -0.228222
v -0.000861 0.334651 -0.230552
f 7301 7302 7303
f 7301 7303 7302
f 7301 7303 7304
f 7301 7304 7303
f 7301 7304 7305
f 7301 7305 7304
f 7301 7305 7306
f 7301 7306 7305
f 7301 7306 7307
f 7301 7307 7306
f 7301 7307 7308
f 7301 7308 7307
f 7301 7308 7309
f 7301 7309 7308
f 7301 7309 7310
f 7301 7310 7309
f 7301 7310 7311
f 7301 7311 7310
f 7301 7311 7312
f 7301 7312 7311
f 7301 7312 7313
f 7301 7313 7312
f 7301 7313 7314
f 7301 7314 7313
f 7301 7314 7315
f 7301 7315 7314
f 7301 7315 7316
f 7301 7316 7315
f 7301 7316 7317
f 7301 7317 7316
f 7301 7317 7318
f 7301 7318 7317
f 7301 7318 7319
f 7301 7319 7318
f 7301 7319 7320
f 7301 7320 7319
f 7301 7320 7321
f 7301 7321 7320
f 7301 7321 7322
f 7301 7322 7321
f 7301 7322 7323
f 7301 7323 7322
f 7301 7323 7324
f 7301 7324 7323
f 7301 7324 7325
f 7301 7325 7324
f 7301 7325 7326
f 7301 7326 7325
f 7301 7326 7327
f 7301 7327 7326
f 7301 7327 7328
f 7301 7328 7327
f 7301 7328 7329
f 7301 7329 7328
f 7301 7329 7330
f 7301 7330 7329
f 7301 7330 7331
f 7301 7331 7330
f 7301 7331 7332
f 7301 7332 7331
f 7301 7332 7333
f 7301 7333 7332
f 7301 7333 7334
f 7301 7334 7333
f 7301 7334 7335
f 7301 7335 7334
f 7301 7335 7336
f 7301 7336 7335
f 7301 7336 7337
f 7301 7337 7336
f 7301 7337 7338
f 7301 7338 7337
f 7301 7338 7339
f 7301 7339 7338
f 7301 7339 7340
f 7301 7340 7339
f 7301 7340 7341
f 7301 7341 7340
f 7301 7341 7342
f 7301 7342 7341
f 7301 7342 7343
f 7301 7343 7342
f 7301 7343 7344
f 7301 7344 7343
f 7301 7344 7345
f 7301 7345 7344
f 7301 7345 7346
f 7301 7346 7345
v 0.000426 0.334725 -0.232805
v 0.003119 0.334127 -0.232925
v 0.005742 0.332869 -0.232877
v 0.008291 0.330919 -0.232653
v 0.010774 0.328352 -0.232273
v 0.013208 0.325322 -0.231775
v 0.015615 0.322032 -0.231211
v 0.018019 0.318719 -0.230642
v 0.020447 0.315628 -0.230129
v 0.022923 0.312992 -0.229731
v 0.025468 0.311003 -0.229498
v 0.028097 0.309804 -0.229464
v 0.030817 0.309467 -0.229650
v 0.033630 0.309993 -0.230054
v 0.036527 0.311309 -0.230659
v 0.039492 0.313272 -0.231428
v 0.042506 0.315689 -0.232312
v 0.045544 0.318329 -0.233252
v 0.048579 0.320946 -0.234187
v 0.051586 0.323303 -0.235056
v 0.054544 0.325196 -0.235807
v 0.057437 0.326473 -0.236402
v 0.060256 0.327058 -0.236821
v 0.063004 0.326982 -0.237073
v 0.060311 0.327580 -0.236954
v 0.057689 0.328838 -0.237002
v 0.055140 0.330789 -0.237226
v 0.052656 0.333355 -0.237606
v 0.050222 0.336386 -0.238104
v 0.047815 0.339676 -0.238668
v 0.045411 0.342989 -0.239237
v 0.042984 0.346079 -0.239750
v 0.040508 0.348716 -0.240148
v 0.037963 0.350704 -0.240381
v 0.035334 0.351903 -0.240415
v 0.032613 0.352240 -0.240229
v 0.029800 0.351714 -0.239825
v 0.026904 0.350399 -0.239220
v 0.023938 0.348435 -0.238451
v 0.020924 0.346018 -0.237567
v 0.017887 0.343379 -0.236626
v 0.014852 0.340762 -0.235692
v 0.011844 0.338404 -0.234823
v 0.008886 0.336511 -0.234072
v 0.005993 0.335234 -0.233477
v 0.003175 0.334650 -0.233057
f 7347 7348 7349
f 7347 7349 7348
f 7347 7349 7350
f 7347 7350 7349
f 7347 7350 7351
f 7347 7351 7350
f 7347 7351 7352
f 7347 7352 7351
f 7347 7352 7353
f 7347 7353 7352
f 7347 7353 7354
f 7347 7354 7353
f 7347 7354 7355
f 7347 7355 7354
f 7347 7355 7356
f 7347 7356 7355
f 7347 7356 7357
f 7347 7357 7356
f 7347 7357 7358
f 7347 7358 7357
f 7347 7358 7359
f 7347 7359 7358
f 7347 7359 7360
f 7347 7360 7359
f 7347 7360 7361
f 7347 7361 7360
f 7347 7361 7362
f 7347 7362 7361
f 7347 7362 7363
f 7347 7363 7362
f 7347 7363 7364
f 7347 7364 7363
f 7347 7364 7365
f 7347 7365 7364
f 7347 7365 7366
f 7347 7366 7365
f 7347 7366 7367
f 7347 7367 7366
f 7347 7367 7368
f 7347 7368 7367
f 7347 7368 7369
f 7347 7369 7368
f 7347 7369 7370
f 7347 7370 7369
f 7347 7370 7371
f 7347 7371 7370
f 7347 7371 7372
f 7347 7372 7371
f 7347 7372 7373
f 7347 7373 7372
f 7347 7373 7374
f 7347 7374 7373
f 7347 7374 7375
f 7347 7375 7374
f 7347 7375 7376
f 7347 7376 7375
f 7347 7376 7377
f 7347 7377 7376
f 7347 7377 7378
f 7347 7378 7377
f 7347 7378 7379
f 7347 7379 7378
f 7347 7379 7380
f 7347 7380 7379
f 7347 7380 7381
f 7347 7381 7380
f 7347 7381 7382
f 7347 7382 7381
f 7347 7382 7383
f 7347 7383 7382
f 7347 7383 7384
f 7347 7384 7383
f 7347 7384 7385
f 7347 7385 7384
f 7347 7385 7386
f 7347 7386 7385
f 7347 7386 7387
f 7347 7387 7386
f 7347 7387 7388
f 7347 7388 7387
f 7347 7388 7389
f 7347 7389 7388
f 7347 7389 7390
f 7347 7390 7389
f 7347 7390 7391
f 7347 7391 7390
f 7347 7391 7392
f 7347 7392 7391
v 0.017136 0.338196 -0.208242
v 0.018979 0.339991 -0.209190
v 0.019641 0.340996 -0.211685
v 0.019138 0.340996 -0.214352
v 0.017613 0.339991 -0.216434
v 0.015550 0.338196 -0.216646
v 0.013707 0.336401 -0.215698
v 0.013045 0.335396 -0.213203
v 0.013548 0.335396 -0.210536
v 0.015073 0.336401 -0.208454
v -0.004045 0.361775 -0.205639
v -0.002792 0.362996 -0.206284
v -0.002342 0.363679 -0.207981
v -0.002684 0.363679 -0.209795
v -0.003721 0.362996 -0.211210
v -0.005123 0.361775 -0.211354
v -0.006377 0.360555 -0.210709
v -0.006827 0.359871 -0.209013
v -0.006485 0.359871 -0.207199
v -0.005448 0.360555 -0.205783
f 7393 7394 7404
f 7393 7404 7403
f 7394 7395 7405
f 7394 7405 7404
f 7395 7396 7406
f 7395 7406 7405
f 7396 7397 7407
f 7396 7407 7406
f 7397 7398 7408
f 7397 7408 7407
f 7398 7399 7409
f 7398 7409 7408
f 7399 7400 7410
f 7399 7410 7409
f 7400 7401 7411
f 7400 7411 7410
f 7401 7402 7412
f 7401 7412 7411
f 7402 7393 7403
f 7402 7403 7412
v -0.004584 0.361775 -0.208497
v -0.003963 0.360438 -0.206225
v -0.003100 0.359305 -0.203891
v -0.001801 0.358540 -0.201445
v 0.000044 0.358237 -0.198858
v 0.002443 0.358401 -0.196130
v 0.005296 0.358948 -0.193285
v 0.008404 0.359711 -0.190374
v 0.011505 0.360469 -0.187466
v 0.014309 0.360975 -0.184633
v 0.016548 0.361004 -0.181946
v 0.018013 0.360380 -0.179457
v 0.018592 0.359007 -0.177196
v 0.018285 0.356886 -0.175162
v 0.017204 0.354111 -0.173327
v 0.015557 0.350858 -0.171637
v 0.013614 0.347355 -0.170024
v 0.011664 0.343847 -0.168412
v 0.009970 0.340554 -0.166734
v 0.008728 0.337643 -0.164941
v 0.008041 0.335201 -0.163004
v 0.007900 0.333220 -0.160928
v 0.008195 0.331607 -0.158740
v 0.008732 0.330199 -0.156489
v 0.008110 0.331536 -0.158762
v 0.007247 0.332669 -0.161096
v 0.005949 0.333434 -0.163542
v 0.004103 0.333737 -0.166128
v 0.001704 0.333573 -0.168856
v -0.001148 0.333026 -0.171701
v -0.004256 0.332263 -0.174612
v -0.007357 0.331506 -0.177520
v -0.010162 0.330999 -0.180353
v -0.012401 0.330970 -0.183040
v -0.013866 0.331594 -0.185529
v -0.014445 0.332967 -0.187790
v -0.014138 0.335088 -0.189824
v -0.013057 0.337863 -0.191659
v -0.011410 0.341116 -0.193349
v -0.009467 0.344619 -0.194963
v -0.007517 0.348128 -0.196574
v -0.005823 0.351420 -0.198252
v -0.004581 0.354331 -0.200046
v -0.003894 0.356773 -0.201982
v -0.003753 0.358754 -0.204058
v -0.004048 0.360367 -0.206247
f 7413 7414 7415
f 7413 7415 7414
f 7413 7415 7416
f 7413 7416 7415
f 7413 7416 7417
f 7413 7417 7416
f 7413 7417 7418
f 7413 7418 7417
f 7413 7418 7419
f 7413 7419 7418
f 7413 7419 7420
f 7413 7420 7419
f 7413 7420 7421
f 7413 7421 7420
f 7413 7421 7422
f 7413 7422 7421
f 7413 7422 7423
f 7413 7423 7422
f 7413 7423 7424
f 7413 7424 7423
f 7413 7424 7425
f 7413 7425 7424
f 7413 7425 7426
f 7413 7426 7425
f 7413 7426 7427
f 7413 7427 7426
f 7413 7427 7428
f 7413 7428 7427
f 7413 7428 7429
f 7413 7429 7428
f 7413 7429 7430
f 7413 7430 7429
f 7413 7430 7431
f 7413 7431 7430
f 7413 7431 7432
f 7413 7432 7431
f 7413 7432 7433
f 7413 7433 7432
f 7413 7433 7434
f 7413 7434 7433
f 7413 7434 7435
f 7413 7435 7434
f 7413 7435 7436
f 7413 7436 7435
f 7413 7436 7437
f 7413 7437 7436
f 7413 7437 7438
f 7413 7438 7437
f 7413 7438 7439
f 7413 7439 7438
f 7413 7439 7440
f 7413 7440 7439
f 7413 7440 7441
f 7413 7441 7440
f 7413 7441 7442
f 7413 7442 7441
f 7413 7442 7443
f 7413 7443 7442
f 7413 7443 7444
f 7413 7444 7443
f 7413 7444 7445
f 7413 7445 7444
f 7413 7445 7446
f 7413 7446 7445
f 7413 7446 7447
f 7413 7447 7446
f 7413 7447 7448
f 7413 7448 7447
f 7413 7448 7449
f 7413 7449 7448
f 7413 7449 7450
f 7413 7450 7449
f 7413 7450 7451
f 7413 7451 7450
f 7413 7451 7452
f 7413 7452 7451
f 7413 7452 7453
f 7413 7453 7452
f 7413 7453 7454
f 7413 7454 7453
f 7413 7454 7455
f 7413 7455 7454
f 7413 7455 7456
f 7413 7456 7455
f 7413 7456 7457
f 7413 7457 7456
f 7413 7457 7458
f 7413 7458 7457
v 0.012518 0.338196 -0.214355
v 0.012303 0.340296 -0.212605
v 0.013970 0.341472 -0.210732
v 0.016399 0.341472 -0.209519
v 0.018898 0.340296 -0.209310
v 0.020168 0.338196 -0.210533
v 0.020383 0.336096 -0.212283
v 0.018716 0.334920 -0.214156
v 0.016287 0.334920 -0.215369
v 0.013789 0.336096 -0.215578
v 0.022894 0.354395 -0.232061
v 0.022748 0.355823 -0.230871
v 0.023882 0.356623 -0.229597
v 0.025533 0.356623 -0.228772
v 0.027232 0.355823 -0.228631
v 0.028097 0.354395 -0.229462
v 0.028242 0.352967 -0.230652
v 0.027109 0.352167 -0.231925
v 0.025457 0.352167 -0.232751
v 0.023758 0.352967 -0.232892
f 7459 7460 7470
f 7459 7470 7469
f 7460 7461 7471
f 7460 7471 7470
f 7461 7462 7472
f 7461 7472 7471
f 7462 7463 7473
f 7462 7473 7472
f 7463 7464 7474
f 7463 7474 7473
f 7464 7465 7475
f 7464 7475 7474
f 7465 7466 7476
f 7465 7476 7475
f 7466 7467 7477
f 7466 7477 7476
f 7467 7468 7478
f 7467 7478 7477
f 7468 7459 7469
f 7468 7469 7478
v 0.025495 0.354395 -0.230761
v 0.023173 0.354425 -0.230931
v 0.020750 0.354946 -0.230718
v 0.018231 0.355932 -0.230142
v 0.015632 0.357306 -0.229261
v 0.012976 0.358955 -0.228167
v 0.010292 0.360739 -0.226967
v 0.007611 0.362507 -0.225779
v 0.004966 0.364106 -0.224724
v 0.002384 0.365395 -0.223910
v -0.000110 0.366259 -0.223429
v -0.002499 0.366614 -0.223346
v -0.004774 0.366416 -0.223694
v -0.006935 0.365666 -0.224473
v -0.008990 0.364407 -0.225650
v -0.010958 0.362722 -0.227160
v -0.012862 0.360728 -0.228911
v -0.014732 0.358565 -0.230795
v -0.016598 0.356386 -0.232691
v -0.018491 0.354342 -0.234482
v -0.020442 0.352572 -0.236058
v -0.022472 0.351191 -0.237330
v -0.024599 0.350275 -0.238239
v -0.026827 0.349850 -0.238766
v -0.024505 0.349819 -0.238596
v -0.022082 0.349299 -0.238809
v -0.019563 0.348313 -0.239385
v -0.016963 0.346938 -0.240266
v -0.014307 0.345289 -0.241360
v -0.011623 0.343505 -0.242560
v -0.008943 0.341738 -0.243748
v -0.006297 0.340139 -0.244803
v -0.003716 0.338849 -0.245617
v -0.001222 0.337986 -0.246098
v 0.001167 0.337631 -0.246181
v 0.003442 0.337829 -0.245833
v 0.005603 0.338579 -0.245054
v 0.007659 0.339838 -0.243877
v 0.009627 0.341522 -0.242367
v 0.011531 0.343516 -0.240616
v 0.013400 0.345679 -0.238732
v 0.015266 0.347859 -0.236836
v 0.017160 0.349903 -0.235045
v 0.019110 0.351672 -0.233469
v 0.021141 0.353053 -0.232197
v 0.023268 0.353969 -0.231288
f 7479 7480 7481
f 7479 7481 7480
f 7479 7481 7482
f 7479 7482 7481
f 7479 7482 7483
f 7479 7483 7482
f 7479 7483 7484
f 7479 7484 7483
f 7479 7484 7485
f 7479 7485 7484
f 7479 7485 7486
f 7479 7486 7485
f 7479 7486 7487
f 7479 7487 7486
f 7479 7487 7488
f 7479 7488 7487
f 7479 7488 7489
f 7479 7489 7488
f 7479 7489 7490
f 7479 7490 7489
f 7479 7490 7491
f 7479 7491 7490
f 7479 7491 7492
f 7479 7492 7491
f 7479 7492 7493
f 7479 7493 7492
f 7479 7493 7494
f 7479 7494 7493
f 7479 7494 7495
f 7479 7495 7494
f 7479 7495 7496
f 7479 7496 7495
f 7479 7496 7497
f 7479 7497 7496
f 7479 7497 7498
f 7479 7498 7497
f 7479 7498 7499
f 7479 7499 7498
f 7479 7499 7500
f 7479 7500 7499
f 7479 7500 7501
f 7479 7501 7500
f 7479 7501 7502
f 7479 7502 7501
f 7479 7502 7503
f 7479 7503 7502
f 7479 7503 7504
f 7479 7504 7503
f 7479 7504 7505
f 7479 7505 7504
f 7479 7505 7506
f 7479 7506 7505
f 7479 7506 7507
f 7479 7507 7506
f 7479 7507 7508
f 7479 7508 7507
f 7479 7508 7509
f 7479 7509 7508
f 7479 7509 7510
f 7479 7510 7509
f 7479 7510 7511
f 7479 7511 7510
f 7479 7511 7512
f 7479 7512 7511
f 7479 7512 7513
f 7479 7513 7512
f 7479 7513 7514
f 7479 7514 7513
f 7479 7514 7515
f 7479 7515 7514
f 7479 7515 7516
f 7479 7516 7515
f 7479 7516 7517
f 7479 7517 7516
f 7479 7517 7518
f 7479 7518 7517
f 7479 7518 7519
f 7479 7519 7518
f 7479 7519 7520
f 7479 7520 7519
f 7479 7520 7521
f 7479 7521 7520
f 7479 7521 7522
f 7479 7522 7521
f 7479 7522 7523
f 7479 7523 7522
f 7479 7523 7524
f 7479 7524 7523
v 0.033851 0.314368 -0.177671
v 0.032841 0.317900 -0.176006
v 0.033844 0.319878 -0.172590
v 0.035974 0.319878 -0.169214
v 0.038627 0.317900 -0.166839
v 0.040564 0.314368 -0.167035
v 0.041574 0.310837 -0.168699
v 0.040572 0.308859 -0.172116
v 0.038441 0.308859 -0.175492
v 0.035788 0.310837 -0.177866
v 0.071194 0.335530 -0.198860
v 0.070507 0.337932 -0.197728
v 0.071189 0.339276 -0.195405
v 0.072638 0.339276 -0.193109
v 0.074442 0.337932 -0.191494
v 0.075759 0.335530 -0.191627
v 0.076446 0.333129 -0.192759
v 0.075764 0.331784 -0.195082
v 0.074315 0.331784 -0.197378
v 0.072511 0.333129 -0.198993
f 7525 7526 7536
f 7525 7536 7535
f 7526 7527 7537
f 7526 7537 7536
f 7527 7528 7538
f 7527 7538 7537
f 7528 7529 7539
f 7528 7539 7538
f 7529 7530 7540
f 7529 7540 7539
f 7530 7531 7541
f 7530 7541 7540
f 7531 7532 7542
f 7531 7542 7541
f 7532 7533 7543
f 7532 7543 7542
f 7533 7534 7544
f 7533 7544 7543
f 7534 7525 7535
f 7534 7535 7544
v 0.073477 0.335530 -0.195243
v 0.071831 0.334671 -0.197282
v 0.070004 0.334125 -0.199318
v 0.067868 0.334112 -0.201351
v 0.065359 0.334742 -0.203380
v 0.062485 0.336004 -0.205404
v 0.059321 0.337765 -0.207426
v 0.056003 0.339792 -0.209445
v 0.052706 0.341783 -0.211465
v 0.049616 0.343416 -0.213487
v 0.046908 0.344390 -0.215514
v 0.044713 0.344479 -0.217546
v 0.043103 0.343559 -0.219585
v 0.042077 0.341630 -0.221630
v 0.041564 0.338816 -0.223681
v 0.041432 0.335344 -0.225736
v 0.041509 0.331512 -0.227794
v 0.041605 0.327646 -0.229852
v 0.041548 0.324045 -0.231908
v 0.041202 0.320944 -0.233961
v 0.040489 0.318474 -0.236009
v 0.039404 0.316647 -0.238054
v 0.038011 0.315352 -0.240095
v 0.036435 0.314372 -0.242134
v 0.038081 0.315232 -0.240096
v 0.039908 0.315777 -0.238059
v 0.042044 0.315790 -0.236027
v 0.044553 0.315160 -0.233998
v 0.047427 0.313898 -0.231973
v 0.050591 0.312137 -0.229952
v 0.053909 0.310111 -0.227932
v 0.057206 0.308119 -0.225912
v 0.060295 0.306487 -0.223890
v 0.063003 0.305512 -0.221864
v 0.065198 0.305423 -0.219831
v 0.066809 0.306343 -0.217793
v 0.067835 0.308272 -0.215747
v 0.068348 0.311086 -0.213696
v 0.068479 0.314558 -0.211641
v 0.068403 0.318390 -0.209584
v 0.068306 0.322256 -0.207526
v 0.068363 0.325857 -0.205470
v 0.068710 0.328959 -0.203417
v 0.069423 0.331428 -0.201368
v 0.070508 0.333256 -0.199324
v 0.071901 0.334550 -0.197283
f 7545 7546 7547
f 7545 7547 7546
f 7545 7547 7548
f 7545 7548 7547
f 7545 7548 7549
f 7545 7549 7548
f 7545 7549 7550
f 7545 7550 7549
f 7545 7550 7551
f 7545 7551 7550
f 7545 7551 7552
f 7545 7552 7551
f 7545 7552 7553
f 7545 7553 7552
f 7545 7553 7554
f 7545 7554 7553
f 7545 7554 7555
f 7545 7555 7554
f 7545 7555 7556
f 7545 7556 7555
f 7545 7556 7557
f 7545 7557 7556
f 7545 7557 7558
f 7545 7558 7557
f 7545 7558 7559
f 7545 7559 7558
f 7545 7559 7560
f 7545 7560 7559
f 7545 7560 7561
f 7545 7561 7560
f 7545 7561 7562
f 7545 7562 7561
f 7545 7562 7563
f 7545 7563 7562
f 7545 7563 7564
f 7545 7564 7563
f 7545 7564 7565
f 7545 7565 7564
f 7545 7565 7566
f 7545 7566 7565
f 7545 7566 7567
f 7545 7567 7566
f 7545 7567 7568
f 7545 7568 7567
f 7545 7568 7569
f 7545 7569 7568
f 7545 7569 7570
f 7545 7570 7569
f 7545 7570 7571
f 7545 7571 7570
f 7545 7571 7572
f 7545 7572 7571
f 7545 7572 7573
f 7545 7573 7572
f 7545 7573 7574
f 7545 7574 7573
f 7545 7574 7575
f 7545 7575 7574
f 7545 7575 7576
f 7545 7576 7575
f 7545 7576 7577
f 7545 7577 7576
f 7545 7577 7578
f 7545 7578 7577
f 7545 7578 7579
f 7545 7579 7578
f 7545 7579 7580
f 7545 7580 7579
f 7545 7580 7581
f 7545 7581 7580
f 7545 7581 7582
f 7545 7582 7581
f 7545 7582 7583
f 7545 7583 7582
f 7545 7583 7584
f 7545 7584 7583
f 7545 7584 7585
f 7545 7585 7584
f 7545 7585 7586
f 7545 7586 7585
f 7545 7586 7587
f 7545 7587 7586
f 7545 7587 7588
f 7545 7588 7587
f 7545 7588 7589
f 7545 7589 7588
f 7545 7589 7590
f 7545 7590 7589
v 0.073477 0.335530 -0.195243
v 0.074517 0.334552 -0.193308
v 0.075632 0.333243 -0.191562
v 0.076856 0.331442 -0.190097
v 0.078203 0.329095 -0.188943
v 0.079661 0.326247 -0.188075
v 0.081201 0.323032 -0.187417
v 0.082779 0.319650 -0.186854
v 0.084339 0.316344 -0.186247
v 0.085826 0.313365 -0.185454
v 0.087191 0.310936 -0.184347
v 0.088395 0.309226 -0.182830
v 0.089419 0.308325 -0.180851
v 0.090262 0.308233 -0.178410
v 0.090944 0.308860 -0.175559
v 0.091504 0.310037 -0.172394
v 0.091991 0.311540 -0.169042
v 0.092461 0.313120 -0.165647
v 0.092967 0.314533 -0.162347
v 0.093556 0.315579 -0.159257
v 0.094257 0.316124 -0.156453
v 0.095080 0.316122 -0.153960
v 0.096012 0.315629 -0.151748
v 0.097019 0.314805 -0.149725
v 0.095978 0.315783 -0.151660
v 0.094863 0.317092 -0.153406
v 0.093639 0.318893 -0.154872
v 0.092292 0.321240 -0.156025
v 0.090834 0.324088 -0.156893
v 0.089294 0.327304 -0.157551
v 0.087717 0.330686 -0.158115
v 0.086156 0.333991 -0.158721
v 0.084669 0.336970 -0.159514
v 0.083304 0.339400 -0.160621
v 0.082100 0.341110 -0.162138
v 0.081076 0.342011 -0.164117
v 0.080233 0.342103 -0.166558
v 0.079551 0.341476 -0.169409
v 0.078991 0.340299 -0.172575
v 0.078505 0.338795 -0.175926
v 0.078035 0.337216 -0.179321
v 0.077528 0.335802 -0.182621
v 0.076939 0.334757 -0.185711
v 0.076238 0.334212 -0.188516
v 0.075415 0.334213 -0.191008
v 0.074483 0.334706 -0.193220
f 7591 7592 7593
f 7591 7593 7592
f 7591 7593 7594
f 7591 7594 7593
f 7591 7594 7595
f 7591 7595 7594
f 7591 7595 7596
f 7591 7596 7595
f 7591 7596 7597
f 7591 7597 7596
f 7591 7597 7598
f 7591 7598 7597
f 7591 7598 7599
f 7591 7599 7598
f 7591 7599 7600
f 7591 7600 7599
f 7591 7600 7601
f 7591 7601 7600
f 7591 7601 7602
f 7591 7602 7601
f 7591 7602 7603
f 7591 7603 7602
f 7591 7603 7604
f 7591 7604 7603
f 7591 7604 7605
f 7591 7605 7604
f 7591 7605 7606
f 7591 7606 7605
f 7591 7606 7607
f 7591 7607 7606
f 7591 7607 7608
f 7591 7608 7607
f 7591 7608 7609
f 7591 7609 7608
f 7591 7609 7610
f 7591 7610 7609
f 7591 7610 7611
f 7591 7611 7610
f 7591 7611 7612
f 7591 7612 7611
f 7591 7612 7613
f 7591 7613 7612
f 7591 7613 7614
f 7591 7614 7613
f 7591 7614 7615
f 7591 7615 7614
f 7591 7615 7616
f 7591 7616 7615
f 7591 7616 7617
f 7591 7617 7616
f 7591 7617 7618
f 7591 7618 7617
f 7591 7618 7619
f 7591 7619 7618
f 7591 7619 7620
f 7591 7620 7619
f 7591 7620 7621
f 7591 7621 7620
f 7591 7621 7622
f 7591 7622 7621
f 7591 7622 7623
f 7591 7623 7622
f 7591 7623 7624
f 7591 7624 7623
f 7591 7624 7625
f 7591 7625 7624
f 7591 7625 7626
f 7591 7626 7625
f 7591 7626 7627
f 7591 7627 7626
f 7591 7627 7628
f 7591 7628 7627
f 7591 7628 7629
f 7591 7629 7628
f 7591 7629 7630
f 7591 7630 7629
f 7591 7630 7631
f 7591 7631 7630
f 7591 7631 7632
f 7591 7632 7631
f 7591 7632 7633
f 7591 7633 7632
f 7591 7633 7634
f 7591 7634 7633
f 7591 7634 7635
f 7591 7635 7634
f 7591 7635 7636
f 7591 7636 7635
v 0.071995 0.335530 -0.199255
v 0.072540 0.338183 -0.198827
v 0.073537 0.339669 -0.196713
v 0.074477 0.339669 -0.194166
v 0.075093 0.338183 -0.191911
v 0.074958 0.335530 -0.191232
v 0.074413 0.332877 -0.191660
v 0.073416 0.331391 -0.193774
v 0.072476 0.331391 -0.196321
v 0.071860 0.332877 -0.198575
v 0.096155 0.332080 -0.206716
v 0.096526 0.333884 -0.206425
v 0.097203 0.334894 -0.204987
v 0.097843 0.334894 -0.203256
v 0.098262 0.333884 -0.201723
v 0.098169 0.332080 -0.201261
v 0.097799 0.330276 -0.201552
v 0.097121 0.329265 -0.202989
v 0.096482 0.329265 -0.204721
v 0.096063 0.330276 -0.206254
f 7637 7638 7648
f 7637 7648 7647
f 7638 7639 7649
f 7638 7649 7648
f 7639 7640 7650
f 7639 7650 7649
f 7640 7641 7651
f 7640 7651 7650
f 7641 7642 7652
f 7641 7652 7651
f 7642 7643 7653
f 7642 7653 7652
f 7643 7644 7654
f 7643 7654 7653
f 7644 7645 7655
f 7644 7655 7654
f 7645 7646 7656
f 7645 7656 7655
f 7646 7637 7647
f 7646 7647 7656
v 0.097162 0.332080 -0.203988
v 0.095785 0.331852 -0.205517
v 0.094423 0.331911 -0.207116
v 0.093088 0.332432 -0.208825
v 0.091783 0.333494 -0.210665
v 0.090508 0.335072 -0.212629
v 0.089255 0.337050 -0.214689
v 0.088014 0.339228 -0.216798
v 0.086770 0.341359 -0.218895
v 0.085509 0.343181 -0.220918
v 0.084216 0.344453 -0.222808
v 0.082882 0.344995 -0.224523
v 0.081501 0.344708 -0.226038
v 0.080073 0.343593 -0.227353
v 0.078603 0.341747 -0.228492
v 0.077103 0.339353 -0.229499
v 0.075584 0.336648 -0.230431
v 0.074063 0.333897 -0.231352
v 0.072554 0.331346 -0.232322
v 0.071067 0.329194 -0.233387
v 0.069610 0.327559 -0.234577
v 0.068183 0.326465 -0.235897
v 0.066782 0.325833 -0.237329
v 0.065398 0.325487 -0.238830
v 0.066775 0.325715 -0.237301
v 0.068137 0.325656 -0.235702
v 0.069472 0.325135 -0.233993
v 0.070777 0.324074 -0.232153
v 0.072052 0.322495 -0.230189
v 0.073305 0.320517 -0.228129
v 0.074546 0.318339 -0.226020
v 0.075790 0.316208 -0.223923
v 0.077051 0.314386 -0.221900
v 0.078344 0.313114 -0.220010
v 0.079678 0.312572 -0.218295
v 0.081059 0.312859 -0.216780
v 0.082487 0.313974 -0.215465
v 0.083957 0.315820 -0.214326
v 0.085457 0.318214 -0.213319
v 0.086976 0.320919 -0.212387
v 0.088496 0.323670 -0.211466
v 0.090006 0.326221 -0.210496
v 0.091493 0.328373 -0.209431
v 0.092950 0.330008 -0.208241
v 0.094377 0.331102 -0.206921
v 0.095778 0.331734 -0.205489
f 7657 7658 7659
f 7657 7659 7658
f 7657 7659 7660
f 7657 7660 7659
f 7657 7660 7661
f 7657 7661 7660
f 7657 7661 7662
f 7657 7662 7661
f 7657 7662 7663
f 7657 7663 7662
f 7657 7663 7664
f 7657 7664 7663
f 7657 7664 7665
f 7657 7665 7664
f 7657 7665 7666
f 7657 7666 7665
f 7657 7666 7667
f 7657 7667 7666
f 7657 7667 7668
f 7657 7668 7667
f 7657 7668 7669
f 7657 7669 7668
f 7657 7669 7670
f 7657 7670 7669
f 7657 7670 7671
f 7657 7671 7670
f 7657 7671 7672
f 7657 7672 7671
f 7657 7672 7673
f 7657 7673 7672
f 7657 7673 7674
f 7657 7674 7673
f 7657 7674 7675
f 7657 7675 7674
f 7657 7675 7676
f 7657 7676 7675
f 7657 7676 7677
f 7657 7677 7676
f 7657 7677 7678
f 7657 7678 7677
f 7657 7678 7679
f 7657 7679 7678
f 7657 7679 7680
f 7657 7680 7679
f 7657 7680 7681
f 7657 7681 7680
f 7657 7681 7682
f 7657 7682 7681
f 7657 7682 7683
f 7657 7683 7682
f 7657 7683 7684
f 7657 7684 7683
f 7657 7684 7685
f 7657 7685 7684
f 7657 7685 7686
f 7657 7686 7685
f 7657 7686 7687
f 7657 7687 7686
f 7657 7687 7688
f 7657 7688 7687
f 7657 7688 7689
f 7657 7689 7688
f 7657 7689 7690
f 7657 7690 7689
f 7657 7690 7691
f 7657 7691 7690
f 7657 7691 7692
f 7657 7692 7691
f 7657 7692 7693
f 7657 7693 7692
f 7657 7693 7694
f 7657 7694 7693
f 7657 7694 7695
f 7657 7695 7694
f 7657 7695 7696
f 7657 7696 7695
f 7657 7696 7697
f 7657 7697 7696
f 7657 7697 7698
f 7657 7698 7697
f 7657 7698 7699
f 7657 7699 7698
f 7657 7699 7700
f 7657 7700 7699
f 7657 7700 7701
f 7657 7701 7700
f 7657 7701 7702
f 7657 7702 7701
v 0.069228 0.335530 -0.194757
v 0.070030 0.337420 -0.192939
v 0.072464 0.338478 -0.192148
v 0.075162 0.338478 -0.192457
v 0.077354 0.337420 -0.193777
v 0.077725 0.335530 -0.195729
v 0.076923 0.333641 -0.197548
v 0.074489 0.332582 -0.198339
v 0.071792 0.332582 -0.198030
v 0.069599 0.333641 -0.196710
v 0.068497 0.354001 -0.213187
v 0.069042 0.355286 -0.211951
v 0.070698 0.356005 -0.211413
v 0.072532 0.356005 -0.211623
v 0.074022 0.355286 -0.212521
v 0.074275 0.354001 -0.213848
v 0.073729 0.352716 -0.215085
v 0.072074 0.351996 -0.215623
v 0.070240 0.351996 -0.215413
v 0.068749 0.352716 -0.214515
f 7703 7704 7714
f 7703 7714 7713
f 7704 7705 7715
f 7704 7715 7714
f 7705 7706 7716
f 7705 7716 7715
f 7706 7707 7717
f 7706 7717 7716
f 7707 7708 7718
f 7707 7718 7717
f 7708 7709 7719
f 7708 7719 7718
f 7709 7710 7720
f 7709 7720 7719
f 7710 7711 7721
f 7710 7721 7720
f 7711 7712 7722
f 7711 7722 7721
f 7712 7703 7713
f 7712 7713 7722
v 0.071386 0.354001 -0.213518
v 0.069620 0.354136 -0.212100
v 0.068082 0.354738 -0.210236
v 0.066725 0.355711 -0.208018
v 0.065503 0.356961 -0.205536
v 0.064365 0.358382 -0.202891
v 0.063255 0.359860 -0.200191
v 0.062118 0.361282 -0.197544
v 0.060900 0.362540 -0.195054
v 0.059555 0.363538 -0.192812
v 0.058045 0.364197 -0.190894
v 0.056343 0.364463 -0.189351
v 0.054435 0.364307 -0.188212
v 0.052320 0.363729 -0.187475
v 0.050014 0.362758 -0.187113
v 0.047542 0.361448 -0.187075
v 0.044942 0.359878 -0.187286
v 0.042263 0.358143 -0.187653
v 0.039556 0.356353 -0.188074
v 0.036878 0.354620 -0.188439
v 0.034283 0.353058 -0.188642
v 0.031823 0.351773 -0.188581
v 0.029544 0.350859 -0.188165
v 0.027493 0.350411 -0.187303
v 0.029259 0.350276 -0.188721
v 0.030797 0.349674 -0.190585
v 0.032154 0.348700 -0.192803
v 0.033376 0.347451 -0.195285
v 0.034514 0.346030 -0.197930
v 0.035624 0.344552 -0.200631
v 0.036761 0.343130 -0.203277
v 0.037979 0.341872 -0.205768
v 0.039323 0.340874 -0.208009
v 0.040834 0.340215 -0.209927
v 0.042536 0.339949 -0.211470
v 0.044444 0.340105 -0.212610
v 0.046559 0.340683 -0.213347
v 0.048865 0.341654 -0.213708
v 0.051337 0.342964 -0.213746
v 0.053937 0.344534 -0.213535
v 0.056616 0.346269 -0.213168
v 0.059323 0.348059 -0.212747
v 0.062001 0.349792 -0.212382
v 0.064596 0.351354 -0.212179
v 0.067056 0.352639 -0.212240
v 0.069335 0.353553 -0.212656
f 7723 7724 7725
f 7723 7725 7724
f 7723 7725 7726
f 7723 7726 7725
f 7723 7726 7727
f 7723 7727 7726
f 7723 7727 7728
f 7723 7728 7727
f 7723 7728 7729
f 7723 7729 7728
f 7723 7729 7730
f 7723 7730 7729
f 7723 7730 7731
f 7723 7731 7730
f 7723 7731 7732
f 7723 7732 7731
f 7723 7732 7733
f 7723 7733 7732
f 7723 7733 7734
f 7723 7734 7733
f 7723 7734 7735
f 7723 7735 7734
f 7723 7735 7736
f 7723 7736 7735
f 7723 7736 7737
f 7723 7737 7736
f 7723 7737 7738
f 7723 7738 7737
f 7723 7738 7739
f 7723 7739 7738
f 7723 7739 7740
f 7723 7740 7739
f 7723 7740 7741
f 7723 7741 7740
f 7723 7741 7742
f 7723 7742 7741
f 7723 7742 7743
f 7723 7743 7742
f 7723 7743 7744
f 7723 7744 7743
f 7723 7744 7745
f 7723 7745 7744
f 7723 7745 7746
f 7723 7746 7745
f 7723 7746 7747
f 7723 7747 7746
f 7723 7747 7748
f 7723 7748 7747
f 7723 7748 7749
f 7723 7749 7748
f 7723 7749 7750
f 7723 7750 7749
f 7723 7750 7751
f 7723 7751 7750
f 7723 7751 7752
f 7723 7752 7751
f 7723 7752 7753
f 7723 7753 7752
f 7723 7753 7754
f 7723 7754 7753
f 7723 7754 7755
f 7723 7755 7754
f 7723 7755 7756
f 7723 7756 7755
f 7723 7756 7757
f 7723 7757 7756
f 7723 7757 7758
f 7723 7758 7757
f 7723 7758 7759
f 7723 7759 7758
f 7723 7759 7760
f 7723 7760 7759
f 7723 7760 7761
f 7723 7761 7760
f 7723 7761 7762
f 7723 7762 7761
f 7723 7762 7763
f 7723 7763 7762
f 7723 7763 7764
f 7723 7764 7763
f 7723 7764 7765
f 7723 7765 7764
f 7723 7765 7766
f 7723 7766 7765
f 7723 7766 7767
f 7723 7767 7766
f 7723 7767 7768
f 7723 7768 7767
v 0.071386 0.354001 -0.213518
v 0.073113 0.353202 -0.213211
v 0.074812 0.352304 -0.213002
v 0.076447 0.351172 -0.213021
v 0.077988 0.349692 -0.213382
v 0.079417 0.347810 -0.214136
v 0.080745 0.345555 -0.215256
v 0.082002 0.343043 -0.216627
v 0.083241 0.340463 -0.218065
v 0.084524 0.338046 -0.219343
v 0.085914 0.336019 -0.220240
v 0.087460 0.334561 -0.220578
v 0.089190 0.333775 -0.220260
v 0.091104 0.333660 -0.219284
v 0.093175 0.334115 -0.217749
v 0.095352 0.334959 -0.215833
v 0.097573 0.335966 -0.213758
v 0.099776 0.336905 -0.211749
v 0.101909 0.337588 -0.209992
v 0.103939 0.337897 -0.208600
v 0.105860 0.337804 -0.207602
v 0.107684 0.337364 -0.206945
v 0.109445 0.336689 -0.206516
v 0.111179 0.335915 -0.206186
v 0.109452 0.336713 -0.206493
v 0.107752 0.337612 -0.206702
v 0.106117 0.338744 -0.206682
v 0.104577 0.340223 -0.206322
v 0.103147 0.342105 -0.205568
v 0.101819 0.344361 -0.204447
v 0.100562 0.346873 -0.203076
v 0.099323 0.349452 -0.201639
v 0.098040 0.351869 -0.200361
v 0.096650 0.353897 -0.199464
v 0.095104 0.355354 -0.199125
v 0.093374 0.356141 -0.199444
v 0.091460 0.356256 -0.200420
v 0.089390 0.355801 -0.201955
v 0.087213 0.354956 -0.203871
v 0.084991 0.353950 -0.205945
v 0.082788 0.353011 -0.207954
v 0.080655 0.352328 -0.209712
v 0.078625 0.352018 -0.211104
v 0.076705 0.352111 -0.212102
v 0.074880 0.352552 -0.212759
v 0.073119 0.353226 -0.213187
f 7769 7770 7771
f 7769 7771 7770
f 7769 7771 7772
f 7769 7772 7771
f 7769 7772 7773
f 7769 7773 7772
f 7769 7773 7774
f 7769 7774 7773
f 7769 7774 7775
f 7769 7775 7774
f 7769 7775 7776
f 7769 7776 7775
f 7769 7776 7777
f 7769 7777 7776
f 7769 7777 7778
f 7769 7778 7777
f 7769 7778 7779
f 7769 7779 7778
f 7769 7779 7780
f 7769 7780 7779
f 7769 7780 7781
f 7769 7781 7780
f 7769 7781 7782
f 7769 7782 7781
f 7769 7782 7783
f 7769 7783 7782
f 7769 7783 7784
f 7769 7784 7783
f 7769 7784 7785
f 7769 7785 7784
f 7769 7785 7786
f 7769 7786 7785
f 7769 7786 7787
f 7769 7787 7786
f 7769 7787 7788
f 7769 7788 7787
f 7769 7788 7789
f 7769 7789 7788
f 7769 7789 7790
f 7769 7790 7789
f 7769 7790 7791
f 7769 7791 7790
f 7769 7791 7792
f 7769 7792 7791
f 7769 7792 7793
f 7769 7793 7792
f 7769 7793 7794
f 7769 7794 7793
f 7769 7794 7795
f 7769 7795 7794
f 7769 7795 7796
f 7769 7796 7795
f 7769 7796 7797
f 7769 7797 7796
f 7769 7797 7798
f 7769 7798 7797
f 7769 7798 7799
f 7769 7799 7798
f 7769 7799 7800
f 7769 7800 7799
f 7769 7800 7801
f 7769 7801 7800
f 7769 7801 7802
f 7769 7802 7801
f 7769 7802 7803
f 7769 7803 7802
f 7769 7803 7804
f 7769 7804 7803
f 7769 7804 7805
f 7769 7805 7804
f 7769 7805 7806
f 7769 7806 7805
f 7769 7806 7807
f 7769 7807 7806
f 7769 7807 7808
f 7769 7808 7807
f 7769 7808 7809
f 7769 7809 7808
f 7769 7809 7810
f 7769 7810 7809
f 7769 7810 7811
f 7769 7811 7810
f 7769 7811 7812
f 7769 7812 7811
f 7769 7812 7813
f 7769 7813 7812
f 7769 7813 7814
f 7769 7814 7813
v 0.075683 0.335530 -0.198907
v 0.073872 0.337550 -0.199308
v 0.071828 0.338682 -0.197821
v 0.070427 0.338682 -0.195495
v 0.070069 0.337550 -0.192993
v 0.071271 0.335530 -0.191580
v 0.073081 0.333510 -0.191179
v 0.075126 0.332379 -0.192666
v 0.076526 0.332379 -0.194992
v 0.076884 0.333510 -0.197494
v 0.093382 0.354225 -0.186651
v 0.092151 0.355599 -0.186924
v 0.090760 0.356368 -0.185913
v 0.089808 0.356368 -0.184331
v 0.089565 0.355599 -0.182630
v 0.090382 0.354225 -0.181669
v 0.091613 0.352852 -0.181396
v 0.093003 0.352082 -0.182407
v 0.093955 0.352082 -0.183989
v 0.094199 0.352852 -0.185690
f 7815 7816 7826
f 7815 7826 7825
f 7816 7817 7827
f 7816 7827 7826
f 7817 7818 7828
f 7817 7828 7827
f 7818 7819 7829
f 7818 7829 7828
f 7819 7820 7830
f 7819 7830 7829
f 7820 7821 7831
f 7820 7831 7830
f 7821 7822 7832
f 7821 7832 7831
f 7822 7823 7833
f 7822 7833 7832
f 7823 7824 7834
f 7823 7834 7833
f 7824 7815 7825
f 7824 7825 7834
v 0.091882 0.354225 -0.184160
v 0.092321 0.353341 -0.185704
v 0.092602 0.352796 -0.187555
v 0.092727 0.352583 -0.189707
v 0.092720 0.352650 -0.192114
v 0.092618 0.352919 -0.194704
v 0.092467 0.353292 -0.197388
v 0.092320 0.353658 -0.200066
v 0.092227 0.353908 -0.202639
v 0.092237 0.353939 -0.205013
v 0.092390 0.353666 -0.207111
v 0.092714 0.353028 -0.208878
v 0.093225 0.351992 -0.210284
v 0.093922 0.350559 -0.211330
v 0.094791 0.348760 -0.212044
v 0.095803 0.346657 -0.212482
v 0.096917 0.344335 -0.212721
v 0.098087 0.341897 -0.212855
v 0.099259 0.339453 -0.212984
v 0.100382 0.337112 -0.213206
v 0.101411 0.334973 -0.213611
v 0.102307 0.333115 -0.214271
v 0.103049 0.331588 -0.215232
v 0.103631 0.330401 -0.216501
v 0.103191 0.331285 -0.214957
v 0.102911 0.331830 -0.213105
v 0.102786 0.332044 -0.210953
v 0.102793 0.331976 -0.208547
v 0.102895 0.331707 -0.205956
v 0.103045 0.331335 -0.203273
v 0.103193 0.330968 -0.200594
v 0.103285 0.330718 -0.198021
v 0.103275 0.330687 -0.195647
v 0.103123 0.330960 -0.193549
v 0.102798 0.331598 -0.191783
v 0.102288 0.332634 -0.190377
v 0.101590 0.334068 -0.189331
v 0.100721 0.335866 -0.188617
v 0.099710 0.337969 -0.188179
v 0.098595 0.340291 -0.187939
v 0.097426 0.342729 -0.187805
v 0.096254 0.345173 -0.187677
v 0.095130 0.347514 -0.187455
v 0.094102 0.349653 -0.187050
v 0.093205 0.351511 -0.186389
v 0.092464 0.353038 -0.185429
f 7835 7836 7837
f 7835 7837 7836
f 7835 7837 7838
f 7835 7838 7837
f 7835 7838 7839
f 7835 7839 7838
f 7835 7839 7840
f 7835 7840 7839
f 7835 7840 7841
f 7835 7841 7840
f 7835 7841 7842
f 7835 7842 7841
f 7835 7842 7843
f 7835 7843 7842
f 7835 7843 7844
f 7835 7844 7843
f 7835 7844 7845
f 7835 7845 7844
f 7835 7845 7846
f 7835 7846 7845
f 7835 7846 7847
f 7835 7847 7846
f 7835 7847 7848
f 7835 7848 7847
f 7835 7848 7849
f 7835 7849 7848
f 7835 7849 7850
f 7835 7850 7849
f 7835 7850 7851
f 7835 7851 7850
f 7835 7851 7852
f 7835 7852 7851
f 7835 7852 7853
f 7835 7853 7852
f 7835 7853 7854
f 7835 7854 7853
f 7835 7854 7855
f 7835 7855 7854
f 7835 7855 7856
f 7835 7856 7855
f 7835 7856 7857
f 7835 7857 7856
f 7835 7857 7858
f 7835 7858 7857
f 7835 7858 7859
f 7835 7859 7858
f 7835 7859 7860
f 7835 7860 7859
f 7835 7860 7861
f 7835 7861 7860
f 7835 7861 7862
f 7835 7862 7861
f 7835 7862 7863
f 7835 7863 7862
f 7835 7863 7864
f 7835 7864 7863
f 7835 7864 7865
f 7835 7865 7864
f 7835 7865 7866
f 7835 7866 7865
f 7835 7866 7867
f 7835 7867 7866
f 7835 7867 7868
f 7835 7868 7867
f 7835 7868 7869
f 7835 7869 7868
f 7835 7869 7870
f 7835 7870 7869
f 7835 7870 7871
f 7835 7871 7870
f 7835 7871 7872
f 7835 7872 7871
f 7835 7872 7873
f 7835 7873 7872
f 7835 7873 7874
f 7835 7874 7873
f 7835 7874 7875
f 7835 7875 7874
f 7835 7875 7876
f 7835 7876 7875
f 7835 7876 7877
f 7835 7877 7876
f 7835 7877 7878
f 7835 7878 7877
f 7835 7878 7879
f 7835 7879 7878
f 7835 7879 7880
f 7835 7880 7879
v 0.021460 0.312450 -0.086123
v 0.024966 0.316119 -0.083054
v 0.030556 0.318174 -0.083681
v 0.035487 0.318174 -0.086869
v 0.038353 0.316119 -0.091710
v 0.036993 0.312450 -0.096166
v 0.033487 0.308780 -0.099235
v 0.027897 0.306726 -0.098608
v 0.022966 0.306726 -0.095420
v 0.020100 0.308780 -0.090579
v 0.000181 0.365891 -0.124485
v 0.002564 0.368387 -0.122398
v 0.006366 0.369784 -0.122825
v 0.009719 0.369784 -0.124992
v 0.011668 0.368387 -0.128284
v 0.010743 0.365891 -0.131314
v 0.008359 0.363396 -0.133401
v 0.004557 0.361999 -0.132974
v 0.001205 0.361999 -0.130807
v -0.000744 0.363396 -0.127515
f 7881 7882 7892
f 7881 7892 7891
f 7882 7883 7893
f 7882 7893 7892
f 7883 7884 7894
f 7883 7894 7893
f 7884 7885 7895
f 7884 7895 7894
f 7885 7886 7896
f 7885 7896 7895
f 7886 7887 7897
f 7886 7897 7896
f 7887 7888 7898
f 7887 7898 7897
f 7888 7889 7899
f 7888 7899 7898
f 7889 7890 7900
f 7889 7900 7899
f 7890 7881 7891
f 7890 7891 7900
v 0.001187 0.365891 -0.123288
v 0.001804 0.369829 -0.123900
v 0.004147 0.372035 -0.126397
v 0.006861 0.372035 -0.129325
v 0.009173 0.369829 -0.131850
v 0.009737 0.365891 -0.132511
v 0.009120 0.361954 -0.131899
v 0.006777 0.359748 -0.129402
v 0.004063 0.359748 -0.126474
v 0.001750 0.361954 -0.123949
v -0.024223 0.366231 -0.149586
v -0.023804 0.368909 -0.150002
v -0.022210 0.370408 -0.151701
v -0.020365 0.370408 -0.153691
v -0.018792 0.368909 -0.155408
v -0.018409 0.366231 -0.155859
v -0.018829 0.363553 -0.155442
v -0.020422 0.362054 -0.153744
v -0.022267 0.362054 -0.151753
v -0.023840 0.363553 -0.150036
f 7901 7902 7912
f 7901 7912 7911
f 7902 7903 7913
f 7902 7913 7912
f 7903 7904 7914
f 7903 7914 7913
f 7904 7905 7915
f 7904 7915 7914
f 7905 7906 7916
f 7905 7916 7915
f 7906 7907 7917
f 7906 7917 7916
f 7907 7908 7918
f 7907 7918 7917
f 7908 7909 7919
f 7908 7919 7918
f 7909 7910 7920
f 7909 7920 7919
f 7910 7901 7911
f 7910 7911 7920
v -0.021316 0.366231 -0.152722
v -0.022104 0.366871 -0.150966
v -0.022817 0.368084 -0.149282
v -0.023466 0.369797 -0.147661
v -0.024063 0.371907 -0.146090
v -0.024626 0.374280 -0.144552
v -0.025175 0.376765 -0.143029
v -0.025729 0.379206 -0.141500
v -0.026309 0.381447 -0.139945
v -0.026933 0.383348 -0.138348
v -0.027616 0.384795 -0.136694
v -0.028369 0.385707 -0.134972
v -0.029196 0.386041 -0.133177
v -0.030099 0.385796 -0.131309
v -0.031070 0.385017 -0.129373
v -0.032101 0.383783 -0.127381
v -0.033176 0.382209 -0.125345
v -0.034276 0.380436 -0.123284
v -0.035383 0.378618 -0.121218
v -0.036474 0.376912 -0.119166
v -0.037532 0.375470 -0.117147
v -0.038538 0.374424 -0.115178
v -0.039480 0.373879 -0.113272
v -0.040347 0.373906 -0.111438
v -0.039559 0.373267 -0.113195
v -0.038845 0.372054 -0.114879
v -0.038197 0.370340 -0.116499
v -0.037600 0.368231 -0.118070
v -0.037037 0.365858 -0.119608
v -0.036488 0.363372 -0.121132
v -0.035934 0.360931 -0.122661
v -0.035354 0.358691 -0.124215
v -0.034730 0.356789 -0.125812
v -0.034046 0.355342 -0.127467
v -0.033294 0.354431 -0.129189
v -0.032467 0.354097 -0.130984
v -0.031564 0.354341 -0.132852
v -0.030592 0.355121 -0.134787
v -0.029562 0.356355 -0.136780
v -0.028487 0.357928 -0.138815
v -0.027387 0.359701 -0.140876
v -0.026280 0.361520 -0.142943
v -0.025189 0.363225 -0.144995
v -0.024131 0.364667 -0.147014
v -0.023125 0.365713 -0.148983
v -0.022183 0.366259 -0.150889
f 7921 7922 7923
f 7921 7923 7922
f 7921 7923 7924
f 7921 7924 7923
f 7921 7924 7925
f 7921 7925 7924
f 7921 7925 7926
f 7921 7926 7925
f 7921 7926 7927
f 7921 7927 7926
f 7921 7927 7928
f 7921 7928 7927
f 7921 7928 7929
f 7921 7929 7928
f 7921 7929 7930
f 7921 7930 7929
f 7921 7930 7931
f 7921 7931 7930
f 7921 7931 7932
f 7921 7932 7931
f 7921 7932 7933
f 7921 7933 7932
f 7921 7933 7934
f 7921 7934 7933
f 7921 7934 7935
f 7921 7935 7934
f 7921 7935 7936
f 7921 7936 7935
f 7921 7936 7937
f 7921 7937 7936
f 7921 7937 7938
f 7921 7938 7937
f 7921 7938 7939
f 7921 7939 7938
f 7921 7939 7940
f 7921 7940 7939
f 7921 7940 7941
f 7921 7941 7940
f 7921 7941 7942
f 7921 7942 7941
f 7921 7942 7943
f 7921 7943 7942
f 7921 7943 7944
f 7921 7944 7943
f 7921 7944 7945
f 7921 7945 7944
f 7921 7945 7946
f 7921 7946 7945
f 7921 7946 7947
f 7921 7947 7946
f 7921 7947 7948
f 7921 7948 7947
f 7921 7948 7949
f 7921 7949 7948
f 7921 7949 7950
f 7921 7950 7949
f 7921 7950 7951
f 7921 7951 7950
f 7921 7951 7952
f 7921 7952 7951
f 7921 7952 7953
f 7921 7953 7952
f 7921 7953 7954
f 7921 7954 7953
f 7921 7954 7955
f 7921 7955 7954
f 7921 7955 7956
f 7921 7956 7955
f 7921 7956 7957
f 7921 7957 7956
f 7921 7957 7958
f 7921 7958 7957
f 7921 7958 7959
f 7921 7959 7958
f 7921 7959 7960
f 7921 7960 7959
f 7921 7960 7961
f 7921 7961 7960
f 7921 7961 7962
f 7921 7962 7961
f 7921 7962 7963
f 7921 7963 7962
f 7921 7963 7964
f 7921 7964 7963
f 7921 7964 7965
f 7921 7965 7964
f 7921 7965 7966
f 7921 7966 7965
v -0.021316 0.366231 -0.152722
v -0.019736 0.365494 -0.153830
v -0.018243 0.364368 -0.154848
v -0.016864 0.362745 -0.155751
v -0.015598 0.360618 -0.156537
v -0.014430 0.358063 -0.157226
v -0.013325 0.355224 -0.157848
v -0.012243 0.352289 -0.158449
v -0.011134 0.349470 -0.159076
v -0.009951 0.346976 -0.159779
v -0.008653 0.344992 -0.160598
v -0.007210 0.343651 -0.161567
v -0.005604 0.343026 -0.162700
v -0.003836 0.343117 -0.163998
v -0.001923 0.343852 -0.165445
v 0.000106 0.345095 -0.167009
v 0.002209 0.346665 -0.168648
v 0.004338 0.348350 -0.170314
v 0.006445 0.349939 -0.171958
v 0.008487 0.351244 -0.173536
v 0.010433 0.352122 -0.175016
v 0.012265 0.352495 -0.176379
v 0.013984 0.352371 -0.177628
v 0.015615 0.351858 -0.178787
v 0.014035 0.352596 -0.177680
v 0.012543 0.353721 -0.176662
v 0.011163 0.355344 -0.175759
v 0.009898 0.357472 -0.174972
v 0.008729 0.360026 -0.174284
v 0.007624 0.362865 -0.173661
v 0.006542 0.365800 -0.173061
v 0.005433 0.368619 -0.172433
v 0.004250 0.371113 -0.171731
v 0.002952 0.373097 -0.170911
v 0.001509 0.374438 -0.169943
v -0.000097 0.375063 -0.168810
v -0.001865 0.374972 -0.167511
v -0.003778 0.374237 -0.166065
v -0.005807 0.372994 -0.164501
v -0.007910 0.371425 -0.162861
v -0.010038 0.369739 -0.161195
v -0.012146 0.368150 -0.159552
v -0.014188 0.366845 -0.157973
v -0.016134 0.365968 -0.156494
v -0.017966 0.365594 -0.155130
v -0.019685 0.365719 -0.153882
f 7967 7968 7969
f 7967 7969 7968
f 7967 7969 7970
f 7967 7970 7969
f 7967 7970 7971
f 7967 7971 7970
f 7967 7971 7972
f 7967 7972 7971
f 7967 7972 7973
f 7967 7973 7972
f 7967 7973 7974
f 7967 7974 7973
f 7967 7974 7975
f 7967 7975 7974
f 7967 7975 7976
f 7967 7976 7975
f 7967 7976 7977
f 7967 7977 7976
f 7967 7977 7978
f 7967 7978 7977
f 7967 7978 7979
f 7967 7979 7978
f 7967 7979 7980
f 7967 7980 7979
f 7967 7980 7981
f 7967 7981 7980
f 7967 7981 7982
f 7967 7982 7981
f 7967 7982 7983
f 7967 7983 7982
f 7967 7983 7984
f 7967 7984 7983
f 7967 7984 7985
f 7967 7985 7984
f 7967 7985 7986
f 7967 7986 7985
f 7967 7986 7987
f 7967 7987 7986
f 7967 7987 7988
f 7967 7988 7987
f 7967 7988 7989
f 7967 7989 7988
f 7967 7989 7990
f 7967 7990 7989
f 7967 7990 7991
f 7967 7991 7990
f 7967 7991 7992
f 7967 7992 7991
f 7967 7992 7993
f 7967 7993 7992
f 7967 7993 7994
f 7967 7994 7993
f 7967 7994 7995
f 7967 7995 7994
f 7967 7995 7996
f 7967 7996 7995
f 7967 7996 7997
f 7967 7997 7996
f 7967 7997 7998
f 7967 7998 7997
f 7967 7998 7999
f 7967 7999 7998
f 7967 7999 8000
f 7967 8000 7999
f 7967 8000 8001
f 7967 8001 8000
f 7967 8001 8002
f 7967 8002 8001
f 7967 8002 8003
f 7967 8003 8002
f 7967 8003 8004
f 7967 8004 8003
f 7967 8004 8005
f 7967 8005 8004
f 7967 8005 8006
f 7967 8006 8005
f 7967 8006 8007
f 7967 8007 8006
f 7967 8007 8008
f 7967 8008 8007
f 7967 8008 8009
f 7967 8009 8008
f 7967 8009 8010
f 7967 8010 8009
f 7967 8010 8011
f 7967 8011 8010
f 7967 8011 8012
f 7967 8012 8011
v -0.024013 0.366231 -0.149403
v -0.025035 0.368217 -0.150995
v -0.024348 0.369328 -0.153436
v -0.022636 0.369328 -0.155543
v -0.020387 0.368217 -0.156716
v -0.018620 0.366231 -0.156041
v -0.017598 0.364246 -0.154450
v -0.018285 0.363134 -0.152008
v -0.019996 0.363134 -0.149901
v -0.022246 0.364246 -0.148729
v -0.035748 0.351542 -0.160700
v -0.036443 0.352892 -0.161782
v -0.035976 0.353648 -0.163443
v -0.034812 0.353648 -0.164875
v -0.033282 0.352892 -0.165673
v -0.032081 0.351542 -0.165214
v -0.031386 0.350192 -0.164132
v -0.031853 0.349435 -0.162472
v -0.033017 0.349435 -0.161039
v -0.034546 0.350192 -0.160241
f 8013 8014 8024
f 8013 8024 8023
f 8014 8015 8025
f 8014 8025 8024
f 8015 8016 8026
f 8015 8026 8025
f 8016 8017 8027
f 8016 8027 8026
f 8017 8018 8028
f 8017 8028 8027
f 8018 8019 8029
f 8018 8029 8028
f 8019 8020 8030
f 8019 8030 8029
f 8020 8021 8031
f 8020 8031 8030
f 8021 8022 8032
f 8021 8032 8031
f 8022 8013 8023
f 8022 8023 8032
v -0.033914 0.351542 -0.162957
v -0.034480 0.352016 -0.161026
v -0.035358 0.352850 -0.159227
v -0.036576 0.354076 -0.157571
v -0.038103 0.355658 -0.156047
v -0.039867 0.357513 -0.154622
v -0.041769 0.359527 -0.153256
v -0.043690 0.361564 -0.151899
v -0.045507 0.363480 -0.150497
v -0.047102 0.365140 -0.149001
v -0.048375 0.366430 -0.147369
v -0.049255 0.367266 -0.145570
v -0.049703 0.367604 -0.143589
v -0.049719 0.367445 -0.141426
v -0.049341 0.366832 -0.139095
v -0.048642 0.365849 -0.136629
v -0.047721 0.364610 -0.134069
v -0.046695 0.363251 -0.131465
v -0.045689 0.361914 -0.128869
v -0.044820 0.360735 -0.126331
v -0.044189 0.359830 -0.123893
v -0.043867 0.359282 -0.121587
v -0.043885 0.359124 -0.119423
v -0.044215 0.359327 -0.117393
v -0.043650 0.358853 -0.119324
v -0.042771 0.358019 -0.121123
v -0.041553 0.356793 -0.122778
v -0.040027 0.355211 -0.124303
v -0.038263 0.353356 -0.125727
v -0.036361 0.351342 -0.127094
v -0.034439 0.349305 -0.128451
v -0.032622 0.347389 -0.129853
v -0.031027 0.345729 -0.131349
v -0.029754 0.344439 -0.132981
v -0.028874 0.343603 -0.134780
v -0.028427 0.343264 -0.136761
v -0.028410 0.343423 -0.138924
v -0.028788 0.344036 -0.141255
v -0.029487 0.345020 -0.143721
v -0.030409 0.346259 -0.146281
v -0.031434 0.347618 -0.148885
v -0.032440 0.348955 -0.151481
v -0.033309 0.350134 -0.154019
v -0.033940 0.351038 -0.156457
v -0.034262 0.351587 -0.158763
v -0.034245 0.351745 -0.160926
f 8033 8034 8035
f 8033 8035 8034
f 8033 8035 8036
f 8033 8036 8035
f 8033 8036 8037
f 8033 8037 8036
f 8033 8037 8038
f 8033 8038 8037
f 8033 8038 8039
f 8033 8039 8038
f 8033 8039 8040
f 8033 8040 8039
f 8033 8040 8041
f 8033 8041 8040
f 8033 8041 8042
f 8033 8042 8041
f 8033 8042 8043
f 8033 8043 8042
f 8033 8043 8044
f 8033 8044 8043
f 8033 8044 8045
f 8033 8045 8044
f 8033 8045 8046
f 8033 8046 8045
f 8033 8046 8047
f 8033 8047 8046
f 8033 8047 8048
f 8033 8048 8047
f 8033 8048 8049
f 8033 8049 8048
f 8033 8049 8050
f 8033 8050 8049
f 8033 8050 8051
f 8033 8051 8050
f 8033 8051 8052
f 8033 8052 8051
f 8033 8052 8053
f 8033 8053 8052
f 8033 8053 8054
f 8033 8054 8053
f 8033 8054 8055
f 8033 8055 8054
f 8033 8055 8056
f 8033 8056 8055
f 8033 8056 8057
f 8033 8057 8056
f 8033 8057 8058
f 8033 8058 8057
f 8033 8058 8059
f 8033 8059 8058
f 8033 8059 8060
f 8033 8060 8059
f 8033 8060 8061
f 8033 8061 8060
f 8033 8061 8062
f 8033 8062 8061
f 8033 8062 8063
f 8033 8063 8062
f 8033 8063 8064
f 8033 8064 8063
f 8033 8064 8065
f 8033 8065 8064
f 8033 8065 8066
f 8033 8066 8065
f 8033 8066 8067
f 8033 8067 8066
f 8033 8067 8068
f 8033 8068 8067
f 8033 8068 8069
f 8033 8069 8068
f 8033 8069 8070
f 8033 8070 8069
f 8033 8070 8071
f 8033 8071 8070
f 8033 8071 8072
f 8033 8072 8071
f 8033 8072 8073
f 8033 8073 8072
f 8033 8073 8074
f 8033 8074 8073
f 8033 8074 8075
f 8033 8075 8074
f 8033 8075 8076
f 8033 8076 8075
f 8033 8076 8077
f 8033 8077 8076
f 8033 8077 8078
f 8033 8078 8077
v -0.021470 0.366231 -0.148449
v -0.020432 0.368708 -0.149002
v -0.019779 0.370095 -0.151309
v -0.019681 0.370095 -0.154022
v -0.020167 0.368708 -0.156369
v -0.021162 0.366231 -0.156996
v -0.022201 0.363754 -0.156442
v -0.022854 0.362367 -0.154136
v -0.022951 0.362367 -0.151423
v -0.022465 0.363754 -0.149076
v -0.041628 0.374537 -0.150543
v -0.040922 0.376222 -0.150920
v -0.040478 0.377165 -0.152488
v -0.040411 0.377165 -0.154333
v -0.040742 0.376222 -0.155929
v -0.041419 0.374537 -0.156355
v -0.042125 0.372853 -0.155979
v -0.042569 0.371910 -0.154410
v -0.042635 0.371910 -0.152565
v -0.042305 0.372853 -0.150969
f 8079 8080 8090
f 8079 8090 8089
f 8080 8081 8091
f 8080 8091 8090
f 8081 8082 8092
f 8081 8092 8091
f 8082 8083 8093
f 8082 8093 8092
f 8083 8084 8094
f 8083 8094 8093
f 8084 8085 8095
f 8084 8095 8094
f 8085 8086 8096
f 8085 8096 8095
f 8086 8087 8097
f 8086 8097 8096
f 8087 8088 8098
f 8087 8098 8097
f 8088 8079 8089
f 8088 8089 8098
v -0.041523 0.374537 -0.153449
v -0.040801 0.375026 -0.151728
v -0.039973 0.375764 -0.150111
v -0.038979 0.376889 -0.148657
v -0.037796 0.378459 -0.147390
v -0.036436 0.380445 -0.146298
v -0.034941 0.382747 -0.145339
v -0.033381 0.385201 -0.144443
v -0.031842 0.387607 -0.143528
v -0.030413 0.389754 -0.142503
v -0.029175 0.391452 -0.141290
v -0.028190 0.392557 -0.139828
v -0.027491 0.392992 -0.138084
v -0.027077 0.392757 -0.136058
v -0.026916 0.391928 -0.133783
v -0.026946 0.390651 -0.131320
v -0.027087 0.389115 -0.128748
v -0.027248 0.387531 -0.126155
v -0.027344 0.386099 -0.123626
v -0.027306 0.384982 -0.121230
v -0.027091 0.384282 -0.119010
v -0.026686 0.384026 -0.116975
v -0.026115 0.384158 -0.115104
v -0.025439 0.384539 -0.113337
v -0.026161 0.384051 -0.115059
v -0.026990 0.383313 -0.116676
v -0.027983 0.382187 -0.118129
v -0.029166 0.380618 -0.119396
v -0.030527 0.378631 -0.120488
v -0.032022 0.376329 -0.121448
v -0.033582 0.373875 -0.122343
v -0.035121 0.371470 -0.123259
v -0.036550 0.369323 -0.124283
v -0.037787 0.367625 -0.125497
v -0.038772 0.366520 -0.126959
v -0.039472 0.366085 -0.128703
v -0.039885 0.366320 -0.130729
v -0.040046 0.367148 -0.133003
v -0.040016 0.368425 -0.135467
v -0.039876 0.369961 -0.138039
v -0.039714 0.371546 -0.140631
v -0.039618 0.372978 -0.143160
v -0.039656 0.374095 -0.145556
v -0.039872 0.374794 -0.147777
v -0.040277 0.375050 -0.149811
v -0.040847 0.374918 -0.151682
f 8099 8100 8101
f 8099 8101 8100
f 8099 8101 8102
f 8099 8102 8101
f 8099 8102 8103
f 8099 8103 8102
f 8099 8103 8104
f 8099 8104 8103
f 8099 8104 8105
f 8099 8105 8104
f 8099 8105 8106
f 8099 8106 8105
f 8099 8106 8107
f 8099 8107 8106
f 8099 8107 8108
f 8099 8108 8107
f 8099 8108 8109
f 8099 8109 8108
f 8099 8109 8110
f 8099 8110 8109
f 8099 8110 8111
f 8099 8111 8110
f 8099 8111 8112
f 8099 8112 8111
f 8099 8112 8113
f 8099 8113 8112
f 8099 8113 8114
f 8099 8114 8113
f 8099 8114 8115
f 8099 8115 8114
f 8099 8115 8116
f 8099 8116 8115
f 8099 8116 8117
f 8099 8117 8116
f 8099 8117 8118
f 8099 8118 8117
f 8099 8118 8119
f 8099 8119 8118
f 8099 8119 8120
f 8099 8120 8119
f 8099 8120 8121
f 8099 8121 8120
f 8099 8121 8122
f 8099 8122 8121
f 8099 8122 8123
f 8099 8123 8122
f 8099 8123 8124
f 8099 8124 8123
f 8099 8124 8125
f 8099 8125 8124
f 8099 8125 8126
f 8099 8126 8125
f 8099 8126 8127
f 8099 8127 8126
f 8099 8127 8128
f 8099 8128 8127
f 8099 8128 8129
f 8099 8129 8128
f 8099 8129 8130
f 8099 8130 8129
f 8099 8130 8131
f 8099 8131 8130
f 8099 8131 8132
f 8099 8132 8131
f 8099 8132 8133
f 8099 8133 8132
f 8099 8133 8134
f 8099 8134 8133
f 8099 8134 8135
f 8099 8135 8134
f 8099 8135 8136
f 8099 8136 8135
f 8099 8136 8137
f 8099 8137 8136
f 8099 8137 8138
f 8099 8138 8137
f 8099 8138 8139
f 8099 8139 8138
f 8099 8139 8140
f 8099 8140 8139
f 8099 8140 8141
f 8099 8141 8140
f 8099 8141 8142
f 8099 8142 8141
f 8099 8142 8143
f 8099 8143 8142
f 8099 8143 8144
f 8099 8144 8143
v -0.041523 0.374537 -0.153449
v -0.041053 0.373099 -0.155690
v -0.040806 0.371138 -0.157700
v -0.040813 0.368579 -0.159446
v -0.041061 0.365460 -0.160945
v -0.041498 0.361895 -0.162247
v -0.042051 0.358059 -0.163430
v -0.042628 0.354166 -0.164588
v -0.043133 0.350444 -0.165821
v -0.043471 0.347111 -0.167225
v -0.043563 0.344355 -0.168885
v -0.043351 0.342312 -0.170859
v -0.042803 0.341055 -0.173179
v -0.041920 0.340582 -0.175846
v -0.040733 0.340823 -0.178827
v -0.039299 0.341641 -0.182063
v -0.037699 0.342848 -0.185471
v -0.036027 0.344226 -0.188954
v -0.034379 0.345546 -0.192412
v -0.032846 0.346596 -0.195750
v -0.031503 0.347200 -0.198892
v -0.030400 0.347244 -0.201786
v -0.029552 0.346690 -0.204417
v -0.028927 0.345613 -0.206818
v -0.029398 0.347052 -0.204577
v -0.029645 0.349013 -0.202567
v -0.029637 0.351571 -0.200821
v -0.029390 0.354691 -0.199322
v -0.028953 0.358256 -0.198019
v -0.028400 0.362091 -0.196836
v -0.027822 0.365984 -0.195679
v -0.027318 0.369706 -0.194446
v -0.026979 0.373039 -0.193041
v -0.026887 0.375795 -0.191382
v -0.027100 0.377838 -0.189408
v -0.027647 0.379096 -0.187088
v -0.028530 0.379568 -0.184421
v -0.029718 0.379327 -0.181439
v -0.031151 0.378509 -0.178203
v -0.032751 0.377302 -0.174796
v -0.034424 0.375924 -0.171312
v -0.036072 0.374604 -0.167855
v -0.037605 0.373554 -0.164516
v -0.038947 0.372950 -0.161374
v -0.040050 0.372907 -0.158480
v -0.040898 0.373461 -0.155849
f 8145 8146 8147
f 8145 8147 8146
f 8145 8147 8148
f 8145 8148 8147
f 8145 8148 8149
f 8145 8149 8148
f 8145 8149 8150
f 8145 8150 8149
f 8145 8150 8151
f 8145 8151 8150
f 8145 8151 8152
f 8145 8152 8151
f 8145 8152 8153
f 8145 8153 8152
f 8145 8153 8154
f 8145 8154 8153
f 8145 8154 8155
f 8145 8155 8154
f 8145 8155 8156
f 8145 8156 8155
f 8145 8156 8157
f 8145 8157 8156
f 8145 8157 8158
f 8145 8158 8157
f 8145 8158 8159
f 8145 8159 8158
f 8145 8159 8160
f 8145 8160 8159
f 8145 8160 8161
f 8145 8161 8160
f 8145 8161 8162
f 8145 8162 8161
f 8145 8162 8163
f 8145 8163 8162
f 8145 8163 8164
f 8145 8164 8163
f 8145 8164 8165
f 8145 8165 8164
f 8145 8165 8166
f 8145 8166 8165
f 8145 8166 8167
f 8145 8167 8166
f 8145 8167 8168
f 8145 8168 8167
f 8145 8168 8169
f 8145 8169 8168
f 8145 8169 8170
f 8145 8170 8169
f 8145 8170 8171
f 8145 8171 8170
f 8145 8171 8172
f 8145 8172 8171
f 8145 8172 8173
f 8145 8173 8172
f 8145 8173 8174
f 8145 8174 8173
f 8145 8174 8175
f 8145 8175 8174
f 8145 8175 8176
f 8145 8176 8175
f 8145 8176 8177
f 8145 8177 8176
f 8145 8177 8178
f 8145 8178 8177
f 8145 8178 8179
f 8145 8179 8178
f 8145 8179 8180
f 8145 8180 8179
f 8145 8180 8181
f 8145 8181 8180
f 8145 8181 8182
f 8145 8182 8181
f 8145 8182 8183
f 8145 8183 8182
f 8145 8183 8184
f 8145 8184 8183
f 8145 8184 8185
f 8145 8185 8184
f 8145 8185 8186
f 8145 8186 8185
f 8145 8186 8187
f 8145 8187 8186
f 8145 8187 8188
f 8145 8188 8187
f 8145 8188 8189
f 8145 8189 8188
f 8145 8189 8190
f 8145 8190 8189
v -0.025579 0.366231 -0.153065
v -0.025090 0.368600 -0.151773
v -0.022825 0.369926 -0.150889
v -0.020119 0.369926 -0.150671
v -0.017742 0.368600 -0.151182
v -0.017054 0.366231 -0.152380
v -0.017542 0.363862 -0.153672
v -0.019807 0.362536 -0.154556
v -0.022513 0.362536 -0.154773
v -0.024890 0.363862 -0.154263
v -0.022803 0.375519 -0.170513
v -0.022471 0.377130 -0.169635
v -0.020930 0.378032 -0.169034
v -0.019090 0.378032 -0.168886
v -0.017474 0.377130 -0.169233
v -0.017006 0.375519 -0.170047
v -0.017338 0.373908 -0.170926
v -0.018878 0.373006 -0.171527
v -0.020718 0.373006 -0.171675
v -0.022334 0.373908 -0.171328
f 8191 8192 8202
f 8191 8202 8201
f 8192 8193 8203
f 8192 8203 8202
f 8193 8194 8204
f 8193 8204 8203
f 8194 8195 8205
f 8194 8205 8204
f 8195 8196 8206
f 8195 8206 8205
f 8196 8197 8207
f 8196 8207 8206
f 8197 8198 8208
f 8197 8208 8207
f 8198 8199 8209
f 8198 8209 8208
f 8199 8200 8210
f 8199 8210 8209
f 8200 8191 8201
f 8200 8201 8210
v -0.019904 0.375519 -0.170280
v -0.021590 0.375633 -0.169214
v -0.023175 0.376026 -0.167992
v -0.024613 0.376823 -0.166545
v -0.025891 0.378061 -0.164852
v -0.027025 0.379697 -0.162936
v -0.028055 0.381621 -0.160860
v -0.029040 0.383669 -0.158715
v -0.030050 0.385647 -0.156608
v -0.031157 0.387359 -0.154651
v -0.032424 0.388627 -0.152940
v -0.033900 0.389319 -0.151551
v -0.035611 0.389365 -0.150523
v -0.037555 0.388765 -0.149856
v -0.039709 0.387589 -0.149510
v -0.042022 0.385969 -0.149412
v -0.044433 0.384082 -0.149462
v -0.046869 0.382127 -0.149552
v -0.049260 0.380295 -0.149571
v -0.051546 0.378751 -0.149431
v -0.053688 0.377605 -0.149068
v -0.055671 0.376900 -0.148459
v -0.057507 0.376598 -0.147625
v -0.059242 0.376577 -0.146635
v -0.057556 0.376463 -0.147701
v -0.055972 0.376070 -0.148923
v -0.054534 0.375272 -0.150370
v -0.053255 0.374034 -0.152063
v -0.052121 0.372398 -0.153979
v -0.051091 0.370475 -0.156055
v -0.050106 0.368427 -0.158200
v -0.049096 0.366448 -0.160307
v -0.047989 0.364737 -0.162265
v -0.046722 0.363468 -0.163975
v -0.045246 0.362776 -0.165364
v -0.043536 0.362730 -0.166392
v -0.041591 0.363330 -0.167059
v -0.039438 0.364507 -0.167405
v -0.037124 0.366126 -0.167503
v -0.034713 0.368013 -0.167453
v -0.032277 0.369969 -0.167364
v -0.029887 0.371800 -0.167344
v -0.027600 0.373344 -0.167484
v -0.025458 0.374490 -0.167847
v -0.023475 0.375196 -0.168456
v -0.021639 0.375497 -0.169290
f 8211 8212 8213
f 8211 8213 8212
f 8211 8213 8214
f 8211 8214 8213
f 8211 8214 8215
f 8211 8215 8214
f 8211 8215 8216
f 8211 8216 8215
f 8211 8216 8217
f 8211 8217 8216
f 8211 8217 8218
f 8211 8218 8217
f 8211 8218 8219
f 8211 8219 8218
f 8211 8219 8220
f 8211 8220 8219
f 8211 8220 8221
f 8211 8221 8220
f 8211 8221 8222
f 8211 8222 8221
f 8211 8222 8223
f 8211 8223 8222
f 8211 8223 8224
f 8211 8224 8223
f 8211 8224 8225
f 8211 8225 8224
f 8211 8225 8226
f 8211 8226 8225
f 8211 8226 8227
f 8211 8227 8226
f 8211 8227 8228
f 8211 8228 8227
f 8211 8228 8229
f 8211 8229 8228
f 8211 8229 8230
f 8211 8230 8229
f 8211 8230 8231
f 8211 8231 8230
f 8211 8231 8232
f 8211 8232 8231
f 8211 8232 8233
f 8211 8233 8232
f 8211 8233 8234
f 8211 8234 8233
f 8211 8234 8235
f 8211 8235 8234
f 8211 8235 8236
f 8211 8236 8235
f 8211 8236 8237
f 8211 8237 8236
f 8211 8237 8238
f 8211 8238 8237
f 8211 8238 8239
f 8211 8239 8238
f 8211 8239 8240
f 8211 8240 8239
f 8211 8240 8241
f 8211 8241 8240
f 8211 8241 8242
f 8211 8242 8241
f 8211 8242 8243
f 8211 8243 8242
f 8211 8243 8244
f 8211 8244 8243
f 8211 8244 8245
f 8211 8245 8244
f 8211 8245 8246
f 8211 8246 8245
f 8211 8246 8247
f 8211 8247 8246
f 8211 8247 8248
f 8211 8248 8247
f 8211 8248 8249
f 8211 8249 8248
f 8211 8249 8250
f 8211 8250 8249
f 8211 8250 8251
f 8211 8251 8250
f 8211 8251 8252
f 8211 8252 8251
f 8211 8252 8253
f 8211 8253 8252
f 8211 8253 8254
f 8211 8254 8253
f 8211 8254 8255
f 8211 8255 8254
f 8211 8255 8256
f 8211 8256 8255
v 0.005462 0.364810 -0.121705
v 0.009074 0.366503 -0.122290
v 0.011098 0.367956 -0.125513
v 0.011098 0.368643 -0.129445
v 0.009074 0.368368 -0.132969
v 0.005462 0.366973 -0.134094
v 0.001849 0.365280 -0.133508
v -0.000174 0.363827 -0.130286
v -0.000174 0.363140 -0.126354
v 0.001849 0.363415 -0.122830
v -0.010732 0.401933 -0.117265
v -0.008276 0.403085 -0.117663
v -0.006900 0.404073 -0.119854
v -0.006900 0.404540 -0.122528
v -0.008276 0.404353 -0.124925
v -0.010732 0.403405 -0.125690
v -0.013189 0.402253 -0.125291
v -0.014565 0.401265 -0.123100
v -0.014565 0.400798 -0.120426
v -0.013189 0.400985 -0.118030
f 8257 8258 8268
f 8257 8268 8267
f 8258 8259 8269
f 8258 8269 8268
f 8259 8260 8270
f 8259 8270 8269
f 8260 8261 8271
f 8260 8271 8270
f 8261 8262 8272
f 8261 8272 8271
f 8262 8263 8273
f 8262 8273 8272
f 8263 8264 8274
f 8263 8274 8273
f 8264 8265 8275
f 8264 8275 8274
f 8265 8266 8276
f 8265 8276 8275
f 8266 8257 8267
f 8266 8267 8276
v -0.010732 0.402669 -0.121477
v -0.009959 0.401777 -0.119303
v -0.009029 0.400959 -0.117152
v -0.007723 0.400316 -0.115059
v -0.005851 0.399938 -0.113053
v -0.003313 0.399870 -0.111150
v -0.000152 0.400094 -0.109342
v 0.003443 0.400521 -0.107602
v 0.007161 0.401005 -0.105880
v 0.010619 0.401367 -0.104118
v 0.013435 0.401430 -0.102257
v 0.015306 0.401051 -0.100251
v 0.016061 0.400151 -0.098074
v 0.015701 0.398730 -0.095725
v 0.014395 0.396866 -0.093230
v 0.012448 0.394704 -0.090637
v 0.010241 0.392420 -0.088004
v 0.008156 0.390193 -0.085390
v 0.006506 0.388169 -0.082843
v 0.005480 0.386436 -0.080391
v 0.005118 0.385014 -0.078042
v 0.005323 0.383857 -0.075780
v 0.005903 0.382875 -0.073575
v 0.006640 0.381967 -0.071395
v 0.005867 0.382858 -0.073570
v 0.004936 0.383677 -0.075720
v 0.003631 0.384320 -0.077813
v 0.001759 0.384698 -0.079819
v -0.000779 0.384765 -0.081723
v -0.003940 0.384542 -0.083530
v -0.007535 0.384115 -0.085271
v -0.011253 0.383631 -0.086993
v -0.014711 0.383269 -0.088755
v -0.017527 0.383206 -0.090615
v -0.019398 0.383585 -0.092621
v -0.020153 0.384485 -0.094799
v -0.019793 0.385906 -0.097148
v -0.018487 0.387769 -0.099642
v -0.016540 0.389932 -0.102235
v -0.014333 0.392216 -0.104868
v -0.012249 0.394443 -0.107482
v -0.010598 0.396467 -0.110030
v -0.009572 0.398199 -0.112481
v -0.009210 0.399622 -0.114831
v -0.009415 0.400779 -0.117093
v -0.009995 0.401760 -0.119297
f 8277 8278 8279
f 8277 8279 8278
f 8277 8279 8280
f 8277 8280 8279
f 8277 8280 8281
f 8277 8281 8280
f 8277 8281 8282
f 8277 8282 8281
f 8277 8282 8283
f 8277 8283 8282
f 8277 8283 8284
f 8277 8284 8283
f 8277 8284 8285
f 8277 8285 8284
f 8277 8285 8286
f 8277 8286 8285
f 8277 8286 8287
f 8277 8287 8286
f 8277 8287 8288
f 8277 8288 8287
f 8277 8288 8289
f 8277 8289 8288
f 8277 8289 8290
f 8277 8290 8289
f 8277 8290 8291
f 8277 8291 8290
f 8277 8291 8292
f 8277 8292 8291
f 8277 8292 8293
f 8277 8293 8292
f 8277 8293 8294
f 8277 8294 8293
f 8277 8294 8295
f 8277 8295 8294
f 8277 8295 8296
f 8277 8296 8295
f 8277 8296 8297
f 8277 8297 8296
f 8277 8297 8298
f 8277 8298 8297
f 8277 8298 8299
f 8277 8299 8298
f 8277 8299 8300
f 8277 8300 8299
f 8277 8300 8301
f 8277 8301 8300
f 8277 8301 8302
f 8277 8302 8301
f 8277 8302 8303
f 8277 8303 8302
f 8277 8303 8304
f 8277 8304 8303
f 8277 8304 8305
f 8277 8305 8304
f 8277 8305 8306
f 8277 8306 8305
f 8277 8306 8307
f 8277 8307 8306
f 8277 8307 8308
f 8277 8308 8307
f 8277 8308 8309
f 8277 8309 8308
f 8277 8309 8310
f 8277 8310 8309
f 8277 8310 8311
f 8277 8311 8310
f 8277 8311 8312
f 8277 8312 8311
f 8277 8312 8313
f 8277 8313 8312
f 8277 8313 8314
f 8277 8314 8313
f 8277 8314 8315
f 8277 8315 8314
f 8277 8315 8316
f 8277 8316 8315
f 8277 8316 8317
f 8277 8317 8316
f 8277 8317 8318
f 8277 8318 8317
f 8277 8318 8319
f 8277 8319 8318
f 8277 8319 8320
f 8277 8320 8319
f 8277 8320 8321
f 8277 8321 8320
f 8277 8321 8322
f 8277 8322 8321
v -0.010732 0.402669 -0.121477
v -0.010117 0.402295 -0.123965
v -0.009930 0.401751 -0.126557
v -0.010326 0.400975 -0.129290
v -0.011336 0.399955 -0.132173
v -0.012882 0.398721 -0.135187
v -0.014801 0.397339 -0.138291
v -0.016865 0.395900 -0.141431
v -0.018810 0.394508 -0.144542
v -0.020371 0.393268 -0.147559
v -0.021316 0.392274 -0.150426
v -0.021470 0.391594 -0.153101
v -0.020741 0.391265 -0.155561
v -0.019129 0.391288 -0.157806
v -0.016726 0.391626 -0.159859
v -0.013705 0.392209 -0.161761
v -0.010302 0.392944 -0.163570
v -0.006780 0.393727 -0.165351
v -0.003402 0.394452 -0.167166
v -0.000398 0.395029 -0.169073
v 0.002070 0.395393 -0.171109
v 0.003925 0.395512 -0.173296
v 0.005196 0.395399 -0.175624
v 0.006039 0.395116 -0.178056
v 0.005423 0.395490 -0.175568
v 0.005236 0.396034 -0.172977
v 0.005633 0.396810 -0.170243
v 0.006642 0.397830 -0.167360
v 0.008188 0.399064 -0.164346
v 0.010108 0.400446 -0.161242
v 0.012171 0.401885 -0.158102
v 0.014116 0.403277 -0.154992
v 0.015678 0.404517 -0.151974
v 0.016623 0.405512 -0.149107
v 0.016777 0.406191 -0.146432
v 0.016048 0.406520 -0.143972
v 0.014435 0.406497 -0.141727
v 0.012032 0.406159 -0.139675
v 0.009012 0.405576 -0.137772
v 0.005609 0.404841 -0.135963
v 0.002086 0.404058 -0.134182
v -0.001291 0.403333 -0.132367
v -0.004296 0.402756 -0.130461
v -0.006764 0.402393 -0.128424
v -0.008619 0.402273 -0.126238
v -0.009890 0.402386 -0.123910
f 8323 8324 8325
f 8323 8325 8324
f 8323 8325 8326
f 8323 8326 8325
f 8323 8326 8327
f 8323 8327 8326
f 8323 8327 8328
f 8323 8328 8327
f 8323 8328 8329
f 8323 8329 8328
f 8323 8329 8330
f 8323 8330 8329
f 8323 8330 8331
f 8323 8331 8330
f 8323 8331 8332
f 8323 8332 8331
f 8323 8332 8333
f 8323 8333 8332
f 8323 8333 8334
f 8323 8334 8333
f 8323 8334 8335
f 8323 8335 8334
f 8323 8335 8336
f 8323 8336 8335
f 8323 8336 8337
f 8323 8337 8336
f 8323 8337 8338
f 8323 8338 8337
f 8323 8338 8339
f 8323 8339 8338
f 8323 8339 8340
f 8323 8340 8339
f 8323 8340 8341
f 8323 8341 8340
f 8323 8341 8342
f 8323 8342 8341
f 8323 8342 8343
f 8323 8343 8342
f 8323 8343 8344
f 8323 8344 8343
f 8323 8344 8345
f 8323 8345 8344
f 8323 8345 8346
f 8323 8346 8345
f 8323 8346 8347
f 8323 8347 8346
f 8323 8347 8348
f 8323 8348 8347
f 8323 8348 8349
f 8323 8349 8348
f 8323 8349 8350
f 8323 8350 8349
f 8323 8350 8351
f 8323 8351 8350
f 8323 8351 8352
f 8323 8352 8351
f 8323 8352 8353
f 8323 8353 8352
f 8323 8353 8354
f 8323 8354 8353
f 8323 8354 8355
f 8323 8355 8354
f 8323 8355 8356
f 8323 8356 8355
f 8323 8356 8357
f 8323 8357 8356
f 8323 8357 8358
f 8323 8358 8357
f 8323 8358 8359
f 8323 8359 8358
f 8323 8359 8360
f 8323 8360 8359
f 8323 8360 8361
f 8323 8361 8360
f 8323 8361 8362
f 8323 8362 8361
f 8323 8362 8363
f 8323 8363 8362
f 8323 8363 8364
f 8323 8364 8363
f 8323 8364 8365
f 8323 8365 8364
f 8323 8365 8366
f 8323 8366 8365
f 8323 8366 8367
f 8323 8367 8366
f 8323 8367 8368
f 8323 8368 8367
v -0.010171 0.402669 -0.117238
v -0.009357 0.405191 -0.117941
v -0.009163 0.406604 -0.120316
v -0.009519 0.406604 -0.123007
v -0.010324 0.405191 -0.125249
v -0.011294 0.402669 -0.125717
v -0.012108 0.400147 -0.125013
v -0.012302 0.398734 -0.122639
v -0.011946 0.398734 -0.119947
v -0.011140 0.400147 -0.117705
v -0.033689 0.411066 -0.115504
v -0.033135 0.412781 -0.115983
v -0.033004 0.413741 -0.117597
v -0.033246 0.413741 -0.119427
v -0.033793 0.412781 -0.120952
v -0.034453 0.411066 -0.121270
v -0.035006 0.409350 -0.120791
v -0.035138 0.408390 -0.119177
v -0.034896 0.408390 -0.117347
v -0.034348 0.409350 -0.115822
f 8369 8370 8380
f 8369 8380 8379
f 8370 8371 8381
f 8370 8381 8380
f 8371 8372 8382
f 8371 8382 8381
f 8372 8373 8383
f 8372 8383 8382
f 8373 8374 8384
f 8373 8384 8383
f 8374 8375 8385
f 8374 8385 8384
f 8375 8376 8386
f 8375 8386 8385
f 8376 8377 8387
f 8376 8387 8386
f 8377 8378 8388
f 8377 8388 8387
f 8378 8369 8379
f 8378 8379 8388
v -0.034071 0.411066 -0.118387
v -0.032874 0.411341 -0.116826
v -0.031558 0.411994 -0.115389
v -0.030095 0.413110 -0.114104
v -0.028489 0.414682 -0.112969
v -0.026763 0.416629 -0.111956
v -0.024961 0.418819 -0.111024
v -0.023137 0.421079 -0.110114
v -0.021349 0.423222 -0.109166
v -0.019658 0.425063 -0.108119
v -0.018112 0.426442 -0.106920
v -0.016750 0.427241 -0.105531
v -0.015590 0.427399 -0.103932
v -0.014633 0.426916 -0.102122
v -0.013860 0.425854 -0.100122
v -0.013232 0.424330 -0.097970
v -0.012701 0.422503 -0.095719
v -0.012206 0.420559 -0.093430
v -0.011689 0.418686 -0.091164
v -0.011096 0.417055 -0.088977
v -0.010383 0.415800 -0.086914
v -0.009526 0.415000 -0.085000
v -0.008523 0.414663 -0.083238
v -0.007401 0.414704 -0.081600
v -0.008598 0.414429 -0.083161
v -0.009914 0.413776 -0.084598
v -0.011376 0.412659 -0.085883
v -0.012983 0.411088 -0.087019
v -0.014708 0.409141 -0.088031
v -0.016510 0.406951 -0.088963
v -0.018335 0.404690 -0.089873
v -0.020122 0.402548 -0.090821
v -0.021814 0.400707 -0.091868
v -0.023360 0.399328 -0.093067
v -0.024722 0.398529 -0.094456
v -0.025882 0.398370 -0.096055
v -0.026838 0.398854 -0.097865
v -0.027612 0.399916 -0.099865
v -0.028239 0.401440 -0.102017
v -0.028771 0.403267 -0.104268
v -0.029266 0.405211 -0.106557
v -0.029783 0.407084 -0.108823
v -0.030376 0.408715 -0.111010
v -0.031089 0.409970 -0.113073
v -0.031945 0.410770 -0.114987
v -0.032948 0.411107 -0.116749
f 8389 8390 8391
f 8389 8391 8390
f 8389 8391 8392
f 8389 8392 8391
f 8389 8392 8393
f 8389 8393 8392
f 8389 8393 8394
f 8389 8394 8393
f 8389 8394 8395
f 8389 8395 8394
f 8389 8395 8396
f 8389 8396 8395
f 8389 8396 8397
f 8389 8397 8396
f 8389 8397 8398
f 8389 8398 8397
f 8389 8398 8399
f 8389 8399 8398
f 8389 8399 8400
f 8389 8400 8399
f 8389 8400 8401
f 8389 8401 8400
f 8389 8401 8402
f 8389 8402 8401
f 8389 8402 8403
f 8389 8403 8402
f 8389 8403 8404
f 8389 8404 8403
f 8389 8404 8405
f 8389 8405 8404
f 8389 8405 8406
f 8389 8406 8405
f 8389 8406 8407
f 8389 8407 8406
f 8389 8407 8408
f 8389 8408 8407
f 8389 8408 8409
f 8389 8409 8408
f 8389 8409 8410
f 8389 8410 8409
f 8389 8410 8411
f 8389 8411 8410
f 8389 8411 8412
f 8389 8412 8411
f 8389 8412 8413
f 8389 8413 8412
f 8389 8413 8414
f 8389 8414 8413
f 8389 8414 8415
f 8389 8415 8414
f 8389 8415 8416
f 8389 8416 8415
f 8389 8416 8417
f 8389 8417 8416
f 8389 8417 8418
f 8389 8418 8417
f 8389 8418 8419
f 8389 8419 8418
f 8389 8419 8420
f 8389 8420 8419
f 8389 8420 8421
f 8389 8421 8420
f 8389 8421 8422
f 8389 8422 8421
f 8389 8422 8423
f 8389 8423 8422
f 8389 8423 8424
f 8389 8424 8423
f 8389 8424 8425
f 8389 8425 8424
f 8389 8425 8426
f 8389 8426 8425
f 8389 8426 8427
f 8389 8427 8426
f 8389 8427 8428
f 8389 8428 8427
f 8389 8428 8429
f 8389 8429 8428
f 8389 8429 8430
f 8389 8430 8429
f 8389 8430 8431
f 8389 8431 8430
f 8389 8431 8432
f 8389 8432 8431
f 8389 8432 8433
f 8389 8433 8432
f 8389 8433 8434
f 8389 8434 8433
v -0.034071 0.411066 -0.118387
v -0.033720 0.410435 -0.121153
v -0.033580 0.409198 -0.123859
v -0.033680 0.407265 -0.126496
v -0.034009 0.404675 -0.129068
v -0.034519 0.401561 -0.131587
v -0.035140 0.398127 -0.134075
v -0.035785 0.394623 -0.136556
v -0.036362 0.391315 -0.139056
v -0.036782 0.388462 -0.141601
v -0.036968 0.386283 -0.144214
v -0.036865 0.384939 -0.146909
v -0.036442 0.384516 -0.149696
v -0.035701 0.385012 -0.152574
v -0.034670 0.386344 -0.155536
v -0.033405 0.388351 -0.158564
v -0.031983 0.390811 -0.161638
v -0.030492 0.393469 -0.164731
v -0.029026 0.396056 -0.167817
v -0.027671 0.398323 -0.170871
v -0.026498 0.400066 -0.173874
v -0.025552 0.401152 -0.176811
v -0.024848 0.401542 -0.179678
v -0.024354 0.401326 -0.182486
v -0.024704 0.401957 -0.179720
v -0.024845 0.403193 -0.177014
v -0.024744 0.405126 -0.174377
v -0.024416 0.407716 -0.171805
v -0.023906 0.410830 -0.169286
v -0.023285 0.414264 -0.166798
v -0.022639 0.417769 -0.164317
v -0.022062 0.421076 -0.161817
v -0.021642 0.423930 -0.159272
v -0.021456 0.426108 -0.156659
v -0.021560 0.427452 -0.153964
v -0.021982 0.427875 -0.151177
v -0.022724 0.427379 -0.148299
v -0.023755 0.426047 -0.145337
v -0.025019 0.424040 -0.142309
v -0.026442 0.421580 -0.139235
v -0.027932 0.418922 -0.136142
v -0.029398 0.416335 -0.133056
v -0.030753 0.414068 -0.130002
v -0.031926 0.412325 -0.126999
v -0.032872 0.411239 -0.124062
v -0.033576 0.410850 -0.121195
f 8435 8436 8437
f 8435 8437 8436
f 8435 8437 8438
f 8435 8438 8437
f 8435 8438 8439
f 8435 8439 8438
f 8435 8439 8440
f 8435 8440 8439
f 8435 8440 8441
f 8435 8441 8440
f 8435 8441 8442
f 8435 8442 8441
f 8435 8442 8443
f 8435 8443 8442
f 8435 8443 8444
f 8435 8444 8443
f 8435 8444 8445
f 8435 8445 8444
f 8435 8445 8446
f 8435 8446 8445
f 8435 8446 8447
f 8435 8447 8446
f 8435 8447 8448
f 8435 8448 8447
f 8435 8448 8449
f 8435 8449 8448
f 8435 8449 8450
f 8435 8450 8449
f 8435 8450 8451
f 8435 8451 8450
f 8435 8451 8452
f 8435 8452 8451
f 8435 8452 8453
f 8435 8453 8452
f 8435 8453 8454
f 8435 8454 8453
f 8435 8454 8455
f 8435 8455 8454
f 8435 8455 8456
f 8435 8456 8455
f 8435 8456 8457
f 8435 8457 8456
f 8435 8457 8458
f 8435 8458 8457
f 8435 8458 8459
f 8435 8459 8458
f 8435 8459 8460
f 8435 8460 8459
f 8435 8460 8461
f 8435 8461 8460
f 8435 8461 8462
f 8435 8462 8461
f 8435 8462 8463
f 8435 8463 8462
f 8435 8463 8464
f 8435 8464 8463
f 8435 8464 8465
f 8435 8465 8464
f 8435 8465 8466
f 8435 8466 8465
f 8435 8466 8467
f 8435 8467 8466
f 8435 8467 8468
f 8435 8468 8467
f 8435 8468 8469
f 8435 8469 8468
f 8435 8469 8470
f 8435 8470 8469
f 8435 8470 8471
f 8435 8471 8470
f 8435 8471 8472
f 8435 8472 8471
f 8435 8472 8473
f 8435 8473 8472
f 8435 8473 8474
f 8435 8474 8473
f 8435 8474 8475
f 8435 8475 8474
f 8435 8475 8476
f 8435 8476 8475
f 8435 8476 8477
f 8435 8477 8476
f 8435 8477 8478
f 8435 8478 8477
f 8435 8478 8479
f 8435 8479 8478
f 8435 8479 8480
f 8435 8480 8479
v -0.006583 0.402669 -0.120445
v -0.006658 0.404381 -0.122586
v -0.008640 0.405339 -0.124267
v -0.011274 0.405339 -0.124923
v -0.013812 0.404381 -0.124366
v -0.014882 0.402669 -0.122510
v -0.014806 0.400957 -0.120369
v -0.012825 0.399999 -0.118687
v -0.010191 0.399999 -0.118032
v -0.007653 0.400957 -0.118589
v -0.011423 0.420171 -0.106658
v -0.011475 0.421335 -0.108114
v -0.012822 0.421987 -0.109257
v -0.014613 0.421987 -0.109703
v -0.016339 0.421335 -0.109324
v -0.017067 0.420171 -0.108062
v -0.017016 0.419007 -0.106606
v -0.015668 0.418355 -0.105463
v -0.013877 0.418355 -0.105017
v -0.012151 0.419007 -0.105396
f 8481 8482 8492
f 8481 8492 8491
f 8482 8483 8493
f 8482 8493 8492
f 8483 8484 8494
f 8483 8494 8493
f 8484 8485 8495
f 8484 8495 8494
f 8485 8486 8496
f 8485 8496 8495
f 8486 8487 8497
f 8486 8497 8496
f 8487 8488 8498
f 8487 8498 8497
f 8488 8489 8499
f 8488 8499 8498
f 8489 8490 8500
f 8489 8500 8499
f 8490 8481 8491
f 8490 8491 8500
v -0.014245 0.420171 -0.107360
v -0.011858 0.419313 -0.106596
v -0.009389 0.418570 -0.105954
v -0.006721 0.418104 -0.105605
v -0.003756 0.418055 -0.105700
v -0.000443 0.418493 -0.106313
v 0.003198 0.419390 -0.107411
v 0.007066 0.420604 -0.108848
v 0.010998 0.421907 -0.110378
v 0.014792 0.423019 -0.111706
v 0.018251 0.423660 -0.112533
v 0.021213 0.423607 -0.112623
v 0.023590 0.422735 -0.111844
v 0.025383 0.421045 -0.110196
v 0.026679 0.418661 -0.107811
v 0.027640 0.415806 -0.104926
v 0.028463 0.412759 -0.101837
v 0.029349 0.409801 -0.098843
v 0.030464 0.407162 -0.096187
v 0.031905 0.404979 -0.094016
v 0.033694 0.403285 -0.092364
v 0.035782 0.402008 -0.091155
v 0.038067 0.401007 -0.090239
v 0.040435 0.400122 -0.089445
v 0.038048 0.400980 -0.090210
v 0.035578 0.401723 -0.090852
v 0.032911 0.402189 -0.091200
v 0.029946 0.402239 -0.091106
v 0.026632 0.401800 -0.090493
v 0.022991 0.400904 -0.089394
v 0.019123 0.399689 -0.087958
v 0.015192 0.398386 -0.086427
v 0.011397 0.397274 -0.085100
v 0.007939 0.396633 -0.084272
v 0.004977 0.396687 -0.084182
v 0.002599 0.397558 -0.084961
v 0.000807 0.399248 -0.086609
v -0.000490 0.401633 -0.088994
v -0.001450 0.404488 -0.091879
v -0.002273 0.407534 -0.094968
v -0.003160 0.410492 -0.097962
v -0.004274 0.413132 -0.100619
v -0.005715 0.415314 -0.102789
v -0.007505 0.417008 -0.104441
v -0.009592 0.418285 -0.105651
v -0.011878 0.419286 -0.106567
f 8501 8502 8503
f 8501 8503 8502
f 8501 8503 8504
f 8501 8504 8503
f 8501 8504 8505
f 8501 8505 8504
f 8501 8505 8506
f 8501 8506 8505
f 8501 8506 8507
f 8501 8507 8506
f 8501 8507 8508
f 8501 8508 8507
f 8501 8508 8509
f 8501 8509 8508
f 8501 8509 8510
f 8501 8510 8509
f 8501 8510 8511
f 8501 8511 8510
f 8501 8511 8512
f 8501 8512 8511
f 8501 8512 8513
f 8501 8513 8512
f 8501 8513 8514
f 8501 8514 8513
f 8501 8514 8515
f 8501 8515 8514
f 8501 8515 8516
f 8501 8516 8515
f 8501 8516 8517
f 8501 8517 8516
f 8501 8517 8518
f 8501 8518 8517
f 8501 8518 8519
f 8501 8519 8518
f 8501 8519 8520
f 8501 8520 8519
f 8501 8520 8521
f 8501 8521 8520
f 8501 8521 8522
f 8501 8522 8521
f 8501 8522 8523
f 8501 8523 8522
f 8501 8523 8524
f 8501 8524 8523
f 8501 8524 8525
f 8501 8525 8524
f 8501 8525 8526
f 8501 8526 8525
f 8501 8526 8527
f 8501 8527 8526
f 8501 8527 8528
f 8501 8528 8527
f 8501 8528 8529
f 8501 8529 8528
f 8501 8529 8530
f 8501 8530 8529
f 8501 8530 8531
f 8501 8531 8530
f 8501 8531 8532
f 8501 8532 8531
f 8501 8532 8533
f 8501 8533 8532
f 8501 8533 8534
f 8501 8534 8533
f 8501 8534 8535
f 8501 8535 8534
f 8501 8535 8536
f 8501 8536 8535
f 8501 8536 8537
f 8501 8537 8536
f 8501 8537 8538
f 8501 8538 8537
f 8501 8538 8539
f 8501 8539 8538
f 8501 8539 8540
f 8501 8540 8539
f 8501 8540 8541
f 8501 8541 8540
f 8501 8541 8542
f 8501 8542 8541
f 8501 8542 8543
f 8501 8543 8542
f 8501 8543 8544
f 8501 8544 8543
f 8501 8544 8545
f 8501 8545 8544
f 8501 8545 8546
f 8501 8546 8545
v -0.014245 0.420171 -0.107360
v -0.015570 0.419472 -0.108549
v -0.016997 0.418584 -0.109530
v -0.018580 0.417410 -0.110195
v -0.020338 0.415914 -0.110504
v -0.022259 0.414119 -0.110483
v -0.024301 0.412102 -0.110217
v -0.026399 0.409981 -0.109837
v -0.028475 0.407902 -0.109501
v -0.030448 0.406012 -0.109376
v -0.032243 0.404447 -0.109609
v -0.033806 0.403310 -0.110314
v -0.035108 0.402653 -0.111550
v -0.036147 0.402477 -0.113318
v -0.036954 0.402729 -0.115556
v -0.037584 0.403305 -0.118154
v -0.038111 0.404071 -0.120962
v -0.038615 0.404879 -0.123815
v -0.039176 0.405582 -0.126553
v -0.039857 0.406064 -0.129046
v -0.040702 0.406247 -0.131209
v -0.041721 0.406107 -0.133017
v -0.042897 0.405682 -0.134508
v -0.044175 0.405068 -0.135791
v -0.042850 0.405767 -0.134602
v -0.041423 0.406655 -0.133621
v -0.039840 0.407829 -0.132956
v -0.038082 0.409325 -0.132647
v -0.036161 0.411120 -0.132668
v -0.034119 0.413137 -0.132934
v -0.032021 0.415257 -0.133314
v -0.029945 0.417337 -0.133650
v -0.027973 0.419227 -0.133775
v -0.026177 0.420791 -0.133542
v -0.024614 0.421929 -0.132837
v -0.023313 0.422586 -0.131601
v -0.022273 0.422761 -0.129834
v -0.021466 0.422510 -0.127595
v -0.020836 0.421934 -0.124997
v -0.020310 0.421167 -0.122189
v -0.019805 0.420360 -0.119337
v -0.019244 0.419656 -0.116598
v -0.018563 0.419175 -0.114105
v -0.017719 0.418992 -0.111942
v -0.016699 0.419131 -0.110135
v -0.015523 0.419557 -0.108643
f 8547 8548 8549
f 8547 8549 8548
f 8547 8549 8550
f 8547 8550 8549
f 8547 8550 8551
f 8547 8551 8550
f 8547 8551 8552
f 8547 8552 8551
f 8547 8552 8553
f 8547 8553 8552
f 8547 8553 8554
f 8547 8554 8553
f 8547 8554 8555
f 8547 8555 8554
f 8547 8555 8556
f 8547 8556 8555
f 8547 8556 8557
f 8547 8557 8556
f 8547 8557 8558
f 8547 8558 8557
f 8547 8558 8559
f 8547 8559 8558
f 8547 8559 8560
f 8547 8560 8559
f 8547 8560 8561
f 8547 8561 8560
f 8547 8561 8562
f 8547 8562 8561
f 8547 8562 8563
f 8547 8563 8562
f 8547 8563 8564
f 8547 8564 8563
f 8547 8564 8565
f 8547 8565 8564
f 8547 8565 8566
f 8547 8566 8565
f 8547 8566 8567
f 8547 8567 8566
f 8547 8567 8568
f 8547 8568 8567
f 8547 8568 8569
f 8547 8569 8568
f 8547 8569 8570
f 8547 8570 8569
f 8547 8570 8571
f 8547 8571 8570
f 8547 8571 8572
f 8547 8572 8571
f 8547 8572 8573
f 8547 8573 8572
f 8547 8573 8574
f 8547 8574 8573
f 8547 8574 8575
f 8547 8575 8574
f 8547 8575 8576
f 8547 8576 8575
f 8547 8576 8577
f 8547 8577 8576
f 8547 8577 8578
f 8547 8578 8577
f 8547 8578 8579
f 8547 8579 8578
f 8547 8579 8580
f 8547 8580 8579
f 8547 8580 8581
f 8547 8581 8580
f 8547 8581 8582
f 8547 8582 8581
f 8547 8582 8583
f 8547 8583 8582
f 8547 8583 8584
f 8547 8584 8583
f 8547 8584 8585
f 8547 8585 8584
f 8547 8585 8586
f 8547 8586 8585
f 8547 8586 8587
f 8547 8587 8586
f 8547 8587 8588
f 8547 8588 8587
f 8547 8588 8589
f 8547 8589 8588
f 8547 8589 8590
f 8547 8590 8589
f 8547 8590 8591
f 8547 8591 8590
f 8547 8591 8592
f 8547 8592 8591
v -0.014891 0.402669 -0.122473
v -0.014833 0.404175 -0.120182
v -0.012857 0.405018 -0.118434
v -0.010217 0.405018 -0.117802
v -0.007664 0.404175 -0.118465
v -0.006574 0.402669 -0.120481
v -0.006632 0.401163 -0.122772
v -0.008608 0.400320 -0.124521
v -0.011248 0.400320 -0.125153
v -0.013801 0.401163 -0.124489
v -0.010487 0.422079 -0.134989
v -0.010447 0.423102 -0.133431
v -0.009104 0.423676 -0.132242
v -0.007308 0.423676 -0.131813
v -0.005572 0.423102 -0.132264
v -0.004831 0.422079 -0.133635
v -0.004871 0.421055 -0.135193
v -0.006214 0.420481 -0.136382
v -0.008010 0.420481 -0.136811
v -0.009746 0.421055 -0.136360
f 8593 8594 8604
f 8593 8604 8603
f 8594 8595 8605
f 8594 8605 8604
f 8595 8596 8606
f 8595 8606 8605
f 8596 8597 8607
f 8596 8607 8606
f 8597 8598 8608
f 8597 8608 8607
f 8598 8599 8609
f 8598 8609 8608
f 8599 8600 8610
f 8599 8610 8609
f 8600 8601 8611
f 8600 8611 8610
f 8601 8602 8612
f 8601 8612 8611
f 8602 8593 8603
f 8602 8603 8612
v -0.007659 0.422079 -0.134312
v -0.009734 0.422020 -0.134147
v -0.011808 0.422166 -0.133672
v -0.013880 0.422596 -0.132766
v -0.015950 0.423328 -0.131405
v -0.018017 0.424325 -0.129642
v -0.020084 0.425508 -0.127596
v -0.022149 0.426765 -0.125438
v -0.024216 0.427967 -0.123365
v -0.026283 0.428983 -0.121573
v -0.028353 0.429695 -0.120241
v -0.030426 0.430018 -0.119498
v -0.032501 0.429906 -0.119414
v -0.034580 0.429358 -0.119989
v -0.036662 0.428421 -0.121153
v -0.038745 0.427181 -0.122776
v -0.040831 0.425755 -0.124682
v -0.042916 0.424273 -0.126672
v -0.045001 0.422865 -0.128549
v -0.047085 0.421644 -0.130145
v -0.049167 0.420688 -0.131338
v -0.051246 0.420033 -0.132075
v -0.053324 0.419662 -0.132383
v -0.055400 0.419497 -0.132379
v -0.053325 0.419556 -0.132544
v -0.051251 0.419409 -0.133020
v -0.049179 0.418979 -0.133925
v -0.047109 0.418248 -0.135286
v -0.045042 0.417251 -0.137050
v -0.042975 0.416067 -0.139095
v -0.040909 0.414810 -0.141253
v -0.038843 0.413608 -0.143327
v -0.036776 0.412593 -0.145118
v -0.034706 0.411880 -0.146451
v -0.032633 0.411557 -0.147194
v -0.030558 0.411669 -0.147278
v -0.028479 0.412217 -0.146703
v -0.026397 0.413154 -0.145538
v -0.024313 0.414394 -0.143915
v -0.022228 0.415820 -0.142009
v -0.020143 0.417302 -0.140019
v -0.018058 0.418710 -0.138142
v -0.015974 0.419931 -0.136547
v -0.013892 0.420887 -0.135354
v -0.011813 0.421542 -0.134616
v -0.009735 0.421913 -0.134309
f 8613 8614 8615
f 8613 8615 8614
f 8613 8615 8616
f 8613 8616 8615
f 8613 8616 8617
f 8613 8617 8616
f 8613 8617 8618
f 8613 8618 8617
f 8613 8618 8619
f 8613 8619 8618
f 8613 8619 8620
f 8613 8620 8619
f 8613 8620 8621
f 8613 8621 8620
f 8613 8621 8622
f 8613 8622 8621
f 8613 8622 8623
f 8613 8623 8622
f 8613 8623 8624
f 8613 8624 8623
f 8613 8624 8625
f 8613 8625 8624
f 8613 8625 8626
f 8613 8626 8625
f 8613 8626 8627
f 8613 8627 8626
f 8613 8627 8628
f 8613 8628 8627
f 8613 8628 8629
f 8613 8629 8628
f 8613 8629 8630
f 8613 8630 8629
f 8613 8630 8631
f 8613 8631 8630
f 8613 8631 8632
f 8613 8632 8631
f 8613 8632 8633
f 8613 8633 8632
f 8613 8633 8634
f 8613 8634 8633
f 8613 8634 8635
f 8613 8635 8634
f 8613 8635 8636
f 8613 8636 8635
f 8613 8636 8637
f 8613 8637 8636
f 8613 8637 8638
f 8613 8638 8637
f 8613 8638 8639
f 8613 8639 8638
f 8613 8639 8640
f 8613 8640 8639
f 8613 8640 8641
f 8613 8641 8640
f 8613 8641 8642
f 8613 8642 8641
f 8613 8642 8643
f 8613 8643 8642
f 8613 8643 8644
f 8613 8644 8643
f 8613 8644 8645
f 8613 8645 8644
f 8613 8645 8646
f 8613 8646 8645
f 8613 8646 8647
f 8613 8647 8646
f 8613 8647 8648
f 8613 8648 8647
f 8613 8648 8649
f 8613 8649 8648
f 8613 8649 8650
f 8613 8650 8649
f 8613 8650 8651
f 8613 8651 8650
f 8613 8651 8652
f 8613 8652 8651
f 8613 8652 8653
f 8613 8653 8652
f 8613 8653 8654
f 8613 8654 8653
f 8613 8654 8655
f 8613 8655 8654
f 8613 8655 8656
f 8613 8656 8655
f 8613 8656 8657
f 8613 8657 8656
f 8613 8657 8658
f 8613 8658 8657
v -0.007659 0.422079 -0.134312
v -0.006281 0.421311 -0.133066
v -0.004807 0.420411 -0.131998
v -0.003165 0.419273 -0.131249
v -0.001310 0.417837 -0.130899
v 0.000759 0.416100 -0.130954
v 0.003004 0.414118 -0.131337
v 0.005346 0.411998 -0.131905
v 0.007684 0.409884 -0.132466
v 0.009908 0.407931 -0.132810
v 0.011912 0.406286 -0.132742
v 0.013616 0.405061 -0.132109
v 0.014978 0.404317 -0.130831
v 0.015997 0.404054 -0.128908
v 0.016716 0.404212 -0.126421
v 0.017216 0.404677 -0.123521
v 0.017601 0.405304 -0.120404
v 0.017982 0.405936 -0.117281
v 0.018462 0.406430 -0.114342
v 0.019116 0.406679 -0.111732
v 0.019984 0.406627 -0.109526
v 0.021065 0.406277 -0.107719
v 0.022315 0.405690 -0.106231
v 0.023660 0.404970 -0.104922
v 0.022282 0.405737 -0.106168
v 0.020808 0.406637 -0.107236
v 0.019166 0.407775 -0.107985
v 0.017311 0.409211 -0.108334
v 0.015241 0.410948 -0.108280
v 0.012997 0.412930 -0.107897
v 0.010655 0.415050 -0.107329
v 0.008317 0.417164 -0.106768
v 0.006093 0.419117 -0.106424
v 0.004089 0.420762 -0.106492
v 0.002385 0.421987 -0.107125
v 0.001023 0.422731 -0.108402
v 0.000004 0.422994 -0.110326
v -0.000715 0.422837 -0.112813
v -0.001215 0.422371 -0.115713
v -0.001600 0.421745 -0.118830
v -0.001981 0.421112 -0.121953
v -0.002461 0.420618 -0.124892
v -0.003115 0.420369 -0.127502
v -0.003983 0.420421 -0.129708
v -0.005064 0.420771 -0.131515
v -0.006314 0.421358 -0.133003
f 8659 8660 8661
f 8659 8661 8660
f 8659 8661 8662
f 8659 8662 8661
f 8659 8662 8663
f 8659 8663 8662
f 8659 8663 8664
f 8659 8664 8663
f 8659 8664 8665
f 8659 8665 8664
f 8659 8665 8666
f 8659 8666 8665
f 8659 8666 8667
f 8659 8667 8666
f 8659 8667 8668
f 8659 8668 8667
f 8659 8668 8669
f 8659 8669 8668
f 8659 8669 8670
f 8659 8670 8669
f 8659 8670 8671
f 8659 8671 8670
f 8659 8671 8672
f 8659 8672 8671
f 8659 8672 8673
f 8659 8673 8672
f 8659 8673 8674
f 8659 8674 8673
f 8659 8674 8675
f 8659 8675 8674
f 8659 8675 8676
f 8659 8676 8675
f 8659 8676 8677
f 8659 8677 8676
f 8659 8677 8678
f 8659 8678 8677
f 8659 8678 8679
f 8659 8679 8678
f 8659 8679 8680
f 8659 8680 8679
f 8659 8680 8681
f 8659 8681 8680
f 8659 8681 8682
f 8659 8682 8681
f 8659 8682 8683
f 8659 8683 8682
f 8659 8683 8684
f 8659 8684 8683
f 8659 8684 8685
f 8659 8685 8684
f 8659 8685 8686
f 8659 8686 8685
f 8659 8686 8687
f 8659 8687 8686
f 8659 8687 8688
f 8659 8688 8687
f 8659 8688 8689
f 8659 8689 8688
f 8659 8689 8690
f 8659 8690 8689
f 8659 8690 8691
f 8659 8691 8690
f 8659 8691 8692
f 8659 8692 8691
f 8659 8692 8693
f 8659 8693 8692
f 8659 8693 8694
f 8659 8694 8693
f 8659 8694 8695
f 8659 8695 8694
f 8659 8695 8696
f 8659 8696 8695
f 8659 8696 8697
f 8659 8697 8696
f 8659 8697 8698
f 8659 8698 8697
f 8659 8698 8699
f 8659 8699 8698
f 8659 8699 8700
f 8659 8700 8699
f 8659 8700 8701
f 8659 8701 8700
f 8659 8701 8702
f 8659 8702 8701
f 8659 8702 8703
f 8659 8703 8702
f 8659 8703 8704
f 8659 8704 8703
v 0.000468 0.365891 -0.131722
v -0.000859 0.368012 -0.128559
v 0.000730 0.369200 -0.125002
v 0.003900 0.369200 -0.122576
v 0.007749 0.368012 -0.121970
v 0.010455 0.365891 -0.124077
v 0.011783 0.363771 -0.127240
v 0.010193 0.362583 -0.130797
v 0.007023 0.362583 -0.133223
v 0.003175 0.363771 -0.133829
v 0.014517 0.397943 -0.146765
v 0.013614 0.399385 -0.144614
v 0.014695 0.400193 -0.142195
v 0.016851 0.400193 -0.140545
v 0.019468 0.399385 -0.140133
v 0.021308 0.397943 -0.141566
v 0.022211 0.396501 -0.143717
v 0.021130 0.395693 -0.146135
v 0.018974 0.395693 -0.147785
v 0.016357 0.396501 -0.148197
f 8705 8706 8716
f 8705 8716 8715
f 8706 8707 8717
f 8706 8717 8716
f 8707 8708 8718
f 8707 8718 8717
f 8708 8709 8719
f 8708 8719 8718
f 8709 8710 8720
f 8709 8720 8719
f 8710 8711 8721
f 8710 8721 8720
f 8711 8712 8722
f 8711 8722 8721
f 8712 8713 8723
f 8712 8723 8722
f 8713 8714 8724
f 8713 8724 8723
f 8714 8705 8715
f 8714 8715 8724
v 0.017913 0.397943 -0.144165
v 0.016481 0.397043 -0.144762
v 0.014959 0.396224 -0.145270
v 0.013241 0.395579 -0.145582
v 0.011243 0.395186 -0.145614
v 0.008930 0.395075 -0.145333
v 0.006332 0.395217 -0.144768
v 0.003547 0.395527 -0.144017
v 0.000723 0.395873 -0.143226
v -0.001964 0.396096 -0.142572
v -0.004344 0.396044 -0.142223
v -0.006282 0.395597 -0.142316
v -0.007702 0.394686 -0.142925
v -0.008605 0.393314 -0.144049
v -0.009066 0.391545 -0.145614
v -0.009219 0.389502 -0.147486
v -0.009235 0.387336 -0.149493
v -0.009291 0.385206 -0.151461
v -0.009534 0.383243 -0.153243
v -0.010061 0.381535 -0.154741
v -0.010904 0.380107 -0.155926
v -0.012026 0.378931 -0.156831
v -0.013346 0.377931 -0.157540
v -0.014754 0.377010 -0.158161
v -0.013322 0.377910 -0.157564
v -0.011801 0.378729 -0.157056
v -0.010083 0.379374 -0.156744
v -0.008084 0.379767 -0.156712
v -0.005771 0.379878 -0.156993
v -0.003174 0.379736 -0.157558
v -0.000389 0.379426 -0.158309
v 0.002435 0.379081 -0.159100
v 0.005123 0.378857 -0.159754
v 0.007503 0.378909 -0.160103
v 0.009441 0.379356 -0.160010
v 0.010861 0.380267 -0.159401
v 0.011764 0.381639 -0.158277
v 0.012224 0.383408 -0.156712
v 0.012377 0.385451 -0.154840
v 0.012394 0.387617 -0.152833
v 0.012450 0.389747 -0.150865
v 0.012693 0.391710 -0.149083
v 0.013220 0.393418 -0.147584
v 0.014062 0.394846 -0.146400
v 0.015185 0.396022 -0.145495
v 0.016504 0.397022 -0.144786
f 8725 8726 8727
f 8725 8727 8726
f 8725 8727 8728
f 8725 8728 8727
f 8725 8728 8729
f 8725 8729 8728
f 8725 8729 8730
f 8725 8730 8729
f 8725 8730 8731
f 8725 8731 8730
f 8725 8731 8732
f 8725 8732 8731
f 8725 8732 8733
f 8725 8733 8732
f 8725 8733 8734
f 8725 8734 8733
f 8725 8734 8735
f 8725 8735 8734
f 8725 8735 8736
f 8725 8736 8735
f 8725 8736 8737
f 8725 8737 8736
f 8725 8737 8738
f 8725 8738 8737
f 8725 8738 8739
f 8725 8739 8738
f 8725 8739 8740
f 8725 8740 8739
f 8725 8740 8741
f 8725 8741 8740
f 8725 8741 8742
f 8725 8742 8741
f 8725 8742 8743
f 8725 8743 8742
f 8725 8743 8744
f 8725 8744 8743
f 8725 8744 8745
f 8725 8745 8744
f 8725 8745 8746
f 8725 8746 8745
f 8725 8746 8747
f 8725 8747 8746
f 8725 8747 8748
f 8725 8748 8747
f 8725 8748 8749
f 8725 8749 8748
f 8725 8749 8750
f 8725 8750 8749
f 8725 8750 8751
f 8725 8751 8750
f 8725 8751 8752
f 8725 8752 8751
f 8725 8752 8753
f 8725 8753 8752
f 8725 8753 8754
f 8725 8754 8753
f 8725 8754 8755
f 8725 8755 8754
f 8725 8755 8756
f 8725 8756 8755
f 8725 8756 8757
f 8725 8757 8756
f 8725 8757 8758
f 8725 8758 8757
f 8725 8758 8759
f 8725 8759 8758
f 8725 8759 8760
f 8725 8760 8759
f 8725 8760 8761
f 8725 8761 8760
f 8725 8761 8762
f 8725 8762 8761
f 8725 8762 8763
f 8725 8763 8762
f 8725 8763 8764
f 8725 8764 8763
f 8725 8764 8765
f 8725 8765 8764
f 8725 8765 8766
f 8725 8766 8765
f 8725 8766 8767
f 8725 8767 8766
f 8725 8767 8768
f 8725 8768 8767
f 8725 8768 8769
f 8725 8769 8768
f 8725 8769 8770
f 8725 8770 8769
v 0.014453 0.397943 -0.146679
v 0.014394 0.400460 -0.145592
v 0.015977 0.401870 -0.143810
v 0.018173 0.401870 -0.142215
v 0.020358 0.400460 -0.141260
v 0.021372 0.397943 -0.141652
v 0.021432 0.395426 -0.142738
v 0.019848 0.394016 -0.144521
v 0.017652 0.394016 -0.146116
v 0.015467 0.395426 -0.147071
v 0.028307 0.405814 -0.163423
v 0.028267 0.407525 -0.162684
v 0.029344 0.408484 -0.161472
v 0.030837 0.408484 -0.160387
v 0.032323 0.407525 -0.159738
v 0.033013 0.405814 -0.160005
v 0.033053 0.404102 -0.160743
v 0.031976 0.403143 -0.161955
v 0.030483 0.403143 -0.163040
v 0.028997 0.404102 -0.163689
f 8771 8772 8782
f 8771 8782 8781
f 8772 8773 8783
f 8772 8783 8782
f 8773 8774 8784
f 8773 8784 8783
f 8774 8775 8785
f 8774 8785 8784
f 8775 8776 8786
f 8775 8786 8785
f 8776 8777 8787
f 8776 8787 8786
f 8777 8778 8788
f 8777 8788 8787
f 8778 8779 8789
f 8778 8789 8788
f 8779 8780 8790
f 8779 8790 8789
f 8780 8771 8781
f 8780 8781 8790
v 0.030660 0.405814 -0.161714
v 0.028757 0.404891 -0.162454
v 0.026744 0.404174 -0.163182
v 0.024520 0.403857 -0.163884
v 0.022015 0.404068 -0.164553
v 0.019214 0.404836 -0.165187
v 0.016162 0.406080 -0.165791
v 0.012957 0.407611 -0.166377
v 0.009739 0.409165 -0.166961
v 0.006667 0.410445 -0.167563
v 0.003891 0.411167 -0.168199
v 0.001528 0.411111 -0.168885
v -0.000358 0.410156 -0.169628
v -0.001768 0.408304 -0.170427
v -0.002765 0.405674 -0.171275
v -0.003466 0.402486 -0.172159
v -0.004022 0.399023 -0.173059
v -0.004590 0.395584 -0.173958
v -0.005310 0.392432 -0.174840
v -0.006282 0.389754 -0.175691
v -0.007550 0.387635 -0.176507
v -0.009099 0.386044 -0.177289
v -0.010860 0.384853 -0.178047
v -0.012729 0.383867 -0.178791
v -0.010826 0.384789 -0.178051
v -0.008813 0.385506 -0.177323
v -0.006589 0.385824 -0.176621
v -0.004084 0.385613 -0.175952
v -0.001284 0.384844 -0.175318
v 0.001769 0.383601 -0.174714
v 0.004974 0.382070 -0.174128
v 0.008192 0.380515 -0.173544
v 0.011264 0.379236 -0.172942
v 0.014040 0.378514 -0.172306
v 0.016403 0.378570 -0.171620
v 0.018289 0.379524 -0.170877
v 0.019699 0.381377 -0.170078
v 0.020696 0.384007 -0.169230
v 0.021397 0.387195 -0.168346
v 0.021953 0.390658 -0.167446
v 0.022520 0.394097 -0.166547
v 0.023241 0.397249 -0.165665
v 0.024213 0.399926 -0.164814
v 0.025481 0.402045 -0.163998
v 0.027030 0.403636 -0.163216
v 0.028790 0.404828 -0.162458
f 8791 8792 8793
f 8791 8793 8792
f 8791 8793 8794
f 8791 8794 8793
f 8791 8794 8795
f 8791 8795 8794
f 8791 8795 8796
f 8791 8796 8795
f 8791 8796 8797
f 8791 8797 8796
f 8791 8797 8798
f 8791 8798 8797
f 8791 8798 8799
f 8791 8799 8798
f 8791 8799 8800
f 8791 8800 8799
f 8791 8800 8801
f 8791 8801 8800
f 8791 8801 8802
f 8791 8802 8801
f 8791 8802 8803
f 8791 8803 8802
f 8791 8803 8804
f 8791 8804 8803
f 8791 8804 8805
f 8791 8805 8804
f 8791 8805 8806
f 8791 8806 8805
f 8791 8806 8807
f 8791 8807 8806
f 8791 8807 8808
f 8791 8808 8807
f 8791 8808 8809
f 8791 8809 8808
f 8791 8809 8810
f 8791 8810 8809
f 8791 8810 8811
f 8791 8811 8810
f 8791 8811 8812
f 8791 8812 8811
f 8791 8812 8813
f 8791 8813 8812
f 8791 8813 8814
f 8791 8814 8813
f 8791 8814 8815
f 8791 8815 8814
f 8791 8815 8816
f 8791 8816 8815
f 8791 8816 8817
f 8791 8817 8816
f 8791 8817 8818
f 8791 8818 8817
f 8791 8818 8819
f 8791 8819 8818
f 8791 8819 8820
f 8791 8820 8819
f 8791 8820 8821
f 8791 8821 8820
f 8791 8821 8822
f 8791 8822 8821
f 8791 8822 8823
f 8791 8823 8822
f 8791 8823 8824
f 8791 8824 8823
f 8791 8824 8825
f 8791 8825 8824
f 8791 8825 8826
f 8791 8826 8825
f 8791 8826 8827
f 8791 8827 8826
f 8791 8827 8828
f 8791 8828 8827
f 8791 8828 8829
f 8791 8829 8828
f 8791 8829 8830
f 8791 8830 8829
f 8791 8830 8831
f 8791 8831 8830
f 8791 8831 8832
f 8791 8832 8831
f 8791 8832 8833
f 8791 8833 8832
f 8791 8833 8834
f 8791 8834 8833
f 8791 8834 8835
f 8791 8835 8834
f 8791 8835 8836
f 8791 8836 8835
v 0.016386 0.397943 -0.140171
v 0.018548 0.399618 -0.139977
v 0.020472 0.400556 -0.141734
v 0.021442 0.400556 -0.144269
v 0.021180 0.399618 -0.146862
v 0.019440 0.397943 -0.148160
v 0.017277 0.396268 -0.148354
v 0.015353 0.395330 -0.146597
v 0.014384 0.395330 -0.144061
v 0.014645 0.396268 -0.141469
v 0.003317 0.416043 -0.146632
v 0.004788 0.417182 -0.146500
v 0.006096 0.417820 -0.147695
v 0.006755 0.417820 -0.149419
v 0.006578 0.417182 -0.151182
v 0.005394 0.416043 -0.152065
v 0.003924 0.414904 -0.152197
v 0.002615 0.414266 -0.151002
v 0.001956 0.414266 -0.149278
v 0.002134 0.414904 -0.147515
f 8837 8838 8848
f 8837 8848 8847
f 8838 8839 8849
f 8838 8849 8848
f 8839 8840 8850
f 8839 8850 8849
f 8840 8841 8851
f 8840 8851 8850
f 8841 8842 8852
f 8841 8852 8851
f 8842 8843 8853
f 8842 8853 8852
f 8843 8844 8854
f 8843 8854 8853
f 8844 8845 8855
f 8844 8855 8854
f 8845 8846 8856
f 8845 8856 8855
f 8846 8837 8847
f 8846 8847 8856
v 0.004356 0.416043 -0.149348
v 0.004526 0.416235 -0.146936
v 0.004960 0.416618 -0.144549
v 0.005835 0.417320 -0.142203
v 0.007239 0.418402 -0.139908
v 0.009158 0.419857 -0.137662
v 0.011482 0.421604 -0.135455
v 0.014018 0.423504 -0.133267
v 0.016521 0.425380 -0.131077
v 0.018726 0.427041 -0.128858
v 0.020392 0.428313 -0.126588
v 0.021334 0.429063 -0.124249
v 0.021452 0.429218 -0.121831
v 0.020746 0.428778 -0.119335
v 0.019317 0.427816 -0.116771
v 0.017348 0.426464 -0.114155
v 0.015081 0.424898 -0.111511
v 0.012781 0.423308 -0.108863
v 0.010694 0.421871 -0.106236
v 0.009011 0.420726 -0.103647
v 0.007843 0.419953 -0.101108
v 0.007204 0.419561 -0.098618
v 0.007007 0.419488 -0.096171
v 0.007073 0.419606 -0.093749
v 0.006904 0.419414 -0.096161
v 0.006470 0.419031 -0.098548
v 0.005594 0.418329 -0.100894
v 0.004190 0.417247 -0.103189
v 0.002271 0.415792 -0.105435
v -0.000053 0.414045 -0.107643
v -0.002589 0.412145 -0.109830
v -0.005091 0.410269 -0.112020
v -0.007297 0.408608 -0.114239
v -0.008963 0.407336 -0.116509
v -0.009905 0.406586 -0.118848
v -0.010023 0.406431 -0.121266
v -0.009317 0.406871 -0.123762
v -0.007888 0.407833 -0.126326
v -0.005919 0.409185 -0.128942
v -0.003652 0.410751 -0.131586
v -0.001352 0.412341 -0.134234
v 0.000735 0.413778 -0.136861
v 0.002418 0.414923 -0.139450
v 0.003586 0.415696 -0.141989
v 0.004225 0.416088 -0.144479
v 0.004422 0.416161 -0.146926
f 8857 8858 8859
f 8857 8859 8858
f 8857 8859 8860
f 8857 8860 8859
f 8857 8860 8861
f 8857 8861 8860
f 8857 8861 8862
f 8857 8862 8861
f 8857 8862 8863
f 8857 8863 8862
f 8857 8863 8864
f 8857 8864 8863
f 8857 8864 8865
f 8857 8865 8864
f 8857 8865 8866
f 8857 8866 8865
f 8857 8866 8867
f 8857 8867 8866
f 8857 8867 8868
f 8857 8868 8867
f 8857 8868 8869
f 8857 8869 8868
f 8857 8869 8870
f 8857 8870 8869
f 8857 8870 8871
f 8857 8871 8870
f 8857 8871 8872
f 8857 8872 8871
f 8857 8872 8873
f 8857 8873 8872
f 8857 8873 8874
f 8857 8874 8873
f 8857 8874 8875
f 8857 8875 8874
f 8857 8875 8876
f 8857 8876 8875
f 8857 8876 8877
f 8857 8877 8876
f 8857 8877 8878
f 8857 8878 8877
f 8857 8878 8879
f 8857 8879 8878
f 8857 8879 8880
f 8857 8880 8879
f 8857 8880 8881
f 8857 8881 8880
f 8857 8881 8882
f 8857 8882 8881
f 8857 8882 8883
f 8857 8883 8882
f 8857 8883 8884
f 8857 8884 8883
f 8857 8884 8885
f 8857 8885 8884
f 8857 8885 8886
f 8857 8886 8885
f 8857 8886 8887
f 8857 8887 8886
f 8857 8887 8888
f 8857 8888 8887
f 8857 8888 8889
f 8857 8889 8888
f 8857 8889 8890
f 8857 8890 8889
f 8857 8890 8891
f 8857 8891 8890
f 8857 8891 8892
f 8857 8892 8891
f 8857 8892 8893
f 8857 8893 8892
f 8857 8893 8894
f 8857 8894 8893
f 8857 8894 8895
f 8857 8895 8894
f 8857 8895 8896
f 8857 8896 8895
f 8857 8896 8897
f 8857 8897 8896
f 8857 8897 8898
f 8857 8898 8897
f 8857 8898 8899
f 8857 8899 8898
f 8857 8899 8900
f 8857 8900 8899
f 8857 8900 8901
f 8857 8901 8900
f 8857 8901 8902
f 8857 8902 8901
v 0.004356 0.416043 -0.149348
v 0.005602 0.414683 -0.151281
v 0.006458 0.413012 -0.153281
v 0.006795 0.410927 -0.155372
v 0.006597 0.408413 -0.157557
v 0.005934 0.405529 -0.159822
v 0.004955 0.402391 -0.162143
v 0.003859 0.399160 -0.164485
v 0.002875 0.396018 -0.166807
v 0.002230 0.393148 -0.169069
v 0.002126 0.390709 -0.171237
v 0.002710 0.388821 -0.173285
v 0.004063 0.387547 -0.175199
v 0.006183 0.386886 -0.176978
v 0.008993 0.386776 -0.178638
v 0.012343 0.387097 -0.180202
v 0.016033 0.387690 -0.181708
v 0.019834 0.388372 -0.183194
v 0.023518 0.388961 -0.184700
v 0.026886 0.389296 -0.186262
v 0.029790 0.389261 -0.187904
v 0.032157 0.388798 -0.189641
v 0.034006 0.387920 -0.191467
v 0.035466 0.386731 -0.193362
v 0.034220 0.388091 -0.191430
v 0.033364 0.389762 -0.189430
v 0.033026 0.391847 -0.187339
v 0.033225 0.394361 -0.185154
v 0.033887 0.397245 -0.182888
v 0.034866 0.400383 -0.180567
v 0.035962 0.403614 -0.178226
v 0.036947 0.406756 -0.175904
v 0.037592 0.409626 -0.173642
v 0.037696 0.412065 -0.171473
v 0.037111 0.413953 -0.169426
v 0.035759 0.415227 -0.167512
v 0.033638 0.415888 -0.165732
v 0.030829 0.415998 -0.164073
v 0.027479 0.415677 -0.162509
v 0.023789 0.415084 -0.161003
v 0.019988 0.414402 -0.159517
v 0.016303 0.413813 -0.158011
v 0.012936 0.413478 -0.156449
v 0.010032 0.413513 -0.154807
v 0.007664 0.413976 -0.153070
v 0.005815 0.414854 -0.151243
f 8903 8904 8905
f 8903 8905 8904
f 8903 8905 8906
f 8903 8906 8905
f 8903 8906 8907
f 8903 8907 8906
f 8903 8907 8908
f 8903 8908 8907
f 8903 8908 8909
f 8903 8909 8908
f 8903 8909 8910
f 8903 8910 8909
f 8903 8910 8911
f 8903 8911 8910
f 8903 8911 8912
f 8903 8912 8911
f 8903 8912 8913
f 8903 8913 8912
f 8903 8913 8914
f 8903 8914 8913
f 8903 8914 8915
f 8903 8915 8914
f 8903 8915 8916
f 8903 8916 8915
f 8903 8916 8917
f 8903 8917 8916
f 8903 8917 8918
f 8903 8918 8917
f 8903 8918 8919
f 8903 8919 8918
f 8903 8919 8920
f 8903 8920 8919
f 8903 8920 8921
f 8903 8921 8920
f 8903 8921 8922
f 8903 8922 8921
f 8903 8922 8923
f 8903 8923 8922
f 8903 8923 8924
f 8903 8924 8923
f 8903 8924 8925
f 8903 8925 8924
f 8903 8925 8926
f 8903 8926 8925
f 8903 8926 8927
f 8903 8927 8926
f 8903 8927 8928
f 8903 8928 8927
f 8903 8928 8929
f 8903 8929 8928
f 8903 8929 8930
f 8903 8930 8929
f 8903 8930 8931
f 8903 8931 8930
f 8903 8931 8932
f 8903 8932 8931
f 8903 8932 8933
f 8903 8933 8932
f 8903 8933 8934
f 8903 8934 8933
f 8903 8934 8935
f 8903 8935 8934
f 8903 8935 8936
f 8903 8936 8935
f 8903 8936 8937
f 8903 8937 8936
f 8903 8937 8938
f 8903 8938 8937
f 8903 8938 8939
f 8903 8939 8938
f 8903 8939 8940
f 8903 8940 8939
f 8903 8940 8941
f 8903 8941 8940
f 8903 8941 8942
f 8903 8942 8941
f 8903 8942 8943
f 8903 8943 8942
f 8903 8943 8944
f 8903 8944 8943
f 8903 8944 8945
f 8903 8945 8944
f 8903 8945 8946
f 8903 8946 8945
f 8903 8946 8947
f 8903 8947 8946
f 8903 8947 8948
f 8903 8948 8947
v 0.019846 0.397943 -0.147980
v 0.017728 0.399635 -0.148391
v 0.015639 0.400583 -0.146840
v 0.014411 0.400583 -0.144419
v 0.014395 0.399635 -0.141816
v 0.015979 0.397943 -0.140351
v 0.018097 0.396251 -0.139939
v 0.020187 0.395303 -0.141491
v 0.021414 0.395303 -0.143912
v 0.021430 0.396251 -0.146514
v 0.031291 0.414531 -0.140644
v 0.029851 0.415682 -0.140923
v 0.028430 0.416326 -0.139869
v 0.027596 0.416326 -0.138222
v 0.027585 0.415682 -0.136452
v 0.028662 0.414531 -0.135456
v 0.030102 0.413380 -0.135176
v 0.031523 0.412736 -0.136231
v 0.032358 0.412736 -0.137878
v 0.032369 0.413380 -0.139647
f 8949 8950 8960
f 8949 8960 8959
f 8950 8951 8961
f 8950 8961 8960
f 8951 8952 8962
f 8951 8962 8961
f 8952 8953 8963
f 8952 8963 8962
f 8953 8954 8964
f 8953 8964 8963
f 8954 8955 8965
f 8954 8965 8964
f 8955 8956 8966
f 8955 8966 8965
f 8956 8957 8967
f 8956 8967 8966
f 8957 8958 8968
f 8957 8968 8967
f 8958 8949 8959
f 8958 8959 8968
v 0.029977 0.414531 -0.138050
v 0.030341 0.414199 -0.140863
v 0.030239 0.414263 -0.143831
v 0.029592 0.414791 -0.146980
v 0.028424 0.415760 -0.150301
v 0.026838 0.417084 -0.153761
v 0.024993 0.418629 -0.157307
v 0.023085 0.420227 -0.160873
v 0.021328 0.421697 -0.164389
v 0.019927 0.422865 -0.167788
v 0.019057 0.423581 -0.171010
v 0.018849 0.423735 -0.174014
v 0.019369 0.423271 -0.176776
v 0.020618 0.422187 -0.179296
v 0.022529 0.420542 -0.181597
v 0.024971 0.418445 -0.183722
v 0.027769 0.416046 -0.185730
v 0.030717 0.413519 -0.187687
v 0.033604 0.411045 -0.189665
v 0.036230 0.408791 -0.191729
v 0.038439 0.406893 -0.193932
v 0.040127 0.405436 -0.196306
v 0.041270 0.404443 -0.198862
v 0.041946 0.403846 -0.201572
v 0.041582 0.404178 -0.198759
v 0.041684 0.404114 -0.195791
v 0.042331 0.403586 -0.192642
v 0.043499 0.402617 -0.189321
v 0.045085 0.401292 -0.185861
v 0.046930 0.399747 -0.182315
v 0.048838 0.398150 -0.178749
v 0.050595 0.396680 -0.175233
v 0.051996 0.395512 -0.171834
v 0.052866 0.394796 -0.168612
v 0.053074 0.394641 -0.165608
v 0.052554 0.395106 -0.162847
v 0.051305 0.396190 -0.160326
v 0.049394 0.397835 -0.158025
v 0.046952 0.399932 -0.155900
v 0.044154 0.402331 -0.153893
v 0.041206 0.404858 -0.151935
v 0.038320 0.407332 -0.149957
v 0.035693 0.409586 -0.147893
v 0.033484 0.411484 -0.145691
v 0.031796 0.412941 -0.143316
v 0.030653 0.413934 -0.140760
f 8969 8970 8971
f 8969 8971 8970
f 8969 8971 8972
f 8969 8972 8971
f 8969 8972 8973
f 8969 8973 8972
f 8969 8973 8974
f 8969 8974 8973
f 8969 8974 8975
f 8969 8975 8974
f 8969 8975 8976
f 8969 8976 8975
f 8969 8976 8977
f 8969 8977 8976
f 8969 8977 8978
f 8969 8978 8977
f 8969 8978 8979
f 8969 8979 8978
f 8969 8979 8980
f 8969 8980 8979
f 8969 8980 8981
f 8969 8981 8980
f 8969 8981 8982
f 8969 8982 8981
f 8969 8982 8983
f 8969 8983 8982
f 8969 8983 8984
f 8969 8984 8983
f 8969 8984 8985
f 8969 8985 8984
f 8969 8985 8986
f 8969 8986 8985
f 8969 8986 8987
f 8969 8987 8986
f 8969 8987 8988
f 8969 8988 8987
f 8969 8988 8989
f 8969 8989 8988
f 8969 8989 8990
f 8969 8990 8989
f 8969 8990 8991
f 8969 8991 8990
f 8969 8991 8992
f 8969 8992 8991
f 8969 8992 8993
f 8969 8993 8992
f 8969 8993 8994
f 8969 8994 8993
f 8969 8994 8995
f 8969 8995 8994
f 8969 8995 8996
f 8969 8996 8995
f 8969 8996 8997
f 8969 8997 8996
f 8969 8997 8998
f 8969 8998 8997
f 8969 8998 8999
f 8969 8999 8998
f 8969 8999 9000
f 8969 9000 8999
f 8969 9000 9001
f 8969 9001 9000
f 8969 9001 9002
f 8969 9002 9001
f 8969 9002 9003
f 8969 9003 9002
f 8969 9003 9004
f 8969 9004 9003
f 8969 9004 9005
f 8969 9005 9004
f 8969 9005 9006
f 8969 9006 9005
f 8969 9006 9007
f 8969 9007 9006
f 8969 9007 9008
f 8969 9008 9007
f 8969 9008 9009
f 8969 9009 9008
f 8969 9009 9010
f 8969 9010 9009
f 8969 9010 9011
f 8969 9011 9010
f 8969 9011 9012
f 8969 9012 9011
f 8969 9012 9013
f 8969 9013 9012
f 8969 9013 9014
f 8969 9014 9013
v 0.029784 0.312450 -0.100376
v 0.024666 0.315283 -0.099406
v 0.021539 0.316870 -0.094550
v 0.021185 0.316870 -0.088690
v 0.023704 0.315283 -0.083493
v 0.028669 0.312450 -0.081913
v 0.033787 0.309616 -0.082883
v 0.036914 0.308029 -0.087739
v 0.037268 0.308029 -0.093599
v 0.034749 0.309616 -0.098796
v 0.066481 0.378297 -0.095193
v 0.063000 0.380224 -0.094533
v 0.060874 0.381303 -0.091231
v 0.060633 0.381303 -0.087246
v 0.062346 0.380224 -0.083713
v 0.065722 0.378297 -0.082638
v 0.069203 0.376370 -0.083298
v 0.071329 0.375291 -0.086600
v 0.071570 0.375291 -0.090585
v 0.069857 0.376370 -0.094119
f 9015 9016 9026
f 9015 9026 9025
f 9016 9017 9027
f 9016 9027 9026
f 9017 9018 9028
f 9017 9028 9027
f 9018 9019 9029
f 9018 9029 9028
f 9019 9020 9030
f 9019 9030 9029
f 9020 9021 9031
f 9020 9031 9030
f 9021 9022 9032
f 9021 9032 9031
f 9022 9023 9033
f 9022 9033 9032
f 9023 9024 9034
f 9023 9034 9033
f 9024 9015 9025
f 9024 9025 9034
v 0.066967 0.378297 -0.095144
v 0.066251 0.382189 -0.094367
v 0.065446 0.384368 -0.091022
v 0.064897 0.384368 -0.087068
v 0.064759 0.382189 -0.083630
v 0.065236 0.378297 -0.082687
v 0.065952 0.374405 -0.083464
v 0.066757 0.372226 -0.086809
v 0.067306 0.372226 -0.090764
v 0.067444 0.374405 -0.094201
v 0.105097 0.384295 -0.087815
v 0.104610 0.386941 -0.087286
v 0.104063 0.388423 -0.085011
v 0.103689 0.388423 -0.082323
v 0.103596 0.386941 -0.079985
v 0.103920 0.384295 -0.079344
v 0.104407 0.381649 -0.079872
v 0.104954 0.380167 -0.082147
v 0.105328 0.380167 -0.084836
v 0.105421 0.381649 -0.087173
f 9035 9036 9046
f 9035 9046 9045
f 9036 9037 9047
f 9036 9047 9046
f 9037 9038 9048
f 9037 9048 9047
f 9038 9039 9049
f 9038 9049 9048
f 9039 9040 9050
f 9039 9050 9049
f 9040 9041 9051
f 9040 9051 9050
f 9041 9042 9052
f 9041 9052 9051
f 9042 9043 9053
f 9042 9053 9052
f 9043 9044 9054
f 9043 9054 9053
f 9044 9035 9045
f 9044 9045 9054
v 0.104509 0.384295 -0.083579
v 0.103843 0.384817 -0.085314
v 0.103112 0.385657 -0.086945
v 0.102293 0.386942 -0.088432
v 0.101378 0.388701 -0.089765
v 0.100378 0.390880 -0.090962
v 0.099319 0.393356 -0.092063
v 0.098236 0.395952 -0.093125
v 0.097169 0.398463 -0.094215
v 0.096162 0.400682 -0.095399
v 0.095250 0.402423 -0.096738
v 0.094462 0.403551 -0.098276
v 0.093813 0.403992 -0.100037
v 0.093301 0.403744 -0.102021
v 0.092914 0.402883 -0.104204
v 0.092622 0.401545 -0.106541
v 0.092389 0.399915 -0.108974
v 0.092173 0.398200 -0.111434
v 0.091933 0.396605 -0.113855
v 0.091633 0.395307 -0.116180
v 0.091249 0.394429 -0.118368
v 0.090769 0.394024 -0.120403
v 0.090200 0.394065 -0.122294
v 0.089566 0.394423 -0.124081
v 0.090232 0.393902 -0.122347
v 0.090963 0.393061 -0.120716
v 0.091782 0.391776 -0.119229
v 0.092697 0.390017 -0.117895
v 0.093697 0.387838 -0.116698
v 0.094756 0.385363 -0.115597
v 0.095839 0.382767 -0.114535
v 0.096906 0.380255 -0.113446
v 0.097913 0.378037 -0.112262
v 0.098825 0.376295 -0.110923
v 0.099613 0.375167 -0.109385
v 0.100262 0.374727 -0.107624
v 0.100774 0.374974 -0.105640
v 0.101162 0.375835 -0.103457
v 0.101453 0.377173 -0.101119
v 0.101686 0.378803 -0.098687
v 0.101902 0.380519 -0.096227
v 0.102142 0.382113 -0.093806
v 0.102442 0.383412 -0.091481
v 0.102827 0.384290 -0.089292
v 0.103306 0.384694 -0.087257
v 0.103875 0.384654 -0.085366
f 9055 9056 9057
f 9055 9057 9056
f 9055 9057 9058
f 9055 9058 9057
f 9055 9058 9059
f 9055 9059 9058
f 9055 9059 9060
f 9055 9060 9059
f 9055 9060 9061
f 9055 9061 9060
f 9055 9061 9062
f 9055 9062 9061
f 9055 9062 9063
f 9055 9063 9062
f 9055 9063 9064
f 9055 9064 9063
f 9055 9064 9065
f 9055 9065 9064
f 9055 9065 9066
f 9055 9066 9065
f 9055 9066 9067
f 9055 9067 9066
f 9055 9067 9068
f 9055 9068 9067
f 9055 9068 9069
f 9055 9069 9068
f 9055 9069 9070
f 9055 9070 9069
f 9055 9070 9071
f 9055 9071 9070
f 9055 9071 9072
f 9055 9072 9071
f 9055 9072 9073
f 9055 9073 9072
f 9055 9073 9074
f 9055 9074 9073
f 9055 9074 9075
f 9055 9075 9074
f 9055 9075 9076
f 9055 9076 9075
f 9055 9076 9077
f 9055 9077 9076
f 9055 9077 9078
f 9055 9078 9077
f 9055 9078 9079
f 9055 9079 9078
f 9055 9079 9080
f 9055 9080 9079
f 9055 9080 9081
f 9055 9081 9080
f 9055 9081 9082
f 9055 9082 9081
f 9055 9082 9083
f 9055 9083 9082
f 9055 9083 9084
f 9055 9084 9083
f 9055 9084 9085
f 9055 9085 9084
f 9055 9085 9086
f 9055 9086 9085
f 9055 9086 9087
f 9055 9087 9086
f 9055 9087 9088
f 9055 9088 9087
f 9055 9088 9089
f 9055 9089 9088
f 9055 9089 9090
f 9055 9090 9089
f 9055 9090 9091
f 9055 9091 9090
f 9055 9091 9092
f 9055 9092 9091
f 9055 9092 9093
f 9055 9093 9092
f 9055 9093 9094
f 9055 9094 9093
f 9055 9094 9095
f 9055 9095 9094
f 9055 9095 9096
f 9055 9096 9095
f 9055 9096 9097
f 9055 9097 9096
f 9055 9097 9098
f 9055 9098 9097
f 9055 9098 9099
f 9055 9099 9098
f 9055 9099 9100
f 9055 9100 9099
v 0.104856 0.384295 -0.087841
v 0.106119 0.386628 -0.087146
v 0.106664 0.387934 -0.084765
v 0.106443 0.387934 -0.082059
v 0.105520 0.386628 -0.079799
v 0.104161 0.384295 -0.079317
v 0.102898 0.381962 -0.080012
v 0.102354 0.380656 -0.082393
v 0.102574 0.380656 -0.085099
v 0.103498 0.381962 -0.087360
v 0.125102 0.372780 -0.084817
v 0.125961 0.374366 -0.084344
v 0.126331 0.375255 -0.082725
v 0.126181 0.375255 -0.080885
v 0.125553 0.374366 -0.079348
v 0.124629 0.372780 -0.079020
v 0.123771 0.371194 -0.079493
v 0.123400 0.370305 -0.081112
v 0.123550 0.370305 -0.082952
v 0.124178 0.371194 -0.084489
f 9101 9102 9112
f 9101 9112 9111
f 9102 9103 9113
f 9102 9113 9112
f 9103 9104 9114
f 9103 9114 9113
f 9104 9105 9115
f 9104 9115 9114
f 9105 9106 9116
f 9105 9116 9115
f 9106 9107 9117
f 9106 9117 9116
f 9107 9108 9118
f 9107 9118 9117
f 9108 9109 9119
f 9108 9119 9118
f 9109 9110 9120
f 9109 9120 9119
f 9110 9101 9111
f 9110 9111 9120
v 0.124866 0.372780 -0.081918
v 0.124543 0.373180 -0.083842
v 0.124427 0.373948 -0.085752
v 0.124562 0.375161 -0.087647
v 0.124941 0.376808 -0.089528
v 0.125521 0.378813 -0.091396
v 0.126230 0.381045 -0.093256
v 0.126975 0.383342 -0.095114
v 0.127654 0.385523 -0.096976
v 0.128171 0.387414 -0.098847
v 0.128438 0.388863 -0.100735
v 0.128394 0.389759 -0.102641
v 0.128007 0.390044 -0.104568
v 0.127274 0.389717 -0.106516
v 0.126231 0.388837 -0.108483
v 0.124939 0.387515 -0.110465
v 0.123484 0.385903 -0.112458
v 0.121963 0.384175 -0.114454
v 0.120479 0.382512 -0.116448
v 0.119123 0.381076 -0.118434
v 0.117968 0.379998 -0.120408
v 0.117058 0.379354 -0.122367
v 0.116398 0.379155 -0.124311
v 0.115945 0.379324 -0.126242
v 0.116268 0.378924 -0.124319
v 0.116384 0.378156 -0.122408
v 0.116249 0.376943 -0.120513
v 0.115870 0.375296 -0.118633
v 0.115289 0.373291 -0.116765
v 0.114581 0.371059 -0.114905
v 0.113836 0.368762 -0.113047
v 0.113156 0.366581 -0.111185
v 0.112640 0.364690 -0.109313
v 0.112373 0.363241 -0.107426
v 0.112416 0.362345 -0.105520
v 0.112804 0.362060 -0.103592
v 0.113536 0.362387 -0.101644
v 0.114579 0.363267 -0.099677
v 0.115871 0.364589 -0.097695
v 0.117327 0.366201 -0.095703
v 0.118847 0.367929 -0.093706
v 0.120332 0.369592 -0.091712
v 0.121688 0.371028 -0.089726
v 0.122843 0.372106 -0.087752
v 0.123753 0.372750 -0.085793
v 0.124413 0.372949 -0.083849
f 9121 9122 9123
f 9121 9123 9122
f 9121 9123 9124
f 9121 9124 9123
f 9121 9124 9125
f 9121 9125 9124
f 9121 9125 9126
f 9121 9126 9125
f 9121 9126 9127
f 9121 9127 9126
f 9121 9127 9128
f 9121 9128 9127
f 9121 9128 9129
f 9121 9129 9128
f 9121 9129 9130
f 9121 9130 9129
f 9121 9130 9131
f 9121 9131 9130
f 9121 9131 9132
f 9121 9132 9131
f 9121 9132 9133
f 9121 9133 9132
f 9121 9133 9134
f 9121 9134 9133
f 9121 9134 9135
f 9121 9135 9134
f 9121 9135 9136
f 9121 9136 9135
f 9121 9136 9137
f 9121 9137 9136
f 9121 9137 9138
f 9121 9138 9137
f 9121 9138 9139
f 9121 9139 9138
f 9121 9139 9140
f 9121 9140 9139
f 9121 9140 9141
f 9121 9141 9140
f 9121 9141 9142
f 9121 9142 9141
f 9121 9142 9143
f 9121 9143 9142
f 9121 9143 9144
f 9121 9144 9143
f 9121 9144 9145
f 9121 9145 9144
f 9121 9145 9146
f 9121 9146 9145
f 9121 9146 9147
f 9121 9147 9146
f 9121 9147 9148
f 9121 9148 9147
f 9121 9148 9149
f 9121 9149 9148
f 9121 9149 9150
f 9121 9150 9149
f 9121 9150 9151
f 9121 9151 9150
f 9121 9151 9152
f 9121 9152 9151
f 9121 9152 9153
f 9121 9153 9152
f 9121 9153 9154
f 9121 9154 9153
f 9121 9154 9155
f 9121 9155 9154
f 9121 9155 9156
f 9121 9156 9155
f 9121 9156 9157
f 9121 9157 9156
f 9121 9157 9158
f 9121 9158 9157
f 9121 9158 9159
f 9121 9159 9158
f 9121 9159 9160
f 9121 9160 9159
f 9121 9160 9161
f 9121 9161 9160
f 9121 9161 9162
f 9121 9162 9161
f 9121 9162 9163
f 9121 9163 9162
f 9121 9163 9164
f 9121 9164 9163
f 9121 9164 9165
f 9121 9165 9164
f 9121 9165 9166
f 9121 9166 9165
v 0.101441 0.384295 -0.086559
v 0.100858 0.386550 -0.085111
v 0.101965 0.387812 -0.082909
v 0.103912 0.387812 -0.081017
v 0.106146 0.386550 -0.079975
v 0.107576 0.384295 -0.080599
v 0.108159 0.382040 -0.082047
v 0.107052 0.380777 -0.084250
v 0.105105 0.380777 -0.086141
v 0.102871 0.382040 -0.087183
v 0.115690 0.396493 -0.099262
v 0.115293 0.398026 -0.098278
v 0.116046 0.398885 -0.096780
v 0.117370 0.398885 -0.095494
v 0.118889 0.398026 -0.094785
v 0.119861 0.396493 -0.095210
v 0.120258 0.394959 -0.096194
v 0.119505 0.394101 -0.097692
v 0.118181 0.394101 -0.098978
v 0.116662 0.394959 -0.099687
f 9167 9168 9178
f 9167 9178 9177
f 9168 9169 9179
f 9168 9179 9178
f 9169 9170 9180
f 9169 9180 9179
f 9170 9171 9181
f 9170 9181 9180
f 9171 9172 9182
f 9171 9182 9181
f 9172 9173 9183
f 9172 9183 9182
f 9173 9174 9184
f 9173 9184 9183
f 9174 9175 9185
f 9174 9185 9184
f 9175 9176 9186
f 9175 9186 9185
f 9176 9167 9177
f 9176 9177 9186
v 0.117776 0.396493 -0.097236
v 0.116230 0.395989 -0.098156
v 0.114455 0.395852 -0.098971
v 0.112430 0.396116 -0.099673
v 0.110176 0.396744 -0.100269
v 0.107746 0.397655 -0.100786
v 0.105213 0.398730 -0.101256
v 0.102665 0.399829 -0.101718
v 0.100193 0.400806 -0.102216
v 0.097884 0.401522 -0.102788
v 0.095814 0.401858 -0.103468
v 0.094034 0.401728 -0.104281
v 0.092574 0.401089 -0.105240
v 0.091433 0.399938 -0.106345
v 0.090584 0.398322 -0.107582
v 0.089972 0.396327 -0.108928
v 0.089523 0.394070 -0.110348
v 0.089151 0.391691 -0.111803
v 0.088764 0.389336 -0.113252
v 0.088274 0.387146 -0.114653
v 0.087608 0.385237 -0.115974
v 0.086713 0.383694 -0.117190
v 0.085567 0.382551 -0.118293
v 0.084193 0.381774 -0.119291
v 0.085738 0.382278 -0.118371
v 0.087513 0.382415 -0.117556
v 0.089538 0.382151 -0.116854
v 0.091792 0.381523 -0.116257
v 0.094222 0.380612 -0.115741
v 0.096755 0.379537 -0.115271
v 0.099304 0.378438 -0.114809
v 0.101775 0.377461 -0.114311
v 0.104084 0.376745 -0.113739
v 0.106154 0.376409 -0.113059
v 0.107934 0.376539 -0.112246
v 0.109394 0.377179 -0.111287
v 0.110535 0.378329 -0.110182
v 0.111384 0.379945 -0.108945
v 0.111996 0.381940 -0.107599
v 0.112445 0.384197 -0.106179
v 0.112817 0.386576 -0.104724
v 0.113204 0.388931 -0.103275
v 0.113694 0.391121 -0.101874
v 0.114361 0.393030 -0.100553
v 0.115255 0.394573 -0.099336
v 0.116401 0.395716 -0.098234
f 9187 9188 9189
f 9187 9189 9188
f 9187 9189 9190
f 9187 9190 9189
f 9187 9190 9191
f 9187 9191 9190
f 9187 9191 9192
f 9187 9192 9191
f 9187 9192 9193
f 9187 9193 9192
f 9187 9193 9194
f 9187 9194 9193
f 9187 9194 9195
f 9187 9195 9194
f 9187 9195 9196
f 9187 9196 9195
f 9187 9196 9197
f 9187 9197 9196
f 9187 9197 9198
f 9187 9198 9197
f 9187 9198 9199
f 9187 9199 9198
f 9187 9199 9200
f 9187 9200 9199
f 9187 9200 9201
f 9187 9201 9200
f 9187 9201 9202
f 9187 9202 9201
f 9187 9202 9203
f 9187 9203 9202
f 9187 9203 9204
f 9187 9204 9203
f 9187 9204 9205
f 9187 9205 9204
f 9187 9205 9206
f 9187 9206 9205
f 9187 9206 9207
f 9187 9207 9206
f 9187 9207 9208
f 9187 9208 9207
f 9187 9208 9209
f 9187 9209 9208
f 9187 9209 9210
f 9187 9210 9209
f 9187 9210 9211
f 9187 9211 9210
f 9187 9211 9212
f 9187 9212 9211
f 9187 9212 9213
f 9187 9213 9212
f 9187 9213 9214
f 9187 9214 9213
f 9187 9214 9215
f 9187 9215 9214
f 9187 9215 9216
f 9187 9216 9215
f 9187 9216 9217
f 9187 9217 9216
f 9187 9217 9218
f 9187 9218 9217
f 9187 9218 9219
f 9187 9219 9218
f 9187 9219 9220
f 9187 9220 9219
f 9187 9220 9221
f 9187 9221 9220
f 9187 9221 9222
f 9187 9222 9221
f 9187 9222 9223
f 9187 9223 9222
f 9187 9223 9224
f 9187 9224 9223
f 9187 9224 9225
f 9187 9225 9224
f 9187 9225 9226
f 9187 9226 9225
f 9187 9226 9227
f 9187 9227 9226
f 9187 9227 9228
f 9187 9228 9227
f 9187 9228 9229
f 9187 9229 9228
f 9187 9229 9230
f 9187 9230 9229
f 9187 9230 9231
f 9187 9231 9230
f 9187 9231 9232
f 9187 9232 9231
v 0.107960 0.384295 -0.086104
v 0.106401 0.386248 -0.087234
v 0.103916 0.387342 -0.086687
v 0.101726 0.387342 -0.085084
v 0.100452 0.386248 -0.082881
v 0.101057 0.384295 -0.081054
v 0.102616 0.382342 -0.079924
v 0.105101 0.381248 -0.080471
v 0.107292 0.381248 -0.082074
v 0.108565 0.382342 -0.084277
v 0.116764 0.400038 -0.071753
v 0.115704 0.401366 -0.072521
v 0.114015 0.402110 -0.072150
v 0.112525 0.402110 -0.071060
v 0.111659 0.401366 -0.069562
v 0.112071 0.400038 -0.068319
v 0.113130 0.398710 -0.067551
v 0.114820 0.397966 -0.067922
v 0.116310 0.397966 -0.069012
v 0.117176 0.398710 -0.070510
f 9233 9234 9244
f 9233 9244 9243
f 9234 9235 9245
f 9234 9245 9244
f 9235 9236 9246
f 9235 9246 9245
f 9236 9237 9247
f 9236 9247 9246
f 9237 9238 9248
f 9237 9248 9247
f 9238 9239 9249
f 9238 9249 9248
f 9239 9240 9250
f 9239 9250 9249
f 9240 9241 9251
f 9240 9251 9250
f 9241 9242 9252
f 9241 9252 9251
f 9242 9233 9243
f 9242 9243 9252
v 0.114417 0.400038 -0.070036
v 0.115054 0.400064 -0.072036
v 0.115326 0.400477 -0.074219
v 0.115248 0.401263 -0.076579
v 0.114874 0.402361 -0.079086
v 0.114291 0.403683 -0.081699
v 0.113602 0.405116 -0.084365
v 0.112922 0.406540 -0.087026
v 0.112369 0.407829 -0.089624
v 0.112047 0.408873 -0.092105
v 0.112047 0.409575 -0.094425
v 0.112432 0.409869 -0.096552
v 0.113235 0.409718 -0.098468
v 0.114456 0.409124 -0.100174
v 0.116063 0.408121 -0.101687
v 0.117990 0.406777 -0.103039
v 0.120150 0.405186 -0.104273
v 0.122436 0.403462 -0.105445
v 0.124731 0.401727 -0.106612
v 0.126920 0.400105 -0.107832
v 0.128900 0.398706 -0.109157
v 0.130584 0.397619 -0.110631
v 0.131919 0.396905 -0.112280
v 0.132888 0.396578 -0.114113
v 0.132251 0.396552 -0.112113
v 0.131979 0.396139 -0.109930
v 0.132058 0.395353 -0.107571
v 0.132431 0.394255 -0.105063
v 0.133015 0.392933 -0.102450
v 0.133704 0.391500 -0.099784
v 0.134383 0.390077 -0.097123
v 0.134937 0.388787 -0.094525
v 0.135258 0.387743 -0.092044
v 0.135258 0.387041 -0.089724
v 0.134873 0.386747 -0.087597
v 0.134070 0.386898 -0.085681
v 0.132849 0.387492 -0.083975
v 0.131243 0.388495 -0.082462
v 0.129315 0.389839 -0.081110
v 0.127155 0.391430 -0.079876
v 0.124870 0.393154 -0.078704
v 0.122575 0.394889 -0.077537
v 0.120385 0.396511 -0.076317
v 0.118406 0.397910 -0.074992
v 0.116721 0.398997 -0.073518
v 0.115387 0.399711 -0.071869
f 9253 9254 9255
f 9253 9255 9254
f 9253 9255 9256
f 9253 9256 9255
f 9253 9256 9257
f 9253 9257 9256
f 9253 9257 9258
f 9253 9258 9257
f 9253 9258 9259
f 9253 9259 9258
f 9253 9259 9260
f 9253 9260 9259
f 9253 9260 9261
f 9253 9261 9260
f 9253 9261 9262
f 9253 9262 9261
f 9253 9262 9263
f 9253 9263 9262
f 9253 9263 9264
f 9253 9264 9263
f 9253 9264 9265
f 9253 9265 9264
f 9253 9265 9266
f 9253 9266 9265
f 9253 9266 9267
f 9253 9267 9266
f 9253 9267 9268
f 9253 9268 9267
f 9253 9268 9269
f 9253 9269 9268
f 9253 9269 9270
f 9253 9270 9269
f 9253 9270 9271
f 9253 9271 9270
f 9253 9271 9272
f 9253 9272 9271
f 9253 9272 9273
f 9253 9273 9272
f 9253 9273 9274
f 9253 9274 9273
f 9253 9274 9275
f 9253 9275 9274
f 9253 9275 9276
f 9253 9276 9275
f 9253 9276 9277
f 9253 9277 9276
f 9253 9277 9278
f 9253 9278 9277
f 9253 9278 9279
f 9253 9279 9278
f 9253 9279 9280
f 9253 9280 9279
f 9253 9280 9281
f 9253 9281 9280
f 9253 9281 9282
f 9253 9282 9281
f 9253 9282 9283
f 9253 9283 9282
f 9253 9283 9284
f 9253 9284 9283
f 9253 9284 9285
f 9253 9285 9284
f 9253 9285 9286
f 9253 9286 9285
f 9253 9286 9287
f 9253 9287 9286
f 9253 9287 9288
f 9253 9288 9287
f 9253 9288 9289
f 9253 9289 9288
f 9253 9289 9290
f 9253 9290 9289
f 9253 9290 9291
f 9253 9291 9290
f 9253 9291 9292
f 9253 9292 9291
f 9253 9292 9293
f 9253 9293 9292
f 9253 9293 9294
f 9253 9294 9293
f 9253 9294 9295
f 9253 9295 9294
f 9253 9295 9296
f 9253 9296 9295
f 9253 9296 9297
f 9253 9297 9296
f 9253 9297 9298
f 9253 9298 9297
v 0.114417 0.400038 -0.070036
v 0.112109 0.399624 -0.069938
v 0.109840 0.398853 -0.069454
v 0.107617 0.397671 -0.068525
v 0.105436 0.396100 -0.067175
v 0.103289 0.394219 -0.065490
v 0.101163 0.392149 -0.063599
v 0.099042 0.390036 -0.061663
v 0.096908 0.388038 -0.059852
v 0.094745 0.386309 -0.058331
v 0.092537 0.384979 -0.057242
v 0.090276 0.384143 -0.056687
v 0.087954 0.383851 -0.056720
v 0.085573 0.384103 -0.057343
v 0.083137 0.384849 -0.058500
v 0.080657 0.385994 -0.060088
v 0.078148 0.387407 -0.061967
v 0.075625 0.388936 -0.063971
v 0.073108 0.390422 -0.065929
v 0.070612 0.391719 -0.067681
v 0.068149 0.392705 -0.069099
v 0.065730 0.393303 -0.070095
v 0.063355 0.393490 -0.070647
v 0.061020 0.393320 -0.070812
v 0.063328 0.393734 -0.070910
v 0.065597 0.394504 -0.071395
v 0.067821 0.395686 -0.072324
v 0.070002 0.397257 -0.073673
v 0.072149 0.399138 -0.075358
v 0.074274 0.401209 -0.077249
v 0.076395 0.403322 -0.079185
v 0.078529 0.405319 -0.080996
v 0.080693 0.407048 -0.082517
v 0.082900 0.408378 -0.083607
v 0.085162 0.409215 -0.084162
v 0.087483 0.409507 -0.084128
v 0.089865 0.409255 -0.083505
v 0.092301 0.408509 -0.082349
v 0.094781 0.407364 -0.080760
v 0.097290 0.405951 -0.078882
v 0.099812 0.404422 -0.076878
v 0.102329 0.402935 -0.074920
v 0.104826 0.401639 -0.073167
v 0.107288 0.400652 -0.071750
v 0.109708 0.400054 -0.070753
v 0.112082 0.399868 -0.070202
f 9299 9300 9301
f 9299 9301 9300
f 9299 9301 9302
f 9299 9302 9301
f 9299 9302 9303
f 9299 9303 9302
f 9299 9303 9304
f 9299 9304 9303
f 9299 9304 9305
f 9299 9305 9304
f 9299 9305 9306
f 9299 9306 9305
f 9299 9306 9307
f 9299 9307 9306
f 9299 9307 9308
f 9299 9308 9307
f 9299 9308 9309
f 9299 9309 9308
f 9299 9309 9310
f 9299 9310 9309
f 9299 9310 9311
f 9299 9311 9310
f 9299 9311 9312
f 9299 9312 9311
f 9299 9312 9313
f 9299 9313 9312
f 9299 9313 9314
f 9299 9314 9313
f 9299 9314 9315
f 9299 9315 9314
f 9299 9315 9316
f 9299 9316 9315
f 9299 9316 9317
f 9299 9317 9316
f 9299 9317 9318
f 9299 9318 9317
f 9299 9318 9319
f 9299 9319 9318
f 9299 9319 9320
f 9299 9320 9319
f 9299 9320 9321
f 9299 9321 9320
f 9299 9321 9322
f 9299 9322 9321
f 9299 9322 9323
f 9299 9323 9322
f 9299 9323 9324
f 9299 9324 9323
f 9299 9324 9325
f 9299 9325 9324
f 9299 9325 9326
f 9299 9326 9325
f 9299 9326 9327
f 9299 9327 9326
f 9299 9327 9328
f 9299 9328 9327
f 9299 9328 9329
f 9299 9329 9328
f 9299 9329 9330
f 9299 9330 9329
f 9299 9330 9331
f 9299 9331 9330
f 9299 9331 9332
f 9299 9332 9331
f 9299 9332 9333
f 9299 9333 9332
f 9299 9333 9334
f 9299 9334 9333
f 9299 9334 9335
f 9299 9335 9334
f 9299 9335 9336
f 9299 9336 9335
f 9299 9336 9337
f 9299 9337 9336
f 9299 9337 9338
f 9299 9338 9337
f 9299 9338 9339
f 9299 9339 9338
f 9299 9339 9340
f 9299 9340 9339
f 9299 9340 9341
f 9299 9341 9340
f 9299 9341 9342
f 9299 9342 9341
f 9299 9342 9343
f 9299 9343 9342
f 9299 9343 9344
f 9299 9344 9343
v 0.059916 0.378297 -0.087784
v 0.061254 0.381173 -0.085293
v 0.064893 0.382783 -0.084427
v 0.068820 0.382783 -0.085146
v 0.071917 0.381173 -0.087244
v 0.072287 0.378297 -0.090047
v 0.070949 0.375422 -0.092538
v 0.067310 0.373812 -0.093404
v 0.063383 0.373812 -0.092685
v 0.060286 0.375422 -0.090587
v 0.056647 0.405585 -0.116831
v 0.057557 0.407540 -0.115137
v 0.060032 0.408635 -0.114548
v 0.062702 0.408635 -0.115037
v 0.064808 0.407540 -0.116464
v 0.065060 0.405585 -0.118370
v 0.064149 0.403630 -0.120063
v 0.061675 0.402535 -0.120652
v 0.059004 0.402535 -0.120164
v 0.056898 0.403630 -0.118737
f 9345 9346 9356
f 9345 9356 9355
f 9346 9347 9357
f 9346 9357 9356
f 9347 9348 9358
f 9347 9358 9357
f 9348 9349 9359
f 9348 9359 9358
f 9349 9350 9360
f 9349 9360 9359
f 9350 9351 9361
f 9350 9361 9360
f 9351 9352 9362
f 9351 9362 9361
f 9352 9353 9363
f 9352 9363 9362
f 9353 9354 9364
f 9353 9364 9363
f 9354 9345 9355
f 9354 9355 9364
v 0.060853 0.405585 -0.117600
v 0.059066 0.405040 -0.117019
v 0.057217 0.404863 -0.116077
v 0.055309 0.405043 -0.114783
v 0.053350 0.405528 -0.113191
v 0.051354 0.406231 -0.111384
v 0.049339 0.407047 -0.109466
v 0.047325 0.407857 -0.107555
v 0.045333 0.408540 -0.105767
v 0.043380 0.408987 -0.104212
v 0.041482 0.409105 -0.102980
v 0.039650 0.408828 -0.102136
v 0.037890 0.408120 -0.101715
v 0.036202 0.406982 -0.101716
v 0.034580 0.405448 -0.102105
v 0.033013 0.403585 -0.102818
v 0.031485 0.401486 -0.103763
v 0.029979 0.399261 -0.104832
v 0.028473 0.397029 -0.105906
v 0.026949 0.394910 -0.106871
v 0.025389 0.393009 -0.107620
v 0.023777 0.391413 -0.108071
v 0.022106 0.390175 -0.108170
v 0.020373 0.389304 -0.107909
v 0.022160 0.389849 -0.108491
v 0.024009 0.390027 -0.109433
v 0.025917 0.389846 -0.110726
v 0.027876 0.389362 -0.112318
v 0.029872 0.388658 -0.114126
v 0.031887 0.387842 -0.116043
v 0.033901 0.387033 -0.117954
v 0.035893 0.386349 -0.119742
v 0.037846 0.385902 -0.121297
v 0.039744 0.385784 -0.122529
v 0.041576 0.386062 -0.123373
v 0.043336 0.386770 -0.123795
v 0.045024 0.387908 -0.123794
v 0.046646 0.389441 -0.123404
v 0.048213 0.391304 -0.122692
v 0.049741 0.393403 -0.121747
v 0.051247 0.395629 -0.120678
v 0.052753 0.397860 -0.119603
v 0.054277 0.399980 -0.118639
v 0.055838 0.401880 -0.117889
v 0.057449 0.403476 -0.117438
v 0.059120 0.404714 -0.117339
f 9365 9366 9367
f 9365 9367 9366
f 9365 9367 9368
f 9365 9368 9367
f 9365 9368 9369
f 9365 9369 9368
f 9365 9369 9370
f 9365 9370 9369
f 9365 9370 9371
f 9365 9371 9370
f 9365 9371 9372
f 9365 9372 9371
f 9365 9372 9373
f 9365 9373 9372
f 9365 9373 9374
f 9365 9374 9373
f 9365 9374 9375
f 9365 9375 9374
f 9365 9375 9376
f 9365 9376 9375
f 9365 9376 9377
f 9365 9377 9376
f 9365 9377 9378
f 9365 9378 9377
f 9365 9378 9379
f 9365 9379 9378
f 9365 9379 9380
f 9365 9380 9379
f 9365 9380 9381
f 9365 9381 9380
f 9365 9381 9382
f 9365 9382 9381
f 9365 9382 9383
f 9365 9383 9382
f 9365 9383 9384
f 9365 9384 9383
f 9365 9384 9385
f 9365 9385 9384
f 9365 9385 9386
f 9365 9386 9385
f 9365 9386 9387
f 9365 9387 9386
f 9365 9387 9388
f 9365 9388 9387
f 9365 9388 9389
f 9365 9389 9388
f 9365 9389 9390
f 9365 9390 9389
f 9365 9390 9391
f 9365 9391 9390
f 9365 9391 9392
f 9365 9392 9391
f 9365 9392 9393
f 9365 9393 9392
f 9365 9393 9394
f 9365 9394 9393
f 9365 9394 9395
f 9365 9395 9394
f 9365 9395 9396
f 9365 9396 9395
f 9365 9396 9397
f 9365 9397 9396
f 9365 9397 9398
f 9365 9398 9397
f 9365 9398 9399
f 9365 9399 9398
f 9365 9399 9400
f 9365 9400 9399
f 9365 9400 9401
f 9365 9401 9400
f 9365 9401 9402
f 9365 9402 9401
f 9365 9402 9403
f 9365 9403 9402
f 9365 9403 9404
f 9365 9404 9403
f 9365 9404 9405
f 9365 9405 9404
f 9365 9405 9406
f 9365 9406 9405
f 9365 9406 9407
f 9365 9407 9406
f 9365 9407 9408
f 9365 9408 9407
f 9365 9408 9409
f 9365 9409 9408
f 9365 9409 9410
f 9365 9410 9409
v 0.056761 0.405585 -0.116360
v 0.057297 0.408261 -0.116626
v 0.059509 0.409760 -0.117354
v 0.062108 0.409760 -0.118141
v 0.064352 0.408261 -0.118764
v 0.064946 0.405585 -0.118840
v 0.064409 0.402909 -0.118574
v 0.062197 0.401410 -0.117846
v 0.059599 0.401410 -0.117059
v 0.057354 0.402909 -0.116437
v 0.051773 0.404782 -0.137544
v 0.052137 0.406602 -0.137725
v 0.053642 0.407621 -0.138220
v 0.055408 0.407621 -0.138755
v 0.056935 0.406602 -0.139178
v 0.057338 0.404782 -0.139230
v 0.056974 0.402962 -0.139050
v 0.055469 0.401943 -0.138555
v 0.053703 0.401943 -0.138019
v 0.052176 0.402962 -0.137596
f 9411 9412 9422
f 9411 9422 9421
f 9412 9413 9423
f 9412 9423 9422
f 9413 9414 9424
f 9413 9424 9423
f 9414 9415 9425
f 9414 9425 9424
f 9415 9416 9426
f 9415 9426 9425
f 9416 9417 9427
f 9416 9427 9426
f 9417 9418 9428
f 9417 9428 9427
f 9418 9419 9429
f 9418 9429 9428
f 9419 9420 9430
f 9419 9430 9429
f 9420 9411 9421
f 9420 9421 9430
v 0.054556 0.404782 -0.138387
v 0.052915 0.404716 -0.136885
v 0.051184 0.405195 -0.135377
v 0.049359 0.406244 -0.133863
v 0.047451 0.407802 -0.132342
v 0.045480 0.409742 -0.130818
v 0.043473 0.411897 -0.129291
v 0.041463 0.414070 -0.127763
v 0.039484 0.416060 -0.126238
v 0.037566 0.417676 -0.124717
v 0.035736 0.418757 -0.123202
v 0.034013 0.419187 -0.121695
v 0.032408 0.418905 -0.120195
v 0.030920 0.417913 -0.118704
v 0.029539 0.416269 -0.117220
v 0.028246 0.414090 -0.115741
v 0.027015 0.411538 -0.114267
v 0.025814 0.408802 -0.112796
v 0.024609 0.406084 -0.111323
v 0.023370 0.403581 -0.109849
v 0.022068 0.401461 -0.108370
v 0.020682 0.399848 -0.106886
v 0.019201 0.398807 -0.105395
v 0.017631 0.398310 -0.103897
v 0.019272 0.398376 -0.105399
v 0.021003 0.397897 -0.106908
v 0.022828 0.396848 -0.108422
v 0.024736 0.395290 -0.109942
v 0.026707 0.393350 -0.111467
v 0.028714 0.391195 -0.112994
v 0.030724 0.389022 -0.114521
v 0.032703 0.387032 -0.116047
v 0.034621 0.385416 -0.117567
v 0.036451 0.384335 -0.119082
v 0.038174 0.383905 -0.120590
v 0.039779 0.384187 -0.122090
v 0.041267 0.385179 -0.123581
v 0.042648 0.386823 -0.125065
v 0.043941 0.389002 -0.126543
v 0.045172 0.391554 -0.128017
v 0.046373 0.394290 -0.129489
v 0.047578 0.397008 -0.130961
v 0.048817 0.399511 -0.132436
v 0.050119 0.401631 -0.133915
v 0.051505 0.403244 -0.135399
v 0.052986 0.404285 -0.136890
f 9431 9432 9433
f 9431 9433 9432
f 9431 9433 9434
f 9431 9434 9433
f 9431 9434 9435
f 9431 9435 9434
f 9431 9435 9436
f 9431 9436 9435
f 9431 9436 9437
f 9431 9437 9436
f 9431 9437 9438
f 9431 9438 9437
f 9431 9438 9439
f 9431 9439 9438
f 9431 9439 9440
f 9431 9440 9439
f 9431 9440 9441
f 9431 9441 9440
f 9431 9441 9442
f 9431 9442 9441
f 9431 9442 9443
f 9431 9443 9442
f 9431 9443 9444
f 9431 9444 9443
f 9431 9444 9445
f 9431 9445 9444
f 9431 9445 9446
f 9431 9446 9445
f 9431 9446 9447
f 9431 9447 9446
f 9431 9447 9448
f 9431 9448 9447
f 9431 9448 9449
f 9431 9449 9448
f 9431 9449 9450
f 9431 9450 9449
f 9431 9450 9451
f 9431 9451 9450
f 9431 9451 9452
f 9431 9452 9451
f 9431 9452 9453
f 9431 9453 9452
f 9431 9453 9454
f 9431 9454 9453
f 9431 9454 9455
f 9431 9455 9454
f 9431 9455 9456
f 9431 9456 9455
f 9431 9456 9457
f 9431 9457 9456
f 9431 9457 9458
f 9431 9458 9457
f 9431 9458 9459
f 9431 9459 9458
f 9431 9459 9460
f 9431 9460 9459
f 9431 9460 9461
f 9431 9461 9460
f 9431 9461 9462
f 9431 9462 9461
f 9431 9462 9463
f 9431 9463 9462
f 9431 9463 9464
f 9431 9464 9463
f 9431 9464 9465
f 9431 9465 9464
f 9431 9465 9466
f 9431 9466 9465
f 9431 9466 9467
f 9431 9467 9466
f 9431 9467 9468
f 9431 9468 9467
f 9431 9468 9469
f 9431 9469 9468
f 9431 9469 9470
f 9431 9470 9469
f 9431 9470 9471
f 9431 9471 9470
f 9431 9471 9472
f 9431 9472 9471
f 9431 9472 9473
f 9431 9473 9472
f 9431 9473 9474
f 9431 9474 9473
f 9431 9474 9475
f 9431 9475 9474
f 9431 9475 9476
f 9431 9476 9475
v 0.060555 0.405585 -0.113334
v 0.062615 0.407339 -0.113782
v 0.063908 0.408321 -0.116026
v 0.064097 0.408321 -0.118734
v 0.063129 0.407339 -0.121136
v 0.061152 0.405585 -0.121866
v 0.059092 0.403831 -0.121418
v 0.057799 0.402849 -0.119175
v 0.057609 0.402849 -0.116467
v 0.058577 0.403831 -0.114065
v 0.045581 0.423015 -0.115754
v 0.046982 0.424207 -0.116059
v 0.047861 0.424875 -0.117584
v 0.047990 0.424875 -0.119426
v 0.047332 0.424207 -0.121059
v 0.045987 0.423015 -0.121556
v 0.044587 0.421822 -0.121251
v 0.043707 0.421154 -0.119726
v 0.043579 0.421154 -0.117884
v 0.044237 0.421822 -0.116251
f 9477 9478 9488
f 9477 9488 9487
f 9478 9479 9489
f 9478 9489 9488
f 9479 9480 9490
f 9479 9490 9489
f 9480 9481 9491
f 9480 9491 9490
f 9481 9482 9492
f 9481 9492 9491
f 9482 9483 9493
f 9482 9493 9492
f 9483 9484 9494
f 9483 9494 9493
f 9484 9485 9495
f 9484 9495 9494
f 9485 9486 9496
f 9485 9496 9495
f 9486 9477 9487
f 9486 9487 9496
v 0.045784 0.423015 -0.118655
v 0.045775 0.422185 -0.116426
v 0.046137 0.421685 -0.114031
v 0.046934 0.421574 -0.111442
v 0.048147 0.421833 -0.108668
v 0.049695 0.422391 -0.105744
v 0.051451 0.423134 -0.102727
v 0.053258 0.423923 -0.099688
v 0.054945 0.424605 -0.096701
v 0.056349 0.425035 -0.093841
v 0.057328 0.425086 -0.091171
v 0.057779 0.424665 -0.088737
v 0.057646 0.423725 -0.086563
v 0.056931 0.422266 -0.084649
v 0.055688 0.420335 -0.082971
v 0.054019 0.418025 -0.081483
v 0.052067 0.415463 -0.080121
v 0.049996 0.412794 -0.078812
v 0.047975 0.410170 -0.077481
v 0.046163 0.407732 -0.076057
v 0.044685 0.405593 -0.074483
v 0.043624 0.403824 -0.072724
v 0.042997 0.402444 -0.070770
v 0.042742 0.401394 -0.068651
v 0.042751 0.402224 -0.070880
v 0.042389 0.402724 -0.073275
v 0.041592 0.402835 -0.075864
v 0.040379 0.402576 -0.078638
v 0.038832 0.402018 -0.081562
v 0.037076 0.401275 -0.084579
v 0.035269 0.400486 -0.087619
v 0.033581 0.399803 -0.090605
v 0.032177 0.399374 -0.093465
v 0.031198 0.399323 -0.096135
v 0.030747 0.399743 -0.098569
v 0.030880 0.400683 -0.100743
v 0.031595 0.402143 -0.102657
v 0.032838 0.404074 -0.104335
v 0.034507 0.406384 -0.105824
v 0.036459 0.408946 -0.107185
v 0.038531 0.411615 -0.108494
v 0.040551 0.414239 -0.109825
v 0.042364 0.416677 -0.111249
v 0.043841 0.418816 -0.112823
v 0.044902 0.420584 -0.114582
v 0.045529 0.421965 -0.116536
f 9497 9498 9499
f 9497 9499 9498
f 9497 9499 9500
f 9497 9500 9499
f 9497 9500 9501
f 9497 9501 9500
f 9497 9501 9502
f 9497 9502 9501
f 9497 9502 9503
f 9497 9503 9502
f 9497 9503 9504
f 9497 9504 9503
f 9497 9504 9505
f 9497 9505 9504
f 9497 9505 9506
f 9497 9506 9505
f 9497 9506 9507
f 9497 9507 9506
f 9497 9507 9508
f 9497 9508 9507
f 9497 9508 9509
f 9497 9509 9508
f 9497 9509 9510
f 9497 9510 9509
f 9497 9510 9511
f 9497 9511 9510
f 9497 9511 9512
f 9497 9512 9511
f 9497 9512 9513
f 9497 9513 9512
f 9497 9513 9514
f 9497 9514 9513
f 9497 9514 9515
f 9497 9515 9514
f 9497 9515 9516
f 9497 9516 9515
f 9497 9516 9517
f 9497 9517 9516
f 9497 9517 9518
f 9497 9518 9517
f 9497 9518 9519
f 9497 9519 9518
f 9497 9519 9520
f 9497 9520 9519
f 9497 9520 9521
f 9497 9521 9520
f 9497 9521 9522
f 9497 9522 9521
f 9497 9522 9523
f 9497 9523 9522
f 9497 9523 9524
f 9497 9524 9523
f 9497 9524 9525
f 9497 9525 9524
f 9497 9525 9526
f 9497 9526 9525
f 9497 9526 9527
f 9497 9527 9526
f 9497 9527 9528
f 9497 9528 9527
f 9497 9528 9529
f 9497 9529 9528
f 9497 9529 9530
f 9497 9530 9529
f 9497 9530 9531
f 9497 9531 9530
f 9497 9531 9532
f 9497 9532 9531
f 9497 9532 9533
f 9497 9533 9532
f 9497 9533 9534
f 9497 9534 9533
f 9497 9534 9535
f 9497 9535 9534
f 9497 9535 9536
f 9497 9536 9535
f 9497 9536 9537
f 9497 9537 9536
f 9497 9537 9538
f 9497 9538 9537
f 9497 9538 9539
f 9497 9539 9538
f 9497 9539 9540
f 9497 9540 9539
f 9497 9540 9541
f 9497 9541 9540
f 9497 9541 9542
f 9497 9542 9541
v 0.045784 0.423015 -0.118655
v 0.047188 0.422293 -0.120668
v 0.048145 0.421169 -0.122935
v 0.048647 0.419637 -0.125462
v 0.048753 0.417748 -0.128216
v 0.048565 0.415595 -0.131137
v 0.048217 0.413298 -0.134149
v 0.047865 0.410997 -0.137164
v 0.047664 0.408832 -0.140093
v 0.047761 0.406936 -0.142851
v 0.048281 0.405419 -0.145368
v 0.049312 0.404362 -0.147594
v 0.050900 0.403806 -0.149501
v 0.053046 0.403752 -0.151090
v 0.055703 0.404157 -0.152387
v 0.058782 0.404941 -0.153443
v 0.062160 0.405994 -0.154329
v 0.065690 0.407183 -0.155128
v 0.069214 0.408368 -0.155931
v 0.072579 0.409409 -0.156824
v 0.075650 0.410186 -0.157885
v 0.078324 0.410607 -0.159172
v 0.080544 0.410618 -0.160719
v 0.082317 0.410229 -0.162521
v 0.080914 0.410951 -0.160508
v 0.079957 0.412075 -0.158240
v 0.079454 0.413607 -0.155713
v 0.079349 0.415496 -0.152960
v 0.079537 0.417649 -0.150039
v 0.079884 0.419945 -0.147027
v 0.080237 0.422247 -0.144011
v 0.080438 0.424411 -0.141083
v 0.080341 0.426308 -0.138325
v 0.079821 0.427824 -0.135808
v 0.078790 0.428882 -0.133582
v 0.077202 0.429438 -0.131675
v 0.075056 0.429492 -0.130086
v 0.072399 0.429087 -0.128789
v 0.069319 0.428303 -0.127732
v 0.065942 0.427250 -0.126847
v 0.062412 0.426060 -0.126047
v 0.058888 0.424876 -0.125245
v 0.055523 0.423835 -0.124352
v 0.052452 0.423057 -0.123291
v 0.049778 0.422637 -0.122003
v 0.047558 0.422625 -0.120457
f 9543 9544 9545
f 9543 9545 9544
f 9543 9545 9546
f 9543 9546 9545
f 9543 9546 9547
f 9543 9547 9546
f 9543 9547 9548
f 9543 9548 9547
f 9543 9548 9549
f 9543 9549 9548
f 9543 9549 9550
f 9543 9550 9549
f 9543 9550 9551
f 9543 9551 9550
f 9543 9551 9552
f 9543 9552 9551
f 9543 9552 9553
f 9543 9553 9552
f 9543 9553 9554
f 9543 9554 9553
f 9543 9554 9555
f 9543 9555 9554
f 9543 9555 9556
f 9543 9556 9555
f 9543 9556 9557
f 9543 9557 9556
f 9543 9557 9558
f 9543 9558 9557
f 9543 9558 9559
f 9543 9559 9558
f 9543 9559 9560
f 9543 9560 9559
f 9543 9560 9561
f 9543 9561 9560
f 9543 9561 9562
f 9543 9562 9561
f 9543 9562 9563
f 9543 9563 9562
f 9543 9563 9564
f 9543 9564 9563
f 9543 9564 9565
f 9543 9565 9564
f 9543 9565 9566
f 9543 9566 9565
f 9543 9566 9567
f 9543 9567 9566
f 9543 9567 9568
f 9543 9568 9567
f 9543 9568 9569
f 9543 9569 9568
f 9543 9569 9570
f 9543 9570 9569
f 9543 9570 9571
f 9543 9571 9570
f 9543 9571 9572
f 9543 9572 9571
f 9543 9572 9573
f 9543 9573 9572
f 9543 9573 9574
f 9543 9574 9573
f 9543 9574 9575
f 9543 9575 9574
f 9543 9575 9576
f 9543 9576 9575
f 9543 9576 9577
f 9543 9577 9576
f 9543 9577 9578
f 9543 9578 9577
f 9543 9578 9579
f 9543 9579 9578
f 9543 9579 9580
f 9543 9580 9579
f 9543 9580 9581
f 9543 9581 9580
f 9543 9581 9582
f 9543 9582 9581
f 9543 9582 9583
f 9543 9583 9582
f 9543 9583 9584
f 9543 9584 9583
f 9543 9584 9585
f 9543 9585 9584
f 9543 9585 9586
f 9543 9586 9585
f 9543 9586 9587
f 9543 9587 9586
f 9543 9587 9588
f 9543 9588 9587
v 0.058671 0.405585 -0.121278
v 0.057436 0.407580 -0.119858
v 0.057764 0.408697 -0.117345
v 0.059150 0.408697 -0.115011
v 0.061198 0.407580 -0.113519
v 0.063036 0.405585 -0.113923
v 0.064270 0.403590 -0.115342
v 0.063942 0.402473 -0.117855
v 0.062557 0.402473 -0.120190
v 0.060508 0.403590 -0.121681
v 0.075018 0.421876 -0.129388
v 0.074179 0.423233 -0.128423
v 0.074402 0.423993 -0.126714
v 0.075344 0.423993 -0.125127
v 0.076737 0.423233 -0.124112
v 0.077986 0.421876 -0.124387
v 0.078826 0.420519 -0.125352
v 0.078603 0.419760 -0.127061
v 0.077661 0.419760 -0.128648
v 0.076268 0.420519 -0.129663
f 9589 9590 9600
f 9589 9600 9599
f 9590 9591 9601
f 9590 9601 9600
f 9591 9592 9602
f 9591 9602 9601
f 9592 9593 9603
f 9592 9603 9602
f 9593 9594 9604
f 9593 9604 9603
f 9594 9595 9605
f 9594 9605 9604
f 9595 9596 9606
f 9595 9606 9605
f 9596 9597 9607
f 9596 9607 9606
f 9597 9598 9608
f 9597 9608 9607
f 9598 9589 9599
f 9598 9599 9608
v 0.076502 0.421876 -0.126887
v 0.074591 0.421636 -0.129164
v 0.072189 0.421991 -0.131222
v 0.069319 0.422917 -0.133070
v 0.066054 0.424320 -0.134742
v 0.062511 0.426064 -0.136290
v 0.058827 0.427976 -0.137776
v 0.055158 0.429872 -0.139267
v 0.051658 0.431562 -0.140835
v 0.048469 0.432874 -0.142541
v 0.045710 0.433664 -0.144439
v 0.043466 0.433829 -0.146567
v 0.041780 0.433314 -0.148944
v 0.040653 0.432121 -0.151570
v 0.040040 0.430303 -0.154426
v 0.039857 0.427962 -0.157474
v 0.039986 0.425244 -0.160661
v 0.040283 0.422320 -0.163923
v 0.040595 0.419378 -0.167192
v 0.040767 0.416607 -0.170398
v 0.040660 0.414174 -0.173480
v 0.040159 0.412220 -0.176386
v 0.039189 0.410836 -0.179083
v 0.037728 0.410048 -0.181560
v 0.039639 0.410289 -0.179284
v 0.042041 0.409934 -0.177226
v 0.044912 0.409008 -0.175378
v 0.048176 0.407604 -0.173705
v 0.051720 0.405861 -0.172158
v 0.055403 0.403948 -0.170672
v 0.059072 0.402053 -0.169180
v 0.062572 0.400363 -0.167613
v 0.065761 0.399051 -0.165907
v 0.068520 0.398261 -0.164009
v 0.070765 0.398096 -0.161881
v 0.072451 0.398610 -0.159504
v 0.073578 0.399804 -0.156878
v 0.074190 0.401622 -0.154021
v 0.074373 0.403962 -0.150973
v 0.074245 0.406681 -0.147787
v 0.073947 0.409605 -0.144524
v 0.073636 0.412546 -0.141256
v 0.073463 0.415318 -0.138049
v 0.073571 0.417750 -0.134968
v 0.074072 0.419704 -0.132062
v 0.075042 0.421088 -0.129365
f 9609 9610 9611
f 9609 9611 9610
f 9609 9611 9612
f 9609 9612 9611
f 9609 9612 9613
f 9609 9613 9612
f 9609 9613 9614
f 9609 9614 9613
f 9609 9614 9615
f 9609 9615 9614
f 9609 9615 9616
f 9609 9616 9615
f 9609 9616 9617
f 9609 9617 9616
f 9609 9617 9618
f 9609 9618 9617
f 9609 9618 9619
f 9609 9619 9618
f 9609 9619 9620
f 9609 9620 9619
f 9609 9620 9621
f 9609 9621 9620
f 9609 9621 9622
f 9609 9622 9621
f 9609 9622 9623
f 9609 9623 9622
f 9609 9623 9624
f 9609 9624 9623
f 9609 9624 9625
f 9609 9625 9624
f 9609 9625 9626
f 9609 9626 9625
f 9609 9626 9627
f 9609 9627 9626
f 9609 9627 9628
f 9609 9628 9627
f 9609 9628 9629
f 9609 9629 9628
f 9609 9629 9630
f 9609 9630 9629
f 9609 9630 9631
f 9609 9631 9630
f 9609 9631 9632
f 9609 9632 9631
f 9609 9632 9633
f 9609 9633 9632
f 9609 9633 9634
f 9609 9634 9633
f 9609 9634 9635
f 9609 9635 9634
f 9609 9635 9636
f 9609 9636 9635
f 9609 9636 9637
f 9609 9637 9636
f 9609 9637 9638
f 9609 9638 9637
f 9609 9638 9639
f 9609 9639 9638
f 9609 9639 9640
f 9609 9640 9639
f 9609 9640 9641
f 9609 9641 9640
f 9609 9641 9642
f 9609 9642 9641
f 9609 9642 9643
f 9609 9643 9642
f 9609 9643 9644
f 9609 9644 9643
f 9609 9644 9645
f 9609 9645 9644
f 9609 9645 9646
f 9609 9646 9645
f 9609 9646 9647
f 9609 9647 9646
f 9609 9647 9648
f 9609 9648 9647
f 9609 9648 9649
f 9609 9649 9648
f 9609 9649 9650
f 9609 9650 9649
f 9609 9650 9651
f 9609 9651 9650
f 9609 9651 9652
f 9609 9652 9651
f 9609 9652 9653
f 9609 9653 9652
f 9609 9653 9654
f 9609 9654 9653
v 0.072325 0.378297 -0.088014
v 0.071913 0.380704 -0.091223
v 0.068774 0.382052 -0.093441
v 0.064823 0.382052 -0.094014
v 0.061184 0.380704 -0.092778
v 0.059878 0.378297 -0.089818
v 0.060290 0.375890 -0.086608
v 0.063429 0.374542 -0.084390
v 0.067380 0.374542 -0.083817
v 0.071019 0.375890 -0.085054
v 0.066956 0.408795 -0.064995
v 0.066675 0.410432 -0.067177
v 0.064541 0.411349 -0.068686
v 0.061855 0.411349 -0.069075
v 0.059380 0.410432 -0.068234
v 0.058492 0.408795 -0.066222
v 0.058772 0.407159 -0.064039
v 0.060906 0.406242 -0.062531
v 0.063593 0.406242 -0.062141
v 0.066067 0.407159 -0.062982
f 9655 9656 9666
f 9655 9666 9665
f 9656 9657 9667
f 9656 9667 9666
f 9657 9658 9668
f 9657 9668 9667
f 9658 9659 9669
f 9658 9669 9668
f 9659 9660 9670
f 9659 9670 9669
f 9660 9661 9671
f 9660 9671 9670
f 9661 9662 9672
f 9661 9672 9671
f 9662 9663 9673
f 9662 9673 9672
f 9663 9664 9674
f 9663 9674 9673
f 9664 9655 9665
f 9664 9665 9674
v 0.062724 0.408795 -0.065608
v 0.065064 0.408418 -0.066031
v 0.067398 0.408156 -0.066608
v 0.069716 0.408156 -0.067528
v 0.072012 0.408535 -0.068947
v 0.074282 0.409343 -0.070932
v 0.076529 0.410542 -0.073432
v 0.078761 0.412002 -0.076277
v 0.080989 0.413523 -0.079200
v 0.083228 0.414862 -0.081884
v 0.085491 0.415783 -0.084018
v 0.087791 0.416099 -0.085355
v 0.090132 0.415706 -0.085759
v 0.092516 0.414605 -0.085229
v 0.094935 0.412898 -0.083901
v 0.097379 0.410774 -0.082024
v 0.099833 0.408468 -0.079908
v 0.102284 0.406221 -0.077870
v 0.104720 0.404237 -0.076177
v 0.107133 0.402643 -0.074998
v 0.109520 0.401479 -0.074386
v 0.111884 0.400694 -0.074272
v 0.114233 0.400170 -0.074503
v 0.116576 0.399762 -0.074887
v 0.114235 0.400140 -0.074464
v 0.111902 0.400402 -0.073887
v 0.109583 0.400402 -0.072967
v 0.107288 0.400023 -0.071548
v 0.105017 0.399215 -0.069563
v 0.102770 0.398016 -0.067063
v 0.100538 0.396555 -0.064218
v 0.098310 0.395035 -0.061295
v 0.096071 0.393696 -0.058611
v 0.093808 0.392775 -0.056477
v 0.091508 0.392459 -0.055139
v 0.089167 0.392851 -0.054736
v 0.086784 0.393953 -0.055266
v 0.084364 0.395660 -0.056594
v 0.081921 0.397784 -0.058471
v 0.079466 0.400090 -0.060587
v 0.077015 0.402336 -0.062625
v 0.074579 0.404321 -0.064318
v 0.072167 0.405914 -0.065496
v 0.069780 0.407079 -0.066109
v 0.067415 0.407864 -0.066222
v 0.065066 0.408388 -0.065992
f 9675 9676 9677
f 9675 9677 9676
f 9675 9677 9678
f 9675 9678 9677
f 9675 9678 9679
f 9675 9679 9678
f 9675 9679 9680
f 9675 9680 9679
f 9675 9680 9681
f 9675 9681 9680
f 9675 9681 9682
f 9675 9682 9681
f 9675 9682 9683
f 9675 9683 9682
f 9675 9683 9684
f 9675 9684 9683
f 9675 9684 9685
f 9675 9685 9684
f 9675 9685 9686
f 9675 9686 9685
f 9675 9686 9687
f 9675 9687 9686
f 9675 9687 9688
f 9675 9688 9687
f 9675 9688 9689
f 9675 9689 9688
f 9675 9689 9690
f 9675 9690 9689
f 9675 9690 9691
f 9675 9691 9690
f 9675 9691 9692
f 9675 9692 9691
f 9675 9692 9693
f 9675 9693 9692
f 9675 9693 9694
f 9675 9694 9693
f 9675 9694 9695
f 9675 9695 9694
f 9675 9695 9696
f 9675 9696 9695
f 9675 9696 9697
f 9675 9697 9696
f 9675 9697 9698
f 9675 9698 9697
f 9675 9698 9699
f 9675 9699 9698
f 9675 9699 9700
f 9675 9700 9699
f 9675 9700 9701
f 9675 9701 9700
f 9675 9701 9702
f 9675 9702 9701
f 9675 9702 9703
f 9675 9703 9702
f 9675 9703 9704
f 9675 9704 9703
f 9675 9704 9705
f 9675 9705 9704
f 9675 9705 9706
f 9675 9706 9705
f 9675 9706 9707
f 9675 9707 9706
f 9675 9707 9708
f 9675 9708 9707
f 9675 9708 9709
f 9675 9709 9708
f 9675 9709 9710
f 9675 9710 9709
f 9675 9710 9711
f 9675 9711 9710
f 9675 9711 9712
f 9675 9712 9711
f 9675 9712 9713
f 9675 9713 9712
f 9675 9713 9714
f 9675 9714 9713
f 9675 9714 9715
f 9675 9715 9714
f 9675 9715 9716
f 9675 9716 9715
f 9675 9716 9717
f 9675 9717 9716
f 9675 9717 9718
f 9675 9718 9717
f 9675 9718 9719
f 9675 9719 9718
f 9675 9719 9720
f 9675 9720 9719
v 0.066840 0.408795 -0.064449
v 0.066520 0.411311 -0.065493
v 0.064418 0.412720 -0.066618
v 0.061805 0.412720 -0.067354
v 0.059424 0.411311 -0.067490
v 0.058607 0.408795 -0.066767
v 0.058927 0.406280 -0.065724
v 0.061029 0.404871 -0.064598
v 0.063642 0.404871 -0.063863
v 0.066023 0.406280 -0.063726
v 0.060019 0.416201 -0.045270
v 0.059802 0.417912 -0.045979
v 0.058372 0.418870 -0.046745
v 0.056596 0.418870 -0.047245
v 0.054977 0.417912 -0.047338
v 0.054421 0.416201 -0.046846
v 0.054639 0.414491 -0.046137
v 0.056068 0.413533 -0.045371
v 0.057845 0.413533 -0.044871
v 0.059464 0.414491 -0.044779
f 9721 9722 9732
f 9721 9732 9731
f 9722 9723 9733
f 9722 9733 9732
f 9723 9724 9734
f 9723 9734 9733
f 9724 9725 9735
f 9724 9735 9734
f 9725 9726 9736
f 9725 9736 9735
f 9726 9727 9737
f 9726 9737 9736
f 9727 9728 9738
f 9727 9738 9737
f 9728 9729 9739
f 9728 9739 9738
f 9729 9730 9740
f 9729 9740 9739
f 9730 9721 9731
f 9730 9731 9740
v 0.057220 0.416201 -0.046058
v 0.060175 0.415724 -0.045915
v 0.063177 0.415492 -0.045853
v 0.066279 0.415785 -0.045961
v 0.069521 0.416816 -0.046309
v 0.072918 0.418664 -0.046922
v 0.076454 0.421239 -0.047773
v 0.080080 0.424287 -0.048777
v 0.083722 0.427421 -0.049809
v 0.087295 0.430191 -0.050723
v 0.090715 0.432160 -0.051376
v 0.093918 0.432984 -0.051656
v 0.096867 0.432473 -0.051503
v 0.099561 0.430627 -0.050915
v 0.102039 0.427636 -0.049955
v 0.104363 0.423844 -0.048734
v 0.106619 0.419689 -0.047395
v 0.108891 0.415620 -0.046084
v 0.111253 0.412022 -0.044927
v 0.113753 0.409153 -0.044006
v 0.116408 0.407100 -0.043351
v 0.119204 0.405785 -0.042936
v 0.122100 0.404995 -0.042692
v 0.125043 0.404451 -0.042527
v 0.122087 0.404928 -0.042670
v 0.119086 0.405160 -0.042733
v 0.115984 0.404867 -0.042625
v 0.112742 0.403836 -0.042277
v 0.109344 0.401988 -0.041663
v 0.105809 0.399413 -0.040812
v 0.102183 0.396366 -0.039809
v 0.098541 0.393232 -0.038776
v 0.094968 0.390462 -0.037863
v 0.091548 0.388492 -0.037210
v 0.088345 0.387668 -0.036929
v 0.085396 0.388179 -0.037082
v 0.082701 0.390025 -0.037670
v 0.080224 0.393016 -0.038630
v 0.077900 0.396808 -0.039851
v 0.075644 0.400964 -0.041190
v 0.073372 0.405033 -0.042501
v 0.071010 0.408630 -0.043659
v 0.068510 0.411500 -0.044579
v 0.065854 0.413553 -0.045234
v 0.063058 0.414867 -0.045649
v 0.060163 0.415657 -0.045894
f 9741 9742 9743
f 9741 9743 9742
f 9741 9743 9744
f 9741 9744 9743
f 9741 9744 9745
f 9741 9745 9744
f 9741 9745 9746
f 9741 9746 9745
f 9741 9746 9747
f 9741 9747 9746
f 9741 9747 9748
f 9741 9748 9747
f 9741 9748 9749
f 9741 9749 9748
f 9741 9749 9750
f 9741 9750 9749
f 9741 9750 9751
f 9741 9751 9750
f 9741 9751 9752
f 9741 9752 9751
f 9741 9752 9753
f 9741 9753 9752
f 9741 9753 9754
f 9741 9754 9753
f 9741 9754 9755
f 9741 9755 9754
f 9741 9755 9756
f 9741 9756 9755
f 9741 9756 9757
f 9741 9757 9756
f 9741 9757 9758
f 9741 9758 9757
f 9741 9758 9759
f 9741 9759 9758
f 9741 9759 9760
f 9741 9760 9759
f 9741 9760 9761
f 9741 9761 9760
f 9741 9761 9762
f 9741 9762 9761
f 9741 9762 9763
f 9741 9763 9762
f 9741 9763 9764
f 9741 9764 9763
f 9741 9764 9765
f 9741 9765 9764
f 9741 9765 9766
f 9741 9766 9765
f 9741 9766 9767
f 9741 9767 9766
f 9741 9767 9768
f 9741 9768 9767
f 9741 9768 9769
f 9741 9769 9768
f 9741 9769 9770
f 9741 9770 9769
f 9741 9770 9771
f 9741 9771 9770
f 9741 9771 9772
f 9741 9772 9771
f 9741 9772 9773
f 9741 9773 9772
f 9741 9773 9774
f 9741 9774 9773
f 9741 9774 9775
f 9741 9775 9774
f 9741 9775 9776
f 9741 9776 9775
f 9741 9776 9777
f 9741 9777 9776
f 9741 9777 9778
f 9741 9778 9777
f 9741 9778 9779
f 9741 9779 9778
f 9741 9779 9780
f 9741 9780 9779
f 9741 9780 9781
f 9741 9781 9780
f 9741 9781 9782
f 9741 9782 9781
f 9741 9782 9783
f 9741 9783 9782
f 9741 9783 9784
f 9741 9784 9783
f 9741 9784 9785
f 9741 9785 9784
f 9741 9785 9786
f 9741 9786 9785
v 0.057220 0.416201 -0.046058
v 0.055082 0.415198 -0.047233
v 0.052991 0.413975 -0.048311
v 0.050995 0.412297 -0.049191
v 0.049131 0.409991 -0.049795
v 0.047412 0.407000 -0.050098
v 0.045819 0.403407 -0.050139
v 0.044307 0.399433 -0.050012
v 0.042807 0.395400 -0.049860
v 0.041241 0.391682 -0.049845
v 0.039532 0.388639 -0.050126
v 0.037622 0.386554 -0.050827
v 0.035478 0.385582 -0.052015
v 0.033099 0.385722 -0.053691
v 0.030518 0.386821 -0.055787
v 0.027795 0.388594 -0.058178
v 0.025006 0.390683 -0.060707
v 0.022229 0.392712 -0.063211
v 0.019533 0.394360 -0.065547
v 0.016963 0.395407 -0.067620
v 0.014538 0.395768 -0.069393
v 0.012245 0.395502 -0.070891
v 0.010048 0.394780 -0.072189
v 0.007896 0.393839 -0.073391
v 0.010034 0.394843 -0.072216
v 0.012126 0.396065 -0.071137
v 0.014122 0.397744 -0.070258
v 0.015986 0.400050 -0.069654
v 0.017705 0.403041 -0.069350
v 0.019298 0.406633 -0.069310
v 0.020810 0.410608 -0.069437
v 0.022310 0.414641 -0.069589
v 0.023876 0.418359 -0.069604
v 0.025585 0.421402 -0.069323
v 0.027495 0.423487 -0.068622
v 0.029639 0.424459 -0.067433
v 0.032018 0.424318 -0.065757
v 0.034599 0.423220 -0.063662
v 0.037321 0.421447 -0.061271
v 0.040111 0.419358 -0.058741
v 0.042887 0.417328 -0.056238
v 0.045584 0.415680 -0.053902
v 0.048153 0.414634 -0.051829
v 0.050579 0.414272 -0.050056
v 0.052872 0.414539 -0.048558
v 0.055069 0.415260 -0.047260
f 9787 9788 9789
f 9787 9789 9788
f 9787 9789 9790
f 9787 9790 9789
f 9787 9790 9791
f 9787 9791 9790
f 9787 9791 9792
f 9787 9792 9791
f 9787 9792 9793
f 9787 9793 9792
f 9787 9793 9794
f 9787 9794 9793
f 9787 9794 9795
f 9787 9795 9794
f 9787 9795 9796
f 9787 9796 9795
f 9787 9796 9797
f 9787 9797 9796
f 9787 9797 9798
f 9787 9798 9797
f 9787 9798 9799
f 9787 9799 9798
f 9787 9799 9800
f 9787 9800 9799
f 9787 9800 9801
f 9787 9801 9800
f 9787 9801 9802
f 9787 9802 9801
f 9787 9802 9803
f 9787 9803 9802
f 9787 9803 9804
f 9787 9804 9803
f 9787 9804 9805
f 9787 9805 9804
f 9787 9805 9806
f 9787 9806 9805
f 9787 9806 9807
f 9787 9807 9806
f 9787 9807 9808
f 9787 9808 9807
f 9787 9808 9809
f 9787 9809 9808
f 9787 9809 9810
f 9787 9810 9809
f 9787 9810 9811
f 9787 9811 9810
f 9787 9811 9812
f 9787 9812 9811
f 9787 9812 9813
f 9787 9813 9812
f 9787 9813 9814
f 9787 9814 9813
f 9787 9814 9815
f 9787 9815 9814
f 9787 9815 9816
f 9787 9816 9815
f 9787 9816 9817
f 9787 9817 9816
f 9787 9817 9818
f 9787 9818 9817
f 9787 9818 9819
f 9787 9819 9818
f 9787 9819 9820
f 9787 9820 9819
f 9787 9820 9821
f 9787 9821 9820
f 9787 9821 9822
f 9787 9822 9821
f 9787 9822 9823
f 9787 9823 9822
f 9787 9823 9824
f 9787 9824 9823
f 9787 9824 9825
f 9787 9825 9824
f 9787 9825 9826
f 9787 9826 9825
f 9787 9826 9827
f 9787 9827 9826
f 9787 9827 9828
f 9787 9828 9827
f 9787 9828 9829
f 9787 9829 9828
f 9787 9829 9830
f 9787 9830 9829
f 9787 9830 9831
f 9787 9831 9830
f 9787 9831 9832
f 9787 9832 9831
v 0.062669 0.408795 -0.069884
v 0.060450 0.410282 -0.069265
v 0.059232 0.411115 -0.066921
v 0.059267 0.411115 -0.064207
v 0.060544 0.410282 -0.061894
v 0.062778 0.408795 -0.061332
v 0.064998 0.407309 -0.061951
v 0.066215 0.406476 -0.064295
v 0.066180 0.406476 -0.067010
v 0.064904 0.407309 -0.069322
v 0.074215 0.426065 -0.068663
v 0.072706 0.427076 -0.068242
v 0.071878 0.427642 -0.066648
v 0.071901 0.427642 -0.064802
v 0.072770 0.427076 -0.063230
v 0.074289 0.426065 -0.062847
v 0.075798 0.425054 -0.063268
v 0.076626 0.424488 -0.064862
v 0.076603 0.424488 -0.066708
v 0.075734 0.425054 -0.068280
f 9833 9834 9844
f 9833 9844 9843
f 9834 9835 9845
f 9834 9845 9844
f 9835 9836 9846
f 9835 9846 9845
f 9836 9837 9847
f 9836 9847 9846
f 9837 9838 9848
f 9837 9848 9847
f 9838 9839 9849
f 9838 9849 9848
f 9839 9840 9850
f 9839 9850 9849
f 9840 9841 9851
f 9840 9851 9850
f 9841 9842 9852
f 9841 9852 9851
f 9842 9833 9843
f 9842 9843 9852
v 0.074252 0.426065 -0.065755
v 0.074667 0.425104 -0.068061
v 0.074923 0.424248 -0.070443
v 0.074824 0.423627 -0.072991
v 0.074214 0.423346 -0.075781
v 0.073024 0.423449 -0.078843
v 0.071309 0.423901 -0.082153
v 0.069243 0.424586 -0.085628
v 0.067099 0.425322 -0.089140
v 0.065201 0.425896 -0.092536
v 0.063867 0.426095 -0.095667
v 0.063347 0.425754 -0.098413
v 0.063783 0.424779 -0.100710
v 0.065172 0.423170 -0.102558
v 0.067377 0.421021 -0.104021
v 0.070146 0.418498 -0.105218
v 0.073160 0.415812 -0.106300
v 0.076097 0.413177 -0.107419
v 0.078682 0.410775 -0.108702
v 0.080742 0.408722 -0.110234
v 0.082223 0.407054 -0.112038
v 0.083192 0.405725 -0.114083
v 0.083806 0.404631 -0.116296
v 0.084262 0.403642 -0.118583
v 0.083847 0.404604 -0.116277
v 0.083591 0.405460 -0.113895
v 0.083690 0.406080 -0.111347
v 0.084300 0.406361 -0.108557
v 0.085490 0.406258 -0.105495
v 0.087205 0.405806 -0.102185
v 0.089271 0.405121 -0.098710
v 0.091415 0.404385 -0.095198
v 0.093313 0.403812 -0.091802
v 0.094647 0.403612 -0.088671
v 0.095167 0.403954 -0.085925
v 0.094731 0.404929 -0.083628
v 0.093342 0.406537 -0.081780
v 0.091137 0.408686 -0.080317
v 0.088368 0.411209 -0.079120
v 0.085354 0.413896 -0.078038
v 0.082417 0.416530 -0.076920
v 0.079832 0.418932 -0.075636
v 0.077772 0.420985 -0.074104
v 0.076291 0.422654 -0.072300
v 0.075322 0.423983 -0.070255
v 0.074708 0.425077 -0.068042
f 9853 9854 9855
f 9853 9855 9854
f 9853 9855 9856
f 9853 9856 9855
f 9853 9856 9857
f 9853 9857 9856
f 9853 9857 9858
f 9853 9858 9857
f 9853 9858 9859
f 9853 9859 9858
f 9853 9859 9860
f 9853 9860 9859
f 9853 9860 9861
f 9853 9861 9860
f 9853 9861 9862
f 9853 9862 9861
f 9853 9862 9863
f 9853 9863 9862
f 9853 9863 9864
f 9853 9864 9863
f 9853 9864 9865
f 9853 9865 9864
f 9853 9865 9866
f 9853 9866 9865
f 9853 9866 9867
f 9853 9867 9866
f 9853 9867 9868
f 9853 9868 9867
f 9853 9868 9869
f 9853 9869 9868
f 9853 9869 9870
f 9853 9870 9869
f 9853 9870 9871
f 9853 9871 9870
f 9853 9871 9872
f 9853 9872 9871
f 9853 9872 9873
f 9853 9873 9872
f 9853 9873 9874
f 9853 9874 9873
f 9853 9874 9875
f 9853 9875 9874
f 9853 9875 9876
f 9853 9876 9875
f 9853 9876 9877
f 9853 9877 9876
f 9853 9877 9878
f 9853 9878 9877
f 9853 9878 9879
f 9853 9879 9878
f 9853 9879 9880
f 9853 9880 9879
f 9853 9880 9881
f 9853 9881 9880
f 9853 9881 9882
f 9853 9882 9881
f 9853 9882 9883
f 9853 9883 9882
f 9853 9883 9884
f 9853 9884 9883
f 9853 9884 9885
f 9853 9885 9884
f 9853 9885 9886
f 9853 9886 9885
f 9853 9886 9887
f 9853 9887 9886
f 9853 9887 9888
f 9853 9888 9887
f 9853 9888 9889
f 9853 9889 9888
f 9853 9889 9890
f 9853 9890 9889
f 9853 9890 9891
f 9853 9891 9890
f 9853 9891 9892
f 9853 9892 9891
f 9853 9892 9893
f 9853 9893 9892
f 9853 9893 9894
f 9853 9894 9893
f 9853 9894 9895
f 9853 9895 9894
f 9853 9895 9896
f 9853 9896 9895
f 9853 9896 9897
f 9853 9897 9896
f 9853 9897 9898
f 9853 9898 9897
v 0.064182 0.408795 -0.061588
v 0.066049 0.410321 -0.062894
v 0.066414 0.411175 -0.065503
v 0.065489 0.411175 -0.068055
v 0.063536 0.410321 -0.069824
v 0.061266 0.408795 -0.069628
v 0.059398 0.407270 -0.068323
v 0.059033 0.406416 -0.065713
v 0.059959 0.406416 -0.063161
v 0.061911 0.407270 -0.061393
v 0.051702 0.427233 -0.058517
v 0.052972 0.428270 -0.059405
v 0.053220 0.428851 -0.061179
v 0.052591 0.428851 -0.062915
v 0.051263 0.428270 -0.064117
v 0.049719 0.427233 -0.063985
v 0.048449 0.426196 -0.063097
v 0.048201 0.425615 -0.061323
v 0.048831 0.425615 -0.059587
v 0.050159 0.426196 -0.058385
f 9899 9900 9910
f 9899 9910 9909
f 9900 9901 9911
f 9900 9911 9910
f 9901 9902 9912
f 9901 9912 9911
f 9902 9903 9913
f 9902 9913 9912
f 9903 9904 9914
f 9903 9914 9913
f 9904 9905 9915
f 9904 9915 9914
f 9905 9906 9916
f 9905 9916 9915
f 9906 9907 9917
f 9906 9917 9916
f 9907 9908 9918
f 9907 9918 9917
f 9908 9899 9909
f 9908 9909 9918
v 0.050711 0.427233 -0.061251
v 0.052435 0.426839 -0.059831
v 0.054391 0.426643 -0.058615
v 0.056691 0.426743 -0.057702
v 0.059371 0.427170 -0.057123
v 0.062401 0.427897 -0.056852
v 0.065686 0.428844 -0.056807
v 0.069087 0.429890 -0.056862
v 0.072434 0.430890 -0.056871
v 0.075554 0.431695 -0.056679
v 0.078289 0.432170 -0.056150
v 0.080524 0.432213 -0.055179
v 0.082194 0.431773 -0.053712
v 0.083301 0.430847 -0.051748
v 0.083906 0.429490 -0.049343
v 0.084128 0.427804 -0.046600
v 0.084122 0.425922 -0.043657
v 0.084062 0.423994 -0.040667
v 0.084118 0.422165 -0.037778
v 0.084430 0.420556 -0.035115
v 0.085090 0.419247 -0.032759
v 0.086132 0.418265 -0.030738
v 0.087517 0.417579 -0.029019
v 0.089134 0.417091 -0.027505
v 0.087409 0.417486 -0.028924
v 0.085453 0.417682 -0.030140
v 0.083154 0.417582 -0.031054
v 0.080473 0.417155 -0.031632
v 0.077444 0.416428 -0.031903
v 0.074158 0.415481 -0.031949
v 0.070758 0.414434 -0.031893
v 0.067411 0.413434 -0.031885
v 0.064291 0.412630 -0.032076
v 0.061555 0.412155 -0.032606
v 0.059321 0.412111 -0.033577
v 0.057650 0.412552 -0.035044
v 0.056544 0.413478 -0.037008
v 0.055938 0.414834 -0.039413
v 0.055717 0.416521 -0.042155
v 0.055723 0.418403 -0.045099
v 0.055782 0.420331 -0.048089
v 0.055727 0.422160 -0.050977
v 0.055415 0.423769 -0.053641
v 0.054754 0.425078 -0.055997
v 0.053713 0.426059 -0.058018
v 0.052327 0.426746 -0.059736
f 9919 9920 9921
f 9919 9921 9920
f 9919 9921 9922
f 9919 9922 9921
f 9919 9922 9923
f 9919 9923 9922
f 9919 9923 9924
f 9919 9924 9923
f 9919 9924 9925
f 9919 9925 9924
f 9919 9925 9926
f 9919 9926 9925
f 9919 9926 9927
f 9919 9927 9926
f 9919 9927 9928
f 9919 9928 9927
f 9919 9928 9929
f 9919 9929 9928
f 9919 9929 9930
f 9919 9930 9929
f 9919 9930 9931
f 9919 9931 9930
f 9919 9931 9932
f 9919 9932 9931
f 9919 9932 9933
f 9919 9933 9932
f 9919 9933 9934
f 9919 9934 9933
f 9919 9934 9935
f 9919 9935 9934
f 9919 9935 9936
f 9919 9936 9935
f 9919 9936 9937
f 9919 9937 9936
f 9919 9937 9938
f 9919 9938 9937
f 9919 9938 9939
f 9919 9939 9938
f 9919 9939 9940
f 9919 9940 9939
f 9919 9940 9941
f 9919 9941 9940
f 9919 9941 9942
f 9919 9942 9941
f 9919 9942 9943
f 9919 9943 9942
f 9919 9943 9944
f 9919 9944 9943
f 9919 9944 9945
f 9919 9945 9944
f 9919 9945 9946
f 9919 9946 9945
f 9919 9946 9947
f 9919 9947 9946
f 9919 9947 9948
f 9919 9948 9947
f 9919 9948 9949
f 9919 9949 9948
f 9919 9949 9950
f 9919 9950 9949
f 9919 9950 9951
f 9919 9951 9950
f 9919 9951 9952
f 9919 9952 9951
f 9919 9952 9953
f 9919 9953 9952
f 9919 9953 9954
f 9919 9954 9953
f 9919 9954 9955
f 9919 9955 9954
f 9919 9955 9956
f 9919 9956 9955
f 9919 9956 9957
f 9919 9957 9956
f 9919 9957 9958
f 9919 9958 9957
f 9919 9958 9959
f 9919 9959 9958
f 9919 9959 9960
f 9919 9960 9959
f 9919 9960 9961
f 9919 9961 9960
f 9919 9961 9962
f 9919 9962 9961
f 9919 9962 9963
f 9919 9963 9962
f 9919 9963 9964
f 9919 9964 9963
v 0.050711 0.427233 -0.061251
v 0.049612 0.425764 -0.063489
v 0.047948 0.423829 -0.065316
v 0.045798 0.421495 -0.066792
v 0.043268 0.418848 -0.067991
v 0.040489 0.415995 -0.069010
v 0.037606 0.413058 -0.069954
v 0.034773 0.410161 -0.070933
v 0.032137 0.407427 -0.072055
v 0.029832 0.404965 -0.073418
v 0.027968 0.402865 -0.075100
v 0.026621 0.401192 -0.077159
v 0.025833 0.399978 -0.079622
v 0.025604 0.399224 -0.082490
v 0.025892 0.398896 -0.085734
v 0.026621 0.398931 -0.089297
v 0.027681 0.399238 -0.093101
v 0.028938 0.399708 -0.097048
v 0.030245 0.400218 -0.101031
v 0.031448 0.400643 -0.104938
v 0.032402 0.400863 -0.108665
v 0.032976 0.400770 -0.112116
v 0.033064 0.400278 -0.115215
v 0.032586 0.399320 -0.117903
v 0.033685 0.400789 -0.115665
v 0.035349 0.402723 -0.113838
v 0.037499 0.405058 -0.112362
v 0.040029 0.407705 -0.111163
v 0.042808 0.410557 -0.110144
v 0.045691 0.413495 -0.109201
v 0.048524 0.416392 -0.108221
v 0.051160 0.419126 -0.107099
v 0.053465 0.421588 -0.105736
v 0.055329 0.423688 -0.104054
v 0.056676 0.425361 -0.101995
v 0.057464 0.426574 -0.099532
v 0.057694 0.427328 -0.096664
v 0.057405 0.427656 -0.093420
v 0.056676 0.427622 -0.089857
v 0.055616 0.427314 -0.086053
v 0.054359 0.426845 -0.082106
v 0.053052 0.426334 -0.078124
v 0.051849 0.425909 -0.074216
v 0.050895 0.425690 -0.070489
v 0.050321 0.425782 -0.067038
v 0.050233 0.426275 -0.063939
f 9965 9966 9967
f 9965 9967 9966
f 9965 9967 9968
f 9965 9968 9967
f 9965 9968 9969
f 9965 9969 9968
f 9965 9969 9970
f 9965 9970 9969
f 9965 9970 9971
f 9965 9971 9970
f 9965 9971 9972
f 9965 9972 9971
f 9965 9972 9973
f 9965 9973 9972
f 9965 9973 9974
f 9965 9974 9973
f 9965 9974 9975
f 9965 9975 9974
f 9965 9975 9976
f 9965 9976 9975
f 9965 9976 9977
f 9965 9977 9976
f 9965 9977 9978
f 9965 9978 9977
f 9965 9978 9979
f 9965 9979 9978
f 9965 9979 9980
f 9965 9980 9979
f 9965 9980 9981
f 9965 9981 9980
f 9965 9981 9982
f 9965 9982 9981
f 9965 9982 9983
f 9965 9983 9982
f 9965 9983 9984
f 9965 9984 9983
f 9965 9984 9985
f 9965 9985 9984
f 9965 9985 9986
f 9965 9986 9985
f 9965 9986 9987
f 9965 9987 9986
f 9965 9987 9988
f 9965 9988 9987
f 9965 9988 9989
f 9965 9989 9988
f 9965 9989 9990
f 9965 9990 9989
f 9965 9990 9991
f 9965 9991 9990
f 9965 9991 9992
f 9965 9992 9991
f 9965 9992 9993
f 9965 9993 9992
f 9965 9993 9994
f 9965 9994 9993
f 9965 9994 9995
f 9965 9995 9994
f 9965 9995 9996
f 9965 9996 9995
f 9965 9996 9997
f 9965 9997 9996
f 9965 9997 9998
f 9965 9998 9997
f 9965 9998 9999
f 9965 9999 9998
f 9965 9999 10000
f 9965 10000 9999
f 9965 10000 10001
f 9965 10001 10000
f 9965 10001 10002
f 9965 10002 10001
f 9965 10002 10003
f 9965 10003 10002
f 9965 10003 10004
f 9965 10004 10003
f 9965 10004 10005
f 9965 10005 10004
f 9965 10005 10006
f 9965 10006 10005
f 9965 10006 10007
f 9965 10007 10006
f 9965 10007 10008
f 9965 10008 10007
f 9965 10008 10009
f 9965 10009 10008
f 9965 10009 10010
f 9965 10010 10009
